Score,Label
0.9949774,1
0.004225339,1
0.9999218,1
0.9947602,1
0.999992,1
0.9683264,1
0.9999858,1
4.982783e-05,1
0.9755968,1
0.9861701,1
0.9260902,1
0.9845573,1
1.45144e-08,1
0.999998,1
0.9931999,1
0.9845573,1
6.862066e-07,0
3.782788e-05,0
0.0002221211,0
2.700301e-05,0
2.705934e-06,0
4.936782e-06,0
0.0001812518,0
0.9999021,0
0.999983,0
3.09952e-06,0
0.0002274229,0
0.01809893,0
8.532729e-05,0
0.283004,0
0.0003568488,0
6.447872e-08,0
1.072936e-07,0
3.667561e-05,0
5.11944e-07,0
3.542169e-09,0
4.741282e-07,0
6.064117e-05,0
2.027014e-05,0
0.001741158,0
0.0002274229,0
3.089902e-08,0
2.705934e-06,0
0.0002221211,0
3.77844e-06,0
5.950056e-09,0
2.705934e-06,0
0.283004,0
