Score,Label
0.8505751,1
0.9999999,1
1,1
0.813647,0
3.325449e-08,0
5.636767e-08,0
1,0
7.852848e-07,0
7.852848e-07,0
