Score,Label
0.9990626,1
0.8947763,1
0.9896696,1
0.9490596,1
0.8681141,1
0.9998156,1
0.9992206,1
0.9363246,1
0.9999011,1
0.5896608,1
0.9978426,1
0.9999528,1
0.9999663,1
0.9999669,1
0.9990626,1
0.9996636,1
0.9973284,1
0.9993415,1
0.9996636,1
0.9973284,1
0.9993415,1
0.9991671,1
0.9992206,1
0.9999949,1
0.9996859,1
0.9997855,1
0.9953192,1
0.9999949,1
0.9996859,1
0.9992206,1
0.9987037,1
0.9992206,1
0.6671407,1
0.9999859,1
6.511681e-07,0
9.038273e-10,0
0.001157152,0
6.511681e-07,0
2.514342e-10,0
0.9869801,0
0.0004287378,0
6.546744e-05,0
7.992299e-10,0
6.24145e-12,0
1.020089e-06,0
6.511681e-07,0
8.976429e-09,0
1.523061e-09,0
4.086278e-08,0
4.372172e-11,0
0.09505268,0
6.021744e-09,0
1.355592e-10,0
9.038273e-10,0
1.658267e-08,0
6.021744e-09,0
8.976429e-09,0
1.004613e-08,0
1.113963e-10,0
6.021744e-09,0
2.007166e-08,0
6.021744e-09,0
0.1116269,0
2.803702e-08,0
3.113257e-08,0
0.3329505,0
6.511681e-07,0
0.9940557,0
6.021744e-09,0
6.021744e-09,0
9.429583e-07,0
6.021744e-09,0
6.511681e-07,0
6.021744e-09,0
3.99093e-10,0
6.021744e-09,0
4.80582e-08,0
6.021744e-09,0
1.161953e-08,0
2.514342e-10,0
0.999755,0
6.511681e-07,0
2.398084e-05,0
1.222072e-12,0
8.049428e-09,0
6.807761e-09,0
0.9999884,0
6.511681e-07,0
1.953344e-10,0
5.439775e-10,0
1.916887e-09,0
6.511681e-07,0
4.726542e-08,0
1.020089e-06,0
6.021744e-09,0
3.062523e-09,0
0.001023496,0
6.021744e-09,0
6.511681e-07,0
8.922663e-12,0
6.021744e-09,0
1.020089e-06,0
