Score,Label
4.892927e-05,1
0.4023522,1
0.001474509,1
0.7602664,1
0.003261839,1
0.0002169512,1
4.712315e-07,1
4.661663e-07,1
0.7602664,1
0.0001481222,1
0.7602664,1
7.309766e-06,1
0.0009822855,1
0.5470472,1
0.1482665,1
0.003416376,1
0.6805617,1
0.3367304,1
0.58297,1
0.7602664,1
0.7602664,1
0.7602664,1
0.7602664,1
0.7602664,1
0.7602664,1
0.7602664,1
0.7602664,1
0.7602664,1
0.7602664,1
0.01271931,1
0.9968279,1
0.7602664,1
0.7602664,1
0.7602664,1
9.886667e-05,1
0.7602664,1
0.7602664,1
0.7602664,1
0.7602664,1
0.7602664,1
0.7602664,1
0.7602664,1
0.7602664,1
0.7602664,1
0.0009284379,0
0.001879332,0
0.003116491,0
4.078977e-05,0
0.001879332,0
1.7816e-07,0
0.002967758,0
0.2630917,0
0.7602664,0
0.001590531,0
0.001402211,0
1.391218e-05,0
0.04757288,0
0.7602664,0
0.0001902623,0
9.052038e-06,0
0.005459688,0
1.342895e-05,0
1.84645e-06,0
4.187594e-05,0
1.00038e-05,0
0.7602664,0
0.001590531,0
0.008412302,0
1.84645e-06,0
6.497298e-06,0
0.7329296,0
6.497298e-06,0
1.391218e-05,0
9.052038e-06,0
1.391218e-05,0
1.24271e-06,0
1.00038e-05,0
0.7602664,0
1.391218e-05,0
3.745616e-06,0
0.0003621662,0
0.0005553545,0
1.391218e-05,0
1.391218e-05,0
1.84645e-06,0
0.003125205,0
1.84645e-06,0
0.0002067889,0
0.001590531,0
0.7602664,0
0.008412302,0
6.497298e-06,0
1.24271e-06,0
0.0001813698,0
1.391218e-05,0
9.052038e-06,0
0.7602664,0
1.122053e-07,0
1.84645e-06,0
0.001879332,0
0.03369562,0
0.004602318,0
1.013563e-07,0
0.0005611347,0
2.546371e-05,0
1.84645e-06,0
0.001590531,0
1.6444e-05,0
1.013563e-07,0
4.584957e-05,0
1.84645e-06,0
0.4028454,0
6.693361e-06,0
0.08029869,0
1.84645e-06,0
0.001590531,0
0.0006085447,0
0.0006829788,0
0.7602664,0
1.013563e-07,0
1.391218e-05,0
1.391218e-05,0
0.7602664,0
0.737649,0
6.497298e-06,0
1.386889e-05,0
1.7816e-07,0
1.84645e-06,0
3.11074e-08,0
1.391218e-05,0
3.669206e-05,0
0.0006442039,0
