Score,Label
0.0007648016,1
0.9988065,1
0.9999686,1
6.666446e-06,0
0.0001577276,0
8.394944e-05,0
0.6071696,0
6.666446e-06,0
0.6071696,0
