Score,Label
2.124165e-05,1
7.60662e-05,1
1.192486e-07,1
0.001205077,1
8.459676e-08,0
1.08153e-07,0
2.477357e-11,0
0.9383441,0
4.637732e-15,0
0.0001373871,0
1.764654e-05,0
3.109737e-06,0
