Score,Label
0.5332069,1
0.7447643,1
0.9952255,1
0.8252613,1
0.8252613,1
0.9998517,1
0.9998578,1
0.9998578,1
0.9999819,1
6.159228e-06,1
0.9990535,1
6.159228e-06,1
0.9999819,1
0.9999819,1
0.999995,1
0.9539794,1
1.660018e-05,1
0.9892899,1
0.0002396256,1
0.7893067,1
0.9984202,1
8.728495e-07,1
0.9338085,1
0.9998187,1
0.9338085,1
8.728495e-07,1
0.9998673,1
0.999999,1
0.9999957,1
0.9999865,1
0.9999534,1
0.9998673,1
0.0002396311,1
0.9999788,1
1.601742e-08,0
8.33506e-10,0
0.9687712,0
1.32147e-13,0
3.174098e-07,0
1.601742e-08,0
6.603971e-07,0
0.8781311,0
1.32147e-13,0
1.853352e-05,0
1.32147e-13,0
7.82474e-07,0
6.830109e-06,0
1.711271e-09,0
6.878707e-11,0
6.878707e-11,0
1.32147e-13,0
8.224024e-11,0
4.281198e-07,0
8.33506e-10,0
6.981898e-07,0
2.447867e-09,0
4.616776e-09,0
7.313922e-09,0
0.000700423,0
3.577075e-05,0
4.801528e-10,0
3.652786e-07,0
0.001783905,0
6.878707e-11,0
2.019289e-05,0
2.447867e-09,0
6.32331e-10,0
1.32147e-13,0
3.13396e-08,0
2.447867e-09,0
1.32147e-13,0
6.159228e-06,0
0.0006519246,0
1.32147e-13,0
0.000700423,0
6.037552e-11,0
7.966652e-07,0
0.00349511,0
0.001783905,0
3.568623e-06,0
0.001783905,0
9.92997e-06,0
9.92997e-06,0
1.481112e-06,0
4.826889e-10,0
5.652642e-10,0
4.826889e-10,0
1.32147e-13,0
1.481112e-06,0
1.236345e-06,0
4.739667e-05,0
5.553652e-05,0
2.447867e-09,0
0.0001097636,0
2.447867e-09,0
1.601742e-08,0
6.981898e-07,0
6.981898e-07,0
1.32147e-13,0
4.801528e-10,0
3.13396e-08,0
1.146835e-12,0
