Score,Label
0.9999995,1
0.9531989,1
0.9531989,1
0.9531989,1
0.9531989,1
0.9531989,1
0.9531989,1
0.9531989,1
0.9531989,1
0.9999993,1
0.9983091,1
0.9999993,1
0.9999993,1
0.9999993,1
0.9997416,1
0.9997416,1
0.9997416,1
0.9997416,1
0.9947829,1
0.9947829,1
0.9947829,1
0.9999995,1
0.9947829,1
0.9947829,1
3.552439e-06,0
1.625352e-06,0
0.9595267,0
3.835045e-05,0
0.0003148885,0
0.0009661177,0
7.1314e-07,0
8.276622e-06,0
1.190472e-07,0
0.9972168,0
1.188806e-05,0
2.977845e-05,0
0.0002354791,0
3.147174e-06,0
8.988423e-07,0
1.362958e-05,0
1.832654e-06,0
0.0007898212,0
0.001298029,0
1,0
0.001710174,0
1.397306e-06,0
0.8503756,0
9.304787e-07,0
