Score,Label
1,1
1,1
1,1
0.9999943,1
3.709544e-12,0
2.434156e-13,0
3.709544e-12,0
7.41988e-13,0
2.434156e-13,0
6.490574e-05,0
6.490574e-05,0
3.639017e-15,0
