Score,Label
0.9209659,1
1,1
0.583302,1
0.988418,1
0.9999999,1
0.7040784,1
0.0001535359,1
8.518461e-05,0
0.0005524805,0
0.1179108,0
0.0004382107,0
0.0001004506,0
1,0
3.472775e-05,0
