Score,Label
0.006511289,1
0.9974155,1
0.9974155,1
0.9974155,1
0.9974155,1
0.9974155,1
0.9974155,1
0.9974155,1
0.9974155,1
0.9974155,1
0.9965169,0
1.240927e-06,0
8.524954e-06,0
0.01430788,0
1.228414e-06,0
0.0004214636,0
1.228414e-06,0
1.229034e-05,0
0.0004887142,0
0.01430788,0
0.0004214636,0
1.175952e-05,0
0.0004214636,0
1.240927e-06,0
1.134458e-06,0
1.228414e-06,0
3.613177e-05,0
1.240927e-06,0
0.9965169,0
1.228414e-06,0
