Score,Label
0.9999804,1
0.990695,1
0.003196359,1
0.9998935,1
0.9998935,1
0.6385991,1
0.9998935,1
0.9998096,1
0.9999985,1
0.9981354,1
0.9998355,1
0.8215816,1
0.8215816,1
0.9972766,1
0.9988181,1
0.9988181,1
1,1
0.9988181,1
0.9999954,1
0.9795175,1
9.383399e-05,1
0.999988,1
0.9996419,1
1,1
0.9999987,1
1,1
0.9996419,1
0.9708183,1
6.81114e-07,1
6.81114e-07,1
6.81114e-07,1
1.267242e-05,1
2.511258e-08,1
2.511258e-08,1
2.908222e-05,1
1.217026e-07,1
1.217026e-07,1
0.5429319,1
0.9999996,1
0.4651524,1
0.9995552,1
2.908222e-05,1
1.217026e-07,1
0.9917091,1
0.000148399,1
0.009415964,1
0.9917091,1
0.009415964,1
1,1
0.01591954,1
0.9917091,1
0.9998098,1
0.9999418,1
0.2938412,1
0.2938412,1
0.5599245,1
0.9999418,1
0.9998098,1
0.2938412,1
0.991429,1
1,1
0.9951717,1
0.9999944,1
0.9999999,1
0.001580605,1
0.9977806,1
0.9999944,1
1,1
0.9999944,1
0.9998716,1
0.1528856,1
0.1528856,1
0.663964,1
1,1
0.9760882,1
0.9998716,1
1,1
0.1528856,1
0.1528856,1
6.81114e-07,1
0.8208565,1
0.8208565,1
1,1
0.9999999,1
0.9999999,1
1,1
0.3413188,1
1,1
1,1
1,1
1,1
1,1
0.9986456,1
0.9863334,1
3.019907e-05,1
1.732967e-08,0
2.786733e-07,0
0.06431139,0
0.0009906363,0
3.280547e-05,0
0.9999995,0
3.894812e-05,0
0.7521088,0
0.3035244,0
0.0001401638,0
0.9103872,0
0.2681444,0
4.060445e-08,0
0.8208565,0
0.0006047621,0
0.08931598,0
1.059396e-05,0
2.235414e-06,0
5.231728e-05,0
1.639391e-06,0
0.9999871,0
0.8208565,0
0.0002014042,0
0.00049492,0
9.949512e-05,0
0.08931598,0
0.06942345,0
1.679284e-05,0
0.7875251,0
7.815521e-05,0
2.242147e-08,0
1.661671e-05,0
7.135332e-07,0
9.383399e-05,0
0.0003761374,0
5.36141e-05,0
0.009415964,0
0.002505941,0
0.08931598,0
9.398768e-06,0
1.592298e-05,0
0.001152805,0
0.007479831,0
0.4551164,0
1.592298e-05,0
0.9561623,0
0.8208565,0
0.0007721239,0
7.883969e-05,0
0.9988518,0
6.233739e-06,0
0.663964,0
3.067382e-06,0
2.971902e-05,0
0.00190587,0
2.562347e-07,0
0.171427,0
3.953786e-07,0
0.00190587,0
2.16933e-06,0
0.8208565,0
3.280547e-05,0
0.6385991,0
0.00049492,0
0.0003410643,0
2.697686e-05,0
0.08931598,0
3.280547e-05,0
1.069884e-06,0
0.000190362,0
1.592298e-05,0
0.8208565,0
0.00492149,0
5.362428e-06,0
1.1185e-07,0
0.9972861,0
1.592298e-05,0
0.0003576724,0
3.764718e-06,0
8.921095e-06,0
5.760675e-06,0
2.802505e-08,0
0.08931598,0
3.653563e-07,0
0.2770107,0
0.767955,0
0.990695,0
1.592298e-05,0
3.280547e-05,0
0.006780392,0
0.00190587,0
4.095824e-06,0
0.08931598,0
9.017222e-08,0
0.01430773,0
