Score,Label
1,1
1,1
1,1
1,1
1,1
4.534241e-06,1
0.000318153,1
1.743865e-06,1
3.229377e-05,1
1,1
0.9999923,1
0.9999923,1
0.9999923,1
0.9999923,1
0.9999923,1
0.8595608,1
1,1
1,1
1,1
1,1
1,1
0.0003728621,1
0.9999995,1
0.5099014,1
1,1
1,1
0.9999995,1
0.9851248,1
0.5099014,1
0.9851248,1
0.5099014,1
0.9999995,1
0.9999989,1
1,1
1,1
1,1
1,1
1,1
1,1
0.0003728621,1
1,1
1,1
1,1
1,1
0.002929883,1
1,1
1,1
0.9999435,1
0.0003728621,1
6.399988e-08,0
3.229377e-05,0
0.000142914,0
0.0002802628,0
2.760486e-05,0
2.948227e-05,0
2.760486e-05,0
0.001021551,0
0.08048075,0
0.0003231203,0
2.760486e-05,0
0.0001406347,0
1.041139e-06,0
0.000103629,0
0.0002802628,0
1.496869e-07,0
0.004640702,0
0.000350656,0
1.589471e-06,0
0.0004275817,0
8.540902e-05,0
2.760486e-05,0
0.6932732,0
0.000142914,0
0.02726099,0
0.0007653222,0
1.155061e-05,0
1.488388e-07,0
0.8595608,0
0.9929647,0
0.0001235165,0
0.0101098,0
0.0146939,0
2.09159e-07,0
7.388901e-06,0
4.992366e-08,0
0.7747335,0
2.760486e-05,0
1.831552e-07,0
2.760486e-05,0
0.0002268646,0
0.8595608,0
0.05004675,0
0.8957725,0
0.4137596,0
2.082243e-05,0
2.760486e-05,0
0.8595608,0
2.760486e-05,0
