Score,Label
0.3642438,1
0.003827081,1
0.9999883,1
0.9998559,1
1.572572e-06,1
0.9999986,1
0.3789865,1
2.021829e-05,1
1.767292e-05,1
0.9999995,1
0.295864,1
0.9999986,1
0.295864,1
0.01537412,1
0.8784787,1
2.255065e-08,1
0.999979,1
0.9999955,1
0.9999318,1
0.3789865,1
0.9999318,1
0.3642438,1
0.3642438,1
0.9915687,1
0.6624265,1
0.0002665706,1
1.854482e-07,1
0.7334098,1
0.4739904,1
0.9999926,1
0.9999998,1
1.283549e-09,1
0.9998042,1
0.9966508,1
0.7630051,1
0.9999996,1
0.9999835,1
0.9999944,1
0.08666677,1
0.003128856,1
0.3789865,1
0.9985862,1
6.69644e-05,1
0.0001567233,0
0.1508133,0
2.662651e-06,0
0.6624265,0
1.378455e-07,0
5.968957e-07,0
0.005973319,0
6.672214e-10,0
1.108617e-05,0
8.516861e-06,0
0.0005922099,0
1.202721e-09,0
5.923175e-09,0
0.9992404,0
0.001035307,0
0.00986704,0
0.01548941,0
3.428694e-08,0
2.823984e-08,0
5.539553e-08,0
5.287265e-07,0
0.0001480324,0
1.122688e-05,0
0.06830531,0
0.4483739,0
1.848085e-10,0
0.0001526076,0
0.3642438,0
3.842249e-07,0
1.202721e-09,0
0.0003620792,0
0.3642438,0
1.804076e-10,0
7.393466e-08,0
5.859519e-09,0
1.017244e-06,0
3.870349e-06,0
2.024375e-05,0
6.242343e-08,0
1.285039e-09,0
0.9999992,0
1.248513e-09,0
2.211942e-07,0
0.3642438,0
0.3642438,0
4.09191e-07,0
8.516861e-06,0
0.009765267,0
0.0001344837,0
7.405753e-05,0
9.470902e-06,0
0.3642438,0
6.332585e-08,0
0.0001905239,0
7.640317e-07,0
0.0001134741,0
1.017244e-06,0
5.820325e-06,0
2.34631e-08,0
6.119738e-07,0
0.001318102,0
1.108617e-05,0
1.825822e-05,0
1.019941e-05,0
0.361014,0
2.259952e-08,0
1.687821e-06,0
0.0006798396,0
0.5825432,0
0.004984669,0
2.711511e-07,0
4.927765e-05,0
0.0009013832,0
1.289796e-07,0
1.908874e-10,0
0.005973319,0
0.9951962,0
0.02486886,0
3.927446e-06,0
4.815042e-08,0
0.0001328438,0
1.017244e-06,0
6.233824e-07,0
3.333792e-09,0
4.404004e-07,0
4.677941e-06,0
