Score,Label
1.594306e-06,1
0.9996393,1
0.9999657,1
0.9999657,1
0.9999657,1
0.9956656,1
7.102228e-06,0
3.209262e-05,0
3.036963e-07,0
1.480726e-07,0
1.556533e-07,0
3.036963e-07,0
3.209262e-05,0
1.459898e-05,0
0.2493127,0
3.209262e-05,0
1.556533e-07,0
5.127305e-06,0
