Score,Label
1,1
0.4258,1
0.7549002,1
0.7786569,1
0.9999987,1
0.6440485,1
0.0001084708,1
5.294062e-07,0
1.706011e-06,0
3.373761e-07,0
2.826784e-06,0
0.0001988342,0
3.380705e-07,0
2.50904e-07,0
0.9997154,0
1.002585e-05,0
4.442039e-07,0
0.0005277875,0
1.116777e-06,0
3.02151e-07,0
0.0001407318,0
