Score,Label
0.7233999,1
0.7233999,1
0.7233999,1
0.7233999,1
0.7233999,1
0.7233999,1
0.7233999,1
0.7233999,1
0.7233999,1
0.7233999,1
0.7233999,1
0.7233999,1
0.7233999,1
0.7233999,1
6.290557e-09,0
7.775825e-19,0
0.7233999,0
0.0001686294,0
7.775825e-19,0
0.0004392999,0
0.0004392999,0
0.004607332,0
0.3855221,0
0.1447121,0
0.0004392999,0
0.7233999,0
0.7233999,0
0.0002921447,0
0.0004392999,0
0.7233999,0
1.019847e-08,0
0.7233999,0
7.775825e-19,0
0.7233999,0
0.7233999,0
0.002842468,0
7.775825e-19,0
7.775825e-19,0
0.7233999,0
0.7233999,0
0.7233999,0
3.248451e-12,0
