Score,Label
0.003383825,1
0.001921569,1
0.0002958951,0
4.67143e-05,0
0.6999981,0
0.00223776,0
