Score,Label
0.9793137,1
0.9793137,1
0.9793137,1
0.9793137,1
0.9793137,1
0.9793137,1
0.9619371,1
4.072998e-06,1
4.072998e-06,1
4.072998e-06,1
4.072998e-06,1
4.072998e-06,1
0.004247198,1
0.004247198,1
0.9998912,1
0.9968128,1
0.9968128,1
0.04277262,1
0.9968128,1
0.9998912,1
0.9968128,1
0.04277262,1
0.04277262,1
0.9968128,1
0.9998912,1
0.9968128,1
0.04277262,1
0.9992198,1
0.9056461,1
3.390397e-08,0
3.390397e-08,0
3.390397e-08,0
3.390397e-08,0
0.0007064436,0
4.490067e-05,0
3.390397e-08,0
3.390397e-08,0
3.390397e-08,0
3.390397e-08,0
3.390397e-08,0
0.0007064436,0
4.490067e-05,0
3.390397e-08,0
3.390397e-08,0
3.390397e-08,0
8.8431e-06,0
3.390397e-08,0
3.390397e-08,0
8.8431e-06,0
3.390397e-08,0
3.390397e-08,0
8.8431e-06,0
3.390397e-08,0
3.390397e-08,0
0.0007064436,0
3.390397e-08,0
1.200701e-07,0
3.390397e-08,0
1.455147e-05,0
3.390397e-08,0
3.390397e-08,0
3.390397e-08,0
3.390397e-08,0
8.8431e-06,0
8.8431e-06,0
1.200701e-07,0
8.8431e-06,0
4.490067e-05,0
0.001562352,0
1.232755e-05,0
3.390397e-08,0
3.390397e-08,0
3.390397e-08,0
8.8431e-06,0
3.390397e-08,0
4.490067e-05,0
3.390397e-08,0
4.490067e-05,0
3.390397e-08,0
0.0007064436,0
0.0007064436,0
3.390397e-08,0
3.390397e-08,0
4.490067e-05,0
1.935115e-05,0
3.390397e-08,0
8.8431e-06,0
