Score,Label
0.9742647,1
0.9239051,1
0.9990338,1
0.9990338,1
0.9481714,1
0.9998933,1
0.9998933,1
0.9433039,1
0.9433039,1
0.9433039,1
1.546932e-11,0
0.0002421589,0
0.9990338,0
3.858589e-07,0
7.60008e-05,0
3.858589e-07,0
1.173773e-10,0
7.60008e-05,0
1.815102e-07,0
3.355813e-07,0
1.23971e-08,0
6.131278e-05,0
6.540426e-11,0
5.598622e-07,0
5.701814e-06,0
1.258767e-08,0
1.546932e-11,0
0.003286193,0
0.2910048,0
2.421802e-11,0
