Score,Label
0.9978164,1
0.9999074,1
0.957868,1
0.9917018,1
0.1658094,1
2.178223e-05,1
0.9931646,1
0.9969619,1
0.9970642,1
0.4797761,1
0.9968415,1
0.9426453,1
0.001148906,1
0.9998618,1
0.6072988,1
0.9999961,1
0.988969,1
0.9999999,1
0.8914953,1
0.2165192,1
0.9955475,1
4.666318e-05,1
0.8061631,1
0.0001077839,0
0.003586387,0
1.123016e-05,0
0.002707361,0
3.799818e-06,0
6.113135e-08,0
0.6072988,0
0.6072988,0
0.001644966,0
2.952298e-05,0
0.4322238,0
4.925646e-06,0
0.9752045,0
0.9992505,0
0.003462538,0
1.101747e-05,0
0.0001150996,0
9.050579e-06,0
0.0003078722,0
0.0001393597,0
0.7686664,0
0.1635136,0
0.02911731,0
0.003704948,0
6.322239e-05,0
3.349758e-05,0
4.31384e-06,0
9.725091e-06,0
0.0919499,0
0.0005813814,0
0.9998565,0
0.5645546,0
0.003453271,0
5.462146e-05,0
4.030543e-05,0
0.9921416,0
0.9965411,0
1.245689e-05,0
1.977316e-05,0
0.9942194,0
1.759086e-06,0
0.9952649,0
0.003699684,0
0.3305198,0
0.001773928,0
0.0001099147,0
