Score,Label
0.9846629,1
0.9997839,1
0.9997839,1
0.9997839,1
0.9997839,1
0.9846629,1
0.9997839,1
0.9997839,1
0.9997839,1
0.9893873,1
0.9997839,1
0.3457725,1
0.9999999,1
7.642154e-07,1
0.9999839,1
0.9276124,1
0.4884036,1
0.01993387,1
0.7939259,1
0.6626794,1
0.9999822,1
0.9999822,1
0.9999822,1
0.9999822,1
0.9999822,1
0.7939259,1
0.9999822,1
0.9999998,1
0.7694387,1
0.7694387,1
0.8672588,1
0.7694387,1
0.7694387,1
0.8672588,1
0.01797616,1
1,1
0.9981365,1
0.1268397,1
1,1
0.9999969,1
0.9999969,1
0.9999918,1
0.6397487,1
2.126929e-06,1
0.999947,1
5.64316e-05,1
1,1
0.9999999,1
1,1
0.0006948778,1
0.001511164,1
0.999828,1
0.0006948778,1
0.1801921,1
0.005336082,1
0.005336082,1
0.03351768,1
0.9999686,1
0.005336082,1
0.005336082,1
0.7694387,0
0.02056389,0
0.007782127,0
5.608609e-05,0
0.01993387,0
0.0008773663,0
5.64316e-05,0
0.4019569,0
0.0006948778,0
1,0
2.623336e-05,0
5.469704e-05,0
0.2795589,0
8.311132e-06,0
0.001445195,0
0.03641672,0
1.127856e-05,0
0.004506243,0
4.785991e-05,0
0.000272968,0
0.01268265,0
0.9932199,0
0.03981554,0
2.791872e-05,0
3.134244e-05,0
0.0002076596,0
1.62579e-07,0
0.006497467,0
0.000173848,0
1.735534e-05,0
0.001014082,0
3.731986e-05,0
0.002821118,0
0.001773505,0
1.735534e-05,0
0.0001151138,0
0.001477709,0
0.9716523,0
0.0001651974,0
2.561576e-05,0
0.001586756,0
0.8224085,0
0.0001484019,0
0.001133336,0
0.0003334234,0
2.725178e-05,0
0.003292167,0
0.03641672,0
2.572491e-06,0
0.002005495,0
0.1846001,0
0.0003302078,0
0.01983854,0
5.07443e-05,0
0.0003302078,0
0.0003318296,0
8.50318e-05,0
2.072486e-06,0
0.001562103,0
3.240078e-05,0
