Score,Label
6.027771e-05,1
0.9994346,1
0.0003044461,1
0.9999975,1
0.9999996,1
0.0005535479,1
0.8292388,1
0.9936021,1
0.9999881,1
0.9988367,1
3.845435e-13,1
7.269419e-07,0
1.143742e-08,0
1.463443e-06,0
4.682297e-06,0
2.810543e-09,0
0.000682182,0
0.002466333,0
1.21002e-06,0
1.853941e-07,0
1.615647e-13,0
2.985423e-05,0
4.095083e-10,0
8.55463e-08,0
7.296345e-11,0
0.0002195902,0
0.6397626,0
1.769832e-08,0
1.585993e-05,0
0.9949788,0
4.095083e-10,0
0.9094585,0
1.107155e-10,0
