Score,Label
0.001923063,1
0.003025749,1
0.02918838,1
0.001923063,1
0.003025749,1
9.558527e-06,1
0.01575884,1
9.558527e-06,1
0.1270603,0
3.251171e-05,0
0.07935568,0
1.321135e-05,0
1.680261e-08,0
2.583883e-06,0
2.583883e-06,0
1.021987e-05,0
4.521726e-07,0
2.208014e-05,0
1.12286e-05,0
0.9488425,0
3.251171e-05,0
0.0004371706,0
4.226256e-07,0
0.01235966,0
