Score,Label
0.9999685,1
0.9998584,1
0.9999685,1
0.9999685,1
0.9999998,1
0.3019976,1
0.9997136,1
0.9997136,1
1,1
1,1
1,1
1,1
0.9997136,1
0.1049722,1
1,1
0.9999993,1
1,1
2.180185e-06,0
0.0004715509,0
8.486163e-08,0
0.07575819,0
3.301846e-07,0
8.671842e-07,0
5.287611e-06,0
0.002112824,0
2.411551e-07,0
2.858172e-07,0
3.19768e-06,0
6.580489e-07,0
0.0002667695,0
0.0001440596,0
0.9997136,0
6.145471e-08,0
1.309822e-06,0
