Score,Label
0.9974523,1
0.2611184,1
0.9974523,1
1,1
0.9997508,1
1,1
0.9999995,1
0.9999985,1
0.01585275,1
0.9805077,1
0.9999955,1
0.9979931,1
7.1671e-08,1
0.9999973,1
0.9999973,1
0.1621863,1
0.05490222,0
0.09161223,0
0.001021254,0
7.336091e-10,0
0.0127716,0
2.761392e-09,0
2.63287e-08,0
0.9999491,0
7.606259e-06,0
1.242287e-05,0
0.2611184,0
1.250249e-08,0
6.994147e-07,0
0.1528679,0
0.0005688898,0
5.066537e-07,0
0.4180495,0
1.385963e-05,0
0.4174171,0
7.606259e-06,0
0.0005681165,0
1.023683e-08,0
0.0001310877,0
5.461656e-05,0
1.495409e-05,0
0.0008712611,0
0.6692163,0
0.0006865731,0
3.917881e-07,0
0.008424633,0
1.202505e-05,0
0.0008712611,0
