Score,Label
0.008145555,1
1.910992e-12,1
0.9999866,1
0.449455,1
0.999895,1
0.985462,1
0.9992774,1
7.8296e-14,1
7.834789e-09,1
0.9999942,1
0.9999988,1
0.9990696,1
0.4346214,1
0.0002188858,1
0.9999982,1
0.9998902,1
5.345539e-14,1
0.8342903,1
0.9999933,1
1.082112e-06,1
0.9997596,1
0.9999902,1
0.636434,1
2.053045e-11,1
0.09920988,1
0.9919436,1
0.9966313,1
0.06616883,1
0.01649912,1
0.0005652455,1
2.525657e-05,0
6.882441e-05,0
5.33294e-11,0
0.0001133074,0
0.9705303,0
5.601699e-08,0
3.518586e-10,0
1.050648e-09,0
2.243703e-09,0
0.01649912,0
2.020284e-06,0
0.1580169,0
1.924269e-05,0
6.163879e-07,0
0.0001245935,0
3.397464e-09,0
1.139068e-05,0
5.259537e-05,0
0.3525505,0
6.875837e-14,0
0.001967668,0
3.89333e-06,0
8.886034e-05,0
0.1092768,0
0.9738188,0
1.646056e-08,0
0.00149417,0
1.166302e-10,0
1.119084e-07,0
0.02764895,0
0.9870915,0
1.258482e-06,0
1.268749e-11,0
0.001703108,0
1.544643e-05,0
1.403003e-08,0
0.7413387,0
2.352798e-09,0
0.9966183,0
6.882441e-05,0
2.92248e-09,0
2.764851e-06,0
3.26887e-07,0
0.0004682906,0
1.721321e-05,0
6.882441e-05,0
2.346633e-07,0
2.536134e-08,0
0.004152247,0
0.9988593,0
7.249679e-11,0
2.843403e-05,0
1.196316e-07,0
0.008714741,0
3.615309e-11,0
0.02918221,0
8.701917e-08,0
1.111081e-11,0
0.0001118337,0
0.0008465955,0
