Score,Label
0.9999983,1
0.9999983,1
0.9999999,1
0.9997625,1
5.977056e-06,1
0.9999925,1
0.9977692,1
0.9978492,1
0.001412384,1
1.958108e-06,1
0.3486829,0
4.029251e-05,0
7.325282e-07,0
0.0003366113,0
9.79263e-06,0
3.744287e-07,0
1.039452e-05,0
2.133931e-05,0
9.803245e-05,0
1.151422e-05,0
5.014945e-06,0
0.0004597897,0
3.633719e-05,0
3.744287e-07,0
9.79263e-06,0
5.828226e-05,0
2.732822e-06,0
5.702064e-05,0
9.183781e-07,0
1.739345e-06,0
