Score,Label
0.9999994,1
0.99999,1
0.9999529,1
0.9999956,1
0.9431362,1
0.9999912,1
0.03119336,1
0.9999989,1
0.07285575,1
0.03272719,1
0.9999863,1
0.03272719,1
0.9999933,1
0.1838478,1
0.9999793,1
6.438803e-05,0
4.114356e-05,0
6.438803e-05,0
4.854899e-08,0
9.430018e-08,0
6.718283e-06,0
0.00108074,0
4.114356e-05,0
3.532988e-07,0
0.0001364379,0
4.114356e-05,0
4.791183e-05,0
2.003112e-08,0
9.430018e-08,0
9.430018e-08,0
0.000668487,0
0.000668487,0
0.9999323,0
0.9999024,0
3.977081e-05,0
5.917408e-07,0
4.114356e-05,0
9.430018e-08,0
3.532988e-07,0
8.571287e-05,0
4.114356e-05,0
9.430018e-08,0
1.091165e-07,0
9.430018e-08,0
4.114356e-05,0
