Score,Label
0.9999865,1
0.9999999,1
1,1
0.9983101,1
0.9984179,1
0.9999999,1
0.9999999,1
1,1
1,1
0.9999466,1
0.9999989,1
0.9999498,1
0.9999993,1
0.9999995,1
0.9999992,1
0.9999995,1
1,1
0.9999776,1
0.9999933,1
1.166468e-06,1
0.9999998,1
0.9999894,1
0.000740945,1
0.9999689,1
1.166468e-06,1
0.9996324,1
0.9999992,1
1,1
1.879755e-08,1
0.9999999,1
0.9999784,1
0.9713379,0
1.982441e-06,0
6.540704e-05,0
1.699969e-06,0
1.699969e-06,0
9.684009e-06,0
0.000325809,0
9.684009e-06,0
4.169753e-06,0
6.86227e-08,0
1.329449e-07,0
9.473356e-08,0
1.329449e-07,0
0.8572981,0
2.639815e-07,0
5.082815e-09,0
2.34251e-07,0
2.47315e-07,0
3.5361e-09,0
0.9994761,0
9.684009e-06,0
0.0003488945,0
1.699969e-06,0
0.0003697377,0
0.0003697377,0
9.684009e-06,0
0.001862226,0
9.684009e-06,0
9.684009e-06,0
3.032554e-06,0
9.684009e-06,0
3.5361e-09,0
4.035935e-05,0
1.093113e-06,0
0.0001163393,0
3.5361e-09,0
1.699969e-06,0
6.272052e-06,0
0.0001846209,0
9.684009e-06,0
0.0001846209,0
0.0003697377,0
3.5361e-09,0
0.997296,0
0.01271756,0
1.329449e-07,0
0.0001846209,0
0.9342276,0
0.0001163393,0
1.699969e-06,0
5.5363e-08,0
2.712178e-05,0
1.012908e-07,0
2.47315e-07,0
5.146853e-08,0
9.684009e-06,0
0.9973949,0
3.25879e-06,0
5.484589e-08,0
2.47315e-07,0
3.678234e-07,0
1.699969e-06,0
