Score,Label
2.615662e-06,1
0.0002679666,0
1.224174e-06,0
