Score,Label
0.8004357,1
0.8004357,1
0.9994344,1
0.9994344,1
0.8004357,1
0.9995384,1
0.8717051,1
0.992011,1
0.992011,1
0.02058461,0
1.046708e-08,0
8.314679e-08,0
7.848193e-08,0
2.980424e-07,0
3.121288e-09,0
5.62403e-07,0
0.00849185,0
6.358868e-05,0
0.5971308,0
0.0004606529,0
3.121288e-09,0
0.007155712,0
1.578965e-08,0
9.868725e-09,0
0.5971308,0
5.62403e-07,0
7.848193e-08,0
