Score,Label
0.02208222,1
0.02208222,1
0.03635285,1
0.02208222,1
0.02208222,1
0.03635285,1
1.839097e-10,0
3.496165e-08,0
1.839097e-10,0
2.647227e-06,0
1.839097e-10,0
1.839097e-10,0
1.839097e-10,0
1.839097e-10,0
2.647227e-06,0
2.647227e-06,0
4.635396e-05,0
1.839097e-10,0
