Score,Label
4.638775e-07,1
4.638775e-07,1
4.638775e-07,1
4.638775e-07,1
2.667881e-05,1
4.638775e-07,1
4.638775e-07,1
4.638775e-07,1
4.638775e-07,1
4.638775e-07,1
4.638775e-07,1
4.638775e-07,1
4.638775e-07,1
2.413214e-07,1
1.033102e-07,0
6.752583e-08,0
6.752583e-08,0
0.01616342,0
0.9499676,0
0.9499676,0
6.752583e-08,0
6.752583e-08,0
0.0001577955,0
0.9499676,0
6.752583e-08,0
6.752583e-08,0
0.9499676,0
6.752583e-08,0
