Score,Label
1.991854e-11,1
1.991854e-11,1
1.991854e-11,1
1.991854e-11,1
1.991854e-11,1
1.991854e-11,1
2.189437e-17,0
2.189437e-17,0
2.189437e-17,0
0.0002069978,0
2.189437e-17,0
7.560036e-09,0
1.001498e-05,0
2.189437e-17,0
2.189437e-17,0
2.189437e-17,0
3.662054e-06,0
2.189437e-17,0
