Score,Label
0.9999778,1
0.9956119,1
0.9998869,1
0.655211,1
0.9992725,1
0.9999778,1
0.9992725,1
0.9999999,1
0.9999996,1
0.9999788,1
0.005888232,1
0.9999999,1
0.918897,1
0.9999933,1
0.9998382,1
0.9305073,1
0.9998382,1
0.9999889,1
0.9990602,1
0.003686127,1
0.999936,1
0.9999832,1
0.655211,1
0.9956119,1
0.99923,1
0.03291576,1
0.9956119,1
0.8323898,1
0.3269404,1
0.5583421,1
0.3269404,1
0.3269404,1
0.8323898,1
0.0001037637,1
1.195419e-06,1
0.02021056,1
0.9956119,1
0.9994367,1
0.9941686,1
0.9977198,1
0.9977198,1
0.9977198,1
0.0002344162,1
0.999772,1
0.9999999,1
0.998651,1
0.998651,1
0.9960913,1
0.998651,1
0.3269404,1
0.998679,1
0.000234182,1
0.3269404,0
2.930125e-05,0
5.970483e-07,0
2.423006e-09,0
0.8201636,0
1.454172e-09,0
0.0008217319,0
7.490195e-09,0
1.108949e-07,0
0.9999943,0
0.002199949,0
5.309473e-07,0
0.0352063,0
0.3269404,0
2.850037e-09,0
0.006262067,0
7.814746e-05,0
2.161053e-07,0
0.001185923,0
0.0352063,0
0.007828745,0
0.0352063,0
0.004333892,0
3.004728e-07,0
0.00218429,0
0.3269404,0
0.3269404,0
1.286337e-07,0
0.007977807,0
0.0352063,0
1.172025e-06,0
4.451098e-06,0
0.0001721124,0
1,0
0.03708084,0
0.3269404,0
0.01518664,0
0.1699608,0
0.01910494,0
0.04516975,0
6.211705e-05,0
0.3085983,0
0.001081408,0
9.745861e-06,0
0.9694878,0
6.362113e-07,0
7.781283e-05,0
4.653126e-10,0
0.0352063,0
2.39089e-08,0
9.478703e-07,0
0.9472578,0
1.413551e-06,0
0.2817694,0
0.0326888,0
6.958817e-07,0
0.3269404,0
0.03708084,0
0.04110943,0
1.486104e-08,0
0.0009154899,0
0.0352063,0
1.274151e-06,0
0.01200047,0
4.186741e-08,0
3.978291e-06,0
0.3819538,0
0.0005259682,0
0.0004946436,0
0.0209302,0
1.011487e-07,0
1.070533e-09,0
2.930125e-05,0
4.500327e-08,0
0.3269404,0
0.03809906,0
0.9999995,0
1.082869e-05,0
1.103101e-05,0
0.001140847,0
0.3269404,0
0.0007541458,0
0.9569426,0
3.039891e-05,0
0.0352063,0
1.103101e-05,0
0.3269404,0
3.431658e-08,0
0.2803161,0
0.1732388,0
0.5583421,0
3.157484e-07,0
3.978291e-06,0
1.368558e-06,0
2.269754e-07,0
1.343169e-06,0
0.2803161,0
3.978291e-06,0
0.004896699,0
0.3269404,0
0.9721822,0
0.9999987,0
0.0352063,0
3.978291e-06,0
