Score,Label
0.9999243,1
1.375672e-05,1
1.812486e-08,1
1.869e-09,1
0.8772126,1
1.258671e-06,1
0.9998,1
0.999997,1
0.9922498,1
0.9544391,1
0.9882513,1
0.9999998,1
0.4366905,1
0.04048882,1
0.4912774,1
0.260526,1
0.9999204,1
0.9997063,1
0.9999142,1
0.04216913,1
0.9995124,1
0.9999567,1
0.003662073,1
0.999995,1
0.9999948,1
0.730862,1
0.7991778,0
0.9997588,0
0.9999994,0
0.7665086,0
5.693959e-09,0
0.04067351,0
7.951301e-05,0
1.704564e-08,0
5.693959e-09,0
3.034267e-06,0
6.35865e-05,0
7.743957e-08,0
5.320117e-07,0
1.111732e-07,0
5.041493e-08,0
1.704564e-08,0
3.787401e-08,0
0.01097535,0
0.7991778,0
0.0003964905,0
5.586739e-08,0
0.3517973,0
7.951301e-05,0
0.03481535,0
5.194428e-08,0
7.250862e-09,0
0.9999882,0
0.9998295,0
3.324559e-06,0
0.7991778,0
6.077606e-05,0
0.00115218,0
1.12257e-09,0
6.406559e-08,0
1.084546e-07,0
0.7991778,0
0.0003362741,0
0.9711924,0
0.7991778,0
3.607591e-06,0
0.9999994,0
0.3982496,0
0.01111753,0
6.594459e-09,0
3.570774e-06,0
0.00421289,0
0.9781221,0
2.949231e-06,0
0.9999996,0
2.166311e-07,0
0.999435,0
0.6780195,0
