Score,Label
0.7862512,1
0.7862512,1
0.9943827,1
5.964019e-05,1
2.639493e-06,1
0.0003384103,1
0.1636256,1
0.9999861,1
0.9999861,1
1,1
0.9999999,1
0.9999999,1
0.9999999,1
0.9998353,1
0.002027099,1
3.537554e-05,1
0.994557,1
1,1
1,1
0.001172868,1
1,1
0.9988089,1
0.994557,1
1,1
0.3940374,1
2.371687e-08,1
5.33129e-08,1
0.9998555,1
0.9996231,1
0.9999998,1
0.9999998,1
0.9999963,1
0.9999636,1
0.9998032,1
0.9998307,1
0.9920009,1
0.6572689,1
0.894476,1
0.894476,1
0.6572689,1
0.6572689,1
0.894476,1
0.894476,1
1,1
0.999999,1
0.9983844,1
0.9931636,1
0.5951247,1
0.9867878,1
0.02011492,1
1,1
0.9999999,1
6.202163e-05,1
1,1
0.009168379,1
1,1
0.6036846,1
0.02462025,1
0.9998919,1
0.9998919,1
0.9998919,1
0.002628624,1
0.9972435,1
0.002949811,1
0.8027067,1
0.9998919,1
0.9998919,1
0.9972435,1
0.03173957,1
1,1
1,1
1,1
0.9946846,1
0.9946846,1
1,1
0.9999744,1
0.001496824,0
0.0001501349,0
1.897253e-05,0
1.897253e-05,0
1.618326e-05,0
1.897253e-05,0
0.003082161,0
9.513173e-05,0
6.838863e-06,0
0.1821214,0
0.9425368,0
0.009286732,0
0.6036846,0
0.6036846,0
0.9172943,0
0.9999998,0
0.0001465743,0
0.002463822,0
1.897253e-05,0
1.606374e-08,0
1.863098e-05,0
0.6036846,0
2.670696e-05,0
8.246097e-10,0
0.001487357,0
0.05254049,0
0.0005170664,0
0.01146402,0
0.6036846,0
5.758023e-05,0
0.9999874,0
1.897253e-05,0
5.054253e-05,0
2.142068e-08,0
7.028061e-05,0
0.894476,0
0.9865252,0
0.01721166,0
1.897253e-05,0
1.605784e-06,0
0.1821214,0
0.003740151,0
6.838863e-06,0
1.897253e-05,0
0.006475093,0
0.002925715,0
0.1821214,0
0.00018974,0
3.26483e-05,0
1.897253e-05,0
0.7062538,0
0.999841,0
0.6036846,0
0.00018974,0
0.002997971,0
3.275102e-05,0
1.897253e-05,0
1.897253e-05,0
1.897253e-05,0
0.0003330907,0
2.063186e-06,0
3.26483e-05,0
9.738545e-05,0
0.00018974,0
0.0001088321,0
0.9806253,0
0.0001506033,0
0.91955,0
1.897253e-05,0
0.9998606,0
2.371687e-08,0
0.4681294,0
0.6036846,0
0.001488073,0
4.290896e-05,0
7.103318e-06,0
