Score,Label
0.7029087,1
0.9199222,1
0.9909607,1
0.7029087,1
0.1190325,1
0.9909607,1
0.7029087,1
0.2824695,1
0.2824695,1
0.9887124,1
0.9887124,1
0.9887124,1
0.9996265,1
0.9996866,1
0.7029087,1
0.9996866,1
0.7029087,1
0.002336467,1
0.002336467,1
0.5929554,1
0.3009945,1
0.7029087,1
0.3009945,1
0.7029087,1
0.1190325,1
4.8493e-07,0
1.317949e-05,0
0.002117638,0
7.118617e-06,0
0.0009308165,0
0.00275729,0
4.216363e-06,0
0.7029087,0
4.398189e-05,0
0.0001229641,0
2.624716e-09,0
0.004271836,0
0.006004564,0
0.002064377,0
2.237947e-08,0
2.001753e-05,0
0.0001229641,0
8.138109e-06,0
0.002117638,0
4.082729e-06,0
6.926562e-05,0
3.1935e-08,0
2.744818e-05,0
1.316382e-08,0
0.7029087,0
0.7029087,0
1.215737e-05,0
0.002117638,0
2.178144e-05,0
2.105458e-09,0
7.176857e-05,0
0.002117638,0
2.237947e-08,0
0.0002918922,0
3.400513e-08,0
2.237947e-08,0
0.002117638,0
3.400513e-08,0
5.216657e-06,0
0.002117638,0
0.7029087,0
1.639052e-05,0
1.392899e-05,0
0.15391,0
5.11655e-07,0
1.444621e-08,0
6.342315e-08,0
0.001843157,0
1.80487e-05,0
4.566169e-07,0
