Score,Label
0.9975465,1
0.7107997,1
0.7107997,1
0.7232295,1
0.7107997,1
0.7107997,1
0.7232295,1
0.0001799346,1
0.0001659441,1
0.9995223,1
0.9996576,1
0.0001659441,1
0.0001659441,1
0.9725603,1
0.9725603,1
0.7107997,0
0.7232295,0
0.7107997,0
4.724252e-06,0
0.05131184,0
9.760324e-06,0
1.723428e-07,0
4.146674e-06,0
1.536005e-06,0
0.0001796612,0
3.582337e-06,0
0.02213755,0
2.509999e-06,0
0.7107997,0
0.7107997,0
0.008364369,0
2.900425e-08,0
2.29926e-05,0
1.0902e-07,0
4.913205e-05,0
0.09787826,0
0.7107997,0
0.998934,0
4.724252e-06,0
5.89595e-05,0
0.7107997,0
0.00818307,0
1.536005e-06,0
1.089573e-06,0
0.003152356,0
