Score,Label
0.6495174,1
0.9722402,1
0.9932768,1
0.9057883,1
0.04713321,1
0.9057883,1
0.9539648,1
0.9238948,1
0.8322299,1
1.55214e-07,1
0.4843389,1
0.01439182,1
0.4929391,1
0.9784419,1
0.5617349,1
0.5617349,1
0.5617349,1
0.5617349,1
0.1668204,1
1.651046e-09,1
3.926204e-09,1
1.76713e-05,1
0.002035251,1
0.5617349,1
0.0003353053,1
0.5617349,1
0.9999837,1
0.9999985,1
6.027731e-09,1
0.9999995,1
0.9990283,1
0.9970035,1
3.07335e-07,1
0.9999356,1
1.64212e-07,1
3.272363e-08,1
0.0001056365,1
0.5617349,1
0.5617349,1
2.776365e-08,0
3.195667e-09,0
1.623964e-05,0
0.0004081826,0
7.749402e-06,0
0.0003557303,0
1.58083e-16,0
0.3041503,0
0.9957861,0
0.003067926,0
8.690735e-07,0
0.0002185569,0
7.601072e-07,0
1.048084e-06,0
7.635442e-11,0
1.512503e-07,0
0.0003557303,0
1.271445e-05,0
0.9962638,0
0.01304626,0
8.690735e-07,0
5.410435e-08,0
0.0005621723,0
1.093394e-08,0
5.215403e-06,0
0.0003998697,0
4.188387e-07,0
1.378927e-13,0
0.0001292018,0
4.403882e-08,0
0.007530937,0
0.3041503,0
0.000517686,0
3.960957e-08,0
9.330168e-05,0
0.5617349,0
7.389378e-08,0
5.98495e-06,0
2.070936e-07,0
0.9976618,0
0.0001350596,0
0.369794,0
1.497099e-07,0
1.283704e-06,0
0.0002185569,0
0.5617349,0
1.653319e-05,0
5.98495e-06,0
1.59743e-05,0
8.690735e-07,0
2.260537e-13,0
0.9903656,0
2.958859e-09,0
0.9996763,0
0.9995055,0
0.0004697049,0
1.163826e-10,0
4.806609e-07,0
0.001580096,0
3.308695e-12,0
2.470597e-10,0
2.247599e-10,0
3.778497e-05,0
2.932018e-12,0
1.681241e-05,0
3.236854e-05,0
2.432049e-09,0
0.0001158561,0
3.15311e-06,0
4.045029e-09,0
0.0003553351,0
0.3041503,0
5.155193e-06,0
0.0003557303,0
0.2504764,0
8.690735e-07,0
0.001206652,0
2.15629e-06,0
