Score,Label
0.9998158,1
0.00131351,1
0.9997638,1
0.9999176,1
0.999997,1
0.9794733,1
0.9999993,1
0.999997,1
0.9999555,1
0.9944252,1
0.9999555,1
0.9626747,1
0.992991,1
0.9999908,1
3.074517e-08,0
0.8885221,0
2.588592e-09,0
5.18494e-10,0
5.600457e-09,0
2.404136e-09,0
5.600457e-09,0
0.0004169066,0
1.096999e-08,0
3.074517e-08,0
5.357375e-08,0
1.109761e-09,0
1.456101e-06,0
9.783889e-11,0
0.0002359245,0
1.510907e-08,0
9.084253e-08,0
0.001671431,0
7.861374e-09,0
9.494308e-11,0
1.629088e-07,0
8.607767e-06,0
5.600457e-09,0
2.671424e-09,0
2.354866e-05,0
5.600457e-09,0
1.063403e-06,0
3.018635e-08,0
