Score,Label
0.0001528695,1
0.9999918,1
0.9998828,1
0.9996792,1
0.9998828,1
0.9999319,1
0.0002032316,1
0.9998828,1
0.5322105,1
0.9969558,1
0.9969558,1
1,1
1,1
0.001000466,1
5.998774e-07,1
1,1
0.9997421,1
1,1
0.9999679,1
0.9999993,1
7.868185e-07,1
0.0003785892,0
9.213567e-05,0
0.9261008,0
2.740573e-06,0
2.345153e-06,0
0.1156428,0
0.0004469427,0
0.001032486,0
1.52647e-05,0
1.538371e-05,0
0.04892501,0
3.277486e-05,0
4.41699e-06,0
0.0001674743,0
1.221954e-05,0
1.82398e-05,0
0.9978896,0
2.835805e-06,0
2.636584e-05,0
1.164404e-05,0
0.0001116546,0
1.230496e-05,0
0.0004264739,0
3.337091e-05,0
1.501094e-05,0
9.213567e-05,0
3.049682e-05,0
0.0211948,0
0.0004006203,0
0.2380615,0
0.0001277249,0
2.541387e-06,0
0.0003877612,0
4.111933e-06,0
5.659111e-05,0
0.002030012,0
8.810136e-06,0
1.164404e-05,0
0.0001889792,0
9.213567e-05,0
2.483115e-05,0
1.780884e-05,0
