Score,Label
0.9964134,1
0.982747,1
3.180534e-05,1
0.9999998,1
0.0001152757,1
1,1
0.06359523,1
1,1
1,1
0.9990318,1
0.9991897,1
0.9997117,1
0.2438122,1
0.007011755,1
0.6178668,1
2.817598e-08,1
0.9999956,1
0.001672354,0
0.001403045,0
0.9999993,0
0.0008669635,0
5.358593e-05,0
1,0
6.710202e-06,0
0.9994116,0
2.638158e-05,0
0.0004447425,0
0.0003655194,0
0.0007539307,0
1.913966e-06,0
0.01699957,0
0.9815241,0
6.638493e-05,0
0.001292322,0
