Score,Label
0.07775541,1
0.0006274712,1
0.9999915,1
0.7043943,1
0.9998449,1
0.03411532,1
0.9999994,1
1,1
0.001814989,0
0.9999948,0
8.759249e-05,0
0.0001718487,0
0.9878647,0
4.692757e-08,0
5.933725e-05,0
0.9970053,0
0.9452311,0
5.933725e-05,0
5.162809e-06,0
0.0008211538,0
5.933725e-05,0
0.7698941,0
6.769445e-06,0
5.933725e-05,0
