Score,Label
0.9999771,1
1.924273e-08,1
7.328119e-07,1
0.9994901,1
0.9986414,1
3.215911e-07,1
0.9994901,1
3.226451e-08,1
0.9999999,1
2.300035e-06,1
0.4691961,0
0.0001062271,0
1.147726e-07,0
0.9995646,0
0.009754833,0
1.113668e-05,0
3.229134e-05,0
0.7650753,0
0.999632,0
6.227383e-08,0
1.136906e-06,0
0.9982015,0
0.501272,0
9.544959e-07,0
0.002129504,0
0.002129504,0
0.0001062271,0
2.92974e-05,0
1.668859e-08,0
0.003265107,0
