Score,Label
1,1
0.9999436,1
0.9999994,1
3.095275e-06,1
8.121013e-09,1
2.162152e-09,0
4.259165e-09,0
8.965822e-07,0
0.000162833,0
0.00370764,0
0.02525195,0
8.602141e-09,0
1.51457e-09,0
0.9869112,0
2.162152e-09,0
