Score,Label
0.70579,1
0.9951395,1
0.9788828,1
0.2550805,1
0.9694475,1
0.0008844327,1
0.002521027,0
0.972551,0
0.8649938,0
0.3417152,0
0.003787465,0
0.01070889,0
