Score,Label
1,1
1,1
1,1
1,1
1,1
1,1
1,1
1,1
1,1
1,1
0.004464841,1
1,1
1.524125e-05,1
6.735716e-09,0
5.103277e-11,0
0.9599876,0
0.002591409,0
7.855451e-05,0
7.168431e-05,0
7.473402e-08,0
0.002591409,0
0.7232401,0
1.405964e-07,0
0.9982591,0
7.170758e-10,0
0.002539256,0
