Score,Label
4.192706e-06,1
9.45416e-10,1
0.9999998,0
1.557552e-07,0
3.096731e-10,0
3.279352e-07,0
