Score,Label
1.700694e-07,1
0.9996592,1
0.9778057,1
5.712072e-05,1
1,1
0.0009096763,1
0.1064456,1
1.236831e-06,0
7.183002e-08,0
6.646828e-05,0
6.494614e-08,0
0.9978515,0
9.172663e-05,0
0.3149349,0
1.282351e-05,0
3.733419e-07,0
4.92823e-05,0
0.9988612,0
0.9999999,0
0.3149349,0
0.000194313,0
