Score,Label
0.9999391,1
0.9998642,1
2.681706e-05,1
0.9763264,1
8.36078e-07,1
0.9987856,1
0.07575053,1
0.0001772508,1
4.248161e-10,0
3.211771e-11,0
0.9381,0
0.002699087,0
0.0005763271,0
0.001558141,0
0.9949063,0
0.998575,0
