Score,Label
1,1
0.5838832,1
1,1
0.6989298,1
1,1
0.1259097,1
1,1
1,1
1,1
0.8973724,1
1.396638e-06,0
0.1259097,0
0.0001444168,0
8.491439e-07,0
0.1259097,0
0.1647952,0
6.099042e-08,0
0.1259097,0
1.55179e-05,0
0.1259097,0
