Score,Label
1,1
1,1
1,1
1,1
1,1
1,1
1,1
1,1
1,1
1,1
0.4356824,1
2.06628e-08,0
0.02533175,0
0.0002094952,0
8.100933e-05,0
0.007097934,0
0.9988232,0
0.003800766,0
1.833193e-06,0
4.17425e-07,0
1.300763e-08,0
1.73152e-08,0
