Score,Label
0.09043257,1
1,1
1.511909e-06,1
1,1
1,1
1,1
1,1
0.0002621533,1
0.9990459,1
0.002917854,1
1,1
1,1
1,1
0.00442205,0
1.097226e-06,0
2.424338e-09,0
6.231281e-07,0
2.439703e-07,0
9.071887e-09,0
1.995072e-05,0
1.31168e-07,0
1.607913e-08,0
8.505783e-09,0
0.9970812,0
1.992769e-08,0
1.995072e-05,0
