Score,Label
3.768802e-08,1
3.768802e-08,1
6.294976e-07,0
1.605233e-07,0
2.828717e-08,0
7.056736e-09,0
