Score,Label
0.9999995,1
0.9995031,1
1,1
0.999999,1
0.9969502,1
0.9994,1
0.97367,1
6.442828e-09,1
0.5984905,1
1,1
7.574576e-05,0
7.574576e-05,0
7.574576e-05,0
0.003791613,0
0.002860327,0
1.49358e-05,0
0.8933789,0
0.9714678,0
3.65087e-08,0
2.689207e-07,0
2.130351e-07,0
0.2160776,0
6.654259e-09,0
1.560706e-06,0
0.9999962,0
8.66025e-10,0
5.966919e-05,0
7.574576e-05,0
1.972668e-05,0
0.002443701,0
