Score,Label
1,1
1,1
1,1
0.980053,1
0.9999993,1
0.9978683,1
1,1
1,1
0.7245638,1
1,1
1,1
1,1
0.2651806,1
0.999954,1
0.9999442,1
1,1
1,1
1,1
0.559383,0
0.04516913,0
6.035078e-06,0
1.93795e-07,0
1.591607e-08,0
0.003881054,0
5.0889e-07,0
7.290829e-09,0
4.035152e-06,0
3.989305e-08,0
5.052373e-05,0
1.541126e-05,0
1.115796e-05,0
4.637383e-09,0
1.871827e-07,0
1.162612e-07,0
0.04134637,0
8.469433e-07,0
