Score,Label
0.9999996,1
1,1
1,1
1,1
0.0004582699,1
1,1
1,1
1,1
1,1
1,1
1,1
1,1
1,1
1,1
0.03964231,1
1,1
0.001457301,0
0.002553717,0
0.001746985,0
5.528563e-05,0
0.002553717,0
0.001746985,0
0.0007523097,0
9.228363e-06,0
0.0007523097,0
2.8035e-07,0
4.974629e-08,0
7.765209e-07,0
4.919496e-06,0
0.0001584823,0
2.482558e-07,0
5.361832e-08,0
