Score,Label
0.9999762,1
0.9999987,1
0.9999993,1
0.9991697,1
0.99922,1
0.9997234,1
0.9191694,1
0.999998,1
3.401823e-05,1
0.9999996,1
0.9991697,1
1.695313e-06,0
0.01933348,0
5.694983e-06,0
5.694983e-06,0
1.201937e-06,0
1.139597e-07,0
4.175627e-06,0
5.694983e-06,0
8.370338e-07,0
1.44569e-06,0
5.694983e-06,0
0.9999999,0
1.739307e-06,0
1.291696e-07,0
0.0003706928,0
0.002128108,0
0.0004312936,0
0.0006051101,0
2.430938e-07,0
5.889483e-07,0
2.020127e-07,0
9.905991e-09,0
