Score,Label
0.5774881,1
0.9999999,1
0.9893121,1
0.9999994,1
0.9312814,1
0.9964314,1
0.9964314,1
0.9999999,1
0.0002132113,0
0.000149264,0
2.92905e-06,0
0.006657301,0
0.0005436948,0
2.92905e-06,0
4.278715e-06,0
0.0005436948,0
0.0005436948,0
0.0004256426,0
0.0005436948,0
0.006520204,0
0.0001152502,0
0.0001622714,0
0.0005436948,0
0.0005436948,0
