Score,Label
0.9999999,1
0.9892576,1
0.9999982,1
0.9999996,1
0.9980745,1
0.9999996,1
0.6197971,1
0.106292,1
4.831712e-07,0
4.307328e-06,0
0.4007581,0
3.323232e-05,0
9.458293e-06,0
0.02154123,0
5.829782e-05,0
3.22704e-06,0
1.25205e-06,0
3.858015e-07,0
5.521093e-07,0
0.2378295,0
3.252337e-05,0
5.829782e-05,0
0.000143094,0
0.003551601,0
