Score,Label
1,1
1,1
1,1
1,1
1,1
0.9999956,1
0.9952281,1
0.9999939,1
1,1
3.325762e-05,0
8.173765e-07,0
5.090812e-07,0
2.966264e-07,0
1,0
1.615444e-07,0
9.546764e-08,0
9.374016e-06,0
9.771814e-09,0
