Score,Label
0.9999999,1
0.002098406,1
0.004775313,1
1,1
0.4692363,1
2.273295e-05,1
0.9999999,1
0.001537548,1
0.002098406,0
3.417517e-07,0
0.002098406,0
4.336241e-06,0
0.004994852,0
2.319841e-09,0
0.0005250208,0
0.03963742,0
0.5400029,0
0.07320949,0
0.8109503,0
0.003472253,0
0.1328601,0
4.994992e-09,0
0.04967456,0
0.6640161,0
