Score,Label
1,1
0.9999999,1
0.9988165,0
0.0001108227,0
0.06173923,0
0.03954938,0
