Score,Label
0.8632765,1
0.8632765,1
0.8632765,1
5.686495e-05,0
0.0001168481,0
5.192274e-05,0
4.968235e-05,0
0.0001668743,0
0.8632765,0
