Score,Label
0.9999663,1
0.9999646,1
0.07577559,1
0.972823,1
0.9994312,1
0.9999095,1
0.9999124,1
0.9981545,1
0.08890993,1
0.9934605,1
0.1257945,1
0.9999993,1
0.999966,1
0.9999907,1
0.5775539,1
0.06354986,1
0.8912309,1
0.5775539,1
0.9363296,1
0.9363296,1
0.5775539,1
0.449782,1
0.5775539,1
0.9999646,1
0.9999979,1
0.9363296,1
0.9999484,1
0.9995232,1
0.3107162,1
0.9998123,1
0.3107162,1
0.5775539,1
0.9994127,1
1.750709e-07,1
2.454368e-07,0
0.5351002,0
9.592814e-07,0
0.0003797535,0
0.5775539,0
7.267812e-08,0
0.04126265,0
3.114495e-10,0
2.362958e-12,0
0.00125466,0
1.869179e-05,0
4.595105e-12,0
2.574978e-06,0
0.003384108,0
3.118595e-07,0
9.883287e-09,0
0.5775539,0
0.04151156,0
1.297947e-05,0
0.01321559,0
6.387903e-08,0
6.235432e-05,0
0.001295323,0
2.882201e-10,0
9.981584e-05,0
0.05121582,0
0.5775539,0
2.352076e-13,0
0.7109055,0
1.168221e-10,0
3.190836e-05,0
9.883287e-09,0
8.230909e-08,0
0.03032032,0
2.575959e-08,0
0.003974187,0
0.5775539,0
0.04163501,0
0.008831379,0
0.9999894,0
0.5775539,0
6.167359e-08,0
4.331616e-06,0
3.461899e-08,0
8.210883e-05,0
3.632039e-09,0
0.5775539,0
0.9934104,0
0.02931043,0
0.5775539,0
0.3107162,0
0.5775539,0
1.889949e-10,0
1.628015e-08,0
0.02506969,0
0.6778575,0
0.005680583,0
5.031883e-09,0
0.0005311514,0
0.0001919868,0
1.154159e-11,0
2.33162e-07,0
1.230573e-05,0
1.315578e-13,0
0.5775539,0
6.099915e-12,0
8.174028e-06,0
4.209372e-06,0
