Score,Label
0.03481708,1
2.478324e-05,1
6.764726e-07,1
0.9749854,1
0.9749854,1
0.03481708,1
6.764726e-07,1
0.155233,1
0.0004902656,1
0.8935906,1
0.6573163,1
0.1125652,1
0.1168095,1
7.624659e-05,1
0.0001573852,1
0.0001573852,1
0.5024026,0
0.0001254813,0
0.8823278,0
3.682404e-05,0
1.192137e-05,0
0.0001113947,0
9.099963e-06,0
1.661475e-05,0
0.0001254813,0
4.724442e-05,0
6.79645e-07,0
1.467433e-05,0
0.009894938,0
0.6573163,0
5.438642e-05,0
0.0004357915,0
0.06493528,0
0.1030247,0
2.221093e-05,0
1.662125e-05,0
0.001751102,0
0.001751102,0
1.217462e-05,0
1.192137e-05,0
0.00168968,0
3.643348e-05,0
6.756427e-05,0
0.00015143,0
0.0001908758,0
0.9969663,0
0.8564016,0
6.726002e-06,0
