Score,Label
0.9999975,1
5.245907e-05,1
5.245907e-05,1
0.9998988,1
0.9999951,1
0.9983346,1
1,1
0.0002234724,0
0.03710289,0
1.182251e-05,0
0.009163123,0
9.380348e-06,0
7.582207e-05,0
2.829196e-09,0
0.9999994,0
1.086901e-11,0
7.030553e-07,0
0.0003574635,0
2.215852e-08,0
9.406706e-07,0
0.0002234724,0
