Score,Label
0.0001855728,1
1.637982e-08,1
0.0004998497,1
0.0001465342,1
2.334473e-07,1
9.392895e-08,0
5.577562e-05,0
0.0006867602,0
0.003446326,0
0.02205338,0
0.0006867602,0
1.281195e-07,0
0.1252384,0
0.0001004219,0
5.452235e-08,0
