Score,Label
0.9999988,1
0.9999998,1
0.9999998,1
0.9998001,1
0.001022036,0
8.18498e-06,0
1.201124e-05,0
0.0001960445,0
0.0001960445,0
0.0004381168,0
9.915775e-06,0
0.04571141,0
