Score,Label
1,1
0.9999819,1
8.715999e-09,1
1.187923e-08,1
3.89349e-06,1
1,1
2.036385e-07,0
1.622706e-07,0
3.94781e-08,0
3.594072e-05,0
1.001345e-09,0
1.418542e-05,0
