Score,Label
2.514139e-06,1
1.733052e-07,1
9.672091e-07,0
0.0001257335,0
9.672091e-07,0
5.134146e-08,0
