Score,Label
0.7496334,1
0.9999866,1
0.9999988,1
2.725951e-07,1
2.841934e-06,0
1.407775e-07,0
4.45868e-10,0
4.094557e-11,0
7.548538e-09,0
1.133227e-10,0
2.855223e-12,0
1.069463e-09,0
