Score,Label
1,1
0.9999999,1
0.9999999,1
2.13427e-09,0
4.940337e-05,0
1.278081e-05,0
7.421783e-06,0
0.05127724,0
3.154819e-12,0
