Score,Label
5.026706e-05,1
0.9999706,1
1.138864e-06,1
0.01857586,0
1.326636e-06,0
0.9982887,0
0.0598088,0
1.721283e-05,0
3.538418e-05,0
