Score,Label
0.5695879,1
0.9999734,1
0.9979891,1
0.9940766,1
6.91696e-09,1
1.003444e-09,0
1.108773e-08,0
0.5270768,0
7.055176e-07,0
0.002680978,0
7.93132e-08,0
0.9776949,0
2.811272e-05,0
2.42716e-09,0
3.066663e-08,0
