Score,Label
1.991616e-05,1
0.04302613,1
0.9990013,1
0.9990013,1
0.9997779,1
0.002778424,1
0.002778424,1
0.003180293,1
6.395119e-07,0
0.003180293,0
3.61331e-11,0
0.003180293,0
3.560985e-10,0
6.395119e-07,0
8.200861e-10,0
5.119791e-08,0
3.61331e-11,0
3.61331e-11,0
8.350599e-05,0
6.395119e-07,0
4.942923e-09,0
3.61331e-11,0
3.61331e-11,0
6.395119e-07,0
