Score,Label
0.9999824,1
0.9999824,1
0.9999824,1
0.9999824,1
0.0002037807,0
9.583282e-05,0
8.091445e-05,0
0.0001097195,0
1.426804e-05,0
1.677962e-05,0
0.0002037807,0
0.0002037807,0
