Score,Label
0.2021127,1
7.930564e-08,1
0.01904831,0
0.1555908,0
0.9999998,0
0.6099684,0
