Score,Label
0.8906569,1
1.930417e-05,1
1.930417e-05,1
1.915211e-07,0
7.597301e-09,0
3.768139e-09,0
1.18877e-10,0
1.19415e-07,0
0.01759331,0
