Score,Label
0.002728288,1
0.03589079,1
0.002728288,1
0.002728288,1
0.002728288,1
0.01194797,1
0.01194797,1
0.01194797,1
0.9979135,1
0.9979135,1
0.8750784,1
0.9979135,1
0.9979135,1
0.8750784,1
0.351093,1
0.7909697,1
2.429199e-08,0
2.429199e-08,0
2.429199e-08,0
5.632482e-05,0
0.0009311368,0
0.1108943,0
2.429199e-08,0
0.0007844014,0
2.429199e-08,0
2.429199e-08,0
1.923175e-06,0
2.429199e-08,0
2.429199e-08,0
0.0009311368,0
0.1108943,0
2.429199e-08,0
0.0009311368,0
1.923175e-06,0
1.923175e-06,0
1.70651e-08,0
2.429199e-08,0
2.429199e-08,0
1.923175e-06,0
0.0002439008,0
0.0009311368,0
2.429199e-08,0
1.923175e-06,0
2.429199e-08,0
1.70651e-08,0
0.0007844014,0
2.429199e-08,0
0.0009311368,0
