Score,Label
2.419153e-06,1
0.000451718,1
2.422177e-06,1
0.03191015,1
2.48501e-11,0
0.000743895,0
0.9515046,0
0.000743895,0
0.000451718,0
2.781521e-09,0
3.084594e-07,0
2.48501e-11,0
