Score,Label
0.1297593,1
0.9999968,1
0.9999959,1
0.1297593,1
3.558342e-06,0
3.558342e-06,0
0.000159259,0
0.9999273,0
0.9973295,0
2.428214e-06,0
8.013652e-05,0
0.0004575913,0
