Score,Label
0.9999821,1
0.9999821,1
5.409237e-05,1
5.717551e-06,1
5.409237e-05,1
1.100602e-05,1
0.9999996,1
0.9999983,1
0.9999996,1
0.9999996,1
9.567819e-08,0
9.567819e-08,0
7.866984e-09,0
0.0002967211,0
2.414833e-11,0
0.7973891,0
8.655657e-07,0
0.7973891,0
0.0002318692,0
2.414833e-11,0
9.567819e-08,0
0.7973891,0
3.374494e-08,0
0.7973891,0
9.203529e-12,0
1.412391e-07,0
5.159738e-06,0
0.7973891,0
5.296975e-10,0
6.486236e-06,0
