Score,Label
0.8387688,1
0.5917448,1
0.00131378,1
0.978452,1
0.708269,1
0.9818252,1
3.430864e-05,1
0.001853075,0
5.727653e-06,0
9.554555e-06,0
0.0002441704,0
0.999982,0
1.146684e-05,0
0.0235967,0
3.580875e-06,0
0.0005109571,0
0.9424143,0
0.02062742,0
0.0001822086,0
0.0002312047,0
0.2497612,0
