Score,Label
0.9915277,1
0.0003320957,1
0.956735,1
0.0002167446,1
0.0003570285,1
1,1
1,0
7.87537e-07,0
5.515072e-05,0
7.616463e-05,0
0.003498317,0
0.01662708,0
0.0002244885,0
5.515072e-05,0
0.0002167446,0
0.0001341956,0
0.0001883077,0
9.526246e-05,0
