Score,Label
0.3767632,1
0.9999998,1
0.9999998,1
0.9806551,1
1,1
0.1501801,1
1,1
0.00514466,1
0.002943995,1
0.002943995,1
0.002943995,1
0.00219465,1
0.003143271,0
0.002943995,0
0.002423575,0
0.0004641128,0
0.0005418907,0
0.0006995275,0
0.01696747,0
0.02269246,0
0.001323111,0
0.002399438,0
0.0006210515,0
0.001841303,0
0.001542804,0
0.002943995,0
0.002310655,0
0.002943995,0
0.002943995,0
0.002399438,0
0.002943995,0
0.0008159276,0
0.0003033844,0
0.002943995,0
0.0006043242,0
0.00100849,0
