Score,Label
1.284517e-08,1
0.2219744,1
0.2219744,1
0.0001347796,1
0.2219744,1
0.2219744,1
0.0001347796,1
0.926503,1
0.926503,1
0.1519289,1
1.226357e-07,0
0.9388253,0
1.226357e-07,0
0.002150381,0
1.226357e-07,0
1.226357e-07,0
1.226357e-07,0
1.226357e-07,0
3.701713e-08,0
1.226357e-07,0
1.226357e-07,0
1.226357e-07,0
1.226357e-07,0
1.226357e-07,0
1.226357e-07,0
1.226357e-07,0
1.226357e-07,0
1.226357e-07,0
0.0001709181,0
1.226357e-07,0
