Score,Label
6.818365e-09,1
6.818365e-09,1
6.818365e-09,1
6.818365e-09,1
6.818365e-09,1
6.818365e-09,1
6.818365e-09,1
1.842706e-25,0
1.842706e-25,0
1.842706e-25,0
1.842706e-25,0
1.842706e-25,0
0.000140267,0
1.842706e-25,0
0.000140267,0
1.842706e-25,0
1.842706e-25,0
1.842706e-25,0
1.842706e-25,0
1.842706e-25,0
2.055868e-06,0
