Score,Label
0.8445071,1
0.9999528,1
0.0003485695,1
0.999662,1
0.9994259,1
0.999827,1
0.9999986,1
0.9999986,1
1.444591e-12,0
1.444591e-12,0
4.321515e-11,0
1.444591e-12,0
1.444591e-12,0
1.444591e-12,0
0.0005705217,0
1.444591e-12,0
1.444591e-12,0
4.321515e-11,0
1.444591e-12,0
4.321515e-11,0
0.0004841524,0
1.444591e-12,0
1.444591e-12,0
1.444591e-12,0
