Score,Label
0.8923571,1
5.700179e-15,1
5.700179e-15,1
2.459802e-07,0
3.247526e-07,0
5.480114e-05,0
1.680232e-09,0
6.996939e-11,0
1.05643e-05,0
