Score,Label
0.9999894,1
0.003722494,1
0.003722494,1
0.0700952,1
0.9999746,1
1.284066e-06,0
7.53103e-05,0
0.003722494,0
0.0700952,0
0.997839,0
0.001676397,0
7.53103e-05,0
0.5921418,0
0.0001608458,0
4.877864e-05,0
