Score,Label
5.90968e-05,1
0.9919715,1
0.0009713914,1
0.001044373,1
6.413556e-05,1
0.146369,1
0.1855697,1
1.188959e-05,1
0.0009719534,1
0.0002009365,1
0.9999943,1
0.9986863,1
3.742136e-05,1
0.9998879,1
0.9999999,1
0.9994333,0
0.394943,0
3.3275e-05,0
3.3275e-05,0
3.365756e-05,0
0.00086512,0
0.001686394,0
0.9999993,0
0.00086512,0
0.00086512,0
0.9989095,0
4.969249e-05,0
0.001686394,0
5.90968e-05,0
6.530577e-06,0
