Score,Label
0.0002071836,1
0.4813494,1
0.9999986,1
5.182947e-06,1
0.9799262,1
0.9999652,1
0.9989832,1
0.9997361,1
2.157804e-06,0
2.808351e-05,0
0.005288819,0
0.0001291,0
0.9999988,0
2.990035e-07,0
0.9995751,0
3.251257e-07,0
