Score,Label
0.9917672,1
0.9951518,1
0.8472869,1
0.9999589,1
0.0006396662,1
0.0006396662,1
0.0002695778,1
0.1125452,1
9.555212e-05,1
0.0002695778,1
0.9999938,1
0.9580585,1
2.079864e-06,1
2.889398e-12,0
6.635948e-05,0
0.004185423,0
0.004185423,0
0.004185423,0
0.9937304,0
0.004185423,0
0.9999799,0
0.9999634,0
0.004185423,0
0.002225353,0
0.9999955,0
0.003913526,0
