Score,Label
7.88994e-05,1
7.88994e-05,1
0.008875293,1
0.005164078,1
0.008875293,0
0.0177149,0
0.1390496,0
0.008875293,0
0.003031318,0
0.5006223,0
0.1390496,0
0.005244582,0
