Score,Label
1,1
1,1
0.9999981,1
1,1
0.9999973,1
1,1
0.9999988,1
9.199704e-05,1
0.1162341,0
0.0004132013,0
1.941389e-05,0
0.0004132013,0
1.563429e-05,0
1.511777e-05,0
0.008972763,0
0.1024361,0
