Score,Label
8.686562e-06,1
8.686562e-06,1
1,1
1,1
0.0001067835,1
1,1
0.9942343,1
0.9999985,1
0.002247522,1
0.9992666,1
0.000126265,0
0.0002321134,0
0.09181583,0
0.2036275,0
0.001371972,0
0.5447732,0
0.004693449,0
0.002647519,0
0.9989811,0
0.002033187,0
