Score,Label
0.0001270607,1
1,1
0.9989122,1
6.327803e-07,1
0.9999738,1
2.646595e-05,1
1.010675e-07,1
0.9999921,1
0.9989706,1
8.591401e-05,1
0.4072981,0
8.591401e-05,0
6.954552e-05,0
0.3390552,0
0.9462823,0
4.937526e-08,0
6.327803e-07,0
0.8836938,0
0.4409801,0
0.00250977,0
