Score,Label
0.99998,1
0.328631,1
0.9870685,1
0.1027003,1
0.1027003,1
1,1
1,1
0.01924944,1
0.9987847,1
0.04094537,1
8.23045e-06,1
1,1
4.797575e-05,1
0.99998,1
0.9999968,1
0.645106,0
0.328631,0
0.09211645,0
0.9999985,0
0.9718806,0
0.9031999,0
0.9935914,0
0.01022846,0
1.078796e-05,0
0.01022846,0
3.425992e-06,0
5.055937e-06,0
0.3416551,0
1,0
0.5007606,0
