Score,Label
0.03483984,1
0.9999582,1
0.9999582,1
0.0005280272,1
0.0003997244,1
1.043536e-05,1
0.999985,1
0.9999957,1
0.00105869,1
0.01203542,1
0.9620914,1
1.657773e-06,1
0.0001443047,1
0.006769606,0
0.4140992,0
2.3152e-09,0
0.0001077302,0
0.0007140654,0
4.345947e-05,0
9.942809e-07,0
0.8131499,0
0.003688585,0
0.02227425,0
0.01827464,0
1.462055e-05,0
0.8367653,0
