Score,Label
0.002130278,1
0.9999969,1
0.9999999,1
0.108032,1
0.9358296,1
0.9998614,1
0.0002387383,1
0.9999993,1
1,1
1,1
0.03834639,1
0.9999983,1
0.9999999,1
2.421629e-05,1
0.006858056,1
1,1
1,1
0.0003877921,1
0.0003877921,0
0.9999999,0
0.9840375,0
0.0149174,0
0.0001681813,0
0.0003877921,0
1.557149e-05,0
0.0007811956,0
0.001838632,0
3.472239e-05,0
0.0003877921,0
0.001162452,0
0.0001614768,0
1.181564e-05,0
0.0002326005,0
2.619371e-05,0
0.00310416,0
1,0
