Score,Label
0.9965613,1
0.9965613,1
9.106896e-05,1
9.106896e-05,1
9.106896e-05,1
1.078512e-06,1
1.078512e-06,1
9.927307e-07,0
0.3398818,0
6.286157e-07,0
0.999981,0
4.102149e-05,0
2.361987e-06,0
0.9999987,0
