Score,Label
0.9999998,1
0.0008877072,1
0.002149947,1
0.9999999,1
0.0002011994,1
0.0008877072,0
1.242705e-05,0
0.9999212,0
0.0006844729,0
7.77833e-05,0
