Score,Label
1,1
0.0001959976,1
0.9979387,1
0.9999685,1
0.9954304,1
0.9954304,1
0.9954304,1
0.9949319,0
0.0002816114,0
0.0004107875,0
3.366163e-07,0
1.428098e-06,0
0.0006634105,0
6.424854e-07,0
6.424854e-07,0
6.424854e-07,0
0.001977624,0
0.0002816114,0
7.125187e-07,0
0.001977624,0
3.693103e-07,0
