Score,Label
8.903043e-06,1
0.9121805,1
0.9998102,1
0.8557279,1
0.9999985,1
1,1
1,1
1,1
0.994354,1
1,1
1,1
1,1
3.206891e-08,0
1.339467e-05,0
8.601489e-08,0
0.004275945,0
0.002481007,0
5.313353e-08,0
4.231807e-06,0
6.973731e-05,0
0.01321374,0
1.230318e-07,0
1.230318e-07,0
0.03739383,0
0.000192923,0
8.371296e-07,0
8.634529e-06,0
8.601489e-08,0
1.230318e-07,0
0.004275945,0
4.394838e-06,0
2.742027e-06,0
0.0002515739,0
2.650107e-07,0
8.601489e-08,0
1,0
