Score,Label
0.9897715,1
4.113337e-06,1
0.9999009,1
0.9999009,1
3.795594e-12,0
4.757643e-17,0
3.795594e-12,0
1.300458e-18,0
2.709714e-12,0
9.579106e-19,0
4.757643e-17,0
2.709714e-12,0
