Score,Label
0.9885619,1
0.9885619,1
0.0001676232,1
0.0001676232,1
1,1
0.0001676232,1
1.096642e-06,0
3.793329e-05,0
0.0005191628,0
2.752699e-06,0
0.0005191628,0
2.752699e-06,0
0.03034433,0
2.752699e-06,0
1.554076e-06,0
3.793329e-05,0
0.03034433,0
0.0005191628,0
