Score,Label
6.625231e-06,1
0.9999961,1
0.9997274,1
0.9956892,1
0.9956892,1
0.2031516,1
0.9992958,1
1.06402e-05,0
0.0001574261,0
0.875362,0
0.0003028146,0
0.0002202281,0
0.004269438,0
0.0004285966,0
