Score,Label
5.736845e-05,1
0.9997579,1
0.999993,1
3.293413e-09,1
8.389236e-06,1
0.002989929,1
0.9999968,1
0.9999642,1
0.0002969891,1
1.409094e-05,1
0.9999939,1
0.0002011721,1
0.9999967,1
3.293413e-09,0
8.389236e-06,0
0.9343634,0
0.0002969891,0
3.293413e-09,0
1.37341e-05,0
5.736845e-05,0
1.369463e-08,0
1.573448e-09,0
1.37341e-05,0
0.0002011721,0
0.0002969891,0
0.0002011721,0
