Score,Label
0.9998438,1
0.9996665,1
0.9997781,1
0.9996665,1
0.9971329,1
4.600137e-09,0
3.06195e-05,0
0.00657077,0
3.06195e-05,0
0.8613405,0
1.261103e-11,0
4.600137e-09,0
4.545542e-11,0
9.067019e-05,0
1.266452e-12,0
