Score,Label
0.9999988,1
0.8937529,1
0.006800626,1
0.8937529,1
0.006800626,1
0.006800626,1
0.05978448,1
0.05978448,1
0.07365647,1
0.07524078,0
0.547805,0
0.01404197,0
0.07524078,0
0.02820615,0
0.00100255,0
0.07524078,0
0.07524078,0
0.07524078,0
0.00100255,0
0.07524078,0
0.00100255,0
0.547805,0
0.01404197,0
0.07524078,0
0.00100255,0
0.07524078,0
0.001252698,0
