Score,Label
0.0009287166,1
0.0009287166,1
0.0009287166,1
0.0009287166,1
0.0009287166,1
0.9982583,1
0.9954013,1
0.0006773979,1
0.7427022,1
3.12865e-05,1
0.9917024,1
0.9982583,1
0.002120412,0
0.0004228439,0
2.659946e-07,0
0.0009287166,0
0.02810021,0
0.002120412,0
0.002120412,0
7.927439e-06,0
0.0009287166,0
7.927439e-06,0
8.003273e-07,0
0.002120412,0
