Score,Label
9.820357e-07,1
9.820357e-07,1
1,1
0.0003678984,1
6.217378e-08,1
0.0166348,1
0.0004083205,1
0.9999999,1
1.472724e-07,0
1.433534e-06,0
5.476809e-09,0
9.820357e-07,0
8.315312e-07,0
1.433534e-06,0
7.14113e-09,0
2.535953e-07,0
