Score,Label
0.9067604,1
0.8791522,1
0.8791522,1
0.8791522,1
0.8791522,1
0.8791522,1
0.9067604,1
0.9940264,1
0.8791522,1
0.8791522,1
0.8791522,1
0.9067604,1
6.979541e-06,0
0.8791522,0
0.8791522,0
0.01810531,0
0.1055762,0
0.01810531,0
6.979541e-06,0
0.1055762,0
3.406155e-06,0
0.1055762,0
6.979541e-06,0
0.1055762,0
3.406155e-06,0
3.406155e-06,0
3.406155e-06,0
0.1055762,0
6.979541e-06,0
0.9684506,0
3.406155e-06,0
3.406155e-06,0
3.406155e-06,0
3.406155e-06,0
1.415313e-05,0
0.9850335,0
