Score,Label
0.004678251,1
0.002466489,1
0.9999934,1
0.9999992,1
0.9941939,1
0.9999934,1
0.9999981,1
0.9941939,1
0.002466489,1
0.002466489,1
7.911668e-05,1
0.5849992,1
1,1
0.49502,1
0.49502,1
0.9999644,1
0.9997588,1
0.9999703,1
0.9999703,1
0.9956158,1
0.6333756,1
0.6333756,1
0.04766831,1
0.6333756,1
0.9999703,1
0.9999703,1
0.999671,1
0.9975242,1
0.999671,1
0.9996468,1
0.01015409,1
0.006821854,1
0.999671,1
0.999671,1
0.6705692,1
0.9772982,1
0.9772982,1
0.9772982,1
0.004678251,1
0.6987972,1
0.7283903,1
0.999793,1
1,1
0.7283903,1
0.999793,1
0.7283903,1
0.5336397,1
0.9533248,1
1,1
1,1
0.9994801,1
0.2941972,1
1.305315e-06,1
0.9772982,1
0.9772982,1
0.9772982,1
0.0001195173,1
0.9205561,1
0.9999828,1
0.9996932,1
0.9996679,1
0.003972725,1
0.9886681,1
0.9331447,1
0.9331447,1
0.9976735,1
0.9976735,1
0.9976735,1
0.9976735,1
0.0001433002,0
0.9996468,0
0.6333756,0
0.0003828413,0
0.6333756,0
1.034346e-05,0
7.785196e-06,0
0.9814294,0
4.022276e-05,0
2.425684e-09,0
3.475432e-07,0
8.460226e-06,0
0.0004182577,0
0.0096911,0
0.9999981,0
3.364559e-05,0
0.002466489,0
5.604691e-05,0
4.77423e-05,0
3.379718e-05,0
3.593601e-06,0
8.881358e-05,0
0.008913238,0
0.7283903,0
5.879993e-06,0
3.593601e-06,0
3.379718e-05,0
0.000119597,0
0.9221287,0
2.337674e-05,0
0.9947447,0
1.433945e-06,0
1.600833e-05,0
0.007324508,0
0.001585955,0
3.379718e-05,0
0.9331447,0
4.483783e-08,0
0.001039283,0
1.122483e-05,0
0.2941972,0
0.6333756,0
1.536221e-06,0
0.5336397,0
1.440731e-05,0
3.379718e-05,0
0.002466489,0
1.717759e-05,0
0.06546471,0
7.213689e-05,0
0.0003806622,0
4.173187e-05,0
3.518332e-06,0
5.125722e-07,0
1.256104e-05,0
0.9329022,0
9.211678e-05,0
4.173187e-05,0
0.007473734,0
2.003496e-07,0
0.00011669,0
0.6333756,0
3.379718e-05,0
0.0001874829,0
1.514035e-05,0
1.514035e-05,0
2.02818e-05,0
0.00961469,0
3.852497e-05,0
