Score,Label
0.003978595,1
0.003978595,1
0.9995939,1
0.9999195,1
0.04121042,1
0.9999346,1
0.9997596,1
0.6360986,1
0.9999195,1
0.01210471,1
6.906577e-05,1
6.906577e-05,1
0.7392225,1
0.9999753,1
0.1500849,1
0.9999998,1
1,1
1,1
1,1
0.001093998,1
0.7389876,1
0.9999999,1
0.9999999,1
0.4816683,1
0.9999999,1
0.1242788,1
0.7222635,1
0.9984095,1
0.9984095,1
0.002006478,1
0.001468651,1
0.01802771,1
3.196201e-06,1
0.9998179,1
0.0476884,1
0.001684258,1
0.03733304,1
0.03733304,1
0.9984095,1
0.9984095,1
0.9995939,1
0.008133348,1
0.701963,1
0.415702,1
0.7668154,1
0.415702,1
0.9999982,1
0.8395349,1
1,1
0.8395349,1
0.02866256,1
0.9999992,1
0.9999982,1
0.9999874,1
0.9999874,1
0.9999995,1
0.9976459,1
0.7222635,1
0.7222635,1
0.9990668,1
0.9905351,1
0.001876587,1
0.9891781,1
0.9999989,1
0.9999866,1
0.9999989,1
1,1
0.01802771,1
0.006144946,1
0.01972109,1
0.9999999,1
0.9999999,1
0.9999999,1
0.04392349,1
0.04392349,1
0.7222635,1
0.9984095,1
0.8655174,1
0.7222635,1
0.0002266393,1
0.8655174,1
0.9999995,1
0.9999999,1
0.9999995,1
0.9984095,1
0.9995939,1
0.8655174,1
0.7222635,1
0.006144946,1
1,1
0.9999993,1
1,1
0.9999945,1
0.8446062,1
1.943009e-07,1
0.1505233,0
1.618657e-10,0
0.9997596,0
9.488923e-09,0
0.7222635,0
0.0001052954,0
0.9980037,0
0.9592264,0
0.04392349,0
0.06737844,0
0.001945673,0
0.7421094,0
8.001733e-08,0
7.694399e-08,0
1.228609e-08,0
0.001815485,0
0.00940511,0
0.002919179,0
3.186536e-07,0
0.02172327,0
2.764129e-07,0
0.7222635,0
0.002919179,0
0.9984095,0
0.9985421,0
0.003899433,0
7.022606e-07,0
0.1629828,0
0.00940511,0
0.8655174,0
0.001254283,0
2.468744e-11,0
0.008686577,0
0.01710454,0
0.9996697,0
6.943376e-11,0
0.1505233,0
3.388443e-06,0
5.443236e-07,0
2.169418e-07,0
0.7392225,0
0.002579015,0
3.671278e-06,0
0.7222635,0
0.0002248876,0
0.002006478,0
0.7222635,0
0.004915126,0
0.115204,0
4.095886e-05,0
2.764129e-07,0
2.034392e-08,0
0.1505233,0
3.935676e-08,0
0.0003185412,0
0.4543501,0
5.95677e-06,0
4.954622e-11,0
0.9998734,0
2.631749e-09,0
0.002006478,0
0.08209214,0
0.9997596,0
0.9999924,0
5.830169e-08,0
3.997698e-05,0
0.1505233,0
1.08416e-10,0
9.745387e-08,0
0.003899433,0
0.003978595,0
0.001976422,0
0.1110545,0
0.9986297,0
0.9902517,0
0.0002248876,0
0.7222635,0
0.0002248876,0
0.7222635,0
0.4600008,0
0.1505233,0
0.7222635,0
0.01471724,0
0.7389483,0
0.003899433,0
0.0003266571,0
4.082813e-11,0
2.576618e-06,0
0.003899433,0
9.724884e-09,0
0.0005369441,0
0.4543501,0
2.576618e-06,0
0.006858855,0
2.115328e-08,0
