Score,Label
0.9997328,1
0.9999992,1
0.9997328,1
1,1
0.9998899,1
0.003507403,1
0.004109346,1
0.004109346,1
1,1
0.9998899,1
0.996196,1
0.850039,1
0.3842433,1
0.850039,1
0.9998264,1
0.4593808,1
0.4593808,1
1,1
0.9997063,1
0.9994009,1
0.9994009,1
0.007699009,1
0.9919144,1
0.9919144,1
0.9919144,1
0.007699009,1
0.006704609,1
0.6655127,1
0.9166299,1
0.001542575,1
0.3203151,1
0.001542575,1
0.001542575,1
0.01429286,1
0.8298433,1
0.01429286,1
0.9999979,1
0.01429286,1
0.9868325,1
1,1
0.9959123,1
0.01055937,1
1,1
1,1
0.9410896,1
0.9959123,1
0.9868325,1
0.9961087,1
0.4832581,1
0.9989976,1
0.007079468,1
0.7234086,1
0.006474691,1
0.9060389,1
0.9820613,1
0.002664241,1
0.0009730157,1
0.9999195,1
0.9986784,1
4.48434e-06,1
2.773017e-05,1
4.083398e-06,1
0.9999976,1
0.9999976,1
0.9999993,1
0.9999707,1
0.007699009,1
0.9982429,1
1,1
0.999961,1
1,1
0.9878851,1
1,1
0.219076,1
0.9999833,1
1,1
0.850039,1
1,1
0.9994957,1
0.850039,1
0.850039,1
0.850039,1
0.9997937,1
0.9999954,1
0.9999968,1
0.0001320228,1
0.0005299266,1
0.9999999,1
0.9999999,1
1,1
0.9997328,1
0.06213207,0
5.344975e-07,0
4.986819e-05,0
1.12052e-05,0
0.029045,0
7.869337e-05,0
7.850461e-06,0
0.002619006,0
0.9997063,0
0.0001424238,0
2.874149e-05,0
0.9961087,0
0.004109346,0
0.4407124,0
0.9987294,0
4.986819e-05,0
1.12229e-05,0
1.075162e-05,0
0.04110947,0
2.083954e-06,0
1.143676e-06,0
0.002044716,0
1.5331e-06,0
3.104354e-05,0
0.06213207,0
0.0005666982,0
0.9953471,0
0.0005666982,0
1.320163e-05,0
0.7699062,0
0.0005666982,0
0.6895193,0
5.395672e-05,0
4.416101e-05,0
0.007699009,0
0.002386555,0
1.62982e-05,0
0.0005666982,0
4.259808e-05,0
2.65449e-06,0
0.0003028689,0
3.669976e-07,0
7.062224e-06,0
7.220392e-05,0
0.002930586,0
0.04110947,0
0.02054348,0
0.0005666982,0
0.007699009,0
0.8298433,0
0.007726185,0
0.850039,0
0.002609842,0
0.3319877,0
0.0005666982,0
6.690807e-07,0
0.03036433,0
0.9960492,0
0.0005666982,0
0.0007908948,0
0.06260258,0
0.0005666982,0
0.0001862256,0
6.874248e-05,0
4.107316e-06,0
7.064183e-05,0
2.238663e-07,0
7.248373e-06,0
2.255448e-05,0
1.126354e-06,0
7.147297e-05,0
0.01631502,0
3.723277e-05,0
0.001858123,0
0.000102952,0
6.941757e-06,0
7.466374e-05,0
0.0004710814,0
0.06213207,0
2.807363e-06,0
7.15514e-05,0
0.04110947,0
0.04442163,0
0.00249461,0
0.001030704,0
0.1762867,0
0.001903445,0
1.301048e-05,0
2.238663e-07,0
1.527735e-07,0
0.002930586,0
