Score,Label
0.9999995,1
0.0001553074,1
0.9999995,1
1,1
1,1
0.0002361027,1
1,1
1,1
1,1
1,1
0.0609232,1
0.9477177,1
0.6829434,1
1,1
1,1
1,1
1,1
0.9998991,1
1,1
0.9999994,1
1,1
7.182922e-05,1
0.001831349,1
1,1
0.0343055,1
1,1
1,1
1,1
0.9959387,1
0.9010881,1
0.6082286,1
1,1
1,1
0.9982417,1
0.9999994,1
0.9010881,1
1,1
1,1
1,1
1,1
0.009714255,1
0.9999999,1
0.9958888,1
0.8159543,1
0.9998688,1
0.9999999,1
0.9999906,1
0.999994,1
0.9999906,1
0.9999956,1
0.9999986,1
1,1
0.9999967,1
1,1
0.03557259,1
0.0003804706,1
0.9964795,1
0.9964795,1
0.4290544,1
0.9999903,1
1,1
1,1
1,1
1,1
0.0008725096,1
0.01275852,1
0.9935267,1
0.9732458,1
0.9935267,1
0.9999528,1
1,1
1,1
0.9999903,1
1,1
1,1
1,1
0.9999728,1
0.9993388,1
1,1
0.9993388,1
0.8153017,1
1,1
1,1
1,1
1,1
1,1
1,1
1,1
0.9999986,1
0.0003804706,1
8.678751e-05,0
0.0001177873,0
0.9999996,0
0.9999994,0
7.182922e-05,0
0.0003804706,0
0.9983699,0
0.00280635,0
0.007126816,0
6.233044e-06,0
0.0001191413,0
0.0003804706,0
4.876923e-06,0
4.190211e-05,0
9.941081e-05,0
0.3487536,0
0.003488407,0
0.0007489712,0
0.0004984621,0
0.9979297,0
3.986487e-06,0
2.431132e-05,0
2.658248e-05,0
0.0003804706,0
0.002672042,0
0.7287413,0
2.585747e-05,0
0.0003804706,0
0.0001835453,0
0.0003804706,0
7.964278e-05,0
0.01421529,0
0.0003804706,0
0.9999868,0
0.7804488,0
0.0008360354,0
1,0
0.9999906,0
2.244451e-05,0
0.008269798,0
8.509481e-06,0
0.00134227,0
0.9996438,0
0.6829434,0
0.4948823,0
3.834917e-05,0
0.04652066,0
1.740981e-06,0
0.0003804706,0
0.03301828,0
0.008808386,0
0.0003804706,0
0.0001573534,0
6.823613e-05,0
0.394513,0
1.18759e-05,0
0.9983699,0
0.0088177,0
1.077426e-05,0
0.0003415729,0
2.219476e-06,0
8.501883e-05,0
0.1169434,0
4.372728e-05,0
1,0
0.2216862,0
0.001268077,0
0.8625434,0
0.9382845,0
0.7174563,0
0.001280486,0
7.734679e-06,0
0.003977276,0
0.0003804706,0
0.0005474715,0
0.9999609,0
0.0003804706,0
0.5254023,0
0.0001488315,0
1.349774e-05,0
1,0
0.0003804706,0
7.222623e-05,0
0.9999998,0
0.9911906,0
0.0003804706,0
0.0003804706,0
0.0003804706,0
8.676599e-05,0
0.06563029,0
