Score,Label
0.9999893,1
0.0001295225,1
2.073924e-06,1
0.9999998,1
1,1
1,1
0.02848272,1
0.5648138,1
1,1
0.01329571,1
1,1
1,1
1,1
0.00132223,1
0.9999996,1
6.046343e-05,1
6.046343e-05,1
0.01341479,1
0.1495804,1
6.046343e-05,1
0.9999056,1
0.9999998,1
1,1
0.7691904,1
0.008397835,1
0.0004279687,1
0.7691904,1
0.9999999,1
0.7691904,1
0.05463982,1
0.9999981,1
0.9999973,1
0.7691904,1
0.9178808,1
0.7691904,1
0.9972879,1
0.0007285834,1
0.001370402,1
0.3857077,1
0.7691904,1
0.2634317,1
0.9178808,1
0.004685957,1
5.535421e-05,1
0.9918629,1
0.999995,1
0.9999998,1
0.0005176858,1
0.9790109,1
0.7691904,1
0.0004279687,1
0.7691904,1
0.9999998,1
1,1
1,1
0.01221482,1
0.001358386,0
0.1276423,0
0.0009832624,0
0.9999695,0
0.001752403,0
0.004685957,0
0.0003013403,0
0.0002988179,0
0.0006076324,0
0.8568321,0
0.003307439,0
4.344879e-05,0
0.0009832624,0
1,0
0.0002197157,0
0.687681,0
0.2229729,0
0.9999986,0
0.9998949,0
0.526343,0
0.0009832624,0
0.005905425,0
0.004685957,0
0.001325943,0
0.0001988344,0
0.0002655347,0
0.03077928,0
4.641726e-05,0
0.549318,0
6.470321e-06,0
0.6629632,0
2.68152e-05,0
0.956347,0
2.722526e-05,0
0.0009832624,0
0.001696879,0
0.0009251451,0
0.9998453,0
1,0
7.36884e-05,0
0.6691282,0
0.9641009,0
0.0001447159,0
0.007263325,0
0.1276423,0
0.0009832624,0
0.07848053,0
0.0665224,0
0.0002434027,0
0.0004188685,0
0.0007176713,0
0.0007176713,0
0.9999776,0
0.0009832624,0
0.5733932,0
1.626351e-06,0
