Score,Label
0.9999857,1
0.0001152321,1
0.9999969,1
1,1
1,1
0.9997333,1
0.1644301,1
0.01334636,1
0.999995,1
2.154934e-05,1
0.005591732,1
0.263819,1
0.9932382,1
0.9999952,1
0.009773354,1
0.0001654086,1
0.0001654086,1
0.9999441,1
0.9999999,1
1,1
0.9763709,1
0.6979494,1
0.9999917,1
0.2908872,1
0.6804075,1
0.9692786,1
1,1
0.9952455,1
0.08395536,1
8.75439e-06,1
0.9999402,1
0.9999499,1
0.0004546235,1
0.5945828,1
0.9867431,1
0.865412,1
0.9997513,1
0.9997424,1
0.9998666,1
0.9999993,1
0.9999999,1
0.9999998,1
0.9886132,1
0.9994636,1
0.9999857,1
0.9999931,1
0.9999999,1
0.9763709,1
0.6787343,1
0.9996266,0
0.0002096703,0
0.001012786,0
4.512646e-06,0
1,0
0.0003145231,0
0.1624134,0
0.0001171259,0
0.1624134,0
4.780864e-05,0
0.001492159,0
0.9999781,0
6.065977e-06,0
0.3866827,0
6.178074e-07,0
1.86454e-05,0
0.1624134,0
1.010384e-07,0
0.009773354,0
0.9999965,0
2.168635e-06,0
0.03280553,0
1.120537e-06,0
0.1243295,0
0.05302167,0
4.780864e-05,0
0.2085944,0
0.007224572,0
0.9960619,0
0.9999998,0
0.05760836,0
6.272716e-06,0
0.000621905,0
0.001463427,0
0.000103974,0
5.530916e-07,0
0.005157563,0
0.7901759,0
0.9324021,0
8.991782e-05,0
6.100106e-06,0
0.0007007635,0
0.2550643,0
0.1624134,0
0.000164836,0
0.1624134,0
0.0001123568,0
0.02939953,0
0.5534263,0
