Score,Label
0.0169751,1
0.9994049,1
0.9779506,1
0.9779506,1
0.06670826,1
1,1
0.0005866575,1
0.9994049,1
0.9999423,1
0.1820891,1
0.9742689,1
0.5344324,1
0.9999611,1
0.0001293525,1
0.00169522,1
0.8348715,1
0.9999998,1
0.987479,1
0.9999939,1
0.9965091,1
0.8623283,1
0.9671507,1
0.9915106,1
0.1239453,1
1.237389e-05,1
1.962964e-07,1
0.9999999,1
0.4318067,1
0.0005893731,1
0.4318067,1
0.029026,1
0.2287151,1
0.999998,1
0.999998,1
0.033179,1
1,1
0.9285421,1
1,1
0.9994049,1
0.9994049,1
4.671013e-06,1
1,1
1,1
1,1
1,1
0.0004484366,0
0.0002162247,0
0.9449533,0
0.9742689,0
0.0003200217,0
0.0198953,0
0.9956268,0
0.0003297831,0
0.0006451587,0
0.1071425,0
0.002509832,0
1.612996e-06,0
0.05968984,0
0.2161186,0
3.905214e-05,0
1.909913e-05,0
3.564761e-07,0
0.00880996,0
0.000570767,0
0.0002596242,0
0.0002755916,0
0.001703711,0
0.9690452,0
4.804378e-05,0
4.804378e-05,0
0.9996424,0
5.096105e-06,0
0.001135082,0
0.0114014,0
0.1139194,0
0.0007174737,0
0.01643809,0
1.005281e-05,0
0.004246881,0
2.165837e-05,0
0.0198953,0
8.699204e-06,0
0.8175731,0
1.934877e-05,0
8.55791e-06,0
0.9988971,0
0.04993522,0
1,0
0.008535707,0
0.007083773,0
