Score,Label
1,1
0.9999999,1
1,1
1,1
1,1
1,1
1,1
1,1
1,1
1,1
1,1
1,1
1,1
0.01416419,1
0.9998875,1
0.9938228,1
0.5464645,1
1.025058e-09,0
9.176024e-07,0
5.342505e-06,0
0.1567338,0
5.342505e-06,0
9.176024e-07,0
1.769633e-05,0
1.664302e-05,0
1.099307e-09,0
8.265726e-05,0
7.121911e-06,0
1.025058e-09,0
4.546824e-07,0
3.003158e-08,0
1.511926e-09,0
9.176024e-07,0
3.615308e-08,0
