Score,Label
1,1
1,1
1,1
1,1
0.9999611,1
0.9999999,1
0.9999082,1
1,1
1,1
0.9999996,1
1,1
1,1
1,1
0.9999986,1
1,1
1,1
1,1
0.7856055,1
1,1
0.9989992,1
1.88955e-08,0
1.855801e-08,0
7.341176e-05,0
7.341176e-05,0
6.431169e-05,0
1.421494e-06,0
1.200905e-06,0
4.944623e-08,0
2.909427e-07,0
2.909427e-07,0
4.27292e-06,0
1.934404e-08,0
1.934404e-08,0
1.849894e-05,0
6.431169e-05,0
1.13445e-07,0
1.019787e-08,0
1.200905e-06,0
7.875627e-06,0
9.485427e-05,0
