Score,Label
0.0008808365,1
0.9306636,1
0.000261606,1
0.0008808365,1
0.9999917,1
0.9999917,1
0.9999917,1
1,1
0.8977802,1
0.8977802,1
0.0001173726,0
0.0008808365,0
1.86163e-05,0
1.86163e-05,0
0.001037436,0
0.0008808365,0
1.86163e-05,0
1.86163e-05,0
1.86163e-05,0
0.001037436,0
0.0001249446,0
1.86163e-05,0
0.001037436,0
0.001037436,0
0.001037436,0
0.0008808365,0
1.86163e-05,0
0.0003217235,0
0.0008808365,0
4.952257e-05,0
