Score,Label
1.029608e-05,1
0.9987698,1
0.9987698,1
0.9987698,1
0.9987698,1
0.9987698,1
0.9999942,1
0.9999942,1
0.9979975,1
3.42787e-08,0
1.029608e-05,0
0.0008545284,0
3.42787e-08,0
0.0001336716,0
0.0001336716,0
0.5003028,0
1.716041e-08,0
3.42787e-08,0
0.0008545284,0
1.029608e-05,0
3.42787e-08,0
0.5003028,0
3.42787e-08,0
0.9810081,0
2.975471e-06,0
1.637788e-06,0
3.42787e-08,0
