Score,Label
0.9904356,1
0.9904356,1
0.9904356,1
0.9904356,1
0.9999934,1
0.9998566,1
0.9998566,1
0.9998566,1
0.08446867,1
0.03391727,1
0.0001028449,1
7.836462e-05,0
0.000191858,0
7.836462e-05,0
3.684965e-07,0
1.007664e-06,0
7.836462e-05,0
1.552821e-07,0
7.836462e-05,0
0.0001028449,0
0.000191858,0
0.002606472,0
0.000191858,0
0.000191858,0
0.9836243,0
1.007664e-06,0
0.002606472,0
0.000191858,0
0.000191858,0
0.0001028449,0
0.9836243,0
0.000191858,0
7.836462e-05,0
