Score,Label
0.823585,1
0.823585,1
0.0005070232,1
0.823585,1
0.823585,1
0.823585,1
0.823585,1
0.823585,1
0.823585,1
0.823585,1
0.823585,1
0.823585,1
0.9265637,1
0.9265637,1
0.823585,1
0.823585,1
0.823585,1
0.823585,1
0.823585,1
0.823585,1
0.823585,1
0.823585,1
0.823585,1
0.823585,1
0.823585,1
0.823585,1
0.823585,1
0.823585,1
0.823585,1
0.823585,1
0.823585,1
0.823585,1
0.823585,1
0.823585,1
0.9907213,1
0.823585,1
0.823585,1
0.823585,1
0.823585,1
0.823585,1
0.823585,1
0.823585,1
0.9572526,1
6.502364e-05,0
0.1371103,0
0.003083922,0
0.0006680758,0
0.05170994,0
0.823585,0
0.003083922,0
1.157244e-05,0
6.502364e-05,0
6.502364e-05,0
0.001351623,0
0.1822583,0
0.823585,0
3.337995e-06,0
0.823585,0
0.0006680758,0
8.079184e-06,0
0.823585,0
0.0002213655,0
0.0006680758,0
0.823585,0
0.0002306668,0
2.511199e-06,0
0.0006680758,0
1.46065e-05,0
2.511199e-06,0
0.1822583,0
3.337995e-06,0
4.163059e-05,0
0.1822583,0
0.008827932,0
0.0001175915,0
2.511199e-06,0
0.0001796639,0
6.502364e-05,0
2.511199e-06,0
0.1371103,0
0.823585,0
0.0006680758,0
0.05170994,0
2.802377e-05,0
0.001290793,0
0.0006680758,0
0.05170994,0
0.0006680758,0
0.05170994,0
0.0005070232,0
0.0001849032,0
1.46065e-05,0
0.0001849032,0
0.823585,0
2.72661e-05,0
0.05170994,0
0.0001175915,0
2.511199e-06,0
3.337995e-06,0
0.0002195555,0
1.872208e-05,0
0.05170994,0
0.02312261,0
0.0001175915,0
0.1371103,0
0.823585,0
7.120644e-05,0
0.0005070232,0
7.120644e-05,0
0.05170994,0
1.872208e-05,0
2.96729e-06,0
7.692682e-06,0
0.05170994,0
0.0001849032,0
0.823585,0
0.009079952,0
6.502364e-05,0
4.163059e-05,0
1.872208e-05,0
6.502364e-05,0
3.029574e-06,0
0.823585,0
2.802377e-05,0
0.0006680758,0
0.0006680758,0
0.05170994,0
3.244704e-05,0
0.823585,0
