Score,Label
0.9989018,1
0.9996419,1
0.9998604,1
0.9790559,1
0.8928095,1
0.8928095,1
0.8928095,1
0.8928095,1
0.8928095,1
0.8928095,1
0.8928095,1
0.8928095,1
0.8928095,1
0.8928095,1
0.8928095,1
0.8928095,1
0.8928095,1
0.8928095,1
0.8928095,1
0.8928095,1
0.8928095,1
0.8928095,1
0.8928095,1
0.8928095,1
0.8928095,1
0.8928095,1
0.8928095,1
0.8928095,1
0.8928095,1
0.8928095,1
0.0001429373,1
0.8928095,1
0.8928095,1
0.8928095,1
0.8928095,1
0.8928095,1
0.8928095,1
0.8928095,1
0.8928095,1
0.8928095,1
0.8928095,1
0.8928095,1
0.8928095,1
0.8928095,1
0.8928095,1
0.8928095,1
0.8928095,1
0.8928095,1
0.8928095,1
0.8928095,1
0.8928095,1
0.8928095,1
0.8928095,1
0.8928095,1
0.8928095,1
0.8928095,1
0.8928095,1
0.8928095,1
0.8928095,1
0.8928095,1
0.8928095,1
0.8928095,1
0.8928095,1
0.8928095,1
0.8928095,1
0.2608015,1
0.8928095,1
0.8928095,1
0.8928095,1
0.8928095,1
0.8928095,1
0.8928095,1
0.8928095,1
3.844144e-06,0
1.289528e-05,0
1.208447e-06,0
9.83198e-08,0
0.8928095,0
3.844144e-06,0
0.2608015,0
0.003987185,0
4.485268e-06,0
0.003645389,0
4.678865e-06,0
3.844144e-06,0
3.844144e-06,0
3.844144e-06,0
0.003645389,0
3.844144e-06,0
1.288165e-06,0
3.844144e-06,0
0.005624499,0
1.208447e-06,0
3.038842e-05,0
1.208447e-06,0
5.000952e-06,0
0.8928095,0
1.208447e-06,0
3.844144e-06,0
3.844144e-06,0
4.485268e-06,0
0.2608015,0
2.504918e-05,0
0.8928095,0
3.844144e-06,0
2.504918e-05,0
3.844144e-06,0
2.949734e-05,0
2.504918e-05,0
3.844144e-06,0
3.844144e-06,0
1.208447e-06,0
3.844144e-06,0
0.8928095,0
3.844144e-06,0
1.208447e-06,0
0.007027969,0
1.208447e-06,0
0.8928095,0
3.723605e-06,0
4.485268e-06,0
2.504918e-05,0
0.8928095,0
3.844144e-06,0
3.844144e-06,0
0.0001723313,0
4.485268e-06,0
0.002450672,0
0.0001723313,0
0.2608015,0
3.844144e-06,0
4.485268e-06,0
4.485268e-06,0
0.8928095,0
1.208447e-06,0
0.003987185,0
3.844144e-06,0
2.949734e-05,0
4.485268e-06,0
3.844144e-06,0
3.844144e-06,0
0.0001723313,0
1.208447e-06,0
0.007027969,0
0.007027969,0
3.844144e-06,0
