Score,Label
0.8948551,1
0.8948551,1
0.8948551,1
0.8948551,1
0.8948551,1
0.8948551,1
0.8948551,1
0.8948551,1
0.8948551,1
0.8948551,1
0.8948551,1
0.8948551,1
0.8948551,1
0.8948551,1
0.8948551,1
0.8948551,1
0.9986101,1
0.9995017,1
0.8948551,1
0.8948551,1
0.8948551,1
0.8948551,1
0.8948551,1
0.8948551,1
0.8948551,1
0.8948551,1
0.8948551,1
0.8948551,1
0.8948551,1
0.8948551,1
0.8948551,1
0.8948551,1
0.8948551,1
0.5613487,1
0.8948551,1
0.8948551,1
0.8948551,1
0.8948551,1
0.001218947,1
0.001218947,1
0.8948551,1
0.8948551,1
0.8948551,1
0.8948551,1
0.8948551,1
0.8948551,1
0.8948551,1
0.8948551,1
0.8948551,1
0.8948551,1
0.8948551,1
0.0004092159,1
0.001484974,1
0.8948551,0
0.0002505443,0
8.214007e-06,0
8.303242e-05,0
6.796508e-07,0
1.109014e-05,0
0.8948551,0
4.235869e-06,0
1.670912e-06,0
7.519681e-06,0
3.655989e-06,0
8.996503e-06,0
7.55705e-06,0
0.0003763827,0
0.0004092159,0
0.006069635,0
1.230219e-05,0
5.134262e-05,0
0.0005752901,0
8.214007e-06,0
3.003943e-06,0
7.426162e-05,0
1.82706e-05,0
7.94286e-05,0
8.477191e-05,0
3.360471e-06,0
0.0127017,0
4.034315e-05,0
2.768118e-05,0
0.0006172165,0
8.979479e-06,0
8.665942e-06,0
7.426162e-05,0
0.8071257,0
9.200383e-06,0
0.01159684,0
1.893157e-05,0
3.952173e-05,0
3.469644e-06,0
2.924302e-05,0
5.340738e-05,0
0.001146118,0
2.376452e-06,0
5.384129e-06,0
0.0004092159,0
1.576996e-05,0
4.228159e-05,0
8.725244e-06,0
3.063657e-06,0
0.00211921,0
0.0004672528,0
1.710589e-06,0
5.453937e-06,0
5.384129e-06,0
0.000110196,0
0.8948551,0
0.001448397,0
6.578797e-06,0
2.544492e-05,0
0.0008702704,0
2.955056e-06,0
0.0004848285,0
3.331472e-05,0
1.576996e-05,0
4.838618e-05,0
1.42314e-05,0
1.517723e-05,0
1.053797e-06,0
7.519681e-06,0
0.0001598133,0
1.710589e-06,0
1.053797e-06,0
6.24821e-07,0
0.01145609,0
0.000302713,0
4.193125e-05,0
0.001072227,0
2.786226e-05,0
1.710589e-06,0
0.01145609,0
0.0005752901,0
6.217845e-06,0
5.02362e-05,0
1.580772e-06,0
1.102354e-05,0
0.001471637,0
0.001102017,0
0.01159684,0
1.622684e-05,0
0.001448397,0
4.102368e-05,0
4.474476e-06,0
3.493096e-05,0
3.360471e-06,0
0.0001668542,0
6.517828e-06,0
0.0004479245,0
0.0004848285,0
3.003943e-06,0
6.578797e-06,0
9.557336e-05,0
3.052426e-06,0
0.005571769,0
1.723785e-06,0
5.134262e-05,0
0.0001724755,0
