Score,Label
0.9443712,1
0.9443712,1
0.9443712,1
0.9443712,1
0.9443712,1
0.9443712,1
0.9443712,1
0.5551174,1
0.9443712,1
0.9443712,1
0.3252476,1
0.9443712,1
0.9443712,1
0.9443712,1
0.9443712,1
0.9443712,1
0.7967284,1
0.3252476,1
0.9443712,1
0.9443712,1
0.9443712,1
0.1079898,1
0.1079898,1
0.9443712,1
0.9443712,1
0.9443712,1
0.9443712,1
0.9443712,1
0.9443712,1
0.9443712,1
0.9443712,1
0.9997764,1
0.9996531,1
0.9996531,1
0.9996531,1
0.9997764,1
0.9996531,1
0.9997764,1
0.9996531,1
0.9996531,1
0.9996531,1
0.9443712,1
0.9443712,1
0.9443712,1
0.9443712,1
0.9443712,1
0.9443712,1
0.9443712,1
0.9443712,1
0.9443712,1
0.9877757,1
0.01614261,1
0.725002,1
0.002026522,1
0.8337122,1
0.9443712,1
0.9443712,1
0.9443712,1
0.9443712,1
0.9443712,1
0.9443712,1
0.9443712,1
0.9443712,1
0.9443712,1
0.95649,1
0.9443712,1
0.9443712,1
0.9443712,1
0.9443712,1
0.9443712,1
0.9443712,1
0.9443712,1
0.9443712,1
0.001299622,1
0.9999771,1
0.9999499,1
0.9999499,1
0.9551195,1
0.9999782,1
0.9923306,1
0.9932851,1
0.9999499,1
0.9551195,1
0.9999851,1
0.9999499,1
0.04285759,1
0.725002,1
0.001018818,1
4.81874e-05,0
3.842568e-05,0
9.314478e-05,0
1.254314e-05,0
0.0001151181,0
0.00843346,0
6.252759e-05,0
1.817873e-05,0
1.817873e-05,0
0.001936355,0
0.001223604,0
7.951782e-06,0
1.749947e-05,0
0.0001713941,0
9.807106e-05,0
0.04285759,0
0.003700869,0
1.204971e-05,0
3.181645e-05,0
8.663568e-07,0
1.647074e-05,0
0.0001100662,0
0.04285759,0
4.7352e-06,0
1.817873e-05,0
0.0001076175,0
0.001299622,0
2.706318e-05,0
4.999299e-05,0
9.314478e-05,0
0.04285759,0
0.05203433,0
6.064739e-06,0
1.987419e-05,0
0.0004517348,0
4.81874e-05,0
2.333953e-05,0
1.506938e-05,0
0.9443712,0
0.001299622,0
0.001299622,0
3.637778e-06,0
4.496382e-06,0
0.001299622,0
3.842568e-05,0
0.9230321,0
3.181645e-05,0
6.525223e-06,0
1.817873e-05,0
0.0001247071,0
0.9247891,0
1.19451e-06,0
6.508139e-06,0
0.04285759,0
1.254314e-05,0
0.6547796,0
5.059519e-05,0
2.514142e-06,0
0.001388488,0
4.761941e-06,0
0.001223604,0
4.999299e-05,0
1.960835e-05,0
8.698038e-05,0
5.929722e-06,0
5.532571e-05,0
9.158855e-05,0
0.9443712,0
4.830781e-05,0
0.1762348,0
0.000246311,0
0.04285759,0
0.7557712,0
0.3388491,0
9.27738e-05,0
4.81874e-05,0
6.74715e-05,0
1.851232e-06,0
2.766817e-05,0
0.0001980875,0
0.001299622,0
1.792306e-05,0
1.792306e-05,0
0.001299622,0
1.704629e-05,0
5.764989e-06,0
4.81874e-05,0
0.001299622,0
