Score,Label
0.9613858,1
0.9613858,1
0.9613858,1
0.9613858,1
9.626347e-07,1
0.9518811,1
0.9613858,1
0.9613858,1
0.9613858,1
0.9613858,1
0.9613858,1
0.9613858,1
0.9613858,1
0.9999877,1
1,1
1,1
1,1
0.9999998,1
0.9999877,1
0.001132625,1
1.372451e-05,1
5.978744e-05,1
0.9613858,1
0.9613858,1
0.9613858,1
0.9613858,1
0.9613858,1
0.9613858,1
0.9613858,1
0.9613858,1
0.9613858,1
0.9613858,1
5.978744e-05,1
0.9613858,1
0.1194228,1
0.9990438,1
0.9384376,1
0.9613858,1
0.9613858,1
0.9613858,1
0.9613858,1
0.9613858,1
0.9613858,1
0.9613858,1
5.978744e-05,1
1,1
0.9999999,1
1,1
0.9999981,1
0.4983394,1
0.4983394,1
1.981653e-07,0
4.813302e-06,0
3.50399e-07,0
9.979248e-09,0
3.50399e-07,0
5.978744e-05,0
3.50399e-07,0
7.037956e-13,0
0.9613858,0
1.57764e-12,0
0.002597067,0
8.426194e-07,0
4.546576e-07,0
4.546576e-07,0
2.023335e-13,0
5.978744e-05,0
9.233997e-09,0
4.529313e-07,0
0.001074722,0
8.201557e-08,0
0.996035,0
6.603017e-09,0
0.007084142,0
5.978744e-05,0
1.981653e-07,0
0.4322982,0
4.090516e-06,0
6.19375e-13,0
2.683999e-09,0
6.818778e-10,0
1.986192e-13,0
3.50399e-07,0
0.0001911224,0
0.4743434,0
0.9613858,0
4.546576e-07,0
1.453477e-08,0
4.090516e-06,0
0.0002989524,0
4.546576e-07,0
6.520733e-11,0
4.090516e-06,0
1.421994e-05,0
2.475322e-11,0
5.106074e-10,0
0.05137319,0
4.813302e-06,0
1.594697e-13,0
1.012886e-06,0
4.090516e-06,0
9.233997e-09,0
