Score,Label
0.9135783,1
0.9135783,1
0.6010668,1
0.2091122,1
0.9135783,1
0.9135783,1
0.9135783,1
4.030715e-05,1
0.001064075,1
0.9135783,1
0.9135783,1
0.9135783,1
0.9135783,1
0.9135783,1
0.981765,1
0.1643628,1
0.02890486,1
0.9135783,1
0.9135783,1
0.4934637,1
0.9135783,1
0.9135783,1
0.9135783,1
4.030715e-05,1
0.2458045,1
0.9135783,1
0.9135783,1
0.9135783,1
0.9135783,1
0.9135783,1
0.9135783,1
0.9135783,1
0.9135783,1
0.9135783,1
0.9135783,1
0.9135783,1
0.9135783,1
0.9135783,1
0.9135783,1
0.9135783,1
0.9135783,1
0.9135783,1
0.981765,1
0.9248815,1
4.640726e-07,1
0.9135783,1
0.9135783,1
0.9135783,1
0.9135783,1
0.9135783,1
0.9135783,1
0.9135783,1
0.9135783,1
0.9135783,1
4.030715e-05,1
0.9999696,1
0.9999301,1
0.9998658,1
0.9999667,1
0.9999301,1
0.9999301,1
0.9999665,1
0.981765,1
8.818879e-08,0
0.0002774783,0
3.627441e-06,0
7.513545e-06,0
2.026106e-11,0
3.033902e-06,0
9.573775e-11,0
8.064328e-06,0
0.00014957,0
0.0002774783,0
1.633271e-09,0
0.0007598752,0
2.620921e-06,0
2.493995e-10,0
8.064328e-06,0
0.9556178,0
3.839999e-06,0
0.0007598752,0
6.729963e-09,0
6.726335e-06,0
6.148576e-09,0
0.9135783,0
1.633271e-09,0
4.030715e-05,0
4.030715e-05,0
3.609141e-12,0
0.00014957,0
8.064328e-06,0
0.008433225,0
8.064328e-06,0
9.303899e-06,0
0.9135783,0
1.08307e-05,0
9.997246e-10,0
0.00014957,0
0.7451841,0
7.513545e-06,0
2.620921e-06,0
0.01269581,0
2.134879e-06,0
2.620921e-06,0
0.0007598752,0
4.030715e-05,0
8.135528e-08,0
9.303899e-06,0
6.726335e-06,0
1.742287e-08,0
0.0002774783,0
0.06590916,0
9.967552e-08,0
0.2577698,0
1.649982e-08,0
7.513545e-06,0
1.642027e-08,0
0.00014957,0
0.008433225,0
9.303899e-06,0
8.064328e-06,0
0.0007065103,0
4.030715e-05,0
6.79671e-08,0
0.0001912337,0
3.491874e-07,0
