Score,Label
0.9334713,1
0.9996564,1
0.9996564,1
0.9996564,1
0.9998946,1
0.999985,1
1,1
0.9997644,1
0.004427615,1
0.9334713,1
0.9334713,1
0.9948254,1
0.9334713,1
0.9334713,1
2.191207e-07,0
3.582742e-05,0
2.695064e-07,0
0.0002127599,0
0.0001723358,0
2.459377e-06,0
2.127716e-06,0
0.004427615,0
0.005045508,0
0.005045508,0
5.158074e-05,0
0.9764107,0
3.024963e-05,0
0.004427615,0
