Score,Label
3.765845e-06,1
0.9801523,1
0.9801523,1
1,1
1,1
0.9999995,1
0.9999995,1
0.7503464,1
1,1
1,1
1,1
6.308766e-06,0
1.115095e-09,0
8.103282e-09,0
1.40625e-08,0
8.103282e-09,0
8.406487e-11,0
5.466992e-06,0
8.631467e-06,0
8.631467e-06,0
4.506542e-10,0
1.40625e-08,0
