Score,Label
0.9999995,1
3.724891e-06,1
1,1
0.9999995,1
1,1
1,1
0.9999994,1
1,1
1,1
1,1
0.9999998,1
1,1
1,1
0.9999995,1
0.7542841,1
1,1
1,1
1,1
1,1
1,1
0.0001320945,0
8.561454e-06,0
2.860309e-06,0
3.28991e-06,0
2.860309e-06,0
0.000159967,0
1.08638e-06,0
9.398983e-06,0
0.9999995,0
1.08638e-06,0
1.850224e-05,0
8.99958e-05,0
1.113654e-06,0
7.935124e-06,0
1.850224e-05,0
1.619392e-06,0
1.198289e-06,0
4.638142e-07,0
1.508796e-07,0
0.9999995,0
