Score,Label
0.998541,1
0.6032332,1
0.9945942,1
0.998541,1
0.6032332,1
0.998541,1
0.9978505,1
0.6032332,1
0.9999204,1
1,1
0.9978505,1
0.6032332,1
0.998541,1
0.998541,1
0.9999802,1
0.9999979,1
0.8405332,1
0.9959734,1
4.936415e-06,1
0.1866585,1
0.318597,1
0.998541,1
0.998541,1
0.9999996,1
0.9945942,1
0.998541,1
0.998541,1
0.9999996,1
0.998541,1
0.9999996,1
0.9945942,1
0.998541,1
0.998541,1
0.9970111,1
0.006250084,1
0.9707511,1
0.1013088,1
1,1
0.7243497,1
0.9995478,1
0.5293928,1
0.9998035,1
0.7243497,1
0.7243497,1
0.9990692,1
1.786411e-05,1
1,1
2.711591e-05,1
0.9999985,1
0.9999611,1
0.9959734,1
1,1
0.999989,1
0.999989,1
0.001620044,1
0.9978024,1
0.9992717,1
0.9998939,1
0.9998939,1
0.003334412,1
0.0003538915,1
3.157312e-07,1
0.9999274,1
1,1
0.9999999,1
0.9999999,1
0.9992051,1
0.931926,1
0.9994951,1
1,1
0.9818157,1
0.9999053,1
0.9999053,1
0.9755493,1
1,1
1,1
0.9997063,1
0.9997063,1
0.9997312,1
0.001482715,1
0.0003489966,1
0.0003489966,1
1,1
1,1
0.9824309,1
0.3538641,1
0.3538641,1
0.3538641,1
0.300963,1
0.9803718,1
0.9942801,0
0.0028341,0
1,0
0.0009391977,0
0.002157561,0
3.496582e-05,0
0.3592544,0
0.9999983,0
0.001620044,0
0.007712175,0
0.906552,0
6.907075e-06,0
0.08173822,0
0.0002050681,0
2.789474e-06,0
0.9996089,0
0.0001192007,0
0.003275748,0
0.9997063,0
0.006200361,0
0.02191229,0
4.179308e-06,0
2.695338e-06,0
2.405987e-07,0
0.0002981116,0
0.007604383,0
0.9999845,0
2.030917e-06,0
0.02083126,0
0.9999837,0
2.41382e-05,0
6.632678e-06,0
0.001620044,0
0.9988149,0
1.495152e-05,0
0.09896185,0
0.003444807,0
0.0004145387,0
0.002221583,0
2.942693e-05,0
5.661966e-05,0
0.07495856,0
0.0002918719,0
0.001520074,0
0.9997063,0
1.244735e-07,0
0.3538641,0
0.0006024144,0
1.955578e-05,0
4.824464e-06,0
0.7243497,0
0.0002225884,0
1.772012e-05,0
0.004366876,0
2.711591e-05,0
1.163966e-06,0
0.4923235,0
2.612501e-05,0
4.687919e-05,0
0.0005587092,0
2.188885e-06,0
0.001816955,0
6.237198e-05,0
8.534321e-07,0
3.098157e-06,0
7.258675e-07,0
0.7842023,0
0.0002725186,0
6.197516e-06,0
0.008244881,0
7.721133e-06,0
2.285699e-05,0
2.545583e-06,0
1.399013e-07,0
0.05276464,0
0.808818,0
0.002157561,0
0.0001707111,0
0.4464139,0
9.504275e-07,0
0.02442834,0
1.210397e-06,0
0.0003489966,0
1.136679e-06,0
0.9999996,0
4.918633e-06,0
0.05878318,0
0.808818,0
1.019495e-05,0
3.597627e-06,0
