Score,Label
4.575208e-05,1
0.9994772,1
0.9994772,1
0.9994772,1
0.9994772,1
0.9999965,1
0.999897,1
0.9999965,1
0.9994772,1
0.9999955,1
0.8399028,1
6.118459e-06,1
0.9869609,1
1,1
0.002510351,1
5.740554e-05,1
0.9999881,1
0.999953,1
0.999953,1
0.9999881,1
0.9999887,1
0.9999881,1
1,1
0.07177094,1
0.4581753,1
0.4581753,1
0.08544649,1
0.4581753,1
0.03944337,1
0.009608394,1
7.168649e-05,1
0.0002016888,1
0.004726021,1
1,1
1,1
1,1
1,1
0.000179896,1
0.4089854,1
0.9505508,1
0.0004616919,1
1,1
3.327627e-05,1
0.4502273,1
1,1
0.4581753,1
1,1
1,1
0.4581753,1
0.980877,1
2.538295e-05,1
0.0002358462,1
0.004138383,1
0.9583021,1
0.9959937,1
0.0005945392,1
0.9996004,1
0.6798658,1
0.9986908,1
0.9999977,1
0.000102608,0
8.764564e-06,0
6.579824e-07,0
0.001384721,0
0.9842767,0
0.4851373,0
2.101943e-05,0
0.0001100445,0
0.0004403942,0
0.9999995,0
0.005876426,0
7.132786e-06,0
3.003869e-07,0
0.0005320325,0
1,0
0.0009758431,0
0.6798658,0
0.999826,0
7.928738e-05,0
1.488108e-05,0
3.278165e-06,0
8.714452e-05,0
0.0004572129,0
0.0003214997,0
0.05425439,0
8.458311e-05,0
0.0003389174,0
2.879353e-06,0
6.474119e-05,0
0.1448569,0
3.562709e-05,0
3.852754e-06,0
0.9990324,0
0.02108563,0
1.803844e-08,0
3.675475e-05,0
1.791813e-05,0
0.9573195,0
6.271451e-05,0
0.0004403942,0
0.0001377512,0
1.27858e-05,0
0.9939903,0
4.885573e-05,0
3.402428e-06,0
2.188906e-05,0
0.0008128351,0
0.9987413,0
0.9971072,0
0.0004403942,0
2.286775e-08,0
0.000115486,0
1,0
1.659537e-05,0
0.001616239,0
0.001625989,0
0.9999931,0
0.4379584,0
0.999826,0
7.759919e-06,0
