Score,Label
1,1
0.0001988274,1
1,1
0.9999996,1
0.9999127,1
0.9999025,1
0.9987747,1
0.9999638,1
1,1
1,1
1,1
1,1
0.9999996,1
0.9999959,1
0.9999775,1
1,1
0.9939489,1
1,1
1,1
0.001285376,1
0.001291926,0
3.342913e-06,0
0.001285376,0
0.9972147,0
4.656116e-05,0
0.9963722,0
3.802097e-05,0
4.258379e-05,0
3.106062e-05,0
5.268487e-05,0
0.0002495795,0
0.0003206713,0
1.12189e-06,0
0.0003206713,0
1.707784e-06,0
0.9999926,0
4.417538e-06,0
3.802097e-05,0
1.415186e-05,0
0.0005818537,0
