Score,Label
0.999916,1
0.999916,1
1,1
1,1
1,1
0.0006319815,1
2.088225e-05,1
6.32254e-05,1
0.7252368,1
0.0005546057,1
0.8661449,1
0.8661449,1
0.8661449,1
0.8661449,1
0.8661449,1
0.8661449,1
0.8661449,1
0.8661449,1
0.8661449,1
0.8661449,1
0.8661449,1
0.8661449,1
0.8661449,1
0.00148956,1
0.8661449,1
0.8661449,1
0.9999728,1
1,1
1,1
0.8661449,1
0.8661449,1
0.9999979,1
0.9999979,1
0.9999698,1
0.03194198,1
0.03194198,1
0.03194198,1
0.03194198,1
8.981473e-05,1
0.03194198,1
0.03194198,1
8.981473e-05,1
0.9549468,1
0.9999889,1
0.9999889,1
0.9999889,1
0.9986995,1
0.9986995,1
0.9986995,1
0.9999962,1
0.9999962,1
0.0004572242,1
0.9892608,1
1,1
0.9999999,1
0.01982801,1
1,1
0.4018843,1
1,1
1,1
1,1
0.8661449,1
0.8661449,1
0.0001522562,0
0.0001522562,0
0.001067277,0
6.702964e-05,0
0.0006746781,0
4.618219e-05,0
0.1866341,0
0.001714589,0
0.0007014431,0
0.330592,0
0.9034619,0
1.236158e-05,0
0.7348277,0
0.8661449,0
0.003557313,0
0.0001679686,0
0.0001522562,0
0.3581334,0
0.0007506226,0
4.729499e-05,0
0.01971677,0
4.941227e-05,0
0.8661449,0
0.030253,0
0.0004625222,0
0.0005134864,0
0.001863879,0
0.0002129767,0
5.535419e-06,0
0.001006868,0
0.0006045806,0
0.04797579,0
0.003042486,0
0.9549468,0
0.9791034,0
0.0001287853,0
1.445733e-05,0
0.3581334,0
0.0001522562,0
0.8732901,0
0.0006180148,0
0.9549468,0
0.004544105,0
2.935563e-05,0
0.0001522562,0
0.0001522562,0
0.5272837,0
0.0001522562,0
0.001270774,0
0.0001522562,0
0.008040286,0
0.0001522562,0
0.00151024,0
0.0001315759,0
8.449057e-05,0
0.0001522562,0
0.9978871,0
0.0005087796,0
0.0001522562,0
0.001611173,0
0.004544105,0
0.001281747,0
3.067065e-05,0
