Score,Label
0.9598257,1
0.6985685,1
0.995865,1
0.09120785,1
0.002465629,1
0.9816709,1
0.9598257,1
0.9177817,1
0.9177817,1
0.9999999,1
0.9999999,1
0.9999883,1
0.01231688,1
0.9993805,1
0.9999951,1
0.0004265223,1
0.001399712,1
0.002942604,1
0.9883624,1
1,1
1,1
1,1
1,1
0.005146794,1
0.01809585,1
0.999983,1
1,1
1,1
0.000115263,1
4.545947e-05,1
1,1
0.01231688,1
0.9999937,1
0.9999994,1
0.9999994,1
1,1
0.9999993,1
1,1
2.252357e-05,1
0.9996841,1
0.0004909678,1
1,1
0.9209512,1
0.9999955,1
0.00903396,1
0.5693269,1
6.334387e-05,1
0.0004953154,0
0.09445535,0
6.917398e-06,0
5.102239e-05,0
0.0001177993,0
0.0004527582,0
0.0446452,0
0.0004953154,0
0.6384977,0
0.008869804,0
0.0001677101,0
4.146426e-05,0
0.0004953154,0
0.001392417,0
0.9951266,0
1.781008e-05,0
0.01109784,0
0.002604379,0
0.01011372,0
0.1656405,0
0.005775073,0
0.0004953154,0
0.01974478,0
0.0003368796,0
0.3114735,0
0.1148768,0
0.9630595,0
6.011424e-06,0
0.786702,0
1.409899e-05,0
0.0003864167,0
0.0002113938,0
2.476975e-05,0
0.0009195585,0
0.0005254271,0
0.03722501,0
0.0004953154,0
0.0004953154,0
3.448643e-05,0
0.0005756017,0
0.9797459,0
0.0004953154,0
1.426387e-05,0
5.235791e-05,0
1.576448e-05,0
0.0009500468,0
0.002541682,0
