Score,Label
0.9999981,1
0.9999981,1
0.9999934,1
1,1
0.9999934,1
0.9999934,1
0.9497617,1
0.9497617,1
0.9497617,1
0.9497617,1
0.9497617,1
0.9497617,1
0.9497617,1
1,1
1,1
1,1
1,1
1,1
1,1
6.033589e-07,1
1,1
1,1
1,1
1,1
1,1
1,1
0.03697258,1
0.03697258,1
0.9497617,1
0.9497617,1
0.9999981,1
0.9999981,1
0.9999934,1
1,1
1,1
1,1
0.9999999,1
1,1
0.9497617,1
0.9497617,1
0.9497617,1
0.07354908,1
0.9497617,1
0.9497617,1
0.9497617,1
0.9497617,1
0.9497617,1
0.9497617,1
0.9497617,1
0.9497617,1
0.9497617,1
0.9497617,1
1,1
1,1
1,1
1,1
1,1
1,1
1,1
1,1
1,1
1,1
1,1
1,1
0.9888701,1
0.9497617,1
0.9497617,1
0.9497617,1
0.9497617,1
0.9497617,1
0.9497617,1
0.9999998,1
1,1
0.9973477,1
1.126854e-09,0
0.9497617,0
0.9497617,0
1.073335e-07,0
2.038548e-09,0
1.092509e-09,0
3.182332e-10,0
0.0001807792,0
1.136024e-08,0
2.815017e-07,0
3.421718e-06,0
1.290279e-06,0
3.421718e-06,0
6.931921e-10,0
2.639166e-07,0
5.329398e-12,0
0.06311789,0
7.883386e-09,0
4.327386e-07,0
1.765221e-07,0
6.444413e-13,0
0.643967,0
0.9497617,0
3.182332e-10,0
0.06311789,0
4.327386e-07,0
2.515903e-12,0
4.625987e-13,0
8.042415e-09,0
1.720976e-09,0
2.038548e-09,0
1.852104e-05,0
0.06311789,0
3.421718e-06,0
3.182332e-10,0
1.592246e-10,0
1.199722e-09,0
4.059823e-09,0
0.9055207,0
0.001657132,0
7.68955e-10,0
9.171653e-12,0
0.0002952897,0
4.395176e-10,0
1.480437e-09,0
9.413526e-11,0
2.378092e-08,0
1.061504e-06,0
1.290279e-06,0
1.181047e-07,0
0.0001029284,0
1.181047e-07,0
3.748315e-11,0
1.126854e-09,0
0.9497617,0
3.7623e-09,0
5.041882e-10,0
0.9497617,0
8.244115e-10,0
2.980618e-07,0
2.982366e-10,0
3.748315e-11,0
5.724793e-11,0
4.631235e-06,0
3.748315e-11,0
1.387088e-09,0
3.748315e-11,0
1.990611e-09,0
4.395176e-10,0
6.397057e-09,0
3.899019e-08,0
2.268946e-05,0
2.515903e-12,0
1.713024e-10,0
