Score,Label
0.8186224,1
1.640495e-05,1
0.8186224,1
0.8186224,1
1,1
1,1
1,1
1,1
1,1
1,1
0.9999676,1
1,1
1,1
0.8186224,1
0.8186224,1
9.171569e-06,1
0.8186224,1
0.0006809319,0
0.0003684009,0
2.918925e-05,0
0.0005319534,0
6.714932e-10,0
3.132421e-10,0
1.351006e-09,0
0.0009260914,0
3.413592e-07,0
0.0008964003,0
4.502723e-07,0
4.205657e-10,0
1.860876e-09,0
1.104679e-10,0
3.39286e-09,0
4.026409e-09,0
8.353175e-09,0
