Score,Label
1,1
1,1
1,1
1,1
1,1
1,1
1,1
1,1
1,1
1,1
1,1
1,1
1,1
1,1
0.9252217,1
0.9299036,1
1,1
1,1
1,1
1,1
1,1
1,1
1,1
1,1
0.0024488,1
0.0002119169,0
0.001595266,0
3.588566e-05,0
2.943325e-05,0
2.266466e-05,0
0.2026085,0
3.962461e-05,0
5.019615e-06,0
0.08596536,0
6.707753e-05,0
1.408799e-05,0
2.553415e-06,0
3.962461e-05,0
3.588566e-05,0
5.16527e-05,0
3.372339e-05,0
2.943325e-05,0
0.001595266,0
6.765144e-05,0
0.0001951636,0
4.370538e-06,0
7.285427e-05,0
7.249466e-05,0
8.353516e-06,0
0.0001758963,0
