Score,Label
0.9997777,1
0.9997777,1
0.9997777,1
1,1
1,1
1,1
1,1
1,1
1,1
1.378896e-05,1
0.9997777,1
0.9997777,1
0.9997777,1
0.7641627,1
0.9997777,1
0.9997777,1
0.9997777,1
0.9997777,1
0.9997777,1
0.9997777,1
0.9997777,1
0.9997777,1
0.9997777,1
0.9997777,1
0.9997777,1
0.9999999,1
0.9999999,1
0.9999999,1
0.9999999,1
0.999998,1
0.9999999,1
0.9999999,1
0.9999999,1
0.01728809,1
0.9999965,1
0.009489151,1
0.9999976,1
1,1
0.9999955,1
1,1
0.999696,1
0.9971617,1
0.9971617,1
0.999696,1
0.999696,1
0.999696,1
0.9997777,1
0.9997777,1
0.9997777,1
0.9997777,1
0.9997777,1
0.9999999,1
0.9999999,1
0.9999999,1
0.9999999,1
0.9999999,1
0.9999999,1
0.9999999,1
0.9999999,1
0.9999999,1
1.0525e-06,0
5.114298e-11,0
6.150508e-10,0
6.978707e-11,0
1.029098e-11,0
0.9999624,0
3.689594e-09,0
8.622294e-05,0
0.001853562,0
0.0003502883,0
0.000286374,0
2.258418e-08,0
4.240335e-06,0
4.416253e-09,0
1.480439e-09,0
6.018572e-10,0
4.764353e-06,0
3.509113e-07,0
4.58111e-09,0
0.9982595,0
8.622294e-05,0
1.054459e-08,0
3.861068e-09,0
8.432839e-06,0
6.24323e-07,0
4.612602e-10,0
1.90048e-09,0
1.781802e-07,0
4.691631e-05,0
4.085861e-10,0
7.673852e-05,0
1.705208e-09,0
2.835826e-08,0
1.596038e-10,0
2.347264e-08,0
6.765898e-09,0
6.445569e-09,0
9.266761e-07,0
0.9997777,0
1.805374e-06,0
2.642393e-05,0
0.00467273,0
0.01434014,0
1.317195e-07,0
0.0001538901,0
1.008387e-05,0
2.947668e-06,0
0.0004003289,0
1.480439e-09,0
2.401507e-08,0
9.266761e-07,0
0.0004535384,0
1.106908e-07,0
6.333213e-08,0
1.673079e-07,0
1.066311e-08,0
2.947668e-06,0
4.298955e-07,0
2.947668e-06,0
2.835826e-08,0
