Score,Label
0.9978187,1
0.9978187,1
0.9978187,1
1,1
0.04331904,1
0.9978187,1
0.9978187,1
0.9978187,1
0.8949261,1
0.9999999,1
0.9999999,1
0.9988212,1
0.8949261,1
0.8949261,1
0.8507112,1
0.967277,1
0.9973012,1
0.9955113,1
1,1
0.003118088,1
0.002331067,1
1,1
0.9998302,1
1,1
0.9574884,1
1,1
1,1
0.002768627,1
0.2235862,1
0.002768627,1
0.1565873,1
0.9978187,1
0.9978187,1
0.9978187,1
0.002619056,0
1,0
0.002786446,0
0.001798715,0
0.006611111,0
0.0007872083,0
0.3083024,0
0.0003475089,0
0.0005966788,0
0.0002578529,0
0.3083024,0
0.001306061,0
0.0007297077,0
0.001866025,0
0.001306061,0
0.0020013,0
0.002786446,0
0.001822526,0
0.0009023719,0
0.001542568,0
0.1707712,0
0.00173224,0
0.001064839,0
0.1220946,0
0.002416582,0
0.8949261,0
0.1851559,0
0.9996467,0
0.002274558,0
0.0192541,0
0.3083024,0
0.005822515,0
0.9193631,0
0.04657007,0
