Score,Label
0.4853925,1
1,1
1,1
1,1
1,1
1,1
1,1
1,1
1,1
1,1
1,1
1,1
1,1
1,1
1,1
1,1
1,1
1,1
1,1
1,1
1,1
1,1
1,1
1,1
1,1
0.279552,1
0.279552,1
4.990833e-08,0
3.995357e-09,0
2.103893e-07,0
3.869133e-09,0
1.254351e-06,0
2.421652e-09,0
2.461189e-06,0
2.631229e-08,0
2.54129e-09,0
0.0003750641,0
1.71396e-08,0
8.489301e-05,0
9.923051e-08,0
0.006807338,0
7.511415e-08,0
1.085721e-06,0
2.008737e-07,0
1.994131e-07,0
1.092552e-08,0
1.638466e-06,0
0.000495091,0
7.574486e-07,0
4.185694e-06,0
0.001769217,0
2.475307e-06,0
7.541619e-07,0
1.376216e-08,0
