Score,Label
0.9870943,1
0.9870943,1
0.9870943,1
0.9870943,1
0.9870943,1
0.9870943,1
0.9870943,1
0.9870943,1
0.9870943,1
0.9870943,1
0.9870943,1
0.9953126,1
0.9870943,1
0.9870943,1
0.9870943,1
0.9870943,1
0.9870943,1
0.9870943,1
0.9870943,1
0.9870943,1
0.9999976,1
0.9999976,1
0.9999976,1
0.9999976,1
0.9999976,1
0.9870943,1
0.9870943,1
0.9870943,1
0.9870943,1
0.9870943,1
0.9870943,1
0.9870943,1
0.9870943,1
0.9870943,1
0.9870943,1
0.9870943,1
0.9997991,1
0.9870943,1
0.9953126,1
0.9953126,1
0.9870943,1
0.9870943,1
0.9999981,1
0.9986401,1
0.9999981,1
0.9998104,1
0.9986401,1
0.9999981,1
0.9986401,1
0.9999921,1
0.9999981,1
0.002582893,1
0.003350649,1
0.008378131,1
0.9879049,1
0.9808236,1
0.9808236,1
0.9808236,1
0.9999839,1
0.9385504,1
0.9999839,1
0.9953825,1
0.9999969,1
0.9999969,1
0.9870943,1
0.9870943,1
0.9870943,1
0.9870943,1
0.9870943,1
0.9870943,1
0.9870943,1
0.9870943,1
0.001011984,0
2.213648e-06,0
7.352035e-06,0
7.651001e-06,0
8.518745e-05,0
1.804098e-05,0
0.9969763,0
6.619456e-07,0
2.673894e-06,0
6.506753e-07,0
4.825458e-05,0
1.572815e-06,0
2.058503e-07,0
8.476798e-06,0
5.863541e-06,0
8.232427e-05,0
4.721577e-06,0
9.79221e-08,0
1.389002e-05,0
0.01094766,0
1.211598e-06,0
2.554356e-05,0
1.934078e-06,0
1.038989e-06,0
0.9831796,0
1.024674e-05,0
2.447781e-07,0
0.9831796,0
2.213648e-06,0
0.0001260288,0
1.672554e-06,0
6.374186e-07,0
0.1269327,0
9.3403e-08,0
0.004490362,0
8.674119e-06,0
1.675685e-06,0
4.825458e-05,0
0.005460603,0
8.712864e-05,0
2.561922e-06,0
2.197484e-06,0
2.415315e-06,0
2.317957e-06,0
6.541716e-06,0
1.167712e-05,0
0.0001056972,0
2.554356e-05,0
0.001011984,0
0.001011984,0
1.695439e-06,0
1.186649e-05,0
2.29433e-06,0
1.426413e-06,0
2.839578e-07,0
7.198404e-07,0
1.075695e-06,0
1.934078e-06,0
0.0001056972,0
2.962708e-05,0
0.0003362607,0
1.607885e-06,0
1.088919e-06,0
9.305586e-07,0
0.6455044,0
5.473878e-05,0
2.554356e-05,0
4.503381e-06,0
0.9831796,0
5.466281e-07,0
4.252754e-07,0
8.518745e-05,0
