Score,Label
0.9964038,1
0.9964038,1
0.9999728,1
0.855982,1
0.855982,1
0.855982,1
7.490464e-05,0
7.490464e-05,0
0.0009686687,0
0.0001450076,0
5.832307e-05,0
0.0001450076,0
0.9832883,0
0.9999796,0
0.9999657,0
0.9832883,0
0.5003199,0
3.502108e-05,0
