Score,Label
0.04617512,1
0.8261707,1
0.8261707,1
0.8261707,1
0.8261707,1
0.9999584,1
0.9999584,1
0.1599161,1
0.9999919,1
0.9999584,1
0.01233143,0
0.007276243,0
0.02831889,0
0.007249279,0
0.007040429,0
0.07199201,0
0.07134356,0
0.007892417,0
0.006984091,0
0.07134356,0
0.007892417,0
0.006988434,0
0.07134356,0
0.006984091,0
0.007276243,0
0.006984091,0
0.007892417,0
0.007276243,0
0.07134356,0
0.07199201,0
