Score,Label
0.9997578,1
0.9999976,1
0.0001524934,1
0.999999,1
0.0001524934,1
0.9999585,1
0.0005900672,1
8.57472e-07,0
8.57472e-07,0
4.583291e-05,0
0.003483323,0
4.529819e-05,0
0.003483323,0
8.57472e-07,0
8.57472e-07,0
7.783607e-06,0
8.57472e-07,0
0.003483323,0
1.408463e-07,0
2.580546e-09,0
5.536666e-09,0
