Score,Label
0.01046383,1
0.9997348,1
0.9997348,1
8.691633e-06,1
0.0001168206,1
0.0002154439,1
0.0002154439,1
0.9996996,1
0.9620079,1
0.1999765,0
0.1999765,0
2.499948e-10,0
0.1999765,0
0.1999765,0
1.787617e-05,0
1.303235e-09,0
2.804044e-08,0
2.499948e-10,0
2.499948e-10,0
0.1999765,0
0.1999765,0
7.069267e-08,0
1.303235e-09,0
1.303235e-09,0
1.303235e-09,0
0.1999765,0
2.499948e-10,0
