Score,Label
0.0004172969,1
1,1
0.9229731,1
0.9999083,1
0.0003564884,1
1,1
0.9999714,1
0.0005469147,1
7.34026e-05,1
1,1
0.3438797,1
1,1
1,1
0.9999918,1
0.0006089119,1
7.34026e-05,1
0.0001270625,1
0.9985456,0
7.786703e-05,0
0.0001504844,0
0.0001906975,0
1,0
3.381049e-05,0
3.716141e-06,0
6.393234e-05,0
0.0005782072,0
7.526522e-05,0
3.940304e-05,0
0.00700482,0
0.000917238,0
0.0001036305,0
3.381049e-05,0
0.9985456,0
0.0004172969,0
