Score,Label
0.9999934,1
0.9981349,1
0.9999996,1
0.999998,1
0.9954904,1
0.2230229,1
0.9999994,1
1,1
0.9999981,1
1,1
0.9999998,1
0.0004386849,0
0.4207554,0
0.000817176,0
0.0001369683,0
0.9357623,0
1.461884e-05,0
0.001153389,0
0.0007350126,0
0.001261594,0
1.461884e-05,0
0.000817176,0
