Score,Label
1,1
1,1
0.9999999,1
1,1
0.9999999,1
1,1
0.9999985,1
0.9999999,1
0.9979144,1
0.9999955,1
1,1
0.9999981,1
0.005308878,1
0.8846417,1
0.0001096878,0
0.9997584,0
0.002909297,0
0.001248244,0
0.0001909947,0
0.008448011,0
0.008664181,0
0.0001414089,0
0.0001841768,0
0.01684999,0
0.01224377,0
5.452049e-06,0
0.0003795685,0
0.0001909947,0
