Score,Label
0.999995,1
0.0002363155,1
0.9822379,1
0.01202695,1
2.109057e-05,1
0.9999963,1
0.9999963,1
0.9999963,1
0.5452466,1
0.9956955,1
0.9997932,1
0.9999985,1
0.6660355,1
0.9999962,1
0.9999962,1
0.999988,1
0.6660355,1
4.804254e-06,0
1.3472e-06,0
0.002970228,0
0.1796315,0
1.293772e-05,0
0.9877506,0
0.00060024,0
0.0002861275,0
4.105036e-05,0
0.1338753,0
0.9999529,0
1.972784e-06,0
0.1796315,0
1.293086e-05,0
0.0002495007,0
0.000854401,0
4.774553e-05,0
