Score,Label
0.9935693,1
0.9935693,1
0.9935693,1
0.9935693,1
0.9935693,1
0.9935693,1
0.9935693,1
0.9935693,1
0.9935693,1
0.9935693,1
0.9935693,1
0.9935693,1
0.9935693,1
0.9935693,1
0.9935693,1
0.9935693,1
0.9935693,1
0.9935693,1
0.9935693,1
0.9935693,1
0.9935693,1
0.9935693,1
0.9850171,1
0.9935693,1
0.9935693,1
0.9935693,1
0.9935693,1
0.9935693,1
0.9935693,1
0.9935693,1
0.9604548,1
0.9909271,1
0.9999526,1
0.9935693,1
0.9935693,1
0.9935693,1
0.9935693,1
0.9935693,1
0.9935693,1
0.9935693,1
0.9935693,1
0.9999607,1
0.9993642,1
0.9988318,1
0.9935693,1
0.9935693,1
0.9935693,1
0.9935693,1
0.9935693,1
0.9935693,1
0.9935693,1
0.9935693,1
3.264076e-13,0
4.278605e-14,0
5.872292e-14,0
0.002413471,0
1.869005e-05,0
3.841304e-11,0
1.055141e-11,0
1.775645e-11,0
5.955991e-14,0
1.878285e-09,0
1.225925e-11,0
7.024496e-12,0
1.225925e-11,0
1.89654e-13,0
0.0001821516,0
1.869005e-05,0
1.819466e-11,0
0.0004479926,0
1.225925e-11,0
0.002413471,0
1.225925e-11,0
0.0001821516,0
1.062456e-11,0
1.967928e-11,0
1.625957e-13,0
1.273999e-11,0
0.0006938914,0
1.869005e-05,0
7.703327e-12,0
2.302557e-12,0
0.0004479926,0
1.819466e-11,0
0.0004479926,0
1.557876e-11,0
8.245499e-10,0
7.362752e-14,0
1.044936e-10,0
1.819466e-11,0
1.89654e-13,0
1.461419e-11,0
6.196412e-07,0
0.002413471,0
1.225925e-11,0
0.01333057,0
1.869005e-05,0
0.9935693,0
7.703327e-12,0
4.910344e-13,0
1.625957e-13,0
7.916274e-14,0
7.362752e-14,0
2.895393e-06,0
1.972657e-09,0
4.243095e-12,0
1.967928e-11,0
1.604264e-13,0
6.688552e-13,0
3.292467e-11,0
1.225925e-11,0
3.272969e-11,0
6.688552e-13,0
7.703327e-12,0
1.220115e-13,0
4.350923e-12,0
1.819466e-11,0
7.30628e-13,0
7.916274e-14,0
3.841304e-11,0
7.703327e-12,0
5.872292e-14,0
1.967928e-11,0
1.869005e-05,0
5.801294e-12,0
1.549854e-10,0
1.625957e-13,0
0.0006938914,0
4.484144e-11,0
7.916274e-14,0
7.916274e-14,0
1.461419e-11,0
8.245499e-10,0
0.002413471,0
1.775645e-11,0
1.967928e-11,0
1.225925e-11,0
1.30033e-10,0
0.0006938914,0
1.549854e-10,0
8.142867e-13,0
4.910344e-13,0
0.9935693,0
1.543372e-11,0
7.024496e-12,0
0.0004479926,0
6.912669e-14,0
7.916274e-14,0
6.196412e-07,0
6.688552e-13,0
6.688552e-13,0
1.062308e-12,0
1.822278e-09,0
1.625957e-13,0
1.549854e-10,0
1.044936e-10,0
