Score,Label
0.9999923,1
0.9999913,1
0.9999998,1
0.9990451,1
1.917106e-07,1
0.9999994,1
0.9995079,1
0.9999994,1
0.9940863,1
0.9897738,1
0.9999822,1
0.9999822,1
1,1
4.601755e-05,1
1,1
1,1
1,1
1,1
1,1
1,1
0.9996871,1
0.7494466,1
0.7494466,1
0.9996272,1
0.4536348,1
0.9999151,1
1,1
1,1
1,1
1,1
1,1
1,1
1,1
0.9999706,1
0.999503,1
0.999503,1
0.999503,1
1,1
1,1
0.01197194,1
0.9999887,1
1,1
4.601755e-05,1
1.01282e-08,1
3.459434e-05,1
0.9999822,1
0.9999822,1
0.003289402,1
0.003289402,1
0.7494466,1
0.9996272,1
1,1
1,1
0.8091647,1
0.9998821,1
0.3337683,1
0.9999822,1
0.9999822,1
4.698426e-07,1
0.9999322,1
1,1
1,1
1.631955e-07,1
0.9999923,1
0.9947208,1
1,1
0.9999822,1
0.9228748,1
0.9999822,1
0.003289402,1
5.621271e-09,1
2.776091e-05,0
1.173868e-09,0
3.93395e-08,0
0.002199503,0
0.7494466,0
0.0001325904,0
1.020959e-05,0
7.417928e-09,0
0.9480774,0
6.246278e-06,0
4.4421e-06,0
9.06765e-06,0
4.452492e-05,0
6.943796e-07,0
0.002560661,0
1.134096e-07,0
3.144168e-06,0
0.006122877,0
0.9480774,0
0.4812809,0
0.0004924221,0
4.601755e-05,0
4.431052e-09,0
2.067744e-06,0
0.002560661,0
7.87267e-05,0
2.274369e-08,0
0.0001656839,0
7.261442e-05,0
1.375712e-08,0
2.081437e-08,0
6.980361e-10,0
9.97363e-10,0
4.288897e-08,0
2.18003e-08,0
0.0025708,0
0.0001593495,0
6.68436e-06,0
8.804369e-05,0
1.832299e-06,0
1.532917e-10,0
0.01197194,0
0.05202622,0
6.91534e-08,0
0.9613819,0
4.540865e-10,0
0.007273227,0
1.889174e-10,0
0.9996871,0
2.463142e-06,0
1,0
1.173868e-09,0
0.729749,0
1.276825e-06,0
6.464003e-08,0
1.65257e-10,0
1.020959e-05,0
3.434799e-06,0
0.02162735,0
8.521372e-09,0
0.9999956,0
3.552879e-07,0
1.67141e-08,0
1.415015e-05,0
0.003289402,0
2.098259e-07,0
1.624896e-06,0
0.002224275,0
5.371216e-09,0
1.020959e-05,0
0.003988681,0
