Score,Label
1,1
1,1
1,1
0.9975533,1
0.9975533,1
0.9934176,1
0.9934176,1
0.5739819,1
0.0006913936,1
0.9999999,1
0.9975533,1
0.9975533,1
0.009554408,1
1,1
1,1
1,1
1,1
1,1
0.5248056,1
0.009554408,1
0.0007055938,1
0.009554408,1
0.9998224,1
0.9999909,1
0.9971477,1
1,1
0.9999909,1
0.9999402,1
0.999994,1
0.7830657,1
0.9971477,1
0.9999998,1
0.9912082,1
0.9988406,1
0.9988406,1
0.01154231,1
0.01067314,1
0.01067314,1
0.9881358,1
0.01067314,1
0.003051484,1
0.9881358,1
0.933287,1
0.933287,1
0.933287,1
0.9881358,1
0.01154231,1
0.01154231,1
0.1002144,1
0.9989904,1
0.9989904,1
0.20744,1
0.9993666,1
0.01843708,1
0.3144065,1
0.9672495,1
6.185482e-05,1
0.06532469,1
1,1
1,1
1,1
0.9996111,1
0.9988406,1
0.0007099524,1
0.9988406,1
0.003521424,1
1,1
1,1
0.9999999,1
0.9966208,1
0.529071,1
0.00374842,1
1,1
1,1
0.9983536,1
0.9999806,1
0.9998528,1
0.9997707,1
0.9998528,1
0.9999993,1
0.9999974,1
0.9999646,1
0.9999646,1
1,1
1,1
1,1
1,1
1,1
0.9999999,1
1,1
1,1
0.999104,1
0.9988406,1
0.9912082,1
0.9988406,1
0.9999858,1
0.9999858,1
0.9999858,1
0.9999858,1
0.999511,1
0.5836074,0
2.355852e-06,0
0.005860642,0
0.0001737478,0
4.011251e-05,0
7.555378e-06,0
0.933287,0
0.9999979,0
0.529071,0
0.9999268,0
1.260315e-05,0
0.933287,0
0.0002506366,0
7.113157e-05,0
9.322805e-05,0
0.9772514,0
1.924731e-05,0
6.790882e-05,0
0.01335844,0
0.0001477418,0
0.0003491975,0
0.9734353,0
0.001229675,0
7.065786e-05,0
3.639792e-05,0
1.314373e-05,0
0.0003632506,0
4.963457e-05,0
4.528934e-06,0
7.26388e-05,0
1.28738e-05,0
0.0003550141,0
1.390245e-05,0
0.000198844,0
1,0
2.715939e-06,0
5.600261e-05,0
0.0002794479,0
5.410979e-06,0
5.623294e-05,0
0.0004243889,0
0.0003557123,0
0.002763637,0
2.191199e-05,0
0.003749082,0
0.0002272335,0
0.000198844,0
0.002763637,0
5.001769e-05,0
0.0001999767,0
5.952984e-05,0
1.938009e-05,0
3.932967e-06,0
2.561945e-05,0
0.9934176,0
0.07975399,0
5.623294e-05,0
0.9660054,0
0.003987166,0
5.391454e-05,0
0.01275861,0
0.933287,0
0.0006721449,0
0.8602334,0
0.0005913234,0
0.0001283766,0
3.397064e-05,0
0.2587735,0
1.688769e-05,0
1.131498e-05,0
6.082929e-05,0
1.990592e-05,0
5.094696e-06,0
0.1226232,0
0.08486682,0
0.001521848,0
5.865874e-05,0
0.9998072,0
1.996575e-05,0
3.235102e-05,0
0.000198844,0
1.691683e-05,0
0.00268129,0
6.983992e-05,0
1.198545e-05,0
0.000198844,0
8.964198e-05,0
1.943864e-05,0
0.01357339,0
0.9618264,0
0.05002657,0
0.0001959695,0
3.785202e-06,0
0.0003000022,0
5.808712e-05,0
0.9774635,0
1.55589e-05,0
0.0002770603,0
2.511409e-05,0
0.933287,0
