Score,Label
0.4364294,1
0.9991855,1
0.9991855,1
0.9987355,1
0.9999994,1
0.9999478,1
0.0610596,1
0.9999478,1
0.9999992,1
0.9987355,1
0.9999967,1
0.9987355,1
0.6323751,1
0.7579068,1
0.9892706,1
0.9945458,1
0.9021659,1
1,1
0.9999375,1
0.9999911,1
5.022867e-05,1
5.022867e-05,1
5.022867e-05,1
0.99998,1
0.99998,1
0.9995708,1
0.9999834,1
0.9999988,1
0.9875892,1
0.9964307,1
0.0003390803,1
0.008847447,1
0.9754692,1
0.006781383,1
0.5401275,1
0.9999635,1
0.9998897,1
0.9999996,1
0.6323751,1
0.0002308809,1
0.997915,1
0.978839,1
1,1
0.546791,1
1,1
0.00214552,1
0.546791,1
1,1
0.998321,1
0.9298518,1
0.9999753,1
0.1218092,1
0.9021659,1
0.383581,1
0.00509482,1
0.9953744,1
0.9999996,1
0.4777082,1
0.00509482,1
0.005250013,1
0.2843094,1
0.9296111,1
5.022867e-05,1
5.022867e-05,1
5.022867e-05,1
0.9910849,1
0.9942346,1
0.9942346,1
1,1
0.9999998,1
0.9981337,1
1,1
0.9999999,1
0.5124727,1
1,1
0.8690069,1
0.7814761,1
0.9999967,1
0.9999967,1
0.9999967,1
0.2843094,1
0.9296111,1
0.6323751,1
0.6323751,1
0.9999967,1
0.9999967,1
0.9999326,1
0.9999967,1
0.9999967,1
0.9999967,1
0.3118243,1
0.008028595,1
0.008028595,1
1.926874e-06,1
0.6323751,1
0.0133996,0
0.0001561317,0
1.193106e-05,0
1.439549e-06,0
0.0001252167,0
0.999546,0
2.071342e-05,0
0.0001658846,0
3.689409e-05,0
0.9953744,0
0.01677018,0
0.0001466454,0
0.0001455647,0
0.2007379,0
4.051205e-05,0
0.01332146,0
0.9298518,0
0.0008139978,0
9.27892e-05,0
0.0001077948,0
0.9946172,0
0.0610596,0
0.9999961,0
0.9829555,0
9.580476e-06,0
0.0002334728,0
0.2029768,0
6.826371e-05,0
0.0001805582,0
1.627038e-05,0
0.002342852,0
0.9356403,0
1.992608e-06,0
0.9999994,0
0.07962141,0
4.30777e-07,0
0.9999994,0
1.708108e-05,0
0.002036253,0
0.001473272,0
1.860559e-06,0
6.333716e-05,0
9.128403e-07,0
6.708226e-05,0
4.510099e-06,0
0.6490642,0
8.531915e-05,0
0.004370751,0
1.265766e-05,0
9.27892e-05,0
1.775805e-06,0
3.699109e-06,0
2.132e-06,0
0.5198213,0
6.970565e-05,0
0.000446459,0
0.2007379,0
2.400519e-05,0
0.546791,0
5.433427e-05,0
8.994719e-06,0
1.274233e-05,0
0.4341062,0
0.1100735,0
2.750413e-06,0
0.1218092,0
0.004332811,0
2.863155e-05,0
0.9953744,0
0.685734,0
5.350888e-06,0
6.238334e-05,0
0.0009634785,0
0.0002641031,0
0.0002528654,0
0.007896653,0
0.08646657,0
1.104514e-05,0
0.0002781269,0
0.0002221343,0
0.001167597,0
1.446555e-05,0
2.400519e-05,0
1.218079e-05,0
0.002045783,0
0.0002289247,0
1.089599e-05,0
0.0449583,0
9.27892e-05,0
1.015308e-06,0
0.3285404,0
2.400519e-05,0
5.913972e-07,0
1.708108e-05,0
0.4346947,0
