Score,Label
0.9813409,1
0.9020599,1
0.9999996,1
0.9999973,1
0.9997769,1
0.9993551,1
0.9998525,1
0.999947,1
0.9811736,1
0.9999833,1
0.9996222,1
0.9999385,1
0.9996222,1
0.0009303764,1
0.9981093,1
0.5765795,1
0.9999996,1
0.9999224,1
0.9936067,1
0.9906247,1
4.178244e-05,1
1.222157e-07,0
0.0002147315,0
1.653825e-06,0
6.359274e-08,0
0.00154428,0
2.653299e-05,0
0.0006729775,0
0.06075963,0
6.578605e-05,0
0.9992643,0
0.002993771,0
0.0006233758,0
0.001205253,0
2.559503e-05,0
0.001242872,0
0.9999973,0
1.567338e-08,0
0.001205253,0
0.0001303222,0
1.03807e-05,0
0.9997769,0
