Score,Label
1.999012e-09,1
7.945641e-09,1
1,1
0.9999999,1
0.9288069,1
0.4991829,1
0.9999999,1
0.002054388,1
0.0108763,1
0.6919137,1
0.0108763,1
0.0007025576,1
0.05070771,1
0.0001028427,1
1,1
1,1
0.0001469265,1
1,1
0.9999874,1
1,1
0.9999999,1
1,1
1,1
1,1
1,1
1,1
0.05784247,1
0.9999995,1
1,1
0.9795313,1
0.0001028427,1
0.003723774,0
4.133694e-09,0
1.322031e-07,0
0.0004011098,0
1.530178e-09,0
1.619725e-07,0
0.4270847,0
1.132143e-07,0
7.032865e-11,0
0.0005413062,0
0.8142284,0
8.650393e-05,0
0.9999998,0
0.4991829,0
2.139311e-05,0
1.214497e-07,0
0.003723774,0
0.9999874,0
1.132143e-07,0
7.493737e-06,0
0.8940766,0
7.493737e-06,0
0.9999987,0
8.334923e-07,0
2.100511e-10,0
5.884052e-11,0
0.8084457,0
5.264499e-05,0
8.435812e-08,0
0.003723774,0
2.584537e-08,0
