Score,Label
0.9999999,1
1,1
0.9999932,1
1.162166e-05,1
0.9999999,1
0.9999368,1
0.9999764,1
0.9990075,1
0.9990075,1
0.08071742,1
0.9969929,1
1,1
0.9736403,1
0.9969929,1
0.9736403,1
0.9999964,1
1,1
0.9969929,1
1,1
1,1
0.9999995,1
0.9999964,1
0.1819319,1
0.6076506,1
1,1
1,1
0.001067879,1
0.0001186208,1
1,1
0.9999996,1
0.9971449,1
0.9999937,1
1,1
0.9990647,1
0.9999988,1
1,1
0.9934497,1
0.9160242,1
0.2383323,1
0.9160242,1
0.9999988,1
0.9726204,1
0.9999999,1
0.9999995,1
0.9155612,1
0.9995415,1
1,1
0.9991391,1
0.8829395,1
0.9999981,1
0.9999981,1
0.9999932,1
1,1
0.5939189,1
0.2647,1
0.9506854,1
0.9897238,1
0.9897238,1
0.9969929,1
0.9506854,1
0.9999964,1
1,1
0.9969929,1
0.9592364,1
1,1
1,1
0.0009043856,1
0.9891165,1
1,1
1,1
1,1
0.999868,1
0.2366135,1
0.004685797,1
0.0001146416,1
1,1
0.001788808,1
0.9999616,1
5.747559e-06,1
0.5978046,1
1,1
2.294295e-05,1
0.0003360706,1
0.0005679213,1
0.01959332,1
0.1039723,1
0.9999987,1
1,1
1,1
1,1
0.9999999,1
1,1
0.9999999,1
1,1
0.004964209,1
0.0001659174,1
1,1
1,1
0.9999951,1
0.9998154,1
0.7223271,1
0.001903927,0
0.07135287,0
0.0002354108,0
0.001903927,0
0.0002712446,0
0.0005317861,0
0.0098846,0
0.03306242,0
0.001903927,0
0.8468561,0
0.0002699503,0
0.0020727,0
0.0001878775,0
0.0004235398,0
0.3254342,0
0.007888588,0
0.0001833912,0
0.0001694762,0
0.002839958,0
1,0
6.19201e-05,0
0.9589493,0
0.001903927,0
8.451506e-05,0
0.008818933,0
0.3418817,0
0.9091352,0
0.005306318,0
0.001903927,0
2.095862e-05,0
0.0004196569,0
0.5004522,0
0.5664579,0
0.0002715147,0
0.8684976,0
0.005777274,0
0.005253775,0
0.0001024958,0
0.0002371593,0
6.936205e-05,0
0.0002444791,0
0.0001930719,0
0.0001833912,0
9.464656e-05,0
0.005523957,0
0.0002041837,0
0.002561696,0
0.0002748967,0
0.0003687747,0
0.0002988595,0
8.220989e-05,0
0.006948288,0
0.9641526,0
0.002521974,0
0.999999,0
0.02075548,0
0.08761769,0
0.09020747,0
0.001465355,0
0.813619,0
0.001903927,0
0.00484926,0
0.9215952,0
2.095862e-05,0
0.0005931391,0
0.9960763,0
0.0001897071,0
0.8206455,0
0.003773687,0
0.7436705,0
0.04694027,0
0.00105271,0
0.0001681723,0
0.0003854308,0
0.9996204,0
0.3910839,0
0.0005740839,0
0.003086109,0
0.0003559272,0
0.0001186767,0
1,0
0.0001745495,0
0.0001871337,0
0.9985372,0
0.002830523,0
0.001903927,0
0.001772196,0
0.0002431107,0
0.0002554622,0
0.001903927,0
0.0001111173,0
0.006713666,0
0.005616866,0
0.9990647,0
0.0006441803,0
1.543215e-05,0
0.005422775,0
0.0009805593,0
3.315069e-05,0
0.9982569,0
0.9999288,0
