Score,Label
0.9987499,1
0.01014914,1
0.9736647,1
1,1
0.01014914,1
0.9736647,1
0.07159913,1
0.9999648,1
0.9736647,1
0.9996885,1
1,1
1,1
0.02972727,1
0.002923852,1
0.7684429,1
0.01450893,1
1,1
0.02972727,1
1,1
1,1
0.9999999,1
0.9999999,1
1,1
0.9999686,1
1,1
0.3640507,1
0.08601575,1
0.8690314,1
1,1
0.998599,1
0.8690314,1
0.8734325,1
1,1
0.9343208,1
0.9997118,1
0.9929439,1
0.9991672,1
0.9966397,1
0.9545411,1
1,1
0.9991672,1
1,1
0.9999996,1
0.9999996,1
1,1
0.001825425,1
0.9999983,1
0.9448891,1
0.006051281,1
0.05614299,1
0.2651624,1
0.5668103,1
0.1371999,1
0.2901757,1
0.999999,1
0.9744848,1
0.8862382,1
0.9997025,1
0.8429939,1
0.002398239,1
0.9999942,1
0.9999585,1
1,1
0.9955983,0
0.02647996,0
0.000599437,0
0.007442245,0
0.0001245338,0
0.6963767,0
0.001115127,0
0.6861063,0
0.986939,0
0.0002723563,0
0.5177781,0
0.0007212864,0
0.02996658,0
0.0002628862,0
0.9851456,0
0.00157079,0
0.002475197,0
0.003329986,0
0.987324,0
0.9558826,0
0.9629434,0
0.001115127,0
0.001115127,0
0.9999999,0
0.0005357249,0
0.03890833,0
0.0009071978,0
0.6127809,0
8.266584e-05,0
0.001710647,0
0.0001668211,0
0.9996915,0
0.0001291057,0
0.9999995,0
0.04333315,0
0.004538619,0
0.0008831123,0
0.002461133,0
0.01683925,0
0.8716611,0
0.0007212864,0
0.9998879,0
0.02364384,0
0.0009079734,0
0.9999955,0
0.0003436155,0
0.9999815,0
0.008098857,0
0.5991679,0
0.9728115,0
0.0006955515,0
0.5668103,0
0.9802496,0
0.9999917,0
0.08618065,0
0.001778066,0
9.865081e-05,0
0.0002784337,0
9.558148e-05,0
0.002567449,0
0.001027945,0
0.002027024,0
0.0005733261,0
