Score,Label
0.9999981,1
0.9999981,1
0.9816368,1
0.02170358,1
0.9732618,1
0.9999937,1
0.9999937,1
0.9999999,1
1,1
1,1
0.1825042,1
0.1825042,1
0.9999999,1
0.1825042,1
0.036251,1
0.0002551662,1
0.0003218045,1
0.0002586012,1
1.213657e-05,1
0.0001015369,1
1,1
0.9999785,1
0.9910081,1
0.9999785,1
0.02051763,1
0.9999785,1
0.9910081,1
0.07464373,1
1,1
1,1
0.9999928,1
1,1
0.9955989,1
0.9991421,1
1,1
1,1
0.9999971,1
1,1
0.9999883,1
0.9999989,1
0.9999883,1
0.9998288,1
0.999734,1
0.9999883,1
0.9998288,1
0.9999653,1
1,1
1,1
2.308175e-05,1
0.0006453355,1
1,1
1,1
1,1
0.9837683,1
0.9837683,1
0.01762045,1
0.9999923,1
0.0007373467,1
0.998224,1
0.9999915,1
0.001489059,1
0.998224,1
0.998224,1
0.9999998,1
0.9999928,1
1,1
0.001002446,1
1,1
0.9945391,1
1,1
1,1
0.9999928,1
1,1
0.999927,1
0.0001697288,1
5.303855e-05,1
0.02054279,0
0.0001353578,0
0.001065117,0
8.924329e-06,0
3.299673e-05,0
0.003133056,0
3.006608e-06,0
0.6485716,0
0.0001489974,0
0.05183351,0
0.0001714644,0
1.736089e-05,0
0.0005597736,0
8.857102e-05,0
0.0001474336,0
0.02084719,0
0.9999969,0
0.0007843302,0
0.9450521,0
0.0006232345,0
0.00973793,0
0.001688336,0
0.4045649,0
8.104032e-05,0
0.0001007189,0
1.640733e-06,0
1.847868e-05,0
5.602511e-06,0
3.207815e-05,0
0.0002003746,0
0.004473936,0
0.001722107,0
0.9998503,0
8.617542e-05,0
0.5449695,0
0.001172142,0
0.9999067,0
0.9763682,0
1.125541e-05,0
6.825655e-05,0
1.196121e-05,0
0.0004340074,0
0.0001965339,0
0.003402124,0
0.9995909,0
0.0001353578,0
8.857102e-05,0
0.9833408,0
0.006609505,0
0.006004814,0
5.024358e-05,0
0.0006445797,0
0.0001769338,0
0.9999976,0
4.897565e-06,0
4.565598e-05,0
8.857102e-05,0
2.967023e-05,0
0.2201587,0
2.737634e-05,0
0.1111077,0
0.0009849436,0
0.01672186,0
6.648414e-05,0
0.999984,0
5.912381e-06,0
0.0007584854,0
9.152899e-05,0
0.001196032,0
0.0008960992,0
1.229518e-06,0
6.978001e-05,0
0.2426349,0
0.0001387979,0
0.005268734,0
0.9999982,0
