Score,Label
1,1
1,1
1,1
0.8561521,1
0.9926718,1
1,1
1,1
1,1
1,1
1,1
1,1
1,1
1,1
0.8704435,1
0.9999995,1
1,1
1,1
1,1
1,1
1,1
3.706659e-07,0
0.01075475,0
2.895203e-11,0
4.488857e-08,0
5.648393e-11,0
0.01075475,0
6.706664e-10,0
4.574963e-09,0
6.706664e-10,0
1.062555e-08,0
6.481537e-11,0
3.040039e-10,0
0.01075475,0
0.01075475,0
1.28892e-08,0
7.24414e-10,0
3.695542e-11,0
8.458759e-11,0
7.629463e-10,0
5.623682e-10,0
