Score,Label
0.7371649,1
1,1
1,1
1,1
1,1
1,1
1,1
0.0006562065,1
0.7371649,1
0.7371649,1
1,1
0.0008895103,1
1,1
1,1
1,1
0.0008895103,1
0.9999998,1
0.7371649,1
0.7371649,1
0.9996394,1
1,1
1,1
1,1
0.7371649,1
0.7371649,1
0.7371649,1
0.002652189,1
0.9924456,1
0.7371649,1
1,1
1,1
1,1
1,1
0.7371649,1
0.7371649,1
0.7371649,1
0.7371649,1
0.8875902,1
0.7381871,1
0.7371649,1
0.9830047,1
0.9986884,1
0.7371649,1
0.7371649,1
1,1
1,1
1,1
1,1
1,1
0.7371649,1
0.7371649,1
0.0006078714,1
0.0007295158,0
0.1442309,0
5.930026e-05,0
1.769614e-06,0
1.879201e-06,0
0.0001137962,0
0.0001137962,0
0.005698908,0
0.0001454895,0
0.7371649,0
5.452366e-06,0
0.00013318,0
5.857108e-07,0
0.000966904,0
0.001354443,0
0.0002140426,0
2.527088e-05,0
3.865831e-05,0
0.00409075,0
0.5094701,0
1.603905e-05,0
1.769614e-06,0
0.0006978382,0
0.00409075,0
5.057223e-05,0
0.0002224306,0
0.0005172483,0
0.002652189,0
0.0001837534,0
0.0005172483,0
0.0001743132,0
6.972321e-05,0
4.063734e-05,0
9.52922e-06,0
0.0001454895,0
0.0002667921,0
0.005698908,0
0.0002140426,0
0.0001968931,0
0.7371649,0
0.0001454895,0
0.7371649,0
2.242998e-05,0
0.7371649,0
5.61873e-06,0
3.893015e-05,0
2.326809e-05,0
0.7371649,0
5.057223e-05,0
0.7371649,0
2.527088e-05,0
1.414465e-06,0
