Score,Label
1,1
1,1
0.9974738,1
1,1
1,1
1,1
1,1
1,1
1.575204e-05,1
0.9723565,1
0.999965,1
1,1
0.7411599,1
0.4941486,1
1,1
1,1
1,1
0.001873586,1
1,1
1,1
0.9748598,1
0.001631827,1
1,1
0.1216926,1
0.9999976,1
0.1216926,1
0.1216926,1
1,1
1,1
1,1
1,1
1,1
0.009241038,1
1,1
1,1
0.04634422,1
1,1
1,1
1,1
1,1
0.001642691,1
1,1
1,1
1,1
1,1
1,1
1,1
0.9999998,1
1,1
0.999207,1
0.999207,1
0.6877556,1
0.3614684,1
0.2239611,1
0.3911069,1
0.001058608,1
1,1
1,1
1,1
1,1
1,1
1,1
1,1
1,1
1,1
1,1
1,1
1,1
1,1
0.1244382,1
0.948117,1
0.001608337,1
1,1
1,1
1,1
1,1
0.1472136,1
1,1
1,1
1,1
1,1
1,1
1,1
1,1
1,1
1,1
1,1
1,1
1,1
1,1
0.0001346973,0
0.0001346973,0
6.607331e-05,0
0.9895204,0
0.0001908275,0
0.0001346973,0
1.103339e-05,0
3.388928e-06,0
1.103339e-05,0
4.253614e-07,0
0.9887854,0
6.071691e-05,0
8.908641e-06,0
2.252232e-05,0
2.142277e-05,0
0.000115774,0
6.071691e-05,0
0.0001501962,0
7.260424e-06,0
6.071691e-05,0
6.071691e-05,0
0.6251708,0
1.20377e-05,0
0.000135862,0
5.43391e-07,0
0.005241345,0
0.01039772,0
9.05759e-05,0
0.0009357638,0
0.0001388985,0
0.0009357638,0
4.253614e-07,0
4.253614e-07,0
0.0009357638,0
9.055715e-07,0
0.0002126561,0
0.03521754,0
0.0001501962,0
3.256913e-05,0
0.9778271,0
0.0001346973,0
0.0009357638,0
0.9988521,0
0.0001501962,0
5.877549e-06,0
0.0009357638,0
6.79482e-05,0
5.877549e-06,0
0.8395181,0
7.260424e-06,0
8.340676e-06,0
0.001608337,0
0.0009357638,0
1.575204e-05,0
0.001608337,0
0.0001908275,0
0.9645349,0
7.485936e-05,0
9.52445e-06,0
5.167933e-06,0
1.575204e-05,0
0.0001604396,0
4.598315e-06,0
0.0009357638,0
4.901148e-06,0
0.002018619,0
0.4941486,0
0.0001346973,0
0.4941486,0
2.269684e-06,0
0.9778271,0
7.260424e-06,0
5.877549e-06,0
3.064101e-06,0
0.0006501742,0
7.121517e-06,0
9.514636e-06,0
0.9645349,0
0.001965713,0
0.002015987,0
0.0002062672,0
0.0001501962,0
1.828897e-06,0
6.79482e-05,0
0.0002126561,0
1.575204e-05,0
0.0001346973,0
0.002867739,0
0.005241345,0
0.0003766323,0
