Score,Label
0.9802816,1
0.9802816,1
0.9802816,1
0.9999988,1
1,1
1,1
0.9979947,1
1,1
1,1
1,1
1,1
0.999999,1
0.8329406,1
0.1366731,1
0.9999999,1
0.9999999,1
0.008511488,1
0.9999999,1
0.999869,1
0.9905732,1
0.9999999,1
0.9999999,1
0.8329406,1
0.8329406,1
1,1
1,1
0.9999887,1
1,1
0.9998986,1
0.0022617,1
0.8329406,1
0.8329406,1
0.8329406,1
0.8329406,1
0.9991629,1
0.9999994,1
0.999998,1
0.9994733,1
0.0283019,1
0.9992417,1
0.001174514,1
1,1
0.7519405,1
1,1
1,1
1,1
1,1
0.8329406,1
0.9999996,1
0.9999996,1
0.9999996,1
0.8329406,1
0.9983389,1
1,1
1,1
1,1
1,1
1,1
0.8329406,1
0.8329406,1
0.8329406,1
0.8329406,1
0.8329406,1
0.8329406,1
0.8329406,1
4.509234e-06,0
1.366638e-06,0
0.0002057767,0
0.0004233194,0
0.0002371238,0
0.004117292,0
1.615919e-05,0
0.4814635,0
5.205373e-05,0
4.910866e-06,0
0.0002464219,0
3.854117e-05,0
4.921847e-05,0
0.0002258992,0
0.002154679,0
0.004117292,0
0.1690314,0
0.0007803095,0
0.8329406,0
0.8329406,0
0.001124812,0
0.0008638366,0
0.0002153147,0
2.361523e-06,0
0.9500442,0
0.8329406,0
1.358669e-06,0
0.0004233194,0
5.840854e-08,0
0.00210116,0
3.854117e-05,0
0.0004233194,0
0.01044192,0
0.0003361414,0
0.8329406,0
3.859667e-05,0
0.004117292,0
3.084085e-07,0
9.168352e-05,0
0.004117292,0
0.04791014,0
5.725861e-08,0
4.857437e-06,0
0.9355668,0
2.279108e-06,0
5.205373e-05,0
0.001626177,0
6.654928e-07,0
1.224936e-07,0
0.0008402721,0
0.9538911,0
0.8459978,0
0.004117292,0
0.001626177,0
3.015085e-05,0
8.146643e-06,0
0.0002214624,0
0.0007903626,0
3.859667e-05,0
0.01863621,0
4.910866e-06,0
2.173835e-05,0
7.922292e-07,0
8.026525e-07,0
4.910866e-06,0
