Score,Label
1,1
1,1
0.9568604,1
0.9999959,1
0.9927977,1
1,1
1,1
1,1
0.9999996,1
0.7192304,1
1,1
0.5667187,1
1,1
0.807152,1
0.7192304,1
0.7192304,1
0.7192304,1
0.2470504,1
0.2470504,1
0.2470504,1
0.2470504,1
0.2470504,1
0.7192304,1
0.7192304,1
0.7192304,1
0.7192304,1
0.7192304,1
0.9996574,1
1,1
0.001372967,1
1,1
4.942048e-05,1
0.001372967,1
0.9999976,1
5.28513e-06,1
0.7192304,1
0.7192304,1
0.7192304,1
0.2470504,1
0.2470504,1
0.2470504,1
0.2470504,1
0.2470504,1
0.7192304,1
0.7192304,1
0.7192304,1
0.08806045,1
0.7192304,1
0.9999976,1
0.003877477,1
0.9884864,1
0.9986021,1
0.9999858,1
0.9999337,1
0.9996836,1
0.9999858,1
0.004783805,1
0.9984208,1
1,1
1,1
0.7192304,1
0.7192304,1
0.7192304,1
1,1
0.9999998,1
0.9999998,1
0.9935703,1
1,1
0.807152,1
0.807152,1
0.7192304,1
0.7192304,1
0.7192304,1
0.7192304,1
0.9997023,1
7.672769e-05,1
0.7192304,1
0.7192304,1
0.7192304,1
0.9613672,1
0.9613672,1
0.9613672,1
0.9613672,1
0.7192304,1
0.7192304,1
0.7192304,1
0.9613672,1
0.9613672,1
0.9613672,1
0.9613672,1
1.987116e-06,1
0.9999982,1
0.807152,1
0.807152,1
0.9996445,1
0.9999982,1
0.08806045,0
0.07700957,0
0.9710492,0
4.427511e-07,0
0.2470504,0
1.801036e-05,0
3.593069e-08,0
0.4010246,0
0.006794783,0
7.928837e-07,0
0.7192304,0
0.00969873,0
2.353718e-07,0
0.07430422,0
0.0004350699,0
2.758525e-06,0
0.1769928,0
3.474131e-11,0
2.123938e-06,0
1.426941e-09,0
1.231984e-05,0
5.44451e-06,0
0.0008160535,0
0.7192304,0
1.10224e-05,0
0.07700957,0
4.884687e-07,0
0.07700957,0
0.0002451903,0
0.001838173,0
0.7192304,0
0.7192304,0
2.803815e-06,0
0.7192304,0
6.493348e-09,0
0.0001739719,0
0.2019026,0
2.683471e-05,0
6.012307e-07,0
0.003377673,0
4.728931e-08,0
1.847104e-06,0
0.07700957,0
0.00969873,0
6.329119e-08,0
0.9757043,0
0.006794783,0
0.006075653,0
7.3777e-09,0
0.007995721,0
0.7192304,0
8.689039e-10,0
0.00609912,0
1.366428e-09,0
5.44451e-06,0
5.453134e-07,0
2.18934e-05,0
0.0002128011,0
0.001372967,0
0.9999992,0
1.987116e-06,0
0.8698668,0
0.807152,0
0.00969873,0
4.444645e-07,0
5.44451e-06,0
5.977074e-07,0
0.01918796,0
0.7192304,0
6.329119e-08,0
0.9031321,0
5.669724e-10,0
0.08806045,0
0.08806045,0
0.001612908,0
0.1778995,0
0.006794783,0
0.002469699,0
1.815035e-07,0
1.381312e-12,0
3.664927e-09,0
0.05454656,0
4.357329e-06,0
8.603646e-10,0
0.01682032,0
1.026178e-05,0
2.964986e-11,0
2.172309e-09,0
0.0001718006,0
5.44451e-06,0
0.807152,0
0.006794783,0
0.07700957,0
0.007747772,0
7.672769e-05,0
0.7192304,0
