Score,Label
0.8179902,1
0.9935823,1
0.9986009,1
0.9990978,1
0.8179902,1
0.03682996,1
0.8179902,1
0.8179902,1
0.8179902,1
0.8179902,1
0.8179902,1
0.7068191,1
0.8179902,1
0.8179902,1
0.8179902,1
0.8179902,1
0.8179902,1
0.8179902,1
0.8179902,1
0.8179902,1
0.07480175,1
0.8179902,1
0.8179902,1
0.03682996,1
0.9545639,1
0.2687323,1
0.0001106164,1
0.9994546,1
0.9804519,1
0.9994546,1
0.6037295,1
0.8179902,1
0.8179902,1
0.8179902,1
0.8179902,1
0.9999437,1
0.9999437,1
0.8179902,1
0.8179902,1
0.8179902,1
0.8179902,1
0.8179902,1
0.8179902,1
0.9994388,1
0.9994388,1
0.9974959,1
0.9974959,1
0.9994388,1
0.9635246,1
0.9992398,1
0.5388146,1
1,1
0.8179902,1
0.8179902,1
0.9676672,1
0.3545783,1
0.9999915,1
0.8179902,1
0.8179902,1
0.8179902,1
0.8179902,1
0.8179902,1
0.8179902,1
0.8179902,1
0.8179902,1
0.8179902,1
0.8179902,1
0.8179902,1
0.8179902,1
0.8179902,1
0.000838869,1
0.1092946,1
0.8952667,1
0.9923803,1
0.9727322,1
0.9933275,1
0.9923803,1
0.9923803,1
0.9923803,1
0.8179902,1
0.8179902,1
0.8179902,1
0.8179902,1
0.8179902,1
0.8179902,1
0.8179902,1
0.8179902,1
0.1092946,1
0.9877652,1
0.06893761,1
7.186385e-06,0
9.834265e-05,0
0.8179902,0
1.307903e-07,0
7.186385e-06,0
0.001524949,0
0.0001039061,0
0.006874496,0
0.8179902,0
2.628634e-09,0
0.03682996,0
0.0009861267,0
0.000203167,0
0.8179902,0
0.06565026,0
0.006815019,0
0.007132746,0
0.0006352509,0
0.01158756,0
0.0002516799,0
0.3229713,0
0.006179751,0
0.02177083,0
0.008363202,0
0.0006589131,0
0.840546,0
2.077142e-05,0
5.077457e-06,0
0.01470061,0
0.0081526,0
0.02326572,0
0.01470061,0
0.03682996,0
0.01470061,0
0.01470061,0
0.7068191,0
0.003010608,0
0.01217704,0
1.234736e-07,0
0.0001950375,0
6.42542e-06,0
0.02153729,0
0.003963876,0
7.186385e-06,0
0.9545639,0
0.07480175,0
0.8179902,0
0.07480175,0
0.07480175,0
4.646e-08,0
0.8179902,0
0.008363202,0
0.8179902,0
7.186385e-06,0
0.005849344,0
2.709356e-07,0
0.002874631,0
1.079956e-05,0
0.01470061,0
0.000206605,0
0.0009132883,0
0.07480175,0
0.002335849,0
0.8179902,0
0.02787839,0
7.186385e-06,0
0.8179902,0
0.03682996,0
0.04499004,0
0.006821143,0
0.8179902,0
0.07480175,0
0.01470061,0
0.2940309,0
0.001513906,0
6.251805e-05,0
0.1092946,0
4.651985e-08,0
0.0009132883,0
0.1769185,0
0.0008803114,0
0.8179902,0
2.09254e-05,0
0.0001950375,0
5.077457e-06,0
6.464465e-07,0
0.9676672,0
0.006179751,0
6.933599e-05,0
0.002871703,0
