Score,Label
0.99998,1
0.9999415,1
0.9999415,1
0.9999992,1
0.9999992,1
5.858529e-05,1
0.000226307,1
0.9999992,1
0.9757301,1
0.9999985,1
0.9999701,1
0.9923805,1
0.9999844,1
0.9995853,1
0.9999963,1
0.9998853,1
0.0003399689,1
0.9999998,1
0.0003461117,1
0.9996098,1
0.9999964,1
0.999989,1
0.5010163,1
0.9975775,1
0.9999992,1
0.9999986,1
0.3436345,1
0.9997128,1
0.9999993,1
4.850875e-05,1
0.04176964,1
9.864291e-05,1
0.9999999,1
0.006140518,1
0.9999654,1
0.0001605662,1
0.0001605662,1
0.9998555,1
0.9989232,1
0.9989232,1
0.9998555,1
0.9999999,1
0.9999999,1
0.6757133,1
0.6757133,1
0.6346926,1
1,1
0.9899441,1
0.9992115,1
0.9999654,1
0.9999869,1
0.9999996,1
0.1843123,1
0.9999996,1
0.4072547,1
0.9999703,1
0.004060188,1
0.9999944,1
0.9999894,1
0.9999958,1
0.9999952,1
0.8550481,1
0.05347468,1
0.001216205,1
0.9981691,1
0.9981691,1
0.9999995,1
0.9999993,1
0.9999993,1
0.9999993,1
0.885945,1
0.9999995,1
0.008524648,1
0.9999999,1
0.9999899,1
0.9999033,1
0.9903503,1
0.9947477,1
0.03944334,1
0.9868742,1
0.9999974,1
0.9995033,1
0.9995388,1
0.9999999,1
0.9999999,1
3.408864e-12,0
0.9999141,0
0.6263764,0
0.0007959707,0
0.9999541,0
4.987651e-05,0
2.65006e-08,0
0.9959752,0
2.267771e-09,0
0.001796104,0
0.002336312,0
1.679915e-05,0
6.867625e-07,0
0.002937405,0
0.9875722,0
1.523655e-07,0
0.9993039,0
3.001755e-05,0
8.947117e-06,0
7.206474e-06,0
0.0004015484,0
0.9997818,0
2.985385e-08,0
3.867368e-06,0
0.9527098,0
0.0003892911,0
0.0003892911,0
0.0006281479,0
3.136735e-12,0
0.9999456,0
0.9998899,0
0.9931777,0
0.0004168196,0
0.01077889,0
5.542689e-05,0
2.161758e-07,0
0.9998899,0
0.9993039,0
0.9999958,0
9.172654e-11,0
3.275214e-13,0
0.9999999,0
3.136735e-12,0
1.309535e-05,0
0.8646205,0
0.9999896,0
8.206093e-07,0
0.0004791202,0
0.0004735276,0
0.3086711,0
0.6263764,0
0.001260437,0
0.9859301,0
1.167084e-06,0
2.969052e-05,0
0.02734641,0
0.9996796,0
0.9994911,0
0.9996756,0
3.332772e-05,0
0.3241185,0
0.01409731,0
0.3947836,0
7.545038e-06,0
3.001755e-05,0
0.08501674,0
0.9999667,0
4.191789e-09,0
0.0002029808,0
3.001755e-05,0
0.969905,0
4.263824e-12,0
0.6757133,0
1.348169e-09,0
0.002937405,0
3.001755e-05,0
3.001755e-05,0
0.002407355,0
0.9992707,0
0.01235522,0
0.001216205,0
5.898106e-08,0
0.9997415,0
1.967693e-07,0
0.0003461117,0
