Score,Label
0.9999814,1
0.9999931,1
0.0003063047,1
0.9980179,1
0.998655,1
0.001065065,1
0.9916008,1
0.9934969,1
0.9934969,1
2.582627e-05,1
0.9999954,1
0.999948,1
0.9999998,1
0.0003091234,1
1,1
1,1
1,1
7.377903e-05,0
0.0002189102,0
0.002508552,0
0.9999559,0
0.0007691563,0
3.825252e-05,0
0.002753234,0
0.9990331,0
0.002508552,0
0.1381277,0
6.243416e-05,0
1,0
0.0001802642,0
4.798439e-05,0
0.002508552,0
0.002753234,0
0.1634711,0
