Score,Label
0.9999516,1
1,1
0.99977,1
0.99977,1
0.9999708,1
0.9999983,1
0.0007669372,1
1,1
0.9999999,1
0.9050685,1
0.1623997,1
1,1
1,1
1,1
1,1
0.9939489,1
0.9999903,1
0.788461,1
0.9999323,1
0.9993787,1
0.9999993,1
0.9999974,1
0.9999999,1
1,1
1,1
1,1
0.9949875,1
0.9732941,1
0.9999998,1
1,1
1,1
0.9999999,1
1,1
0.996628,1
0.9999783,1
0.9988021,1
0.06318837,1
0.9868255,1
0.9999981,1
1.657587e-09,0
1.828491e-07,0
0.9902291,0
7.790236e-07,0
3.652967e-08,0
0.00351475,0
0.001629355,0
6.152268e-10,0
0.002176228,0
0.01129201,0
9.606467e-06,0
7.842708e-06,0
1.88042e-06,0
4.321885e-05,0
2.790933e-09,0
1.627155e-09,0
3.130153e-09,0
0.9999988,0
1.452264e-06,0
1.771709e-09,0
7.312621e-10,0
1.170417e-08,0
4.37259e-06,0
0.005928264,0
0.001390193,0
7.489548e-10,0
0.9985546,0
0.3034233,0
3.72774e-10,0
3.343971e-07,0
2.469991e-08,0
1,0
4.303325e-06,0
0.5819739,0
0.9345444,0
1.618893e-08,0
0.02080728,0
1.019023e-05,0
0.002176228,0
