Score,Label
0.9999983,1
0.9802588,1
1,1
0.9999982,1
1,1
0.999947,1
0.999947,1
0.1814795,1
1,1
1,1
1,1
1,1
1,1
1,1
0.9999994,1
0.9999156,1
0.9956398,1
0.9999156,1
8.367098e-07,0
3.891605e-08,0
9.054671e-07,0
3.895626e-06,0
1.684892e-08,0
2.005304e-06,0
1.359365e-06,0
6.92135e-07,0
0.0002244241,0
1.661186e-08,0
2.199443e-08,0
1.609438e-08,0
0.9926977,0
0.3949083,0
2.199443e-08,0
1.64584e-05,0
1.923365e-06,0
1.875532e-09,0
