Score,Label
1,1
1,1
1,1
0.9999986,1
0.9999986,1
1,1
0.9894609,1
1,1
1,1
1,1
1,1
1,1
1,1
1,1
0.008344538,1
0.003460209,0
2.477457e-06,0
4.857907e-05,0
2.604953e-05,0
6.259848e-05,0
1.686857e-05,0
0.0001556742,0
5.011723e-06,0
0.0001136094,0
2.477457e-06,0
1.912932e-05,0
8.254642e-05,0
5.011723e-06,0
2.699752e-06,0
9.77205e-06,0
