Score,Label
1,1
1,1
1,1
1,1
1,1
1,1
1,1
1,1
1,1
1,1
1,1
1,1
1,1
1,1
1,1
0.6559839,1
1,1
1,1
1,1
1,1
1,1
1,1
1,1
1,1
1,1
6.105654e-08,0
6.283382e-07,0
2.681545e-07,0
0.003027714,0
0.0002048969,0
7.172527e-06,0
6.291879e-08,0
1.443913e-07,0
3.578631e-07,0
3.758849e-07,0
8.39962e-05,0
1.794772e-06,0
2.111406e-06,0
2.099604e-07,0
0.0001131342,0
0.0001235541,0
8.329678e-07,0
1.475163e-06,0
8.145828e-07,0
2.311283e-07,0
8.145828e-07,0
7.372747e-06,0
2.178132e-05,0
0.003027714,0
5.925133e-08,0
