Score,Label
1,1
1,1
1,1
1,1
1,1
1,1
1,1
1,1
1,1
1,1
1,1
1,1
1,1
1,1
0.9999135,1
0.9999975,1
0.9999999,1
0.4681592,1
0.9802392,1
1,1
1,1
9.922957e-08,0
1.200372e-09,0
0.001735729,0
2.337814e-08,0
0.04943032,0
4.211003e-10,0
3.481889e-06,0
1.763588e-08,0
5.046199e-11,0
5.07613e-09,0
2.486866e-09,0
2.134343e-09,0
2.327614e-10,0
0.001735729,0
0.0001135233,0
1.666717e-07,0
2.406693e-08,0
0.001412154,0
8.826991e-05,0
4.928061e-08,0
6.690875e-09,0
