Score,Label
0.9999973,1
0.999999,1
0.9924775,1
0.009253433,1
0.9999973,1
0.9999973,1
0.9999995,1
0.9911379,1
0.9998746,1
0.999676,1
0.9999959,1
0.3114117,1
0.03610142,1
2.007589e-06,1
2.007589e-06,1
0.9302557,1
0.9710451,1
0.9999987,1
2.007589e-06,1
0.0002091719,1
0.9999931,1
0.1134505,1
0.9849827,1
0.811269,1
0.9999931,1
8.87468e-06,1
0.5897307,1
0.9999968,1
0.9985356,1
1,1
1,1
1,1
0.0002116606,1
0.5330917,1
0.004399662,1
0.001307696,1
0.000234449,0
3.344752e-07,0
0.004410283,0
0.001307696,0
0.001307696,0
2.659048e-07,0
0.4124731,0
6.879418e-06,0
0.001307696,0
0.001307696,0
2.405455e-06,0
0.001307696,0
0.002144542,0
0.0240398,0
0.9141986,0
0.009088395,0
4.581355e-05,0
0.001307696,0
0.2156944,0
0.02774287,0
0.6009085,0
0.001307696,0
0.001307696,0
0.9999992,0
0.7803358,0
0.0002824684,0
6.73283e-06,0
3.02248e-06,0
0.0002434853,0
0.03208907,0
0.0003284067,0
5.562227e-06,0
0.9999464,0
0.01496404,0
0.0008128374,0
0.923135,0
