Score,Label
0.9999999,1
0.9998072,1
0.9999999,1
0.9999999,1
0.4539205,1
0.4539205,1
0.9960914,1
0.317048,1
0.9934522,1
0.9934522,1
0.6671883,1
0.999981,1
0.9999495,1
0.9999996,1
0.9087896,1
0.001545202,1
4.951899e-05,1
0.0006944431,1
0.9429942,0
0.04657413,0
0.001421142,0
0.0003958578,0
0.08365518,0
0.0003958578,0
0.0008674109,0
0.9960914,0
0.0003607542,0
0.0003958578,0
0.06210528,0
3.109331e-05,0
3.199706e-05,0
0.00075836,0
0.0004083765,0
4.161106e-05,0
0.0001039005,0
0.0004107978,0
