Score,Label
0.3737005,1
0.989085,1
0.0001927418,1
0.3152739,1
1,1
0.9329114,1
0.9329114,1
2.725245e-05,1
0.9998671,1
0.8245086,1
0.9638909,1
0.2785111,1
0.01484006,1
0.9995621,1
0.9999987,1
0.3914129,1
0.000350666,1
0.9885191,1
0.9390784,1
0.04503134,1
0.9731251,1
0.1233897,1
0.06961561,1
0.006810034,1
0.9856386,1
0.8694692,1
1,1
1,1
0.9999969,1
0.9895047,1
0.9972537,1
1,1
0.9939851,1
0.509495,1
0.0005115587,1
0.9986389,1
8.935572e-05,1
0.9997566,1
1.980902e-05,1
0.99999,1
1,1
0.9999975,1
0.000410452,1
0.95307,0
7.141445e-05,0
0.7859167,0
0.3081051,0
4.584519e-05,0
0.001065047,0
0.9994314,0
5.942547e-05,0
1,0
0.9999532,0
0.00943637,0
0.3034908,0
0.0005296231,0
0.9992542,0
0.0003863714,0
0.957794,0
0.9876351,0
0.0003665053,0
0.001279013,0
1,0
0.0001412778,0
0.004064461,0
0.0003139718,0
0.0001740673,0
0.9998598,0
0.001146869,0
0.02244623,0
0.000119598,0
0.003941497,0
0.7745676,0
1.845213e-05,0
4.584519e-05,0
2.068896e-05,0
0.2414303,0
7.158429e-05,0
0.0008620166,0
0.003523274,0
0.2583997,0
0.9756065,0
0.0003720165,0
0.2734697,0
1,0
0.5223091,0
