Score,Label
0.00595187,1
0.6725885,1
0.001631649,1
0.4020802,1
0.9999375,1
0.9999983,1
0.6633239,1
0.9977343,1
0.007263693,1
0.6725885,1
0.07236945,1
0.9984641,1
0.9233634,1
0.9659545,1
0.00329801,1
0.2735735,1
0.9999961,1
0.001700378,1
0.1137735,1
0.0002011863,0
0.001629909,0
0.9999832,0
0.9991896,0
0.0004927466,0
0.6703194,0
0.3692278,0
0.9941375,0
0.0004468701,0
0.001629909,0
1,0
0.1952913,0
0.9977343,0
0.0006139522,0
0.06241575,0
0.5736702,0
0.267565,0
0.06241575,0
0.001629909,0
