Score,Label
0.9997599,1
0.9999809,1
0.006234868,1
0.9999809,1
0.01586243,1
0.01057606,1
0.001307476,1
0.9999641,1
0.9821548,1
0.9999976,1
0.001233199,1
1,1
1,1
0.001233199,1
0.2092152,1
1,1
1,1
1,1
0.001939277,1
0.8848048,1
1,1
0.9980786,1
0.999832,1
0.8285565,1
0.999832,1
0.9997136,1
0.0005991709,1
0.009027081,1
0.001599576,1
0.001040838,1
0.001155147,0
0.01082155,0
0.00756444,0
0.0009132265,0
0.02106448,0
0.0001783191,0
0.001323867,0
0.1699491,0
0.001117112,0
0.0005389782,0
0.0001715823,0
0.9279756,0
0.01082155,0
0.001084102,0
0.9999652,0
0.9993665,0
0.01082155,0
0.00203199,0
0.9279756,0
0.0011133,0
0.000728864,0
0.0005389782,0
0.0002575856,0
0.001214339,0
0.001237398,0
0.001155147,0
0.002358609,0
0.006472955,0
0.0004748736,0
0.0003016453,0
