Score,Label
0.01289093,1
0.9381185,1
0.01863562,1
0.0002125576,1
1,1
1,1
0.0005951518,1
1,1
0.9999979,1
0.0005951518,1
1,1
0.02139054,1
1,1
1,1
1,1
1,1
0.9998438,1
0.9995798,1
0.01437672,1
0.0003997346,0
3.100395e-05,0
0.9881147,0
0.005771916,0
0.001785878,0
0.04945921,0
0.0008098161,0
0.001839728,0
5.866814e-05,0
8.133894e-05,0
0.0008098161,0
0.1204865,0
0.0002836136,0
0.5995548,0
0.01508946,0
0.0006919272,0
4.531651e-05,0
0.9129102,0
8.133894e-05,0
