Score,Label
0.26383,1
0.0005067593,1
0.0004801169,1
0.9996094,1
0.0001851161,1
0.999827,1
0.9881641,1
0.3116721,1
0.0004184293,0
6.812695e-05,0
7.811558e-05,0
0.006177529,0
0.9988242,0
0.9999993,0
6.812695e-05,0
0.129054,0
