Score,Label
1,1
0.9999993,1
1,1
0.8202089,1
0.9999993,1
1,1
1,1
1,1
1,1
0.9999821,1
1,1
1,1
0.0002913634,1
1,1
1,1
0.9994776,1
0.004209751,0
0.05896387,0
0.0001301154,0
0.08857809,0
0.004209751,0
0.004209751,0
0.02629663,0
0.967749,0
0.04166779,0
0.004209751,0
0.000126253,0
0.000207076,0
0.0004530125,0
1,0
0.004209751,0
0.0007191728,0
