Score,Label
0.9999298,1
0.999731,1
0.9999921,1
4.049096e-05,1
0.3308447,1
5.233978e-06,1
5.061533e-06,1
9.905105e-05,1
0.9999757,1
1,1
0.0002743864,0
0.899484,0
0.0009255079,0
1.866707e-05,0
3.116771e-06,0
0.3826973,0
0.9995734,0
0.0002235399,0
0.9752612,0
0.0003860986,0
