Score,Label
0.007075205,1
0.7116492,1
1,1
1,1
0.9999998,1
1,1
0.9996743,1
0.005842943,1
0.00630276,1
0.03898981,1
1,1
0.1257445,1
0.9999999,1
0.9017519,1
0.2886329,1
0.008006338,1
1,1
0.7870215,1
0.5700989,1
0.9999999,1
0.8717661,1
0.5802716,1
0.005220507,0
0.007336681,0
0.6523936,0
0.9999189,0
0.09476764,0
0.9746076,0
0.006410208,0
0.007336681,0
0.007279127,0
0.007291203,0
0.006155357,0
0.007075205,0
0.0694055,0
0.9996498,0
0.00622795,0
0.9999516,0
0.1242137,0
0.9999919,0
0.9829571,0
0.007336681,0
0.004421167,0
0.1801054,0
