Score,Label
0.006118259,1
1,1
1,1
0.9999998,1
0.9999998,1
0.9999998,1
0.9999886,1
0.9999886,1
1.099668e-05,1
0.9730914,1
0.9730914,1
0.990826,1
0.9730914,1
0.990826,1
0.990826,1
0.9393924,1
0.9958789,1
0.3385346,1
0.9730914,1
0.9882768,1
0.9155748,1
0.9999909,1
0.9999909,1
0.9999909,1
0.9999909,1
1,1
0.004650947,1
0.9999772,1
0.9999999,1
0.9155748,1
0.9155748,1
0.9155748,1
0.9155748,1
0.9155748,1
0.0001024588,0
1.619552e-07,0
0.0002702698,0
4.860754e-06,0
4.773524e-05,0
0.9955518,0
0.9155748,0
0.9947286,0
0.0002702698,0
0.1208703,0
1.133591e-05,0
0.006295454,0
0.001262954,0
0.04467032,0
0.002534431,0
2.402516e-06,0
6.720437e-05,0
0.9155748,0
0.0001024588,0
0.8047378,0
2.896581e-05,0
2.07187e-06,0
0.04023528,0
0.9155748,0
0.0002702698,0
0.006118259,0
0.1524296,0
0.0002702698,0
1.133591e-05,0
0.0002702698,0
0.1449818,0
2.402516e-06,0
0.9155748,0
0.0009315383,0
