Score,Label
0.9862075,1
0.9862075,1
0.9942352,1
3.869408e-05,1
0.9686666,1
0.9999998,1
0.9999998,1
0.9686666,1
0.9999982,1
0.6450869,1
0.9972287,1
0.9862075,1
0.8781872,1
0.2148564,1
0.03221685,1
2.879416e-06,0
0.2638859,0
3.365205e-06,0
0.0009996855,0
1.757995e-05,0
0.0001171698,0
0.02950736,0
0.0003020646,0
2.374191e-05,0
8.668667e-07,0
0.0001914034,0
0.01107971,0
0.07436945,0
3.225782e-05,0
0.00310173,0
