Score,Label
0.9999875,1
0.9200916,1
0.9999627,1
0.9735506,1
0.0004253727,1
0.9999946,1
0.001458726,1
0.1565593,1
0.1565593,1
0.9997734,1
0.1352055,1
0.0001214865,0
0.1300801,0
0.9200916,0
0.0001214865,0
0.296011,0
0.0009686305,0
0.9968401,0
7.821226e-07,0
0.04382071,0
0.0002235048,0
0.9998976,0
