Score,Label
0.9993025,1
0.0734187,1
0.9999999,1
0.9999995,1
9.224033e-06,1
0.9432188,1
0.002660233,1
0.002873632,1
0.9796658,1
0.3149681,1
0.951109,1
0.9899047,1
0.00787428,1
0.9081969,1
0.9868802,0
0.003821032,0
0.0001329615,0
0.002873632,0
0.9999998,0
0.002203126,0
5.247365e-08,0
0.9996729,0
0.7860971,0
0.03908902,0
0.0021146,0
0.0001329615,0
0.9964343,0
3.237669e-06,0
