Score,Label
2.783768e-06,1
1,1
6.56279e-05,1
0.1313383,1
0.9999509,1
8.444874e-07,1
0.9999895,1
0.7553891,1
0.7553891,1
0.9625307,1
0.3479501,1
2.216685e-05,1
1.177504e-06,1
8.444874e-07,1
0.005935794,1
6.884958e-06,1
0.0007258066,0
0.1313383,0
0.17748,0
0.00700227,0
0.3332426,0
0.3332426,0
2.766096e-06,0
4.437163e-06,0
0.9998308,0
0.1313383,0
0.0002509907,0
0.3332426,0
0.9409155,0
0.7553891,0
1.410166e-08,0
6.33662e-07,0
