Score,Label
0.0001553172,1
0.9999988,1
0.9884693,1
0.2863042,1
0.9986621,1
0.8759336,1
0.9989309,1
0.9996549,1
0.8638953,1
0.08761889,1
3.144209e-09,1
0.9999486,1
5.287956e-07,1
0.9971072,0
0.9991112,0
0.4672332,0
0.299166,0
2.676928e-07,0
2.50738e-05,0
0.0002632464,0
0.009533251,0
0.185753,0
0.9999962,0
0.998251,0
0.0459414,0
0.9982634,0
