Score,Label
0.1667326,1
1,1
0.9962998,1
1,1
1,1
1,1
1,1
1,1
1,1
1,1
2.085357e-05,1
0.1728794,1
1,1
1,1
0.1728794,1
1,1
1,1
1,1
1,1
1,1
1,1
2.501843e-06,0
5.480742e-06,0
7.973311e-06,0
0.9958825,0
5.593452e-06,0
0.003074136,0
3.968644e-06,0
1.031089e-05,0
0.001998921,0
1.074322e-05,0
1.234348e-05,0
2.194924e-06,0
6.492599e-05,0
8.29221e-06,0
0.007865684,0
1.262993e-05,0
1.232793e-05,0
5.146861e-06,0
1.354793e-05,0
0.001998921,0
2.489787e-06,0
