Score,Label
0.9999999,1
1,1
0.9999999,1
0.9999996,1
0.2005246,1
1,1
1,1
0.9999999,1
1,1
1,1
1,1
0.9999999,1
1,1
0.999993,1
1,1
0.04216988,1
0.03142695,1
1,1
0.2005246,1
0.2005246,0
1,0
0.0007550716,0
0.2005246,0
0.00141274,0
0.0629669,0
0.2005246,0
0.000867322,0
0.0629669,0
0.001531946,0
0.002329741,0
0.0008499224,0
0.001978252,0
0.001978252,0
0.2005246,0
0.001203264,0
0.9998493,0
0.0007550716,0
0.001422339,0
