Score,Label
1,1
0.9999936,1
0.3999759,1
0.009317779,1
0.9999844,1
1,1
0.220279,1
0.9999169,1
0.9999989,1
0.9999993,1
0.0003177389,1
0.9999169,1
1,1
0.9999931,1
0.0002038279,0
0.5994,0
1.162776e-06,0
0.3999759,0
0.3999759,0
0.0004003053,0
0.9999943,0
0.001853622,0
6.759347e-07,0
1.797656e-05,0
0.0007852562,0
5.140323e-06,0
5.427155e-06,0
5.427155e-06,0
