Score,Label
0.0003343324,1
0.9948614,1
1.824622e-05,1
1.824622e-05,1
1,1
0.02292021,1
1,1
1,1
4.262369e-08,1
0.04166539,1
1,1
1,1
0.02542731,1
1,1
1,1
1,1
0.2680741,1
1,1
0.09847409,0
5.920975e-07,0
3.360716e-08,0
4.913871e-11,0
0.9747179,0
1.730915e-05,0
1.284181e-09,0
4.770973e-07,0
2.437509e-14,0
0.9747179,0
7.52649e-15,0
4.698828e-16,0
2.535089e-08,0
7.396802e-10,0
0.007518102,0
4.028383e-09,0
1.309346e-05,0
2.524583e-13,0
