Score,Label
0.9999408,1
0.9952637,1
1.90772e-05,1
0.9622775,1
0.9999956,1
0.9985557,1
1,1
1,1
1,1
1,1
1,1
1.483326e-05,1
0.9999908,1
1,1
1,1
1,1
1,1
1,1
1,1
0.001158419,1
1.219761e-07,0
2.395031e-06,0
0.001158419,0
0.6834063,0
0.001125704,0
0.9864635,0
0.001125704,0
0.002187363,0
0.9428974,0
0.0003112131,0
0.0001580207,0
0.001158419,0
4.877909e-07,0
0.001454053,0
2.027213e-06,0
2.474191e-07,0
0.6834063,0
8.149137e-06,0
0.0001580207,0
0.001158419,0
