Score,Label
0.03710752,1
0.9999982,1
0.9999982,1
2.800057e-08,1
1,1
1,1
0.0001314734,1
0.9999982,1
0.9999982,1
1,1
1.055946e-08,0
0.07554942,0
2.198569e-09,0
6.59073e-05,0
1.925672e-08,0
0.004015122,0
0.004015122,0
0.004015122,0
0.004015122,0
6.59073e-05,0
