Score,Label
1,1
1,1
1,1
1,1
1,1
1,1
1,1
1,1
1,1
1,1
0.001931847,1
2.237789e-05,0
1.117676e-05,0
9.741091e-05,0
0.3129298,0
0.0001153975,0
0.006514252,0
0.00159177,0
3.542179e-05,0
0.002345567,0
0.001305636,0
0.001305636,0
