Score,Label
0.06313267,1
0.3578091,1
0.9746714,1
1,1
1,1
1,1
0.6814604,1
0.9999502,1
1,1
0.4188492,0
3.151576e-05,0
1,0
3.151576e-05,0
2.890284e-05,0
1.573982e-05,0
0.9991096,0
1.573982e-05,0
0.6529205,0
