Score,Label
1,1
0.999988,1
0.9999877,1
0.9996814,1
0.9996814,1
1.050735e-05,1
0.1893066,0
0.0003032491,0
0.0003032491,0
1,0
1,0
0.0003032491,0
