Score,Label
0.6910824,1
0.6910824,1
0.6910824,1
0.9993218,1
0.9993218,1
0.9999897,1
0.9500389,1
0.007934326,1
0.9985146,1
0.9500389,1
0.005424635,1
0.002266982,1
0.9990895,1
0.9990895,1
0.9990895,1
0.9990895,1
0.9990895,1
1,1
0.9999993,1
1,1
1,1
0.9990895,1
0.9990895,1
0.9990895,1
0.3233491,1
0.9990895,1
0.9990895,1
0.9990895,1
0.9990895,1
1,1
1,1
1,1
0.9999933,1
0.0006146304,1
1.163735e-07,0
5.399286e-05,0
0.008820017,0
6.233624e-05,0
2.909685e-07,0
1.598525e-07,0
5.399286e-05,0
6.641432e-06,0
1.086258e-07,0
5.089303e-07,0
6.233624e-05,0
9.628127e-07,0
1.120208e-06,0
0.0002075017,0
0.0004035633,0
1.349718e-08,0
4.436273e-07,0
5.903868e-07,0
2.919262e-08,0
1.510912e-07,0
1.339121e-07,0
4.280268e-07,0
7.573374e-08,0
0.0009748172,0
0.002266982,0
1.364916e-07,0
0.0002075017,0
4.436273e-07,0
0.00698454,0
2.683842e-07,0
0.0002075017,0
1.25057e-07,0
2.249253e-07,0
7.906426e-09,0
