Score,Label
0.9080231,1
1,1
0.000207748,1
0.998262,1
0.998262,1
0.7080679,0
0.7080679,0
0.0004471247,0
0.0001368483,0
0.0001038839,0
