Score,Label
1,1
0.9999694,1
1,1
1,1
0.3068962,1
0.3068962,1
1,1
1,1
1,1
1,1
1,1
1,1
0.8639562,1
0.00451277,1
1,1
1,1
1,1
1,1
1,1
1,1
0.0648727,0
7.027256e-05,0
0.0648727,0
0.000274897,0
0.05718924,0
0.02032237,0
0.001801776,0
0.01463856,0
0.9680341,0
0.05718924,0
0.0003637842,0
0.0006250663,0
0.01062663,0
0.03025943,0
0.001045175,0
7.027256e-05,0
0.000274897,0
0.05718924,0
0.06186793,0
0.001942271,0
