Score,Label
1,1
0.9812372,1
0.7868279,1
1,1
0.0004227451,1
0.002037001,1
0.001663763,1
0.001443346,1
1,1
1,1
1,1
0.9999999,1
1,1
1,1
1,1
1,1
1,1
1,1
1,1
1,1
1,1
0.9999985,1
2.186469e-05,0
3.483655e-05,0
0.001570052,0
2.779805e-06,0
3.586763e-05,0
2.065927e-06,0
0.002810982,0
9.636046e-05,0
8.425652e-06,0
1.284474e-06,0
0.01493183,0
0.002661834,0
0.002810982,0
0.0008622794,0
3.982585e-07,0
0.002661834,0
0.002810982,0
7.076253e-06,0
7.673581e-06,0
6.31802e-06,0
9.843731e-05,0
4.901125e-06,0
