Score,Label
0.9999998,1
1,1
1,1
2.609483e-08,1
1,1
4.555496e-08,1
4.13753e-12,1
1.389553e-10,1
0.9999977,1
0.9999353,1
2.073884e-05,1
1,1
1,1
1,1
1,1
0.9999933,1
1.461072e-06,1
0.0001020835,1
1,1
3.601097e-07,1
1,1
0.9834802,1
0.999998,1
2.629029e-06,1
0.7165056,1
0.008173672,1
0.4065043,1
2.629029e-06,0
0.9956566,0
1.31449e-07,0
0.2120178,0
0.00474638,0
0.002046857,0
1.350432e-05,0
0.003989177,0
1.389553e-10,0
0.004399564,0
2.833745e-08,0
2.629029e-06,0
7.072059e-08,0
8.266064e-05,0
4.194193e-06,0
2.073884e-05,0
1.350432e-05,0
2.334532e-05,0
1.235591e-08,0
1.829119e-05,0
2.374289e-08,0
1.350432e-05,0
4.149942e-06,0
0.002046857,0
2.703692e-07,0
0.00474638,0
5.079146e-05,0
1.966852e-06,0
2.073884e-05,0
0.2120178,0
1.018574e-06,0
0.001009561,0
0.0007254871,0
0.007412056,0
1.023515e-07,0
0.0001790558,0
0.9428431,0
5.022432e-08,0
1.829119e-05,0
0.001009561,0
3.610999e-05,0
4.520924e-08,0
7.765375e-06,0
1.461072e-06,0
2.69629e-05,0
0.001009561,0
1.166705e-06,0
0.001009561,0
1.610703e-08,0
0.0007254871,0
5.079146e-05,0
5.079146e-05,0
0.00474638,0
8.696903e-09,0
