Score,Label
0.9999999,1
0.9999958,1
1,1
1,1
0.9999998,1
0.9999998,1
0.9999998,1
0.9997926,1
0.9998498,1
0.9998498,1
0.9998498,1
0.8037801,1
1,1
1,1
0.9999944,1
1,1
1,1
0.0188302,1
0.005106902,0
1.732781e-05,0
0.0188302,0
8.904707e-06,0
4.739261e-07,0
2.614867e-05,0
4.029595e-06,0
0.1261778,0
2.622758e-05,0
3.280586e-06,0
0.0188302,0
0.0004885789,0
0.0188302,0
0.01648487,0
5.523094e-07,0
1.31362e-06,0
4.029595e-06,0
1.702867e-07,0
