Score,Label
1,1
1,1
1,1
1,1
0.0007701941,1
1,1
1,1
1,1
1,1
1,1
1,1
1,1
1,1
0.9999969,1
1,1
1,1
1,1
1,1
1,1
1,1
1.311837e-06,1
1,1
1,1
1,1
1,1
1,1
1,1
9.167879e-06,1
2.858747e-10,0
6.226825e-07,0
1.01009e-09,0
1.495726e-07,0
1.304348e-08,0
0.0003043814,0
3.720639e-09,0
1.125096e-06,0
9.394812e-08,0
9.007944e-11,0
7.72201e-08,0
1.49849e-09,0
2.415357e-08,0
0.0003043814,0
2.365829e-05,0
1.834718e-09,0
8.705901e-08,0
3.633226e-07,0
8.652614e-08,0
3.079347e-07,0
6.381241e-08,0
9.654323e-07,0
1.707422e-07,0
3.081149e-09,0
6.429e-11,0
0.182594,0
7.784249e-09,0
3.060473e-09,0
