Score,Label
1,1
1,1
1.220978e-06,1
1,1
0.9079546,1
0.9993796,1
0.9993796,1
1,1
1,1
1,1
1,1
1.220978e-06,1
1,1
1,1
0.9079546,1
0.9993796,1
1,1
0.00183159,0
0.002295958,0
0.0003818277,0
6.424826e-06,0
1.570185e-05,0
6.424826e-06,0
3.141016e-07,0
2.065359e-06,0
1.828092e-05,0
0.00135592,0
4.184585e-05,0
0.0560983,0
0.00183159,0
9.718277e-06,0
0.004175854,0
3.081621e-07,0
2.899515e-06,0
9.587975e-07,0
8.910985e-07,0
0.000105519,0
6.470269e-07,0
1.926302e-06,0
6.934247e-05,0
8.151495e-08,0
1.220978e-06,0
1.172991e-06,0
5.95581e-06,0
1.619787e-05,0
2.472995e-06,0
1.407283e-06,0
1.220978e-06,0
0.0001004286,0
0.00162172,0
3.828025e-06,0
