Score,Label
0.003872837,1
1,1
0.9999996,1
1,1
0.9999999,1
0.008388517,1
0.9999989,1
1,1
1,1
0.4577934,1
0.9999993,1
0.9999875,1
0.9999998,1
0.9999998,1
0.4577934,1
0.9999998,1
0.9999999,1
0.9999954,1
1.913694e-05,0
0.9997966,0
3.412953e-14,0
1.528451e-09,0
3.103534e-07,0
0.003872837,0
0.0001231195,0
0.03076782,0
5.789412e-08,0
4.478976e-13,0
0.000597703,0
0.0004278485,0
8.078582e-11,0
0.0008915722,0
2.124374e-11,0
4.65701e-08,0
0.9997966,0
0.0008915722,0
