Score,Label
1,1
1,1
0.7255589,1
1,1
0.9987631,1
1,1
1,1
1,1
1,1
1,1
1,1
0.0006026034,0
3.718875e-07,0
5.863748e-06,0
1.532904e-07,0
0.0006026034,0
3.190066e-07,0
3.291172e-05,0
6.497365e-07,0
2.756103e-07,0
3.971661e-05,0
3.718875e-07,0
