Score,Label
0.006319875,1
0.006319875,1
1,1
1,1
0.9999996,1
1,1
1,1
1,1
0.9999677,1
0.9999975,1
0.9964095,1
1,1
1,1
3.526316e-07,1
4.189665e-08,0
0.9999988,0
4.013543e-09,0
5.405462e-07,0
6.380803e-08,0
1.9385e-08,0
1.643296e-08,0
0.006319875,0
0.9999981,0
3.044359e-06,0
2.340132e-05,0
3.116186e-07,0
0.01881881,0
5.037617e-09,0
