Score,Label
1,1
0.009991831,1
1,1
1,1
0.07776846,1
1,1
0.9313813,1
1,1
1,1
1,1
0.007516655,1
1,1
0.01403624,1
4.477348e-08,0
1.269933e-08,0
0.0005634576,0
0.0004067823,0
0.04711485,0
2.618962e-05,0
0.02391205,0
0.001292301,0
1.959533e-08,0
0.0005161495,0
7.355363e-08,0
0.1275952,0
3.789056e-07,0
