Score,Label
1,1
1,1
1,1
1,1
1,1
0.0193625,1
1,1
1,1
1,1
0.0002449172,1
1,1
0.9999998,1
0.9999329,1
0.6211963,1
0.9981809,1
0.9997942,1
2.37087e-05,0
1.471418e-05,0
0.7772976,0
5.133058e-06,0
0.0105998,0
0.0001096085,0
0.001060711,0
4.316712e-05,0
0.02838425,0
6.086259e-05,0
6.779533e-05,0
7.535025e-05,0
0.00311055,0
6.615395e-05,0
7.77762e-05,0
0.0009417561,0
