Score,Label
1,1
1,1
0.9999999,1
1,1
1,1
1,1
1,1
1,1
1,1
1,1
1,1
1.460475e-11,1
5.598261e-11,0
5.239002e-09,0
2.037239e-05,0
4.395838e-10,0
9.160835e-11,0
3.958576e-09,0
2.544661e-09,0
1.388282e-09,0
6.702703e-09,0
1.493852e-11,0
1.081617e-15,0
4.269085e-10,0
