Score,Label
1,1
1,1
0.9999986,1
1,1
1,1
1.91289e-05,1
1,1
1,1
0.9999033,1
1,1
1,1
0.02396843,1
1,1
1,1
6.039365e-05,1
1,1
3.834496e-05,0
6.092996e-05,0
1,0
0.0003713185,0
0.0004084348,0
0.00621322,0
6.461451e-05,0
9.253763e-05,0
6.092996e-05,0
2.04766e-05,0
6.613036e-05,0
0.000194265,0
0.0004481327,0
2.962058e-05,0
6.644263e-05,0
0.000208356,0
