Score,Label
0.999992,1
0.9999999,1
1,1
1,1
1,1
0.002824995,1
1,1
1,1
0.002623591,1
0.1252124,1
1,1
1,1
0.0009511616,0
0.008692509,0
0.002824995,0
0.002824995,0
0.07700808,0
0.006360921,0
0.003671099,0
0.002824995,0
0.01905464,0
0.0008942973,0
0.003219011,0
0.983061,0
