Score,Label
0.006201354,1
1,1
1,1
0.9999988,1
0.004458273,1
1,1
1,1
1,1
1,1
1,1
1,1
1,1
1,1
0.9999994,1
1,1
1,1
0.01345055,1
0.01839466,1
0.9999974,1
1,1
0.008770258,1
0.003015195,0
0.01756161,0
0.08374757,0
0.08374757,0
0.9999995,0
0.9711624,0
0.08374757,0
0.0002675331,0
0.004458273,0
0.02831817,0
0.9982217,0
0.08374757,0
0.01796407,0
0.1425115,0
0.001322936,0
0.006663557,0
0.02573628,0
0.006650468,0
0.008770258,0
0.08374757,0
0.01796407,0
