Score,Label
1,1
1,1
0.0002006949,1
1,1
1,1
1.275987e-05,1
0.9998191,1
1,1
1,1
0.9883122,1
0.002601612,1
0.009904778,1
1,1
1,1
0.000125018,1
0.0001017878,0
0.0002006949,0
1.019306e-05,0
8.387859e-06,0
5.319385e-05,0
0.9976205,0
9.584963e-06,0
0.997135,0
0.0002006949,0
0.6644165,0
0.0002006949,0
8.914763e-05,0
0.0001405797,0
0.0002006949,0
4.4136e-05,0
