Score,Label
0.9999985,1
1,1
1,1
1,1
0.9990425,1
0.9900734,1
1,1
0.9999999,1
1,1
1,1
0.02002569,1
1.020206e-06,0
1,0
3.916036e-11,0
2.795419e-09,0
9.686628e-11,0
0.003133687,0
0.003576146,0
1.592481e-09,0
0.0209589,0
2.550847e-09,0
4.54041e-12,0
