Score,Label
0.0004597503,1
1,1
1,1
0.009019835,1
0.9610898,1
0.0007708491,1
0.9887477,1
1,1
0.2274545,1
5.777603e-05,0
2.690636e-05,0
8.375952e-07,0
0.0003904345,0
0.9999967,0
1.756575e-05,0
0.7940237,0
0.0004902616,0
1.175196e-05,0
