Score,Label
0.6553454,1
0.9999105,1
0.9764493,1
0.0002154437,1
0.9999942,1
0.03664687,1
0.9999988,1
0.9878897,1
1,1
0.9999105,1
0.9999105,1
0.9116474,1
0.9999105,0
0.08841162,0
0.9999064,0
0.0004035558,0
0.116064,0
1.112639e-05,0
1.002458e-07,0
0.9961838,0
0.0005272105,0
0.9812112,0
7.184494e-06,0
0.2764898,0
