Score,Label
0.003980593,1
0.003980593,1
0.8891164,1
0.9999866,1
0.003980593,1
0.9764182,1
0.9999639,1
0.9999639,1
0.9999639,1
1,1
0.9869932,1
0.5277213,1
0.9764182,1
1,1
0.0004029238,0
0.0003930544,0
0.07369975,0
0.2435009,0
0.1997357,0
0.001966059,0
0.9999999,0
0.0004125035,0
0.003980593,0
0.9764182,0
0.000361389,0
0.1997357,0
0.001966059,0
0.003980593,0
