Score,Label
0.1874852,1
0.999999,1
0.9999932,1
0.9998589,1
0.9988047,1
1,1
1,1
1,1
0.0003578473,1
6.404766e-05,1
0.1494006,0
7.378148e-05,0
0.5571581,0
0.0009573003,0
0.140494,0
0.0008899061,0
0.9999638,0
0.9781237,0
0.04428216,0
0.0007927166,0
