Score,Label
0.000346334,1
1,1
0.01645503,1
0.01645503,1
0.9999903,1
0.2503085,1
0.2503085,1
0.2503085,1
0.2503085,1
0.2503085,1
1,1
0.2503085,1
0.2503085,1
3.581619e-07,0
2.529268e-06,0
0.2503085,0
2.529268e-06,0
1.591862e-05,0
0.000346334,0
0.000346334,0
1.591862e-05,0
2.792823e-06,0
0.000346334,0
0.0007488817,0
3.581619e-07,0
7.019178e-07,0
