Score,Label
0.9849476,1
0.02034676,1
0.8237537,1
0.8237537,1
0.8237537,1
0.001799685,1
0.9849476,1
0.9849476,1
0.9979292,1
0.01148493,0
0.001799685,0
3.87351e-06,0
3.87351e-06,0
1.050154e-06,0
5.963636e-07,0
0.0003682168,0
5.963636e-07,0
1.627215e-05,0
