Score,Label
0.002922259,1
0.9999999,1
1,1
0.0004404299,1
0.8332385,1
0.8332385,1
0.8332385,1
0.002922259,1
0.002922259,1
0.002922259,1
0.002922259,1
0.0004739367,0
0.0003218714,0
0.1616689,0
0.1616689,0
0.3201841,0
0.007477134,0
0.1616689,0
0.0004012452,0
0.1616689,0
0.0003256866,0
0.0004012452,0
