Score,Label
3.698604e-05,1
0.9999988,1
0.9999962,1
1,1
0.9997833,1
0.9998696,1
0.9998696,1
0.9998696,1
0.9998696,1
0.9998696,1
0.9998696,1
0.9999988,1
0.9999962,1
2.807577e-07,1
0.001751597,1
0.9999962,1
0.9999988,1
1.121351e-08,0
3.698604e-05,0
3.698604e-05,0
3.698604e-05,0
3.698604e-05,0
0.001751597,0
4.517835e-06,0
3.185457e-07,0
2.807577e-07,0
1.297877e-09,0
3.698604e-05,0
0.9999998,0
6.49937e-09,0
2.456508e-07,0
3.698604e-05,0
1.63557e-07,0
3.698604e-05,0
