Score,Label
0.9840699,1
0.9943433,1
0.9943433,1
1,1
0.6781325,1
0.9978716,1
0.6781325,1
1,1
0.001027626,1
1,1
0.6781325,1
0.6781325,1
0.001942299,0
0.001942299,0
0.02162129,0
0.003589357,0
0.0009412523,0
0.003589357,0
0.003589357,0
0.6781325,0
0.0008647779,0
0.001132672,0
0.0009588165,0
0.003589357,0
