Score,Label
0.551193,1
0.551193,1
0.551193,1
1,1
1,1
1,1
1,1
1,1
0.009965559,1
0.551193,1
0.9989396,1
0.551193,1
0.551193,1
0.551193,1
1,1
1,1
1,1
1,1
0.551193,1
0.551193,1
0.551193,1
0.551193,1
0.005807193,1
0.9992151,1
0.551193,1
0.551193,1
0.551193,1
0.551193,1
1,1
1,1
1,1
0.9999999,1
1,1
0.9999999,1
1,1
1,1
1,1
1,1
1,1
0.9992126,1
1,1
0.9992126,1
0.551193,1
0.551193,1
1.329204e-05,1
1.329204e-05,1
0.551193,1
0.551193,1
0.999999,1
0.9977253,1
0.9999642,1
2.992609e-05,1
1,1
1,1
1,1
0.551193,1
0.551193,1
1,1
0.9999741,1
0.999963,1
0.999944,1
0.999934,1
0.9999988,1
1,1
0.551193,1
0.551193,1
1,1
1,1
1,1
1,1
1,1
1,1
0.551193,1
0.551193,1
0.9997309,1
0.06763466,1
0.9961987,1
1,1
1,1
1,1
1,1
1,1
1,1
1,1
1,1
1,1
1,1
1,1
0.551193,1
0.551193,1
0.551193,1
0.9999785,1
7.625349e-09,1
0.04957351,0
0.1169912,0
1.064968e-07,0
1.640312e-07,0
1.781418e-07,0
1.097544e-07,0
0.551193,0
0.009965559,0
0.551193,0
1.329204e-05,0
8.433964e-06,0
8.433964e-06,0
1.064968e-07,0
0.551193,0
0.0009919287,0
1.064968e-07,0
3.695501e-10,0
0.00361119,0
0.002563688,0
9.190912e-09,0
8.433964e-06,0
9.190912e-09,0
9.190912e-09,0
8.433964e-06,0
4.549165e-05,0
9.190912e-09,0
0.0009919287,0
0.00361119,0
9.190912e-09,0
0.1169912,0
0.0004049275,0
9.190912e-09,0
1.065019e-06,0
0.00361119,0
0.002563688,0
1.499817e-06,0
0.551193,0
2.554826e-08,0
0.0002994261,0
0.0009919287,0
0.551193,0
6.755416e-05,0
3.695501e-10,0
9.190912e-09,0
3.695501e-10,0
1.064968e-07,0
6.886829e-07,0
0.1917457,0
9.190912e-09,0
0.009965559,0
0.005807193,0
1.064968e-07,0
1.781418e-07,0
3.695501e-10,0
3.695501e-10,0
0.551193,0
1.065019e-06,0
0.0002161904,0
5.601186e-08,0
8.053991e-07,0
2.554826e-08,0
0.551193,0
2.914567e-07,0
0.00361119,0
0.1917457,0
0.551193,0
1.261585e-06,0
2.914567e-07,0
0.0009919287,0
0.001939446,0
1.329204e-05,0
1.064968e-07,0
0.0006050262,0
3.970064e-07,0
3.695501e-10,0
1.064968e-07,0
4.603739e-06,0
1.261585e-06,0
9.190912e-09,0
0.00361119,0
9.033125e-07,0
0.551193,0
2.761761e-05,0
0.9940284,0
0.0002994261,0
0.551193,0
9.338251e-08,0
9.190912e-09,0
9.190912e-09,0
1.064968e-07,0
4.549165e-05,0
0.0003491048,0
0.1917457,0
