Score,Label
0.9999959,1
1,1
0.9994131,1
0.9999999,1
1,1
0.9994131,1
0.9999999,1
0.9459057,1
0.0001739147,1
0.9996411,1
0.174493,1
1,1
1,1
1,1
0.9993016,1
0.9993016,1
0.9993016,1
0.9999999,1
0.9999859,1
0.9999996,1
1,1
0.005456621,1
0.005456621,1
1,1
0.9999434,1
0.9999434,1
1,1
1,1
1,1
0.00343443,1
1,1
0.9998166,1
0.9999669,1
1,1
1,1
0.9986193,1
0.9993883,1
0.999954,1
1,1
0.9978237,1
1,1
0.999954,1
0.999954,1
0.9999996,1
0.9999849,1
1,1
0.002259109,1
0.9999995,1
0.5685012,1
0.9960704,1
0.0007538344,1
0.9999838,1
0.0007538344,1
0.9999999,1
2.452895e-05,1
4.878837e-05,1
4.145343e-05,1
0.2276156,1
0.0006187656,1
6.825785e-05,1
0.0001720673,1
9.350553e-06,1
0.9954572,1
0.9441562,1
0.9999995,1
3.256323e-06,1
0.9441562,1
1.573756e-05,1
1,1
1,1
0.0002793361,1
1,1
0.02646607,1
1,1
0.9999928,1
0.02646607,1
0.02646607,1
1,1
0.9999387,1
0.9999999,1
1,1
1,1
0.9969442,1
1,1
0.921459,1
0.9996781,1
0.9999765,1
0.174493,1
0.999666,1
0.9999387,1
1,1
0.9999353,1
1,1
1,1
1.219516e-07,0
0.0002471311,0
1.765232e-05,0
0.6626901,0
4.394654e-05,0
1.945418e-09,0
1.642518e-05,0
4.514109e-06,0
5.4542e-07,0
2.401352e-07,0
1,0
7.999924e-06,0
2.055127e-05,0
0.00109792,0
0.0006187656,0
3.73359e-06,0
1.339383e-08,0
0.4633968,0
6.789713e-07,0
0.001096939,0
0.9809033,0
9.416852e-05,0
3.013455e-05,0
0.002478912,0
0.0005854507,0
1.608506e-05,0
0.2187597,0
2.107342e-09,0
1.299916e-09,0
0.0002302954,0
0.1554801,0
0.000483634,0
0.08138183,0
0.002259109,0
0.0002115319,0
2.441881e-05,0
0.8599721,0
0.001939618,0
1.475966e-07,0
0.5526971,0
5.95963e-05,0
0.0006187656,0
0.0002467482,0
1,0
0.977432,0
5.865494e-05,0
3.548776e-09,0
0.9809033,0
1.573756e-05,0
1.413331e-06,0
2.441881e-05,0
0.9752141,0
0.01209333,0
0.000206097,0
0.9999391,0
0.01680169,0
0.003704144,0
6.614108e-06,0
0.0006187656,0
3.481816e-06,0
0.9999977,0
0.0003125968,0
0.0006428788,0
0.005344358,0
0.08138183,0
0.02757653,0
0.2552648,0
0.0005774518,0
0.00343443,0
7.639871e-05,0
0.000269799,0
0.0001451962,0
0.01244131,0
4.333682e-06,0
0.00343443,0
2.818361e-06,0
1.77526e-06,0
0.9686695,0
0.0006187656,0
0.0009600798,0
1.319984e-05,0
0.0001689123,0
0.001360923,0
1.814194e-05,0
6.58524e-05,0
0.0003434673,0
1.918116e-07,0
0.001096939,0
2.279678e-06,0
0.0001261544,0
0.0006187656,0
2.630431e-06,0
6.879188e-06,0
0.9999993,0
