Score,Label
0.8966028,1
0.8966028,1
0.8966028,1
0.2930288,1
0.04186802,1
0.0007629647,1
0.7847523,1
0.837052,1
0.837052,1
0.837052,1
0.837052,1
0.7873663,1
1,1
0.9999657,1
0.875359,1
0.0009289688,1
0.9973086,1
0.8966028,1
0.9973086,1
0.9973086,1
0.837052,1
0.837052,1
0.9644427,1
0.8110439,1
1,1
0.1832882,1
0.8281266,1
0.9998803,1
0.837052,1
0.837052,1
0.8966028,1
0.8966028,1
0.8966028,1
0.8966028,1
0.8966028,1
0.001458126,1
0.05748149,1
0.9853769,1
0.999624,1
0.9853769,1
3.251826e-05,1
0.9853769,1
0.3471095,1
0.9999999,1
0.1165044,1
0.4577193,1
1,1
0.999976,1
0.0004280297,1
0.02118212,1
0.0009289688,1
0.06580602,1
0.4084365,1
0.02416704,1
0.9390557,1
0.9827896,1
0.06321502,1
0.837052,1
0.9656467,1
0.9958015,1
0.5797757,1
0.9999998,1
0.8775557,1
0.9375266,1
0.9253133,1
0.9999954,1
0.9936482,1
0.9253133,1
0.7204049,1
0.001946306,1
0.9999915,1
0.9902766,1
0.01483885,1
0.001946306,1
0.9999915,1
0.837052,1
0.8966028,1
0.682174,1
0.8966028,1
0.8966028,1
0.8966028,1
0.9821289,1
0.9997639,1
0.9997639,1
0.9998203,1
0.999624,1
9.912285e-05,1
0.0007405702,0
4.653054e-05,0
2.178924e-06,0
6.175493e-07,0
0.001056695,0
0.8110439,0
0.5797757,0
8.296188e-06,0
3.562899e-05,0
4.332661e-09,0
0.837052,0
1.933602e-05,0
0.0004047777,0
0.8966028,0
8.691995e-07,0
0.007341276,0
1.150055e-05,0
0.837052,0
5.758989e-05,0
0.837052,0
3.349494e-05,0
0.03830953,0
0.0002836142,0
0.00613437,0
0.001008128,0
2.447383e-05,0
0.007341276,0
0.01375471,0
0.007666768,0
8.428975e-07,0
2.178924e-06,0
0.7873663,0
0.05748149,0
0.4845985,0
0.09874534,0
0.4293096,0
9.912257e-06,0
0.005636593,0
0.04186802,0
0.0009289688,0
0.01649033,0
0.003012785,0
4.653054e-05,0
0.9958015,0
2.359492e-06,0
8.731944e-05,0
0.4845985,0
0.0009296856,0
0.006761272,0
0.0009236452,0
0.837052,0
0.001562582,0
0.03830953,0
0.001643621,0
0.1715092,0
0.09649315,0
0.02839937,0
0.09649315,0
1.177971e-05,0
3.716095e-07,0
0.001080866,0
6.175493e-07,0
2.071318e-05,0
0.02219341,0
9.714994e-07,0
0.9042818,0
0.01573521,0
4.301778e-05,0
0.000618612,0
0.0004381974,0
0.9999477,0
0.0003142863,0
0.05764297,0
0.05748149,0
0.01573521,0
0.02219341,0
0.09649315,0
0.05748149,0
0.0001556855,0
6.483242e-06,0
0.0003326658,0
0.0004716152,0
8.691995e-07,0
0.08663573,0
3.276151e-05,0
0.001008128,0
0.1286925,0
