Score,Label
0.9999806,1
0.9999806,1
0.002105671,1
0.9292403,1
0.9999994,1
0.9999994,1
0.00357143,1
0.9999425,1
0.9999425,1
0.9973342,1
0.9999425,1
0.0007330323,1
0.9999996,1
0.000768483,1
0.9999996,1
0.03605137,1
0.03605137,1
0.03605137,1
0.002228762,1
0.002228762,1
0.00357143,1
0.9171299,1
0.9999999,1
0.9999728,1
0.9991218,1
6.551904e-05,1
0.0003003706,1
0.9928121,1
0.0006505377,1
0.0900168,1
0.0003920855,1
5.020396e-05,1
0.01081843,1
0.01081843,1
0.9928121,1
0.6304745,1
0.999775,1
0.9993506,1
0.916699,1
0.002108776,1
0.5382764,1
0.0001127583,1
0.0001127583,1
0.0001592407,1
1,1
1.310673e-05,1
0.999926,1
1,1
0.9999999,1
0.9975606,1
1,1
0.9999561,1
0.9198259,1
0.0345399,1
0.9989801,1
0.9677719,1
0.9999995,1
0.9999995,1
0.9999746,1
0.852049,1
0.002105671,1
0.9999999,0
0.0002610529,0
0.07254484,0
0.004489335,0
0.2195704,0
0.004424547,0
0.04146804,0
0.00322612,0
0.0900168,0
0.0001012085,0
0.6669714,0
0.8115533,0
0.9928121,0
9.37409e-05,0
0.0006078071,0
0.000631017,0
0.002982056,0
0.00173297,0
0.0001734909,0
0.00322612,0
0.00322612,0
0.0001011257,0
0.0008425427,0
0.001091316,0
0.0002065229,0
0.0900168,0
0.0001615258,0
0.9058136,0
0.001521853,0
0.006484566,0
4.999838e-05,0
0.008397442,0
0.0001136159,0
0.03928381,0
0.0002899808,0
0.009056206,0
0.0002028432,0
0.0001232324,0
0.003207478,0
0.00322612,0
0.9999093,0
0.0002339611,0
0.002471163,0
0.0002826036,0
0.9992566,0
0.6660349,0
0.9686669,0
0.0001511388,0
0.8997694,0
0.0001465229,0
0.0001136159,0
0.999925,0
0.0001457212,0
0.9999999,0
0.9995801,0
0.03605137,0
0.0005066965,0
6.341482e-05,0
0.0900168,0
0.5002369,0
0.8332475,0
