Score,Label
0.001607363,1
0.001607363,1
0.001607363,1
0.9734095,1
0.707542,1
0.9176779,1
0.008532774,1
0.0007227428,1
0.05045043,1
0.2293579,1
0.00010083,1
0.9999483,1
0.01370142,1
0.9998379,1
0.9998379,1
0.04599952,1
0.9926831,1
0.04599952,1
0.9999959,1
0.9870988,1
0.993185,1
0.9999695,1
0.007173644,1
0.707542,1
0.707542,1
0.707542,1
0.920629,1
0.9999999,1
0.0008505511,1
0.999999,1
0.9999999,1
0.999981,1
0.9999704,1
0.9921526,1
1,1
0.9987946,1
0.9995266,1
0.9936527,1
0.9936527,1
0.0005565807,1
0.707542,1
0.9999962,1
0.3096732,1
0.9978718,1
1,1
0.9999995,1
0.998899,1
0.9852917,1
0.9999316,1
0.6596901,1
0.9991824,1
0.9964733,1
0.5519724,1
0.9999999,1
0.4050525,1
0.9706566,1
0.9999993,1
0.9999851,1
1.387726e-05,1
0.1425421,1
1.387726e-05,1
0.00010083,1
8.528825e-06,1
3.869198e-06,1
1,1
1,1
0.9999946,1
0.9995906,1
0.0601472,1
0.0601472,1
0.0601472,1
0.0601472,1
0.9728044,1
0.9994181,1
0.9994181,1
0.002244123,1
0.01619726,1
0.01595586,1
0.0002364914,1
0.999999,1
0.9999999,1
0.999999,1
0.9999999,1
0.707542,1
0.9668598,1
0.707542,1
0.707542,1
0.707542,1
0.707542,1
0.0002364914,1
0.0001395969,1
0.05568946,0
0.0003675203,0
0.9999062,0
0.01406607,0
0.00896835,0
0.3881929,0
0.0003072131,0
0.001831263,0
0.003029338,0
0.2518239,0
0.001165454,0
0.0002175121,0
7.752769e-05,0
1.064902e-06,0
4.267901e-08,0
0.2288017,0
0.00028068,0
0.5030606,0
0.004522241,0
0.707542,0
1.91036e-06,0
0.0006686851,0
0.00223131,0
0.0008464185,0
0.0006324264,0
0.003252026,0
0.001664885,0
0.02079704,0
0.1401079,0
3.029085e-05,0
2.378964e-06,0
0.2288017,0
0.0004634499,0
0.707542,0
0.0006324264,0
0.0001924083,0
2.323506e-06,0
3.833333e-07,0
0.0005765287,0
0.9999981,0
3.369107e-06,0
0.1607149,0
9.620245e-05,0
0.00285022,0
0.707542,0
0.001634192,0
0.2801233,0
0.008328391,0
0.0001119016,0
0.001909889,0
0.001751887,0
1.585388e-06,0
0.0001235081,0
0.0006324264,0
3.353034e-07,0
0.005615167,0
0.2288017,0
0.0006324264,0
0.2164359,0
0.707542,0
8.059857e-05,0
0.8840684,0
0.004292466,0
0.001815682,0
0.08580584,0
0.0007682165,0
0.9744444,0
0.9669106,0
0.008475772,0
0.009436389,0
0.003588346,0
0.0006324264,0
1.660281e-07,0
0.707542,0
0.9959944,0
0.707542,0
0.9711689,0
0.3280694,0
0.9987564,0
5.291929e-06,0
0.9093097,0
7.507077e-06,0
4.297211e-06,0
0.5030606,0
0.001165454,0
9.620245e-05,0
0.001165454,0
9.044081e-07,0
0.5285401,0
0.9669106,0
0.0001097488,0
