Score,Label
0.9994915,1
0.9994915,1
0.2323795,1
0.9998732,1
0.3957278,1
0.999319,1
0.000424743,1
0.5270057,1
6.10645e-05,1
0.8185538,1
0.8185538,1
0.453827,1
0.9838954,1
0.9838954,1
0.5851445,1
0.3163267,1
0.9315032,1
0.5138735,1
0.8849858,1
1,1
0.9979067,1
0.002034374,1
0.002034374,1
0.002034374,1
0.9994915,1
0.9999893,1
0.2085926,1
1,1
0.9999998,1
0.9964268,1
0.9977915,1
0.9980993,1
0.9689348,1
0.8185538,1
0.453827,1
0.9996828,1
0.9996828,1
0.9996828,1
0.999226,1
1,1
0.9998673,1
0.9992132,1
1,1
0.9998952,1
1,1
0.999862,1
0.9987269,1
0.9999342,1
0.009648791,1
0.9999342,1
6.807091e-05,1
0.9979067,1
0.9963036,1
0.453827,1
0.453827,1
1,1
0.9999123,1
0.6996256,1
0.6996256,1
0.9994559,1
0.999862,1
0.9987269,1
0.999862,1
0.9999408,1
0.9999408,1
0.330328,1
0.6538023,1
0.9992847,1
0.9817019,1
0.9817019,1
0.9817019,1
0.9992847,1
1,1
1,1
1,1
6.132525e-06,1
0.0004150302,1
0.008394104,1
0.001346136,0
0.9977227,0
0.005742637,0
9.898175e-05,0
0.0003385099,0
0.002478742,0
0.0128732,0
3.355389e-05,0
0.0003385099,0
0.7016855,0
0.0001307547,0
0.001409041,0
0.003136459,0
0.0004715042,0
2.508722e-06,0
0.0001357343,0
1.4574e-07,0
3.052103e-06,0
3.026253e-05,0
3.657858e-07,0
3.589466e-05,0
0.0003385099,0
0.9952519,0
0.8210106,0
0.7839155,0
4.812072e-05,0
1.141245e-06,0
1.828996e-06,0
3.479468e-07,0
0.0002447786,0
0.9315032,0
7.189895e-06,0
0.01073354,0
0.0001178835,0
5.74277e-08,0
0.000424743,0
0.9689348,0
0.004773623,0
9.437704e-06,0
0.326281,0
0.0003385099,0
1.107061e-06,0
0.0004256116,0
3.355389e-05,0
0.0003448497,0
0.0003479722,0
0.002576951,0
3.355389e-05,0
1.952428e-05,0
0.0001704164,0
0.0001226497,0
0.9998798,0
0.5138735,0
0.001346136,0
0.0003385099,0
0.9991434,0
0.1197498,0
0.001785339,0
0.496097,0
0.453827,0
6.451734e-07,0
5.858455e-06,0
0.7451029,0
1.107061e-06,0
3.547601e-05,0
5.629997e-07,0
0.0003385099,0
0.09885526,0
0.005404085,0
8.636983e-06,0
0.2908782,0
4.41419e-06,0
0.0003341993,0
4.933864e-07,0
0.04309521,0
0.000424743,0
0.02152839,0
0.01628806,0
