Score,Label
0.02115148,1
0.03928163,1
0.0008060837,1
0.9999101,1
0.999963,1
0.9999909,1
1,1
1,1
1,1
0.06589865,1
0.06729027,1
0.01266657,1
0.02301193,1
0.0009588023,1
0.9922634,1
0.9980949,1
0.9685796,1
0.9999931,1
0.003245367,1
0.2412639,1
1,1
0.9453687,1
0.02178545,1
0.0008060837,1
0.9999999,1
0.9999995,1
0.9999999,1
0.9999999,1
0.9999019,1
1,1
1,1
1,1
0.9997683,1
0.9997683,1
0.06497208,1
0.9989692,1
0.9923176,1
0.6830373,1
0.6830373,1
1,1
0.6830373,1
0.0008060837,1
0.9999592,1
0.003080063,1
0.01421654,1
0.9999999,1
0.9997905,1
0.9999841,1
0.0313139,1
0.9992924,1
0.1671745,1
0.9505693,1
0.002477587,1
0.1671745,1
0.9999626,1
0.9999967,1
1,1
0.9999841,1
0.9999331,1
1,1
1,1
1,1
0.1341684,1
0.9991972,1
0.001574694,1
0.05093813,1
0.05093813,1
0.04671017,1
0.001477481,1
0.9999592,1
0.02465884,0
0.00210153,0
0.01297963,0
0.002815254,0
0.001935965,0
0.0005338526,0
0.09928606,0
0.001400422,0
0.002453757,0
0.001436737,0
0.6830373,0
0.008103571,0
0.001536292,0
0.0009628133,0
0.03254667,0
0.00666155,0
0.9780477,0
0.001051714,0
0.01374292,0
0.9992716,0
0.1080603,0
0.0003470902,0
0.002978653,0
0.07815699,0
0.9999988,0
0.3683082,0
0.001040999,0
0.003345987,0
0.008103571,0
0.001742953,0
0.01359481,0
0.02875308,0
0.6276301,0
0.4922734,0
0.9974451,0
0.0009999875,0
0.008103571,0
0.003833809,0
0.9996013,0
0.006664368,0
0.005562284,0
0.006084234,0
0.002182544,0
0.01294184,0
0.9853634,0
0.002339301,0
0.8254746,0
0.002015575,0
0.3156926,0
0.9999785,0
0.008103571,0
0.009675218,0
0.9999719,0
0.4189515,0
0.02782495,0
0.009592548,0
0.003833809,0
0.9999759,0
0.008103571,0
0.003833809,0
0.0002719749,0
0.03984063,0
0.006314981,0
0.008103571,0
0.07815699,0
0.00123457,0
0.004653184,0
0.001057467,0
0.003161627,0
0.3328801,0
