Score,Label
1,1
1,1
1,1
1,1
0.08928797,1
1,1
1,1
1,1
0.002711752,1
0.1907913,1
1,1
2.539715e-07,0
1.298378e-07,0
2.322488e-07,0
4.03229e-08,0
2.019356e-06,0
5.612179e-07,0
8.082691e-07,0
3.753085e-08,0
2.02458e-06,0
0.0002060675,0
0.0004359937,0
1.2918e-07,0
2.334516e-08,0
1.256234e-07,0
1.27211e-08,0
1.2918e-07,0
1.256234e-07,0
0.000274092,0
1.466894e-06,0
2.467948e-07,0
4.934803e-09,0
0.0002060675,0
