Score,Label
2.190499e-05,1
0.9999998,1
1,1
1,1
8.12526e-07,1
0.9999993,1
0.9999993,1
0.994238,1
1,1
0.9999979,1
1,1
1.580418e-07,0
9.696569e-06,0
5.351949e-06,0
2.190499e-05,0
1.638594e-05,0
2.190499e-05,0
0.999999,0
7.628678e-06,0
3.294305e-06,0
0.001022088,0
7.628678e-06,0
2.039264e-05,0
7.495843e-07,0
2.190499e-05,0
9.696569e-06,0
0.01148269,0
3.750245e-05,0
1.580418e-07,0
1,0
8.88657e-07,0
0.9999998,0
1.274125e-06,0
