Score,Label
1,1
1,1
1,1
1,1
1,1
1,1
0.9250904,1
0.8819391,1
0.8819391,1
0.9250904,1
1,1
1,1
0.0004869446,1
0.9998889,1
0.9998796,1
0.9614375,1
0.001405905,1
0.9614375,1
1,1
1,1
1,1
7.072973e-05,0
1.972892e-07,0
0.0006823474,0
1.972892e-07,0
4.750654e-05,0
6.457641e-06,0
2.316052e-05,0
2.640217e-05,0
0.0009051511,0
0.0002594153,0
9.864144e-07,0
1.189001e-05,0
3.079068e-07,0
6.541859e-06,0
0.9614375,0
0.000217211,0
1.311707e-05,0
0.007210679,0
4.750654e-05,0
3.079068e-07,0
4.750654e-05,0
