Score,Label
5.079551e-07,1
0.9999998,1
0.9999994,1
0.9999905,1
0.9999999,1
0.3838307,1
0.9999963,1
0.9999963,1
0.9999999,1
0.000132367,1
1.592798e-06,0
2.512118e-05,0
0.0002867239,0
0.9965233,0
2.512118e-05,0
5.188317e-06,0
3.417589e-06,0
0.0002867239,0
5.079551e-07,0
1.26175e-06,0
7.47034e-06,0
2.512118e-05,0
0.9930796,0
0.5658928,0
3.417589e-06,0
7.47034e-06,0
5.100425e-05,0
7.47034e-06,0
1.592798e-06,0
2.610165e-06,0
