Score,Label
1,1
1,1
1,1
1,1
1,1
1,1
1,1
0.7213734,1
0.9999998,1
0.9999809,1
0.9998337,1
0.9995102,1
1,1
1,1
0.1174619,1
1,1
1,1
0.0003437028,0
0.0006453146,0
0.001683206,0
0.008524552,0
0.002332353,0
0.00599963,0
0.002162005,0
0.001606496,0
0.0008343239,0
0.02298846,0
0.003699992,0
0.002187001,0
0.0005831787,0
0.01353127,0
0.0304564,0
0.0006811078,0
0.0005899871,0
0.005959419,0
0.0007954934,0
0.01140027,0
0.0001771619,0
0.001683206,0
0.001441305,0
0.004504726,0
0.0004917866,0
0.002162005,0
0.02298846,0
0.0003004759,0
0.0008901703,0
0.02298846,0
0.002082734,0
0.06341307,0
0.0003678036,0
0.004504726,0
