Score,Label
1.021362e-06,1
1,1
6.177559e-06,1
0.9956023,1
1,1
1,1
1.039843e-07,1
3.35299e-05,0
2.49571e-08,0
2.49571e-08,0
2.49571e-08,0
1.975399e-08,0
1.464594e-06,0
2.49571e-08,0
1.464594e-06,0
0.0002525248,0
0.9897872,0
3.426648e-07,0
0.9999998,0
3.606871e-08,0
1.464594e-06,0
