Score,Label
3.605204e-06,1
0.004107648,1
0.001958139,1
0.001958139,1
5.648988e-10,1
0.001958139,1
0.001958139,1
0.01754184,1
0.01754184,1
0.9897583,1
5.648988e-10,0
2.198242e-09,0
8.89553e-05,0
0.0002587368,0
2.198242e-09,0
5.648988e-10,0
0.9994913,0
9.040549e-10,0
0.9999467,0
0.9999467,0
0.9999467,0
8.478464e-06,0
0.9991952,0
8.898894e-10,0
8.478464e-06,0
2.497821e-07,0
5.975617e-11,0
1.19666e-09,0
0.9994913,0
0.0008543835,0
