Score,Label
1,1
0.9989285,1
0.9999971,1
0.9998893,1
1.21576e-06,1
1.543054e-05,1
1.21576e-06,1
0.00016582,1
9.290262e-06,0
1.021694e-05,0
9.290262e-06,0
7.821451e-06,0
0.9998893,0
0.0006290652,0
0.0003156954,0
0.001060798,0
