Score,Label
1.889368e-06,1
0.1643232,1
0.9990513,1
0.9888121,1
0.9998974,0
0.0002572656,0
0.002093981,0
4.16868e-06,0
0.002093981,0
3.363474e-07,0
2.937982e-05,0
7.27383e-07,0
