Score,Label
0.9998761,1
0.05248352,1
0.05248352,1
0.0002383773,0
0.0001762199,0
0.0001762199,0
2.132617e-05,0
0.00149433,0
1.590768e-05,0
