Score,Label
1,1
3.885526e-05,1
3.885526e-05,1
0.9999998,1
1,1
1.708367e-05,1
0.9999959,1
1,1
0.7920673,1
2.990255e-06,0
0.0001154062,0
8.036061e-06,0
2.895986e-06,0
2.895986e-06,0
5.920408e-05,0
5.920408e-05,0
1.708367e-05,0
0.000835456,0
0.0002383992,0
8.469619e-07,0
4.37277e-05,0
4.885031e-07,0
0.0001154062,0
0.006287518,0
0.0002425659,0
7.834176e-05,0
1.176156e-05,0
