Score,Label
0.01595984,1
1,1
2.475725e-06,1
0.9983593,1
1,1
0.9560324,1
0.9999952,1
0.9940871,1
1,1
5.077862e-05,1
0.001388805,0
0.0002668595,0
0.9984592,0
0.2108829,0
5.074445e-09,0
1.912972e-07,0
0.001388805,0
0.9254616,0
2.780877e-05,0
6.253586e-06,0
