Score,Label
1,1
0.0003647015,1
0.2740717,1
0.0003647015,1
2.184146e-05,1
1,1
0.02164167,1
0.0006814081,0
8.012094e-06,0
0.03674591,0
0.0006814081,0
0.0002792533,0
0.000283986,0
5.483915e-05,0
0.0006378073,0
0.001729009,0
0.03674591,0
2.958896e-05,0
1.493683e-05,0
6.582728e-05,0
0.001729009,0
