Score,Label
0.9864482,1
0.9999937,1
1,1
1.124823e-09,1
0.9567366,1
0.9999999,1
0.003230289,0
1.352071e-12,0
7.011438e-10,0
6.756973e-13,0
1.658932e-08,0
2.035701e-07,0
1.897981e-08,0
1.391249e-07,0
2.690457e-09,0
0.6459405,0
3.610433e-13,0
1.595824e-11,0
