Score,Label
1.123174e-05,1
1,1
0.0005305821,1
0.9987803,1
1,1
0.9802202,1
4.445056e-07,0
1.55413e-08,0
5.870972e-05,0
4.323682e-08,0
1.113011e-05,0
0.1107711,0
