Score,Label
1.237788e-05,1
2.252589e-05,1
2.252589e-05,1
3.586697e-05,1
1,1
1.237788e-05,1
1.022096e-05,0
1.857235e-08,0
1.447846e-08,0
0.001598761,0
3.265187e-07,0
4.519639e-08,0
1.065018e-06,0
3.238586e-06,0
3.265187e-07,0
0.001598761,0
0.001598761,0
0.0004472353,0
