Score,Label
0.9999851,1
4.129814e-06,1
1,1
0.9999996,1
9.906258e-08,1
0.9999996,1
0.1738968,1
1.202405e-08,0
7.125874e-05,0
1.762914e-06,0
0.9994817,0
0.9994817,0
0.9994817,0
9.007545e-08,0
