Score,Label
0.0002321003,1
1,1
0.000248744,1
0.001779256,1
0.0008867304,1
0.7587113,1
1,1
0.0001093734,1
0.0001093734,1
0.9999529,1
1,1
0.001779256,1
2.943378e-05,0
7.058513e-05,0
0.0001667342,0
0.1896588,0
0.8669686,0
8.046663e-05,0
0.001779256,0
5.154092e-06,0
2.943378e-05,0
4.931441e-06,0
5.154092e-06,0
7.058513e-05,0
0.1653184,0
0.0002789061,0
0.001779256,0
0.1653184,0
0.1896588,0
7.058513e-05,0
8.733635e-05,0
0.001779256,0
0.0001166008,0
7.058513e-05,0
8.733635e-05,0
0.001923209,0
