Score,Label
0.1201727,1
0.0001127229,1
0.03710382,1
0.0536677,1
0.9999969,1
0.0006743331,1
0.0005611575,1
0.927928,1
0.0002939588,1
0.002327207,1
2.590096e-10,0
0.0001086616,0
1.145281e-08,0
0.01018902,0
0.01018902,0
1.429512e-10,0
0.01018902,0
0.009560853,0
4.009352e-08,0
0.002327207,0
7.721572e-11,0
0.002327207,0
1.145281e-08,0
0.0004956195,0
0.01018902,0
2.590096e-10,0
7.910689e-06,0
1.418144e-09,0
0.002327207,0
1.087405e-07,0
