Score,Label
0.999992,1
0.9948789,1
0.9999739,1
1,1
1,1
0.9999985,1
0.9999042,1
0.9999987,1
1.34576e-08,0
1.490638e-08,0
1.259419e-10,0
1.002993e-07,0
0.0005060806,0
3.297752e-07,0
8.915415e-06,0
1.490638e-08,0
0.0005060806,0
0.0006845748,0
5.342288e-10,0
0.03573977,0
7.313882e-07,0
0.9891473,0
8.915415e-06,0
3.970657e-10,0
