Score,Label
0.0005571783,1
1,1
0.006260204,1
0.9999993,1
0.9999999,1
0.9998883,1
1,1
1,1
0.9986483,1
0.006260204,1
1,1
1,1
1,1
1.384511e-06,1
1,1
0.1147239,1
1,1
0.0019665,0
7.94193e-07,0
2.294761e-09,0
1.979014e-10,0
0.0005571783,0
6.671711e-08,0
4.269117e-10,0
5.095855e-05,0
0.01638644,0
2.969875e-08,0
6.08959e-09,0
6.77602e-10,0
0.009353721,0
2.612935e-06,0
1.842827e-09,0
0.0002721157,0
6.562027e-07,0
8.676585e-10,0
3.893053e-07,0
3.24374e-08,0
0.0003476879,0
0.0006044437,0
0.0005571783,0
6.454885e-05,0
0.1812075,0
7.427994e-09,0
2.930441e-05,0
1.001674e-08,0
0.5397013,0
1.327764e-09,0
9.312159e-08,0
1.552959e-09,0
5.095855e-05,0
0.9982992,0
