Score,Label
0.9999998,1
0.9999998,1
0.999644,1
0.9999995,1
1,1
1,1
0.9348551,1
0.9999959,1
1,1
0.9999998,1
3.610643e-07,1
0.9999993,1
1.885571e-07,0
0.0004957179,0
6.991969e-05,0
2.306524e-06,0
0.0004957179,0
0.002072446,0
6.991969e-05,0
2.306524e-06,0
1.593505e-06,0
7.965769e-11,0
0.0004957179,0
5.381206e-07,0
0.0002007111,0
0.0002007111,0
1.044524e-08,0
5.088492e-07,0
1.168668e-08,0
0.0004957179,0
0.0002007111,0
1.044524e-08,0
0.0001512159,0
0.0001512159,0
0.001632394,0
0.0001512159,0
