Score,Label
0.9999923,1
0.9686358,1
0.9999998,1
0.999698,1
0.9999981,1
0.9999974,1
0.9993786,1
0.2228149,1
0.9994434,1
0.009714232,0
0.0003751638,0
0.0003258102,0
0.001364958,0
0.001086097,0
0.004804982,0
0.006773968,0
0.008046676,0
0.00134405,0
