Score,Label
5.722782e-08,1
1,1
0.9999969,1
0.307322,1
0.9998742,1
0.3997413,1
0.7921714,1
0.9987325,1
1.622169e-08,1
1.294182e-05,1
0.9063716,1
0.01089543,0
6.383009e-06,0
0.006919453,0
0.416293,0
7.928232e-07,0
0.02999645,0
0.001313835,0
2.886722e-07,0
0.3557092,0
5.029996e-07,0
3.280217e-06,0
