Score,Label
1,1
0.9999995,1
1,1
0.9999585,1
1,1
0.000351095,0
0.0008236603,0
0.0001953967,0
0.0005849067,0
0.0005849067,0
