Score,Label
0.2950759,1
0.9999419,1
0.9989696,1
0.9668113,1
6.02709e-07,1
6.02709e-07,1
0.9960418,1
0.9668113,1
5.859299e-05,0
2.712152e-05,0
8.591475e-05,0
4.551624e-11,0
3.645217e-06,0
1.916251e-05,0
0.000237155,0
1.220707e-11,0
3.723329e-13,0
0.0002824288,0
4.551624e-11,0
0.0006578734,0
1.220707e-11,0
8.591475e-05,0
0.0002824288,0
5.859299e-05,0
