Score,Label
1,1
1,1
0.09397341,1
0.9999926,1
0.9999715,1
0.9999979,1
4.797831e-05,0
2.1707e-10,0
2.868405e-09,0
2.004725e-08,0
1.165323e-07,0
3.283604e-08,0
6.964276e-08,0
7.866474e-07,0
8.621946e-10,0
0.0001910119,0
2.868405e-09,0
4.797831e-05,0
