Score,Label
1,1
0.0374679,1
0.999999,1
0.999999,1
1,1
0.9999993,1
1,1
1,1
1,1
0.001788813,1
0.9844469,0
5.979936e-07,0
9.254754e-08,0
9.254754e-08,0
0.1184179,0
0.001020334,0
0.9995955,0
0.8954002,0
0.9999994,0
0.02118985,0
