Score,Label
0.9978294,1
0.9999928,1
0.1118275,1
0.9999981,1
0.06817737,1
0.9999994,1
0.0003681996,1
1,1
0.9982905,1
0.005280838,1
0.9999994,1
0.9999971,1
0.0003904603,1
1,1
0.9999994,1
0.9999998,0
0.0003494263,0
0.01911273,0
0.003283651,0
0.4119152,0
0.9897404,0
1,0
0.00245945,0
0.2433471,0
0.007797344,0
0.9999986,0
0.0002438591,0
7.336956e-05,0
0.0002838463,0
0.6711366,0
