Score,Label
0.001461791,1
0.9999989,1
0.9998609,1
0.9999998,1
0.9999995,1
0.0219523,1
0.9646612,1
0.001204135,1
0.9136474,1
0.9998761,1
0.5001408,0
0.5001408,0
0.2500328,0
1.207041e-06,0
1.207041e-06,0
6.643408e-06,0
1.207041e-06,0
0.9998609,0
6.643408e-06,0
0.5001408,0
