Score,Label
0.04072534,1
1,1
1,1
1,1
1,1
1,1
1,1
1,1
1,1
5.801068e-06,0
0.001148865,0
0.001148865,0
1,0
3.540739e-07,0
1,0
0.001148865,0
3.540739e-07,0
3.540739e-07,0
