Score,Label
0.9999903,1
0.9987351,1
0.0004801324,1
0.9034393,1
0.9999124,1
0.02129209,0
0.0002341586,0
0.9999272,0
0.9985864,0
0.01304898,0
