Score,Label
0.999987,1
0.6989782,1
0.8418249,1
0.0008590328,1
0.9991722,1
0.6989782,1
0.3331318,1
0.9809379,0
0.6989782,0
0.0001648995,0
0.9996319,0
0.0002616878,0
0.9927778,0
0.05740767,0
