Score,Label
0.9999651,1
0.6666553,1
0.6666553,1
0.9998119,1
0.9999456,1
0.9999456,1
0.9999456,1
0.9961058,1
0.9999723,1
0.9995286,0
0.0001551057,0
0.9999942,0
0.3330261,0
0.3330261,0
0.6525832,0
0.6525832,0
0.0002706342,0
0.0001551057,0
