Score,Label
0.9999992,1
0.0006275983,1
0.0006275983,1
0.9999957,1
0.9993824,1
0.9993824,1
3.023126e-05,1
1,1
7.281729e-07,0
5.291316e-05,0
0.0004052001,0
8.001571e-05,0
0.9882451,0
7.281729e-07,0
3.017121e-07,0
5.291316e-05,0
