Score,Label
3.300271e-05,1
0.9999985,1
0.9999325,1
3.300271e-05,1
2.914427e-06,0
9.385977e-06,0
0.0001292106,0
9.385977e-06,0
7.951527e-08,0
1.619145e-06,0
7.951527e-08,0
7.951527e-08,0
