Score,Label
0.9999963,1
0.9969484,1
0.9998945,1
0.9999963,1
0.9999994,1
0.9279485,1
0.9997689,1
1,1
0.9996984,1
0.9656878,1
0.9996984,1
0.002536684,1
0.9999973,1
0.007197719,1
0.9997954,1
0.002537669,1
0.985324,1
0.03452995,1
0.985324,1
0.94569,1
0.999998,1
0.9531782,1
0.999998,1
0.1707917,1
0.0003596607,1
0.8595684,1
0.9996678,1
0.998943,1
0.9999993,1
0.9980525,1
0.8920156,1
0.9980525,1
0.8344314,1
0.9148839,1
0.009584256,1
0.9638,1
0.9690503,1
0.999988,1
0.7895597,1
0.999962,1
0.9999871,1
0.994049,1
0.9983829,1
0.9646261,1
0.994049,1
0.9983829,1
0.002310009,1
0.9999962,1
0.1100018,1
0.4970374,1
0.9917743,1
0.8529734,1
0.9999957,1
0.9999995,1
0.02759644,1
0.9914806,1
0.3161334,1
0.9997547,1
0.9994383,1
0.994049,1
0.9993624,1
0.9999944,1
0.9980395,1
0.9519014,1
0.9999973,1
0.9999888,1
0.0006518184,1
0.0006518184,1
0.9999999,1
0.9855172,1
0.9994882,1
0.9855172,1
0.9995369,1
0.002172048,1
0.9999626,1
0.9999998,1
0.9987471,1
1,1
0.9999999,1
0.9999996,1
1,1
1,1
0.0006500708,1
0.9999999,1
0.9998023,1
0.9991969,1
0.5251366,1
0.6812608,1
0.9992725,1
1,1
0.9913768,1
0.9604021,1
0.9998974,1
0.9960646,1
0.9960646,1
0.9992594,1
0.001509245,1
0.9973511,0
0.004370674,0
0.007421871,0
0.001576254,0
0.2911852,0
0.0006518184,0
0.01970208,0
0.9954347,0
0.05985367,0
0.01444032,0
0.9470223,0
0.003071386,0
0.00570449,0
0.9439031,0
5.803125e-05,0
0.01202478,0
0.0006518184,0
1,0
0.0003967694,0
0.00251557,0
0.05315893,0
0.001311632,0
0.006880796,0
0.01216751,0
0.0003441247,0
0.002349422,0
0.01011547,0
0.0002978097,0
0.003057683,0
0.01274371,0
0.02511891,0
0.001213301,0
0.04246166,0
0.8230499,0
0.02597113,0
0.08563543,0
2.54283e-05,0
0.001421898,0
0.006220576,0
0.999881,0
0.1480128,0
0.9999799,0
0.0007538423,0
0.9485204,0
0.0004503591,0
0.0001437129,0
0.03045389,0
0.003776601,0
0.002872528,0
0.9532107,0
0.07159229,0
0.00110469,0
0.1235893,0
0.01501727,0
0.08494806,0
0.001674841,0
0.006313267,0
0.01461822,0
0.9525059,0
0.001455634,0
5.37268e-05,0
0.1225107,0
0.004117358,0
0.005080235,0
0.7818721,0
5.362197e-05,0
0.0006218897,0
0.9999965,0
0.04237574,0
0.0009164111,0
0.0008751578,0
0.0001632233,0
0.1200418,0
0.08870632,0
0.9937267,0
0.9937267,0
0.00262966,0
0.0006495951,0
0.003603178,0
0.4347667,0
0.0004044217,0
0.006893515,0
0.02479521,0
0.0001216954,0
0.9831434,0
0.1554407,0
0.002425144,0
0.00184031,0
0.004780487,0
0.0007109813,0
0.9432651,0
0.006513702,0
0.1419742,0
0.003800577,0
8.389981e-05,0
0.006220576,0
0.002255023,0
