Score,Label
0.3317912,1
0.3317912,1
0.9960204,1
3.520502e-05,1
0.0002153387,1
1.40737e-05,1
0.9999675,1
0.999866,1
0.9999998,1
0.9754195,1
0.001821023,1
0.9992746,1
0.001821023,1
0.9999943,1
0.9999943,1
0.8681309,0
0.0007565165,0
1.678662e-07,0
9.71257e-06,0
1.678662e-07,0
0.9357477,0
3.294106e-07,0
3.017518e-06,0
0.06646384,0
0.0003299312,0
1.724997e-06,0
0.9185023,0
3.017518e-06,0
0.001821023,0
1.678662e-07,0
