Score,Label
0.2969717,1
0.001819742,1
0.9985178,1
0.004491645,1
1,1
1,1
0.9999992,1
0.5527414,1
0.9999999,1
1,1
1,1
1,1
0.001657411,0
0.001042651,0
0.02598846,0
0.0007845468,0
1,0
0.002336228,0
0.02308263,0
0.001607253,0
0.8634824,0
0.08001704,0
0.01132146,0
0.001042651,0
