Score,Label
0.9988925,1
0.9988925,1
0.02179087,1
0.9999999,1
2.747259e-05,0
2.747259e-05,0
2.280341e-09,0
7.635005e-11,0
2.280341e-09,0
3.519595e-09,0
2.101581e-10,0
0.0006309096,0
