Score,Label
0.9999998,1
0.9999998,1
2.656425e-09,1
5.710886e-08,1
0.0001356373,1
1.740487e-07,0
7.237199e-05,0
3.6185e-09,0
9.602547e-06,0
2.220281e-08,0
6.924328e-12,0
2.978024e-13,0
7.237199e-05,0
7.549318e-07,0
7.237199e-05,0
