Score,Label
1,1
1,1
0.9998118,1
0.999913,1
0.0004758777,1
2.500989e-09,0
0.0001072562,0
9.796111e-09,0
0.0001072562,0
0.0002381706,0
3.437415e-05,0
0.0006307987,0
0.0002381706,0
0.0002381706,0
0.0002381706,0
