Score,Label
1,1
1,1
0.9976109,1
0.9976109,1
0.9974656,1
6.945737e-07,0
1.449867e-06,0
2.36648e-09,0
2.837401e-06,0
0.0002137995,0
1.449867e-06,0
1.449867e-06,0
1.449867e-06,0
5.568543e-05,0
1.449867e-06,0
