Score,Label
6.798159e-05,1
0.0001397874,1
4.390638e-05,1
0.9999998,1
0.5004166,1
0.9806809,1
0.0002342394,1
0.0001358663,1
0.06328273,1
0.00260318,1
0.9999993,1
6.798159e-05,1
0.9999992,1
1.971374e-05,1
9.878448e-05,1
0.9960543,1
0.9986739,1
1,1
0.9999996,1
0.01339676,1
0.0005285232,0
6.430263e-06,0
0.6056246,0
0.1347941,0
2.811912e-06,0
2.354334e-05,0
0.0005107771,0
0.004276647,0
1.15886e-05,0
4.555799e-05,0
0.001182392,0
0.0002613153,0
1.445784e-05,0
0.9960543,0
0.09179248,0
9.190893e-05,0
0.001182392,0
0.9999969,0
0.9957253,0
0.09244454,0
0.001182392,0
5.027032e-05,0
0.009803506,0
0.002646019,0
0.9421408,0
2.218287e-06,0
4.138934e-06,0
0.001182392,0
0.01460771,0
0.0001813472,0
0.001182392,0
0.0007962298,0
3.004072e-05,0
0.001182392,0
6.072409e-05,0
0.05929412,0
9.04221e-06,0
0.0002212427,0
0.0002613153,0
7.007235e-05,0
