Score,Label
0.00490977,1
0.7824144,1
0.9990826,1
0.0001320953,1
0.5171581,1
0.1296124,1
0.999121,1
0.1827046,1
0.00677309,1
0.9990826,1
0.9982812,1
0.00677309,1
0.9772006,1
0.9993072,1
0.9999989,1
0.999999,1
0.9999995,1
0.9994717,1
0.9998237,1
0.9998237,1
1,1
1,1
1,1
0.06373815,1
0.03221582,1
0.9877107,1
0.9996871,1
0.9999902,1
0.005445433,1
0.002093796,1
0.03221582,1
0.9999999,1
0.00860028,1
0.00125129,1
8.415611e-08,0
5.290848e-13,0
7.9234e-15,0
6.609138e-10,0
9.151938e-07,0
9.160251e-07,0
1.772337e-05,0
0.9990826,0
0.1827046,0
5.001317e-11,0
0.00114207,0
0.05866662,0
1.231375e-19,0
8.618818e-11,0
1.889804e-18,0
0.004283646,0
4.665386e-19,0
1.053402e-14,0
1.977639e-07,0
0.001392707,0
0.01757399,0
1.42497e-06,0
3.927841e-11,0
5.814583e-07,0
3.265405e-15,0
1.12767e-05,0
8.374375e-06,0
0.01332003,0
5.651017e-09,0
8.415611e-08,0
2.865146e-09,0
3.52405e-08,0
0.001392707,0
1.642918e-10,0
0.03481565,0
1.802298e-13,0
0.0001247135,0
6.203898e-07,0
0.003322084,0
1.606498e-14,0
0.01906593,0
2.450288e-16,0
1.389439e-21,0
8.415611e-08,0
0.001158607,0
2.560715e-19,0
0.0001020486,0
5.651017e-09,0
0.001411306,0
0.003116047,0
2.408898e-15,0
1.485505e-17,0
2.439581e-08,0
0.0002449936,0
4.792026e-12,0
8.415611e-08,0
2.876651e-12,0
6.338435e-05,0
8.415611e-08,0
0.01906593,0
8.286846e-08,0
0.001944449,0
1.493721e-11,0
5.814583e-07,0
8.415611e-08,0
2.598389e-14,0
0.06604009,0
2.890982e-14,0
