Score,Label
0.9998136,1
0.9921944,1
0.005939965,1
0.9999857,1
3.743717e-05,1
0.9997686,1
4.872529e-06,1
0.9991098,1
0.9956137,1
0.9737033,1
0.9906262,1
0.9915941,1
0.8757121,1
0.9796191,1
0.08241813,1
0.9915941,1
0.9999824,1
0.0002357437,1
9.78935e-09,1
0.1470643,1
0.9999505,1
0.9998974,1
0.01475108,1
0.0003844911,1
0.9998926,1
0.9996647,1
0.9833698,1
0.8390481,1
0.2933613,1
0.9999874,1
0.9915941,1
0.9999717,1
0.9896014,1
0.6358909,1
4.375799e-08,1
0.7049483,1
0.1615927,1
0.9997965,1
0.8609701,1
0.6358909,1
0.0551094,1
2.475447e-05,0
3.711976e-06,0
0.6140592,0
1.06147e-07,0
0.0001709399,0
0.01016846,0
8.726908e-10,0
1.463189e-09,0
0.3496379,0
3.229393e-05,0
0.0003844911,0
3.065188e-05,0
0.9984494,0
3.065188e-05,0
3.610186e-09,0
3.836723e-10,0
1.174971e-06,0
0.02898431,0
8.677561e-10,0
0.3794432,0
4.088009e-08,0
2.276224e-06,0
8.949107e-10,0
7.738517e-06,0
1.372664e-07,0
0.0003844911,0
0.0009741051,0
6.0957e-07,0
9.207941e-06,0
7.104584e-09,0
3.878339e-09,0
0.02835376,0
0.000119226,0
8.338101e-09,0
3.600259e-06,0
0.9986736,0
1.581572e-09,0
3.708891e-09,0
2.633587e-07,0
0.5309934,0
3.333045e-05,0
0.0003844911,0
5.187792e-06,0
1.353337e-07,0
0.008722006,0
4.653445e-05,0
0.0004327486,0
6.108327e-10,0
3.620577e-06,0
6.836352e-05,0
6.494992e-10,0
9.083709e-10,0
0.0002546607,0
1.732123e-06,0
3.065188e-05,0
6.261112e-07,0
0.000177738,0
0.007196745,0
2.084095e-08,0
0.000169997,0
0.9997486,0
1.530201e-05,0
2.568455e-05,0
0.9966128,0
0.8651221,0
0.3383656,0
0.0001153054,0
0.438901,0
5.332999e-07,0
0.6549364,0
0.0006783931,0
3.921227e-09,0
9.893456e-05,0
3.747463e-07,0
3.026478e-06,0
0.01281911,0
2.149187e-06,0
2.393656e-07,0
3.584759e-07,0
0.04476241,0
5.602198e-09,0
2.300804e-05,0
