Score,Label
0.0002742985,1
1,1
1,1
0.9999963,1
0.9998928,1
8.389539e-06,1
0.9998676,1
0.9999974,1
0.01468073,1
0.9999998,1
0.9998676,1
0.9999974,1
0.9999888,1
0.9999981,1
3.595249e-05,1
0.0005118676,1
0.9942729,1
0.9999728,1
0.9927716,1
0.9999999,1
0.8371823,1
0.999948,1
0.8371823,1
2.286865e-09,0
2.047819e-09,0
1.236196e-07,0
0.0002189056,0
4.034622e-08,0
5.679525e-07,0
0.0002189056,0
0.0001954672,0
2.496363e-07,0
3.027296e-07,0
2.057001e-06,0
1.157739e-08,0
9.868353e-08,0
0.001037297,0
3.368591e-08,0
4.78889e-09,0
4.74486e-08,0
6.652245e-08,0
0.4510043,0
0.1085604,0
0.0002189056,0
4.120348e-05,0
0.0005369749,0
0.001038389,0
3.119473e-09,0
0.01034445,0
0.0001433644,0
3.16025e-09,0
1.8546e-05,0
0.0007584818,0
4.261798e-09,0
0.0002031519,0
0.1404203,0
0.0002227697,0
9.059075e-07,0
0.002166035,0
0.001609646,0
0.0002972058,0
1.7523e-06,0
9.868353e-08,0
0.0002189056,0
0.002689403,0
0.9995751,0
1.348432e-08,0
0.072041,0
0.03432011,0
