Score,Label
0.9999851,1
1,1
0.9989863,1
0.9999975,1
0.9983006,1
1,1
1,1
1,1
1,1
0.9999869,1
3.14352e-05,1
4.4672e-05,0
0.0001223798,0
0.004008115,0
3.480517e-05,0
2.017798e-06,0
0.0007474418,0
4.54626e-05,0
3.095228e-05,0
0.00986903,0
0.0002518347,0
0.0001660562,0
1.549627e-06,0
1.679104e-06,0
0.0005489311,0
4.517081e-06,0
2.12749e-05,0
4.4672e-05,0
1.549627e-06,0
4.4672e-05,0
4.4672e-05,0
0.9999988,0
3.3221e-06,0
