Score,Label
0.00142312,1
0.9999926,1
0.9999926,1
0.01520675,1
0.5947627,1
0.07451838,1
0.9998415,1
0.9999977,1
0.9998415,1
0.9998735,1
0.9997831,1
0.9996486,1
0.006734816,1
0.9777533,1
0.02253841,1
0.02302693,0
0.02380351,0
0.04977331,0
0.001342657,0
0.02302693,0
0.0340227,0
0.02302693,0
0.02302693,0
0.4217216,0
0.002302157,0
0.02302693,0
0.04642461,0
0.0006164951,0
0.001468037,0
0.02302693,0
