Score,Label
0.1396469,1
0.9999665,1
0.9398448,1
0.0001428091,1
1,1
0.5199308,0
0.1396469,0
0.0008272444,0
0.0008707938,0
0.01937288,0
0.0003880099,0
0.001518298,0
0.006281712,0
0.005877343,0
0.0007900775,0
