Score,Label
0.9999987,1
0.9759346,1
0.9759346,1
0.9992981,1
0.0009601183,0
0.3333763,0
0.001591637,0
0.0009601183,0
0.0004152659,0
0.001591637,0
0.0009601183,0
0.0004152659,0
