Score,Label
0.03031351,1
0.9874712,1
0.9874712,1
0.9999585,1
4.267192e-05,0
9.569313e-07,0
0.0005869715,0
0.0001835378,0
0.0005869715,0
0.0005869715,0
0.9999316,0
2.921894e-06,0
