Score,Label
0.9242681,1
0.9930359,1
0.9992595,1
0.9999993,1
0.9999999,1
0.9992961,1
0.9997031,1
0.9992961,1
0.9999999,1
0.9775723,1
0.9999768,1
0.00750986,1
0.1536046,1
0.002580859,1
0.7308553,1
0.5590895,1
0.7068009,1
0.9999999,1
0.999975,1
0.9999957,1
0.9999709,1
0.9999818,1
0.9999955,1
0.9999726,1
0.9999999,1
0.9999626,1
0.9997752,1
0.0004221665,1
0.02205074,0
0.9999954,0
0.999068,0
6.974178e-06,0
0.9999683,0
0.9999995,0
9.757269e-07,0
1.022123e-05,0
4.023302e-07,0
9.743547e-06,0
2.683257e-09,0
1.022123e-05,0
7.481225e-05,0
3.071706e-10,0
0.9999995,0
1.011697e-06,0
1.428461e-12,0
0.9967918,0
1.291854e-06,0
1.259134e-06,0
2.956234e-05,0
0.9999433,0
2.760036e-05,0
3.537848e-09,0
6.278546e-09,0
2.348611e-06,0
0.9999709,0
1.022123e-05,0
1.842447e-09,0
6.355688e-06,0
4.07449e-06,0
9.040417e-07,0
2.754068e-05,0
1.022123e-05,0
2.153701e-06,0
0.001987291,0
1.114641e-10,0
0.05419753,0
0.9999433,0
8.216586e-07,0
3.618457e-10,0
1.428461e-12,0
1.022123e-05,0
0.003235111,0
6.385101e-08,0
3.281617e-05,0
6.277195e-08,0
1.034652e-07,0
2.997239e-07,0
0.003175294,0
1.383936e-09,0
3.527141e-09,0
1.022123e-05,0
7.475725e-07,0
3.561599e-09,0
1.584818e-06,0
