Score,Label
0.7225994,1
1,1
8.605576e-06,1
1.151759e-05,1
8.207195e-05,1
0.09796027,0
0.0001849891,0
0.999992,0
1.988006e-05,0
0.0001705835,0
