Score,Label
8.669199e-06,1
0.9999911,1
0.9999911,1
8.669199e-06,1
7.9422e-13,0
2.361656e-12,0
1.831414e-09,0
7.9422e-13,0
1.831414e-09,0
1.317577e-09,0
7.9422e-13,0
0.0001371839,0
