Score,Label
0.9993044,1
0.9996978,1
0.9999945,1
0.998444,1
0.998444,1
0.9996978,1
0.9771197,1
0.9771197,1
0.9999945,1
0.9644036,1
0.998444,1
0.9999945,1
0.9991811,1
0.792973,1
0.792973,1
0.792973,1
0.792973,1
0.792973,1
0.792973,1
0.792973,1
0.9490963,1
0.9280931,1
0.9834962,1
0.9490963,1
0.9490963,1
0.9490963,1
0.9280931,1
0.9991791,1
0.9991791,1
0.940955,1
0.9991791,1
0.8478324,1
0.9995616,1
0.9999998,1
0.9995616,1
0.9995616,1
0.6786075,1
0.9972409,1
0.9999998,1
0.004088107,1
0.9999998,1
0.0004832473,1
0.9995616,1
0.792973,1
0.792973,1
0.792973,1
0.4820029,1
0.9999206,1
0.9995783,1
0.9999206,1
0.6004869,1
0.9998885,1
0.9995783,1
0.9995783,1
0.9995783,1
0.9995783,1
0.9999206,1
0.7922931,1
0.7922931,1
0.9946941,1
0.7922931,1
0.9999992,1
0.999778,1
0.7922931,1
0.7922931,1
0.9999999,1
0.999778,1
0.9998069,1
0.999778,1
0.999778,1
0.7922931,1
0.999778,1
0.792973,1
0.792973,1
0.792973,1
0.9490963,1
0.9280931,1
0.9280931,1
0.9490963,1
0.999693,1
0.9490963,1
0.999693,1
0.9280931,1
7.825705e-10,0
4.856835e-07,0
0.0002581794,0
5.806652e-07,0
2.024937e-07,0
0.0002581794,0
3.254766e-07,0
2.866958e-07,0
2.024937e-07,0
6.08141e-07,0
0.792973,0
3.904612e-06,0
0.792973,0
0.0002581794,0
0.792973,0
4.173767e-09,0
0.792973,0
0.004091268,0
0.008662196,0
3.904612e-06,0
0.9280931,0
8.682152e-09,0
4.246638e-10,0
5.003273e-11,0
2.024937e-07,0
0.9646755,0
8.873801e-12,0
0.7922931,0
4.691993e-06,0
3.220227e-09,0
8.873801e-12,0
0.5118514,0
2.423231e-10,0
0.08458128,0
0.0001983899,0
7.047463e-06,0
0.0006913942,0
5.806652e-07,0
0.002920795,0
0.09154105,0
0.0002839167,0
4.246638e-10,0
0.9994047,0
5.806652e-07,0
1.474474e-08,0
5.726569e-05,0
2.03637e-06,0
0.792973,0
2.024937e-07,0
2.996487e-07,0
1.002491e-09,0
0.792973,0
0.1212939,0
2.469139e-08,0
0.9280931,0
0.0002581794,0
4.402349e-10,0
2.559968e-08,0
0.02490866,0
8.873801e-12,0
2.024937e-07,0
6.37343e-09,0
1.286452e-08,0
4.514935e-08,0
2.03637e-06,0
1.804366e-09,0
0.007016674,0
6.065869e-05,0
0.0006523582,0
0.01367506,0
2.897457e-07,0
8.873801e-12,0
2.024937e-07,0
0.792973,0
5.806652e-07,0
0.08458128,0
2.603999e-05,0
2.866958e-07,0
2.469139e-08,0
2.676805e-07,0
8.873801e-12,0
0.0002581794,0
1.238481e-08,0
