Score,Label
1,1
1,1
0.999993,1
1,1
1,1
1,1
1,1
1,1
1,1
1,1
1,1
1,1
1,1
1,1
5.936385e-05,0
1.163952e-07,0
3.321964e-06,0
0.6245789,0
8.820072e-06,0
3.081191e-06,0
0.0008686793,0
0.0001142706,0
5.936385e-05,0
0.0001142706,0
1.913211e-05,0
1.913211e-05,0
8.263327e-07,0
3.321964e-06,0
