Score,Label
0.9696293,1
0.9286383,1
0.7812005,1
0.0005633214,1
0.816292,1
0.0005633214,1
0.9286383,0
1.538559e-06,0
0.9286383,0
1.538559e-06,0
1.538559e-06,0
1.538559e-06,0
0.000665441,0
1.538559e-06,0
1.538559e-06,0
1.538559e-06,0
1.538559e-06,0
1.538559e-06,0
