Score,Label
1,1
0.9999337,1
1,1
1,1
1,1
1,1
1,1
0.9999985,1
1,1
0.9999777,1
1,1
0.0001495256,1
0.002022466,0
0.0004121523,0
1.048801e-05,0
0.00609869,0
2.287716e-05,0
0.0001789312,0
0.0001789312,0
0.0006457514,0
0.02153482,0
0.000101045,0
0.9978235,0
0.001007824,0
