Score,Label
0.9625023,1
0.9625023,1
0.9625023,1
0.9625023,1
0.9625023,1
0.9625023,1
0.9841387,1
1,1
0.9841387,1
1,1
1,1
1,1
0.999999,1
1,1
1,1
1,1
1,1
1,1
1,1
0.9983484,1
0.9995152,1
0.9995152,1
0.9995152,1
0.9983484,1
0.9983484,1
0.9983484,1
0.9979389,1
0.9988639,1
0.9979389,1
0.9979389,1
0.9979389,1
0.9999561,1
1,1
1,1
1,1
1,1
1,1
1,1
1,1
0.9625023,1
0.9625023,1
0.9625023,1
0.9625023,1
0.9625023,1
0.9625023,1
0.9625023,1
0.9625023,1
0.9999561,1
1,1
1,1
0.9979693,1
1,1
1,1
0.949905,1
1,1
1,1
1,1
1,1
0.9991429,1
0.9625023,1
0.9625023,1
0.9625023,1
0.9625023,1
0.9625023,1
0.310254,1
0.9998259,1
0.9998259,1
0.9998259,1
0.9999987,1
0.9998259,1
0.999477,1
0.999477,1
0.999477,1
0.9998259,1
0.9998259,1
1.01119e-07,0
4.560831e-09,0
1.961093e-07,0
2.0041e-13,0
7.275807e-14,0
0.9841387,0
0.07052424,0
1.084738e-05,0
3.948755e-10,0
4.727813e-08,0
2.422262e-13,0
1.402092e-11,0
6.616963e-07,0
1.464629e-10,0
0.0001004048,0
2.46822e-05,0
2.240939e-10,0
1.618906e-07,0
1.770132e-08,0
0.00016889,0
4.727813e-08,0
3.775371e-08,0
9.022124e-16,0
1.609037e-14,0
1.358239e-10,0
1.464629e-10,0
2.0041e-13,0
1.093488e-11,0
6.071121e-11,0
4.855317e-11,0
3.948755e-10,0
8.777002e-14,0
3.775371e-08,0
5.7304e-07,0
0.2053711,0
6.857088e-05,0
0.2053711,0
1.874787e-13,0
0.9625023,0
9.022124e-16,0
1.049998e-10,0
2.422262e-13,0
4.619721e-06,0
1.464629e-10,0
0.0001004048,0
2.422262e-13,0
5.036749e-14,0
0.9625023,0
1.874787e-13,0
0.003016608,0
2.022119e-10,0
0.0001183706,0
0.00145554,0
2.457109e-10,0
5.103854e-10,0
6.616963e-07,0
0.0003816927,0
4.560831e-09,0
9.487968e-12,0
1.358239e-10,0
1.093488e-11,0
7.944655e-13,0
4.458685e-15,0
3.428788e-10,0
1.618906e-07,0
1.01119e-07,0
0.99926,0
2.58344e-05,0
1.692356e-05,0
1.874787e-13,0
1.402092e-11,0
0.0002132547,0
3.48865e-06,0
0.0002691828,0
0.0001004048,0
