Score,Label
1,1
1,1
1,1
0.9000499,1
0.9000499,1
0.9000499,1
0.9000499,1
0.9000499,1
0.9000499,1
0.9000499,1
0.9996724,1
1,1
1,1
0.9999999,1
0.9000499,1
0.9000499,1
0.9999832,1
0.04377821,1
4.682171e-07,0
5.947594e-09,0
0.0005511982,0
2.139005e-09,0
4.952532e-08,0
6.842039e-08,0
1.728066e-08,0
4.248603e-08,0
9.230505e-05,0
2.426999e-08,0
2.156963e-08,0
3.97467e-08,0
1.598623e-08,0
0.0005511982,0
0.005743881,0
6.824611e-09,0
1.238524e-08,0
5.855288e-08,0
