Score,Label
0.000297965,1
0.005290787,1
0.7906181,1
0.05335866,1
0.05335866,1
0.9999982,1
0.9999982,1
0.9999982,1
0.9816157,1
0.9999982,1
0.9999982,1
0.9998622,1
0.8556392,1
0.9990109,1
0.9999886,1
0.0008521934,1
0.9990109,1
0.9990109,1
0.0008521934,1
0.9999886,1
0.9990109,1
0.9990109,1
0.9990109,1
0.7237907,1
0.0009433622,1
0.9999886,1
0.9999886,1
0.9999886,1
0.9999267,1
1,1
0.3631092,1
0.9999881,1
0.9999267,1
0.3631092,1
0.9999881,1
0.9999881,1
0.9999881,1
0.9998627,1
0.3631092,1
0.3631092,1
0.9999267,1
0.3631092,1
0.9998627,1
1,1
0.9998627,1
0.9998627,1
1,1
0.9999998,1
0.001103695,1
0.9976957,1
0.001103695,1
0.9976957,1
0.9976957,1
0.9976957,1
0.001103695,1
0.001103695,1
0.9997615,1
0.4770751,1
0.9996489,1
0.9999998,1
0.9996489,1
0.9999998,1
0.999975,1
0.999975,1
0.999975,1
0.999975,1
0.999975,1
0.999975,1
0.05335866,1
8.613578e-07,1
0.7443464,1
0.9999917,1
1,1
1,1
0.9999917,1
1,1
0.9999917,1
0.9996192,1
1,1
0.9996192,1
1,1
0.9935589,1
0.001272676,1
0.9935589,1
0.9996192,1
0.001405285,1
0.8556392,1
0.8556392,1
0.8556392,1
0.8556392,1
0.9063998,1
0.99749,0
0.00174442,0
5.517744e-05,0
0.5740474,0
0.001068939,0
0.9910665,0
3.80459e-07,0
0.8556392,0
4.916213e-07,0
0.9990109,0
0.9992458,0
4.012352e-07,0
0.5440588,0
7.130868e-06,0
0.0001617835,0
9.48579e-06,0
0.0002273924,0
0.4100625,0
0.01655653,0
0.0003389445,0
0.8556392,0
0.8556392,0
3.881519e-06,0
0.03403229,0
1.055445e-06,0
3.053867e-09,0
0.9999267,0
0.009288167,0
0.0005435523,0
0.9811118,0
0.8556392,0
0.0001113526,0
0.002204494,0
4.961465e-05,0
0.0006928269,0
1.038957e-06,0
3.80459e-07,0
0.8556392,0
0.0008521934,0
2.429978e-07,0
0.9999683,0
0.0227996,0
0.3560476,0
4.738068e-05,0
0.996121,0
8.899996e-06,0
0.3674595,0
4.669078e-05,0
2.179323e-06,0
2.179323e-06,0
2.328483e-07,0
0.0002811698,0
0.0046957,0
0.0002416518,0
5.254055e-07,0
0.01388989,0
5.250351e-06,0
7.130868e-06,0
4.18054e-05,0
0.3082314,0
1.055445e-06,0
0.8556392,0
0.8556392,0
2.257834e-06,0
0.8556392,0
0.0004952219,0
0.0001418247,0
6.820448e-07,0
3.881519e-06,0
3.751426e-05,0
0.3631092,0
0.4100625,0
0.9686025,0
0.006621619,0
2.179323e-06,0
2.791264e-08,0
0.0004952219,0
2.179323e-06,0
0.630145,0
5.107948e-06,0
2.012301e-05,0
0.005362879,0
0.8556392,0
0.8556392,0
0.0521968,0
5.756315e-05,0
0.6582096,0
1.06294e-06,0
0.8556392,0
0.9999267,0
0.09067243,0
