Score,Label
1,1
1,1
1,1
1,1
1,1
0.9999995,1
1,1
1,1
1,1
1,1
1,1
1,1
0.9999968,1
1,1
1,1
1,1
3.762673e-09,0
1.096096e-11,0
3.430926e-15,0
7.862516e-12,0
7.761205e-14,0
0.000151726,0
3.921272e-09,0
1.421256e-12,0
1.223459e-10,0
7.862516e-12,0
0.8933926,0
1.167283e-14,0
8.776473e-05,0
7.862516e-12,0
1.428672e-05,0
1.430728e-06,0
