Score,Label
0.0001259865,1
1,1
1,1
1,1
1,1
1,1
1,1
1,1
1,1
1,1
1,1
0.3483495,0
1.54645e-06,0
0.3303889,0
1.950571e-06,0
0.3303889,0
1.695478e-06,0
0.003909416,0
5.741595e-05,0
1.54645e-06,0
1.985896e-06,0
0.003909416,0
