Score,Label
0.9974923,1
0.06874048,1
1,1
0.9999532,1
0.9999784,1
0.0005965954,1
0.9850584,1
1.863257e-05,0
1,0
1,0
0.9996192,0
3.152752e-05,0
5.717562e-06,0
4.760065e-05,0
