Score,Label
1,1
0.9996791,1
0.9937792,1
1,1
1,1
0.9999678,1
0.9996791,1
0.9996791,1
0.9996791,1
0.9996791,1
0.9996791,1
0.9999995,1
0.000125107,0
0.000125107,0
0.0004704657,0
0.0001357452,0
0.000125107,0
0.0001371266,0
0.000125107,0
0.002227737,0
0.000125107,0
0.000125107,0
0.01725785,0
0.0004704657,0
