Score,Label
0.9999723,1
0.9999723,1
0.9991013,1
3.240783e-05,1
8.592515e-05,1
8.592515e-05,1
1,1
1,1
0.9999977,1
1,1
0.9999307,1
0.9998388,1
0.1319621,1
0.1319621,1
1,1
0.9998388,1
0.9999881,1
1,1
0.9999999,1
0.01013937,1
0.2229463,1
0.3485756,1
0.9999998,1
1,1
0.3485756,1
0.01872994,1
1,1
1,1
0.6572317,1
0.9945373,1
0.9945373,1
0.6572317,1
0.9945373,1
0.719011,1
0.9945373,1
1,1
0.9945373,1
0.9945373,1
1,1
0.9984283,1
0.1242081,1
0.006116838,1
0.4739918,1
0.9999983,1
0.002193009,1
1,1
0.1242081,1
0.9992749,1
1,1
1,1
1,1
0.8929283,1
0.996867,1
0.996867,1
0.996867,1
0.996867,1
1,1
1,1
0.0007800222,1
0.999999,1
0.7382833,1
0.999999,1
0.999999,1
0.0001108593,0
1.963046e-05,0
0.9925336,0
0.4592802,0
0.9994111,0
0.003594856,0
1.968064e-05,0
0.0007198213,0
0.4592802,0
5.059442e-05,0
0.04689636,0
7.38366e-05,0
0.001926925,0
0.003788112,0
3.38207e-06,0
0.0001016121,0
0.0001293301,0
0.9999999,0
0.9922862,0
0.00641179,0
0.0007198213,0
0.001281022,0
1.762846e-05,0
3.200787e-05,0
1.857708e-05,0
3.510277e-05,0
0.003346012,0
1.054496e-05,0
0.01963668,0
1.987116e-05,0
0.1630475,0
0.0002666855,0
0.001926925,0
0.03920767,0
3.863696e-06,0
0.0002183415,0
0.0007198213,0
0.001118104,0
1.921125e-06,0
0.001926925,0
3.736497e-06,0
0.616243,0
0.003268327,0
0.9966519,0
2.750437e-06,0
3.810514e-05,0
0.6941033,0
0.02234718,0
0.7382833,0
0.289491,0
3.927047e-05,0
2.187133e-06,0
1.968064e-05,0
2.284995e-05,0
0.005694302,0
0.004111086,0
0.1684922,0
5.937797e-06,0
0.02303168,0
2.851838e-05,0
0.0007198213,0
0.0005930499,0
0.03088802,0
