Score,Label
0.9541075,1
0.9541075,1
0.9541075,1
1.617166e-05,1
1,1
1,1
0.9999648,1
0.9999918,1
0.9999918,1
0.9999918,1
0.9999986,1
0.9800189,1
0.9999986,1
1,1
1,1
0.9999986,1
0.9957433,1
0.9957433,1
0.9519402,1
0.9519402,1
0.0002563667,1
0.8197772,1
0.9974436,1
0.9679624,1
0.9992859,1
1,1
1,1
0.996693,1
0.9990797,1
0.04628658,1
0.9992859,1
0.996693,1
0.9992859,1
0.9982159,1
0.8882072,1
0.9893443,1
1,1
0.9999963,1
1,1
0.9982159,1
0.9999959,1
0.6753062,1
0.6753062,1
0.9999963,1
0.9999959,1
0.9999963,1
1,1
1,1
1,1
0.9999994,1
0.9999994,1
0.7944484,1
0.7944484,1
0.9999071,1
0.9999071,1
0.9999071,1
0.0001023172,1
0.008407145,1
0.9959955,1
0.001727063,1
1,1
1,1
1,1
1,1
1,1
0.8719247,1
1,1
1,1
1,1
1,1
1,1
1,1
0.0002563667,1
0.1340369,0
0.01429943,0
1.248016e-05,0
0.8197772,0
0.8197772,0
7.383589e-05,0
1.248016e-05,0
0.000450398,0
0.003840423,0
0.8197772,0
1.951527e-05,0
0.03401771,0
0.03401771,0
4.776384e-05,0
0.523661,0
0.4903451,0
1.249065e-06,0
0.9919019,0
1.110371e-05,0
0.1739766,0
0.0005394613,0
0.001796835,0
0.01692332,0
1.474736e-05,0
0.002011353,0
0.1340369,0
8.749983e-06,0
1.547621e-07,0
2.833571e-05,0
0.02357022,0
2.802452e-05,0
1.474736e-05,0
1.474736e-05,0
0.0008608244,0
8.22093e-08,0
0.1739766,0
2.718517e-05,0
2.412588e-05,0
2.317306e-05,0
2.088085e-05,0
0.5093997,0
3.039393e-06,0
0.0009721345,0
0.907429,0
3.748721e-07,0
1.474736e-05,0
0.8197772,0
3.627002e-06,0
0.1340369,0
0.1739766,0
2.44771e-05,0
0.005138346,0
4.060616e-07,0
5.188548e-05,0
0.523661,0
0.201412,0
0.9567977,0
0.1340369,0
7.622719e-05,0
0.03401771,0
0.994793,0
0.001635185,0
0.1340369,0
0.1739766,0
1.474736e-05,0
0.001686084,0
2.371605e-05,0
4.401907e-05,0
0.5093997,0
0.01849639,0
0.4811054,0
0.01016821,0
0.1053523,0
