Score,Label
0.9997484,1
0.9958546,1
0.01062484,1
0.9999318,1
0.9958546,1
0.9998491,1
1,1
1,1
1,1
0.9999417,1
1,1
0.0002258606,0
2.645651e-05,0
2.258969e-05,0
4.969148e-07,0
0.9131189,0
0.6824319,0
0.0004708327,0
0.0002388802,0
0.003660198,0
2.258969e-05,0
0.03886552,0
