Score,Label
1,1
1,1
1,1
1,1
1,1
2.8913e-06,1
5.881911e-06,0
4.86973e-05,0
5.881911e-06,0
2.839482e-10,0
4.733456e-10,0
5.881911e-06,0
1.746585e-08,0
1.910648e-06,0
2.839482e-10,0
1.746585e-08,0
0.0002960028,0
5.881911e-06,0
