Score,Label
0.9943379,1
0.9983012,1
0.9999967,1
0.002107747,1
0.9998845,1
1,1
0.9998845,1
0.9995548,1
1,1
1.160482e-05,0
0.9551207,0
0.003303105,0
0.9999897,0
0.9997459,0
0.0007278495,0
0.3121982,0
0.01828923,0
3.246326e-05,0
