Score,Label
0.7635328,1
0.0007434896,1
0.975008,1
0.2794832,1
0.3334659,0
0.0003768193,0
2.376461e-06,0
9.037118e-05,0
2.376461e-06,0
2.376461e-06,0
0.001406492,0
0.8049465,0
