Score,Label
1.911089e-10,1
1,1
1,1
1,1
1,1
1.279583e-05,1
0.9999979,1
0.9999979,1
1.279583e-05,1
6.827273e-11,0
2.225497e-05,0
4.693944e-13,0
1.107098e-14,0
4.693944e-13,0
4.693944e-13,0
2.225497e-05,0
2.225497e-05,0
2.225497e-05,0
4.693944e-13,0
4.087614e-05,0
4.693944e-13,0
2.225497e-05,0
4.693944e-13,0
4.693944e-13,0
4.693944e-13,0
2.225497e-05,0
4.693944e-13,0
