Iteration,Version,ROC_AUC,PR_AUC,TimeElapsed,K,TrainRatio,ExperimentID,Seed,ThresholdMode,Threshold,Precision,Recall,F1Score,TestTP,TestFP,TestFN,TestTN,TestTPR,TestTNR,TestFPR,TestFNR,TestPrecision,TestRecall,TestF1Score,TestAccuracy,TestExpectedAccuracy,TestKappa,TestMCC,TestTSS,TotalLinks,TrainLinks,TestLinks,BackboneTotal,NonBackboneTotal,BackboneTrainLinks,NonBackboneTrainLinks,BackboneTestLinks,NonBackboneTestLinks,EmpiricalNumSpecies,EmpiricalLinks,EmpiricalConnectance,EmpiricalMeanTrophicLevel,EmpiricalMeanDegree,EmpiricalMeanGenerality,EmpiricalMeanVulnerability,EmpiricalDegreeStd,EmpiricalDegreeCV,EmpiricalDegreeGini,EmpiricalGeneralityStd,EmpiricalGeneralityCV,EmpiricalGeneralityGini,EmpiricalVulnerabilityStd,EmpiricalVulnerabilityCV,EmpiricalVulnerabilityGini,EmpiricalTrophicLevelStd,EmpiricalTrophicLevelCV,EmpiricalTrophicLevelRange,EmpiricalMeanLocalClustering,EmpiricalTransitivity,EmpiricalNumTriangles,EmpiricalTriangleDensity,EmpiricalMeanDietOverlap,EmpiricalPropBasal,EmpiricalPropIntermediate,EmpiricalPropTop,PseudoNumSpecies,PseudoLinks,PseudoConnectance,PseudoMeanTrophicLevel,PseudoMeanDegree,PseudoMeanGenerality,PseudoMeanVulnerability,PseudoDegreeStd,PseudoDegreeCV,PseudoDegreeGini,PseudoGeneralityStd,PseudoGeneralityCV,PseudoGeneralityGini,PseudoVulnerabilityStd,PseudoVulnerabilityCV,PseudoVulnerabilityGini,PseudoTrophicLevelStd,PseudoTrophicLevelCV,PseudoTrophicLevelRange,PseudoMeanLocalClustering,PseudoTransitivity,PseudoNumTriangles,PseudoTriangleDensity,PseudoMeanDietOverlap,PseudoPropBasal,PseudoPropIntermediate,PseudoPropTop,DeltaLinks,DeltaConnectance,DeltaMeanTrophicLevel,DeltaMeanDegree,DeltaMeanGenerality,DeltaMeanVulnerability,DeltaDegreeStd,DeltaDegreeCV,DeltaDegreeGini,DeltaGeneralityStd,DeltaGeneralityCV,DeltaGeneralityGini,DeltaVulnerabilityStd,DeltaVulnerabilityCV,DeltaVulnerabilityGini,DeltaTrophicLevelStd,DeltaTrophicLevelCV,DeltaTrophicLevelRange,DeltaMeanLocalClustering,DeltaTransitivity,DeltaNumTriangles,DeltaTriangleDensity,DeltaMeanDietOverlap,DeltaPropBasal,DeltaPropIntermediate,DeltaPropTop,PseudoTP,PseudoFP,PseudoFN,PseudoTN,PseudoTPR,PseudoTNR,PseudoFPR,PseudoFNR,PseudoPrecision,PseudoRecall,PseudoF1Score,PseudoMCC,PseudoTSS,PseudoJaccardLinks,NumPredictedNovelLinks,NumTrueNovelLinks,EvaluateOnAllUnseen,CvK,FoldID,NumFolds
1,WLNM_dir_neg_kfold,0.6706,0.5947,00:00:05,10,90,1,13346,fixed,0.5000,0.8462,0.3667,0.5116,11,2,19,58,0.3667,0.9667,0.0333,0.6333,0.8462,0.3667,0.5116,0.7667,0.6185,0.3883,0.4470,0.3333,298,268,30,0,298,0,268,0,30,59,296,0.0865,2.6240,10.0339,5.2857,5.2857,9.0553,0.9025,0.3863,9.3042,1.8546,0.6561,3.8796,0.7733,0.3595,0.9406,0.3585,3.6919,0.3851,0.2318,373,0.0115,0.1827,0.0508,0.8983,0.0508,59,279,0.0815,2.4722,9.4576,5.0727,4.9821,8.2469,0.8720,0.3879,8.3249,1.7605,0.6433,3.9077,0.8264,0.3830,0.8901,0.3601,3.4889,0.3469,0.2272,312,0.0096,0.1812,0.0678,0.8814,0.0508,-17,-0.0050,-0.1519,-0.5763,-0.2130,-0.3036,-0.8084,-0.0305,0.0015,-0.9793,-0.0941,-0.0128,0.0281,0.0531,0.0235,-0.0505,0.0016,-0.2029,-0.0382,-0.0046,-61,-0.0019,-0.0015,0.0169,-0.0169,0,277,2,19,3124,0.9358,0.9994,0.0006,0.0642,0.9928,0.9358,0.9635,0.9606,0.9352,0.9295,13,30,0,10,1,10
2,WLNM_dir_neg_kfold,0.8042,0.6204,00:00:05,10,90,2,13347,fixed,0.5000,0.7692,0.3333,0.4651,10,3,20,57,0.3333,0.9500,0.0500,0.6667,0.7692,0.3333,0.4651,0.7444,0.6185,0.3301,0.3799,0.2833,298,268,30,0,298,0,268,0,30,59,296,0.0865,2.6240,10.0339,5.2857,5.2857,9.0553,0.9025,0.3863,9.3042,1.8546,0.6561,3.8796,0.7733,0.3595,0.9406,0.3585,3.6919,0.3851,0.2318,373,0.0115,0.1827,0.0508,0.8983,0.0508,59,279,0.0815,2.5442,9.4576,4.9821,4.9821,8.3177,0.8795,0.3924,8.2959,1.7543,0.6386,4.0422,0.8548,0.3881,0.8735,0.3433,3.4823,0.3590,0.2275,315,0.0097,0.1938,0.0508,0.8983,0.0508,-17,-0.0050,-0.0798,-0.5763,-0.3036,-0.3036,-0.7377,-0.0230,0.0060,-1.0083,-0.1002,-0.0175,0.1625,0.0815,0.0286,-0.0671,-0.0151,-0.2096,-0.0261,-0.0043,-58,-0.0018,0.0110,0,0,0,276,3,20,3123,0.9324,0.9990,0.0010,0.0676,0.9892,0.9324,0.9600,0.9568,0.9315,0.9231,13,30,0,10,1,10
3,WLNM_dir_neg_kfold,0.6547,0.4985,00:00:05,10,90,3,13348,fixed,0.5000,0.8462,0.3667,0.5116,11,2,19,58,0.3667,0.9667,0.0333,0.6333,0.8462,0.3667,0.5116,0.7667,0.6185,0.3883,0.4470,0.3333,298,268,30,0,298,0,268,0,30,59,296,0.0865,2.6240,10.0339,5.2857,5.2857,9.0553,0.9025,0.3863,9.3042,1.8546,0.6561,3.8796,0.7733,0.3595,0.9406,0.3585,3.6919,0.3851,0.2318,373,0.0115,0.1827,0.0508,0.8983,0.0508,59,279,0.0815,2.4712,9.4576,5.0727,4.9821,8.2218,0.8693,0.3886,8.3083,1.7570,0.6430,3.8856,0.8217,0.3844,0.8886,0.3596,3.4881,0.3424,0.2272,311,0.0096,0.1831,0.0678,0.8814,0.0508,-17,-0.0050,-0.1528,-0.5763,-0.2130,-0.3036,-0.8336,-0.0331,0.0022,-0.9959,-0.0976,-0.0131,0.0059,0.0484,0.0249,-0.0520,0.0011,-0.2037,-0.0427,-0.0046,-62,-0.0019,0.0004,0.0169,-0.0169,0,277,2,19,3124,0.9358,0.9994,0.0006,0.0642,0.9928,0.9358,0.9635,0.9606,0.9352,0.9295,13,30,0,10,1,10
4,WLNM_dir_neg_kfold,0.8222,0.6672,00:00:05,10,90,4,13349,fixed,0.5000,0.7143,0.3333,0.4545,10,4,20,56,0.3333,0.9333,0.0667,0.6667,0.7143,0.3333,0.4545,0.7333,0.6148,0.3077,0.3468,0.2667,298,268,30,0,298,0,268,0,30,59,296,0.0865,2.6240,10.0339,5.2857,5.2857,9.0553,0.9025,0.3863,9.3042,1.8546,0.6561,3.8796,0.7733,0.3595,0.9406,0.3585,3.6919,0.3851,0.2318,373,0.0115,0.1827,0.0508,0.8983,0.0508,59,280,0.0818,2.4707,9.4915,5.0909,5,8.3261,0.8772,0.3904,8.3802,1.7658,0.6438,3.9853,0.8398,0.3872,0.8882,0.3595,3.4889,0.3531,0.2299,320,0.0098,0.1885,0.0678,0.8814,0.0508,-16,-0.0047,-0.1533,-0.5424,-0.1948,-0.2857,-0.7293,-0.0253,0.0041,-0.9241,-0.0887,-0.0123,0.1057,0.0665,0.0277,-0.0524,0.0010,-0.2029,-0.0320,-0.0019,-53,-0.0016,0.0058,0.0169,-0.0169,0,276,4,20,3122,0.9324,0.9987,0.0013,0.0676,0.9857,0.9324,0.9583,0.9549,0.9312,0.9200,14,30,0,10,1,10
5,WLNM_dir_neg_kfold,0.6750,0.5863,00:00:05,10,90,5,13350,fixed,0.5000,0.8182,0.3000,0.4390,9,2,21,58,0.3000,0.9667,0.0333,0.7000,0.8182,0.3000,0.4390,0.7444,0.6259,0.3168,0.3838,0.2667,298,268,30,0,298,0,268,0,30,59,296,0.0865,2.6240,10.0339,5.2857,5.2857,9.0553,0.9025,0.3863,9.3042,1.8546,0.6561,3.8796,0.7733,0.3595,0.9406,0.3585,3.6919,0.3851,0.2318,373,0.0115,0.1827,0.0508,0.8983,0.0508,59,277,0.0809,2.4674,9.3898,5.0364,4.9464,8.2796,0.8818,0.3945,8.3217,1.7725,0.6464,3.9403,0.8393,0.3904,0.8812,0.3571,3.4652,0.3497,0.2298,314,0.0097,0.1815,0.0678,0.8814,0.0508,-19,-0.0056,-0.1566,-0.6441,-0.2494,-0.3393,-0.7757,-0.0207,0.0081,-0.9826,-0.0821,-0.0097,0.0607,0.0660,0.0309,-0.0594,-0.0013,-0.2266,-0.0354,-0.0020,-59,-0.0018,-0.0012,0.0169,-0.0169,0,275,2,21,3124,0.9291,0.9994,0.0006,0.0709,0.9928,0.9291,0.9599,0.9568,0.9284,0.9228,11,30,0,10,1,10
6,WLNM_dir_neg_kfold,0.6456,0.5683,00:00:05,10,90,6,13351,fixed,0.5000,0.9091,0.3333,0.4878,10,1,20,59,0.3333,0.9833,0.0167,0.6667,0.9091,0.3333,0.4878,0.7667,0.6259,0.3762,0.4558,0.3167,298,268,30,0,298,0,268,0,30,59,296,0.0865,2.6240,10.0339,5.2857,5.2857,9.0553,0.9025,0.3863,9.3042,1.8546,0.6561,3.8796,0.7733,0.3595,0.9406,0.3585,3.6919,0.3851,0.2318,373,0.0115,0.1827,0.0508,0.8983,0.0508,59,277,0.0809,2.4674,9.3898,5.0364,4.9464,8.2337,0.8769,0.3904,8.3051,1.7690,0.6454,3.8607,0.8223,0.3824,0.8801,0.3567,3.4511,0.3475,0.2282,310,0.0095,0.1827,0.0678,0.8814,0.0508,-19,-0.0056,-0.1566,-0.6441,-0.2494,-0.3393,-0.8216,-0.0256,0.0040,-0.9992,-0.0856,-0.0107,-0.0189,0.0490,0.0229,-0.0605,-0.0018,-0.2408,-0.0375,-0.0036,-63,-0.0019,-0.0001,0.0169,-0.0169,0,276,1,20,3125,0.9324,0.9997,0.0003,0.0676,0.9964,0.9324,0.9634,0.9606,0.9321,0.9293,11,30,0,10,1,10
7,WLNM_dir_neg_kfold,0.6456,0.5348,00:00:05,10,90,7,13352,fixed,0.5000,0.8462,0.3667,0.5116,11,2,19,58,0.3667,0.9667,0.0333,0.6333,0.8462,0.3667,0.5116,0.7667,0.6185,0.3883,0.4470,0.3333,298,268,30,0,298,0,268,0,30,59,296,0.0865,2.6240,10.0339,5.2857,5.2857,9.0553,0.9025,0.3863,9.3042,1.8546,0.6561,3.8796,0.7733,0.3595,0.9406,0.3585,3.6919,0.3851,0.2318,373,0.0115,0.1827,0.0508,0.8983,0.0508,59,279,0.0815,2.4792,9.4576,5.0727,4.8947,8.2823,0.8757,0.3879,8.3000,1.7552,0.6442,3.8319,0.8103,0.3747,0.8960,0.3614,3.4889,0.3455,0.2276,310,0.0095,0.1826,0.0678,0.8983,0.0339,-17,-0.0050,-0.1449,-0.5763,-0.2130,-0.3910,-0.7730,-0.0267,0.0016,-1.0042,-0.0994,-0.0119,-0.0477,0.0370,0.0152,-0.0446,0.0030,-0.2029,-0.0396,-0.0043,-63,-0.0019,-0.0001,0.0169,0,-0.0169,277,2,19,3124,0.9358,0.9994,0.0006,0.0642,0.9928,0.9358,0.9635,0.9606,0.9352,0.9295,13,30,0,10,1,10
8,WLNM_dir_neg_kfold,0.6556,0.5713,00:00:05,10,90,8,13353,fixed,0.5000,0.7857,0.3667,0.5000,11,3,19,57,0.3667,0.9500,0.0500,0.6333,0.7857,0.3667,0.5000,0.7556,0.6148,0.3654,0.4119,0.3167,298,268,30,0,298,0,268,0,30,59,296,0.0865,2.6240,10.0339,5.2857,5.2857,9.0553,0.9025,0.3863,9.3042,1.8546,0.6561,3.8796,0.7733,0.3595,0.9406,0.3585,3.6919,0.3851,0.2318,373,0.0115,0.1827,0.0508,0.8983,0.0508,59,280,0.0818,2.4988,9.4915,5.0909,5,8.2323,0.8673,0.3884,8.2975,1.7484,0.6435,3.8801,0.8176,0.3816,0.9181,0.3674,3.6414,0.3550,0.2289,313,0.0096,0.1820,0.0678,0.8814,0.0508,-16,-0.0047,-0.1252,-0.5424,-0.1948,-0.2857,-0.8230,-0.0351,0.0021,-1.0068,-0.1062,-0.0126,0.0005,0.0443,0.0221,-0.0225,0.0090,-0.0504,-0.0301,-0.0029,-60,-0.0018,-0.0007,0.0169,-0.0169,0,277,3,19,3123,0.9358,0.9990,0.0010,0.0642,0.9893,0.9358,0.9618,0.9587,0.9349,0.9264,14,30,0,10,1,10
9,WLNM_dir_neg_kfold,0.6569,0.5134,00:00:05,10,90,9,13354,fixed,0.5000,0.7692,0.3333,0.4651,10,3,20,57,0.3333,0.9500,0.0500,0.6667,0.7692,0.3333,0.4651,0.7444,0.6185,0.3301,0.3799,0.2833,298,268,30,0,298,0,268,0,30,59,296,0.0865,2.6240,10.0339,5.2857,5.2857,9.0553,0.9025,0.3863,9.3042,1.8546,0.6561,3.8796,0.7733,0.3595,0.9406,0.3585,3.6919,0.3851,0.2318,373,0.0115,0.1827,0.0508,0.8983,0.0508,59,279,0.0815,3.9552,9.4576,4.9821,4.9821,8.2948,0.8771,0.3920,8.2896,1.7530,0.6373,3.9820,0.8421,0.3878,2.0570,0.5201,7.1569,0.3460,0.2265,310,0.0095,0.1822,0.0508,0.8983,0.0508,-17,-0.0050,1.3312,-0.5763,-0.3036,-0.3036,-0.7605,-0.0254,0.0057,-1.0146,-0.1016,-0.0188,0.1024,0.0688,0.0283,1.1164,0.1616,3.4651,-0.0391,-0.0053,-63,-0.0019,-0.0005,0,0,0,276,3,20,3123,0.9324,0.9990,0.0010,0.0676,0.9892,0.9324,0.9600,0.9568,0.9315,0.9231,13,30,0,10,1,10
10,WLNM_dir_neg_kfold,0.6589,0.5349,00:00:06,10,90,10,13355,fixed,0.5000,0.7857,0.3667,0.5000,11,3,19,57,0.3667,0.9500,0.0500,0.6333,0.7857,0.3667,0.5000,0.7556,0.6148,0.3654,0.4119,0.3167,298,268,30,0,298,0,268,0,30,59,296,0.0865,2.6240,10.0339,5.2857,5.2857,9.0553,0.9025,0.3863,9.3042,1.8546,0.6561,3.8796,0.7733,0.3595,0.9406,0.3585,3.6919,0.3851,0.2318,373,0.0115,0.1827,0.0508,0.8983,0.0508,59,280,0.0818,2.4746,9.4915,5.0909,5,8.1798,0.8618,0.3827,8.2995,1.7488,0.6427,3.8623,0.8138,0.3787,0.8894,0.3594,3.4895,0.3507,0.2280,312,0.0096,0.1813,0.0678,0.8814,0.0508,-16,-0.0047,-0.1494,-0.5424,-0.1948,-0.2857,-0.8755,-0.0407,-0.0036,-1.0047,-0.1057,-0.0134,-0.0174,0.0405,0.0192,-0.0512,0.0010,-0.2023,-0.0344,-0.0038,-61,-0.0019,-0.0014,0.0169,-0.0169,0,277,3,19,3123,0.9358,0.9990,0.0010,0.0642,0.9893,0.9358,0.9618,0.9587,0.9349,0.9264,14,30,0,10,1,10
11,WLNM_dir_neg_kfold,0.5561,0.4525,00:00:06,10,90,11,13356,fixed,0.5000,0.7059,0.4000,0.5106,12,5,18,55,0.4000,0.9167,0.0833,0.6000,0.7059,0.4000,0.5106,0.7444,0.6037,0.3551,0.3814,0.3167,298,268,30,0,298,0,268,0,30,59,296,0.0865,2.6240,10.0339,5.2857,5.2857,9.0553,0.9025,0.3863,9.3042,1.8546,0.6561,3.8796,0.7733,0.3595,0.9406,0.3585,3.6919,0.3851,0.2318,373,0.0115,0.1827,0.0508,0.8983,0.0508,59,283,0.0827,2.8661,9.5932,5.0536,5.0536,8.3089,0.8661,0.3890,8.2979,1.7299,0.6356,4.0034,0.8346,0.3868,1.0469,0.3653,4.3293,0.3510,0.2293,320,0.0098,0.1839,0.0508,0.8983,0.0508,-13,-0.0038,0.2421,-0.4407,-0.2321,-0.2321,-0.7464,-0.0363,0.0027,-1.0064,-0.1246,-0.0205,0.1237,0.0613,0.0273,0.1063,0.0068,0.6374,-0.0341,-0.0025,-53,-0.0016,0.0011,0,0,0,278,5,18,3121,0.9392,0.9984,0.0016,0.0608,0.9823,0.9392,0.9603,0.9569,0.9376,0.9236,17,30,0,10,1,10
12,WLNM_dir_neg_kfold,0.6667,0.5327,00:00:05,10,90,12,13357,fixed,0.5000,0.9091,0.3333,0.4878,10,1,20,59,0.3333,0.9833,0.0167,0.6667,0.9091,0.3333,0.4878,0.7667,0.6259,0.3762,0.4558,0.3167,298,268,30,0,298,0,268,0,30,59,296,0.0865,2.6240,10.0339,5.2857,5.2857,9.0553,0.9025,0.3863,9.3042,1.8546,0.6561,3.8796,0.7733,0.3595,0.9406,0.3585,3.6919,0.3851,0.2318,373,0.0115,0.1827,0.0508,0.8983,0.0508,59,277,0.0809,2.5110,9.3898,5.0364,4.9464,8.2546,0.8791,0.3910,8.2926,1.7663,0.6427,3.8518,0.8204,0.3797,0.9202,0.3665,3.5336,0.3474,0.2271,307,0.0094,0.1818,0.0678,0.8814,0.0508,-19,-0.0056,-0.1130,-0.6441,-0.2494,-0.3393,-0.8007,-0.0234,0.0047,-1.0116,-0.0883,-0.0134,-0.0278,0.0471,0.0203,-0.0204,0.0080,-0.1583,-0.0377,-0.0048,-66,-0.0020,-0.0009,0.0169,-0.0169,0,276,1,20,3125,0.9324,0.9997,0.0003,0.0676,0.9964,0.9324,0.9634,0.9606,0.9321,0.9293,11,30,0,10,1,10
13,WLNM_dir_neg_kfold,0.7478,0.5798,00:00:05,10,90,13,13358,fixed,0.5000,0.7692,0.3333,0.4651,10,3,20,57,0.3333,0.9500,0.0500,0.6667,0.7692,0.3333,0.4651,0.7444,0.6185,0.3301,0.3799,0.2833,298,268,30,0,298,0,268,0,30,59,296,0.0865,2.6240,10.0339,5.2857,5.2857,9.0553,0.9025,0.3863,9.3042,1.8546,0.6561,3.8796,0.7733,0.3595,0.9406,0.3585,3.6919,0.3851,0.2318,373,0.0115,0.1827,0.0508,0.8983,0.0508,59,279,0.0815,2.4910,9.4576,5.0727,4.9821,8.3073,0.8784,0.3921,8.2917,1.7534,0.6418,4.0464,0.8557,0.3875,0.9099,0.3653,3.5903,0.3532,0.2272,314,0.0097,0.1898,0.0678,0.8814,0.0508,-17,-0.0050,-0.1331,-0.5763,-0.2130,-0.3036,-0.7480,-0.0241,0.0058,-1.0125,-0.1011,-0.0143,0.1668,0.0824,0.0280,-0.0308,0.0068,-0.1016,-0.0318,-0.0047,-59,-0.0018,0.0071,0.0169,-0.0169,0,276,3,20,3123,0.9324,0.9990,0.0010,0.0676,0.9892,0.9324,0.9600,0.9568,0.9315,0.9231,13,30,0,10,1,10
14,WLNM_dir_neg_kfold,0.8483,0.7076,00:00:05,10,90,14,13359,fixed,0.5000,0.8462,0.3667,0.5116,11,2,19,58,0.3667,0.9667,0.0333,0.6333,0.8462,0.3667,0.5116,0.7667,0.6185,0.3883,0.4470,0.3333,298,268,30,0,298,0,268,0,30,59,296,0.0865,2.6240,10.0339,5.2857,5.2857,9.0553,0.9025,0.3863,9.3042,1.8546,0.6561,3.8796,0.7733,0.3595,0.9406,0.3585,3.6919,0.3851,0.2318,373,0.0115,0.1827,0.0508,0.8983,0.0508,59,279,0.0815,3.4800,9.4576,4.9821,4.9821,8.2865,0.8762,0.3905,8.2876,1.7526,0.6387,3.9690,0.8393,0.3865,1.1484,0.3300,4.1983,0.3465,0.2255,311,0.0096,0.1791,0.0508,0.8983,0.0508,-17,-0.0050,0.8560,-0.5763,-0.3036,-0.3036,-0.7688,-0.0263,0.0042,-1.0167,-0.1020,-0.0174,0.0894,0.0660,0.0270,0.2078,-0.0285,0.5064,-0.0386,-0.0063,-62,-0.0019,-0.0036,0,0,0,277,2,19,3124,0.9358,0.9994,0.0006,0.0642,0.9928,0.9358,0.9635,0.9606,0.9352,0.9295,13,30,0,10,1,10
15,WLNM_dir_neg_kfold,0.8519,0.6272,00:00:05,10,90,15,13360,fixed,0.5000,0.7857,0.3667,0.5000,11,3,19,57,0.3667,0.9500,0.0500,0.6333,0.7857,0.3667,0.5000,0.7556,0.6148,0.3654,0.4119,0.3167,298,268,30,0,298,0,268,0,30,59,296,0.0865,2.6240,10.0339,5.2857,5.2857,9.0553,0.9025,0.3863,9.3042,1.8546,0.6561,3.8796,0.7733,0.3595,0.9406,0.3585,3.6919,0.3851,0.2318,373,0.0115,0.1827,0.0508,0.8983,0.0508,59,280,0.0818,2.9307,9.4915,5,5,8.2845,0.8728,0.3917,8.2954,1.7480,0.6391,3.9896,0.8407,0.3883,1.1928,0.4070,4.1701,0.3515,0.2303,317,0.0098,0.1792,0.0508,0.8983,0.0508,-16,-0.0047,0.3067,-0.5424,-0.2857,-0.2857,-0.7708,-0.0296,0.0054,-1.0088,-0.1066,-0.0170,0.1100,0.0674,0.0288,0.2522,0.0485,0.4782,-0.0336,-0.0015,-56,-0.0017,-0.0035,0,0,0,277,3,19,3123,0.9358,0.9990,0.0010,0.0642,0.9893,0.9358,0.9618,0.9587,0.9349,0.9264,14,30,0,10,1,10
16,WLNM_dir_neg_kfold,0.6061,0.5334,00:00:05,10,90,16,13361,fixed,0.5000,0.8333,0.3333,0.4762,10,2,20,58,0.3333,0.9667,0.0333,0.6667,0.8333,0.3333,0.4762,0.7556,0.6222,0.3529,0.4160,0.3000,298,268,30,0,298,0,268,0,30,59,296,0.0865,2.6240,10.0339,5.2857,5.2857,9.0553,0.9025,0.3863,9.3042,1.8546,0.6561,3.8796,0.7733,0.3595,0.9406,0.3585,3.6919,0.3851,0.2318,373,0.0115,0.1827,0.0508,0.8983,0.0508,59,278,0.0812,1,9.4237,4.9643,4.9643,8.2425,0.8746,0.3890,8.2859,1.7585,0.6381,3.8821,0.8239,0.3843,0,0,0,0.3457,0.2263,307,0.0094,0.1747,0.0508,0.8983,0.0508,-18,-0.0053,-1.6240,-0.6102,-0.3214,-0.3214,-0.8129,-0.0278,0.0027,-1.0183,-0.0960,-0.0180,0.0025,0.0506,0.0249,-0.9406,-0.3585,-3.6919,-0.0394,-0.0055,-66,-0.0020,-0.0080,0,0,0,276,2,20,3124,0.9324,0.9994,0.0006,0.0676,0.9928,0.9324,0.9617,0.9587,0.9318,0.9262,12,30,0,10,1,10
17,WLNM_dir_neg_kfold,0.8994,0.7711,00:00:05,10,90,17,13362,fixed,0.5000,0.8125,0.4333,0.5652,13,3,17,57,0.4333,0.9500,0.0500,0.5667,0.8125,0.4333,0.5652,0.7778,0.6074,0.4340,0.4726,0.3833,298,268,30,0,298,0,268,0,30,59,296,0.0865,2.6240,10.0339,5.2857,5.2857,9.0553,0.9025,0.3863,9.3042,1.8546,0.6561,3.8796,0.7733,0.3595,0.9406,0.3585,3.6919,0.3851,0.2318,373,0.0115,0.1827,0.0508,0.8983,0.0508,59,282,0.0824,2.6672,9.5593,5.0357,5.0357,8.2342,0.8614,0.3847,8.2901,1.7345,0.6372,3.8955,0.8150,0.3750,0.9769,0.3663,3.7793,0.3603,0.2321,320,0.0098,0.1780,0.0508,0.8983,0.0508,-14,-0.0041,0.0431,-0.4746,-0.2500,-0.2500,-0.8211,-0.0411,-0.0017,-1.0141,-0.1201,-0.0189,0.0159,0.0417,0.0156,0.0363,0.0078,0.0875,-0.0248,0.0002,-53,-0.0016,-0.0047,0,0,0,279,3,17,3123,0.9426,0.9990,0.0010,0.0574,0.9894,0.9426,0.9654,0.9625,0.9416,0.9331,16,30,0,10,1,10
18,WLNM_dir_neg_kfold,0.8594,0.6629,00:00:05,10,90,18,13363,fixed,0.5000,0.7333,0.3667,0.4889,11,4,19,56,0.3667,0.9333,0.0667,0.6333,0.7333,0.3667,0.4889,0.7444,0.6111,0.3429,0.3795,0.3000,298,268,30,0,298,0,268,0,30,59,296,0.0865,2.6240,10.0339,5.2857,5.2857,9.0553,0.9025,0.3863,9.3042,1.8546,0.6561,3.8796,0.7733,0.3595,0.9406,0.3585,3.6919,0.3851,0.2318,373,0.0115,0.1827,0.0508,0.8983,0.0508,59,281,0.0821,2.4549,9.5254,5.1091,4.9298,8.3322,0.8747,0.3903,8.3156,1.7460,0.6423,3.8611,0.8107,0.3770,0.8565,0.3489,3.4728,0.3455,0.2284,315,0.0097,0.1813,0.0678,0.8983,0.0339,-15,-0.0044,-0.1691,-0.5085,-0.1766,-0.3559,-0.7231,-0.0277,0.0039,-0.9886,-0.1086,-0.0138,-0.0185,0.0374,0.0175,-0.0841,-0.0096,-0.2191,-0.0396,-0.0034,-58,-0.0018,-0.0014,0.0169,0,-0.0169,277,4,19,3122,0.9358,0.9987,0.0013,0.0642,0.9858,0.9358,0.9601,0.9569,0.9345,0.9233,15,30,0,10,1,10
19,WLNM_dir_neg_kfold,0.7986,0.6293,00:00:05,10,90,19,13364,fixed,0.5000,0.7692,0.3333,0.4651,10,3,20,57,0.3333,0.9500,0.0500,0.6667,0.7692,0.3333,0.4651,0.7444,0.6185,0.3301,0.3799,0.2833,298,268,30,0,298,0,268,0,30,59,296,0.0865,2.6240,10.0339,5.2857,5.2857,9.0553,0.9025,0.3863,9.3042,1.8546,0.6561,3.8796,0.7733,0.3595,0.9406,0.3585,3.6919,0.3851,0.2318,373,0.0115,0.1827,0.0508,0.8983,0.0508,59,279,0.0815,2.5238,9.4576,5.0727,4.9821,8.3114,0.8788,0.3923,8.3125,1.7578,0.6432,3.8499,0.8141,0.3791,0.9125,0.3615,3.5154,0.3491,0.2293,315,0.0097,0.1755,0.0678,0.8814,0.0508,-17,-0.0050,-0.1002,-0.5763,-0.2130,-0.3036,-0.7439,-0.0237,0.0060,-0.9917,-0.0967,-0.0129,-0.0297,0.0408,0.0196,-0.0281,0.0031,-0.1764,-0.0360,-0.0026,-58,-0.0018,-0.0072,0.0169,-0.0169,0,276,3,20,3123,0.9324,0.9990,0.0010,0.0676,0.9892,0.9324,0.9600,0.9568,0.9315,0.9231,13,30,0,10,1,10
20,WLNM_dir_neg_kfold,0.8631,0.7283,00:00:05,10,90,20,13365,fixed,0.5000,0.8571,0.4000,0.5455,12,2,18,58,0.4000,0.9667,0.0333,0.6000,0.8571,0.4000,0.5455,0.7778,0.6148,0.4231,0.4769,0.3667,298,268,30,0,298,0,268,0,30,59,296,0.0865,2.6240,10.0339,5.2857,5.2857,9.0553,0.9025,0.3863,9.3042,1.8546,0.6561,3.8796,0.7733,0.3595,0.9406,0.3585,3.6919,0.3851,0.2318,373,0.0115,0.1827,0.0508,0.8983,0.0508,59,280,0.0818,2.6387,9.4915,5,4.9123,8.2302,0.8671,0.3880,8.3037,1.7497,0.6393,3.8934,0.8204,0.3793,0.9439,0.3577,3.6914,0.3535,0.2303,317,0.0098,0.1805,0.0508,0.9153,0.0339,-16,-0.0047,0.0147,-0.5424,-0.2857,-0.3734,-0.8251,-0.0354,0.0017,-1.0005,-0.1049,-0.0167,0.0138,0.0471,0.0198,0.0033,-0.0007,-0.0005,-0.0316,-0.0015,-56,-0.0017,-0.0022,0,0.0169,-0.0169,278,2,18,3124,0.9392,0.9994,0.0006,0.0608,0.9929,0.9392,0.9653,0.9625,0.9385,0.9329,14,30,0,10,1,10
21,WLNM_dir_neg_kfold,0.7481,0.6973,00:00:05,10,90,1,14346,fixed,0.5000,1,0.4333,0.6047,13,0,17,60,0.4333,1,0,0.5667,1,0.4333,0.6047,0.8111,0.6185,0.5049,0.5811,0.4333,298,268,30,0,298,0,268,0,30,59,296,0.0865,2.6240,10.0339,5.2857,5.2857,9.0553,0.9025,0.3863,9.3042,1.8546,0.6561,3.8796,0.7733,0.3595,0.9406,0.3585,3.6919,0.3851,0.2318,373,0.0115,0.1827,0.0508,0.8983,0.0508,59,279,0.0815,2.6501,9.4576,4.9821,4.9821,8.5001,0.8988,0.3875,8.8119,1.8634,0.6562,3.6000,0.7613,0.3632,0.9568,0.3610,4.0428,0.3645,0.2173,310,0.0095,0.1676,0.0508,0.8983,0.0508,-17,-0.0050,0.0261,-0.5763,-0.3036,-0.3036,-0.5552,-0.0037,0.0012,-0.4923,0.0089,0.0001,-0.2797,-0.0120,0.0037,0.0162,0.0026,0.3509,-0.0206,-0.0145,-63,-0.0019,-0.0151,0,0,0,279,0,17,3126,0.9426,1,0,0.0574,1,0.9426,0.9704,0.9682,0.9426,0.9426,13,30,0,10,2,10
22,WLNM_dir_neg_kfold,0.7928,0.7496,00:00:05,10,90,2,14347,fixed,0.5000,0.9412,0.5333,0.6809,16,1,14,59,0.5333,0.9833,0.0167,0.4667,0.9412,0.5333,0.6809,0.8333,0.6037,0.5794,0.6222,0.5167,298,268,30,0,298,0,268,0,30,59,296,0.0865,2.6240,10.0339,5.2857,5.2857,9.0553,0.9025,0.3863,9.3042,1.8546,0.6561,3.8796,0.7733,0.3595,0.9406,0.3585,3.6919,0.3851,0.2318,373,0.0115,0.1827,0.0508,0.8983,0.0508,59,283,0.0827,2.6221,9.5932,5.0536,5.0536,8.4957,0.8856,0.3811,8.7804,1.8305,0.6461,3.7955,0.7913,0.3643,0.9324,0.3556,3.7251,0.3557,0.2102,305,0.0094,0.1765,0.0508,0.8983,0.0508,-13,-0.0038,-0.0019,-0.4407,-0.2321,-0.2321,-0.5596,-0.0169,-0.0052,-0.5238,-0.0240,-0.0100,-0.0841,0.0180,0.0048,-0.0082,-0.0029,0.0332,-0.0294,-0.0216,-68,-0.0021,-0.0062,0,0,0,282,1,14,3125,0.9527,0.9997,0.0003,0.0473,0.9965,0.9527,0.9741,0.9720,0.9524,0.9495,17,30,0,10,2,10
23,WLNM_dir_neg_kfold,0.7872,0.6274,00:00:05,10,90,3,14348,fixed,0.5000,0.8235,0.4667,0.5957,14,3,16,57,0.4667,0.9500,0.0500,0.5333,0.8235,0.4667,0.5957,0.7889,0.6037,0.4673,0.5018,0.4167,298,268,30,0,298,0,268,0,30,59,296,0.0865,2.6240,10.0339,5.2857,5.2857,9.0553,0.9025,0.3863,9.3042,1.8546,0.6561,3.8796,0.7733,0.3595,0.9406,0.3585,3.6919,0.3851,0.2318,373,0.0115,0.1827,0.0508,0.8983,0.0508,59,283,0.0827,2.6376,9.5932,5.0536,4.9649,8.5624,0.8925,0.3837,8.8000,1.8346,0.6489,3.7036,0.7721,0.3585,0.9438,0.3578,3.7740,0.3599,0.2126,307,0.0094,0.1732,0.0508,0.9153,0.0339,-13,-0.0038,0.0136,-0.4407,-0.2321,-0.3208,-0.4929,-0.0099,-0.0027,-0.5042,-0.0199,-0.0072,-0.1760,-0.0012,-0.0010,0.0032,-0.0006,0.0822,-0.0252,-0.0193,-66,-0.0020,-0.0095,0,0.0169,-0.0169,280,3,16,3123,0.9459,0.9990,0.0010,0.0541,0.9894,0.9459,0.9672,0.9644,0.9450,0.9365,17,30,0,10,2,10
24,WLNM_dir_neg_kfold,0.8542,0.7121,00:00:05,10,90,4,14349,fixed,0.5000,0.8889,0.5333,0.6667,16,2,14,58,0.5333,0.9667,0.0333,0.4667,0.8889,0.5333,0.6667,0.8222,0.6000,0.5556,0.5893,0.5000,298,268,30,0,298,0,268,0,30,59,296,0.0865,2.6240,10.0339,5.2857,5.2857,9.0553,0.9025,0.3863,9.3042,1.8546,0.6561,3.8796,0.7733,0.3595,0.9406,0.3585,3.6919,0.3851,0.2318,373,0.0115,0.1827,0.0508,0.8983,0.0508,59,284,0.0830,2.6295,9.6271,5.0714,5.0714,8.5800,0.8912,0.3871,8.8483,1.8382,0.6529,3.7300,0.7749,0.3626,0.9314,0.3542,3.7746,0.3718,0.2269,333,0.0102,0.1754,0.0508,0.8983,0.0508,-12,-0.0035,0.0054,-0.4068,-0.2143,-0.2143,-0.4753,-0.0112,0.0008,-0.4559,-0.0164,-0.0032,-0.1496,0.0016,0.0031,-0.0092,-0.0042,0.0827,-0.0132,-0.0049,-40,-0.0012,-0.0073,0,0,0,282,2,14,3124,0.9527,0.9994,0.0006,0.0473,0.9930,0.9527,0.9724,0.9701,0.9521,0.9463,18,30,0,10,2,10
25,WLNM_dir_neg_kfold,0.7461,0.6116,00:00:05,10,90,5,14350,fixed,0.5000,0.8235,0.4667,0.5957,14,3,16,57,0.4667,0.9500,0.0500,0.5333,0.8235,0.4667,0.5957,0.7889,0.6037,0.4673,0.5018,0.4167,298,268,30,0,298,0,268,0,30,59,296,0.0865,2.6240,10.0339,5.2857,5.2857,9.0553,0.9025,0.3863,9.3042,1.8546,0.6561,3.8796,0.7733,0.3595,0.9406,0.3585,3.6919,0.3851,0.2318,373,0.0115,0.1827,0.0508,0.8983,0.0508,59,283,0.0827,2.7232,9.5932,4.9649,5.0536,8.5200,0.8881,0.3831,8.7745,1.8293,0.6407,3.8497,0.8026,0.3657,0.9663,0.3549,3.9595,0.3635,0.2124,309,0.0095,0.1778,0.0339,0.9153,0.0508,-13,-0.0038,0.0991,-0.4407,-0.3208,-0.2321,-0.5353,-0.0143,-0.0033,-0.5297,-0.0252,-0.0154,-0.0299,0.0293,0.0062,0.0257,-0.0036,0.2676,-0.0216,-0.0194,-64,-0.0020,-0.0049,-0.0169,0.0169,0,280,3,16,3123,0.9459,0.9990,0.0010,0.0541,0.9894,0.9459,0.9672,0.9644,0.9450,0.9365,17,30,0,10,2,10
26,WLNM_dir_neg_kfold,0.7539,0.7061,00:00:05,10,90,6,14351,fixed,0.5000,0.9375,0.5000,0.6522,15,1,15,59,0.5000,0.9833,0.0167,0.5000,0.9375,0.5000,0.6522,0.8222,0.6074,0.5472,0.5959,0.4833,298,268,30,0,298,0,268,0,30,59,296,0.0865,2.6240,10.0339,5.2857,5.2857,9.0553,0.9025,0.3863,9.3042,1.8546,0.6561,3.8796,0.7733,0.3595,0.9406,0.3585,3.6919,0.3851,0.2318,373,0.0115,0.1827,0.0508,0.8983,0.0508,59,282,0.0824,2.6584,9.5593,5.0357,5.0357,8.4818,0.8873,0.3800,8.7849,1.8380,0.6476,3.7235,0.7790,0.3601,0.9436,0.3550,3.7311,0.3655,0.2129,307,0.0094,0.1721,0.0508,0.8983,0.0508,-14,-0.0041,0.0344,-0.4746,-0.2500,-0.2500,-0.5736,-0.0152,-0.0063,-0.5193,-0.0166,-0.0085,-0.1561,0.0057,0.0007,0.0030,-0.0035,0.0392,-0.0196,-0.0189,-66,-0.0020,-0.0106,0,0,0,281,1,15,3125,0.9493,0.9997,0.0003,0.0507,0.9965,0.9493,0.9723,0.9701,0.9490,0.9461,16,30,0,10,2,10
27,WLNM_dir_neg_kfold,0.6717,0.5536,00:00:05,10,90,7,14352,fixed,0.5000,0.7778,0.4667,0.5833,14,4,16,56,0.4667,0.9333,0.0667,0.5333,0.7778,0.4667,0.5833,0.7778,0.6000,0.4444,0.4714,0.4000,298,268,30,0,298,0,268,0,30,59,296,0.0865,2.6240,10.0339,5.2857,5.2857,9.0553,0.9025,0.3863,9.3042,1.8546,0.6561,3.8796,0.7733,0.3595,0.9406,0.3585,3.6919,0.3851,0.2318,373,0.0115,0.1827,0.0508,0.8983,0.0508,59,284,0.0830,16.8030,9.6271,4.8966,5.0714,8.5720,0.8904,0.3856,8.8034,1.8289,0.6387,3.7254,0.7739,0.3607,2.8374,0.1689,18,0.3732,0.2122,310,0.0095,0.1669,0.0169,0.9322,0.0508,-12,-0.0035,14.1790,-0.4068,-0.3892,-0.2143,-0.4833,-0.0121,-0.0007,-0.5009,-0.0257,-0.0174,-0.1542,0.0006,0.0012,1.8968,-0.1896,14.3081,-0.0119,-0.0196,-63,-0.0019,-0.0158,-0.0339,0.0339,0,280,4,16,3122,0.9459,0.9987,0.0013,0.0541,0.9859,0.9459,0.9655,0.9626,0.9447,0.9333,18,30,0,10,2,10
28,WLNM_dir_neg_kfold,0.8733,0.7549,00:00:05,10,90,8,14353,fixed,0.5000,0.7647,0.4333,0.5532,13,4,17,56,0.4333,0.9333,0.0667,0.5667,0.7647,0.4333,0.5532,0.7667,0.6037,0.4112,0.4416,0.3667,298,268,30,0,298,0,268,0,30,59,296,0.0865,2.6240,10.0339,5.2857,5.2857,9.0553,0.9025,0.3863,9.3042,1.8546,0.6561,3.8796,0.7733,0.3595,0.9406,0.3585,3.6919,0.3851,0.2318,373,0.0115,0.1827,0.0508,0.8983,0.0508,59,283,0.0827,2.6409,9.5932,5.0536,5.0536,8.6206,0.8986,0.3852,8.8625,1.8477,0.6473,3.9295,0.8192,0.3722,0.9562,0.3621,4.0504,0.3945,0.2195,323,0.0099,0.1728,0.0508,0.8983,0.0508,-13,-0.0038,0.0169,-0.4407,-0.2321,-0.2321,-0.4347,-0.0039,-0.0011,-0.4417,-0.0069,-0.0088,0.0498,0.0459,0.0127,0.0155,0.0036,0.3585,0.0094,-0.0123,-50,-0.0015,-0.0099,0,0,0,279,4,17,3122,0.9426,0.9987,0.0013,0.0574,0.9859,0.9426,0.9637,0.9607,0.9413,0.9300,17,30,0,10,2,10
29,WLNM_dir_neg_kfold,0.8036,0.6422,00:00:05,10,90,9,14354,fixed,0.5000,0.8125,0.4333,0.5652,13,3,17,57,0.4333,0.9500,0.0500,0.5667,0.8125,0.4333,0.5652,0.7778,0.6074,0.4340,0.4726,0.3833,298,268,30,0,298,0,268,0,30,59,296,0.0865,2.6240,10.0339,5.2857,5.2857,9.0553,0.9025,0.3863,9.3042,1.8546,0.6561,3.8796,0.7733,0.3595,0.9406,0.3585,3.6919,0.3851,0.2318,373,0.0115,0.1827,0.0508,0.8983,0.0508,59,282,0.0824,2.6509,9.5593,5.0357,5.0357,8.4858,0.8877,0.3838,8.8065,1.8425,0.6507,3.6769,0.7693,0.3619,0.9423,0.3555,3.7698,0.3576,0.2121,306,0.0094,0.1708,0.0508,0.8983,0.0508,-14,-0.0041,0.0268,-0.4746,-0.2500,-0.2500,-0.5695,-0.0148,-0.0025,-0.4978,-0.0121,-0.0054,-0.2027,-0.0040,0.0025,0.0016,-0.0030,0.0780,-0.0275,-0.0198,-67,-0.0021,-0.0119,0,0,0,279,3,17,3123,0.9426,0.9990,0.0010,0.0574,0.9894,0.9426,0.9654,0.9625,0.9416,0.9331,16,30,0,10,2,10
30,WLNM_dir_neg_kfold,0.8950,0.7209,00:00:05,10,90,10,14355,fixed,0.5000,0.9286,0.4333,0.5909,13,1,17,59,0.4333,0.9833,0.0167,0.5667,0.9286,0.4333,0.5909,0.8000,0.6148,0.4808,0.5419,0.4167,298,268,30,0,298,0,268,0,30,59,296,0.0865,2.6240,10.0339,5.2857,5.2857,9.0553,0.9025,0.3863,9.3042,1.8546,0.6561,3.8796,0.7733,0.3595,0.9406,0.3585,3.6919,0.3851,0.2318,373,0.0115,0.1827,0.0508,0.8983,0.0508,59,280,0.0818,2.6451,9.4915,5,5,8.5306,0.8988,0.3887,8.8134,1.8571,0.6561,3.6794,0.7753,0.3654,0.9526,0.3601,4.0270,0.3707,0.2199,316,0.0097,0.1696,0.0508,0.8983,0.0508,-16,-0.0047,0.0211,-0.5424,-0.2857,-0.2857,-0.5247,-0.0037,0.0023,-0.4909,0.0025,-0.0000,-0.2003,0.0020,0.0059,0.0120,0.0017,0.3352,-0.0144,-0.0120,-57,-0.0018,-0.0131,0,0,0,279,1,17,3125,0.9426,0.9997,0.0003,0.0574,0.9964,0.9426,0.9688,0.9663,0.9422,0.9394,14,30,0,10,2,10
31,WLNM_dir_neg_kfold,0.7444,0.6328,00:00:05,10,90,11,14356,fixed,0.5000,0.9333,0.4667,0.6222,14,1,16,59,0.4667,0.9833,0.0167,0.5333,0.9333,0.4667,0.6222,0.8111,0.6111,0.5143,0.5692,0.4500,298,268,30,0,298,0,268,0,30,59,296,0.0865,2.6240,10.0339,5.2857,5.2857,9.0553,0.9025,0.3863,9.3042,1.8546,0.6561,3.8796,0.7733,0.3595,0.9406,0.3585,3.6919,0.3851,0.2318,373,0.0115,0.1827,0.0508,0.8983,0.0508,59,281,0.0821,2.6267,9.5254,5.0179,5.0179,8.4718,0.8894,0.3816,8.7913,1.8459,0.6501,3.6688,0.7703,0.3613,0.9284,0.3534,3.6900,0.3631,0.2126,305,0.0094,0.1754,0.0508,0.8983,0.0508,-15,-0.0044,0.0026,-0.5085,-0.2679,-0.2679,-0.5836,-0.0131,-0.0047,-0.5129,-0.0087,-0.0060,-0.2108,-0.0030,0.0018,-0.0122,-0.0050,-0.0018,-0.0220,-0.0192,-68,-0.0021,-0.0073,0,0,0,280,1,16,3125,0.9459,0.9997,0.0003,0.0541,0.9964,0.9459,0.9705,0.9682,0.9456,0.9428,15,30,0,10,2,10
32,WLNM_dir_neg_kfold,0.8633,0.7379,00:00:05,10,90,12,14357,fixed,0.5000,0.8824,0.5000,0.6383,15,2,15,58,0.5000,0.9667,0.0333,0.5000,0.8824,0.5000,0.6383,0.8111,0.6037,0.5234,0.5620,0.4667,298,268,30,0,298,0,268,0,30,59,296,0.0865,2.6240,10.0339,5.2857,5.2857,9.0553,0.9025,0.3863,9.3042,1.8546,0.6561,3.8796,0.7733,0.3595,0.9406,0.3585,3.6919,0.3851,0.2318,373,0.0115,0.1827,0.0508,0.8983,0.0508,59,283,0.0827,2.6518,9.5932,5.0536,5.0536,8.4997,0.8860,0.3812,8.8020,1.8350,0.6492,3.6709,0.7653,0.3590,0.9421,0.3553,3.8438,0.3593,0.2201,319,0.0098,0.1705,0.0508,0.8983,0.0508,-13,-0.0038,0.0278,-0.4407,-0.2321,-0.2321,-0.5556,-0.0165,-0.0051,-0.5022,-0.0195,-0.0069,-0.2088,-0.0080,-0.0005,0.0015,-0.0032,0.1520,-0.0257,-0.0118,-54,-0.0017,-0.0122,0,0,0,281,2,15,3124,0.9493,0.9994,0.0006,0.0507,0.9929,0.9493,0.9706,0.9682,0.9487,0.9430,17,30,0,10,2,10
33,WLNM_dir_neg_kfold,0.8622,0.7576,00:00:05,10,90,13,14358,fixed,0.5000,0.9333,0.4667,0.6222,14,1,16,59,0.4667,0.9833,0.0167,0.5333,0.9333,0.4667,0.6222,0.8111,0.6111,0.5143,0.5692,0.4500,298,268,30,0,298,0,268,0,30,59,296,0.0865,2.6240,10.0339,5.2857,5.2857,9.0553,0.9025,0.3863,9.3042,1.8546,0.6561,3.8796,0.7733,0.3595,0.9406,0.3585,3.6919,0.3851,0.2318,373,0.0115,0.1827,0.0508,0.8983,0.0508,59,281,0.0821,2.6323,9.5254,5.0179,5.0179,8.4840,0.8907,0.3831,8.8109,1.8500,0.6520,3.6499,0.7664,0.3595,0.9378,0.3563,3.7712,0.3593,0.2130,306,0.0094,0.1740,0.0508,0.8983,0.0508,-15,-0.0044,0.0083,-0.5085,-0.2679,-0.2679,-0.5713,-0.0118,-0.0033,-0.4933,-0.0046,-0.0041,-0.2297,-0.0069,0.0000,-0.0028,-0.0022,0.0794,-0.0258,-0.0188,-67,-0.0021,-0.0087,0,0,0,280,1,16,3125,0.9459,0.9997,0.0003,0.0541,0.9964,0.9459,0.9705,0.9682,0.9456,0.9428,15,30,0,10,2,10
34,WLNM_dir_neg_kfold,0.7972,0.7117,00:00:06,10,90,14,14359,fixed,0.5000,0.8667,0.4333,0.5778,13,2,17,58,0.4333,0.9667,0.0333,0.5667,0.8667,0.4333,0.5778,0.7889,0.6111,0.4571,0.5060,0.4000,298,268,30,0,298,0,268,0,30,59,296,0.0865,2.6240,10.0339,5.2857,5.2857,9.0553,0.9025,0.3863,9.3042,1.8546,0.6561,3.8796,0.7733,0.3595,0.9406,0.3585,3.6919,0.3851,0.2318,373,0.0115,0.1827,0.0508,0.8983,0.0508,59,281,0.0821,3.0527,9.5254,4.9298,5.0179,8.4962,0.8919,0.3840,8.7874,1.8450,0.6459,3.6735,0.7713,0.3624,1.2538,0.4107,4.6279,0.3638,0.2134,307,0.0094,0.1649,0.0339,0.9153,0.0508,-15,-0.0044,0.4287,-0.5085,-0.3559,-0.2679,-0.5592,-0.0105,-0.0024,-0.5168,-0.0095,-0.0102,-0.2061,-0.0020,0.0029,0.3131,0.0522,0.9360,-0.0213,-0.0184,-66,-0.0020,-0.0178,-0.0169,0.0169,0,279,2,17,3124,0.9426,0.9994,0.0006,0.0574,0.9929,0.9426,0.9671,0.9644,0.9419,0.9362,15,30,0,10,2,10
35,WLNM_dir_neg_kfold,0.8644,0.7171,00:00:05,10,90,15,14360,fixed,0.5000,0.8824,0.5000,0.6383,15,2,15,58,0.5000,0.9667,0.0333,0.5000,0.8824,0.5000,0.6383,0.8111,0.6037,0.5234,0.5620,0.4667,298,268,30,0,298,0,268,0,30,59,296,0.0865,2.6240,10.0339,5.2857,5.2857,9.0553,0.9025,0.3863,9.3042,1.8546,0.6561,3.8796,0.7733,0.3595,0.9406,0.3585,3.6919,0.3851,0.2318,373,0.0115,0.1827,0.0508,0.8983,0.0508,59,283,0.0827,2.6229,9.5932,5.0536,5.0536,8.5503,0.8913,0.3849,8.8313,1.8412,0.6503,3.7129,0.7741,0.3610,0.9350,0.3565,3.7559,0.3681,0.2208,322,0.0099,0.1781,0.0508,0.8983,0.0508,-13,-0.0038,-0.0011,-0.4407,-0.2321,-0.2321,-0.5050,-0.0112,-0.0015,-0.4729,-0.0134,-0.0058,-0.1667,0.0008,0.0015,-0.0056,-0.0020,0.0640,-0.0170,-0.0110,-51,-0.0016,-0.0046,0,0,0,281,2,15,3124,0.9493,0.9994,0.0006,0.0507,0.9929,0.9493,0.9706,0.9682,0.9487,0.9430,17,30,0,10,2,10
36,WLNM_dir_neg_kfold,0.7606,0.6515,00:00:05,10,90,16,14361,fixed,0.5000,0.8235,0.4667,0.5957,14,3,16,57,0.4667,0.9500,0.0500,0.5333,0.8235,0.4667,0.5957,0.7889,0.6037,0.4673,0.5018,0.4167,298,268,30,0,298,0,268,0,30,59,296,0.0865,2.6240,10.0339,5.2857,5.2857,9.0553,0.9025,0.3863,9.3042,1.8546,0.6561,3.8796,0.7733,0.3595,0.9406,0.3585,3.6919,0.3851,0.2318,373,0.0115,0.1827,0.0508,0.8983,0.0508,59,283,0.0827,2.6522,9.5932,5.0536,5.0536,8.4672,0.8826,0.3780,8.7765,1.8297,0.6435,3.7544,0.7827,0.3653,0.9342,0.3523,3.7740,0.3542,0.2109,305,0.0094,0.1698,0.0508,0.8983,0.0508,-13,-0.0038,0.0281,-0.4407,-0.2321,-0.2321,-0.5881,-0.0198,-0.0083,-0.5277,-0.0248,-0.0126,-0.1252,0.0094,0.0059,-0.0064,-0.0062,0.0822,-0.0309,-0.0209,-68,-0.0021,-0.0129,0,0,0,280,3,16,3123,0.9459,0.9990,0.0010,0.0541,0.9894,0.9459,0.9672,0.9644,0.9450,0.9365,17,30,0,10,2,10
37,WLNM_dir_neg_kfold,0.9089,0.7917,00:00:05,10,90,17,14362,fixed,0.5000,0.8824,0.5000,0.6383,15,2,15,58,0.5000,0.9667,0.0333,0.5000,0.8824,0.5000,0.6383,0.8111,0.6037,0.5234,0.5620,0.4667,298,268,30,0,298,0,268,0,30,59,296,0.0865,2.6240,10.0339,5.2857,5.2857,9.0553,0.9025,0.3863,9.3042,1.8546,0.6561,3.8796,0.7733,0.3595,0.9406,0.3585,3.6919,0.3851,0.2318,373,0.0115,0.1827,0.0508,0.8983,0.0508,59,283,0.0827,2.6066,9.5932,5.0536,5.0536,8.5220,0.8883,0.3831,8.7883,1.8322,0.6475,3.8046,0.7932,0.3652,0.8911,0.3418,3.7666,0.3591,0.2153,313,0.0096,0.1771,0.0508,0.8983,0.0508,-13,-0.0038,-0.0174,-0.4407,-0.2321,-0.2321,-0.5333,-0.0141,-0.0033,-0.5160,-0.0224,-0.0086,-0.0750,0.0199,0.0057,-0.0496,-0.0166,0.0747,-0.0260,-0.0166,-60,-0.0018,-0.0056,0,0,0,281,2,15,3124,0.9493,0.9994,0.0006,0.0507,0.9929,0.9493,0.9706,0.9682,0.9487,0.9430,17,30,0,10,2,10
38,WLNM_dir_neg_kfold,0.7300,0.5846,00:00:05,10,90,18,14363,fixed,0.5000,0.7778,0.4667,0.5833,14,4,16,56,0.4667,0.9333,0.0667,0.5333,0.7778,0.4667,0.5833,0.7778,0.6000,0.4444,0.4714,0.4000,298,268,30,0,298,0,268,0,30,59,296,0.0865,2.6240,10.0339,5.2857,5.2857,9.0553,0.9025,0.3863,9.3042,1.8546,0.6561,3.8796,0.7733,0.3595,0.9406,0.3585,3.6919,0.3851,0.2318,373,0.0115,0.1827,0.0508,0.8983,0.0508,59,284,0.0830,2.6509,9.6271,5.0714,5.0714,8.5841,0.8917,0.3834,8.8930,1.8475,0.6506,3.6928,0.7672,0.3631,0.9423,0.3555,3.7562,0.3652,0.2137,312,0.0096,0.1704,0.0508,0.8983,0.0508,-12,-0.0035,0.0269,-0.4068,-0.2143,-0.2143,-0.4713,-0.0108,-0.0030,-0.4112,-0.0071,-0.0055,-0.1868,-0.0061,0.0036,0.0017,-0.0030,0.0643,-0.0199,-0.0181,-61,-0.0019,-0.0123,0,0,0,280,4,16,3122,0.9459,0.9987,0.0013,0.0541,0.9859,0.9459,0.9655,0.9626,0.9447,0.9333,18,30,0,10,2,10
39,WLNM_dir_neg_kfold,0.7300,0.5815,00:00:05,10,90,19,14364,fixed,0.5000,0.9333,0.4667,0.6222,14,1,16,59,0.4667,0.9833,0.0167,0.5333,0.9333,0.4667,0.6222,0.8111,0.6111,0.5143,0.5692,0.4500,298,268,30,0,298,0,268,0,30,59,296,0.0865,2.6240,10.0339,5.2857,5.2857,9.0553,0.9025,0.3863,9.3042,1.8546,0.6561,3.8796,0.7733,0.3595,0.9406,0.3585,3.6919,0.3851,0.2318,373,0.0115,0.1827,0.0508,0.8983,0.0508,59,281,0.0821,2.6350,9.5254,5.0179,5.0179,8.5205,0.8945,0.3848,8.8148,1.8508,0.6522,3.6357,0.7634,0.3560,0.9421,0.3575,3.7847,0.3635,0.2149,310,0.0095,0.1739,0.0508,0.8983,0.0508,-15,-0.0044,0.0109,-0.5085,-0.2679,-0.2679,-0.5348,-0.0080,-0.0015,-0.4894,-0.0038,-0.0039,-0.2439,-0.0099,-0.0035,0.0015,-0.0009,0.0928,-0.0216,-0.0169,-63,-0.0019,-0.0088,0,0,0,280,1,16,3125,0.9459,0.9997,0.0003,0.0541,0.9964,0.9459,0.9705,0.9682,0.9456,0.9428,15,30,0,10,2,10
40,WLNM_dir_neg_kfold,0.8183,0.7424,00:00:05,10,90,20,14365,fixed,0.5000,1,0.4667,0.6364,14,0,16,60,0.4667,1,0,0.5333,1,0.4667,0.6364,0.8222,0.6148,0.5385,0.6070,0.4667,298,268,30,0,298,0,268,0,30,59,296,0.0865,2.6240,10.0339,5.2857,5.2857,9.0553,0.9025,0.3863,9.3042,1.8546,0.6561,3.8796,0.7733,0.3595,0.9406,0.3585,3.6919,0.3851,0.2318,373,0.0115,0.1827,0.0508,0.8983,0.0508,59,280,0.0818,2.6340,9.4915,5,5,8.4799,0.8934,0.3832,8.7958,1.8534,0.6515,3.6464,0.7684,0.3593,0.9403,0.3570,3.7740,0.3609,0.2126,304,0.0094,0.1740,0.0508,0.8983,0.0508,-16,-0.0047,0.0100,-0.5424,-0.2857,-0.2857,-0.5754,-0.0091,-0.0031,-0.5085,-0.0012,-0.0046,-0.2332,-0.0050,-0.0002,-0.0003,-0.0015,0.0822,-0.0242,-0.0192,-69,-0.0021,-0.0087,0,0,0,280,0,16,3126,0.9459,1,0,0.0541,1,0.9459,0.9722,0.9701,0.9459,0.9459,14,30,0,10,2,10
41,WLNM_dir_neg_kfold,0.7414,0.6123,00:00:05,10,90,1,15346,fixed,0.5000,0.8571,0.4000,0.5455,12,2,18,58,0.4000,0.9667,0.0333,0.6000,0.8571,0.4000,0.5455,0.7778,0.6148,0.4231,0.4769,0.3667,298,268,30,0,298,0,268,0,30,59,296,0.0865,2.6240,10.0339,5.2857,5.2857,9.0553,0.9025,0.3863,9.3042,1.8546,0.6561,3.8796,0.7733,0.3595,0.9406,0.3585,3.6919,0.3851,0.2318,373,0.0115,0.1827,0.0508,0.8983,0.0508,59,280,0.0818,2.5139,9.4915,5.0909,5,8.4759,0.8930,0.3965,8.5169,1.7946,0.6483,3.9286,0.8278,0.3786,0.8609,0.3424,3.2724,0.3667,0.2268,321,0.0099,0.1918,0.0678,0.8814,0.0508,-16,-0.0047,-0.1101,-0.5424,-0.1948,-0.2857,-0.5794,-0.0095,0.0102,-0.7873,-0.0599,-0.0078,0.0490,0.0545,0.0191,-0.0798,-0.0160,-0.4195,-0.0184,-0.0050,-52,-0.0016,0.0091,0.0169,-0.0169,0,278,2,18,3124,0.9392,0.9994,0.0006,0.0608,0.9929,0.9392,0.9653,0.9625,0.9385,0.9329,14,30,0,10,3,10
42,WLNM_dir_neg_kfold,0.8083,0.6812,00:00:05,10,90,2,15347,fixed,0.5000,0.9286,0.4333,0.5909,13,1,17,59,0.4333,0.9833,0.0167,0.5667,0.9286,0.4333,0.5909,0.8000,0.6148,0.4808,0.5419,0.4167,298,268,30,0,298,0,268,0,30,59,296,0.0865,2.6240,10.0339,5.2857,5.2857,9.0553,0.9025,0.3863,9.3042,1.8546,0.6561,3.8796,0.7733,0.3595,0.9406,0.3585,3.6919,0.3851,0.2318,373,0.0115,0.1827,0.0508,0.8983,0.0508,59,280,0.0818,2.5551,9.4915,5.0909,5,8.5023,0.8958,0.3979,8.5391,1.7993,0.6516,3.8934,0.8204,0.3785,0.9060,0.3546,3.3082,0.3720,0.2312,326,0.0100,0.1916,0.0678,0.8814,0.0508,-16,-0.0047,-0.0689,-0.5424,-0.1948,-0.2857,-0.5530,-0.0067,0.0116,-0.7651,-0.0552,-0.0045,0.0138,0.0471,0.0190,-0.0346,-0.0039,-0.3836,-0.0131,-0.0006,-47,-0.0014,0.0089,0.0169,-0.0169,0,279,1,17,3125,0.9426,0.9997,0.0003,0.0574,0.9964,0.9426,0.9688,0.9663,0.9422,0.9394,14,30,0,10,3,10
43,WLNM_dir_neg_kfold,0.8811,0.7482,00:00:05,10,90,3,15348,fixed,0.5000,0.8667,0.4333,0.5778,13,2,17,58,0.4333,0.9667,0.0333,0.5667,0.8667,0.4333,0.5778,0.7889,0.6111,0.4571,0.5060,0.4000,298,268,30,0,298,0,268,0,30,59,296,0.0865,2.6240,10.0339,5.2857,5.2857,9.0553,0.9025,0.3863,9.3042,1.8546,0.6561,3.8796,0.7733,0.3595,0.9406,0.3585,3.6919,0.3851,0.2318,373,0.0115,0.1827,0.0508,0.8983,0.0508,59,281,0.0821,2.5737,9.5254,5.1091,5.0179,8.4921,0.8915,0.3961,8.5204,1.7890,0.6484,3.9011,0.8191,0.3787,0.9187,0.3570,3.3602,0.3710,0.2308,326,0.0100,0.1915,0.0678,0.8814,0.0508,-15,-0.0044,-0.0503,-0.5085,-0.1766,-0.2679,-0.5632,-0.0110,0.0098,-0.7838,-0.0656,-0.0077,0.0215,0.0458,0.0192,-0.0219,-0.0015,-0.3317,-0.0141,-0.0010,-47,-0.0014,0.0088,0.0169,-0.0169,0,279,2,17,3124,0.9426,0.9994,0.0006,0.0574,0.9929,0.9426,0.9671,0.9644,0.9419,0.9362,15,30,0,10,3,10
44,WLNM_dir_neg_kfold,0.7869,0.6660,00:00:05,10,90,4,15349,fixed,0.5000,0.9286,0.4333,0.5909,13,1,17,59,0.4333,0.9833,0.0167,0.5667,0.9286,0.4333,0.5909,0.8000,0.6148,0.4808,0.5419,0.4167,298,268,30,0,298,0,268,0,30,59,296,0.0865,2.6240,10.0339,5.2857,5.2857,9.0553,0.9025,0.3863,9.3042,1.8546,0.6561,3.8796,0.7733,0.3595,0.9406,0.3585,3.6919,0.3851,0.2318,373,0.0115,0.1827,0.0508,0.8983,0.0508,59,280,0.0818,2.5482,9.4915,5.0909,5,8.4962,0.8951,0.3961,8.5391,1.7993,0.6516,3.8623,0.8138,0.3731,0.8719,0.3422,3.2728,0.3720,0.2312,326,0.0100,0.1860,0.0678,0.8814,0.0508,-16,-0.0047,-0.0759,-0.5424,-0.1948,-0.2857,-0.5591,-0.0073,0.0097,-0.7651,-0.0552,-0.0045,-0.0174,0.0405,0.0136,-0.0687,-0.0163,-0.4191,-0.0131,-0.0006,-47,-0.0014,0.0032,0.0169,-0.0169,0,279,1,17,3125,0.9426,0.9997,0.0003,0.0574,0.9964,0.9426,0.9688,0.9663,0.9422,0.9394,14,30,0,10,3,10
45,WLNM_dir_neg_kfold,0.7786,0.6031,00:00:05,10,90,5,15350,fixed,0.5000,0.7857,0.3667,0.5000,11,3,19,57,0.3667,0.9500,0.0500,0.6333,0.7857,0.3667,0.5000,0.7556,0.6148,0.3654,0.4119,0.3167,298,268,30,0,298,0,268,0,30,59,296,0.0865,2.6240,10.0339,5.2857,5.2857,9.0553,0.9025,0.3863,9.3042,1.8546,0.6561,3.8796,0.7733,0.3595,0.9406,0.3585,3.6919,0.3851,0.2318,373,0.0115,0.1827,0.0508,0.8983,0.0508,59,280,0.0818,2.5271,9.4915,5.0909,5,8.5991,0.9060,0.3988,8.5895,1.8099,0.6523,4.0794,0.8596,0.3809,0.8765,0.3469,3.2937,0.4141,0.2361,339,0.0104,0.1960,0.0678,0.8814,0.0508,-16,-0.0047,-0.0969,-0.5424,-0.1948,-0.2857,-0.4563,0.0035,0.0125,-0.7148,-0.0446,-0.0038,0.1997,0.0863,0.0214,-0.0641,-0.0116,-0.3982,0.0290,0.0043,-34,-0.0010,0.0133,0.0169,-0.0169,0,277,3,19,3123,0.9358,0.9990,0.0010,0.0642,0.9893,0.9358,0.9618,0.9587,0.9349,0.9264,14,30,0,10,3,10
46,WLNM_dir_neg_kfold,0.7547,0.6301,00:00:05,10,90,6,15351,fixed,0.5000,0.9286,0.4333,0.5909,13,1,17,59,0.4333,0.9833,0.0167,0.5667,0.9286,0.4333,0.5909,0.8000,0.6148,0.4808,0.5419,0.4167,298,268,30,0,298,0,268,0,30,59,296,0.0865,2.6240,10.0339,5.2857,5.2857,9.0553,0.9025,0.3863,9.3042,1.8546,0.6561,3.8796,0.7733,0.3595,0.9406,0.3585,3.6919,0.3851,0.2318,373,0.0115,0.1827,0.0508,0.8983,0.0508,59,280,0.0818,2.5707,9.4915,5.0909,5,8.5063,0.8962,0.3976,8.5391,1.7993,0.6516,3.8934,0.8204,0.3785,0.9104,0.3541,3.6186,0.3720,0.2312,326,0.0100,0.1900,0.0678,0.8814,0.0508,-16,-0.0047,-0.0533,-0.5424,-0.1948,-0.2857,-0.5490,-0.0063,0.0113,-0.7651,-0.0552,-0.0045,0.0138,0.0471,0.0190,-0.0302,-0.0043,-0.0733,-0.0131,-0.0006,-47,-0.0014,0.0073,0.0169,-0.0169,0,279,1,17,3125,0.9426,0.9997,0.0003,0.0574,0.9964,0.9426,0.9688,0.9663,0.9422,0.9394,14,30,0,10,3,10
47,WLNM_dir_neg_kfold,0.6794,0.6305,00:00:05,10,90,7,15352,fixed,0.5000,0.8125,0.4333,0.5652,13,3,17,57,0.4333,0.9500,0.0500,0.5667,0.8125,0.4333,0.5652,0.7778,0.6074,0.4340,0.4726,0.3833,298,268,30,0,298,0,268,0,30,59,296,0.0865,2.6240,10.0339,5.2857,5.2857,9.0553,0.9025,0.3863,9.3042,1.8546,0.6561,3.8796,0.7733,0.3595,0.9406,0.3585,3.6919,0.3851,0.2318,373,0.0115,0.1827,0.0508,0.8983,0.0508,59,282,0.0824,2.7143,9.5593,5.0357,4.9474,8.5566,0.8951,0.3970,8.5441,1.7876,0.6486,3.8554,0.8066,0.3694,1.1276,0.4154,4.6458,0.3826,0.2335,336,0.0103,0.1856,0.0508,0.9153,0.0339,-14,-0.0041,0.0903,-0.4746,-0.2500,-0.3383,-0.4987,-0.0074,0.0106,-0.7601,-0.0670,-0.0075,-0.0242,0.0333,0.0099,0.1870,0.0570,0.9539,-0.0025,0.0017,-37,-0.0011,0.0029,0,0.0169,-0.0169,279,3,17,3123,0.9426,0.9990,0.0010,0.0574,0.9894,0.9426,0.9654,0.9625,0.9416,0.9331,16,30,0,10,3,10
48,WLNM_dir_neg_kfold,0.6706,0.5596,00:00:05,10,90,8,15353,fixed,0.5000,0.7647,0.4333,0.5532,13,4,17,56,0.4333,0.9333,0.0667,0.5667,0.7647,0.4333,0.5532,0.7667,0.6037,0.4112,0.4416,0.3667,298,268,30,0,298,0,268,0,30,59,296,0.0865,2.6240,10.0339,5.2857,5.2857,9.0553,0.9025,0.3863,9.3042,1.8546,0.6561,3.8796,0.7733,0.3595,0.9406,0.3585,3.6919,0.3851,0.2318,373,0.0115,0.1827,0.0508,0.8983,0.0508,59,283,0.0827,2.8412,9.5932,5.0536,5.0536,8.4916,0.8852,0.3968,8.5375,1.7799,0.6462,3.8853,0.8100,0.3724,1.0606,0.3733,3.7146,0.3688,0.2320,330,0.0102,0.1857,0.0508,0.8983,0.0508,-13,-0.0038,0.2171,-0.4407,-0.2321,-0.2321,-0.5637,-0.0173,0.0105,-0.7667,-0.0747,-0.0099,0.0057,0.0367,0.0129,0.1200,0.0148,0.0227,-0.0163,0.0002,-43,-0.0013,0.0030,0,0,0,279,4,17,3122,0.9426,0.9987,0.0013,0.0574,0.9859,0.9426,0.9637,0.9607,0.9413,0.9300,17,30,0,10,3,10
49,WLNM_dir_neg_kfold,0.6794,0.6107,00:00:05,10,90,9,15354,fixed,0.5000,0.7647,0.4333,0.5532,13,4,17,56,0.4333,0.9333,0.0667,0.5667,0.7647,0.4333,0.5532,0.7667,0.6037,0.4112,0.4416,0.3667,298,268,30,0,298,0,268,0,30,59,296,0.0865,2.6240,10.0339,5.2857,5.2857,9.0553,0.9025,0.3863,9.3042,1.8546,0.6561,3.8796,0.7733,0.3595,0.9406,0.3585,3.6919,0.3851,0.2318,373,0.0115,0.1827,0.0508,0.8983,0.0508,59,283,0.0827,2.5169,9.5932,5.1455,5.0536,8.5038,0.8864,0.3958,8.5536,1.7833,0.6519,4.0248,0.8391,0.3809,0.8634,0.3430,3.2728,0.3752,0.2337,336,0.0103,0.1960,0.0678,0.8814,0.0508,-13,-0.0038,-0.1071,-0.4407,-0.1403,-0.2321,-0.5515,-0.0160,0.0095,-0.7506,-0.0713,-0.0042,0.1452,0.0658,0.0214,-0.0772,-0.0154,-0.4191,-0.0099,0.0018,-37,-0.0011,0.0133,0.0169,-0.0169,0,279,4,17,3122,0.9426,0.9987,0.0013,0.0574,0.9859,0.9426,0.9637,0.9607,0.9413,0.9300,17,30,0,10,3,10
50,WLNM_dir_neg_kfold,0.6831,0.6464,00:00:05,10,90,10,15355,fixed,0.5000,1,0.4333,0.6047,13,0,17,60,0.4333,1,0,0.5667,1,0.4333,0.6047,0.8111,0.6185,0.5049,0.5811,0.4333,298,268,30,0,298,0,268,0,30,59,296,0.0865,2.6240,10.0339,5.2857,5.2857,9.0553,0.9025,0.3863,9.3042,1.8546,0.6561,3.8796,0.7733,0.3595,0.9406,0.3585,3.6919,0.3851,0.2318,373,0.0115,0.1827,0.0508,0.8983,0.0508,59,279,0.0815,2.5260,9.4576,5.0727,4.9821,8.4798,0.8966,0.3974,8.5457,1.8072,0.6540,3.8722,0.8189,0.3765,0.8686,0.3439,3.2728,0.3720,0.2312,326,0.0100,0.1919,0.0678,0.8814,0.0508,-17,-0.0050,-0.0980,-0.5763,-0.2130,-0.3036,-0.5755,-0.0059,0.0111,-0.7585,-0.0474,-0.0021,-0.0074,0.0456,0.0170,-0.0721,-0.0146,-0.4191,-0.0131,-0.0006,-47,-0.0014,0.0092,0.0169,-0.0169,0,279,0,17,3126,0.9426,1,0,0.0574,1,0.9426,0.9704,0.9682,0.9426,0.9426,13,30,0,10,3,10
51,WLNM_dir_neg_kfold,0.7531,0.6336,00:00:05,10,90,11,15356,fixed,0.5000,0.8667,0.4333,0.5778,13,2,17,58,0.4333,0.9667,0.0333,0.5667,0.8667,0.4333,0.5778,0.7889,0.6111,0.4571,0.5060,0.4000,298,268,30,0,298,0,268,0,30,59,296,0.0865,2.6240,10.0339,5.2857,5.2857,9.0553,0.9025,0.3863,9.3042,1.8546,0.6561,3.8796,0.7733,0.3595,0.9406,0.3585,3.6919,0.3851,0.2318,373,0.0115,0.1827,0.0508,0.8983,0.0508,59,281,0.0821,2.5336,9.5254,5.1091,5.0179,8.4432,0.8864,0.3915,8.5407,1.7932,0.6524,3.8477,0.8079,0.3688,0.8702,0.3435,3.2734,0.3814,0.2323,329,0.0101,0.1889,0.0678,0.8814,0.0508,-15,-0.0044,-0.0905,-0.5085,-0.1766,-0.2679,-0.6121,-0.0161,0.0052,-0.7636,-0.0613,-0.0037,-0.0319,0.0346,0.0093,-0.0705,-0.0150,-0.4185,-0.0037,0.0005,-44,-0.0014,0.0062,0.0169,-0.0169,0,279,2,17,3124,0.9426,0.9994,0.0006,0.0574,0.9929,0.9426,0.9671,0.9644,0.9419,0.9362,15,30,0,10,3,10
52,WLNM_dir_neg_kfold,0.5972,0.4877,00:00:05,10,90,12,15357,fixed,0.5000,0.8462,0.3667,0.5116,11,2,19,58,0.3667,0.9667,0.0333,0.6333,0.8462,0.3667,0.5116,0.7667,0.6185,0.3883,0.4470,0.3333,298,268,30,0,298,0,268,0,30,59,296,0.0865,2.6240,10.0339,5.2857,5.2857,9.0553,0.9025,0.3863,9.3042,1.8546,0.6561,3.8796,0.7733,0.3595,0.9406,0.3585,3.6919,0.3851,0.2318,373,0.0115,0.1827,0.0508,0.8983,0.0508,59,279,0.0815,2.5172,9.4576,5.0727,4.9821,8.4697,0.8955,0.3962,8.5356,1.8050,0.6514,3.9428,0.8338,0.3770,0.8560,0.3401,3.2789,0.3703,0.2281,324,0.0100,0.1972,0.0678,0.8814,0.0508,-17,-0.0050,-0.1068,-0.5763,-0.2130,-0.3036,-0.5857,-0.0069,0.0099,-0.7686,-0.0495,-0.0047,0.0632,0.0605,0.0175,-0.0846,-0.0184,-0.4129,-0.0148,-0.0037,-49,-0.0015,0.0145,0.0169,-0.0169,0,277,2,19,3124,0.9358,0.9994,0.0006,0.0642,0.9928,0.9358,0.9635,0.9606,0.9352,0.9295,13,30,0,10,3,10
53,WLNM_dir_neg_kfold,0.6486,0.5717,00:00:05,10,90,13,15358,fixed,0.5000,0.8125,0.4333,0.5652,13,3,17,57,0.4333,0.9500,0.0500,0.5667,0.8125,0.4333,0.5652,0.7778,0.6074,0.4340,0.4726,0.3833,298,268,30,0,298,0,268,0,30,59,296,0.0865,2.6240,10.0339,5.2857,5.2857,9.0553,0.9025,0.3863,9.3042,1.8546,0.6561,3.8796,0.7733,0.3595,0.9406,0.3585,3.6919,0.3851,0.2318,373,0.0115,0.1827,0.0508,0.8983,0.0508,59,282,0.0824,2.5296,9.5593,5.1273,5.0357,8.5345,0.8928,0.3984,8.5603,1.7910,0.6528,3.9613,0.8288,0.3813,0.8698,0.3438,3.2523,0.3735,0.2323,331,0.0102,0.1906,0.0678,0.8814,0.0508,-14,-0.0041,-0.0944,-0.4746,-0.1584,-0.2500,-0.5209,-0.0097,0.0120,-0.7440,-0.0636,-0.0032,0.0817,0.0555,0.0218,-0.0709,-0.0146,-0.4396,-0.0116,0.0005,-42,-0.0013,0.0079,0.0169,-0.0169,0,279,3,17,3123,0.9426,0.9990,0.0010,0.0574,0.9894,0.9426,0.9654,0.9625,0.9416,0.9331,16,30,0,10,3,10
54,WLNM_dir_neg_kfold,0.7700,0.6191,00:00:05,10,90,14,15359,fixed,0.5000,0.8125,0.4333,0.5652,13,3,17,57,0.4333,0.9500,0.0500,0.5667,0.8125,0.4333,0.5652,0.7778,0.6074,0.4340,0.4726,0.3833,298,268,30,0,298,0,268,0,30,59,296,0.0865,2.6240,10.0339,5.2857,5.2857,9.0553,0.9025,0.3863,9.3042,1.8546,0.6561,3.8796,0.7733,0.3595,0.9406,0.3585,3.6919,0.3851,0.2318,373,0.0115,0.1827,0.0508,0.8983,0.0508,59,282,0.0824,6.9755,9.5593,5.0357,5.0357,8.5102,0.8902,0.3951,8.5300,1.7846,0.6462,3.8688,0.8094,0.3707,4.4383,0.6363,12.8983,0.3856,0.2339,333,0.0102,0.1809,0.0508,0.8983,0.0508,-14,-0.0041,4.3515,-0.4746,-0.2500,-0.2500,-0.5451,-0.0122,0.0088,-0.7742,-0.0699,-0.0099,-0.0108,0.0361,0.0112,3.4977,0.2778,9.2065,0.0005,0.0021,-40,-0.0012,-0.0018,0,0,0,279,3,17,3123,0.9426,0.9990,0.0010,0.0574,0.9894,0.9426,0.9654,0.9625,0.9416,0.9331,16,30,0,10,3,10
55,WLNM_dir_neg_kfold,0.8200,0.7252,00:00:06,10,90,15,15360,fixed,0.5000,0.8667,0.4333,0.5778,13,2,17,58,0.4333,0.9667,0.0333,0.5667,0.8667,0.4333,0.5778,0.7889,0.6111,0.4571,0.5060,0.4000,298,268,30,0,298,0,268,0,30,59,296,0.0865,2.6240,10.0339,5.2857,5.2857,9.0553,0.9025,0.3863,9.3042,1.8546,0.6561,3.8796,0.7733,0.3595,0.9406,0.3585,3.6919,0.3851,0.2318,373,0.0115,0.1827,0.0508,0.8983,0.0508,59,281,0.0821,2.5217,9.5254,5.1091,5.0179,8.4941,0.8917,0.3959,8.5528,1.7958,0.6526,3.8477,0.8079,0.3688,0.8628,0.3421,3.2328,0.3805,0.2324,331,0.0102,0.1917,0.0678,0.8814,0.0508,-15,-0.0044,-0.1023,-0.5085,-0.1766,-0.2679,-0.5612,-0.0107,0.0095,-0.7515,-0.0588,-0.0035,-0.0319,0.0346,0.0093,-0.0778,-0.0163,-0.4591,-0.0046,0.0006,-42,-0.0013,0.0090,0.0169,-0.0169,0,279,2,17,3124,0.9426,0.9994,0.0006,0.0574,0.9929,0.9426,0.9671,0.9644,0.9419,0.9362,15,30,0,10,3,10
56,WLNM_dir_neg_kfold,0.7025,0.6359,00:00:05,10,90,16,15361,fixed,0.5000,0.8667,0.4333,0.5778,13,2,17,58,0.4333,0.9667,0.0333,0.5667,0.8667,0.4333,0.5778,0.7889,0.6111,0.4571,0.5060,0.4000,298,268,30,0,298,0,268,0,30,59,296,0.0865,2.6240,10.0339,5.2857,5.2857,9.0553,0.9025,0.3863,9.3042,1.8546,0.6561,3.8796,0.7733,0.3595,0.9406,0.3585,3.6919,0.3851,0.2318,373,0.0115,0.1827,0.0508,0.8983,0.0508,59,281,0.0821,2.5723,9.5254,5.1091,5.0179,8.5890,0.9017,0.3997,8.6170,1.8093,0.6526,3.9755,0.8347,0.3802,0.9076,0.3528,3.3293,0.4167,0.2453,353,0.0109,0.1901,0.0678,0.8814,0.0508,-15,-0.0044,-0.0517,-0.5085,-0.1766,-0.2679,-0.4663,-0.0008,0.0133,-0.6872,-0.0453,-0.0035,0.0959,0.0614,0.0208,-0.0330,-0.0056,-0.3626,0.0316,0.0135,-20,-0.0006,0.0074,0.0169,-0.0169,0,279,2,17,3124,0.9426,0.9994,0.0006,0.0574,0.9929,0.9426,0.9671,0.9644,0.9419,0.9362,15,30,0,10,3,10
57,WLNM_dir_neg_kfold,0.7644,0.6093,00:00:05,10,90,17,15362,fixed,0.5000,0.8125,0.4333,0.5652,13,3,17,57,0.4333,0.9500,0.0500,0.5667,0.8125,0.4333,0.5652,0.7778,0.6074,0.4340,0.4726,0.3833,298,268,30,0,298,0,268,0,30,59,296,0.0865,2.6240,10.0339,5.2857,5.2857,9.0553,0.9025,0.3863,9.3042,1.8546,0.6561,3.8796,0.7733,0.3595,0.9406,0.3585,3.6919,0.3851,0.2318,373,0.0115,0.1827,0.0508,0.8983,0.0508,59,282,0.0824,2.6103,9.5593,5.0357,5.0357,8.5142,0.8907,0.3967,8.5320,1.7851,0.6459,3.9700,0.8306,0.3823,0.9437,0.3615,3.7060,0.3703,0.2299,327,0.0101,0.1916,0.0508,0.8983,0.0508,-14,-0.0041,-0.0137,-0.4746,-0.2500,-0.2500,-0.5411,-0.0118,0.0104,-0.7722,-0.0695,-0.0102,0.0904,0.0573,0.0228,0.0031,0.0031,0.0141,-0.0148,-0.0019,-46,-0.0014,0.0089,0,0,0,279,3,17,3123,0.9426,0.9990,0.0010,0.0574,0.9894,0.9426,0.9654,0.9625,0.9416,0.9331,16,30,0,10,3,10
58,WLNM_dir_neg_kfold,0.8078,0.6322,00:00:05,10,90,18,15363,fixed,0.5000,0.7647,0.4333,0.5532,13,4,17,56,0.4333,0.9333,0.0667,0.5667,0.7647,0.4333,0.5532,0.7667,0.6037,0.4112,0.4416,0.3667,298,268,30,0,298,0,268,0,30,59,296,0.0865,2.6240,10.0339,5.2857,5.2857,9.0553,0.9025,0.3863,9.3042,1.8546,0.6561,3.8796,0.7733,0.3595,0.9406,0.3585,3.6919,0.3851,0.2318,373,0.0115,0.1827,0.0508,0.8983,0.0508,59,283,0.0827,1,9.5932,5.0536,5.0536,8.5058,0.8866,0.3971,8.5294,1.7782,0.6447,3.9861,0.8310,0.3832,0,0,0,0.3671,0.2304,329,0.0101,0.1855,0.0508,0.8983,0.0508,-13,-0.0038,-1.6240,-0.4407,-0.2321,-0.2321,-0.5495,-0.0158,0.0108,-0.7748,-0.0763,-0.0114,0.1065,0.0577,0.0237,-0.9406,-0.3585,-3.6919,-0.0180,-0.0014,-44,-0.0014,0.0028,0,0,0,279,4,17,3122,0.9426,0.9987,0.0013,0.0574,0.9859,0.9426,0.9637,0.9607,0.9413,0.9300,17,30,0,10,3,10
59,WLNM_dir_neg_kfold,0.8086,0.6966,00:00:06,10,90,19,15364,fixed,0.5000,0.8235,0.4667,0.5957,14,3,16,57,0.4667,0.9500,0.0500,0.5333,0.8235,0.4667,0.5957,0.7889,0.6037,0.4673,0.5018,0.4167,298,268,30,0,298,0,268,0,30,59,296,0.0865,2.6240,10.0339,5.2857,5.2857,9.0553,0.9025,0.3863,9.3042,1.8546,0.6561,3.8796,0.7733,0.3595,0.9406,0.3585,3.6919,0.3851,0.2318,373,0.0115,0.1827,0.0508,0.8983,0.0508,59,283,0.0827,2.5360,9.5932,5.1455,4.9649,8.5644,0.8928,0.3964,8.5436,1.7812,0.6508,3.8853,0.8100,0.3741,0.8836,0.3484,3.3326,0.3730,0.2327,330,0.0102,0.1901,0.0678,0.8983,0.0339,-13,-0.0038,-0.0880,-0.4407,-0.1403,-0.3208,-0.4909,-0.0097,0.0101,-0.7607,-0.0734,-0.0053,0.0057,0.0367,0.0146,-0.0570,-0.0101,-0.3593,-0.0121,0.0008,-43,-0.0013,0.0074,0.0169,0,-0.0169,280,3,16,3123,0.9459,0.9990,0.0010,0.0541,0.9894,0.9459,0.9672,0.9644,0.9450,0.9365,17,30,0,10,3,10
60,WLNM_dir_neg_kfold,0.7831,0.6897,00:00:05,10,90,20,15365,fixed,0.5000,0.8235,0.4667,0.5957,14,3,16,57,0.4667,0.9500,0.0500,0.5333,0.8235,0.4667,0.5957,0.7889,0.6037,0.4673,0.5018,0.4167,298,268,30,0,298,0,268,0,30,59,296,0.0865,2.6240,10.0339,5.2857,5.2857,9.0553,0.9025,0.3863,9.3042,1.8546,0.6561,3.8796,0.7733,0.3595,0.9406,0.3585,3.6919,0.3851,0.2318,373,0.0115,0.1827,0.0508,0.8983,0.0508,59,283,0.0827,2.5057,9.5932,5.1455,5.0536,8.5058,0.8866,0.3957,8.5878,1.7904,0.6528,3.9338,0.8201,0.3773,0.8464,0.3378,3.1721,0.3752,0.2344,337,0.0104,0.1962,0.0678,0.8814,0.0508,-13,-0.0038,-0.1183,-0.4407,-0.1403,-0.2321,-0.5495,-0.0158,0.0094,-0.7164,-0.0642,-0.0033,0.0542,0.0468,0.0178,-0.0942,-0.0207,-0.5198,-0.0099,0.0026,-36,-0.0011,0.0135,0.0169,-0.0169,0,280,3,16,3123,0.9459,0.9990,0.0010,0.0541,0.9894,0.9459,0.9672,0.9644,0.9450,0.9365,17,30,0,10,3,10
61,WLNM_dir_neg_kfold,0.7919,0.7013,00:00:05,10,90,1,16346,fixed,0.5000,0.8571,0.4000,0.5455,12,2,18,58,0.4000,0.9667,0.0333,0.6000,0.8571,0.4000,0.5455,0.7778,0.6148,0.4231,0.4769,0.3667,298,268,30,0,298,0,268,0,30,59,296,0.0865,2.6240,10.0339,5.2857,5.2857,9.0553,0.9025,0.3863,9.3042,1.8546,0.6561,3.8796,0.7733,0.3595,0.9406,0.3585,3.6919,0.3851,0.2318,373,0.0115,0.1827,0.0508,0.8983,0.0508,59,280,0.0818,2.6833,9.4915,5,5,8.6948,0.9161,0.3903,8.8407,1.8629,0.6443,3.9111,0.8241,0.3679,0.9811,0.3656,3.7364,0.3828,0.2148,315,0.0097,0.1805,0.0508,0.8983,0.0508,-16,-0.0047,0.0593,-0.5424,-0.2857,-0.2857,-0.3605,0.0136,0.0040,-0.4635,0.0083,-0.0118,0.0314,0.0508,0.0084,0.0404,0.0071,0.0445,-0.0023,-0.0170,-58,-0.0018,-0.0022,0,0,0,278,2,18,3124,0.9392,0.9994,0.0006,0.0608,0.9929,0.9392,0.9653,0.9625,0.9385,0.9329,14,30,0,10,4,10
62,WLNM_dir_neg_kfold,0.8028,0.6404,00:00:05,10,90,2,16347,fixed,0.5000,0.8462,0.3667,0.5116,11,2,19,58,0.3667,0.9667,0.0333,0.6333,0.8462,0.3667,0.5116,0.7667,0.6185,0.3883,0.4470,0.3333,298,268,30,0,298,0,268,0,30,59,296,0.0865,2.6240,10.0339,5.2857,5.2857,9.0553,0.9025,0.3863,9.3042,1.8546,0.6561,3.8796,0.7733,0.3595,0.9406,0.3585,3.6919,0.3851,0.2318,373,0.0115,0.1827,0.0508,0.8983,0.0508,59,279,0.0815,2.6545,9.4576,4.9821,4.9821,8.6170,0.9111,0.3870,8.8334,1.8680,0.6461,3.8319,0.8103,0.3678,0.9614,0.3622,3.7111,0.3813,0.2104,304,0.0094,0.1768,0.0508,0.8983,0.0508,-17,-0.0050,0.0305,-0.5763,-0.3036,-0.3036,-0.4383,0.0086,0.0007,-0.4708,0.0134,-0.0100,-0.0477,0.0370,0.0083,0.0208,0.0037,0.0193,-0.0038,-0.0214,-69,-0.0021,-0.0059,0,0,0,277,2,19,3124,0.9358,0.9994,0.0006,0.0642,0.9928,0.9358,0.9635,0.9606,0.9352,0.9295,13,30,0,10,4,10
63,WLNM_dir_neg_kfold,0.7200,0.6221,00:00:05,10,90,3,16348,fixed,0.5000,0.9231,0.4000,0.5581,12,1,18,59,0.4000,0.9833,0.0167,0.6000,0.9231,0.4000,0.5581,0.7889,0.6185,0.4466,0.5140,0.3833,298,268,30,0,298,0,268,0,30,59,296,0.0865,2.6240,10.0339,5.2857,5.2857,9.0553,0.9025,0.3863,9.3042,1.8546,0.6561,3.8796,0.7733,0.3595,0.9406,0.3585,3.6919,0.3851,0.2318,373,0.0115,0.1827,0.0508,0.8983,0.0508,59,279,0.0815,2.6318,9.4576,4.9821,4.9821,8.6270,0.9122,0.3877,8.8353,1.8684,0.6471,3.8229,0.8084,0.3677,0.9523,0.3619,3.7006,0.3833,0.2116,307,0.0094,0.1808,0.0508,0.8983,0.0508,-17,-0.0050,0.0077,-0.5763,-0.3036,-0.3036,-0.4283,0.0097,0.0014,-0.4689,0.0138,-0.0090,-0.0567,0.0351,0.0082,0.0117,0.0034,0.0087,-0.0018,-0.0202,-66,-0.0020,-0.0019,0,0,0,278,1,18,3125,0.9392,0.9997,0.0003,0.0608,0.9964,0.9392,0.9670,0.9644,0.9389,0.9360,13,30,0,10,4,10
64,WLNM_dir_neg_kfold,0.8250,0.7182,00:00:05,10,90,4,16349,fixed,0.5000,0.9333,0.4667,0.6222,14,1,16,59,0.4667,0.9833,0.0167,0.5333,0.9333,0.4667,0.6222,0.8111,0.6111,0.5143,0.5692,0.4500,298,268,30,0,298,0,268,0,30,59,296,0.0865,2.6240,10.0339,5.2857,5.2857,9.0553,0.9025,0.3863,9.3042,1.8546,0.6561,3.8796,0.7733,0.3595,0.9406,0.3585,3.6919,0.3851,0.2318,373,0.0115,0.1827,0.0508,0.8983,0.0508,59,281,0.0821,2.6342,9.5254,5.0179,5.0179,8.6729,0.9105,0.3891,8.8675,1.8619,0.6487,3.8297,0.8041,0.3660,0.9547,0.3624,3.7101,0.3852,0.2168,318,0.0098,0.1811,0.0508,0.8983,0.0508,-15,-0.0044,0.0101,-0.5085,-0.2679,-0.2679,-0.3824,0.0080,0.0028,-0.4367,0.0073,-0.0074,-0.0499,0.0308,0.0065,0.0140,0.0040,0.0182,0.0001,-0.0151,-55,-0.0017,-0.0016,0,0,0,280,1,16,3125,0.9459,0.9997,0.0003,0.0541,0.9964,0.9459,0.9705,0.9682,0.9456,0.9428,15,30,0,10,4,10
65,WLNM_dir_neg_kfold,0.7178,0.5906,00:00:05,10,90,5,16350,fixed,0.5000,0.9231,0.4000,0.5581,12,1,18,59,0.4000,0.9833,0.0167,0.6000,0.9231,0.4000,0.5581,0.7889,0.6185,0.4466,0.5140,0.3833,298,268,30,0,298,0,268,0,30,59,296,0.0865,2.6240,10.0339,5.2857,5.2857,9.0553,0.9025,0.3863,9.3042,1.8546,0.6561,3.8796,0.7733,0.3595,0.9406,0.3585,3.6919,0.3851,0.2318,373,0.0115,0.1827,0.0508,0.8983,0.0508,59,279,0.0815,5.9364,9.4576,4.8947,4.9821,8.6509,0.9147,0.3879,8.8275,1.8668,0.6418,3.8139,0.8065,0.3649,2.7342,0.4606,8.6667,0.3875,0.2104,306,0.0094,0.1750,0.0339,0.9153,0.0508,-17,-0.0050,3.3123,-0.5763,-0.3910,-0.3036,-0.4044,0.0122,0.0015,-0.4767,0.0122,-0.0143,-0.0657,0.0332,0.0054,1.7935,0.1021,4.9748,0.0024,-0.0215,-67,-0.0021,-0.0077,-0.0169,0.0169,0,278,1,18,3125,0.9392,0.9997,0.0003,0.0608,0.9964,0.9392,0.9670,0.9644,0.9389,0.9360,13,30,0,10,4,10
66,WLNM_dir_neg_kfold,0.7300,0.6507,00:00:05,10,90,6,16351,fixed,0.5000,0.8571,0.4000,0.5455,12,2,18,58,0.4000,0.9667,0.0333,0.6000,0.8571,0.4000,0.5455,0.7778,0.6148,0.4231,0.4769,0.3667,298,268,30,0,298,0,268,0,30,59,296,0.0865,2.6240,10.0339,5.2857,5.2857,9.0553,0.9025,0.3863,9.3042,1.8546,0.6561,3.8796,0.7733,0.3595,0.9406,0.3585,3.6919,0.3851,0.2318,373,0.0115,0.1827,0.0508,0.8983,0.0508,59,280,0.0818,3.1363,9.4915,4.9123,5,8.7205,0.9188,0.3914,8.8563,1.8662,0.6444,3.8889,0.8195,0.3706,0.9429,0.3007,4.0881,0.3962,0.2183,321,0.0099,0.1808,0.0339,0.9153,0.0508,-16,-0.0047,0.5123,-0.5424,-0.3734,-0.2857,-0.3348,0.0163,0.0051,-0.4479,0.0116,-0.0117,0.0093,0.0462,0.0111,0.0023,-0.0578,0.3962,0.0111,-0.0136,-52,-0.0016,-0.0019,-0.0169,0.0169,0,278,2,18,3124,0.9392,0.9994,0.0006,0.0608,0.9929,0.9392,0.9653,0.9625,0.9385,0.9329,14,30,0,10,4,10
67,WLNM_dir_neg_kfold,0.7656,0.6532,00:00:06,10,90,7,16352,fixed,0.5000,0.8000,0.4000,0.5333,12,3,18,57,0.4000,0.9500,0.0500,0.6000,0.8000,0.4000,0.5333,0.7667,0.6111,0.4000,0.4427,0.3500,298,268,30,0,298,0,268,0,30,59,296,0.0865,2.6240,10.0339,5.2857,5.2857,9.0553,0.9025,0.3863,9.3042,1.8546,0.6561,3.8796,0.7733,0.3595,0.9406,0.3585,3.6919,0.3851,0.2318,373,0.0115,0.1827,0.0508,0.8983,0.0508,59,281,0.0821,2.6287,9.5254,5.0179,5.0179,8.6729,0.9105,0.3881,8.8519,1.8586,0.6447,3.9099,0.8209,0.3728,0.9530,0.3625,3.7006,0.3844,0.2145,315,0.0097,0.1786,0.0508,0.8983,0.0508,-15,-0.0044,0.0046,-0.5085,-0.2679,-0.2679,-0.3824,0.0080,0.0017,-0.4523,0.0040,-0.0114,0.0303,0.0476,0.0133,0.0124,0.0041,0.0088,-0.0007,-0.0173,-58,-0.0018,-0.0041,0,0,0,278,3,18,3123,0.9392,0.9990,0.0010,0.0608,0.9893,0.9392,0.9636,0.9606,0.9382,0.9298,15,30,0,10,4,10
68,WLNM_dir_neg_kfold,0.6783,0.5220,00:00:05,10,90,8,16353,fixed,0.5000,0.7333,0.3667,0.4889,11,4,19,56,0.3667,0.9333,0.0667,0.6333,0.7333,0.3667,0.4889,0.7444,0.6111,0.3429,0.3795,0.3000,298,268,30,0,298,0,268,0,30,59,296,0.0865,2.6240,10.0339,5.2857,5.2857,9.0553,0.9025,0.3863,9.3042,1.8546,0.6561,3.8796,0.7733,0.3595,0.9406,0.3585,3.6919,0.3851,0.2318,373,0.0115,0.1827,0.0508,0.8983,0.0508,59,281,0.0821,2.6739,9.5254,5.0179,4.9298,8.7796,0.9217,0.3889,8.9005,1.8688,0.6480,3.8745,0.8135,0.3618,0.9699,0.3627,3.8126,0.3946,0.2142,315,0.0097,0.1776,0.0508,0.9153,0.0339,-15,-0.0044,0.0499,-0.5085,-0.2679,-0.3559,-0.2757,0.0192,0.0026,-0.4037,0.0142,-0.0080,-0.0051,0.0402,0.0023,0.0293,0.0043,0.1207,0.0096,-0.0176,-58,-0.0018,-0.0051,0,0.0169,-0.0169,277,4,19,3122,0.9358,0.9987,0.0013,0.0642,0.9858,0.9358,0.9601,0.9569,0.9345,0.9233,15,30,0,10,4,10
69,WLNM_dir_neg_kfold,0.6986,0.6047,00:00:05,10,90,9,16354,fixed,0.5000,0.7222,0.4333,0.5417,13,5,17,55,0.4333,0.9167,0.0833,0.5667,0.7222,0.4333,0.5417,0.7556,0.6000,0.3889,0.4125,0.3500,298,268,30,0,298,0,268,0,30,59,296,0.0865,2.6240,10.0339,5.2857,5.2857,9.0553,0.9025,0.3863,9.3042,1.8546,0.6561,3.8796,0.7733,0.3595,0.9406,0.3585,3.6919,0.3851,0.2318,373,0.0115,0.1827,0.0508,0.8983,0.0508,59,284,0.0830,2.6761,9.6271,5.0714,5.0714,8.6799,0.9016,0.3878,8.8522,1.8390,0.6428,3.9369,0.8179,0.3729,0.9496,0.3549,3.6572,0.3956,0.2172,322,0.0099,0.1763,0.0508,0.8983,0.0508,-12,-0.0035,0.0521,-0.4068,-0.2143,-0.2143,-0.3754,-0.0009,0.0015,-0.4520,-0.0155,-0.0133,0.0573,0.0446,0.0134,0.0090,-0.0036,-0.0347,0.0105,-0.0146,-51,-0.0016,-0.0064,0,0,0,279,5,17,3121,0.9426,0.9984,0.0016,0.0574,0.9824,0.9426,0.9621,0.9588,0.9410,0.9269,18,30,0,10,4,10
70,WLNM_dir_neg_kfold,0.7044,0.5760,00:00:05,10,90,10,16355,fixed,0.5000,0.7333,0.3667,0.4889,11,4,19,56,0.3667,0.9333,0.0667,0.6333,0.7333,0.3667,0.4889,0.7444,0.6111,0.3429,0.3795,0.3000,298,268,30,0,298,0,268,0,30,59,296,0.0865,2.6240,10.0339,5.2857,5.2857,9.0553,0.9025,0.3863,9.3042,1.8546,0.6561,3.8796,0.7733,0.3595,0.9406,0.3585,3.6919,0.3851,0.2318,373,0.0115,0.1827,0.0508,0.8983,0.0508,59,281,0.0821,2.6267,9.5254,5.0179,4.9298,8.7521,0.9188,0.3903,8.8597,1.8602,0.6471,3.9363,0.8265,0.3689,0.9373,0.3568,3.7221,0.3898,0.2186,324,0.0100,0.1812,0.0508,0.9153,0.0339,-15,-0.0044,0.0027,-0.5085,-0.2679,-0.3559,-0.3033,0.0163,0.0040,-0.4445,0.0057,-0.0090,0.0567,0.0532,0.0094,-0.0033,-0.0016,0.0302,0.0047,-0.0132,-49,-0.0015,-0.0015,0,0.0169,-0.0169,277,4,19,3122,0.9358,0.9987,0.0013,0.0642,0.9858,0.9358,0.9601,0.9569,0.9345,0.9233,15,30,0,10,4,10
71,WLNM_dir_neg_kfold,0.6883,0.5718,00:00:05,10,90,11,16356,fixed,0.5000,0.8462,0.3667,0.5116,11,2,19,58,0.3667,0.9667,0.0333,0.6333,0.8462,0.3667,0.5116,0.7667,0.6185,0.3883,0.4470,0.3333,298,268,30,0,298,0,268,0,30,59,296,0.0865,2.6240,10.0339,5.2857,5.2857,9.0553,0.9025,0.3863,9.3042,1.8546,0.6561,3.8796,0.7733,0.3595,0.9406,0.3585,3.6919,0.3851,0.2318,373,0.0115,0.1827,0.0508,0.8983,0.0508,59,279,0.0815,2.6706,9.4576,4.9821,4.9821,8.6450,0.9141,0.3875,8.8353,1.8684,0.6476,3.7958,0.8027,0.3607,0.9900,0.3707,3.8789,0.3834,0.2112,304,0.0094,0.1793,0.0508,0.8983,0.0508,-17,-0.0050,0.0466,-0.5763,-0.3036,-0.3036,-0.4104,0.0116,0.0012,-0.4689,0.0138,-0.0085,-0.0838,0.0294,0.0012,0.0493,0.0122,0.1871,-0.0017,-0.0207,-69,-0.0021,-0.0034,0,0,0,277,2,19,3124,0.9358,0.9994,0.0006,0.0642,0.9928,0.9358,0.9635,0.9606,0.9352,0.9295,13,30,0,10,4,10
72,WLNM_dir_neg_kfold,0.7439,0.6589,00:00:05,10,90,12,16357,fixed,0.5000,1,0.3667,0.5366,11,0,19,60,0.3667,1,0,0.6333,1,0.3667,0.5366,0.7889,0.6259,0.4356,0.5277,0.3667,298,268,30,0,298,0,268,0,30,59,296,0.0865,2.6240,10.0339,5.2857,5.2857,9.0553,0.9025,0.3863,9.3042,1.8546,0.6561,3.8796,0.7733,0.3595,0.9406,0.3585,3.6919,0.3851,0.2318,373,0.0115,0.1827,0.0508,0.8983,0.0508,59,277,0.0809,2.6386,9.3898,4.9464,4.9464,8.6324,0.9193,0.3889,8.8401,1.8829,0.6490,3.8158,0.8128,0.3674,0.9581,0.3631,3.7111,0.3834,0.2112,304,0.0094,0.1806,0.0508,0.8983,0.0508,-19,-0.0056,0.0146,-0.6441,-0.3393,-0.3393,-0.4229,0.0169,0.0026,-0.4642,0.0283,-0.0071,-0.0638,0.0395,0.0079,0.0174,0.0046,0.0193,-0.0017,-0.0207,-69,-0.0021,-0.0022,0,0,0,277,0,19,3126,0.9358,1,0,0.0642,1,0.9358,0.9668,0.9644,0.9358,0.9358,11,30,0,10,4,10
73,WLNM_dir_neg_kfold,0.7492,0.6412,00:00:05,10,90,13,16358,fixed,0.5000,0.7857,0.3667,0.5000,11,3,19,57,0.3667,0.9500,0.0500,0.6333,0.7857,0.3667,0.5000,0.7556,0.6148,0.3654,0.4119,0.3167,298,268,30,0,298,0,268,0,30,59,296,0.0865,2.6240,10.0339,5.2857,5.2857,9.0553,0.9025,0.3863,9.3042,1.8546,0.6561,3.8796,0.7733,0.3595,0.9406,0.3585,3.6919,0.3851,0.2318,373,0.0115,0.1827,0.0508,0.8983,0.0508,59,280,0.0818,3.6430,9.4915,4.9123,5,8.7639,0.9233,0.3941,8.8466,1.8641,0.6446,4.0454,0.8524,0.3798,1.0939,0.3003,4.4835,0.3960,0.2171,321,0.0099,0.1829,0.0339,0.9153,0.0508,-16,-0.0047,1.0190,-0.5424,-0.3734,-0.2857,-0.2914,0.0209,0.0078,-0.4577,0.0095,-0.0115,0.1658,0.0791,0.0203,0.1533,-0.0582,0.7916,0.0109,-0.0147,-52,-0.0016,0.0002,-0.0169,0.0169,0,277,3,19,3123,0.9358,0.9990,0.0010,0.0642,0.9893,0.9358,0.9618,0.9587,0.9349,0.9264,14,30,0,10,4,10
74,WLNM_dir_neg_kfold,0.6886,0.5873,00:00:05,10,90,14,16359,fixed,0.5000,0.8000,0.4000,0.5333,12,3,18,57,0.4000,0.9500,0.0500,0.6000,0.8000,0.4000,0.5333,0.7667,0.6111,0.4000,0.4427,0.3500,298,268,30,0,298,0,268,0,30,59,296,0.0865,2.6240,10.0339,5.2857,5.2857,9.0553,0.9025,0.3863,9.3042,1.8546,0.6561,3.8796,0.7733,0.3595,0.9406,0.3585,3.6919,0.3851,0.2318,373,0.0115,0.1827,0.0508,0.8983,0.0508,59,281,0.0821,2.6804,9.5254,5.0179,5.0179,8.6410,0.9072,0.3866,8.8227,1.8524,0.6425,3.8967,0.8182,0.3713,0.9892,0.3690,4.0484,0.3892,0.2122,309,0.0095,0.1778,0.0508,0.8983,0.0508,-15,-0.0044,0.0564,-0.5085,-0.2679,-0.2679,-0.4143,0.0047,0.0002,-0.4816,-0.0021,-0.0136,0.0171,0.0449,0.0118,0.0486,0.0106,0.3566,0.0042,-0.0196,-64,-0.0020,-0.0049,0,0,0,278,3,18,3123,0.9392,0.9990,0.0010,0.0608,0.9893,0.9392,0.9636,0.9606,0.9382,0.9298,15,30,0,10,4,10
75,WLNM_dir_neg_kfold,0.7542,0.5892,00:00:05,10,90,15,16360,fixed,0.5000,0.7647,0.4333,0.5532,13,4,17,56,0.4333,0.9333,0.0667,0.5667,0.7647,0.4333,0.5532,0.7667,0.6037,0.4112,0.4416,0.3667,298,268,30,0,298,0,268,0,30,59,296,0.0865,2.6240,10.0339,5.2857,5.2857,9.0553,0.9025,0.3863,9.3042,1.8546,0.6561,3.8796,0.7733,0.3595,0.9406,0.3585,3.6919,0.3851,0.2318,373,0.0115,0.1827,0.0508,0.8983,0.0508,59,283,0.0827,2.6814,9.5932,5.0536,4.9649,8.6585,0.9026,0.3876,8.8528,1.8456,0.6442,3.7590,0.7837,0.3622,0.9717,0.3624,3.7973,0.3800,0.2179,321,0.0099,0.1675,0.0508,0.9153,0.0339,-13,-0.0038,0.0574,-0.4407,-0.2321,-0.3208,-0.3968,0.0001,0.0012,-0.4514,-0.0089,-0.0119,-0.1206,0.0104,0.0027,0.0311,0.0039,0.1055,-0.0051,-0.0139,-52,-0.0016,-0.0152,0,0.0169,-0.0169,279,4,17,3122,0.9426,0.9987,0.0013,0.0574,0.9859,0.9426,0.9637,0.9607,0.9413,0.9300,17,30,0,10,4,10
76,WLNM_dir_neg_kfold,0.8019,0.6960,00:00:05,10,90,16,16361,fixed,0.5000,0.8571,0.4000,0.5455,12,2,18,58,0.4000,0.9667,0.0333,0.6000,0.8571,0.4000,0.5455,0.7778,0.6148,0.4231,0.4769,0.3667,298,268,30,0,298,0,268,0,30,59,296,0.0865,2.6240,10.0339,5.2857,5.2857,9.0553,0.9025,0.3863,9.3042,1.8546,0.6561,3.8796,0.7733,0.3595,0.9406,0.3585,3.6919,0.3851,0.2318,373,0.0115,0.1827,0.0508,0.8983,0.0508,59,280,0.0818,2.6412,9.4915,5,4.9123,8.7264,0.9194,0.3897,8.8349,1.8616,0.6458,3.8623,0.8138,0.3656,0.9606,0.3637,3.8217,0.3902,0.2139,315,0.0097,0.1826,0.0508,0.9153,0.0339,-16,-0.0047,0.0171,-0.5424,-0.2857,-0.3734,-0.3289,0.0169,0.0034,-0.4694,0.0071,-0.0103,-0.0174,0.0405,0.0061,0.0200,0.0052,0.1298,0.0051,-0.0179,-58,-0.0018,-0.0001,0,0.0169,-0.0169,278,2,18,3124,0.9392,0.9994,0.0006,0.0608,0.9929,0.9392,0.9653,0.9625,0.9385,0.9329,14,30,0,10,4,10
77,WLNM_dir_neg_kfold,0.7444,0.6204,00:00:05,10,90,17,16362,fixed,0.5000,0.7500,0.4000,0.5217,12,4,18,56,0.4000,0.9333,0.0667,0.6000,0.7500,0.4000,0.5217,0.7556,0.6074,0.3774,0.4110,0.3333,298,268,30,0,298,0,268,0,30,59,296,0.0865,2.6240,10.0339,5.2857,5.2857,9.0553,0.9025,0.3863,9.3042,1.8546,0.6561,3.8796,0.7733,0.3595,0.9406,0.3585,3.6919,0.3851,0.2318,373,0.0115,0.1827,0.0508,0.8983,0.0508,59,282,0.0824,2.9310,9.5593,4.9474,5.0357,8.7203,0.9122,0.3906,8.8903,1.8600,0.6450,3.8510,0.8057,0.3658,1.1237,0.3834,4.2454,0.3891,0.2172,320,0.0098,0.1737,0.0339,0.9153,0.0508,-14,-0.0041,0.3070,-0.4746,-0.3383,-0.2500,-0.3350,0.0098,0.0043,-0.4140,0.0055,-0.0111,-0.0287,0.0324,0.0063,0.1831,0.0249,0.5535,0.0041,-0.0146,-53,-0.0016,-0.0090,-0.0169,0.0169,0,278,4,18,3122,0.9392,0.9987,0.0013,0.0608,0.9858,0.9392,0.9619,0.9588,0.9379,0.9267,16,30,0,10,4,10
78,WLNM_dir_neg_kfold,0.7253,0.6788,00:00:05,10,90,18,16363,fixed,0.5000,1,0.4667,0.6364,14,0,16,60,0.4667,1,0,0.5333,1,0.4667,0.6364,0.8222,0.6148,0.5385,0.6070,0.4667,298,268,30,0,298,0,268,0,30,59,296,0.0865,2.6240,10.0339,5.2857,5.2857,9.0553,0.9025,0.3863,9.3042,1.8546,0.6561,3.8796,0.7733,0.3595,0.9406,0.3585,3.6919,0.3851,0.2318,373,0.0115,0.1827,0.0508,0.8983,0.0508,59,280,0.0818,2.6342,9.4915,5,5,8.6590,0.9123,0.3892,8.8485,1.8645,0.6477,3.8399,0.8091,0.3692,0.9559,0.3629,3.7045,0.3849,0.2163,316,0.0097,0.1812,0.0508,0.8983,0.0508,-16,-0.0047,0.0101,-0.5424,-0.2857,-0.2857,-0.3963,0.0098,0.0028,-0.4557,0.0100,-0.0084,-0.0397,0.0358,0.0098,0.0153,0.0044,0.0127,-0.0002,-0.0155,-57,-0.0018,-0.0015,0,0,0,280,0,16,3126,0.9459,1,0,0.0541,1,0.9459,0.9722,0.9701,0.9459,0.9459,14,30,0,10,4,10
79,WLNM_dir_neg_kfold,0.6058,0.4978,00:00:05,10,90,19,16364,fixed,0.5000,0.7500,0.4000,0.5217,12,4,18,56,0.4000,0.9333,0.0667,0.6000,0.7500,0.4000,0.5217,0.7556,0.6074,0.3774,0.4110,0.3333,298,268,30,0,298,0,268,0,30,59,296,0.0865,2.6240,10.0339,5.2857,5.2857,9.0553,0.9025,0.3863,9.3042,1.8546,0.6561,3.8796,0.7733,0.3595,0.9406,0.3585,3.6919,0.3851,0.2318,373,0.0115,0.1827,0.0508,0.8983,0.0508,59,282,0.0824,2.6387,9.5593,5.0357,5.0357,8.6827,0.9083,0.3901,8.8533,1.8523,0.6444,3.8510,0.8057,0.3702,0.9391,0.3559,3.6719,0.3778,0.2149,317,0.0098,0.1748,0.0508,0.8983,0.0508,-14,-0.0041,0.0146,-0.4746,-0.2500,-0.2500,-0.3727,0.0058,0.0037,-0.4509,-0.0023,-0.0117,-0.0287,0.0324,0.0108,-0.0015,-0.0026,-0.0200,-0.0072,-0.0170,-56,-0.0017,-0.0079,0,0,0,278,4,18,3122,0.9392,0.9987,0.0013,0.0608,0.9858,0.9392,0.9619,0.9588,0.9379,0.9267,16,30,0,10,4,10
80,WLNM_dir_neg_kfold,0.6408,0.6229,00:00:05,10,90,20,16365,fixed,0.5000,0.9231,0.4000,0.5581,12,1,18,59,0.4000,0.9833,0.0167,0.6000,0.9231,0.4000,0.5581,0.7889,0.6185,0.4466,0.5140,0.3833,298,268,30,0,298,0,268,0,30,59,296,0.0865,2.6240,10.0339,5.2857,5.2857,9.0553,0.9025,0.3863,9.3042,1.8546,0.6561,3.8796,0.7733,0.3595,0.9406,0.3585,3.6919,0.3851,0.2318,373,0.0115,0.1827,0.0508,0.8983,0.0508,59,279,0.0815,2.6427,9.4576,4.9821,4.8947,8.6569,0.9153,0.3896,8.8490,1.8713,0.6480,3.8139,0.8065,0.3644,0.9652,0.3652,3.7819,0.3845,0.2152,313,0.0096,0.1806,0.0508,0.9153,0.0339,-17,-0.0050,0.0187,-0.5763,-0.3036,-0.3910,-0.3984,0.0129,0.0033,-0.4552,0.0167,-0.0081,-0.0657,0.0332,0.0049,0.0246,0.0068,0.0901,-0.0006,-0.0166,-60,-0.0018,-0.0021,0,0.0169,-0.0169,278,1,18,3125,0.9392,0.9997,0.0003,0.0608,0.9964,0.9392,0.9670,0.9644,0.9389,0.9360,13,30,0,10,4,10
81,WLNM_dir_neg_kfold,0.8072,0.7132,00:00:05,10,90,1,17346,fixed,0.5000,0.8462,0.3667,0.5116,11,2,19,58,0.3667,0.9667,0.0333,0.6333,0.8462,0.3667,0.5116,0.7667,0.6185,0.3883,0.4470,0.3333,298,268,30,0,298,0,268,0,30,59,296,0.0865,2.6240,10.0339,5.2857,5.2857,9.0553,0.9025,0.3863,9.3042,1.8546,0.6561,3.8796,0.7733,0.3595,0.9406,0.3585,3.6919,0.3851,0.2318,373,0.0115,0.1827,0.0508,0.8983,0.0508,59,279,0.0815,2.5481,9.4576,5.0727,4.9821,8.2594,0.8733,0.3814,8.3868,1.7736,0.6480,3.9559,0.8366,0.3749,0.9057,0.3554,3.5786,0.3535,0.2155,299,0.0092,0.1956,0.0678,0.8814,0.0508,-17,-0.0050,-0.0759,-0.5763,-0.2130,-0.3036,-0.7959,-0.0292,-0.0049,-0.9174,-0.0810,-0.0081,0.0763,0.0633,0.0155,-0.0350,-0.0030,-0.1132,-0.0316,-0.0164,-74,-0.0023,0.0129,0.0169,-0.0169,0,277,2,19,3124,0.9358,0.9994,0.0006,0.0642,0.9928,0.9358,0.9635,0.9606,0.9352,0.9295,13,30,0,10,5,10
82,WLNM_dir_neg_kfold,0.7683,0.7104,00:00:05,10,90,2,17347,fixed,0.5000,1,0.4000,0.5714,12,0,18,60,0.4000,1,0,0.6000,1,0.4000,0.5714,0.8000,0.6222,0.4706,0.5547,0.4000,298,268,30,0,298,0,268,0,30,59,296,0.0865,2.6240,10.0339,5.2857,5.2857,9.0553,0.9025,0.3863,9.3042,1.8546,0.6561,3.8796,0.7733,0.3595,0.9406,0.3585,3.6919,0.3851,0.2318,373,0.0115,0.1827,0.0508,0.8983,0.0508,59,278,0.0812,2.5586,9.4237,5.0545,4.9643,8.1858,0.8686,0.3798,8.3893,1.7805,0.6500,3.7649,0.7990,0.3673,0.9149,0.3576,3.5873,0.3413,0.2139,293,0.0090,0.1878,0.0678,0.8814,0.0508,-18,-0.0053,-0.0654,-0.6102,-0.2312,-0.3214,-0.8695,-0.0338,-0.0066,-0.9149,-0.0741,-0.0060,-0.1148,0.0257,0.0078,-0.0257,-0.0009,-0.1045,-0.0438,-0.0180,-80,-0.0025,0.0051,0.0169,-0.0169,0,278,0,18,3126,0.9392,1,0,0.0608,1,0.9392,0.9686,0.9663,0.9392,0.9392,12,30,0,10,5,10
83,WLNM_dir_neg_kfold,0.7375,0.5446,00:00:05,10,90,3,17348,fixed,0.5000,0.8571,0.4000,0.5455,12,2,18,58,0.4000,0.9667,0.0333,0.6000,0.8571,0.4000,0.5455,0.7778,0.6148,0.4231,0.4769,0.3667,298,268,30,0,298,0,268,0,30,59,296,0.0865,2.6240,10.0339,5.2857,5.2857,9.0553,0.9025,0.3863,9.3042,1.8546,0.6561,3.8796,0.7733,0.3595,0.9406,0.3585,3.6919,0.3851,0.2318,373,0.0115,0.1827,0.0508,0.8983,0.0508,59,280,0.0818,2.5520,9.4915,5.0909,5,8.3198,0.8766,0.3835,8.4824,1.7874,0.6517,3.7536,0.7909,0.3614,0.9030,0.3538,3.5859,0.3810,0.2253,316,0.0097,0.1880,0.0678,0.8814,0.0508,-16,-0.0047,-0.0720,-0.5424,-0.1948,-0.2857,-0.7355,-0.0259,-0.0028,-0.8218,-0.0672,-0.0044,-0.1260,0.0176,0.0019,-0.0376,-0.0046,-0.1060,-0.0041,-0.0065,-57,-0.0018,0.0053,0.0169,-0.0169,0,278,2,18,3124,0.9392,0.9994,0.0006,0.0608,0.9929,0.9392,0.9653,0.9625,0.9385,0.9329,14,30,0,10,5,10
84,WLNM_dir_neg_kfold,0.6969,0.5558,00:00:05,10,90,4,17349,fixed,0.5000,0.8462,0.3667,0.5116,11,2,19,58,0.3667,0.9667,0.0333,0.6333,0.8462,0.3667,0.5116,0.7667,0.6185,0.3883,0.4470,0.3333,298,268,30,0,298,0,268,0,30,59,296,0.0865,2.6240,10.0339,5.2857,5.2857,9.0553,0.9025,0.3863,9.3042,1.8546,0.6561,3.8796,0.7733,0.3595,0.9406,0.3585,3.6919,0.3851,0.2318,373,0.0115,0.1827,0.0508,0.8983,0.0508,59,279,0.0815,2.5559,9.4576,5.0727,4.9821,8.2907,0.8766,0.3808,8.4646,1.7900,0.6508,3.8229,0.8084,0.3633,0.9129,0.3572,3.5660,0.3809,0.2203,307,0.0094,0.1904,0.0678,0.8814,0.0508,-17,-0.0050,-0.0681,-0.5763,-0.2130,-0.3036,-0.7646,-0.0259,-0.0055,-0.8396,-0.0646,-0.0053,-0.0567,0.0351,0.0038,-0.0277,-0.0013,-0.1258,-0.0042,-0.0115,-66,-0.0020,0.0077,0.0169,-0.0169,0,277,2,19,3124,0.9358,0.9994,0.0006,0.0642,0.9928,0.9358,0.9635,0.9606,0.9352,0.9295,13,30,0,10,5,10
85,WLNM_dir_neg_kfold,0.7847,0.6119,00:00:05,10,90,5,17350,fixed,0.5000,0.7647,0.4333,0.5532,13,4,17,56,0.4333,0.9333,0.0667,0.5667,0.7647,0.4333,0.5532,0.7667,0.6037,0.4112,0.4416,0.3667,298,268,30,0,298,0,268,0,30,59,296,0.0865,2.6240,10.0339,5.2857,5.2857,9.0553,0.9025,0.3863,9.3042,1.8546,0.6561,3.8796,0.7733,0.3595,0.9406,0.3585,3.6919,0.3851,0.2318,373,0.0115,0.1827,0.0508,0.8983,0.0508,59,283,0.0827,2.5896,9.5932,5.1455,4.9649,8.3689,0.8724,0.3791,8.4706,1.7660,0.6484,3.7036,0.7721,0.3500,0.9304,0.3593,3.6411,0.3728,0.2258,319,0.0098,0.1846,0.0678,0.8983,0.0339,-13,-0.0038,-0.0345,-0.4407,-0.1403,-0.3208,-0.6864,-0.0301,-0.0073,-0.8336,-0.0886,-0.0077,-0.1760,-0.0012,-0.0095,-0.0102,0.0008,-0.0508,-0.0123,-0.0061,-54,-0.0017,0.0019,0.0169,0,-0.0169,279,4,17,3122,0.9426,0.9987,0.0013,0.0574,0.9859,0.9426,0.9637,0.9607,0.9413,0.9300,17,30,0,10,5,10
86,WLNM_dir_neg_kfold,0.7861,0.6413,00:00:06,10,90,6,17351,fixed,0.5000,0.8667,0.4333,0.5778,13,2,17,58,0.4333,0.9667,0.0333,0.5667,0.8667,0.4333,0.5778,0.7889,0.6111,0.4571,0.5060,0.4000,298,268,30,0,298,0,268,0,30,59,296,0.0865,2.6240,10.0339,5.2857,5.2857,9.0553,0.9025,0.3863,9.3042,1.8546,0.6561,3.8796,0.7733,0.3595,0.9406,0.3585,3.6919,0.3851,0.2318,373,0.0115,0.1827,0.0508,0.8983,0.0508,59,281,0.0821,2.5403,9.5254,5.1091,5.0179,8.2803,0.8693,0.3813,8.4717,1.7788,0.6489,3.7799,0.7936,0.3658,0.8993,0.3540,3.5613,0.3724,0.2245,315,0.0097,0.1896,0.0678,0.8814,0.0508,-15,-0.0044,-0.0837,-0.5085,-0.1766,-0.2679,-0.7750,-0.0332,-0.0050,-0.8325,-0.0758,-0.0072,-0.0997,0.0203,0.0063,-0.0414,-0.0045,-0.1306,-0.0126,-0.0073,-58,-0.0018,0.0069,0.0169,-0.0169,0,279,2,17,3124,0.9426,0.9994,0.0006,0.0574,0.9929,0.9426,0.9671,0.9644,0.9419,0.9362,15,30,0,10,5,10
87,WLNM_dir_neg_kfold,0.7531,0.6934,00:00:05,10,90,7,17352,fixed,0.5000,0.9333,0.4667,0.6222,14,1,16,59,0.4667,0.9833,0.0167,0.5333,0.9333,0.4667,0.6222,0.8111,0.6111,0.5143,0.5692,0.4500,298,268,30,0,298,0,268,0,30,59,296,0.0865,2.6240,10.0339,5.2857,5.2857,9.0553,0.9025,0.3863,9.3042,1.8546,0.6561,3.8796,0.7733,0.3595,0.9406,0.3585,3.6919,0.3851,0.2318,373,0.0115,0.1827,0.0508,0.8983,0.0508,59,281,0.0821,2.5593,9.5254,5.1091,5.0179,8.2845,0.8697,0.3815,8.4758,1.7796,0.6512,3.7662,0.7908,0.3638,0.9158,0.3578,3.5874,0.3736,0.2261,317,0.0098,0.1884,0.0678,0.8814,0.0508,-15,-0.0044,-0.0648,-0.5085,-0.1766,-0.2679,-0.7708,-0.0327,-0.0048,-0.8284,-0.0749,-0.0049,-0.1134,0.0175,0.0044,-0.0248,-0.0006,-0.1045,-0.0115,-0.0058,-56,-0.0017,0.0057,0.0169,-0.0169,0,280,1,16,3125,0.9459,0.9997,0.0003,0.0541,0.9964,0.9459,0.9705,0.9682,0.9456,0.9428,15,30,0,10,5,10
88,WLNM_dir_neg_kfold,0.7953,0.7085,00:00:05,10,90,8,17353,fixed,0.5000,1,0.4000,0.5714,12,0,18,60,0.4000,1,0,0.6000,1,0.4000,0.5714,0.8000,0.6222,0.4706,0.5547,0.4000,298,268,30,0,298,0,268,0,30,59,296,0.0865,2.6240,10.0339,5.2857,5.2857,9.0553,0.9025,0.3863,9.3042,1.8546,0.6561,3.8796,0.7733,0.3595,0.9406,0.3585,3.6919,0.3851,0.2318,373,0.0115,0.1827,0.0508,0.8983,0.0508,59,278,0.0812,2.5408,9.4237,5.1481,4.9643,8.2696,0.8775,0.3832,8.4752,1.7987,0.6565,3.6627,0.7773,0.3607,0.9337,0.3675,3.5873,0.3856,0.2255,312,0.0096,0.1815,0.0847,0.8644,0.0508,-18,-0.0053,-0.0832,-0.6102,-0.1376,-0.3214,-0.7857,-0.0249,-0.0032,-0.8290,-0.0559,0.0004,-0.2169,0.0040,0.0012,-0.0069,0.0090,-0.1045,0.0006,-0.0063,-61,-0.0019,-0.0012,0.0339,-0.0339,0,278,0,18,3126,0.9392,1,0,0.0608,1,0.9392,0.9686,0.9663,0.9392,0.9392,12,30,0,10,5,10
89,WLNM_dir_neg_kfold,0.8453,0.7480,00:00:05,10,90,9,17354,fixed,0.5000,0.8750,0.4667,0.6087,14,2,16,58,0.4667,0.9667,0.0333,0.5333,0.8750,0.4667,0.6087,0.8000,0.6074,0.4906,0.5343,0.4333,298,268,30,0,298,0,268,0,30,59,296,0.0865,2.6240,10.0339,5.2857,5.2857,9.0553,0.9025,0.3863,9.3042,1.8546,0.6561,3.8796,0.7733,0.3595,0.9406,0.3585,3.6919,0.3851,0.2318,373,0.0115,0.1827,0.0508,0.8983,0.0508,59,282,0.0824,2.9440,9.5593,5.0357,5.0357,8.3877,0.8774,0.3855,8.4732,1.7728,0.6460,3.8733,0.8104,0.3683,1.0771,0.3659,4.2847,0.3809,0.2270,321,0.0099,0.1947,0.0508,0.8983,0.0508,-14,-0.0041,0.3199,-0.4746,-0.2500,-0.2500,-0.6676,-0.0250,-0.0008,-0.8310,-0.0818,-0.0101,-0.0063,0.0371,0.0088,0.1365,0.0074,0.5929,-0.0042,-0.0048,-52,-0.0016,0.0120,0,0,0,280,2,16,3124,0.9459,0.9994,0.0006,0.0541,0.9929,0.9459,0.9689,0.9663,0.9453,0.9396,16,30,0,10,5,10
90,WLNM_dir_neg_kfold,0.8836,0.7836,00:00:05,10,90,10,17355,fixed,0.5000,0.9231,0.4000,0.5581,12,1,18,59,0.4000,0.9833,0.0167,0.6000,0.9231,0.4000,0.5581,0.7889,0.6185,0.4466,0.5140,0.3833,298,268,30,0,298,0,268,0,30,59,296,0.0865,2.6240,10.0339,5.2857,5.2857,9.0553,0.9025,0.3863,9.3042,1.8546,0.6561,3.8796,0.7733,0.3595,0.9406,0.3585,3.6919,0.3851,0.2318,373,0.0115,0.1827,0.0508,0.8983,0.0508,59,279,0.0815,2.5485,9.4576,5.1667,4.8947,8.2511,0.8724,0.3826,8.4074,1.7779,0.6555,3.6570,0.7733,0.3598,0.9469,0.3715,3.6018,0.3426,0.2174,297,0.0091,0.1814,0.0847,0.8814,0.0339,-17,-0.0050,-0.0755,-0.5763,-0.1190,-0.3910,-0.8043,-0.0300,-0.0037,-0.8969,-0.0767,-0.0006,-0.2226,0.0000,0.0003,0.0063,0.0131,-0.0901,-0.0424,-0.0145,-76,-0.0023,-0.0013,0.0339,-0.0169,-0.0169,278,1,18,3125,0.9392,0.9997,0.0003,0.0608,0.9964,0.9392,0.9670,0.9644,0.9389,0.9360,13,30,0,10,5,10
91,WLNM_dir_neg_kfold,0.7856,0.6950,00:00:05,10,90,11,17356,fixed,0.5000,1,0.3667,0.5366,11,0,19,60,0.3667,1,0,0.6333,1,0.3667,0.5366,0.7889,0.6259,0.4356,0.5277,0.3667,298,268,30,0,298,0,268,0,30,59,296,0.0865,2.6240,10.0339,5.2857,5.2857,9.0553,0.9025,0.3863,9.3042,1.8546,0.6561,3.8796,0.7733,0.3595,0.9406,0.3585,3.6919,0.3851,0.2318,373,0.0115,0.1827,0.0508,0.8983,0.0508,59,277,0.0809,2.5533,9.3898,5.0364,4.9464,8.2001,0.8733,0.3814,8.3918,1.7874,0.6507,3.7749,0.8040,0.3706,0.9104,0.3566,3.5873,0.3439,0.2137,292,0.0090,0.1878,0.0678,0.8814,0.0508,-19,-0.0056,-0.0707,-0.6441,-0.2494,-0.3393,-0.8552,-0.0292,-0.0049,-0.9124,-0.0671,-0.0054,-0.1047,0.0307,0.0111,-0.0302,-0.0019,-0.1045,-0.0412,-0.0181,-81,-0.0025,0.0051,0.0169,-0.0169,0,277,0,19,3126,0.9358,1,0,0.0642,1,0.9358,0.9668,0.9644,0.9358,0.9358,11,30,0,10,5,10
92,WLNM_dir_neg_kfold,0.7689,0.6691,00:00:05,10,90,12,17357,fixed,0.5000,0.7647,0.4333,0.5532,13,4,17,56,0.4333,0.9333,0.0667,0.5667,0.7647,0.4333,0.5532,0.7667,0.6037,0.4112,0.4416,0.3667,298,268,30,0,298,0,268,0,30,59,296,0.0865,2.6240,10.0339,5.2857,5.2857,9.0553,0.9025,0.3863,9.3042,1.8546,0.6561,3.8796,0.7733,0.3595,0.9406,0.3585,3.6919,0.3851,0.2318,373,0.0115,0.1827,0.0508,0.8983,0.0508,59,283,0.0827,3.0154,9.5932,5.0536,5.0536,8.2276,0.8576,0.3777,8.3558,1.7420,0.6353,3.8942,0.8119,0.3702,1.2255,0.4064,4.3771,0.3327,0.2114,295,0.0091,0.1764,0.0508,0.8983,0.0508,-13,-0.0038,0.3914,-0.4407,-0.2321,-0.2321,-0.8277,-0.0448,-0.0086,-0.9484,-0.1125,-0.0208,0.0146,0.0386,0.0108,0.2848,0.0479,0.6853,-0.0524,-0.0204,-78,-0.0024,-0.0063,0,0,0,279,4,17,3122,0.9426,0.9987,0.0013,0.0574,0.9859,0.9426,0.9637,0.9607,0.9413,0.9300,17,30,0,10,5,10
93,WLNM_dir_neg_kfold,0.8097,0.5594,00:00:05,10,90,13,17358,fixed,0.5000,0.8000,0.4000,0.5333,12,3,18,57,0.4000,0.9500,0.0500,0.6000,0.8000,0.4000,0.5333,0.7667,0.6111,0.4000,0.4427,0.3500,298,268,30,0,298,0,268,0,30,59,296,0.0865,2.6240,10.0339,5.2857,5.2857,9.0553,0.9025,0.3863,9.3042,1.8546,0.6561,3.8796,0.7733,0.3595,0.9406,0.3585,3.6919,0.3851,0.2318,373,0.0115,0.1827,0.0508,0.8983,0.0508,59,281,0.0821,2.6031,9.5254,5.1091,5.0179,8.2071,0.8616,0.3770,8.3714,1.7577,0.6433,3.8611,0.8107,0.3690,0.9487,0.3644,3.6135,0.3369,0.2126,294,0.0090,0.1915,0.0678,0.8814,0.0508,-15,-0.0044,-0.0210,-0.5085,-0.1766,-0.2679,-0.8482,-0.0409,-0.0093,-0.9328,-0.0969,-0.0127,-0.0185,0.0374,0.0095,0.0081,0.0060,-0.0784,-0.0482,-0.0192,-79,-0.0024,0.0088,0.0169,-0.0169,0,278,3,18,3123,0.9392,0.9990,0.0010,0.0608,0.9893,0.9392,0.9636,0.9606,0.9382,0.9298,15,30,0,10,5,10
94,WLNM_dir_neg_kfold,0.8786,0.6449,00:00:05,10,90,14,17359,fixed,0.5000,0.8571,0.4000,0.5455,12,2,18,58,0.4000,0.9667,0.0333,0.6000,0.8571,0.4000,0.5455,0.7778,0.6148,0.4231,0.4769,0.3667,298,268,30,0,298,0,268,0,30,59,296,0.0865,2.6240,10.0339,5.2857,5.2857,9.0553,0.9025,0.3863,9.3042,1.8546,0.6561,3.8796,0.7733,0.3595,0.9406,0.3585,3.6919,0.3851,0.2318,373,0.0115,0.1827,0.0508,0.8983,0.0508,59,280,0.0818,2.5673,9.4915,5.0909,4.9123,8.3632,0.8811,0.3838,8.4702,1.7848,0.6511,3.7259,0.7851,0.3573,0.9235,0.3597,3.6012,0.3740,0.2234,311,0.0096,0.1876,0.0678,0.8983,0.0339,-16,-0.0047,-0.0568,-0.5424,-0.1948,-0.3734,-0.6921,-0.0213,-0.0026,-0.8340,-0.0698,-0.0050,-0.1537,0.0118,-0.0022,-0.0171,0.0013,-0.0907,-0.0111,-0.0085,-62,-0.0019,0.0048,0.0169,0,-0.0169,278,2,18,3124,0.9392,0.9994,0.0006,0.0608,0.9929,0.9392,0.9653,0.9625,0.9385,0.9329,14,30,0,10,5,10
95,WLNM_dir_neg_kfold,0.7347,0.5752,00:00:05,10,90,15,17360,fixed,0.5000,0.7647,0.4333,0.5532,13,4,17,56,0.4333,0.9333,0.0667,0.5667,0.7647,0.4333,0.5532,0.7667,0.6037,0.4112,0.4416,0.3667,298,268,30,0,298,0,268,0,30,59,296,0.0865,2.6240,10.0339,5.2857,5.2857,9.0553,0.9025,0.3863,9.3042,1.8546,0.6561,3.8796,0.7733,0.3595,0.9406,0.3585,3.6919,0.3851,0.2318,373,0.0115,0.1827,0.0508,0.8983,0.0508,59,283,0.0827,2.5634,9.5932,5.1455,5.0536,8.3276,0.8681,0.3785,8.4461,1.7609,0.6422,3.9338,0.8201,0.3712,0.9176,0.3580,3.5027,0.3744,0.2221,314,0.0097,0.1875,0.0678,0.8814,0.0508,-13,-0.0038,-0.0607,-0.4407,-0.1403,-0.2321,-0.7277,-0.0344,-0.0078,-0.8581,-0.0937,-0.0139,0.0542,0.0468,0.0117,-0.0230,-0.0005,-0.1892,-0.0107,-0.0098,-59,-0.0018,0.0048,0.0169,-0.0169,0,279,4,17,3122,0.9426,0.9987,0.0013,0.0574,0.9859,0.9426,0.9637,0.9607,0.9413,0.9300,17,30,0,10,5,10
96,WLNM_dir_neg_kfold,0.7583,0.7036,00:00:05,10,90,16,17361,fixed,0.5000,1,0.4000,0.5714,12,0,18,60,0.4000,1,0,0.6000,1,0.4000,0.5714,0.8000,0.6222,0.4706,0.5547,0.4000,298,268,30,0,298,0,268,0,30,59,296,0.0865,2.6240,10.0339,5.2857,5.2857,9.0553,0.9025,0.3863,9.3042,1.8546,0.6561,3.8796,0.7733,0.3595,0.9406,0.3585,3.6919,0.3851,0.2318,373,0.0115,0.1827,0.0508,0.8983,0.0508,59,278,0.0812,2.5586,9.4237,5.0545,4.9643,8.1858,0.8686,0.3798,8.3893,1.7805,0.6500,3.7649,0.7990,0.3673,0.9149,0.3576,3.5873,0.3413,0.2139,293,0.0090,0.1878,0.0678,0.8814,0.0508,-18,-0.0053,-0.0654,-0.6102,-0.2312,-0.3214,-0.8695,-0.0338,-0.0066,-0.9149,-0.0741,-0.0060,-0.1148,0.0257,0.0078,-0.0257,-0.0009,-0.1045,-0.0438,-0.0180,-80,-0.0025,0.0051,0.0169,-0.0169,0,278,0,18,3126,0.9392,1,0,0.0608,1,0.9392,0.9686,0.9663,0.9392,0.9392,12,30,0,10,5,10
97,WLNM_dir_neg_kfold,0.8542,0.6533,00:00:05,10,90,17,17362,fixed,0.5000,0.8750,0.4667,0.6087,14,2,16,58,0.4667,0.9667,0.0333,0.5333,0.8750,0.4667,0.6087,0.8000,0.6074,0.4906,0.5343,0.4333,298,268,30,0,298,0,268,0,30,59,296,0.0865,2.6240,10.0339,5.2857,5.2857,9.0553,0.9025,0.3863,9.3042,1.8546,0.6561,3.8796,0.7733,0.3595,0.9406,0.3585,3.6919,0.3851,0.2318,373,0.0115,0.1827,0.0508,0.8983,0.0508,59,282,0.0824,2.9134,9.5593,5.0357,5.0357,8.2947,0.8677,0.3820,8.4569,1.7694,0.6439,3.8014,0.7953,0.3677,1.1378,0.3905,4.2529,0.3710,0.2249,317,0.0098,0.1826,0.0508,0.8983,0.0508,-14,-0.0041,0.2894,-0.4746,-0.2500,-0.2500,-0.7606,-0.0348,-0.0044,-0.8473,-0.0852,-0.0121,-0.0782,0.0220,0.0082,0.1971,0.0321,0.5610,-0.0141,-0.0069,-56,-0.0017,-0.0001,0,0,0,280,2,16,3124,0.9459,0.9994,0.0006,0.0541,0.9929,0.9459,0.9689,0.9663,0.9453,0.9396,16,30,0,10,5,10
98,WLNM_dir_neg_kfold,0.7719,0.6468,00:00:05,10,90,18,17363,fixed,0.5000,0.8333,0.5000,0.6250,15,3,15,57,0.5000,0.9500,0.0500,0.5000,0.8333,0.5000,0.6250,0.8000,0.6000,0.5000,0.5303,0.4500,298,268,30,0,298,0,268,0,30,59,296,0.0865,2.6240,10.0339,5.2857,5.2857,9.0553,0.9025,0.3863,9.3042,1.8546,0.6561,3.8796,0.7733,0.3595,0.9406,0.3585,3.6919,0.3851,0.2318,373,0.0115,0.1827,0.0508,0.8983,0.0508,59,284,0.0830,2.5250,9.6271,5.1636,5.0714,8.2313,0.8550,0.3817,8.4169,1.7486,0.6488,3.8840,0.8069,0.3748,0.8592,0.3403,3.5730,0.3403,0.2240,316,0.0097,0.1913,0.0678,0.8814,0.0508,-12,-0.0035,-0.0990,-0.4068,-0.1221,-0.2143,-0.8240,-0.0475,-0.0047,-0.8873,-0.1060,-0.0073,0.0044,0.0336,0.0153,-0.0814,-0.0182,-0.1189,-0.0448,-0.0079,-57,-0.0018,0.0086,0.0169,-0.0169,0,281,3,15,3123,0.9493,0.9990,0.0010,0.0507,0.9894,0.9493,0.9690,0.9663,0.9484,0.9398,18,30,0,10,5,10
99,WLNM_dir_neg_kfold,0.7525,0.7004,00:00:05,10,90,19,17364,fixed,0.5000,1,0.4000,0.5714,12,0,18,60,0.4000,1,0,0.6000,1,0.4000,0.5714,0.8000,0.6222,0.4706,0.5547,0.4000,298,268,30,0,298,0,268,0,30,59,296,0.0865,2.6240,10.0339,5.2857,5.2857,9.0553,0.9025,0.3863,9.3042,1.8546,0.6561,3.8796,0.7733,0.3595,0.9406,0.3585,3.6919,0.3851,0.2318,373,0.0115,0.1827,0.0508,0.8983,0.0508,59,278,0.0812,2.5537,9.4237,5.0545,4.9643,8.2987,0.8806,0.3833,8.4691,1.7974,0.6517,3.7603,0.7980,0.3662,0.9107,0.3566,3.5873,0.3768,0.2241,311,0.0096,0.1878,0.0678,0.8814,0.0508,-18,-0.0053,-0.0704,-0.6102,-0.2312,-0.3214,-0.7566,-0.0219,-0.0030,-0.8351,-0.0572,-0.0043,-0.1193,0.0247,0.0067,-0.0299,-0.0018,-0.1045,-0.0083,-0.0078,-62,-0.0019,0.0051,0.0169,-0.0169,0,278,0,18,3126,0.9392,1,0,0.0608,1,0.9392,0.9686,0.9663,0.9392,0.9392,12,30,0,10,5,10
100,WLNM_dir_neg_kfold,0.8039,0.7129,00:00:05,10,90,20,17365,fixed,0.5000,0.9286,0.4333,0.5909,13,1,17,59,0.4333,0.9833,0.0167,0.5667,0.9286,0.4333,0.5909,0.8000,0.6148,0.4808,0.5419,0.4167,298,268,30,0,298,0,268,0,30,59,296,0.0865,2.6240,10.0339,5.2857,5.2857,9.0553,0.9025,0.3863,9.3042,1.8546,0.6561,3.8796,0.7733,0.3595,0.9406,0.3585,3.6919,0.3851,0.2318,373,0.0115,0.1827,0.0508,0.8983,0.0508,59,280,0.0818,2.5587,9.4915,5.0909,5,8.3571,0.8805,0.3827,8.5472,1.8010,0.6523,3.7673,0.7938,0.3645,0.9150,0.3576,3.5873,0.3834,0.2271,320,0.0098,0.1879,0.0678,0.8814,0.0508,-16,-0.0047,-0.0653,-0.5424,-0.1948,-0.2857,-0.6983,-0.0220,-0.0036,-0.7570,-0.0535,-0.0038,-0.1123,0.0205,0.0050,-0.0256,-0.0009,-0.1045,-0.0017,-0.0048,-53,-0.0016,0.0052,0.0169,-0.0169,0,279,1,17,3125,0.9426,0.9997,0.0003,0.0574,0.9964,0.9426,0.9688,0.9663,0.9422,0.9394,14,30,0,10,5,10
101,WLNM_dir_neg_kfold,0.7014,0.5593,00:00:05,10,90,1,18346,fixed,0.5000,0.8182,0.3000,0.4390,9,2,21,58,0.3000,0.9667,0.0333,0.7000,0.8182,0.3000,0.4390,0.7444,0.6259,0.3168,0.3838,0.2667,298,268,30,0,298,0,268,0,30,59,296,0.0865,2.6240,10.0339,5.2857,5.2857,9.0553,0.9025,0.3863,9.3042,1.8546,0.6561,3.8796,0.7733,0.3595,0.9406,0.3585,3.6919,0.3851,0.2318,373,0.0115,0.1827,0.0508,0.8983,0.0508,59,277,0.0809,5.3869,9.3898,4.8596,4.9464,8.4241,0.8972,0.3975,8.4980,1.8100,0.6430,3.8874,0.8280,0.3888,2.9726,0.5518,9,0.3673,0.2266,319,0.0098,0.1804,0.0339,0.9153,0.0508,-19,-0.0056,2.7629,-0.6441,-0.4261,-0.3393,-0.6312,-0.0053,0.0112,-0.8062,-0.0445,-0.0131,0.0078,0.0547,0.0293,2.0320,0.1934,5.3081,-0.0178,-0.0052,-54,-0.0017,-0.0023,-0.0169,0.0169,0,275,2,21,3124,0.9291,0.9994,0.0006,0.0709,0.9928,0.9291,0.9599,0.9568,0.9284,0.9228,11,30,0,10,6,10
102,WLNM_dir_neg_kfold,0.7483,0.5356,00:00:05,10,90,2,18347,fixed,0.5000,0.6000,0.3000,0.4000,9,6,21,54,0.3000,0.9000,0.1000,0.7000,0.6000,0.3000,0.4000,0.7000,0.6111,0.2286,0.2530,0.2000,298,268,30,0,298,0,268,0,30,59,296,0.0865,2.6240,10.0339,5.2857,5.2857,9.0553,0.9025,0.3863,9.3042,1.8546,0.6561,3.8796,0.7733,0.3595,0.9406,0.3585,3.6919,0.3851,0.2318,373,0.0115,0.1827,0.0508,0.8983,0.0508,59,281,0.0821,2.7683,9.5254,4.9298,5.0179,8.5124,0.8936,0.3989,8.5144,1.7877,0.6408,3.9799,0.8356,0.3870,0.9999,0.3612,4.0560,0.3807,0.2339,340,0.0105,0.1857,0.0339,0.9153,0.0508,-15,-0.0044,0.1443,-0.5085,-0.3559,-0.2679,-0.5429,-0.0088,0.0126,-0.7899,-0.0668,-0.0153,0.1002,0.0623,0.0275,0.0593,0.0027,0.3642,-0.0044,0.0021,-33,-0.0010,0.0030,-0.0169,0.0169,0,275,6,21,3120,0.9291,0.9981,0.0019,0.0709,0.9786,0.9291,0.9532,0.9493,0.9271,0.9106,15,30,0,10,6,10
103,WLNM_dir_neg_kfold,0.6978,0.5262,00:00:05,10,90,3,18348,fixed,0.5000,0.8182,0.3000,0.4390,9,2,21,58,0.3000,0.9667,0.0333,0.7000,0.8182,0.3000,0.4390,0.7444,0.6259,0.3168,0.3838,0.2667,298,268,30,0,298,0,268,0,30,59,296,0.0865,2.6240,10.0339,5.2857,5.2857,9.0553,0.9025,0.3863,9.3042,1.8546,0.6561,3.8796,0.7733,0.3595,0.9406,0.3585,3.6919,0.3851,0.2318,373,0.0115,0.1827,0.0508,0.8983,0.0508,59,277,0.0809,2.6336,9.3898,4.9464,4.9464,8.4262,0.8974,0.3977,8.4939,1.8092,0.6465,3.9140,0.8337,0.3863,0.9587,0.3640,3.9066,0.3639,0.2287,324,0.0100,0.1836,0.0508,0.8983,0.0508,-19,-0.0056,0.0096,-0.6441,-0.3393,-0.3393,-0.6291,-0.0051,0.0113,-0.8103,-0.0454,-0.0096,0.0343,0.0604,0.0269,0.0181,0.0056,0.2148,-0.0212,-0.0032,-49,-0.0015,0.0009,0,0,0,275,2,21,3124,0.9291,0.9994,0.0006,0.0709,0.9928,0.9291,0.9599,0.9568,0.9284,0.9228,11,30,0,10,6,10
104,WLNM_dir_neg_kfold,0.7658,0.5628,00:00:05,10,90,4,18349,fixed,0.5000,0.7143,0.3333,0.4545,10,4,20,56,0.3333,0.9333,0.0667,0.6667,0.7143,0.3333,0.4545,0.7333,0.6148,0.3077,0.3468,0.2667,298,268,30,0,298,0,268,0,30,59,296,0.0865,2.6240,10.0339,5.2857,5.2857,9.0553,0.9025,0.3863,9.3042,1.8546,0.6561,3.8796,0.7733,0.3595,0.9406,0.3585,3.6919,0.3851,0.2318,373,0.0115,0.1827,0.0508,0.8983,0.0508,59,280,0.0818,3.0189,9.4915,4.9123,5,8.4759,0.8930,0.4000,8.5270,1.7968,0.6437,3.9592,0.8343,0.3906,1.2149,0.4024,4.4494,0.3811,0.2331,336,0.0103,0.1822,0.0339,0.9153,0.0508,-16,-0.0047,0.3949,-0.5424,-0.3734,-0.2857,-0.5794,-0.0095,0.0137,-0.7772,-0.0578,-0.0124,0.0796,0.0610,0.0311,0.2743,0.0440,0.7576,-0.0040,0.0012,-37,-0.0011,-0.0006,-0.0169,0.0169,0,276,4,20,3122,0.9324,0.9987,0.0013,0.0676,0.9857,0.9324,0.9583,0.9549,0.9312,0.9200,14,30,0,10,6,10
105,WLNM_dir_neg_kfold,0.7789,0.6574,00:00:05,10,90,5,18350,fixed,0.5000,0.7692,0.3333,0.4651,10,3,20,57,0.3333,0.9500,0.0500,0.6667,0.7692,0.3333,0.4651,0.7444,0.6185,0.3301,0.3799,0.2833,298,268,30,0,298,0,268,0,30,59,296,0.0865,2.6240,10.0339,5.2857,5.2857,9.0553,0.9025,0.3863,9.3042,1.8546,0.6561,3.8796,0.7733,0.3595,0.9406,0.3585,3.6919,0.3851,0.2318,373,0.0115,0.1827,0.0508,0.8983,0.0508,59,279,0.0815,5.4911,9.4576,4.8947,4.9821,8.4758,0.8962,0.3986,8.4829,1.7939,0.6403,3.9077,0.8264,0.3886,2.3266,0.4237,7.6926,0.3700,0.2270,324,0.0100,0.1786,0.0339,0.9153,0.0508,-17,-0.0050,2.8671,-0.5763,-0.3910,-0.3036,-0.5795,-0.0063,0.0122,-0.8213,-0.0607,-0.0158,0.0281,0.0531,0.0291,1.3860,0.0652,4.0007,-0.0151,-0.0048,-49,-0.0015,-0.0041,-0.0169,0.0169,0,276,3,20,3123,0.9324,0.9990,0.0010,0.0676,0.9892,0.9324,0.9600,0.9568,0.9315,0.9231,13,30,0,10,6,10
106,WLNM_dir_neg_kfold,0.6747,0.5788,00:00:05,10,90,6,18351,fixed,0.5000,1,0.3000,0.4615,9,0,21,60,0.3000,1,0,0.7000,1,0.3000,0.4615,0.7667,0.6333,0.3636,0.4714,0.3000,298,268,30,0,298,0,268,0,30,59,296,0.0865,2.6240,10.0339,5.2857,5.2857,9.0553,0.9025,0.3863,9.3042,1.8546,0.6561,3.8796,0.7733,0.3595,0.9406,0.3585,3.6919,0.3851,0.2318,373,0.0115,0.1827,0.0508,0.8983,0.0508,59,275,0.0804,2.6229,9.3220,4.9107,4.9107,8.4025,0.9014,0.3977,8.4886,1.8212,0.6479,3.8757,0.8315,0.3887,0.9530,0.3634,3.8971,0.3705,0.2269,318,0.0098,0.1867,0.0508,0.8983,0.0508,-21,-0.0061,-0.0012,-0.7119,-0.3750,-0.3750,-0.6529,-0.0011,0.0113,-0.8157,-0.0334,-0.0082,-0.0039,0.0582,0.0292,0.0124,0.0049,0.2052,-0.0146,-0.0049,-55,-0.0017,0.0039,0,0,0,275,0,21,3126,0.9291,1,0,0.0709,1,0.9291,0.9632,0.9607,0.9291,0.9291,9,30,0,10,6,10
107,WLNM_dir_neg_kfold,0.7581,0.6166,00:00:05,10,90,7,18352,fixed,0.5000,0.7778,0.2333,0.3590,7,2,23,58,0.2333,0.9667,0.0333,0.7667,0.7778,0.2333,0.3590,0.7222,0.6333,0.2424,0.3143,0.2000,298,268,30,0,298,0,268,0,30,59,296,0.0865,2.6240,10.0339,5.2857,5.2857,9.0553,0.9025,0.3863,9.3042,1.8546,0.6561,3.8796,0.7733,0.3595,0.9406,0.3585,3.6919,0.3851,0.2318,373,0.0115,0.1827,0.0508,0.8983,0.0508,59,275,0.0804,2.7714,9.3220,4.9107,4.8246,8.4679,0.9084,0.4014,8.4906,1.8216,0.6488,3.7766,0.8102,0.3820,1.0506,0.3791,4.0715,0.3651,0.2199,303,0.0093,0.1784,0.0508,0.9153,0.0339,-21,-0.0061,0.1473,-0.7119,-0.3750,-0.4612,-0.5874,0.0059,0.0151,-0.8136,-0.0329,-0.0073,-0.1031,0.0369,0.0225,0.1100,0.0206,0.3796,-0.0200,-0.0119,-70,-0.0022,-0.0044,0,0.0169,-0.0169,273,2,23,3124,0.9223,0.9994,0.0006,0.0777,0.9927,0.9223,0.9562,0.9530,0.9217,0.9161,9,30,0,10,6,10
108,WLNM_dir_neg_kfold,0.8506,0.7323,00:00:05,10,90,8,18353,fixed,0.5000,0.8889,0.2667,0.4103,8,1,22,59,0.2667,0.9833,0.0167,0.7333,0.8889,0.2667,0.4103,0.7444,0.6333,0.3030,0.3928,0.2500,298,268,30,0,298,0,268,0,30,59,296,0.0865,2.6240,10.0339,5.2857,5.2857,9.0553,0.9025,0.3863,9.3042,1.8546,0.6561,3.8796,0.7733,0.3595,0.9406,0.3585,3.6919,0.3851,0.2318,373,0.0115,0.1827,0.0508,0.8983,0.0508,59,275,0.0804,2.6461,9.3220,4.9107,4.9107,8.4168,0.9029,0.4007,8.5028,1.8242,0.6496,3.8174,0.8190,0.3887,0.9614,0.3633,3.9105,0.3672,0.2274,317,0.0098,0.1781,0.0508,0.8983,0.0508,-21,-0.0061,0.0221,-0.7119,-0.3750,-0.3750,-0.6385,0.0004,0.0143,-0.8015,-0.0303,-0.0065,-0.0622,0.0457,0.0292,0.0208,0.0049,0.2186,-0.0179,-0.0044,-56,-0.0017,-0.0046,0,0,0,274,1,22,3125,0.9257,0.9997,0.0003,0.0743,0.9964,0.9257,0.9597,0.9568,0.9254,0.9226,9,30,0,10,6,10
109,WLNM_dir_neg_kfold,0.8142,0.6877,00:00:05,10,90,9,18354,fixed,0.5000,0.8750,0.2333,0.3684,7,1,23,59,0.2333,0.9833,0.0167,0.7667,0.8750,0.2333,0.3684,0.7333,0.6370,0.2653,0.3589,0.2167,298,268,30,0,298,0,268,0,30,59,296,0.0865,2.6240,10.0339,5.2857,5.2857,9.0553,0.9025,0.3863,9.3042,1.8546,0.6561,3.8796,0.7733,0.3595,0.9406,0.3585,3.6919,0.3851,0.2318,373,0.0115,0.1827,0.0508,0.8983,0.0508,59,274,0.0801,2.6215,9.2881,4.8929,4.8929,8.3955,0.9039,0.3972,8.5010,1.8305,0.6498,3.8451,0.8280,0.3853,0.9462,0.3610,3.8914,0.3672,0.2202,307,0.0094,0.1861,0.0508,0.8983,0.0508,-22,-0.0064,-0.0025,-0.7458,-0.3929,-0.3929,-0.6598,0.0014,0.0109,-0.8032,-0.0240,-0.0063,-0.0345,0.0547,0.0258,0.0056,0.0025,0.1995,-0.0179,-0.0116,-66,-0.0020,0.0034,0,0,0,273,1,23,3125,0.9223,0.9997,0.0003,0.0777,0.9964,0.9223,0.9579,0.9549,0.9220,0.9192,8,30,0,10,6,10
110,WLNM_dir_neg_kfold,0.8425,0.7297,00:00:05,10,90,10,18355,fixed,0.5000,0.9000,0.3000,0.4500,9,1,21,59,0.3000,0.9833,0.0167,0.7000,0.9000,0.3000,0.4500,0.7556,0.6296,0.3400,0.4250,0.2833,298,268,30,0,298,0,268,0,30,59,296,0.0865,2.6240,10.0339,5.2857,5.2857,9.0553,0.9025,0.3863,9.3042,1.8546,0.6561,3.8796,0.7733,0.3595,0.9406,0.3585,3.6919,0.3851,0.2318,373,0.0115,0.1827,0.0508,0.8983,0.0508,59,276,0.0807,1,9.3559,4.8421,4.9286,8.4195,0.8999,0.3984,8.4801,1.8128,0.6422,3.8971,0.8331,0.3906,0,0,0,0.3705,0.2269,318,0.0098,0.1828,0.0339,0.9153,0.0508,-20,-0.0058,-1.6240,-0.6780,-0.4436,-0.3571,-0.6358,-0.0026,0.0121,-0.8241,-0.0418,-0.0139,0.0175,0.0598,0.0311,-0.9406,-0.3585,-3.6919,-0.0146,-0.0049,-55,-0.0017,0.0001,-0.0169,0.0169,0,275,1,21,3125,0.9291,0.9997,0.0003,0.0709,0.9964,0.9291,0.9615,0.9587,0.9287,0.9259,10,30,0,10,6,10
111,WLNM_dir_neg_kfold,0.6600,0.5024,00:00:05,10,90,11,18356,fixed,0.5000,0.8000,0.2667,0.4000,8,2,22,58,0.2667,0.9667,0.0333,0.7333,0.8000,0.2667,0.4000,0.7333,0.6296,0.2800,0.3500,0.2333,298,268,30,0,298,0,268,0,30,59,296,0.0865,2.6240,10.0339,5.2857,5.2857,9.0553,0.9025,0.3863,9.3042,1.8546,0.6561,3.8796,0.7733,0.3595,0.9406,0.3585,3.6919,0.3851,0.2318,373,0.0115,0.1827,0.0508,0.8983,0.0508,59,276,0.0807,2.6109,9.3559,4.9286,4.9286,8.4400,0.9021,0.4000,8.4801,1.8128,0.6443,3.9760,0.8499,0.3922,0.9407,0.3603,3.8725,0.3679,0.2257,319,0.0098,0.1887,0.0508,0.8983,0.0508,-20,-0.0058,-0.0132,-0.6780,-0.3571,-0.3571,-0.6153,-0.0004,0.0136,-0.8241,-0.0418,-0.0118,0.0963,0.0766,0.0327,0.0001,0.0018,0.1807,-0.0172,-0.0061,-54,-0.0017,0.0060,0,0,0,274,2,22,3124,0.9257,0.9994,0.0006,0.0743,0.9928,0.9257,0.9580,0.9549,0.9250,0.9195,10,30,0,10,6,10
112,WLNM_dir_neg_kfold,0.7550,0.6000,00:00:05,10,90,12,18357,fixed,0.5000,0.6471,0.3667,0.4681,11,6,19,54,0.3667,0.9000,0.1000,0.6333,0.6471,0.3667,0.4681,0.7222,0.6037,0.2991,0.3212,0.2667,298,268,30,0,298,0,268,0,30,59,296,0.0865,2.6240,10.0339,5.2857,5.2857,9.0553,0.9025,0.3863,9.3042,1.8546,0.6561,3.8796,0.7733,0.3595,0.9406,0.3585,3.6919,0.3851,0.2318,373,0.0115,0.1827,0.0508,0.8983,0.0508,59,283,0.0827,2.6749,9.5932,5.0536,5.0536,8.5382,0.8900,0.3971,8.5294,1.7782,0.6449,4.0077,0.8355,0.3879,1.0019,0.3746,3.9921,0.3697,0.2353,338,0.0104,0.1895,0.0508,0.8983,0.0508,-13,-0.0038,0.0509,-0.4407,-0.2321,-0.2321,-0.5171,-0.0124,0.0107,-0.7748,-0.0763,-0.0112,0.1280,0.0622,0.0284,0.0613,0.0161,0.3003,-0.0154,0.0034,-35,-0.0011,0.0068,0,0,0,277,6,19,3120,0.9358,0.9981,0.0019,0.0642,0.9788,0.9358,0.9568,0.9531,0.9339,0.9172,17,30,0,10,6,10
113,WLNM_dir_neg_kfold,0.8417,0.7236,00:00:05,10,90,13,18358,fixed,0.5000,0.8571,0.4000,0.5455,12,2,18,58,0.4000,0.9667,0.0333,0.6000,0.8571,0.4000,0.5455,0.7778,0.6148,0.4231,0.4769,0.3667,298,268,30,0,298,0,268,0,30,59,296,0.0865,2.6240,10.0339,5.2857,5.2857,9.0553,0.9025,0.3863,9.3042,1.8546,0.6561,3.8796,0.7733,0.3595,0.9406,0.3585,3.6919,0.3851,0.2318,373,0.0115,0.1827,0.0508,0.8983,0.0508,59,280,0.0818,2.6475,9.4915,5,4.9123,8.7027,0.9169,0.3968,8.8427,1.8633,0.6541,3.8128,0.8034,0.3714,0.9700,0.3664,3.9280,0.3865,0.2250,333,0.0102,0.1850,0.0508,0.9153,0.0339,-16,-0.0047,0.0235,-0.5424,-0.2857,-0.3734,-0.3526,0.0144,0.0105,-0.4616,0.0087,-0.0020,-0.0668,0.0301,0.0119,0.0294,0.0079,0.2362,0.0014,-0.0068,-40,-0.0012,0.0023,0,0.0169,-0.0169,278,2,18,3124,0.9392,0.9994,0.0006,0.0608,0.9929,0.9392,0.9653,0.9625,0.9385,0.9329,14,30,0,10,6,10
114,WLNM_dir_neg_kfold,0.8106,0.6567,00:00:06,10,90,14,18359,fixed,0.5000,0.8333,0.3333,0.4762,10,2,20,58,0.3333,0.9667,0.0333,0.6667,0.8333,0.3333,0.4762,0.7556,0.6222,0.3529,0.4160,0.3000,298,268,30,0,298,0,268,0,30,59,296,0.0865,2.6240,10.0339,5.2857,5.2857,9.0553,0.9025,0.3863,9.3042,1.8546,0.6561,3.8796,0.7733,0.3595,0.9406,0.3585,3.6919,0.3851,0.2318,373,0.0115,0.1827,0.0508,0.8983,0.0508,59,278,0.0812,2.6127,9.4237,4.9643,4.9643,8.4429,0.8959,0.3987,8.5016,1.8043,0.6478,3.9743,0.8435,0.3909,0.9325,0.3569,3.6922,0.3691,0.2277,323,0.0099,0.1893,0.0508,0.8983,0.0508,-18,-0.0053,-0.0113,-0.6102,-0.3214,-0.3214,-0.6124,-0.0066,0.0124,-0.8026,-0.0503,-0.0082,0.0947,0.0702,0.0314,-0.0081,-0.0015,0.0004,-0.0160,-0.0041,-50,-0.0015,0.0066,0,0,0,276,2,20,3124,0.9324,0.9994,0.0006,0.0676,0.9928,0.9324,0.9617,0.9587,0.9318,0.9262,12,30,0,10,6,10
115,WLNM_dir_neg_kfold,0.8697,0.6980,00:00:05,10,90,15,18360,fixed,0.5000,0.7273,0.2667,0.3902,8,3,22,57,0.2667,0.9500,0.0500,0.7333,0.7273,0.2667,0.3902,0.7222,0.6259,0.2574,0.3118,0.2167,298,268,30,0,298,0,268,0,30,59,296,0.0865,2.6240,10.0339,5.2857,5.2857,9.0553,0.9025,0.3863,9.3042,1.8546,0.6561,3.8796,0.7733,0.3595,0.9406,0.3585,3.6919,0.3851,0.2318,373,0.0115,0.1827,0.0508,0.8983,0.0508,59,277,0.0809,10.1455,9.3898,4.7759,4.9464,8.3625,0.8906,0.3955,8.4777,1.8057,0.6386,3.7841,0.8060,0.3824,6.7375,0.6641,18,0.3713,0.2220,309,0.0095,0.1693,0.0169,0.9322,0.0508,-19,-0.0056,7.5215,-0.6441,-0.5099,-0.3393,-0.6928,-0.0119,0.0092,-0.8266,-0.0488,-0.0175,-0.0956,0.0327,0.0229,5.7969,0.3056,14.3081,-0.0138,-0.0098,-64,-0.0020,-0.0134,-0.0339,0.0339,0,274,3,22,3123,0.9257,0.9990,0.0010,0.0743,0.9892,0.9257,0.9564,0.9530,0.9247,0.9164,11,30,0,10,6,10
116,WLNM_dir_neg_kfold,0.7542,0.6034,00:00:05,10,90,16,18361,fixed,0.5000,0.8000,0.2667,0.4000,8,2,22,58,0.2667,0.9667,0.0333,0.7333,0.8000,0.2667,0.4000,0.7333,0.6296,0.2800,0.3500,0.2333,298,268,30,0,298,0,268,0,30,59,296,0.0865,2.6240,10.0339,5.2857,5.2857,9.0553,0.9025,0.3863,9.3042,1.8546,0.6561,3.8796,0.7733,0.3595,0.9406,0.3585,3.6919,0.3851,0.2318,373,0.0115,0.1827,0.0508,0.8983,0.0508,59,276,0.0807,2.6342,9.3559,4.9286,4.9286,8.3517,0.8927,0.3930,8.4719,1.8110,0.6446,3.8883,0.8312,0.3895,0.9461,0.3592,3.8941,0.3720,0.2201,308,0.0095,0.1854,0.0508,0.8983,0.0508,-20,-0.0058,0.0102,-0.6780,-0.3571,-0.3571,-0.7036,-0.0098,0.0066,-0.8323,-0.0435,-0.0115,0.0087,0.0579,0.0300,0.0055,0.0007,0.2023,-0.0131,-0.0118,-65,-0.0020,0.0027,0,0,0,274,2,22,3124,0.9257,0.9994,0.0006,0.0743,0.9928,0.9257,0.9580,0.9549,0.9250,0.9195,10,30,0,10,6,10
117,WLNM_dir_neg_kfold,0.7772,0.6272,00:00:05,10,90,17,18362,fixed,0.5000,0.7273,0.2667,0.3902,8,3,22,57,0.2667,0.9500,0.0500,0.7333,0.7273,0.2667,0.3902,0.7222,0.6259,0.2574,0.3118,0.2167,298,268,30,0,298,0,268,0,30,59,296,0.0865,2.6240,10.0339,5.2857,5.2857,9.0553,0.9025,0.3863,9.3042,1.8546,0.6561,3.8796,0.7733,0.3595,0.9406,0.3585,3.6919,0.3851,0.2318,373,0.0115,0.1827,0.0508,0.8983,0.0508,59,277,0.0809,2.6752,9.3898,4.9464,4.9464,8.4548,0.9004,0.4011,8.5182,1.8144,0.6507,3.7977,0.8089,0.3839,1.0074,0.3766,4.0498,0.3710,0.2313,326,0.0100,0.1803,0.0508,0.8983,0.0508,-19,-0.0056,0.0511,-0.6441,-0.3393,-0.3393,-0.6005,-0.0021,0.0148,-0.7860,-0.0402,-0.0054,-0.0819,0.0356,0.0244,0.0668,0.0181,0.3580,-0.0141,-0.0005,-47,-0.0014,-0.0024,0,0,0,274,3,22,3123,0.9257,0.9990,0.0010,0.0743,0.9892,0.9257,0.9564,0.9530,0.9247,0.9164,11,30,0,10,6,10
118,WLNM_dir_neg_kfold,0.8033,0.6967,00:00:05,10,90,18,18363,fixed,0.5000,1,0.2333,0.3784,7,0,23,60,0.2333,1,0,0.7667,1,0.2333,0.3784,0.7444,0.6407,0.2887,0.4107,0.2333,298,268,30,0,298,0,268,0,30,59,296,0.0865,2.6240,10.0339,5.2857,5.2857,9.0553,0.9025,0.3863,9.3042,1.8546,0.6561,3.8796,0.7733,0.3595,0.9406,0.3585,3.6919,0.3851,0.2318,373,0.0115,0.1827,0.0508,0.8983,0.0508,59,273,0.0798,2.6235,9.2542,4.8750,4.8750,8.3822,0.9058,0.3981,8.4851,1.8338,0.6492,3.8502,0.8321,0.3865,0.9489,0.3617,3.8941,0.3668,0.2192,304,0.0094,0.1862,0.0508,0.8983,0.0508,-23,-0.0067,-0.0006,-0.7797,-0.4107,-0.4107,-0.6731,0.0033,0.0118,-0.8192,-0.0208,-0.0069,-0.0294,0.0588,0.0271,0.0082,0.0032,0.2023,-0.0183,-0.0126,-69,-0.0021,0.0035,0,0,0,273,0,23,3126,0.9223,1,0,0.0777,1,0.9223,0.9596,0.9568,0.9223,0.9223,7,30,0,10,6,10
119,WLNM_dir_neg_kfold,0.7889,0.6519,00:00:05,10,90,19,18364,fixed,0.5000,1,0.2333,0.3784,7,0,23,60,0.2333,1,0,0.7667,1,0.2333,0.3784,0.7444,0.6407,0.2887,0.4107,0.2333,298,268,30,0,298,0,268,0,30,59,296,0.0865,2.6240,10.0339,5.2857,5.2857,9.0553,0.9025,0.3863,9.3042,1.8546,0.6561,3.8796,0.7733,0.3595,0.9406,0.3585,3.6919,0.3851,0.2318,373,0.0115,0.1827,0.0508,0.8983,0.0508,59,273,0.0798,2.6268,9.2542,4.8750,4.8750,8.3843,0.9060,0.3998,8.4993,1.8368,0.6518,3.7779,0.8165,0.3852,0.9533,0.3629,3.8971,0.3651,0.2199,303,0.0093,0.1819,0.0508,0.8983,0.0508,-23,-0.0067,0.0028,-0.7797,-0.4107,-0.4107,-0.6710,0.0035,0.0135,-0.8049,-0.0177,-0.0043,-0.1017,0.0432,0.0257,0.0127,0.0045,0.2052,-0.0200,-0.0119,-70,-0.0022,-0.0009,0,0,0,273,0,23,3126,0.9223,1,0,0.0777,1,0.9223,0.9596,0.9568,0.9223,0.9223,7,30,0,10,6,10
120,WLNM_dir_neg_kfold,0.6983,0.5800,00:00:05,10,90,20,18365,fixed,0.5000,0.8182,0.3000,0.4390,9,2,21,58,0.3000,0.9667,0.0333,0.7000,0.8182,0.3000,0.4390,0.7444,0.6259,0.3168,0.3838,0.2667,298,268,30,0,298,0,268,0,30,59,296,0.0865,2.6240,10.0339,5.2857,5.2857,9.0553,0.9025,0.3863,9.3042,1.8546,0.6561,3.8796,0.7733,0.3595,0.9406,0.3585,3.6919,0.3851,0.2318,373,0.0115,0.1827,0.0508,0.8983,0.0508,59,277,0.0809,2.9804,9.3898,4.8596,4.9464,8.4772,0.9028,0.4007,8.4817,1.8066,0.6428,3.9708,0.8458,0.3909,1.1998,0.4026,4.4973,0.3719,0.2257,320,0.0098,0.1829,0.0339,0.9153,0.0508,-19,-0.0056,0.3564,-0.6441,-0.4261,-0.3393,-0.5781,0.0003,0.0144,-0.8225,-0.0480,-0.0132,0.0912,0.0725,0.0314,0.2592,0.0441,0.8054,-0.0132,-0.0062,-53,-0.0016,0.0002,-0.0169,0.0169,0,275,2,21,3124,0.9291,0.9994,0.0006,0.0709,0.9928,0.9291,0.9599,0.9568,0.9284,0.9228,11,30,0,10,6,10
121,WLNM_dir_neg_kfold,0.5339,0.4651,00:00:05,10,90,1,19346,fixed,0.5000,0.8889,0.2759,0.4211,8,1,21,57,0.2759,0.9828,0.0172,0.7241,0.8889,0.2759,0.4211,0.7471,0.6322,0.3125,0.4003,0.2586,298,269,29,0,298,0,269,0,29,59,296,0.0865,2.6240,10.0339,5.2857,5.2857,9.0553,0.9025,0.3863,9.3042,1.8546,0.6561,3.8796,0.7733,0.3595,0.9406,0.3585,3.6919,0.3851,0.2318,373,0.0115,0.1827,0.0508,0.8983,0.0508,59,276,0.0807,2.6258,9.3559,4.9286,4.9286,8.2164,0.8782,0.3805,8.3860,1.7927,0.6398,3.8838,0.8302,0.3805,0.9431,0.3592,3.7000,0.3415,0.2197,303,0.0093,0.1791,0.0508,0.8983,0.0508,-20,-0.0058,0.0017,-0.6780,-0.3571,-0.3571,-0.8389,-0.0243,-0.0058,-0.9182,-0.0619,-0.0163,0.0042,0.0569,0.0210,0.0025,0.0007,0.0082,-0.0436,-0.0121,-70,-0.0022,-0.0036,0,0,0,275,1,21,3125,0.9291,0.9997,0.0003,0.0709,0.9964,0.9291,0.9615,0.9587,0.9287,0.9259,9,29,0,10,7,10
122,WLNM_dir_neg_kfold,0.6694,0.5058,00:00:05,10,90,2,19347,fixed,0.5000,0.6923,0.3103,0.4286,9,4,20,54,0.3103,0.9310,0.0690,0.6897,0.6923,0.3103,0.4286,0.7241,0.6169,0.2800,0.3192,0.2414,298,269,29,0,298,0,269,0,29,59,296,0.0865,2.6240,10.0339,5.2857,5.2857,9.0553,0.9025,0.3863,9.3042,1.8546,0.6561,3.8796,0.7733,0.3595,0.9406,0.3585,3.6919,0.3851,0.2318,373,0.0115,0.1827,0.0508,0.8983,0.0508,59,280,0.0818,2.8788,9.4915,5,4.9123,8.4187,0.8870,0.3866,8.4641,1.7835,0.6400,3.9679,0.8361,0.3786,1.1366,0.3948,4.0905,0.3617,0.2263,321,0.0099,0.1821,0.0508,0.9153,0.0339,-16,-0.0047,0.2548,-0.5424,-0.2857,-0.3734,-0.6366,-0.0155,0.0003,-0.8401,-0.0711,-0.0161,0.0883,0.0628,0.0191,0.1960,0.0363,0.3987,-0.0234,-0.0055,-52,-0.0016,-0.0006,0,0.0169,-0.0169,276,4,20,3122,0.9324,0.9987,0.0013,0.0676,0.9857,0.9324,0.9583,0.9549,0.9312,0.9200,13,29,0,10,7,10
123,WLNM_dir_neg_kfold,0.6290,0.5224,00:00:05,10,90,3,19348,fixed,0.5000,0.8000,0.2759,0.4103,8,2,21,56,0.2759,0.9655,0.0345,0.7241,0.8000,0.2759,0.4103,0.7356,0.6284,0.2887,0.3568,0.2414,298,269,29,0,298,0,269,0,29,59,296,0.0865,2.6240,10.0339,5.2857,5.2857,9.0553,0.9025,0.3863,9.3042,1.8546,0.6561,3.8796,0.7733,0.3595,0.9406,0.3585,3.6919,0.3851,0.2318,373,0.0115,0.1827,0.0508,0.8983,0.0508,59,277,0.0809,3.1015,9.3898,4.8596,4.9464,8.2274,0.8762,0.3826,8.3774,1.7844,0.6342,3.8428,0.8185,0.3774,1.2604,0.4064,4.6510,0.3479,0.2212,305,0.0094,0.1723,0.0339,0.9153,0.0508,-19,-0.0056,0.4774,-0.6441,-0.4261,-0.3393,-0.8279,-0.0263,-0.0037,-0.9268,-0.0702,-0.0219,-0.0368,0.0452,0.0179,0.3198,0.0479,0.9592,-0.0372,-0.0106,-68,-0.0021,-0.0104,-0.0169,0.0169,0,275,2,21,3124,0.9291,0.9994,0.0006,0.0709,0.9928,0.9291,0.9599,0.9568,0.9284,0.9228,10,29,0,10,7,10
124,WLNM_dir_neg_kfold,0.6240,0.4956,00:00:05,10,90,4,19349,fixed,0.5000,0.8000,0.2759,0.4103,8,2,21,56,0.2759,0.9655,0.0345,0.7241,0.8000,0.2759,0.4103,0.7356,0.6284,0.2887,0.3568,0.2414,298,269,29,0,298,0,269,0,29,59,296,0.0865,2.6240,10.0339,5.2857,5.2857,9.0553,0.9025,0.3863,9.3042,1.8546,0.6561,3.8796,0.7733,0.3595,0.9406,0.3585,3.6919,0.3851,0.2318,373,0.0115,0.1827,0.0508,0.8983,0.0508,59,277,0.0809,2.6406,9.3898,4.9464,4.9464,8.2337,0.8769,0.3808,8.3795,1.7848,0.6371,3.9403,0.8393,0.3825,0.9496,0.3596,3.7242,0.3488,0.2198,305,0.0094,0.1858,0.0508,0.8983,0.0508,-19,-0.0056,0.0166,-0.6441,-0.3393,-0.3393,-0.8216,-0.0256,-0.0055,-0.9248,-0.0698,-0.0190,0.0607,0.0660,0.0231,0.0090,0.0011,0.0324,-0.0363,-0.0120,-68,-0.0021,0.0031,0,0,0,275,2,21,3124,0.9291,0.9994,0.0006,0.0709,0.9928,0.9291,0.9599,0.9568,0.9284,0.9228,10,29,0,10,7,10
125,WLNM_dir_neg_kfold,0.8609,0.6806,00:00:06,10,90,5,19350,fixed,0.5000,0.7500,0.2069,0.3243,6,2,23,56,0.2069,0.9655,0.0345,0.7931,0.7500,0.2069,0.3243,0.7126,0.6360,0.2105,0.2813,0.1724,298,269,29,0,298,0,269,0,29,59,296,0.0865,2.6240,10.0339,5.2857,5.2857,9.0553,0.9025,0.3863,9.3042,1.8546,0.6561,3.8796,0.7733,0.3595,0.9406,0.3585,3.6919,0.3851,0.2318,373,0.0115,0.1827,0.0508,0.8983,0.0508,59,275,0.0804,2.7042,9.3220,4.9107,4.9107,8.1546,0.8748,0.3835,8.3183,1.7846,0.6431,3.7074,0.7954,0.3731,1.0079,0.3727,3.7524,0.3445,0.2158,290,0.0089,0.1659,0.0508,0.8983,0.0508,-21,-0.0061,0.0801,-0.7119,-0.3750,-0.3750,-0.9007,-0.0277,-0.0029,-0.9860,-0.0699,-0.0130,-0.1722,0.0221,0.0136,0.0673,0.0143,0.0605,-0.0406,-0.0160,-83,-0.0026,-0.0168,0,0,0,273,2,23,3124,0.9223,0.9994,0.0006,0.0777,0.9927,0.9223,0.9562,0.9530,0.9217,0.9161,8,29,0,10,7,10
126,WLNM_dir_neg_kfold,0.8199,0.6860,00:00:05,10,90,6,19351,fixed,0.5000,0.8000,0.2759,0.4103,8,2,21,56,0.2759,0.9655,0.0345,0.7241,0.8000,0.2759,0.4103,0.7356,0.6284,0.2887,0.3568,0.2414,298,269,29,0,298,0,269,0,29,59,296,0.0865,2.6240,10.0339,5.2857,5.2857,9.0553,0.9025,0.3863,9.3042,1.8546,0.6561,3.8796,0.7733,0.3595,0.9406,0.3585,3.6919,0.3851,0.2318,373,0.0115,0.1827,0.0508,0.8983,0.0508,59,277,0.0809,2.9626,9.3898,4.9464,4.9464,8.2546,0.8791,0.3849,8.3836,1.7857,0.6383,3.8697,0.8242,0.3779,1.1905,0.4018,4.3091,0.3500,0.2224,308,0.0095,0.1780,0.0508,0.8983,0.0508,-19,-0.0056,0.3386,-0.6441,-0.3393,-0.3393,-0.8007,-0.0234,-0.0014,-0.9206,-0.0689,-0.0178,-0.0100,0.0509,0.0184,0.2498,0.0434,0.6172,-0.0351,-0.0094,-65,-0.0020,-0.0048,0,0,0,275,2,21,3124,0.9291,0.9994,0.0006,0.0709,0.9928,0.9291,0.9599,0.9568,0.9284,0.9228,10,29,0,10,7,10
127,WLNM_dir_neg_kfold,0.6629,0.5402,00:00:05,10,90,7,19352,fixed,0.5000,0.8182,0.3103,0.4500,9,2,20,56,0.3103,0.9655,0.0345,0.6897,0.8182,0.3103,0.4500,0.7471,0.6245,0.3265,0.3913,0.2759,298,269,29,0,298,0,269,0,29,59,296,0.0865,2.6240,10.0339,5.2857,5.2857,9.0553,0.9025,0.3863,9.3042,1.8546,0.6561,3.8796,0.7733,0.3595,0.9406,0.3585,3.6919,0.3851,0.2318,373,0.0115,0.1827,0.0508,0.8983,0.0508,59,278,0.0812,5.4714,9.4237,4.8772,4.9643,8.2842,0.8791,0.3846,8.3811,1.7787,0.6358,3.9873,0.8462,0.3842,2.9812,0.5449,9,0.3476,0.2205,307,0.0094,0.1784,0.0339,0.9153,0.0508,-18,-0.0053,2.8474,-0.6102,-0.4085,-0.3214,-0.7711,-0.0234,-0.0017,-0.9231,-0.0758,-0.0203,0.1077,0.0729,0.0247,2.0406,0.1864,5.3081,-0.0375,-0.0113,-66,-0.0020,-0.0043,-0.0169,0.0169,0,276,2,20,3124,0.9324,0.9994,0.0006,0.0676,0.9928,0.9324,0.9617,0.9587,0.9318,0.9262,11,29,0,10,7,10
128,WLNM_dir_neg_kfold,0.8389,0.6694,00:00:05,10,90,8,19353,fixed,0.5000,0.9000,0.3103,0.4615,9,1,20,57,0.3103,0.9828,0.0172,0.6897,0.9000,0.3103,0.4615,0.7586,0.6284,0.3505,0.4332,0.2931,298,269,29,0,298,0,269,0,29,59,296,0.0865,2.6240,10.0339,5.2857,5.2857,9.0553,0.9025,0.3863,9.3042,1.8546,0.6561,3.8796,0.7733,0.3595,0.9406,0.3585,3.6919,0.3851,0.2318,373,0.0115,0.1827,0.0508,0.8983,0.0508,59,277,0.0809,2.6062,9.3898,4.9464,4.9464,8.2442,0.8780,0.3834,8.3939,1.7879,0.6419,3.8963,0.8299,0.3813,0.9196,0.3528,3.6700,0.3486,0.2218,308,0.0095,0.1823,0.0508,0.8983,0.0508,-19,-0.0056,-0.0178,-0.6441,-0.3393,-0.3393,-0.8112,-0.0245,-0.0029,-0.9104,-0.0667,-0.0142,0.0167,0.0566,0.0218,-0.0211,-0.0056,-0.0219,-0.0364,-0.0100,-65,-0.0020,-0.0004,0,0,0,276,1,20,3125,0.9324,0.9997,0.0003,0.0676,0.9964,0.9324,0.9634,0.9606,0.9321,0.9293,10,29,0,10,7,10
129,WLNM_dir_neg_kfold,0.7200,0.5889,00:00:05,10,90,9,19354,fixed,0.5000,0.8889,0.2759,0.4211,8,1,21,57,0.2759,0.9828,0.0172,0.7241,0.8889,0.2759,0.4211,0.7471,0.6322,0.3125,0.4003,0.2586,298,269,29,0,298,0,269,0,29,59,296,0.0865,2.6240,10.0339,5.2857,5.2857,9.0553,0.9025,0.3863,9.3042,1.8546,0.6561,3.8796,0.7733,0.3595,0.9406,0.3585,3.6919,0.3851,0.2318,373,0.0115,0.1827,0.0508,0.8983,0.0508,59,276,0.0807,2.5813,9.3559,5.0182,4.9286,8.1996,0.8764,0.3812,8.4004,1.7957,0.6470,3.7895,0.8101,0.3753,0.9344,0.3620,3.6611,0.3553,0.2238,308,0.0095,0.1763,0.0678,0.8814,0.0508,-20,-0.0058,-0.0427,-0.6780,-0.2675,-0.3571,-0.8557,-0.0261,-0.0052,-0.9038,-0.0588,-0.0091,-0.0902,0.0368,0.0159,-0.0062,0.0035,-0.0307,-0.0298,-0.0080,-65,-0.0020,-0.0064,0.0169,-0.0169,0,275,1,21,3125,0.9291,0.9997,0.0003,0.0709,0.9964,0.9291,0.9615,0.9587,0.9287,0.9259,9,29,0,10,7,10
130,WLNM_dir_neg_kfold,0.7455,0.5922,00:00:05,10,90,10,19355,fixed,0.5000,0.7692,0.3448,0.4762,10,3,19,55,0.3448,0.9483,0.0517,0.6552,0.7692,0.3448,0.4762,0.7471,0.6169,0.3400,0.3876,0.2931,298,269,29,0,298,0,269,0,29,59,296,0.0865,2.6240,10.0339,5.2857,5.2857,9.0553,0.9025,0.3863,9.3042,1.8546,0.6561,3.8796,0.7733,0.3595,0.9406,0.3585,3.6919,0.3851,0.2318,373,0.0115,0.1827,0.0508,0.8983,0.0508,59,280,0.0818,4.1422,9.4915,4.9123,5,8.3095,0.8755,0.3834,8.3987,1.7697,0.6335,3.9462,0.8315,0.3804,1.7733,0.4281,5.9992,0.3494,0.2207,311,0.0096,0.1735,0.0339,0.9153,0.0508,-16,-0.0047,1.5182,-0.5424,-0.3734,-0.2857,-0.7458,-0.0270,-0.0029,-0.9056,-0.0848,-0.0226,0.0665,0.0582,0.0209,0.8327,0.0696,2.3074,-0.0357,-0.0111,-62,-0.0019,-0.0092,-0.0169,0.0169,0,277,3,19,3123,0.9358,0.9990,0.0010,0.0642,0.9893,0.9358,0.9618,0.9587,0.9349,0.9264,13,29,0,10,7,10
131,WLNM_dir_neg_kfold,0.6127,0.5253,00:00:05,10,90,11,19356,fixed,0.5000,0.8889,0.2759,0.4211,8,1,21,57,0.2759,0.9828,0.0172,0.7241,0.8889,0.2759,0.4211,0.7471,0.6322,0.3125,0.4003,0.2586,298,269,29,0,298,0,269,0,29,59,296,0.0865,2.6240,10.0339,5.2857,5.2857,9.0553,0.9025,0.3863,9.3042,1.8546,0.6561,3.8796,0.7733,0.3595,0.9406,0.3585,3.6919,0.3851,0.2318,373,0.0115,0.1827,0.0508,0.8983,0.0508,59,276,0.0807,2.6258,9.3559,4.9286,4.9286,8.2436,0.8811,0.3830,8.3860,1.7927,0.6398,3.9192,0.8378,0.3806,0.9431,0.3592,3.7000,0.3451,0.2198,304,0.0094,0.1855,0.0508,0.8983,0.0508,-20,-0.0058,0.0017,-0.6780,-0.3571,-0.3571,-0.8117,-0.0214,-0.0034,-0.9182,-0.0619,-0.0163,0.0396,0.0645,0.0211,0.0025,0.0007,0.0082,-0.0400,-0.0121,-69,-0.0021,0.0028,0,0,0,275,1,21,3125,0.9291,0.9997,0.0003,0.0709,0.9964,0.9291,0.9615,0.9587,0.9287,0.9259,9,29,0,10,7,10
132,WLNM_dir_neg_kfold,0.7039,0.5106,00:00:05,10,90,12,19357,fixed,0.5000,0.8000,0.2759,0.4103,8,2,21,56,0.2759,0.9655,0.0345,0.7241,0.8000,0.2759,0.4103,0.7356,0.6284,0.2887,0.3568,0.2414,298,269,29,0,298,0,269,0,29,59,296,0.0865,2.6240,10.0339,5.2857,5.2857,9.0553,0.9025,0.3863,9.3042,1.8546,0.6561,3.8796,0.7733,0.3595,0.9406,0.3585,3.6919,0.3851,0.2318,373,0.0115,0.1827,0.0508,0.8983,0.0508,59,277,0.0809,2.5836,9.3898,5.0364,4.9464,8.2169,0.8751,0.3820,8.4164,1.7927,0.6466,3.8203,0.8137,0.3795,0.9235,0.3575,3.5941,0.3518,0.2232,309,0.0095,0.1746,0.0678,0.8814,0.0508,-19,-0.0056,-0.0405,-0.6441,-0.2494,-0.3393,-0.8384,-0.0274,-0.0043,-0.8878,-0.0619,-0.0095,-0.0593,0.0404,0.0200,-0.0171,-0.0010,-0.0977,-0.0333,-0.0087,-64,-0.0020,-0.0081,0.0169,-0.0169,0,275,2,21,3124,0.9291,0.9994,0.0006,0.0709,0.9928,0.9291,0.9599,0.9568,0.9284,0.9228,10,29,0,10,7,10
133,WLNM_dir_neg_kfold,0.7021,0.5554,00:00:05,10,90,13,19358,fixed,0.5000,0.8000,0.2759,0.4103,8,2,21,56,0.2759,0.9655,0.0345,0.7241,0.8000,0.2759,0.4103,0.7356,0.6284,0.2887,0.3568,0.2414,298,269,29,0,298,0,269,0,29,59,296,0.0865,2.6240,10.0339,5.2857,5.2857,9.0553,0.9025,0.3863,9.3042,1.8546,0.6561,3.8796,0.7733,0.3595,0.9406,0.3585,3.6919,0.3851,0.2318,373,0.0115,0.1827,0.0508,0.8983,0.0508,59,277,0.0809,2.6240,9.3898,4.9464,4.9464,8.2400,0.8775,0.3825,8.4021,1.7896,0.6422,3.9315,0.8374,0.3814,0.9435,0.3596,3.7000,0.3469,0.2204,306,0.0094,0.1830,0.0508,0.8983,0.0508,-19,-0.0056,-0.0001,-0.6441,-0.3393,-0.3393,-0.8153,-0.0249,-0.0038,-0.9021,-0.0649,-0.0139,0.0519,0.0641,0.0220,0.0029,0.0011,0.0082,-0.0382,-0.0115,-67,-0.0021,0.0003,0,0,0,275,2,21,3124,0.9291,0.9994,0.0006,0.0709,0.9928,0.9291,0.9599,0.9568,0.9284,0.9228,10,29,0,10,7,10
134,WLNM_dir_neg_kfold,0.6299,0.5005,00:00:05,10,90,14,19359,fixed,0.5000,0.8889,0.2759,0.4211,8,1,21,57,0.2759,0.9828,0.0172,0.7241,0.8889,0.2759,0.4211,0.7471,0.6322,0.3125,0.4003,0.2586,298,269,29,0,298,0,269,0,29,59,296,0.0865,2.6240,10.0339,5.2857,5.2857,9.0553,0.9025,0.3863,9.3042,1.8546,0.6561,3.8796,0.7733,0.3595,0.9406,0.3585,3.6919,0.3851,0.2318,373,0.0115,0.1827,0.0508,0.8983,0.0508,59,276,0.0807,2.6380,9.3559,4.9286,4.9286,8.2080,0.8773,0.3811,8.3860,1.7927,0.6398,3.8526,0.8236,0.3804,0.9467,0.3589,3.7461,0.3467,0.2207,304,0.0094,0.1805,0.0508,0.8983,0.0508,-20,-0.0058,0.0140,-0.6780,-0.3571,-0.3571,-0.8473,-0.0252,-0.0052,-0.9182,-0.0619,-0.0163,-0.0270,0.0503,0.0209,0.0060,0.0004,0.0542,-0.0384,-0.0112,-69,-0.0021,-0.0023,0,0,0,275,1,21,3125,0.9291,0.9997,0.0003,0.0709,0.9964,0.9291,0.9615,0.9587,0.9287,0.9259,9,29,0,10,7,10
135,WLNM_dir_neg_kfold,0.6570,0.5176,00:00:05,10,90,15,19360,fixed,0.5000,0.6364,0.2414,0.3500,7,4,22,54,0.2414,0.9310,0.0690,0.7586,0.6364,0.2414,0.3500,0.7011,0.6245,0.2041,0.2446,0.1724,298,269,29,0,298,0,269,0,29,59,296,0.0865,2.6240,10.0339,5.2857,5.2857,9.0553,0.9025,0.3863,9.3042,1.8546,0.6561,3.8796,0.7733,0.3595,0.9406,0.3585,3.6919,0.3851,0.2318,373,0.0115,0.1827,0.0508,0.8983,0.0508,59,278,0.0812,2.6192,9.4237,4.9643,4.9643,8.2068,0.8709,0.3798,8.3811,1.7787,0.6382,3.9131,0.8305,0.3829,0.9152,0.3494,3.5639,0.3542,0.2217,308,0.0095,0.1754,0.0508,0.8983,0.0508,-18,-0.0053,-0.0048,-0.6102,-0.3214,-0.3214,-0.8485,-0.0316,-0.0065,-0.9231,-0.0758,-0.0179,0.0335,0.0572,0.0234,-0.0254,-0.0090,-0.1279,-0.0309,-0.0101,-65,-0.0020,-0.0074,0,0,0,274,4,22,3122,0.9257,0.9987,0.0013,0.0743,0.9856,0.9257,0.9547,0.9511,0.9244,0.9133,11,29,0,10,7,10
136,WLNM_dir_neg_kfold,0.7075,0.5077,00:00:05,10,90,16,19361,fixed,0.5000,0.7273,0.2759,0.4000,8,3,21,55,0.2759,0.9483,0.0517,0.7241,0.7273,0.2759,0.4000,0.7241,0.6245,0.2653,0.3179,0.2241,298,269,29,0,298,0,269,0,29,59,296,0.0865,2.6240,10.0339,5.2857,5.2857,9.0553,0.9025,0.3863,9.3042,1.8546,0.6561,3.8796,0.7733,0.3595,0.9406,0.3585,3.6919,0.3851,0.2318,373,0.0115,0.1827,0.0508,0.8983,0.0508,59,278,0.0812,3.0319,9.4237,4.8772,4.9643,8.2425,0.8746,0.3838,8.3708,1.7765,0.6315,3.9219,0.8323,0.3845,1.1813,0.3896,4.3268,0.3494,0.2247,312,0.0096,0.1735,0.0339,0.9153,0.0508,-18,-0.0053,0.4078,-0.6102,-0.4085,-0.3214,-0.8129,-0.0278,-0.0025,-0.9334,-0.0780,-0.0246,0.0423,0.0590,0.0250,0.2407,0.0312,0.6350,-0.0357,-0.0071,-61,-0.0019,-0.0092,-0.0169,0.0169,0,275,3,21,3123,0.9291,0.9990,0.0010,0.0709,0.9892,0.9291,0.9582,0.9549,0.9281,0.9197,11,29,0,10,7,10
137,WLNM_dir_neg_kfold,0.6929,0.5318,00:00:05,10,90,17,19362,fixed,0.5000,0.7273,0.2759,0.4000,8,3,21,55,0.2759,0.9483,0.0517,0.7241,0.7273,0.2759,0.4000,0.7241,0.6245,0.2653,0.3179,0.2241,298,269,29,0,298,0,269,0,29,59,296,0.0865,2.6240,10.0339,5.2857,5.2857,9.0553,0.9025,0.3863,9.3042,1.8546,0.6561,3.8796,0.7733,0.3595,0.9406,0.3585,3.6919,0.3851,0.2318,373,0.0115,0.1827,0.0508,0.8983,0.0508,59,278,0.0812,2.6245,9.4237,4.9643,4.9643,8.3361,0.8846,0.3834,8.4732,1.7983,0.6410,3.9219,0.8323,0.3785,0.9412,0.3586,3.6999,0.3553,0.2213,312,0.0096,0.1855,0.0508,0.8983,0.0508,-18,-0.0053,0.0005,-0.6102,-0.3214,-0.3214,-0.7193,-0.0179,-0.0029,-0.8310,-0.0563,-0.0151,0.0423,0.0590,0.0190,0.0006,0.0002,0.0081,-0.0298,-0.0105,-61,-0.0019,0.0028,0,0,0,275,3,21,3123,0.9291,0.9990,0.0010,0.0709,0.9892,0.9291,0.9582,0.9549,0.9281,0.9197,11,29,0,10,7,10
138,WLNM_dir_neg_kfold,0.6635,0.5619,00:00:06,10,90,18,19363,fixed,0.5000,0.8182,0.3103,0.4500,9,2,20,56,0.3103,0.9655,0.0345,0.6897,0.8182,0.3103,0.4500,0.7471,0.6245,0.3265,0.3913,0.2759,298,269,29,0,298,0,269,0,29,59,296,0.0865,2.6240,10.0339,5.2857,5.2857,9.0553,0.9025,0.3863,9.3042,1.8546,0.6561,3.8796,0.7733,0.3595,0.9406,0.3585,3.6919,0.3851,0.2318,373,0.0115,0.1827,0.0508,0.8983,0.0508,59,278,0.0812,2.5975,9.4237,4.9643,4.9643,8.2571,0.8762,0.3830,8.3852,1.7796,0.6389,3.9656,0.8416,0.3813,0.9148,0.3522,3.6559,0.3481,0.2212,309,0.0095,0.1882,0.0508,0.8983,0.0508,-18,-0.0053,-0.0265,-0.6102,-0.3214,-0.3214,-0.7982,-0.0263,-0.0033,-0.9190,-0.0750,-0.0171,0.0860,0.0683,0.0218,-0.0258,-0.0063,-0.0359,-0.0369,-0.0106,-64,-0.0020,0.0055,0,0,0,276,2,20,3124,0.9324,0.9994,0.0006,0.0676,0.9928,0.9324,0.9617,0.9587,0.9318,0.9262,11,29,0,10,7,10
139,WLNM_dir_neg_kfold,0.6266,0.5393,00:00:05,10,90,19,19364,fixed,0.5000,0.7778,0.2414,0.3684,7,2,22,56,0.2414,0.9655,0.0345,0.7586,0.7778,0.2414,0.3684,0.7241,0.6322,0.2500,0.3203,0.2069,298,269,29,0,298,0,269,0,29,59,296,0.0865,2.6240,10.0339,5.2857,5.2857,9.0553,0.9025,0.3863,9.3042,1.8546,0.6561,3.8796,0.7733,0.3595,0.9406,0.3585,3.6919,0.3851,0.2318,373,0.0115,0.1827,0.0508,0.8983,0.0508,59,276,0.0807,2.9125,9.3559,4.9286,4.9286,8.1891,0.8753,0.3817,8.3943,1.7944,0.6422,3.7483,0.8013,0.3758,1.1351,0.3897,4.1672,0.3543,0.2234,306,0.0094,0.1687,0.0508,0.8983,0.0508,-20,-0.0058,0.2885,-0.6780,-0.3571,-0.3571,-0.8663,-0.0272,-0.0046,-0.9100,-0.0601,-0.0139,-0.1313,0.0280,0.0163,0.1945,0.0313,0.4753,-0.0308,-0.0084,-67,-0.0021,-0.0140,0,0,0,274,2,22,3124,0.9257,0.9994,0.0006,0.0743,0.9928,0.9257,0.9580,0.9549,0.9250,0.9195,9,29,0,10,7,10
140,WLNM_dir_neg_kfold,0.7182,0.5297,00:00:05,10,90,20,19365,fixed,0.5000,0.7273,0.2759,0.4000,8,3,21,55,0.2759,0.9483,0.0517,0.7241,0.7273,0.2759,0.4000,0.7241,0.6245,0.2653,0.3179,0.2241,298,269,29,0,298,0,269,0,29,59,296,0.0865,2.6240,10.0339,5.2857,5.2857,9.0553,0.9025,0.3863,9.3042,1.8546,0.6561,3.8796,0.7733,0.3595,0.9406,0.3585,3.6919,0.3851,0.2318,373,0.0115,0.1827,0.0508,0.8983,0.0508,59,278,0.0812,2.6316,9.4237,4.9643,4.9643,8.2592,0.8764,0.3842,8.4037,1.7835,0.6428,3.8554,0.8182,0.3832,0.9234,0.3509,3.6813,0.3452,0.2237,312,0.0096,0.1753,0.0508,0.8983,0.0508,-18,-0.0053,0.0076,-0.6102,-0.3214,-0.3214,-0.7961,-0.0260,-0.0021,-0.9005,-0.0710,-0.0132,-0.0243,0.0449,0.0238,-0.0173,-0.0076,-0.0105,-0.0398,-0.0082,-61,-0.0019,-0.0074,0,0,0,275,3,21,3123,0.9291,0.9990,0.0010,0.0709,0.9892,0.9291,0.9582,0.9549,0.9281,0.9197,11,29,0,10,7,10
141,WLNM_dir_neg_kfold,0.7976,0.5754,00:00:05,10,90,1,20346,fixed,0.5000,0.6429,0.3103,0.4186,9,5,20,53,0.3103,0.9138,0.0862,0.6897,0.6429,0.3103,0.4186,0.7126,0.6130,0.2574,0.2875,0.2241,298,269,29,0,298,0,269,0,29,59,296,0.0865,2.6240,10.0339,5.2857,5.2857,9.0553,0.9025,0.3863,9.3042,1.8546,0.6561,3.8796,0.7733,0.3595,0.9406,0.3585,3.6919,0.3851,0.2318,373,0.0115,0.1827,0.0508,0.8983,0.0508,59,281,0.0821,2.6507,9.5254,5.0179,4.9298,8.6729,0.9105,0.3902,8.6470,1.8156,0.6419,4.0058,0.8411,0.3707,0.9471,0.3573,3.7029,0.3662,0.2184,312,0.0096,0.1951,0.0508,0.9153,0.0339,-15,-0.0044,0.0267,-0.5085,-0.2679,-0.3559,-0.3824,0.0080,0.0039,-0.6572,-0.0390,-0.0142,0.1261,0.0678,0.0112,0.0065,-0.0012,0.0111,-0.0189,-0.0134,-61,-0.0019,0.0124,0,0.0169,-0.0169,276,5,20,3121,0.9324,0.9984,0.0016,0.0676,0.9822,0.9324,0.9567,0.9531,0.9308,0.9169,14,29,0,10,8,10
142,WLNM_dir_neg_kfold,0.6299,0.5372,00:00:05,10,90,2,20347,fixed,0.5000,0.7778,0.2414,0.3684,7,2,22,56,0.2414,0.9655,0.0345,0.7586,0.7778,0.2414,0.3684,0.7241,0.6322,0.2500,0.3203,0.2069,298,269,29,0,298,0,269,0,29,59,296,0.0865,2.6240,10.0339,5.2857,5.2857,9.0553,0.9025,0.3863,9.3042,1.8546,0.6561,3.8796,0.7733,0.3595,0.9406,0.3585,3.6919,0.3851,0.2318,373,0.0115,0.1827,0.0508,0.8983,0.0508,59,276,0.0807,2.6370,9.3559,4.9286,4.9286,8.5737,0.9164,0.3923,8.6711,1.8536,0.6525,3.9104,0.8359,0.3791,0.9376,0.3555,4.0545,0.3861,0.2259,317,0.0098,0.1848,0.0508,0.8983,0.0508,-20,-0.0058,0.0130,-0.6780,-0.3571,-0.3571,-0.4816,0.0139,0.0059,-0.6331,-0.0010,-0.0036,0.0308,0.0626,0.0197,-0.0031,-0.0029,0.3627,0.0010,-0.0059,-56,-0.0017,0.0021,0,0,0,274,2,22,3124,0.9257,0.9994,0.0006,0.0743,0.9928,0.9257,0.9580,0.9549,0.9250,0.9195,9,29,0,10,8,10
143,WLNM_dir_neg_kfold,0.6032,0.5261,00:00:05,10,90,3,20348,fixed,0.5000,0.8333,0.3448,0.4878,10,2,19,56,0.3448,0.9655,0.0345,0.6552,0.8333,0.3448,0.4878,0.7586,0.6207,0.3636,0.4243,0.3103,298,269,29,0,298,0,269,0,29,59,296,0.0865,2.6240,10.0339,5.2857,5.2857,9.0553,0.9025,0.3863,9.3042,1.8546,0.6561,3.8796,0.7733,0.3595,0.9406,0.3585,3.6919,0.3851,0.2318,373,0.0115,0.1827,0.0508,0.8983,0.0508,59,279,0.0815,5.3419,9.4576,4.8947,4.9821,8.5366,0.9026,0.3865,8.6798,1.8355,0.6458,3.7730,0.7979,0.3639,3.0442,0.5699,9,0.3712,0.2228,315,0.0097,0.1828,0.0339,0.9153,0.0508,-17,-0.0050,2.7179,-0.5763,-0.3910,-0.3036,-0.5187,0.0001,0.0002,-0.6244,-0.0190,-0.0103,-0.1066,0.0246,0.0044,2.1036,0.2114,5.3081,-0.0139,-0.0090,-58,-0.0018,0.0001,-0.0169,0.0169,0,277,2,19,3124,0.9358,0.9994,0.0006,0.0642,0.9928,0.9358,0.9635,0.9606,0.9352,0.9295,12,29,0,10,8,10
144,WLNM_dir_neg_kfold,0.5957,0.4503,00:00:05,10,90,4,20349,fixed,0.5000,0.6923,0.3103,0.4286,9,4,20,54,0.3103,0.9310,0.0690,0.6897,0.6923,0.3103,0.4286,0.7241,0.6169,0.2800,0.3192,0.2414,298,269,29,0,298,0,269,0,29,59,296,0.0865,2.6240,10.0339,5.2857,5.2857,9.0553,0.9025,0.3863,9.3042,1.8546,0.6561,3.8796,0.7733,0.3595,0.9406,0.3585,3.6919,0.3851,0.2318,373,0.0115,0.1827,0.0508,0.8983,0.0508,59,280,0.0818,2.9736,9.4915,5,4.9123,8.5770,0.9036,0.3849,8.6375,1.8200,0.6414,3.8264,0.8063,0.3690,1.1956,0.4021,4.3174,0.3710,0.2199,310,0.0095,0.1810,0.0508,0.9153,0.0339,-16,-0.0047,0.3496,-0.5424,-0.2857,-0.3734,-0.4783,0.0012,-0.0014,-0.6667,-0.0345,-0.0147,-0.0532,0.0330,0.0095,0.2549,0.0436,0.6256,-0.0140,-0.0119,-63,-0.0019,-0.0017,0,0.0169,-0.0169,276,4,20,3122,0.9324,0.9987,0.0013,0.0676,0.9857,0.9324,0.9583,0.9549,0.9312,0.9200,13,29,0,10,8,10
145,WLNM_dir_neg_kfold,0.7738,0.6811,00:00:05,10,90,5,20350,fixed,0.5000,1,0.3448,0.5128,10,0,19,58,0.3448,1,0,0.6552,1,0.3448,0.5128,0.7816,0.6284,0.4124,0.5096,0.3448,298,269,29,0,298,0,269,0,29,59,296,0.0865,2.6240,10.0339,5.2857,5.2857,9.0553,0.9025,0.3863,9.3042,1.8546,0.6561,3.8796,0.7733,0.3595,0.9406,0.3585,3.6919,0.3851,0.2318,373,0.0115,0.1827,0.0508,0.8983,0.0508,59,277,0.0809,2.6037,9.3898,4.9464,4.9464,8.5380,0.9093,0.3877,8.6548,1.8434,0.6480,3.8383,0.8176,0.3703,0.9178,0.3525,3.5951,0.3706,0.2214,312,0.0096,0.1872,0.0508,0.8983,0.0508,-19,-0.0056,-0.0203,-0.6441,-0.3393,-0.3393,-0.5173,0.0068,0.0014,-0.6494,-0.0111,-0.0081,-0.0413,0.0443,0.0108,-0.0228,-0.0060,-0.0968,-0.0145,-0.0104,-61,-0.0019,0.0044,0,0,0,277,0,19,3126,0.9358,1,0,0.0642,1,0.9358,0.9668,0.9644,0.9358,0.9358,10,29,0,10,8,10
146,WLNM_dir_neg_kfold,0.6769,0.5442,00:00:05,10,90,6,20351,fixed,0.5000,0.8000,0.2759,0.4103,8,2,21,56,0.2759,0.9655,0.0345,0.7241,0.8000,0.2759,0.4103,0.7356,0.6284,0.2887,0.3568,0.2414,298,269,29,0,298,0,269,0,29,59,296,0.0865,2.6240,10.0339,5.2857,5.2857,9.0553,0.9025,0.3863,9.3042,1.8546,0.6561,3.8796,0.7733,0.3595,0.9406,0.3585,3.6919,0.3851,0.2318,373,0.0115,0.1827,0.0508,0.8983,0.0508,59,277,0.0809,2.5931,9.3898,4.9464,4.9464,8.6044,0.9163,0.3922,8.6866,1.8502,0.6515,3.8963,0.8299,0.3728,0.9028,0.3482,3.5788,0.3769,0.2255,320,0.0098,0.1905,0.0508,0.8983,0.0508,-19,-0.0056,-0.0309,-0.6441,-0.3393,-0.3393,-0.4510,0.0139,0.0058,-0.6176,-0.0043,-0.0046,0.0167,0.0566,0.0133,-0.0378,-0.0103,-0.1131,-0.0082,-0.0064,-53,-0.0016,0.0078,0,0,0,275,2,21,3124,0.9291,0.9994,0.0006,0.0709,0.9928,0.9291,0.9599,0.9568,0.9284,0.9228,10,29,0,10,8,10
147,WLNM_dir_neg_kfold,0.5598,0.4954,00:00:06,10,90,7,20352,fixed,0.5000,0.6429,0.3103,0.4186,9,5,20,53,0.3103,0.9138,0.0862,0.6897,0.6429,0.3103,0.4186,0.7126,0.6130,0.2574,0.2875,0.2241,298,269,29,0,298,0,269,0,29,59,296,0.0865,2.6240,10.0339,5.2857,5.2857,9.0553,0.9025,0.3863,9.3042,1.8546,0.6561,3.8796,0.7733,0.3595,0.9406,0.3585,3.6919,0.3851,0.2318,373,0.0115,0.1827,0.0508,0.8983,0.0508,59,281,0.0821,4.7336,9.5254,4.9298,5.0179,8.6669,0.9099,0.3896,8.7579,1.8389,0.6448,3.8522,0.8088,0.3681,1.7752,0.3750,6,0.3913,0.2263,327,0.0101,0.1845,0.0339,0.9153,0.0508,-15,-0.0044,2.1096,-0.5085,-0.3559,-0.2679,-0.3884,0.0074,0.0033,-0.5463,-0.0157,-0.0113,-0.0274,0.0355,0.0086,0.8346,0.0166,2.3081,0.0063,-0.0055,-46,-0.0014,0.0018,-0.0169,0.0169,0,276,5,20,3121,0.9324,0.9984,0.0016,0.0676,0.9822,0.9324,0.9567,0.9531,0.9308,0.9169,14,29,0,10,8,10
148,WLNM_dir_neg_kfold,0.4890,0.4779,00:00:05,10,90,8,20353,fixed,0.5000,0.7000,0.2414,0.3590,7,3,22,55,0.2414,0.9483,0.0517,0.7586,0.7000,0.2414,0.3590,0.7126,0.6284,0.2268,0.2803,0.1897,298,269,29,0,298,0,269,0,29,59,296,0.0865,2.6240,10.0339,5.2857,5.2857,9.0553,0.9025,0.3863,9.3042,1.8546,0.6561,3.8796,0.7733,0.3595,0.9406,0.3585,3.6919,0.3851,0.2318,373,0.0115,0.1827,0.0508,0.8983,0.0508,59,277,0.0809,1,9.3898,4.7759,4.9464,8.6044,0.9163,0.3923,8.6747,1.8477,0.6441,3.8428,0.8185,0.3774,0,0,0,0.3744,0.2206,313,0.0096,0.1784,0.0169,0.9322,0.0508,-19,-0.0056,-1.6240,-0.6441,-0.5099,-0.3393,-0.4510,0.0139,0.0060,-0.6295,-0.0069,-0.0120,-0.0368,0.0452,0.0179,-0.9406,-0.3585,-3.6919,-0.0107,-0.0112,-60,-0.0018,-0.0043,-0.0339,0.0339,0,274,3,22,3123,0.9257,0.9990,0.0010,0.0743,0.9892,0.9257,0.9564,0.9530,0.9247,0.9164,10,29,0,10,8,10
149,WLNM_dir_neg_kfold,0.7417,0.5916,00:00:05,10,90,9,20354,fixed,0.5000,0.7273,0.2759,0.4000,8,3,21,55,0.2759,0.9483,0.0517,0.7241,0.7273,0.2759,0.4000,0.7241,0.6245,0.2653,0.3179,0.2241,298,269,29,0,298,0,269,0,29,59,296,0.0865,2.6240,10.0339,5.2857,5.2857,9.0553,0.9025,0.3863,9.3042,1.8546,0.6561,3.8796,0.7733,0.3595,0.9406,0.3585,3.6919,0.3851,0.2318,373,0.0115,0.1827,0.0508,0.8983,0.0508,59,278,0.0812,2.6292,9.4237,4.9643,4.9643,8.6367,0.9165,0.3915,8.7495,1.8569,0.6499,3.8194,0.8106,0.3713,0.9474,0.3603,3.6369,0.3809,0.2235,318,0.0098,0.1889,0.0508,0.8983,0.0508,-18,-0.0053,0.0052,-0.6102,-0.3214,-0.3214,-0.4186,0.0140,0.0051,-0.5547,0.0023,-0.0062,-0.0602,0.0373,0.0118,0.0068,0.0019,-0.0549,-0.0042,-0.0083,-55,-0.0017,0.0062,0,0,0,275,3,21,3123,0.9291,0.9990,0.0010,0.0709,0.9892,0.9291,0.9582,0.9549,0.9281,0.9197,11,29,0,10,8,10
150,WLNM_dir_neg_kfold,0.6914,0.5388,00:00:05,10,90,10,20355,fixed,0.5000,0.8000,0.2759,0.4103,8,2,21,56,0.2759,0.9655,0.0345,0.7241,0.8000,0.2759,0.4103,0.7356,0.6284,0.2887,0.3568,0.2414,298,269,29,0,298,0,269,0,29,59,296,0.0865,2.6240,10.0339,5.2857,5.2857,9.0553,0.9025,0.3863,9.3042,1.8546,0.6561,3.8796,0.7733,0.3595,0.9406,0.3585,3.6919,0.3851,0.2318,373,0.0115,0.1827,0.0508,0.8983,0.0508,59,277,0.0809,2.6096,9.3898,4.9464,4.8596,8.6104,0.9170,0.3890,8.6727,1.8473,0.6524,3.8428,0.8185,0.3731,0.9299,0.3564,4.0253,0.3850,0.2224,316,0.0097,0.1906,0.0508,0.9153,0.0339,-19,-0.0056,-0.0145,-0.6441,-0.3393,-0.4261,-0.4449,0.0145,0.0026,-0.6315,-0.0073,-0.0037,-0.0368,0.0452,0.0136,-0.0107,-0.0021,0.3335,-0.0000,-0.0094,-57,-0.0018,0.0079,0,0.0169,-0.0169,275,2,21,3124,0.9291,0.9994,0.0006,0.0709,0.9928,0.9291,0.9599,0.9568,0.9284,0.9228,10,29,0,10,8,10
151,WLNM_dir_neg_kfold,0.6677,0.6251,00:00:05,10,90,11,20356,fixed,0.5000,0.9091,0.3448,0.5000,10,1,19,57,0.3448,0.9828,0.0172,0.6552,0.9091,0.3448,0.5000,0.7701,0.6245,0.3878,0.4647,0.3276,298,269,29,0,298,0,269,0,29,59,296,0.0865,2.6240,10.0339,5.2857,5.2857,9.0553,0.9025,0.3863,9.3042,1.8546,0.6561,3.8796,0.7733,0.3595,0.9406,0.3585,3.6919,0.3851,0.2318,373,0.0115,0.1827,0.0508,0.8983,0.0508,59,278,0.0812,2.6064,9.4237,4.9643,4.9643,8.5967,0.9122,0.3886,8.7554,1.8582,0.6521,3.7968,0.8058,0.3684,0.9233,0.3543,3.5960,0.3782,0.2240,319,0.0098,0.1892,0.0508,0.8983,0.0508,-18,-0.0053,-0.0176,-0.6102,-0.3214,-0.3214,-0.4586,0.0098,0.0022,-0.5488,0.0036,-0.0040,-0.0828,0.0325,0.0089,-0.0173,-0.0042,-0.0958,-0.0069,-0.0079,-54,-0.0017,0.0065,0,0,0,277,1,19,3125,0.9358,0.9997,0.0003,0.0642,0.9964,0.9358,0.9652,0.9625,0.9355,0.9327,11,29,0,10,8,10
152,WLNM_dir_neg_kfold,0.8466,0.6845,00:00:05,10,90,12,20357,fixed,0.5000,0.7000,0.2414,0.3590,7,3,22,55,0.2414,0.9483,0.0517,0.7586,0.7000,0.2414,0.3590,0.7126,0.6284,0.2268,0.2803,0.1897,298,269,29,0,298,0,269,0,29,59,296,0.0865,2.6240,10.0339,5.2857,5.2857,9.0553,0.9025,0.3863,9.3042,1.8546,0.6561,3.8796,0.7733,0.3595,0.9406,0.3585,3.6919,0.3851,0.2318,373,0.0115,0.1827,0.0508,0.8983,0.0508,59,277,0.0809,2.7404,9.3898,4.8596,4.9464,8.6822,0.9246,0.3957,8.7597,1.8658,0.6506,3.9708,0.8458,0.3830,0.9436,0.3443,4.1615,0.4120,0.2317,332,0.0102,0.1857,0.0339,0.9153,0.0508,-19,-0.0056,0.1164,-0.6441,-0.4261,-0.3393,-0.3732,0.0222,0.0094,-0.5445,0.0112,-0.0055,0.0912,0.0725,0.0236,0.0030,-0.0141,0.4696,0.0269,-0.0001,-41,-0.0013,0.0030,-0.0169,0.0169,0,274,3,22,3123,0.9257,0.9990,0.0010,0.0743,0.9892,0.9257,0.9564,0.9530,0.9247,0.9164,10,29,0,10,8,10
153,WLNM_dir_neg_kfold,0.7259,0.6198,00:00:05,10,90,13,20358,fixed,0.5000,0.8182,0.3103,0.4500,9,2,20,56,0.3103,0.9655,0.0345,0.6897,0.8182,0.3103,0.4500,0.7471,0.6245,0.3265,0.3913,0.2759,298,269,29,0,298,0,269,0,29,59,296,0.0865,2.6240,10.0339,5.2857,5.2857,9.0553,0.9025,0.3863,9.3042,1.8546,0.6561,3.8796,0.7733,0.3595,0.9406,0.3585,3.6919,0.3851,0.2318,373,0.0115,0.1827,0.0508,0.8983,0.0508,59,278,0.0812,2.6013,9.4237,4.9643,4.9643,8.6188,0.9146,0.3903,8.7495,1.8569,0.6516,3.8554,0.8182,0.3719,0.9146,0.3516,3.5951,0.3910,0.2289,327,0.0101,0.1896,0.0508,0.8983,0.0508,-18,-0.0053,-0.0227,-0.6102,-0.3214,-0.3214,-0.4366,0.0121,0.0040,-0.5547,0.0023,-0.0045,-0.0243,0.0449,0.0124,-0.0260,-0.0069,-0.0968,0.0059,-0.0029,-46,-0.0014,0.0069,0,0,0,276,2,20,3124,0.9324,0.9994,0.0006,0.0676,0.9928,0.9324,0.9617,0.9587,0.9318,0.9262,11,29,0,10,8,10
154,WLNM_dir_neg_kfold,0.8317,0.6449,00:00:05,10,90,14,20359,fixed,0.5000,0.8182,0.3103,0.4500,9,2,20,56,0.3103,0.9655,0.0345,0.6897,0.8182,0.3103,0.4500,0.7471,0.6245,0.3265,0.3913,0.2759,298,269,29,0,298,0,269,0,29,59,296,0.0865,2.6240,10.0339,5.2857,5.2857,9.0553,0.9025,0.3863,9.3042,1.8546,0.6561,3.8796,0.7733,0.3595,0.9406,0.3585,3.6919,0.3851,0.2318,373,0.0115,0.1827,0.0508,0.8983,0.0508,59,278,0.0812,3.6676,9.4237,4.8772,4.9643,8.5505,0.9073,0.3872,8.6623,1.8384,0.6452,3.7922,0.8048,0.3665,1.1140,0.3037,4.7190,0.3694,0.2194,311,0.0096,0.1850,0.0339,0.9153,0.0508,-18,-0.0053,1.0435,-0.6102,-0.4085,-0.3214,-0.5049,0.0049,0.0009,-0.6419,-0.0161,-0.0109,-0.0874,0.0315,0.0071,0.1734,-0.0547,1.0272,-0.0157,-0.0124,-62,-0.0019,0.0023,-0.0169,0.0169,0,276,2,20,3124,0.9324,0.9994,0.0006,0.0676,0.9928,0.9324,0.9617,0.9587,0.9318,0.9262,11,29,0,10,8,10
155,WLNM_dir_neg_kfold,0.7298,0.6367,00:00:05,10,90,15,20360,fixed,0.5000,1,0.2759,0.4324,8,0,21,58,0.2759,1,0,0.7241,1,0.2759,0.4324,0.7586,0.6360,0.3368,0.4500,0.2759,298,269,29,0,298,0,269,0,29,59,296,0.0865,2.6240,10.0339,5.2857,5.2857,9.0553,0.9025,0.3863,9.3042,1.8546,0.6561,3.8796,0.7733,0.3595,0.9406,0.3585,3.6919,0.3851,0.2318,373,0.0115,0.1827,0.0508,0.8983,0.0508,59,275,0.0804,2.5983,9.3220,4.9107,4.9107,8.5388,0.9160,0.3913,8.6814,1.8625,0.6549,3.8129,0.8180,0.3767,0.9123,0.3511,4.0220,0.3772,0.2232,312,0.0096,0.1887,0.0508,0.8983,0.0508,-21,-0.0061,-0.0258,-0.7119,-0.3750,-0.3750,-0.5165,0.0135,0.0050,-0.6229,0.0080,-0.0012,-0.0667,0.0447,0.0172,-0.0283,-0.0073,0.3302,-0.0079,-0.0086,-61,-0.0019,0.0060,0,0,0,275,0,21,3126,0.9291,1,0,0.0709,1,0.9291,0.9632,0.9607,0.9291,0.9291,8,29,0,10,8,10
156,WLNM_dir_neg_kfold,0.6156,0.5091,00:00:05,10,90,16,20361,fixed,0.5000,0.8889,0.2759,0.4211,8,1,21,57,0.2759,0.9828,0.0172,0.7241,0.8889,0.2759,0.4211,0.7471,0.6322,0.3125,0.4003,0.2586,298,269,29,0,298,0,269,0,29,59,296,0.0865,2.6240,10.0339,5.2857,5.2857,9.0553,0.9025,0.3863,9.3042,1.8546,0.6561,3.8796,0.7733,0.3595,0.9406,0.3585,3.6919,0.3851,0.2318,373,0.0115,0.1827,0.0508,0.8983,0.0508,59,276,0.0807,2.5874,9.3559,4.9286,4.9286,8.5576,0.9147,0.3885,8.6571,1.8506,0.6491,3.8749,0.8283,0.3708,0.8957,0.3462,3.3987,0.3784,0.2211,311,0.0096,0.1938,0.0508,0.8983,0.0508,-20,-0.0058,-0.0366,-0.6780,-0.3571,-0.3571,-0.4977,0.0122,0.0022,-0.6471,-0.0039,-0.0070,-0.0047,0.0550,0.0113,-0.0449,-0.0123,-0.2932,-0.0067,-0.0107,-62,-0.0019,0.0111,0,0,0,275,1,21,3125,0.9291,0.9997,0.0003,0.0709,0.9964,0.9291,0.9615,0.9587,0.9287,0.9259,9,29,0,10,8,10
157,WLNM_dir_neg_kfold,0.8023,0.6311,00:00:05,10,90,17,20362,fixed,0.5000,0.7778,0.2414,0.3684,7,2,22,56,0.2414,0.9655,0.0345,0.7586,0.7778,0.2414,0.3684,0.7241,0.6322,0.2500,0.3203,0.2069,298,269,29,0,298,0,269,0,29,59,296,0.0865,2.6240,10.0339,5.2857,5.2857,9.0553,0.9025,0.3863,9.3042,1.8546,0.6561,3.8796,0.7733,0.3595,0.9406,0.3585,3.6919,0.3851,0.2318,373,0.0115,0.1827,0.0508,0.8983,0.0508,59,276,0.0807,2.5819,9.3559,4.9286,4.9286,8.6418,0.9237,0.3924,8.7522,1.8709,0.6543,3.9192,0.8378,0.3810,0.8937,0.3462,4.0175,0.3963,0.2260,321,0.0099,0.1934,0.0508,0.8983,0.0508,-20,-0.0058,-0.0421,-0.6780,-0.3571,-0.3571,-0.4135,0.0212,0.0061,-0.5520,0.0164,-0.0018,0.0396,0.0645,0.0215,-0.0469,-0.0123,0.3256,0.0113,-0.0059,-52,-0.0016,0.0107,0,0,0,274,2,22,3124,0.9257,0.9994,0.0006,0.0743,0.9928,0.9257,0.9580,0.9549,0.9250,0.9195,9,29,0,10,8,10
158,WLNM_dir_neg_kfold,0.7381,0.5856,00:00:05,10,90,18,20363,fixed,0.5000,0.6667,0.2759,0.3902,8,4,21,54,0.2759,0.9310,0.0690,0.7241,0.6667,0.2759,0.3902,0.7126,0.6207,0.2424,0.2828,0.2069,298,269,29,0,298,0,269,0,29,59,296,0.0865,2.6240,10.0339,5.2857,5.2857,9.0553,0.9025,0.3863,9.3042,1.8546,0.6561,3.8796,0.7733,0.3595,0.9406,0.3585,3.6919,0.3851,0.2318,373,0.0115,0.1827,0.0508,0.8983,0.0508,59,279,0.0815,2.6331,9.4576,4.9821,4.9821,8.5990,0.9092,0.3911,8.6897,1.8376,0.6495,3.8049,0.8046,0.3675,0.9546,0.3625,3.6404,0.3738,0.2245,319,0.0098,0.1889,0.0508,0.8983,0.0508,-17,-0.0050,0.0091,-0.5763,-0.3036,-0.3036,-0.4564,0.0067,0.0048,-0.6145,-0.0169,-0.0066,-0.0748,0.0313,0.0081,0.0140,0.0041,-0.0515,-0.0113,-0.0073,-54,-0.0017,0.0062,0,0,0,275,4,21,3122,0.9291,0.9987,0.0013,0.0709,0.9857,0.9291,0.9565,0.9530,0.9278,0.9167,12,29,0,10,8,10
159,WLNM_dir_neg_kfold,0.7345,0.6236,00:00:05,10,90,19,20364,fixed,0.5000,0.8333,0.3448,0.4878,10,2,19,56,0.3448,0.9655,0.0345,0.6552,0.8333,0.3448,0.4878,0.7586,0.6207,0.3636,0.4243,0.3103,298,269,29,0,298,0,269,0,29,59,296,0.0865,2.6240,10.0339,5.2857,5.2857,9.0553,0.9025,0.3863,9.3042,1.8546,0.6561,3.8796,0.7733,0.3595,0.9406,0.3585,3.6919,0.3851,0.2318,373,0.0115,0.1827,0.0508,0.8983,0.0508,59,279,0.0815,2.6752,9.4576,4.8947,4.9821,8.5568,0.9047,0.3886,8.6897,1.8376,0.6459,3.8544,0.8151,0.3714,0.9191,0.3436,3.6343,0.3833,0.2254,321,0.0099,0.1888,0.0339,0.9153,0.0508,-17,-0.0050,0.0512,-0.5763,-0.3910,-0.3036,-0.4986,0.0023,0.0023,-0.6145,-0.0169,-0.0102,-0.0252,0.0418,0.0119,-0.0215,-0.0149,-0.0575,-0.0018,-0.0065,-52,-0.0016,0.0061,-0.0169,0.0169,0,277,2,19,3124,0.9358,0.9994,0.0006,0.0642,0.9928,0.9358,0.9635,0.9606,0.9352,0.9295,12,29,0,10,8,10
160,WLNM_dir_neg_kfold,0.7687,0.5744,00:00:05,10,90,20,20365,fixed,0.5000,0.6923,0.3103,0.4286,9,4,20,54,0.3103,0.9310,0.0690,0.6897,0.6923,0.3103,0.4286,0.7241,0.6169,0.2800,0.3192,0.2414,298,269,29,0,298,0,269,0,29,59,296,0.0865,2.6240,10.0339,5.2857,5.2857,9.0553,0.9025,0.3863,9.3042,1.8546,0.6561,3.8796,0.7733,0.3595,0.9406,0.3585,3.6919,0.3851,0.2318,373,0.0115,0.1827,0.0508,0.8983,0.0508,59,280,0.0818,2.6011,9.4915,5,5,8.5930,0.9053,0.3906,8.7051,1.8343,0.6518,3.8444,0.8101,0.3682,0.9087,0.3493,3.5344,0.3735,0.2259,322,0.0099,0.1898,0.0508,0.8983,0.0508,-16,-0.0047,-0.0229,-0.5424,-0.2857,-0.2857,-0.4623,0.0029,0.0042,-0.5991,-0.0203,-0.0043,-0.0353,0.0368,0.0087,-0.0319,-0.0091,-0.1575,-0.0115,-0.0059,-51,-0.0016,0.0071,0,0,0,276,4,20,3122,0.9324,0.9987,0.0013,0.0676,0.9857,0.9324,0.9583,0.9549,0.9312,0.9200,13,29,0,10,8,10
161,WLNM_dir_neg_kfold,0.7494,0.6561,00:00:05,10,90,1,21346,fixed,0.5000,0.8571,0.4138,0.5581,12,2,17,56,0.4138,0.9655,0.0345,0.5862,0.8571,0.4138,0.5581,0.7816,0.6130,0.4356,0.4866,0.3793,298,269,29,0,298,0,269,0,29,59,296,0.0865,2.6240,10.0339,5.2857,5.2857,9.0553,0.9025,0.3863,9.3042,1.8546,0.6561,3.8796,0.7733,0.3595,0.9406,0.3585,3.6919,0.3851,0.2318,373,0.0115,0.1827,0.0508,0.8983,0.0508,59,281,0.0821,3.6139,9.5254,4.9298,5.0179,8.5427,0.8968,0.3907,8.6350,1.8130,0.6383,3.9538,0.8302,0.3917,1.0919,0.3021,4.4203,0.3536,0.2236,323,0.0099,0.1783,0.0339,0.9153,0.0508,-15,-0.0044,0.9899,-0.5085,-0.3559,-0.2679,-0.5126,-0.0056,0.0044,-0.6692,-0.0415,-0.0178,0.0742,0.0569,0.0322,0.1513,-0.0563,0.7285,-0.0315,-0.0082,-50,-0.0015,-0.0044,-0.0169,0.0169,0,279,2,17,3124,0.9426,0.9994,0.0006,0.0574,0.9929,0.9426,0.9671,0.9644,0.9419,0.9362,14,29,0,10,9,10
162,WLNM_dir_neg_kfold,0.7556,0.5895,00:00:05,10,90,2,21347,fixed,0.5000,0.8462,0.3793,0.5238,11,2,18,56,0.3793,0.9655,0.0345,0.6207,0.8462,0.3793,0.5238,0.7701,0.6169,0.4000,0.4560,0.3448,298,269,29,0,298,0,269,0,29,59,296,0.0865,2.6240,10.0339,5.2857,5.2857,9.0553,0.9025,0.3863,9.3042,1.8546,0.6561,3.8796,0.7733,0.3595,0.9406,0.3585,3.6919,0.3851,0.2318,373,0.0115,0.1827,0.0508,0.8983,0.0508,59,280,0.0818,2.6170,9.4915,5,5,8.5569,0.9015,0.3935,8.6455,1.8217,0.6439,4.0283,0.8488,0.3949,0.9249,0.3534,3.6907,0.3537,0.2250,324,0.0100,0.1902,0.0508,0.8983,0.0508,-16,-0.0047,-0.0071,-0.5424,-0.2857,-0.2857,-0.4985,-0.0009,0.0071,-0.6587,-0.0328,-0.0121,0.1487,0.0755,0.0354,-0.0157,-0.0050,-0.0012,-0.0313,-0.0068,-49,-0.0015,0.0075,0,0,0,278,2,18,3124,0.9392,0.9994,0.0006,0.0608,0.9929,0.9392,0.9653,0.9625,0.9385,0.9329,13,29,0,10,9,10
163,WLNM_dir_neg_kfold,0.7797,0.6804,00:00:05,10,90,3,21348,fixed,0.5000,0.9091,0.3448,0.5000,10,1,19,57,0.3448,0.9828,0.0172,0.6552,0.9091,0.3448,0.5000,0.7701,0.6245,0.3878,0.4647,0.3276,298,269,29,0,298,0,269,0,29,59,296,0.0865,2.6240,10.0339,5.2857,5.2857,9.0553,0.9025,0.3863,9.3042,1.8546,0.6561,3.8796,0.7733,0.3595,0.9406,0.3585,3.6919,0.3851,0.2318,373,0.0115,0.1827,0.0508,0.8983,0.0508,59,278,0.0812,1,9.4237,4.8772,4.9643,8.5464,0.9069,0.3937,8.6424,1.8342,0.6414,3.8954,0.8267,0.3921,0,0,0,0.3553,0.2257,320,0.0098,0.1774,0.0339,0.9153,0.0508,-18,-0.0053,-1.6240,-0.6102,-0.4085,-0.3214,-0.5089,0.0044,0.0074,-0.6618,-0.0204,-0.0147,0.0158,0.0534,0.0327,-0.9406,-0.3585,-3.6919,-0.0298,-0.0061,-53,-0.0016,-0.0053,-0.0169,0.0169,0,277,1,19,3125,0.9358,0.9997,0.0003,0.0642,0.9964,0.9358,0.9652,0.9625,0.9355,0.9327,11,29,0,10,9,10
164,WLNM_dir_neg_kfold,0.6320,0.5279,00:00:06,10,90,4,21349,fixed,0.5000,0.7692,0.3448,0.4762,10,3,19,55,0.3448,0.9483,0.0517,0.6552,0.7692,0.3448,0.4762,0.7471,0.6169,0.3400,0.3876,0.2931,298,269,29,0,298,0,269,0,29,59,296,0.0865,2.6240,10.0339,5.2857,5.2857,9.0553,0.9025,0.3863,9.3042,1.8546,0.6561,3.8796,0.7733,0.3595,0.9406,0.3585,3.6919,0.3851,0.2318,373,0.0115,0.1827,0.0508,0.8983,0.0508,59,280,0.0818,2.6731,9.4915,5,5,8.5468,0.9005,0.3931,8.6614,1.8251,0.6449,3.9418,0.8306,0.3970,0.9761,0.3652,3.9816,0.3536,0.2260,323,0.0099,0.1807,0.0508,0.8983,0.0508,-16,-0.0047,0.0491,-0.5424,-0.2857,-0.2857,-0.5085,-0.0020,0.0068,-0.6428,-0.0295,-0.0112,0.0622,0.0573,0.0375,0.0355,0.0067,0.2897,-0.0315,-0.0058,-50,-0.0015,-0.0020,0,0,0,277,3,19,3123,0.9358,0.9990,0.0010,0.0642,0.9893,0.9358,0.9618,0.9587,0.9349,0.9264,13,29,0,10,9,10
165,WLNM_dir_neg_kfold,0.6388,0.5754,00:00:05,10,90,5,21350,fixed,0.5000,0.9167,0.3793,0.5366,11,1,18,57,0.3793,0.9828,0.0172,0.6207,0.9167,0.3793,0.5366,0.7816,0.6207,0.4242,0.4950,0.3621,298,269,29,0,298,0,269,0,29,59,296,0.0865,2.6240,10.0339,5.2857,5.2857,9.0553,0.9025,0.3863,9.3042,1.8546,0.6561,3.8796,0.7733,0.3595,0.9406,0.3585,3.6919,0.3851,0.2318,373,0.0115,0.1827,0.0508,0.8983,0.0508,59,279,0.0815,2.6257,9.4576,4.9821,4.9821,8.5042,0.8992,0.3904,8.6559,1.8305,0.6467,3.8811,0.8207,0.3878,0.9413,0.3585,3.6922,0.3585,0.2266,323,0.0099,0.1839,0.0508,0.8983,0.0508,-17,-0.0050,0.0016,-0.5763,-0.3036,-0.3036,-0.5511,-0.0033,0.0041,-0.6483,-0.0241,-0.0094,0.0015,0.0474,0.0283,0.0007,0.0000,0.0004,-0.0266,-0.0053,-50,-0.0015,0.0012,0,0,0,278,1,18,3125,0.9392,0.9997,0.0003,0.0608,0.9964,0.9392,0.9670,0.9644,0.9389,0.9360,12,29,0,10,9,10
166,WLNM_dir_neg_kfold,0.5592,0.5146,00:00:05,10,90,6,21351,fixed,0.5000,0.7857,0.3793,0.5116,11,3,18,55,0.3793,0.9483,0.0517,0.6207,0.7857,0.3793,0.5116,0.7586,0.6130,0.3762,0.4203,0.3276,298,269,29,0,298,0,269,0,29,59,296,0.0865,2.6240,10.0339,5.2857,5.2857,9.0553,0.9025,0.3863,9.3042,1.8546,0.6561,3.8796,0.7733,0.3595,0.9406,0.3585,3.6919,0.3851,0.2318,373,0.0115,0.1827,0.0508,0.8983,0.0508,59,281,0.0821,1,9.5254,4.9298,4.9298,8.5830,0.9011,0.3914,8.6330,1.8126,0.6386,3.9099,0.8209,0.3894,0,0,0,0.3568,0.2259,322,0.0099,0.1790,0.0339,0.9322,0.0339,-15,-0.0044,-1.6240,-0.5085,-0.3559,-0.3559,-0.4723,-0.0014,0.0051,-0.6712,-0.0419,-0.0175,0.0303,0.0476,0.0299,-0.9406,-0.3585,-3.6919,-0.0283,-0.0060,-51,-0.0016,-0.0037,-0.0169,0.0339,-0.0169,278,3,18,3123,0.9392,0.9990,0.0010,0.0608,0.9893,0.9392,0.9636,0.9606,0.9382,0.9298,14,29,0,10,9,10
167,WLNM_dir_neg_kfold,0.6911,0.5990,00:00:05,10,90,7,21352,fixed,0.5000,0.8462,0.3793,0.5238,11,2,18,56,0.3793,0.9655,0.0345,0.6207,0.8462,0.3793,0.5238,0.7701,0.6169,0.4000,0.4560,0.3448,298,269,29,0,298,0,269,0,29,59,296,0.0865,2.6240,10.0339,5.2857,5.2857,9.0553,0.9025,0.3863,9.3042,1.8546,0.6561,3.8796,0.7733,0.3595,0.9406,0.3585,3.6919,0.3851,0.2318,373,0.0115,0.1827,0.0508,0.8983,0.0508,59,280,0.0818,2.6251,9.4915,5,5,8.6111,0.9072,0.3933,8.7249,1.8385,0.6453,3.9896,0.8407,0.3937,0.9408,0.3584,3.6922,0.3626,0.2269,329,0.0101,0.1890,0.0508,0.8983,0.0508,-16,-0.0047,0.0011,-0.5424,-0.2857,-0.2857,-0.4442,0.0048,0.0070,-0.5793,-0.0161,-0.0108,0.1100,0.0674,0.0342,0.0002,-0.0001,0.0004,-0.0225,-0.0049,-44,-0.0014,0.0063,0,0,0,278,2,18,3124,0.9392,0.9994,0.0006,0.0608,0.9929,0.9392,0.9653,0.9625,0.9385,0.9329,13,29,0,10,9,10
168,WLNM_dir_neg_kfold,0.7441,0.6524,00:00:05,10,90,8,21353,fixed,0.5000,0.7500,0.4138,0.5333,12,4,17,54,0.4138,0.9310,0.0690,0.5862,0.7500,0.4138,0.5333,0.7586,0.6054,0.3883,0.4196,0.3448,298,269,29,0,298,0,269,0,29,59,296,0.0865,2.6240,10.0339,5.2857,5.2857,9.0553,0.9025,0.3863,9.3042,1.8546,0.6561,3.8796,0.7733,0.3595,0.9406,0.3585,3.6919,0.3851,0.2318,373,0.0115,0.1827,0.0508,0.8983,0.0508,59,283,0.0827,7.6347,9.5932,4.9649,5.0536,8.5321,0.8894,0.3872,8.6159,1.7962,0.6317,4.0291,0.8400,0.3954,4.5261,0.5928,13.5477,0.3453,0.2235,325,0.0100,0.1715,0.0339,0.9153,0.0508,-13,-0.0038,5.0107,-0.4407,-0.3208,-0.2321,-0.5232,-0.0131,0.0009,-0.6883,-0.0583,-0.0244,0.1495,0.0667,0.0359,3.5855,0.2344,9.8559,-0.0398,-0.0083,-48,-0.0015,-0.0112,-0.0169,0.0169,0,279,4,17,3122,0.9426,0.9987,0.0013,0.0574,0.9859,0.9426,0.9637,0.9607,0.9413,0.9300,16,29,0,10,9,10
169,WLNM_dir_neg_kfold,0.8035,0.6566,00:00:05,10,90,9,21354,fixed,0.5000,0.7333,0.3793,0.5000,11,4,18,54,0.3793,0.9310,0.0690,0.6207,0.7333,0.3793,0.5000,0.7471,0.6092,0.3529,0.3873,0.3103,298,269,29,0,298,0,269,0,29,59,296,0.0865,2.6240,10.0339,5.2857,5.2857,9.0553,0.9025,0.3863,9.3042,1.8546,0.6561,3.8796,0.7733,0.3595,0.9406,0.3585,3.6919,0.3851,0.2318,373,0.0115,0.1827,0.0508,0.8983,0.0508,59,282,0.0824,2.6299,9.5593,5.0357,4.9474,8.6508,0.9050,0.3941,8.6981,1.8198,0.6470,3.9830,0.8333,0.3886,0.9419,0.3582,3.6902,0.3600,0.2295,333,0.0102,0.1829,0.0508,0.9153,0.0339,-14,-0.0041,0.0059,-0.4746,-0.2500,-0.3383,-0.4045,0.0025,0.0078,-0.6061,-0.0347,-0.0091,0.1034,0.0600,0.0291,0.0013,-0.0003,-0.0017,-0.0250,-0.0023,-40,-0.0012,0.0002,0,0.0169,-0.0169,278,4,18,3122,0.9392,0.9987,0.0013,0.0608,0.9858,0.9392,0.9619,0.9588,0.9379,0.9267,15,29,0,10,9,10
170,WLNM_dir_neg_kfold,0.4893,0.5241,00:00:05,10,90,10,21355,fixed,0.5000,0.7857,0.3793,0.5116,11,3,18,55,0.3793,0.9483,0.0517,0.6207,0.7857,0.3793,0.5116,0.7586,0.6130,0.3762,0.4203,0.3276,298,269,29,0,298,0,269,0,29,59,296,0.0865,2.6240,10.0339,5.2857,5.2857,9.0553,0.9025,0.3863,9.3042,1.8546,0.6561,3.8796,0.7733,0.3595,0.9406,0.3585,3.6919,0.3851,0.2318,373,0.0115,0.1827,0.0508,0.8983,0.0508,59,281,0.0821,2.6405,9.5254,5.0179,5.0179,8.4779,0.8900,0.3862,8.6390,1.8139,0.6430,3.9275,0.8246,0.3916,0.9435,0.3573,3.7343,0.3607,0.2274,326,0.0100,0.1792,0.0508,0.8983,0.0508,-15,-0.0044,0.0165,-0.5085,-0.2679,-0.2679,-0.5774,-0.0124,-0.0001,-0.6652,-0.0407,-0.0131,0.0479,0.0513,0.0321,0.0029,-0.0012,0.0425,-0.0244,-0.0044,-47,-0.0014,-0.0035,0,0,0,278,3,18,3123,0.9392,0.9990,0.0010,0.0608,0.9893,0.9392,0.9636,0.9606,0.9382,0.9298,14,29,0,10,9,10
171,WLNM_dir_neg_kfold,0.7158,0.5782,00:00:05,10,90,11,21356,fixed,0.5000,0.6667,0.3448,0.4545,10,5,19,53,0.3448,0.9138,0.0862,0.6552,0.6667,0.3448,0.4545,0.7241,0.6092,0.2941,0.3227,0.2586,298,269,29,0,298,0,269,0,29,59,296,0.0865,2.6240,10.0339,5.2857,5.2857,9.0553,0.9025,0.3863,9.3042,1.8546,0.6561,3.8796,0.7733,0.3595,0.9406,0.3585,3.6919,0.3851,0.2318,373,0.0115,0.1827,0.0508,0.8983,0.0508,59,282,0.0824,2.6122,9.5593,5.0357,5.0357,8.5868,0.8983,0.3955,8.6763,1.8153,0.6436,4.0474,0.8468,0.4009,0.9162,0.3507,3.6246,0.3537,0.2294,334,0.0103,0.1842,0.0508,0.8983,0.0508,-14,-0.0041,-0.0118,-0.4746,-0.2500,-0.2500,-0.4685,-0.0042,0.0092,-0.6279,-0.0393,-0.0125,0.1678,0.0735,0.0414,-0.0245,-0.0077,-0.0673,-0.0313,-0.0024,-39,-0.0012,0.0015,0,0,0,277,5,19,3121,0.9358,0.9984,0.0016,0.0642,0.9823,0.9358,0.9585,0.9550,0.9342,0.9203,15,29,0,10,9,10
172,WLNM_dir_neg_kfold,0.6905,0.6151,00:00:05,10,90,12,21357,fixed,0.5000,0.9091,0.3448,0.5000,10,1,19,57,0.3448,0.9828,0.0172,0.6552,0.9091,0.3448,0.5000,0.7701,0.6245,0.3878,0.4647,0.3276,298,269,29,0,298,0,269,0,29,59,296,0.0865,2.6240,10.0339,5.2857,5.2857,9.0553,0.9025,0.3863,9.3042,1.8546,0.6561,3.8796,0.7733,0.3595,0.9406,0.3585,3.6919,0.3851,0.2318,373,0.0115,0.1827,0.0508,0.8983,0.0508,59,278,0.0812,3.1324,9.4237,4.8772,4.9643,8.5706,0.9095,0.3960,8.6424,1.8342,0.6414,3.9525,0.8388,0.3957,0.9284,0.2964,4.0607,0.3669,0.2257,323,0.0099,0.1833,0.0339,0.9153,0.0508,-18,-0.0053,0.5084,-0.6102,-0.4085,-0.3214,-0.4847,0.0070,0.0097,-0.6618,-0.0204,-0.0147,0.0729,0.0655,0.0362,-0.0123,-0.0621,0.3689,-0.0182,-0.0061,-50,-0.0015,0.0006,-0.0169,0.0169,0,277,1,19,3125,0.9358,0.9997,0.0003,0.0642,0.9964,0.9358,0.9652,0.9625,0.9355,0.9327,11,29,0,10,9,10
173,WLNM_dir_neg_kfold,0.6507,0.5611,00:00:05,10,90,13,21358,fixed,0.5000,0.8462,0.3793,0.5238,11,2,18,56,0.3793,0.9655,0.0345,0.6207,0.8462,0.3793,0.5238,0.7701,0.6169,0.4000,0.4560,0.3448,298,269,29,0,298,0,269,0,29,59,296,0.0865,2.6240,10.0339,5.2857,5.2857,9.0553,0.9025,0.3863,9.3042,1.8546,0.6561,3.8796,0.7733,0.3595,0.9406,0.3585,3.6919,0.3851,0.2318,373,0.0115,0.1827,0.0508,0.8983,0.0508,59,280,0.0818,2.6563,9.4915,5,5,8.5548,0.9013,0.3916,8.6435,1.8213,0.6438,3.8756,0.8166,0.3863,0.9503,0.3578,3.7053,0.3547,0.2259,321,0.0099,0.1779,0.0508,0.8983,0.0508,-16,-0.0047,0.0322,-0.5424,-0.2857,-0.2857,-0.5005,-0.0012,0.0053,-0.6607,-0.0332,-0.0123,-0.0040,0.0433,0.0268,0.0097,-0.0007,0.0135,-0.0304,-0.0059,-52,-0.0016,-0.0048,0,0,0,278,2,18,3124,0.9392,0.9994,0.0006,0.0608,0.9929,0.9392,0.9653,0.9625,0.9385,0.9329,13,29,0,10,9,10
174,WLNM_dir_neg_kfold,0.5981,0.4987,00:00:05,10,90,14,21359,fixed,0.5000,0.7857,0.3793,0.5116,11,3,18,55,0.3793,0.9483,0.0517,0.6207,0.7857,0.3793,0.5116,0.7586,0.6130,0.3762,0.4203,0.3276,298,269,29,0,298,0,269,0,29,59,296,0.0865,2.6240,10.0339,5.2857,5.2857,9.0553,0.9025,0.3863,9.3042,1.8546,0.6561,3.8796,0.7733,0.3595,0.9406,0.3585,3.6919,0.3851,0.2318,373,0.0115,0.1827,0.0508,0.8983,0.0508,59,281,0.0821,2.6313,9.5254,5.0179,4.9298,8.6231,0.9053,0.3947,8.6430,1.8147,0.6418,4.0058,0.8411,0.3944,0.9487,0.3605,3.6923,0.3511,0.2258,325,0.0100,0.1811,0.0508,0.9153,0.0339,-15,-0.0044,0.0073,-0.5085,-0.2679,-0.3559,-0.4323,0.0028,0.0083,-0.6612,-0.0398,-0.0143,0.1261,0.0678,0.0349,0.0081,0.0021,0.0004,-0.0340,-0.0060,-48,-0.0015,-0.0016,0,0.0169,-0.0169,278,3,18,3123,0.9392,0.9990,0.0010,0.0608,0.9893,0.9392,0.9636,0.9606,0.9382,0.9298,14,29,0,10,9,10
175,WLNM_dir_neg_kfold,0.5820,0.5069,00:00:05,10,90,15,21360,fixed,0.5000,0.6667,0.3448,0.4545,10,5,19,53,0.3448,0.9138,0.0862,0.6552,0.6667,0.3448,0.4545,0.7241,0.6092,0.2941,0.3227,0.2586,298,269,29,0,298,0,269,0,29,59,296,0.0865,2.6240,10.0339,5.2857,5.2857,9.0553,0.9025,0.3863,9.3042,1.8546,0.6561,3.8796,0.7733,0.3595,0.9406,0.3585,3.6919,0.3851,0.2318,373,0.0115,0.1827,0.0508,0.8983,0.0508,59,282,0.0824,2.6154,9.5593,5.0357,5.0357,8.5908,0.8987,0.3924,8.6425,1.8082,0.6403,4.1526,0.8688,0.4020,0.9225,0.3527,3.5572,0.3615,0.2236,324,0.0100,0.1925,0.0508,0.8983,0.0508,-14,-0.0041,-0.0086,-0.4746,-0.2500,-0.2500,-0.4645,-0.0038,0.0061,-0.6618,-0.0464,-0.0158,0.2729,0.0955,0.0425,-0.0181,-0.0057,-0.1347,-0.0236,-0.0082,-49,-0.0015,0.0098,0,0,0,277,5,19,3121,0.9358,0.9984,0.0016,0.0642,0.9823,0.9358,0.9585,0.9550,0.9342,0.9203,15,29,0,10,9,10
176,WLNM_dir_neg_kfold,0.6795,0.5941,00:00:05,10,90,16,21361,fixed,0.5000,0.8182,0.3103,0.4500,9,2,20,56,0.3103,0.9655,0.0345,0.6897,0.8182,0.3103,0.4500,0.7471,0.6245,0.3265,0.3913,0.2759,298,269,29,0,298,0,269,0,29,59,296,0.0865,2.6240,10.0339,5.2857,5.2857,9.0553,0.9025,0.3863,9.3042,1.8546,0.6561,3.8796,0.7733,0.3595,0.9406,0.3585,3.6919,0.3851,0.2318,373,0.0115,0.1827,0.0508,0.8983,0.0508,59,278,0.0812,2.6223,9.4237,4.9643,4.9643,8.5505,0.9073,0.3953,8.6822,1.8426,0.6497,3.9525,0.8388,0.3957,0.9309,0.3550,3.6319,0.3587,0.2262,323,0.0099,0.1847,0.0508,0.8983,0.0508,-18,-0.0053,-0.0017,-0.6102,-0.3214,-0.3214,-0.5049,0.0049,0.0089,-0.6220,-0.0119,-0.0064,0.0729,0.0655,0.0362,-0.0097,-0.0035,-0.0600,-0.0264,-0.0056,-50,-0.0015,0.0020,0,0,0,276,2,20,3124,0.9324,0.9994,0.0006,0.0676,0.9928,0.9324,0.9617,0.9587,0.9318,0.9262,11,29,0,10,9,10
177,WLNM_dir_neg_kfold,0.6968,0.5485,00:00:05,10,90,17,21362,fixed,0.5000,0.8182,0.3103,0.4500,9,2,20,56,0.3103,0.9655,0.0345,0.6897,0.8182,0.3103,0.4500,0.7471,0.6245,0.3265,0.3913,0.2759,298,269,29,0,298,0,269,0,29,59,296,0.0865,2.6240,10.0339,5.2857,5.2857,9.0553,0.9025,0.3863,9.3042,1.8546,0.6561,3.8796,0.7733,0.3595,0.9406,0.3585,3.6919,0.3851,0.2318,373,0.0115,0.1827,0.0508,0.8983,0.0508,59,278,0.0812,2.6279,9.4237,4.9643,4.9643,8.5847,0.9110,0.3970,8.6643,1.8388,0.6486,3.9699,0.8425,0.3925,0.9440,0.3592,3.6927,0.3648,0.2310,331,0.0102,0.1859,0.0508,0.8983,0.0508,-18,-0.0053,0.0039,-0.6102,-0.3214,-0.3214,-0.4706,0.0085,0.0106,-0.6399,-0.0157,-0.0075,0.0903,0.0692,0.0330,0.0034,0.0008,0.0008,-0.0203,-0.0008,-42,-0.0013,0.0032,0,0,0,276,2,20,3124,0.9324,0.9994,0.0006,0.0676,0.9928,0.9324,0.9617,0.9587,0.9318,0.9262,11,29,0,10,9,10
178,WLNM_dir_neg_kfold,0.5841,0.5303,00:00:05,10,90,18,21363,fixed,0.5000,0.7692,0.3448,0.4762,10,3,19,55,0.3448,0.9483,0.0517,0.6552,0.7692,0.3448,0.4762,0.7471,0.6169,0.3400,0.3876,0.2931,298,269,29,0,298,0,269,0,29,59,296,0.0865,2.6240,10.0339,5.2857,5.2857,9.0553,0.9025,0.3863,9.3042,1.8546,0.6561,3.8796,0.7733,0.3595,0.9406,0.3585,3.6919,0.3851,0.2318,373,0.0115,0.1827,0.0508,0.8983,0.0508,59,280,0.0818,2.6320,9.4915,5,5,8.6351,0.9098,0.3949,8.7348,1.8405,0.6466,4.0240,0.8479,0.3990,0.9401,0.3572,3.6923,0.4158,0.2389,347,0.0107,0.1829,0.0508,0.8983,0.0508,-16,-0.0047,0.0079,-0.5424,-0.2857,-0.2857,-0.4202,0.0073,0.0086,-0.5695,-0.0140,-0.0095,0.1444,0.0746,0.0395,-0.0005,-0.0013,0.0004,0.0307,0.0071,-26,-0.0008,0.0002,0,0,0,277,3,19,3123,0.9358,0.9990,0.0010,0.0642,0.9893,0.9358,0.9618,0.9587,0.9349,0.9264,13,29,0,10,9,10
179,WLNM_dir_neg_kfold,0.5550,0.5717,00:00:06,10,90,19,21364,fixed,0.5000,1,0.3103,0.4737,9,0,20,58,0.3103,1,0,0.6897,1,0.3103,0.4737,0.7701,0.6322,0.3750,0.4804,0.3103,298,269,29,0,298,0,269,0,29,59,296,0.0865,2.6240,10.0339,5.2857,5.2857,9.0553,0.9025,0.3863,9.3042,1.8546,0.6561,3.8796,0.7733,0.3595,0.9406,0.3585,3.6919,0.3851,0.2318,373,0.0115,0.1827,0.0508,0.8983,0.0508,59,276,0.0807,2.6317,9.3559,4.9286,4.9286,8.5294,0.9117,0.3947,8.6552,1.8502,0.6486,3.8927,0.8321,0.3933,0.9458,0.3594,3.7015,0.3567,0.2266,320,0.0098,0.1836,0.0508,0.8983,0.0508,-20,-0.0058,0.0077,-0.6780,-0.3571,-0.3571,-0.5259,0.0092,0.0084,-0.6491,-0.0044,-0.0075,0.0131,0.0588,0.0338,0.0051,0.0009,0.0097,-0.0284,-0.0052,-53,-0.0016,0.0009,0,0,0,276,0,20,3126,0.9324,1,0,0.0676,1,0.9324,0.9650,0.9626,0.9324,0.9324,9,29,0,10,9,10
180,WLNM_dir_neg_kfold,0.6353,0.5501,00:00:05,10,90,20,21365,fixed,0.5000,0.7333,0.3793,0.5000,11,4,18,54,0.3793,0.9310,0.0690,0.6207,0.7333,0.3793,0.5000,0.7471,0.6092,0.3529,0.3873,0.3103,298,269,29,0,298,0,269,0,29,59,296,0.0865,2.6240,10.0339,5.2857,5.2857,9.0553,0.9025,0.3863,9.3042,1.8546,0.6561,3.8796,0.7733,0.3595,0.9406,0.3585,3.6919,0.3851,0.2318,373,0.0115,0.1827,0.0508,0.8983,0.0508,59,282,0.0824,2.9458,9.5593,4.9474,5.0357,8.4777,0.8869,0.3850,8.6305,1.8057,0.6366,3.9219,0.8205,0.3867,1.1126,0.3777,4.1715,0.3562,0.2264,325,0.0100,0.1726,0.0339,0.9153,0.0508,-14,-0.0041,0.3218,-0.4746,-0.3383,-0.2500,-0.5776,-0.0156,-0.0014,-0.6738,-0.0489,-0.0195,0.0423,0.0472,0.0272,0.1720,0.0192,0.4796,-0.0289,-0.0054,-48,-0.0015,-0.0101,-0.0169,0.0169,0,278,4,18,3122,0.9392,0.9987,0.0013,0.0608,0.9858,0.9392,0.9619,0.9588,0.9379,0.9267,15,29,0,10,9,10
181,WLNM_dir_neg_kfold,0.7229,0.6046,00:00:05,10,90,1,22346,fixed,0.5000,0.7143,0.3448,0.4651,10,4,19,54,0.3448,0.9310,0.0690,0.6552,0.7143,0.3448,0.4651,0.7356,0.6130,0.3168,0.3539,0.2759,298,269,29,0,298,0,269,0,29,59,296,0.0865,2.6240,10.0339,5.2857,5.2857,9.0553,0.9025,0.3863,9.3042,1.8546,0.6561,3.8796,0.7733,0.3595,0.9406,0.3585,3.6919,0.3851,0.2318,373,0.0115,0.1827,0.0508,0.8983,0.0508,59,281,0.0821,2.5543,9.5254,5.1091,5.0179,8.6171,0.9046,0.3910,8.7776,1.8430,0.6488,3.8967,0.8182,0.3772,0.9035,0.3537,3.5540,0.3212,0.2203,324,0.0100,0.1901,0.0678,0.8814,0.0508,-15,-0.0044,-0.0697,-0.5085,-0.1766,-0.2679,-0.4383,0.0022,0.0047,-0.5266,-0.0116,-0.0073,0.0171,0.0449,0.0177,-0.0371,-0.0048,-0.1378,-0.0639,-0.0115,-49,-0.0015,0.0074,0.0169,-0.0169,0,277,4,19,3122,0.9358,0.9987,0.0013,0.0642,0.9858,0.9358,0.9601,0.9569,0.9345,0.9233,14,29,0,10,10,10
182,WLNM_dir_neg_kfold,0.6793,0.5319,00:00:05,10,90,2,22347,fixed,0.5000,0.6667,0.3448,0.4545,10,5,19,53,0.3448,0.9138,0.0862,0.6552,0.6667,0.3448,0.4545,0.7241,0.6092,0.2941,0.3227,0.2586,298,269,29,0,298,0,269,0,29,59,296,0.0865,2.6240,10.0339,5.2857,5.2857,9.0553,0.9025,0.3863,9.3042,1.8546,0.6561,3.8796,0.7733,0.3595,0.9406,0.3585,3.6919,0.3851,0.2318,373,0.0115,0.1827,0.0508,0.8983,0.0508,59,282,0.0824,1,9.5593,4.9474,4.9474,8.5848,0.8981,0.3914,8.5884,1.7969,0.6364,3.8688,0.8094,0.3707,0,0,0,0.3701,0.2337,333,0.0102,0.1716,0.0339,0.9322,0.0339,-14,-0.0041,-1.6240,-0.4746,-0.3383,-0.3383,-0.4705,-0.0044,0.0051,-0.7158,-0.0577,-0.0197,-0.0108,0.0361,0.0112,-0.9406,-0.3585,-3.6919,-0.0149,0.0019,-40,-0.0012,-0.0111,-0.0169,0.0339,-0.0169,277,5,19,3121,0.9358,0.9984,0.0016,0.0642,0.9823,0.9358,0.9585,0.9550,0.9342,0.9203,15,29,0,10,10,10
183,WLNM_dir_neg_kfold,0.7872,0.6240,00:00:05,10,90,3,22348,fixed,0.5000,0.7143,0.3448,0.4651,10,4,19,54,0.3448,0.9310,0.0690,0.6552,0.7143,0.3448,0.4651,0.7356,0.6130,0.3168,0.3539,0.2759,298,269,29,0,298,0,269,0,29,59,296,0.0865,2.6240,10.0339,5.2857,5.2857,9.0553,0.9025,0.3863,9.3042,1.8546,0.6561,3.8796,0.7733,0.3595,0.9406,0.3585,3.6919,0.3851,0.2318,373,0.0115,0.1827,0.0508,0.8983,0.0508,59,281,0.0821,2.8676,9.5254,5.0179,5.0179,8.5629,0.8989,0.3941,8.5990,1.8055,0.6424,4.0783,0.8563,0.3820,1.0995,0.3834,4.0625,0.3835,0.2352,340,0.0105,0.1868,0.0508,0.8983,0.0508,-15,-0.0044,0.2435,-0.5085,-0.2679,-0.2679,-0.4925,-0.0035,0.0077,-0.7052,-0.0491,-0.0137,0.1987,0.0830,0.0226,0.1589,0.0250,0.3706,-0.0015,0.0034,-33,-0.0010,0.0041,0,0,0,277,4,19,3122,0.9358,0.9987,0.0013,0.0642,0.9858,0.9358,0.9601,0.9569,0.9345,0.9233,14,29,0,10,10,10
184,WLNM_dir_neg_kfold,0.8995,0.7524,00:00:05,10,90,4,22349,fixed,0.5000,0.7273,0.2759,0.4000,8,3,21,55,0.2759,0.9483,0.0517,0.7241,0.7273,0.2759,0.4000,0.7241,0.6245,0.2653,0.3179,0.2241,298,269,29,0,298,0,269,0,29,59,296,0.0865,2.6240,10.0339,5.2857,5.2857,9.0553,0.9025,0.3863,9.3042,1.8546,0.6561,3.8796,0.7733,0.3595,0.9406,0.3585,3.6919,0.3851,0.2318,373,0.0115,0.1827,0.0508,0.8983,0.0508,59,278,0.0812,4.5668,9.4237,4.8772,4.9643,8.4102,0.8924,0.3897,8.4894,1.8017,0.6350,3.9175,0.8314,0.3801,2.1234,0.4650,6.8572,0.3270,0.2254,318,0.0098,0.1784,0.0339,0.9153,0.0508,-18,-0.0053,1.9428,-0.6102,-0.4085,-0.3214,-0.6451,-0.0100,0.0034,-0.8148,-0.0528,-0.0210,0.0379,0.0581,0.0206,1.1828,0.1065,3.1653,-0.0581,-0.0064,-55,-0.0017,-0.0043,-0.0169,0.0169,0,275,3,21,3123,0.9291,0.9990,0.0010,0.0709,0.9892,0.9291,0.9582,0.9549,0.9281,0.9197,11,29,0,10,10,10
185,WLNM_dir_neg_kfold,0.6926,0.5910,00:00:05,10,90,5,22350,fixed,0.5000,0.6923,0.3103,0.4286,9,4,20,54,0.3103,0.9310,0.0690,0.6897,0.6923,0.3103,0.4286,0.7241,0.6169,0.2800,0.3192,0.2414,298,269,29,0,298,0,269,0,29,59,296,0.0865,2.6240,10.0339,5.2857,5.2857,9.0553,0.9025,0.3863,9.3042,1.8546,0.6561,3.8796,0.7733,0.3595,0.9406,0.3585,3.6919,0.3851,0.2318,373,0.0115,0.1827,0.0508,0.8983,0.0508,59,280,0.0818,2.5771,9.4915,5.0909,4.9123,8.4535,0.8906,0.3895,8.5068,1.7925,0.6447,3.8219,0.8053,0.3742,0.9222,0.3579,3.5764,0.3184,0.2244,316,0.0097,0.1835,0.0678,0.8983,0.0339,-16,-0.0047,-0.0470,-0.5424,-0.1948,-0.3734,-0.6019,-0.0118,0.0032,-0.7975,-0.0621,-0.0114,-0.0578,0.0320,0.0147,-0.0184,-0.0006,-0.1155,-0.0667,-0.0074,-57,-0.0018,0.0008,0.0169,0,-0.0169,276,4,20,3122,0.9324,0.9987,0.0013,0.0676,0.9857,0.9324,0.9583,0.9549,0.9312,0.9200,13,29,0,10,10,10
186,WLNM_dir_neg_kfold,0.7613,0.6106,00:00:05,10,90,6,22351,fixed,0.5000,0.9091,0.3448,0.5000,10,1,19,57,0.3448,0.9828,0.0172,0.6552,0.9091,0.3448,0.5000,0.7701,0.6245,0.3878,0.4647,0.3276,298,269,29,0,298,0,269,0,29,59,296,0.0865,2.6240,10.0339,5.2857,5.2857,9.0553,0.9025,0.3863,9.3042,1.8546,0.6561,3.8796,0.7733,0.3595,0.9406,0.3585,3.6919,0.3851,0.2318,373,0.0115,0.1827,0.0508,0.8983,0.0508,59,278,0.0812,2.6597,9.4237,4.9643,4.9643,8.4245,0.8940,0.3925,8.5016,1.8043,0.6407,3.8239,0.8116,0.3765,0.9517,0.3578,3.7117,0.3137,0.2226,312,0.0096,0.1758,0.0508,0.8983,0.0508,-18,-0.0053,0.0357,-0.6102,-0.3214,-0.3214,-0.6308,-0.0085,0.0061,-0.8026,-0.0503,-0.0154,-0.0557,0.0383,0.0171,0.0111,-0.0006,0.0199,-0.0714,-0.0092,-61,-0.0019,-0.0069,0,0,0,277,1,19,3125,0.9358,0.9997,0.0003,0.0642,0.9964,0.9358,0.9652,0.9625,0.9355,0.9327,11,29,0,10,10,10
187,WLNM_dir_neg_kfold,0.6578,0.5180,00:00:05,10,90,7,22352,fixed,0.5000,0.7692,0.3448,0.4762,10,3,19,55,0.3448,0.9483,0.0517,0.6552,0.7692,0.3448,0.4762,0.7471,0.6169,0.3400,0.3876,0.2931,298,269,29,0,298,0,269,0,29,59,296,0.0865,2.6240,10.0339,5.2857,5.2857,9.0553,0.9025,0.3863,9.3042,1.8546,0.6561,3.8796,0.7733,0.3595,0.9406,0.3585,3.6919,0.3851,0.2318,373,0.0115,0.1827,0.0508,0.8983,0.0508,59,280,0.0818,2.5953,9.4915,5.0909,5,8.5528,0.9011,0.3952,8.5895,1.8099,0.6458,3.9505,0.8324,0.3845,0.9364,0.3608,3.7536,0.3724,0.2371,338,0.0104,0.1810,0.0678,0.8814,0.0508,-16,-0.0047,-0.0288,-0.5424,-0.1948,-0.2857,-0.5025,-0.0014,0.0088,-0.7148,-0.0446,-0.0103,0.0709,0.0591,0.0250,-0.0042,0.0023,0.0617,-0.0127,0.0053,-35,-0.0011,-0.0018,0.0169,-0.0169,0,277,3,19,3123,0.9358,0.9990,0.0010,0.0642,0.9893,0.9358,0.9618,0.9587,0.9349,0.9264,13,29,0,10,10,10
188,WLNM_dir_neg_kfold,0.7476,0.5502,00:00:05,10,90,8,22353,fixed,0.5000,0.6667,0.2759,0.3902,8,4,21,54,0.2759,0.9310,0.0690,0.7241,0.6667,0.2759,0.3902,0.7126,0.6207,0.2424,0.2828,0.2069,298,269,29,0,298,0,269,0,29,59,296,0.0865,2.6240,10.0339,5.2857,5.2857,9.0553,0.9025,0.3863,9.3042,1.8546,0.6561,3.8796,0.7733,0.3595,0.9406,0.3585,3.6919,0.3851,0.2318,373,0.0115,0.1827,0.0508,0.8983,0.0508,59,279,0.0815,2.5362,9.4576,5.0727,4.8947,8.5990,0.9092,0.3933,8.6160,1.8220,0.6521,3.8767,0.8198,0.3745,0.8979,0.3541,3.5411,0.3750,0.2371,338,0.0104,0.1846,0.0678,0.8983,0.0339,-17,-0.0050,-0.0878,-0.5763,-0.2130,-0.3910,-0.4564,0.0067,0.0070,-0.6882,-0.0325,-0.0040,-0.0029,0.0465,0.0150,-0.0427,-0.0044,-0.1508,-0.0100,0.0053,-35,-0.0011,0.0019,0.0169,0,-0.0169,275,4,21,3122,0.9291,0.9987,0.0013,0.0709,0.9857,0.9291,0.9565,0.9530,0.9278,0.9167,12,29,0,10,10,10
189,WLNM_dir_neg_kfold,0.7711,0.5822,00:00:05,10,90,9,22354,fixed,0.5000,0.6471,0.3793,0.4783,11,6,18,52,0.3793,0.8966,0.1034,0.6207,0.6471,0.3793,0.4783,0.7241,0.6015,0.3077,0.3280,0.2759,298,269,29,0,298,0,269,0,29,59,296,0.0865,2.6240,10.0339,5.2857,5.2857,9.0553,0.9025,0.3863,9.3042,1.8546,0.6561,3.8796,0.7733,0.3595,0.9406,0.3585,3.6919,0.3851,0.2318,373,0.0115,0.1827,0.0508,0.8983,0.0508,59,284,0.0830,4.6049,9.6271,4.9825,5.0714,8.5800,0.8912,0.3883,8.6870,1.8047,0.6392,3.9061,0.8115,0.3736,1.6663,0.3619,6,0.3255,0.2246,328,0.0101,0.1808,0.0339,0.9153,0.0508,-12,-0.0035,1.9809,-0.4068,-0.3033,-0.2143,-0.4753,-0.0112,0.0019,-0.6172,-0.0499,-0.0169,0.0265,0.0382,0.0141,0.7257,0.0034,2.3081,-0.0595,-0.0072,-45,-0.0014,-0.0019,-0.0169,0.0169,0,278,6,18,3120,0.9392,0.9981,0.0019,0.0608,0.9789,0.9392,0.9586,0.9550,0.9373,0.9205,17,29,0,10,10,10
190,WLNM_dir_neg_kfold,0.8698,0.7183,00:00:05,10,90,10,22355,fixed,0.5000,0.7692,0.3448,0.4762,10,3,19,55,0.3448,0.9483,0.0517,0.6552,0.7692,0.3448,0.4762,0.7471,0.6169,0.3400,0.3876,0.2931,298,269,29,0,298,0,269,0,29,59,296,0.0865,2.6240,10.0339,5.2857,5.2857,9.0553,0.9025,0.3863,9.3042,1.8546,0.6561,3.8796,0.7733,0.3595,0.9406,0.3585,3.6919,0.3851,0.2318,373,0.0115,0.1827,0.0508,0.8983,0.0508,59,280,0.0818,2.5495,9.4915,5.0909,4.9123,8.5104,0.8966,0.3900,8.6952,1.8322,0.6495,3.8038,0.8015,0.3735,0.8792,0.3448,3.5518,0.3140,0.2211,320,0.0098,0.1852,0.0678,0.8983,0.0339,-16,-0.0047,-0.0745,-0.5424,-0.1948,-0.3734,-0.5449,-0.0058,0.0036,-0.6090,-0.0224,-0.0066,-0.0758,0.0282,0.0140,-0.0615,-0.0136,-0.1400,-0.0711,-0.0107,-53,-0.0016,0.0025,0.0169,0,-0.0169,277,3,19,3123,0.9358,0.9990,0.0010,0.0642,0.9893,0.9358,0.9618,0.9587,0.9349,0.9264,13,29,0,10,10,10
191,WLNM_dir_neg_kfold,0.7122,0.5685,00:00:05,10,90,11,22356,fixed,0.5000,0.8333,0.3448,0.4878,10,2,19,56,0.3448,0.9655,0.0345,0.6552,0.8333,0.3448,0.4878,0.7586,0.6207,0.3636,0.4243,0.3103,298,269,29,0,298,0,269,0,29,59,296,0.0865,2.6240,10.0339,5.2857,5.2857,9.0553,0.9025,0.3863,9.3042,1.8546,0.6561,3.8796,0.7733,0.3595,0.9406,0.3585,3.6919,0.3851,0.2318,373,0.0115,0.1827,0.0508,0.8983,0.0508,59,279,0.0815,3.1140,9.4576,4.8947,4.9821,8.4411,0.8925,0.3924,8.5052,1.7986,0.6379,3.8811,0.8207,0.3786,0.9202,0.2955,4.0568,0.3207,0.2227,316,0.0097,0.1814,0.0339,0.9153,0.0508,-17,-0.0050,0.4900,-0.5763,-0.3910,-0.3036,-0.6142,-0.0100,0.0060,-0.7990,-0.0560,-0.0182,0.0015,0.0474,0.0191,-0.0205,-0.0630,0.3649,-0.0644,-0.0091,-57,-0.0018,-0.0013,-0.0169,0.0169,0,277,2,19,3124,0.9358,0.9994,0.0006,0.0642,0.9928,0.9358,0.9635,0.9606,0.9352,0.9295,12,29,0,10,10,10
192,WLNM_dir_neg_kfold,0.6876,0.5620,00:00:05,10,90,12,22357,fixed,0.5000,0.9167,0.3793,0.5366,11,1,18,57,0.3793,0.9828,0.0172,0.6207,0.9167,0.3793,0.5366,0.7816,0.6207,0.4242,0.4950,0.3621,298,269,29,0,298,0,269,0,29,59,296,0.0865,2.6240,10.0339,5.2857,5.2857,9.0553,0.9025,0.3863,9.3042,1.8546,0.6561,3.8796,0.7733,0.3595,0.9406,0.3585,3.6919,0.3851,0.2318,373,0.0115,0.1827,0.0508,0.8983,0.0508,59,279,0.0815,2.5521,9.4576,5.0727,4.9821,8.5103,0.8998,0.3935,8.6020,1.8191,0.6499,3.9033,0.8254,0.3800,0.9036,0.3541,3.5814,0.3666,0.2337,334,0.0103,0.1866,0.0678,0.8814,0.0508,-17,-0.0050,-0.0720,-0.5763,-0.2130,-0.3036,-0.5450,-0.0026,0.0072,-0.7022,-0.0355,-0.0062,0.0237,0.0521,0.0206,-0.0370,-0.0044,-0.1104,-0.0185,0.0019,-39,-0.0012,0.0039,0.0169,-0.0169,0,278,1,18,3125,0.9392,0.9997,0.0003,0.0608,0.9964,0.9392,0.9670,0.9644,0.9389,0.9360,12,29,0,10,10,10
193,WLNM_dir_neg_kfold,0.8395,0.6710,00:00:05,10,90,13,22358,fixed,0.5000,0.9000,0.3103,0.4615,9,1,20,57,0.3103,0.9828,0.0172,0.6897,0.9000,0.3103,0.4615,0.7586,0.6284,0.3505,0.4332,0.2931,298,269,29,0,298,0,269,0,29,59,296,0.0865,2.6240,10.0339,5.2857,5.2857,9.0553,0.9025,0.3863,9.3042,1.8546,0.6561,3.8796,0.7733,0.3595,0.9406,0.3585,3.6919,0.3851,0.2318,373,0.0115,0.1827,0.0508,0.8983,0.0508,59,277,0.0809,2.5476,9.3898,5.0364,4.9464,8.5157,0.9069,0.3945,8.5928,1.8302,0.6497,3.9752,0.8467,0.3817,0.9021,0.3541,3.5734,0.3785,0.2357,337,0.0104,0.1884,0.0678,0.8814,0.0508,-19,-0.0056,-0.0764,-0.6441,-0.2494,-0.3393,-0.5396,0.0044,0.0082,-0.7114,-0.0243,-0.0064,0.0955,0.0734,0.0222,-0.0386,-0.0044,-0.1185,-0.0065,0.0038,-36,-0.0011,0.0057,0.0169,-0.0169,0,276,1,20,3125,0.9324,0.9997,0.0003,0.0676,0.9964,0.9324,0.9634,0.9606,0.9321,0.9293,10,29,0,10,10,10
194,WLNM_dir_neg_kfold,0.9013,0.7891,00:00:05,10,90,14,22359,fixed,0.5000,0.9231,0.4138,0.5714,12,1,17,57,0.4138,0.9828,0.0172,0.5862,0.9231,0.4138,0.5714,0.7931,0.6169,0.4600,0.5244,0.3966,298,269,29,0,298,0,269,0,29,59,296,0.0865,2.6240,10.0339,5.2857,5.2857,9.0553,0.9025,0.3863,9.3042,1.8546,0.6561,3.8796,0.7733,0.3595,0.9406,0.3585,3.6919,0.3851,0.2318,373,0.0115,0.1827,0.0508,0.8983,0.0508,59,280,0.0818,2.5589,9.4915,5.0909,5,8.6131,0.9075,0.3965,8.6873,1.8305,0.6513,3.9723,0.8370,0.3832,0.9158,0.3579,3.5823,0.3903,0.2397,348,0.0107,0.1868,0.0678,0.8814,0.0508,-16,-0.0047,-0.0651,-0.5424,-0.1948,-0.2857,-0.4422,0.0050,0.0102,-0.6170,-0.0240,-0.0048,0.0927,0.0637,0.0237,-0.0248,-0.0006,-0.1095,0.0052,0.0079,-25,-0.0008,0.0041,0.0169,-0.0169,0,279,1,17,3125,0.9426,0.9997,0.0003,0.0574,0.9964,0.9426,0.9688,0.9663,0.9422,0.9394,13,29,0,10,10,10
195,WLNM_dir_neg_kfold,0.8207,0.6197,00:00:05,10,90,15,22360,fixed,0.5000,0.7273,0.2759,0.4000,8,3,21,55,0.2759,0.9483,0.0517,0.7241,0.7273,0.2759,0.4000,0.7241,0.6245,0.2653,0.3179,0.2241,298,269,29,0,298,0,269,0,29,59,296,0.0865,2.6240,10.0339,5.2857,5.2857,9.0553,0.9025,0.3863,9.3042,1.8546,0.6561,3.8796,0.7733,0.3595,0.9406,0.3585,3.6919,0.3851,0.2318,373,0.0115,0.1827,0.0508,0.8983,0.0508,59,278,0.0812,2.6188,9.4237,4.9643,4.8772,8.4979,0.9018,0.3941,8.5037,1.8047,0.6425,3.8464,0.8163,0.3751,0.9402,0.3590,3.6858,0.3142,0.2222,312,0.0096,0.1842,0.0508,0.9153,0.0339,-18,-0.0053,-0.0052,-0.6102,-0.3214,-0.4085,-0.5574,-0.0007,0.0078,-0.8006,-0.0498,-0.0136,-0.0332,0.0430,0.0156,-0.0004,0.0005,-0.0061,-0.0709,-0.0096,-61,-0.0019,0.0015,0,0.0169,-0.0169,275,3,21,3123,0.9291,0.9990,0.0010,0.0709,0.9892,0.9291,0.9582,0.9549,0.9281,0.9197,11,29,0,10,10,10
196,WLNM_dir_neg_kfold,0.8323,0.6576,00:00:05,10,90,16,22361,fixed,0.5000,0.7857,0.3793,0.5116,11,3,18,55,0.3793,0.9483,0.0517,0.6207,0.7857,0.3793,0.5116,0.7586,0.6130,0.3762,0.4203,0.3276,298,269,29,0,298,0,269,0,29,59,296,0.0865,2.6240,10.0339,5.2857,5.2857,9.0553,0.9025,0.3863,9.3042,1.8546,0.6561,3.8796,0.7733,0.3595,0.9406,0.3585,3.6919,0.3851,0.2318,373,0.0115,0.1827,0.0508,0.8983,0.0508,59,281,0.0821,2.7970,9.5254,5.1091,5.0179,8.5002,0.8924,0.3924,8.5829,1.8021,0.6448,3.9842,0.8365,0.3839,1.1047,0.3950,4,0.3670,0.2337,335,0.0103,0.1846,0.0678,0.8814,0.0508,-15,-0.0044,0.1729,-0.5085,-0.1766,-0.2679,-0.5551,-0.0101,0.0060,-0.7213,-0.0524,-0.0113,0.1046,0.0632,0.0244,0.1641,0.0365,0.3081,-0.0181,0.0018,-38,-0.0012,0.0019,0.0169,-0.0169,0,278,3,18,3123,0.9392,0.9990,0.0010,0.0608,0.9893,0.9392,0.9636,0.9606,0.9382,0.9298,14,29,0,10,10,10
197,WLNM_dir_neg_kfold,0.7556,0.5828,00:00:05,10,90,17,22362,fixed,0.5000,0.7143,0.3448,0.4651,10,4,19,54,0.3448,0.9310,0.0690,0.6552,0.7143,0.3448,0.4651,0.7356,0.6130,0.3168,0.3539,0.2759,298,269,29,0,298,0,269,0,29,59,296,0.0865,2.6240,10.0339,5.2857,5.2857,9.0553,0.9025,0.3863,9.3042,1.8546,0.6561,3.8796,0.7733,0.3595,0.9406,0.3585,3.6919,0.3851,0.2318,373,0.0115,0.1827,0.0508,0.8983,0.0508,59,281,0.0821,2.5736,9.5254,5.1091,4.9298,8.6868,0.9120,0.3966,8.6130,1.8084,0.6493,3.8878,0.8163,0.3729,0.9286,0.3608,3.5704,0.3700,0.2337,333,0.0102,0.1866,0.0678,0.8983,0.0339,-15,-0.0044,-0.0504,-0.5085,-0.1766,-0.3559,-0.3685,0.0095,0.0102,-0.6912,-0.0461,-0.0068,0.0082,0.0430,0.0134,-0.0120,0.0023,-0.1214,-0.0151,0.0019,-40,-0.0012,0.0038,0.0169,0,-0.0169,277,4,19,3122,0.9358,0.9987,0.0013,0.0642,0.9858,0.9358,0.9601,0.9569,0.9345,0.9233,14,29,0,10,10,10
198,WLNM_dir_neg_kfold,0.7423,0.6309,00:00:06,10,90,18,22363,fixed,0.5000,0.9000,0.3103,0.4615,9,1,20,57,0.3103,0.9828,0.0172,0.6897,0.9000,0.3103,0.4615,0.7586,0.6284,0.3505,0.4332,0.2931,298,269,29,0,298,0,269,0,29,59,296,0.0865,2.6240,10.0339,5.2857,5.2857,9.0553,0.9025,0.3863,9.3042,1.8546,0.6561,3.8796,0.7733,0.3595,0.9406,0.3585,3.6919,0.3851,0.2318,373,0.0115,0.1827,0.0508,0.8983,0.0508,59,277,0.0809,5.3036,9.3898,4.9464,4.9464,8.5157,0.9069,0.3947,8.5828,1.8281,0.6443,3.9096,0.8327,0.3814,2.9513,0.5565,9.1993,0.3751,0.2357,337,0.0104,0.1798,0.0508,0.8983,0.0508,-19,-0.0056,2.6796,-0.6441,-0.3393,-0.3393,-0.5396,0.0044,0.0084,-0.7215,-0.0265,-0.0118,0.0299,0.0594,0.0220,2.0106,0.1980,5.5075,-0.0099,0.0039,-36,-0.0011,-0.0029,0,0,0,276,1,20,3125,0.9324,0.9997,0.0003,0.0676,0.9964,0.9324,0.9634,0.9606,0.9321,0.9293,10,29,0,10,10,10
199,WLNM_dir_neg_kfold,0.7967,0.6363,00:00:05,10,90,19,22364,fixed,0.5000,0.8333,0.3448,0.4878,10,2,19,56,0.3448,0.9655,0.0345,0.6552,0.8333,0.3448,0.4878,0.7586,0.6207,0.3636,0.4243,0.3103,298,269,29,0,298,0,269,0,29,59,296,0.0865,2.6240,10.0339,5.2857,5.2857,9.0553,0.9025,0.3863,9.3042,1.8546,0.6561,3.8796,0.7733,0.3595,0.9406,0.3585,3.6919,0.3851,0.2318,373,0.0115,0.1827,0.0508,0.8983,0.0508,59,279,0.0815,2.6160,9.4576,5.0727,4.9821,8.4941,0.8981,0.3923,8.5839,1.8152,0.6455,3.9121,0.8273,0.3803,0.9665,0.3694,3.6842,0.3691,0.2341,334,0.0103,0.1820,0.0678,0.8814,0.0508,-17,-0.0050,-0.0080,-0.5763,-0.2130,-0.3036,-0.5613,-0.0044,0.0060,-0.7203,-0.0393,-0.0106,0.0325,0.0540,0.0208,0.0259,0.0110,-0.0076,-0.0160,0.0023,-39,-0.0012,-0.0007,0.0169,-0.0169,0,277,2,19,3124,0.9358,0.9994,0.0006,0.0642,0.9928,0.9358,0.9635,0.9606,0.9352,0.9295,12,29,0,10,10,10
200,WLNM_dir_neg_kfold,0.5660,0.5778,00:00:05,10,90,20,22365,fixed,0.5000,1,0.2759,0.4324,8,0,21,58,0.2759,1,0,0.7241,1,0.2759,0.4324,0.7586,0.6360,0.3368,0.4500,0.2759,298,269,29,0,298,0,269,0,29,59,296,0.0865,2.6240,10.0339,5.2857,5.2857,9.0553,0.9025,0.3863,9.3042,1.8546,0.6561,3.8796,0.7733,0.3595,0.9406,0.3585,3.6919,0.3851,0.2318,373,0.0115,0.1827,0.0508,0.8983,0.0508,59,275,0.0804,2.5292,9.3220,5,4.9107,8.4841,0.9101,0.3935,8.6056,1.8463,0.6532,3.8712,0.8306,0.3786,0.8919,0.3526,3.5424,0.3737,0.2343,331,0.0102,0.1853,0.0678,0.8814,0.0508,-21,-0.0061,-0.0948,-0.7119,-0.2857,-0.3750,-0.5712,0.0076,0.0072,-0.6987,-0.0083,-0.0029,-0.0084,0.0573,0.0191,-0.0487,-0.0058,-0.1495,-0.0113,0.0025,-42,-0.0013,0.0026,0.0169,-0.0169,0,275,0,21,3126,0.9291,1,0,0.0709,1,0.9291,0.9632,0.9607,0.9291,0.9291,8,29,0,10,10,10
