Score,Label
0.9999999,1
0.9997155,1
0.9997155,1
2.600597e-09,0
7.048573e-08,0
1.551395e-09,0
0.00317467,0
2.807457e-09,0
1.551395e-09,0
