Score,Label
0.9958484,1
0.9958484,1
0.02629103,1
0.9958484,1
0.9958484,1
0.9958484,1
0.9958484,1
0.9958484,1
1,1
0.002816912,1
1,1
1,1
1,1
0.02629103,0
6.762179e-06,0
0.1437238,0
0.001526218,0
0.1948623,0
0.02831854,0
6.22215e-05,0
2.276595e-06,0
6.762179e-06,0
0.02629103,0
0.1948623,0
1.282247e-05,0
2.276595e-06,0
