Score,Label
1,1
1.112051e-10,1
1.112051e-10,1
5.930412e-07,1
1.112051e-10,1
0.04082882,1
1.112051e-10,1
1.112051e-10,1
1.112051e-10,1
1.112051e-10,1
0.1099675,1
0.0007831659,0
2.022096e-06,0
1.112051e-10,0
2.401416e-11,0
1.329932e-11,0
2.220269e-11,0
2.220269e-11,0
2.220269e-11,0
2.022096e-06,0
2.220269e-11,0
9.393995e-07,0
4.138274e-11,0
2.220269e-11,0
1.079647e-09,0
1.079647e-09,0
4.138274e-11,0
2.220269e-11,0
0.00604382,0
1.112051e-10,0
2.022096e-06,0
0.0007831659,0
2.220269e-11,0
