Score,Label
0.00103854,1
0.3155164,1
0.00103854,1
2.935392e-05,0
2.049112e-09,0
2.109552e-06,0
1.385429e-11,0
1.385429e-11,0
0.001510503,0
