Score,Label
0.0001126893403125,1
0.0001126893403125,1
0.996666371822357,1
6.53788592899218e-05,1
0.37715819478035,1
0.37715819478035,1
0.996666371822357,1
6.53788592899218e-05,1
0.942960977554321,1
6.53788592899218e-05,1
1.36856931476359e-06,1
0.37715819478035,1
0.0656794756650925,1
0.000552665034774691,1
6.53788592899218e-05,1
0.994329035282135,1
0.996666371822357,1
0.996666371822357,1
0.996666371822357,1
0.999736249446869,1
0.996666371822357,1
6.53788592899218e-05,1
6.53788592899218e-05,1
0.37715819478035,1
2.29028866982617e-08,1
0.996666371822357,1
6.53788592899218e-05,1
0.996666371822357,1
0.996666371822357,1
6.53788592899218e-05,1
1.44768364407355e-05,1
6.75066136324176e-09,1
0.99188894033432,1
0.996666371822357,1
6.75066136324176e-09,1
6.53788592899218e-05,1
4.49167913529891e-07,1
6.75066136324176e-09,1
0.996666371822357,1
9.94458515535257e-10,1
6.53788592899218e-05,1
1.36856931476359e-06,1
1.42540244496558e-07,1
1.42540244496558e-07,1
6.10465122008463e-06,1
1.61751222549356e-06,1
0.00226983358152211,1
3.63441577064805e-05,1
6.10465122008463e-06,1
7.43819839055249e-10,1
6.10465122008463e-06,1
1.61751222549356e-06,1
0.00226983358152211,1
0.835921049118042,1
6.10465122008463e-06,1
6.10465122008463e-06,1
6.10465122008463e-06,1
0.996372938156128,1
6.10465122008463e-06,1
1.61751222549356e-06,1
0.00226983358152211,1
0.0158007927238941,1
6.10465122008463e-06,1
1.61751222549356e-06,1
6.10465122008463e-06,1
0.438112109899521,1
1.61751222549356e-06,1
3.86795413476193e-08,1
6.10465122008463e-06,1
6.10465122008463e-06,1
0.000473659252747893,1
3.18515674280206e-07,1
0.000473659252747893,1
6.10465122008463e-06,1
1.42540244496558e-07,1
1.61751222549356e-06,1
0.0138379214331508,1
0.999410390853882,1
3.26599064237598e-07,1
3.41071904585988e-06,1
1.4509468826418e-07,1
0.238222777843475,1
0.0656794756650925,1
1.48417500511755e-08,1
1.4509468826418e-07,1
0.0656794756650925,1
0.00214451411738992,1
9.2010639491491e-05,1
1.5460428492986e-09,1
0.0656794756650925,1
0.0656794756650925,1
1.4509468826418e-07,1
0.0656794756650925,1
0.0656794756650925,1
1.4509468826418e-07,1
5.93616711341838e-10,1
1.4509468826418e-07,1
0.984939217567444,1
0.984939217567444,1
0.0656794756650925,1
1.4509468826418e-07,1
1.4509468826418e-07,1
3.89315537177026e-05,1
1.25338351608661e-06,1
0.000333787844283506,1
1.25338351608661e-06,1
1.25338351608661e-06,1
1.25338351608661e-06,1
1.25338351608661e-06,1
2.20254169107648e-05,1
0.0017605007160455,1
0.000333787844283506,1
1.25338351608661e-06,1
1.25338351608661e-06,1
0.000333787844283506,1
1.25338351608661e-06,1
1.25338351608661e-06,1
0.0227647144347429,1
0.000333787844283506,1
0.000333787844283506,1
0.000333787844283506,1
1.25338351608661e-06,1
1.25338351608661e-06,1
1.25338351608661e-06,1
1.25338351608661e-06,1
1.25338351608661e-06,1
0.000333787844283506,1
0.000333787844283506,1
1.25338351608661e-06,1
8.4883122752899e-09,1
2.26801557801082e-06,1
0.000321187224471942,1
0.000321187224471942,1
1.72057411873539e-07,1
0.000321187224471942,1
0.999949336051941,1
0.999091148376465,1
4.3617623305181e-05,1
4.3617623305181e-05,1
6.10465122008463e-06,1
1.61751222549356e-06,1
7.70264377933927e-05,1
0.00226983358152211,1
0.00226983358152211,1
6.10465122008463e-06,1
0.877930998802185,1
6.10465122008463e-06,1
7.70264377933927e-05,1
1.61751222549356e-06,1
0.00481972983106971,1
0.00226983358152211,1
1.61751222549356e-06,1
1.61751222549356e-06,1
0.624862968921661,1
6.10465122008463e-06,1
6.10465122008463e-06,1
0.00481972983106971,1
1.61751222549356e-06,1
0.996372938156128,1
6.14278542343527e-06,1
1.69040185937774e-06,1
0.00226983358152211,1
1.61751222549356e-06,1
0.00156305392738432,1
7.70264377933927e-05,1
0.624862968921661,1
1.69040185937774e-06,1
1.61751222549356e-06,1
3.86795413476193e-08,1
7.70264377933927e-05,1
6.10465122008463e-06,1
7.70264377933927e-05,1
1.69040185937774e-06,1
3.18515674280206e-07,1
4.3617623305181e-05,1
7.70264377933927e-05,1
6.10465122008463e-06,1
4.3617623305181e-05,1
1.61751222549356e-06,1
1.61751222549356e-06,1
1.50280811794801e-07,1
0.00106362334918231,1
0.997059881687164,1
6.27316112513654e-05,1
1.50280811794801e-07,1
0.997059881687164,1
0.238222777843475,1
0.0656794756650925,1
0.00206610397435725,1
1.50280811794801e-07,1
1.50280811794801e-07,1
0.000742830918170512,1
0.998863577842712,1
0.751971542835236,1
1.50280811794801e-07,1
0.00106362334918231,1
0.999886393547058,1
2.00088177138014e-08,1
1.50280811794801e-07,1
1.50280811794801e-07,1
0.0656794756650925,1
1.50280811794801e-07,1
0.966913044452667,1
1.50280811794801e-07,1
6.81874834373986e-11,1
6.81874834373986e-11,1
1.50280811794801e-07,1
3.69916467249376e-12,1
6.27316112513654e-05,1
0.238222777843475,1
5.68728137295693e-06,1
0.238222777843475,1
0.238222777843475,1
0.238222777843475,1
0.238222777843475,1
2.32823822443606e-07,1
4.87202260046615e-06,1
0.000384159298846498,1
2.48692067543743e-05,1
4.04394712161249e-10,1
4.87202260046615e-06,1
4.87202260046615e-06,1
8.91379897893785e-07,1
2.48692067543743e-05,1
3.00927034402321e-08,1
1.25338351608661e-06,1
3.81544305128045e-06,1
1.59267369781446e-06,1
1.93065739040321e-06,1
8.91379897893785e-07,1
8.91379897893785e-07,1
4.87202260046615e-06,1
4.87202260046615e-06,1
1.67767112202455e-07,1
1.0302388275818e-08,1
2.25875965043087e-06,1
4.87202260046615e-06,1
8.91379897893785e-07,1
1.07354151610006e-11,1
8.91379897893785e-07,1
1.43929196383397e-06,1
8.88909596596932e-07,1
0.579100131988525,1
9.61381751984902e-10,1
0.00325376377440989,1
8.91379897893785e-07,1
2.39813431335278e-07,1
3.19898822453979e-06,1
4.87202260046615e-06,1
0.00903359707444906,1
0.134923830628395,1
0.146862015128136,1
0.999969244003296,1
0.134923830628395,1
1.50280811794801e-07,1
4.81164061056916e-05,1
0.997059881687164,1
6.27316112513654e-05,1
1.50280811794801e-07,1
0.0656794756650925,1
0.998480021953583,1
0.048587940633297,1
1.50280811794801e-07,1
0.000135833863168955,1
0.997059881687164,1
0.00196898099966347,1
1.50280811794801e-07,1
1.50280811794801e-07,1
1.50280811794801e-07,1
1.50280811794801e-07,1
0.966913044452667,1
1.50280811794801e-07,1
1.50280811794801e-07,1
1.50280811794801e-07,1
1.50280811794801e-07,1
1.50280811794801e-07,1
6.27316112513654e-05,1
0.999999642372131,1
0.00433285720646381,1
2.82503551801705e-11,1
0.238222777843475,1
0.000371424364857376,1
0.00433285720646381,1
0.238222777843475,1
0.999999523162842,1
0.990735471248627,1
0.00992559734731913,1
1.25338351608661e-06,1
7.14048264960354e-11,1
1.25338351608661e-06,1
1.25338351608661e-06,1
1.25338351608661e-06,1
1.25338351608661e-06,1
1.25338351608661e-06,1
1.25338351608661e-06,1
7.14048264960354e-11,1
1.25338351608661e-06,1
1.25338351608661e-06,1
1.25338351608661e-06,1
1.33637412247367e-09,1
1.25338351608661e-06,1
3.56462429018656e-12,1
1.25338351608661e-06,1
1.25338351608661e-06,1
1.25338351608661e-06,1
1.25338351608661e-06,1
1.25338351608661e-06,1
3.56462429018656e-12,1
1.25338351608661e-06,1
1.68006963008338e-07,1
1.20315784002401e-08,1
0.003183220513165,1
0.000407909567002207,1
1.68006963008338e-07,1
0.00122537021525204,1
0.00014567535254173,1
0.00014567535254173,1
0.476654499769211,1
0.0155380824580789,1
0.0155380824580789,1
0.00122537021525204,1
0.00014567535254173,1
0.00014567535254173,1
0.00634131627157331,1
0.00014567535254173,1
1.552292303586e-07,1
0.981071174144745,1
0.00014567535254173,1
0.0155380824580789,1
1.552292303586e-07,1
0.00132572033908218,1
0.00014567535254173,1
0.771727383136749,1
0.00122537021525204,1
0.00122537021525204,1
0.00122537021525204,1
0.00122537021525204,1
0.00014567535254173,1
0.00014567535254173,1
0.00014567535254173,1
0.00709697278216481,1
0.00122537021525204,1
0.00014567535254173,1
0.00014567535254173,1
0.0155380824580789,1
5.87382260164304e-07,1
0.00122537021525204,1
0.00014567535254173,1
0.00122537021525204,1
0.00132572033908218,1
0.00132572033908218,1
0.00122537021525204,1
0.979797542095184,1
0.00014567535254173,1
0.00014567535254173,1
0.00014567535254173,1
0.939744830131531,1
0.00132572033908218,1
0.00122537021525204,1
0.00122537021525204,1
1.552292303586e-07,1
0.00132572033908218,1
0.000491817016154528,1
1.552292303586e-07,1
0.00122537021525204,1
0.00014567535254173,1
0.981071174144745,1
1.25338351608661e-06,1
1.76076457591989e-06,1
1.76076457591989e-06,1
9.08698041257594e-07,1
2.01573358699081e-11,1
2.01573358699081e-11,1
9.61381751984902e-10,1
0.000608765694778413,1
0.000608765694778413,1
0.332829147577286,1
2.1986494656151e-12,1
2.1986494656151e-12,1
0.332829147577286,1
2.01573358699081e-11,1
9.61381751984902e-10,1
2.01573358699081e-11,1
2.01573358699081e-11,1
0.332829147577286,1
0.000608765694778413,1
9.61381751984902e-10,1
1.25338351608661e-06,1
3.49153217449327e-09,1
0.332829147577286,1
0.959143757820129,1
0.332829147577286,1
2.01573358699081e-11,1
2.1986494656151e-12,1
0.998776495456696,1
0.0515237972140312,1
6.83837986237279e-10,1
2.01573358699081e-11,1
0.945668339729309,1
0.0992045179009438,1
0.38428121805191,1
2.01573358699081e-11,1
6.83837986237279e-10,1
1.25338351608661e-06,1
1.07749037852045e-05,1
3.49153217449327e-09,1
2.01573358699081e-11,1
2.01573358699081e-11,1
2.01573358699081e-11,1
0.0015467539196834,1
0.00163301604334265,1
0.00163301604334265,1
9.61381751984902e-10,1
1.25338351608661e-06,1
1.76076457591989e-06,1
9.61381751984902e-10,1
0.00163301604334265,1
1.76076457591989e-06,1
0.998776495456696,1
2.01573358699081e-11,1
0.00106362334918231,1
0.997059881687164,1
1.50280811794801e-07,1
0.238222777843475,1
0.0656794756650925,1
0.048587940633297,1
1.50280811794801e-07,1
0.000135833863168955,1
0.997059881687164,1
0.00196898099966347,1
1.50280811794801e-07,1
0.0656794756650925,1
0.0656794756650925,1
1.50280811794801e-07,1
0.0656794756650925,1
0.0656794756650925,1
1.50280811794801e-07,1
0.048587940633297,1
1.50280811794801e-07,1
1.50280811794801e-07,1
1.50280811794801e-07,1
0.0656794756650925,1
1.50280811794801e-07,1
1.50280811794801e-07,1
0.0656794756650925,1
1.50280811794801e-07,1
0.0656794756650925,1
0.0656794756650925,1
0.0656794756650925,1
0.0656794756650925,1
0.0656794756650925,1
0.0656794756650925,1
0.0656794756650925,1
1.50280811794801e-07,1
0.0656794756650925,1
0.0656794756650925,1
0.0656794756650925,1
0.00206610397435725,1
1.50280811794801e-07,1
1.50280811794801e-07,1
0.0656794756650925,1
0.0656794756650925,1
0.0656794756650925,1
0.0656794756650925,1
0.0656794756650925,1
1.50280811794801e-07,1
0.0656794756650925,1
6.27316112513654e-05,1
0.997059881687164,1
1.50280811794801e-07,1
0.0656794756650925,1
1.50280811794801e-07,1
0.0656794756650925,1
0.596825420856476,1
0.575444042682648,1
0.048587940633297,1
0.0656794756650925,1
0.0656794756650925,1
1.50280811794801e-07,1
0.0656794756650925,1
0.0656794756650925,1
0.00206610397435725,1
1.50280811794801e-07,1
1.50280811794801e-07,1
0.114108428359032,1
0.114108428359032,1
0.0656794756650925,1
0.17875549197197,1
1.50280811794801e-07,1
0.0656794756650925,1
1.50280811794801e-07,1
4.81164061056916e-05,1
0.997059881687164,1
0.993872761726379,1
1.50280811794801e-07,1
6.27316112513654e-05,1
1.50280811794801e-07,1
0.997059881687164,1
0.0656794756650925,1
6.27316112513654e-05,1
0.00206610397435725,1
1.50280811794801e-07,1
1.50280811794801e-07,1
0.000742830918170512,1
1.33655376544084e-07,1
6.27316112513654e-05,1
6.27316112513654e-05,1
0.998863577842712,1
0.751971542835236,1
1.50280811794801e-07,1
4.81164061056916e-05,1
0.409692943096161,1
1.50280811794801e-07,1
0.966913044452667,1
6.81874834373986e-11,1
6.81874834373986e-11,1
1.2026168860757e-07,1
3.52271573023089e-10,1
1.50280811794801e-07,1
3.69916467249376e-12,1
6.27316112513654e-05,1
6.27316112513654e-05,1
4.3617623305181e-05,1
4.3617623305181e-05,1
6.10465122008463e-06,1
0.00481972983106971,1
7.70264377933927e-05,1
0.00226983358152211,1
0.00226983358152211,1
2.71321050604456e-06,1
1.61751222549356e-06,1
6.10465122008463e-06,1
7.43819839055249e-10,1
7.70264377933927e-05,1
1.61751222549356e-06,1
3.63441577064805e-05,1
1.61751222549356e-06,1
1.69040185937774e-06,1
0.624862968921661,1
6.10465122008463e-06,1
6.10465122008463e-06,1
2.71321050604456e-06,1
0.996372938156128,1
6.10465122008463e-06,1
1.07793748611584e-05,1
0.00226983358152211,1
0.0158007927238941,1
6.10465122008463e-06,1
0.00481972983106971,1
6.10465122008463e-06,1
0.624862968921661,1
0.00481972983106971,1
3.86795413476193e-08,1
0.0149358697235584,1
6.10465122008463e-06,1
6.10465122008463e-06,1
7.70264377933927e-05,1
3.18515674280206e-07,1
7.70264377933927e-05,1
6.10465122008463e-06,1
4.3617623305181e-05,1
1.69040185937774e-06,1
1.61751222549356e-06,1
1.00031650163146e-06,1
1.00031650163146e-06,1
6.38010315014981e-05,1
6.93663423589896e-07,1
0.677182912826538,1
0.677182912826538,1
6.38010315014981e-05,1
1.02394096757052e-07,1
1.02394096757052e-07,1
6.38010315014981e-05,1
6.93663423589896e-07,1
0.00336215016432106,1
0.677182912826538,1
0.00336215016432106,1
6.93663423589896e-07,1
0.0269711837172508,1
0.142326131463051,1
6.38010315014981e-05,1
6.93663423589896e-07,1
0.00450346013531089,1
1.38463474286254e-05,1
6.93663423589896e-07,1
6.93663423589896e-07,1
0.677182912826538,1
6.93663423589896e-07,1
6.29071479352206e-08,1
0.0719796195626259,1
6.93663423589896e-07,1
6.93663423589896e-07,1
3.36312186846044e-05,1
6.93663423589896e-07,1
6.38010315014981e-05,1
6.93663423589896e-07,1
0.000244383263634518,1
0.142326131463051,1
1.00031650163146e-06,1
6.93663423589896e-07,1
0.00336215016432106,1
0.134923830628395,1
0.146862015128136,1
0.238222777843475,1
0.999969244003296,1
0.134923830628395,1
0.238222777843475,1
0.567517876625061,1
0.576183080673218,1
0.00909495446830988,1
0.110649950802326,1
6.27316112513654e-05,1
0.997059881687164,1
1.50280811794801e-07,1
0.0656794756650925,1
0.0656794756650925,1
0.0656794756650925,1
1.50280811794801e-07,1
0.0656794756650925,1
0.000230720441322774,1
0.048587940633297,1
0.0656794756650925,1
0.0656794756650925,1
1.50280811794801e-07,1
0.0656794756650925,1
0.0656794756650925,1
0.00206610397435725,1
1.50280811794801e-07,1
1.50280811794801e-07,1
0.17875549197197,1
0.0656794756650925,1
0.114108428359032,1
1.50280811794801e-07,1
0.0656794756650925,1
7.70264377933927e-05,1
4.3617623305181e-05,1
4.3617623305181e-05,1
6.10465122008463e-06,1
1.61751222549356e-06,1
1.69040185937774e-06,1
0.0149358697235584,1
0.221556439995766,1
0.00226983358152211,1
6.10465122008463e-06,1
6.10465122008463e-06,1
7.70264377933927e-05,1
0.00481972983106971,1
0.0149358697235584,1
1.69040185937774e-06,1
1.69040185937774e-06,1
6.10465122008463e-06,1
0.00226983358152211,1
0.0149358697235584,1
7.70264377933927e-05,1
0.624862968921661,1
0.00156305392738432,1
6.10465122008463e-06,1
6.10465122008463e-06,1
6.10465122008463e-06,1
1.69040185937774e-06,1
1.61751222549356e-06,1
0.974338710308075,1
0.00226983358152211,1
0.0158007927238941,1
0.00156305392738432,1
1.61751222549356e-06,1
0.000332781230099499,1
7.70264377933927e-05,1
7.70264377933927e-05,1
6.10465122008463e-06,1
0.624862968921661,1
1.61751222549356e-06,1
0.00481972983106971,1
1.61751222549356e-06,1
4.89111933177355e-08,1
6.10465122008463e-06,1
6.10465122008463e-06,1
0.0149358697235584,1
7.70264377933927e-05,1
1.68967034142042e-07,1
4.3617623305181e-05,1
0.0149358697235584,1
6.10465122008463e-06,1
4.3617623305181e-05,1
1.61751222549356e-06,1
1.69040185937774e-06,1
7.70264377933927e-05,1
4.3617623305181e-05,1
4.3617623305181e-05,1
6.10465122008463e-06,1
7.43819839055249e-10,1
7.70264377933927e-05,1
3.63441577064805e-05,1
3.63441577064805e-05,1
0.0164941307157278,1
1.61751222549356e-06,1
1.61751222549356e-06,1
6.10465122008463e-06,1
1.61751222549356e-06,1
7.70264377933927e-05,1
1.61751222549356e-06,1
7.43819839055249e-10,1
0.221556439995766,1
7.70264377933927e-05,1
7.70264377933927e-05,1
1.61751222549356e-06,1
0.624862968921661,1
6.10465122008463e-06,1
6.10465122008463e-06,1
6.10465122008463e-06,1
0.0164941307157278,1
1.07793748611584e-05,1
1.61751222549356e-06,1
1.61751222549356e-06,1
0.996372938156128,1
6.10465122008463e-06,1
1.61751222549356e-06,1
0.00226983358152211,1
0.0158007927238941,1
6.10465122008463e-06,1
6.10465122008463e-06,1
7.70264377933927e-05,1
7.70264377933927e-05,1
6.10465122008463e-06,1
0.624862968921661,1
0.877930998802185,1
1.61751222549356e-06,1
3.86795413476193e-08,1
6.10465122008463e-06,1
6.10465122008463e-06,1
7.70264377933927e-05,1
7.70264377933927e-05,1
3.18515674280206e-07,1
4.3617623305181e-05,1
7.70264377933927e-05,1
6.10465122008463e-06,1
4.3617623305181e-05,1
1.61751222549356e-06,1
1.61751222549356e-06,1
7.70264377933927e-05,1
4.3617623305181e-05,1
4.3617623305181e-05,1
6.10465122008463e-06,1
1.69040185937774e-06,1
7.70264377933927e-05,1
0.00226983358152211,1
0.00226983358152211,1
6.10465122008463e-06,1
1.07793748611584e-05,1
7.43819839055249e-10,1
6.10465122008463e-06,1
0.877930998802185,1
7.70264377933927e-05,1
1.61751222549356e-06,1
6.10465122008463e-06,1
0.00226983358152211,1
7.70264377933927e-05,1
7.70264377933927e-05,1
0.624862968921661,1
6.10465122008463e-06,1
6.10465122008463e-06,1
6.10465122008463e-06,1
6.10465122008463e-06,1
7.43819839055249e-10,1
1.61751222549356e-06,1
0.996372938156128,1
6.10465122008463e-06,1
0.00226983358152211,1
0.0158007927238941,1
6.10465122008463e-06,1
1.69040185937774e-06,1
6.10465122008463e-06,1
7.70264377933927e-05,1
5.55918377358466e-05,1
6.10465122008463e-06,1
0.624862968921661,1
0.00481972983106971,1
0.877930998802185,1
1.69040185937774e-06,1
3.86795413476193e-08,1
6.10465122008463e-06,1
6.10465122008463e-06,1
7.70264377933927e-05,1
7.70264377933927e-05,1
3.18515674280206e-07,1
4.3617623305181e-05,1
7.70264377933927e-05,1
6.10465122008463e-06,1
4.3617623305181e-05,1
1.61751222549356e-06,1
1.61751222549356e-06,1
1.25338351608661e-06,1
5.47148601981462e-07,1
2.01573358699081e-11,1
0.000608765694778413,1
0.000608765694778413,1
1.25338351608661e-06,1
1.25338351608661e-06,1
2.1986494656151e-12,1
1.25338351608661e-06,1
1.25338351608661e-06,1
2.01573358699081e-11,1
2.01573358699081e-11,1
1.25338351608661e-06,1
0.332829147577286,1
0.000608765694778413,1
1.25338351608661e-06,1
1.25338351608661e-06,1
1.25338351608661e-06,1
1.25338351608661e-06,1
3.49153217449327e-09,1
0.38428121805191,1
0.332829147577286,1
0.320098668336868,1
1.25338351608661e-06,1
1.25338351608661e-06,1
0.998999416828156,1
0.882623314857483,1
1.25338351608661e-06,1
1.25338351608661e-06,1
2.01573358699081e-11,1
6.83837986237279e-10,1
1.25338351608661e-06,1
1.25338351608661e-06,1
1.25338351608661e-06,1
1.25338351608661e-06,1
1.25338351608661e-06,1
1.25338351608661e-06,1
0.332829147577286,1
1.25338351608661e-06,1
1.25338351608661e-06,1
3.49153217449327e-09,1
0.332829147577286,1
0.0218111518770456,1
0.0015467539196834,1
0.332829147577286,1
1.03340536128371e-08,1
1.03340536128371e-08,1
1.25338351608661e-06,1
1.25338351608661e-06,1
1.25338351608661e-06,1
9.61381751984902e-10,1
1.25338351608661e-06,1
1.25338351608661e-06,1
1.25338351608661e-06,1
1.25338351608661e-06,1
1.25338351608661e-06,1
1.03340536128371e-08,1
1.76076457591989e-06,1
0.332829147577286,1
6.79146469337866e-05,1
2.01573358699081e-11,1
1.25338351608661e-06,1
1.25338351608661e-06,1
0.017234068363905,1
4.87202260046615e-06,1
0.000384159298846498,1
2.48692067543743e-05,1
1.25338351608661e-06,1
1.25338351608661e-06,1
1.25338351608661e-06,1
1.25338351608661e-06,1
4.87202260046615e-06,1
1.25338351608661e-06,1
8.91379897893785e-07,1
1.25338351608661e-06,1
1.25338351608661e-06,1
1.25338351608661e-06,1
1.25338351608661e-06,1
1.59267369781446e-06,1
1.83696940325717e-07,1
8.91379897893785e-07,1
1.25338351608661e-06,1
1.25338351608661e-06,1
1.25338351608661e-06,1
1.25338351608661e-06,1
1.25338351608661e-06,1
1.25338351608661e-06,1
1.25338351608661e-06,1
1.25338351608661e-06,1
1.25338351608661e-06,1
1.25338351608661e-06,1
1.25338351608661e-06,1
8.91379897893785e-07,1
1.25338351608661e-06,1
1.25338351608661e-06,1
1.25338351608661e-06,1
1.59267369781446e-06,1
8.91379897893785e-07,1
8.88909596596932e-07,1
8.91379897893785e-07,1
0.579100131988525,1
0.579100131988525,1
1.25338351608661e-06,1
1.25338351608661e-06,1
1.25338351608661e-06,1
1.25338351608661e-06,1
1.25338351608661e-06,1
1.25338351608661e-06,1
1.25338351608661e-06,1
1.25338351608661e-06,1
8.91379897893785e-07,1
8.91379897893785e-07,1
3.19898822453979e-06,1
1.25338351608661e-06,1
1.25338351608661e-06,1
2.01573358699081e-11,1
0.000608765694778413,1
1.22745655062317e-06,1
1.25338351608661e-06,1
1.25338351608661e-06,1
1.25338351608661e-06,1
1.25338351608661e-06,1
2.01573358699081e-11,1
1.25338351608661e-06,1
0.332829147577286,1
0.000608765694778413,1
1.25338351608661e-06,1
1.25338351608661e-06,1
1.25338351608661e-06,1
1.25338351608661e-06,1
3.49153217449327e-09,1
0.477985441684723,1
0.332829147577286,1
1.25338351608661e-06,1
1.25338351608661e-06,1
1.25338351608661e-06,1
0.999734818935394,1
1.25338351608661e-06,1
1.25338351608661e-06,1
2.01573358699081e-11,1
0.332829147577286,1
1.25338351608661e-06,1
1.25338351608661e-06,1
1.25338351608661e-06,1
1.25338351608661e-06,1
1.25338351608661e-06,1
1.25338351608661e-06,1
0.332829147577286,1
1.25338351608661e-06,1
1.25338351608661e-06,1
1.25338351608661e-06,1
3.49153217449327e-09,1
0.332829147577286,1
6.83837986237279e-10,1
0.99478805065155,1
0.332829147577286,1
3.33264324581251e-07,1
3.33264324581251e-07,1
1.25338351608661e-06,1
1.25338351608661e-06,1
1.25338351608661e-06,1
1.25338351608661e-06,1
1.25338351608661e-06,1
1.25338351608661e-06,1
1.25338351608661e-06,1
1.25338351608661e-06,1
0.332829147577286,1
1.76076457591989e-06,1
0.332829147577286,1
2.01573358699081e-11,1
1.25338351608661e-06,1
0.291684716939926,1
0.291684716939926,1
0.999998450279236,1
0.00433285720646381,1
2.82503551801705e-11,1
0.000371424364857376,1
0.00433285720646381,1
1.50280811794801e-07,1
0.000353967014234513,1
0.997059881687164,1
0.157019004225731,1
6.27316112513654e-05,1
1.50280811794801e-07,1
0.0656794756650925,1
0.00206610397435725,1
6.64410393369508e-08,1
1.50280811794801e-07,1
0.000135833863168955,1
0.997059881687164,1
0.751971542835236,1
1.50280811794801e-07,1
1.50280811794801e-07,1
1.50280811794801e-07,1
1.50280811794801e-07,1
0.966913044452667,1
1.50280811794801e-07,1
1.50280811794801e-07,1
1.50280811794801e-07,1
1.50280811794801e-07,1
3.69916467249376e-12,1
6.27316112513654e-05,1
0.00109653430990875,1
4.73995669103555e-12,1
0.00153175776358694,1
0.00153175776358694,1
4.73995669103555e-12,1
0.00109653430990875,1
0.0656794756650925,1
6.62766324239783e-05,1
0.00109653430990875,1
4.32687219387162e-09,1
0.000135833863168955,1
0.000119622178317513,1
1.09935160708119e-06,1
5.4103668389871e-07,1
0.00109653430990875,1
0.00109653430990875,1
0.00109653430990875,1
0.00109653430990875,1
0.00109653430990875,1
0.00109653430990875,1
4.32687219387162e-09,1
0.00109653430990875,1
4.73995669103555e-12,1
8.45112595015962e-07,1
6.7053168573139e-11,1
0.00903359707444906,1
0.98371559381485,1
8.45112595015962e-07,1
0.00903359707444906,1
0.0001126893403125,1
8.45112595015962e-07,1
6.7053168573139e-11,1
0.00903359707444906,1
0.98371559381485,1
8.45112595015962e-07,1
0.00903359707444906,1
0.0138379214331508,1
8.45112595015962e-07,1
6.7053168573139e-11,1
0.00903359707444906,1
0.98371559381485,1
8.45112595015962e-07,1
0.00903359707444906,1
4.00579764914255e-08,1
3.80049954173955e-07,1
0.00903359707444906,1
0.98371559381485,1
0.00359973381273448,1
0.00903359707444906,1
4.00579764914255e-08,1
3.80049954173955e-07,1
0.00903359707444906,1
0.98371559381485,1
0.00359973381273448,1
0.00903359707444906,1
4.00579764914255e-08,1
0.996065557003021,1
3.80049954173955e-07,1
0.00903359707444906,1
0.98371559381485,1
0.00359973381273448,1
0.00903359707444906,1
1.25338351608661e-06,1
1.25338351608661e-06,1
1.25338351608661e-06,1
1.25338351608661e-06,1
0.0680726245045662,1
0.0680726245045662,1
0.0680726245045662,1
0.0680726245045662,1
0.0680726245045662,1
1.25338351608661e-06,1
0.008256571367383,1
0.0680726245045662,1
1.25338351608661e-06,1
1.25338351608661e-06,1
1.25338351608661e-06,1
1.25338351608661e-06,1
0.0680726245045662,1
0.0680726245045662,1
8.4883122752899e-09,1
2.26801557801082e-06,1
0.000135245049023069,1
0.000167364123626612,1
1.72057411873539e-07,1
0.134923830628395,1
0.146862015128136,1
0.999969244003296,1
0.134923830628395,1
0.134923830628395,1
0.146862015128136,1
0.999969244003296,1
0.134923830628395,1
0.567517876625061,1
2.66689479389015e-08,1
2.66689479389015e-08,1
2.66689479389015e-08,1
2.66689479389015e-08,1
2.66689479389015e-08,1
1.25338351608661e-06,1
1.25338351608661e-06,1
1.25338351608661e-06,1
1.25338351608661e-06,1
6.6388861341693e-06,1
6.6388861341693e-06,1
6.6388861341693e-06,1
6.6388861341693e-06,1
6.6388861341693e-06,1
1.25338351608661e-06,1
0.0227647144347429,1
6.6388861341693e-06,1
0.996497452259064,1
1.25338351608661e-06,1
1.25338351608661e-06,1
1.25338351608661e-06,1
1.25338351608661e-06,1
6.6388861341693e-06,1
0.996497452259064,1
6.6388861341693e-06,1
1.25338351608661e-06,1
1.23076199542993e-06,1
0.000321187224471942,1
0.00903359707444906,1
1.25338351608661e-06,1
0.332829147577286,1
2.01573358699081e-11,1
0.000608765694778413,1
0.000608765694778413,1
0.332829147577286,1
2.01573358699081e-11,1
2.01573358699081e-11,1
2.01573358699081e-11,1
0.332829147577286,1
0.000608765694778413,1
1.28715260672152e-10,1
1.25338351608661e-06,1
2.01573358699081e-11,1
3.49153217449327e-09,1
0.332829147577286,1
0.332829147577286,1
0.332829147577286,1
0.999734818935394,1
0.332829147577286,1
2.01573358699081e-11,1
2.01573358699081e-11,1
0.00434672785922885,1
2.43070212491148e-06,1
0.332829147577286,1
2.01573358699081e-11,1
0.332829147577286,1
2.45081976935069e-09,1
0.332829147577286,1
0.332829147577286,1
2.85975374936243e-07,1
2.45081976935069e-09,1
5.47148601981462e-07,1
7.46327316392126e-07,1
9.61381751984902e-10,1
4.55484382655413e-07,1
0.332829147577286,1
2.4148693000825e-07,1
2.01573358699081e-11,1
2.01573358699081e-11,1
3.69916467249376e-12,1
3.69916467249376e-12,1
6.27316112513654e-05,1
1.2026168860757e-07,1
1.50280811794801e-07,1
6.27316112513654e-05,1
6.27316112513654e-05,1
1.50280811794801e-07,1
6.27316112513654e-05,1
1.2026168860757e-07,1
6.27316112513654e-05,1
6.27316112513654e-05,1
1.2026168860757e-07,1
6.27316112513654e-05,1
6.27316112513654e-05,1
1.50280811794801e-07,1
6.27316112513654e-05,1
6.27316112513654e-05,1
6.27316112513654e-05,1
1.50280811794801e-07,1
2.22716971620684e-05,1
6.27316112513654e-05,1
0.993872761726379,1
1.50280811794801e-07,1
1.2026168860757e-07,1
0.00206610397435725,1
0.00106362334918231,1
6.27316112513654e-05,1
0.81052964925766,1
1.2026168860757e-07,1
1.2026168860757e-07,1
0.00106362334918231,1
3.52271573023089e-10,1
3.69916467249376e-12,1
1.2026168860757e-07,1
3.69916467249376e-12,1
6.27316112513654e-05,1
0.999410390853882,1
0.999949336051941,1
0.000333787844283506,1
7.42673345044409e-09,1
0.00567399803549051,1
2.20254169107648e-05,1
3.89315537177026e-05,1
0.000333787844283506,1
3.89315537177026e-05,1
3.89315537177026e-05,1
2.20254169107648e-05,1
1.25338351608661e-06,1
3.89315537177026e-05,1
3.89315537177026e-05,1
0.0227647144347429,1
0.000333787844283506,1
0.000333787844283506,1
0.000237141852267087,1
0.000333787844283506,1
3.15728902933188e-05,1
3.89315537177026e-05,1
2.20254169107648e-05,1
2.75754791800864e-05,1
0.000333787844283506,1
7.42673345044409e-09,1
0.000333787844283506,1
0.000333787844283506,1
0.0227647144347429,1
0.361531227827072,1
0.000598711660131812,1
0.000333787844283506,1
0.000333787844283506,1
0.000598711660131812,1
7.72298662923276e-05,1
0.000598711660131812,1
0.000333787844283506,1
3.06589669207824e-08,1
3.89315537177026e-05,1
3.89315537177026e-05,1
3.89315537177026e-05,1
2.20254169107648e-05,1
2.20254169107648e-05,1
0.000333787844283506,1
1.25338351608661e-06,1
0.0227647144347429,1
0.0515237972140312,1
0.00567399803549051,1
2.75754791800864e-05,1
0.000183870637556538,1
1.25338351608661e-06,1
1.25338351608661e-06,1
0.000333787844283506,1
1.25338351608661e-06,1
1.25338351608661e-06,1
0.000333787844283506,1
0.000333787844283506,1
0.000333787844283506,1
0.000333787844283506,1
1.25338351608661e-06,1
0.000333787844283506,1
4.3617623305181e-05,1
4.3617623305181e-05,1
6.10465122008463e-06,1
1.61751222549356e-06,1
1.61751222549356e-06,1
7.70264377933927e-05,1
0.00226983358152211,1
0.00226983358152211,1
6.10465122008463e-06,1
1.61751222549356e-06,1
1.61751222549356e-06,1
6.10465122008463e-06,1
1.61751222549356e-06,1
7.70264377933927e-05,1
1.61751222549356e-06,1
1.61751222549356e-06,1
0.00226983358152211,1
7.70264377933927e-05,1
0.624862968921661,1
0.0164941307157278,1
6.10465122008463e-06,1
6.10465122008463e-06,1
6.10465122008463e-06,1
1.61751222549356e-06,1
1.61751222549356e-06,1
0.000140352247399278,1
2.71321050604456e-06,1
7.43819839055249e-10,1
1.61751222549356e-06,1
3.63441577064805e-05,1
0.0158007927238941,1
6.91091599946958e-06,1
1.61751222549356e-06,1
2.71321050604456e-06,1
5.55918377358466e-05,1
0.000473659252747893,1
0.624862968921661,1
7.43819839055249e-10,1
1.61751222549356e-06,1
1.61751222549356e-06,1
3.86795413476193e-08,1
6.91091599946958e-06,1
0.0164941307157278,1
7.70264377933927e-05,1
5.55918377358466e-05,1
1.01379683314917e-07,1
4.3617623305181e-05,1
7.70264377933927e-05,1
6.10465122008463e-06,1
4.3617623305181e-05,1
1.61751222549356e-06,1
0.999991893768311,1
0.00095563952345401,1
0.00110658712219447,1
0.999991893768311,1
0.00095563952345401,1
0.00110658712219447,1
2.66689479389015e-08,1
2.66689479389015e-08,1
2.66689479389015e-08,1
1.31701435748255e-05,1
2.66689479389015e-08,1
2.66689479389015e-08,1
2.66689479389015e-08,1
1.7645632510721e-08,1
0.000392212648876011,1
0.0731203407049179,1
0.0731203407049179,1
2.01603456151389e-10,1
0.000392212648876011,1
0.000392212648876011,1
1.7645632510721e-08,1
0.0731203407049179,1
0.000321187224471942,1
1.25338351608661e-06,1
1.0629750249791e-05,1
1.7645632510721e-08,1
5.99628037889488e-07,1
0.0515237972140312,1
2.02950509731181e-08,1
0.000392212648876011,1
0.20662122964859,1
4.06105618822039e-06,1
5.15047759108711e-07,1
0.000392212648876011,1
2.96838919666698e-07,1
1.24261864686837e-10,1
1.7645632510721e-08,1
1.7645632510721e-08,1
1.7645632510721e-08,1
1.7645632510721e-08,1
0.0112427733838558,1
5.99628037889488e-07,1
1.65224719239632e-06,1
0.000392212648876011,1
0.000392212648876011,1
0.134923830628395,1
0.146862015128136,1
0.999969244003296,1
0.134923830628395,1
6.93663423589896e-07,1
6.93663423589896e-07,1
6.67488730954346e-10,1
6.93663423589896e-07,1
3.78923687094357e-07,1
6.93663423589896e-07,1
0.00245962804183364,1
0.00245962804183364,1
6.67488730954346e-10,1
6.93663423589896e-07,1
6.93663423589896e-07,1
6.02138279646169e-05,1
6.93663423589896e-07,1
6.93663423589896e-07,1
6.93663423589896e-07,1
3.78923687094357e-07,1
0.00245962804183364,1
4.28664819196456e-08,1
6.93663423589896e-07,1
6.93663423589896e-07,1
1.21744749698172e-11,1
0.0108676990494132,1
2.59366084165435e-10,1
6.67488730954346e-10,1
6.67488730954346e-10,1
6.67488730954346e-10,1
0.000251465709879994,1
6.93663423589896e-07,1
1.21744749698172e-11,1
0.00450346013531089,1
6.67488730954346e-10,1
5.77373135968173e-08,1
6.93663423589896e-07,1
0.00245962804183364,1
0.000244383263634518,1
6.67488730954346e-10,1
6.93663423589896e-07,1
6.67488730954346e-10,1
0.0109234554693103,1
6.93663423589896e-07,1
0.0108676990494132,1
5.77373135968173e-08,1
6.93663423589896e-07,1
6.67488730954346e-10,1
6.93663423589896e-07,1
0.00450346013531089,1
6.67488730954346e-10,1
2.59366084165435e-10,1
6.93663423589896e-07,1
6.93663423589896e-07,1
0.000143173965625465,1
6.93663423589896e-07,1
6.93663423589896e-07,1
6.67488730954346e-10,1
6.93663423589896e-07,1
1.21744749698172e-11,1
6.93663423589896e-07,1
8.45112595015962e-07,1
8.34160402973794e-08,1
0.00903359707444906,1
0.98371559381485,1
8.45112595015962e-07,1
0.00903359707444906,1
0.000333787844283506,1
3.89315537177026e-05,1
0.000115762486530002,1
2.20254169107648e-05,1
0.00541470618918538,1
2.86281629087171e-05,1
0.000333787844283506,1
2.20254169107648e-05,1
1.25338351608661e-06,1
0.0227647144347429,1
0.000333787844283506,1
0.000183870637556538,1
0.0515237972140312,1
2.86281629087171e-05,1
0.0172976311296225,1
2.75754791800864e-05,1
0.0543821752071381,1
3.89315537177026e-05,1
0.000333787844283506,1
6.14300233792164e-06,1
0.000333787844283506,1
0.000333787844283506,1
0.000183870637556538,1
3.06589669207824e-08,1
0.0296989120543003,1
3.89315537177026e-05,1
0.00433285720646381,1
2.82503551801705e-11,1
0.000371424364857376,1
0.00433285720646381,1
0.00109653430990875,1
4.73995669103555e-12,1
0.00153175776358694,1
0.00153175776358694,1
0.00109653430990875,1
7.3005144152205e-09,1
0.00109653430990875,1
4.73995669103555e-12,1
4.73995669103555e-12,1
4.73995669103555e-12,1
0.00153175776358694,1
0.0656794756650925,1
6.62766324239783e-05,1
0.00109653430990875,1
4.32687219387162e-09,1
0.00109653430990875,1
4.73995669103555e-12,1
0.000135833863168955,1
4.73995669103555e-12,1
0.0771456807851791,1
1.88190014682732e-08,1
0.00109653430990875,1
6.62766324239783e-05,1
0.00109653430990875,1
0.00109653430990875,1
4.80716768475054e-12,1
4.46954913968511e-07,1
4.32687219387162e-09,1
1.41676084197684e-08,1
4.73995669103555e-12,1
4.73995669103555e-12,1
2.66689479389015e-08,1
2.66689479389015e-08,1
2.66689479389015e-08,1
2.66689479389015e-08,1
2.66689479389015e-08,1
1.31701435748255e-05,1
2.66689479389015e-08,1
2.66689479389015e-08,1
2.66689479389015e-08,1
2.66689479389015e-08,1
2.66689479389015e-08,1
2.66689479389015e-08,1
0.000681462988723069,1
0.000681462988723069,1
2.66689479389015e-08,1
4.87202260046615e-06,1
0.000384159298846498,1
2.48692067543743e-05,1
8.91379897893785e-07,1
0.0680726245045662,1
1.59267369781446e-06,1
1.93065739040321e-06,1
8.91379897893785e-07,1
1.0302388275818e-08,1
1.25338351608661e-06,1
1.25338351608661e-06,1
8.91379897893785e-07,1
1.25338351608661e-06,1
1.25338351608661e-06,1
1.03998072518152e-05,1
8.88909596596932e-07,1
8.91379897893785e-07,1
0.579100131988525,1
1.25338351608661e-06,1
8.91379897893785e-07,1
8.91379897893785e-07,1
0.996666371822357,1
6.53788592899218e-05,1
0.37715819478035,1
0.994473397731781,1
6.53788592899218e-05,1
6.53788592899218e-05,1
0.996666371822357,1
0.37715819478035,1
0.0656794756650925,1
0.99188894033432,1
0.996666371822357,1
0.000135833863168955,1
0.37715819478035,1
2.29028866982617e-08,1
0.996666371822357,1
6.53788592899218e-05,1
0.996666371822357,1
0.996666371822357,1
1.44768364407355e-05,1
0.996666371822357,1
0.996666371822357,1
0.996666371822357,1
9.77801664703293e-06,1
6.53788592899218e-05,1
0.000259985332377255,1
0.000259985332377255,1
0.000259985332377255,1
0.000259985332377255,1
0.000259985332377255,1
0.000259985332377255,1
0.000259985332377255,1
0.000259985332377255,1
0.000259985332377255,1
5.55282895220444e-08,1
0.00709410384297371,1
0.0512994006276131,1
0.238222777843475,1
0.0656794756650925,1
0.0159916095435619,1
7.37186527099976e-12,1
1.93466998723343e-19,1
7.37186527099976e-12,1
4.70356751865273e-14,1
4.70356751865273e-14,1
7.37186527099976e-12,1
0.00629162508994341,1
2.07563809889733e-11,1
0.00629162508994341,1
0.00629162508994341,1
2.07563809889733e-11,1
1.25338351608661e-06,0
2.07115244847955e-05,0
1.38607549615699e-06,0
2.72763259090425e-06,0
4.87202260046615e-06,0
0.0656794756650925,0
1.7868348944558e-12,0
6.27316112513654e-05,0
7.37186527099976e-12,0
0.0656794756650925,0
9.31436594520108e-11,0
1.25338351608661e-06,0
1.76648356386977e-07,0
1.25696828945365e-07,0
1.2026168860757e-07,0
1.25338351608661e-06,0
3.25026711833532e-16,0
1.96835680981167e-05,0
1.04950501622625e-08,0
6.93663423589896e-07,0
0.0656794756650925,0
1.53690341703205e-11,0
0.000225252617383376,0
1.17601985039073e-06,0
1.17601985039073e-06,0
1.25338351608661e-06,0
1.73068601116988e-10,0
0.000321187224471942,0
6.27316112513654e-05,0
0.770841658115387,0
1.7868348944558e-12,0
4.241556780471e-06,0
7.70264377933927e-05,0
2.39619950548331e-08,0
1.10910555406463e-07,0
4.50783507743857e-12,0
4.66809206045582e-06,0
1.57796015837208e-11,0
3.81189479981003e-09,0
2.72763259090425e-06,0
0.0656794756650925,0
2.59149874182185e-05,0
1.48417500511755e-08,0
5.31764317202033e-06,0
6.27316112513654e-05,0
8.08106692673505e-10,0
1.10910555406463e-07,0
3.26599064237598e-07,0
1.4509468826418e-07,0
8.70725019863627e-11,0
2.59149874182185e-05,0
0.000698356190696359,0
5.48805246580741e-07,0
7.39253118808847e-06,0
1.25338351608661e-06,0
2.72763259090425e-06,0
6.22939699823633e-10,0
0.00206610397435725,0
0.999994158744812,0
3.05708208747646e-10,0
0.0656794756650925,0
1.1000333088873e-08,0
2.05490333082814e-10,0
4.30577509682051e-15,0
3.58998275551414e-10,0
7.03433977733425e-11,0
0.0656794756650925,0
1.1709064171127e-18,0
0.00903359707444906,0
2.59149874182185e-05,0
0.00132572033908218,0
0.410134613513947,0
4.80990525186797e-10,0
2.24329300795023e-12,0
1.18638958249498e-13,0
0.000321187224471942,0
1.25338351608661e-06,0
0.000321187224471942,0
8.10151612462562e-10,0
0.999970078468323,0
4.89569007555701e-09,0
0.00709697278216481,0
4.89569007555701e-09,0
1.17601985039073e-06,0
9.31436594520108e-11,0
0.00581524893641472,0
1.07980291375043e-11,0
0.50111848115921,0
0.000806703697890043,0
0.000602801505010575,0
0.0656794756650925,0
7.36066096962418e-10,0
4.05260096314475e-11,0
0.00708217034116387,0
0.000321187224471942,0
0.996666371822357,0
1.24059207351479e-09,0
0.000342048791935667,0
0.99999475479126,0
0.000698356190696359,0
1.92860781567106e-07,0
5.22480945619463e-07,0
9.89991164601633e-08,0
1.25338351608661e-06,0
1.25338351608661e-06,0
0.000333787844283506,0
0.0656794756650925,0
0.238222777843475,0
0.00708217034116387,0
6.64410393369508e-08,0
0.0656794756650925,0
5.68728137295693e-06,0
1.957529457286e-05,0
2.00120319621133e-11,0
2.65153543566043e-09,0
1.72057411873539e-07,0
1.88190014682732e-08,0
5.47716150212096e-10,0
6.58002818898495e-11,0
0.238222777843475,0
2.20254169107648e-05,0
0.00132572033908218,0
0.000297386053716764,0
1.09935160708119e-06,0
2.66689479389015e-08,0
4.90953899756619e-09,0
0.0588597916066647,0
1.24059207351479e-09,0
1.93065739040321e-06,0
9.97181712203421e-11,0
1.41676084197684e-08,0
0.000590970914345235,0
4.87202260046615e-06,0
3.81189479981003e-09,0
8.15270837506432e-08,0
2.96522745593664e-12,0
8.82072890817653e-06,0
0.000806703697890043,0
2.39619950548331e-08,0
7.70264377933927e-05,0
1.53690341703205e-11,0
0.0227647144347429,0
1.56709523135845e-09,0
0.0126589108258486,0
1.25338351608661e-06,0
3.81189479981003e-09,0
3.30345244492491e-07,0
0.000922672334127128,0
1.26516983556257e-08,0
1.56709523135845e-09,0
6.3470020905676e-11,0
1.8760136499818e-10,0
9.31436594520108e-11,0
2.58481214210349e-09,0
1.31168603756393e-10,0
5.47713920289231e-18,0
1.33655376544084e-07,0
5.20413616714177e-12,0
9.61381751984902e-10,0
1.67190289390717e-10,0
4.73995669103555e-12,0
2.01573358699081e-11,0
1.25338351608661e-06,0
1.2377091539173e-12,0
1.49179386426113e-05,0
0.000590970914345235,0
0.000167519319802523,0
0.000590970914345235,0
0.12763811647892,0
5.19993437197996e-10,0
7.02878796832174e-11,0
1.10537552444612e-08,0
5.46151888158874e-08,0
4.95176436746819e-13,0
0.00146218028385192,0
0.0656794756650925,0
9.89796333783488e-09,0
0.351712822914124,0
0.0356440208852291,0
0.0208877455443144,0
2.21176216230745e-10,0
7.70264377933927e-05,0
2.52792400345925e-08,0
0.238222777843475,0
7.70264377933927e-05,0
1.1000333088873e-08,0
1.88854201610411e-07,0
3.81189479981003e-09,0
1.25338351608661e-06,0
8.91379897893785e-07,0
2.95163431474066e-06,0
2.66689479389015e-08,0
2.66689479389015e-08,0
1.25338351608661e-06,0
2.6615425419152e-09,0
0.000159625225933269,0
0.000349669047864154,0
1.07980291375043e-11,0
4.25066247459094e-15,0
2.72763259090425e-06,0
0.50111848115921,0
0.238222777843475,0
7.36066096962418e-10,0
2.59149874182185e-05,0
2.9727054151607e-10,0
3.00927034402321e-08,0
0.000244383263634518,0
1.25338351608661e-06,0
0.000538942869752645,0
0.000321187224471942,0
5.24894394615671e-09,0
0.000698356190696359,0
6.75134060657001e-06,0
1.25338351608661e-06,0
8.93622300452129e-15,0
3.63572449924021e-10,0
2.28975562469036e-12,0
0.999945998191833,0
1.88190014682732e-08,0
1.25338351608661e-06,0
2.66689479389015e-08,0
0.000321187224471942,0
2.66689479389015e-08,0
7.12906214062059e-08,0
2.13242645763501e-09,0
0.999941825866699,0
6.55888066081189e-10,0
1.62942229153806e-12,0
1.1000333088873e-08,0
1.31701435748255e-05,0
0.0656794756650925,0
1.88673295736796e-13,0
0.00153175776358694,0
5.66715294483822e-13,0
5.56620838310096e-09,0
0.000312198244500905,0
3.57632234226912e-06,0
2.55365084633752e-09,0
1.8760136499818e-10,0
6.9445647149502e-12,0
0.329866588115692,0
1.25338351608661e-06,0
3.3826587753083e-08,0
3.06589669207824e-08,0
1.14581455434859e-08,0
0.238222777843475,0
3.69916467249376e-12,0
4.52423946288409e-14,0
3.25739825737803e-12,0
7.37186527099976e-12,0
2.20911516635169e-07,0
0.241566136479378,0
4.81164061056916e-05,0
1.79654338153877e-16,0
1.21236635095556e-05,0
0.000590970914345235,0
0.000179416572791524,0
6.43482402779005e-12,0
0.141612991690636,0
1.25338351608661e-06,0
6.9445647149502e-12,0
0.0656794756650925,0
0.0656794756650925,0
1.10537552444612e-08,0
5.68062459933572e-05,0
1.80070226037023e-15,0
1.01139667094685e-05,0
1.25338351608661e-06,0
0.000321187224471942,0
5.10730657765635e-08,0
4.241556780471e-06,0
3.84108461730648e-05,0
1.25338351608661e-06,0
0.000321187224471942,0
2.58481214210349e-09,0
4.71796681722481e-08,0
2.24329300795023e-12,0
2.67332027825348e-13,0
9.97181712203421e-11,0
0.999310851097107,0
0.000135833863168955,0
2.68302342149029e-11,0
2.41009615820076e-06,0
0.00132572033908218,0
0.0656794756650925,0
3.1061551985026e-13,0
8.10151612462562e-10,0
1.8760136499818e-10,0
9.94458515535257e-10,0
1.18638958249498e-13,0
5.55282895220444e-08,0
3.74151750293095e-06,0
7.70264377933927e-05,0
3.17220815304609e-06,0
1.07980291375043e-11,0
5.35998161410589e-08,0
0.000297386053716764,0
6.93663423589896e-07,0
0.137472718954086,0
0.000707393512129784,0
0.000321187224471942,0
3.83403031545271e-10,0
0.0270503088831902,0
2.58481214210349e-09,0
0.997752487659454,0
0.238222777843475,0
7.26138296158751e-08,0
4.71796681722481e-08,0
0.000373446731828153,0
1.16361316415681e-10,0
0.0656794756650925,0
7.70264377933927e-05,0
1.2377091539173e-12,0
0.238222777843475,0
5.22480945619463e-07,0
0.0356440208852291,0
0.000321187224471942,0
4.3731893106802e-11,0
1.03601575560629e-13,0
0.238222777843475,0
3.12295814208774e-11,0
2.41009615820076e-06,0
0.253461956977844,0
4.241556780471e-06,0
1.07980291375043e-11,0
7.02878796832174e-11,0
1.14581455434859e-08,0
0.000681462988723069,0
1.32415661768803e-10,0
1.25338351608661e-06,0
2.41009615820076e-06,0
0.0031741987913847,0
1.80070226037023e-15,0
0.00132572033908218,0
1.72869418779698e-09,0
0.0126589108258486,0
1.4409722304265e-08,0
1.25338351608661e-06,0
2.66689479389015e-08,0
7.99195605527547e-12,0
5.03845232202593e-09,0
6.45531656573439e-07,0
1.25338351608661e-06,0
0.000598711660131812,0
2.58481214210349e-09,0
0.137472718954086,0
9.61381751984902e-10,0
2.24329300795023e-12,0
7.37186527099976e-12,0
3.3826587753083e-08,0
6.9445647149502e-12,0
7.70264377933927e-05,0
1.25338351608661e-06,0
5.31764317202033e-06,0
0.0656794756650925,0
0.949853479862213,0
0.996666371822357,0
0.253461956977844,0
3.7972818063281e-06,0
1.25338351608661e-06,0
4.33395257459779e-08,0
6.9445647149502e-12,0
0.0479667261242867,0
1.8760136499818e-10,0
0.00450346013531089,0
1.17601985039073e-06,0
6.8775025283685e-06,0
3.89315537177026e-05,0
1.23982768477705e-17,0
4.89569007555701e-09,0
0.000342048791935667,0
2.66689479389015e-08,0
0.0235315300524235,0
2.28975562469036e-12,0
0.999948024749756,0
6.93663423589896e-07,0
1.50280811794801e-07,0
6.27316112513654e-05,0
0.603089690208435,0
1.25338351608661e-06,0
5.31764317202033e-06,0
3.42444059220348e-11,0
1.25338351608661e-06,0
4.627335181695e-10,0
1.8031032222865e-09,0
0.999922633171082,0
5.77588998851297e-08,0
1.38607549615699e-06,0
2.41009615820076e-06,0
1.18638958249498e-13,0
0.0101272463798523,0
0.00117330637294799,0
0.000707393512129784,0
1.8760136499818e-10,0
7.70264377933927e-05,0
2.59149874182185e-05,0
1.25338351608661e-06,0
2.58481214210349e-09,0
1.33005153202248e-06,0
8.97081875450567e-08,0
0.996666371822357,0
0.000321187224471942,0
5.25373012715092e-17,0
4.87202260046615e-06,0
1.25338351608661e-06,0
7.70264377933927e-05,0
5.95602567265985e-10,0
3.81189479981003e-09,0
1.82497788582536e-12,0
1.32700574795308e-06,0
6.94545815349557e-05,0
8.61948012964575e-10,0
2.66689479389015e-08,0
1.25338351608661e-06,0
0.000590970914345235,0
2.02078895283897e-10,0
0.000392212648876011,0
0.99810791015625,0
2.41009615820076e-06,0
1.53690341703205e-11,0
1.25338351608661e-06,0
2.25859523084182e-07,0
3.25026711833532e-16,0
0.0656794756650925,0
6.9445647149502e-12,0
4.80990525186797e-10,0
0.999738991260529,0
1.14581455434859e-08,0
6.59466578567525e-11,0
0.0656794756650925,0
2.06239789690699e-07,0
9.55826667814463e-11,0
1.1000333088873e-08,0
0.0656794756650925,0
4.89569007555701e-09,0
2.41009615820076e-06,0
5.55304069393969e-08,0
4.35346337326337e-05,0
5.55282895220444e-08,0
1.43583358536148e-08,0
0.12763811647892,0
3.81189479981003e-09,0
2.66689479389015e-08,0
4.87202260046615e-06,0
1.03528696726585e-09,0
0.000698356190696359,0
0.000224976378376596,0
7.70264377933927e-05,0
3.83403031545271e-10,0
6.67488730954346e-10,0
2.76820131261957e-08,0
0.000179416572791524,0
5.57099042453046e-07,0
0.0656794756650925,0
0.238222777843475,0
2.66689479389015e-08,0
0.0656794756650925,0
1.25338351608661e-06,0
0.00708217034116387,0
2.66689479389015e-08,0
1.25338351608661e-06,0
6.9445647149502e-12,0
2.52792400345925e-08,0
5.68728137295693e-06,0
9.48493907344528e-05,0
0.253461956977844,0
0.00132572033908218,0
1.50280811794801e-07,0
6.67488730954346e-10,0
2.66689479389015e-08,0
1.50280811794801e-07,0
0.000297386053716764,0
7.37186527099976e-12,0
0.00367817142978311,0
2.02078895283897e-10,0
6.09944836469367e-05,0
3.48155211327139e-08,0
6.22939699823633e-10,0
2.01573358699081e-11,0
1.7868348944558e-12,0
2.66693186858902e-05,0
0.999310851097107,0
0.0656794756650925,0
2.93900208131265e-18,0
0.000333787844283506,0
6.55888066081189e-10,0
1.8760136499818e-10,0
1.41676084197684e-08,0
1.18638958249498e-13,0
1.25829055508397e-10,0
2.67332027825348e-13,0
1.1000333088873e-08,0
1.8079053878961e-11,0
1.29364782774921e-10,0
1.30858812674717e-09,0
1.49179386426113e-05,0
2.52847378590104e-08,0
4.627335181695e-10,0
0.000698356190696359,0
1.88190014682732e-08,0
2.58481214210349e-09,0
5.27797944238628e-12,0
1.87851290078811e-10,0
2.72763259090425e-06,0
1.56709523135845e-09,0
0.000297386053716764,0
0.00011689102393575,0
0.0656794756650925,0
1.33637412247367e-09,0
7.70264377933927e-05,0
0.141612991690636,0
1.1517677194206e-06,0
1.2026168860757e-07,0
2.67332027825348e-13,0
1.01139667094685e-05,0
0.000333787844283506,0
0.0656794756650925,0
0.000342048791935667,0
0.000237141852267087,0
7.02878796832174e-11,0
3.89315537177026e-05,0
0.99506539106369,0
6.07706060691271e-05,0
8.15270837506432e-08,0
0.0656794756650925,0
0.00708217034116387,0
1.25338351608661e-06,0
8.08106692673505e-10,0
6.9445647149502e-12,0
1.25338351608661e-06,0
0.00108349230140448,0
0.994702041149139,0
3.50520567432566e-12,0
4.94378355142544e-07,0
1.38607549615699e-06,0
4.95176436746819e-13,0
2.58481214210349e-09,0
9.31436594520108e-11,0
1.28828379075685e-08,0
2.06076739006633e-10,0
7.36066096962418e-10,0
1.25338351608661e-06,0
2.25859523084182e-07,0
5.46151888158874e-08,0
9.95135432391159e-11,0
3.41071904585988e-06,0
1.31168603756393e-10,0
1.31713126516608e-10,0
0.000297386053716764,0
2.59149874182185e-05,0
9.61381751984902e-10,0
2.17610179875649e-10,0
0.238222777843475,0
5.31764317202033e-06,0
1.01186052953186e-16,0
3.48155211327139e-08,0
9.33372721192427e-05,0
3.81189479981003e-09,0
5.46151888158874e-08,0
0.0656794756650925,0
1.25338351608661e-06,0
8.09261165024555e-12,0
8.71663505264131e-12,0
0.238222777843475,0
9.61381751984902e-10,0
1.74231524852075e-06,0
0.00709697278216481,0
0.00450346013531089,0
0.999922633171082,0
0.999993443489075,0
6.27316112513654e-05,0
0.0134891355410218,0
9.1429728371617e-12,0
2.25859523084182e-07,0
6.27316112513654e-05,0
1.3960994582618e-09,0
2.72763259090425e-06,0
2.30019281843852e-06,0
0.0656794756650925,0
1.88190014682732e-08,0
1.25338351608661e-06,0
5.5225558753591e-05,0
3.4850905649364e-05,0
0.0656794756650925,0
3.20796189612338e-08,0
0.0656794756650925,0
5.55282895220444e-08,0
1.25338351608661e-06,0
6.9445647149502e-12,0
6.27316112513654e-05,0
9.1429728371617e-12,0
0.000333787844283506,0
0.000167519319802523,0
1.41676084197684e-08,0
2.17610179875649e-10,0
0.000224976378376596,0
0.000339897494995967,0
2.39619950548331e-08,0
0.12763811647892,0
0.0656794756650925,0
0.999922633171082,0
0.99506539106369,0
1.31168603756393e-10,0
1.5891682636493e-08,0
1.69625280932451e-07,0
0.00137656799051911,0
2.58481214210349e-09,0
2.96911273345302e-10,0
2.69839931649196e-11,0
1.55100488008486e-09,0
1.45516923164002e-11,0
1.55871087657031e-15,0
0.0656794756650925,0
1.25338351608661e-06,0
0.00132572033908218,0
0.00636522052809596,0
3.30725029584755e-08,0
2.93965719821987e-11,0
0.00245962804183364,0
1.25338351608661e-06,0
7.36066096962418e-10,0
1.25338351608661e-06,0
0.0656794756650925,0
0.253461956977844,0
8.08106692673505e-10,0
1.8760136499818e-10,0
0.770841658115387,0
1.25338351608661e-06,0
9.31436594520108e-11,0
6.27316112513654e-05,0
6.9445647149502e-12,0
3.58998275551414e-10,0
1.31168603756393e-10,0
0.00117330637294799,0
0.000423360586864874,0
0.996998190879822,0
0.688884913921356,0
6.27316112513654e-05,0
1.17892881235093e-07,0
6.9445647149502e-12,0
3.89315537177026e-05,0
1.7868348944558e-12,0
5.55282895220444e-08,0
0.137472718954086,0
0.0656794756650925,0
6.62766324239783e-05,0
0.000321187224471942,0
0.000321187224471942,0
3.06589669207824e-08,0
1.74535816355181e-10,0
3.89315537177026e-05,0
0.000333787844283506,0
3.89315537177026e-05,0
6.9445647149502e-12,0
0.141612991690636,0
0.00531187793239951,0
2.00120319621133e-11,0
6.9445647149502e-12,0
1.88190014682732e-08,0
0.0656794756650925,0
1.88190014682732e-08,0
4.45887131661493e-08,0
2.58481214210349e-09,0
3.81189479981003e-09,0
2.57585237861679e-11,0
7.36066096962418e-10,0
1.54403085872445e-08,0
2.58481214210349e-09,0
5.43645093387113e-08,0
0.00903359707444906,0
0.0126589108258486,0
2.66689479389015e-08,0
0.0656794756650925,0
1.83069096237887e-05,0
2.25859523084182e-07,0
2.01938153698844e-11,0
6.27316112513654e-05,0
4.87202260046615e-06,0
0.00117330637294799,0
0.999951720237732,0
8.58519342727959e-05,0
1.25338351608661e-06,0
9.31436594520108e-11,0
4.73995669103555e-12,0
1.8760136499818e-10,0
0.989629328250885,0
2.59149874182185e-05,0
0.00132572033908218,0
5.08335669564819e-13,0
3.89315537177026e-05,0
7.98364846454902e-13,0
7.70264377933927e-05,0
5.08335669564819e-13,0
6.9445647149502e-12,0
1.90954542631516e-05,0
3.62938656905953e-09,0
0.000806703697890043,0
0.0656794756650925,0
2.24329300795023e-12,0
0.0656794756650925,0
6.9445647149502e-12,0
0.0656794756650925,0
9.59140749046128e-08,0
2.59149874182185e-05,0
1.96835680981167e-05,0
0.238222777843475,0
2.39619950548331e-08,0
6.9445647149502e-12,0
5.68062459933572e-05,0
7.37186527099976e-12,0
1.38607549615699e-06,0
3.50303536178487e-11,0
6.93663423589896e-07,0
5.37072886164225e-11,0
0.000297386053716764,0
1.1709064171127e-18,0
5.29717283370701e-07,0
0.0295222494751215,0
6.93663423589896e-07,0
1.41454452318168e-11,0
0.000993704656139016,0
1.17601985039073e-06,0
1.04950501622625e-08,0
9.88864850600246e-19,0
2.81539519164653e-06,0
6.55888066081189e-10,0
0.000237141852267087,0
2.66689479389015e-08,0
0.0338270775973797,0
6.97829652136078e-14,0
1.74231524852075e-06,0
9.95052373831129e-10,0
6.94545815349557e-05,0
3.1960226465344e-07,0
9.61381751984902e-10,0
7.37186527099976e-12,0
3.02114040096058e-06,0
0.000312198244500905,0
0.0338270775973797,0
2.37640577438469e-07,0
0.00206610397435725,0
2.41009615820076e-06,0
5.55918377358466e-05,0
1.1709064171127e-18,0
0.000392212648876011,0
0.0181747358292341,0
3.81189479981003e-09,0
0.452147632837296,0
8.03966937468203e-09,0
2.06133235480799e-11,0
3.73211651094607e-06,0
1.25338351608661e-06,0
9.89796333783488e-09,0
0.0126589108258486,0
1.67767112202455e-07,0
2.02078895283897e-10,0
0.00116805895231664,0
7.37186527099976e-12,0
9.13486383069539e-06,0
2.13274934008929e-15,0
5.83505254780903e-07,0
9.96695334229934e-14,0
2.58481214210349e-09,0
0.000590970914345235,0
2.93965719821987e-11,0
6.9445647149502e-12,0
1.45895437526633e-05,0
3.89315537177026e-05,0
3.89315537177026e-05,0
3.30345244492491e-07,0
1.31168603756393e-10,0
2.17610179875649e-10,0
0.000333968026097864,0
3.81189479981003e-09,0
6.53788592899218e-05,0
7.70264377933927e-05,0
5.03845232202593e-09,0
0.996666371822357,0
1.38429320090117e-11,0
6.9445647149502e-12,0
0.0227647144347429,0
0.00636522052809596,0
2.02078895283897e-10,0
3.06589669207824e-08,0
1.24059207351479e-09,0
6.9445647149502e-12,0
5.25373012715092e-17,0
1.4991508123785e-07,0
0.000297386053716764,0
0.99506539106369,0
1.25338351608661e-06,0
9.97181712203421e-11,0
0.00132572033908218,0
0.00450346013531089,0
5.5225558753591e-05,0
2.22716971620684e-05,0
0.0656794756650925,0
1.88190014682732e-08,0
0.999885201454163,0
2.20735181244436e-08,0
0.00481972983106971,0
6.97829652136078e-14,0
0.0656794756650925,0
6.9445647149502e-12,0
2.39619950548331e-08,0
2.22435517116537e-07,0
4.03714006669276e-11,0
3.63148466853147e-09,0
7.70264377933927e-05,0
1.21364482907893e-08,0
2.58481214210349e-09,0
0.000297386053716764,0
0.0656794756650925,0
6.27316112513654e-05,0
4.7990788232255e-08,0
0.0031741987913847,0
9.95052373831129e-10,0
3.82030100913242e-13,0
0.99506539106369,0
3.83403031545271e-10,0
0.0656794756650925,0
2.66689479389015e-08,0
1.25338351608661e-06,0
6.27316112513654e-05,0
3.46560807829022e-10,0
1.4409722304265e-08,0
1.08324336167698e-08,0
0.0532198324799538,0
2.01938153698844e-11,0
7.6310336630421e-14,0
1.17601985039073e-06,0
3.89315537177026e-05,0
2.85045160808295e-08,0
0.770841658115387,0
0.141612991690636,0
2.39619950548331e-08,0
2.66689479389015e-08,0
0.000297386053716764,0
2.59149874182185e-05,0
3.90233111602356e-07,0
2.17610179875649e-10,0
0.998592555522919,0
1.8760136499818e-10,0
8.8623705596369e-11,0
2.3572403794539e-13,0
0.000342048791935667,0
1.25338351608661e-06,0
8.82997992448509e-05,0
7.02878796832174e-11,0
0.99506539106369,0
0.99506539106369,0
0.997035622596741,0
1.25338351608661e-06,0
0.991026699542999,0
2.59149874182185e-05,0
9.97181712203421e-11,0
2.58481214210349e-09,0
1.18638958249498e-13,0
0.0588597916066647,0
2.00102178382622e-07,0
0.20159050822258,0
0.00708217034116387,0
2.66778377167043e-09,0
0.0656794756650925,0
5.43645093387113e-08,0
0.141612991690636,0
1.25338351608661e-06,0
2.31707795311786e-12,0
2.39813431335278e-07,0
2.58481214210349e-09,0
4.75693902046714e-08,0
5.55282895220444e-08,0
0.624862968921661,0
0.0131644830107689,0
1.7868348944558e-12,0
0.00189282756764442,0
6.93663423589896e-07,0
1.10910555406463e-07,0
1.41454452318168e-11,0
0.000321187224471942,0
0.0656794756650925,0
3.7972818063281e-06,0
0.00185490713920444,0
0.302756577730179,0
0.948971927165985,0
0.00190911628305912,0
2.13242645763501e-09,0
5.29717283370701e-07,0
2.24329300795023e-12,0
6.38623109949776e-09,0
6.93663423589896e-07,0
0.000225252617383376,0
2.58565989952331e-07,0
1.41454452318168e-11,0
0.000297386053716764,0
0.000321187224471942,0
0.000266344286501408,0
1.17601985039073e-06,0
0.99999463558197,0
0.0656794756650925,0
1.66015983182888e-08,0
1.31168603756393e-10,0
2.58481214210349e-09,0
4.71796681722481e-08,0
1.01139667094685e-05,0
2.66689479389015e-08,0
9.15684417179818e-09,0
6.43482402779005e-12,0
5.83505254780903e-07,0
0.137472718954086,0
0.000590970914345235,0
0.00709697278216481,0
0.00709697278216481,0
1.1000333088873e-08,0
1.7868348944558e-12,0
3.06742767861579e-05,0
0.000167519319802523,0
0.999675393104553,0
1.29972086142516e-05,0
3.81189479981003e-09,0
7.36066096962418e-10,0
0.0656794756650925,0
0.0656794756650925,0
2.02078895283897e-10,0
7.10552412783727e-05,0
1.8760136499818e-10,0
0.00709697278216481,0
2.39619950548331e-08,0
4.40154726902287e-12,0
1.8760136499818e-10,0
8.19001255703e-10,0
1.1517677194206e-06,0
9.95052373831129e-10,0
1.25338351608661e-06,0
3.6106988926532e-11,0
6.9445647149502e-12,0
3.81189479981003e-09,0
2.66689479389015e-08,0
1.88190014682732e-08,0
0.000922672334127128,0
0.00535813253372908,0
0.0656794756650925,0
7.70264377933927e-05,0
7.6310336630421e-14,0
1.25338351608661e-06,0
8.71663505264131e-12,0
1.31168603756393e-10,0
6.53788592899218e-05,0
1.44696454817961e-09,0
2.58481214210349e-09,0
9.95052373831129e-10,0
5.22480945619463e-07,0
5.22480945619463e-07,0
4.62542993773241e-05,0
4.87202260046615e-06,0
0.0656794756650925,0
7.66154784059836e-09,0
3.90233111602356e-07,0
4.08711962052166e-08,0
0.137472718954086,0
1.44287387593423e-10,0
3.62938656905953e-09,0
7.26138296158751e-08,0
4.08711962052166e-08,0
0.253461956977844,0
1.27345282483151e-18,0
6.9225815401211e-13,0
1.76076457591989e-06,0
0.0656794756650925,0
1.67313185528428e-09,0
1.17601985039073e-06,0
0.238222777843475,0
0.000428407918661833,0
2.86108825520159e-09,0
4.80990525186797e-10,0
4.55292745236806e-14,0
3.83403031545271e-10,0
4.0653018729131e-09,0
1.04950501622625e-08,0
5.81091286200319e-10,0
9.95052373831129e-10,0
0.828119695186615,0
7.70264377933927e-05,0
1.38607549615699e-06,0
3.74829670340276e-13,0
0.0126589108258486,0
3.69916467249376e-12,0
3.30345244492491e-07,0
0.000321187224471942,0
2.13051839637046e-06,0
5.46151888158874e-08,0
7.70264377933927e-05,0
2.28975562469036e-12,0
0.000321187224471942,0
1.88190014682732e-08,0
1.565183083585e-05,0
6.59466578567525e-11,0
2.28174684008264e-12,0
8.82072890817653e-06,0
0.000593697128351778,0
2.02366461365955e-08,0
0.0656794756650925,0
3.06589669207824e-08,0
1.25338351608661e-06,0
1.06865583049398e-09,0
3.41063576035985e-14,0
0.000590970914345235,0
1.61959945454981e-09,0
1.10910555406463e-07,0
9.61381751984902e-10,0
1.88190014682732e-08,0
4.11245121290094e-10,0
5.60975754737569e-09,0
1.16645340847259e-13,0
1.17892881235093e-07,0
0.0656794756650925,0
2.58481214210349e-09,0
0.000806703697890043,0
0.12763811647892,0
2.01573358699081e-11,0
0.0656794756650925,0
7.61453904374321e-08,0
1.25338351608661e-06,0
7.09350148064836e-11,0
2.59149874182185e-05,0
0.0515237972140312,0
4.87202260046615e-06,0
2.91578203638967e-13,0
3.02114040096058e-06,0
1.31168603756393e-10,0
4.73995669103555e-12,0
0.141612991690636,0
0.372535020112991,0
1.17601985039073e-06,0
7.37186527099976e-12,0
0.000321187224471942,0
1.07980291375043e-11,0
0.999951720237732,0
4.75693902046714e-08,0
1.957529457286e-05,0
0.0656794756650925,0
5.83505254780903e-07,0
0.238222777843475,0
2.05198034564091e-07,0
1.73739191922095e-08,0
0.00348389102146029,0
0.00708217034116387,0
6.9445647149502e-12,0
2.67332027825348e-13,0
3.89315537177026e-05,0
7.70264377933927e-05,0
2.58481214210349e-09,0
3.83403031545271e-10,0
0.996666371822357,0
1.8760136499818e-10,0
4.84483113349921e-13,0
1.88190014682732e-08,0
0.0335652530193329,0
1.61376658525114e-06,0
1.25338351608661e-06,0
2.66689479389015e-08,0
2.72763259090425e-06,0
2.58481214210349e-09,0
2.96522745593664e-12,0
0.000698356190696359,0
6.22939699823633e-10,0
2.17610179875649e-10,0
3.7972818063281e-06,0
9.77801664703293e-06,0
2.30227024510671e-13,0
0.0031741987913847,0
1.31168603756393e-10,0
6.9445647149502e-12,0
5.55918377358466e-05,0
7.06923353188671e-10,0
0.000321187224471942,0
0.999738991260529,0
2.72763259090425e-06,0
0.999993443489075,0
5.5225558753591e-05,0
2.07115244847955e-05,0
1.25338351608661e-06,0
0.00132572033908218,0
1.10910555406463e-07,0
6.9445647149502e-12,0
1.25338351608661e-06,0
7.36066096962418e-10,0
1.88190014682732e-08,0
4.90953899756619e-09,0
2.93965719821987e-11,0
1.49179386426113e-05,0
0.0656794756650925,0
1.88190014682732e-08,0
1.25338351608661e-06,0
1.7868348944558e-12,0
0.0973782390356064,0
0.000806703697890043,0
1.18638958249498e-13,0
3.65427013093722e-07,0
2.58481214210349e-09,0
1.25338351608661e-06,0
2.67332027825348e-13,0
0.0656794756650925,0
0.0656794756650925,0
0.238222777843475,0
1.25338351608661e-06,0
0.992628216743469,0
0.996666371822357,0
5.60205926092294e-09,0
2.66689479389015e-08,0
2.67332027825348e-13,0
8.48493527882965e-06,0
1.1000333088873e-08,0
0.994702041149139,0
1.50280811794801e-07,0
2.66689479389015e-08,0
0.0656794756650925,0
1.25338351608661e-06,0
7.23046582606912e-07,0
6.93663423589896e-07,0
9.91983384324158e-08,0
7.83941453419423e-11,0
1.83941217427952e-14,0
1.24059207351479e-09,0
8.65270987291387e-20,0
8.54051940279987e-10,0
1.01139667094685e-05,0
9.09016137029539e-07,0
2.58481214210349e-09,0
6.27316112513654e-05,0
0.0656794756650925,0
2.1316372874735e-13,0
7.37186527099976e-12,0
2.02078895283897e-10,0
0.000187159079359844,0
0.238222777843475,0
2.39619950548331e-08,0
6.7020920369032e-08,0
2.66689479389015e-08,0
7.36066096962418e-10,0
8.82997992448509e-05,0
0.000590970914345235,0
0.999310851097107,0
0.0108676990494132,0
4.70669618835018e-08,0
5.60785250701412e-13,0
2.6615425419152e-09,0
2.39619950548331e-08,0
0.000590970914345235,0
1.8760136499818e-10,0
3.41063576035985e-14,0
5.40369471391244e-10,0
5.29717283370701e-07,0
6.9445647149502e-12,0
0.383923947811127,0
1.01139667094685e-05,0
0.000321187224471942,0
1.80070226037023e-15,0
7.48762886360055e-06,0
1.31168603756393e-10,0
3.51018457803534e-15,0
0.0656794756650925,0
7.13835865417956e-11,0
0.0270503088831902,0
1.54403085872445e-08,0
1.27700001723192e-13,0
6.47190148694854e-11,0
4.84483113349921e-13,0
6.97829652136078e-14,0
2.39619950548331e-08,0
1.41454452318168e-11,0
0.00011689102393575,0
2.20911516635169e-07,0
0.00122537021525204,0
2.25859523084182e-07,0
7.70264377933927e-05,0
2.58565989952331e-07,0
0.0656794756650925,0
1.76889429326366e-07,0
7.45850138628157e-06,0
1.31704568515838e-14,0
4.16312817552722e-13,0
0.0656794756650925,0
6.84121325127823e-13,0
0.994580328464508,0
9.1429728371617e-12,0
0.00867904536426067,0
1.25338351608661e-06,0
3.81189479981003e-09,0
0.989519119262695,0
6.93663423589896e-07,0
0.141612991690636,0
6.58002818898495e-11,0
0.137472718954086,0
7.70264377933927e-05,0
0.0656794756650925,0
4.55292745236806e-14,0
2.66689479389015e-08,0
3.87993726036484e-09,0
0.410768121480942,0
2.20254169107648e-05,0
6.74848848677967e-12,0
1.41734113334735e-09,0
1.68542315520659e-11,0
1.17601985039073e-06,0
3.83403031545271e-10,0
2.17610179875649e-10,0
2.55365084633752e-09,0
0.238222777843475,0
1.1000333088873e-08,0
8.37339757708833e-05,0
0.00842924602329731,0
2.97955438099962e-08,0
0.0656794756650925,0
5.98390115236214e-10,0
2.59149874182185e-05,0
0.000698356190696359,0
2.66689479389015e-08,0
1.25338351608661e-06,0
0.0656794756650925,0
0.000321187224471942,0
2.58481214210349e-09,0
6.9445647149502e-12,0
2.66689479389015e-08,0
7.70264377933927e-05,0
8.97081875450567e-08,0
3.26599064237598e-07,0
0.0656794756650925,0
1.27047767861654e-08,0
8.37339757708833e-05,0
9.09879145183368e-06,0
3.25026711833532e-16,0
2.41009615820076e-06,0
2.58481214210349e-09,0
1.04950501622625e-08,0
0.000321187224471942,0
1.0368401692773e-09,0
3.20102981277159e-06,0
9.1429728371617e-12,0
2.58481214210349e-09,0
0.999885201454163,0
0.0094869676977396,0
2.66689479389015e-08,0
1.14581455434859e-08,0
1.23982768477705e-17,0
0.000698356190696359,0
7.10552412783727e-05,0
0.000698356190696359,0
2.58481214210349e-09,0
4.627335181695e-10,0
0.0031741987913847,0
1.25338351608661e-06,0
5.24894394615671e-09,0
0.000321187224471942,0
1.12325652251721e-11,0
0.332829147577286,0
1.25338351608661e-06,0
1.18345986493702e-14,0
0.253461956977844,0
3.26599064237598e-07,0
1.25338351608661e-06,0
1.05629216582293e-13,0
0.0656794756650925,0
9.61381751984902e-10,0
5.10730657765635e-08,0
2.06457443141517e-07,0
1.25338351608661e-06,0
1.18947843930073e-06,0
1.56709523135845e-09,0
5.22480945619463e-07,0
2.66689479389015e-08,0
7.45850138628157e-06,0
6.30411630016259e-13,0
1.25338351608661e-06,0
6.59466578567525e-11,0
0.141612991690636,0
0.000297386053716764,0
3.4850905649364e-05,0
7.70264377933927e-05,0
1.16361316415681e-10,0
0.00709697278216481,0
2.66689479389015e-08,0
1.25338351608661e-06,0
1.14581455434859e-08,0
1.25338351608661e-06,0
0.137472718954086,0
1.83941217427952e-14,0
5.86294554572042e-11,0
0.332829147577286,0
2.58481214210349e-09,0
0.0158007927238941,0
5.77588998851297e-08,0
1.16361316415681e-10,0
1.25338351608661e-06,0
7.70264377933927e-05,0
2.41009615820076e-06,0
0.0680726245045662,0
0.0094869676977396,0
6.07426784426934e-08,0
4.66809206045582e-06,0
2.22899565471835e-09,0
1.2026168860757e-07,0
0.0656794756650925,0
7.37186527099976e-12,0
2.57585237861679e-11,0
6.94545815349557e-05,0
4.87202260046615e-06,0
2.59149874182185e-05,0
6.1082276389679e-12,0
0.0656794756650925,0
8.61948012964575e-10,0
2.66689479389015e-08,0
0.00146218028385192,0
1.04950501622625e-08,0
5.47716150212096e-10,0
1.0931706928563e-12,0
2.66778377167043e-09,0
1.33986737855954e-14,0
1.50280811794801e-07,0
0.0656794756650925,0
0.137472718954086,0
0.0719796195626259,0
2.41009615820076e-06,0
6.27316112513654e-05,0
1.88190014682732e-08,0
7.26138296158751e-08,0
2.59149874182185e-05,0
0.000590970914345235,0
9.1844232219529e-10,0
2.76820131261957e-08,0
0.137472718954086,0
0.361531227827072,0
5.68728137295693e-06,0
1.0626592661378e-10,0
4.68172487444463e-07,0
6.7020920369032e-08,0
6.27316112513654e-05,0
2.85043906880778e-13,0
5.82731196629993e-08,0
0.000349669047864154,0
4.62542993773241e-05,0
0.0656794756650925,0
0.238222777843475,0
5.5225558753591e-05,0
2.01573358699081e-11,0
1.61376658525114e-06,0
2.99478215663729e-13,0
1.16361316415681e-10,0
0.0656794756650925,0
3.97874089230754e-09,0
1.01139667094685e-05,0
1.25338351608661e-06,0
3.90233111602356e-07,0
2.59149874182185e-05,0
0.000681462988723069,0
2.46598158559763e-11,0
2.58481214210349e-09,0
7.36066096962418e-10,0
2.72763259090425e-06,0
6.93663423589896e-07,0
2.39619950548331e-08,0
0.238222777843475,0
2.66689479389015e-08,0
2.22899565471835e-09,0
0.137472718954086,0
4.86690805701073e-05,0
0.00108349230140448,0
2.17610179875649e-10,0
1.38607549615699e-06,0
0.000321187224471942,0
7.26138296158751e-08,0
1.36627105571004e-13,0
7.70264377933927e-05,0
1.49919088254791e-09,0
0.0181747358292341,0
0.00709697278216481,0
4.89569007555701e-09,0
0.999310851097107,0
6.27316112513654e-05,0
0.238222777843475,0
1.92860781567106e-07,0
1.17601985039073e-06,0
0.989629328250885,0
1.73068601116988e-10,0
3.4850905649364e-05,0
0.000698356190696359,0
6.7020920369032e-08,0
1.25338351608661e-06,0
8.08106692673505e-10,0
1.31168603756393e-10,0
6.9445647149502e-12,0
7.23046582606912e-07,0
6.9445647149502e-12,0
2.14470287573931e-06,0
1.80070226037023e-15,0
2.58481214210349e-09,0
6.53788592899218e-05,0
2.51094836519221e-14,0
1.57796015837208e-11,0
7.36066096962418e-10,0
5.22480945619463e-07,0
0.770841658115387,0
1.10910555406463e-07,0
3.00927034402321e-08,0
5.55918377358466e-05,0
0.0512994006276131,0
2.66913630087018e-10,0
8.15270837506432e-08,0
6.82231574293708e-14,0
8.77485052257513e-16,0
4.94161725428377e-11,0
1.25338351608661e-06,0
0.000707393512129784,0
0.000297386053716764,0
1.82497788582536e-12,0
1.87588895528279e-07,0
2.67332027825348e-13,0
0.000590970914345235,0
9.31937265136185e-08,0
1.89339264267119e-08,0
0.000186364486580715,0
0.000349669047864154,0
2.14470287573931e-06,0
3.32061689343327e-13,0
6.9445647149502e-12,0
0.000590970914345235,0
2.31288317491252e-12,0
2.02440370022927e-10,0
3.81189479981003e-09,0
1.90698279389778e-09,0
0.000312198244500905,0
1.5891682636493e-08,0
3.89315537177026e-05,0
5.19993437197996e-10,0
5.56620838310096e-09,0
0.000244383263634518,0
0.762379229068756,0
8.15270837506432e-08,0
6.3470020905676e-11,0
0.238222777843475,0
2.00088177138014e-08,0
1.25338351608661e-06,0
1.92860781567106e-07,0
6.9445647149502e-12,0
4.87202260046615e-06,0
0.0656794756650925,0
0.00206610397435725,0
2.14470287573931e-06,0
7.02878796832174e-11,0
0.00903359707444906,0
2.22899565471835e-09,0
7.37186527099976e-12,0
1.10537552444612e-08,0
5.86609667091453e-12,0
0.00709410384297371,0
0.238222777843475,0
1.1000333088873e-08,0
9.1844232219529e-10,0
2.24329300795023e-12,0
8.15270837506432e-08,0
2.84987002885373e-08,0
5.80043149511766e-07,0
0.000392212648876011,0
0.0656794756650925,0
0.000321187224471942,0
0.00817029736936092,0
3.7972818063281e-06,0
0.00709697278216481,0
0.00709697278216481,0
1.07980291375043e-11,0
6.53788592899218e-05,0
0.0656794756650925,0
1.93390064850973e-06,0
0.000297386053716764,0
1.1709064171127e-18,0
1.8760136499818e-10,0
0.000297386053716764,0
5.5225558753591e-05,0
0.00132572033908218,0
1.25338351608661e-06,0
2.22899565471835e-09,0
2.17610179875649e-10,0
3.37973106070422e-05,0
6.16859943116874e-14,0
2.58481214210349e-09,0
6.9445647149502e-12,0
0.291684716939926,0
0.999985098838806,0
1.25338351608661e-06,0
3.10653092583379e-07,0
0.000321187224471942,0
0.563015282154083,0
2.28975562469036e-12,0
8.93622300452129e-15,0
0.000244383263634518,0
1.68725822202731e-09,0
6.9445647149502e-12,0
1.88854201610411e-07,0
0.987749874591827,0
1.29972086142516e-05,0
3.4850905649364e-05,0
0.0656794756650925,0
0.0338270775973797,0
2.59149874182185e-05,0
5.43645093387113e-08,0
7.37186527099976e-12,0
1.25338351608661e-06,0
5.1729402912315e-05,0
0.0656794756650925,0
2.66689479389015e-08,0
3.4850905649364e-05,0
0.0167733523994684,0
2.07115244847955e-05,0
1.8760136499818e-10,0
3.77537077156376e-08,0
0.0656794756650925,0
0.332829147577286,0
0.0126589108258486,0
1.87588895528279e-07,0
1.01186052953186e-16,0
0.000698356190696359,0
3.74829670340276e-13,0
2.39619950548331e-08,0
0.000698356190696359,0
1.01186052953186e-16,0
1.27047767861654e-08,0
0.0741602927446365,0
1.8760136499818e-10,0
9.07562571228482e-05,0
0.000598711660131812,0
1.10910555406463e-07,0
0.000321187224471942,0
5.70324343307504e-12,0
0.987749874591827,0
9.1429728371617e-12,0
0.000300604908261448,0
1.25338351608661e-06,0
4.87202260046615e-06,0
6.9445647149502e-12,0
2.17610179875649e-10,0
0.000333787844283506,0
2.01573358699081e-11,0
4.52423946288409e-14,0
2.58481214210349e-09,0
0.0656794756650925,0
3.7504066519034e-09,0
1.38607549615699e-06,0
3.73883424220622e-10,0
9.61381751984902e-10,0
0.000321187224471942,0
1.17601985039073e-06,0
6.9445647149502e-12,0
5.55282895220444e-08,0
1.16361316415681e-10,0
4.96367538289633e-05,0
0.000321187224471942,0
2.58481214210349e-09,0
0.253461956977844,0
2.15979630013852e-11,0
2.52792400345925e-08,0
0.489226847887039,0
6.9445647149502e-12,0
1.92860781567106e-07,0
0.000342048791935667,0
3.4850905649364e-05,0
0.672048926353455,0
8.15270837506432e-08,0
1.31168603756393e-10,0
4.71796681722481e-08,0
0.0588597916066647,0
0.000598711660131812,0
7.02878796832174e-11,0
7.70264377933927e-05,0
1.25338351608661e-06,0
2.00088177138014e-08,0
1.25338351608661e-06,0
1.25338351608661e-06,0
7.70264377933927e-05,0
0.00903359707444906,0
2.13242645763501e-09,0
0.000321187224471942,0
4.87202260046615e-06,0
9.31436594520108e-11,0
1.50280811794801e-07,0
2.41009615820076e-06,0
1.31168603756393e-10,0
7.23046582606912e-07,0
0.000297386053716764,0
4.627335181695e-10,0
2.02078895283897e-10,0
1.49179386426113e-05,0
0.000806703697890043,0
1.1000333088873e-08,0
3.16924584353728e-08,0
1.25338351608661e-06,0
6.1317946347117e-06,0
1.38607549615699e-06,0
1.09793507618861e-08,0
0.0656794756650925,0
1.10537552444612e-08,0
7.70264377933927e-05,0
8.08708791737445e-05,0
3.65363711507527e-11,0
0.0338270775973797,0
3.83403031545271e-10,0
1.37311195400058e-11,0
0.000590970914345235,0
0.0126589108258486,0
0.0656794756650925,0
1.88673295736796e-13,0
1.07980291375043e-11,0
4.627335181695e-10,0
0.999902844429016,0
1.2026168860757e-07,0
0.238222777843475,0
0.238222777843475,0
1.38607549615699e-06,0
1.25338351608661e-06,0
6.43482402779005e-12,0
2.66693186858902e-05,0
0.0656794756650925,0
6.27316112513654e-05,0
2.28174684008264e-12,0
0.302756577730179,0
5.51881896626583e-07,0
2.25859523084182e-07,0
3.20796189612338e-08,0
0.0126589108258486,0
1.8760136499818e-10,0
0.0094869676977396,0
4.35246484036325e-13,0
9.46482336949828e-10,0
0.32265043258667,0
1.25338351608661e-06,0
4.99794755142715e-16,0
6.93663423589896e-07,0
6.9445647149502e-12,0
6.93663423589896e-07,0
2.59149874182185e-05,0
6.93663423589896e-07,0
5.27797944238628e-12,0
0.756050586700439,0
0.300154089927673,0
2.59149874182185e-05,0
5.31764317202033e-06,0
0.000185777229489759,0
6.93663423589896e-07,0
1.25338351608661e-06,0
2.41009615820076e-06,0
2.00088177138014e-08,0
2.13051839637046e-06,0
1.23982768477705e-17,0
0.000349669047864154,0
0.0031741987913847,0
0.00450346013531089,0
0.00132572033908218,0
1.25338351608661e-06,0
9.61381751984902e-10,0
1.53690341703205e-11,0
8.47019876459854e-09,0
6.38010315014981e-05,0
0.000698356190696359,0
1.79654338153877e-16,0
1.25338351608661e-06,0
6.09944836469367e-05,0
6.93663423589896e-07,0
4.95176436746819e-13,0
1.34848566774731e-12,0
0.0152091979980469,0
3.73211651094607e-06,0
2.62865756939235e-10,0
1.31168603756393e-10,0
3.4850905649364e-05,0
6.7020920369032e-08,0
0.000167364123626612,0
3.30345244492491e-07,0
3.87993726036484e-09,0
9.65584513323847e-06,0
2.58481214210349e-09,0
2.20254169107648e-05,0
0.0656794756650925,0
2.96522745593664e-12,0
0.00709697278216481,0
1.67313185528428e-09,0
1.88190014682732e-08,0
1.25338351608661e-06,0
6.93663423589896e-07,0
0.999922633171082,0
0.00757574988529086,0
0.0656794756650925,0
1.56709523135845e-09,0
9.1429728371617e-12,0
1.23982768477705e-17,0
1.25338351608661e-06,0
0.00903359707444906,0
2.01573358699081e-11,0
0.00109334231819957,0
0.756050586700439,0
1.56709523135845e-09,0
6.59466578567525e-11,0
0.770841658115387,0
0.000590970914345235,0
1.8760136499818e-10,0
5.5225558753591e-05,0
1.01186052953186e-16,0
2.58481214210349e-09,0
0.00709697278216481,0
4.71796681722481e-08,0
6.10465122008463e-06,0
2.01573358699081e-11,0
1.25338351608661e-06,0
7.13835865417956e-11,0
3.4850905649364e-05,0
9.61381751984902e-10,0
5.1729402912315e-05,0
1.56709523135845e-09,0
0.000806703697890043,0
0.000321187224471942,0
1.1000333088873e-08,0
0.000321187224471942,0
0.999310851097107,0
0.253461956977844,0
0.0656794756650925,0
0.00108349230140448,0
0.22075942158699,0
9.61381751984902e-10,0
0.32265043258667,0
1.7520962501294e-05,0
1.25338351608661e-06,0
7.70264377933927e-05,0
1.14581455434859e-08,0
2.24329300795023e-12,0
5.4103668389871e-07,0
2.59149874182185e-05,0
3.87993726036484e-09,0
1.2377091539173e-12,0
0.141612991690636,0
0.00708217034116387,0
1.25338351608661e-06,0
2.62865756939235e-10,0
4.58730004936764e-13,0
0.137472718954086,0
0.50111848115921,0
1.73068601116988e-10,0
2.66689479389015e-08,0
4.39815721620107e-08,0
3.7972818063281e-06,0
0.0656794756650925,0
0.697635412216187,0
0.0656794756650925,0
1.25338351608661e-06,0
0.141612991690636,0
6.9445647149502e-12,0
8.93622300452129e-15,0
0.0656794756650925,0
0.253461956977844,0
2.39619950548331e-08,0
0.0656794756650925,0
2.58481214210349e-09,0
0.997752487659454,0
5.35998161410589e-08,0
2.66689479389015e-08,0
0.0131644830107689,0
3.58998275551414e-10,0
3.69916467249376e-12,0
0.0338270775973797,0
4.75693902046714e-08,0
6.520061573978e-11,0
0.000224976378376596,0
0.0656794756650925,0
2.00656977540348e-05,0
2.31707795311786e-12,0
7.96046009058499e-13,0
1.25338351608661e-06,0
1.25338351608661e-06,0
0.000297386053716764,0
0.0741602927446365,0
3.4850905649364e-05,0
6.53788592899218e-05,0
2.23912000052451e-09,0
0.99506539106369,0
1.8760136499818e-10,0
3.90233111602356e-07,0
1.61751222549356e-06,0
0.99506539106369,0
1.10910555406463e-07,0
3.88401133477601e-08,0
8.1040466004545e-11,0
1.17601985039073e-06,0
6.27316112513654e-05,0
1.10537552444612e-08,0
0.000321187224471942,0
0.000806703697890043,0
2.58481214210349e-09,0
5.1729402912315e-05,0
2.54453319525894e-10,0
3.51018457803534e-15,0
0.0152091979980469,0
3.89315537177026e-05,0
1.66015983182888e-08,0
0.0656794756650925,0
1.7520962501294e-05,0
0.0656794756650925,0
5.5225558753591e-05,0
2.54453319525894e-10,0
9.31436594520108e-11,0
6.53788592899218e-05,0
1.4509468826418e-07,0
2.72763259090425e-06,0
6.43482402779005e-12,0
1.50280811794801e-07,0
4.94164713489564e-14,0
4.05260096314475e-11,0
0.320368468761444,0
1.17601985039073e-06,0
0.137472718954086,0
1.25338351608661e-06,0
5.46151888158874e-08,0
1.04577380088955e-09,0
1.50280811794801e-07,0
2.35734409770316e-09,0
0.00367817142978311,0
8.19001255703e-10,0
0.238222777843475,0
0.000321187224471942,0
1.1709064171127e-18,0
3.30345244492491e-07,0
1.73068601116988e-10,0
5.68728137295693e-06,0
4.87202260046615e-06,0
9.43997449653899e-11,0
0.238222777843475,0
1.25338351608661e-06,0
0.00903359707444906,0
0.937902987003326,0
1.10537552444612e-08,0
0.0656794756650925,0
8.08106692673505e-10,0
0.999675393104553,0
2.59149874182185e-05,0
0.000321187224471942,0
5.95602567265985e-10,0
2.58481214210349e-09,0
6.93663423589896e-07,0
7.70264377933927e-05,0
2.15979630013852e-11,0
3.26599064237598e-07,0
2.66689479389015e-08,0
0.910575032234192,0
0.0515237972140312,0
0.999902844429016,0
4.0653018729131e-09,0
0.0656794756650925,0
9.61381751984902e-10,0
0.000321187224471942,0
1.25338351608661e-06,0
4.62542993773241e-05,0
0.0656794756650925,0
2.58565989952331e-07,0
0.000333787844283506,0
8.31604030082644e-09,0
7.37186527099976e-12,0
2.66689479389015e-08,0
1.38717377922148e-05,0
2.66778377167043e-09,0
1.02851928363012e-11,0
0.00709697278216481,0
2.14470287573931e-06,0
7.70264377933927e-05,0
6.7020920369032e-08,0
2.66689479389015e-08,0
2.58481214210349e-09,0
0.0656794756650925,0
3.51018457803534e-15,0
0.989629328250885,0
3.97790836359491e-06,0
0.99999463558197,0
0.000561311782803386,0
0.00271507957950234,0
1.28715260672152e-10,0
1.25338351608661e-06,0
2.59149874182185e-05,0
5.56620838310096e-09,0
1.50280811794801e-07,0
0.000333787844283506,0
6.9445647149502e-12,0
0.770841658115387,0
7.99195605527547e-12,0
2.00088177138014e-08,0
0.000312198244500905,0
3.79925609195197e-06,0
0.13077449798584,0
1.88190014682732e-08,0
2.66689479389015e-08,0
0.0656794756650925,0
6.27316112513654e-05,0
3.39451071340591e-06,0
0.0656794756650925,0
6.9445647149502e-12,0
2.42704601305377e-07,0
0.0656794756650925,0
0.000321187224471942,0
1.25338351608661e-06,0
2.39619950548331e-08,0
3.89315537177026e-05,0
0.000321187224471942,0
7.37186527099976e-12,0
0.000698356190696359,0
0.253461956977844,0
1.80111392467097e-08,0
0.000321187224471942,0
2.66689479389015e-08,0
3.06351175538566e-08,0
2.59149874182185e-05,0
7.70264377933927e-05,0
2.66689479389015e-08,0
6.10465122008463e-06,0
6.93663423589896e-07,0
2.66689479389015e-08,0
0.0126589108258486,0
3.20367554706991e-08,0
1.25338351608661e-06,0
0.238222777843475,0
6.27316112513654e-05,0
6.27316112513654e-05,0
2.66689479389015e-08,0
0.003183220513165,0
1.83069096237887e-05,0
2.59149874182185e-05,0
3.69916467249376e-12,0
2.58481214210349e-09,0
1.54403085872445e-08,0
1.10537552444612e-08,0
1.01139667094685e-05,0
8.8623705596369e-11,0
0.238222777843475,0
9.96695334229934e-14,0
2.59149874182185e-05,0
4.87202260046615e-06,0
0.0656794756650925,0
1.88190014682732e-08,0
7.70264377933927e-05,0
4.3731893106802e-11,0
1.88190014682732e-08,0
0.366256922483444,0
5.11352245269325e-13,0
1.17601985039073e-06,0
2.01573358699081e-11,0
0.225669220089912,0
1.8079053878961e-11,0
5.39307132285671e-09,0
2.55105205724249e-05,0
0.99999463558197,0
2.01573358699081e-11,0
1.69776690484014e-08,0
2.61675039275877e-11,0
1.25338351608661e-06,0
9.95193349950796e-09,0
7.70264377933927e-05,0
1.92860781567106e-07,0
0.0656794756650925,0
1.25338351608661e-06,0
8.71663505264131e-12,0
0.332829147577286,0
2.28501062338182e-06,0
2.39619950548331e-08,0
3.06351175538566e-08,0
1.565183083585e-05,0
0.0181747358292341,0
3.13487511505173e-08,0
1.72057411873539e-07,0
7.70264377933927e-05,0
2.39619950548331e-08,0
0.946365475654602,0
1.25338351608661e-06,0
1.83049010615832e-07,0
9.1844232219529e-10,0
0.679189145565033,0
1.25338351608661e-06,0
3.58998275551414e-10,0
6.9445647149502e-12,0
2.41009615820076e-06,0
4.77225239592372e-06,0
0.000339897494995967,0
1.49179386426113e-05,0
0.0656794756650925,0
0.0208877455443144,0
0.0656794756650925,0
0.996998190879822,0
2.58481214210349e-09,0
0.00708217034116387,0
9.43997449653899e-11,0
0.141612991690636,0
1.54403085872445e-08,0
1.24059207351479e-09,0
3.89315537177026e-05,0
1.10537552444612e-08,0
0.000135833863168955,0
1.38607549615699e-06,0
2.01573358699081e-11,0
0.770841658115387,0
7.70264377933927e-05,0
2.66689479389015e-08,0
3.81189479981003e-09,0
9.31436594520108e-11,0
1.2855748536295e-14,0
0.0656794756650925,0
0.000321187224471942,0
3.20152539643459e-05,0
9.61381751984902e-10,0
1.25338351608661e-06,0
1.25338351608661e-06,0
0.0656794756650925,0
9.95052373831129e-10,0
1.43583358536148e-08,0
1.00947116605469e-14,0
2.61481830111931e-12,0
0.0656794756650925,0
0.0656794756650925,0
2.956217493022e-10,0
1.80070226037023e-15,0
0.999885201454163,0
0.0656794756650925,0
7.98364846454902e-13,0
5.54922861134566e-12,0
0.00132572033908218,0
3.3826587753083e-08,0
1.25338351608661e-06,0
0.000321187224471942,0
4.53971915703733e-06,0
6.9445647149502e-12,0
1.25338351608661e-06,0
0.0656794756650925,0
0.99506539106369,0
6.9445647149502e-12,0
0.000321187224471942,0
3.25026711833532e-16,0
1.25338351608661e-06,0
0.238222777843475,0
3.32061689343327e-13,0
0.828119695186615,0
0.000698356190696359,0
6.38623109949776e-09,0
2.58481214210349e-09,0
3.05708208747646e-10,0
7.70264377933927e-05,0
0.000297386053716764,0
2.00049210692756e-16,0
1.62942229153806e-12,0
2.06133235480799e-11,0
1.31168603756393e-10,0
5.24894394615671e-09,0
0.00903359707444906,0
5.09835636165398e-14,0
5.46151888158874e-08,0
2.59149874182185e-05,0
4.45717915908972e-08,0
2.39619950548331e-08,0
7.70264377933927e-05,0
0.0515237972140312,0
1.8760136499818e-10,0
0.0656794756650925,0
1.1517677194206e-06,0
1.8760136499818e-10,0
3.4850905649364e-05,0
0.00206610397435725,0
1.25338351608661e-06,0
1.25338351608661e-06,0
9.95135432391159e-11,0
9.43997449653899e-11,0
1.56709523135845e-09,0
4.55292745236806e-14,0
4.19005802276828e-11,0
5.56620838310096e-09,0
6.9445647149502e-12,0
0.00101914990227669,0
0.0338270775973797,0
0.000332781230099499,0
1.25338351608661e-06,0
2.98239124368882e-12,0
5.5225558753591e-05,0
1.25338351608661e-06,0
3.26599064237598e-07,0
2.58481214210349e-09,0
0.000414470006944612,0
0.0126589108258486,0
1.96835680981167e-05,0
0.238222777843475,0
3.73936021036414e-11,0
1.88190014682732e-08,0
0.0656794756650925,0
1.2026168860757e-07,0
6.22632057023509e-10,0
0.201484084129333,0
2.24329300795023e-12,0
2.67332027825348e-13,0
1.74231524852075e-06,0
3.83403031545271e-10,0
0.0656794756650925,0
2.15979630013852e-11,0
8.85157191987673e-08,0
5.58166975679342e-05,0
6.64410393369508e-08,0
0.000297386053716764,0
2.14470287573931e-06,0
1.09682041227188e-10,0
7.37186527099976e-12,0
0.000321187224471942,0
2.24329300795023e-12,0
7.37186527099976e-12,0
9.95052373831129e-10,0
0.0656794756650925,0
4.87202260046615e-06,0
6.87244734556868e-16,0
3.73211651094607e-06,0
4.87202260046615e-06,0
2.41009615820076e-06,0
3.26599064237598e-07,0
0.000321187224471942,0
9.61381751984902e-10,0
0.99506539106369,0
4.33395257459779e-08,0
1.1000333088873e-08,0
7.70264377933927e-05,0
1.31168603756393e-10,0
9.31436594520108e-11,0
4.73995669103555e-12,0
1.70317093761696e-11,0
7.70264377933927e-05,0
1.42540244496558e-07,0
1.17773138111473e-14,0
4.90953899756619e-09,0
1.17601985039073e-06,0
1.7868348944558e-12,0
9.1429728371617e-12,0
3.26419491436525e-09,0
1.25338351608661e-06,0
0.000244383263634518,0
5.43645093387113e-08,0
2.23912000052451e-09,0
2.05490333082814e-10,0
1.57796015837208e-11,0
1.56709523135845e-09,0
2.72763259090425e-06,0
0.999675393104553,0
6.59466578567525e-11,0
6.16859943116874e-14,0
0.00132572033908218,0
5.10730657765635e-08,0
5.33467671079424e-12,0
0.320368468761444,0
0.000321187224471942,0
0.00709697278216481,0
1.45895437526633e-05,0
0.000333787844283506,0
0.000333787844283506,0
1.56709523135845e-09,0
2.66689479389015e-08,0
0.00218055513687432,0
2.66689479389015e-08,0
1.25338351608661e-06,0
2.00656977540348e-05,0
0.00101914990227669,0
0.99506539106369,0
5.94044058388477e-09,0
0.238222777843475,0
6.43482402779005e-12,0
5.83505254780903e-07,0
4.8473453983372e-13,0
0.997059881687164,0
0.0235315300524235,0
3.89315537177026e-05,0
0.000297386053716764,0
1.57796015837208e-11,0
1.7868348944558e-12,0
1.25338351608661e-06,0
9.33372721192427e-05,0
0.000806703697890043,0
1.53690341703205e-11,0
1.8760136499818e-10,0
0.0512994006276131,0
1.7645632510721e-08,0
2.58481214210349e-09,0
2.28975562469036e-12,0
7.70264377933927e-05,0
6.75134060657001e-06,0
1.88190014682732e-08,0
1.25338351608661e-06,0
2.58481214210349e-09,0
1.25338351608661e-06,0
6.9445647149502e-12,0
3.89315537177026e-05,0
0.000321187224471942,0
1.75292651505288e-08,0
0.20159050822258,0
0.238222777843475,0
3.81189479981003e-09,0
7.70264377933927e-05,0
8.08106692673505e-10,0
6.91091599946958e-06,0
4.87202260046615e-06,0
1.16361316415681e-10,0
1.92860781567106e-07,0
6.19887084371551e-12,0
0.0656794756650925,0
1.25287114016714e-10,0
1.43583358536148e-08,0
0.00132572033908218,0
1.86886801607083e-13,0
7.70264377933927e-05,0
0.770841658115387,0
1.55862718287381e-08,0
2.39619950548331e-08,0
4.45717915908972e-08,0
0.000321187224471942,0
1.25338351608661e-06,0
5.04298824921534e-10,0
3.7972818063281e-06,0
3.26419491436525e-09,0
7.75372648031958e-12,0
9.96359631244559e-07,0
2.30764030106911e-07,0
7.89703892556393e-12,0
4.89569007555701e-09,0
0.0335652530193329,0
0.0656794756650925,0
0.0227647144347429,0
0.000333787844283506,0
1.4509468826418e-07,0
1.25338351608661e-06,0
0.000321187224471942,0
0.0525490641593933,0
0.0656794756650925,0
4.96367538289633e-05,0
1.25338351608661e-06,0
9.61381751984902e-10,0
3.81189479981003e-09,0
0.0656794756650925,0
6.70130834504179e-13,0
0.000186364486580715,0
6.79146469337866e-05,0
2.84659129601295e-10,0
9.1429728371617e-12,0
4.87202260046615e-06,0
3.39451071340591e-06,0
0.0656794756650925,0
0.000590970914345235,0
0.0126589108258486,0
2.41009615820076e-06,0
1.82497788582536e-12,0
7.09350148064836e-11,0
0.000349669047864154,0
2.48692067543743e-05,0
2.24329300795023e-12,0
4.68172487444463e-07,0
3.37973106070422e-05,0
6.9445647149502e-12,0
3.20102981277159e-06,0
8.82894024556435e-09,0
0.241566136479378,0
0.000297386053716764,0
0.137472718954086,0
9.20988545843882e-12,0
0.0338270775973797,0
2.14470287573931e-06,0
0.981611430644989,0
7.70264377933927e-05,0
0.679189145565033,0
0.949853479862213,0
6.9445647149502e-12,0
9.31436594520108e-11,0
4.66809206045582e-06,0
1.80070226037023e-15,0
5.29717283370701e-07,0
0.00117835099808872,0
1.61751222549356e-06,0
2.66689479389015e-08,0
7.96046009058499e-13,0
0.997310161590576,0
0.996666371822357,0
7.33349247994397e-09,0
2.02078895283897e-10,0
5.68728137295693e-06,0
0.00189282756764442,0
0.0656794756650925,0
6.7020920369032e-08,0
6.9445647149502e-12,0
1.01186052953186e-16,0
6.93663423589896e-07,0
5.51881896626583e-07,0
1.25338351608661e-06,0
4.75693902046714e-08,0
0.00903359707444906,0
1.17601985039073e-06,0
0.0167733523994684,0
4.87202260046615e-06,0
6.9445647149502e-12,0
6.22939699823633e-10,0
3.58998275551414e-10,0
6.38010315014981e-05,0
9.31436594520108e-11,0
8.93622300452129e-15,0
3.81189479981003e-09,0
5.68728137295693e-06,0
2.66689479389015e-08,0
6.53788592899218e-05,0
3.74829670340276e-13,0
2.39619950548331e-08,0
1.565183083585e-05,0
2.51094836519221e-14,0
0.137472718954086,0
1.8760136499818e-10,0
1.25338351608661e-06,0
0.20159050822258,0
1.8079053878961e-11,0
1.1000333088873e-08,0
1.25338351608661e-06,0
0.989629328250885,0
0.0656794756650925,0
2.58481214210349e-09,0
6.9445647149502e-12,0
3.57632234226912e-06,0
0.00218055513687432,0
1.25338351608661e-06,0
0.0656794756650925,0
6.74848848677967e-12,0
4.41920491311976e-07,0
0.000806703697890043,0
0.999922633171082,0
1.1000333088873e-08,0
1.25338351608661e-06,0
8.93622300452129e-15,0
2.59149874182185e-05,0
0.238222777843475,0
1.25338351608661e-06,0
0.0656794756650925,0
6.43482402779005e-12,0
3.89315537177026e-05,0
0.0656794756650925,0
2.58481214210349e-09,0
3.26599064237598e-07,0
0.00117835099808872,0
1.49179386426113e-05,0
6.9445647149502e-12,0
4.87202260046615e-06,0
0.0656794756650925,0
0.0094869676977396,0
0.000321187224471942,0
1.98456504563183e-08,0
0.99506539106369,0
0.000321187224471942,0
1.44432703644282e-11,0
0.0270503088831902,0
0.000698356190696359,0
0.0656794756650925,0
0.00903359707444906,0
0.00708217034116387,0
7.37186527099976e-12,0
7.33391819496276e-11,0
0.0656794756650925,0
1.88854201610411e-07,0
1.50280811794801e-07,0
1.1000333088873e-08,0
2.09331361133991e-08,0
0.0656794756650925,0
2.59149874182185e-05,0
0.000707393512129784,0
0.0270503088831902,0
1.68338154526992e-09,0
1.80070226037023e-15,0
6.30411630016259e-13,0
1.1000333088873e-08,0
0.00450346013531089,0
0.320368468761444,0
0.000423360586864874,0
5.43645093387113e-08,0
3.95856958324003e-12,0
5.46151888158874e-08,0
2.66689479389015e-08,0
4.96367538289633e-05,0
0.0656794756650925,0
0.000321187224471942,0
1.37268258981749e-07,0
2.28975562469036e-12,0
0.000321187224471942,0
2.66689479389015e-08,0
2.32219535973854e-05,0
0.0152091979980469,0
0.999310851097107,0
8.08106692673505e-10,0
2.02078895283897e-10,0
6.9445647149502e-12,0
2.39619950548331e-08,0
9.09879145183368e-06,0
8.09261165024555e-12,0
4.87202260046615e-06,0
1.69776690484014e-08,0
0.141612991690636,0
0.137472718954086,0
1.41454452318168e-11,0
0.238222777843475,0
2.3026011319871e-08,0
6.53788592899218e-05,0
1.88190014682732e-08,0
6.27316112513654e-05,0
6.9445647149502e-12,0
1.31168603756393e-10,0
3.89315537177026e-05,0
6.01702243585578e-10,0
1.82497788582536e-12,0
0.000321187224471942,0
2.59149874182185e-05,0
2.58481214210349e-09,0
1.25338351608661e-06,0
0.997310161590576,0
0.00450346013531089,0
1.72869418779698e-09,0
2.66693186858902e-05,0
2.41009615820076e-06,0
1.0931706928563e-12,0
1.25338351608661e-06,0
1.30858812674717e-09,0
3.20152539643459e-05,0
0.000167364123626612,0
1.17601985039073e-06,0
0.0656794756650925,0
7.10173239659717e-11,0
0.000321187224471942,0
7.45850138628157e-06,0
0.00903359707444906,0
6.9445647149502e-12,0
1.17601985039073e-06,0
2.24329300795023e-12,0
9.31436594520108e-11,0
0.0172976311296225,0
1.31168603756393e-10,0
1.30858812674717e-09,0
6.9445647149502e-12,0
0.0656794756650925,0
2.14470287573931e-06,0
5.35998161410589e-08,0
3.3145481178302e-17,0
1.17601985039073e-06,0
9.95052373831129e-10,0
7.70264377933927e-05,0
7.68239638571089e-10,0
1.18638958249498e-13,0
4.50783507743857e-12,0
0.0656794756650925,0
1.57559867375312e-08,0
2.93965719821987e-11,0
0.238222777843475,0
2.67332027825348e-13,0
1.02851928363012e-11,0
7.82340880446653e-13,0
0.000698356190696359,0
2.58481214210349e-09,0
0.50111848115921,0
2.66693186858902e-05,0
1.8760136499818e-10,0
1.32700574795308e-06,0
3.87993726036484e-09,0
1.18638958249498e-13,0
3.28345277011977e-06,0
1.25338351608661e-06,0
1.01139667094685e-05,0
0.000321187224471942,0
6.10465122008463e-06,0
1.17601985039073e-06,0
1.2026168860757e-07,0
0.000700315576978028,0
0.000698356190696359,0
0.000698356190696359,0
1.67200090578357e-11,0
3.77537077156376e-08,0
1.957529457286e-05,0
6.9225815401211e-13,0
0.00117835099808872,0
0.00708217034116387,0
9.1844232219529e-10,0
1.41454452318168e-11,0
1.25338351608661e-06,0
1.25338351608661e-06,0
2.66689479389015e-08,0
0.0656794756650925,0
0.0656794756650925,0
2.66689479389015e-08,0
4.05148191471444e-14,0
6.9445647149502e-12,0
3.95639770944811e-11,0
3.89770320907701e-06,0
0.0656794756650925,0
1.1000333088873e-08,0
0.000312198244500905,0
5.5225558753591e-05,0
0.999855756759644,0
1.25338351608661e-06,0
3.3826587753083e-08,0
1.25338351608661e-06,0
1.73068601116988e-10,0
3.82030100913242e-13,0
0.000135833863168955,0
6.53788592899218e-05,0
6.27316112513654e-05,0
7.36066096962418e-10,0
4.87202260046615e-06,0
2.32219535973854e-05,0
0.000321187224471942,0
2.58481214210349e-09,0
0.0656794756650925,0
1.31168603756393e-10,0
2.66689479389015e-08,0
1.17601985039073e-06,0
1.25338351608661e-06,0
2.13242645763501e-09,0
3.3826587753083e-08,0
6.93663423589896e-07,0
4.66809206045582e-06,0
1.25338351608661e-06,0
1.74231524852075e-06,0
6.59466578567525e-11,0
6.53788592899218e-05,0
2.58481214210349e-09,0
1.38607549615699e-06,0
2.67332027825348e-13,0
2.14470287573931e-06,0
6.9445647149502e-12,0
2.15979630013852e-11,0
3.81189479981003e-09,0
0.238222777843475,0
0.238222777843475,0
2.57585237861679e-11,0
6.75066136324176e-09,0
0.238222777843475,0
2.58481214210349e-09,0
0.00535813253372908,0
2.02366461365955e-08,0
2.3572403794539e-13,0
6.27316112513654e-05,0
2.14470287573931e-06,0
9.89991164601633e-08,0
0.999922633171082,0
0.0543821752071381,0
4.7984581585947e-11,0
2.25859523084182e-07,0
2.17610179875649e-10,0
6.01702243585578e-10,0
7.82101883256558e-10,0
0.999825894832611,0
0.00146218028385192,0
0.996666371822357,0
0.0656794756650925,0
2.28975562469036e-12,0
0.0656794756650925,0
9.1429728371617e-12,0
3.83403031545271e-10,0
0.0656794756650925,0
6.98276714228285e-11,0
0.000590970914345235,0
1.25338351608661e-06,0
2.66689479389015e-08,0
0.0656794756650925,0
0.0227647144347429,0
8.60519776324509e-06,0
1.60653798957355e-05,0
1.03601575560629e-13,0
4.96367538289633e-05,0
0.238222777843475,0
3.83403031545271e-10,0
3.25739825737803e-12,0
3.86942992918193e-05,0
6.67488730954346e-10,0
0.000321187224471942,0
7.70264377933927e-05,0
1.88190014682732e-08,0
8.93622300452129e-15,0
1.17601985039073e-06,0
3.83531096304068e-06,0
0.000321187224471942,0
1.957529457286e-05,0
5.58410775397533e-08,0
2.58481214210349e-09,0
2.59149874182185e-05,0
2.17610179875649e-10,0
0.999993443489075,0
6.22939699823633e-10,0
0.00326683605089784,0
1.8760136499818e-10,0
2.66689479389015e-08,0
3.05708208747646e-10,0
9.61381751984902e-10,0
2.24329300795023e-12,0
5.98390115236214e-10,0
0.989629328250885,0
2.31707795311786e-12,0
9.31436594520108e-11,0
5.47716150212096e-10,0
2.00049210692756e-16,0
9.1075396532682e-15,0
0.0656794756650925,0
6.520061573978e-11,0
0.000590970914345235,0
0.238222777843475,0
6.65474446381875e-12,0
7.45850138628157e-06,0
1.31168603756393e-10,0
1.25338351608661e-06,0
0.00132572033908218,0
0.000321187224471942,0
0.107596203684807,0
9.61381751984902e-10,0
1.56709523135845e-09,0
9.1429728371617e-12,0
0.999922633171082,0
0.000321187224471942,0
2.25875965043087e-06,0
1.25338351608661e-06,0
3.06589669207824e-08,0
2.58481214210349e-09,0
3.41071904585988e-06,0
2.02078895283897e-10,0
6.93663423589896e-07,0
6.27316112513654e-05,0
7.45850138628157e-06,0
2.67332027825348e-13,0
4.87202260046615e-06,0
2.01938153698844e-11,0
6.97829652136078e-14,0
1.25338351608661e-06,0
9.43997449653899e-11,0
1.25338351608661e-06,0
1.25338351608661e-06,0
0.000353967014234513,0
0.000698356190696359,0
9.07562571228482e-05,0
0.828119695186615,0
5.46151888158874e-08,0
0.697635412216187,0
1.10537552444612e-08,0
1.16361316415681e-10,0
1.82497788582536e-12,0
1.1469117453089e-05,0
7.86641329852955e-09,0
2.02078895283897e-10,0
4.30577509682051e-15,0
0.0656794756650925,0
1.04419564195268e-06,0
0.999994158744812,0
6.76183708492317e-06,0
4.87202260046615e-06,0
2.14470287573931e-06,0
2.23912000052451e-09,0
2.65153543566043e-09,0
0.0656794756650925,0
6.13088832324138e-06,0
4.55292745236806e-14,0
2.66689479389015e-08,0
1.8760136499818e-10,0
0.99999988079071,0
2.72763259090425e-06,0
1.1709064171127e-18,0
5.98390115236214e-10,0
7.2443183992809e-14,0
1.56709523135845e-09,0
6.59466578567525e-11,0
1.17601985039073e-06,0
6.27316112513654e-05,0
0.999310851097107,0
0.00708217034116387,0
0.000321187224471942,0
1.25338351608661e-06,0
2.95163431474066e-06,0
3.58998275551414e-10,0
0.0656794756650925,0
0.137472718954086,0
0.000707393512129784,0
1.078039275626e-07,0
6.43482402779005e-12,0
0.12763811647892,0
4.81164061056916e-05,0
0.999993443489075,0
1.25338351608661e-06,0
0.955513656139374,0
2.59149874182185e-05,0
3.10653092583379e-07,0
6.9445647149502e-12,0
0.999941825866699,0
1.25338351608661e-06,0
0.0031741987913847,0
7.37186527099976e-12,0
1.38607549615699e-06,0
1.25338351608661e-06,0
2.01573358699081e-11,0
0.000312198244500905,0
0.0656794756650925,0
5.38422136742156e-06,0
8.8623705596369e-11,0
7.89703892556393e-12,0
5.25373012715092e-17,0
7.26138296158751e-08,0
0.000297386053716764,0
2.02078895283897e-10,0
0.0656794756650925,0
0.238222777843475,0
6.59466578567525e-11,0
0.0656794756650925,0
5.47713920289231e-18,0
5.54315647605108e-07,0
2.37640577438469e-07,0
0.238222777843475,0
9.95052373831129e-10,0
1.4509468826418e-07,0
6.74848848677967e-12,0
2.14470287573931e-06,0
5.47713920289231e-18,0
4.03714006669276e-11,0
2.28975562469036e-12,0
0.50111848115921,0
6.30411630016259e-13,0
1.01186052953186e-16,0
0.999995350837708,0
3.83403031545271e-10,0
2.58481214210349e-09,0
1.8079053878961e-11,0
6.19887084371551e-12,0
1.41454452318168e-11,0
4.87202260046615e-06,0
1.25338351608661e-06,0
0.000135833863168955,0
2.37640577438469e-07,0
2.58481214210349e-09,0
8.08106692673505e-10,0
2.00088177138014e-08,0
0.869325876235962,0
2.59149874182185e-05,0
1.220322287665e-09,0
1.1709064171127e-18,0
0.0270503088831902,0
6.7020920369032e-08,0
0.0656794756650925,0
2.28975562469036e-12,0
2.66495945320036e-14,0
2.00102178382622e-07,0
0.0338270775973797,0
4.35246484036325e-13,0
2.46598158559763e-11,0
0.000255305902101099,0
2.39813431335278e-07,0
0.000321187224471942,0
5.55282895220444e-08,0
6.93663423589896e-07,0
2.62865756939235e-10,0
0.000321187224471942,0
1.37031873512974e-17,0
1.27047767861654e-08,0
5.33467671079424e-12,0
6.9445647149502e-12,0
0.0656794756650925,0
2.08270805046595e-08,0
6.9445647149502e-12,0
1.18638958249498e-13,0
9.91983384324158e-08,0
6.27316112513654e-05,0
9.61381751984902e-10,0
2.39813431335278e-07,0
0.000698356190696359,0
1.23982768477705e-17,0
2.66778377167043e-09,0
2.66689479389015e-08,0
2.17610179875649e-10,0
6.27316112513654e-05,0
0.999922633171082,0
2.14470287573931e-06,0
7.37186527099976e-12,0
0.999922633171082,0
6.93663423589896e-07,0
9.61381751984902e-10,0
7.86236256222067e-13,0
1.25338351608661e-06,0
0.137472718954086,0
4.87202260046615e-06,0
6.59466578567525e-11,0
0.238222777843475,0
0.00271507957950234,0
0.000297386053716764,0
2.66689479389015e-08,0
2.15979630013852e-11,0
0.00014567535254173,0
0.999922633171082,0
1.88673295736796e-13,0
4.59580314782215e-06,0
9.31436594520108e-11,0
2.00656977540348e-05,0
1.92655579667189e-06,0
7.70264377933927e-05,0
6.9445647149502e-12,0
6.75134060657001e-06,0
2.84987002885373e-08,0
3.45159514836268e-06,0
1.25338351608661e-06,0
0.000590970914345235,0
1.25338351608661e-06,0
3.1960226465344e-07,0
2.67332027825348e-13,0
3.06589669207824e-08,0
9.95052373831129e-10,0
4.01975952524225e-11,0
0.141612991690636,0
3.95639770944811e-11,0
1.1663055937694e-11,0
1.25338351608661e-06,0
1.33986737855954e-14,0
9.1429728371617e-12,0
0.00146218028385192,0
2.59149874182185e-05,0
1.2026168860757e-07,0
1.77288583813606e-08,0
0.00903359707444906,0
9.90357218455529e-09,0
3.87993726036484e-09,0
2.28975562469036e-12,0
3.63148466853147e-09,0
7.70264377933927e-05,0
1.25338351608661e-06,0
0.00132572033908218,0
0.489226847887039,0
7.70264377933927e-05,0
5.77588998851297e-08,0
9.31436594520108e-11,0
1.10910555406463e-07,0
0.0656794756650925,0
0.999922633171082,0
1.1000333088873e-08,0
1.90954542631516e-05,0
3.39182624884415e-05,0
4.87202260046615e-06,0
3.06351175538566e-08,0
1.1000333088873e-08,0
6.9445647149502e-12,0
1.23595880197058e-08,0
2.24329300795023e-12,0
0.000478414440294728,0
0.163201287388802,0
1.34859673070736e-15,0
8.54051940279987e-10,0
2.59149874182185e-05,0
0.50111848115921,0
0.0588597916066647,0
0.000321187224471942,0
1.25338351608661e-06,0
1.16600590294169e-10,0
7.41920830327203e-11,0
1.1709064171127e-18,0
1.88190014682732e-08,0
0.000590970914345235,0
1.88190014682732e-08,0
6.55888066081189e-10,0
0.000806703697890043,0
2.58481214210349e-09,0
1.01186052953186e-16,0
1.73068601116988e-10,0
7.36066096962418e-10,0
4.75693902046714e-08,0
0.0656794756650925,0
1.10537552444612e-08,0
1.08324336167698e-08,0
1.25338351608661e-06,0
5.27797944238628e-12,0
1.01139667094685e-05,0
2.72763259090425e-06,0
0.201484084129333,0
0.000297386053716764,0
0.137472718954086,0
0.00757574988529086,0
2.66689479389015e-08,0
6.58002818898495e-11,0
2.59149874182185e-05,0
0.0656794756650925,0
3.42444059220348e-11,0
1.03528696726585e-09,0
1.17601985039073e-06,0
2.41009615820076e-06,0
3.37973106070422e-05,0
1.40361822165147e-09,0
2.17610179875649e-10,0
2.58481214210349e-09,0
2.67332027825348e-13,0
0.0270503088831902,0
1.69776690484014e-08,0
0.000321187224471942,0
0.0656794756650925,0
0.238222777843475,0
1.7868348944558e-12,0
7.70264377933927e-05,0
2.14470287573931e-06,0
0.238222777843475,0
0.000775651831645519,0
0.0656794756650925,0
0.0512994006276131,0
4.87202260046615e-06,0
7.70264377933927e-05,0
0.00708217034116387,0
6.46888662428347e-12,0
0.0152091979980469,0
1.88190014682732e-08,0
0.0134891355410218,0
2.39619950548331e-08,0
0.0656794756650925,0
1.56709523135845e-09,0
1.2026168860757e-07,0
0.0051252213306725,0
3.81189479981003e-09,0
0.238222777843475,0
1.88190014682732e-08,0
2.58481214210349e-09,0
6.9445647149502e-12,0
5.77588998851297e-08,0
1.957529457286e-05,0
1.59783794515533e-05,0
1.25338351608661e-06,0
1.88190014682732e-08,0
0.0656794756650925,0
2.58481214210349e-09,0
6.93663423589896e-07,0
1.25338351608661e-06,0
1.25338351608661e-06,0
0.0270503088831902,0
4.25437593140621e-12,0
2.39813431335278e-07,0
6.9445647149502e-12,0
8.93622300452129e-15,0
4.68172487444463e-07,0
3.90233111602356e-07,0
7.19653763664452e-12,0
2.14761803363217e-05,0
1.96835680981167e-05,0
0.00132572033908218,0
1.9000535519953e-11,0
1.88190014682732e-08,0
1.1000333088873e-08,0
0.00903359707444906,0
0.0296989120543003,0
2.62865756939235e-10,0
2.17610179875649e-10,0
0.00490628974512219,0
3.56993623031043e-13,0
3.81189479981003e-09,0
6.58002818898495e-11,0
4.45887131661493e-08,0
6.7020920369032e-08,0
3.58998275551414e-10,0
1.25338351608661e-06,0
3.45849400673615e-07,0
6.50863822439349e-16,0
3.25739825737803e-12,0
1.31701435748255e-05,0
9.79777414755745e-09,0
0.000297386053716764,0
6.93663423589896e-07,0
0.238222777843475,0
5.31764317202033e-06,0
4.96367538289633e-05,0
0.238222777843475,0
0.003183220513165,0
2.3572403794539e-13,0
1.38607549615699e-06,0
0.991026699542999,0
0.0235315300524235,0
0.0656794756650925,0
0.000332781230099499,0
1.25338351608661e-06,0
3.7972818063281e-06,0
3.14408321600013e-09,0
2.39619950548331e-08,0
2.22899565471835e-09,0
2.67332027825348e-13,0
1.1709064171127e-18,0
0.000978814321570098,0
1.837472183297e-07,0
2.3572403794539e-13,0
7.70264377933927e-05,0
2.1083418344503e-10,0
1.82497788582536e-12,0
0.999985218048096,0
0.0338270775973797,0
0.0268250983208418,0
0.000321187224471942,0
6.43482402779005e-12,0
1.25829055508397e-10,0
0.999310851097107,0
1.18638958249498e-13,0
2.39813431335278e-07,0
0.0656794756650925,0
1.1000333088873e-08,0
0.000321187224471942,0
9.26581560634077e-05,0
3.34993259798466e-08,0
3.26631464986349e-07,0
1.2026168860757e-07,0
8.21176058707351e-07,0
1.04950501622625e-08,0
0.0031741987913847,0
1.8760136499818e-10,0
3.69916467249376e-12,0
1.8079053878961e-11,0
1.4409722304265e-08,0
4.21150559759553e-07,0
6.9445647149502e-12,0
8.58305093665024e-12,0
1.41734113334735e-09,0
2.58481214210349e-09,0
2.02078895283897e-10,0
3.1960226465344e-07,0
0.0656794756650925,0
1.31168603756393e-10,0
3.25026711833532e-16,0
2.95163431474066e-06,0
0.00450346013531089,0
8.37339757708833e-05,0
0.0656794756650925,0
1.49179386426113e-05,0
1.8760136499818e-10,0
2.66693186858902e-05,0
0.0656794756650925,0
1.03601575560629e-13,0
4.11214251804523e-15,0
8.09261165024555e-12,0
6.27316112513654e-05,0
0.00708217034116387,0
6.47190148694854e-11,0
0.00132572033908218,0
6.9445647149502e-12,0
3.30211635812816e-10,0
0.0051252213306725,0
1.01139667094685e-05,0
9.61381751984902e-10,0
7.0028369236752e-07,0
2.39619950548331e-08,0
1.24059207351479e-09,0
7.37186527099976e-12,0
2.93900208131265e-18,0
2.58481214210349e-09,0
3.81189479981003e-09,0
1.80070226037023e-15,0
9.61381751984902e-10,0
0.770841658115387,0
2.58481214210349e-09,0
2.59149874182185e-05,0
1.92860781567106e-07,0
0.0515237972140312,0
1.1709064171127e-18,0
6.94545815349557e-05,0
0.00535813253372908,0
3.63148466853147e-09,0
5.98390115236214e-10,0
1.25338351608661e-06,0
6.9445647149502e-12,0
7.02878796832174e-11,0
2.28987239326434e-13,0
1.30889873592444e-11,0
1.8079053878961e-11,0
0.253461956977844,0
2.59149874182185e-05,0
1.23982768477705e-17,0
1.74231524852075e-06,0
2.59149874182185e-05,0
4.55292745236806e-14,0
2.58481214210349e-09,0
2.28501062338182e-06,0
2.89340322534581e-11,0
0.000700315576978028,0
0.000590970914345235,0
1.23982768477705e-17,0
0.0338270775973797,0
1.62942229153806e-12,0
0.000333787844283506,0
0.000297386053716764,0
9.61381751984902e-10,0
0.0656794756650925,0
3.90233111602356e-07,0
0.00132572033908218,0
0.000698356190696359,0
0.0227647144347429,0
2.58565989952331e-07,0
0.00132572033908218,0
2.58481214210349e-09,0
7.39253118808847e-06,0
9.31047168251098e-08,0
0.0031741987913847,0
1.8760136499818e-10,0
0.238222777843475,0
8.60519776324509e-06,0
3.22007936807978e-13,0
1.17601985039073e-06,0
3.81189479981003e-09,0
3.48155211327139e-08,0
1.25338351608661e-06,0
6.27316112513654e-05,0
7.70264377933927e-05,0
2.66689479389015e-08,0
0.00109653430990875,0
0.0181747358292341,0
1.88190014682732e-08,0
0.238222777843475,0
5.68728137295693e-06,0
7.41920830327203e-11,0
7.70264377933927e-05,0
4.75693902046714e-08,0
1.2026168860757e-07,0
3.23240129773694e-07,0
9.79777414755745e-09,0
0.00903359707444906,0
1.61376658525114e-06,0
2.39813431335278e-07,0
9.61381751984902e-10,0
2.59149874182185e-05,0
0.238222777843475,0
0.00218055513687432,0
5.5225558753591e-05,0
2.70089071818802e-06,0
1.07793748611584e-05,0
2.14470287573931e-06,0
2.59149874182185e-05,0
4.87202260046615e-06,0
0.253461956977844,0
0.935542345046997,0
