Score,Label
0.002966778,1
0.002966778,1
0.002966778,1
0.0004351296,1
0.09501678,1
2.267921e-05,0
1.632501e-06,0
8.25744e-06,0
0.003411685,0
8.25744e-06,0
0.000122408,0
0.0003450362,0
0.000122408,0
8.25744e-06,0
0.0003450362,0
