Score,Label
1,1
1,1
1,1
1,1
1,1
1,1
1,1
1,1
0.192085,1
0.192085,1
1,1
1.703667e-05,0
1.509248e-11,0
0.002176046,0
1.026169e-08,0
1.703667e-05,0
0.0003188216,0
5.408954e-10,0
1.703667e-05,0
0.001337518,0
1.703667e-05,0
0.0004108975,0
7.524065e-11,0
3.936147e-09,0
0.001566153,0
0.0003243079,0
1.026169e-08,0
2.549119e-10,0
1.416147e-12,0
0.7223095,0
3.207149e-11,0
0.0003188216,0
1.801022e-11,0
