Iteration,Version,ROC_AUC,PR_AUC,TimeElapsed,K,TrainRatio,ExperimentID,Seed,ThresholdMode,Threshold,Precision,Recall,F1Score,TestTP,TestFP,TestFN,TestTN,TestTPR,TestTNR,TestFPR,TestFNR,TestPrecision,TestRecall,TestF1Score,TestAccuracy,TestExpectedAccuracy,TestKappa,TestMCC,TestTSS,TotalLinks,TrainLinks,TestLinks,BackboneTotal,NonBackboneTotal,BackboneTrainLinks,NonBackboneTrainLinks,BackboneTestLinks,NonBackboneTestLinks,EmpiricalNumSpecies,EmpiricalLinks,EmpiricalConnectance,EmpiricalMeanTrophicLevel,EmpiricalMeanDegree,EmpiricalMeanGenerality,EmpiricalMeanVulnerability,EmpiricalDegreeStd,EmpiricalDegreeCV,EmpiricalDegreeGini,EmpiricalGeneralityStd,EmpiricalGeneralityCV,EmpiricalGeneralityGini,EmpiricalVulnerabilityStd,EmpiricalVulnerabilityCV,EmpiricalVulnerabilityGini,EmpiricalTrophicLevelStd,EmpiricalTrophicLevelCV,EmpiricalTrophicLevelRange,EmpiricalNetworkXMeanTrophicLevel,EmpiricalNetworkXTrophicLevelStd,EmpiricalNetworkXTrophicLevelRange,EmpiricalMeanLocalClustering,EmpiricalTransitivity,EmpiricalNumTriangles,EmpiricalTriangleDensity,EmpiricalMeanDietOverlap,EmpiricalNetworkXTrophicLevelNumSpeciesFull,EmpiricalNetworkXTrophicLevelNumSpeciesLargest,EmpiricalNetworkXTrophicLevelNumSpeciesWithLevel,EmpiricalNetworkXTrophicLevelLargestFraction,EmpiricalNetworkXTrophicLevelStatusCode,EmpiricalPropBasal,EmpiricalPropIntermediate,EmpiricalPropTop,PseudoNumSpecies,PseudoLinks,PseudoConnectance,PseudoMeanTrophicLevel,PseudoMeanDegree,PseudoMeanGenerality,PseudoMeanVulnerability,PseudoDegreeStd,PseudoDegreeCV,PseudoDegreeGini,PseudoGeneralityStd,PseudoGeneralityCV,PseudoGeneralityGini,PseudoVulnerabilityStd,PseudoVulnerabilityCV,PseudoVulnerabilityGini,PseudoTrophicLevelStd,PseudoTrophicLevelCV,PseudoTrophicLevelRange,PseudoNetworkXMeanTrophicLevel,PseudoNetworkXTrophicLevelStd,PseudoNetworkXTrophicLevelRange,PseudoMeanLocalClustering,PseudoTransitivity,PseudoNumTriangles,PseudoTriangleDensity,PseudoMeanDietOverlap,PseudoNetworkXTrophicLevelNumSpeciesFull,PseudoNetworkXTrophicLevelNumSpeciesLargest,PseudoNetworkXTrophicLevelNumSpeciesWithLevel,PseudoNetworkXTrophicLevelLargestFraction,PseudoNetworkXTrophicLevelStatusCode,PseudoPropBasal,PseudoPropIntermediate,PseudoPropTop,DeltaLinks,DeltaConnectance,DeltaMeanTrophicLevel,DeltaMeanDegree,DeltaMeanGenerality,DeltaMeanVulnerability,DeltaDegreeStd,DeltaDegreeCV,DeltaDegreeGini,DeltaGeneralityStd,DeltaGeneralityCV,DeltaGeneralityGini,DeltaVulnerabilityStd,DeltaVulnerabilityCV,DeltaVulnerabilityGini,DeltaTrophicLevelStd,DeltaTrophicLevelCV,DeltaTrophicLevelRange,DeltaNetworkXMeanTrophicLevel,DeltaNetworkXTrophicLevelStd,DeltaNetworkXTrophicLevelRange,DeltaMeanLocalClustering,DeltaTransitivity,DeltaNumTriangles,DeltaTriangleDensity,DeltaMeanDietOverlap,DeltaPropBasal,DeltaPropIntermediate,DeltaPropTop,PseudoTP,PseudoFP,PseudoFN,PseudoTN,PseudoTPR,PseudoTNR,PseudoFPR,PseudoFNR,PseudoPrecision,PseudoRecall,PseudoF1Score,PseudoMCC,PseudoTSS,PseudoJaccardLinks,NumPredictedNovelLinks,NumTrueNovelLinks,EvaluateOnAllUnseen,CvK,FoldID,NumFolds
1,WLNM_dir_neg,0.78742848061,0.735681453036,00:00:11,10,10,1,1313943676,fixed,0.5,0.934782608696,0.451048951049,0.608490566038,129,9,157,563,0.451048951049,0.984265734266,0.0157342657343,0.548951048951,0.934782608696,0.451048951049,0.608490566038,0.806526806527,0.613053613054,0.5,0.558571223385,0.435314685315,317,31,286,0,317,0,31,0,286,45,317,0.160101010101,1.84914057127,14.0888888889,10.5666666667,10.2258064516,7.62419063431,0.541149177514,0.287556957589,7.85075432263,1.1144603928,0.5825446898,8.30923789185,1.17954481115,0.603855590606,0.665156137797,0.35971096418,2.5,1.84914057127,0.665156137797,2.5,0.296598779422,0.263843648208,459,0.0323467230444,0.385590427152,45,45,45,1,0,0.333333333333,0.355555555556,0.311111111111,45,169,0.0853535353535,1.71424723097,7.51111111111,7.04166666667,7.04166666667,6.27267603551,0.835119590527,0.454174884944,4.99616014171,1.33033849927,0.66456278764,5.61716345254,1.49569441044,0.705588428665,0.702315253587,0.409693094961,1.89699786712,1.97316016856,0.656340353636,1.89699786712,0.272515221547,0.261627906977,165,0.0116279069767,0.3271968374,45,32,32,0.711111111111,0,0.222222222222,0.311111111111,0.222222222222,-148,-0.0747474747475,-0.134893340299,-6.57777777778,-3.525,-3.18413978495,-1.3515145988,0.293970413012,0.166617927356,-2.85459418092,0.215878106469,0.0820180978395,-2.69207443932,0.316149599292,0.101732838059,0.0371591157899,0.0499821307816,-0.603002132883,0.124019597284,-0.00881578416128,-0.603002132883,-0.0240835578745,-0.00221574123172,-294,-0.0207188160677,-0.0583935897526,-0.111111111111,-0.0444444444444,-0.0888888888889,160,9,157,1654,0.504731861199,0.994588093806,0.00541190619363,0.495268138801,0.94674556213,0.504731861199,0.658436213992,0.655318005766,0.499319955005,0.490797546012,138,286,0,0,0,0
2,WLNM_dir_neg,0.84859589711,0.780234925684,00:00:11,10,10,2,1313943677,fixed,0.5,0.791443850267,0.517482517483,0.625792811839,148,39,138,533,0.517482517483,0.931818181818,0.0681818181818,0.482517482517,0.791443850267,0.517482517483,0.625792811839,0.793706293706,0.594017094017,0.491866028708,0.513022085902,0.449300699301,317,31,286,0,317,0,31,0,286,45,317,0.160101010101,1.84914057127,14.0888888889,10.5666666667,10.2258064516,7.62419063431,0.541149177514,0.287556957589,7.85075432263,1.1144603928,0.5825446898,8.30923789185,1.17954481115,0.603855590606,0.665156137797,0.35971096418,2.5,1.84914057127,0.665156137797,2.5,0.296598779422,0.263843648208,459,0.0323467230444,0.385590427152,45,45,45,1,0,0.333333333333,0.355555555556,0.311111111111,45,218,0.110101010101,7.47976288919,9.68888888889,6.8125,5.89189189189,8.50086151308,0.877382495617,0.469520897044,7.02901633993,1.45094373989,0.665647298675,6.28112452134,1.29656240119,0.61875637105,4.28905959006,0.573421865586,10.4828963318,7.94260309556,4.05590851653,10.4828963318,0.494675899264,0.320445609436,326,0.0229739252995,0.281025235701,45,42,42,0.933333333333,0,0.222222222222,0.6,0.111111111111,-99,-0.05,5.63062231792,-4.4,-3.75416666667,-4.33391455972,0.876670878776,0.336233318103,0.181963939455,-0.821737982698,0.336483347092,0.0831026088746,-2.02811337052,0.117017590047,0.0149007804436,3.62390345227,0.213710901406,7.98289633185,6.09346252429,3.39075237874,7.98289633185,0.198077119842,0.056601961228,-133,-0.00937279774489,-0.104565191451,-0.111111111111,0.244444444444,-0.2,179,39,138,1624,0.564668769716,0.976548406494,0.0234515935057,0.435331230284,0.821100917431,0.564668769716,0.669158878505,0.634039227122,0.54121717621,0.502808988764,187,286,0,0,0,0
3,WLNM_dir_neg,0.646801188322,0.581585321282,00:00:11,10,10,3,1313943678,fixed,0.5,0.579234972678,0.370629370629,0.452025586354,106,77,180,495,0.370629370629,0.865384615385,0.134615384615,0.629370629371,0.579234972678,0.370629370629,0.452025586354,0.700466200466,0.595571095571,0.259365994236,0.271607238128,0.236013986014,317,31,286,0,317,0,31,0,286,45,317,0.160101010101,1.84914057127,14.0888888889,10.5666666667,10.2258064516,7.62419063431,0.541149177514,0.287556957589,7.85075432263,1.1144603928,0.5825446898,8.30923789185,1.17954481115,0.603855590606,0.665156137797,0.35971096418,2.5,1.84914057127,0.665156137797,2.5,0.296598779422,0.263843648208,459,0.0323467230444,0.385590427152,45,45,45,1,0,0.333333333333,0.355555555556,0.311111111111,45,214,0.108080808081,23.6919782103,9.51111111111,6.11428571429,6.6875,6.60104062809,0.694034645477,0.378400830737,4.80603576745,1.01061499783,0.522533748702,5.53565121223,1.16403880631,0.577570093458,13.1055844161,0.553165476506,33.2,24.7474190573,12.42072697,33.2,0.463780298149,0.36796875,314,0.0221282593376,0.234576754248,45,43,43,0.955555555556,0,0.177777777778,0.533333333333,0.244444444444,-103,-0.0520202020202,21.8428376391,-4.57777777778,-4.45238095238,-3.53830645161,-1.02315000622,0.152885467963,0.0908438731488,-3.04471855519,-0.103845394975,-0.0600109410982,-2.77358667963,-0.0155060048371,-0.0262854971484,12.4404282783,0.193454512326,30.7,22.898278486,11.7555708322,30.7,0.167181518727,0.104125101792,-145,-0.0102184637068,-0.151013672904,-0.155555555556,0.177777777778,-0.0666666666667,137,77,180,1586,0.432176656151,0.953698135899,0.046301864101,0.567823343849,0.640186915888,0.432176656151,0.516007532957,0.455742917154,0.38587479205,0.347715736041,183,286,0,0,0,0
4,WLNM_dir_neg,0.699798889921,0.617871917729,00:00:11,10,10,4,1313943679,fixed,0.5,0.739361702128,0.486013986014,0.586497890295,139,49,147,523,0.486013986014,0.914335664336,0.0856643356643,0.513986013986,0.739361702128,0.486013986014,0.586497890295,0.771561771562,0.593628593629,0.437858508604,0.456251345826,0.40034965035,317,31,286,0,317,0,31,0,286,45,317,0.160101010101,1.84914057127,14.0888888889,10.5666666667,10.2258064516,7.62419063431,0.541149177514,0.287556957589,7.85075432263,1.1144603928,0.5825446898,8.30923789185,1.17954481115,0.603855590606,0.665156137797,0.35971096418,2.5,1.84914057127,0.665156137797,2.5,0.296598779422,0.263843648208,459,0.0323467230444,0.385590427152,45,45,45,1,0,0.333333333333,0.355555555556,0.311111111111,45,219,0.110606060606,1,9.73333333333,6.08333333333,5.76315789474,7.79685251181,0.801046490939,0.440690005074,6.36967246197,1.30883680725,0.604363267377,6.0737886933,1.2480387726,0.608422120751,0,0,0,NaN,NaN,NaN,0.491063006632,0.367143332225,368,0.0259337561663,0.211301466422,45,43,0,0.955555555556,2,0.155555555556,0.688888888889,0.111111111111,-98,-0.0494949494949,-0.849140571273,-4.35555555556,-4.48333333333,-4.46264855688,0.172661877501,0.259897313425,0.153133047485,-1.48108186067,0.19437641445,0.0218185775768,-2.23544919855,0.0684939614502,0.00456653014451,-0.665156137797,-0.35971096418,-2.5,NaN,NaN,NaN,0.19446422721,0.103299684016,-91,-0.00641296687808,-0.17428896073,-0.177777777778,0.333333333333,-0.2,170,49,147,1614,0.536277602524,0.97053517739,0.0294648226097,0.463722397476,0.776255707763,0.536277602524,0.634328358209,0.592545327614,0.506812779914,0.464480874317,188,286,0,0,0,0
5,WLNM_dir_neg,0.872450975598,0.58473196026,00:00:11,10,10,5,1313943680,fixed,0.5,0.78125,0.699300699301,0.738007380074,200,56,86,516,0.699300699301,0.902097902098,0.0979020979021,0.300699300699,0.78125,0.699300699301,0.738007380074,0.834498834499,0.567210567211,0.617594254937,0.619619699032,0.601398601399,317,31,286,0,317,0,31,0,286,45,317,0.160101010101,1.84914057127,14.0888888889,10.5666666667,10.2258064516,7.62419063431,0.541149177514,0.287556957589,7.85075432263,1.1144603928,0.5825446898,8.30923789185,1.17954481115,0.603855590606,0.665156137797,0.35971096418,2.5,1.84914057127,0.665156137797,2.5,0.296598779422,0.263843648208,459,0.0323467230444,0.385590427152,45,45,45,1,0,0.333333333333,0.355555555556,0.311111111111,45,287,0.144949494949,1,12.7555555556,7.97222222222,8.2,8.76500157018,0.687151691042,0.385598141696,6.54456363185,1.0261510921,0.547890050329,8.17504208743,1.28180102416,0.635694928378,0,0,0,NaN,NaN,NaN,0.436779229932,0.407472527473,618,0.0435517970402,0.280988293358,45,42,0,0.933333333333,2,0.133333333333,0.644444444444,0.155555555556,-30,-0.0151515151515,-0.849140571273,-1.33333333333,-2.59444444444,-2.02580645161,1.14081093587,0.146002513528,0.0980411841072,-1.30619069078,-0.0883093007011,-0.0346546394711,-0.134195804421,0.102256213016,0.0318393377715,-0.665156137797,-0.35971096418,-2.5,NaN,NaN,NaN,0.14018045051,0.143628879264,159,0.0112050739958,-0.104602133795,-0.2,0.288888888889,-0.155555555556,231,56,86,1607,0.728706624606,0.966325917017,0.0336740829826,0.271293375394,0.80487804878,0.728706624606,0.764900662252,0.723954825367,0.695032541623,0.619302949062,256,286,0,0,0,0
6,WLNM_dir_neg,0.745030319331,0.607265825607,00:00:11,10,10,6,1313943681,fixed,0.5,0.590308370044,0.468531468531,0.522417153996,134,93,152,479,0.468531468531,0.837412587413,0.162587412587,0.531468531469,0.590308370044,0.468531468531,0.522417153996,0.714452214452,0.578477078477,0.322580645161,0.326960615783,0.305944055944,317,31,286,0,317,0,31,0,286,45,317,0.160101010101,1.84914057127,14.0888888889,10.5666666667,10.2258064516,7.62419063431,0.541149177514,0.287556957589,7.85075432263,1.1144603928,0.5825446898,8.30923789185,1.17954481115,0.603855590606,0.665156137797,0.35971096418,2.5,1.84914057127,0.665156137797,2.5,0.296598779422,0.263843648208,459,0.0323467230444,0.385590427152,45,45,45,1,0,0.333333333333,0.355555555556,0.311111111111,45,258,0.130303030303,25.1012995409,11.4666666667,6.14285714286,7.81818181818,8.15642524193,0.71131615482,0.395176571921,5.03803713581,0.878727407409,0.448751076658,7.34661331994,1.28138604418,0.633936261843,6.75459869277,0.269093585444,27.4623346251,26.2222902172,4.34166582784,27.4623346251,0.463691885508,0.369942196532,448,0.0315715292459,0.234916839037,45,43,43,0.955555555556,0,0.0222222222222,0.711111111111,0.222222222222,-59,-0.029797979798,23.2521589696,-2.62222222222,-4.42380952381,-2.40762463343,0.532234607626,0.170166977306,0.107619614332,-2.81271718682,-0.235732985394,-0.133793613142,-0.962624571914,0.101841233029,0.0300806712369,6.08944255497,-0.090617378736,24.9623346251,24.373149646,3.67650969005,24.9623346251,0.167093106086,0.106098548323,-11,-0.00077519379845,-0.150673588116,-0.311111111111,0.355555555556,-0.0888888888889,165,93,152,1570,0.520504731861,0.944076969333,0.0559230306675,0.479495268139,0.639534883721,0.520504731861,0.573913043478,0.506070974362,0.464581701194,0.40243902439,227,286,0,0,0,0
7,WLNM_dir_neg,0.840242799159,0.773116610104,00:00:11,10,10,7,1313943682,fixed,0.5,0.836448598131,0.625874125874,0.716,179,35,107,537,0.625874125874,0.938811188811,0.0611888111888,0.374125874126,0.836448598131,0.625874125874,0.716,0.834498834499,0.583527583528,0.602611940299,0.61523028284,0.564685314685,317,31,286,0,317,0,31,0,286,45,317,0.160101010101,1.84914057127,14.0888888889,10.5666666667,10.2258064516,7.62419063431,0.541149177514,0.287556957589,7.85075432263,1.1144603928,0.5825446898,8.30923789185,1.17954481115,0.603855590606,0.665156137797,0.35971096418,2.5,1.84914057127,0.665156137797,2.5,0.296598779422,0.263843648208,459,0.0323467230444,0.385590427152,45,45,45,1,0,0.333333333333,0.355555555556,0.311111111111,45,245,0.123737373737,1,10.8888888889,7.65625,8.16666666667,8.2081506671,0.753809755141,0.423673469388,6.0398508243,1.10936035548,0.58612244898,8.00441797201,1.47019921935,0.698775510204,0,0,0,NaN,NaN,NaN,0.372940175764,0.357297883885,439,0.0309372797745,0.330823562672,45,40,0,0.888888888889,2,0.177777777778,0.488888888889,0.222222222222,-72,-0.0363636363636,-0.849140571273,-3.2,-2.91041666667,-2.05913978495,0.583960032786,0.212660577627,0.136116511799,-1.81090349833,-0.00510003731913,0.00357775917938,-0.30481991984,0.290654408203,0.0949199195977,-0.665156137797,-0.35971096418,-2.5,NaN,NaN,NaN,0.0763413963425,0.0934542356765,-20,-0.00140944326991,-0.0547668644798,-0.155555555556,0.133333333333,-0.0888888888889,210,35,107,1628,0.662460567823,0.978953698136,0.0210463018641,0.337539432177,0.857142857143,0.662460567823,0.747330960854,0.714301544197,0.641414265959,0.596590909091,214,286,0,0,0,0
8,WLNM_dir_neg,0.775841728202,0.503066941159,00:00:11,10,10,8,1313943683,fixed,0.5,0.726114649682,0.398601398601,0.51467268623,114,43,172,529,0.398601398601,0.924825174825,0.0751748251748,0.601398601399,0.726114649682,0.398601398601,0.51467268623,0.749417249417,0.605672105672,0.364532019704,0.394319173976,0.323426573427,317,31,286,0,317,0,31,0,286,45,317,0.160101010101,1.84914057127,14.0888888889,10.5666666667,10.2258064516,7.62419063431,0.541149177514,0.287556957589,7.85075432263,1.1144603928,0.5825446898,8.30923789185,1.17954481115,0.603855590606,0.665156137797,0.35971096418,2.5,1.84914057127,0.665156137797,2.5,0.296598779422,0.263843648208,459,0.0323467230444,0.385590427152,45,45,45,1,0,0.333333333333,0.355555555556,0.311111111111,45,188,0.0949494949495,2.39638520562,8.35555555556,5.875,5.37142857143,6.72902652542,0.805335621393,0.447399527187,5.70999478144,1.36675407002,0.6536643026,5.15791046879,1.23460622923,0.599290780142,1.12606401696,0.469901088658,3.03734421865,2.49612700602,1.09906144707,3.03734421865,0.427321917243,0.336941813261,249,0.0175475687104,0.273137111748,45,42,42,0.933333333333,0,0.222222222222,0.555555555556,0.155555555556,-129,-0.0651515151515,0.547244634342,-5.73333333333,-4.69166666667,-4.85437788018,-0.895164108889,0.264186443879,0.159842569598,-2.1407595412,0.252293677222,0.0711196128003,-3.15132742307,0.0550614180848,-0.00456481046454,0.460907879165,0.110190124478,0.537344218648,0.646986434743,0.433905309278,0.537344218648,0.130723137821,0.0730981650527,-210,-0.014799154334,-0.112453315405,-0.111111111111,0.2,-0.155555555556,145,43,172,1620,0.457413249211,0.974143114853,0.0258568851473,0.542586750789,0.771276595745,0.457413249211,0.574257425743,0.539840364146,0.431556364064,0.402777777778,157,286,0,0,0,0
9,WLNM_dir_neg,0.852061836765,0.749714965298,00:00:11,10,10,9,1313943684,fixed,0.5,0.781094527363,0.548951048951,0.64476386037,157,44,129,528,0.548951048951,0.923076923077,0.0769230769231,0.451048951049,0.781094527363,0.548951048951,0.64476386037,0.798368298368,0.588578088578,0.509915014164,0.525373366666,0.472027972028,317,31,286,0,317,0,31,0,286,45,317,0.160101010101,1.84914057127,14.0888888889,10.5666666667,10.2258064516,7.62419063431,0.541149177514,0.287556957589,7.85075432263,1.1144603928,0.5825446898,8.30923789185,1.17954481115,0.603855590606,0.665156137797,0.35971096418,2.5,1.84914057127,0.665156137797,2.5,0.296598779422,0.263843648208,459,0.0323467230444,0.385590427152,45,45,45,1,0,0.333333333333,0.355555555556,0.311111111111,45,232,0.117171717172,1,10.3111111111,6.82352941176,11.6,8.73556529425,0.847199220347,0.472126436782,5.18281932558,1.00528823125,0.542337164751,8.28732755355,1.60745577547,0.74367816092,0,0,0,NaN,NaN,NaN,0.595619927799,0.48376710491,601,0.0423537702607,0.330376036385,45,34,0,0.755555555556,2,0,0.444444444444,0.311111111111,-85,-0.0429292929293,-0.849140571273,-3.77777777778,-3.7431372549,1.37419354839,1.11137465994,0.306050042833,0.184569479193,-2.66793499705,-0.109172161548,-0.0402075250493,-0.0219103383066,0.427910964326,0.139822570313,-0.665156137797,-0.35971096418,-2.5,NaN,NaN,NaN,0.299021148377,0.219923456702,142,0.0100070472163,-0.0552143907673,-0.333333333333,0.0888888888889,0,188,44,129,1619,0.593059936909,0.973541791942,0.0264582080577,0.406940063091,0.810344827586,0.593059936909,0.684881602914,0.64600955924,0.566601728851,0.520775623269,201,286,0,0,0,0
10,WLNM_dir_neg,0.786627707956,0.580937900138,00:00:11,10,10,10,1313943685,fixed,0.5,0.659574468085,0.541958041958,0.595009596929,155,80,131,492,0.541958041958,0.86013986014,0.13986013986,0.458041958042,0.659574468085,0.541958041958,0.595009596929,0.754079254079,0.575369075369,0.420860018298,0.425044972579,0.402097902098,317,31,286,0,317,0,31,0,286,45,317,0.160101010101,1.84914057127,14.0888888889,10.5666666667,10.2258064516,7.62419063431,0.541149177514,0.287556957589,7.85075432263,1.1144603928,0.5825446898,8.30923789185,1.17954481115,0.603855590606,0.665156137797,0.35971096418,2.5,1.84914057127,0.665156137797,2.5,0.296598779422,0.263843648208,459,0.0323467230444,0.385590427152,45,45,45,1,0,0.333333333333,0.355555555556,0.311111111111,45,266,0.134343434343,1,11.8222222222,6.04545454545,8.58064516129,8.85049790302,0.748632341421,0.418546365915,4.47631251561,0.757270914294,0.409356725146,8.20981181885,1.38887793928,0.67969924812,0,0,0,NaN,NaN,NaN,0.453289746968,0.431240657698,577,0.0406624383369,0.251750977183,45,43,0,0.955555555556,2,0.0222222222222,0.666666666667,0.311111111111,-51,-0.0257575757576,-0.849140571273,-2.26666666667,-4.52121212121,-1.64516129032,1.22630726871,0.207483163907,0.130989408326,-3.37444180703,-0.357189478509,-0.173187964654,-0.0994260729998,0.209333128133,0.0758436575139,-0.665156137797,-0.35971096418,-2.5,NaN,NaN,NaN,0.156690967546,0.16739700949,118,0.00831571529246,-0.133839449969,-0.311111111111,0.311111111111,0,186,80,131,1583,0.586750788644,0.951894167168,0.0481058328322,0.413249211356,0.699248120301,0.586750788644,0.63807890223,0.579204764686,0.538644955811,0.468513853904,235,286,0,0,0,0
11,WLNM_dir_neg,0.880211135019,0.679686458183,00:00:11,10,10,11,1313943686,fixed,0.5,0.758620689655,0.692307692308,0.7239488117,198,63,88,509,0.692307692308,0.88986013986,0.11013986014,0.307692307692,0.758620689655,0.692307692308,0.7239488117,0.824009324009,0.565268065268,0.595174262735,0.596515614658,0.582167832168,317,31,286,0,317,0,31,0,286,45,317,0.160101010101,1.84914057127,14.0888888889,10.5666666667,10.2258064516,7.62419063431,0.541149177514,0.287556957589,7.85075432263,1.1144603928,0.5825446898,8.30923789185,1.17954481115,0.603855590606,0.665156137797,0.35971096418,2.5,1.84914057127,0.665156137797,2.5,0.296598779422,0.263843648208,459,0.0323467230444,0.385590427152,45,45,45,1,0,0.333333333333,0.355555555556,0.311111111111,45,292,0.147474747475,18.5792424695,12.9777777778,8.34285714286,13.9047619048,9.75492623543,0.751663836634,0.421537290715,5.55395936666,0.855918395546,0.475190258752,9.13440604185,1.40769956124,0.694063926941,10.1181589026,0.544594803539,24.6833572796,21.8175239771,7.24643440781,24.6833572796,0.505523896292,0.417273896271,649,0.0457364341085,0.349045636722,45,38,38,0.844444444444,0,0.0666666666667,0.4,0.377777777778,-25,-0.0126262626263,16.7301018983,-1.11111111111,-2.22380952381,3.67895545315,2.13073560112,0.21051465912,0.133980333127,-2.29679495598,-0.258541997257,-0.107354431048,0.825168149995,0.228154750097,0.0902083363343,9.45300276481,0.184883839359,22.1833572796,19.9683834058,6.58127827002,22.1833572796,0.20892511687,0.153430248062,190,0.0133897110641,-0.03654479043,-0.266666666667,0.0444444444444,0.0666666666667,229,63,88,1600,0.722397476341,0.962116656645,0.0378833433554,0.277602523659,0.784246575342,0.722397476341,0.752052545156,0.707914043972,0.684514132985,0.602631578947,261,286,0,0,0,0
12,WLNM_dir_neg,0.764401682234,0.655915743003,00:00:11,10,10,12,1313943687,fixed,0.5,0.822695035461,0.405594405594,0.543325526932,116,25,170,547,0.405594405594,0.956293706294,0.0437062937063,0.594405594406,0.822695035461,0.405594405594,0.543325526932,0.772727272727,0.611888111888,0.414414414414,0.460347949949,0.361888111888,317,31,286,0,317,0,31,0,286,45,317,0.160101010101,1.84914057127,14.0888888889,10.5666666667,10.2258064516,7.62419063431,0.541149177514,0.287556957589,7.85075432263,1.1144603928,0.5825446898,8.30923789185,1.17954481115,0.603855590606,0.665156137797,0.35971096418,2.5,1.84914057127,0.665156137797,2.5,0.296598779422,0.263843648208,459,0.0323467230444,0.385590427152,45,45,45,1,0,0.333333333333,0.355555555556,0.311111111111,45,172,0.0868686868687,1,7.64444444444,5.54838709677,7.81818181818,7.39211974629,0.966992408671,0.522997416021,4.4225090004,1.15705177336,0.6,6.72271890644,1.75885087668,0.760465116279,0,0,0,NaN,NaN,NaN,0.511390633029,0.366836498379,264,0.0186046511628,0.355621405968,45,35,0,0.777777777778,2,0.0888888888889,0.4,0.288888888889,-145,-0.0732323232323,-0.849140571273,-6.44444444444,-5.01827956989,-2.40762463343,-0.232070888023,0.425843231157,0.235440458432,-3.42824532224,0.0425913805567,0.0174553101998,-1.58651898542,0.579306065537,0.156609525673,-0.665156137797,-0.35971096418,-2.5,NaN,NaN,NaN,0.214791853607,0.10299285017,-195,-0.0137420718816,-0.0299690211846,-0.244444444444,0.0444444444444,-0.0222222222222,147,25,170,1638,0.463722397476,0.98496692724,0.0150330727601,0.536277602524,0.854651162791,0.463722397476,0.601226993865,0.584195296516,0.448689324716,0.429824561404,141,286,0,0,0,0
13,WLNM_dir_neg,0.781768057118,0.681824255262,00:00:11,10,10,13,1313943688,fixed,0.5,0.89247311828,0.29020979021,0.437994722955,83,10,203,562,0.29020979021,0.982517482517,0.0174825174825,0.70979020979,0.89247311828,0.29020979021,0.437994722955,0.751748251748,0.630536130536,0.328075709779,0.413558935392,0.272727272727,317,31,286,0,317,0,31,0,286,45,317,0.160101010101,1.84914057127,14.0888888889,10.5666666667,10.2258064516,7.62419063431,0.541149177514,0.287556957589,7.85075432263,1.1144603928,0.5825446898,8.30923789185,1.17954481115,0.603855590606,0.665156137797,0.35971096418,2.5,1.84914057127,0.665156137797,2.5,0.296598779422,0.263843648208,459,0.0323467230444,0.385590427152,45,45,45,1,0,0.333333333333,0.355555555556,0.311111111111,45,124,0.0626262626263,1,5.51111111111,4.13333333333,6.52631578947,5.43817408454,0.986765458888,0.516308243728,3.30396150343,1.19901828754,0.617921146953,5.12194723073,1.85877117244,0.778853046595,0,0,0,NaN,NaN,NaN,0.319968820862,0.273913043478,105,0.00739957716702,0.245081514909,45,33,0,0.733333333333,2,0.0666666666667,0.355555555556,0.311111111111,-193,-0.0974747474747,-0.849140571273,-8.57777777778,-6.43333333333,-3.69949066214,-2.18601654977,0.445616281374,0.228751286139,-4.5467928192,0.084557894733,0.0353764571532,-3.18729066113,0.679226361294,0.174997455989,-0.665156137797,-0.35971096418,-2.5,NaN,NaN,NaN,0.0233700414399,0.0100693952698,-354,-0.0249471458774,-0.140508912243,-0.266666666667,0,0,114,10,203,1653,0.359621451104,0.993986770896,0.00601322910403,0.640378548896,0.91935483871,0.359621451104,0.517006802721,0.535178036379,0.353608222,0.348623853211,93,286,0,0,0,0
14,WLNM_dir_neg,0.747090322265,0.683915809298,00:00:11,10,10,14,1313943689,fixed,0.5,0.795180722892,0.461538461538,0.58407079646,132,34,154,538,0.461538461538,0.940559440559,0.0594405594406,0.538461538462,0.795180722892,0.461538461538,0.58407079646,0.780885780886,0.602175602176,0.44921875,0.47985027379,0.402097902098,317,31,286,0,317,0,31,0,286,45,317,0.160101010101,1.84914057127,14.0888888889,10.5666666667,10.2258064516,7.62419063431,0.541149177514,0.287556957589,7.85075432263,1.1144603928,0.5825446898,8.30923789185,1.17954481115,0.603855590606,0.665156137797,0.35971096418,2.5,1.84914057127,0.665156137797,2.5,0.296598779422,0.263843648208,459,0.0323467230444,0.385590427152,45,45,45,1,0,0.333333333333,0.355555555556,0.311111111111,45,197,0.0994949494949,2.36129616536,8.75555555556,6.35483870968,7.2962962963,7.22733307897,0.82545682374,0.45967287084,5.44095951134,1.24285877163,0.622899041173,6.7732390831,1.54718659259,0.718104906937,0.991223659409,0.419779472796,2.6,2.61206124845,0.86788997808,2.6,0.339780177971,0.29427480916,257,0.0181113460183,0.320241260929,45,38,38,0.844444444444,0,0.155555555556,0.444444444444,0.244444444444,-120,-0.0606060606061,0.512155594084,-5.33333333333,-4.21182795699,-2.92951015532,-0.396857555341,0.284307646226,0.172115913252,-2.40979481129,0.128398378823,0.0403543513729,-1.53599880876,0.367641781439,0.114249316331,0.326067521612,0.0600685086161,0.1,0.762920677176,0.202733840283,0.1,0.0431813985495,0.0304311609518,-202,-0.0142353770261,-0.0653491662229,-0.177777777778,0.0888888888889,-0.0666666666667,163,34,154,1629,0.514195583596,0.979555021046,0.0204449789537,0.485804416404,0.827411167513,0.514195583596,0.634241245136,0.604887502247,0.493750604643,0.464387464387,166,286,0,0,0,0
15,WLNM_dir_neg,0.828497114773,0.687043559164,00:00:11,10,10,15,1313943690,fixed,0.5,0.767567567568,0.496503496503,0.602972399151,142,43,144,529,0.496503496503,0.924825174825,0.0751748251748,0.503496503497,0.767567567568,0.496503496503,0.602972399151,0.782051282051,0.594794094794,0.462128475551,0.482957203835,0.421328671329,317,31,286,0,317,0,31,0,286,45,317,0.160101010101,1.84914057127,14.0888888889,10.5666666667,10.2258064516,7.62419063431,0.541149177514,0.287556957589,7.85075432263,1.1144603928,0.5825446898,8.30923789185,1.17954481115,0.603855590606,0.665156137797,0.35971096418,2.5,1.84914057127,0.665156137797,2.5,0.296598779422,0.263843648208,459,0.0323467230444,0.385590427152,45,45,45,1,0,0.333333333333,0.355555555556,0.311111111111,45,216,0.109090909091,2.68389381709,9.6,6.96774193548,6.35294117647,7.69415362467,0.801474335903,0.447325102881,6.7876893913,1.41410195652,0.678600823045,6.19970673793,1.2916055704,0.627160493827,1.22403935784,0.456068474114,3.5,2.89438054423,1.13198605763,3.5,0.38580712696,0.335754374381,339,0.0238900634249,0.298139130347,45,40,40,0.888888888889,0,0.2,0.555555555556,0.133333333333,-101,-0.0510101010101,0.834753245819,-4.48888888889,-3.59892473118,-3.87286527514,0.0699629903597,0.260325158389,0.159768145292,-1.06306493134,0.299641563717,0.0960561332451,-2.10953115392,0.112060759256,0.0233049032208,0.558883220048,0.096357509934,1,1.04523997296,0.466829919833,1,0.089208347538,0.0719107261725,-120,-0.00845665961945,-0.087451296805,-0.133333333333,0.2,-0.177777777778,173,43,144,1620,0.545741324921,0.974143114853,0.0258568851473,0.454258675079,0.800925925926,0.545741324921,0.649155722326,0.611514006541,0.519884439774,0.480555555556,185,286,0,0,0,0
16,WLNM_dir_neg,0.858611668052,0.647458382308,00:00:11,10,10,16,1313943691,fixed,0.5,0.818181818182,0.597902097902,0.690909090909,171,38,115,534,0.597902097902,0.933566433566,0.0664335664336,0.402097902098,0.818181818182,0.597902097902,0.690909090909,0.821678321678,0.58547008547,0.569821930647,0.58366425155,0.531468531469,317,31,286,0,317,0,31,0,286,45,317,0.160101010101,1.84914057127,14.0888888889,10.5666666667,10.2258064516,7.62419063431,0.541149177514,0.287556957589,7.85075432263,1.1144603928,0.5825446898,8.30923789185,1.17954481115,0.603855590606,0.665156137797,0.35971096418,2.5,1.84914057127,0.665156137797,2.5,0.296598779422,0.263843648208,459,0.0323467230444,0.385590427152,45,45,45,1,0,0.333333333333,0.355555555556,0.311111111111,45,240,0.121212121212,1,10.6666666667,6.31578947368,6.66666666667,8.21030394742,0.769715995071,0.414259259259,7.03239258393,1.31857360949,0.615555555556,6.87551650952,1.28915934554,0.634444444444,0,0,0,NaN,NaN,NaN,0.516720156982,0.392339261286,478,0.0336856941508,0.226675237666,45,42,0,0.933333333333,2,0.0888888888889,0.711111111111,0.133333333333,-77,-0.0388888888889,-0.849140571273,-3.42222222222,-4.25087719298,-3.55913978495,0.586113313115,0.228566817557,0.126702301671,-0.818361738701,0.204113216684,0.0330108657553,-1.43372138233,0.109614534389,0.0305888538381,-0.665156137797,-0.35971096418,-2.5,NaN,NaN,NaN,0.22012137756,0.128495613077,19,0.00133897110641,-0.158915189486,-0.244444444444,0.355555555556,-0.177777777778,202,38,115,1625,0.637223974763,0.977149729405,0.0228502705953,0.362776025237,0.841666666667,0.637223974763,0.725314183124,0.690284513129,0.614373704168,0.569014084507,209,286,0,0,0,0
17,WLNM_dir_neg,0.84140728153,0.688097933177,00:00:11,10,10,17,1313943692,fixed,0.5,0.772321428571,0.604895104895,0.678431372549,173,51,113,521,0.604895104895,0.910839160839,0.0891608391608,0.395104895105,0.772321428571,0.604895104895,0.678431372549,0.808857808858,0.579642579643,0.54528650647,0.553526452257,0.515734265734,317,31,286,0,317,0,31,0,286,45,317,0.160101010101,1.84914057127,14.0888888889,10.5666666667,10.2258064516,7.62419063431,0.541149177514,0.287556957589,7.85075432263,1.1144603928,0.5825446898,8.30923789185,1.17954481115,0.603855590606,0.665156137797,0.35971096418,2.5,1.84914057127,0.665156137797,2.5,0.296598779422,0.263843648208,459,0.0323467230444,0.385590427152,45,45,45,1,0,0.333333333333,0.355555555556,0.311111111111,45,255,0.128787878788,1,11.3333333333,7.28571428571,8.22580645161,8.11284055175,0.715838872214,0.391982570806,6.82242292338,1.20395698648,0.607930283224,7.32678771235,1.29296253747,0.635816993464,0,0,0,NaN,NaN,NaN,0.434423911483,0.370389344262,482,0.0339675828048,0.282334546997,45,40,0,0.888888888889,2,0.111111111111,0.577777777778,0.2,-62,-0.0313131313131,-0.849140571273,-2.75555555556,-3.28095238095,-2,0.488649917445,0.1746896947,0.104425613218,-1.02833139925,0.0894965936759,0.0253855934242,-0.982450179506,0.113417726327,0.0319614028577,-0.665156137797,-0.35971096418,-2.5,NaN,NaN,NaN,0.137825132061,0.106545696054,23,0.00162085976039,-0.103255880155,-0.222222222222,0.222222222222,-0.111111111111,204,51,113,1612,0.643533123028,0.969332531569,0.0306674684305,0.356466876972,0.8,0.643533123028,0.713286713287,0.670928746028,0.612865654598,0.554347826087,224,286,0,0,0,0
18,WLNM_dir_neg,0.830385960194,0.737590455142,00:00:11,10,10,18,1313943693,fixed,0.5,0.758974358974,0.517482517483,0.615384615385,148,47,138,525,0.517482517483,0.917832167832,0.0821678321678,0.482517482517,0.758974358974,0.517482517483,0.615384615385,0.784382284382,0.590909090909,0.472934472934,0.489677646726,0.435314685315,317,31,286,0,317,0,31,0,286,45,317,0.160101010101,1.84914057127,14.0888888889,10.5666666667,10.2258064516,7.62419063431,0.541149177514,0.287556957589,7.85075432263,1.1144603928,0.5825446898,8.30923789185,1.17954481115,0.603855590606,0.665156137797,0.35971096418,2.5,1.84914057127,0.665156137797,2.5,0.296598779422,0.263843648208,459,0.0323467230444,0.385590427152,45,45,45,1,0,0.333333333333,0.355555555556,0.311111111111,45,226,0.114141414141,21.4142875947,10.0444444444,6.45714285714,7.79310344828,8.50389096921,0.846626313306,0.469321533923,5.0564490275,1.00681507185,0.539429695182,7.55130599448,1.50357862722,0.707767944936,11.1452445312,0.520458338012,28.2204487996,25.1748142569,7.37223361506,28.2204487996,0.540517238616,0.409715857012,447,0.0315010570825,0.279021438864,45,38,38,0.844444444444,0,0.0666666666667,0.577777777778,0.2,-91,-0.0459595959596,19.5651470234,-4.04444444444,-4.10952380952,-2.43270300334,0.879700334898,0.305477135792,0.181764576335,-2.79430529514,-0.107645320956,-0.0431149946183,-0.757931897378,0.324033816072,0.10391235433,10.4800883934,0.160747373832,25.7204487996,23.3256736856,6.70707747727,25.7204487996,0.243918459194,0.145872208803,-12,-0.000845665961945,-0.106568988288,-0.266666666667,0.222222222222,-0.111111111111,179,47,138,1616,0.564668769716,0.971737823211,0.0282621767889,0.435331230284,0.79203539823,0.564668769716,0.659300184162,0.618587085362,0.536406592927,0.491758241758,195,286,0,0,0,0
19,WLNM_dir_neg,0.764013521444,0.649909970082,00:00:11,10,10,19,1313943694,fixed,0.5,0.704545454545,0.541958041958,0.612648221344,155,65,131,507,0.541958041958,0.886363636364,0.113636363636,0.458041958042,0.704545454545,0.541958041958,0.612648221344,0.771561771562,0.581196581197,0.454545454545,0.462412331004,0.428321678322,317,31,286,0,317,0,31,0,286,45,317,0.160101010101,1.84914057127,14.0888888889,10.5666666667,10.2258064516,7.62419063431,0.541149177514,0.287556957589,7.85075432263,1.1144603928,0.5825446898,8.30923789185,1.17954481115,0.603855590606,0.665156137797,0.35971096418,2.5,1.84914057127,0.665156137797,2.5,0.296598779422,0.263843648208,459,0.0323467230444,0.385590427152,45,45,45,1,0,0.333333333333,0.355555555556,0.311111111111,45,251,0.126767676768,3.14409963417,11.1555555556,6.4358974359,7.84375,9.05276340421,0.811502695596,0.441345728198,5.67085406783,1.01668698427,0.518282425852,8.24204544584,1.47765755005,0.687206728641,1.10773999069,0.352323437416,3.40365863824,3.19282917131,1.07064665097,3.40365863824,0.582662805612,0.386328725038,503,0.0354474982382,0.319878807446,45,44,44,0.977777777778,0,0.111111111111,0.6,0.266666666667,-66,-0.0333333333333,1.2949590629,-2.93333333333,-4.13076923077,-2.38205645161,1.4285727699,0.270353518082,0.15378877061,-2.17990025481,-0.0977734085311,-0.0642622639481,-0.0671924460134,0.298112738905,0.0833511380346,0.442583852892,-0.0073875267639,0.903658638239,1.34368860004,0.40549051317,0.903658638239,0.28606402619,0.12248507683,44,0.0031007751938,-0.0657116197058,-0.222222222222,0.244444444444,-0.0444444444444,186,65,131,1598,0.586750788644,0.960914010824,0.0390859891762,0.413249211356,0.741035856574,0.586750788644,0.654929577465,0.6036097224,0.547664799467,0.486910994764,220,286,0,0,0,0
20,WLNM_dir_neg,0.785683285246,0.760374413807,00:00:11,10,10,20,1313943695,fixed,0.5,0.857142857143,0.503496503497,0.63436123348,144,24,142,548,0.503496503497,0.958041958042,0.041958041958,0.496503496503,0.857142857143,0.503496503497,0.63436123348,0.806526806527,0.601398601399,0.514619883041,0.548289264907,0.461538461538,317,31,286,0,317,0,31,0,286,45,317,0.160101010101,1.84914057127,14.0888888889,10.5666666667,10.2258064516,7.62419063431,0.541149177514,0.287556957589,7.85075432263,1.1144603928,0.5825446898,8.30923789185,1.17954481115,0.603855590606,0.665156137797,0.35971096418,2.5,1.84914057127,0.665156137797,2.5,0.296598779422,0.263843648208,459,0.0323467230444,0.385590427152,45,45,45,1,0,0.333333333333,0.355555555556,0.311111111111,45,199,0.100505050505,1.92988647155,8.84444444444,6.41935483871,7.10714285714,6.51207115341,0.736289452019,0.406588498046,6.07337291675,1.37337578519,0.66644332775,6.07337291675,1.37337578519,0.671803461753,0.692208743615,0.358678478666,2,1.97313700511,0.677406041567,2,0.166977390161,0.178027265437,148,0.0104298801973,0.334623613194,45,43,43,0.955555555556,0,0.266666666667,0.355555555556,0.333333333333,-118,-0.059595959596,0.0807459002799,-5.24444444444,-4.14731182796,-3.11866359447,-1.1121194809,0.195140274505,0.119031540457,-1.77738140589,0.258915392391,0.0838986379497,-2.23586497511,0.193830974047,0.0679478711468,0.0270526058177,-0.00103248551401,-0.5,0.12399643384,0.01224990377,-0.5,-0.129621389261,-0.0858163827714,-311,-0.0219168428471,-0.0509668139579,-0.0666666666667,0,0.0222222222222,175,24,142,1639,0.552050473186,0.98556825015,0.0144317498497,0.447949526814,0.879396984925,0.552050473186,0.678294573643,0.655679556573,0.537618723336,0.513196480938,168,286,0,0,0,0
21,WLNM_dir_neg,0.727569196538,0.520821613069,00:00:11,10,10,21,1313943696,fixed,0.5,0.661971830986,0.493006993007,0.565130260521,141,72,145,500,0.493006993007,0.874125874126,0.125874125874,0.506993006993,0.661971830986,0.493006993007,0.565130260521,0.747086247086,0.583916083916,0.392156862745,0.400621855303,0.367132867133,317,31,286,0,317,0,31,0,286,45,317,0.160101010101,1.84914057127,14.0888888889,10.5666666667,10.2258064516,7.62419063431,0.541149177514,0.287556957589,7.85075432263,1.1144603928,0.5825446898,8.30923789185,1.17954481115,0.603855590606,0.665156137797,0.35971096418,2.5,1.84914057127,0.665156137797,2.5,0.296598779422,0.263843648208,459,0.0323467230444,0.385590427152,45,45,45,1,0,0.333333333333,0.355555555556,0.311111111111,45,244,0.123232323232,4.85912233969,10.8444444444,5.80952380952,7.625,7.97996227935,0.735857177399,0.407012750455,4.85465516465,0.895325747579,0.459016393443,7.73271941137,1.42611628488,0.675774134791,1.74368095029,0.358846892173,6.16949169832,4.94682966559,1.66039589527,6.16949169832,0.492118814018,0.390598290598,457,0.0322057787174,0.252546300725,45,44,44,0.977777777778,0,0.0444444444444,0.666666666667,0.266666666667,-73,-0.0368686868687,3.00998176842,-3.24444444444,-4.75714285714,-2.60080645161,0.355771645038,0.194707999885,0.119455792867,-2.99609915798,-0.219134645224,-0.123528296358,-0.576518480487,0.246571473737,0.0719185441841,1.07852481249,-0.000864072006559,3.66949169832,3.09768909432,0.995239757471,3.66949169832,0.195520034596,0.12675464239,-2,-0.000140944326991,-0.133044126427,-0.288888888889,0.311111111111,-0.0444444444444,172,72,145,1591,0.542586750789,0.956704750451,0.043295249549,0.457413249211,0.704918032787,0.542586750789,0.613190730838,0.557006362292,0.49929150124,0.442159383033,213,286,0,0,0,0
22,WLNM_dir_neg,0.771428309453,0.60455226515,00:00:11,10,10,22,1313943697,fixed,0.5,0.721804511278,0.335664335664,0.458233890215,96,37,190,535,0.335664335664,0.935314685315,0.0646853146853,0.664335664336,0.721804511278,0.335664335664,0.458233890215,0.735431235431,0.614996114996,0.312815338042,0.352957062685,0.270979020979,317,31,286,0,317,0,31,0,286,45,317,0.160101010101,1.84914057127,14.0888888889,10.5666666667,10.2258064516,7.62419063431,0.541149177514,0.287556957589,7.85075432263,1.1144603928,0.5825446898,8.30923789185,1.17954481115,0.603855590606,0.665156137797,0.35971096418,2.5,1.84914057127,0.665156137797,2.5,0.296598779422,0.263843648208,459,0.0323467230444,0.385590427152,45,45,45,1,0,0.333333333333,0.355555555556,0.311111111111,45,164,0.0828282828283,1,7.28888888889,4,8.2,6.50392267028,0.892306463911,0.489295392954,3.86214469125,1.05973482382,0.527371273713,5.78852923523,1.58831594869,0.735772357724,0,0,0,NaN,NaN,NaN,0.348566183035,0.334079462787,199,0.0140239605356,0.199150967596,45,41,0,0.911111111111,2,0,0.444444444444,0.466666666667,-153,-0.0772727272727,-0.849140571273,-6.8,-6.56666666667,-2.02580645161,-1.12026796403,0.351157286397,0.201738435365,-3.98860963138,-0.0547255689838,-0.0551734160875,-2.52070865663,0.408771137544,0.131916767117,-0.665156137797,-0.35971096418,-2.5,NaN,NaN,NaN,0.0519674036137,0.0702358145783,-260,-0.0183227625088,-0.186439459556,-0.333333333333,0.0888888888889,0.155555555556,127,37,190,1626,0.400630914826,0.977751052315,0.0222489476849,0.599369085174,0.774390243902,0.400630914826,0.528066528067,0.503415218434,0.378381967142,0.358757062147,133,286,0,0,0,0
23,WLNM_dir_neg,0.812943175705,0.653765189301,00:00:11,10,10,23,1313943698,fixed,0.5,0.838235294118,0.398601398601,0.54028436019,114,22,172,550,0.398601398601,0.961538461538,0.0384615384615,0.601398601399,0.838235294118,0.398601398601,0.54028436019,0.773892773893,0.613830613831,0.414486921529,0.464851428149,0.36013986014,317,31,286,0,317,0,31,0,286,45,317,0.160101010101,1.84914057127,14.0888888889,10.5666666667,10.2258064516,7.62419063431,0.541149177514,0.287556957589,7.85075432263,1.1144603928,0.5825446898,8.30923789185,1.17954481115,0.603855590606,0.665156137797,0.35971096418,2.5,1.84914057127,0.665156137797,2.5,0.296598779422,0.263843648208,459,0.0323467230444,0.385590427152,45,45,45,1,0,0.333333333333,0.355555555556,0.311111111111,45,167,0.0843434343434,1,7.42222222222,6.42307692308,5.38709677419,6.2285591829,0.839177135421,0.460678642715,5.41304074444,1.45860379341,0.689554224884,4.92037610454,1.32584984853,0.643512974052,0,0,0,NaN,NaN,NaN,0.260359460359,0.228060368921,136,0.00958421423538,0.205028970017,45,37,0,0.822222222222,2,0.244444444444,0.444444444444,0.133333333333,-150,-0.0757575757576,-0.849140571273,-6.66666666667,-4.14358974359,-4.83870967742,-1.3956314514,0.298027957907,0.173121685126,-2.43771357819,0.34414340061,0.107009535083,-3.38886178732,0.146305037381,0.0396573834455,-0.665156137797,-0.35971096418,-2.5,NaN,NaN,NaN,-0.0362393190623,-0.0357832792873,-323,-0.022762508809,-0.180561457136,-0.0888888888889,0.0888888888889,-0.177777777778,145,22,172,1641,0.457413249211,0.986770895971,0.0132291040289,0.542586750789,0.868263473054,0.457413249211,0.599173553719,0.586113427306,0.444184145182,0.427728613569,136,286,0,0,0,0
24,WLNM_dir_neg,0.8293804098,0.600189179842,00:00:11,10,10,24,1313943699,fixed,0.5,0.638176638177,0.783216783217,0.703296703297,224,127,62,445,0.783216783217,0.777972027972,0.222027972028,0.216783216783,0.638176638177,0.783216783217,0.703296703297,0.77972027972,0.530303030303,0.531017369727,0.538062216918,0.561188811189,317,31,286,0,317,0,31,0,286,45,317,0.160101010101,1.84914057127,14.0888888889,10.5666666667,10.2258064516,7.62419063431,0.541149177514,0.287556957589,7.85075432263,1.1144603928,0.5825446898,8.30923789185,1.17954481115,0.603855590606,0.665156137797,0.35971096418,2.5,1.84914057127,0.665156137797,2.5,0.296598779422,0.263843648208,459,0.0323467230444,0.385590427152,45,45,45,1,0,0.333333333333,0.355555555556,0.311111111111,45,382,0.192929292929,7.20702399491,16.9777777778,9.55,11.2352941176,10.6951324716,0.629948902125,0.357068062827,7.92184041467,0.933201095969,0.500639906923,9.10449994189,1.07251962666,0.567306573589,3.19971178498,0.44397129623,9.21089601721,7.34809272207,3.09191021884,9.21089601721,0.588773549142,0.529749692245,1291,0.0909795630726,0.284739849857,45,44,44,0.977777777778,0,0.0888888888889,0.666666666667,0.222222222222,65,0.0328282828283,5.35788342364,2.88888888889,-1.01666666667,1.00948766603,3.07094183733,0.0887997246112,0.0695111052387,0.0710860920404,-0.181259296833,-0.0819047828776,0.795262050038,-0.107025184484,-0.0365490170171,2.53455564718,0.0842603320501,6.71089601721,5.49895215079,2.42675408104,6.71089601721,0.292174769721,0.265906044036,832,0.0586328400282,-0.100850577295,-0.244444444444,0.311111111111,-0.0888888888889,255,127,62,1536,0.804416403785,0.923631990379,0.0763680096212,0.195583596215,0.667539267016,0.804416403785,0.729613733906,0.676574982643,0.728048394164,0.574324324324,351,286,0,0,0,0
25,WLNM_dir_neg,0.852963470096,0.756189424193,00:00:11,10,10,25,1313943700,fixed,0.5,0.838926174497,0.437062937063,0.574712643678,125,24,161,548,0.437062937063,0.958041958042,0.041958041958,0.562937062937,0.838926174497,0.437062937063,0.574712643678,0.784382284382,0.60878010878,0.448857994042,0.491673939272,0.395104895105,317,31,286,0,317,0,31,0,286,45,317,0.160101010101,1.84914057127,14.0888888889,10.5666666667,10.2258064516,7.62419063431,0.541149177514,0.287556957589,7.85075432263,1.1144603928,0.5825446898,8.30923789185,1.17954481115,0.603855590606,0.665156137797,0.35971096418,2.5,1.84914057127,0.665156137797,2.5,0.296598779422,0.263843648208,459,0.0323467230444,0.385590427152,45,45,45,1,0,0.333333333333,0.355555555556,0.311111111111,45,180,0.0909090909091,1,8,7.82608695652,5.8064516129,6.84238129734,0.855297662167,0.464814814815,6.2631679466,1.56579198665,0.727654320988,4.93134685641,1.2328367141,0.628395061728,0,0,0,NaN,NaN,NaN,0.33195236324,0.289732770745,206,0.0145172656801,0.213772874183,45,38,0,0.844444444444,2,0.333333333333,0.355555555556,0.155555555556,-137,-0.0691919191919,-0.849140571273,-6.08888888889,-2.74057971014,-4.41935483871,-0.781809336969,0.314148484653,0.177257857226,-1.58758637604,0.451331593846,0.145109631187,-3.37789103545,0.0532919029548,0.024539471122,-0.665156137797,-0.35971096418,-2.5,NaN,NaN,NaN,0.0353535838186,0.025889122537,-253,-0.0178294573643,-0.17181755297,0,0,-0.155555555556,156,24,161,1639,0.492113564669,0.98556825015,0.0144317498497,0.507886435331,0.866666666667,0.492113564669,0.627766599598,0.609315125062,0.477681814819,0.457478005865,149,286,0,0,0,0
26,WLNM_dir_neg,0.822482150716,0.728298017427,00:00:11,10,10,26,1313943701,fixed,0.5,0.81875,0.458041958042,0.587443946188,131,29,155,543,0.458041958042,0.949300699301,0.0506993006993,0.541958041958,0.81875,0.458041958042,0.587443946188,0.785547785548,0.604506604507,0.457760314342,0.493007153101,0.407342657343,317,31,286,0,317,0,31,0,286,45,317,0.160101010101,1.84914057127,14.0888888889,10.5666666667,10.2258064516,7.62419063431,0.541149177514,0.287556957589,7.85075432263,1.1144603928,0.5825446898,8.30923789185,1.17954481115,0.603855590606,0.665156137797,0.35971096418,2.5,1.84914057127,0.665156137797,2.5,0.296598779422,0.263843648208,459,0.0323467230444,0.385590427152,45,45,45,1,0,0.333333333333,0.355555555556,0.311111111111,45,191,0.0964646464646,2.81856242246,8.48888888889,5.78787878788,6.16129032258,7.11791025967,0.838497281898,0.457475276323,5.14408555155,1.2119573289,0.615474112856,6.44259813329,1.51788961256,0.692262943572,1.42924865423,0.507084264959,4,2.92465021454,1.41528242855,4,0.384156381424,0.351351351351,286,0.0201550387597,0.27754402216,45,42,42,0.933333333333,0,0.244444444444,0.444444444444,0.288888888889,-126,-0.0636363636364,0.969421851183,-5.6,-4.77878787879,-4.06451612903,-0.506280374644,0.297348104384,0.169918318735,-2.70666877109,0.0974969360953,0.0329294230561,-1.86663975856,0.338344801409,0.0884073529655,0.764092516435,0.147373300779,1.5,1.07550964326,0.750126290751,1.5,0.087557602002,0.0875077031429,-173,-0.0121916842847,-0.108046404992,-0.0888888888889,0.0888888888889,-0.0222222222222,162,29,155,1634,0.511041009464,0.982561635598,0.0174383644017,0.488958990536,0.848167539267,0.511041009464,0.637795275591,0.613100090298,0.493602645062,0.468208092486,160,286,0,0,0,0
27,WLNM_dir_neg,0.819181255807,0.704951784227,00:00:11,10,10,27,1313943702,fixed,0.5,0.727722772277,0.513986013986,0.602459016393,147,55,139,517,0.513986013986,0.903846153846,0.0961538461538,0.486013986014,0.727722772277,0.513986013986,0.602459016393,0.773892773893,0.58818958819,0.450943396226,0.464253619877,0.417832167832,317,31,286,0,317,0,31,0,286,45,317,0.160101010101,1.84914057127,14.0888888889,10.5666666667,10.2258064516,7.62419063431,0.541149177514,0.287556957589,7.85075432263,1.1144603928,0.5825446898,8.30923789185,1.17954481115,0.603855590606,0.665156137797,0.35971096418,2.5,1.84914057127,0.665156137797,2.5,0.296598779422,0.263843648208,459,0.0323467230444,0.385590427152,45,45,45,1,0,0.333333333333,0.355555555556,0.311111111111,45,233,0.117676767677,1,10.3555555556,6.47222222222,6.85294117647,8.43196180008,0.814245238205,0.447973295184,5.89795376261,1.13908978248,0.569575584168,7.35554487472,1.42059879555,0.65808297568,0,0,0,NaN,NaN,NaN,0.510827909606,0.418744625967,487,0.0343199436223,0.300933289883,45,41,0,0.911111111111,3,0.111111111111,0.644444444444,0.155555555556,-84,-0.0424242424242,-0.849140571273,-3.73333333333,-4.09444444444,-3.37286527514,0.807771165769,0.273096060691,0.160416337595,-1.95280056003,0.0246293896751,-0.0129691056324,-0.953693017133,0.2410539844,0.0542273850732,-0.665156137797,-0.35971096418,-2.5,NaN,NaN,NaN,0.214229130184,0.154900977759,28,0.00197322057787,-0.0846571372695,-0.222222222222,0.288888888889,-0.155555555556,178,55,139,1608,0.561514195584,0.966927239928,0.0330727600722,0.438485804416,0.763948497854,0.561514195584,0.647272727273,0.601378927701,0.528441435511,0.478494623656,202,286,0,0,0,0
28,WLNM_dir_neg,0.820908112866,0.618923405182,00:00:11,10,10,28,1313943703,fixed,0.5,0.739583333333,0.496503496503,0.594142259414,142,50,144,522,0.496503496503,0.912587412587,0.0874125874126,0.503496503497,0.739583333333,0.496503496503,0.594142259414,0.773892773893,0.592074592075,0.445714285714,0.462714522929,0.409090909091,317,31,286,0,317,0,31,0,286,45,317,0.160101010101,1.84914057127,14.0888888889,10.5666666667,10.2258064516,7.62419063431,0.541149177514,0.287556957589,7.85075432263,1.1144603928,0.5825446898,8.30923789185,1.17954481115,0.603855590606,0.665156137797,0.35971096418,2.5,1.84914057127,0.665156137797,2.5,0.296598779422,0.263843648208,459,0.0323467230444,0.385590427152,45,45,45,1,0,0.333333333333,0.355555555556,0.311111111111,45,223,0.112626262626,6.01574574027,9.91111111111,6.55882352941,5.86842105263,8.39053097849,0.84657823774,0.452316890882,7.1825405595,1.44939159272,0.655306427504,6.18633227936,1.24836301602,0.594120577977,3.34889251829,0.556687842685,10,6.37401329315,3.17228668586,10,0.547581873131,0.426035502959,480,0.0338266384778,0.256303866731,45,42,42,0.933333333333,0,0.177777777778,0.666666666667,0.0888888888889,-94,-0.0474747474747,4.166605169,-4.17777777778,-4.00784313725,-4.35738539898,0.766340344182,0.305429060226,0.164759933293,-0.668213763131,0.334931199922,0.0727617377035,-2.12290561249,0.0688182048687,-0.0097350126293,2.6837363805,0.196976878505,7.5,4.52487272187,2.50713054807,7.5,0.250983093709,0.16219185475,21,0.0014799154334,-0.129286560421,-0.155555555556,0.311111111111,-0.222222222222,173,50,144,1613,0.545741324921,0.96993385448,0.0300661455201,0.454258675079,0.775784753363,0.545741324921,0.640740740741,0.59815490968,0.515675179401,0.471389645777,192,286,0,0,0,0
29,WLNM_dir_neg,0.835438163235,0.579980381059,00:00:12,10,10,29,1313943704,fixed,0.5,0.826291079812,0.615384615385,0.705410821643,176,37,110,535,0.615384615385,0.935314685315,0.0646853146853,0.384615384615,0.826291079812,0.615384615385,0.705410821643,0.828671328671,0.583916083916,0.588235294118,0.600932782955,0.550699300699,317,31,286,0,317,0,31,0,286,45,317,0.160101010101,1.84914057127,14.0888888889,10.5666666667,10.2258064516,7.62419063431,0.541149177514,0.287556957589,7.85075432263,1.1144603928,0.5825446898,8.30923789185,1.17954481115,0.603855590606,0.665156137797,0.35971096418,2.5,1.84914057127,0.665156137797,2.5,0.296598779422,0.263843648208,459,0.0323467230444,0.385590427152,45,45,45,1,0,0.333333333333,0.355555555556,0.311111111111,45,244,0.123232323232,10.867453093,10.8444444444,7.39393939394,8.71428571429,8.0140659172,0.73900198007,0.415118397086,6.19563221841,1.14263708946,0.600182149362,7.19055216267,1.32612642344,0.666120218579,6.13232325031,0.564283388008,15.6546111964,12.3855227996,5.07978558047,15.6546111964,0.396166195493,0.344807965861,404,0.0284707540521,0.251480803313,45,39,39,0.866666666667,0,0.133333333333,0.488888888889,0.244444444444,-73,-0.0368686868687,9.01831252169,-3.24444444444,-3.17272727273,-1.51152073733,0.389875282893,0.197852802556,0.127561439497,-1.65512210422,0.0281766966589,0.0176374595623,-1.11868572919,0.146581612296,0.0622646279729,5.46716711251,0.204572423828,13.1546111964,10.5363822283,4.41462944267,13.1546111964,0.0995674160713,0.0809643176521,-55,-0.00387596899225,-0.134109623839,-0.2,0.133333333333,-0.0666666666667,207,37,110,1626,0.652996845426,0.977751052315,0.0222489476849,0.347003154574,0.848360655738,0.652996845426,0.737967914439,0.703658266107,0.630747897741,0.584745762712,213,286,0,0,0,0
30,WLNM_dir_neg,0.791560712015,0.71438530159,00:00:11,10,10,30,1313943705,fixed,0.5,0.761658031088,0.513986013986,0.613778705637,147,46,139,526,0.513986013986,0.91958041958,0.0804195804196,0.486013986014,0.761658031088,0.513986013986,0.613778705637,0.784382284382,0.591686091686,0.471931493815,0.489493811837,0.433566433566,317,31,286,0,317,0,31,0,286,45,317,0.160101010101,1.84914057127,14.0888888889,10.5666666667,10.2258064516,7.62419063431,0.541149177514,0.287556957589,7.85075432263,1.1144603928,0.5825446898,8.30923789185,1.17954481115,0.603855590606,0.665156137797,0.35971096418,2.5,1.84914057127,0.665156137797,2.5,0.296598779422,0.263843648208,459,0.0323467230444,0.385590427152,45,45,45,1,0,0.333333333333,0.355555555556,0.311111111111,45,224,0.113131313131,3.31455555738,9.95555555556,5.46341463415,8.96,7.06771004304,0.709926232002,0.394642857143,4.52010100897,0.908056006267,0.489880952381,7.01779844036,1.40982557954,0.689880952381,1.14429239777,0.345232529056,4.37976306419,3.47988095434,0.992586634381,4.37976306419,0.437311480069,0.335436382755,319,0.022480620155,0.224060504192,45,42,42,0.933333333333,0,0.0222222222222,0.533333333333,0.377777777778,-93,-0.0469696969697,1.46541498611,-4.13333333333,-5.10325203252,-1.26580645161,-0.556480591266,0.168777054488,0.107085899554,-3.33065331366,-0.206404386536,-0.0926637374193,-1.2914394515,0.23028076839,0.0860253617746,0.479136259975,-0.0144784351237,1.87976306419,1.63074038306,0.327430496584,1.87976306419,0.140712700647,0.0715927345465,-140,-0.00986610288936,-0.16152992296,-0.311111111111,0.177777777778,0.0666666666667,178,46,139,1617,0.561514195584,0.972339146121,0.0276608538785,0.438485804416,0.794642857143,0.561514195584,0.658040665434,0.618032703133,0.533853341705,0.490358126722,193,286,0,0,0,0
31,WLNM_dir_neg,0.778736124016,0.561190704023,00:00:11,10,10,31,1313943706,fixed,0.5,0.677419354839,0.587412587413,0.629213483146,168,80,118,492,0.587412587413,0.86013986014,0.13986013986,0.412587412587,0.677419354839,0.587412587413,0.629213483146,0.769230769231,0.570318570319,0.462929475588,0.465408391539,0.447552447552,317,31,286,0,317,0,31,0,286,45,317,0.160101010101,1.84914057127,14.0888888889,10.5666666667,10.2258064516,7.62419063431,0.541149177514,0.287556957589,7.85075432263,1.1144603928,0.5825446898,8.30923789185,1.17954481115,0.603855590606,0.665156137797,0.35971096418,2.5,1.84914057127,0.665156137797,2.5,0.296598779422,0.263843648208,459,0.0323467230444,0.385590427152,45,45,45,1,0,0.333333333333,0.355555555556,0.311111111111,45,279,0.140909090909,1,12.4,6.80487804878,9,9.89122659918,0.79767956445,0.438391079251,4.91565218091,0.792847125952,0.427240143369,9.57173870403,1.54382882323,0.714456391876,0,0,0,NaN,NaN,NaN,0.614968615568,0.499479058137,799,0.0563072586328,0.32279761328,45,43,0,0.955555555556,3,0.0444444444444,0.644444444444,0.266666666667,-38,-0.0191919191919,-0.849140571273,-1.68888888889,-3.76178861789,-1.22580645161,2.26703596487,0.256530386936,0.150834121663,-2.93510214173,-0.32161326685,-0.155304546431,1.26250081217,0.364284012084,0.110600801269,-0.665156137797,-0.35971096418,-2.5,NaN,NaN,NaN,0.318369836146,0.235635409929,340,0.0239605355884,-0.0627928138722,-0.288888888889,0.288888888889,-0.0444444444444,199,80,118,1583,0.627760252366,0.951894167168,0.0481058328322,0.372239747634,0.713261648746,0.627760252366,0.667785234899,0.610928870194,0.579654419534,0.501259445844,248,286,0,0,0,0
32,WLNM_dir_neg,0.811149078195,0.468363751986,00:00:11,10,10,32,1313943707,fixed,0.5,0.713080168776,0.590909090909,0.646271510516,169,68,117,504,0.590909090909,0.881118881119,0.118881118881,0.409090909091,0.713080168776,0.590909090909,0.646271510516,0.784382284382,0.574592074592,0.493150684932,0.497655482876,0.472027972028,317,31,286,0,317,0,31,0,286,45,317,0.160101010101,1.84914057127,14.0888888889,10.5666666667,10.2258064516,7.62419063431,0.541149177514,0.287556957589,7.85075432263,1.1144603928,0.5825446898,8.30923789185,1.17954481115,0.603855590606,0.665156137797,0.35971096418,2.5,1.84914057127,0.665156137797,2.5,0.296598779422,0.263843648208,459,0.0323467230444,0.385590427152,45,45,45,1,0,0.333333333333,0.355555555556,0.311111111111,45,268,0.135353535354,1,11.9111111111,7.88235294118,8.64516129032,9.03232131198,0.758310557909,0.423880597015,6.17898033496,1.03751535475,0.554228855721,7.91418621428,1.32887455091,0.653233830846,0,0,0,NaN,NaN,NaN,0.581198233861,0.479854368932,659,0.0464411557435,0.312827216649,45,39,0,0.866666666667,3,0.111111111111,0.577777777778,0.177777777778,-49,-0.0247474747475,-0.849140571273,-2.17777777778,-2.68431372549,-1.58064516129,1.40813067767,0.217161380395,0.136323639426,-1.67177398768,-0.0769450380524,-0.0283158340788,-0.395051677572,0.149329739759,0.0493782402394,-0.665156137797,-0.35971096418,-2.5,NaN,NaN,NaN,0.284599454439,0.216010720724,200,0.0140944326991,-0.072763210503,-0.222222222222,0.222222222222,-0.133333333333,200,68,117,1595,0.630914826498,0.959110042093,0.0408899579074,0.369085173502,0.746268656716,0.630914826498,0.683760683761,0.632450871517,0.590024868591,0.519480519481,237,286,0,0,0,0
33,WLNM_dir_neg,0.720441708641,0.600367679403,00:00:11,10,10,33,1313943708,fixed,0.5,0.711009174312,0.541958041958,0.615079365079,155,63,131,509,0.541958041958,0.88986013986,0.11013986014,0.458041958042,0.711009174312,0.541958041958,0.615079365079,0.773892773893,0.581973581974,0.459107806691,0.467588392517,0.431818181818,317,31,286,0,317,0,31,0,286,45,317,0.160101010101,1.84914057127,14.0888888889,10.5666666667,10.2258064516,7.62419063431,0.541149177514,0.287556957589,7.85075432263,1.1144603928,0.5825446898,8.30923789185,1.17954481115,0.603855590606,0.665156137797,0.35971096418,2.5,1.84914057127,0.665156137797,2.5,0.296598779422,0.263843648208,459,0.0323467230444,0.385590427152,45,45,45,1,0,0.333333333333,0.355555555556,0.311111111111,45,249,0.125757575758,1,11.0666666667,5.92857142857,6.38461538462,8.66917213202,0.783358927592,0.419098616689,6.40880076713,1.15821700611,0.523694779116,7.79743547585,1.409175086,0.647389558233,0,0,0,NaN,NaN,NaN,0.530388175818,0.388022143936,514,0.0362226920366,0.261814651693,45,45,0,1,2,0.0666666666667,0.8,0.133333333333,-68,-0.0343434343434,-0.849140571273,-3.02222222222,-4.6380952381,-3.841191067,1.04498149771,0.242209750078,0.1315416591,-1.44195355551,0.0437566133045,-0.0588499106837,-0.511802416008,0.22963027485,0.0435339676266,-0.665156137797,-0.35971096418,-2.5,NaN,NaN,NaN,0.233789396397,0.124178495727,55,0.00387596899225,-0.123775775459,-0.266666666667,0.444444444444,-0.177777777778,186,63,131,1600,0.586750788644,0.962116656645,0.0378833433554,0.413249211356,0.746987951807,0.586750788644,0.657243816254,0.607008846755,0.548867445288,0.489473684211,218,286,0,0,0,0
34,WLNM_dir_neg,0.790206733826,0.504515320317,00:00:11,10,10,34,1313943709,fixed,0.5,0.638036809816,0.727272727273,0.679738562092,208,118,78,454,0.727272727273,0.793706293706,0.206293706294,0.272727272727,0.638036809816,0.727272727273,0.679738562092,0.771561771562,0.540015540016,0.503378378378,0.505983843964,0.520979020979,317,31,286,0,317,0,31,0,286,45,317,0.160101010101,1.84914057127,14.0888888889,10.5666666667,10.2258064516,7.62419063431,0.541149177514,0.287556957589,7.85075432263,1.1144603928,0.5825446898,8.30923789185,1.17954481115,0.603855590606,0.665156137797,0.35971096418,2.5,1.84914057127,0.665156137797,2.5,0.296598779422,0.263843648208,459,0.0323467230444,0.385590427152,45,45,45,1,0,0.333333333333,0.355555555556,0.311111111111,45,357,0.180303030303,7.85768949145,15.8666666667,8.3023255814,9.91666666667,9.98999499499,0.629621533298,0.356738250856,6.42226241643,0.80952887602,0.436974789916,9.27949841905,1.16968467467,0.602427637722,2.03696889245,0.259232551078,8.82608380471,8.0135460708,1.76839132416,8.82608380471,0.546949664898,0.503064592174,1067,0.0751937984496,0.276331206234,45,44,44,0.977777777778,0,0.0222222222222,0.777777777778,0.177777777778,40,0.020202020202,6.00854892018,1.77777777778,-2.26434108527,-0.309139784946,2.36580436068,0.0884723557839,0.0691812932674,-1.42849190621,-0.304931516783,-0.145569899884,0.970260527192,-0.00986013647681,-0.00142795288462,1.37181275465,-0.100478413102,6.32608380471,6.16440549953,1.10323518636,6.32608380471,0.250350885476,0.239220943965,608,0.0428470754052,-0.109259220919,-0.311111111111,0.422222222222,-0.133333333333,239,118,78,1545,0.753943217666,0.929043896572,0.0709561034275,0.246056782334,0.669467787115,0.753943217666,0.709198813056,0.651470714626,0.682987114238,0.549425287356,326,286,0,0,0,0
35,WLNM_dir_neg,0.815871191745,0.560605591536,00:00:11,10,10,35,1313943710,fixed,0.5,0.666666666667,0.594405594406,0.628465804067,170,85,116,487,0.594405594406,0.851398601399,0.148601398601,0.405594405594,0.666666666667,0.594405594406,0.628465804067,0.765734265734,0.567599067599,0.458221024259,0.45982908354,0.445804195804,317,31,286,0,317,0,31,0,286,45,317,0.160101010101,1.84914057127,14.0888888889,10.5666666667,10.2258064516,7.62419063431,0.541149177514,0.287556957589,7.85075432263,1.1144603928,0.5825446898,8.30923789185,1.17954481115,0.603855590606,0.665156137797,0.35971096418,2.5,1.84914057127,0.665156137797,2.5,0.296598779422,0.263843648208,459,0.0323467230444,0.385590427152,45,45,45,1,0,0.333333333333,0.355555555556,0.311111111111,45,286,0.144444444444,1,12.7111111111,6.6511627907,8.17142857143,8.88978530833,0.69937122181,0.39595959596,6.37522033685,1.00309410895,0.505827505828,7.79322420018,1.22620660492,0.613053613054,0,0,0,NaN,NaN,NaN,0.452356630283,0.429220779221,661,0.0465821000705,0.263065099477,45,43,0,0.955555555556,2,0,0.777777777778,0.177777777778,-31,-0.0156565656566,-0.849140571273,-1.37777777778,-3.91550387597,-2.05437788018,1.26559467403,0.158222044296,0.108402638371,-1.47553398578,-0.111366283857,-0.0767171839727,-0.51601369167,0.0466617937776,0.00919802244723,-0.665156137797,-0.35971096418,-2.5,NaN,NaN,NaN,0.155757850861,0.165377131012,202,0.0142353770261,-0.122525327676,-0.333333333333,0.422222222222,-0.133333333333,201,85,116,1578,0.634069400631,0.948887552616,0.0511124473842,0.365930599369,0.702797202797,0.634069400631,0.666666666667,0.60809652678,0.582956953247,0.5,255,286,0,0,0,0
36,WLNM_dir_neg,0.807527262947,0.698324743181,00:00:11,10,10,36,1313943711,fixed,0.5,0.765027322404,0.48951048951,0.597014925373,140,43,146,529,0.48951048951,0.924825174825,0.0751748251748,0.51048951049,0.765027322404,0.48951048951,0.597014925373,0.77972027972,0.595571095571,0.455331412104,0.476821595824,0.414335664336,317,31,286,0,317,0,31,0,286,45,317,0.160101010101,1.84914057127,14.0888888889,10.5666666667,10.2258064516,7.62419063431,0.541149177514,0.287556957589,7.85075432263,1.1144603928,0.5825446898,8.30923789185,1.17954481115,0.603855590606,0.665156137797,0.35971096418,2.5,1.84914057127,0.665156137797,2.5,0.296598779422,0.263843648208,459,0.0323467230444,0.385590427152,45,45,45,1,0,0.333333333333,0.355555555556,0.311111111111,45,214,0.108080808081,2.52230658609,9.51111111111,5.63157894737,7.13333333333,7.74485818352,0.814295837052,0.447871235722,5.30075275767,1.11464427147,0.561578400831,7.20844061928,1.51579358817,0.694288681205,0.804882291264,0.319105653413,2.50122272507,2.63104277081,0.716630337509,2.50122272507,0.538708560918,0.38127090301,380,0.0267794221283,0.286508184112,45,42,42,0.933333333333,0,0.0888888888889,0.577777777778,0.266666666667,-103,-0.0520202020202,0.673166014819,-4.57777777778,-4.9350877193,-3.09247311828,0.120667549211,0.273146659538,0.160314278133,-2.55000156496,0.000183878670516,-0.0209662889695,-1.10079727258,0.336248777019,0.0904330905982,0.139726153467,-0.0406053107665,0.00122272506732,0.78190219954,0.051474199712,0.00122272506732,0.242109781497,0.117427254802,-79,-0.00556730091614,-0.0990822430404,-0.244444444444,0.222222222222,-0.0444444444444,171,43,146,1620,0.539432176656,0.974143114853,0.0258568851473,0.460567823344,0.799065420561,0.539432176656,0.64406779661,0.606565410212,0.513575291509,0.475,183,286,0,0,0,0
37,WLNM_dir_neg,0.822531052863,0.762107230443,00:00:11,10,10,37,1313943712,fixed,0.5,0.874285714286,0.534965034965,0.663774403471,153,22,133,550,0.534965034965,0.961538461538,0.0384615384615,0.465034965035,0.874285714286,0.534965034965,0.663774403471,0.819347319347,0.598679098679,0.549854791868,0.580863337722,0.496503496503,317,31,286,0,317,0,31,0,286,45,317,0.160101010101,1.84914057127,14.0888888889,10.5666666667,10.2258064516,7.62419063431,0.541149177514,0.287556957589,7.85075432263,1.1144603928,0.5825446898,8.30923789185,1.17954481115,0.603855590606,0.665156137797,0.35971096418,2.5,1.84914057127,0.665156137797,2.5,0.296598779422,0.263843648208,459,0.0323467230444,0.385590427152,45,45,45,1,0,0.333333333333,0.355555555556,0.311111111111,45,206,0.10404040404,3.59990159456,9.15555555556,6.4375,10.3,7.69579447005,0.840560075612,0.457713052859,5.25914307265,1.14884193335,0.596116504854,7.55431510911,1.65021446558,0.748435814455,1.90815215228,0.530056753542,6,4.4410462281,1.36842938798,6,0.302189596895,0.320517182715,314,0.0221282593376,0.350368661357,45,34,34,0.755555555556,0,0.0444444444444,0.4,0.311111111111,-111,-0.0560606060606,1.75076102329,-4.93333333333,-4.12916666667,0.0741935483871,0.0716038357412,0.299410898098,0.17015609527,-2.59161124998,0.0343815405427,0.0135718150542,-0.754922782748,0.470669654435,0.144580223849,1.24299601449,0.170345789362,3.5,2.59190565683,0.703273250183,3.5,0.0055908174737,0.0566735345067,-145,-0.0102184637068,-0.0352217657957,-0.288888888889,0.0444444444444,0,184,22,133,1641,0.580441640379,0.986770895971,0.0132291040289,0.419558359621,0.893203883495,0.580441640379,0.703632887189,0.681257283875,0.56721253635,0.542772861357,175,286,0,0,0,0
38,WLNM_dir_neg,0.83544121962,0.767648918073,00:00:11,10,10,38,1313943713,fixed,0.5,0.745833333333,0.625874125874,0.680608365019,179,61,107,511,0.625874125874,0.893356643357,0.106643356643,0.374125874126,0.745833333333,0.625874125874,0.680608365019,0.804195804196,0.573426573427,0.540983606557,0.545307653434,0.519230769231,317,31,286,0,317,0,31,0,286,45,317,0.160101010101,1.84914057127,14.0888888889,10.5666666667,10.2258064516,7.62419063431,0.541149177514,0.287556957589,7.85075432263,1.1144603928,0.5825446898,8.30923789185,1.17954481115,0.603855590606,0.665156137797,0.35971096418,2.5,1.84914057127,0.665156137797,2.5,0.296598779422,0.263843648208,459,0.0323467230444,0.385590427152,45,45,45,1,0,0.333333333333,0.355555555556,0.311111111111,45,271,0.136868686869,1,12.0444444444,7.97058823529,8.21212121212,9.07032011953,0.753070858632,0.425010250103,6.1477597135,1.02084570888,0.543829438294,8.18948574501,1.35987770674,0.663058630586,0,0,0,NaN,NaN,NaN,0.512549297177,0.454755843555,655,0.0461592670895,0.313773616007,45,40,0,0.888888888889,2,0.133333333333,0.6,0.155555555556,-46,-0.0232323232323,-0.849140571273,-2.04444444444,-2.59607843137,-2.01368523949,1.44612948522,0.211921681118,0.137453292514,-1.70299460913,-0.0936146839188,-0.0387152515058,-0.119752146847,0.180332895589,0.0592030399799,-0.665156137797,-0.35971096418,-2.5,NaN,NaN,NaN,0.215950517756,0.190912195346,196,0.0138125440451,-0.0718168111457,-0.2,0.244444444444,-0.155555555556,210,61,107,1602,0.662460567823,0.963319302465,0.0366806975346,0.337539432177,0.774907749077,0.662460567823,0.714285714286,0.667638953662,0.625779870289,0.555555555556,240,286,0,0,0,0
39,WLNM_dir_neg,0.780673871583,0.563082043392,00:00:11,10,10,39,1313943714,fixed,0.5,0.672535211268,0.667832167832,0.670175438596,191,93,95,479,0.667832167832,0.837412587413,0.162587412587,0.332167832168,0.672535211268,0.667832167832,0.670175438596,0.780885780886,0.556332556333,0.506129597198,0.506136582915,0.505244755245,317,31,286,0,317,0,31,0,286,45,317,0.160101010101,1.84914057127,14.0888888889,10.5666666667,10.2258064516,7.62419063431,0.541149177514,0.287556957589,7.85075432263,1.1144603928,0.5825446898,8.30923789185,1.17954481115,0.603855590606,0.665156137797,0.35971096418,2.5,1.84914057127,0.665156137797,2.5,0.296598779422,0.263843648208,459,0.0323467230444,0.385590427152,45,45,45,1,0,0.333333333333,0.355555555556,0.311111111111,45,315,0.159090909091,12.7482924978,14,7.875,9.84375,9.40019342161,0.671442387258,0.376790123457,6.13855179841,0.876935971202,0.46885361552,9.01513878278,1.28787696897,0.640282186949,6.00966643788,0.47140951927,16.9434936965,13.294724707,5.56396558325,16.9434936965,0.500081048883,0.461712561298,816,0.0575052854123,0.296690870074,45,43,43,0.955555555556,0,0.0666666666667,0.644444444444,0.244444444444,-2,-0.0010101010101,10.8991519265,-0.0888888888889,-2.69166666667,-0.382056451613,1.7760027873,0.130293209744,0.0892331658683,-1.71220252422,-0.237524421601,-0.11369107428,0.705900890922,0.108332157822,0.0364265963425,5.34451030008,0.11169855509,14.4434936965,11.4455841357,4.89880944545,14.4434936965,0.203482269462,0.197868913089,357,0.0251585623679,-0.0888995570784,-0.266666666667,0.288888888889,-0.0666666666667,222,93,95,1570,0.700315457413,0.944076969333,0.0559230306675,0.299684542587,0.704761904762,0.700315457413,0.70253164557,0.646046514291,0.644392426746,0.541463414634,284,286,0,0,0,0
40,WLNM_dir_neg,0.803416426231,0.483298672328,00:00:11,10,10,40,1313943715,fixed,0.5,0.609427609428,0.632867132867,0.620926243568,181,116,105,456,0.632867132867,0.797202797203,0.202797202797,0.367132867133,0.609427609428,0.632867132867,0.620926243568,0.742424242424,0.551282051282,0.425974025974,0.426147999445,0.43006993007,317,31,286,0,317,0,31,0,286,45,317,0.160101010101,1.84914057127,14.0888888889,10.5666666667,10.2258064516,7.62419063431,0.541149177514,0.287556957589,7.85075432263,1.1144603928,0.5825446898,8.30923789185,1.17954481115,0.603855590606,0.665156137797,0.35971096418,2.5,1.84914057127,0.665156137797,2.5,0.296598779422,0.263843648208,459,0.0323467230444,0.385590427152,45,45,45,1,0,0.333333333333,0.355555555556,0.311111111111,45,328,0.165656565657,11.4165082355,14.5777777778,9.11111111111,8.41025641026,9.47362100516,0.649867294562,0.364430894309,7.66818166849,1.05203711915,0.537398373984,7.80623941071,1.07097796793,0.5472899729,5.37318201907,0.470650211801,14.4938154646,11.9009969907,4.98384793629,14.4938154646,0.532567167776,0.457245080501,852,0.0600422832981,0.272484108233,45,43,43,0.955555555556,0,0.155555555556,0.711111111111,0.0888888888889,11,0.00555555555556,9.56736766424,0.488888888889,-1.45555555556,-1.81555004136,1.84943037086,0.108718117048,0.0768739367204,-0.18257265414,-0.0624232736498,-0.0451463158165,-0.502998481141,-0.108566843213,-0.0565656177067,4.70802588127,0.110939247621,11.9938154646,10.0518564194,4.31869179849,11.9938154646,0.235968388354,0.193401432292,393,0.0276955602537,-0.11310631892,-0.177777777778,0.355555555556,-0.222222222222,212,116,105,1547,0.668769716088,0.930246542393,0.0697534576067,0.331230283912,0.646341463415,0.668769716088,0.657364341085,0.590843446134,0.599016258482,0.4896073903,297,286,0,0,0,0
41,WLNM_dir_neg,0.832721037704,0.71256806324,00:00:11,10,10,41,1313943716,fixed,0.5,0.825,0.576923076923,0.679012345679,165,35,121,537,0.576923076923,0.938811188811,0.0611888111888,0.423076923077,0.825,0.576923076923,0.679012345679,0.818181818182,0.588966588967,0.557655954631,0.575014866994,0.515734265734,317,31,286,0,317,0,31,0,286,45,317,0.160101010101,1.84914057127,14.0888888889,10.5666666667,10.2258064516,7.62419063431,0.541149177514,0.287556957589,7.85075432263,1.1144603928,0.5825446898,8.30923789185,1.17954481115,0.603855590606,0.665156137797,0.35971096418,2.5,1.84914057127,0.665156137797,2.5,0.296598779422,0.263843648208,459,0.0323467230444,0.385590427152,45,45,45,1,0,0.333333333333,0.355555555556,0.311111111111,45,231,0.116666666667,7.96914565281,10.2666666667,7.21875,7.96551724138,8.40562582171,0.818729787829,0.453583453583,5.97190391447,1.16335790542,0.597402597403,7.84972495175,1.52916719839,0.708225108225,4.55548520344,0.571640349155,11,9.04132190709,3.89622198125,11,0.494954055321,0.393057110862,468,0.0329809725159,0.327170645873,45,39,39,0.866666666667,0,0.155555555556,0.488888888889,0.222222222222,-86,-0.0434343434343,6.12000508154,-3.82222222222,-3.34791666667,-2.26028921023,0.781435187398,0.277580610315,0.166026495995,-1.87885040817,0.048897512613,0.0148579076024,-0.459512940101,0.349622387247,0.104369517619,3.89032906564,0.211929384975,8.5,7.19218133582,3.23106584346,8.5,0.198355275899,0.129213462654,9,0.000634249471459,-0.0584197812791,-0.177777777778,0.133333333333,-0.0888888888889,196,35,121,1628,0.618296529968,0.978953698136,0.0210463018641,0.381703470032,0.848484848485,0.618296529968,0.715328467153,0.682230585015,0.597250228104,0.556818181818,200,286,0,0,0,0
42,WLNM_dir_neg,0.720368355421,0.627122237895,00:00:11,10,10,42,1313943717,fixed,0.5,0.649572649573,0.531468531469,0.584615384615,152,82,134,490,0.531468531469,0.856643356643,0.143356643357,0.468531468531,0.649572649573,0.531468531469,0.584615384615,0.748251748252,0.575757575758,0.406593406593,0.410806922308,0.388111888112,317,31,286,0,317,0,31,0,286,45,317,0.160101010101,1.84914057127,14.0888888889,10.5666666667,10.2258064516,7.62419063431,0.541149177514,0.287556957589,7.85075432263,1.1144603928,0.5825446898,8.30923789185,1.17954481115,0.603855590606,0.665156137797,0.35971096418,2.5,1.84914057127,0.665156137797,2.5,0.296598779422,0.263843648208,459,0.0323467230444,0.385590427152,45,45,45,1,0,0.333333333333,0.355555555556,0.311111111111,45,265,0.133838383838,1,11.7777777778,7.36111111111,7.79411764706,8.22106188919,0.698014688705,0.388511530398,5.97427143608,1.01449892311,0.524612159329,7.22754271778,1.22731857472,0.603102725367,0,0,0,NaN,NaN,NaN,0.419773750316,0.41717325228,549,0.038689217759,0.265071231431,45,43,0,0.955555555556,3,0.155555555556,0.6,0.2,-52,-0.0262626262626,-0.849140571273,-2.31111111111,-3.20555555556,-2.43168880455,0.596871254879,0.156865511191,0.10095457281,-1.87648288656,-0.0999614696955,-0.0579325304711,-1.08169517407,0.0477737635712,-0.000752865239503,-0.665156137797,-0.35971096418,-2.5,NaN,NaN,NaN,0.123174970894,0.153329604071,90,0.00634249471459,-0.120519195721,-0.177777777778,0.244444444444,-0.111111111111,183,82,134,1581,0.577287066246,0.950691521347,0.049308478653,0.422712933754,0.690566037736,0.577287066246,0.628865979381,0.568639555243,0.527978587593,0.458646616541,234,286,0,0,0,0
43,WLNM_dir_neg,0.791441513032,0.650982135138,00:00:11,10,10,43,1313943718,fixed,0.5,0.698198198198,0.541958041958,0.610236220472,155,67,131,505,0.541958041958,0.882867132867,0.117132867133,0.458041958042,0.698198198198,0.541958041958,0.610236220472,0.769230769231,0.58041958042,0.45,0.457284236579,0.424825174825,317,31,286,0,317,0,31,0,286,45,317,0.160101010101,1.84914057127,14.0888888889,10.5666666667,10.2258064516,7.62419063431,0.541149177514,0.287556957589,7.85075432263,1.1144603928,0.5825446898,8.30923789185,1.17954481115,0.603855590606,0.665156137797,0.35971096418,2.5,1.84914057127,0.665156137797,2.5,0.296598779422,0.263843648208,459,0.0323467230444,0.385590427152,45,45,45,1,0,0.333333333333,0.355555555556,0.311111111111,45,253,0.127777777778,1,11.2444444444,7.02777777778,7.02777777778,8.30978491012,0.739012492007,0.411418533158,6.61708837676,1.17695247808,0.592534036012,6.80671088936,1.21067980246,0.588493631972,0,0,0,NaN,NaN,NaN,0.538816099176,0.398300584174,500,0.0352360817477,0.25116317078,45,42,0,0.933333333333,3,0.133333333333,0.666666666667,0.133333333333,-64,-0.0323232323232,-0.849140571273,-2.84444444444,-3.53888888889,-3.19802867384,0.685594275815,0.197863314493,0.123861575569,-1.23366594587,0.0624920852771,0.00998934621209,-1.5025270025,0.0311349913085,-0.0153619586345,-0.665156137797,-0.35971096418,-2.5,NaN,NaN,NaN,0.242217319754,0.134456935966,41,0.00288935870331,-0.134427256372,-0.2,0.311111111111,-0.177777777778,186,67,131,1596,0.586750788644,0.959711365003,0.040288634997,0.413249211356,0.735177865613,0.586750788644,0.652631578947,0.600246195008,0.546462153647,0.484375,222,286,0,0,0,0
44,WLNM_dir_neg,0.755391461685,0.534648839674,00:00:11,10,10,44,1313943719,fixed,0.5,0.765550239234,0.559440559441,0.646464646465,160,49,126,523,0.559440559441,0.914335664336,0.0856643356643,0.440559440559,0.765550239234,0.559440559441,0.646464646465,0.796037296037,0.58547008547,0.507966260544,0.520305961086,0.473776223776,317,31,286,0,317,0,31,0,286,45,317,0.160101010101,1.84914057127,14.0888888889,10.5666666667,10.2258064516,7.62419063431,0.541149177514,0.287556957589,7.85075432263,1.1144603928,0.5825446898,8.30923789185,1.17954481115,0.603855590606,0.665156137797,0.35971096418,2.5,1.84914057127,0.665156137797,2.5,0.296598779422,0.263843648208,459,0.0323467230444,0.385590427152,45,45,45,1,0,0.333333333333,0.355555555556,0.311111111111,45,240,0.121212121212,1,10.6666666667,6.85714285714,6.66666666667,9.14032026493,0.856905024837,0.469444444444,5.90454370495,1.10710194468,0.535925925926,8.43962515324,1.58242971623,0.698703703704,0,0,0,NaN,NaN,NaN,0.582900364725,0.42934085663,558,0.0393234672304,0.356178911713,45,41,0,0.911111111111,2,0.133333333333,0.666666666667,0.111111111111,-77,-0.0388888888889,-0.849140571273,-3.42222222222,-3.70952380952,-3.55913978495,1.51612963062,0.315755847323,0.181887486856,-1.94621061769,-0.00735844812514,-0.0466187638743,0.13038726139,0.402884905087,0.0948481130973,-0.665156137797,-0.35971096418,-2.5,NaN,NaN,NaN,0.286301585304,0.165497208421,99,0.00697674418605,-0.0294115154395,-0.2,0.311111111111,-0.2,191,49,126,1614,0.602523659306,0.97053517739,0.0294648226097,0.397476340694,0.795833333333,0.602523659306,0.685816876122,0.643864861728,0.573058836696,0.521857923497,209,286,0,0,0,0
45,WLNM_dir_neg,0.803819868942,0.758605392223,00:00:11,10,10,45,1313943720,fixed,0.5,0.769230769231,0.664335664336,0.712945590994,190,57,96,515,0.664335664336,0.90034965035,0.0996503496503,0.335664335664,0.769230769231,0.664335664336,0.712945590994,0.821678321678,0.570707070707,0.584615384615,0.587920282087,0.564685314685,317,31,286,0,317,0,31,0,286,45,317,0.160101010101,1.84914057127,14.0888888889,10.5666666667,10.2258064516,7.62419063431,0.541149177514,0.287556957589,7.85075432263,1.1144603928,0.5825446898,8.30923789185,1.17954481115,0.603855590606,0.665156137797,0.35971096418,2.5,1.84914057127,0.665156137797,2.5,0.296598779422,0.263843648208,459,0.0323467230444,0.385590427152,45,45,45,1,0,0.333333333333,0.355555555556,0.311111111111,45,278,0.140404040404,1,12.3555555556,8.17647058824,8.17647058824,9.62514593881,0.779013610156,0.434052757794,6.76316523829,1.09475696303,0.54756195044,8.59515954923,1.39130280473,0.671462829736,0,0,0,NaN,NaN,NaN,0.541696606941,0.443428328371,695,0.0489781536293,0.369074378897,45,41,0,0.911111111111,3,0.155555555556,0.6,0.155555555556,-39,-0.019696969697,-0.849140571273,-1.73333333333,-2.39019607843,-2.04933586338,2.0009553045,0.237864432642,0.146495800205,-1.08758908434,-0.0197034297704,-0.0349827393606,0.285921657378,0.211757993585,0.0676072391298,-0.665156137797,-0.35971096418,-2.5,NaN,NaN,NaN,0.245097827519,0.179584680162,236,0.0166314305849,-0.0165160482556,-0.177777777778,0.244444444444,-0.155555555556,221,57,96,1606,0.697160883281,0.965724594107,0.034275405893,0.302839116719,0.794964028777,0.697160883281,0.742857142857,0.699700339132,0.662885477388,0.590909090909,247,286,0,0,0,0
46,WLNM_dir_neg,0.670909946697,0.525629867042,00:00:11,10,10,46,1313943721,fixed,0.5,0.808823529412,0.384615384615,0.521327014218,110,26,176,546,0.384615384615,0.954545454545,0.0454545454545,0.615384615385,0.808823529412,0.384615384615,0.521327014218,0.764568764569,0.613830613831,0.390342052314,0.43777270418,0.339160839161,317,31,286,0,317,0,31,0,286,45,317,0.160101010101,1.84914057127,14.0888888889,10.5666666667,10.2258064516,7.62419063431,0.541149177514,0.287556957589,7.85075432263,1.1144603928,0.5825446898,8.30923789185,1.17954481115,0.603855590606,0.665156137797,0.35971096418,2.5,1.84914057127,0.665156137797,2.5,0.296598779422,0.263843648208,459,0.0323467230444,0.385590427152,45,45,45,1,0,0.333333333333,0.355555555556,0.311111111111,45,167,0.0843434343434,2.21522399614,7.42222222222,7.26086956522,5.56666666667,6.70308236048,0.903109898866,0.499933466401,5.50050502732,1.48217201335,0.706054557552,4.98918021241,1.3443898776,0.663473053892,1.2648142828,0.570964509683,3.25,2.51902999518,1.23953415408,3.25,0.394203824534,0.393617021277,259,0.0182522903453,0.243116911483,45,36,36,0.8,0,0.288888888889,0.377777777778,0.133333333333,-150,-0.0757575757576,0.366083424867,-6.66666666667,-3.30579710145,-4.65913978495,-0.921108273834,0.361960721352,0.212376508812,-2.35024929531,0.367711620546,0.123509867751,-3.32005767944,0.164845066449,0.0596174632858,0.599658144998,0.211253545503,0.75,0.669889423902,0.574378016281,0.75,0.0976050451126,0.129773373068,-200,-0.0140944326991,-0.142473515669,-0.0444444444444,0.0222222222222,-0.177777777778,141,26,176,1637,0.444794952681,0.98436560433,0.0156343956705,0.555205047319,0.844311377246,0.444794952681,0.582644628099,0.566289381695,0.429160557011,0.411078717201,136,286,0,0,0,0
47,WLNM_dir_neg,0.846731502763,0.751539905691,00:00:11,10,10,47,1313943722,fixed,0.5,0.747933884298,0.632867132867,0.685606060606,181,61,105,511,0.632867132867,0.893356643357,0.106643356643,0.367132867133,0.747933884298,0.632867132867,0.685606060606,0.806526806527,0.57264957265,0.547272727273,0.551256164026,0.526223776224,317,31,286,0,317,0,31,0,286,45,317,0.160101010101,1.84914057127,14.0888888889,10.5666666667,10.2258064516,7.62419063431,0.541149177514,0.287556957589,7.85075432263,1.1144603928,0.5825446898,8.30923789185,1.17954481115,0.603855590606,0.665156137797,0.35971096418,2.5,1.84914057127,0.665156137797,2.5,0.296598779422,0.263843648208,459,0.0323467230444,0.385590427152,45,45,45,1,0,0.333333333333,0.355555555556,0.311111111111,45,273,0.137878787879,1,12.1333333333,7.8,8.02941176471,7.91316509484,0.652183936388,0.365730565731,6.27187082427,1.03382486114,0.547985347985,8.13354445826,1.34069414147,0.646153846154,0,0,0,NaN,NaN,NaN,0.414558705344,0.353351955307,506,0.0356589147287,0.323810932933,45,42,0,0.933333333333,2,0.155555555556,0.6,0.177777777778,-44,-0.0222222222222,-0.849140571273,-1.95555555556,-2.76666666667,-2.19639468691,0.28897446053,0.111034758874,0.0781736081421,-1.57888349836,-0.080635531659,-0.0345593418149,-0.175693433591,0.161149330325,0.0422982555475,-0.665156137797,-0.35971096418,-2.5,NaN,NaN,NaN,0.117959925922,0.0895083070988,47,0.00331219168428,-0.0617794942195,-0.177777777778,0.244444444444,-0.133333333333,212,61,105,1602,0.668769716088,0.963319302465,0.0366806975346,0.331230283912,0.776556776557,0.668769716088,0.718644067797,0.672288863067,0.632089018554,0.560846560847,242,286,0,0,0,0
48,WLNM_dir_neg,0.817949532984,0.74002159139,00:00:11,10,10,48,1313943723,fixed,0.5,0.810810810811,0.524475524476,0.636942675159,150,35,136,537,0.524475524476,0.938811188811,0.0611888111888,0.475524475524,0.810810810811,0.524475524476,0.636942675159,0.800699300699,0.594794094794,0.508149568552,0.531052527039,0.463286713287,317,31,286,0,317,0,31,0,286,45,317,0.160101010101,1.84914057127,14.0888888889,10.5666666667,10.2258064516,7.62419063431,0.541149177514,0.287556957589,7.85075432263,1.1144603928,0.5825446898,8.30923789185,1.17954481115,0.603855590606,0.665156137797,0.35971096418,2.5,1.84914057127,0.665156137797,2.5,0.296598779422,0.263843648208,459,0.0323467230444,0.385590427152,45,45,45,1,0,0.333333333333,0.355555555556,0.311111111111,45,216,0.109090909091,1,9.6,7.44827586207,6.75,7.75593614302,0.807910014898,0.44341563786,6.09619851741,1.27004135779,0.632304526749,6.21800903535,1.29541854903,0.640329218107,0,0,0,NaN,NaN,NaN,0.495195550775,0.393075356415,386,0.0272022551092,0.246651447139,45,41,0,0.911111111111,2,0.266666666667,0.444444444444,0.2,-101,-0.0510101010101,-0.849140571273,-4.48888888889,-3.1183908046,-3.47580645161,0.131745508707,0.266760837383,0.155858680272,-1.75455580523,0.15558096499,0.0497598369488,-2.09122885651,0.115873737884,0.0364736275006,-0.665156137797,-0.35971096418,-2.5,NaN,NaN,NaN,0.198596771353,0.129231708207,-73,-0.00514446793517,-0.138938980013,-0.0666666666667,0.0888888888889,-0.111111111111,181,35,136,1628,0.570977917981,0.978953698136,0.0210463018641,0.429022082019,0.837962962963,0.570977917981,0.679174484053,0.646856993915,0.549931616117,0.514204545455,185,286,0,0,0,0
49,WLNM_dir_neg,0.78685693677,0.544231178915,00:00:12,10,10,49,1313943724,fixed,0.5,0.777202072539,0.524475524476,0.62630480167,150,43,136,529,0.524475524476,0.924825174825,0.0751748251748,0.475524475524,0.777202072539,0.524475524476,0.62630480167,0.791375291375,0.591686091686,0.489058039962,0.50725770017,0.449300699301,317,31,286,0,317,0,31,0,286,45,317,0.160101010101,1.84914057127,14.0888888889,10.5666666667,10.2258064516,7.62419063431,0.541149177514,0.287556957589,7.85075432263,1.1144603928,0.5825446898,8.30923789185,1.17954481115,0.603855590606,0.665156137797,0.35971096418,2.5,1.84914057127,0.665156137797,2.5,0.296598779422,0.263843648208,459,0.0323467230444,0.385590427152,45,45,45,1,0,0.333333333333,0.355555555556,0.311111111111,45,224,0.113131313131,6.57369098241,9.95555555556,6.05405405405,11.2,7.82465670335,0.785958820649,0.43125,4.91051232695,0.986486851396,0.518253968254,7.77960296045,1.56286666616,0.728174603175,3.01887657893,0.459236156219,9.56097560976,7.43118190278,2.21196847128,9.56097560976,0.383127335904,0.319047619048,335,0.023608174771,0.291625675082,45,39,39,0.866666666667,0,0.0444444444444,0.4,0.422222222222,-93,-0.0469696969697,4.72455041113,-4.13333333333,-4.51261261261,0.974193548387,0.200466069039,0.244809643135,0.143693042411,-2.94024199568,-0.127973541407,-0.0642907215462,-0.529634931406,0.383321855015,0.124319012568,2.35372044113,0.0995251920388,7.06097560976,5.5820413315,1.54681233348,7.06097560976,0.0865285564821,0.0552039708391,-124,-0.00873854827343,-0.0939647520707,-0.288888888889,0.0444444444444,0.111111111111,181,43,136,1620,0.570977917981,0.974143114853,0.0258568851473,0.429022082019,0.808035714286,0.570977917981,0.669131238447,0.63107711264,0.545121032834,0.502777777778,193,286,0,0,0,0
50,WLNM_dir_neg,0.810980977065,0.625561584456,00:00:11,10,10,50,1313943725,fixed,0.5,0.656370656371,0.594405594406,0.623853211009,170,89,116,483,0.594405594406,0.844405594406,0.155594405594,0.405594405594,0.656370656371,0.594405594406,0.623853211009,0.761072261072,0.566045066045,0.449418084154,0.450604402351,0.438811188811,317,31,286,0,317,0,31,0,286,45,317,0.160101010101,1.84914057127,14.0888888889,10.5666666667,10.2258064516,7.62419063431,0.541149177514,0.287556957589,7.85075432263,1.1144603928,0.5825446898,8.30923789185,1.17954481115,0.603855590606,0.665156137797,0.35971096418,2.5,1.84914057127,0.665156137797,2.5,0.296598779422,0.263843648208,459,0.0323467230444,0.385590427152,45,45,45,1,0,0.333333333333,0.355555555556,0.311111111111,45,290,0.146464646465,1,12.8888888889,8.05555555556,7.83783783784,9.23487023638,0.716498552823,0.402528735632,6.86412132878,1.06512227515,0.534252873563,7.62935585139,1.18386556315,0.5969348659,0,0,0,NaN,NaN,NaN,0.594626784799,0.43915461624,658,0.04637068358,0.269624480821,45,44,0,0.977777777778,3,0.177777777778,0.644444444444,0.155555555556,-27,-0.0136363636364,-0.849140571273,-1.2,-2.51111111111,-2.38796861378,1.61067960207,0.175349375309,0.114971778044,-0.986632993857,-0.0493381176479,-0.048291816237,-0.679882040469,0.00432075199946,-0.006920724706,-0.665156137797,-0.35971096418,-2.5,NaN,NaN,NaN,0.298028005377,0.175310968032,199,0.0140239605356,-0.115965946331,-0.155555555556,0.288888888889,-0.155555555556,201,89,116,1574,0.634069400631,0.946482260974,0.0535177390259,0.365930599369,0.693103448276,0.634069400631,0.662273476112,0.602107832654,0.580551661605,0.495073891626,259,286,0,0,0,0
51,WLNM_dir_neg,0.890089280179,0.470141767336,00:00:04,10,20,1,1314860976,fixed,0.5,0.778195488722,0.814960629921,0.796153846154,207,59,47,449,0.814960629921,0.883858267717,0.116141732283,0.185039370079,0.778195488722,0.814960629921,0.796153846154,0.860892388451,0.550306211724,0.690661478599,0.691085369103,0.698818897638,317,63,254,0,317,0,63,0,254,45,317,0.160101010101,1.84914057127,14.0888888889,10.5666666667,10.2258064516,7.62419063431,0.541149177514,0.287556957589,7.85075432263,1.1144603928,0.5825446898,8.30923789185,1.17954481115,0.603855590606,0.665156137797,0.35971096418,2.5,1.84914057127,0.665156137797,2.5,0.296598779422,0.263843648208,459,0.0323467230444,0.385590427152,45,45,45,1,0,0.333333333333,0.355555555556,0.311111111111,45,329,0.166161616162,2.50977448255,14.6222222222,9.9696969697,8.0243902439,8.40532539224,0.574832283664,0.31367781155,8.71994115447,1.19269711839,0.609523809524,7.83007669248,1.07098313423,0.55116514691,1.02474347382,0.408301017059,2.875,2.55674073756,1.01852162437,2.875,0.345109130054,0.362158422691,698,0.0491895701198,0.266026705209,45,43,43,0.955555555556,0,0.266666666667,0.644444444444,0.0888888888889,12,0.00606060606061,0.66063391128,0.533333333333,-0.59696969697,-2.20141620771,0.781134757935,0.03368310615,0.0261208539616,0.869186831834,0.0782367255894,0.0269791197236,-0.479161199376,-0.108561676917,-0.0526904436966,0.359587336019,0.0485900528792,0.375,0.707600166283,0.35336548657,0.375,0.048510350632,0.0983147744826,239,0.0168428470754,-0.119563721944,-0.0666666666667,0.288888888889,-0.222222222222,270,59,47,1604,0.851735015773,0.964521948286,0.0354780517138,0.148264984227,0.820668693009,0.851735015773,0.835913312693,0.80413908179,0.816256964059,0.718085106383,266,254,0,0,0,0
52,WLNM_dir_neg,0.938569502139,0.460329799045,00:00:04,10,20,2,1314860977,fixed,0.5,0.930434782609,0.842519685039,0.884297520661,214,16,40,492,0.842519685039,0.968503937008,0.0314960629921,0.157480314961,0.930434782609,0.842519685039,0.884297520661,0.926509186352,0.56605424322,0.83064516129,0.83284174233,0.811023622047,317,63,254,0,317,0,63,0,254,45,317,0.160101010101,1.84914057127,14.0888888889,10.5666666667,10.2258064516,7.62419063431,0.541149177514,0.287556957589,7.85075432263,1.1144603928,0.5825446898,8.30923789185,1.17954481115,0.603855590606,0.665156137797,0.35971096418,2.5,1.84914057127,0.665156137797,2.5,0.296598779422,0.263843648208,459,0.0323467230444,0.385590427152,45,45,45,1,0,0.333333333333,0.355555555556,0.311111111111,45,293,0.14797979798,2.14362791153,13.0222222222,10.8518518519,11.72,8.1867100976,0.62867227712,0.335153583618,7.37200546978,1.1322192701,0.582631778536,8.52168949911,1.30879190259,0.652711414486,0.993677089441,0.463549240097,2.98481468225,2.44180731483,0.916224145755,2.98481468225,0.253587443982,0.261086820737,418,0.0294573643411,0.43283625591,45,35,35,0.777777777778,0,0.222222222222,0.333333333333,0.266666666667,-24,-0.0121212121212,0.294487340258,-1.06666666667,0.285185185185,1.49419354839,0.562519463296,0.0875230996058,0.0475966260292,-0.478748852853,0.0177588772999,8.70887360049e-05,0.212451607252,0.129247091447,0.0488558238798,0.328520951644,0.103838275917,0.484814682251,0.592666743553,0.251068007958,0.484814682251,-0.0430113354393,-0.00275682747143,-41,-0.00288935870331,0.0472458287576,-0.111111111111,-0.0222222222222,-0.0444444444444,277,16,40,1647,0.8738170347,0.990378833434,0.00962116656645,0.1261829653,0.945392491468,0.8738170347,0.908196721311,0.892476089746,0.864195868134,0.831831831832,230,254,0,0,0,0
53,WLNM_dir_neg,0.897304544609,0.666174526999,00:00:04,10,20,3,1314860978,fixed,0.5,0.908629441624,0.704724409449,0.793791574279,179,18,75,490,0.704724409449,0.964566929134,0.0354330708661,0.295275590551,0.908629441624,0.704724409449,0.793791574279,0.877952755906,0.580489938758,0.709071949948,0.720620449517,0.669291338583,317,63,254,0,317,0,63,0,254,45,317,0.160101010101,1.84914057127,14.0888888889,10.5666666667,10.2258064516,7.62419063431,0.541149177514,0.287556957589,7.85075432263,1.1144603928,0.5825446898,8.30923789185,1.17954481115,0.603855590606,0.665156137797,0.35971096418,2.5,1.84914057127,0.665156137797,2.5,0.296598779422,0.263843648208,459,0.0323467230444,0.385590427152,45,45,45,1,0,0.333333333333,0.355555555556,0.311111111111,45,260,0.131313131313,3.16992693815,11.5555555556,7.42857142857,9.62962962963,7.80604531337,0.675523152118,0.377863247863,6.82205277321,1.18073990305,0.60735042735,7.09317498114,1.22766490058,0.636239316239,1.29134496141,0.407373730249,3.98815716959,3.38162712723,1.14783853581,3.98815716959,0.288652364426,0.348673946958,447,0.0315010570825,0.203578263011,45,41,41,0.911111111111,0,0.133333333333,0.466666666667,0.311111111111,-57,-0.0287878787879,1.32078636687,-2.53333333333,-3.1380952381,-0.596176821983,0.181854679058,0.134373974604,0.0903062902747,-1.02870154943,0.066279510252,0.0248057375502,-1.21606291071,0.0481200894361,0.0323837256329,0.626188823614,0.0476627660695,1.48815716959,1.53248655596,0.482682398016,1.48815716959,-0.00794641499542,0.0848302987494,-12,-0.000845665961945,-0.182012164141,-0.2,0.111111111111,0,242,18,75,1645,0.763406940063,0.989176187613,0.0108238123873,0.236593059937,0.930769230769,0.763406940063,0.838821490468,0.81710776161,0.752583127676,0.722388059701,197,254,0,0,0,0
54,WLNM_dir_neg,0.955363785728,0.519401390792,00:00:04,10,20,4,1314860979,fixed,0.5,0.909090909091,0.866141732283,0.887096774194,220,22,34,486,0.866141732283,0.956692913386,0.0433070866142,0.133858267717,0.909090909091,0.866141732283,0.887096774194,0.926509186352,0.560804899388,0.832669322709,0.833205118342,0.822834645669,317,63,254,0,317,0,63,0,254,45,317,0.160101010101,1.84914057127,14.0888888889,10.5666666667,10.2258064516,7.62419063431,0.541149177514,0.287556957589,7.85075432263,1.1144603928,0.5825446898,8.30923789185,1.17954481115,0.603855590606,0.665156137797,0.35971096418,2.5,1.84914057127,0.665156137797,2.5,0.296598779422,0.263843648208,459,0.0323467230444,0.385590427152,45,45,45,1,0,0.333333333333,0.355555555556,0.311111111111,45,305,0.15404040404,2.06793113337,13.5555555556,10.5172413793,8.97058823529,8.26150865475,0.609455556498,0.330491803279,7.85056132587,1.15827953988,0.593224043716,8.16001584471,1.20393676397,0.615373406193,0.839763624231,0.406088776691,2.02423537194,2.17211953662,0.806566143922,2.02423537194,0.312574363044,0.279817424092,470,0.0331219168428,0.36166274694,45,41,41,0.911111111111,0,0.266666666667,0.488888888889,0.155555555556,-12,-0.00606060606061,0.218790562094,-0.533333333333,-0.0494252873563,-1.25521821632,0.637318020442,0.068306378984,0.0429348456902,-0.000192996758879,0.0438191470803,0.0106793539156,-0.149222047148,0.0243919528265,0.0115178155867,0.174607486434,0.0463778125115,-0.475764628059,0.322978965349,0.141410006125,-0.475764628059,0.015975583622,0.0159737758836,11,0.00077519379845,-0.0239276802125,-0.0666666666667,0.133333333333,-0.155555555556,283,22,34,1641,0.892744479495,0.986770895971,0.0132291040289,0.107255520505,0.927868852459,0.892744479495,0.909967845659,0.893432746625,0.879515375466,0.834808259587,242,254,0,0,0,0
55,WLNM_dir_neg,0.919903589807,0.68356635874,00:00:04,10,20,5,1314860980,fixed,0.5,0.926108374384,0.740157480315,0.822757111597,188,15,66,493,0.740157480315,0.970472440945,0.0295275590551,0.259842519685,0.926108374384,0.740157480315,0.822757111597,0.893700787402,0.577865266842,0.748186528497,0.757771524193,0.71062992126,317,63,254,0,317,0,63,0,254,45,317,0.160101010101,1.84914057127,14.0888888889,10.5666666667,10.2258064516,7.62419063431,0.541149177514,0.287556957589,7.85075432263,1.1144603928,0.5825446898,8.30923789185,1.17954481115,0.603855590606,0.665156137797,0.35971096418,2.5,1.84914057127,0.665156137797,2.5,0.296598779422,0.263843648208,459,0.0323467230444,0.385590427152,45,45,45,1,0,0.333333333333,0.355555555556,0.311111111111,45,266,0.134343434343,1,11.8222222222,9.85185185185,10.64,7.99229426865,0.67603992874,0.367585630744,7.04473440438,1.19177837668,0.616541353383,7.8068216738,1.32070291474,0.663993316625,0,0,0,NaN,NaN,NaN,0.302937745089,0.30756302521,427,0.0300916138125,0.38292679599,45,36,0,0.8,2,0.2,0.355555555556,0.244444444444,-51,-0.0257575757576,-0.849140571273,-2.26666666667,-0.714814814815,0.414193548387,0.368103634346,0.134890751226,0.080028673155,-0.806019918251,0.0773179838783,0.0339966635832,-0.502416218058,0.141158103594,0.0601377260185,-0.665156137797,-0.35971096418,-2.5,NaN,NaN,NaN,0.00633896566767,0.0437193770016,-32,-0.00225510923185,-0.00266363116253,-0.133333333333,0,-0.0666666666667,251,15,66,1648,0.791798107256,0.990980156344,0.00901984365604,0.208201892744,0.943609022556,0.791798107256,0.861063464837,0.841721239711,0.782778263599,0.756024096386,203,254,0,0,0,0
56,WLNM_dir_neg,0.92398009796,0.419248610251,00:00:02,10,20,6,1314860981,fixed,0.5,0.929577464789,0.779527559055,0.847965738758,198,15,56,493,0.779527559055,0.970472440945,0.0295275590551,0.220472440945,0.929577464789,0.779527559055,0.847965738758,0.906824146982,0.573490813648,0.781538461538,0.787832702007,0.75,317,63,254,0,317,0,63,0,254,45,317,0.160101010101,1.84914057127,14.0888888889,10.5666666667,10.2258064516,7.62419063431,0.541149177514,0.287556957589,7.85075432263,1.1144603928,0.5825446898,8.30923789185,1.17954481115,0.603855590606,0.665156137797,0.35971096418,2.5,1.84914057127,0.665156137797,2.5,0.296598779422,0.263843648208,459,0.0323467230444,0.385590427152,45,45,45,1,0,0.333333333333,0.355555555556,0.311111111111,45,276,0.139393939394,1.69477001825,12.2666666667,12,9.2,7.95270108488,0.648318023224,0.350966183575,7.61457931746,1.24150749741,0.632528180354,7.49727223122,1.22238134205,0.624798711755,0.715417349651,0.422132408497,2.38908222581,1.84499056273,0.703632922657,2.38908222581,0.319393910617,0.286432160804,418,0.0294573643411,0.449032261815,45,37,37,0.822222222222,0,0.311111111111,0.355555555556,0.155555555556,-41,-0.0207070707071,-0.154370553025,-1.82222222222,1.43333333333,-1.02580645161,0.328510450571,0.10716884571,0.0634092259864,-0.236175005178,0.127047104608,0.0499834905541,-0.81196566063,0.0428365309009,0.0209431211489,0.0502612118543,0.0624214443168,-0.110917774189,-0.00415000853869,0.03847678486,-0.110917774189,0.0227951311957,0.0225885125956,-41,-0.00288935870331,0.0634418346626,-0.0222222222222,0,-0.155555555556,261,15,56,1648,0.82334384858,0.990980156344,0.00901984365604,0.17665615142,0.945652173913,0.82334384858,0.880269814503,0.86215163618,0.814324004924,0.786144578313,213,254,0,0,0,0
57,WLNM_dir_neg,0.925084475169,0.596739653444,00:00:02,10,20,7,1314860982,fixed,0.5,0.917525773196,0.700787401575,0.794642857143,178,16,76,492,0.700787401575,0.968503937008,0.0314960629921,0.299212598425,0.917525773196,0.700787401575,0.794642857143,0.879265091864,0.581802274716,0.71129707113,0.724250637898,0.669291338583,317,63,254,0,317,0,63,0,254,45,317,0.160101010101,1.84914057127,14.0888888889,10.5666666667,10.2258064516,7.62419063431,0.541149177514,0.287556957589,7.85075432263,1.1144603928,0.5825446898,8.30923789185,1.17954481115,0.603855590606,0.665156137797,0.35971096418,2.5,1.84914057127,0.665156137797,2.5,0.296598779422,0.263843648208,459,0.0323467230444,0.385590427152,45,45,45,1,0,0.333333333333,0.355555555556,0.311111111111,45,257,0.129797979798,1.98861026361,11.4222222222,9.17857142857,9.17857142857,6.97557064752,0.610701710386,0.33411154345,6.54919225492,1.14674572557,0.596454820579,7.47000736954,1.30797794408,0.656117596195,0.884085271302,0.444574428424,3.60810810811,2.08506004543,0.867466018858,3.60810810811,0.224859212131,0.184289209024,226,0.01592670895,0.336258556554,45,41,41,0.911111111111,0,0.288888888889,0.333333333333,0.288888888889,-60,-0.030303030303,0.139469692337,-2.66666666667,-1.3880952381,-1.04723502304,-0.648619986786,0.0695525328722,0.0465545858616,-1.30156206771,0.032285332767,0.0139101307791,-0.839230522313,0.128433132937,0.052262005589,0.218929133505,0.0848634642438,1.10810810811,0.235919474153,0.202309881061,1.10810810811,-0.0717395672907,-0.0795544391843,-233,-0.0164200140944,-0.049331870598,-0.0444444444444,-0.0222222222222,-0.0222222222222,241,16,76,1647,0.760252365931,0.990378833434,0.00962116656645,0.239747634069,0.937743190661,0.760252365931,0.839721254355,0.819017472492,0.750631199364,0.723723723724,194,254,0,0,0,0
58,WLNM_dir_neg,0.845371690743,0.546486409638,00:00:05,10,20,8,1314860983,fixed,0.5,0.852040816327,0.657480314961,0.742222222222,167,29,87,479,0.657480314961,0.942913385827,0.0570866141732,0.342519685039,0.852040816327,0.657480314961,0.742222222222,0.847769028871,0.580927384077,0.636743215031,0.647513146338,0.600393700787,317,63,254,0,317,0,63,0,254,45,317,0.160101010101,1.84914057127,14.0888888889,10.5666666667,10.2258064516,7.62419063431,0.541149177514,0.287556957589,7.85075432263,1.1144603928,0.5825446898,8.30923789185,1.17954481115,0.603855590606,0.665156137797,0.35971096418,2.5,1.84914057127,0.665156137797,2.5,0.296598779422,0.263843648208,459,0.0323467230444,0.385590427152,45,45,45,1,0,0.333333333333,0.355555555556,0.311111111111,45,259,0.130808080808,2.20666426831,11.5111111111,7.61764705882,7.61764705882,7.9733140772,0.692662419834,0.387902187902,6.94182172696,1.20610802206,0.611926211926,7.31795909066,1.27146007367,0.630287430287,0.821547844822,0.372303053355,2.70891365767,2.26278818777,0.796568161812,2.70891365767,0.388027951088,0.288831835687,375,0.0264270613108,0.304422569373,45,43,43,0.955555555556,0,0.2,0.555555555556,0.2,-58,-0.0292929292929,0.357523697038,-2.57777777778,-2.94901960784,-2.60815939279,0.349123442895,0.15151324232,0.100345230314,-0.908932595674,0.0916476292558,0.029381522126,-0.991278801198,0.0919152625197,0.0264318396811,0.156391707025,0.0125920891751,0.208913657669,0.413647616494,0.131412024015,0.208913657669,0.0914291716667,0.0249881874783,-84,-0.00591966173362,-0.0811678577791,-0.133333333333,0.2,-0.111111111111,230,29,87,1634,0.725552050473,0.982561635598,0.0174383644017,0.274447949527,0.888030888031,0.725552050473,0.798611111111,0.770084579198,0.708113686072,0.664739884393,196,254,0,0,0,0
59,WLNM_dir_neg,0.819374263749,0.445205634167,00:00:04,10,20,9,1314860984,fixed,0.5,0.926136363636,0.641732283465,0.758139534884,163,13,91,495,0.641732283465,0.974409448819,0.0255905511811,0.358267716535,0.926136363636,0.641732283465,0.758139534884,0.863517060367,0.589676290464,0.667377398721,0.689166562399,0.616141732283,317,63,254,0,317,0,63,0,254,45,317,0.160101010101,1.84914057127,14.0888888889,10.5666666667,10.2258064516,7.62419063431,0.541149177514,0.287556957589,7.85075432263,1.1144603928,0.5825446898,8.30923789185,1.17954481115,0.603855590606,0.665156137797,0.35971096418,2.5,1.84914057127,0.665156137797,2.5,0.296598779422,0.263843648208,459,0.0323467230444,0.385590427152,45,45,45,1,0,0.333333333333,0.355555555556,0.311111111111,45,239,0.120707070707,2.68450395087,10.6222222222,7.24242424242,9.56,7.64938764302,0.720130635849,0.403161320316,6.47309895653,1.21878432236,0.623523942352,7.06728127687,1.33065965464,0.669456066946,1.17923872482,0.439276211323,3.46666666667,2.99480731024,1.00894310661,3.46666666667,0.319969834273,0.336432306798,386,0.0272022551092,0.239204532448,45,38,38,0.844444444444,0,0.111111111111,0.444444444444,0.288888888889,-78,-0.0393939393939,0.835363379595,-3.46666666667,-3.32424242424,-0.665806451613,0.0251970087075,0.178981458335,0.115604362728,-1.3776553661,0.104323929556,0.0409792525522,-1.24195661498,0.151114843495,0.0656004763392,0.514082587022,0.0795652471428,0.966666666667,1.14566673897,0.34378696881,0.966666666667,0.0233710548513,0.0725886585899,-73,-0.00514446793517,-0.146385894704,-0.222222222222,0.0888888888889,-0.0222222222222,226,13,91,1650,0.712933753943,0.992182802165,0.00781719783524,0.287066246057,0.945606694561,0.712933753943,0.812949640288,0.793667015742,0.705116556108,0.684848484848,176,254,0,0,0,0
60,WLNM_dir_neg,0.898959172918,0.478691990033,00:00:04,10,20,10,1314860985,fixed,0.5,0.939252336449,0.791338582677,0.858974358974,201,13,53,495,0.791338582677,0.974409448819,0.0255905511811,0.208661417323,0.939252336449,0.791338582677,0.858974358974,0.913385826772,0.573053368329,0.797131147541,0.803225407544,0.765748031496,317,63,254,0,317,0,63,0,254,45,317,0.160101010101,1.84914057127,14.0888888889,10.5666666667,10.2258064516,7.62419063431,0.541149177514,0.287556957589,7.85075432263,1.1144603928,0.5825446898,8.30923789185,1.17954481115,0.603855590606,0.665156137797,0.35971096418,2.5,1.84914057127,0.665156137797,2.5,0.296598779422,0.263843648208,459,0.0323467230444,0.385590427152,45,45,45,1,0,0.333333333333,0.355555555556,0.311111111111,45,277,0.139898989899,1.90230268303,12.3111111111,10.2592592593,11.08,8.03917177502,0.653001317466,0.351223425592,7.35760446303,1.19527870338,0.612113918973,7.93998956822,1.28989000206,0.649177697553,0.804353749419,0.422831632733,2.80009149403,2.04111848042,0.775121620263,2.80009149403,0.268100012089,0.2910147519,434,0.030584918957,0.38408597284,45,39,39,0.866666666667,0,0.266666666667,0.288888888889,0.311111111111,-40,-0.020202020202,0.0531621117578,-1.77777777778,-0.307407407407,0.854193548387,0.414981140711,0.111852139952,0.0636664680032,-0.493149859607,0.0808183105769,0.0295692291729,-0.369248323635,0.110345190911,0.0453221069468,0.139197611622,0.0631206685534,0.30009149403,0.191977909147,0.109965482466,0.30009149403,-0.0284987673329,0.0271711036914,-25,-0.00176180408739,-0.00150445431238,-0.0666666666667,-0.0666666666667,0,264,13,53,1650,0.832807570978,0.992182802165,0.00781719783524,0.167192429022,0.953068592058,0.832807570978,0.888888888889,0.872122373337,0.824990373143,0.8,214,254,0,0,0,0
61,WLNM_dir_neg,0.952411029822,0.647198079013,00:00:03,10,20,11,1314860986,fixed,0.5,0.949074074074,0.807086614173,0.872340425532,205,11,49,497,0.807086614173,0.978346456693,0.0216535433071,0.192913385827,0.949074074074,0.807086614173,0.872340425532,0.92125984252,0.57217847769,0.815950920245,0.821551325966,0.785433070866,317,63,254,0,317,0,63,0,254,45,317,0.160101010101,1.84914057127,14.0888888889,10.5666666667,10.2258064516,7.62419063431,0.541149177514,0.287556957589,7.85075432263,1.1144603928,0.5825446898,8.30923789185,1.17954481115,0.603855590606,0.665156137797,0.35971096418,2.5,1.84914057127,0.665156137797,2.5,0.296598779422,0.263843648208,459,0.0323467230444,0.385590427152,45,45,45,1,0,0.333333333333,0.355555555556,0.311111111111,45,279,0.140909090909,2.3915931096,12.4,9.96428571429,10.7307692308,7.4296702484,0.599166955516,0.320350457985,7.07620853796,1.14132395774,0.596575069693,7.51543865532,1.21216752505,0.625726802071,1.17052323435,0.489432432988,3.31215820099,2.64793920873,1.09337882359,3.31215820099,0.279908106531,0.218946350894,302,0.0212825933756,0.343248479195,45,38,38,0.844444444444,0,0.222222222222,0.355555555556,0.266666666667,-38,-0.0191919191919,0.542452538322,-1.68888888889,-0.602380952381,0.504962779156,-0.194520385906,0.0580177780023,0.0327935003964,-0.774545784671,0.026863564933,0.0140303798931,-0.793799236539,0.0326227139044,0.0218712114645,0.50536709655,0.129721468808,0.812158200989,0.798798637458,0.42822268579,0.812158200989,-0.0166906728903,-0.0448972973143,-157,-0.0110641296688,-0.0423419479576,-0.111111111111,0,-0.0444444444444,268,11,49,1652,0.845425867508,0.993385447986,0.00661455201443,0.154574132492,0.960573476703,0.845425867508,0.89932885906,0.884068217219,0.838811315493,0.817073170732,216,254,0,0,0,0
62,WLNM_dir_neg,0.933845867692,0.67752983339,00:00:03,10,20,12,1314860987,fixed,0.5,0.89497716895,0.771653543307,0.828752642706,196,23,58,485,0.771653543307,0.954724409449,0.0452755905512,0.228346456693,0.89497716895,0.771653543307,0.828752642706,0.893700787402,0.570866141732,0.752293577982,0.756640173249,0.726377952756,317,63,254,0,317,0,63,0,254,45,317,0.160101010101,1.84914057127,14.0888888889,10.5666666667,10.2258064516,7.62419063431,0.541149177514,0.287556957589,7.85075432263,1.1144603928,0.5825446898,8.30923789185,1.17954481115,0.603855590606,0.665156137797,0.35971096418,2.5,1.84914057127,0.665156137797,2.5,0.296598779422,0.263843648208,459,0.0323467230444,0.385590427152,45,45,45,1,0,0.333333333333,0.355555555556,0.311111111111,45,282,0.142424242424,2.42767005154,12.5333333333,10.4444444444,7.62162162162,8.20088687,0.654326080053,0.353979511426,7.82304288624,1.24835790738,0.635303388495,7.45715032094,1.18997079589,0.605043341214,1.37559715761,0.566632667702,5.3930144651,2.5296464838,1.3678207729,5.3930144651,0.318650600088,0.299279633268,457,0.0322057787174,0.339850759789,45,42,42,0.933333333333,0,0.333333333333,0.488888888889,0.111111111111,-35,-0.0176767676768,0.578529480271,-1.55555555556,-0.122222222222,-2.60418482999,0.576696235692,0.113176902539,0.0664225538378,-0.02771143639,0.133897514576,0.0527586986947,-0.852087570915,0.0104259847481,0.00118775060717,0.71044101981,0.206921703522,2.8930144651,0.680505912524,0.702664635101,2.8930144651,0.0220518206665,0.0354359850594,-2,-0.000140944326991,-0.0457396673636,0,0.133333333333,-0.2,259,23,58,1640,0.817034700315,0.986169573061,0.0138304269393,0.182965299685,0.918439716312,0.817034700315,0.864774624374,0.842768644262,0.803204273376,0.761764705882,219,254,0,0,0,0
63,WLNM_dir_neg,0.95318990638,0.556480824558,00:00:04,10,20,13,1314860988,fixed,0.5,0.918103448276,0.838582677165,0.876543209877,213,19,41,489,0.838582677165,0.962598425197,0.0374015748031,0.161417322835,0.918103448276,0.838582677165,0.876543209877,0.92125984252,0.565179352581,0.818913480885,0.820724662736,0.801181102362,317,63,254,0,317,0,63,0,254,45,317,0.160101010101,1.84914057127,14.0888888889,10.5666666667,10.2258064516,7.62419063431,0.541149177514,0.287556957589,7.85075432263,1.1144603928,0.5825446898,8.30923789185,1.17954481115,0.603855590606,0.665156137797,0.35971096418,2.5,1.84914057127,0.665156137797,2.5,0.296598779422,0.263843648208,459,0.0323467230444,0.385590427152,45,45,45,1,0,0.333333333333,0.355555555556,0.311111111111,45,295,0.14898989899,6.96341017821,13.1111111111,8.67647058824,10.1724137931,8.36720389438,0.638176568215,0.350960451977,7.46980453546,1.1394617088,0.592693032015,7.76517738355,1.18451858393,0.614538606403,3.71148001737,0.532997471409,11.2710812349,8.0356173163,2.96104810035,11.2710812349,0.261217512564,0.269536423841,407,0.0286821705426,0.248479736288,45,38,38,0.844444444444,0,0.133333333333,0.511111111111,0.244444444444,-22,-0.0111111111111,5.11426960693,-0.977777777778,-1.89019607843,-0.0533926585095,0.74301326007,0.0970273907013,0.0634034943889,-0.380949787173,0.0250013159962,0.0101483422149,-0.544060508306,0.00497377278462,0.0106830157966,3.04632387957,0.173286507229,8.77108123495,6.18647674502,2.29589196256,8.77108123495,-0.0353812668575,0.00569277563259,-52,-0.00366455250176,-0.137110690864,-0.2,0.155555555556,-0.0666666666667,276,19,41,1644,0.870662460568,0.988574864702,0.0114251352977,0.129337539432,0.935593220339,0.870662460568,0.901960784314,0.884866858813,0.85923732527,0.821428571429,232,254,0,0,0,0
64,WLNM_dir_neg,0.922999720999,0.577347894492,00:00:02,10,20,14,1314860989,fixed,0.5,0.928961748634,0.669291338583,0.778032036613,170,13,84,495,0.669291338583,0.974409448819,0.0255905511811,0.330708661417,0.928961748634,0.669291338583,0.778032036613,0.872703412073,0.586614173228,0.692063492063,0.710342710478,0.643700787402,317,63,254,0,317,0,63,0,254,45,317,0.160101010101,1.84914057127,14.0888888889,10.5666666667,10.2258064516,7.62419063431,0.541149177514,0.287556957589,7.85075432263,1.1144603928,0.5825446898,8.30923789185,1.17954481115,0.603855590606,0.665156137797,0.35971096418,2.5,1.84914057127,0.665156137797,2.5,0.296598779422,0.263843648208,459,0.0323467230444,0.385590427152,45,45,45,1,0,0.333333333333,0.355555555556,0.311111111111,45,246,0.124242424242,1.77165460545,10.9333333333,11.7142857143,8.48275862069,7.43884155204,0.680381849272,0.376513098464,7.07620853796,1.29442839109,0.659439927733,6.95308956835,1.27190662836,0.645709123758,0.868884459798,0.490436712171,2.63190326365,1.93849884446,0.872809533645,2.63190326365,0.203946893623,0.211905440046,248,0.0174770965469,0.472193536837,45,37,37,0.822222222222,0,0.355555555556,0.288888888889,0.177777777778,-71,-0.0358585858586,-0.0774859658259,-3.15555555556,1.14761904762,-1.74304783092,-0.185349082268,0.139232671758,0.0889561408758,-0.774545784671,0.179967998288,0.0768952379324,-1.35614832351,0.0923618172096,0.0418535331515,0.203728322001,0.130725747991,0.131903263647,0.0893582731898,0.207653395848,0.131903263647,-0.0926518857986,-0.0519382081629,-211,-0.0148696264975,0.0866031096845,0.0222222222222,-0.0666666666667,-0.133333333333,233,13,84,1650,0.735015772871,0.992182802165,0.00781719783524,0.264984227129,0.947154471545,0.735015772871,0.827708703375,0.80841930297,0.727198575035,0.706060606061,183,254,0,0,0,0
65,WLNM_dir_neg,0.910413695827,0.682433028981,00:00:04,10,20,15,1314860990,fixed,0.5,0.854460093897,0.716535433071,0.779443254818,182,31,72,477,0.716535433071,0.938976377953,0.0610236220472,0.283464566929,0.854460093897,0.716535433071,0.779443254818,0.864829396325,0.573490813648,0.683076923077,0.688578188368,0.655511811024,317,63,254,0,317,0,63,0,254,45,317,0.160101010101,1.84914057127,14.0888888889,10.5666666667,10.2258064516,7.62419063431,0.541149177514,0.287556957589,7.85075432263,1.1144603928,0.5825446898,8.30923789185,1.17954481115,0.603855590606,0.665156137797,0.35971096418,2.5,1.84914057127,0.665156137797,2.5,0.296598779422,0.263843648208,459,0.0323467230444,0.385590427152,45,45,45,1,0,0.333333333333,0.355555555556,0.311111111111,45,276,0.139393939394,3.90667285755,12.2666666667,7.88571428571,9.2,8.08027902309,0.658718398621,0.366988727858,6.75075753325,1.10066698912,0.579871175523,7.74185789306,1.26225943909,0.640418679549,1.88026281288,0.481295179157,5.46363636364,4.27000696474,1.66435388526,5.46363636364,0.320851636346,0.306711570844,425,0.0299506694856,0.278205585457,45,40,40,0.888888888889,0,0.111111111111,0.555555555556,0.222222222222,-41,-0.0207070707071,2.05753228628,-1.82222222222,-2.68095238095,-1.02580645161,0.456088388776,0.117569221107,0.0794317702698,-1.09999678938,-0.013793403686,-0.00267351427686,-0.567379998793,0.0827146279396,0.0365630889427,1.21510667508,0.121584214977,2.96363636364,2.42086639347,0.999197747464,2.96363636364,0.0242528569239,0.0428679226359,-34,-0.00239605355884,-0.107384841695,-0.222222222222,0.2,-0.0888888888889,245,31,72,1632,0.772870662461,0.981358989778,0.0186410102225,0.227129337539,0.88768115942,0.772870662461,0.826306913997,0.798527766344,0.754229652238,0.704022988506,213,254,0,0,0,0
66,WLNM_dir_neg,0.908491691983,0.585902555087,00:00:04,10,20,16,1314860991,fixed,0.5,0.87037037037,0.740157480315,0.8,188,28,66,480,0.740157480315,0.944881889764,0.0551181102362,0.259842519685,0.87037037037,0.740157480315,0.8,0.876640419948,0.57217847769,0.711656441718,0.716541006106,0.685039370079,317,63,254,0,317,0,63,0,254,45,317,0.160101010101,1.84914057127,14.0888888889,10.5666666667,10.2258064516,7.62419063431,0.541149177514,0.287556957589,7.85075432263,1.1144603928,0.5825446898,8.30923789185,1.17954481115,0.603855590606,0.665156137797,0.35971096418,2.5,1.84914057127,0.665156137797,2.5,0.296598779422,0.263843648208,459,0.0323467230444,0.385590427152,45,45,45,1,0,0.333333333333,0.355555555556,0.311111111111,45,279,0.140909090909,1.99764956877,12.4,9.62068965517,9,8.05492508853,0.649590732946,0.353882915173,6.7876893913,1.0947886115,0.575547590601,8.4007575416,1.35496089381,0.662684189566,0.790621935459,0.395776089971,2,2.18142712091,0.72135574626,2,0.385719146649,0.336930191588,510,0.0359408033827,0.383152144647,45,38,38,0.844444444444,0,0.2,0.488888888889,0.155555555556,-38,-0.0191919191919,0.148508997496,-1.68888888889,-0.945977011494,-1.22580645161,0.43073445422,0.108441555432,0.0663259575847,-1.06306493134,-0.0196717813033,-0.00699709919886,0.091519649744,0.17541608266,0.0588285989595,0.125465797662,0.0360651257906,-0.5,0.332286549637,0.0561996084629,-0.5,0.0891203672269,0.0730865433793,51,0.00359408033827,-0.00243828250482,-0.133333333333,0.133333333333,-0.155555555556,251,28,66,1635,0.791798107256,0.983162958509,0.0168370414913,0.208201892744,0.899641577061,0.791798107256,0.842281879195,0.816773015778,0.774961065764,0.727536231884,216,254,0,0,0,0
67,WLNM_dir_neg,0.947869520739,0.536698928092,00:00:04,10,20,17,1314860992,fixed,0.5,0.882591093117,0.858267716535,0.870259481038,218,29,36,479,0.858267716535,0.942913385827,0.0570866141732,0.141732283465,0.882591093117,0.858267716535,0.870259481038,0.91469816273,0.558617672791,0.806739345887,0.806914129463,0.801181102362,317,63,254,0,317,0,63,0,254,45,317,0.160101010101,1.84914057127,14.0888888889,10.5666666667,10.2258064516,7.62419063431,0.541149177514,0.287556957589,7.85075432263,1.1144603928,0.5825446898,8.30923789185,1.17954481115,0.603855590606,0.665156137797,0.35971096418,2.5,1.84914057127,0.665156137797,2.5,0.296598779422,0.263843648208,459,0.0323467230444,0.385590427152,45,45,45,1,0,0.333333333333,0.355555555556,0.311111111111,45,310,0.156565656566,2.34298367915,13.7777777778,9.6875,9.11764705882,8.43932593411,0.612531721024,0.335340501792,7.84863109727,1.13931741735,0.595125448029,8.17485674665,1.18667275355,0.611612903226,0.956619556213,0.408291173655,3,2.47400647711,0.899264370856,3,0.359221239775,0.385146482553,688,0.0484848484848,0.31264299826,45,41,41,0.911111111111,0,0.2,0.555555555556,0.155555555556,-7,-0.00353535353535,0.493843107872,-0.311111111111,-0.879166666667,-1.10815939279,0.815135299806,0.0713825435104,0.0477835442036,-0.00212322536467,0.0248570245426,0.0125807582285,-0.134381145203,0.0071279423997,0.00775731261943,0.291463418416,0.0485802094752,0.5,0.624865905837,0.234108233059,0.5,0.0626224603532,0.121302834344,229,0.0161381254405,-0.0729474288919,-0.133333333333,0.2,-0.155555555556,281,29,36,1634,0.88643533123,0.982561635598,0.0174383644017,0.11356466877,0.906451612903,0.88643533123,0.896331738437,0.876909820588,0.868996966829,0.812138728324,247,254,0,0,0,0
68,WLNM_dir_neg,0.938108376217,0.656764389239,00:00:03,10,20,18,1314860993,fixed,0.5,0.890547263682,0.704724409449,0.786813186813,179,22,75,486,0.704724409449,0.956692913386,0.0433070866142,0.295275590551,0.890547263682,0.704724409449,0.786813186813,0.872703412073,0.57874015748,0.697819314642,0.707529936626,0.661417322835,317,63,254,0,317,0,63,0,254,45,317,0.160101010101,1.84914057127,14.0888888889,10.5666666667,10.2258064516,7.62419063431,0.541149177514,0.287556957589,7.85075432263,1.1144603928,0.5825446898,8.30923789185,1.17954481115,0.603855590606,0.665156137797,0.35971096418,2.5,1.84914057127,0.665156137797,2.5,0.296598779422,0.263843648208,459,0.0323467230444,0.385590427152,45,45,45,1,0,0.333333333333,0.355555555556,0.311111111111,45,264,0.133333333333,2.14751103065,11.7333333333,9.77777777778,8.25,7.14906223984,0.609295077259,0.336868686869,6.89400266371,1.17511409041,0.616835016835,7.20353448599,1.22787519648,0.62962962963,1.01564153756,0.472938915363,3.5,2.25946332632,0.995065676297,3.5,0.240565665182,0.269387755102,352,0.0248062015504,0.323792659815,45,41,41,0.911111111111,0,0.311111111111,0.4,0.2,-53,-0.0267676767677,0.298370459373,-2.35555555556,-0.788888888889,-1.97580645161,-0.47512839447,0.068145899745,0.0493117292802,-0.956751658921,0.0606536976027,0.0342903270348,-1.10570340586,0.0483303853297,0.0257740390233,0.350485399767,0.113227951183,1,0.410322755045,0.3299095385,1,-0.0560331142395,0.00554410689357,-107,-0.00754052149401,-0.0617977673373,-0.0222222222222,0.0444444444444,-0.111111111111,242,22,75,1641,0.763406940063,0.986770895971,0.0132291040289,0.236593059937,0.916666666667,0.763406940063,0.833046471601,0.809243797339,0.750177836034,0.713864306785,201,254,0,0,0,0
69,WLNM_dir_neg,0.914935829872,0.599823240265,00:00:04,10,20,19,1314860994,fixed,0.5,0.884057971014,0.720472440945,0.793926247289,183,24,71,484,0.720472440945,0.952755905512,0.0472440944882,0.279527559055,0.884057971014,0.720472440945,0.793926247289,0.87532808399,0.576115485564,0.705882352941,0.713476123366,0.673228346457,317,63,254,0,317,0,63,0,254,45,317,0.160101010101,1.84914057127,14.0888888889,10.5666666667,10.2258064516,7.62419063431,0.541149177514,0.287556957589,7.85075432263,1.1144603928,0.5825446898,8.30923789185,1.17954481115,0.603855590606,0.665156137797,0.35971096418,2.5,1.84914057127,0.665156137797,2.5,0.296598779422,0.263843648208,459,0.0323467230444,0.385590427152,45,45,45,1,0,0.333333333333,0.355555555556,0.311111111111,45,270,0.136363636364,2.43957409593,12,8.4375,9.64285714286,7.89418658369,0.657848881975,0.36683127572,6.79572057856,1.13262009643,0.591604938272,7.59784658487,1.26630776415,0.645596707819,1.08036399346,0.442849428212,3.37152220109,2.61952085793,1.00892299005,3.37152220109,0.340559263673,0.296606000984,402,0.0283298097252,0.287862108309,45,40,40,0.888888888889,0,0.177777777778,0.444444444444,0.266666666667,-47,-0.0237373737374,0.590433524661,-2.08888888889,-2.12916666667,-0.582949308756,0.269995949386,0.116699704461,0.0792743181317,-1.05503374408,0.0181597036233,0.00906024847139,-0.711391306981,0.086762952999,0.0417411172126,0.415207855667,0.0831384640317,0.871522201092,0.770380286652,0.34376685225,0.871522201092,0.0439604842515,0.0327623527753,-57,-0.00401691331924,-0.0977283188432,-0.155555555556,0.0888888888889,-0.0444444444444,246,24,71,1639,0.776025236593,0.98556825015,0.0144317498497,0.223974763407,0.911111111111,0.776025236593,0.838160136286,0.813802537506,0.761593486743,0.721407624633,207,254,0,0,0,0
70,WLNM_dir_neg,0.938364126728,0.633572602136,00:00:04,10,20,20,1314860995,fixed,0.5,0.917030567686,0.826771653543,0.869565217391,210,19,44,489,0.826771653543,0.962598425197,0.0374015748031,0.173228346457,0.917030567686,0.826771653543,0.869565217391,0.917322834646,0.566491688539,0.809283551968,0.811611195448,0.78937007874,317,63,254,0,317,0,63,0,254,45,317,0.160101010101,1.84914057127,14.0888888889,10.5666666667,10.2258064516,7.62419063431,0.541149177514,0.287556957589,7.85075432263,1.1144603928,0.5825446898,8.30923789185,1.17954481115,0.603855590606,0.665156137797,0.35971096418,2.5,1.84914057127,0.665156137797,2.5,0.296598779422,0.263843648208,459,0.0323467230444,0.385590427152,45,45,45,1,0,0.333333333333,0.355555555556,0.311111111111,45,292,0.147474747475,2.27644215757,12.9777777778,9.125,12.1666666667,7.99570591826,0.616107476578,0.335920852359,6.94334940861,1.07003672393,0.565449010654,8.90766325399,1.37275632339,0.678538812785,0.883922214712,0.388291093526,2.5,2.51157623923,0.751070150755,2.5,0.278338495734,0.287520391517,470,0.0331219168428,0.357566823977,45,38,38,0.844444444444,0,0.133333333333,0.4,0.311111111111,-25,-0.0126262626263,0.427301586298,-1.11111111111,-1.44166666667,1.94086021505,0.371515283952,0.0749582990643,0.0483638947707,-0.907404914019,-0.0444236688726,-0.0170956791457,0.598425362134,0.193211512242,0.074683222179,0.218766076915,0.0285801293462,0,0.662435667955,0.0859140129586,0,-0.0182602836879,0.0236767433087,11,0.00077519379845,-0.0280236031756,-0.2,0.0444444444444,0,273,19,44,1644,0.86119873817,0.988574864702,0.0114251352977,0.13880126183,0.934931506849,0.86119873817,0.896551724138,0.87882285943,0.849773602873,0.8125,229,254,0,0,0,0
71,WLNM_dir_neg,0.937891375783,0.471080829585,00:00:03,10,20,21,1314860996,fixed,0.5,0.866666666667,0.767716535433,0.814196242171,195,30,59,478,0.767716535433,0.94094488189,0.0590551181102,0.232283464567,0.866666666667,0.767716535433,0.814196242171,0.883202099738,0.568241469816,0.729483282675,0.732333837237,0.708661417323,317,63,254,0,317,0,63,0,254,45,317,0.160101010101,1.84914057127,14.0888888889,10.5666666667,10.2258064516,7.62419063431,0.541149177514,0.287556957589,7.85075432263,1.1144603928,0.5825446898,8.30923789185,1.17954481115,0.603855590606,0.665156137797,0.35971096418,2.5,1.84914057127,0.665156137797,2.5,0.296598779422,0.263843648208,459,0.0323467230444,0.385590427152,45,45,45,1,0,0.333333333333,0.355555555556,0.311111111111,45,288,0.145454545455,1,12.8,7.38461538462,10.6666666667,8.10050503476,0.632851955841,0.35424382716,6.68580586018,1.04465716565,0.550154320988,8.46221548468,1.32222116948,0.665740740741,0,0,0,NaN,NaN,NaN,0.382615001784,0.388924252069,611,0.0430584918957,0.247399986097,45,40,0,0.888888888889,2,0.0222222222222,0.577777777778,0.288888888889,-29,-0.0146464646465,-0.849140571273,-1.28888888889,-3.18205128205,0.440860215054,0.476314400452,0.0917027783266,0.066686869572,-1.16494846245,-0.0698032271499,-0.0323903688126,0.152977592821,0.142676358334,0.0618851501344,-0.665156137797,-0.35971096418,-2.5,NaN,NaN,NaN,0.0860162223623,0.12508060386,152,0.0107117688513,-0.138190441056,-0.311111111111,0.222222222222,-0.0222222222222,258,30,59,1633,0.813880126183,0.981960312688,0.0180396873121,0.186119873817,0.895833333333,0.813880126183,0.852892561983,0.827761714424,0.795840438871,0.743515850144,225,254,0,0,0,0
72,WLNM_dir_neg,0.924022723045,0.554491777947,00:00:02,10,20,22,1314860997,fixed,0.5,0.879668049793,0.834645669291,0.856565656566,212,29,42,479,0.834645669291,0.942913385827,0.0570866141732,0.165354330709,0.879668049793,0.834645669291,0.856565656566,0.906824146982,0.561242344707,0.787637088734,0.78823318488,0.777559055118,317,63,254,0,317,0,63,0,254,45,317,0.160101010101,1.84914057127,14.0888888889,10.5666666667,10.2258064516,7.62419063431,0.541149177514,0.287556957589,7.85075432263,1.1144603928,0.5825446898,8.30923789185,1.17954481115,0.603855590606,0.665156137797,0.35971096418,2.5,1.84914057127,0.665156137797,2.5,0.296598779422,0.263843648208,459,0.0323467230444,0.385590427152,45,45,45,1,0,0.333333333333,0.355555555556,0.311111111111,45,304,0.153535353535,1,13.5111111111,7.79487179487,11.6923076923,8.20094845463,0.606978092859,0.331067251462,6.93527070834,1.02660257196,0.541228070175,8.95989944027,1.32630090399,0.659795321637,0,0,0,NaN,NaN,NaN,0.301187992837,0.326086956522,560,0.0394644115574,0.282932355908,45,43,0,0.955555555556,2,0.0888888888889,0.488888888889,0.377777777778,-13,-0.00656565656566,-0.849140571273,-0.577777777778,-2.77179487179,1.46650124069,0.576757820325,0.0658289153454,0.0435102938735,-0.915483614292,-0.0878578208444,-0.0413166196248,0.650661548418,0.146756092841,0.055939731031,-0.665156137797,-0.35971096418,-2.5,NaN,NaN,NaN,0.00458921341493,0.0622433083133,101,0.00711768851304,-0.102658071245,-0.244444444444,0.133333333333,0.0666666666667,275,29,42,1634,0.867507886435,0.982561635598,0.0174383644017,0.132492113565,0.904605263158,0.867507886435,0.885668276973,0.864681967831,0.850069522034,0.794797687861,241,254,0,0,0,0
73,WLNM_dir_neg,0.908348316697,0.656167010838,00:00:04,10,20,23,1314860998,fixed,0.5,0.890476190476,0.736220472441,0.806034482759,187,23,67,485,0.736220472441,0.954724409449,0.0452755905512,0.263779527559,0.890476190476,0.736220472441,0.806034482759,0.88188976378,0.574803149606,0.722222222222,0.728975499933,0.69094488189,317,63,254,0,317,0,63,0,254,45,317,0.160101010101,1.84914057127,14.0888888889,10.5666666667,10.2258064516,7.62419063431,0.541149177514,0.287556957589,7.85075432263,1.1144603928,0.5825446898,8.30923789185,1.17954481115,0.603855590606,0.665156137797,0.35971096418,2.5,1.84914057127,0.665156137797,2.5,0.296598779422,0.263843648208,459,0.0323467230444,0.385590427152,45,45,45,1,0,0.333333333333,0.355555555556,0.311111111111,45,273,0.137878787879,2.63561813726,12.1333333333,8.8064516129,9.75,7.98179747357,0.657840451118,0.367032967033,6.73322832201,1.10987280033,0.584778184778,8.02382815007,1.32260903573,0.661945461945,1.18904390322,0.451144225488,3.26656169714,2.84007040442,1.0996509368,3.26656169714,0.278230136909,0.240790436692,329,0.02318534179,0.324983140771,45,40,40,0.888888888889,0,0.2,0.422222222222,0.266666666667,-44,-0.0222222222222,0.786477565985,-1.95555555556,-1.76021505376,-0.475806451613,0.357606839261,0.116691273604,0.0794760094445,-1.11752600062,-0.00458759247093,0.00223349497797,-0.285409741787,0.143064224579,0.0580898713391,0.52388776542,0.0914332613084,0.766561697136,0.990929833142,0.434494799006,0.766561697136,-0.0183686425132,-0.0230532115166,-130,-0.0091613812544,-0.060607286381,-0.133333333333,0.0666666666667,-0.0444444444444,250,23,67,1640,0.788643533123,0.986169573061,0.0138304269393,0.211356466877,0.915750915751,0.788643533123,0.847457627119,0.824089973019,0.774813106184,0.735294117647,210,254,0,0,0,0
74,WLNM_dir_neg,0.903407681815,0.509435837938,00:00:04,10,20,24,1314860999,fixed,0.5,0.899470899471,0.669291338583,0.767494356659,170,19,84,489,0.669291338583,0.962598425197,0.0374015748031,0.330708661417,0.899470899471,0.669291338583,0.767494356659,0.864829396325,0.583989501312,0.675078864353,0.689734296535,0.63188976378,317,63,254,0,317,0,63,0,254,45,317,0.160101010101,1.84914057127,14.0888888889,10.5666666667,10.2258064516,7.62419063431,0.541149177514,0.287556957589,7.85075432263,1.1144603928,0.5825446898,8.30923789185,1.17954481115,0.603855590606,0.665156137797,0.35971096418,2.5,1.84914057127,0.665156137797,2.5,0.296598779422,0.263843648208,459,0.0323467230444,0.385590427152,45,45,45,1,0,0.333333333333,0.355555555556,0.311111111111,45,252,0.127272727273,2.06789031543,11.2,8.4,9.33333333333,7.08904404377,0.632950361051,0.346384479718,6.77696633659,1.21017256011,0.618694885362,7.30939619444,1.30524932044,0.655379188713,0.908347034594,0.439262676467,3.27237654321,2.20137660485,0.875440673556,3.27237654321,0.244491954334,0.202524698134,246,0.0173361522199,0.299710643154,45,40,40,0.888888888889,0,0.222222222222,0.377777777778,0.288888888889,-65,-0.0328282828283,0.218749744152,-2.88888888889,-2.16666666667,-0.89247311828,-0.535146590536,0.0918011835371,0.0588275221293,-1.07378798604,0.0957121673025,0.0361501955613,-0.999841697416,0.125704509289,0.0515235981061,0.243190896797,0.0795517122871,0.77237654321,0.352236033581,0.210284535759,0.77237654321,-0.0521068250882,-0.0613189500746,-213,-0.0150105708245,-0.0858797839984,-0.111111111111,0.0222222222222,-0.0222222222222,233,19,84,1644,0.735015772871,0.988574864702,0.0114251352977,0.264984227129,0.924603174603,0.735015772871,0.818980667838,0.796153035371,0.723590637573,0.693452380952,189,254,0,0,0,0
75,WLNM_dir_neg,0.863789602579,0.456382416235,00:00:05,10,20,25,1314861000,fixed,0.5,0.828947368421,0.744094488189,0.784232365145,189,39,65,469,0.744094488189,0.923228346457,0.0767716535433,0.255905511811,0.828947368421,0.744094488189,0.784232365145,0.863517060367,0.566929133858,0.684848484848,0.686984041109,0.667322834646,317,63,254,0,317,0,63,0,254,45,317,0.160101010101,1.84914057127,14.0888888889,10.5666666667,10.2258064516,7.62419063431,0.541149177514,0.287556957589,7.85075432263,1.1144603928,0.5825446898,8.30923789185,1.17954481115,0.603855590606,0.665156137797,0.35971096418,2.5,1.84914057127,0.665156137797,2.5,0.296598779422,0.263843648208,459,0.0323467230444,0.385590427152,45,45,45,1,0,0.333333333333,0.355555555556,0.311111111111,45,291,0.14696969697,3.01610379761,12.9333333333,7.46153846154,7.275,8.19201384942,0.633403132687,0.352271859488,7.19090334444,1.11199536254,0.567086674303,7.55464938119,1.16824474967,0.589843451699,1.23252218092,0.408647136712,4.21130222597,3.10987606726,1.1785122023,4.21130222597,0.387468198477,0.338488346765,518,0.0365045806906,0.293122784931,45,43,43,0.955555555556,0,0.0888888888889,0.8,0.0666666666667,-26,-0.0131313131313,1.16696322633,-1.15555555556,-3.10512820513,-2.95080645161,0.567823215111,0.0922539551731,0.0647149018999,-0.659850978192,-0.00246503026041,-0.015458015497,-0.754588510664,-0.0113000614779,-0.0140121389073,0.567366043121,0.0489361725319,1.71130222597,1.26073549599,0.513356064502,1.71130222597,0.0908694190556,0.0746446985569,59,0.00415785764623,-0.0924676422215,-0.244444444444,0.444444444444,-0.244444444444,252,39,65,1624,0.794952681388,0.976548406494,0.0234515935057,0.205047318612,0.865979381443,0.794952681388,0.828947368421,0.799007726902,0.771501087882,0.707865168539,228,254,0,0,0,0
76,WLNM_dir_neg,0.943432636865,0.611623595256,00:00:04,10,20,26,1314861001,fixed,0.5,0.910313901345,0.799212598425,0.851153039832,203,20,51,488,0.799212598425,0.96062992126,0.0393700787402,0.200787401575,0.910313901345,0.799212598425,0.851153039832,0.906824146982,0.569116360455,0.783756345178,0.787273245475,0.759842519685,317,63,254,0,317,0,63,0,254,45,317,0.160101010101,1.84914057127,14.0888888889,10.5666666667,10.2258064516,7.62419063431,0.541149177514,0.287556957589,7.85075432263,1.1144603928,0.5825446898,8.30923789185,1.17954481115,0.603855590606,0.665156137797,0.35971096418,2.5,1.84914057127,0.665156137797,2.5,0.296598779422,0.263843648208,459,0.0323467230444,0.385590427152,45,45,45,1,0,0.333333333333,0.355555555556,0.311111111111,45,286,0.144444444444,1.97051681577,12.7111111111,9.86206896552,10.2142857143,8.12298148975,0.639045746571,0.346775446775,7.30863609822,1.14996022524,0.596581196581,8.45080834099,1.32967264107,0.65843045843,0.79059251548,0.401210742864,2.5,2.03983944547,0.772611379939,2.5,0.260312906907,0.294313684649,471,0.0331923890063,0.39761314997,45,42,42,0.933333333333,0,0.288888888889,0.333333333333,0.311111111111,-31,-0.0156565656566,0.121376244495,-1.37777777778,-0.704597701149,-0.0115207373272,0.498790855442,0.0978965690572,0.0592184891869,-0.542118224416,0.0354998324411,0.014036506781,0.141570449136,0.150127829918,0.0545748678241,0.125436377683,0.0414997786838,0,0.190698874193,0.107455242142,0,-0.0362858725144,0.0304700364406,12,0.000845665961945,0.0120227228173,-0.0444444444444,-0.0222222222222,0,266,20,51,1643,0.839116719243,0.987973541792,0.0120264582081,0.160883280757,0.93006993007,0.839116719243,0.882255389718,0.862757897076,0.827090261035,0.789317507418,223,254,0,0,0,0
77,WLNM_dir_neg,0.907805815612,0.676907608673,00:00:04,10,20,27,1314861002,fixed,0.5,0.932989690722,0.712598425197,0.808035714286,181,13,73,495,0.712598425197,0.974409448819,0.0255905511811,0.287401574803,0.932989690722,0.712598425197,0.808035714286,0.887139107612,0.581802274716,0.730125523013,0.743421978313,0.687007874016,317,63,254,0,317,0,63,0,254,45,317,0.160101010101,1.84914057127,14.0888888889,10.5666666667,10.2258064516,7.62419063431,0.541149177514,0.287556957589,7.85075432263,1.1144603928,0.5825446898,8.30923789185,1.17954481115,0.603855590606,0.665156137797,0.35971096418,2.5,1.84914057127,0.665156137797,2.5,0.296598779422,0.263843648208,459,0.0323467230444,0.385590427152,45,45,45,1,0,0.333333333333,0.355555555556,0.311111111111,45,257,0.129797979798,2.93464646737,11.4222222222,8.29032258065,8.86206896552,7.28475646591,0.637770507716,0.355814958928,6.40533237454,1.12155625235,0.592131431042,7.25077494988,1.26959094453,0.648162559447,1.55184252353,0.528800501453,4.83926513087,3.17647727579,1.47550859741,4.83926513087,0.240282268146,0.262865090403,315,0.0221987315011,0.25873081976,45,40,40,0.888888888889,0,0.2,0.444444444444,0.244444444444,-60,-0.030303030303,1.0855058961,-2.66666666667,-2.27634408602,-1.3637374861,-0.339434168395,0.0966213302022,0.0682580013393,-1.4454219481,0.0070958595479,0.00958674124173,-1.05846294198,0.0900461333841,0.0443069688402,0.886686385734,0.169089537273,2.33926513087,1.32733670452,0.810352459615,2.33926513087,-0.0563165112757,-0.000978557805131,-144,-0.0101479915433,-0.126859607392,-0.133333333333,0.0888888888889,-0.0666666666667,244,13,73,1650,0.769716088328,0.992182802165,0.00781719783524,0.230283911672,0.949416342412,0.769716088328,0.850174216028,0.831311706887,0.761898890493,0.739393939394,194,254,0,0,0,0
78,WLNM_dir_neg,0.936019747039,0.334562345296,00:00:04,10,20,28,1314861003,fixed,0.5,0.880658436214,0.842519685039,0.861167002012,214,29,40,479,0.842519685039,0.942913385827,0.0570866141732,0.157480314961,0.880658436214,0.842519685039,0.861167002012,0.909448818898,0.560367454068,0.794029850746,0.794458255176,0.785433070866,317,63,254,0,317,0,63,0,254,45,317,0.160101010101,1.84914057127,14.0888888889,10.5666666667,10.2258064516,7.62419063431,0.541149177514,0.287556957589,7.85075432263,1.1144603928,0.5825446898,8.30923789185,1.17954481115,0.603855590606,0.665156137797,0.35971096418,2.5,1.84914057127,0.665156137797,2.5,0.296598779422,0.263843648208,459,0.0323467230444,0.385590427152,45,45,45,1,0,0.333333333333,0.355555555556,0.311111111111,45,306,0.154545454545,3.58277875098,13.6,7.84615384615,11.3333333333,8.00681527882,0.58873641756,0.320842411038,6.7170069092,0.987795133705,0.523892519971,8.47885069399,1.24688980794,0.635729847495,1.36653782824,0.381418424975,4.35010786801,3.76726294748,1.21700395982,4.35010786801,0.251448557199,0.267611504794,428,0.030162085976,0.257725519261,45,42,42,0.933333333333,0,0.0666666666667,0.533333333333,0.333333333333,-11,-0.00555555555556,1.73363817971,-0.488888888889,-2.72051282051,1.10752688172,0.382624644508,0.047587240046,0.03328545345,-1.13374741344,-0.126665259098,-0.0586521698293,0.169612802131,0.0673449967926,0.0318742568882,0.701381690438,0.0217074607953,1.85010786801,1.91812237621,0.551847822019,1.85010786801,-0.0451502222227,0.00376785658519,-31,-0.00218463706836,-0.127864907891,-0.266666666667,0.177777777778,0.0222222222222,277,29,40,1634,0.8738170347,0.982561635598,0.0174383644017,0.1261829653,0.90522875817,0.8738170347,0.889245585875,0.868766683048,0.856378670299,0.800578034682,243,254,0,0,0,0
79,WLNM_dir_neg,0.943223386447,0.37359042915,00:00:06,10,20,29,1314861004,fixed,0.5,0.937777777778,0.830708661417,0.881002087683,211,14,43,494,0.830708661417,0.972440944882,0.0275590551181,0.169291338583,0.937777777778,0.830708661417,0.881002087683,0.925196850394,0.568241469816,0.826747720365,0.829978348868,0.803149606299,317,63,254,0,317,0,63,0,254,45,317,0.160101010101,1.84914057127,14.0888888889,10.5666666667,10.2258064516,7.62419063431,0.541149177514,0.287556957589,7.85075432263,1.1144603928,0.5825446898,8.30923789185,1.17954481115,0.603855590606,0.665156137797,0.35971096418,2.5,1.84914057127,0.665156137797,2.5,0.296598779422,0.263843648208,459,0.0323467230444,0.385590427152,45,45,45,1,0,0.333333333333,0.355555555556,0.311111111111,45,288,0.145454545455,1.97108312953,12.8,11.0769230769,12,8.29183607258,0.64779969317,0.346604938272,7.57507875747,1.18360605585,0.60987654321,8.09152193797,1.26430030281,0.639351851852,0.892086827199,0.452587115092,2.63837719799,2.21385391191,0.835074922548,2.63837719799,0.249182358648,0.299037433155,466,0.0328400281889,0.412874135298,45,36,36,0.8,0,0.222222222222,0.311111111111,0.266666666667,-29,-0.0146464646465,0.121942558255,-1.28888888889,0.510256410256,1.77419354839,0.667645438272,0.106650515656,0.0590479806831,-0.275675565167,0.0691456630513,0.0273318534097,-0.21771595388,0.084755491662,0.0354962612455,0.226930689402,0.0928761509118,0.138377197989,0.364713340636,0.169918784751,0.138377197989,-0.0474164207739,0.0351937849466,7,0.000493305144468,0.0272837081459,-0.111111111111,-0.0444444444444,-0.0444444444444,274,14,43,1649,0.864353312303,0.991581479254,0.00841852074564,0.135646687697,0.951388888889,0.864353312303,0.905785123967,0.890266460322,0.855934791557,0.827794561934,225,254,0,0,0,0
80,WLNM_dir_neg,0.917497209994,0.450976754221,00:00:02,10,20,30,1314861005,fixed,0.5,0.960451977401,0.669291338583,0.788863109049,170,7,84,501,0.669291338583,0.986220472441,0.0137795275591,0.330708661417,0.960451977401,0.669291338583,0.788863109049,0.880577427822,0.589238845144,0.709265175719,0.73175326596,0.655511811024,317,63,254,0,317,0,63,0,254,45,317,0.160101010101,1.84914057127,14.0888888889,10.5666666667,10.2258064516,7.62419063431,0.541149177514,0.287556957589,7.85075432263,1.1144603928,0.5825446898,8.30923789185,1.17954481115,0.603855590606,0.665156137797,0.35971096418,2.5,1.84914057127,0.665156137797,2.5,0.296598779422,0.263843648208,459,0.0323467230444,0.385590427152,45,45,45,1,0,0.333333333333,0.355555555556,0.311111111111,45,240,0.121212121212,1.78163967754,10.6666666667,8.57142857143,10.4347826087,7.01297498796,0.657466405122,0.356203703704,6.49125285568,1.21710991044,0.624444444444,7.44678087864,1.39627141475,0.679814814815,0.638598629456,0.358433098177,1.52266752855,1.92562593393,0.589984414001,1.52266752855,0.127464146252,0.159299911006,179,0.0126145172657,0.355728569787,45,38,38,0.844444444444,0,0.222222222222,0.288888888889,0.333333333333,-77,-0.0388888888889,-0.067500893734,-3.42222222222,-1.99523809524,0.208976157083,-0.611215646344,0.116317227608,0.0686467461152,-1.35950146695,0.102649517637,0.0418997546442,-0.86245701321,0.216726603599,0.0759592242084,-0.0265575083408,-0.00127786600257,-0.97733247145,0.0764853626548,-0.0751717237958,-0.97733247145,-0.169134633169,-0.104543737203,-280,-0.0197322057787,-0.029861857365,-0.111111111111,-0.0666666666667,0.0222222222222,233,7,84,1656,0.735015772871,0.995790739627,0.00420926037282,0.264984227129,0.970833333333,0.735015772871,0.836624775583,0.821103530716,0.730806512498,0.719135802469,177,254,0,0,0,0
81,WLNM_dir_neg,0.921321842644,0.44554690842,00:00:04,10,20,31,1314861006,fixed,0.5,0.861660079051,0.858267716535,0.859960552268,218,35,36,473,0.858267716535,0.931102362205,0.0688976377953,0.141732283465,0.861660079051,0.858267716535,0.859960552268,0.906824146982,0.555993000875,0.790147783251,0.790151234622,0.78937007874,317,63,254,0,317,0,63,0,254,45,317,0.160101010101,1.84914057127,14.0888888889,10.5666666667,10.2258064516,7.62419063431,0.541149177514,0.287556957589,7.85075432263,1.1144603928,0.5825446898,8.30923789185,1.17954481115,0.603855590606,0.665156137797,0.35971096418,2.5,1.84914057127,0.665156137797,2.5,0.296598779422,0.263843648208,459,0.0323467230444,0.385590427152,45,45,45,1,0,0.333333333333,0.355555555556,0.311111111111,45,316,0.159595959596,2.76068510473,14.0444444444,9.29411764706,10.5333333333,8.644376931,0.615501521986,0.338959212377,7.19055216267,1.02397103582,0.544725738397,9.05159174573,1.28899249544,0.652039381153,1.12505733994,0.407528311728,2.82940815342,2.98077074282,0.990410547938,2.82940815342,0.385662622918,0.404603488581,750,0.0528541226216,0.326251988779,45,40,40,0.888888888889,0,0.133333333333,0.533333333333,0.222222222222,-1,-0.000505050505051,0.911544533455,-0.0444444444444,-1.27254901961,0.30752688172,1.02018629669,0.0743523444719,0.0514022547884,-0.660202159966,-0.0904893569799,-0.0378189514036,0.742353853872,0.109447684289,0.0481837905469,0.459901202146,0.0478173475483,0.329408153418,1.13163017155,0.325254410141,0.329408153418,0.0890638434961,0.140759840373,291,0.0205073995772,-0.0593384383735,-0.2,0.177777777778,-0.0888888888889,281,35,36,1628,0.88643533123,0.978953698136,0.0210463018641,0.11356466877,0.889240506329,0.88643533123,0.887835703002,0.866496751198,0.865389029366,0.798295454545,253,254,0,0,0,0
82,WLNM_dir_neg,0.900749426499,0.559293505997,00:00:05,10,20,32,1314861007,fixed,0.5,0.845410628019,0.688976377953,0.759219088937,175,32,79,476,0.688976377953,0.937007874016,0.0629921259843,0.311023622047,0.845410628019,0.688976377953,0.759219088937,0.854330708661,0.576115485564,0.656346749226,0.663407623481,0.625984251969,317,63,254,0,317,0,63,0,254,45,317,0.160101010101,1.84914057127,14.0888888889,10.5666666667,10.2258064516,7.62419063431,0.541149177514,0.287556957589,7.85075432263,1.1144603928,0.5825446898,8.30923789185,1.17954481115,0.603855590606,0.665156137797,0.35971096418,2.5,1.84914057127,0.665156137797,2.5,0.296598779422,0.263843648208,459,0.0323467230444,0.385590427152,45,45,45,1,0,0.333333333333,0.355555555556,0.311111111111,45,270,0.136363636364,2.61046719088,12,7.94117647059,8.18181818182,7.6693012601,0.639108438342,0.357366255144,7.06785295932,1.17797549322,0.609711934156,7.35156136786,1.22526022798,0.628477366255,1.00145131371,0.383629151596,3,2.7431956973,0.938776241455,3,0.374474614698,0.37339055794,522,0.0367864693446,0.23674593387,45,41,41,0.911111111111,0,0.2,0.533333333333,0.222222222222,-47,-0.0237373737374,0.761326619604,-2.08888888889,-2.62549019608,-2.04398826979,0.0451106257918,0.0979592608277,0.0698092975555,-0.782901363315,0.0635151004169,0.0271672443562,-0.957676523992,0.0457154168306,0.0246217756488,0.336295175908,0.0239181874161,0.5,0.894055126031,0.273620103658,0.5,0.0778758352761,0.109546909731,63,0.00443974630021,-0.148844493282,-0.133333333333,0.177777777778,-0.0888888888889,238,32,79,1631,0.750788643533,0.980757666867,0.0192423331329,0.249211356467,0.881481481481,0.750788643533,0.810902896082,0.781695555529,0.7315463104,0.681948424069,207,254,0,0,0,0
83,WLNM_dir_neg,0.936019747039,0.601605242858,00:00:04,10,20,33,1314861008,fixed,0.5,0.97461928934,0.755905511811,0.851441241685,192,5,62,503,0.755905511811,0.990157480315,0.00984251968504,0.244094488189,0.97461928934,0.755905511811,0.851441241685,0.912073490814,0.580489938758,0.790406673618,0.803279854021,0.746062992126,317,63,254,0,317,0,63,0,254,45,317,0.160101010101,1.84914057127,14.0888888889,10.5666666667,10.2258064516,7.62419063431,0.541149177514,0.287556957589,7.85075432263,1.1144603928,0.5825446898,8.30923789185,1.17954481115,0.603855590606,0.665156137797,0.35971096418,2.5,1.84914057127,0.665156137797,2.5,0.296598779422,0.263843648208,459,0.0323467230444,0.385590427152,45,45,45,1,0,0.333333333333,0.355555555556,0.311111111111,45,260,0.131313131313,1.59255652763,11.5555555556,11.3043478261,11.8181818182,7.45152685865,0.644843670461,0.345897435897,7.01585505995,1.21428260653,0.616239316239,7.902499285,1.36774026087,0.672991452991,0.603603215299,0.379015253038,2,1.72067685793,0.591947980424,2,0.133073160272,0.146777116231,189,0.0133192389006,0.52753131779,45,37,37,0.822222222222,0,0.311111111111,0.177777777778,0.333333333333,-57,-0.0287878787879,-0.256584043639,-2.53333333333,0.73768115942,1.59237536657,-0.172663775654,0.103694492946,0.0583404783089,-0.834899262683,0.0998222137269,0.0336946264391,-0.40673860685,0.18819544972,0.0691358623851,-0.0615529224976,0.0193042888586,-0.5,-0.12846371334,-0.0732081573732,-0.5,-0.16352561915,-0.117066531978,-270,-0.0190274841438,0.141940890638,-0.0222222222222,-0.177777777778,0.0222222222222,255,5,62,1658,0.804416403785,0.996993385448,0.00300661455201,0.195583596215,0.980769230769,0.804416403785,0.883882149047,0.87012070153,0.801409789233,0.791925465839,197,254,0,0,0,0
84,WLNM_dir_neg,0.952620280241,0.5798199944,00:00:03,10,20,34,1314861009,fixed,0.5,0.882608695652,0.799212598425,0.838842975207,203,27,51,481,0.799212598425,0.946850393701,0.0531496062992,0.200787401575,0.882608695652,0.799212598425,0.838842975207,0.897637795276,0.56605424322,0.764112903226,0.766133544522,0.746062992126,317,63,254,0,317,0,63,0,254,45,317,0.160101010101,1.84914057127,14.0888888889,10.5666666667,10.2258064516,7.62419063431,0.541149177514,0.287556957589,7.85075432263,1.1144603928,0.5825446898,8.30923789185,1.17954481115,0.603855590606,0.665156137797,0.35971096418,2.5,1.84914057127,0.665156137797,2.5,0.296598779422,0.263843648208,459,0.0323467230444,0.385590427152,45,45,45,1,0,0.333333333333,0.355555555556,0.311111111111,45,293,0.14797979798,2.2660621092,13.0222222222,10.4642857143,8.13888888889,7.8029390992,0.599201807959,0.333636708381,7.70661528766,1.18360985647,0.620250284414,7.28829142661,1.1193621645,0.585513841487,1.06364896846,0.46938208981,2.9,2.356495117,1.04329614192,2.9,0.357009669028,0.30675114704,468,0.0329809725159,0.316068437579,45,42,42,0.933333333333,0,0.311111111111,0.488888888889,0.133333333333,-24,-0.0121212121212,0.416921537924,-1.06666666667,-0.102380952381,-2.08691756272,0.178748464893,0.0580526304452,0.0460797507922,-0.144139034978,0.069149463663,0.0377055946139,-1.02094646525,-0.0601826466502,-0.0183417491198,0.398492830658,0.109671125631,0.4,0.507354545724,0.378140004121,0.4,0.0604108896064,0.0429074988311,9,0.000634249471459,-0.0695219895736,-0.0222222222222,0.133333333333,-0.177777777778,266,27,51,1636,0.839116719243,0.983764281419,0.0162357185809,0.160883280757,0.907849829352,0.839116719243,0.872131147541,0.849809221355,0.822881000662,0.773255813953,230,254,0,0,0,0
85,WLNM_dir_neg,0.8568998388,0.556256404399,00:00:03,10,20,35,1314861010,fixed,0.5,0.89756097561,0.724409448819,0.80174291939,184,21,70,487,0.724409448819,0.958661417323,0.0413385826772,0.275590551181,0.89756097561,0.724409448819,0.80174291939,0.880577427822,0.576990376203,0.717683557394,0.726122591305,0.683070866142,317,63,254,0,317,0,63,0,254,45,317,0.160101010101,1.84914057127,14.0888888889,10.5666666667,10.2258064516,7.62419063431,0.541149177514,0.287556957589,7.85075432263,1.1144603928,0.5825446898,8.30923789185,1.17954481115,0.603855590606,0.665156137797,0.35971096418,2.5,1.84914057127,0.665156137797,2.5,0.296598779422,0.263843648208,459,0.0323467230444,0.385590427152,45,45,45,1,0,0.333333333333,0.355555555556,0.311111111111,45,268,0.135353535354,2.63024809362,11.9111111111,7.65714285714,8.93333333333,7.68653551887,0.645324810353,0.355306799337,6.72497230665,1.12919311119,0.589386401327,7.41912625202,1.24574881097,0.63399668325,1.0962721362,0.416794194758,3.46058290591,2.70607358635,1.06141311722,3.46058290591,0.317710520727,0.33150411574,443,0.0312191684285,0.25159444081,45,43,43,0.955555555556,0,0.177777777778,0.488888888889,0.288888888889,-49,-0.0247474747475,0.78110752235,-2.17777777778,-2.90952380952,-1.29247311828,0.0623448845597,0.104175632839,0.0677498417481,-1.12578201598,0.014732718389,0.00684171152649,-0.890111639833,0.0662039998272,0.030141092644,0.431115998398,0.057083230578,0.960582905912,0.856933015076,0.396256979421,0.960582905912,0.0211117413051,0.0676604675311,-16,-0.00112755461593,-0.133995986342,-0.155555555556,0.133333333333,-0.0222222222222,247,21,70,1642,0.779179810726,0.987372218882,0.0126277811185,0.220820189274,0.921641791045,0.779179810726,0.844444444444,0.821671297256,0.766552029607,0.730769230769,205,254,0,0,0,0
86,WLNM_dir_neg,0.967384059768,0.46678413446,00:00:03,10,20,36,1314861011,fixed,0.5,0.888,0.874015748031,0.880952380952,222,28,32,480,0.874015748031,0.944881889764,0.0551181102362,0.125984251969,0.888,0.874015748031,0.880952380952,0.92125984252,0.557305336833,0.822134387352,0.822192191644,0.818897637795,317,63,254,0,317,0,63,0,254,45,317,0.160101010101,1.84914057127,14.0888888889,10.5666666667,10.2258064516,7.62419063431,0.541149177514,0.287556957589,7.85075432263,1.1144603928,0.5825446898,8.30923789185,1.17954481115,0.603855590606,0.665156137797,0.35971096418,2.5,1.84914057127,0.665156137797,2.5,0.296598779422,0.263843648208,459,0.0323467230444,0.385590427152,45,45,45,1,0,0.333333333333,0.355555555556,0.311111111111,45,313,0.158080808081,3.73751424704,13.9111111111,8.02564102564,10.0967741935,7.53724757522,0.541814921541,0.299467518637,7.01930958647,1.00916591499,0.536173233937,8.41253273817,1.209469563,0.623926162584,1.61158288529,0.431191101562,6,3.86484049109,1.53212962673,6,0.326898535574,0.335545578762,573,0.0403805496829,0.251668609697,45,43,43,0.955555555556,0,0.0888888888889,0.6,0.266666666667,-4,-0.0020202020202,1.88837367577,-0.177777777778,-2.54102564103,-0.129032258065,-0.0869430590928,0.000665744027058,0.0119105610483,-0.831444736163,-0.105294477815,-0.0463714558634,0.103294846311,0.0299247518485,0.0200705719779,0.946426747489,0.071480137382,3.5,2.01569991982,0.866973488935,3.5,0.0302997561522,0.071701930554,114,0.00803382663848,-0.133921817455,-0.244444444444,0.244444444444,-0.0444444444444,285,28,32,1635,0.89905362776,0.983162958509,0.0168370414913,0.10094637224,0.91054313099,0.89905362776,0.904761904762,0.886770027262,0.882216586269,0.826086956522,250,254,0,0,0,0
87,WLNM_dir_neg,0.910196695393,0.607635928625,00:00:03,10,20,37,1314861012,fixed,0.5,0.914691943128,0.759842519685,0.830107526882,193,18,61,490,0.759842519685,0.964566929134,0.0354330708661,0.240157480315,0.914691943128,0.759842519685,0.830107526882,0.896325459318,0.574365704287,0.756423432682,0.763160341665,0.724409448819,317,63,254,0,317,0,63,0,254,45,317,0.160101010101,1.84914057127,14.0888888889,10.5666666667,10.2258064516,7.62419063431,0.541149177514,0.287556957589,7.85075432263,1.1144603928,0.5825446898,8.30923789185,1.17954481115,0.603855590606,0.665156137797,0.35971096418,2.5,1.84914057127,0.665156137797,2.5,0.296598779422,0.263843648208,459,0.0323467230444,0.385590427152,45,45,45,1,0,0.333333333333,0.355555555556,0.311111111111,45,274,0.138383838384,1.78531191703,12.1777777778,10.5384615385,7.40540540541,7.65532758307,0.628630914668,0.337388483374,7.7718086763,1.27639193589,0.638442822384,7.49188112748,1.23041843335,0.611678832117,0.71402803345,0.399945817109,2.30769230769,1.84140562539,0.706252353129,2.30769230769,0.321101869429,0.216430067489,310,0.0218463706836,0.374623127556,45,42,42,0.933333333333,0,0.355555555556,0.466666666667,0.111111111111,-43,-0.0217171717172,-0.0638286542452,-1.91111111111,-0.0282051282051,-2.82040104621,0.0311369487564,0.0874817371537,0.0498315257854,-0.0789456463333,0.161931543086,0.0558981325842,-0.817356764375,0.0508736221986,0.00782324151041,0.0488718956532,0.040234852929,-0.192307692308,-0.007734945886,0.041096215332,-0.192307692308,0.0245030900071,-0.0474135807195,-149,-0.0105003523608,-0.0109672995967,0.0222222222222,0.111111111111,-0.2,256,18,61,1645,0.807570977918,0.989176187613,0.0108238123873,0.192429022082,0.934306569343,0.807570977918,0.866328257191,0.84611907904,0.796747165531,0.764179104478,211,254,0,0,0,0
88,WLNM_dir_neg,0.892460784922,0.587627227435,00:00:04,10,20,38,1314861013,fixed,0.5,0.831932773109,0.779527559055,0.80487804878,198,40,56,468,0.779527559055,0.92125984252,0.0787401574803,0.220472440945,0.831932773109,0.779527559055,0.80487804878,0.874015748031,0.562554680665,0.712,0.712821644074,0.700787401575,317,63,254,0,317,0,63,0,254,45,317,0.160101010101,1.84914057127,14.0888888889,10.5666666667,10.2258064516,7.62419063431,0.541149177514,0.287556957589,7.85075432263,1.1144603928,0.5825446898,8.30923789185,1.17954481115,0.603855590606,0.665156137797,0.35971096418,2.5,1.84914057127,0.665156137797,2.5,0.296598779422,0.263843648208,459,0.0323467230444,0.385590427152,45,45,45,1,0,0.333333333333,0.355555555556,0.311111111111,45,301,0.15202020202,7.31383673635,13.3777777778,8.36111111111,10.0333333333,8.07433895096,0.603563542846,0.335548172757,6.5429428402,0.978180823285,0.523588039867,8.43106329491,1.26045796768,0.641122185308,4.12216462011,0.563611790735,14.1020692104,8.45059613515,3.4135267908,14.1020692104,0.380904889621,0.340951204447,552,0.0389006342495,0.266466981304,45,38,38,0.844444444444,0,0.0888888888889,0.577777777778,0.222222222222,-16,-0.00808080808081,5.46469616507,-0.711111111111,-2.20555555556,-0.19247311828,0.450148316649,0.0624143653316,0.047991215169,-1.30781148243,-0.136279569517,-0.0589566499331,0.121825403058,0.0809131565314,0.0372665947019,3.45700848232,0.203900826555,11.6020692104,6.60145556387,2.748370653,11.6020692104,0.084306110199,0.0771075562387,93,0.00655391120507,-0.119123445848,-0.244444444444,0.222222222222,-0.0888888888889,261,40,56,1623,0.82334384858,0.975947083584,0.0240529164161,0.17665615142,0.867109634551,0.82334384858,0.844660194175,0.816341820946,0.799290932164,0.731092436975,238,254,0,0,0,0
89,WLNM_dir_neg,0.884509269019,0.576516527075,00:00:04,10,20,39,1314861014,fixed,0.5,0.897777777778,0.795275590551,0.843423799582,202,23,52,485,0.795275590551,0.954724409449,0.0452755905512,0.204724409449,0.897777777778,0.795275590551,0.843423799582,0.90157480315,0.568241469816,0.772036474164,0.775053311076,0.75,317,63,254,0,317,0,63,0,254,45,317,0.160101010101,1.84914057127,14.0888888889,10.5666666667,10.2258064516,7.62419063431,0.541149177514,0.287556957589,7.85075432263,1.1144603928,0.5825446898,8.30923789185,1.17954481115,0.603855590606,0.665156137797,0.35971096418,2.5,1.84914057127,0.665156137797,2.5,0.296598779422,0.263843648208,459,0.0323467230444,0.385590427152,45,45,45,1,0,0.333333333333,0.355555555556,0.311111111111,45,288,0.145454545455,6.55789556892,12.8,7.38461538462,11.52,7.9016684084,0.617317844407,0.341203703704,6.46458885707,1.01009200892,0.533333333333,8.31045343911,1.29850834986,0.657098765432,2.49570647097,0.380565143915,8.54506048637,6.68421137731,2.37459412198,8.54506048637,0.288555856722,0.282541092848,424,0.0298801973221,0.265124485399,45,44,44,0.977777777778,0,0.111111111111,0.444444444444,0.422222222222,-29,-0.0146464646465,4.70875499765,-1.28888888889,-3.18205128205,1.29419354839,0.277477774095,0.0761686668925,0.0536467461152,-1.38616546557,-0.104368383886,-0.0492113564669,0.00121554725655,0.118963538715,0.0532431748257,1.83055033317,0.020854179735,6.04506048637,4.83507080603,1.70943798419,6.04506048637,-0.0080429226995,0.0186974446392,-35,-0.00246652572234,-0.120465941753,-0.222222222222,0.0888888888889,0.111111111111,265,23,52,1640,0.83596214511,0.986169573061,0.0138304269393,0.16403785489,0.920138888889,0.83596214511,0.876033057851,0.855107540754,0.822131718171,0.779411764706,225,254,0,0,0,0
90,WLNM_dir_neg,0.925243350487,0.688046965479,00:00:03,10,20,40,1314861015,fixed,0.5,0.873303167421,0.759842519685,0.812631578947,193,28,61,480,0.759842519685,0.944881889764,0.0551181102362,0.240157480315,0.873303167421,0.759842519685,0.812631578947,0.883202099738,0.569991251094,0.728382502543,0.732104808645,0.704724409449,317,63,254,0,317,0,63,0,254,45,317,0.160101010101,1.84914057127,14.0888888889,10.5666666667,10.2258064516,7.62419063431,0.541149177514,0.287556957589,7.85075432263,1.1144603928,0.5825446898,8.30923789185,1.17954481115,0.603855590606,0.665156137797,0.35971096418,2.5,1.84914057127,0.665156137797,2.5,0.296598779422,0.263843648208,459,0.0323467230444,0.385590427152,45,45,45,1,0,0.333333333333,0.355555555556,0.311111111111,45,284,0.143434343434,1,12.6222222222,7.28205128205,9.79310344828,7.84592797944,0.621596406822,0.341236306729,6.53251386326,1.035081422,0.546478873239,8.20150269552,1.29953387781,0.654773082942,0,0,0,NaN,NaN,NaN,0.331303965388,0.305693628559,451,0.0317829457364,0.260795810215,45,39,0,0.866666666667,2,0,0.644444444444,0.222222222222,-33,-0.0166666666667,-0.849140571273,-1.46666666667,-3.28461538462,-0.432703003337,0.221737345133,0.0804472293079,0.0536793491408,-1.31824045937,-0.0793789708067,-0.0360658165608,-0.107735196333,0.119989066665,0.0509174923357,-0.665156137797,-0.35971096418,-2.5,NaN,NaN,NaN,0.0347051859661,0.04184998035,-8,-0.000563777307963,-0.124794616937,-0.333333333333,0.288888888889,-0.0888888888889,256,28,61,1635,0.807570977918,0.983162958509,0.0168370414913,0.192429022082,0.901408450704,0.807570977918,0.851913477537,0.827244788428,0.790733936427,0.742028985507,221,254,0,0,0,0
91,WLNM_dir_neg,0.855458335917,0.478981656545,00:00:03,10,20,41,1314861016,fixed,0.5,0.918367346939,0.708661417323,0.8,180,16,74,492,0.708661417323,0.968503937008,0.0314960629921,0.291338582677,0.918367346939,0.708661417323,0.8,0.88188976378,0.580927384077,0.718162839248,0.730309909313,0.677165354331,317,63,254,0,317,0,63,0,254,45,317,0.160101010101,1.84914057127,14.0888888889,10.5666666667,10.2258064516,7.62419063431,0.541149177514,0.287556957589,7.85075432263,1.1144603928,0.5825446898,8.30923789185,1.17954481115,0.603855590606,0.665156137797,0.35971096418,2.5,1.84914057127,0.665156137797,2.5,0.296598779422,0.263843648208,459,0.0323467230444,0.385590427152,45,45,45,1,0,0.333333333333,0.355555555556,0.311111111111,45,259,0.130808080808,2.18624486496,11.5111111111,8.93103448276,10.36,7.98470760614,0.693652205167,0.377434577435,6.8428979625,1.18892049542,0.609523809524,7.9976006503,1.38954451453,0.680566280566,0.923282226644,0.422314188791,2.06689291659,2.4828060812,0.786984537615,2.06689291659,0.30024935635,0.28134254689,380,0.0267794221283,0.391246870217,45,36,36,0.8,0,0.155555555556,0.4,0.244444444444,-58,-0.0292929292929,0.337104293687,-2.57777777778,-1.63563218391,0.134193548387,0.360516971831,0.152503027653,0.0898776198461,-1.00785636013,0.0744601026131,0.0269791197236,-0.311637241559,0.209999703384,0.0767106899599,0.258126088847,0.0626032246109,-0.433107083407,0.633665509928,0.121828399818,-0.433107083407,0.00365057692805,0.017498898682,-79,-0.00556730091614,0.00565644306492,-0.177777777778,0.0444444444444,-0.0666666666667,243,16,74,1647,0.766561514196,0.990378833434,0.00962116656645,0.233438485804,0.938223938224,0.766561514196,0.84375,0.823184328375,0.756940347629,0.72972972973,196,254,0,0,0,0
92,WLNM_dir_neg,0.932803490607,0.759743134108,00:00:03,10,20,42,1314861017,fixed,0.5,0.958762886598,0.732283464567,0.830357142857,186,8,68,500,0.732283464567,0.984251968504,0.0157480314961,0.267716535433,0.958762886598,0.732283464567,0.830357142857,0.900262467192,0.581802274716,0.761506276151,0.775374212338,0.716535433071,317,63,254,0,317,0,63,0,254,45,317,0.160101010101,1.84914057127,14.0888888889,10.5666666667,10.2258064516,7.62419063431,0.541149177514,0.287556957589,7.85075432263,1.1144603928,0.5825446898,8.30923789185,1.17954481115,0.603855590606,0.665156137797,0.35971096418,2.5,1.84914057127,0.665156137797,2.5,0.296598779422,0.263843648208,459,0.0323467230444,0.385590427152,45,45,45,1,0,0.333333333333,0.355555555556,0.311111111111,45,257,0.129797979798,1.56373556319,11.4222222222,11.6818181818,9.88461538462,7.60229896117,0.665570920725,0.364894076956,6.9498928122,1.21690730175,0.627929096412,7.45173019025,1.30477765977,0.656463467358,0.592603467992,0.378966547761,1.5,1.6856243336,0.585941401446,1.5,0.258053730386,0.262910798122,336,0.0236786469345,0.507396853708,45,37,37,0.822222222222,0,0.333333333333,0.244444444444,0.244444444444,-60,-0.030303030303,-0.285405008087,-2.66666666667,1.11515151515,-0.341191066998,-0.0218916731426,0.124421743211,0.0773371193678,-0.900861510437,0.102446908944,0.0453844066114,-0.857507701605,0.125232848625,0.052607876752,-0.0725526698053,0.0192555835809,-1,-0.163516237668,-0.0792147363511,-1,-0.038545049036,-0.000932850086403,-123,-0.00866807610994,0.121806426556,0,-0.111111111111,-0.0666666666667,249,8,68,1655,0.785488958991,0.995189416717,0.00481058328322,0.214511041009,0.968871595331,0.785488958991,0.867595818815,0.851802097545,0.780678375707,0.766153846154,194,254,0,0,0,0
93,WLNM_dir_neg,0.868160611321,0.533763335251,00:00:04,10,20,43,1314861018,fixed,0.5,0.855813953488,0.724409448819,0.784648187633,184,31,70,477,0.724409448819,0.938976377953,0.0610236220472,0.275590551181,0.855813953488,0.724409448819,0.784648187633,0.867454068241,0.57261592301,0.689866939611,0.694867516588,0.663385826772,317,63,254,0,317,0,63,0,254,45,317,0.160101010101,1.84914057127,14.0888888889,10.5666666667,10.2258064516,7.62419063431,0.541149177514,0.287556957589,7.85075432263,1.1144603928,0.5825446898,8.30923789185,1.17954481115,0.603855590606,0.665156137797,0.35971096418,2.5,1.84914057127,0.665156137797,2.5,0.296598779422,0.263843648208,459,0.0323467230444,0.385590427152,45,45,45,1,0,0.333333333333,0.355555555556,0.311111111111,45,278,0.140404040404,3.05163347851,12.3555555556,7.31578947368,9.92857142857,7.72585845644,0.625294299532,0.349080735412,6.6410872908,1.07499614419,0.559552358114,7.55070402765,1.22223626347,0.632613908873,1.14983801901,0.376794273331,3.18525178664,3.25179284227,0.996170095296,3.18525178664,0.299811913009,0.305946978744,427,0.0300916138125,0.229111137125,45,41,41,0.911111111111,0,0.0666666666667,0.555555555556,0.288888888889,-39,-0.019696969697,1.20249290724,-1.73333333333,-3.25087719298,-0.297235023041,0.101667822127,0.0841451220177,0.0615237778232,-1.20966703183,-0.0394642486084,-0.0229923316867,-0.758533864207,0.0426914523215,0.0287583182665,0.484681881209,0.0170833091508,0.685251786637,1.40265227099,0.331013957499,0.685251786637,0.00321313358706,0.0421033305353,-32,-0.00225510923185,-0.156479290027,-0.266666666667,0.2,-0.0222222222222,247,31,70,1632,0.779179810726,0.981358989778,0.0186410102225,0.220820189274,0.888489208633,0.779179810726,0.83025210084,0.802777062988,0.760538800503,0.709770114943,215,254,0,0,0,0
94,WLNM_dir_neg,0.872407619815,0.624696395441,00:00:04,10,20,44,1314861019,fixed,0.5,0.840182648402,0.724409448819,0.778012684989,184,35,70,473,0.724409448819,0.931102362205,0.0688976377953,0.275590551181,0.840182648402,0.724409448819,0.778012684989,0.862204724409,0.570866141732,0.678899082569,0.682821619762,0.655511811024,317,63,254,0,317,0,63,0,254,45,317,0.160101010101,1.84914057127,14.0888888889,10.5666666667,10.2258064516,7.62419063431,0.541149177514,0.287556957589,7.85075432263,1.1144603928,0.5825446898,8.30923789185,1.17954481115,0.603855590606,0.665156137797,0.35971096418,2.5,1.84914057127,0.665156137797,2.5,0.296598779422,0.263843648208,459,0.0323467230444,0.385590427152,45,45,45,1,0,0.333333333333,0.355555555556,0.311111111111,45,282,0.142424242424,3.50164395375,12.5333333333,8.29411764706,7.42105263158,8.40886977596,0.670920460848,0.371158392435,7.57207789424,1.20831030227,0.608195429472,7.36823649803,1.1757824199,0.597951142632,1.73047753859,0.494190032295,4.78333069281,3.55849949815,1.70743828047,4.78333069281,0.416046415891,0.341244961935,508,0.0357998590557,0.232886952918,45,44,44,0.977777777778,0,0.222222222222,0.622222222222,0.133333333333,-35,-0.0176767676768,1.65250338248,-1.55555555556,-2.27254901961,-2.80475382003,0.784679141653,0.129771283334,0.0836014348465,-0.278676428398,0.0938499094687,0.0256507396718,-0.941001393824,-0.00376239124808,-0.00590444797439,1.06532140079,0.134479068115,2.28333069281,1.70935892688,1.04228214267,2.28333069281,0.119447636469,0.0774013137261,49,0.00345313601128,-0.152703474235,-0.111111111111,0.266666666667,-0.177777777778,247,35,70,1628,0.779179810726,0.978953698136,0.0210463018641,0.220820189274,0.875886524823,0.779179810726,0.824707846411,0.795477776465,0.758133508861,0.701704545455,219,254,0,0,0,0
95,WLNM_dir_neg,0.861747473495,0.502560694506,00:00:03,10,20,45,1314861020,fixed,0.5,0.779069767442,0.791338582677,0.78515625,201,57,53,451,0.791338582677,0.887795275591,0.112204724409,0.208661417323,0.779069767442,0.791338582677,0.78515625,0.855643044619,0.553805774278,0.676470588235,0.676517407669,0.679133858268,317,63,254,0,317,0,63,0,254,45,317,0.160101010101,1.84914057127,14.0888888889,10.5666666667,10.2258064516,7.62419063431,0.541149177514,0.287556957589,7.85075432263,1.1144603928,0.5825446898,8.30923789185,1.17954481115,0.603855590606,0.665156137797,0.35971096418,2.5,1.84914057127,0.665156137797,2.5,0.296598779422,0.263843648208,459,0.0323467230444,0.385590427152,45,45,45,1,0,0.333333333333,0.355555555556,0.311111111111,45,321,0.162121212121,7.8688484641,14.2666666667,7.64285714286,10.03125,8.73706836624,0.612411334082,0.341848390447,6.64557268891,0.931622339567,0.500796123226,8.52163023243,1.19462106062,0.618899273105,2.21151151544,0.28104639777,9.0932828379,8.02495865647,1.97036818404,9.0932828379,0.421652975155,0.423373759647,768,0.0541226215645,0.235804635388,45,44,44,0.977777777778,0,0.0444444444444,0.666666666667,0.266666666667,4,0.0020202020202,6.01970789283,0.177777777778,-2.92380952381,-0.194556451613,1.11287773193,0.0712621565683,0.054291432858,-1.20518163372,-0.182838053235,-0.0817485665742,0.21239234057,0.0150762494738,0.0150436824985,1.54635537764,-0.0786645664097,6.5932828379,6.1758180852,1.30521204625,6.5932828379,0.125054195733,0.159530111439,309,0.0217758985201,-0.149785791764,-0.288888888889,0.311111111111,-0.0444444444444,264,57,53,1606,0.832807570978,0.965724594107,0.034275405893,0.167192429022,0.822429906542,0.832807570978,0.827586206897,0.794497364351,0.798532165085,0.705882352941,258,254,0,0,0,0
96,WLNM_dir_neg,0.881122512245,0.393040578582,00:00:04,10,20,46,1314861021,fixed,0.5,0.889423076923,0.728346456693,0.800865800866,185,23,69,485,0.728346456693,0.954724409449,0.0452755905512,0.271653543307,0.889423076923,0.728346456693,0.800865800866,0.879265091864,0.575678040245,0.715463917526,0.722816282487,0.683070866142,317,63,254,0,317,0,63,0,254,45,317,0.160101010101,1.84914057127,14.0888888889,10.5666666667,10.2258064516,7.62419063431,0.541149177514,0.287556957589,7.85075432263,1.1144603928,0.5825446898,8.30923789185,1.17954481115,0.603855590606,0.665156137797,0.35971096418,2.5,1.84914057127,0.665156137797,2.5,0.296598779422,0.263843648208,459,0.0323467230444,0.385590427152,45,45,45,1,0,0.333333333333,0.355555555556,0.311111111111,45,271,0.136868686869,1.81350454023,12.0444444444,10.037037037,7.97058823529,8.19078072524,0.680046370176,0.369331693317,7.78836220643,1.29327047708,0.651906519065,7.16204925248,1.18927017108,0.610086100861,0.71822406543,0.396042055312,2.30769230769,1.87161200739,0.708313603262,2.30769230769,0.312644930674,0.311179681937,437,0.0307963354475,0.367416774134,45,42,42,0.933333333333,0,0.333333333333,0.422222222222,0.177777777778,-46,-0.0232323232323,-0.0356360310431,-2.04444444444,-0.52962962963,-2.25521821632,0.566590090927,0.138897192662,0.0817747357284,-0.0623921162007,0.17881008428,0.069361829265,-1.14718863937,0.00972535992945,0.00623051025463,0.0530679276334,0.0363310911321,-0.192307692308,0.0224714361162,0.0431574654649,-0.192307692308,0.0160461512522,0.0473360337284,-22,-0.0015503875969,-0.0181736530182,0,0.0666666666667,-0.133333333333,248,23,69,1640,0.782334384858,0.986169573061,0.0138304269393,0.217665615142,0.915129151292,0.782334384858,0.843537414966,0.819910007832,0.768503957919,0.729411764706,208,254,0,0,0,0
97,WLNM_dir_neg,0.880118885238,0.574446289911,00:00:05,10,20,47,1314861022,fixed,0.5,0.788617886179,0.763779527559,0.776,194,52,60,456,0.763779527559,0.897637795276,0.102362204724,0.236220472441,0.788617886179,0.763779527559,0.776,0.853018372703,0.55905511811,0.666666666667,0.666855711521,0.661417322835,317,63,254,0,317,0,63,0,254,45,317,0.160101010101,1.84914057127,14.0888888889,10.5666666667,10.2258064516,7.62419063431,0.541149177514,0.287556957589,7.85075432263,1.1144603928,0.5825446898,8.30923789185,1.17954481115,0.603855590606,0.665156137797,0.35971096418,2.5,1.84914057127,0.665156137797,2.5,0.296598779422,0.263843648208,459,0.0323467230444,0.385590427152,45,45,45,1,0,0.333333333333,0.355555555556,0.311111111111,45,309,0.156060606061,7.00312086896,13.7333333333,8.35135135135,8.35135135135,8.10274925285,0.590006013557,0.33117583603,7.08583734707,1.03191806025,0.550737144912,7.55164039976,1.09975345628,0.581805106077,3.43283441731,0.490186372839,9.78389419792,7.25907997914,3.29004873163,9.78389419792,0.387805724284,0.368421052632,602,0.0424242424242,0.202721565349,45,43,43,0.955555555556,0,0.177777777778,0.644444444444,0.177777777778,-8,-0.0040404040404,5.15398029769,-0.355555555556,-2.21531531532,-1.87445510026,0.47855861854,0.0488568360429,0.0436188784417,-0.764916975566,-0.0825423325503,-0.0318075448883,-0.757597492096,-0.079791354871,-0.0220504845294,2.76767827951,0.130475408659,7.28389419792,5.40993940787,2.62489259384,7.28389419792,0.0912069448621,0.104577404423,143,0.0100775193798,-0.182868861803,-0.155555555556,0.288888888889,-0.133333333333,257,52,60,1611,0.81072555205,0.968731208659,0.031268791341,0.18927444795,0.831715210356,0.81072555205,0.821086261981,0.787590228652,0.77945676071,0.69647696477,246,254,0,0,0,0
98,WLNM_dir_neg,0.908925692851,0.582396268895,00:00:04,10,20,48,1314861023,fixed,0.5,0.957894736842,0.716535433071,0.81981981982,182,8,72,500,0.716535433071,0.984251968504,0.0157480314961,0.283464566929,0.957894736842,0.716535433071,0.81981981982,0.89501312336,0.583552055993,0.747899159664,0.763589917441,0.700787401575,317,63,254,0,317,0,63,0,254,45,317,0.160101010101,1.84914057127,14.0888888889,10.5666666667,10.2258064516,7.62419063431,0.541149177514,0.287556957589,7.85075432263,1.1144603928,0.5825446898,8.30923789185,1.17954481115,0.603855590606,0.665156137797,0.35971096418,2.5,1.84914057127,0.665156137797,2.5,0.296598779422,0.263843648208,459,0.0323467230444,0.385590427152,45,45,45,1,0,0.333333333333,0.355555555556,0.311111111111,45,253,0.127777777778,1.68461737779,11.2444444444,10.12,10.5416666667,7.35204225046,0.653837749547,0.362670180061,6.76316523829,1.20293452855,0.623978919631,7.58374124777,1.3488867832,0.673166447079,0.638565471207,0.379056680541,2,1.83264275677,0.609675785392,2,0.219716496831,0.214459131373,265,0.0186751233263,0.408607432328,45,37,37,0.822222222222,0,0.266666666667,0.266666666667,0.288888888889,-64,-0.0323232323232,-0.164523193481,-2.84444444444,-0.446666666667,0.315860215054,-0.27214838385,0.112688572033,0.075113222473,-1.08758908434,0.0884741357467,0.0414342298309,-0.725496644085,0.169341972054,0.0693108564731,-0.0265906665896,0.019345716361,-0.5,-0.0164978144993,-0.0554803524049,-0.5,-0.0768822825912,-0.0493845168354,-194,-0.0136715997181,0.0230170051757,-0.0666666666667,-0.0888888888889,-0.0222222222222,245,8,72,1655,0.772870662461,0.995189416717,0.00481058328322,0.227129337539,0.96837944664,0.772870662461,0.859649122807,0.843654289665,0.768060079177,0.753846153846,190,254,0,0,0,0
99,WLNM_dir_neg,0.87217511935,0.599714947959,00:00:03,10,20,49,1314861024,fixed,0.5,0.886363636364,0.614173228346,0.725581395349,156,20,98,488,0.614173228346,0.96062992126,0.0393700787402,0.385826771654,0.886363636364,0.614173228346,0.725581395349,0.845144356955,0.589676290464,0.622601279318,0.642928550225,0.574803149606,317,63,254,0,317,0,63,0,254,45,317,0.160101010101,1.84914057127,14.0888888889,10.5666666667,10.2258064516,7.62419063431,0.541149177514,0.287556957589,7.85075432263,1.1144603928,0.5825446898,8.30923789185,1.17954481115,0.603855590606,0.665156137797,0.35971096418,2.5,1.84914057127,0.665156137797,2.5,0.296598779422,0.263843648208,459,0.0323467230444,0.385590427152,45,45,45,1,0,0.333333333333,0.355555555556,0.311111111111,45,239,0.120707070707,2.16705790938,10.6222222222,7.46875,8.53571428571,7.14552908178,0.672696252469,0.378242677824,6.15268685661,1.1584556843,0.60529986053,7.19792338179,1.3552575405,0.670943747094,0.85247624289,0.393379539698,2.22880936335,2.45882238672,0.689776794606,2.22880936335,0.212886976408,0.202008269344,228,0.016067653277,0.285201422412,45,36,36,0.8,0,0.0888888888889,0.533333333333,0.177777777778,-78,-0.0393939393939,0.317917338107,-3.46666666667,-3.09791666667,-1.6900921659,-0.478661552527,0.131547074955,0.0906857202358,-1.69806746602,0.043995291497,0.0227551707298,-1.11131451007,0.175712729358,0.067088156488,0.187320105093,0.0336685755178,-0.271190636647,0.609681815452,0.024620656809,-0.271190636647,-0.0837118030142,-0.0618353788641,-231,-0.0162790697674,-0.10038900474,-0.244444444444,0.177777777778,-0.133333333333,219,20,98,1643,0.690851735016,0.987973541792,0.0120264582081,0.309148264984,0.916317991632,0.690851735016,0.787769784173,0.764074005904,0.678825276808,0.649851632047,176,254,0,0,0,0
100,WLNM_dir_neg,0.91991521483,0.507836674864,00:00:03,10,20,50,1314861025,fixed,0.5,0.855371900826,0.814960629921,0.834677419355,207,35,47,473,0.814960629921,0.931102362205,0.0688976377953,0.185039370079,0.855371900826,0.814960629921,0.834677419355,0.892388451444,0.560804899388,0.754980079681,0.755465884812,0.746062992126,317,63,254,0,317,0,63,0,254,45,317,0.160101010101,1.84914057127,14.0888888889,10.5666666667,10.2258064516,7.62419063431,0.541149177514,0.287556957589,7.85075432263,1.1144603928,0.5825446898,8.30923789185,1.17954481115,0.603855590606,0.665156137797,0.35971096418,2.5,1.84914057127,0.665156137797,2.5,0.296598779422,0.263843648208,459,0.0323467230444,0.385590427152,45,45,45,1,0,0.333333333333,0.355555555556,0.311111111111,45,305,0.15404040404,1,13.5555555556,8.71428571429,9.24242424242,8.02426874481,0.591954251666,0.322404371585,7.15061627633,1.0550089588,0.555045537341,8.68878296972,1.2819515857,0.64306010929,0,0,0,NaN,NaN,NaN,0.297511920926,0.313601267076,528,0.0372093023256,0.313324329548,45,41,0,0.911111111111,2,0.177777777778,0.555555555556,0.222222222222,-12,-0.00606060606061,-0.849140571273,-0.533333333333,-1.85238095238,-0.983382209189,0.400078110498,0.0508050741521,0.0348474139962,-0.700138046303,-0.0594514340001,-0.0274991524596,0.379545077868,0.10240677455,0.0392045186832,-0.665156137797,-0.35971096418,-2.5,NaN,NaN,NaN,0.000913141504351,0.0497576188674,69,0.00486257928118,-0.0722660976047,-0.155555555556,0.2,-0.0888888888889,270,35,47,1628,0.851735015773,0.978953698136,0.0210463018641,0.148264984227,0.885245901639,0.851735015773,0.868167202572,0.843833456424,0.830688713909,0.767045454545,242,254,0,0,0,0
101,WLNM_dir_neg,0.936789830371,0.350076241164,00:00:03,10,30,1,1315778276,fixed,0.5,0.956043956044,0.783783783784,0.861386138614,174,8,48,436,0.783783783784,0.981981981982,0.018018018018,0.216216216216,0.956043956044,0.783783783784,0.861386138614,0.915915915916,0.575575575576,0.801886792453,0.810038282921,0.765765765766,317,95,222,0,317,0,95,0,222,45,317,0.160101010101,1.84914057127,14.0888888889,10.5666666667,10.2258064516,7.62419063431,0.541149177514,0.287556957589,7.85075432263,1.1144603928,0.5825446898,8.30923789185,1.17954481115,0.603855590606,0.665156137797,0.35971096418,2.5,1.84914057127,0.665156137797,2.5,0.296598779422,0.263843648208,459,0.0323467230444,0.385590427152,45,45,45,1,0,0.333333333333,0.355555555556,0.311111111111,45,277,0.139898989899,1.66151105184,12.3111111111,11.5416666667,9.55172413793,7.43707610625,0.604094629569,0.322583233053,7.35451486428,1.19477678301,0.612113918973,7.86521558265,1.27774260368,0.640513437625,0.6537530983,0.393469003759,2.25,1.74419993332,0.647357836929,2.25,0.163047830385,0.177552464041,251,0.0176885130374,0.468657215269,45,40,40,0.888888888889,0,0.355555555556,0.288888888889,0.244444444444,-40,-0.020202020202,-0.187629519438,-1.77777777778,0.975,-0.674082313682,-0.187114528062,0.0629454520547,0.035026275464,-0.496239458355,0.0803163902027,0.0295692291729,-0.444022309201,0.0981977925336,0.036657847019,-0.0114030394968,0.0337580395789,-0.25,-0.104940637958,-0.0177983008677,-0.25,-0.133550949036,-0.086291184167,-208,-0.014658210007,0.0830667881163,0.0222222222222,-0.0666666666667,-0.0666666666667,269,8,48,1655,0.84858044164,0.995189416717,0.00481058328322,0.15141955836,0.971119133574,0.84858044164,0.905723905724,0.891974737375,0.843769858357,0.827692307692,182,222,0,0,0,0
102,WLNM_dir_neg,0.945611151692,0.354086362455,00:00:03,10,30,2,1315778277,fixed,0.5,0.960227272727,0.761261261261,0.849246231156,169,7,53,437,0.761261261261,0.984234234234,0.0157657657658,0.238738738739,0.960227272727,0.761261261261,0.849246231156,0.90990990991,0.578578578579,0.78622327791,0.797000551698,0.745495495495,317,95,222,0,317,0,95,0,222,45,317,0.160101010101,1.84914057127,14.0888888889,10.5666666667,10.2258064516,7.62419063431,0.541149177514,0.287556957589,7.85075432263,1.1144603928,0.5825446898,8.30923789185,1.17954481115,0.603855590606,0.665156137797,0.35971096418,2.5,1.84914057127,0.665156137797,2.5,0.296598779422,0.263843648208,459,0.0323467230444,0.385590427152,45,45,45,1,0,0.333333333333,0.355555555556,0.311111111111,45,271,0.136868686869,1.74360288647,12.0444444444,10.037037037,10.84,6.84223367156,0.568082131402,0.309225092251,6.74364646736,1.11979369384,0.593029930299,7.84650729737,1.30292556598,0.657646576466,0.641704248652,0.368033486083,1.72901718672,1.8323623049,0.627878512318,1.72901718672,0.142620191721,0.161914460285,212,0.014940098661,0.384545622079,45,39,39,0.866666666667,0,0.311111111111,0.244444444444,0.355555555556,-46,-0.0232323232323,-0.105537684806,-2.04444444444,-0.52962962963,0.614193548387,-0.781956962754,0.0269329538881,0.0216681346624,-1.10710785527,0.00533330103963,0.0104852404991,-0.462730594485,0.123380754837,0.0537909858594,-0.0234518891453,0.00832252190348,-0.770982813282,-0.016778266375,-0.0372776254789,-0.770982813282,-0.153978587701,-0.101929187923,-247,-0.0174066243834,-0.00104480507326,-0.0222222222222,-0.111111111111,0.0444444444444,264,7,53,1656,0.832807570978,0.995790739627,0.00420926037282,0.167192429022,0.974169741697,0.832807570978,0.897959183673,0.884024135904,0.828598310605,0.814814814815,176,222,0,0,0,0
103,WLNM_dir_neg,0.970553323594,0.325824971322,00:00:02,10,30,3,1315778278,fixed,0.5,0.910798122066,0.873873873874,0.891954022989,194,19,28,425,0.873873873874,0.957207207207,0.0427927927928,0.126126126126,0.910798122066,0.873873873874,0.891954022989,0.929429429429,0.56006006006,0.839590443686,0.839986808163,0.831081081081,317,95,222,0,317,0,95,0,222,45,317,0.160101010101,1.84914057127,14.0888888889,10.5666666667,10.2258064516,7.62419063431,0.541149177514,0.287556957589,7.85075432263,1.1144603928,0.5825446898,8.30923789185,1.17954481115,0.603855590606,0.665156137797,0.35971096418,2.5,1.84914057127,0.665156137797,2.5,0.296598779422,0.263843648208,459,0.0323467230444,0.385590427152,45,45,45,1,0,0.333333333333,0.355555555556,0.311111111111,45,308,0.155555555556,2.19547799977,13.6888888889,9.05882352941,9.625,7.66877441382,0.560218910101,0.300072150072,7.48925155732,1.09420883143,0.572005772006,8.34471949405,1.21919602997,0.619336219336,0.739205604655,0.336694608068,2.02157574311,2.22264795431,0.724665889511,2.02157574311,0.276847325194,0.249103942652,417,0.0293868921776,0.319917010186,45,44,44,0.977777777778,0,0.222222222222,0.488888888889,0.266666666667,-9,-0.00454545454545,0.3463374285,-0.4,-1.50784313725,-0.600806451613,0.0445837795138,0.0190697325866,0.0125151924836,-0.361502765309,-0.0202515613755,-0.0105389177944,0.0354816021932,0.039651218828,0.0154806287298,0.0740494668581,-0.0230163561121,-0.478424256891,0.37350738304,0.0595097517142,-0.478424256891,-0.0197514542282,-0.0147397055561,-42,-0.00295983086681,-0.065673416966,-0.111111111111,0.133333333333,-0.0444444444444,289,19,28,1644,0.91167192429,0.988574864702,0.0114251352977,0.0883280757098,0.938311688312,0.91167192429,0.9248,0.910843664583,0.900246788993,0.860119047619,213,222,0,0,0,0
104,WLNM_dir_neg,0.913359305251,0.326138168335,00:00:02,10,30,4,1315778279,fixed,0.5,0.9375,0.810810810811,0.869565217391,180,12,42,432,0.810810810811,0.972972972973,0.027027027027,0.189189189189,0.9375,0.810810810811,0.869565217391,0.918918918919,0.570570570571,0.811188811189,0.815688728171,0.783783783784,317,95,222,0,317,0,95,0,222,45,317,0.160101010101,1.84914057127,14.0888888889,10.5666666667,10.2258064516,7.62419063431,0.541149177514,0.287556957589,7.85075432263,1.1144603928,0.5825446898,8.30923789185,1.17954481115,0.603855590606,0.665156137797,0.35971096418,2.5,1.84914057127,0.665156137797,2.5,0.296598779422,0.263843648208,459,0.0323467230444,0.385590427152,45,45,45,1,0,0.333333333333,0.355555555556,0.311111111111,45,287,0.144949494949,2.31657719361,12.7555555556,8.44117647059,11.0384615385,7.43198112446,0.582646603834,0.31691831204,6.88967900324,1.08026325835,0.57049941928,8.18893069079,1.28397867974,0.647464188928,0.850979497607,0.367343466885,3,2.41061842172,0.800788399725,3,0.217008016199,0.260252365931,385,0.0271317829457,0.277215748021,45,42,42,0.933333333333,0,0.177777777778,0.4,0.355555555556,-30,-0.0151515151515,0.467436622333,-1.33333333333,-2.12549019608,0.812655086849,-0.192209509848,0.04149742632,0.0293613544518,-0.961075319394,-0.0341971344552,-0.0120452705203,-0.120307201063,0.104433868594,0.0436085983212,0.18582335981,0.00763250270543,0.5,0.561477850447,0.135632261928,0.5,-0.0795907632224,-0.00359128227787,-74,-0.00521494009866,-0.108374679131,-0.155555555556,0.0444444444444,0.0444444444444,275,12,42,1651,0.867507886435,0.992784125075,0.00721587492483,0.132492113565,0.95818815331,0.867507886435,0.91059602649,0.896091212511,0.86029201151,0.835866261398,192,222,0,0,0,0
105,WLNM_dir_neg,0.946407556205,0.238522723951,00:00:03,10,30,5,1315778280,fixed,0.5,0.989071038251,0.815315315315,0.893827160494,181,2,41,442,0.815315315315,0.995495495495,0.0045045045045,0.184684684685,0.989071038251,0.815315315315,0.893827160494,0.935435435435,0.575075075075,0.848056537102,0.856225963113,0.810810810811,317,95,222,0,317,0,95,0,222,45,317,0.160101010101,1.84914057127,14.0888888889,10.5666666667,10.2258064516,7.62419063431,0.541149177514,0.287556957589,7.85075432263,1.1144603928,0.5825446898,8.30923789185,1.17954481115,0.603855590606,0.665156137797,0.35971096418,2.5,1.84914057127,0.665156137797,2.5,0.296598779422,0.263843648208,459,0.0323467230444,0.385590427152,45,45,45,1,0,0.333333333333,0.355555555556,0.311111111111,45,278,0.140404040404,1.56152700735,12.3555555556,12.6363636364,11.12,7.89175506334,0.638721183184,0.344284572342,7.64046907439,1.23676657679,0.625899280576,7.74387995566,1.25350574822,0.637090327738,0.587508273236,0.376239585015,1.33063630858,1.66496619292,0.582945164432,1.33063630858,0.216115856488,0.264005443411,388,0.0273431994362,0.523305100035,45,38,38,0.844444444444,0,0.355555555556,0.2,0.288888888889,-39,-0.019696969697,-0.28761356392,-1.73333333333,2.0696969697,0.894193548387,0.267564429034,0.0975720056702,0.0567276147536,-0.210285248239,0.122306183988,0.0433545907753,-0.565357936194,0.0739609370718,0.0332347371314,-0.0776478645611,0.0165286208348,-1.16936369142,-0.184174378355,-0.0822109733645,-1.16936369142,-0.0804829229335,0.000161795202735,-71,-0.00500352360817,0.137714672883,0.0222222222222,-0.155555555556,-0.0222222222222,276,2,41,1661,0.870662460568,0.998797354179,0.00120264582081,0.129337539432,0.992805755396,0.870662460568,0.927731092437,0.917747254982,0.869459814747,0.865203761755,183,222,0,0,0,0
106,WLNM_dir_neg,0.954863647431,0.334153760169,00:00:02,10,30,6,1315778281,fixed,0.5,0.957446808511,0.810810810811,0.878048780488,180,8,42,436,0.810810810811,0.981981981982,0.018018018018,0.189189189189,0.957446808511,0.810810810811,0.878048780488,0.924924924925,0.572572572573,0.824355971897,0.830299531189,0.792792792793,317,95,222,0,317,0,95,0,222,45,317,0.160101010101,1.84914057127,14.0888888889,10.5666666667,10.2258064516,7.62419063431,0.541149177514,0.287556957589,7.85075432263,1.1144603928,0.5825446898,8.30923789185,1.17954481115,0.603855590606,0.665156137797,0.35971096418,2.5,1.84914057127,0.665156137797,2.5,0.296598779422,0.263843648208,459,0.0323467230444,0.385590427152,45,45,45,1,0,0.333333333333,0.355555555556,0.311111111111,45,283,0.142929292929,1,12.5777777778,10.1071428571,10.8846153846,7.49086986358,0.595563858412,0.319356105222,7.20991180826,1.14645240767,0.601020808795,7.78583276979,1.23802994573,0.63038869258,0,0,0,NaN,NaN,NaN,0.298559684707,0.254574565416,371,0.0261451726568,0.354064273769,45,39,0,0.866666666667,2,0.244444444444,0.333333333333,0.288888888889,-34,-0.0171717171717,-0.849140571273,-1.51111111111,-0.459523809524,0.658808933002,-0.133320770726,0.054414680898,0.0317991476333,-0.640842514377,0.0319920148704,0.0184761189945,-0.523405122061,0.0584851345803,0.0265331019731,-0.665156137797,-0.35971096418,-2.5,NaN,NaN,NaN,0.00196090528545,-0.00926908279218,-88,-0.0062015503876,-0.0315261533829,-0.0888888888889,-0.0222222222222,-0.0222222222222,275,8,42,1655,0.867507886435,0.995189416717,0.00481058328322,0.132492113565,0.971731448763,0.867507886435,0.916666666667,0.903857689715,0.862697303152,0.846153846154,188,222,0,0,0,0
107,WLNM_dir_neg,0.961843600357,0.409570660596,00:00:02,10,30,7,1315778282,fixed,0.5,0.927083333333,0.801801801802,0.859903381643,178,14,44,430,0.801801801802,0.968468468468,0.0315315315315,0.198198198198,0.927083333333,0.801801801802,0.859903381643,0.912912912913,0.570570570571,0.797202797203,0.80162512941,0.77027027027,317,95,222,0,317,0,95,0,222,45,317,0.160101010101,1.84914057127,14.0888888889,10.5666666667,10.2258064516,7.62419063431,0.541149177514,0.287556957589,7.85075432263,1.1144603928,0.5825446898,8.30923789185,1.17954481115,0.603855590606,0.665156137797,0.35971096418,2.5,1.84914057127,0.665156137797,2.5,0.296598779422,0.263843648208,459,0.0323467230444,0.385590427152,45,45,45,1,0,0.333333333333,0.355555555556,0.311111111111,45,287,0.144949494949,2.24395884121,12.7555555556,8.96875,9.56666666667,7.53222035222,0.590505079878,0.313356562137,7.01715070669,1.10025011081,0.577777777778,7.9580973311,1.24778529582,0.630274874177,0.831470534272,0.370537337407,2,2.36532067938,0.768529310618,2,0.263196465796,0.272003538257,410,0.0288935870331,0.343442665216,45,41,41,0.911111111111,0,0.2,0.466666666667,0.244444444444,-30,-0.0151515151515,0.394818269937,-1.33333333333,-1.59791666667,-0.659139784946,-0.0919702820924,0.0493559023636,0.0257996045485,-0.833603615943,-0.0142102819977,-0.00476691202243,-0.351140560751,0.068240484671,0.0264192835709,0.166314396475,0.0108263732266,-0.5,0.516180108104,0.103373172821,-0.5,-0.033402313626,0.00815989004894,-49,-0.00345313601128,-0.0421477619366,-0.133333333333,0.111111111111,-0.0666666666667,273,14,44,1649,0.86119873817,0.991581479254,0.00841852074564,0.13880126183,0.951219512195,0.86119873817,0.903973509934,0.888266831277,0.852780217425,0.824773413897,192,222,0,0,0,0
108,WLNM_dir_neg,0.957399967535,0.406302828562,00:00:02,10,30,8,1315778283,fixed,0.5,0.952941176471,0.72972972973,0.826530612245,162,8,60,436,0.72972972973,0.981981981982,0.018018018018,0.27027027027,0.952941176471,0.72972972973,0.826530612245,0.897897897898,0.581581581582,0.755980861244,0.769496742808,0.711711711712,317,95,222,0,317,0,95,0,222,45,317,0.160101010101,1.84914057127,14.0888888889,10.5666666667,10.2258064516,7.62419063431,0.541149177514,0.287556957589,7.85075432263,1.1144603928,0.5825446898,8.30923789185,1.17954481115,0.603855590606,0.665156137797,0.35971096418,2.5,1.84914057127,0.665156137797,2.5,0.296598779422,0.263843648208,459,0.0323467230444,0.385590427152,45,45,45,1,0,0.333333333333,0.355555555556,0.311111111111,45,265,0.133838383838,2.26275786239,11.7777777778,9.13793103448,11.0416666667,7.04817477626,0.598429933834,0.326037735849,6.69539265677,1.13695347002,0.594884696017,7.75248412452,1.31645956832,0.660293501048,1.06277267853,0.469680250016,3.5,2.45702830275,1.00862243267,3.5,0.204221120488,0.169605809129,218,0.015362931642,0.327006131482,45,39,39,0.866666666667,0,0.222222222222,0.311111111111,0.333333333333,-52,-0.0262626262626,0.413617291113,-2.31111111111,-1.42873563218,0.815860215054,-0.576015858045,0.0572807563197,0.0384807782606,-1.15536166587,0.0224930772141,0.0123400062166,-0.55675376733,0.136914757169,0.0564379104418,0.397616540735,0.109969285836,1,0.60788773148,0.343466294874,1,-0.0923776589339,-0.0942378390798,-241,-0.0169837914024,-0.0585842956707,-0.111111111111,-0.0444444444444,0.0222222222222,257,8,60,1655,0.81072555205,0.995189416717,0.00481058328322,0.18927444795,0.969811320755,0.81072555205,0.883161512027,0.86798052075,0.805914968767,0.790769230769,170,222,0,0,0,0
109,WLNM_dir_neg,0.952428780131,0.368787377666,00:00:03,10,30,9,1315778284,fixed,0.5,0.96449704142,0.734234234234,0.833759590793,163,6,59,438,0.734234234234,0.986486486486,0.0135135135135,0.265765765766,0.96449704142,0.734234234234,0.833759590793,0.902402402402,0.582082082082,0.766467065868,0.780752590395,0.720720720721,317,95,222,0,317,0,95,0,222,45,317,0.160101010101,1.84914057127,14.0888888889,10.5666666667,10.2258064516,7.62419063431,0.541149177514,0.287556957589,7.85075432263,1.1144603928,0.5825446898,8.30923789185,1.17954481115,0.603855590606,0.665156137797,0.35971096418,2.5,1.84914057127,0.665156137797,2.5,0.296598779422,0.263843648208,459,0.0323467230444,0.385590427152,45,45,45,1,0,0.333333333333,0.355555555556,0.311111111111,45,264,0.133333333333,1.55464736144,11.7333333333,12.5714285714,9.77777777778,7.56607259716,0.644835732712,0.346212121212,7.26010267896,1.2375175021,0.630134680135,7.03433139551,1.1990337606,0.621717171717,0.60947800575,0.392036175449,1.49544382625,1.6933092018,0.606712741225,1.49544382625,0.236910610153,0.256211180124,330,0.0232558139535,0.480681228332,45,36,36,0.8,0,0.333333333333,0.266666666667,0.2,-53,-0.0267676767677,-0.294493209835,-2.35555555556,2.00476190476,-0.448028673835,-0.0581180371516,0.103686555198,0.0586551636236,-0.59065164367,0.123057109293,0.0475899903345,-1.27490649635,0.0194889494512,0.0178615811108,-0.0556781320467,0.0323252112691,-1.00455617375,-0.155831369475,-0.0584433965721,-1.00455617375,-0.0596881692692,-0.00763246808425,-129,-0.00909090909091,0.0950908011798,0,-0.0888888888889,-0.111111111111,258,6,59,1657,0.813880126183,0.996392062538,0.00360793746242,0.186119873817,0.977272727273,0.813880126183,0.888123924269,0.87406973571,0.810272188721,0.798761609907,169,222,0,0,0,0
110,WLNM_dir_neg,0.877825460596,0.303581223965,00:00:03,10,30,10,1315778285,fixed,0.5,0.926701570681,0.797297297297,0.857142857143,177,14,45,430,0.797297297297,0.968468468468,0.0315315315315,0.202702702703,0.926701570681,0.797297297297,0.857142857143,0.911411411411,0.571071071071,0.793465577596,0.7981792452,0.765765765766,317,95,222,0,317,0,95,0,222,45,317,0.160101010101,1.84914057127,14.0888888889,10.5666666667,10.2258064516,7.62419063431,0.541149177514,0.287556957589,7.85075432263,1.1144603928,0.5825446898,8.30923789185,1.17954481115,0.603855590606,0.665156137797,0.35971096418,2.5,1.84914057127,0.665156137797,2.5,0.296598779422,0.263843648208,459,0.0323467230444,0.385590427152,45,45,45,1,0,0.333333333333,0.355555555556,0.311111111111,45,286,0.144444444444,2.52419233848,12.7111111111,8.9375,10.5925925926,7.62657501534,0.599992789669,0.328438228438,7.04580970105,1.10860642149,0.583216783217,7.78447042502,1.22482926268,0.630458430458,1.08542251323,0.430007847137,3.40468993212,2.77864882189,0.97487449266,3.40468993212,0.275922706942,0.260781214721,385,0.0271317829457,0.271892457655,45,38,38,0.844444444444,0,0.177777777778,0.422222222222,0.288888888889,-31,-0.0156565656566,0.675051767209,-1.37777777778,-1.62916666667,0.36678614098,0.00238438103365,0.0588436121545,0.0408812708497,-0.804944621581,-0.00585397130867,0.000672093416573,-0.524767466837,0.0452844515311,0.0266028398521,0.420266375434,0.0702968829572,0.904689932124,0.929508250614,0.309718354863,0.904689932124,-0.02067607248,-0.00306243348731,-74,-0.00521494009866,-0.113697969497,-0.155555555556,0.0666666666667,-0.0222222222222,272,14,45,1649,0.858044164038,0.991581479254,0.00841852074564,0.141955835962,0.951048951049,0.858044164038,0.902155887231,0.886265100488,0.849625643292,0.821752265861,191,222,0,0,0,0
111,WLNM_dir_neg,0.927476462949,0.169626751379,00:00:03,10,30,11,1315778286,fixed,0.5,0.974747474747,0.869369369369,0.919047619048,193,5,29,439,0.869369369369,0.988738738739,0.0112612612613,0.130630630631,0.974747474747,0.869369369369,0.919047619048,0.948948948949,0.567567567568,0.881944444444,0.885022793924,0.858108108108,317,95,222,0,317,0,95,0,222,45,317,0.160101010101,1.84914057127,14.0888888889,10.5666666667,10.2258064516,7.62419063431,0.541149177514,0.287556957589,7.85075432263,1.1144603928,0.5825446898,8.30923789185,1.17954481115,0.603855590606,0.665156137797,0.35971096418,2.5,1.84914057127,0.665156137797,2.5,0.296598779422,0.263843648208,459,0.0323467230444,0.385590427152,45,45,45,1,0,0.333333333333,0.355555555556,0.311111111111,45,293,0.14797979798,1.65102282996,13.0222222222,11.72,10.8518518519,7.44522082489,0.571731974607,0.304740235116,7.35039337915,1.12890000704,0.587789154342,8.23689654217,1.26505236996,0.635874099355,0.624369647279,0.378171419529,2,1.7324006837,0.615375646266,2,0.194744624955,0.20979020979,320,0.0225510923185,0.482980789234,45,40,40,0.888888888889,0,0.333333333333,0.266666666667,0.288888888889,-24,-0.0121212121212,-0.198117741317,-1.06666666667,1.15333333333,0.626045400239,-0.178969809423,0.0305827970932,0.0171832775272,-0.500360943481,0.0144396142342,0.00524446454185,-0.0723413496815,0.0855075588118,0.0320185087489,-0.040786490518,0.0184604553488,-0.5,-0.116739887572,-0.0497804915309,-0.5,-0.101854154467,-0.0540534384183,-139,-0.00979563072586,0.097390362082,0,-0.0888888888889,-0.0222222222222,288,5,29,1658,0.908517350158,0.996993385448,0.00300661455201,0.0914826498423,0.982935153584,0.908517350158,0.944262295082,0.935142958137,0.905510735606,0.894409937888,198,222,0,0,0,0
112,WLNM_dir_neg,0.942278427076,0.229277639422,00:00:02,10,30,12,1315778287,fixed,0.5,0.879464285714,0.887387387387,0.883408071749,197,27,25,417,0.887387387387,0.939189189189,0.0608108108108,0.112612612613,0.879464285714,0.887387387387,0.883408071749,0.921921921922,0.554554554555,0.824719101124,0.824737843012,0.826576576577,317,95,222,0,317,0,95,0,222,45,317,0.160101010101,1.84914057127,14.0888888889,10.5666666667,10.2258064516,7.62419063431,0.541149177514,0.287556957589,7.85075432263,1.1144603928,0.5825446898,8.30923789185,1.17954481115,0.603855590606,0.665156137797,0.35971096418,2.5,1.84914057127,0.665156137797,2.5,0.296598779422,0.263843648208,459,0.0323467230444,0.385590427152,45,45,45,1,0,0.333333333333,0.355555555556,0.311111111111,45,319,0.161111111111,3.23219628168,14.1777777778,8.17948717949,10.6333333333,7.80526887572,0.550528368977,0.298014629049,7.28891506524,1.02821685873,0.542250087078,8.28696189045,1.16900716323,0.608847091606,1.14333822012,0.353734154885,3.82614026748,3.28292801536,1.10413427245,3.82614026748,0.367144144172,0.327335375191,570,0.0401691331924,0.220229283236,45,44,44,0.977777777778,0,0.111111111111,0.555555555556,0.311111111111,2,0.0010101010101,1.38305571041,0.0888888888889,-2.38717948718,0.40752688172,0.181078241407,0.0093791914628,0.0104576714606,-0.561839257393,-0.0862435340699,-0.0402946027225,-0.0222760014067,-0.0105376479172,0.00499150099933,0.478182082325,-0.00597680929541,1.32614026748,1.43378744408,0.438978134653,1.32614026748,0.0705453647505,0.063491726983,111,0.00782241014799,-0.165361143916,-0.222222222222,0.2,0,292,27,25,1636,0.921135646688,0.983764281419,0.0162357185809,0.0788643533123,0.915360501567,0.921135646688,0.918238993711,0.902601709392,0.904899928107,0.848837209302,224,222,0,0,0,0
113,WLNM_dir_neg,0.954604942781,0.241009423135,00:00:03,10,30,13,1315778288,fixed,0.5,0.990049751244,0.896396396396,0.940898345154,199,2,23,442,0.896396396396,0.995495495495,0.0045045045045,0.103603603604,0.990049751244,0.896396396396,0.940898345154,0.962462462462,0.566066066066,0.913494809689,0.915916078513,0.891891891892,317,95,222,0,317,0,95,0,222,45,317,0.160101010101,1.84914057127,14.0888888889,10.5666666667,10.2258064516,7.62419063431,0.541149177514,0.287556957589,7.85075432263,1.1144603928,0.5825446898,8.30923789185,1.17954481115,0.603855590606,0.665156137797,0.35971096418,2.5,1.84914057127,0.665156137797,2.5,0.296598779422,0.263843648208,459,0.0323467230444,0.385590427152,45,45,45,1,0,0.333333333333,0.355555555556,0.311111111111,45,296,0.149494949495,1.63280420407,13.1555555556,12.3333333333,11.3846153846,7.97711372831,0.606368442185,0.318318318318,7.68850644229,1.1688607767,0.59984984985,8.32435880383,1.26552752085,0.634834834835,0.619822131772,0.379605913695,2.07692307692,1.73015869701,0.609823355417,2.07692307692,0.213101466838,0.234152384885,378,0.0266384778013,0.524662978105,45,39,39,0.866666666667,0,0.333333333333,0.244444444444,0.288888888889,-21,-0.0106060606061,-0.2163363672,-0.933333333333,1.76666666667,1.158808933,0.352923093998,0.0652192646715,0.0307613607298,-0.162247880343,0.0544003838966,0.0173051600496,0.0151209119781,0.0859827097064,0.0309792442285,-0.0453340060247,0.019894949515,-0.423076923077,-0.118981874265,-0.0553327823795,-0.423076923077,-0.0834973125838,-0.0296912633231,-81,-0.00570824524313,0.139072550952,0,-0.111111111111,-0.0222222222222,294,2,23,1661,0.927444794953,0.998797354179,0.00120264582081,0.0725552050473,0.993243243243,0.927444794953,0.959216965742,0.952540382641,0.926242149132,0.921630094044,201,222,0,0,0,0
114,WLNM_dir_neg,0.965414739063,0.220378401976,00:00:02,10,30,14,1315778289,fixed,0.5,0.901408450704,0.864864864865,0.88275862069,192,21,30,423,0.864864864865,0.952702702703,0.0472972972973,0.135135135135,0.901408450704,0.864864864865,0.88275862069,0.923423423423,0.56006006006,0.825938566553,0.826328486079,0.817567567568,317,95,222,0,317,0,95,0,222,45,317,0.160101010101,1.84914057127,14.0888888889,10.5666666667,10.2258064516,7.62419063431,0.541149177514,0.287556957589,7.85075432263,1.1144603928,0.5825446898,8.30923789185,1.17954481115,0.603855590606,0.665156137797,0.35971096418,2.5,1.84914057127,0.665156137797,2.5,0.296598779422,0.263843648208,459,0.0323467230444,0.385590427152,45,45,45,1,0,0.333333333333,0.355555555556,0.311111111111,45,308,0.155555555556,3.4235336277,13.6888888889,9.93548387097,9.93548387097,8.31707504918,0.607578534437,0.325036075036,7.68988578812,1.12352227424,0.582683982684,8.06213245971,1.17790896327,0.607359307359,1.82921430011,0.53430592453,5.32769197087,3.65997593284,1.74240447057,5.32769197087,0.234125813785,0.271723573911,443,0.0312191684285,0.317895968113,45,41,41,0.911111111111,0,0.222222222222,0.466666666667,0.222222222222,-9,-0.00454545454545,1.57439305642,-0.4,-0.631182795699,-0.290322580645,0.692884414874,0.066429356923,0.0374791174476,-0.160868534512,0.00906188143562,0.000139292883772,-0.24710543214,-0.00163584787662,0.00350371675293,1.16405816231,0.17459496035,2.82769197087,1.81083536157,1.07724833278,2.82769197087,-0.0624729656366,0.0078799257028,-16,-0.00112755461593,-0.0676944590394,-0.111111111111,0.111111111111,-0.0888888888889,287,21,30,1642,0.905362776025,0.987372218882,0.0126277811185,0.0946372239748,0.931818181818,0.905362776025,0.9184,0.90324344858,0.892734994907,0.849112426036,213,222,0,0,0,0
115,WLNM_dir_neg,0.910016435354,0.23399443798,00:00:03,10,30,15,1315778290,fixed,0.5,0.935135135135,0.779279279279,0.850122850123,173,12,49,432,0.779279279279,0.972972972973,0.027027027027,0.220720720721,0.935135135135,0.779279279279,0.850122850123,0.908408408408,0.574074074074,0.784958871915,0.791722644456,0.752252252252,317,95,222,0,317,0,95,0,222,45,317,0.160101010101,1.84914057127,14.0888888889,10.5666666667,10.2258064516,7.62419063431,0.541149177514,0.287556957589,7.85075432263,1.1144603928,0.5825446898,8.30923789185,1.17954481115,0.603855590606,0.665156137797,0.35971096418,2.5,1.84914057127,0.665156137797,2.5,0.296598779422,0.263843648208,459,0.0323467230444,0.385590427152,45,45,45,1,0,0.333333333333,0.355555555556,0.311111111111,45,280,0.141414141414,2.17232795445,12.4444444444,10,10.7692307692,7.72409322585,0.620686062791,0.338571428571,7.09317498114,1.13997455054,0.597777777778,7.89674526996,1.26911977553,0.645714285714,0.998006320133,0.459417887657,3,2.42580426893,0.919731987604,3,0.224556111766,0.218808630394,311,0.0219168428471,0.350726079566,45,37,37,0.822222222222,0,0.2,0.377777777778,0.244444444444,-37,-0.0186868686869,0.323187383178,-1.64444444444,-0.566666666667,0.543424317618,0.0999025915408,0.0795368852775,0.0510144709829,-0.757579341489,0.0255141577382,0.0152330879776,-0.412492621898,0.0895749643822,0.0418586951079,0.332850182336,0.0997069234774,0.5,0.576663697654,0.254575849807,0.5,-0.0720426676554,-0.0450350178145,-148,-0.0104298801973,-0.0348643475861,-0.133333333333,0.0222222222222,-0.0666666666667,268,12,49,1651,0.845425867508,0.992784125075,0.00721587492483,0.154574132492,0.957142857143,0.845425867508,0.897822445561,0.882114809315,0.838209992583,0.814589665653,185,222,0,0,0,0
116,WLNM_dir_neg,0.90723155588,0.227303772928,00:00:03,10,30,16,1315778291,fixed,0.5,0.936507936508,0.797297297297,0.861313868613,177,12,45,432,0.797297297297,0.972972972973,0.027027027027,0.202702702703,0.936507936508,0.797297297297,0.861313868613,0.914414414414,0.572072072072,0.8,0.805417416459,0.77027027027,317,95,222,0,317,0,95,0,222,45,317,0.160101010101,1.84914057127,14.0888888889,10.5666666667,10.2258064516,7.62419063431,0.541149177514,0.287556957589,7.85075432263,1.1144603928,0.5825446898,8.30923789185,1.17954481115,0.603855590606,0.665156137797,0.35971096418,2.5,1.84914057127,0.665156137797,2.5,0.296598779422,0.263843648208,459,0.0323467230444,0.385590427152,45,45,45,1,0,0.333333333333,0.355555555556,0.311111111111,45,284,0.143434343434,2.1858664541,12.6222222222,10.1428571429,10.9230769231,7.35863404101,0.582990372967,0.309702660407,7.12812044021,1.12945570355,0.586384976526,8.12913453467,1.28806709176,0.646322378717,1.02396467227,0.468447955888,3.5,2.33409976086,0.989999220903,3.5,0.195870280855,0.183043875686,267,0.0188160676533,0.376484389427,45,40,40,0.888888888889,0,0.266666666667,0.311111111111,0.311111111111,-33,-0.0166666666667,0.336725882827,-1.46666666667,-0.42380952381,0.697270471464,-0.2655565933,0.0418411954532,0.0221457028184,-0.722633882426,0.0149953107512,0.00384028672561,-0.180103357181,0.108522280615,0.0424667881104,0.358808534471,0.108736991708,1,0.484959189589,0.324843083106,1,-0.100728498567,-0.0807997725229,-192,-0.0135306553911,-0.00910603772501,-0.0666666666667,-0.0444444444444,0,272,12,45,1651,0.858044164038,0.992784125075,0.00721587492483,0.141955835962,0.957746478873,0.858044164038,0.905158069884,0.890113900001,0.850828289113,0.826747720365,189,222,0,0,0,0
117,WLNM_dir_neg,0.927380082785,0.256733460185,00:00:03,10,30,17,1315778292,fixed,0.5,0.984375,0.851351351351,0.913043478261,189,3,33,441,0.851351351351,0.993243243243,0.00675675675676,0.148648648649,0.984375,0.851351351351,0.913043478261,0.945945945946,0.570570570571,0.874125874126,0.878974922598,0.844594594595,317,95,222,0,317,0,95,0,222,45,317,0.160101010101,1.84914057127,14.0888888889,10.5666666667,10.2258064516,7.62419063431,0.541149177514,0.287556957589,7.85075432263,1.1144603928,0.5825446898,8.30923789185,1.17954481115,0.603855590606,0.665156137797,0.35971096418,2.5,1.84914057127,0.665156137797,2.5,0.296598779422,0.263843648208,459,0.0323467230444,0.385590427152,45,45,45,1,0,0.333333333333,0.355555555556,0.311111111111,45,287,0.144949494949,2.02423926483,12.7555555556,10.6296296296,11.9583333333,7.70523893664,0.604069254615,0.326209833527,7.44461028008,1.16727338886,0.603019744483,8.16391419293,1.28005623234,0.644212156407,0.925372311232,0.457145717559,2.75694939416,2.15226917294,0.902657267788,2.75694939416,0.196345598873,0.20247842443,305,0.0214940098661,0.399667289466,45,40,40,0.888888888889,0,0.288888888889,0.244444444444,0.355555555556,-30,-0.0151515151515,0.17509869356,-1.33333333333,0.062962962963,1.73252688172,0.0810483023308,0.0629200771006,0.0386528759384,-0.406144042557,0.0528129960594,0.0204750546829,-0.145323698926,0.100511421194,0.0403565658009,0.260216173436,0.0974347533786,0.256949394155,0.303128601665,0.237501129991,0.256949394155,-0.100253180549,-0.0613652237783,-154,-0.0108527131783,0.0140768623136,-0.0444444444444,-0.111111111111,0.0444444444444,284,3,33,1660,0.895899053628,0.998196031269,0.00180396873121,0.104100946372,0.989547038328,0.895899053628,0.940397350993,0.931300928063,0.894095084897,0.8875,192,222,0,0,0,0
118,WLNM_dir_neg,0.95214978492,0.234110132054,00:00:03,10,30,18,1315778293,fixed,0.5,0.870535714286,0.878378378378,0.874439461883,195,29,27,415,0.878378378378,0.934684684685,0.0653153153153,0.121621621622,0.870535714286,0.878378378378,0.874439461883,0.915915915916,0.554554554555,0.811235955056,0.811254390538,0.813063063063,317,95,222,0,317,0,95,0,222,45,317,0.160101010101,1.84914057127,14.0888888889,10.5666666667,10.2258064516,7.62419063431,0.541149177514,0.287556957589,7.85075432263,1.1144603928,0.5825446898,8.30923789185,1.17954481115,0.603855590606,0.665156137797,0.35971096418,2.5,1.84914057127,0.665156137797,2.5,0.296598779422,0.263843648208,459,0.0323467230444,0.385590427152,45,45,45,1,0,0.333333333333,0.355555555556,0.311111111111,45,319,0.161111111111,2.95238152931,14.1777777778,8.62162162162,9.66666666667,8.3673849746,0.590176056202,0.324486241728,7.39109483286,1.04263093253,0.546847788227,8.706899621,1.22824602804,0.626959247649,1.16596974825,0.394925160137,3.86033896368,3.04318997253,1.11097541058,3.86033896368,0.404447583534,0.373236889693,688,0.0484848484848,0.277638755017,45,43,43,0.955555555556,0,0.133333333333,0.6,0.222222222222,2,0.0010101010101,1.10324095804,0.0888888888889,-1.94504504505,-0.559139784946,0.743194340289,0.049026878688,0.0369292841391,-0.459659489776,-0.0718294602682,-0.0356969015731,0.397661729141,0.0487012168936,0.0231036570425,0.500813610452,0.0352141959571,1.36033896368,1.19404940126,0.44581927278,1.36033896368,0.107848804112,0.109393241484,229,0.0161381254405,-0.107951672136,-0.2,0.244444444444,-0.0888888888889,290,29,27,1634,0.914826498423,0.982561635598,0.0174383644017,0.0851735015773,0.909090909091,0.914826498423,0.911949685535,0.895108993378,0.897388134021,0.838150289017,224,222,0,0,0,0
119,WLNM_dir_neg,0.932057057057,0.210642637355,00:00:03,10,30,19,1315778294,fixed,0.5,0.945544554455,0.86036036036,0.900943396226,191,11,31,433,0.86036036036,0.975225225225,0.0247747747748,0.13963963964,0.945544554455,0.86036036036,0.900943396226,0.936936936937,0.565565565566,0.854838709677,0.856888346943,0.835585585586,317,95,222,0,317,0,95,0,222,45,317,0.160101010101,1.84914057127,14.0888888889,10.5666666667,10.2258064516,7.62419063431,0.541149177514,0.287556957589,7.85075432263,1.1144603928,0.5825446898,8.30923789185,1.17954481115,0.603855590606,0.665156137797,0.35971096418,2.5,1.84914057127,0.665156137797,2.5,0.296598779422,0.263843648208,459,0.0323467230444,0.385590427152,45,45,45,1,0,0.333333333333,0.355555555556,0.311111111111,45,297,0.15,1.93492806913,13.2,11.4230769231,9.9,7.86418810466,0.595771826111,0.322409277965,7.48149231589,1.1335594418,0.592442947999,8.0323210729,1.21701834438,0.623120089787,0.846841112834,0.437660255358,2.5109548213,2.08083587134,0.830115453999,2.5109548213,0.286856577198,0.2539445629,397,0.0279774489077,0.413027536432,45,38,38,0.844444444444,0,0.311111111111,0.355555555556,0.222222222222,-20,-0.010101010101,0.0857874978552,-0.888888888889,0.85641025641,-0.325806451613,0.23999747035,0.0546226485965,0.0348523203763,-0.369262006743,0.0190990489988,0.00989825819829,-0.276916818953,0.0374735332325,0.0192644991804,0.181684975037,0.0779492911779,0.010954821302,0.231695300063,0.164959316202,0.010954821302,-0.0097422022233,-0.00989908530868,-62,-0.00436927413672,0.0274371092795,-0.0222222222222,0,-0.0888888888889,286,11,31,1652,0.902208201893,0.993385447986,0.00661455201443,0.0977917981073,0.962962962963,0.902208201893,0.931596091205,0.919742973503,0.895593649878,0.871951219512,202,222,0,0,0,0
120,WLNM_dir_neg,0.938037699862,0.250025285917,00:00:03,10,30,20,1315778295,fixed,0.5,0.936842105263,0.801801801802,0.864077669903,178,12,44,432,0.801801801802,0.972972972973,0.027027027027,0.198198198198,0.936842105263,0.801801801802,0.864077669903,0.915915915916,0.571571571572,0.803738317757,0.808841019472,0.774774774775,317,95,222,0,317,0,95,0,222,45,317,0.160101010101,1.84914057127,14.0888888889,10.5666666667,10.2258064516,7.62419063431,0.541149177514,0.287556957589,7.85075432263,1.1144603928,0.5825446898,8.30923789185,1.17954481115,0.603855590606,0.665156137797,0.35971096418,2.5,1.84914057127,0.665156137797,2.5,0.296598779422,0.263843648208,459,0.0323467230444,0.385590427152,45,45,45,1,0,0.333333333333,0.355555555556,0.311111111111,45,285,0.143939393939,4.17045277744,12.6666666667,9.8275862069,10.9615384615,7.69592572257,0.607573083361,0.321169590643,7.07428120345,1.11699176897,0.577153996101,8.1100386727,1.28053242201,0.644366471735,2.67595243009,0.64164554136,8.67217550799,4.85595608067,2.45668435449,8.67217550799,0.212415794928,0.196007259528,288,0.0202959830867,0.346531496145,45,37,37,0.822222222222,0,0.177777777778,0.4,0.244444444444,-32,-0.0161616161616,2.32131220617,-1.42222222222,-0.73908045977,0.735732009926,0.0717350882584,0.0664239058465,0.0336126330548,-0.776473119185,0.00253137616262,-0.00539069369885,-0.199199219152,0.100987610859,0.0405108811285,2.0107962923,0.28193457718,6.17217550799,3.0068155094,1.79152821669,6.17217550799,-0.0841829844938,-0.0678363886803,-171,-0.0120507399577,-0.0390589310076,-0.155555555556,0.0444444444444,-0.0666666666667,273,12,44,1651,0.86119873817,0.992784125075,0.00721587492483,0.13880126183,0.957894736842,0.86119873817,0.906976744186,0.892108403357,0.853982863246,0.829787234043,190,222,0,0,0,0
121,WLNM_dir_neg,0.935404999594,0.259537764795,00:00:02,10,30,21,1315778296,fixed,0.5,0.972375690608,0.792792792793,0.873449131514,176,5,46,439,0.792792792793,0.988738738739,0.0112612612613,0.207207207207,0.972375690608,0.792792792793,0.873449131514,0.923423423423,0.576076076076,0.819362455726,0.828141064433,0.781531531532,317,95,222,0,317,0,95,0,222,45,317,0.160101010101,1.84914057127,14.0888888889,10.5666666667,10.2258064516,7.62419063431,0.541149177514,0.287556957589,7.85075432263,1.1144603928,0.5825446898,8.30923789185,1.17954481115,0.603855590606,0.665156137797,0.35971096418,2.5,1.84914057127,0.665156137797,2.5,0.296598779422,0.263843648208,459,0.0323467230444,0.385590427152,45,45,45,1,0,0.333333333333,0.355555555556,0.311111111111,45,276,0.139393939394,1.60205974217,12.2666666667,11.5,10.2222222222,7.43272860701,0.605928962528,0.321014492754,7.29445617638,1.18931350702,0.611433172303,7.89591378787,1.28737724802,0.646054750403,0.575500434257,0.359225326689,1.38017429194,1.69468431789,0.563433651458,1.38017429194,0.203066161261,0.222658959538,321,0.022621564482,0.479689431176,45,39,39,0.866666666667,0,0.333333333333,0.266666666667,0.266666666667,-41,-0.0207070707071,-0.247080829101,-1.82222222222,0.933333333333,-0.00358422939068,-0.1914620273,0.0647797850139,0.0334575351651,-0.556298146256,0.0748531142152,0.0288884825025,-0.413324103986,0.107832436875,0.0421991597962,-0.0896557035397,-0.000485637490805,-1.11982570806,-0.154456253383,-0.101722486339,-1.11982570806,-0.0935326181604,-0.0411846886709,-138,-0.00972515856237,0.0940990040237,0,-0.0888888888889,-0.0444444444444,271,5,46,1658,0.854889589905,0.996993385448,0.00300661455201,0.145110410095,0.981884057971,0.854889589905,0.913996627319,0.901916554828,0.851882975353,0.841614906832,181,222,0,0,0,0
122,WLNM_dir_neg,0.977934015096,0.275279061536,00:00:02,10,30,22,1315778297,fixed,0.5,0.943005181347,0.81981981982,0.877108433735,182,11,40,433,0.81981981982,0.975225225225,0.0247747747748,0.18018018018,0.943005181347,0.81981981982,0.877108433735,0.923423423423,0.57007007007,0.821885913853,0.826133974366,0.795045045045,317,95,222,0,317,0,95,0,222,45,317,0.160101010101,1.84914057127,14.0888888889,10.5666666667,10.2258064516,7.62419063431,0.541149177514,0.287556957589,7.85075432263,1.1144603928,0.5825446898,8.30923789185,1.17954481115,0.603855590606,0.665156137797,0.35971096418,2.5,1.84914057127,0.665156137797,2.5,0.296598779422,0.263843648208,459,0.0323467230444,0.385590427152,45,45,45,1,0,0.333333333333,0.355555555556,0.311111111111,45,288,0.145454545455,1.91736089961,12.8,10.2857142857,10.2857142857,7.59066412234,0.593020634558,0.31712962963,7.34970624026,1.14839160004,0.598611111111,7.89245900153,1.23319671899,0.630401234568,0.772993486009,0.403154923086,2.04664216114,2.11570920222,0.709122480303,2.04664216114,0.187524611518,0.222486486486,343,0.0241719520789,0.413782904923,45,37,37,0.822222222222,0,0.2,0.422222222222,0.2,-29,-0.0146464646465,0.0682203283335,-1.28888888889,-0.280952380952,0.0599078341014,-0.0335265119687,0.0518714570438,0.0295726720411,-0.501048082369,0.0339312072385,0.0160664213109,-0.41677889032,0.0536519078433,0.0265456439615,0.107837348212,0.0434439589062,-0.453357838862,0.266568630951,0.0439663425058,-0.453357838862,-0.109074167903,-0.041357161722,-116,-0.00817477096547,0.0281924777711,-0.133333333333,0.0666666666667,-0.111111111111,277,11,40,1652,0.8738170347,0.993385447986,0.00661455201443,0.1261829653,0.961805555556,0.8738170347,0.915702479339,0.901986100178,0.867202482686,0.844512195122,193,222,0,0,0,0
123,WLNM_dir_neg,0.954604942781,0.264376612635,00:00:03,10,30,23,1315778298,fixed,0.5,0.959390862944,0.851351351351,0.90214797136,189,8,33,436,0.851351351351,0.981981981982,0.018018018018,0.148648648649,0.959390862944,0.851351351351,0.90214797136,0.938438438438,0.568068068068,0.857473928158,0.860730498664,0.833333333333,317,95,222,0,317,0,95,0,222,45,317,0.160101010101,1.84914057127,14.0888888889,10.5666666667,10.2258064516,7.62419063431,0.541149177514,0.287556957589,7.85075432263,1.1144603928,0.5825446898,8.30923789185,1.17954481115,0.603855590606,0.665156137797,0.35971096418,2.5,1.84914057127,0.665156137797,2.5,0.296598779422,0.263843648208,459,0.0323467230444,0.385590427152,45,45,45,1,0,0.333333333333,0.355555555556,0.311111111111,45,292,0.147474747475,1.80985875011,12.9777777778,10.4285714286,10.4285714286,7.42382188048,0.572041069558,0.304414003044,7.35657474095,1.13371871008,0.587366818874,8.03577857919,1.23839053446,0.630593607306,0.677527972147,0.374354060562,2.15384615385,1.88886935988,0.657999016311,2.15384615385,0.267465062593,0.230571612075,359,0.0252995066949,0.381922144032,45,41,41,0.911111111111,0,0.288888888889,0.333333333333,0.288888888889,-25,-0.0126262626263,-0.0392818211631,-1.11111111111,-0.138095238095,0.202764976959,-0.200368753826,0.0308918920437,0.0168570454556,-0.494179581683,0.0192583172752,0.00482212907346,-0.273459312667,0.0588457233173,0.0267380166996,0.0123718343506,0.0146430963821,-0.346153846154,0.0397287886038,-0.00715712148583,-0.346153846154,-0.0291337168288,-0.033272036134,-100,-0.00704721634954,-0.00366828312075,-0.0444444444444,-0.0222222222222,-0.0222222222222,284,8,33,1655,0.895899053628,0.995189416717,0.00481058328322,0.104100946372,0.972602739726,0.895899053628,0.932676518883,0.921550063295,0.891088470345,0.873846153846,197,222,0,0,0,0
124,WLNM_dir_neg,0.948522847171,0.173450873133,00:00:03,10,30,24,1315778299,fixed,0.5,0.984375,0.851351351351,0.913043478261,189,3,33,441,0.851351351351,0.993243243243,0.00675675675676,0.148648648649,0.984375,0.851351351351,0.913043478261,0.945945945946,0.570570570571,0.874125874126,0.878974922598,0.844594594595,317,95,222,0,317,0,95,0,222,45,317,0.160101010101,1.84914057127,14.0888888889,10.5666666667,10.2258064516,7.62419063431,0.541149177514,0.287556957589,7.85075432263,1.1144603928,0.5825446898,8.30923789185,1.17954481115,0.603855590606,0.665156137797,0.35971096418,2.5,1.84914057127,0.665156137797,2.5,0.296598779422,0.263843648208,459,0.0323467230444,0.385590427152,45,45,45,1,0,0.333333333333,0.355555555556,0.311111111111,45,287,0.144949494949,1.53165605873,12.7555555556,13.0454545455,10.25,7.58034406618,0.594277844909,0.314518002323,7.55672153808,1.18485180911,0.603329461866,8.31014956897,1.30298512405,0.644676732482,0.558510052385,0.364644561814,1.5,1.62959270113,0.554636127138,1.5,0.189899864354,0.174896671742,268,0.0188865398168,0.629671005141,45,38,38,0.844444444444,0,0.355555555556,0.266666666667,0.222222222222,-30,-0.0151515151515,-0.317484512545,-1.33333333333,2.47878787879,0.0241935483871,-0.0438465681324,0.0531286673953,0.0269610447344,-0.294032784556,0.0703914163034,0.0207847720658,0.000911677111279,0.123440312907,0.0408211418752,-0.106646085411,0.00493359763456,-1,-0.219547870148,-0.110520010659,-1,-0.106698915068,-0.088946976466,-191,-0.0134601832276,0.244080577988,0.0222222222222,-0.0888888888889,-0.0888888888889,284,3,33,1660,0.895899053628,0.998196031269,0.00180396873121,0.104100946372,0.989547038328,0.895899053628,0.940397350993,0.931300928063,0.894095084897,0.8875,192,222,0,0,0,0
125,WLNM_dir_neg,0.966769133999,0.291743920036,00:00:03,10,30,25,1315778300,fixed,0.5,0.932038834951,0.864864864865,0.897196261682,192,14,30,430,0.864864864865,0.968468468468,0.0315315315315,0.135135135135,0.932038834951,0.864864864865,0.897196261682,0.933933933934,0.563563563564,0.848623853211,0.849912467869,0.833333333333,317,95,222,0,317,0,95,0,222,45,317,0.160101010101,1.84914057127,14.0888888889,10.5666666667,10.2258064516,7.62419063431,0.541149177514,0.287556957589,7.85075432263,1.1144603928,0.5825446898,8.30923789185,1.17954481115,0.603855590606,0.665156137797,0.35971096418,2.5,1.84914057127,0.665156137797,2.5,0.296598779422,0.263843648208,459,0.0323467230444,0.385590427152,45,45,45,1,0,0.333333333333,0.355555555556,0.311111111111,45,301,0.15202020202,1.61840715837,13.3777777778,12.04,8.6,7.42320957565,0.554891081236,0.295607235142,7.84457607123,1.17277715351,0.61188630491,7.79808316255,1.16582638643,0.595496493171,0.570707088259,0.35263504941,1.47811503935,1.66257909826,0.565294194373,1.47811503935,0.222226961731,0.248919085855,403,0.0284002818887,0.447851588593,45,42,42,0.933333333333,0,0.377777777778,0.4,0.155555555556,-16,-0.00808080808081,-0.230733412901,-0.711111111111,1.47333333333,-1.62580645161,-0.200981058658,0.0137419037224,0.00805027755362,-0.00617825139938,0.0583167607039,0.0293416151094,-0.511154729301,-0.0137184247183,-0.00835909743547,-0.0944490495382,-0.0070759147695,-1.02188496065,-0.186561473017,-0.0998619434241,-1.02188496065,-0.0743718176904,-0.014924562353,-56,-0.00394644115574,0.062261161441,0.0444444444444,0.0444444444444,-0.155555555556,287,14,30,1649,0.905362776025,0.991581479254,0.00841852074564,0.0946372239748,0.953488372093,0.905362776025,0.928802588997,0.916078335405,0.89694425528,0.867069486405,206,222,0,0,0,0
126,WLNM_dir_neg,0.956948502557,0.215595881841,00:00:03,10,30,26,1315778301,fixed,0.5,0.968911917098,0.842342342342,0.901204819277,187,6,35,438,0.842342342342,0.986486486486,0.0135135135135,0.157657657658,0.968911917098,0.842342342342,0.901204819277,0.938438438438,0.57007007007,0.85681024447,0.861238817469,0.828828828829,317,95,222,0,317,0,95,0,222,45,317,0.160101010101,1.84914057127,14.0888888889,10.5666666667,10.2258064516,7.62419063431,0.541149177514,0.287556957589,7.85075432263,1.1144603928,0.5825446898,8.30923789185,1.17954481115,0.603855590606,0.665156137797,0.35971096418,2.5,1.84914057127,0.665156137797,2.5,0.296598779422,0.263843648208,459,0.0323467230444,0.385590427152,45,45,45,1,0,0.333333333333,0.355555555556,0.311111111111,45,288,0.145454545455,1.88326406893,12.8,11.52,11.0769230769,7.6235281739,0.595588138586,0.317978395062,7.32492631052,1.14451973602,0.591975308642,8.06338525795,1.25990394656,0.637654320988,0.906764535398,0.481485602767,3.42421362079,2.01915084876,0.899951587055,3.42421362079,0.189856690914,0.198847262248,299,0.0210711768851,0.450513187105,45,39,39,0.866666666667,0,0.311111111111,0.266666666667,0.288888888889,-29,-0.0146464646465,0.0341234976554,-1.28888888889,0.953333333333,0.85111662531,-0.000662460413131,0.0544389610716,0.0304214374732,-0.525828012113,0.0300593432159,0.00943061884176,-0.245852633901,0.0803591354087,0.0337987303813,0.241608397601,0.121774638587,0.924213620786,0.170010277491,0.234795449258,0.924213620786,-0.106742088507,-0.0649963859606,-160,-0.0112755461593,0.064922759953,-0.0222222222222,-0.0888888888889,-0.0222222222222,282,6,35,1657,0.889589905363,0.996392062538,0.00360793746242,0.110410094637,0.979166666667,0.889589905363,0.932231404959,0.921518833271,0.8859819679,0.87306501548,193,222,0,0,0,0
127,WLNM_dir_neg,0.929226523821,0.227479099852,00:00:03,10,30,27,1315778302,fixed,0.5,0.972972972973,0.810810810811,0.884520884521,180,5,42,439,0.810810810811,0.988738738739,0.0112612612613,0.189189189189,0.972972972973,0.810810810811,0.884520884521,0.929429429429,0.574074074074,0.834312573443,0.841501613119,0.79954954955,317,95,222,0,317,0,95,0,222,45,317,0.160101010101,1.84914057127,14.0888888889,10.5666666667,10.2258064516,7.62419063431,0.541149177514,0.287556957589,7.85075432263,1.1144603928,0.5825446898,8.30923789185,1.17954481115,0.603855590606,0.665156137797,0.35971096418,2.5,1.84914057127,0.665156137797,2.5,0.296598779422,0.263843648208,459,0.0323467230444,0.385590427152,45,45,45,1,0,0.333333333333,0.355555555556,0.311111111111,45,280,0.141414141414,1.64990647864,12.4444444444,11.2,12.1739130435,7.60847480701,0.611395296992,0.324285714286,7.09958029774,1.14100397642,0.583333333333,8.5250670189,1.37010005661,0.667777777778,0.594058634592,0.360055943947,1.35743108576,1.78460532052,0.570039601856,1.35743108576,0.181286978784,0.176311641522,261,0.0183932346723,0.507843998036,45,36,36,0.8,0,0.288888888889,0.222222222222,0.333333333333,-37,-0.0186868686869,-0.199234092632,-1.64444444444,0.633333333333,1.94810659187,-0.0157158273,0.0702461194778,0.0367287566972,-0.751174024894,0.0265435836195,0.000788643533123,0.215829127047,0.190555245463,0.0639221871714,-0.0710975032053,0.000344979767154,-1.14256891424,-0.0645352507492,-0.0951165359409,-1.14256891424,-0.115311800638,-0.0875320066863,-198,-0.0139534883721,0.122253570883,-0.0444444444444,-0.133333333333,0.0222222222222,275,5,42,1658,0.867507886435,0.996993385448,0.00300661455201,0.132492113565,0.982142857143,0.867507886435,0.921273031826,0.909783206294,0.864501271883,0.854037267081,185,222,0,0,0,0
128,WLNM_dir_neg,0.952540378216,0.363015439733,00:00:03,10,30,28,1315778303,fixed,0.5,1,0.792792792793,0.884422110553,176,0,46,444,0.792792792793,1,0,0.207207207207,1,0.792792792793,0.884422110553,0.930930930931,0.578578578579,0.836104513064,0.847565541382,0.792792792793,317,95,222,0,317,0,95,0,222,45,317,0.160101010101,1.84914057127,14.0888888889,10.5666666667,10.2258064516,7.62419063431,0.541149177514,0.287556957589,7.85075432263,1.1144603928,0.5825446898,8.30923789185,1.17954481115,0.603855590606,0.665156137797,0.35971096418,2.5,1.84914057127,0.665156137797,2.5,0.296598779422,0.263843648208,459,0.0323467230444,0.385590427152,45,45,45,1,0,0.333333333333,0.355555555556,0.311111111111,45,271,0.136868686869,1.561458273,12.0444444444,12.3181818182,11.7826086957,7.39457895893,0.613941057475,0.330053300533,7.13661776553,1.18504723044,0.609922099221,7.70032138907,1.27865115317,0.647478474785,0.591870827934,0.379050044545,1.55082185117,1.68285465635,0.585627209299,1.55082185117,0.191388073618,0.208791208791,285,0.0200845665962,0.539770450363,45,37,37,0.822222222222,0,0.333333333333,0.177777777778,0.311111111111,-46,-0.0232323232323,-0.287682298277,-2.04444444444,1.75151515152,1.55680224404,-0.229611675382,0.0727918799614,0.0424963429445,-0.714136557101,0.0705868376361,0.0273774094208,-0.608916502786,0.0991063420198,0.0436228841784,-0.0732853098625,0.019339080365,-0.949178148831,-0.166285914926,-0.0795289284984,-0.949178148831,-0.105210705803,-0.0550524394173,-174,-0.0122621564482,0.154180023211,0,-0.177777777778,0,271,0,46,1663,0.854889589905,1,0,0.145110410095,1,0.854889589905,0.921768707483,0.912074066936,0.854889589905,0.854889589905,176,222,0,0,0,0
129,WLNM_dir_neg,0.92968306144,0.185166508311,00:00:03,10,30,29,1315778304,fixed,0.5,0.973821989529,0.837837837838,0.900726392252,186,5,36,439,0.837837837838,0.988738738739,0.0112612612613,0.162162162162,0.973821989529,0.837837837838,0.900726392252,0.938438438438,0.571071071071,0.856476079347,0.861564067613,0.826576576577,317,95,222,0,317,0,95,0,222,45,317,0.160101010101,1.84914057127,14.0888888889,10.5666666667,10.2258064516,7.62419063431,0.541149177514,0.287556957589,7.85075432263,1.1144603928,0.5825446898,8.30923789185,1.17954481115,0.603855590606,0.665156137797,0.35971096418,2.5,1.84914057127,0.665156137797,2.5,0.296598779422,0.263843648208,459,0.0323467230444,0.385590427152,45,45,45,1,0,0.333333333333,0.355555555556,0.311111111111,45,286,0.144444444444,1.83077102269,12.7111111111,11.9166666667,11,7.88157293433,0.620053814764,0.331002331002,7.648991483,1.20351264593,0.615384615385,7.6904768606,1.21004006548,0.621445221445,0.829490039238,0.453082351074,2.47872287009,2.01039718975,0.808961856252,2.47872287009,0.259862338251,0.271831910703,414,0.0291754756871,0.449604579431,45,37,37,0.822222222222,0,0.288888888889,0.288888888889,0.244444444444,-31,-0.0156565656566,-0.0183695485865,-1.37777777778,1.35,0.774193548387,0.257382300023,0.0789046372498,0.0434453734138,-0.201762839629,0.0890522531244,0.0328399255844,-0.618761031254,0.0304952543326,0.0175896308388,0.164333901441,0.0933713868945,-0.0212771299056,0.161256618481,0.143805718455,-0.0212771299056,-0.0367364411712,0.00798826249409,-45,-0.00317124735729,0.0640141522791,-0.0444444444444,-0.0666666666667,-0.0666666666667,281,5,36,1658,0.88643533123,0.996993385448,0.00300661455201,0.11356466877,0.982517482517,0.88643533123,0.932006633499,0.921525905606,0.883428716678,0.872670807453,191,222,0,0,0,0
130,WLNM_dir_neg,0.954285366448,0.176063777982,00:00:02,10,30,30,1315778305,fixed,0.5,0.974226804124,0.851351351351,0.908653846154,189,5,33,439,0.851351351351,0.988738738739,0.0112612612613,0.148648648649,0.974226804124,0.851351351351,0.908653846154,0.942942942943,0.56956956957,0.867441860465,0.871609529212,0.84009009009,317,95,222,0,317,0,95,0,222,45,317,0.160101010101,1.84914057127,14.0888888889,10.5666666667,10.2258064516,7.62419063431,0.541149177514,0.287556957589,7.85075432263,1.1144603928,0.5825446898,8.30923789185,1.17954481115,0.603855590606,0.665156137797,0.35971096418,2.5,1.84914057127,0.665156137797,2.5,0.296598779422,0.263843648208,459,0.0323467230444,0.385590427152,45,45,45,1,0,0.333333333333,0.355555555556,0.311111111111,45,289,0.14595959596,1.65645679363,12.8444444444,12.0416666667,10.3214285714,7.52557927567,0.585901500701,0.311495578624,7.48176233763,1.16498029479,0.599461745483,8.29975051347,1.29234869587,0.642368319877,0.644045380146,0.388809042665,2.16666666667,1.75745014649,0.633859442066,2.16666666667,0.165787354642,0.18231322152,279,0.0196617336152,0.530780316399,45,39,39,0.866666666667,0,0.333333333333,0.288888888889,0.244444444444,-28,-0.0141414141414,-0.192683777648,-1.24444444444,1.475,0.0956221198157,-0.0986113586422,0.0447523231867,0.0239386210351,-0.368991985004,0.0505199019837,0.0169170556823,-0.00948737838394,0.112803884723,0.0385127292706,-0.0211107576509,0.0290980784855,-0.333333333333,-0.0916904247826,-0.0312966957306,-0.333333333333,-0.13081142478,-0.0815304266881,-180,-0.0126849894292,0.145189889247,0,-0.0666666666667,-0.0666666666667,284,5,33,1658,0.895899053628,0.996993385448,0.00300661455201,0.104100946372,0.982698961938,0.895899053628,0.937293729373,0.927372420212,0.892892439076,0.88198757764,194,222,0,0,0,0
131,WLNM_dir_neg,0.854476097719,0.282985535634,00:00:02,10,30,31,1315778306,fixed,0.5,0.982456140351,0.756756756757,0.854961832061,168,3,54,441,0.756756756757,0.993243243243,0.00675675675676,0.243243243243,0.982456140351,0.756756756757,0.854961832061,0.914414414414,0.581081081081,0.795698924731,0.809335482631,0.75,317,95,222,0,317,0,95,0,222,45,317,0.160101010101,1.84914057127,14.0888888889,10.5666666667,10.2258064516,7.62419063431,0.541149177514,0.287556957589,7.85075432263,1.1144603928,0.5825446898,8.30923789185,1.17954481115,0.603855590606,0.665156137797,0.35971096418,2.5,1.84914057127,0.665156137797,2.5,0.296598779422,0.263843648208,459,0.0323467230444,0.385590427152,45,45,45,1,0,0.333333333333,0.355555555556,0.311111111111,45,266,0.134343434343,1.8879198173,11.8222222222,10.2307692308,11.0833333333,7.06878184468,0.597923276336,0.320384294069,6.86169281467,1.16081269421,0.599832915622,7.68653551887,1.30035375319,0.652297410192,0.816218520723,0.432337492961,2.61654179792,2.0251682047,0.802943495437,2.61654179792,0.190404929027,0.13303594857,169,0.0119097956307,0.392199313243,45,38,38,0.844444444444,0,0.311111111111,0.222222222222,0.355555555556,-51,-0.0257575757576,0.0387792460269,-2.26666666667,-0.335897435897,0.85752688172,-0.555408789629,0.0567740988217,0.03282733648,-0.989061507968,0.0463523014075,0.0172882258222,-0.622702372986,0.120808942045,0.0484418195858,0.151062382926,0.0726265287811,0.116541797923,0.176027633424,0.13778735764,0.116541797923,-0.106193850395,-0.130807699639,-290,-0.0204369274137,0.00660888609036,-0.0222222222222,-0.133333333333,0.0444444444444,263,3,54,1660,0.829652996845,0.998196031269,0.00180396873121,0.170347003155,0.988721804511,0.829652996845,0.902229845626,0.890185819715,0.827849028114,0.821875,171,222,0,0,0,0
132,WLNM_dir_neg,0.926634404675,0.278115371811,00:00:03,10,30,32,1315778307,fixed,0.5,0.946808510638,0.801801801802,0.868292682927,178,10,44,434,0.801801801802,0.977477477477,0.0225225225225,0.198198198198,0.946808510638,0.801801801802,0.868292682927,0.918918918919,0.572572572573,0.810304449649,0.816146698271,0.779279279279,317,95,222,0,317,0,95,0,222,45,317,0.160101010101,1.84914057127,14.0888888889,10.5666666667,10.2258064516,7.62419063431,0.541149177514,0.287556957589,7.85075432263,1.1144603928,0.5825446898,8.30923789185,1.17954481115,0.603855590606,0.665156137797,0.35971096418,2.5,1.84914057127,0.665156137797,2.5,0.296598779422,0.263843648208,459,0.0323467230444,0.385590427152,45,45,45,1,0,0.333333333333,0.355555555556,0.311111111111,45,283,0.142929292929,1.84592756895,12.5777777778,11.7916666667,10.1071428571,7.56333526984,0.601325242302,0.321083627797,7.28205210283,1.15792347925,0.599293286219,7.74485818352,1.23151455215,0.628032979976,0.843225362212,0.456803060096,2.6618388423,2.02963168341,0.833613327897,2.6618388423,0.225607756393,0.214435879467,306,0.0215644820296,0.447606884362,45,36,36,0.8,0,0.311111111111,0.311111111111,0.222222222222,-34,-0.0171717171717,-0.0032130023253,-1.51111111111,1.225,-0.11866359447,-0.0608553644666,0.0601760647879,0.0335266702089,-0.568702219806,0.0434630864452,0.0167485964189,-0.564379708335,0.0519697410032,0.0241773893701,0.178069224415,0.0970920959164,0.161838842303,0.180491112134,0.1684571901,0.161838842303,-0.0709910230284,-0.0494077687411,-153,-0.0107822410148,0.0620164572097,-0.0222222222222,-0.0444444444444,-0.0888888888889,273,10,44,1653,0.86119873817,0.993986770896,0.00601322910403,0.13880126183,0.964664310954,0.86119873817,0.91,0.895987498371,0.855185509066,0.834862385321,188,222,0,0,0,0
133,WLNM_dir_neg,0.900606687769,0.252821331578,00:00:03,10,30,33,1315778308,fixed,0.5,0.920792079208,0.837837837838,0.877358490566,186,16,36,428,0.837837837838,0.963963963964,0.036036036036,0.162162162162,0.920792079208,0.837837837838,0.877358490566,0.921921921922,0.565565565566,0.820276497696,0.82224326553,0.801801801802,317,95,222,0,317,0,95,0,222,45,317,0.160101010101,1.84914057127,14.0888888889,10.5666666667,10.2258064516,7.62419063431,0.541149177514,0.287556957589,7.85075432263,1.1144603928,0.5825446898,8.30923789185,1.17954481115,0.603855590606,0.665156137797,0.35971096418,2.5,1.84914057127,0.665156137797,2.5,0.296598779422,0.263843648208,459,0.0323467230444,0.385590427152,45,45,45,1,0,0.333333333333,0.355555555556,0.311111111111,45,297,0.15,1.77177086368,13.2,11,11,7.8265283143,0.592918811689,0.320389075945,7.49969696357,1.13631772175,0.598279087168,8.02949109675,1.21658956011,0.625664047886,0.671636711053,0.379076507478,2.15178571429,1.86824222163,0.65040023389,2.15178571429,0.270202913823,0.331777597403,545,0.038407329105,0.385807466646,45,40,40,0.888888888889,0,0.288888888889,0.311111111111,0.288888888889,-20,-0.010101010101,-0.0773697075982,-0.888888888889,0.433333333333,0.774193548387,0.202337679992,0.0517696341754,0.0328321183561,-0.351057359058,0.021857328951,0.0157343973678,-0.279746795108,0.0370447489665,0.0218084572799,0.006480573256,0.0193655432979,-0.348214285714,0.0191016503612,-0.0147559039065,-0.348214285714,-0.0263958655993,0.0679339491941,86,0.00606060606061,0.000217039493434,-0.0444444444444,-0.0444444444444,-0.0222222222222,281,16,36,1647,0.88643533123,0.990378833434,0.00962116656645,0.11356466877,0.946127946128,0.88643533123,0.915309446254,0.900457107001,0.876814164664,0.843843843844,202,222,0,0,0,0
134,WLNM_dir_neg,0.948811987663,0.297028980463,00:00:03,10,30,34,1315778309,fixed,0.5,0.909090909091,0.855855855856,0.881670533643,190,19,32,425,0.855855855856,0.957207207207,0.0427927927928,0.144144144144,0.909090909091,0.855855855856,0.881670533643,0.923423423423,0.562062062062,0.825142857143,0.82596369982,0.813063063063,317,95,222,0,317,0,95,0,222,45,317,0.160101010101,1.84914057127,14.0888888889,10.5666666667,10.2258064516,7.62419063431,0.541149177514,0.287556957589,7.85075432263,1.1144603928,0.5825446898,8.30923789185,1.17954481115,0.603855590606,0.665156137797,0.35971096418,2.5,1.84914057127,0.665156137797,2.5,0.296598779422,0.263843648208,459,0.0323467230444,0.385590427152,45,45,45,1,0,0.333333333333,0.355555555556,0.311111111111,45,304,0.153535353535,2.64140836283,13.5111111111,9.21212121212,8.21621621622,7.95619319153,0.588862982926,0.311549707602,7.77278338925,1.15057648854,0.58567251462,7.91188851021,1.1711677071,0.600292397661,1.12231347779,0.424892074084,4,2.71775293785,1.0887168484,4,0.315441198175,0.287150613312,476,0.0335447498238,0.276346884803,45,43,43,0.955555555556,0,0.222222222222,0.6,0.133333333333,-13,-0.00656565656566,0.792267791558,-0.577777777778,-1.35454545455,-2.0095902354,0.332002557225,0.047713805412,0.0239927500138,-0.0779709333857,0.0361160957371,0.00312782481967,-0.397349381646,-0.00837710404324,-0.00356319294556,0.45715733999,0.0651811099045,1.5,0.868612366573,0.423560710604,1.5,0.0188424187532,0.0233069651034,17,0.00119802677942,-0.109243542349,-0.111111111111,0.244444444444,-0.177777777778,285,19,32,1644,0.89905362776,0.988574864702,0.0114251352977,0.10094637224,0.9375,0.89905362776,0.917874396135,0.902886565947,0.887628492463,0.848214285714,209,222,0,0,0,0
135,WLNM_dir_neg,0.905861943024,0.330600381209,00:00:02,10,30,35,1315778310,fixed,0.5,0.971590909091,0.77027027027,0.859296482412,171,5,51,439,0.77027027027,0.988738738739,0.0112612612613,0.22972972973,0.971590909091,0.77027027027,0.859296482412,0.915915915916,0.578578578579,0.800475059382,0.811447691608,0.759009009009,317,95,222,0,317,0,95,0,222,45,317,0.160101010101,1.84914057127,14.0888888889,10.5666666667,10.2258064516,7.62419063431,0.541149177514,0.287556957589,7.85075432263,1.1144603928,0.5825446898,8.30923789185,1.17954481115,0.603855590606,0.665156137797,0.35971096418,2.5,1.84914057127,0.665156137797,2.5,0.296598779422,0.263843648208,459,0.0323467230444,0.385590427152,45,45,45,1,0,0.333333333333,0.355555555556,0.311111111111,45,271,0.136868686869,1.61872696485,12.0444444444,11.7826086957,10.84,7.55872631032,0.62756952761,0.339401394014,7.1270575622,1.1834597428,0.609922099221,7.82910911247,1.30003656849,0.654530545305,0.637804974293,0.394016401865,2.21778274452,1.76693466909,0.631045308891,2.21778274452,0.191401220039,0.212472806381,293,0.0206483439042,0.495434349541,45,35,35,0.777777777778,0,0.311111111111,0.244444444444,0.266666666667,-46,-0.0232323232323,-0.230413606422,-2.04444444444,1.21594202899,0.614193548387,-0.0654643239876,0.0864203500957,0.0518444364254,-0.723696760431,0.0689993499984,0.0273774094208,-0.480128779385,0.120491757345,0.0506749546991,-0.0273511635042,0.0343054376852,-0.282217255476,-0.0822059021786,-0.0341108289059,-0.282217255476,-0.105197559383,-0.051370841827,-166,-0.0116983791402,0.109843922388,-0.0222222222222,-0.111111111111,-0.0444444444444,266,5,51,1658,0.839116719243,0.996993385448,0.00300661455201,0.160883280757,0.981549815498,0.839116719243,0.904761904762,0.892038401913,0.836110104691,0.826086956522,176,222,0,0,0,0
136,WLNM_dir_neg,0.943830654979,0.168915795523,00:00:03,10,30,36,1315778311,fixed,0.5,0.955882352941,0.878378378378,0.915492957746,195,9,27,435,0.878378378378,0.97972972973,0.0202702702703,0.121621621622,0.955882352941,0.878378378378,0.915492957746,0.945945945946,0.564564564565,0.875862068966,0.877554113606,0.858108108108,317,95,222,0,317,0,95,0,222,45,317,0.160101010101,1.84914057127,14.0888888889,10.5666666667,10.2258064516,7.62419063431,0.541149177514,0.287556957589,7.85075432263,1.1144603928,0.5825446898,8.30923789185,1.17954481115,0.603855590606,0.665156137797,0.35971096418,2.5,1.84914057127,0.665156137797,2.5,0.296598779422,0.263843648208,459,0.0323467230444,0.385590427152,45,45,45,1,0,0.333333333333,0.355555555556,0.311111111111,45,299,0.15101010101,2.44393167925,13.2888888889,9.06060606061,11.5,7.39047981657,0.556139785528,0.290078037904,7.27434956654,1.09480177423,0.566332218506,8.26040818812,1.2432052457,0.630843552583,0.927455969451,0.379493411099,3.11989007214,2.52326013253,0.900087020731,3.11989007214,0.208262796524,0.20415879017,324,0.0228329809725,0.357487786283,45,42,42,0.933333333333,0,0.244444444444,0.333333333333,0.4,-18,-0.00909090909091,0.594791107979,-0.8,-1.50606060606,1.27419354839,-0.233710817735,0.0149906080141,0.00252108031562,-0.576404756097,-0.019658618575,-0.0162124712941,-0.0488297037357,0.063660434557,0.0269879619763,0.262299831654,0.0197824469187,0.61989007214,0.674119561259,0.234930882934,0.61989007214,-0.0883359828979,-0.0596848580383,-135,-0.00951374207188,-0.0281026408695,-0.0888888888889,-0.0222222222222,0.0888888888889,290,9,27,1654,0.914826498423,0.994588093806,0.00541190619363,0.0851735015773,0.969899665552,0.914826498423,0.941558441558,0.931361375499,0.909414592229,0.889570552147,204,222,0,0,0,0
137,WLNM_dir_neg,0.974261423586,0.370607751462,00:00:02,10,30,37,1315778312,fixed,0.5,0.972677595628,0.801801801802,0.879012345679,178,5,44,439,0.801801801802,0.988738738739,0.0112612612613,0.198198198198,0.972677595628,0.801801801802,0.879012345679,0.926426426426,0.575075075075,0.826855123675,0.834820314035,0.790540540541,317,95,222,0,317,0,95,0,222,45,317,0.160101010101,1.84914057127,14.0888888889,10.5666666667,10.2258064516,7.62419063431,0.541149177514,0.287556957589,7.85075432263,1.1144603928,0.5825446898,8.30923789185,1.17954481115,0.603855590606,0.665156137797,0.35971096418,2.5,1.84914057127,0.665156137797,2.5,0.296598779422,0.263843648208,459,0.0323467230444,0.385590427152,45,45,45,1,0,0.333333333333,0.355555555556,0.311111111111,45,278,0.140404040404,1.80273200227,12.3555555556,10.2962962963,10.6923076923,7.42280134437,0.600766295857,0.322142286171,7.2371795388,1.17148589657,0.610071942446,7.97521412904,1.29095192736,0.642845723421,0.725402143611,0.402390451102,2,1.88104731957,0.712814568494,2,0.196774374767,0.199717713479,283,0.0199436222692,0.417001888179,45,41,41,0.911111111111,0,0.311111111111,0.266666666667,0.333333333333,-39,-0.019696969697,-0.0464085689992,-1.73333333333,-0.27037037037,0.466501240695,-0.201389289939,0.0596171183432,0.0345853285826,-0.613574783837,0.0570255037649,0.0275272526458,-0.334023762815,0.111407116216,0.0389901328149,0.0602460058137,0.0426794869218,-0.5,0.0319067482958,0.0476584306967,-0.5,-0.0998244046546,-0.0641259347293,-176,-0.0124031007752,0.0314114610269,-0.0222222222222,-0.0888888888889,0.0222222222222,273,5,44,1658,0.86119873817,0.996993385448,0.00300661455201,0.13880126183,0.982014388489,0.86119873817,0.917647058824,0.905853786845,0.858192123618,0.847826086957,183,222,0,0,0,0
138,WLNM_dir_neg,0.917549306063,0.270492907936,00:00:03,10,30,38,1315778313,fixed,0.5,0.939226519337,0.765765765766,0.843672456576,170,11,52,433,0.765765765766,0.975225225225,0.0247747747748,0.234234234234,0.939226519337,0.765765765766,0.843672456576,0.905405405405,0.576076076076,0.776859504132,0.785182738324,0.740990990991,317,95,222,0,317,0,95,0,222,45,317,0.160101010101,1.84914057127,14.0888888889,10.5666666667,10.2258064516,7.62419063431,0.541149177514,0.287556957589,7.85075432263,1.1144603928,0.5825446898,8.30923789185,1.17954481115,0.603855590606,0.665156137797,0.35971096418,2.5,1.84914057127,0.665156137797,2.5,0.296598779422,0.263843648208,459,0.0323467230444,0.385590427152,45,45,45,1,0,0.333333333333,0.355555555556,0.311111111111,45,276,0.139393939394,1.88024340982,12.2666666667,11.5,8.90322580645,7.66752300883,0.625069810502,0.338486312399,6.99220345034,1.14003317125,0.593397745572,7.78868643377,1.26989452725,0.637520128824,0.931350545349,0.495335093577,3.44953357689,2.04239351163,0.926243339004,3.44953357689,0.210989178397,0.240599714422,337,0.023749119098,0.47036811686,45,38,38,0.844444444444,0,0.311111111111,0.377777777778,0.155555555556,-41,-0.0207070707071,0.0311028385438,-1.82222222222,0.933333333333,-1.32258064516,0.0433323745193,0.0839206329883,0.0509293548109,-0.858550872296,0.0255727784478,0.0108530557714,-0.520551458082,0.090349716099,0.0336645382181,0.266194407552,0.135624129397,0.94953357689,0.193252940352,0.261087201208,0.94953357689,-0.0856096010244,-0.0232439337868,-122,-0.00859760394644,0.0847776897081,-0.0222222222222,0.0222222222222,-0.155555555556,265,11,52,1652,0.83596214511,0.993385447986,0.00661455201443,0.16403785489,0.960144927536,0.83596214511,0.893760539629,0.878057603639,0.829347593096,0.807926829268,181,222,0,0,0,0
139,WLNM_dir_neg,0.960052958364,0.14106770042,00:00:03,10,30,39,1315778314,fixed,0.5,0.924170616114,0.878378378378,0.900692840647,195,16,27,428,0.878378378378,0.963963963964,0.036036036036,0.121621621622,0.924170616114,0.878378378378,0.900692840647,0.935435435435,0.561061061061,0.852907639681,0.853512092191,0.842342342342,317,95,222,0,317,0,95,0,222,45,317,0.160101010101,1.84914057127,14.0888888889,10.5666666667,10.2258064516,7.62419063431,0.541149177514,0.287556957589,7.85075432263,1.1144603928,0.5825446898,8.30923789185,1.17954481115,0.603855590606,0.665156137797,0.35971096418,2.5,1.84914057127,0.665156137797,2.5,0.296598779422,0.263843648208,459,0.0323467230444,0.385590427152,45,45,45,1,0,0.333333333333,0.355555555556,0.311111111111,45,306,0.154545454545,3.24357645836,13.6,9.87096774194,10.9285714286,8.25006887024,0.606622711047,0.327160493827,7.63246653806,1.12242154971,0.585911401598,8.13968951831,1.19701316446,0.61568627451,1.59656875358,0.492224793859,4.94466362853,3.58874206734,1.42634197182,4.94466362853,0.21056853153,0.278840222085,452,0.0318534178999,0.340969844757,45,39,39,0.866666666667,0,0.177777777778,0.444444444444,0.244444444444,-11,-0.00555555555556,1.39443588709,-0.488888888889,-0.695698924731,0.702764976959,0.625878235927,0.0654735335327,0.0396035362387,-0.218287784577,0.00796115691131,0.00336671179747,-0.169548373541,0.0174683533113,0.0118306839034,0.931412615787,0.132513829679,2.44466362853,1.73960149607,0.761185834026,2.44466362853,-0.0860302478918,0.0149965738767,-7,-0.000493305144468,-0.0446205823949,-0.155555555556,0.0888888888889,-0.0666666666667,290,16,27,1647,0.914826498423,0.990378833434,0.00962116656645,0.0851735015773,0.947712418301,0.914826498423,0.930979133226,0.918299650503,0.905205331856,0.870870870871,211,222,0,0,0,0
140,WLNM_dir_neg,0.908646822498,0.39104550387,00:00:02,10,30,40,1315778315,fixed,0.5,0.927710843373,0.693693693694,0.79381443299,154,12,68,432,0.693693693694,0.972972972973,0.027027027027,0.306306306306,0.927710843373,0.693693693694,0.79381443299,0.87987987988,0.583583583584,0.711538461538,0.726503426637,0.666666666667,317,95,222,0,317,0,95,0,222,45,317,0.160101010101,1.84914057127,14.0888888889,10.5666666667,10.2258064516,7.62419063431,0.541149177514,0.287556957589,7.85075432263,1.1144603928,0.5825446898,8.30923789185,1.17954481115,0.603855590606,0.665156137797,0.35971096418,2.5,1.84914057127,0.665156137797,2.5,0.296598779422,0.263843648208,459,0.0323467230444,0.385590427152,45,45,45,1,0,0.333333333333,0.355555555556,0.311111111111,45,261,0.131818181818,1,11.6,9,9.32142857143,7.142701297,0.61575011181,0.327628778203,6.89729854891,1.18918940498,0.610813111963,6.93344988247,1.19542239353,0.620689655172,0,0,0,NaN,NaN,NaN,0.269098335691,0.240032768979,293,0.0206483439042,0.277837283918,45,40,0,0.888888888889,2,0.244444444444,0.377777777778,0.266666666667,-56,-0.0282828282828,-0.849140571273,-2.48888888889,-1.56666666667,-0.904377880184,-0.481489337308,0.0746009342964,0.040071820615,-0.953455773728,0.0747290121808,0.0282684221623,-1.37578800938,0.0158775823828,0.016834064566,-0.665156137797,-0.35971096418,-2.5,NaN,NaN,NaN,-0.0275004437312,-0.0238108792298,-166,-0.0116983791402,-0.107753143235,-0.0888888888889,0.0222222222222,-0.0444444444444,249,12,68,1651,0.785488958991,0.992784125075,0.00721587492483,0.214511041009,0.954022988506,0.785488958991,0.861591695502,0.843625259419,0.778273084066,0.756838905775,166,222,0,0,0,0
141,WLNM_dir_neg,0.92797358169,0.224253917013,00:00:03,10,30,41,1315778316,fixed,0.5,0.989528795812,0.851351351351,0.915254237288,189,2,33,442,0.851351351351,0.995495495495,0.0045045045045,0.148648648649,0.989528795812,0.851351351351,0.915254237288,0.947447447447,0.571071071071,0.87747957993,0.88269234175,0.846846846847,317,95,222,0,317,0,95,0,222,45,317,0.160101010101,1.84914057127,14.0888888889,10.5666666667,10.2258064516,7.62419063431,0.541149177514,0.287556957589,7.85075432263,1.1144603928,0.5825446898,8.30923789185,1.17954481115,0.603855590606,0.665156137797,0.35971096418,2.5,1.84914057127,0.665156137797,2.5,0.296598779422,0.263843648208,459,0.0323467230444,0.385590427152,45,45,45,1,0,0.333333333333,0.355555555556,0.311111111111,45,286,0.144444444444,1.86469388446,12.7111111111,10.5925925926,13.619047619,7.28829142661,0.573379570275,0.306682206682,7.16416446805,1.12722867504,0.585547785548,8.24663996468,1.29754824619,0.65034965035,0.770747504589,0.413337283407,2.35897435897,1.94905426343,0.755905249123,2.35897435897,0.129944050663,0.172413793103,255,0.0179704016913,0.426444418219,45,41,41,0.911111111111,0,0.311111111111,0.155555555556,0.444444444444,-31,-0.0156565656566,0.0155533131889,-1.37777777778,0.0259259259259,3.39324116743,-0.335899207699,0.0322303927612,0.0191252490937,-0.686589854584,0.0127682822398,0.00300309574758,-0.0625979271739,0.118003435044,0.0464940597433,0.105591366792,0.0536263192271,-0.141025641026,0.0999136921608,0.0907491113265,-0.141025641026,-0.166654728759,-0.091429855105,-204,-0.0143763213531,0.0408539910663,-0.0222222222222,-0.2,0.133333333333,284,2,33,1661,0.895899053628,0.998797354179,0.00120264582081,0.104100946372,0.993006993007,0.895899053628,0.941956882255,0.933279507312,0.894696407807,0.890282131661,191,222,0,0,0,0
142,WLNM_dir_neg,0.931686754322,0.252007931606,00:00:02,10,30,42,1315778317,fixed,0.5,0.840909090909,0.833333333333,0.837104072398,185,35,37,409,0.833333333333,0.921171171171,0.0788288288288,0.166666666667,0.840909090909,0.833333333333,0.837104072398,0.891891891892,0.556556556557,0.756207674944,0.756225015422,0.754504504505,317,95,222,0,317,0,95,0,222,45,317,0.160101010101,1.84914057127,14.0888888889,10.5666666667,10.2258064516,7.62419063431,0.541149177514,0.287556957589,7.85075432263,1.1144603928,0.5825446898,8.30923789185,1.17954481115,0.603855590606,0.665156137797,0.35971096418,2.5,1.84914057127,0.665156137797,2.5,0.296598779422,0.263843648208,459,0.0323467230444,0.385590427152,45,45,45,1,0,0.333333333333,0.355555555556,0.311111111111,45,315,0.159090909091,2.57786499331,14,10.5,9.84375,8.4018396254,0.600131401814,0.320211640212,7.90856842579,1.1297954894,0.588077601411,7.76355120243,1.1090787432,0.584409171076,1.29248551938,0.501378281148,3.57523575962,2.77509811748,1.23515287217,3.57523575962,0.281866265821,0.340163934426,581,0.0409443269908,0.297708721401,45,40,40,0.888888888889,0,0.222222222222,0.488888888889,0.177777777778,-2,-0.0010101010101,0.728724422041,-0.0888888888889,-0.0666666666667,-0.382056451613,0.777648991089,0.0589822243001,0.0326546826231,0.0578141031601,0.0153350965962,0.00553291161072,-0.545686689426,-0.0704660679425,-0.0194464195305,0.627329381582,0.141667316968,1.07523575962,0.925957546205,0.569996734368,1.07523575962,-0.0147325136007,0.0763202862178,122,0.00859760394644,-0.0878817057516,-0.111111111111,0.133333333333,-0.133333333333,280,35,37,1628,0.883280757098,0.978953698136,0.0210463018641,0.116719242902,0.888888888889,0.883280757098,0.886075949367,0.864447720341,0.862234455234,0.795454545455,220,222,0,0,0,0
143,WLNM_dir_neg,0.888356261667,0.375027331522,00:00:03,10,30,43,1315778318,fixed,0.5,0.957055214724,0.702702702703,0.81038961039,156,7,66,437,0.702702702703,0.984234234234,0.0157657657658,0.297297297297,0.957055214724,0.702702702703,0.81038961039,0.89039039039,0.585085085085,0.735826296743,0.753194338272,0.686936936937,317,95,222,0,317,0,95,0,222,45,317,0.160101010101,1.84914057127,14.0888888889,10.5666666667,10.2258064516,7.62419063431,0.541149177514,0.287556957589,7.85075432263,1.1144603928,0.5825446898,8.30923789185,1.17954481115,0.603855590606,0.665156137797,0.35971096418,2.5,1.84914057127,0.665156137797,2.5,0.296598779422,0.263843648208,459,0.0323467230444,0.385590427152,45,45,45,1,0,0.333333333333,0.355555555556,0.311111111111,45,258,0.130303030303,1.91537507009,11.4666666667,9.21428571429,9.92307692308,7.16557426488,0.624904732402,0.331352282515,6.96876146554,1.21548165097,0.622566752799,7.13314924713,1.24415393845,0.63669250646,0.798274870841,0.416772089867,2.62213235866,1.95795065475,0.791094984948,2.62213235866,0.166020084147,0.199180327869,243,0.0171247357294,0.307075470378,45,43,43,0.955555555556,0,0.333333333333,0.244444444444,0.377777777778,-59,-0.029797979798,0.0662344988169,-2.62222222222,-1.35238095238,-0.302729528536,-0.458616369433,0.0837555548879,0.0437953249266,-0.88199285709,0.101021258164,0.0400220629991,-1.17608864473,0.0646091273062,0.0328369158536,0.133118733044,0.057061125687,0.122132358659,0.108810083472,0.125938847151,0.122132358659,-0.130578695275,-0.0646633203396,-216,-0.015221987315,-0.0785149567746,0,-0.111111111111,0.0666666666667,251,7,66,1656,0.791798107256,0.995790739627,0.00420926037282,0.208201892744,0.972868217054,0.791798107256,0.873043478261,0.857924137164,0.787588846883,0.774691358025,163,222,0,0,0,0
144,WLNM_dir_neg,0.899018951384,0.31341078369,00:00:03,10,30,44,1315778319,fixed,0.5,0.970238095238,0.734234234234,0.835897435897,163,5,59,439,0.734234234234,0.988738738739,0.0112612612613,0.265765765766,0.970238095238,0.734234234234,0.835897435897,0.903903903904,0.582582582583,0.769784172662,0.784730842835,0.722972972973,317,95,222,0,317,0,95,0,222,45,317,0.160101010101,1.84914057127,14.0888888889,10.5666666667,10.2258064516,7.62419063431,0.541149177514,0.287556957589,7.85075432263,1.1144603928,0.5825446898,8.30923789185,1.17954481115,0.603855590606,0.665156137797,0.35971096418,2.5,1.84914057127,0.665156137797,2.5,0.296598779422,0.263843648208,459,0.0323467230444,0.385590427152,45,45,45,1,0,0.333333333333,0.355555555556,0.311111111111,45,263,0.132828282828,1.70389441528,11.6888888889,9.74074074074,10.1153846154,7.05762715154,0.603789395093,0.32488381918,6.76876366969,1.15815347961,0.601943388255,7.93426274159,1.3575734729,0.666159695817,0.600288937287,0.352304069961,2,1.77256704116,0.584808452813,2,0.140059070425,0.157976251936,204,0.0143763213531,0.392516135322,45,41,41,0.911111111111,0,0.311111111111,0.266666666667,0.333333333333,-54,-0.0272727272727,-0.145246155994,-2.4,-0.825925925926,-0.110421836228,-0.566563482773,0.0626402175794,0.0373268615919,-1.08199065294,0.0436930868025,0.019398698455,-0.374975150268,0.178028661748,0.0623041052111,-0.0648672005099,-0.00740689421866,-0.5,-0.0765735301135,-0.0803476849835,-0.5,-0.156539708996,-0.105867396272,-255,-0.0179704016913,0.00692570816967,-0.0222222222222,-0.0888888888889,0.0222222222222,258,5,59,1658,0.813880126183,0.996993385448,0.00300661455201,0.186119873817,0.980988593156,0.813880126183,0.889655172414,0.876124545465,0.810873511631,0.801242236025,168,222,0,0,0,0
145,WLNM_dir_neg,0.954752049347,0.203506004437,00:00:02,10,30,45,1315778320,fixed,0.5,0.922018348624,0.905405405405,0.913636363636,201,17,21,427,0.905405405405,0.961711711712,0.0382882882883,0.0945945945946,0.922018348624,0.905405405405,0.913636363636,0.942942942943,0.557557557558,0.871040723982,0.871120989027,0.867117117117,317,95,222,0,317,0,95,0,222,45,317,0.160101010101,1.84914057127,14.0888888889,10.5666666667,10.2258064516,7.62419063431,0.541149177514,0.287556957589,7.85075432263,1.1144603928,0.5825446898,8.30923789185,1.17954481115,0.603855590606,0.665156137797,0.35971096418,2.5,1.84914057127,0.665156137797,2.5,0.296598779422,0.263843648208,459,0.0323467230444,0.385590427152,45,45,45,1,0,0.333333333333,0.355555555556,0.311111111111,45,313,0.158080808081,1.91098973555,13.9111111111,10.7931034483,9.78125,7.93674487381,0.570532778469,0.30578629748,7.8478588729,1.12828641943,0.590415335463,8.26810837868,1.18870567745,0.607596734114,0.744198442969,0.389430894958,2.69968691887,1.97606043094,0.727525627563,2.69968691887,0.236069899776,0.303854875283,536,0.0377730796335,0.36448298123,45,42,42,0.933333333333,0,0.288888888889,0.422222222222,0.222222222222,-4,-0.0020202020202,0.0618491642739,-0.177777777778,0.226436781609,-0.444556451613,0.312554239499,0.0293836009546,0.0182293398911,-0.0028954497374,0.0138260266231,0.00787064566305,-0.0411295131737,0.00916086629959,0.00374114350793,0.0790423051722,0.0297199307778,0.199686918872,0.12691985967,0.0623694897659,0.199686918872,-0.0605288796462,0.040011227075,77,0.00542635658915,-0.0211074459225,-0.0444444444444,0.0666666666667,-0.0888888888889,296,17,21,1646,0.933753943218,0.989777510523,0.0102224894768,0.0662460567823,0.945686900958,0.933753943218,0.939682539683,0.928298135807,0.923531453741,0.88622754491,218,222,0,0,0,0
146,WLNM_dir_neg,0.964557462868,0.253350261107,00:00:03,10,30,46,1315778321,fixed,0.5,0.918367346939,0.810810810811,0.861244019139,180,16,42,428,0.810810810811,0.963963963964,0.036036036036,0.189189189189,0.918367346939,0.810810810811,0.861244019139,0.912912912913,0.568568568569,0.798143851508,0.801431632609,0.774774774775,317,95,222,0,317,0,95,0,222,45,317,0.160101010101,1.84914057127,14.0888888889,10.5666666667,10.2258064516,7.62419063431,0.541149177514,0.287556957589,7.85075432263,1.1144603928,0.5825446898,8.30923789185,1.17954481115,0.603855590606,0.665156137797,0.35971096418,2.5,1.84914057127,0.665156137797,2.5,0.296598779422,0.263843648208,459,0.0323467230444,0.385590427152,45,45,45,1,0,0.333333333333,0.355555555556,0.311111111111,45,291,0.14696969697,2.20114342316,12.9333333333,7.65789473684,10.0344827586,7.26573527531,0.561783655308,0.297976326842,7.06334970753,1.09227057333,0.567697594502,7.75652218224,1.19946219313,0.61489117984,0.620093800502,0.281714400788,2,2.20114342316,0.620093800502,2,0.279277995736,0.285248041775,437,0.0307963354475,0.287002579381,45,45,45,1,0,0.155555555556,0.488888888889,0.355555555556,-26,-0.0131313131313,0.352002851884,-1.15555555556,-2.90877192982,-0.191323692992,-0.358455358997,0.0206344777936,0.0104193692538,-0.7874046151,-0.0221898194729,-0.0148470952985,-0.552715709611,0.0199173819839,0.0110355892333,-0.0450623372947,-0.0779965633923,-0.5,0.352002851884,-0.0450623372947,-0.5,-0.0173207836862,0.021404393567,-22,-0.0015503875969,-0.0985878477715,-0.177777777778,0.133333333333,0.0444444444444,275,16,42,1647,0.867507886435,0.990378833434,0.00962116656645,0.132492113565,0.945017182131,0.867507886435,0.904605263158,0.888473300618,0.857886719869,0.825825825826,196,222,0,0,0,0
147,WLNM_dir_neg,0.941461732002,0.331622093526,00:00:03,10,30,47,1315778322,fixed,0.5,0.978494623656,0.81981981982,0.892156862745,182,4,40,440,0.81981981982,0.990990990991,0.00900900900901,0.18018018018,0.978494623656,0.81981981982,0.892156862745,0.933933933934,0.573573573574,0.845070422535,0.851942751371,0.810810810811,317,95,222,0,317,0,95,0,222,45,317,0.160101010101,1.84914057127,14.0888888889,10.5666666667,10.2258064516,7.62419063431,0.541149177514,0.287556957589,7.85075432263,1.1144603928,0.5825446898,8.30923789185,1.17954481115,0.603855590606,0.665156137797,0.35971096418,2.5,1.84914057127,0.665156137797,2.5,0.296598779422,0.263843648208,459,0.0323467230444,0.385590427152,45,45,45,1,0,0.333333333333,0.355555555556,0.311111111111,45,281,0.141919191919,1.70223700173,12.4888888889,11.7083333333,11.24,7.51248119714,0.601533191942,0.324238829577,7.40133758045,1.18526758406,0.612732305259,8.00612139541,1.28211908467,0.645472518782,0.694010782827,0.407705144538,2.40547210921,1.79001662694,0.687223100355,2.40547210921,0.178801591521,0.197703788749,287,0.0202255109232,0.491917555804,45,40,40,0.888888888889,0,0.355555555556,0.2,0.333333333333,-36,-0.0181818181818,-0.146903569545,-1.6,1.14166666667,1.01419354839,-0.111709437169,0.0603840144277,0.0366818719884,-0.449416742182,0.0708071912552,0.0301876154588,-0.303116496449,0.102574273527,0.0416169281757,0.02885464503,0.0479941803576,-0.0945278907892,-0.0591239443286,0.0220669625584,-0.0945278907892,-0.117797187901,-0.0661398594599,-172,-0.0121212121212,0.106327128652,0.0222222222222,-0.155555555556,0.0222222222222,277,4,40,1659,0.8738170347,0.997594708358,0.00240529164161,0.1261829653,0.985765124555,0.8738170347,0.926421404682,0.915691777595,0.871411743059,0.86292834891,186,222,0,0,0,0
148,WLNM_dir_neg,0.955964410356,0.251122718747,00:00:02,10,30,48,1315778323,fixed,0.5,0.978947368421,0.837837837838,0.902912621359,186,4,36,440,0.837837837838,0.990990990991,0.00900900900901,0.162162162162,0.978947368421,0.837837837838,0.902912621359,0.93993993994,0.571571571572,0.859813084112,0.865271788273,0.828828828829,317,95,222,0,317,0,95,0,222,45,317,0.160101010101,1.84914057127,14.0888888889,10.5666666667,10.2258064516,7.62419063431,0.541149177514,0.287556957589,7.85075432263,1.1144603928,0.5825446898,8.30923789185,1.17954481115,0.603855590606,0.665156137797,0.35971096418,2.5,1.84914057127,0.665156137797,2.5,0.296598779422,0.263843648208,459,0.0323467230444,0.385590427152,45,45,45,1,0,0.333333333333,0.355555555556,0.311111111111,45,285,0.143939393939,1.98734357558,12.6666666667,10.1785714286,10.9615384615,7.21110255093,0.56929756981,0.302066276803,7.13824526439,1.12709135753,0.58604288499,8.20199532265,1.29505189305,0.649980506823,0.862264344913,0.433877843523,3,2.08366977808,0.843121783146,3,0.16284350046,0.162534435262,236,0.0166314305849,0.387088200693,45,41,41,0.911111111111,0,0.288888888889,0.288888888889,0.333333333333,-32,-0.0161616161616,0.138203004307,-1.42222222222,-0.388095238095,0.735732009926,-0.413088083381,0.0281483922961,0.0145093192146,-0.712509058246,0.012630964732,0.00349819519004,-0.107242569207,0.115507081903,0.0461249162162,0.197108207116,0.0741668793434,0.5,0.234529206803,0.177965645349,0.5,-0.133755278962,-0.101309212947,-223,-0.0157152924595,0.001497773541,-0.0444444444444,-0.0666666666667,0.0222222222222,281,4,36,1659,0.88643533123,0.997594708358,0.00240529164161,0.11356466877,0.985964912281,0.88643533123,0.933554817276,0.923497017423,0.884030039589,0.8753894081,190,222,0,0,0,0
149,WLNM_dir_neg,0.966530719909,0.275927083267,00:00:04,10,30,49,1315778324,fixed,0.5,0.988764044944,0.792792792793,0.88,176,2,46,442,0.792792792793,0.995495495495,0.0045045045045,0.207207207207,0.988764044944,0.792792792793,0.88,0.927927927928,0.577577577578,0.829383886256,0.839717365111,0.788288288288,317,95,222,0,317,0,95,0,222,45,317,0.160101010101,1.84914057127,14.0888888889,10.5666666667,10.2258064516,7.62419063431,0.541149177514,0.287556957589,7.85075432263,1.1144603928,0.5825446898,8.30923789185,1.17954481115,0.603855590606,0.665156137797,0.35971096418,2.5,1.84914057127,0.665156137797,2.5,0.296598779422,0.263843648208,459,0.0323467230444,0.385590427152,45,45,45,1,0,0.333333333333,0.355555555556,0.311111111111,45,273,0.137878787879,1.7778169155,12.1333333333,10.92,10.92,7.36885337078,0.607323080009,0.326902726903,7.17444961462,1.18260158483,0.611314611315,7.61696670717,1.25554396272,0.641595441595,0.777899893062,0.437559056998,3,1.92109897888,0.764243454792,3,0.210065322412,0.214131218457,297,0.0209302325581,0.407412204736,45,38,38,0.844444444444,0,0.288888888889,0.266666666667,0.288888888889,-44,-0.0222222222222,-0.0713236557711,-1.95555555556,0.353333333333,0.694193548387,-0.255337263533,0.066173902495,0.0393457693142,-0.676304708013,0.0681411920247,0.0287699215144,-0.692271184682,0.0759991515743,0.0377398509891,0.112743755265,0.0778480928178,0.5,0.0719584076109,0.0990873169951,0.5,-0.0865334570102,-0.0497124297514,-162,-0.0114164904863,0.021821777584,-0.0444444444444,-0.0888888888889,-0.0222222222222,271,2,46,1661,0.854889589905,0.998797354179,0.00120264582081,0.145110410095,0.992673992674,0.854889589905,0.918644067797,0.907980060098,0.853686944085,0.849529780564,178,222,0,0,0,0
150,WLNM_dir_neg,0.953301274247,0.307934169299,00:00:03,10,30,50,1315778325,fixed,0.5,0.923076923077,0.864864864865,0.893023255814,192,16,30,428,0.864864864865,0.963963963964,0.036036036036,0.135135135135,0.923076923077,0.864864864865,0.893023255814,0.930930930931,0.562562562563,0.842105263158,0.843079276886,0.828828828829,317,95,222,0,317,0,95,0,222,45,317,0.160101010101,1.84914057127,14.0888888889,10.5666666667,10.2258064516,7.62419063431,0.541149177514,0.287556957589,7.85075432263,1.1144603928,0.5825446898,8.30923789185,1.17954481115,0.603855590606,0.665156137797,0.35971096418,2.5,1.84914057127,0.665156137797,2.5,0.296598779422,0.263843648208,459,0.0323467230444,0.385590427152,45,45,45,1,0,0.333333333333,0.355555555556,0.311111111111,45,303,0.15303030303,8.21029692206,13.4666666667,7.97368421053,11.6538461538,7.43028202083,0.551753615408,0.294316098276,6.95243580599,1.03253997119,0.544334433443,8.2528232084,1.22566681313,0.626916024936,3.70800460692,0.451628563755,12.2476625363,8.37416730665,3.58225336197,12.2476625363,0.199927114916,0.22886728656,361,0.0254404510218,0.275187971837,45,44,44,0.977777777778,0,0.133333333333,0.444444444444,0.4,-14,-0.00707070707071,6.36115635079,-0.622222222222,-2.59298245614,1.42803970223,-0.193908613477,0.0106044378942,0.00675914068799,-0.898318516647,-0.0819204216167,-0.0382102563569,-0.0564146834556,0.046122001982,0.0230604343294,3.04284846912,0.0919175995756,9.74766253632,6.52502673538,2.91709722417,9.74766253632,-0.0966716645057,-0.0349763616489,-98,-0.00690627202255,-0.110402455315,-0.2,0.0888888888889,0.0888888888889,287,16,30,1647,0.905362776025,0.990378833434,0.00962116656645,0.0946372239748,0.947194719472,0.905362776025,0.925806451613,0.912369290541,0.895741609459,0.861861861862,208,222,0,0,0,0
151,WLNM_dir_neg,0.923432745813,0.231768960427,00:00:04,10,40,1,1316695576,fixed,0.5,0.992700729927,0.712041884817,0.829268292683,136,1,55,381,0.712041884817,0.997382198953,0.00261780104712,0.287958115183,0.992700729927,0.712041884817,0.829268292683,0.902268760908,0.586969168121,0.76338028169,0.784062647743,0.70942408377,317,126,191,0,317,0,126,0,191,45,317,0.160101010101,1.84914057127,14.0888888889,10.5666666667,10.2258064516,7.62419063431,0.541149177514,0.287556957589,7.85075432263,1.1144603928,0.5825446898,8.30923789185,1.17954481115,0.603855590606,0.665156137797,0.35971096418,2.5,1.84914057127,0.665156137797,2.5,0.296598779422,0.263843648208,459,0.0323467230444,0.385590427152,45,45,45,1,0,0.333333333333,0.355555555556,0.311111111111,45,263,0.132828282828,1.75548451139,11.6888888889,10.52,11.4347826087,7.11854882499,0.609001325332,0.326658217153,6.75195444956,1.1552773773,0.594338825518,7.48014206099,1.27987221576,0.651964512041,0.724733847871,0.412839784782,2.23076923077,1.89465271086,0.704795326781,2.23076923077,0.200798318837,0.194897422409,247,0.0174066243834,0.414450703181,45,38,38,0.844444444444,0,0.288888888889,0.222222222222,0.333333333333,-54,-0.0272727272727,-0.0936560598841,-2.4,-0.0466666666667,1.20897615708,-0.505641809321,0.0678521478176,0.039101259564,-1.09879987308,0.0408169844978,0.0117941357173,-0.829095830869,0.100327404611,0.0481089214342,0.0595777100739,0.0531288206026,-0.269230769231,0.0455121395823,0.0396391889838,-0.269230769231,-0.095800460585,-0.0689462257992,-212,-0.014940098661,0.0288602760285,-0.0444444444444,-0.133333333333,0.0222222222222,262,1,55,1662,0.826498422713,0.99939867709,0.000601322910403,0.173501577287,0.996197718631,0.826498422713,0.903448275862,0.892357082562,0.825897099803,0.823899371069,137,191,0,0,0,0
152,WLNM_dir_neg,0.910638414517,0.280136250322,00:00:03,10,40,2,1316695577,fixed,0.5,0.944827586207,0.717277486911,0.815476190476,137,8,54,374,0.717277486911,0.979057591623,0.020942408377,0.282722513089,0.944827586207,0.717277486911,0.815476190476,0.891797556719,0.582315299593,0.740947075209,0.755023993703,0.696335078534,317,126,191,0,317,0,126,0,191,45,317,0.160101010101,1.84914057127,14.0888888889,10.5666666667,10.2258064516,7.62419063431,0.541149177514,0.287556957589,7.85075432263,1.1144603928,0.5825446898,8.30923789185,1.17954481115,0.603855590606,0.665156137797,0.35971096418,2.5,1.84914057127,0.665156137797,2.5,0.296598779422,0.263843648208,459,0.0323467230444,0.385590427152,45,45,45,1,0,0.333333333333,0.355555555556,0.311111111111,45,271,0.136868686869,2.01530127461,12.0444444444,9.67857142857,10.037037037,7.09979370877,0.589466267333,0.313325133251,6.83070903044,1.13425057701,0.591553915539,7.46960169587,1.240339765,0.633374333743,0.875697649789,0.434524436033,2.87887682079,2.1143550575,0.854628808434,2.87887682079,0.218060932384,0.21825,291,0.0205073995772,0.332024561768,45,41,41,0.911111111111,0,0.288888888889,0.311111111111,0.311111111111,-46,-0.0232323232323,0.166160703342,-2.04444444444,-0.888095238095,-0.188769414576,-0.52439692554,0.0483170898192,0.0257681756628,-1.02004529219,0.0197901842081,0.00900922573894,-0.839636195984,0.0607949538504,0.029518743137,0.210541511992,0.0748134718533,0.378876820793,0.265214486231,0.189472670637,0.378876820793,-0.0785378470375,-0.0455936482085,-168,-0.0118393234672,-0.0535658653839,-0.0444444444444,-0.0444444444444,0,263,8,54,1655,0.829652996845,0.995189416717,0.00481058328322,0.170347003155,0.970479704797,0.829652996845,0.894557823129,0.8800170029,0.824842413562,0.809230769231,145,191,0,0,0,0
153,WLNM_dir_neg,0.943354074724,0.247457628578,00:00:03,10,40,3,1316695578,fixed,0.5,0.971014492754,0.701570680628,0.814589665653,134,4,57,378,0.701570680628,0.989528795812,0.0104712041885,0.298429319372,0.971014492754,0.701570680628,0.814589665653,0.893542757417,0.586387434555,0.742616033755,0.761911901159,0.69109947644,317,126,191,0,317,0,126,0,191,45,317,0.160101010101,1.84914057127,14.0888888889,10.5666666667,10.2258064516,7.62419063431,0.541149177514,0.287556957589,7.85075432263,1.1144603928,0.5825446898,8.30923789185,1.17954481115,0.603855590606,0.665156137797,0.35971096418,2.5,1.84914057127,0.665156137797,2.5,0.296598779422,0.263843648208,459,0.0323467230444,0.385590427152,45,45,45,1,0,0.333333333333,0.355555555556,0.311111111111,45,264,0.133333333333,1.70356540047,11.7333333333,11,10.56,6.88674616399,0.586938593522,0.312626262626,6.8077495948,1.16041186275,0.597811447811,7.50333259292,1.27897714652,0.64898989899,0.705759750257,0.414283918928,2.57432660788,1.81180623131,0.697539050901,2.57432660788,0.142859741369,0.140912730184,176,0.0124031007752,0.434541922667,45,39,39,0.866666666667,0,0.333333333333,0.222222222222,0.311111111111,-53,-0.0267676767677,-0.145575170801,-2.35555555556,0.433333333333,0.334193548387,-0.737444470316,0.0457894160081,0.0250693050378,-1.04300472784,0.0459514699466,0.0152667580112,-0.805905298933,0.0994323353742,0.0451343083835,0.0406036124604,0.0545729547478,0.0743266078785,-0.0373343399592,0.0323829131043,0.0743266078785,-0.153739038053,-0.122930918024,-283,-0.0199436222692,0.0489514955151,0,-0.133333333333,0,260,4,57,1659,0.820189274448,0.997594708358,0.00240529164161,0.179810725552,0.984848484848,0.820189274448,0.895008605852,0.882172978007,0.817783982806,0.809968847352,138,191,0,0,0,0
154,WLNM_dir_neg,0.939468490447,0.335912256491,00:00:02,10,40,4,1316695579,fixed,0.5,0.948148148148,0.670157068063,0.78527607362,128,7,63,375,0.670157068063,0.98167539267,0.0183246073298,0.329842931937,0.948148148148,0.670157068063,0.78527607362,0.877835951134,0.588132635253,0.703389830508,0.724069759583,0.651832460733,317,126,191,0,317,0,126,0,191,45,317,0.160101010101,1.84914057127,14.0888888889,10.5666666667,10.2258064516,7.62419063431,0.541149177514,0.287556957589,7.85075432263,1.1144603928,0.5825446898,8.30923789185,1.17954481115,0.603855590606,0.665156137797,0.35971096418,2.5,1.84914057127,0.665156137797,2.5,0.296598779422,0.263843648208,459,0.0323467230444,0.385590427152,45,45,45,1,0,0.333333333333,0.355555555556,0.311111111111,45,261,0.131818181818,1.77360410527,11.6,10.44,9.66666666667,7.16493989063,0.617667231951,0.336143039591,6.88410554037,1.18691474834,0.617794806301,7.28510310653,1.25605225975,0.638399318859,0.739812594212,0.417123862092,2.48980954671,1.89262012146,0.724368874806,2.48980954671,0.199091851704,0.228724832215,284,0.0200140944327,0.368713351649,45,39,39,0.866666666667,0,0.311111111111,0.288888888889,0.266666666667,-56,-0.0282828282828,-0.0755364660043,-2.48888888889,-0.126666666667,-0.559139784946,-0.459250743677,0.076518054437,0.0485860820028,-0.966648782266,0.0724543555363,0.0352501165003,-1.02413478533,0.0765074485994,0.0345437282527,0.0746564564148,0.0574128979119,-0.0101904532949,0.0434795501909,0.059212737009,-0.0101904532949,-0.0975069277177,-0.0351188159937,-175,-0.0123326286117,-0.0168770755028,-0.0222222222222,-0.0666666666667,-0.0444444444444,254,7,63,1656,0.801261829653,0.995790739627,0.00420926037282,0.198738170347,0.973180076628,0.801261829653,0.878892733564,0.86398167211,0.79705256928,0.783950617284,135,191,0,0,0,0
155,WLNM_dir_neg,0.930203393547,0.244934862633,00:00:03,10,40,5,1316695580,fixed,0.5,0.962686567164,0.675392670157,0.793846153846,129,5,62,377,0.675392670157,0.986910994764,0.0130890052356,0.324607329843,0.962686567164,0.675392670157,0.793846153846,0.883071553229,0.588714368819,0.715700141443,0.737599925262,0.662303664921,317,126,191,0,317,0,126,0,191,45,317,0.160101010101,1.84914057127,14.0888888889,10.5666666667,10.2258064516,7.62419063431,0.541149177514,0.287556957589,7.85075432263,1.1144603928,0.5825446898,8.30923789185,1.17954481115,0.603855590606,0.665156137797,0.35971096418,2.5,1.84914057127,0.665156137797,2.5,0.296598779422,0.263843648208,459,0.0323467230444,0.385590427152,45,45,45,1,0,0.333333333333,0.355555555556,0.311111111111,45,260,0.131313131313,1.73518366521,11.5555555556,10.4,10,7.0180143383,0.607328163891,0.326068376068,6.87514921785,1.18992967232,0.615555555556,7.30469615101,1.26427433383,0.644102564103,0.69679288472,0.401567222358,2.375,1.87061223512,0.675487311715,2.375,0.216728277513,0.213319182807,268,0.0188865398168,0.380268226757,45,38,38,0.844444444444,0,0.288888888889,0.288888888889,0.266666666667,-57,-0.0287878787879,-0.11395690606,-2.53333333333,-0.166666666667,-0.225806451613,-0.606176296013,0.0661789863769,0.0385114184799,-0.975605104785,0.075469279517,0.0330108657553,-1.00454174084,0.0847295226821,0.0402469734962,0.0316367469231,0.0418562581777,-0.125,0.0214716638478,0.0103311739184,-0.125,-0.079870501909,-0.0505244654014,-191,-0.0134601832276,-0.00532220039568,-0.0444444444444,-0.0666666666667,-0.0444444444444,255,5,62,1658,0.804416403785,0.996993385448,0.00300661455201,0.195583596215,0.980769230769,0.804416403785,0.883882149047,0.87012070153,0.801409789233,0.791925465839,134,191,0,0,0,0
156,WLNM_dir_neg,0.921973081878,0.266792393038,00:00:03,10,40,6,1316695581,fixed,0.5,0.985401459854,0.706806282723,0.823170731707,135,2,56,380,0.706806282723,0.994764397906,0.00523560209424,0.293193717277,0.985401459854,0.706806282723,0.823170731707,0.898778359511,0.586969168121,0.754929577465,0.775382987436,0.701570680628,317,126,191,0,317,0,126,0,191,45,317,0.160101010101,1.84914057127,14.0888888889,10.5666666667,10.2258064516,7.62419063431,0.541149177514,0.287556957589,7.85075432263,1.1144603928,0.5825446898,8.30923789185,1.17954481115,0.603855590606,0.665156137797,0.35971096418,2.5,1.84914057127,0.665156137797,2.5,0.296598779422,0.263843648208,459,0.0323467230444,0.385590427152,45,45,45,1,0,0.333333333333,0.355555555556,0.311111111111,45,263,0.132828282828,1.73006230681,11.6888888889,10.1153846154,10.52,7.35101174923,0.628888837862,0.346514575412,7.0901838531,1.21314932848,0.627798901563,7.40072341536,1.26628347411,0.64419095902,0.677285001422,0.391480121125,2.38578030986,1.82132009516,0.663815401475,2.38578030986,0.163142945805,0.233523611832,300,0.0211416490486,0.358051321849,45,40,40,0.888888888889,0,0.311111111111,0.244444444444,0.333333333333,-54,-0.0272727272727,-0.119078264466,-2.4,-0.451282051282,0.294193548387,-0.273178885075,0.0877396603482,0.0589576178234,-0.760570469537,0.0986889356737,0.0452542117629,-0.908514476491,0.086738662965,0.0403353684135,0.0121288636256,0.0317691569449,-0.114219690143,-0.0278204761149,-0.00134073632179,-0.114219690143,-0.133455833616,-0.0303200363766,-159,-0.0112050739958,-0.0275391053033,-0.0222222222222,-0.111111111111,0.0222222222222,261,2,56,1661,0.82334384858,0.998797354179,0.00120264582081,0.17665615142,0.992395437262,0.82334384858,0.9,0.888298948288,0.82214120276,0.818181818182,137,191,0,0,0,0
157,WLNM_dir_neg,0.904669554014,0.262728112096,00:00:03,10,40,7,1316695582,fixed,0.5,0.970149253731,0.680628272251,0.8,130,4,61,378,0.680628272251,0.989528795812,0.0104712041885,0.319371727749,0.970149253731,0.680628272251,0.8,0.886561954625,0.588714368819,0.724186704385,0.746346169435,0.670157068063,317,126,191,0,317,0,126,0,191,45,317,0.160101010101,1.84914057127,14.0888888889,10.5666666667,10.2258064516,7.62419063431,0.541149177514,0.287556957589,7.85075432263,1.1144603928,0.5825446898,8.30923789185,1.17954481115,0.603855590606,0.665156137797,0.35971096418,2.5,1.84914057127,0.665156137797,2.5,0.296598779422,0.263843648208,459,0.0323467230444,0.385590427152,45,45,45,1,0,0.333333333333,0.355555555556,0.311111111111,45,260,0.131313131313,1.65387537002,11.5555555556,11.3043478261,10,6.88065653433,0.595441430856,0.317179487179,6.92455738293,1.19848108551,0.621709401709,7.26413634011,1.25725436656,0.642564102564,0.678947174335,0.410518946374,2.44861098046,1.7544715808,0.675173766703,2.44861098046,0.153463716389,0.190975020145,237,0.0167019027484,0.437774699843,45,39,39,0.866666666667,0,0.355555555556,0.222222222222,0.288888888889,-57,-0.0287878787879,-0.19526520125,-2.53333333333,0.73768115942,-0.225806451613,-0.743534099978,0.0542922533415,0.029622529591,-0.926196939703,0.0840206927044,0.0391647119092,-1.04510155175,0.0777095554106,0.0387085119577,0.0137910365383,0.0508079821937,-0.0513890195393,-0.0946689904772,0.0100176289062,-0.0513890195393,-0.143135063032,-0.0728686280634,-222,-0.015644820296,0.0521842726909,0.0222222222222,-0.133333333333,-0.0222222222222,256,4,61,1659,0.807570977918,0.997594708358,0.00240529164161,0.192429022082,0.984615384615,0.807570977918,0.887348353553,0.874198619985,0.805165686276,0.797507788162,134,191,0,0,0,0
158,WLNM_dir_neg,0.731510923494,0.166128181701,00:00:03,10,40,8,1316695583,fixed,0.5,0.984615384615,0.670157068063,0.797507788162,128,2,63,380,0.670157068063,0.994764397906,0.00523560209424,0.329842931937,0.984615384615,0.670157068063,0.797507788162,0.886561954625,0.591041303083,0.722617354196,0.748419646559,0.664921465969,317,126,191,0,317,0,126,0,191,45,317,0.160101010101,1.84914057127,14.0888888889,10.5666666667,10.2258064516,7.62419063431,0.541149177514,0.287556957589,7.85075432263,1.1144603928,0.5825446898,8.30923789185,1.17954481115,0.603855590606,0.665156137797,0.35971096418,2.5,1.84914057127,0.665156137797,2.5,0.296598779422,0.263843648208,459,0.0323467230444,0.385590427152,45,45,45,1,0,0.333333333333,0.355555555556,0.311111111111,45,256,0.129292929293,1.73245375469,11.3777777778,9.84615384615,10.24,6.71256924423,0.589971906231,0.321267361111,6.58794430008,1.158037084,0.605902777778,7.134494383,1.25411034076,0.643055555556,0.683513541904,0.394534942161,2.60032626427,1.78477188003,0.677728742705,2.60032626427,0.158554254762,0.198340011448,231,0.0162790697674,0.35421895138,45,42,42,0.933333333333,0,0.355555555556,0.2,0.377777777778,-61,-0.0308080808081,-0.116686816582,-2.71111111111,-0.720512820513,0.0141935483871,-0.911621390079,0.0488227287171,0.0337104035226,-1.26281002255,0.0435766911963,0.0233580879776,-1.17474350886,0.0745655296146,0.0391999649492,0.0183574041075,0.0348239779815,0.100326264274,-0.0643686912471,0.0125726049082,0.100326264274,-0.13804452466,-0.0655036367603,-228,-0.016067653277,-0.0313714757721,0.0222222222222,-0.155555555556,0.0666666666667,254,2,63,1661,0.801261829653,0.998797354179,0.00120264582081,0.198738170347,0.9921875,0.801261829653,0.886561954625,0.874398204459,0.800059183832,0.796238244514,130,191,0,0,0,0
159,WLNM_dir_neg,0.972259532359,0.188243651482,00:00:03,10,40,9,1316695584,fixed,0.5,0.961538461538,0.785340314136,0.864553314121,150,6,41,376,0.785340314136,0.984293193717,0.0157068062827,0.214659685864,0.961538461538,0.785340314136,0.864553314121,0.91797556719,0.575916230366,0.80658436214,0.815083320304,0.769633507853,317,126,191,0,317,0,126,0,191,45,317,0.160101010101,1.84914057127,14.0888888889,10.5666666667,10.2258064516,7.62419063431,0.541149177514,0.287556957589,7.85075432263,1.1144603928,0.5825446898,8.30923789185,1.17954481115,0.603855590606,0.665156137797,0.35971096418,2.5,1.84914057127,0.665156137797,2.5,0.296598779422,0.263843648208,459,0.0323467230444,0.385590427152,45,45,45,1,0,0.333333333333,0.355555555556,0.311111111111,45,282,0.142424242424,1.87415875919,12.5333333333,10.8461538462,10.4444444444,7.54260625321,0.601803690415,0.325847123719,7.26573527531,1.15942584181,0.603309692671,7.82885107094,1.24928474536,0.636091410559,0.812688509738,0.433628424355,2.56250933373,2.00887221483,0.801518568843,2.56250933373,0.225850077664,0.211257817929,304,0.0214235377026,0.397854580432,45,38,38,0.844444444444,0,0.311111111111,0.288888888889,0.288888888889,-35,-0.0176767676768,0.0250181879159,-1.55555555556,0.279487179487,0.218637992832,-0.0815843811024,0.0606545129014,0.038290166131,-0.585019047321,0.0449654490022,0.0207650028712,-0.480386820918,0.0697399342157,0.0322358199531,0.147532371941,0.073917460175,0.0625093337316,0.159731643556,0.136362431046,0.0625093337316,-0.070748701758,-0.0525858302794,-155,-0.0109231853418,0.01226415328,-0.0222222222222,-0.0666666666667,-0.0222222222222,276,6,41,1657,0.870662460568,0.996392062538,0.00360793746242,0.129337539432,0.978723404255,0.870662460568,0.921535893155,0.909764040307,0.867054523105,0.854489164087,156,191,0,0,0,0
160,WLNM_dir_neg,0.897028590225,0.206798373729,00:00:03,10,40,10,1316695585,fixed,0.5,0.986394557823,0.759162303665,0.85798816568,145,2,46,380,0.759162303665,0.994764397906,0.00523560209424,0.240837696335,0.986394557823,0.759162303665,0.85798816568,0.916230366492,0.581151832461,0.8,0.813793137047,0.753926701571,317,126,191,0,317,0,126,0,191,45,317,0.160101010101,1.84914057127,14.0888888889,10.5666666667,10.2258064516,7.62419063431,0.541149177514,0.287556957589,7.85075432263,1.1144603928,0.5825446898,8.30923789185,1.17954481115,0.603855590606,0.665156137797,0.35971096418,2.5,1.84914057127,0.665156137797,2.5,0.296598779422,0.263843648208,459,0.0323467230444,0.385590427152,45,45,45,1,0,0.333333333333,0.355555555556,0.311111111111,45,273,0.137878787879,1.7173948506,12.1333333333,9.75,10.5,6.82775086088,0.562726719303,0.30118030118,6.89663949787,1.13680870844,0.596011396011,7.6229319103,1.25652723796,0.638176638177,0.590268282387,0.343699809151,2.07692307692,1.75076205295,0.582546681694,2.07692307692,0.15253686033,0.174823410696,231,0.0162790697674,0.357959312228,45,43,43,0.955555555556,0,0.333333333333,0.244444444444,0.377777777778,-44,-0.0222222222222,-0.131745720676,-1.95555555556,-0.816666666667,0.274193548387,-0.796439773434,0.0215775417889,0.0136233435918,-0.954114824759,0.022348315638,0.0134667062112,-0.686305981553,0.0769824268152,0.0343210475703,-0.0748878554098,-0.016011155029,-0.423076923077,-0.0983785183225,-0.0826094561024,-0.423076923077,-0.144061919092,-0.0890202375122,-228,-0.016067653277,-0.0276311149242,0,-0.111111111111,0.0666666666667,271,2,46,1661,0.854889589905,0.998797354179,0.00120264582081,0.145110410095,0.992673992674,0.854889589905,0.918644067797,0.907980060098,0.853686944085,0.849529780564,147,191,0,0,0,0
161,WLNM_dir_neg,0.935617170582,0.309696437406,00:00:01,10,40,11,1316695586,fixed,0.5,0.992537313433,0.696335078534,0.818461538462,133,1,58,381,0.696335078534,0.997382198953,0.00261780104712,0.303664921466,0.992537313433,0.696335078534,0.818461538462,0.897033158813,0.588714368819,0.749646393211,0.772584901954,0.693717277487,317,126,191,0,317,0,126,0,191,45,317,0.160101010101,1.84914057127,14.0888888889,10.5666666667,10.2258064516,7.62419063431,0.541149177514,0.287556957589,7.85075432263,1.1144603928,0.5825446898,8.30923789185,1.17954481115,0.603855590606,0.665156137797,0.35971096418,2.5,1.84914057127,0.665156137797,2.5,0.296598779422,0.263843648208,459,0.0323467230444,0.385590427152,45,45,45,1,0,0.333333333333,0.355555555556,0.311111111111,45,260,0.131313131313,1.62532256638,11.5555555556,10,11.3043478261,6.5628276734,0.567937010198,0.304957264957,6.6568108966,1.15214034749,0.604102564103,7.38206945883,1.27766586787,0.644444444444,0.550135231024,0.338477568948,1.5,1.68632964603,0.538512681459,1.5,0.166869157977,0.161805173363,196,0.0138125440451,0.38877143992,45,41,41,0.911111111111,0,0.333333333333,0.177777777778,0.4,-57,-0.0287878787879,-0.223818004894,-2.53333333333,-0.566666666667,1.07854137447,-1.06136296091,0.0267878326838,0.0174003073688,-1.19394342603,0.0376799546861,0.0215578743024,-0.927168433028,0.0981210567274,0.0405888538381,-0.115020906773,-0.0212333952319,-1,-0.162810925248,-0.126643456338,-1,-0.129729621445,-0.102038474846,-263,-0.0185341789993,0.00318101276763,0,-0.177777777778,0.0888888888889,259,1,58,1662,0.817034700315,0.99939867709,0.000601322910403,0.182965299685,0.996153846154,0.817034700315,0.897746967071,0.886432375352,0.816433377405,0.814465408805,134,191,0,0,0,0
162,WLNM_dir_neg,0.9500698994,0.278903039347,00:00:03,10,40,12,1316695587,fixed,0.5,0.926174496644,0.722513089005,0.811764705882,138,11,53,371,0.722513089005,0.971204188482,0.0287958115183,0.277486910995,0.926174496644,0.722513089005,0.811764705882,0.888307155323,0.579988365329,0.734072022161,0.745512300773,0.693717277487,317,126,191,0,317,0,126,0,191,45,317,0.160101010101,1.84914057127,14.0888888889,10.5666666667,10.2258064516,7.62419063431,0.541149177514,0.287556957589,7.85075432263,1.1144603928,0.5825446898,8.30923789185,1.17954481115,0.603855590606,0.665156137797,0.35971096418,2.5,1.84914057127,0.665156137797,2.5,0.296598779422,0.263843648208,459,0.0323467230444,0.385590427152,45,45,45,1,0,0.333333333333,0.355555555556,0.311111111111,45,275,0.138888888889,1.71035845043,12.2222222222,11,8.08823529412,7.12833299679,0.583227245192,0.316363636364,7.32127107141,1.19802617532,0.620767676768,7.08783279553,1.15982718472,0.600242424242,0.697318971136,0.407703409166,2.66294611608,1.75527146998,0.702045955163,2.66294611608,0.27641635694,0.231794618613,313,0.0220577871741,0.360207835535,45,41,41,0.911111111111,0,0.4,0.355555555556,0.2,-42,-0.0212121212121,-0.138782120843,-1.86666666667,0.433333333333,-2.1375711575,-0.495857637518,0.0420780676779,0.0288066787751,-0.529483251227,0.0835657825182,0.0382229869675,-1.22140509633,-0.0197176264237,-0.00361316636396,0.0321628333393,0.0479924449859,0.16294611608,-0.0938691012884,0.0368898173657,0.16294611608,-0.020182422482,-0.0320490295958,-146,-0.0102889358703,-0.025382591617,0.0666666666667,0,-0.111111111111,264,11,53,1652,0.832807570978,0.993385447986,0.00661455201443,0.167192429022,0.96,0.832807570978,0.891891891892,0.87604968573,0.826193018963,0.80487804878,149,191,0,0,0,0
163,WLNM_dir_neg,0.922233491406,0.266705295659,00:00:02,10,40,13,1316695588,fixed,0.5,0.957746478873,0.712041884817,0.816816816817,136,6,55,376,0.712041884817,0.984293193717,0.0157068062827,0.287958115183,0.957746478873,0.712041884817,0.816816816817,0.893542757417,0.584060500291,0.744055944056,0.760297971064,0.696335078534,317,126,191,0,317,0,126,0,191,45,317,0.160101010101,1.84914057127,14.0888888889,10.5666666667,10.2258064516,7.62419063431,0.541149177514,0.287556957589,7.85075432263,1.1144603928,0.5825446898,8.30923789185,1.17954481115,0.603855590606,0.665156137797,0.35971096418,2.5,1.84914057127,0.665156137797,2.5,0.296598779422,0.263843648208,459,0.0323467230444,0.385590427152,45,45,45,1,0,0.333333333333,0.355555555556,0.311111111111,45,268,0.135353535354,1.9765785282,11.9111111111,9.57142857143,10.3076923077,7.06084665997,0.592794962124,0.322885572139,6.81560894217,1.14441194924,0.601824212272,7.38842939256,1.24059448756,0.636484245439,0.89106457878,0.450811625273,3.65492957746,2.07365084423,0.887860222924,3.65492957746,0.180282510365,0.219474095288,281,0.0198026779422,0.320955608476,45,40,40,0.888888888889,0,0.311111111111,0.266666666667,0.355555555556,-49,-0.0247474747475,0.127437956931,-2.17777777778,-0.995238095238,0.0818858560794,-0.563343974343,0.05164578461,0.0353286145508,-1.03514538047,0.0299515564414,0.0192795224718,-0.920808499292,0.0610496764107,0.0326286548331,0.225908440983,0.0911006610931,1.15492957746,0.224510272957,0.222704085127,1.15492957746,-0.116316269057,-0.0443695529208,-178,-0.0125440451022,-0.0646348186767,-0.0222222222222,-0.0888888888889,0.0444444444444,262,6,55,1657,0.826498422713,0.996392062538,0.00360793746242,0.173501577287,0.977611940299,0.826498422713,0.895726495726,0.882060794832,0.822890485251,0.811145510836,142,191,0,0,0,0
164,WLNM_dir_neg,0.950186398399,0.246055687952,00:00:02,10,40,14,1316695589,fixed,0.5,0.938271604938,0.795811518325,0.8611898017,152,10,39,372,0.795811518325,0.973821989529,0.0261780104712,0.204188481675,0.938271604938,0.795811518325,0.8611898017,0.914485165794,0.57242582897,0.8,0.805663918656,0.769633507853,317,126,191,0,317,0,126,0,191,45,317,0.160101010101,1.84914057127,14.0888888889,10.5666666667,10.2258064516,7.62419063431,0.541149177514,0.287556957589,7.85075432263,1.1144603928,0.5825446898,8.30923789185,1.17954481115,0.603855590606,0.665156137797,0.35971096418,2.5,1.84914057127,0.665156137797,2.5,0.296598779422,0.263843648208,459,0.0323467230444,0.385590427152,45,45,45,1,0,0.333333333333,0.355555555556,0.311111111111,45,288,0.145454545455,2.04370328466,12.8,10.6666666667,9.29032258065,7.53356127303,0.588559474456,0.316280864198,7.24380613164,1.13184470807,0.590740740741,7.59305903141,1.18641547366,0.612037037037,0.952993852127,0.46630734475,2.9346428444,2.14552799536,0.937794155062,2.9346428444,0.200392130456,0.259140767824,378,0.0266384778013,0.357701518238,45,41,41,0.911111111111,0,0.311111111111,0.377777777778,0.222222222222,-29,-0.0146464646465,0.194562713387,-1.28888888889,0.1,-0.935483870968,-0.0906293612757,0.0474102969417,0.028723906609,-0.606948190997,0.0173843152653,0.00819605094053,-0.71617886044,0.00687066251195,0.00818144643066,0.28783771433,0.10659638057,0.434642844398,0.296387424085,0.272638017265,0.434642844398,-0.0962066489661,-0.00470288038397,-81,-0.00570824524313,-0.0278889089142,-0.0222222222222,0.0222222222222,-0.0888888888889,278,10,39,1653,0.876971608833,0.993986770896,0.00601322910403,0.123028391167,0.965277777778,0.876971608833,0.919008264463,0.905892646796,0.870958379729,0.850152905199,162,191,0,0,0,0
165,WLNM_dir_neg,0.895993804994,0.239907556324,00:00:03,10,40,15,1316695590,fixed,0.5,1,0.706806282723,0.828220858896,135,0,56,382,0.706806282723,1,0,0.293193717277,1,0.706806282723,0.828220858896,0.902268760908,0.588132635253,0.762711864407,0.785135883885,0.706806282723,317,126,191,0,317,0,126,0,191,45,317,0.160101010101,1.84914057127,14.0888888889,10.5666666667,10.2258064516,7.62419063431,0.541149177514,0.287556957589,7.85075432263,1.1144603928,0.5825446898,8.30923789185,1.17954481115,0.603855590606,0.665156137797,0.35971096418,2.5,1.84914057127,0.665156137797,2.5,0.296598779422,0.263843648208,459,0.0323467230444,0.385590427152,45,45,45,1,0,0.333333333333,0.355555555556,0.311111111111,45,261,0.131818181818,1.63373597344,11.6,10.0384615385,10.44,6.96549939474,0.600474085754,0.328820774798,6.87749954562,1.18577578373,0.619838229034,7.43028202083,1.28108310704,0.647254150702,0.569335154211,0.348486636439,2,1.67900282868,0.562471576047,2,0.177102116963,0.199574241618,250,0.0176180408739,0.373781619495,45,42,42,0.933333333333,0,0.355555555556,0.2,0.377777777778,-56,-0.0282828282828,-0.215404597837,-2.48888888889,-0.528205128205,0.214193548387,-0.658691239565,0.0593249082398,0.0412638172093,-0.973254777013,0.0713153909247,0.0372935392334,-0.878955871023,0.101538295893,0.043398560096,-0.0958209835856,-0.0112243277414,-0.5,-0.170137742592,-0.102684561749,-0.5,-0.119496662459,-0.0642694065906,-209,-0.0147286821705,-0.0118088076578,0.0222222222222,-0.155555555556,0.0666666666667,261,0,56,1663,0.82334384858,1,0,0.17665615142,1,0.82334384858,0.903114186851,0.892480649878,0.82334384858,0.82334384858,135,191,0,0,0,0
166,WLNM_dir_neg,0.957121515309,0.160841224781,00:00:03,10,40,16,1316695591,fixed,0.5,0.948275862069,0.86387434555,0.904109589041,165,9,26,373,0.86387434555,0.976439790576,0.0235602094241,0.13612565445,0.948275862069,0.86387434555,0.904109589041,0.938917975567,0.565445026178,0.859437751004,0.861447792797,0.840314136126,317,126,191,0,317,0,126,0,191,45,317,0.160101010101,1.84914057127,14.0888888889,10.5666666667,10.2258064516,7.62419063431,0.541149177514,0.287556957589,7.85075432263,1.1144603928,0.5825446898,8.30923789185,1.17954481115,0.603855590606,0.665156137797,0.35971096418,2.5,1.84914057127,0.665156137797,2.5,0.296598779422,0.263843648208,459,0.0323467230444,0.385590427152,45,45,45,1,0,0.333333333333,0.355555555556,0.311111111111,45,300,0.151515151515,1.96817496603,13.3333333333,10.3448275862,8.82352941176,7.48938642954,0.561703982215,0.299925925926,7.67226409632,1.15083961445,0.593777777778,8.00567980192,1.20085197029,0.610518518519,0.851923663146,0.43284955751,2.5,1.99017894253,0.848738960067,2.5,0.320409140701,0.228755453979,367,0.0258632840028,0.368974899525,45,44,44,0.977777777778,0,0.333333333333,0.422222222222,0.222222222222,-17,-0.00858585858586,0.119034394753,-0.755555555556,-0.22183908046,-1.40227703985,-0.134804204773,0.0205548047011,0.0123689683374,-0.178490226316,0.0363792216447,0.0112330879776,-0.303558089932,0.0213071591418,0.00666292791214,0.186767525349,0.0731385933299,0,0.141038371253,0.18358282227,0,0.0238103612797,-0.0350881942297,-92,-0.00648343904158,-0.0166155276276,0,0.0666666666667,-0.0888888888889,291,9,26,1654,0.917981072555,0.994588093806,0.00541190619363,0.0820189274448,0.97,0.917981072555,0.943273905997,0.933310771999,0.912569166362,0.89263803681,174,191,0,0,0,0
167,WLNM_dir_neg,0.98167539267,0.131840357389,00:00:03,10,40,17,1316695592,fixed,0.5,0.981818181818,0.848167539267,0.910112359551,162,3,29,379,0.848167539267,0.992146596859,0.00785340314136,0.151832460733,0.981818181818,0.848167539267,0.910112359551,0.944153577661,0.570680628272,0.869918699187,0.874818544974,0.840314136126,317,126,191,0,317,0,126,0,191,45,317,0.160101010101,1.84914057127,14.0888888889,10.5666666667,10.2258064516,7.62419063431,0.541149177514,0.287556957589,7.85075432263,1.1144603928,0.5825446898,8.30923789185,1.17954481115,0.603855590606,0.665156137797,0.35971096418,2.5,1.84914057127,0.665156137797,2.5,0.296598779422,0.263843648208,459,0.0323467230444,0.385590427152,45,45,45,1,0,0.333333333333,0.355555555556,0.311111111111,45,291,0.14696969697,1.87191140615,12.9333333333,10.7777777778,10.3928571429,7.38979640512,0.571376010705,0.308209240168,7.36885337078,1.13951340785,0.596716303933,7.976100665,1.23341762861,0.628942344406,0.765346983507,0.408858550138,2.37823834197,1.93419079231,0.754331708836,2.37823834197,0.19964939264,0.245591116917,376,0.0264975334743,0.390434605072,45,42,42,0.933333333333,0,0.333333333333,0.288888888889,0.311111111111,-26,-0.0131313131313,0.0227708348786,-1.15555555556,0.211111111111,0.167050691244,-0.234394229191,0.0302268331909,0.0206522825795,-0.481900951857,0.0250530150492,0.0141716141326,-0.333137226857,0.0538728174614,0.0250867537999,0.10019084571,0.0491475859584,-0.121761658031,0.0850502210323,0.0891755710388,-0.121761658031,-0.0969493867818,-0.0182525312914,-83,-0.00584918957012,0.00484417791971,0,-0.0666666666667,0,288,3,29,1660,0.908517350158,0.998196031269,0.00180396873121,0.0914826498423,0.989690721649,0.908517350158,0.947368421053,0.939040798806,0.906713381427,0.9,165,191,0,0,0,0
168,WLNM_dir_neg,0.942086291494,0.330786488723,00:00:03,10,40,18,1316695593,fixed,0.5,0.98,0.769633507853,0.862170087977,147,3,44,379,0.769633507853,0.992146596859,0.00785340314136,0.230366492147,0.98,0.769633507853,0.862170087977,0.91797556719,0.579406631763,0.804979253112,0.816887363435,0.761780104712,317,126,191,0,317,0,126,0,191,45,317,0.160101010101,1.84914057127,14.0888888889,10.5666666667,10.2258064516,7.62419063431,0.541149177514,0.287556957589,7.85075432263,1.1144603928,0.5825446898,8.30923789185,1.17954481115,0.603855590606,0.665156137797,0.35971096418,2.5,1.84914057127,0.665156137797,2.5,0.296598779422,0.263843648208,459,0.0323467230444,0.385590427152,45,45,45,1,0,0.333333333333,0.355555555556,0.311111111111,45,276,0.139393939394,2.05042911268,12.2666666667,9.2,11.5,6.78367023212,0.55301659501,0.297504025765,6.76421063056,1.1028604289,0.58115942029,7.77408281641,1.26751350268,0.645732689211,0.89069986066,0.434396807551,3,2.07430250161,0.886313976794,3,0.249648165247,0.197552019584,269,0.0189570119803,0.324195793136,45,44,44,0.977777777778,0,0.311111111111,0.222222222222,0.444444444444,-41,-0.0207070707071,0.201288541411,-1.82222222222,-1.36666666667,1.27419354839,-0.840520402187,0.0118674174959,0.00994706817639,-1.08654369208,-0.0115999639076,-0.00138526951036,-0.535155075447,0.0879686915286,0.0418770986046,0.225543722863,0.0746858433714,0.5,0.225161930336,0.221157838997,0.5,-0.0469506141747,-0.0662916286246,-190,-0.0133897110641,-0.0613946340166,-0.0222222222222,-0.133333333333,0.133333333333,273,3,44,1660,0.86119873817,0.998196031269,0.00180396873121,0.13880126183,0.989130434783,0.86119873817,0.920741989882,0.909869538557,0.859394769439,0.853125,150,191,0,0,0,0
169,WLNM_dir_neg,0.9132425098,0.152893751936,00:00:03,10,40,19,1316695594,fixed,0.5,0.901098901099,0.858638743455,0.879356568365,164,18,27,364,0.858638743455,0.952879581152,0.0471204188482,0.141361256545,0.901098901099,0.858638743455,0.879356568365,0.921465968586,0.56079115765,0.82119205298,0.821717664861,0.811518324607,317,126,191,0,317,0,126,0,191,45,317,0.160101010101,1.84914057127,14.0888888889,10.5666666667,10.2258064516,7.62419063431,0.541149177514,0.287556957589,7.85075432263,1.1144603928,0.5825446898,8.30923789185,1.17954481115,0.603855590606,0.665156137797,0.35971096418,2.5,1.84914057127,0.665156137797,2.5,0.296598779422,0.263843648208,459,0.0323467230444,0.385590427152,45,45,45,1,0,0.333333333333,0.355555555556,0.311111111111,45,308,0.155555555556,1.76418872812,13.6888888889,12.32,8.10526315789,7.76888380371,0.56753209605,0.304112554113,7.9084407024,1.15545399873,0.599422799423,7.74876986001,1.13212546656,0.582828282828,0.715323675411,0.405468907046,2.23076923077,1.79973238989,0.712005506112,2.23076923077,0.25542818099,0.296813532651,503,0.0354474982382,0.424097491664,45,43,43,0.955555555556,0,0.4,0.444444444444,0.111111111111,-9,-0.00454545454545,-0.0849518431582,-0.4,1.75333333333,-2.12054329372,0.144693169402,0.0263829185362,0.0165555965241,0.0576863797705,0.040993605925,0.0168781096226,-0.560468031842,-0.0474193445863,-0.0210273077781,0.050167537614,0.0457579428656,-0.269230769231,-0.0494081813854,0.0468493683152,-0.269230769231,-0.0411705984321,0.032969884443,44,0.0031007751938,0.0385070645118,0.0666666666667,0.0888888888889,-0.2,290,18,27,1645,0.914826498423,0.989176187613,0.0108238123873,0.0851735015773,0.941558441558,0.914826498423,0.928,0.914643772585,0.904002686035,0.865671641791,182,191,0,0,0,0
170,WLNM_dir_neg,0.912248841863,0.285254136252,00:00:02,10,40,20,1316695595,fixed,0.5,0.965753424658,0.738219895288,0.836795252226,141,5,50,377,0.738219895288,0.986910994764,0.0130890052356,0.261780104712,0.965753424658,0.738219895288,0.836795252226,0.904013961606,0.581733566027,0.770514603616,0.784466506682,0.725130890052,317,126,191,0,317,0,126,0,191,45,317,0.160101010101,1.84914057127,14.0888888889,10.5666666667,10.2258064516,7.62419063431,0.541149177514,0.287556957589,7.85075432263,1.1144603928,0.5825446898,8.30923789185,1.17954481115,0.603855590606,0.665156137797,0.35971096418,2.5,1.84914057127,0.665156137797,2.5,0.296598779422,0.263843648208,459,0.0323467230444,0.385590427152,45,45,45,1,0,0.333333333333,0.355555555556,0.311111111111,45,272,0.137373737374,1.69056422622,12.0888888889,9.71428571429,10.0740740741,6.58794430008,0.544958627764,0.289460784314,6.72835099194,1.11314630381,0.585294117647,7.83336557053,1.29596121571,0.648529411765,0.553544147657,0.327431598913,1.53846153846,1.72268349256,0.545194825294,1.53846153846,0.152719165454,0.157139259632,208,0.014658210007,0.373106544187,45,43,43,0.955555555556,0,0.333333333333,0.266666666667,0.355555555556,-45,-0.0227272727273,-0.158576345053,-2,-0.852380952381,-0.151732377539,-1.03624633422,0.00380945025027,0.00190382672522,-1.1224033307,-0.00131408898962,0.00274942784685,-0.475872321321,0.116416404567,0.0446738211583,-0.11161199014,-0.0322793652665,-0.961538461538,-0.126457078717,-0.119961312503,-0.961538461538,-0.143879613967,-0.106704388576,-251,-0.0176885130374,-0.0124838829652,0,-0.0888888888889,0.0444444444444,267,5,50,1658,0.842271293375,0.996993385448,0.00300661455201,0.157728706625,0.981617647059,0.842271293375,0.90662139219,0.894018110078,0.839264678823,0.829192546584,146,191,0,0,0,0
171,WLNM_dir_neg,0.962165236699,0.256342757567,00:00:02,10,40,21,1316695596,fixed,0.5,0.922155688623,0.806282722513,0.860335195531,154,13,37,369,0.806282722513,0.965968586387,0.0340314136126,0.193717277487,0.922155688623,0.806282722513,0.860335195531,0.912739965096,0.56951716114,0.797297297297,0.801098218205,0.772251308901,317,126,191,0,317,0,126,0,191,45,317,0.160101010101,1.84914057127,14.0888888889,10.5666666667,10.2258064516,7.62419063431,0.541149177514,0.287556957589,7.85075432263,1.1144603928,0.5825446898,8.30923789185,1.17954481115,0.603855590606,0.665156137797,0.35971096418,2.5,1.84914057127,0.665156137797,2.5,0.296598779422,0.263843648208,459,0.0323467230444,0.385590427152,45,45,45,1,0,0.333333333333,0.355555555556,0.311111111111,45,293,0.14797979798,4.81744505804,13.0222222222,8.13888888889,10.8518518519,6.74027544922,0.517597944052,0.279256731134,6.78776379773,1.04248932047,0.553356086462,8.00744602974,1.22981253016,0.628744785741,2.67077102668,0.55439574183,8.8737913486,4.81744505804,2.67077102668,8.8737913486,0.227252750045,0.18724090281,271,0.0190979563073,0.268382215779,45,45,45,1,0,0.2,0.4,0.4,-24,-0.0121212121212,2.96830448677,-1.06666666667,-2.42777777778,0.626045400239,-0.883915185092,-0.0235512334616,-0.00830022645464,-1.06299052491,-0.0719710723328,-0.0291886033383,-0.301791862115,0.0502677190182,0.024889195135,2.00561488888,0.19468477765,6.3737913486,2.96830448677,2.00561488888,6.3737913486,-0.0693460293768,-0.0766027453987,-188,-0.0132487667371,-0.117208211373,-0.133333333333,0.0444444444444,0.0888888888889,280,13,37,1650,0.883280757098,0.992182802165,0.00781719783524,0.116719242902,0.955631399317,0.883280757098,0.918032786885,0.904112508398,0.875463559263,0.848484848485,167,191,0,0,0,0
172,WLNM_dir_neg,0.913955209561,0.341623010384,00:00:02,10,40,22,1316695597,fixed,0.5,1,0.712041884817,0.831804281346,136,0,55,382,0.712041884817,1,0,0.287958115183,1,0.712041884817,0.831804281346,0.904013961606,0.587550901687,0.767277856135,0.788939559973,0.712041884817,317,126,191,0,317,0,126,0,191,45,317,0.160101010101,1.84914057127,14.0888888889,10.5666666667,10.2258064516,7.62419063431,0.541149177514,0.287556957589,7.85075432263,1.1144603928,0.5825446898,8.30923789185,1.17954481115,0.603855590606,0.665156137797,0.35971096418,2.5,1.84914057127,0.665156137797,2.5,0.296598779422,0.263843648208,459,0.0323467230444,0.385590427152,45,45,45,1,0,0.333333333333,0.355555555556,0.311111111111,45,262,0.132323232323,1.60207247563,11.6444444444,10.9166666667,9.35714285714,6.94182172696,0.59614881243,0.315012722646,7.06234859496,1.21299880448,0.62171331637,7.34007954158,1.26070068462,0.636980491942,0.592582013551,0.369884647895,2,1.69469901034,0.583573306735,2,0.197395895537,0.1712256707,217,0.0152924594785,0.420085402049,45,39,39,0.866666666667,0,0.333333333333,0.288888888889,0.244444444444,-55,-0.0277777777778,-0.247068095644,-2.44444444444,0.35,-0.86866359447,-0.682368907349,0.0549996349157,0.0274557650578,-0.788405727671,0.0985384116755,0.0391686265696,-0.969158350272,0.0811558734765,0.0331249013359,-0.0725741242457,0.0101736837155,-0.5,-0.154441560931,-0.0815828310621,-0.5,-0.0992028838848,-0.0926179775088,-242,-0.0170542635659,0.0344949748966,0,-0.0666666666667,-0.0666666666667,262,0,55,1663,0.826498422713,1,0,0.173501577287,1,0.826498422713,0.905008635579,0.894448951715,0.826498422713,0.826498422713,136,191,0,0,0,0
173,WLNM_dir_neg,0.957361366191,0.229312394501,00:00:02,10,40,23,1316695598,fixed,0.5,0.968944099379,0.816753926702,0.886363636364,156,5,35,377,0.816753926702,0.986910994764,0.0130890052356,0.183246073298,0.968944099379,0.816753926702,0.886363636364,0.930191972077,0.573007562536,0.83651226158,0.842872397263,0.803664921466,317,126,191,0,317,0,126,0,191,45,317,0.160101010101,1.84914057127,14.0888888889,10.5666666667,10.2258064516,7.62419063431,0.541149177514,0.287556957589,7.85075432263,1.1144603928,0.5825446898,8.30923789185,1.17954481115,0.603855590606,0.665156137797,0.35971096418,2.5,1.84914057127,0.665156137797,2.5,0.296598779422,0.263843648208,459,0.0323467230444,0.385590427152,45,45,45,1,0,0.333333333333,0.355555555556,0.311111111111,45,287,0.144949494949,1.71695302602,12.7555555556,11.0384615385,8.96875,7.27434956654,0.570288729084,0.306155632985,7.42014729359,1.16343772896,0.605032907472,7.79069634211,1.22153775399,0.620673635308,0.646716608588,0.376665289492,2,1.7868996627,0.635334242405,2,0.289923365439,0.221548821549,329,0.02318534179,0.421025838516,45,41,41,0.911111111111,0,0.333333333333,0.377777777778,0.2,-30,-0.0151515151515,-0.132187545257,-1.33333333333,0.471794871795,-1.25705645161,-0.349841067773,0.0291395515698,0.0185986753964,-0.430607029042,0.0489773361574,0.0224882176717,-0.518541549746,0.0419929428426,0.0168180447014,-0.0184395292086,0.0169543253119,-0.5,-0.0622409085726,-0.0298218953922,-0.5,-0.00667541398242,-0.0422948266596,-130,-0.0091613812544,0.035435411364,0,0.0222222222222,-0.111111111111,282,5,35,1658,0.889589905363,0.996993385448,0.00300661455201,0.110410094637,0.982578397213,0.889589905363,0.933774834437,0.923476546829,0.886583290811,0.875776397516,161,191,0,0,0,0
174,WLNM_dir_neg,0.957710863189,0.240627101466,00:00:03,10,40,24,1316695599,fixed,0.5,0.97972972973,0.759162303665,0.855457227139,145,3,46,379,0.759162303665,0.992146596859,0.00785340314136,0.240837696335,0.97972972973,0.759162303665,0.855457227139,0.914485165794,0.580570098895,0.796116504854,0.809173359814,0.751308900524,317,126,191,0,317,0,126,0,191,45,317,0.160101010101,1.84914057127,14.0888888889,10.5666666667,10.2258064516,7.62419063431,0.541149177514,0.287556957589,7.85075432263,1.1144603928,0.5825446898,8.30923789185,1.17954481115,0.603855590606,0.665156137797,0.35971096418,2.5,1.84914057127,0.665156137797,2.5,0.296598779422,0.263843648208,459,0.0323467230444,0.385590427152,45,45,45,1,0,0.333333333333,0.355555555556,0.311111111111,45,274,0.138383838384,1.64899994947,12.1777777778,10.96,11.9130434783,7.30594057441,0.599940375636,0.320275750203,7.03827917444,1.15592176223,0.597404703974,7.95390762234,1.3062986971,0.655150040552,0.593760007852,0.360072787172,1.39126792325,1.74884609554,0.575742888424,1.39126792325,0.18002563336,0.192307692308,265,0.0186751233263,0.445442066376,45,39,39,0.866666666667,0,0.311111111111,0.2,0.355555555556,-43,-0.0217171717172,-0.200140621805,-1.91111111111,0.393333333333,1.68723702665,-0.318250059902,0.0587911981216,0.0327187926143,-0.812475148192,0.0414613694229,0.0148600141738,-0.355330269519,0.126753885952,0.0512944499451,-0.0713961299451,0.000361822992362,-1.10873207675,-0.100294475733,-0.0894132493732,-1.10873207675,-0.116573146062,-0.0715359559008,-194,-0.0136715997181,0.0598516392236,-0.0222222222222,-0.155555555556,0.0444444444444,271,3,46,1660,0.854889589905,0.998196031269,0.00180396873121,0.145110410095,0.989051094891,0.854889589905,0.917089678511,0.905948651413,0.853085621174,0.846875,148,191,0,0,0,0
175,WLNM_dir_neg,0.957142073956,0.233476673437,00:00:03,10,40,25,1316695600,fixed,0.5,0.993197278912,0.764397905759,0.863905325444,146,1,45,381,0.764397905759,0.997382198953,0.00261780104712,0.235602094241,0.993197278912,0.764397905759,0.863905325444,0.919720767888,0.581151832461,0.808333333333,0.822270148891,0.761780104712,317,126,191,0,317,0,126,0,191,45,317,0.160101010101,1.84914057127,14.0888888889,10.5666666667,10.2258064516,7.62419063431,0.541149177514,0.287556957589,7.85075432263,1.1144603928,0.5825446898,8.30923789185,1.17954481115,0.603855590606,0.665156137797,0.35971096418,2.5,1.84914057127,0.665156137797,2.5,0.296598779422,0.263843648208,459,0.0323467230444,0.385590427152,45,45,45,1,0,0.333333333333,0.355555555556,0.311111111111,45,273,0.137878787879,1.76481051367,12.1333333333,10.5,11.375,7.02139587262,0.578686473018,0.305331705332,6.93279426809,1.14276828595,0.592266992267,7.87227586361,1.29762788961,0.652828652829,0.699250630643,0.396218531807,2.55786374756,1.86041182787,0.683572881635,2.55786374756,0.199084613978,0.167118560513,226,0.01592670895,0.432256575964,45,40,40,0.888888888889,0,0.311111111111,0.222222222222,0.355555555556,-44,-0.0222222222222,-0.0843300576073,-1.95555555556,-0.0666666666667,1.14919354839,-0.602794761692,0.0375372955038,0.0177747477432,-0.917960054545,0.0283078931458,0.00972230246678,-0.436962028248,0.118083078459,0.0489730622223,0.0340944928457,0.0365075676273,0.057863747564,0.0112712566009,0.0184167438384,0.057863747564,-0.0975141654442,-0.0967250876958,-233,-0.0164200140944,0.0466661488112,-0.0222222222222,-0.133333333333,0.0444444444444,272,1,45,1662,0.858044164038,0.99939867709,0.000601322910403,0.141955835962,0.996336996337,0.858044164038,0.922033898305,0.911974826149,0.857442841127,0.85534591195,147,191,0,0,0,0
176,WLNM_dir_neg,0.882041336586,0.159290536239,00:00:03,10,40,26,1316695601,fixed,0.5,0.967532467532,0.780104712042,0.863768115942,149,5,42,377,0.780104712042,0.986910994764,0.0130890052356,0.219895287958,0.967532467532,0.780104712042,0.863768115942,0.91797556719,0.577079697499,0.806052269601,0.815615086987,0.767015706806,317,126,191,0,317,0,126,0,191,45,317,0.160101010101,1.84914057127,14.0888888889,10.5666666667,10.2258064516,7.62419063431,0.541149177514,0.287556957589,7.85075432263,1.1144603928,0.5825446898,8.30923789185,1.17954481115,0.603855590606,0.665156137797,0.35971096418,2.5,1.84914057127,0.665156137797,2.5,0.296598779422,0.263843648208,459,0.0323467230444,0.385590427152,45,45,45,1,0,0.333333333333,0.355555555556,0.311111111111,45,280,0.141414141414,1.65652153768,12.4444444444,11.6666666667,8.75,7.33471061447,0.589396388663,0.315555555556,7.28600429494,1.17096497597,0.608571428571,7.60349467766,1.22199021605,0.623492063492,0.648401425068,0.391423480056,2,1.73858672989,0.641995755941,2,0.261390406979,0.217021276596,306,0.0215644820296,0.452251999127,45,40,40,0.888888888889,0,0.355555555556,0.355555555556,0.177777777778,-37,-0.0186868686869,-0.192619033592,-1.64444444444,1.1,-1.47580645161,-0.289480019842,0.0482472111485,0.0279985979671,-0.564750027695,0.0565045831694,0.0260267387712,-0.7057432142,0.0424454049052,0.0196364728857,-0.0167547127293,0.0317125158765,-0.5,-0.110553841382,-0.0231603818558,-0.5,-0.0352083724431,-0.0468223716127,-153,-0.0107822410148,0.0666615719751,0.0222222222222,0,-0.133333333333,275,5,42,1658,0.867507886435,0.996993385448,0.00300661455201,0.132492113565,0.982142857143,0.867507886435,0.921273031826,0.909783206294,0.864501271883,0.854037267081,154,191,0,0,0,0
177,WLNM_dir_neg,0.948027740468,0.557358228964,00:00:03,10,40,27,1316695602,fixed,0.5,1,0.649214659686,0.787301587302,124,0,67,382,0.649214659686,1,0,0.350785340314,1,0.649214659686,0.787301587302,0.883071553229,0.594531704479,0.711621233859,0.743194812998,0.649214659686,317,126,191,0,317,0,126,0,191,45,317,0.160101010101,1.84914057127,14.0888888889,10.5666666667,10.2258064516,7.62419063431,0.541149177514,0.287556957589,7.85075432263,1.1144603928,0.5825446898,8.30923789185,1.17954481115,0.603855590606,0.665156137797,0.35971096418,2.5,1.84914057127,0.665156137797,2.5,0.296598779422,0.263843648208,459,0.0323467230444,0.385590427152,45,45,45,1,0,0.333333333333,0.355555555556,0.311111111111,45,250,0.126262626263,1.49127013093,11.1111111111,11.9047619048,11.3636363636,6.98447050841,0.628602345757,0.339733333333,6.75397376484,1.21571527767,0.622933333333,7.49713750088,1.34948475016,0.667022222222,0.534672143955,0.358534736844,1.25571002979,1.58176726031,0.53468442625,1.25571002979,0.141154685896,0.160639192599,191,0.0134601832276,0.565199531741,45,38,38,0.844444444444,0,0.377777777778,0.111111111111,0.355555555556,-67,-0.0338383838384,-0.357870440347,-2.97777777778,1.3380952381,1.13782991202,-0.6397201259,0.0874531682427,0.0521763757448,-1.09678055779,0.101254884869,0.0403886435331,-0.812100390977,0.169939939011,0.0631666316158,-0.130483993842,-0.00117622733584,-1.24428997021,-0.267373310966,-0.130471711547,-1.24428997021,-0.155444093526,-0.10320445561,-268,-0.0188865398168,0.179609104589,0.0444444444444,-0.244444444444,0.0444444444444,250,0,67,1663,0.788643533123,1,0,0.211356466877,1,0.788643533123,0.881834215168,0.870689778905,0.788643533123,0.788643533123,124,191,0,0,0,0
178,WLNM_dir_neg,0.943566514076,0.21412243419,00:00:03,10,40,28,1316695603,fixed,0.5,0.972972972973,0.753926701571,0.849557522124,144,4,47,378,0.753926701571,0.989528795812,0.0104712041885,0.246073298429,0.972972972973,0.753926701571,0.849557522124,0.910994764398,0.580570098895,0.787794729542,0.800715101697,0.743455497382,317,126,191,0,317,0,126,0,191,45,317,0.160101010101,1.84914057127,14.0888888889,10.5666666667,10.2258064516,7.62419063431,0.541149177514,0.287556957589,7.85075432263,1.1144603928,0.5825446898,8.30923789185,1.17954481115,0.603855590606,0.665156137797,0.35971096418,2.5,1.84914057127,0.665156137797,2.5,0.296598779422,0.263843648208,459,0.0323467230444,0.385590427152,45,45,45,1,0,0.333333333333,0.355555555556,0.311111111111,45,274,0.138383838384,2.09929333647,12.1777777778,9.13333333333,10.1481481481,6.84334078731,0.561953166841,0.300892133009,6.7279005986,1.1049471786,0.581670721817,7.585339395,1.24576741889,0.634225466342,0.845367088627,0.402691264693,2.80473640436,2.20654146686,0.808378479746,2.80473640436,0.271459963964,0.180152671756,236,0.0166314305849,0.314383644242,45,41,41,0.911111111111,0,0.244444444444,0.355555555556,0.311111111111,-43,-0.0217171717172,0.250152765201,-1.91111111111,-1.43333333333,-0.0776583034648,-0.780849846995,0.0208039893274,0.0133351754204,-1.12285372403,-0.00951321420057,-0.000873967983503,-0.723898496852,0.0662226077407,0.0303698757359,0.18021095083,0.0429803005134,0.30473640436,0.357400895589,0.143222341949,0.30473640436,-0.0251388154576,-0.0836909764527,-223,-0.0157152924595,-0.0712067829108,-0.0888888888889,0,0,270,4,47,1659,0.851735015773,0.997594708358,0.00240529164161,0.148264984227,0.985401459854,0.851735015773,0.913705583756,0.901960013255,0.849329724131,0.841121495327,148,191,0,0,0,0
179,WLNM_dir_neg,0.948528000877,0.161298359698,00:00:06,10,40,29,1316695604,fixed,0.5,0.97619047619,0.858638743455,0.91364902507,164,4,27,378,0.858638743455,0.989528795812,0.0104712041885,0.141361256545,0.97619047619,0.858638743455,0.91364902507,0.94589877836,0.568935427574,0.874493927126,0.878310065654,0.848167539267,317,126,191,0,317,0,126,0,191,45,317,0.160101010101,1.84914057127,14.0888888889,10.5666666667,10.2258064516,7.62419063431,0.541149177514,0.287556957589,7.85075432263,1.1144603928,0.5825446898,8.30923789185,1.17954481115,0.603855590606,0.665156137797,0.35971096418,2.5,1.84914057127,0.665156137797,2.5,0.296598779422,0.263843648208,459,0.0323467230444,0.385590427152,45,45,45,1,0,0.333333333333,0.355555555556,0.311111111111,45,294,0.148484848485,2.13308327332,13.0666666667,10.1379310345,9.8,7.39594483484,0.56601618634,0.301284958428,7.33794620759,1.12315503177,0.583824640967,7.976100665,1.22083173444,0.622675736961,0.960421901685,0.450250542817,2.99381925138,2.18578482091,0.949923107085,2.99381925138,0.16693612827,0.191674087266,287,0.0202255109232,0.354122836539,45,43,43,0.955555555556,0,0.311111111111,0.355555555556,0.288888888889,-23,-0.0116161616162,0.283942702043,-1.02222222222,-0.428735632184,-0.425806451613,-0.228245799469,0.0248670088258,0.0137280008393,-0.512808115045,0.00869463897085,0.00127995116729,-0.333137226857,0.0412869232919,0.0188201463551,0.295265763888,0.0905395786372,0.49381925138,0.336644249639,0.284766969288,0.49381925138,-0.129662651152,-0.0721695609422,-172,-0.0121212121212,-0.0314675906134,-0.0222222222222,0,-0.0222222222222,290,4,27,1659,0.914826498423,0.997594708358,0.00240529164161,0.0851735015773,0.986394557823,0.914826498423,0.949263502455,0.940954613837,0.912421206781,0.903426791277,168,191,0,0,0,0
180,WLNM_dir_neg,0.920965708177,0.212143863051,00:00:01,10,40,30,1316695605,fixed,0.5,0.974358974359,0.795811518325,0.876080691643,152,4,39,378,0.795811518325,0.989528795812,0.0104712041885,0.204188481675,0.974358974359,0.795811518325,0.876080691643,0.924956369983,0.575916230366,0.82304526749,0.831717673779,0.785340314136,317,126,191,0,317,0,126,0,191,45,317,0.160101010101,1.84914057127,14.0888888889,10.5666666667,10.2258064516,7.62419063431,0.541149177514,0.287556957589,7.85075432263,1.1144603928,0.5825446898,8.30923789185,1.17954481115,0.603855590606,0.665156137797,0.35971096418,2.5,1.84914057127,0.665156137797,2.5,0.296598779422,0.263843648208,459,0.0323467230444,0.385590427152,45,45,45,1,0,0.333333333333,0.355555555556,0.311111111111,45,282,0.142424242424,1.68701716409,12.5333333333,10.8461538462,10.4444444444,7.25383910893,0.578763758691,0.313238770686,7.22181040007,1.1524165532,0.600945626478,7.87804775078,1.25713527938,0.638613081166,0.62077496392,0.367971931249,2,1.75404322888,0.609994792881,2,0.20744275218,0.201257861635,288,0.0202959830867,0.425988283633,45,41,41,0.911111111111,0,0.333333333333,0.266666666667,0.311111111111,-35,-0.0176767676768,-0.162123407187,-1.55555555556,0.279487179487,0.218637992832,-0.370351525383,0.0376145811769,0.0256818130971,-0.628943922564,0.0379561603997,0.0184009366773,-0.431190141071,0.0775904682339,0.0347574905599,-0.0443811738773,0.00826096706934,-0.5,-0.0950973423977,-0.0551613449156,-0.5,-0.0891560272422,-0.0625857865732,-171,-0.0120507399577,0.0403978564807,0,-0.0888888888889,0,278,4,39,1659,0.876971608833,0.997594708358,0.00240529164161,0.123028391167,0.985815602837,0.876971608833,0.928213689482,0.917645851606,0.874566317191,0.866043613707,156,191,0,0,0,0
181,WLNM_dir_neg,0.873530056742,0.197246192125,00:00:03,10,40,31,1316695606,fixed,0.5,0.979020979021,0.732984293194,0.838323353293,140,3,51,379,0.732984293194,0.992146596859,0.00785340314136,0.267015706806,0.979020979021,0.732984293194,0.838323353293,0.905759162304,0.583478766725,0.77374301676,0.789882559394,0.725130890052,317,126,191,0,317,0,126,0,191,45,317,0.160101010101,1.84914057127,14.0888888889,10.5666666667,10.2258064516,7.62419063431,0.541149177514,0.287556957589,7.85075432263,1.1144603928,0.5825446898,8.30923789185,1.17954481115,0.603855590606,0.665156137797,0.35971096418,2.5,1.84914057127,0.665156137797,2.5,0.296598779422,0.263843648208,459,0.0323467230444,0.385590427152,45,45,45,1,0,0.333333333333,0.355555555556,0.311111111111,45,269,0.135858585859,1.92800412314,11.9555555556,9.27586206897,10.3461538462,7.01930958647,0.587116972846,0.316646014044,6.82405134562,1.14156992771,0.59892606361,7.46351394479,1.24854322496,0.636431226766,0.748792450148,0.388376996274,2.30769230769,1.99429013193,0.730890700238,2.30769230769,0.241397023169,0.221430389412,290,0.0204369274137,0.309787677112,45,42,42,0.933333333333,0,0.288888888889,0.288888888889,0.355555555556,-48,-0.0242424242424,0.078863551862,-2.13333333333,-1.2908045977,0.120347394541,-0.604881047839,0.045967795332,0.0290890564553,-1.02670297701,0.0271095349034,0.0163813738099,-0.845723947067,0.0689984138179,0.0325756361594,0.083636312351,0.0286660320945,-0.192307692308,0.145149560657,0.0657345624409,-0.192307692308,-0.0552017562523,-0.0424132587964,-169,-0.0119097956307,-0.0758027500404,-0.0444444444444,-0.0666666666667,0.0444444444444,266,3,51,1660,0.839116719243,0.998196031269,0.00180396873121,0.160883280757,0.988847583643,0.839116719243,0.907849829352,0.896112046461,0.837312750512,0.83125,143,191,0,0,0,0
182,WLNM_dir_neg,0.94369671884,0.272501237283,00:00:03,10,40,32,1316695607,fixed,0.5,0.967532467532,0.780104712042,0.863768115942,149,5,42,377,0.780104712042,0.986910994764,0.0130890052356,0.219895287958,0.967532467532,0.780104712042,0.863768115942,0.91797556719,0.577079697499,0.806052269601,0.815615086987,0.767015706806,317,126,191,0,317,0,126,0,191,45,317,0.160101010101,1.84914057127,14.0888888889,10.5666666667,10.2258064516,7.62419063431,0.541149177514,0.287556957589,7.85075432263,1.1144603928,0.5825446898,8.30923789185,1.17954481115,0.603855590606,0.665156137797,0.35971096418,2.5,1.84914057127,0.665156137797,2.5,0.296598779422,0.263843648208,459,0.0323467230444,0.385590427152,45,45,45,1,0,0.333333333333,0.355555555556,0.311111111111,45,280,0.141414141414,1.9070805452,12.4444444444,10.7692307692,9.65517241379,6.83758182785,0.549448539738,0.29880952381,7.04817477626,1.13274237476,0.596825396825,7.61544151674,1.22391024376,0.627301587302,0.837761173349,0.439289874492,2.58333333333,2.02046561335,0.820458032686,2.58333333333,0.214811791417,0.176941747573,243,0.0171247357294,0.38666062411,45,40,40,0.888888888889,0,0.311111111111,0.333333333333,0.244444444444,-37,-0.0186868686869,0.0579399739304,-1.64444444444,0.202564102564,-0.57063403782,-0.78660880646,0.0082993622238,0.011252566221,-0.802579546369,0.0182819819539,0.0142807070252,-0.693796375111,0.0443654326159,0.0234459966952,0.172605035553,0.0795789103125,0.0833333333333,0.171325042081,0.155301894889,0.0833333333333,-0.081786988005,-0.0869019006357,-216,-0.015221987315,0.00107019695783,-0.0222222222222,-0.0222222222222,-0.0666666666667,275,5,42,1658,0.867507886435,0.996993385448,0.00300661455201,0.132492113565,0.982142857143,0.867507886435,0.921273031826,0.909783206294,0.864501271883,0.854037267081,154,191,0,0,0,0
183,WLNM_dir_neg,0.891224198898,0.264606140533,00:00:03,10,40,33,1316695608,fixed,0.5,0.919463087248,0.717277486911,0.805882352941,137,12,54,370,0.717277486911,0.968586387435,0.0314136125654,0.282722513089,0.919463087248,0.717277486911,0.805882352941,0.884816753927,0.579988365329,0.725761772853,0.737072538878,0.685863874346,317,126,191,0,317,0,126,0,191,45,317,0.160101010101,1.84914057127,14.0888888889,10.5666666667,10.2258064516,7.62419063431,0.541149177514,0.287556957589,7.85075432263,1.1144603928,0.5825446898,8.30923789185,1.17954481115,0.603855590606,0.665156137797,0.35971096418,2.5,1.84914057127,0.665156137797,2.5,0.296598779422,0.263843648208,459,0.0323467230444,0.385590427152,45,45,45,1,0,0.333333333333,0.355555555556,0.311111111111,45,275,0.138888888889,1.76477244201,12.2222222222,10.1851851852,9.16666666667,6.90483654236,0.564941171648,0.301898989899,6.86632832353,1.1235809984,0.589575757576,7.29639457111,1.19395547527,0.618181818182,0.672019908087,0.380796918678,2,1.83938438758,0.657706642634,2,0.182477885731,0.224263780518,297,0.0209302325581,0.354225972599,45,41,41,0.911111111111,0,0.311111111111,0.355555555556,0.244444444444,-42,-0.0212121212121,-0.0843681292605,-1.86666666667,-0.381481481481,-1.05913978495,-0.719354091945,0.0237919941339,0.0143420323105,-0.984425999106,0.00912060559246,0.00703106777555,-1.01284332074,0.0144106641265,0.0143262275754,0.00686377028994,0.0210859544984,-0.5,-0.00975618369826,-0.0074494951634,-0.5,-0.114120893691,-0.03957986769,-162,-0.0114164904863,-0.0313644545531,-0.0222222222222,0,-0.0666666666667,263,12,54,1651,0.829652996845,0.992784125075,0.00721587492483,0.170347003155,0.956363636364,0.829652996845,0.888513513514,0.872067138857,0.822437121921,0.799392097264,149,191,0,0,0,0
184,WLNM_dir_neg,0.963014994107,0.145935425087,00:00:02,10,40,34,1316695609,fixed,0.5,0.976331360947,0.86387434555,0.916666666667,165,4,26,378,0.86387434555,0.989528795812,0.0104712041885,0.13612565445,0.976331360947,0.86387434555,0.916666666667,0.947643979058,0.568353694008,0.878706199461,0.882203075316,0.853403141361,317,126,191,0,317,0,126,0,191,45,317,0.160101010101,1.84914057127,14.0888888889,10.5666666667,10.2258064516,7.62419063431,0.541149177514,0.287556957589,7.85075432263,1.1144603928,0.5825446898,8.30923789185,1.17954481115,0.603855590606,0.665156137797,0.35971096418,2.5,1.84914057127,0.665156137797,2.5,0.296598779422,0.263843648208,459,0.0323467230444,0.385590427152,45,45,45,1,0,0.333333333333,0.355555555556,0.311111111111,45,295,0.14898989899,1.66865296372,13.1111111111,11.8,8.93939393939,7.18654747751,0.548126502522,0.293634651601,7.34090518185,1.11979909554,0.587570621469,7.91303744564,1.20707350866,0.61483992467,0.624907458934,0.374498156609,1.82089274367,1.69975310157,0.621952123554,1.82089274367,0.213809375183,0.215545395167,330,0.0232558139535,0.458902801368,45,43,43,0.955555555556,0,0.4,0.333333333333,0.222222222222,-22,-0.0111111111111,-0.18048760755,-0.977777777778,1.23333333333,-1.28641251222,-0.437643156802,0.0069773250077,0.00607769401225,-0.509849140785,0.00533870273338,0.00502593166872,-0.396200446211,0.027528697511,0.0109843340641,-0.0402486788626,0.0147871924289,-0.67910725633,-0.149387469702,-0.043204014243,-0.67910725633,-0.0827894042385,-0.0482982530419,-129,-0.00909090909091,0.0733123742157,0.0666666666667,-0.0222222222222,-0.0888888888889,291,4,26,1659,0.917981072555,0.997594708358,0.00240529164161,0.0820189274448,0.986440677966,0.917981072555,0.950980392157,0.942885791196,0.915575780914,0.906542056075,169,191,0,0,0,0
185,WLNM_dir_neg,0.962041884817,0.305445543654,00:00:03,10,40,35,1316695610,fixed,0.5,0.973154362416,0.759162303665,0.852941176471,145,4,46,378,0.759162303665,0.989528795812,0.0104712041885,0.240837696335,0.973154362416,0.759162303665,0.852941176471,0.912739965096,0.579988365329,0.792243767313,0.804590634042,0.748691099476,317,126,191,0,317,0,126,0,191,45,317,0.160101010101,1.84914057127,14.0888888889,10.5666666667,10.2258064516,7.62419063431,0.541149177514,0.287556957589,7.85075432263,1.1144603928,0.5825446898,8.30923789185,1.17954481115,0.603855590606,0.665156137797,0.35971096418,2.5,1.84914057127,0.665156137797,2.5,0.296598779422,0.263843648208,459,0.0323467230444,0.385590427152,45,45,45,1,0,0.333333333333,0.355555555556,0.311111111111,45,275,0.138888888889,1.73918125502,12.2222222222,10.1851851852,11,7.0126148958,0.573759400565,0.308848484848,6.92236895284,1.13275128319,0.595393939394,7.71427903372,1.26233656915,0.642262626263,0.63694583201,0.366233151473,2.07692307692,1.81129649942,0.621530752049,2.07692307692,0.214737158447,0.203352230712,275,0.0193798449612,0.371986785377,45,41,41,0.911111111111,0,0.311111111111,0.244444444444,0.355555555556,-42,-0.0212121212121,-0.109959316249,-1.86666666667,-0.381481481481,0.774193548387,-0.611575738511,0.0326102230513,0.02129152726,-0.928385369797,0.0182908903886,0.0128492495937,-0.594958858134,0.0827917580077,0.0384070356562,-0.0282103057871,0.00652218729273,-0.423076923077,-0.037844071856,-0.043625385748,-0.423076923077,-0.0818616209743,-0.0604914174961,-184,-0.0129668780832,-0.0136036417751,-0.0222222222222,-0.111111111111,0.0444444444444,271,4,46,1659,0.854889589905,0.997594708358,0.00240529164161,0.145110410095,0.985454545455,0.854889589905,0.915540540541,0.90392751384,0.852484298264,0.844236760125,149,191,0,0,0,0
186,WLNM_dir_neg,0.923165483402,0.768185843221,00:00:02,10,40,36,1316695611,fixed,0.5,0.98347107438,0.623036649215,0.762820512821,119,2,72,380,0.623036649215,0.994764397906,0.00523560209424,0.376963350785,0.98347107438,0.623036649215,0.762820512821,0.870855148342,0.596276905177,0.680115273775,0.713567567437,0.61780104712,317,126,191,0,317,0,126,0,191,45,317,0.160101010101,1.84914057127,14.0888888889,10.5666666667,10.2258064516,7.62419063431,0.541149177514,0.287556957589,7.85075432263,1.1144603928,0.5825446898,8.30923789185,1.17954481115,0.603855590606,0.665156137797,0.35971096418,2.5,1.84914057127,0.665156137797,2.5,0.296598779422,0.263843648208,459,0.0323467230444,0.385590427152,45,45,45,1,0,0.333333333333,0.355555555556,0.311111111111,45,247,0.124747474747,1.71016556581,10.9777777778,9.88,9.5,6.52439091162,0.594327107334,0.314349977508,6.41596808476,1.16890106807,0.603868645974,7.28517243267,1.32725813551,0.662348178138,0.677951921259,0.396424729168,2.49180327869,1.79378078106,0.675606534774,2.49180327869,0.129494851554,0.130746268657,146,0.0102889358703,0.396483695527,45,39,39,0.866666666667,0,0.355555555556,0.222222222222,0.333333333333,-70,-0.0353535353535,-0.138975005464,-3.11111111111,-0.686666666667,-0.725806451613,-1.09979972269,0.0531779298201,0.0267930199194,-1.43478623787,0.0544406752707,0.0213239561737,-1.02406545918,0.14771332436,0.0584925875313,0.0127957834623,0.0367137649885,-0.00819672131147,-0.0553597902112,0.0104503969772,-0.00819672131147,-0.167103927868,-0.133097379552,-313,-0.0220577871741,0.0108932683747,0.0222222222222,-0.133333333333,0.0222222222222,245,2,72,1661,0.772870662461,0.998797354179,0.00120264582081,0.227129337539,0.991902834008,0.772870662461,0.868794326241,0.856364189461,0.77166801664,0.76802507837,121,191,0,0,0,0
187,WLNM_dir_neg,0.864628162605,0.235425573741,00:00:02,10,40,37,1316695612,fixed,0.5,0.924657534247,0.706806282723,0.80118694362,135,11,56,371,0.706806282723,0.971204188482,0.0287958115183,0.293193717277,0.924657534247,0.706806282723,0.80118694362,0.883071553229,0.581733566027,0.720445062587,0.733490343793,0.678010471204,317,126,191,0,317,0,126,0,191,45,317,0.160101010101,1.84914057127,14.0888888889,10.5666666667,10.2258064516,7.62419063431,0.541149177514,0.287556957589,7.85075432263,1.1144603928,0.5825446898,8.30923789185,1.17954481115,0.603855590606,0.665156137797,0.35971096418,2.5,1.84914057127,0.665156137797,2.5,0.296598779422,0.263843648208,459,0.0323467230444,0.385590427152,45,45,45,1,0,0.333333333333,0.355555555556,0.311111111111,45,272,0.137373737374,1.61761403578,12.0888888889,11.3333333333,9.06666666667,7.06728127687,0.584609664447,0.310947712418,7.16670190266,1.18566759419,0.617973856209,7.1825405595,1.18828796021,0.613562091503,0.607346955667,0.375458510023,2,1.71263157975,0.598012204694,2,0.210888786518,0.234737104411,314,0.0221282593376,0.396156193575,45,39,39,0.866666666667,0,0.333333333333,0.333333333333,0.2,-45,-0.0227272727273,-0.231526535488,-2,0.766666666667,-1.15913978495,-0.556909357434,0.0434604869333,0.0233907548298,-0.684052419971,0.0712072013876,0.0354291664089,-1.12669733235,0.00874314906513,0.00970650089689,-0.0578091821295,0.0157475458427,-0.5,-0.136508991521,-0.0671439331031,-0.5,-0.0857099929037,-0.0291065437978,-145,-0.0102184637068,0.0105657664228,0,-0.0222222222222,-0.111111111111,261,11,56,1652,0.82334384858,0.993385447986,0.00661455201443,0.17665615142,0.959558823529,0.82334384858,0.886247877759,0.870012524755,0.816729296566,0.795731707317,146,191,0,0,0,0
188,WLNM_dir_neg,0.919088018421,0.233802572796,00:00:02,10,40,38,1316695613,fixed,0.5,1,0.738219895288,0.849397590361,141,0,50,382,0.738219895288,1,0,0.261780104712,1,0.738219895288,0.849397590361,0.912739965096,0.584642233857,0.789915966387,0.807946642903,0.738219895288,317,126,191,0,317,0,126,0,191,45,317,0.160101010101,1.84914057127,14.0888888889,10.5666666667,10.2258064516,7.62419063431,0.541149177514,0.287556957589,7.85075432263,1.1144603928,0.5825446898,8.30923789185,1.17954481115,0.603855590606,0.665156137797,0.35971096418,2.5,1.84914057127,0.665156137797,2.5,0.296598779422,0.263843648208,459,0.0323467230444,0.385590427152,45,45,45,1,0,0.333333333333,0.355555555556,0.311111111111,45,267,0.134848484848,1.59543631053,11.8666666667,11.6086956522,11.6086956522,7.31001803256,0.616012755553,0.334248855597,7.05948749106,1.18980126254,0.613899292551,7.5600625298,1.2741678421,0.647024552643,0.610703075474,0.382781231343,2,1.72417929659,0.600012538136,2,0.196996890279,0.204339051463,270,0.0190274841438,0.477532651197,45,37,37,0.822222222222,0,0.311111111111,0.2,0.311111111111,-50,-0.0252525252525,-0.253704260743,-2.22222222222,1.04202898551,1.38288920056,-0.314172601748,0.0748635780388,0.0466918980087,-0.791266831578,0.0753408697346,0.0313546027508,-0.749175362051,0.0946230309552,0.0431689620362,-0.0544530623226,0.0230702671631,-0.5,-0.124961274682,-0.0651435996611,-0.5,-0.0996018891432,-0.0595045967453,-189,-0.0133192389006,0.0919422240447,-0.0222222222222,-0.155555555556,0,267,0,50,1663,0.842271293375,1,0,0.157728706625,1,0.842271293375,0.914383561644,0.904260255018,0.842271293375,0.842271293375,141,191,0,0,0,0
189,WLNM_dir_neg,0.912851895507,0.286835001902,00:00:03,10,40,39,1316695614,fixed,0.5,0.984126984127,0.649214659686,0.782334384858,124,2,67,380,0.649214659686,0.994764397906,0.00523560209424,0.350785340314,0.984126984127,0.649214659686,0.782334384858,0.879581151832,0.593368237347,0.703862660944,0.73296135137,0.643979057592,317,126,191,0,317,0,126,0,191,45,317,0.160101010101,1.84914057127,14.0888888889,10.5666666667,10.2258064516,7.62419063431,0.541149177514,0.287556957589,7.85075432263,1.1144603928,0.5825446898,8.30923789185,1.17954481115,0.603855590606,0.665156137797,0.35971096418,2.5,1.84914057127,0.665156137797,2.5,0.296598779422,0.263843648208,459,0.0323467230444,0.385590427152,45,45,45,1,0,0.333333333333,0.355555555556,0.311111111111,45,252,0.127272727273,1.9082734487,11.2,10.08,9.33333333333,6.82775086088,0.609620612578,0.332010582011,6.59683119522,1.17800557057,0.613051146384,7.07877750103,1.2640674109,0.640564373898,0.870816539529,0.456337397621,2.63285643401,2.02180762979,0.858229242934,2.63285643401,0.174343190397,0.164179104478,187,0.0131782945736,0.360924779448,45,40,40,0.888888888889,0,0.333333333333,0.266666666667,0.288888888889,-65,-0.0328282828283,0.0591328774278,-2.88888888889,-0.486666666667,-0.89247311828,-0.796439773434,0.0684714350641,0.0444536244221,-1.25392312742,0.0635451777716,0.0305064565843,-1.23046039082,0.0845225997517,0.0367087832913,0.205660401732,0.0966264334409,0.132856434006,0.172667058515,0.193073105137,0.132856434006,-0.122255589025,-0.0996645437309,-272,-0.0191684284708,-0.0246656477046,0,-0.0888888888889,-0.0222222222222,250,2,67,1661,0.788643533123,0.998797354179,0.00120264582081,0.211356466877,0.992063492063,0.788643533123,0.878734622144,0.866406252441,0.787440887302,0.783699059561,126,191,0,0,0,0
190,WLNM_dir_neg,0.914654203558,0.213748653469,00:00:03,10,40,40,1316695615,fixed,0.5,0.973154362416,0.759162303665,0.852941176471,145,4,46,378,0.759162303665,0.989528795812,0.0104712041885,0.240837696335,0.973154362416,0.759162303665,0.852941176471,0.912739965096,0.579988365329,0.792243767313,0.804590634042,0.748691099476,317,126,191,0,317,0,126,0,191,45,317,0.160101010101,1.84914057127,14.0888888889,10.5666666667,10.2258064516,7.62419063431,0.541149177514,0.287556957589,7.85075432263,1.1144603928,0.5825446898,8.30923789185,1.17954481115,0.603855590606,0.665156137797,0.35971096418,2.5,1.84914057127,0.665156137797,2.5,0.296598779422,0.263843648208,459,0.0323467230444,0.385590427152,45,45,45,1,0,0.333333333333,0.355555555556,0.311111111111,45,275,0.138888888889,1.87906732932,12.2222222222,10.1851851852,9.82142857143,7.38206945883,0.603987501177,0.325090909091,7.21810294336,1.18114411801,0.609292929293,7.46574669657,1.22166764126,0.629171717172,0.78595690745,0.418269689003,2.55419731476,1.98895074548,0.765159142202,2.55419731476,0.208293920537,0.220009713453,302,0.0212825933756,0.3407063476,45,40,40,0.888888888889,0,0.288888888889,0.333333333333,0.266666666667,-42,-0.0212121212121,0.0299267580446,-1.86666666667,-0.381481481481,-0.404377880184,-0.242121175482,0.0628383236627,0.0375339515024,-0.632651379268,0.0666837252023,0.0267482394927,-0.843491195283,0.0421228301106,0.0253161265653,0.120800769653,0.0585587248234,0.054197314761,0.139810174209,0.100003004405,0.054197314761,-0.0883048588846,-0.0438339347553,-157,-0.0110641296688,-0.0448840795521,-0.0444444444444,-0.0222222222222,-0.0444444444444,271,4,46,1659,0.854889589905,0.997594708358,0.00240529164161,0.145110410095,0.985454545455,0.854889589905,0.915540540541,0.90392751384,0.852484298264,0.844236760125,149,191,0,0,0,0
191,WLNM_dir_neg,0.915209287026,0.218921144591,00:00:02,10,40,41,1316695616,fixed,0.5,0.992805755396,0.722513089005,0.836363636364,138,1,53,381,0.722513089005,0.997382198953,0.00261780104712,0.277486910995,0.992805755396,0.722513089005,0.836363636364,0.905759162304,0.585805700989,0.772471910112,0.791708725038,0.719895287958,317,126,191,0,317,0,126,0,191,45,317,0.160101010101,1.84914057127,14.0888888889,10.5666666667,10.2258064516,7.62419063431,0.541149177514,0.287556957589,7.85075432263,1.1144603928,0.5825446898,8.30923789185,1.17954481115,0.603855590606,0.665156137797,0.35971096418,2.5,1.84914057127,0.665156137797,2.5,0.296598779422,0.263843648208,459,0.0323467230444,0.385590427152,45,45,45,1,0,0.333333333333,0.355555555556,0.311111111111,45,265,0.133838383838,1.73403089684,11.7777777778,9.81481481481,9.81481481481,7.03849444416,0.597608018843,0.323018867925,7.06535150712,1.19977667102,0.620377358491,7.29950876997,1.23953922509,0.63463312369,0.644337629517,0.37158370747,2,1.78646167519,0.635065997135,2,0.206623627676,0.208920187793,267,0.0188160676533,0.346653882166,45,42,42,0.933333333333,0,0.333333333333,0.266666666667,0.333333333333,-52,-0.0262626262626,-0.115109674429,-2.31111111111,-0.751851851852,-0.410991636798,-0.585696190154,0.0564588413293,0.035461910336,-0.785402815511,0.0853162782179,0.0378326686904,-1.00972912189,0.0599944139422,0.0307775330833,-0.0208185082795,0.0118727432905,-0.5,-0.0626788960834,-0.0300901406616,-0.5,-0.0899751517455,-0.054923460415,-192,-0.0135306553911,-0.0389365449865,0,-0.0888888888889,0.0222222222222,264,1,53,1662,0.832807570978,0.99939867709,0.000601322910403,0.167192429022,0.996226415094,0.832807570978,0.907216494845,0.896296558027,0.832206248068,0.830188679245,139,191,0,0,0,0
192,WLNM_dir_neg,0.936967188399,0.590135124767,00:00:02,10,40,42,1316695617,fixed,0.5,0.953020134228,0.743455497382,0.835294117647,142,7,49,375,0.743455497382,0.98167539267,0.0183246073298,0.256544502618,0.953020134228,0.743455497382,0.835294117647,0.902268760908,0.579988365329,0.767313019391,0.779271348355,0.725130890052,317,126,191,0,317,0,126,0,191,45,317,0.160101010101,1.84914057127,14.0888888889,10.5666666667,10.2258064516,7.62419063431,0.541149177514,0.287556957589,7.85075432263,1.1144603928,0.5825446898,8.30923789185,1.17954481115,0.603855590606,0.665156137797,0.35971096418,2.5,1.84914057127,0.665156137797,2.5,0.296598779422,0.263843648208,459,0.0323467230444,0.385590427152,45,45,45,1,0,0.333333333333,0.355555555556,0.311111111111,45,275,0.138888888889,2.45596144619,12.2222222222,8.87096774194,9.82142857143,7.24533984675,0.592800532916,0.322262626263,7.04924954814,1.15351356242,0.60395959596,7.27455785043,1.19038219371,0.620929292929,1.14267501923,0.465265861972,3.48514433308,2.63795662696,1.08044464119,3.48514433308,0.298789744691,0.25258493353,342,0.0241014799154,0.259258315585,45,40,40,0.888888888889,0,0.2,0.422222222222,0.266666666667,-42,-0.0212121212121,0.606820874917,-1.86666666667,-1.69569892473,-0.404377880184,-0.378850787556,0.0516513554021,0.0347056686741,-0.801504774495,0.0390531696197,0.0214149061594,-1.03468004143,0.0108373825595,0.0170737023229,0.477518881434,0.105554897792,0.985144333079,0.788816055691,0.415288503393,0.985144333079,0.00219096526946,-0.0112587146782,-117,-0.00824524312896,-0.126332111567,-0.133333333333,0.0666666666667,-0.0444444444444,268,7,49,1656,0.845425867508,0.995790739627,0.00420926037282,0.154574132492,0.974545454545,0.845425867508,0.905405405405,0.891979873222,0.841216607135,0.827160493827,149,191,0,0,0,0
193,WLNM_dir_neg,0.942216496258,0.342127078928,00:00:03,10,40,43,1316695618,fixed,0.5,0.969696969697,0.670157068063,0.792569659443,128,4,63,378,0.670157068063,0.989528795812,0.0104712041885,0.329842931937,0.969696969697,0.670157068063,0.792569659443,0.883071553229,0.589877835951,0.714893617021,0.738548945876,0.659685863874,317,126,191,0,317,0,126,0,191,45,317,0.160101010101,1.84914057127,14.0888888889,10.5666666667,10.2258064516,7.62419063431,0.541149177514,0.287556957589,7.85075432263,1.1144603928,0.5825446898,8.30923789185,1.17954481115,0.603855590606,0.665156137797,0.35971096418,2.5,1.84914057127,0.665156137797,2.5,0.296598779422,0.263843648208,459,0.0323467230444,0.385590427152,45,45,45,1,0,0.333333333333,0.355555555556,0.311111111111,45,258,0.130303030303,1.90240048363,11.4666666667,8.32258064516,11.2173913043,6.45121553028,0.562606005548,0.296468561585,6.54147606362,1.14095512738,0.595865633075,7.32182292254,1.27706213765,0.650129198966,0.686810540073,0.36102311053,2.87100591716,1.94437259914,0.67349088815,2.87100591716,0.159570130837,0.142252328535,168,0.0118393234672,0.283079716556,45,43,43,0.955555555556,0,0.266666666667,0.244444444444,0.444444444444,-59,-0.029797979798,0.0532599123526,-2.62222222222,-2.24408602151,0.991584852735,-1.17297510402,0.021456828034,0.00891160399634,-1.30927825901,0.0264947345727,0.0133209432747,-0.987414969311,0.0975173265065,0.04627360836,0.0216544022763,0.00131214635049,0.37100591716,0.0952320278701,0.00833475035275,0.37100591716,-0.137028648585,-0.121591319673,-291,-0.0205073995772,-0.102510710597,-0.0666666666667,-0.111111111111,0.133333333333,254,4,63,1659,0.801261829653,0.997594708358,0.00240529164161,0.198738170347,0.984496124031,0.801261829653,0.88347826087,0.870198084703,0.798856538011,0.791277258567,132,191,0,0,0,0
194,WLNM_dir_neg,0.965742441271,0.203339979175,00:00:05,10,40,44,1316695619,fixed,0.5,0.981132075472,0.816753926702,0.891428571429,156,3,35,379,0.816753926702,0.992146596859,0.00785340314136,0.183246073298,0.981132075472,0.816753926702,0.891428571429,0.933682373473,0.574171029668,0.844262295082,0.851617836572,0.80890052356,317,126,191,0,317,0,126,0,191,45,317,0.160101010101,1.84914057127,14.0888888889,10.5666666667,10.2258064516,7.62419063431,0.541149177514,0.287556957589,7.85075432263,1.1144603928,0.5825446898,8.30923789185,1.17954481115,0.603855590606,0.665156137797,0.35971096418,2.5,1.84914057127,0.665156137797,2.5,0.296598779422,0.263843648208,459,0.0323467230444,0.385590427152,45,45,45,1,0,0.333333333333,0.355555555556,0.311111111111,45,285,0.143939393939,1.63733506772,12.6666666667,11.4,10.9615384615,7.53476789773,0.59485009719,0.31649122807,7.35774174841,1.16174869712,0.599298245614,7.98578282154,1.26091307708,0.639376218324,0.585319857454,0.357483247621,1.4762083772,1.73538661661,0.568058667483,1.4762083772,0.206680419193,0.228597041685,340,0.0239605355884,0.446746094576,45,39,39,0.866666666667,0,0.311111111111,0.266666666667,0.288888888889,-32,-0.0161616161616,-0.211805503548,-1.42222222222,0.833333333333,0.735732009926,-0.0894227365746,0.0537009196755,0.0289342704817,-0.493012574219,0.0472883043153,0.0167535558138,-0.323455070319,0.0813682659379,0.0355206277172,-0.0798362803434,-0.00222771655925,-1.0237916228,-0.113753954668,-0.0970974703138,-1.0237916228,-0.0899183602292,-0.0352466065231,-119,-0.00838618745595,0.0611556674238,-0.0222222222222,-0.0888888888889,-0.0222222222222,282,3,35,1660,0.889589905363,0.998196031269,0.00180396873121,0.110410094637,0.989473684211,0.889589905363,0.936877076412,0.927420594181,0.887785936632,0.88125,159,191,0,0,0,0
195,WLNM_dir_neg,0.966749814972,0.201808445923,00:00:02,10,40,45,1316695620,fixed,0.5,0.956790123457,0.811518324607,0.878186968839,155,7,36,375,0.811518324607,0.98167539267,0.0183246073298,0.188481675393,0.956790123457,0.811518324607,0.878186968839,0.924956369983,0.57242582897,0.824489795918,0.830327099839,0.793193717277,317,126,191,0,317,0,126,0,191,45,317,0.160101010101,1.84914057127,14.0888888889,10.5666666667,10.2258064516,7.62419063431,0.541149177514,0.287556957589,7.85075432263,1.1144603928,0.5825446898,8.30923789185,1.17954481115,0.603855590606,0.665156137797,0.35971096418,2.5,1.84914057127,0.665156137797,2.5,0.296598779422,0.263843648208,459,0.0323467230444,0.385590427152,45,45,45,1,0,0.333333333333,0.355555555556,0.311111111111,45,288,0.145454545455,1.70940238274,12.8,11.0769230769,10.6666666667,7.31623350689,0.571580742725,0.302237654321,7.21236312301,1.12693173797,0.583024691358,7.97837987655,1.24662185571,0.634259259259,0.658264207171,0.385084409509,2.25,1.79807768058,0.645197776921,2.25,0.20850511625,0.205628688153,302,0.0212825933756,0.412723462377,45,40,40,0.888888888889,0,0.311111111111,0.288888888889,0.288888888889,-29,-0.0146464646465,-0.139738188535,-1.28888888889,0.510256410256,0.440860215054,-0.307957127423,0.0304315652114,0.0146806967325,-0.638391199621,0.0124713451678,0.000480001557814,-0.330858015304,0.0670770445644,0.0304036686529,-0.00689193062604,0.0253734453295,-0.25,-0.0510628906925,-0.0199583608763,-0.25,-0.0880936631719,-0.0582149600559,-157,-0.0110641296688,0.027133035225,-0.0222222222222,-0.0666666666667,-0.0222222222222,281,7,36,1656,0.88643533123,0.995790739627,0.00420926037282,0.11356466877,0.975694444444,0.88643533123,0.928925619835,0.917612286652,0.882226070857,0.867283950617,162,191,0,0,0,0
196,WLNM_dir_neg,0.933444806886,0.266835104345,00:00:03,10,40,46,1316695621,fixed,0.5,0.964788732394,0.717277486911,0.822822822823,137,5,54,377,0.717277486911,0.986910994764,0.0130890052356,0.282722513089,0.964788732394,0.717277486911,0.822822822823,0.897033158813,0.584060500291,0.752447552448,0.768872760211,0.704188481675,317,126,191,0,317,0,126,0,191,45,317,0.160101010101,1.84914057127,14.0888888889,10.5666666667,10.2258064516,7.62419063431,0.541149177514,0.287556957589,7.85075432263,1.1144603928,0.5825446898,8.30923789185,1.17954481115,0.603855590606,0.665156137797,0.35971096418,2.5,1.84914057127,0.665156137797,2.5,0.296598779422,0.263843648208,459,0.0323467230444,0.385590427152,45,45,45,1,0,0.333333333333,0.355555555556,0.311111111111,45,268,0.135353535354,2.37473226993,11.9111111111,8.12121212121,10.72,6.83846813728,0.574125123466,0.307131011609,6.59874490668,1.10799821194,0.57960199005,7.63650192275,1.28224845718,0.646600331675,0.929326895776,0.391339650177,2.95011210762,2.43867330574,0.900329990387,2.95011210762,0.178187067852,0.182474226804,236,0.0166314305849,0.288383245101,45,43,43,0.955555555556,0,0.222222222222,0.333333333333,0.4,-49,-0.0247474747475,0.525591698652,-2.17777777778,-2.44545454545,0.494193548387,-0.785722497025,0.032975945952,0.0195740540201,-1.25200941595,-0.00646218086029,-0.00294269975046,-0.672735969105,0.102703646032,0.0427447410686,0.264170757979,0.0316286859969,0.450112107623,0.589532734462,0.23517385259,0.450112107623,-0.11841171157,-0.0813694214043,-223,-0.0157152924595,-0.0972071820509,-0.111111111111,-0.0222222222222,0.0888888888889,263,5,54,1658,0.829652996845,0.996993385448,0.00300661455201,0.170347003155,0.981343283582,0.829652996845,0.899145299145,0.886086761337,0.826646382293,0.816770186335,142,191,0,0,0,0
197,WLNM_dir_neg,0.967147282147,0.254238014522,00:00:03,10,40,47,1316695622,fixed,0.5,0.940476190476,0.82722513089,0.880222841226,158,10,33,372,0.82722513089,0.973821989529,0.0261780104712,0.17277486911,0.940476190476,0.82722513089,0.880222841226,0.924956369983,0.568935427574,0.825910931174,0.829515062006,0.801047120419,317,126,191,0,317,0,126,0,191,45,317,0.160101010101,1.84914057127,14.0888888889,10.5666666667,10.2258064516,7.62419063431,0.541149177514,0.287556957589,7.85075432263,1.1144603928,0.5825446898,8.30923789185,1.17954481115,0.603855590606,0.665156137797,0.35971096418,2.5,1.84914057127,0.665156137797,2.5,0.296598779422,0.263843648208,459,0.0323467230444,0.385590427152,45,45,45,1,0,0.333333333333,0.355555555556,0.311111111111,45,294,0.148484848485,1.63002661873,13.0666666667,12.25,7.94594594595,7.49969696357,0.573956400274,0.30604686319,7.74185789306,1.18497824894,0.614361300076,7.37810027286,1.12930106217,0.581557067271,0.614909891939,0.377239171971,1.69291953361,1.66710238641,0.617514851455,1.69291953361,0.276311970693,0.248144914884,379,0.0267089499648,0.430655647953,45,41,41,0.911111111111,0,0.422222222222,0.4,0.133333333333,-23,-0.0116161616162,-0.219113952548,-1.02222222222,1.68333333333,-2.27986050567,-0.124493670734,0.0328072227596,0.0184899056012,-0.108896429571,0.0705178561352,0.0318166102754,-0.931137618996,-0.0502437489743,-0.022298523335,-0.050246245858,0.0175282077913,-0.807080466395,-0.182038184868,-0.0476412863415,-0.807080466395,-0.020286808729,-0.0156987333241,-80,-0.00563777307963,0.0450652208009,0.0888888888889,0.0444444444444,-0.177777777778,284,10,33,1653,0.895899053628,0.993986770896,0.00601322910403,0.104100946372,0.965986394558,0.895899053628,0.929623567921,0.91771450088,0.889885824524,0.868501529052,168,191,0,0,0,0
198,WLNM_dir_neg,0.930251363724,0.335926160348,00:00:02,10,40,48,1316695623,fixed,0.5,0.987179487179,0.806282722513,0.887608069164,154,2,37,380,0.806282722513,0.994764397906,0.00523560209424,0.193717277487,0.987179487179,0.806282722513,0.887608069164,0.931937172775,0.575916230366,0.83950617284,0.848352027255,0.801047120419,317,126,191,0,317,0,126,0,191,45,317,0.160101010101,1.84914057127,14.0888888889,10.5666666667,10.2258064516,7.62419063431,0.541149177514,0.287556957589,7.85075432263,1.1144603928,0.5825446898,8.30923789185,1.17954481115,0.603855590606,0.665156137797,0.35971096418,2.5,1.84914057127,0.665156137797,2.5,0.296598779422,0.263843648208,459,0.0323467230444,0.385590427152,45,45,45,1,0,0.333333333333,0.355555555556,0.311111111111,45,282,0.142424242424,1.81376017564,12.5333333333,10.4444444444,10.4444444444,7.45471174981,0.594790831102,0.319779353822,7.2969483036,1.16440664419,0.603467297084,7.81141356082,1.24650216396,0.634830575256,0.72840894088,0.401601573715,2.3463549677,1.9154801976,0.709289914232,2.3463549677,0.178663656837,0.22268907563,318,0.0224101479915,0.370194478526,45,40,40,0.888888888889,0,0.288888888889,0.311111111111,0.288888888889,-35,-0.0176767676768,-0.035380395631,-1.55555555556,-0.122222222222,0.218637992832,-0.169478884501,0.0536416535877,0.0322223962334,-0.55380601903,0.0499462513892,0.0209226072841,-0.497824331033,0.0669573528143,0.0309749846497,0.0632528030832,0.0418906095354,-0.153645032298,0.0663396263242,0.0441337764349,-0.153645032298,-0.117935122585,-0.0411545725782,-141,-0.00993657505285,-0.0153959486259,-0.0444444444444,-0.0444444444444,-0.0222222222222,280,2,37,1661,0.883280757098,0.998797354179,0.00120264582081,0.116719242902,0.992907801418,0.883280757098,0.93489148581,0.925527662906,0.882078111277,0.877742946708,156,191,0,0,0,0
199,WLNM_dir_neg,0.966674433267,0.292237914768,00:00:06,10,40,49,1316695624,fixed,0.5,0.98125,0.821989528796,0.894586894587,157,3,34,379,0.821989528796,0.992146596859,0.00785340314136,0.178010471204,0.98125,0.821989528796,0.894586894587,0.935427574171,0.573589296102,0.848567530696,0.855481011064,0.814136125654,317,126,191,0,317,0,126,0,191,45,317,0.160101010101,1.84914057127,14.0888888889,10.5666666667,10.2258064516,7.62419063431,0.541149177514,0.287556957589,7.85075432263,1.1144603928,0.5825446898,8.30923789185,1.17954481115,0.603855590606,0.665156137797,0.35971096418,2.5,1.84914057127,0.665156137797,2.5,0.296598779422,0.263843648208,459,0.0323467230444,0.385590427152,45,45,45,1,0,0.333333333333,0.355555555556,0.311111111111,45,286,0.144444444444,2.05457389527,12.7111111111,9.53333333333,11,7.20675889269,0.566965297502,0.301476301476,7.12918315975,1.12172462304,0.584770784771,8.12727046754,1.27876633231,0.642113442113,0.809021151275,0.393765905981,2.5,2.12990060208,0.784358970577,2.5,0.186146075239,0.176714219972,256,0.0180408738548,0.348239753055,45,42,42,0.933333333333,0,0.266666666667,0.311111111111,0.355555555556,-31,-0.0156565656566,0.205433323997,-1.37777777778,-1.03333333333,0.774193548387,-0.417431741618,0.0258161199878,0.0139193438878,-0.721571162884,0.00726423023466,0.00222609497057,-0.181967424316,0.0992215211585,0.0382578515071,0.143865013478,0.0340549418007,0,0.280760030802,0.11920283278,0,-0.110452704183,-0.0871294282361,-203,-0.0143058491896,-0.0373506740971,-0.0666666666667,-0.0444444444444,0.0444444444444,283,3,34,1660,0.892744479495,0.998196031269,0.00180396873121,0.107255520505,0.98951048951,0.892744479495,0.93864013267,0.929361640077,0.890940510764,0.884375,160,191,0,0,0,0
200,WLNM_dir_neg,0.926317809271,0.248493226278,00:00:03,10,40,50,1316695625,fixed,0.5,0.979166666667,0.738219895288,0.841791044776,141,3,50,379,0.738219895288,0.992146596859,0.00785340314136,0.261780104712,0.979166666667,0.738219895288,0.841791044776,0.907504363002,0.582897033159,0.778242677824,0.793741912574,0.730366492147,317,126,191,0,317,0,126,0,191,45,317,0.160101010101,1.84914057127,14.0888888889,10.5666666667,10.2258064516,7.62419063431,0.541149177514,0.287556957589,7.85075432263,1.1144603928,0.5825446898,8.30923789185,1.17954481115,0.603855590606,0.665156137797,0.35971096418,2.5,1.84914057127,0.665156137797,2.5,0.296598779422,0.263843648208,459,0.0323467230444,0.385590427152,45,45,45,1,0,0.333333333333,0.355555555556,0.311111111111,45,270,0.136363636364,1.65253480823,12,11.25,9.64285714286,7.06141886335,0.588451571946,0.316625514403,7.03562363974,1.17260393996,0.610534979424,7.5015149985,1.25025249975,0.635884773663,0.644082569197,0.389754313185,2,1.75292477873,0.634640509615,2,0.224197844537,0.188549618321,247,0.0174066243834,0.437501525649,45,39,39,0.866666666667,0,0.333333333333,0.288888888889,0.244444444444,-47,-0.0237373737374,-0.196605763043,-2.08888888889,0.683333333333,-0.582949308756,-0.562771770962,0.0473023944316,0.0290685568148,-0.815130682898,0.058143547153,0.0279902896237,-0.807722893354,0.0707076886035,0.0320291830562,-0.0210735686004,0.0300433490052,-0.5,-0.0962157925456,-0.0305156281819,-0.5,-0.0724009348847,-0.0752940298879,-212,-0.014940098661,0.0519110984967,0,-0.0666666666667,-0.0666666666667,267,3,50,1660,0.842271293375,0.998196031269,0.00180396873121,0.157728706625,0.988888888889,0.842271293375,0.909710391823,0.898083365197,0.840467324644,0.834375,144,191,0,0,0,0
201,WLNM_dir_neg,0.919514655275,0.229376281692,00:00:02,10,50,1,1317612876,fixed,0.5,0.982300884956,0.698113207547,0.816176470588,111,2,48,316,0.698113207547,0.993710691824,0.0062893081761,0.301886792453,0.982300884956,0.698113207547,0.816176470588,0.895178197065,0.587700908456,0.745762711864,0.767039570944,0.691823899371,317,158,159,0,317,0,158,0,159,45,317,0.160101010101,1.84914057127,14.0888888889,10.5666666667,10.2258064516,7.62419063431,0.541149177514,0.287556957589,7.85075432263,1.1144603928,0.5825446898,8.30923789185,1.17954481115,0.603855590606,0.665156137797,0.35971096418,2.5,1.84914057127,0.665156137797,2.5,0.296598779422,0.263843648208,459,0.0323467230444,0.385590427152,45,45,45,1,0,0.333333333333,0.355555555556,0.311111111111,45,271,0.136868686869,1.90907498258,12.0444444444,10.037037037,11.2916666667,7.12854554704,0.591853412577,0.318819188192,7.030740582,1.1674661483,0.608774087741,7.54227144737,1.2524066979,0.640590405904,0.812128734934,0.425404314835,2.74036809451,2.02270935541,0.790516516725,2.74036809451,0.206940907936,0.201050262566,268,0.0188865398168,0.359217985536,45,40,40,0.888888888889,0,0.288888888889,0.244444444444,0.355555555556,-46,-0.0232323232323,0.0599344113114,-2.04444444444,-0.52962962963,1.06586021505,-0.495645087273,0.0507042350627,0.0312622306034,-0.820013740638,0.053005755499,0.0262293979407,-0.766966444482,0.0728618867567,0.0367348152977,0.146972597137,0.0656933506546,0.240368094509,0.173568784135,0.125360378928,0.240368094509,-0.0896578714862,-0.0627933856428,-191,-0.0134601832276,-0.0263724416161,-0.0444444444444,-0.111111111111,0.0444444444444,269,2,48,1661,0.84858044164,0.998797354179,0.00120264582081,0.15141955836,0.992619926199,0.84858044164,0.914965986395,0.904059800927,0.84737779582,0.843260188088,113,159,0,0,0,0
202,WLNM_dir_neg,0.936543253827,0.408190497821,00:00:02,10,50,2,1317612877,fixed,0.5,0.981132075472,0.654088050314,0.784905660377,104,2,55,316,0.654088050314,0.993710691824,0.0062893081761,0.345911949686,0.981132075472,0.654088050314,0.784905660377,0.880503144654,0.592592592593,0.706689536878,0.734534730565,0.647798742138,317,158,159,0,317,0,158,0,159,45,317,0.160101010101,1.84914057127,14.0888888889,10.5666666667,10.2258064516,7.62419063431,0.541149177514,0.287556957589,7.85075432263,1.1144603928,0.5825446898,8.30923789185,1.17954481115,0.603855590606,0.665156137797,0.35971096418,2.5,1.84914057127,0.665156137797,2.5,0.296598779422,0.263843648208,459,0.0323467230444,0.385590427152,45,45,45,1,0,0.333333333333,0.355555555556,0.311111111111,45,264,0.133333333333,1,11.7333333333,8.8,9.77777777778,6.67219467778,0.568652955493,0.306902356902,6.62502144079,1.12926501832,0.591582491582,7.59365764067,1.29437346148,0.651851851852,0,0,0,NaN,NaN,NaN,0.168731199536,0.169901621909,213,0.0150105708245,0.321116891197,45,44,0,0.977777777778,2,0.311111111111,0.288888888889,0.377777777778,-53,-0.0267676767677,-0.849140571273,-2.35555555556,-1.76666666667,-0.448028673835,-0.95199595653,0.0275037779785,0.0193453993139,-1.22573288184,0.0148046255134,0.00903780178228,-0.715580251189,0.11482865033,0.0479962612455,-0.665156137797,-0.35971096418,-2.5,NaN,NaN,NaN,-0.127867579886,-0.0939420262994,-246,-0.0173361522199,-0.0644735359556,-0.0222222222222,-0.0666666666667,0.0666666666667,262,2,55,1661,0.826498422713,0.998797354179,0.00120264582081,0.173501577287,0.992424242424,0.826498422713,0.901893287435,0.890276220303,0.825295776892,0.82131661442,106,159,0,0,0,0
203,WLNM_dir_neg,0.885734345952,0.169081414768,00:00:02,10,50,3,1317612878,fixed,0.5,0.991379310345,0.723270440252,0.836363636364,115,1,44,317,0.723270440252,0.996855345912,0.00314465408805,0.276729559748,0.991379310345,0.723270440252,0.836363636364,0.905660377358,0.585604472397,0.772344013491,0.791294029602,0.720125786164,317,158,159,0,317,0,158,0,159,45,317,0.160101010101,1.84914057127,14.0888888889,10.5666666667,10.2258064516,7.62419063431,0.541149177514,0.287556957589,7.85075432263,1.1144603928,0.5825446898,8.30923789185,1.17954481115,0.603855590606,0.665156137797,0.35971096418,2.5,1.84914057127,0.665156137797,2.5,0.296598779422,0.263843648208,459,0.0323467230444,0.385590427152,45,45,45,1,0,0.333333333333,0.355555555556,0.311111111111,45,274,0.138383838384,1.88331694785,12.1777777778,9.13333333333,10.1481481481,6.78999561149,0.55757263233,0.301865369019,6.86169281467,1.12692035277,0.594647201946,7.57634543174,1.24429030813,0.633901054339,0.724517614631,0.384702965401,3,1.90339233303,0.720121958239,3,0.248366518327,0.20775,277,0.0195207892882,0.325373542886,45,44,44,0.977777777778,0,0.311111111111,0.288888888889,0.377777777778,-43,-0.0217171717172,0.0341763765817,-1.91111111111,-1.43333333333,-0.0776583034648,-0.83419502282,0.0164234548163,0.0143084114302,-0.989061507968,0.0124599599707,0.0121025121463,-0.732892460117,0.0647454969855,0.0300454637326,0.0593614768337,0.0249920012215,0.5,0.0542517617602,0.0549658204417,0.5,-0.0482322610951,-0.0560936482085,-182,-0.0128259337562,-0.0602168842667,-0.0222222222222,-0.0666666666667,0.0666666666667,273,1,44,1662,0.86119873817,0.99939867709,0.000601322910403,0.13880126183,0.996350364964,0.86119873817,0.92385786802,0.91392592773,0.86059741526,0.858490566038,116,159,0,0,0,0
204,WLNM_dir_neg,0.865828092243,0.323320727466,00:00:02,10,50,4,1317612879,fixed,0.5,0.989130434783,0.572327044025,0.725099601594,91,1,68,317,0.572327044025,0.996855345912,0.00314465408805,0.427672955975,0.989130434783,0.572327044025,0.725099601594,0.85534591195,0.602375960867,0.636203866432,0.680047578632,0.569182389937,317,158,159,0,317,0,158,0,159,45,317,0.160101010101,1.84914057127,14.0888888889,10.5666666667,10.2258064516,7.62419063431,0.541149177514,0.287556957589,7.85075432263,1.1144603928,0.5825446898,8.30923789185,1.17954481115,0.603855590606,0.665156137797,0.35971096418,2.5,1.84914057127,0.665156137797,2.5,0.296598779422,0.263843648208,459,0.0323467230444,0.385590427152,45,45,45,1,0,0.333333333333,0.355555555556,0.311111111111,45,250,0.126262626263,1.76440297811,11.1111111111,8.92857142857,9.61538461538,6.22028288681,0.559825459813,0.305511111111,6.38377045738,1.14907868233,0.603911111111,6.99530867327,1.25915556119,0.643911111111,0.643117183866,0.364495634979,2,1.799956605,0.635748694616,2,0.224212612293,0.175574798447,196,0.0138125440451,0.319814758546,45,43,43,0.955555555556,0,0.333333333333,0.244444444444,0.377777777778,-67,-0.0338383838384,-0.0847375931618,-2.97777777778,-1.6380952381,-0.610421836228,-1.4039077475,0.0186762822987,0.0179541535226,-1.46698386525,0.0346182895257,0.0213664213109,-1.31392921858,0.0796107500422,0.0400555205047,-0.0220389539308,0.00478467079939,-0.5,-0.0491839662729,-0.029407443181,-0.5,-0.0723861671287,-0.0882688497612,-263,-0.0185341789993,-0.0657756686062,0,-0.111111111111,0.0666666666667,249,1,68,1662,0.785488958991,0.99939867709,0.000601322910403,0.214511041009,0.996,0.785488958991,0.878306878307,0.866543138466,0.78488763608,0.783018867925,92,159,0,0,0,0
205,WLNM_dir_neg,0.869200189866,0.283170502164,00:00:02,10,50,5,1317612880,fixed,0.5,0.971428571429,0.641509433962,0.772727272727,102,3,57,315,0.641509433962,0.990566037736,0.00943396226415,0.358490566038,0.971428571429,0.641509433962,0.772727272727,0.874213836478,0.593291404612,0.690721649485,0.719142474491,0.632075471698,317,158,159,0,317,0,158,0,159,45,317,0.160101010101,1.84914057127,14.0888888889,10.5666666667,10.2258064516,7.62419063431,0.541149177514,0.287556957589,7.85075432263,1.1144603928,0.5825446898,8.30923789185,1.17954481115,0.603855590606,0.665156137797,0.35971096418,2.5,1.84914057127,0.665156137797,2.5,0.296598779422,0.263843648208,459,0.0323467230444,0.385590427152,45,45,45,1,0,0.333333333333,0.355555555556,0.311111111111,45,263,0.132828282828,1.69539353036,11.6888888889,9.39285714286,9.39285714286,6.5948403462,0.564197368021,0.305618926912,6.63309730051,1.13494060275,0.594507815801,7.2705994362,1.24401891494,0.636586396282,0.571684213352,0.337198534213,2,1.72773741549,0.564169789749,2,0.170198529475,0.207984893445,257,0.0181113460183,0.339539617573,45,43,43,0.955555555556,0,0.333333333333,0.288888888889,0.333333333333,-54,-0.0272727272727,-0.153747040911,-2.4,-1.17380952381,-0.832949308756,-1.0293502881,0.0230481905072,0.0180619693232,-1.21765702213,0.0204802099454,0.0119631260004,-1.03863845566,0.0644741037919,0.0327308056758,-0.093471924445,-0.0225124299671,-0.5,-0.121403155778,-0.100986348048,-0.5,-0.126400249947,-0.0558587547636,-202,-0.0142353770261,-0.0460508095791,0,-0.0666666666667,0.0222222222222,260,3,57,1660,0.820189274448,0.998196031269,0.00180396873121,0.179810725552,0.988593155894,0.820189274448,0.896551724138,0.884240814014,0.818385305717,0.8125,105,159,0,0,0,0
206,WLNM_dir_neg,0.921561647087,0.306991978095,00:00:02,10,50,6,1317612881,fixed,0.5,1,0.622641509434,0.767441860465,99,0,60,318,0.622641509434,1,0,0.377358490566,1,0.622641509434,0.767441860465,0.874213836478,0.59748427673,0.6875,0.723746864456,0.622641509434,317,158,159,0,317,0,158,0,159,45,317,0.160101010101,1.84914057127,14.0888888889,10.5666666667,10.2258064516,7.62419063431,0.541149177514,0.287556957589,7.85075432263,1.1144603928,0.5825446898,8.30923789185,1.17954481115,0.603855590606,0.665156137797,0.35971096418,2.5,1.84914057127,0.665156137797,2.5,0.296598779422,0.263843648208,459,0.0323467230444,0.385590427152,45,45,45,1,0,0.333333333333,0.355555555556,0.311111111111,45,257,0.129797979798,1.61613231543,11.4222222222,9.88461538462,9.88461538462,6.72001382875,0.588328058937,0.321746649373,6.77771154132,1.18675883019,0.618936446174,7.14340834814,1.25079134501,0.639169909209,0.538537758745,0.333226279559,1.35789820948,1.65185254132,0.534380098068,1.35789820948,0.171032340086,0.189518413598,223,0.0157152924595,0.349908019274,45,41,41,0.911111111111,0,0.377777777778,0.2,0.377777777778,-60,-0.030303030303,-0.233008255847,-2.66666666667,-0.682051282051,-0.341191066998,-0.904176805559,0.0471788814232,0.0341896917846,-1.07304278131,0.0722984373898,0.0363917563736,-1.16582954371,0.0712465338586,0.0353143186024,-0.126618379052,-0.026484684621,-1.14210179052,-0.197288029951,-0.130776039729,-1.14210179052,-0.125566439336,-0.0743252346107,-236,-0.0166314305849,-0.0356824078787,0.0444444444444,-0.155555555556,0.0666666666667,257,0,60,1663,0.81072555205,1,0,0.18927444795,1,0.81072555205,0.895470383275,0.884586722598,0.81072555205,0.81072555205,99,159,0,0,0,0
207,WLNM_dir_neg,0.951613860211,0.773745079887,00:00:02,10,50,7,1317612882,fixed,0.5,0.982142857143,0.691823899371,0.811808118081,110,2,49,316,0.691823899371,0.993710691824,0.0062893081761,0.308176100629,0.982142857143,0.691823899371,0.811808118081,0.893081761006,0.588399720475,0.740237691002,0.76240555541,0.685534591195,317,158,159,0,317,0,158,0,159,45,317,0.160101010101,1.84914057127,14.0888888889,10.5666666667,10.2258064516,7.62419063431,0.541149177514,0.287556957589,7.85075432263,1.1144603928,0.5825446898,8.30923789185,1.17954481115,0.603855590606,0.665156137797,0.35971096418,2.5,1.84914057127,0.665156137797,2.5,0.296598779422,0.263843648208,459,0.0323467230444,0.385590427152,45,45,45,1,0,0.333333333333,0.355555555556,0.311111111111,45,270,0.136363636364,1.74040025714,12,9,10.3846153846,6.93803744847,0.578169787372,0.311275720165,6.8490211643,1.14150352738,0.59621399177,7.55585263825,1.25930877304,0.641975308642,0.540309588222,0.310451337849,1.43355838576,1.75722753571,0.534495293066,1.43355838576,0.191842291169,0.206316861946,270,0.0190274841438,0.33607539597,45,44,44,0.977777777778,0,0.311111111111,0.266666666667,0.4,-47,-0.0237373737374,-0.108740314133,-2.08888888889,-1.56666666667,0.158808933002,-0.686153185839,0.0370206098584,0.0237187625761,-1.00173315833,0.0270431345813,0.0136693019693,-0.753385253607,0.0797639618947,0.0381197180356,-0.124846549575,-0.049259626331,-1.06644161424,-0.0919130355616,-0.130660844731,-1.06644161424,-0.104756488253,-0.0575267862625,-189,-0.0133192389006,-0.0495150311826,-0.0222222222222,-0.0888888888889,0.0888888888889,268,2,49,1661,0.845425867508,0.998797354179,0.00120264582081,0.154574132492,0.992592592593,0.845425867508,0.913117546848,0.902096737944,0.844223221687,0.84012539185,112,159,0,0,0,0
208,WLNM_dir_neg,0.905571377714,0.29873827623,00:00:02,10,50,8,1317612883,fixed,0.5,0.990291262136,0.641509433962,0.778625954198,102,1,57,317,0.641509433962,0.996855345912,0.00314465408805,0.358490566038,0.990291262136,0.641509433962,0.778625954198,0.878406708595,0.594689028651,0.7,0.731352291754,0.638364779874,317,158,159,0,317,0,158,0,159,45,317,0.160101010101,1.84914057127,14.0888888889,10.5666666667,10.2258064516,7.62419063431,0.541149177514,0.287556957589,7.85075432263,1.1144603928,0.5825446898,8.30923789185,1.17954481115,0.603855590606,0.665156137797,0.35971096418,2.5,1.84914057127,0.665156137797,2.5,0.296598779422,0.263843648208,459,0.0323467230444,0.385590427152,45,45,45,1,0,0.333333333333,0.355555555556,0.311111111111,45,261,0.131818181818,1.60358143696,11.6,10.44,9.32142857143,6.75345029663,0.582193991089,0.315879097488,6.71023641366,1.1569373127,0.603661132397,7.29133981951,1.25712755509,0.641294167731,0.55327732434,0.34502602212,1.38769554965,1.67079909393,0.545657120515,1.38769554965,0.143367457764,0.171381031614,206,0.0145172656801,0.393859822665,45,39,39,0.866666666667,0,0.355555555556,0.266666666667,0.288888888889,-56,-0.0282828282828,-0.245559134314,-2.48888888889,-0.126666666667,-0.904377880184,-0.870740337676,0.041044813575,0.0283221398998,-1.14051790897,0.042476919898,0.0211164425966,-1.01789807234,0.0775827439421,0.0374385771246,-0.111878813457,-0.0146849420598,-1.11230445035,-0.178341477346,-0.119499017282,-1.11230445035,-0.153231321658,-0.0924626165945,-253,-0.0178294573643,0.00826939551309,0.0222222222222,-0.0888888888889,-0.0222222222222,260,1,57,1662,0.820189274448,0.99939867709,0.000601322910403,0.179810725552,0.996168582375,0.820189274448,0.899653979239,0.88840936734,0.819587951538,0.817610062893,103,159,0,0,0,0
209,WLNM_dir_neg,0.887118784858,0.323203896942,00:00:02,10,50,9,1317612884,fixed,0.5,1,0.566037735849,0.722891566265,90,0,69,318,0.566037735849,1,0,0.433962264151,1,0.566037735849,0.722891566265,0.85534591195,0.603773584906,0.634920634921,0.68199433947,0.566037735849,317,158,159,0,317,0,158,0,159,45,317,0.160101010101,1.84914057127,14.0888888889,10.5666666667,10.2258064516,7.62419063431,0.541149177514,0.287556957589,7.85075432263,1.1144603928,0.5825446898,8.30923789185,1.17954481115,0.603855590606,0.665156137797,0.35971096418,2.5,1.84914057127,0.665156137797,2.5,0.296598779422,0.263843648208,459,0.0323467230444,0.385590427152,45,45,45,1,0,0.333333333333,0.355555555556,0.311111111111,45,248,0.125252525253,1.78251806037,11.0222222222,8.85714285714,9.53846153846,6.24677694673,0.566743876216,0.305286738351,6.29798749321,1.14277998869,0.601971326165,6.92039877405,1.25571751949,0.639784946237,0.662912250032,0.37189651245,2,1.81891424923,0.655640113877,2,0.238165606595,0.196202531646,217,0.0152924594785,0.313102431695,45,43,43,0.955555555556,0,0.333333333333,0.244444444444,0.377777777778,-69,-0.0348484848485,-0.0666225108994,-3.06666666667,-1.70952380952,-0.687344913151,-1.37741368758,0.0255946987016,0.0177297807628,-1.55276682942,0.0283195958847,0.0194266363647,-1.3888391178,0.0761727083389,0.0359293556302,-0.00224388776483,0.01218554827,-0.5,-0.0302263220448,-0.00951602391988,-0.5,-0.058433172827,-0.0676411165629,-242,-0.0170542635659,-0.0724879954577,0,-0.111111111111,0.0666666666667,248,0,69,1663,0.782334384858,1,0,0.217665615142,1,0.782334384858,0.877876106195,0.866699188787,0.782334384858,0.782334384858,90,159,0,0,0,0
210,WLNM_dir_neg,0.962639927218,0.231773174354,00:00:02,10,50,10,1317612885,fixed,0.5,1,0.735849056604,0.847826086957,117,0,42,318,0.735849056604,1,0,0.264150943396,1,0.735849056604,0.847826086957,0.911949685535,0.584905660377,0.787878787879,0.80622577483,0.735849056604,317,158,159,0,317,0,158,0,159,45,317,0.160101010101,1.84914057127,14.0888888889,10.5666666667,10.2258064516,7.62419063431,0.541149177514,0.287556957589,7.85075432263,1.1144603928,0.5825446898,8.30923789185,1.17954481115,0.603855590606,0.665156137797,0.35971096418,2.5,1.84914057127,0.665156137797,2.5,0.296598779422,0.263843648208,459,0.0323467230444,0.385590427152,45,45,45,1,0,0.333333333333,0.355555555556,0.311111111111,45,275,0.138888888889,1.65931841884,12.2222222222,10.1851851852,10.5769230769,6.77860567886,0.554613191907,0.299717171717,6.9747017604,1.14131483352,0.600888888889,7.49006075416,1.22564630523,0.631272727273,0.554013090319,0.333879913602,1.5,1.68998439181,0.547616118374,1.5,0.172549839343,0.217843866171,293,0.0206483439042,0.373726318751,45,43,43,0.955555555556,0,0.355555555556,0.222222222222,0.377777777778,-42,-0.0212121212121,-0.189822152437,-1.86666666667,-0.381481481481,0.35111662531,-0.845584955447,0.0134640143928,0.0121602141287,-0.876052562238,0.0268544407165,0.0183441990887,-0.819177137695,0.0461014940796,0.0274171366663,-0.111143047478,-0.025831050578,-1,-0.159156179467,-0.117540019423,-1,-0.124048940079,-0.0459997820375,-166,-0.0116983791402,-0.011864108401,0.0222222222222,-0.133333333333,0.0666666666667,275,0,42,1663,0.867507886435,1,0,0.132492113565,1,0.867507886435,0.929054054054,0.919857701332,0.867507886435,0.867507886435,117,159,0,0,0,0
211,WLNM_dir_neg,0.94940864681,0.288732458321,00:00:02,10,50,11,1317612886,fixed,0.5,1,0.654088050314,0.790874524715,104,0,55,318,0.654088050314,1,0,0.345911949686,1,0.654088050314,0.790874524715,0.884696016771,0.593990216632,0.716006884682,0.746753473825,0.654088050314,317,158,159,0,317,0,158,0,159,45,317,0.160101010101,1.84914057127,14.0888888889,10.5666666667,10.2258064516,7.62419063431,0.541149177514,0.287556957589,7.85075432263,1.1144603928,0.5825446898,8.30923789185,1.17954481115,0.603855590606,0.665156137797,0.35971096418,2.5,1.84914057127,0.665156137797,2.5,0.296598779422,0.263843648208,459,0.0323467230444,0.385590427152,45,45,45,1,0,0.333333333333,0.355555555556,0.311111111111,45,262,0.132323232323,1.60133599981,11.6444444444,10.48,10.9166666667,7.19897579696,0.618232654319,0.335623409669,7.01067007849,1.20412272341,0.623579304495,7.54166875942,1.29532478692,0.652078032231,0.550519620882,0.343787700362,1.4064151353,1.67650299979,0.538305353536,1.4064151353,0.163464739779,0.186076943209,237,0.0167019027484,0.44217902148,45,40,40,0.888888888889,0,0.333333333333,0.2,0.355555555556,-55,-0.0277777777778,-0.24780457146,-2.44444444444,-0.0866666666667,0.690860215054,-0.425214837346,0.0770834768053,0.0480664520807,-0.840084244139,0.0896623306027,0.0410346146951,-0.767569132438,0.115779975776,0.0482224416243,-0.114636516915,-0.0159232638184,-1.0935848647,-0.172637571483,-0.126850784261,-1.0935848647,-0.133134039642,-0.0777667049999,-222,-0.015644820296,0.0565885943274,0,-0.155555555556,0.0444444444444,262,0,55,1663,0.826498422713,1,0,0.173501577287,1,0.826498422713,0.905008635579,0.894448951715,0.826498422713,0.826498422713,104,159,0,0,0,0
212,WLNM_dir_neg,0.947401210395,0.278831267986,00:00:02,10,50,12,1317612887,fixed,0.5,0.963302752294,0.660377358491,0.783582089552,105,4,54,314,0.660377358491,0.987421383648,0.0125786163522,0.339622641509,0.963302752294,0.660377358491,0.783582089552,0.878406708595,0.590496156534,0.703071672355,0.72730247292,0.647798742138,317,158,159,0,317,0,158,0,159,45,317,0.160101010101,1.84914057127,14.0888888889,10.5666666667,10.2258064516,7.62419063431,0.541149177514,0.287556957589,7.85075432263,1.1144603928,0.5825446898,8.30923789185,1.17954481115,0.603855590606,0.665156137797,0.35971096418,2.5,1.84914057127,0.665156137797,2.5,0.296598779422,0.263843648208,459,0.0323467230444,0.385590427152,45,45,45,1,0,0.333333333333,0.355555555556,0.311111111111,45,267,0.134848484848,2.28759132691,11.8666666667,8.34375,9.88888888889,6.8077495948,0.573686763606,0.310694964628,6.77696633659,1.14218533763,0.595921764461,7.46628786918,1.25836312402,0.640033291719,1.02972561867,0.450135304572,3.5,2.31685476616,1.02252722274,3.5,0.171120244469,0.174594738241,219,0.0154334038055,0.265467463883,45,44,44,0.977777777778,0,0.266666666667,0.333333333333,0.377777777778,-50,-0.0252525252525,0.438450755637,-2.22222222222,-2.22291666667,-0.336917562724,-0.816441039512,0.0325375860924,0.023138007039,-1.07378798604,0.0277249448247,0.0133770746609,-0.842950022675,0.0788183128724,0.0361777011123,0.364569480878,0.0904243403919,1,0.467714194885,0.357371084943,1,-0.125478534953,-0.0892489099677,-240,-0.0169133192389,-0.12012296327,-0.0666666666667,-0.0222222222222,0.0666666666667,263,4,54,1659,0.829652996845,0.997594708358,0.00240529164161,0.170347003155,0.985018726592,0.829652996845,0.900684931507,0.888130970097,0.827247705204,0.819314641745,109,159,0,0,0,0
213,WLNM_dir_neg,0.829031683873,0.306124576351,00:00:02,10,50,13,1317612888,fixed,0.5,0.95145631068,0.616352201258,0.748091603053,98,5,61,313,0.616352201258,0.98427672956,0.0157232704403,0.383647798742,0.95145631068,0.616352201258,0.748091603053,0.861635220126,0.594689028651,0.658620689655,0.688119643965,0.600628930818,317,158,159,0,317,0,158,0,159,45,317,0.160101010101,1.84914057127,14.0888888889,10.5666666667,10.2258064516,7.62419063431,0.541149177514,0.287556957589,7.85075432263,1.1144603928,0.5825446898,8.30923789185,1.17954481115,0.603855590606,0.665156137797,0.35971096418,2.5,1.84914057127,0.665156137797,2.5,0.296598779422,0.263843648208,459,0.0323467230444,0.385590427152,45,45,45,1,0,0.333333333333,0.355555555556,0.311111111111,45,261,0.131818181818,1.73079809464,11.6,10.0384615385,8.15625,7.06270615146,0.608853978574,0.333077905492,6.89400266371,1.18862114892,0.616432524479,7.19722168618,1.24090029072,0.630566198382,0.664027363653,0.383653856398,2.32931587817,1.79714785647,0.660539760324,2.32931587817,0.261864733156,0.219789132198,271,0.0190979563073,0.345091670969,45,40,40,0.888888888889,0,0.355555555556,0.355555555556,0.222222222222,-56,-0.0282828282828,-0.118342476638,-2.48888888889,-0.528205128205,-2.06955645161,-0.561484482853,0.0677048010598,0.0455209479032,-0.956751658921,0.0741607561131,0.0338878346783,-1.11201620568,0.0613554795739,0.0267106077759,-0.00112877414417,0.0239428922178,-0.170684121826,-0.0519927148082,-0.00461637747332,-0.170684121826,-0.0347340462655,-0.0440545160106,-188,-0.0132487667371,-0.0404987561835,0.0222222222222,0,-0.0888888888889,256,5,61,1658,0.807570977918,0.996993385448,0.00300661455201,0.192429022082,0.980842911877,0.807570977918,0.885813148789,0.872124237187,0.804564363366,0.795031055901,103,159,0,0,0,0
214,WLNM_dir_neg,0.930787943515,0.2590955501,00:00:02,10,50,14,1317612889,fixed,0.5,0.973684210526,0.698113207547,0.813186813187,111,3,48,315,0.698113207547,0.990566037736,0.00943396226415,0.301886792453,0.973684210526,0.698113207547,0.813186813187,0.893081761006,0.587002096436,0.741116751269,0.761243116934,0.688679245283,317,158,159,0,317,0,158,0,159,45,317,0.160101010101,1.84914057127,14.0888888889,10.5666666667,10.2258064516,7.62419063431,0.541149177514,0.287556957589,7.85075432263,1.1144603928,0.5825446898,8.30923789185,1.17954481115,0.603855590606,0.665156137797,0.35971096418,2.5,1.84914057127,0.665156137797,2.5,0.296598779422,0.263843648208,459,0.0323467230444,0.385590427152,45,45,45,1,0,0.333333333333,0.355555555556,0.311111111111,45,272,0.137373737374,1.85938551594,12.0888888889,10.0740740741,10.4615384615,7.134494383,0.590169572123,0.320506535948,6.87536959521,1.1374692345,0.588725490196,7.67509418229,1.26977661104,0.647549019608,0.749068480445,0.402858080813,2.30769230769,1.99159867224,0.717737026136,2.30769230769,0.255543460897,0.228894905242,310,0.0218463706836,0.370218280418,45,39,39,0.866666666667,0,0.266666666667,0.311111111111,0.288888888889,-45,-0.0227272727273,0.0102449446714,-2,-0.492592592593,0.235732009926,-0.489696251312,0.0490203946088,0.0329495783592,-0.975384727425,0.0230088416985,0.00618080039587,-0.634143709562,0.0902317998946,0.0436934290015,0.0839123426478,0.043147116633,-0.192307692308,0.142458100971,0.0525808883389,-0.192307692308,-0.0410553185243,-0.034948742966,-149,-0.0105003523608,-0.0153721467344,-0.0666666666667,-0.0444444444444,-0.0222222222222,269,3,48,1660,0.84858044164,0.998196031269,0.00180396873121,0.15141955836,0.988970588235,0.84858044164,0.913412563667,0.902019971852,0.846776472909,0.840625,114,159,0,0,0,0
215,WLNM_dir_neg,0.922214311143,0.266953674919,00:00:02,10,50,15,1317612890,fixed,0.5,0.990740740741,0.672955974843,0.801498127341,107,1,52,317,0.672955974843,0.996855345912,0.00314465408805,0.327044025157,0.990740740741,0.672955974843,0.801498127341,0.888888888889,0.591194968553,0.728205128205,0.754465777125,0.669811320755,317,158,159,0,317,0,158,0,159,45,317,0.160101010101,1.84914057127,14.0888888889,10.5666666667,10.2258064516,7.62419063431,0.541149177514,0.287556957589,7.85075432263,1.1144603928,0.5825446898,8.30923789185,1.17954481115,0.603855590606,0.665156137797,0.35971096418,2.5,1.84914057127,0.665156137797,2.5,0.296598779422,0.263843648208,459,0.0323467230444,0.385590427152,45,45,45,1,0,0.333333333333,0.355555555556,0.311111111111,45,266,0.134343434343,1.64509684968,11.8222222222,10.2307692308,9.1724137931,6.82005361512,0.576884234362,0.312364243943,6.97013832595,1.17915873935,0.616040100251,6.99942277562,1.18411287558,0.616541353383,0.569719925851,0.346313912134,1.5,1.69117519608,0.561876865849,1.5,0.205287729699,0.248221343874,314,0.0221282593376,0.351985594776,45,42,42,0.933333333333,0,0.355555555556,0.288888888889,0.288888888889,-51,-0.0257575757576,-0.204043721597,-2.26666666667,-0.335897435897,-1.05339265851,-0.804137019187,0.0357350568477,0.0248072863547,-0.880615996687,0.064698346549,0.0334954104504,-1.30981511623,0.00456806442886,0.0126857627771,-0.0954362119458,-0.0133970520457,-1,-0.157965375191,-0.103279271948,-1,-0.0913110497223,-0.015622304335,-145,-0.0102184637068,-0.0336048323761,0.0222222222222,-0.0666666666667,-0.0222222222222,265,1,52,1662,0.83596214511,0.99939867709,0.000601322910403,0.16403785489,0.996240601504,0.83596214511,0.909090909091,0.898263249716,0.8353608222,0.833333333333,108,159,0,0,0,0
216,WLNM_dir_neg,0.827063802856,0.380370970046,00:00:02,10,50,16,1317612891,fixed,0.5,0.968085106383,0.572327044025,0.719367588933,91,3,68,315,0.572327044025,0.990566037736,0.00943396226415,0.427672955975,0.968085106383,0.572327044025,0.719367588933,0.851153039832,0.600978336827,0.626970227671,0.667075083681,0.562893081761,317,158,159,0,317,0,158,0,159,45,317,0.160101010101,1.84914057127,14.0888888889,10.5666666667,10.2258064516,7.62419063431,0.541149177514,0.287556957589,7.85075432263,1.1144603928,0.5825446898,8.30923789185,1.17954481115,0.603855590606,0.665156137797,0.35971096418,2.5,1.84914057127,0.665156137797,2.5,0.296598779422,0.263843648208,459,0.0323467230444,0.385590427152,45,45,45,1,0,0.333333333333,0.355555555556,0.311111111111,45,252,0.127272727273,1.73363056051,11.2,10.08,8.68965517241,6.99220345034,0.624303879494,0.346208112875,6.75345029663,1.20597326726,0.625220458554,6.8137561394,1.21674216775,0.629100529101,0.692322691772,0.399348458399,2.24309392265,1.82533438057,0.680539352444,2.24309392265,0.21827369038,0.246693502013,286,0.0201550387597,0.335586332973,45,40,40,0.888888888889,0,0.333333333333,0.311111111111,0.244444444444,-65,-0.0328282828283,-0.115510010766,-2.88888888889,-0.486666666667,-1.5361512792,-0.631987183972,0.0831547019804,0.0586511552863,-1.097304026,0.0915128744531,0.0426757687536,-1.49548175245,0.0371973566042,0.0252449384941,0.0271665539754,0.0396374942192,-0.256906077348,-0.0238061907023,0.0153832146469,-0.256906077348,-0.0783250890416,-0.0171501461958,-173,-0.0121916842847,-0.0500040941788,0,-0.0444444444444,-0.0666666666667,249,3,68,1660,0.785488958991,0.998196031269,0.00180396873121,0.214511041009,0.988095238095,0.785488958991,0.875219683656,0.862273710261,0.783684990259,0.778125,94,159,0,0,0,0
217,WLNM_dir_neg,0.892696095882,0.14703085648,00:00:02,10,50,17,1317612892,fixed,0.5,0.983606557377,0.754716981132,0.85409252669,120,2,39,316,0.754716981132,0.993710691824,0.0062893081761,0.245283018868,0.983606557377,0.754716981132,0.85409252669,0.914046121593,0.58141160028,0.794657762938,0.808663548805,0.748427672956,317,158,159,0,317,0,158,0,159,45,317,0.160101010101,1.84914057127,14.0888888889,10.5666666667,10.2258064516,7.62419063431,0.541149177514,0.287556957589,7.85075432263,1.1144603928,0.5825446898,8.30923789185,1.17954481115,0.603855590606,0.665156137797,0.35971096418,2.5,1.84914057127,0.665156137797,2.5,0.296598779422,0.263843648208,459,0.0323467230444,0.385590427152,45,45,45,1,0,0.333333333333,0.355555555556,0.311111111111,45,280,0.141414141414,1.83692070559,12.4444444444,9.33333333333,11.2,6.66931765474,0.535927311541,0.283174603175,6.80203475202,1.09318415657,0.573333333333,7.902499285,1.27004452795,0.642222222222,0.649334441522,0.35349073019,2,1.85594163072,0.644035140456,2,0.159525374029,0.180014343772,251,0.0176885130374,0.341677453054,45,44,44,0.977777777778,0,0.311111111111,0.244444444444,0.422222222222,-37,-0.0186868686869,-0.0122198656796,-1.64444444444,-1.23333333333,0.974193548387,-0.954872979571,-0.0052218659726,-0.0043823544139,-1.04871957061,-0.0212762362283,-0.00921135646688,-0.40673860685,0.0904997168006,0.0383666316158,-0.0158216962747,-0.00622023398953,-0.5,0.00680105944755,-0.0211209973406,-0.5,-0.137073405393,-0.0838293044361,-208,-0.014658210007,-0.0439129740979,-0.0222222222222,-0.111111111111,0.111111111111,278,2,39,1661,0.876971608833,0.998797354179,0.00120264582081,0.123028391167,0.992857142857,0.876971608833,0.931323283082,0.921641090713,0.875768963012,0.871473354232,122,159,0,0,0,0
218,WLNM_dir_neg,0.917368774969,0.197389645694,00:00:02,10,50,18,1317612893,fixed,0.5,0.973913043478,0.704402515723,0.817518248175,112,3,47,315,0.704402515723,0.990566037736,0.00943396226415,0.295597484277,0.973913043478,0.704402515723,0.817518248175,0.895178197065,0.586303284416,0.746621621622,0.76590352867,0.694968553459,317,158,159,0,317,0,158,0,159,45,317,0.160101010101,1.84914057127,14.0888888889,10.5666666667,10.2258064516,7.62419063431,0.541149177514,0.287556957589,7.85075432263,1.1144603928,0.5825446898,8.30923789185,1.17954481115,0.603855590606,0.665156137797,0.35971096418,2.5,1.84914057127,0.665156137797,2.5,0.296598779422,0.263843648208,459,0.0323467230444,0.385590427152,45,45,45,1,0,0.333333333333,0.355555555556,0.311111111111,45,273,0.137878787879,1.91448590013,12.1333333333,8.8064516129,9.75,6.75748742978,0.55693577718,0.303133903134,6.77361190074,1.11652943419,0.586406186406,7.50878273636,1.23771144006,0.632641432641,0.666793151331,0.348288358397,2.07692307692,1.93526967059,0.659592646781,2.07692307692,0.249525705434,0.215040241449,285,0.0200845665962,0.299636419498,45,44,44,0.977777777778,0,0.288888888889,0.333333333333,0.355555555556,-44,-0.0222222222222,0.065345328859,-1.95555555556,-1.76021505376,-0.475806451613,-0.866703204529,0.0157865996656,0.0155769455454,-1.0771424219,0.00206904138475,0.00386149660598,-0.800455155497,0.0581666289123,0.0287858420351,0.00163701353439,-0.0114226057829,-0.423076923077,0.0861290993165,-0.00556349101589,-0.423076923077,-0.0470730739875,-0.0488034067598,-174,-0.0122621564482,-0.0859540076542,-0.0444444444444,-0.0222222222222,0.0444444444444,270,3,47,1660,0.851735015773,0.998196031269,0.00180396873121,0.148264984227,0.989010989011,0.851735015773,0.915254237288,0.903985294046,0.849931047042,0.84375,115,159,0,0,0,0
219,WLNM_dir_neg,0.801748348562,0.405557884263,00:00:02,10,50,19,1317612894,fixed,0.5,0.928571428571,0.572327044025,0.708171206226,91,7,68,311,0.572327044025,0.977987421384,0.0220125786164,0.427672955975,0.928571428571,0.572327044025,0.708171206226,0.842767295597,0.598183088749,0.608695652174,0.642081871172,0.550314465409,317,158,159,0,317,0,158,0,159,45,317,0.160101010101,1.84914057127,14.0888888889,10.5666666667,10.2258064516,7.62419063431,0.541149177514,0.287556957589,7.85075432263,1.1144603928,0.5825446898,8.30923789185,1.17954481115,0.603855590606,0.665156137797,0.35971096418,2.5,1.84914057127,0.665156137797,2.5,0.296598779422,0.263843648208,459,0.0323467230444,0.385590427152,45,45,45,1,0,0.333333333333,0.355555555556,0.311111111111,45,256,0.129292929293,1,11.3777777778,7.52941176471,8.8275862069,6.52717706241,0.573677671501,0.313107638889,6.28787513691,1.10529055141,0.580729166667,7.01563909556,1.23321780977,0.632638888889,0,0,0,NaN,NaN,NaN,0.227529092596,0.1925795053,218,0.015362931642,0.246039399801,45,44,0,0.977777777778,2,0.222222222222,0.422222222222,0.333333333333,-61,-0.0308080808081,-0.849140571273,-2.71111111111,-3.03725490196,-1.39822024472,-1.0970135719,0.0325284939868,0.0255506813004,-1.56287918572,-0.00916984139282,-0.00181552313354,-1.29359879629,0.0536729986204,0.0287832982825,-0.665156137797,-0.35971096418,-2.5,NaN,NaN,NaN,-0.0690696868254,-0.0712641429081,-241,-0.0169837914024,-0.139551027352,-0.111111111111,0.0666666666667,0.0222222222222,249,7,68,1656,0.785488958991,0.995790739627,0.00420926037282,0.214511041009,0.97265625,0.785488958991,0.869109947644,0.853873787661,0.781279698618,0.768518518519,98,159,0,0,0,0
220,WLNM_dir_neg,0.956063842411,0.299898423455,00:00:02,10,50,20,1317612895,fixed,0.5,0.990654205607,0.666666666667,0.796992481203,106,1,53,317,0.666666666667,0.996855345912,0.00314465408805,0.333333333333,0.990654205607,0.666666666667,0.796992481203,0.88679245283,0.591893780573,0.722602739726,0.749850536593,0.663522012579,317,158,159,0,317,0,158,0,159,45,317,0.160101010101,1.84914057127,14.0888888889,10.5666666667,10.2258064516,7.62419063431,0.541149177514,0.287556957589,7.85075432263,1.1144603928,0.5825446898,8.30923789185,1.17954481115,0.603855590606,0.665156137797,0.35971096418,2.5,1.84914057127,0.665156137797,2.5,0.296598779422,0.263843648208,459,0.0323467230444,0.385590427152,45,45,45,1,0,0.333333333333,0.355555555556,0.311111111111,45,265,0.133838383838,1.61208471009,11.7777777778,10.1923076923,10.6,6.67045346996,0.566359256884,0.303983228512,6.78642435717,1.15241168329,0.601593291405,7.59851128428,1.29031323695,0.653752620545,0.533995994414,0.331245616977,1.3793550478,1.67180029156,0.522060365844,1.3793550478,0.167166627923,0.161629434954,205,0.0144467935166,0.405038301189,45,41,41,0.911111111111,0,0.333333333333,0.222222222222,0.355555555556,-52,-0.0262626262626,-0.237055861184,-2.31111111111,-0.374358974359,0.374193548387,-0.953737164345,0.0252100793697,0.016426270923,-1.06432996547,0.0379512904898,0.0190486016044,-0.710726607572,0.110768425807,0.0498970299387,-0.131160143383,-0.0284653472025,-1.1206449522,-0.177340279711,-0.143095771953,-1.1206449522,-0.129432151498,-0.102214213254,-254,-0.0178999295278,0.0194478740367,0,-0.133333333333,0.0444444444444,264,1,53,1662,0.832807570978,0.99939867709,0.000601322910403,0.167192429022,0.996226415094,0.832807570978,0.907216494845,0.896296558027,0.832206248068,0.830188679245,107,159,0,0,0,0
221,WLNM_dir_neg,0.897452632412,0.233794935676,00:00:02,10,50,21,1317612896,fixed,0.5,0.990566037736,0.660377358491,0.792452830189,105,1,54,317,0.660377358491,0.996855345912,0.00314465408805,0.339622641509,0.990566037736,0.660377358491,0.792452830189,0.884696016771,0.592592592593,0.716981132075,0.745231838292,0.657232704403,317,158,159,0,317,0,158,0,159,45,317,0.160101010101,1.84914057127,14.0888888889,10.5666666667,10.2258064516,7.62419063431,0.541149177514,0.287556957589,7.85075432263,1.1144603928,0.5825446898,8.30923789185,1.17954481115,0.603855590606,0.665156137797,0.35971096418,2.5,1.84914057127,0.665156137797,2.5,0.296598779422,0.263843648208,459,0.0323467230444,0.385590427152,45,45,45,1,0,0.333333333333,0.355555555556,0.311111111111,45,264,0.133333333333,1.71434600425,11.7333333333,9.77777777778,9.77777777778,6.60715865214,0.563110112398,0.305555555556,6.7203895991,1.14552095439,0.601346801347,7.57267816201,1.29079741398,0.649326599327,0.629585306234,0.367245179604,2,1.78403829735,0.616447857584,2,0.143286550892,0.158144438587,200,0.0140944326991,0.36814633562,45,41,41,0.911111111111,0,0.311111111111,0.288888888889,0.311111111111,-53,-0.0267676767677,-0.134794567024,-2.35555555556,-0.788888888889,-0.448028673835,-1.01703198217,0.0219609348842,0.0179985979671,-1.13036472354,0.0310605615885,0.0188021115466,-0.73655972984,0.111252602833,0.0454710087202,-0.0355708315625,0.00753421542439,-0.5,-0.0651022739265,-0.0487082802127,-0.5,-0.15331222853,-0.105699209621,-259,-0.0182522903453,-0.0174440915324,-0.0222222222222,-0.0666666666667,0,263,1,54,1662,0.829652996845,0.99939867709,0.000601322910403,0.170347003155,0.996212121212,0.829652996845,0.905335628227,0.894327841451,0.829051673935,0.827044025157,106,159,0,0,0,0
222,WLNM_dir_neg,0.791384834461,0.269054598264,00:00:02,10,50,22,1317612897,fixed,0.5,0.990654205607,0.666666666667,0.796992481203,106,1,53,317,0.666666666667,0.996855345912,0.00314465408805,0.333333333333,0.990654205607,0.666666666667,0.796992481203,0.88679245283,0.591893780573,0.722602739726,0.749850536593,0.663522012579,317,158,159,0,317,0,158,0,159,45,317,0.160101010101,1.84914057127,14.0888888889,10.5666666667,10.2258064516,7.62419063431,0.541149177514,0.287556957589,7.85075432263,1.1144603928,0.5825446898,8.30923789185,1.17954481115,0.603855590606,0.665156137797,0.35971096418,2.5,1.84914057127,0.665156137797,2.5,0.296598779422,0.263843648208,459,0.0323467230444,0.385590427152,45,45,45,1,0,0.333333333333,0.355555555556,0.311111111111,45,265,0.133838383838,1.77616909406,11.7777777778,9.13793103448,10.1923076923,6.66363567462,0.565780387468,0.305995807128,6.67158909182,1.13291135521,0.595555555556,7.40154229082,1.25686567203,0.637987421384,0.599401284389,0.337468592598,1.5,1.80780021983,0.594925783595,1.5,0.267864564408,0.226193582051,289,0.0203664552502,0.329177503277,45,42,42,0.933333333333,0,0.333333333333,0.244444444444,0.4,-52,-0.0262626262626,-0.0729714772099,-2.31111111111,-1.42873563218,-0.0334987593052,-0.960554959691,0.0246312099535,0.0184388495394,-1.17916523081,0.018450962412,0.0130108657553,-0.907695601033,0.0773208608798,0.0341318307773,-0.0657548534081,-0.0222423715824,-1,-0.0413403514435,-0.0702303542015,-1,-0.0287342150134,-0.0376500661579,-170,-0.0119802677942,-0.0564129238753,0,-0.111111111111,0.0888888888889,264,1,53,1662,0.832807570978,0.99939867709,0.000601322910403,0.167192429022,0.996226415094,0.832807570978,0.907216494845,0.896296558027,0.832206248068,0.830188679245,107,159,0,0,0,0
223,WLNM_dir_neg,0.943791780388,0.711741189845,00:00:02,10,50,23,1317612898,fixed,0.5,0.989795918367,0.610062893082,0.75486381323,97,1,62,317,0.610062893082,0.996855345912,0.00314465408805,0.389937106918,0.989795918367,0.610062893082,0.75486381323,0.867924528302,0.598183088749,0.671304347826,0.708124577921,0.606918238994,317,158,159,0,317,0,158,0,159,45,317,0.160101010101,1.84914057127,14.0888888889,10.5666666667,10.2258064516,7.62419063431,0.541149177514,0.287556957589,7.85075432263,1.1144603928,0.5825446898,8.30923789185,1.17954481115,0.603855590606,0.665156137797,0.35971096418,2.5,1.84914057127,0.665156137797,2.5,0.296598779422,0.263843648208,459,0.0323467230444,0.385590427152,45,45,45,1,0,0.333333333333,0.355555555556,0.311111111111,45,256,0.129292929293,1.74277058416,11.3777777778,8.8275862069,9.14285714286,6.63423931684,0.583087439957,0.318402777778,6.71775876526,1.18085603296,0.615104166667,6.99292571825,1.22922522391,0.633680555556,0.599450437459,0.343964055228,2.07692307692,1.74277058416,0.599450437459,2.07692307692,0.160442594,0.200509770603,236,0.0166314305849,0.284200943432,45,45,45,1,0,0.355555555556,0.266666666667,0.377777777778,-61,-0.0308080808081,-0.106369987114,-2.71111111111,-1.73908045977,-1.08294930876,-0.989951317467,0.0419382624428,0.0308458201893,-1.13299555737,0.0663956401538,0.0325594768665,-1.3163121736,0.0496804127652,0.0298249649492,-0.0657057003379,-0.0157469089522,-0.423076923077,-0.106369987114,-0.0657057003379,-0.423076923077,-0.136156185422,-0.0633338776052,-223,-0.0157152924595,-0.10138948372,0.0222222222222,-0.0888888888889,0.0666666666667,255,1,62,1662,0.804416403785,0.99939867709,0.000601322910403,0.195583596215,0.99609375,0.804416403785,0.890052356021,0.878503087819,0.803815080875,0.801886792453,98,159,0,0,0,0
224,WLNM_dir_neg,0.851865036984,0.214360624882,00:00:02,10,50,24,1317612899,fixed,0.5,1,0.635220125786,0.776923076923,101,0,58,318,0.635220125786,1,0,0.364779874214,1,0.635220125786,0.776923076923,0.878406708595,0.59608665269,0.698961937716,0.732962511015,0.635220125786,317,158,159,0,317,0,158,0,159,45,317,0.160101010101,1.84914057127,14.0888888889,10.5666666667,10.2258064516,7.62419063431,0.541149177514,0.287556957589,7.85075432263,1.1144603928,0.5825446898,8.30923789185,1.17954481115,0.603855590606,0.665156137797,0.35971096418,2.5,1.84914057127,0.665156137797,2.5,0.296598779422,0.263843648208,459,0.0323467230444,0.385590427152,45,45,45,1,0,0.333333333333,0.355555555556,0.311111111111,45,259,0.130808080808,1.63917519117,11.5111111111,9.96153846154,9.59259259259,6.63880541767,0.576730200377,0.31583011583,6.68497486075,1.16148211866,0.610725010725,7.23676081342,1.25735226488,0.641613041613,0.574610041875,0.350548278776,2,1.68483056196,0.567721047393,2,0.162804349867,0.21858071506,269,0.0189570119803,0.362488304173,45,42,42,0.933333333333,0,0.355555555556,0.244444444444,0.333333333333,-58,-0.0292929292929,-0.209965380107,-2.57777777778,-0.605128205128,-0.63321385902,-0.985385216635,0.035581022863,0.0282731582416,-1.16577946188,0.0470217258607,0.0281803209248,-1.07247707843,0.077807453734,0.0377574510067,-0.0905460959221,-0.00916268540433,-0.5,-0.16431000931,-0.0974350904044,-0.5,-0.133794429555,-0.0452629331489,-190,-0.0133897110641,-0.0231021229794,0.0222222222222,-0.111111111111,0.0222222222222,259,0,58,1663,0.817034700315,1,0,0.182965299685,1,0.817034700315,0.899305555556,0.888537865824,0.817034700315,0.817034700315,101,159,0,0,0,0
225,WLNM_dir_neg,0.869753965429,0.182626112239,00:00:02,10,50,25,1317612900,fixed,0.5,0.974358974359,0.716981132075,0.826086956522,114,3,45,315,0.716981132075,0.990566037736,0.00943396226415,0.283018867925,0.974358974359,0.716981132075,0.826086956522,0.899371069182,0.584905660377,0.757575757576,0.775217091183,0.707547169811,317,158,159,0,317,0,158,0,159,45,317,0.160101010101,1.84914057127,14.0888888889,10.5666666667,10.2258064516,7.62419063431,0.541149177514,0.287556957589,7.85075432263,1.1144603928,0.5825446898,8.30923789185,1.17954481115,0.603855590606,0.665156137797,0.35971096418,2.5,1.84914057127,0.665156137797,2.5,0.296598779422,0.263843648208,459,0.0323467230444,0.385590427152,45,45,45,1,0,0.333333333333,0.355555555556,0.311111111111,45,275,0.138888888889,1.92805234807,12.2222222222,9.48275862069,10.5769230769,6.65339588238,0.544368754013,0.291232323232,6.7763701138,1.10886056408,0.584727272727,7.52034278179,1.23060154611,0.629494949495,0.770048293031,0.399391797531,3,1.97121757356,0.760453983128,3,0.256050582899,0.183425972713,242,0.0170542635659,0.334987382966,45,43,43,0.955555555556,0,0.311111111111,0.266666666667,0.377777777778,-42,-0.0212121212121,0.0789117767974,-1.86666666667,-1.08390804598,0.35111662531,-0.970794751928,0.00321957649891,0.00367536564382,-1.07438420883,-0.00559982872657,0.00218258292706,-0.788895110069,0.0510567349638,0.0256393588886,0.104892155234,0.0396808333515,0.5,0.122077002289,0.0952978453309,0.5,-0.0405481965225,-0.080417675495,-217,-0.0152924594785,-0.0506030441866,-0.0222222222222,-0.0888888888889,0.0666666666667,272,3,45,1660,0.858044164038,0.998196031269,0.00180396873121,0.141955835962,0.989090909091,0.858044164038,0.918918918919,0.907910060713,0.856240195307,0.85,117,159,0,0,0,0
226,WLNM_dir_neg,0.851143150983,0.394428860818,00:00:02,10,50,26,1317612901,fixed,0.5,0.932038834951,0.603773584906,0.732824427481,96,7,63,311,0.603773584906,0.977987421384,0.0220125786164,0.396226415094,0.932038834951,0.603773584906,0.732824427481,0.853249475891,0.594689028651,0.637931034483,0.666503320071,0.581761006289,317,158,159,0,317,0,158,0,159,45,317,0.160101010101,1.84914057127,14.0888888889,10.5666666667,10.2258064516,7.62419063431,0.541149177514,0.287556957589,7.85075432263,1.1144603928,0.5825446898,8.30923789185,1.17954481115,0.603855590606,0.665156137797,0.35971096418,2.5,1.84914057127,0.665156137797,2.5,0.296598779422,0.263843648208,459,0.0323467230444,0.385590427152,45,45,45,1,0,0.333333333333,0.355555555556,0.311111111111,45,261,0.131818181818,1.75373882325,11.6,10.0384615385,9,6.92951526574,0.597372005668,0.329501915709,6.88740616171,1.18748382098,0.620519369945,7.01491916625,1.20946882177,0.624946785866,0.688428160676,0.392548851374,2.42625820569,1.80757731062,0.681228436862,2.42625820569,0.244343477625,0.255455029271,320,0.0225510923185,0.331102918239,45,42,42,0.933333333333,0,0.355555555556,0.288888888889,0.288888888889,-56,-0.0282828282828,-0.0954017480242,-2.48888888889,-0.528205128205,-1.22580645161,-0.694675368565,0.0562228281536,0.0419449581203,-0.963348160923,0.0730234281817,0.0379746801444,-1.2943187256,0.0299240106215,0.0210911952599,0.0232720228795,0.0328378871941,-0.0737417943107,-0.0415632606493,0.016072299065,-0.0737417943107,-0.0522553017966,-0.00838861893758,-139,-0.00979563072586,-0.0544875089136,0.0222222222222,-0.0666666666667,-0.0222222222222,254,7,63,1656,0.801261829653,0.995790739627,0.00420926037282,0.198738170347,0.973180076628,0.801261829653,0.878892733564,0.86398167211,0.79705256928,0.783950617284,103,159,0,0,0,0
227,WLNM_dir_neg,0.801471460781,0.170230051959,00:00:02,10,50,27,1317612902,fixed,0.5,0.936363636364,0.647798742138,0.765799256506,103,7,56,311,0.647798742138,0.977987421384,0.0220125786164,0.352201257862,0.936363636364,0.647798742138,0.765799256506,0.867924528302,0.589797344514,0.678023850085,0.700339632388,0.625786163522,317,158,159,0,317,0,158,0,159,45,317,0.160101010101,1.84914057127,14.0888888889,10.5666666667,10.2258064516,7.62419063431,0.541149177514,0.287556957589,7.85075432263,1.1144603928,0.5825446898,8.30923789185,1.17954481115,0.603855590606,0.665156137797,0.35971096418,2.5,1.84914057127,0.665156137797,2.5,0.296598779422,0.263843648208,459,0.0323467230444,0.385590427152,45,45,45,1,0,0.333333333333,0.355555555556,0.311111111111,45,268,0.135353535354,1.61494819226,11.9111111111,11.1666666667,8.375,7.04473440438,0.591442254099,0.319734660033,6.9509827806,1.16714263107,0.611111111111,7.32975119122,1.2307418045,0.624378109453,0.611640320469,0.378736806172,2,1.67494313784,0.608283456569,2,0.173788184115,0.214339622642,284,0.0200140944327,0.423030298436,45,41,41,0.911111111111,0,0.377777777778,0.333333333333,0.2,-49,-0.0247474747475,-0.234192379016,-2.17777777778,0.6,-1.85080645161,-0.579456229927,0.0502930765852,0.0321777024447,-0.899771542036,0.0526822382676,0.0285664213109,-0.979486700631,0.05119699335,0.0205225188464,-0.0535158173282,0.019025841992,-0.5,-0.17419743343,-0.0568726812276,-0.5,-0.122810595307,-0.049504025567,-175,-0.0123326286117,0.0374398712835,0.0444444444444,-0.0222222222222,-0.111111111111,261,7,56,1656,0.82334384858,0.995790739627,0.00420926037282,0.17665615142,0.973880597015,0.82334384858,0.892307692308,0.878034828327,0.819134588208,0.805555555556,110,159,0,0,0,0
228,WLNM_dir_neg,0.919633321467,0.392396142065,00:00:02,10,50,28,1317612903,fixed,0.5,0.971698113208,0.647798742138,0.777358490566,103,3,56,315,0.647798742138,0.990566037736,0.00943396226415,0.352201257862,0.971698113208,0.647798742138,0.777358490566,0.876310272537,0.592592592593,0.696397941681,0.723837622838,0.638364779874,317,158,159,0,317,0,158,0,159,45,317,0.160101010101,1.84914057127,14.0888888889,10.5666666667,10.2258064516,7.62419063431,0.541149177514,0.287556957589,7.85075432263,1.1144603928,0.5825446898,8.30923789185,1.17954481115,0.603855590606,0.665156137797,0.35971096418,2.5,1.84914057127,0.665156137797,2.5,0.296598779422,0.263843648208,459,0.0323467230444,0.385590427152,45,45,45,1,0,0.333333333333,0.355555555556,0.311111111111,45,264,0.133333333333,1,11.7333333333,8.51612903226,11,6.40099424095,0.545539281899,0.293013468013,6.67287589629,1.13742202778,0.598148148148,7.42722265478,1.26600386161,0.642760942761,0,0,0,NaN,NaN,NaN,0.159067088792,0.178802588997,221,0.0155743481325,0.320303921601,45,44,0,0.977777777778,2,0.288888888889,0.244444444444,0.444444444444,-53,-0.0267676767677,-0.849140571273,-2.35555555556,-2.05053763441,0.774193548387,-1.22319639335,0.00439010438546,0.00545651042496,-1.17787842634,0.0229616349737,0.0156034583479,-0.882015237077,0.0864590504632,0.0389053521546,-0.665156137797,-0.35971096418,-2.5,NaN,NaN,NaN,-0.13753169063,-0.0850410592117,-238,-0.0167723749119,-0.0652865055514,-0.0444444444444,-0.111111111111,0.133333333333,261,3,56,1660,0.82334384858,0.998196031269,0.00180396873121,0.17665615142,0.988636363636,0.82334384858,0.898450946644,0.886224599155,0.821539879849,0.815625,106,159,0,0,0,0
229,WLNM_dir_neg,0.914115343539,0.488754566483,00:00:03,10,50,29,1317612904,fixed,0.5,0.989583333333,0.59748427673,0.745098039216,95,1,64,317,0.59748427673,0.996855345912,0.00314465408805,0.40251572327,0.989583333333,0.59748427673,0.745098039216,0.863731656184,0.599580712788,0.659685863874,0.698793251165,0.594339622642,317,158,159,0,317,0,158,0,159,45,317,0.160101010101,1.84914057127,14.0888888889,10.5666666667,10.2258064516,7.62419063431,0.541149177514,0.287556957589,7.85075432263,1.1144603928,0.5825446898,8.30923789185,1.17954481115,0.603855590606,0.665156137797,0.35971096418,2.5,1.84914057127,0.665156137797,2.5,0.296598779422,0.263843648208,459,0.0323467230444,0.385590427152,45,45,45,1,0,0.333333333333,0.355555555556,0.311111111111,45,254,0.128282828283,1.58728068378,11.2888888889,10.5833333333,9.40740740741,6.84444772399,0.60629950311,0.326684164479,6.65089042417,1.17830735861,0.608923884514,7.50804282558,1.33016506752,0.660892388451,0.577409518405,0.363772787198,2,1.66069076926,0.571314778112,2,0.123539699526,0.140690817186,167,0.0117688513037,0.450061331647,45,40,40,0.888888888889,0,0.355555555556,0.244444444444,0.288888888889,-63,-0.0318181818182,-0.26185988749,-2.8,0.0166666666667,-0.818399044205,-0.779742910316,0.0651503255955,0.0391272068909,-1.19986389846,0.0638469658103,0.0263791947142,-0.801195066277,0.150620256377,0.0570367978451,-0.0877466193919,0.00406182301777,-0.5,-0.188449802017,-0.093841359685,-0.5,-0.173059079896,-0.123152831022,-292,-0.0205778717407,0.0644709044951,0.0222222222222,-0.111111111111,-0.0222222222222,253,1,64,1662,0.798107255521,0.99939867709,0.000601322910403,0.201892744479,0.996062992126,0.798107255521,0.886164623468,0.874525392689,0.79750593261,0.795597484277,96,159,0,0,0,0
230,WLNM_dir_neg,0.88412246351,0.263807401996,00:00:02,10,50,30,1317612905,fixed,0.5,0.980769230769,0.641509433962,0.77566539924,102,2,57,316,0.641509433962,0.993710691824,0.0062893081761,0.358490566038,0.980769230769,0.641509433962,0.77566539924,0.876310272537,0.593990216632,0.695352839931,0.725212508234,0.635220125786,317,158,159,0,317,0,158,0,159,45,317,0.160101010101,1.84914057127,14.0888888889,10.5666666667,10.2258064516,7.62419063431,0.541149177514,0.287556957589,7.85075432263,1.1144603928,0.5825446898,8.30923789185,1.17954481115,0.603855590606,0.665156137797,0.35971096418,2.5,1.84914057127,0.665156137797,2.5,0.296598779422,0.263843648208,459,0.0323467230444,0.385590427152,45,45,45,1,0,0.333333333333,0.355555555556,0.311111111111,45,262,0.132323232323,1.72090632384,11.6444444444,10.9166666667,10.0769230769,6.95163667961,0.596991699585,0.322476675148,6.95534094612,1.19461962815,0.619508057676,7.42933035306,1.27603002247,0.645801526718,0.715363030914,0.415689698506,2.43369175627,1.8273890677,0.714516525581,2.43369175627,0.202117178652,0.190513833992,241,0.0169837914024,0.423657055342,45,38,38,0.844444444444,0,0.355555555556,0.222222222222,0.311111111111,-55,-0.0277777777778,-0.128234247434,-2.44444444444,0.35,-0.14888337469,-0.672553954702,0.0558425220705,0.0349197175599,-0.895413376514,0.0801592353475,0.0369633678758,-0.879907538791,0.0964852113262,0.0419459361112,0.0502068931168,0.055978734326,-0.0663082437276,-0.0217515035685,0.0493603877845,-0.0663082437276,-0.0944816007701,-0.0733298142164,-218,-0.015362931642,0.0380666281896,0.0222222222222,-0.133333333333,0,260,2,57,1661,0.820189274448,0.998797354179,0.00120264582081,0.179810725552,0.992366412214,0.820189274448,0.898100172712,0.886319575831,0.818986628627,0.815047021944,104,159,0,0,0,0
231,WLNM_dir_neg,0.963233258178,0.291461613859,00:00:02,10,50,31,1317612906,fixed,0.5,0.991379310345,0.723270440252,0.836363636364,115,1,44,317,0.723270440252,0.996855345912,0.00314465408805,0.276729559748,0.991379310345,0.723270440252,0.836363636364,0.905660377358,0.585604472397,0.772344013491,0.791294029602,0.720125786164,317,158,159,0,317,0,158,0,159,45,317,0.160101010101,1.84914057127,14.0888888889,10.5666666667,10.2258064516,7.62419063431,0.541149177514,0.287556957589,7.85075432263,1.1144603928,0.5825446898,8.30923789185,1.17954481115,0.603855590606,0.665156137797,0.35971096418,2.5,1.84914057127,0.665156137797,2.5,0.296598779422,0.263843648208,459,0.0323467230444,0.385590427152,45,45,45,1,0,0.333333333333,0.355555555556,0.311111111111,45,274,0.138383838384,1.75976518206,12.1777777778,10.5384615385,10.1481481481,7.15824028937,0.587811702595,0.319059205191,7.17895352662,1.17902521423,0.613300892133,7.49188112748,1.23041843335,0.630819140308,0.703290984437,0.399650471327,2.52783168216,1.81403412364,0.696818148834,2.52783168216,0.19309615582,0.236995624696,325,0.022903453136,0.367048677315,45,42,42,0.933333333333,0,0.355555555556,0.244444444444,0.333333333333,-43,-0.0217171717172,-0.0893753892105,-1.91111111111,-0.0282051282051,-0.0776583034648,-0.465950344936,0.0466625250805,0.0315022476021,-0.671800796013,0.0645648214231,0.0307562023328,-0.817356764375,0.0508736221986,0.0269635497018,0.0381348466398,0.0399395071473,0.0278316821571,-0.0351064476346,0.0316620110367,0.0278316821571,-0.103502623602,-0.0268480235123,-134,-0.00944326990839,-0.0185417498372,0.0222222222222,-0.111111111111,0.0222222222222,273,1,44,1662,0.86119873817,0.99939867709,0.000601322910403,0.13880126183,0.996350364964,0.86119873817,0.92385786802,0.91392592773,0.86059741526,0.858490566038,116,159,0,0,0,0
232,WLNM_dir_neg,0.974071437048,0.280328272269,00:00:02,10,50,32,1317612907,fixed,0.5,1,0.704402515723,0.826568265683,112,0,47,318,0.704402515723,1,0,0.295597484277,1,0.704402515723,0.826568265683,0.901467505241,0.588399720475,0.760611205433,0.78338919455,0.704402515723,317,158,159,0,317,0,158,0,159,45,317,0.160101010101,1.84914057127,14.0888888889,10.5666666667,10.2258064516,7.62419063431,0.541149177514,0.287556957589,7.85075432263,1.1144603928,0.5825446898,8.30923789185,1.17954481115,0.603855590606,0.665156137797,0.35971096418,2.5,1.84914057127,0.665156137797,2.5,0.296598779422,0.263843648208,459,0.0323467230444,0.385590427152,45,45,45,1,0,0.333333333333,0.355555555556,0.311111111111,45,270,0.136363636364,1.62035750848,12,10.8,9.64285714286,6.90520225495,0.575433521246,0.312181069959,7.06141886335,1.17690314389,0.615967078189,7.41926239902,1.23654373317,0.634074074074,0.583369226069,0.360025008688,2,1.68088019224,0.576292204835,2,0.173514291476,0.211952393011,279,0.0196617336152,0.399767512123,45,41,41,0.911111111111,0,0.355555555556,0.266666666667,0.288888888889,-47,-0.0237373737374,-0.228783062792,-2.08888888889,0.233333333333,-0.582949308756,-0.718988379355,0.0342843437321,0.0246241123703,-0.789335459286,0.0624427510884,0.0334223883891,-0.889975492839,0.0569989220228,0.0302184834677,-0.0817869117284,0.000314044507934,-0.5,-0.168260379037,-0.0888639329622,-0.5,-0.123084487946,-0.0518912551976,-180,-0.0126849894292,0.0141770849711,0.0222222222222,-0.0888888888889,-0.0222222222222,270,0,47,1663,0.851735015773,1,0,0.148264984227,1,0.851735015773,0.919931856899,0.910123483438,0.851735015773,0.851735015773,112,159,0,0,0,0
233,WLNM_dir_neg,0.896176970848,0.395874781521,00:00:02,10,50,33,1317612908,fixed,0.5,1,0.553459119497,0.712550607287,88,0,71,318,0.553459119497,1,0,0.446540880503,1,0.553459119497,0.712550607287,0.851153039832,0.605171208945,0.623008849558,0.672638208388,0.553459119497,317,158,159,0,317,0,158,0,159,45,317,0.160101010101,1.84914057127,14.0888888889,10.5666666667,10.2258064516,7.62419063431,0.541149177514,0.287556957589,7.85075432263,1.1144603928,0.5825446898,8.30923789185,1.17954481115,0.603855590606,0.665156137797,0.35971096418,2.5,1.84914057127,0.665156137797,2.5,0.296598779422,0.263843648208,459,0.0323467230444,0.385590427152,45,45,45,1,0,0.333333333333,0.355555555556,0.311111111111,45,246,0.124242424242,1.68542765939,10.9333333333,8.78571428571,9.46153846154,6.30079360081,0.576292097635,0.312195121951,6.38392868495,1.16779183261,0.610659439928,6.87749954562,1.25807918517,0.642999096658,0.562150729661,0.333535958385,2,1.70100556074,0.55873825642,2,0.18369073331,0.186018237082,204,0.0143763213531,0.298587515962,45,44,44,0.977777777778,0,0.355555555556,0.222222222222,0.4,-71,-0.0358585858586,-0.163712911887,-3.15555555556,-1.78095238095,-0.764267990074,-1.3233970335,0.035142920121,0.0246381643627,-1.46682563768,0.0533314398102,0.0281147501275,-1.43173834623,0.0785343740278,0.0391435060513,-0.103005408136,-0.0261750057953,-0.5,-0.148135010538,-0.106417881377,-0.5,-0.112908046112,-0.0778254111264,-255,-0.0179704016913,-0.0870029111902,0.0222222222222,-0.133333333333,0.0888888888889,246,0,71,1663,0.776025236593,1,0,0.223974763407,1,0.776025236593,0.873889875666,0.862699408924,0.776025236593,0.776025236593,88,159,0,0,0,0
234,WLNM_dir_neg,0.953868517859,0.192153757258,00:00:02,10,50,34,1317612909,fixed,0.5,0.976,0.767295597484,0.859154929577,122,3,37,315,0.767295597484,0.990566037736,0.00943396226415,0.232704402516,0.976,0.767295597484,0.859154929577,0.916142557652,0.579315164221,0.800664451827,0.812410834268,0.75786163522,317,158,159,0,317,0,158,0,159,45,317,0.160101010101,1.84914057127,14.0888888889,10.5666666667,10.2258064516,7.62419063431,0.541149177514,0.287556957589,7.85075432263,1.1144603928,0.5825446898,8.30923789185,1.17954481115,0.603855590606,0.665156137797,0.35971096418,2.5,1.84914057127,0.665156137797,2.5,0.296598779422,0.263843648208,459,0.0323467230444,0.385590427152,45,45,45,1,0,0.333333333333,0.355555555556,0.311111111111,45,283,0.142929292929,2.31780833222,12.5777777778,9.75862068966,10.1071428571,7.15887525729,0.569168527523,0.306007067138,7.18464974228,1.14243547139,0.59725166863,7.60867394438,1.20985981448,0.624106792305,1.40412165636,0.605797138981,5,2.37910174302,1.40673339948,5,0.195495379536,0.243055555556,350,0.0246652572234,0.324468820582,45,43,43,0.955555555556,0,0.311111111111,0.311111111111,0.333333333333,-34,-0.0171717171717,0.468667760947,-1.51111111111,-0.808045977011,-0.11866359447,-0.465315377015,0.0280193500093,0.0184501095493,-0.666104580357,0.0279750785839,0.0147069788296,-0.700563947473,0.0303150033312,0.0202512016983,0.738965518568,0.246086174801,2.5,0.529961171748,0.741577261679,2.5,-0.101103399886,-0.0207880926529,-109,-0.007681465821,-0.0611216065698,-0.0222222222222,-0.0444444444444,0.0222222222222,280,3,37,1660,0.883280757098,0.998196031269,0.00180396873121,0.116719242902,0.989399293286,0.883280757098,0.933333333333,0.923533168076,0.881476788367,0.875,125,159,0,0,0,0
235,WLNM_dir_neg,0.952810410981,0.21693484368,00:00:02,10,50,35,1317612910,fixed,0.5,0.95867768595,0.729559748428,0.828571428571,116,5,43,313,0.729559748428,0.98427672956,0.0157232704403,0.270440251572,0.95867768595,0.729559748428,0.828571428571,0.899371069182,0.582110412299,0.759197324415,0.773380424555,0.713836477987,317,158,159,0,317,0,158,0,159,45,317,0.160101010101,1.84914057127,14.0888888889,10.5666666667,10.2258064516,7.62419063431,0.541149177514,0.287556957589,7.85075432263,1.1144603928,0.5825446898,8.30923789185,1.17954481115,0.603855590606,0.665156137797,0.35971096418,2.5,1.84914057127,0.665156137797,2.5,0.296598779422,0.263843648208,459,0.0323467230444,0.385590427152,45,45,45,1,0,0.333333333333,0.355555555556,0.311111111111,45,279,0.140909090909,2.70446163817,12.4,9.3,9.62068965517,7.27198859885,0.586450693456,0.316367980884,7.09865544247,1.1449444262,0.594982078853,7.57267816201,1.22139970355,0.627160493827,1.46789730711,0.542768766395,4.5,2.87075057848,1.43224735821,4.5,0.226207583809,0.220150157423,303,0.0213530655391,0.31442418977,45,41,41,0.911111111111,0,0.244444444444,0.4,0.266666666667,-38,-0.0191919191919,0.855321066896,-1.68888888889,-1.26666666667,-0.60511679644,-0.352202035458,0.0453015159417,0.0288110232956,-0.752098880163,0.030484033402,0.0124373890528,-0.73655972984,0.0418548924042,0.0233049032208,0.802741169316,0.183057802215,2,1.02161000721,0.76709122041,2,-0.0703911956128,-0.0436934907854,-156,-0.0109936575053,-0.0711662373828,-0.0888888888889,0.0444444444444,-0.0444444444444,274,5,43,1658,0.864353312303,0.996993385448,0.00300661455201,0.135646687697,0.982078853047,0.864353312303,0.919463087248,0.907819464787,0.861346697751,0.850931677019,121,159,0,0,0,0
236,WLNM_dir_neg,0.856028242554,0.328474394375,00:00:02,10,50,36,1317612911,fixed,0.5,0.988372093023,0.534591194969,0.69387755102,85,1,74,317,0.534591194969,0.996855345912,0.00314465408805,0.465408805031,0.988372093023,0.534591194969,0.69387755102,0.842767295597,0.606568832984,0.600355239787,0.651679564421,0.531446540881,317,158,159,0,317,0,158,0,159,45,317,0.160101010101,1.84914057127,14.0888888889,10.5666666667,10.2258064516,7.62419063431,0.541149177514,0.287556957589,7.85075432263,1.1144603928,0.5825446898,8.30923789185,1.17954481115,0.603855590606,0.665156137797,0.35971096418,2.5,1.84914057127,0.665156137797,2.5,0.296598779422,0.263843648208,459,0.0323467230444,0.385590427152,45,45,45,1,0,0.333333333333,0.355555555556,0.311111111111,45,244,0.123232323232,1.73925631846,10.8444444444,10.1666666667,9.76,6.73172798144,0.620753604846,0.335245901639,6.51393223263,1.20133996094,0.621857923497,6.86721092283,1.26649381773,0.648087431694,0.752259329007,0.432517807193,2.67845533741,1.87543511397,0.741968596618,2.67845533741,0.193558782422,0.200602409639,222,0.015644820296,0.362392154296,45,38,38,0.844444444444,0,0.311111111111,0.244444444444,0.288888888889,-73,-0.0368686868687,-0.109884252812,-3.24444444444,-0.4,-0.465806451613,-0.892462652864,0.0796044273323,0.0476889440508,-1.33682209,0.0868795681333,0.0393132336971,-1.44202696903,0.0869490065878,0.0442318410876,0.0871031912102,0.0728068430128,0.178455337407,0.0262945426946,0.0768124588215,0.178455337407,-0.103039996999,-0.0632412385699,-237,-0.0167019027484,-0.0231982728564,-0.0222222222222,-0.111111111111,-0.0222222222222,243,1,74,1662,0.766561514196,0.99939867709,0.000601322910403,0.233438485804,0.995901639344,0.766561514196,0.866310160428,0.854500224316,0.765960191285,0.764150943396,86,159,0,0,0,0
237,WLNM_dir_neg,0.936029033662,0.320323942596,00:00:02,10,50,37,1317612912,fixed,0.5,0.969387755102,0.59748427673,0.739299610895,95,3,64,315,0.59748427673,0.990566037736,0.00943396226415,0.40251572327,0.969387755102,0.59748427673,0.739299610895,0.859538784067,0.598183088749,0.650434782609,0.686110342338,0.588050314465,317,158,159,0,317,0,158,0,159,45,317,0.160101010101,1.84914057127,14.0888888889,10.5666666667,10.2258064516,7.62419063431,0.541149177514,0.287556957589,7.85075432263,1.1144603928,0.5825446898,8.30923789185,1.17954481115,0.603855590606,0.665156137797,0.35971096418,2.5,1.84914057127,0.665156137797,2.5,0.296598779422,0.263843648208,459,0.0323467230444,0.385590427152,45,45,45,1,0,0.333333333333,0.355555555556,0.311111111111,45,256,0.129292929293,2.09019349283,11.3777777778,8.53333333333,10.24,6.39349416804,0.561928198363,0.305815972222,6.39894246313,1.12481410485,0.593923611111,7.36336824552,1.29434207441,0.654166666667,1.01781527825,0.486947874322,4,2.14090016691,1.01294132666,4,0.204988226428,0.171063829787,201,0.0141649048626,0.296038019013,45,43,43,0.955555555556,0,0.288888888889,0.266666666667,0.4,-61,-0.0308080808081,0.241052921554,-2.71111111111,-2.03333333333,0.0141935483871,-1.23069646627,0.0207790208489,0.0182590146337,-1.4518118595,0.0103537120445,0.0113789213109,-0.945869646331,0.114797263262,0.0503110760603,0.352659140457,0.127236910142,1.5,0.291759595639,0.347785188862,1.5,-0.0916105529939,-0.0927798184212,-258,-0.0181818181818,-0.0895524081389,-0.0444444444444,-0.0888888888889,0.0888888888889,253,3,64,1660,0.798107255521,0.998196031269,0.00180396873121,0.201892744479,0.98828125,0.798107255521,0.883071553229,0.870293321099,0.796303286789,0.790625,98,159,0,0,0,0
238,WLNM_dir_neg,0.855919465211,0.412970124492,00:00:02,10,50,38,1317612913,fixed,0.5,0.988888888889,0.559748427673,0.714859437751,89,1,70,317,0.559748427673,0.996855345912,0.00314465408805,0.440251572327,0.988888888889,0.559748427673,0.714859437751,0.851153039832,0.603773584906,0.624338624339,0.670627767146,0.556603773585,317,158,159,0,317,0,158,0,159,45,317,0.160101010101,1.84914057127,14.0888888889,10.5666666667,10.2258064516,7.62419063431,0.541149177514,0.287556957589,7.85075432263,1.1144603928,0.5825446898,8.30923789185,1.17954481115,0.603855590606,0.665156137797,0.35971096418,2.5,1.84914057127,0.665156137797,2.5,0.296598779422,0.263843648208,459,0.0323467230444,0.385590427152,45,45,45,1,0,0.333333333333,0.355555555556,0.311111111111,45,248,0.125252525253,1.77148515557,11.0222222222,9.18518518519,9.53846153846,6.36213546514,0.577209870829,0.31146953405,6.46185387916,1.17251380872,0.613440860215,6.94662188085,1.26047574451,0.641039426523,0.705252864352,0.398113900156,2.5,1.84675200002,0.694113897785,2.5,0.171621530681,0.162748643761,180,0.0126849894292,0.312378507685,45,41,41,0.911111111111,0,0.311111111111,0.266666666667,0.333333333333,-69,-0.0348484848485,-0.0776554157039,-3.06666666667,-1.38148148148,-0.687344913151,-1.26205516917,0.036060693315,0.0239125764617,-1.38890044348,0.0580534159149,0.0308961704148,-1.362616011,0.0809309333632,0.0371838359169,0.0400967265548,0.0384029359758,0,-0.00238857125811,0.0289577599878,0,-0.124977248741,-0.101095004447,-279,-0.0196617336152,-0.0732119194677,-0.0222222222222,-0.0888888888889,0.0222222222222,247,1,70,1662,0.779179810726,0.99939867709,0.000601322910403,0.220820189274,0.995967741935,0.779179810726,0.874336283186,0.862538266063,0.778578487815,0.776729559748,90,159,0,0,0,0
239,WLNM_dir_neg,0.934654483604,0.354630383216,00:00:02,10,50,39,1317612914,fixed,0.5,1,0.616352201258,0.762645914397,98,0,61,318,0.616352201258,1,0,0.383647798742,1,0.616352201258,0.762645914397,0.872117400419,0.598183088749,0.681739130435,0.719131695713,0.616352201258,317,158,159,0,317,0,158,0,159,45,317,0.160101010101,1.84914057127,14.0888888889,10.5666666667,10.2258064516,7.62419063431,0.541149177514,0.287556957589,7.85075432263,1.1144603928,0.5825446898,8.30923789185,1.17954481115,0.603855590606,0.665156137797,0.35971096418,2.5,1.84914057127,0.665156137797,2.5,0.296598779422,0.263843648208,459,0.0323467230444,0.385590427152,45,45,45,1,0,0.333333333333,0.355555555556,0.311111111111,45,256,0.129292929293,1.66414122716,11.3777777778,9.48148148148,9.14285714286,6.65817641185,0.585191286198,0.318836805556,6.6872409796,1.17549157844,0.614930555556,7.08655007173,1.2456826298,0.635416666667,0.57337599308,0.344547676436,2,1.71157988624,0.564124028024,2,0.172732146492,0.18176621892,212,0.014940098661,0.334355767168,45,42,42,0.933333333333,0,0.333333333333,0.288888888889,0.311111111111,-61,-0.0308080808081,-0.184999344113,-2.71111111111,-1.08518518519,-1.08294930876,-0.966014222459,0.0440421086837,0.0312798479671,-1.16351334304,0.0610311856418,0.0323858657553,-1.22268782012,0.0661378186504,0.0315610760603,-0.0917801447169,-0.0151632877436,-0.5,-0.13756068503,-0.101032109773,-0.5,-0.12386663293,-0.0820774292888,-247,-0.0174066243834,-0.0512346599845,0,-0.0666666666667,0,256,0,61,1663,0.807570977918,1,0,0.192429022082,1,0.807570977918,0.893542757417,0.882607971178,0.807570977918,0.807570977918,98,159,0,0,0,0
240,WLNM_dir_neg,0.960800601242,0.223217247253,00:00:02,10,50,40,1317612915,fixed,0.5,1,0.74213836478,0.851985559567,118,0,41,318,0.74213836478,1,0,0.25786163522,1,0.74213836478,0.851985559567,0.914046121593,0.584206848358,0.793277310924,0.810790734776,0.74213836478,317,158,159,0,317,0,158,0,159,45,317,0.160101010101,1.84914057127,14.0888888889,10.5666666667,10.2258064516,7.62419063431,0.541149177514,0.287556957589,7.85075432263,1.1144603928,0.5825446898,8.30923789185,1.17954481115,0.603855590606,0.665156137797,0.35971096418,2.5,1.84914057127,0.665156137797,2.5,0.296598779422,0.263843648208,459,0.0323467230444,0.385590427152,45,45,45,1,0,0.333333333333,0.355555555556,0.311111111111,45,276,0.139393939394,1.64967940154,12.2666666667,10.2222222222,11.04,6.76353861122,0.551375430262,0.295813204509,6.98244552106,1.13844220452,0.599516908213,7.49120696672,1.22139244023,0.62576489533,0.543390339827,0.329391480137,1.31809394016,1.67989704813,0.536935406412,1.31809394016,0.18064123126,0.203898050975,272,0.0191684284708,0.376457651036,45,43,43,0.955555555556,0,0.355555555556,0.2,0.4,-41,-0.0207070707071,-0.199461169729,-1.82222222222,-0.344444444444,0.814193548387,-0.86065202309,0.0102262527484,0.00825624692035,-0.868308801575,0.0239818117175,0.0169722184123,-0.818030925138,0.0418476290789,0.0219093047237,-0.12176579797,-0.0303194840426,-1.18190605984,-0.169243523146,-0.128220731385,-1.18190605984,-0.115957548161,-0.059945597234,-187,-0.0131782945736,-0.00913277611637,0.0222222222222,-0.155555555556,0.0888888888889,276,0,41,1663,0.870662460568,1,0,0.129337539432,1,0.870662460568,0.930860033727,0.921799014152,0.870662460568,0.870662460568,118,159,0,0,0,0
241,WLNM_dir_neg,0.870040742059,0.265860969323,00:00:02,10,50,41,1317612916,fixed,0.5,0.961538461538,0.62893081761,0.760456273764,100,4,59,314,0.62893081761,0.987421383648,0.0125786163522,0.37106918239,0.961538461538,0.62893081761,0.760456273764,0.867924528302,0.593990216632,0.674698795181,0.703671542643,0.616352201258,317,158,159,0,317,0,158,0,159,45,317,0.160101010101,1.84914057127,14.0888888889,10.5666666667,10.2258064516,7.62419063431,0.541149177514,0.287556957589,7.85075432263,1.1144603928,0.5825446898,8.30923789185,1.17954481115,0.603855590606,0.665156137797,0.35971096418,2.5,1.84914057127,0.665156137797,2.5,0.296598779422,0.263843648208,459,0.0323467230444,0.385590427152,45,45,45,1,0,0.333333333333,0.355555555556,0.311111111111,45,262,0.132323232323,1.7190623233,11.6444444444,10.0769230769,9.03448275862,6.41785703244,0.551151844389,0.293384223919,6.62738426698,1.13829119089,0.597455470738,7.31215951465,1.25590526015,0.637659033079,0.67453584935,0.392385918886,2.5,1.78921474508,0.666144889979,2.5,0.237587716936,0.17699594046,218,0.015362931642,0.373768711205,45,41,41,0.911111111111,0,0.333333333333,0.311111111111,0.266666666667,-55,-0.0277777777778,-0.130078247976,-2.44444444444,-0.489743589744,-1.19132369299,-1.20633360187,0.0100026668752,0.00582726633007,-1.22337005565,0.0238307980908,0.0149107809377,-0.997078377205,0.0763604490031,0.0338034424725,0.00937971155268,0.0326749547062,0,-0.0599258261905,0.000988752182406,0,-0.0590110624862,-0.0868477077484,-241,-0.0169837914024,-0.0118217159476,0,-0.0444444444444,-0.0444444444444,258,4,59,1659,0.813880126183,0.997594708358,0.00240529164161,0.186119873817,0.984732824427,0.813880126183,0.891191709845,0.878190199948,0.811474834541,0.803738317757,104,159,0,0,0,0
242,WLNM_dir_neg,0.889155887821,0.312313420583,00:00:02,10,50,42,1317612917,fixed,0.5,0.991071428571,0.698113207547,0.819188191882,111,1,48,317,0.698113207547,0.996855345912,0.00314465408805,0.301886792453,0.991071428571,0.698113207547,0.819188191882,0.897274633124,0.588399720475,0.750424448217,0.77289737498,0.694968553459,317,158,159,0,317,0,158,0,159,45,317,0.160101010101,1.84914057127,14.0888888889,10.5666666667,10.2258064516,7.62419063431,0.541149177514,0.287556957589,7.85075432263,1.1144603928,0.5825446898,8.30923789185,1.17954481115,0.603855590606,0.665156137797,0.35971096418,2.5,1.84914057127,0.665156137797,2.5,0.296598779422,0.263843648208,459,0.0323467230444,0.385590427152,45,45,45,1,0,0.333333333333,0.355555555556,0.311111111111,45,270,0.136363636364,1.72608762864,12,9.64285714286,9.31034482759,6.76219437219,0.563516197682,0.304115226337,6.9511280968,1.15852134947,0.602304526749,7.35774174841,1.2262902914,0.628312757202,0.602178811007,0.348869200506,2,1.7425896202,0.598759666861,2,0.218324694552,0.197419354839,255,0.0179704016913,0.348442916925,45,44,44,0.977777777778,0,0.355555555556,0.288888888889,0.333333333333,-47,-0.0237373737374,-0.123052942635,-2.08888888889,-0.92380952381,-0.915461624027,-0.861996262119,0.0223670201684,0.0165582687489,-0.899626225829,0.0440609566646,0.0197598369488,-0.95149614344,0.0467454802559,0.0244571665953,-0.0629773267899,-0.0108417636736,-0.5,-0.106550951075,-0.066396470936,-0.5,-0.0782740848694,-0.0664242933698,-204,-0.0143763213531,-0.0371475102277,0.0222222222222,-0.0666666666667,0.0222222222222,269,1,48,1662,0.84858044164,0.99939867709,0.000601322910403,0.15141955836,0.996296296296,0.84858044164,0.916524701874,0.906110110691,0.84797911873,0.845911949686,112,159,0,0,0,0
243,WLNM_dir_neg,0.917863217436,0.544098277532,00:00:02,10,50,43,1317612918,fixed,0.5,0.989583333333,0.59748427673,0.745098039216,95,1,64,317,0.59748427673,0.996855345912,0.00314465408805,0.40251572327,0.989583333333,0.59748427673,0.745098039216,0.863731656184,0.599580712788,0.659685863874,0.698793251165,0.594339622642,317,158,159,0,317,0,158,0,159,45,317,0.160101010101,1.84914057127,14.0888888889,10.5666666667,10.2258064516,7.62419063431,0.541149177514,0.287556957589,7.85075432263,1.1144603928,0.5825446898,8.30923789185,1.17954481115,0.603855590606,0.665156137797,0.35971096418,2.5,1.84914057127,0.665156137797,2.5,0.296598779422,0.263843648208,459,0.0323467230444,0.385590427152,45,45,45,1,0,0.333333333333,0.355555555556,0.311111111111,45,254,0.128282828283,1.65275383057,11.2888888889,9.40740740741,9.07142857143,6.46888434326,0.573031093399,0.312423447069,6.77949969847,1.20109246627,0.623622047244,7.04903460687,1.24884471382,0.636745406824,0.562910028413,0.340589153691,2,1.68311447385,0.557425366023,2,0.170514235048,0.178387650086,208,0.014658210007,0.326884586279,45,43,43,0.955555555556,0,0.355555555556,0.266666666667,0.333333333333,-63,-0.0318181818182,-0.196386740703,-2.8,-1.15925925926,-1.15437788018,-1.15530629105,0.0318819158849,0.0248664894806,-1.07125462416,0.0866320734624,0.0410773574439,-1.26020328498,0.0692999026695,0.0328898162178,-0.102246109384,-0.0191218104891,-0.5,-0.166026097421,-0.107730771774,-0.5,-0.126084544374,-0.0854559981227,-251,-0.0176885130374,-0.0587058408735,0.0222222222222,-0.0888888888889,0.0222222222222,253,1,64,1662,0.798107255521,0.99939867709,0.000601322910403,0.201892744479,0.996062992126,0.798107255521,0.886164623468,0.874525392689,0.79750593261,0.795597484277,96,159,0,0,0,0
244,WLNM_dir_neg,0.951149084293,0.286650186612,00:00:02,10,50,44,1317612919,fixed,0.5,0.981818181818,0.679245283019,0.802973977695,108,2,51,316,0.679245283019,0.993710691824,0.0062893081761,0.320754716981,0.981818181818,0.679245283019,0.802973977695,0.888888888889,0.589797344514,0.729131175468,0.753129051915,0.672955974843,317,158,159,0,317,0,158,0,159,45,317,0.160101010101,1.84914057127,14.0888888889,10.5666666667,10.2258064516,7.62419063431,0.541149177514,0.287556957589,7.85075432263,1.1144603928,0.5825446898,8.30923789185,1.17954481115,0.603855590606,0.665156137797,0.35971096418,2.5,1.84914057127,0.665156137797,2.5,0.296598779422,0.263843648208,459,0.0323467230444,0.385590427152,45,45,45,1,0,0.333333333333,0.355555555556,0.311111111111,45,268,0.135353535354,1.9531854117,11.9111111111,8.93333333333,9.92592592593,6.73127781406,0.565125935882,0.305638474295,6.70127381227,1.12521388639,0.589883913765,7.50743738979,1.26057717366,0.641956882255,0.768044146565,0.393226440236,3,1.9975196169,0.756772554901,3,0.209648796336,0.182984293194,233,0.0164200140944,0.318470528079,45,43,43,0.955555555556,0,0.288888888889,0.311111111111,0.355555555556,-49,-0.0247474747475,0.104044840431,-2.17777777778,-1.63333333333,-0.299880525687,-0.892912820246,0.0239767583681,0.0180815167067,-1.14948051036,0.0107534935865,0.0073392239643,-0.801800502065,0.0810323625122,0.038101291649,0.102888008768,0.033515476056,0.5,0.148379045626,0.0916164171044,0.5,-0.0869499830857,-0.0808593550148,-226,-0.01592670895,-0.0671198990734,-0.0444444444444,-0.0444444444444,0.0444444444444,266,2,51,1661,0.839116719243,0.998797354179,0.00120264582081,0.160883280757,0.992537313433,0.839116719243,0.909401709402,0.898164660852,0.837914073422,0.833855799373,110,159,0,0,0,0
245,WLNM_dir_neg,0.917269886476,0.605555235696,00:00:02,10,50,45,1317612920,fixed,0.5,0.971153846154,0.635220125786,0.768060836502,101,3,58,315,0.635220125786,0.990566037736,0.00943396226415,0.364779874214,0.971153846154,0.635220125786,0.768060836502,0.872117400419,0.593990216632,0.685025817556,0.714442025439,0.625786163522,317,158,159,0,317,0,158,0,159,45,317,0.160101010101,1.84914057127,14.0888888889,10.5666666667,10.2258064516,7.62419063431,0.541149177514,0.287556957589,7.85075432263,1.1144603928,0.5825446898,8.30923789185,1.17954481115,0.603855590606,0.665156137797,0.35971096418,2.5,1.84914057127,0.665156137797,2.5,0.296598779422,0.263843648208,459,0.0323467230444,0.385590427152,45,45,45,1,0,0.333333333333,0.355555555556,0.311111111111,45,262,0.132323232323,1.78908224066,11.6444444444,10.48,9.7037037037,6.45669334016,0.554487023487,0.295589482612,6.64792821072,1.14181973085,0.600169635284,7.16458743623,1.2305589108,0.631721798134,0.799790866931,0.44703974404,3,1.8660658739,0.797052227821,3,0.231994484483,0.172069825436,207,0.0145877378436,0.383257578899,45,41,41,0.911111111111,0,0.355555555556,0.244444444444,0.311111111111,-55,-0.0277777777778,-0.0600583306128,-2.44444444444,-0.0866666666667,-0.522102747909,-1.16749729415,0.0133378459731,0.00803252502388,-1.20282611191,0.0273593380468,0.0176249454839,-1.14465045563,0.0510140996554,0.0278662075276,0.134634729134,0.0873287798597,0.5,0.0169253026224,0.131896090024,0.5,-0.0646042949386,-0.0917738227721,-252,-0.0177589852008,-0.00233284825328,0.0222222222222,-0.111111111111,0,259,3,58,1660,0.817034700315,0.998196031269,0.00180396873121,0.182965299685,0.988549618321,0.817034700315,0.894645941278,0.88225488789,0.815230731584,0.809375,104,159,0,0,0,0
246,WLNM_dir_neg,0.906995372019,0.467418976839,00:00:02,10,50,46,1317612921,fixed,0.5,0.989247311828,0.578616352201,0.730158730159,92,1,67,317,0.578616352201,0.996855345912,0.00314465408805,0.421383647799,0.989247311828,0.578616352201,0.730158730159,0.857442348008,0.601677148847,0.642105263158,0.684745213977,0.575471698113,317,158,159,0,317,0,158,0,159,45,317,0.160101010101,1.84914057127,14.0888888889,10.5666666667,10.2258064516,7.62419063431,0.541149177514,0.287556957589,7.85075432263,1.1144603928,0.5825446898,8.30923789185,1.17954481115,0.603855590606,0.665156137797,0.35971096418,2.5,1.84914057127,0.665156137797,2.5,0.296598779422,0.263843648208,459,0.0323467230444,0.385590427152,45,45,45,1,0,0.333333333333,0.355555555556,0.311111111111,45,251,0.126767676768,1.6268281596,11.1555555556,10.04,8.65517241379,6.3816340012,0.572058824809,0.311111111111,6.51742032378,1.16846181104,0.610004426737,6.86390059027,1.2305797871,0.628596724214,0.579767938082,0.356379335248,1.5,1.67160159957,0.574388785331,1.5,0.215608504159,0.169435215947,187,0.0131782945736,0.346633593044,45,42,42,0.933333333333,0,0.377777777778,0.266666666667,0.288888888889,-66,-0.0333333333333,-0.222312411672,-2.93333333333,-0.526666666667,-1.57063403782,-1.24255663311,0.0309096472946,0.0235541535226,-1.33333399886,0.0540014182327,0.0274597369373,-1.44533730158,0.0510349759539,0.0247411336079,-0.0853881997154,-0.00333162893185,-1,-0.1775389717,-0.0907673524661,-1,-0.0809902752624,-0.0944084322616,-272,-0.0191684284708,-0.0389568341085,0.0444444444444,-0.0888888888889,-0.0222222222222,250,1,67,1662,0.788643533123,0.99939867709,0.000601322910403,0.211356466877,0.996015936255,0.788643533123,0.880281690141,0.868542108619,0.788042210213,0.786163522013,93,159,0,0,0,0
247,WLNM_dir_neg,0.957151615838,0.301736880062,00:00:02,10,50,47,1317612922,fixed,0.5,1,0.672955974843,0.804511278195,107,0,52,318,0.672955974843,1,0,0.327044025157,1,0.672955974843,0.804511278195,0.890985324948,0.591893780573,0.732876712329,0.76051191863,0.672955974843,317,158,159,0,317,0,158,0,159,45,317,0.160101010101,1.84914057127,14.0888888889,10.5666666667,10.2258064516,7.62419063431,0.541149177514,0.287556957589,7.85075432263,1.1144603928,0.5825446898,8.30923789185,1.17954481115,0.603855590606,0.665156137797,0.35971096418,2.5,1.84914057127,0.665156137797,2.5,0.296598779422,0.263843648208,459,0.0323467230444,0.385590427152,45,45,45,1,0,0.333333333333,0.355555555556,0.311111111111,45,265,0.133838383838,1.56378777395,11.7777777778,11.5217391304,9.81481481481,7.03203348609,0.597059446932,0.324779874214,6.91579950752,1.17438104845,0.608805031447,7.435242315,1.26258831764,0.642348008386,0.565886095128,0.361868857498,1.5,1.61879145921,0.563349868192,1.5,0.20021796277,0.225912778905,297,0.0209302325581,0.461064903085,45,41,41,0.911111111111,0,0.4,0.2,0.311111111111,-52,-0.0262626262626,-0.285352797325,-2.31111111111,0.955072463768,-0.410991636798,-0.592157148219,0.0559102694182,0.0372229166253,-0.934954815108,0.0599206556448,0.0262603416463,-0.873995576851,0.0830435064956,0.0384924177794,-0.099270042669,0.00215789331807,-1,-0.230349112062,-0.101806269605,-1,-0.0963808166522,-0.0379308693038,-162,-0.0114164904863,0.0754744759327,0.0666666666667,-0.155555555556,0,265,0,52,1663,0.83596214511,1,0,0.16403785489,1,0.83596214511,0.910652920962,0.90034170621,0.83596214511,0.83596214511,107,159,0,0,0,0
248,WLNM_dir_neg,0.942071120604,0.353009382709,00:00:02,10,50,48,1317612923,fixed,0.5,0.988764044944,0.553459119497,0.709677419355,88,1,71,317,0.553459119497,0.996855345912,0.00314465408805,0.446540880503,0.988764044944,0.553459119497,0.709677419355,0.849056603774,0.604472396925,0.618374558304,0.66590486031,0.550314465409,317,158,159,0,317,0,158,0,159,45,317,0.160101010101,1.84914057127,14.0888888889,10.5666666667,10.2258064516,7.62419063431,0.541149177514,0.287556957589,7.85075432263,1.1144603928,0.5825446898,8.30923789185,1.17954481115,0.603855590606,0.665156137797,0.35971096418,2.5,1.84914057127,0.665156137797,2.5,0.296598779422,0.263843648208,459,0.0323467230444,0.385590427152,45,45,45,1,0,0.333333333333,0.355555555556,0.311111111111,45,247,0.124747474747,1.79059948287,10.9777777778,9.14814814815,9.14814814815,6.64177169987,0.605019689259,0.332343679712,6.48993003962,1.18237591815,0.616824111561,6.92696385748,1.26199746391,0.644354475933,0.693936014932,0.387543960316,2,1.86773113974,0.679042806506,2,0.221217799372,0.244541484716,280,0.0197322057787,0.323072289393,45,41,41,0.911111111111,0,0.311111111111,0.288888888889,0.311111111111,-70,-0.0353535353535,-0.0585410883991,-3.11111111111,-1.41851851852,-1.07765830346,-0.982418934444,0.0638705117449,0.0447867221236,-1.36082428301,0.067915525347,0.0342794217607,-1.38227403438,0.0824526527667,0.040498885327,0.0287798771355,0.0278329961359,-0.5,0.0185905684666,0.0138866687088,-0.5,-0.07538098005,-0.0193021634923,-179,-0.0126145172657,-0.0625181377591,-0.0222222222222,-0.0666666666667,0,246,1,71,1662,0.776025236593,0.99939867709,0.000601322910403,0.223974763407,0.995951417004,0.776025236593,0.872340425532,0.8605323235,0.775423913683,0.77358490566,89,159,0,0,0,0
249,WLNM_dir_neg,0.865541315613,0.232609135686,00:00:04,10,50,49,1317612924,fixed,0.5,0.95041322314,0.723270440252,0.821428571429,115,6,44,312,0.723270440252,0.981132075472,0.0188679245283,0.276729559748,0.95041322314,0.723270440252,0.821428571429,0.895178197065,0.582110412299,0.749163879599,0.763159537887,0.704402515723,317,158,159,0,317,0,158,0,159,45,317,0.160101010101,1.84914057127,14.0888888889,10.5666666667,10.2258064516,7.62419063431,0.541149177514,0.287556957589,7.85075432263,1.1144603928,0.5825446898,8.30923789185,1.17954481115,0.603855590606,0.665156137797,0.35971096418,2.5,1.84914057127,0.665156137797,2.5,0.296598779422,0.263843648208,459,0.0323467230444,0.385590427152,45,45,45,1,0,0.333333333333,0.355555555556,0.311111111111,45,279,0.140909090909,1.82604725563,12.4,10.3333333333,8.71875,6.9850489684,0.563310400677,0.305296694544,7.04724317472,1.13665212495,0.594663480685,7.35959485051,1.1870314275,0.613620071685,0.74848053829,0.409891110969,2.56661029234,1.86446805821,0.743569802959,2.56661029234,0.247501750276,0.230656219393,314,0.0221282593376,0.348505130232,45,43,43,0.955555555556,0,0.355555555556,0.355555555556,0.244444444444,-38,-0.0191919191919,-0.0230933156474,-1.68888888889,-0.233333333333,-1.50705645161,-0.639141665911,0.0221612231632,0.0177397369555,-0.803511147913,0.022191732152,0.0121187908848,-0.949643041346,0.00748661635486,0.00976448107821,0.0833244004931,0.0501801467889,0.0666102923411,0.0153274869398,0.0784136651618,0.0666102923411,-0.0490970291456,-0.0331874288157,-145,-0.0102184637068,-0.0370852969202,0.0222222222222,0,-0.0666666666667,273,6,44,1657,0.86119873817,0.996392062538,0.00360793746242,0.13880126183,0.978494623656,0.86119873817,0.91610738255,0.903860923525,0.857590800708,0.84520123839,121,159,0,0,0,0
250,WLNM_dir_neg,0.704491515367,0.190061351842,00:00:02,10,50,50,1317612925,fixed,0.5,0.93,0.584905660377,0.718146718147,93,7,66,311,0.584905660377,0.977987421384,0.0220125786164,0.415094339623,0.93,0.584905660377,0.718146718147,0.846960167715,0.59678546471,0.620450606586,0.651879551453,0.562893081761,317,158,159,0,317,0,158,0,159,45,317,0.160101010101,1.84914057127,14.0888888889,10.5666666667,10.2258064516,7.62419063431,0.541149177514,0.287556957589,7.85075432263,1.1144603928,0.5825446898,8.30923789185,1.17954481115,0.603855590606,0.665156137797,0.35971096418,2.5,1.84914057127,0.665156137797,2.5,0.296598779422,0.263843648208,459,0.0323467230444,0.385590427152,45,45,45,1,0,0.333333333333,0.355555555556,0.311111111111,45,258,0.130303030303,2.67115074506,11.4666666667,8.89655172414,10.32,6.4863493024,0.565669997302,0.306632213609,6.361817922,1.109619405,0.58811369509,7.2375284581,1.26235961479,0.64254952627,1.96676060015,0.736297119805,6.57903746165,2.79051865542,1.98298739655,6.57903746165,0.197774775376,0.175568181818,206,0.0145172656801,0.312712929952,45,42,42,0.933333333333,0,0.288888888889,0.266666666667,0.377777777778,-59,-0.029797979798,0.822010173784,-2.62222222222,-1.67011494253,0.0941935483871,-1.13784133191,0.0245208197882,0.0190752560205,-1.48893640063,-0.00484098780217,0.00556900529023,-1.07170943375,0.0828148036384,0.0386939356641,1.30160446235,0.376586155625,4.07903746165,0.941378084146,1.31783125875,4.07903746165,-0.098824004046,-0.0882754663903,-253,-0.0178294573643,-0.0728774972001,-0.0444444444444,-0.0888888888889,0.0666666666667,251,7,66,1656,0.791798107256,0.995790739627,0.00420926037282,0.208201892744,0.972868217054,0.791798107256,0.873043478261,0.857924137164,0.787588846883,0.774691358025,100,159,0,0,0,0
251,WLNM_dir_neg,0.851509703019,0.422022802976,00:00:02,10,60,1,1318530176,fixed,0.5,1,0.377952755906,0.548571428571,48,0,79,254,0.377952755906,1,0,0.622047244094,1,0.377952755906,0.548571428571,0.792650918635,0.62467191601,0.447552447552,0.536924844171,0.377952755906,317,190,127,0,317,0,190,0,127,45,317,0.160101010101,1.84914057127,14.0888888889,10.5666666667,10.2258064516,7.62419063431,0.541149177514,0.287556957589,7.85075432263,1.1144603928,0.5825446898,8.30923789185,1.17954481115,0.603855590606,0.665156137797,0.35971096418,2.5,1.84914057127,0.665156137797,2.5,0.296598779422,0.263843648208,459,0.0323467230444,0.385590427152,45,45,45,1,0,0.333333333333,0.355555555556,0.311111111111,45,238,0.120202020202,1.66287192579,10.5777777778,9.91666666667,8.5,6.8040392044,0.643239000416,0.354528478058,6.60104062809,1.24809591708,0.638655462185,6.54919225492,1.23829265324,0.637535014006,0.669665671492,0.402716325356,2,1.74573091651,0.665260166296,2,0.238101816852,0.245625,262,0.0184637068358,0.33998437502,45,40,40,0.888888888889,0,0.355555555556,0.266666666667,0.266666666667,-79,-0.039898989899,-0.186268645484,-3.51111111111,-0.65,-1.72580645161,-0.820151429913,0.102089822901,0.0669715204694,-1.24971369454,0.133635524274,0.0561107723847,-1.76004563693,0.0587478420948,0.0336794233992,0.00450953369469,0.0430053611762,-0.5,-0.10340965476,0.000104028498616,-0.5,-0.0584969625694,-0.0182186482085,-197,-0.0138830162086,-0.0456060521318,0.0222222222222,-0.0888888888889,-0.0444444444444,238,0,79,1663,0.750788643533,1,0,0.249211356467,1,0.750788643533,0.857657657658,0.846605131836,0.750788643533,0.750788643533,48,127,0,0,0,0
252,WLNM_dir_neg,0.787618575237,0.388326148225,00:00:02,10,60,2,1318530177,fixed,0.5,0.964912280702,0.433070866142,0.597826086957,55,2,72,252,0.433070866142,0.992125984252,0.00787401574803,0.566929133858,0.964912280702,0.433070866142,0.597826086957,0.805774278215,0.616797900262,0.493150684932,0.561951486949,0.425196850394,317,190,127,0,317,0,190,0,127,45,317,0.160101010101,1.84914057127,14.0888888889,10.5666666667,10.2258064516,7.62419063431,0.541149177514,0.287556957589,7.85075432263,1.1144603928,0.5825446898,8.30923789185,1.17954481115,0.603855590606,0.665156137797,0.35971096418,2.5,1.84914057127,0.665156137797,2.5,0.296598779422,0.263843648208,459,0.0323467230444,0.385590427152,45,45,45,1,0,0.333333333333,0.355555555556,0.311111111111,45,247,0.124747474747,1.97242735144,10.9777777778,8.23333333333,7.96774193548,6.12182715182,0.557656319498,0.308591992803,6.26905177048,1.14213493794,0.602249212776,6.49343102409,1.18301374933,0.616644174539,0.819828918189,0.415644671318,3,1.97242735144,0.819828918189,3,0.2805631256,0.229965156794,242,0.0170542635659,0.248013623043,45,45,45,1,0,0.333333333333,0.355555555556,0.311111111111,-70,-0.0353535353535,0.12328678017,-3.11111111111,-2.33333333333,-2.25806451613,-1.50236348249,0.0165071419838,0.021035035214,-1.58170255215,0.0276745451396,0.0197045229753,-1.81580686776,0.00346893818202,0.0127885839325,0.154672780392,0.0559337071377,0.5,0.12328678017,0.154672780392,0.5,-0.0160356538219,-0.033878491414,-217,-0.0152924594785,-0.13757680411,0,0,0,245,2,72,1661,0.772870662461,0.998797354179,0.00120264582081,0.227129337539,0.991902834008,0.772870662461,0.868794326241,0.856364189461,0.77166801664,0.76802507837,57,127,0,0,0,0
253,WLNM_dir_neg,0.774893049786,0.241307821894,00:00:02,10,60,3,1318530178,fixed,0.5,0.972222222222,0.551181102362,0.70351758794,70,2,57,252,0.551181102362,0.992125984252,0.00787401574803,0.448818897638,0.972222222222,0.551181102362,0.70351758794,0.845144356955,0.603674540682,0.609271523179,0.654212142587,0.543307086614,317,190,127,0,317,0,190,0,127,45,317,0.160101010101,1.84914057127,14.0888888889,10.5666666667,10.2258064516,7.62419063431,0.541149177514,0.287556957589,7.85075432263,1.1144603928,0.5825446898,8.30923789185,1.17954481115,0.603855590606,0.665156137797,0.35971096418,2.5,1.84914057127,0.665156137797,2.5,0.296598779422,0.263843648208,459,0.0323467230444,0.385590427152,45,45,45,1,0,0.333333333333,0.355555555556,0.311111111111,45,262,0.132323232323,1.79737082077,11.6444444444,9.35714285714,9.35714285714,6.65089042417,0.571164253984,0.312128922816,6.79334195735,1.16679537435,0.612213740458,7.15824028937,1.22946875199,0.631382527566,0.669526434655,0.372503229115,2.25,1.8543258794,0.656673896718,2.25,0.175236272371,0.216084484159,266,0.0187455954898,0.310260002445,45,42,42,0.933333333333,0,0.311111111111,0.311111111111,0.311111111111,-55,-0.0277777777778,-0.0517697505012,-2.44444444444,-1.20952380952,-0.86866359447,-0.973300210137,0.0300150764702,0.0245719652274,-1.05741236528,0.0523349815512,0.0296690506578,-1.15099760248,0.049923940845,0.0275269369594,0.00437029685771,0.0127922649351,-0.25,0.0051853081254,-0.00848224107878,-0.25,-0.121362507051,-0.0477591640492,-193,-0.0136011275546,-0.0753304247074,-0.0222222222222,-0.0444444444444,0,260,2,57,1661,0.820189274448,0.998797354179,0.00120264582081,0.179810725552,0.992366412214,0.820189274448,0.898100172712,0.886319575831,0.818986628627,0.815047021944,72,127,0,0,0,0
254,WLNM_dir_neg,0.750821501643,0.230470977279,00:00:02,10,60,4,1318530179,fixed,0.5,0.971830985915,0.543307086614,0.69696969697,69,2,58,252,0.543307086614,0.992125984252,0.00787401574803,0.456692913386,0.971830985915,0.543307086614,0.69696969697,0.842519685039,0.604549431321,0.601769911504,0.648207257593,0.535433070866,317,190,127,0,317,0,190,0,127,45,317,0.160101010101,1.84914057127,14.0888888889,10.5666666667,10.2258064516,7.62419063431,0.541149177514,0.287556957589,7.85075432263,1.1144603928,0.5825446898,8.30923789185,1.17954481115,0.603855590606,0.665156137797,0.35971096418,2.5,1.84914057127,0.665156137797,2.5,0.296598779422,0.263843648208,459,0.0323467230444,0.385590427152,45,45,45,1,0,0.333333333333,0.355555555556,0.311111111111,45,261,0.131818181818,2.3971108008,11.6,8.7,10.0384615385,6.52756393374,0.562721028771,0.310259684972,6.44769162358,1.11167096958,0.588846317582,7.25697156971,1.25120199478,0.642315879097,1.40727886104,0.587072929869,4.37764350453,2.46209269851,1.4062249014,4.37764350453,0.234037014972,0.219170557539,266,0.0187455954898,0.290723789385,45,43,43,0.955555555556,0,0.288888888889,0.288888888889,0.377777777778,-56,-0.0282828282828,0.547970229522,-2.48888888889,-1.86666666667,-0.187344913151,-1.09662670057,0.0215718512568,0.0227027273838,-1.40306269906,-0.00278942322081,0.00630162778174,-1.05226632214,0.0716571836317,0.0384602884911,0.742122723246,0.227361965689,1.87764350453,0.612952127233,0.741068763598,1.87764350453,-0.0625617644502,-0.0446730906693,-193,-0.0136011275546,-0.094866637767,-0.0444444444444,-0.0666666666667,0.0666666666667,259,2,58,1661,0.817034700315,0.998797354179,0.00120264582081,0.182965299685,0.992337164751,0.817034700315,0.896193771626,0.884338084802,0.815832054495,0.811912225705,71,127,0,0,0,0
255,WLNM_dir_neg,0.8507502015,0.438611622347,00:00:02,10,60,5,1318530180,fixed,0.5,0.954545454545,0.330708661417,0.491228070175,42,2,85,252,0.330708661417,0.992125984252,0.00787401574803,0.669291338583,0.954545454545,0.330708661417,0.491228070175,0.771653543307,0.628171478565,0.385882352941,0.476165105237,0.322834645669,317,190,127,0,317,0,190,0,127,45,317,0.160101010101,1.84914057127,14.0888888889,10.5666666667,10.2258064516,7.62419063431,0.541149177514,0.287556957589,7.85075432263,1.1144603928,0.5825446898,8.30923789185,1.17954481115,0.603855590606,0.665156137797,0.35971096418,2.5,1.84914057127,0.665156137797,2.5,0.296598779422,0.263843648208,459,0.0323467230444,0.385590427152,45,45,45,1,0,0.333333333333,0.355555555556,0.311111111111,45,234,0.118181818182,1,10.4,8.06896551724,8.35714285714,6.21727797791,0.597815190183,0.326590693257,6.12965963759,1.17878069954,0.611396011396,6.23261217672,1.19857926475,0.623361823362,0,0,0,NaN,NaN,NaN,0.198742653116,0.22528418877,218,0.015362931642,0.239362490384,45,41,0,0.911111111111,2,0.266666666667,0.355555555556,0.288888888889,-83,-0.0419191919192,-0.849140571273,-3.68888888889,-2.49770114943,-1.86866359447,-1.4069126564,0.0566660126692,0.0390337356689,-1.72109468504,0.0643203067342,0.0288513215958,-2.07662571513,0.0190344536081,0.0195062327554,-0.665156137797,-0.35971096418,-2.5,NaN,NaN,NaN,-0.0978561263061,-0.0385594594382,-241,-0.0169837914024,-0.146227936768,-0.0666666666667,0,-0.0222222222222,232,2,85,1661,0.731861198738,0.998797354179,0.00120264582081,0.268138801262,0.991452991453,0.731861198738,0.842105263158,0.829965767041,0.730658552917,0.727272727273,44,127,0,0,0,0
256,WLNM_dir_neg,0.828786657573,0.320984151815,00:00:02,10,60,6,1318530181,fixed,0.5,0.970588235294,0.51968503937,0.676923076923,66,2,61,252,0.51968503937,0.992125984252,0.00787401574803,0.48031496063,0.970588235294,0.51968503937,0.676923076923,0.834645669291,0.607174103237,0.579064587973,0.630088755557,0.511811023622,317,190,127,0,317,0,190,0,127,45,317,0.160101010101,1.84914057127,14.0888888889,10.5666666667,10.2258064516,7.62419063431,0.541149177514,0.287556957589,7.85075432263,1.1144603928,0.5825446898,8.30923789185,1.17954481115,0.603855590606,0.665156137797,0.35971096418,2.5,1.84914057127,0.665156137797,2.5,0.296598779422,0.263843648208,459,0.0323467230444,0.385590427152,45,45,45,1,0,0.333333333333,0.355555555556,0.311111111111,45,258,0.130303030303,1.85164079161,11.4666666667,9.21428571429,9.21428571429,6.75075753325,0.588728854644,0.325150732127,6.71633016677,1.17145293606,0.614125753661,6.9032271768,1.20405125177,0.625150732127,0.759402274668,0.410123971188,2.5,1.89125199121,0.753663856284,2.5,0.257601294972,0.256268944613,310,0.0218463706836,0.295153260824,45,43,43,0.955555555556,0,0.333333333333,0.288888888889,0.333333333333,-59,-0.029797979798,0.00250022033205,-2.62222222222,-1.35238095238,-1.01152073733,-0.873433101059,0.0475796771298,0.037593774539,-1.13442415586,0.0569925432621,0.0315810638604,-1.40601071505,0.0245064406213,0.0212951415211,0.0942461368707,0.0504130070085,0,0.0421114199416,0.0885077184866,0,-0.03899748445,-0.00757470359563,-149,-0.0105003523608,-0.0904371663279,0,-0.0666666666667,0.0222222222222,256,2,61,1661,0.807570977918,0.998797354179,0.00120264582081,0.192429022082,0.992248062016,0.807570977918,0.890434782609,0.878380716396,0.806368332097,0.802507836991,68,127,0,0,0,0
257,WLNM_dir_neg,0.777063054126,0.2311009629,00:00:02,10,60,7,1318530182,fixed,0.5,1,0.527559055118,0.690721649485,67,0,60,254,0.527559055118,1,0,0.472440944882,1,0.527559055118,0.690721649485,0.842519685039,0.608048993876,0.598214285714,0.653262269197,0.527559055118,317,190,127,0,317,0,190,0,127,45,317,0.160101010101,1.84914057127,14.0888888889,10.5666666667,10.2258064516,7.62419063431,0.541149177514,0.287556957589,7.85075432263,1.1144603928,0.5825446898,8.30923789185,1.17954481115,0.603855590606,0.665156137797,0.35971096418,2.5,1.84914057127,0.665156137797,2.5,0.296598779422,0.263843648208,459,0.0323467230444,0.385590427152,45,45,45,1,0,0.333333333333,0.355555555556,0.311111111111,45,257,0.129797979798,1.74006752449,11.4222222222,9.17857142857,9.17857142857,6.5278734143,0.571506427322,0.313878080415,6.62509767414,1.16003655773,0.610808473843,6.94662188085,1.21633457058,0.627237354086,0.602453330225,0.346224110126,1.5,1.76911996671,0.600231378682,1.5,0.294748612155,0.245915492958,291,0.0205073995772,0.318214361075,45,42,42,0.933333333333,0,0.355555555556,0.266666666667,0.355555555556,-60,-0.030303030303,-0.109073046784,-2.66666666667,-1.3880952381,-1.04723502304,-1.09631722001,0.030357249808,0.0263211228265,-1.22565664849,0.0455761649263,0.0282637840433,-1.362616011,0.0367897594309,0.0233817634792,-0.0627028075721,-0.0134868540543,-1,-0.0800206045584,-0.0649247591145,-1,-0.00185016726711,-0.0179281552507,-168,-0.0118393234672,-0.0673760660769,0.0222222222222,-0.0888888888889,0.0444444444444,257,0,60,1663,0.81072555205,1,0,0.18927444795,1,0.81072555205,0.895470383275,0.884586722598,0.81072555205,0.81072555205,67,127,0,0,0,0
258,WLNM_dir_neg,0.768476036952,0.268477211611,00:00:02,10,60,8,1318530183,fixed,0.5,0.906666666667,0.535433070866,0.673267326733,68,7,59,247,0.535433070866,0.972440944882,0.0275590551181,0.464566929134,0.906666666667,0.535433070866,0.673267326733,0.826771653543,0.601049868766,0.565789473684,0.602120436132,0.507874015748,317,190,127,0,317,0,190,0,127,45,317,0.160101010101,1.84914057127,14.0888888889,10.5666666667,10.2258064516,7.62419063431,0.541149177514,0.287556957589,7.85075432263,1.1144603928,0.5825446898,8.30923789185,1.17954481115,0.603855590606,0.665156137797,0.35971096418,2.5,1.84914057127,0.665156137797,2.5,0.296598779422,0.263843648208,459,0.0323467230444,0.385590427152,45,45,45,1,0,0.333333333333,0.355555555556,0.311111111111,45,265,0.133838383838,2.18673751038,11.7777777778,7.79411764706,8.83333333333,6.51881503764,0.553484295649,0.303060796646,6.49902867645,1.10360864317,0.580628930818,6.93876535462,1.17828090927,0.615178197065,0.770846409907,0.352509803416,2.95081054555,2.18673751038,0.770846409907,2.95081054555,0.285780185709,0.243442622951,297,0.0209302325581,0.255912632834,45,45,45,1,0,0.244444444444,0.422222222222,0.333333333333,-52,-0.0262626262626,0.337596939104,-2.31111111111,-2.77254901961,-1.39247311828,-1.10537559667,0.0123351181346,0.0155038390572,-1.35172564618,-0.0108517496314,-0.0019157589826,-1.37047253724,-0.0012639018716,0.0113226064586,0.10569027211,-0.00720116076343,0.450810545546,0.337596939104,0.10569027211,0.450810545546,-0.0108185937124,-0.0204010252576,-162,-0.0114164904863,-0.129677794319,-0.0888888888889,0.0666666666667,0.0222222222222,258,7,59,1656,0.813880126183,0.995790739627,0.00420926037282,0.186119873817,0.97358490566,0.813880126183,0.886597938144,0.872025668932,0.80967086581,0.796296296296,75,127,0,0,0,0
259,WLNM_dir_neg,0.709033418067,0.293414496302,00:00:02,10,60,9,1318530184,fixed,0.5,1,0.370078740157,0.540229885057,47,0,80,254,0.370078740157,1,0,0.629921259843,1,0.370078740157,0.540229885057,0.790026246719,0.625546806649,0.439252336449,0.530506480402,0.370078740157,317,190,127,0,317,0,190,0,127,45,317,0.160101010101,1.84914057127,14.0888888889,10.5666666667,10.2258064516,7.62419063431,0.541149177514,0.287556957589,7.85075432263,1.1144603928,0.5825446898,8.30923789185,1.17954481115,0.603855590606,0.665156137797,0.35971096418,2.5,1.84914057127,0.665156137797,2.5,0.296598779422,0.263843648208,459,0.0323467230444,0.385590427152,45,45,45,1,0,0.333333333333,0.355555555556,0.311111111111,45,237,0.119696969697,1.70683198101,10.5333333333,9.11538461538,8.46428571429,6.51083013839,0.61811678529,0.339896858884,6.38321663,1.21200315759,0.62447257384,6.47512723638,1.22945453855,0.634036568214,0.648702936566,0.380062562563,2,1.77579119867,0.638797031083,2,0.294036088959,0.270676691729,288,0.0202959830867,0.302955344864,45,41,41,0.911111111111,0,0.333333333333,0.288888888889,0.288888888889,-80,-0.040404040404,-0.142308590266,-3.55555555556,-1.45128205128,-1.76152073733,-1.11336049592,0.0769676077757,0.0523399012957,-1.46753769264,0.0975427647913,0.0419278840395,-1.83411065548,0.049909727406,0.0301809776074,-0.016453201231,0.0203515983829,-0.5,-0.0733493726064,-0.0263591067143,-0.5,-0.00256269046309,0.00683304352085,-171,-0.0120507399577,-0.0826350822881,0,-0.0666666666667,-0.0222222222222,237,0,80,1663,0.747634069401,1,0,0.252365930599,1,0.747634069401,0.85559566787,0.844582294792,0.747634069401,0.747634069401,47,127,0,0,0,0
260,WLNM_dir_neg,0.720332940666,0.26916749117,00:00:02,10,60,10,1318530185,fixed,0.5,0.986842105263,0.590551181102,0.738916256158,75,1,52,253,0.590551181102,0.996062992126,0.00393700787402,0.409448818898,0.986842105263,0.590551181102,0.738916256158,0.860892388451,0.600174978128,0.652078774617,0.692013480695,0.586614173228,317,190,127,0,317,0,190,0,127,45,317,0.160101010101,1.84914057127,14.0888888889,10.5666666667,10.2258064516,7.62419063431,0.541149177514,0.287556957589,7.85075432263,1.1144603928,0.5825446898,8.30923789185,1.17954481115,0.603855590606,0.665156137797,0.35971096418,2.5,1.84914057127,0.665156137797,2.5,0.296598779422,0.263843648208,459,0.0323467230444,0.385590427152,45,45,45,1,0,0.333333333333,0.355555555556,0.311111111111,45,266,0.134343434343,1.86111207378,11.8222222222,9.1724137931,8.86666666667,6.68882680598,0.56578422231,0.310860484545,6.77167302486,1.1455837824,0.6,7.08334224598,1.19830977846,0.618379281537,0.738501918875,0.396806795935,3,1.88068280273,0.735140820387,3,0.251842491975,0.224511930586,276,0.0194503171247,0.303344504923,45,44,44,0.977777777778,0,0.333333333333,0.333333333333,0.311111111111,-51,-0.0257575757576,0.0119715025098,-2.26666666667,-1.39425287356,-1.35913978495,-0.935363828328,0.0246350447964,0.0233035269562,-1.07908129778,0.0311233895975,0.0174553101998,-1.22589564587,0.0187649673093,0.0145236909308,0.0733457810778,0.0370958317556,0.5,0.0315422314594,0.0699846825904,0.5,-0.0447562874468,-0.0393317176228,-183,-0.0128964059197,-0.082245922229,0,-0.0222222222222,0,265,1,52,1662,0.83596214511,0.99939867709,0.000601322910403,0.16403785489,0.996240601504,0.83596214511,0.909090909091,0.898263249716,0.8353608222,0.833333333333,76,127,0,0,0,0
261,WLNM_dir_neg,0.86268522537,0.481416304291,00:00:02,10,60,11,1318530186,fixed,0.5,0.977777777778,0.346456692913,0.511627906977,44,1,83,253,0.346456692913,0.996062992126,0.00393700787402,0.653543307087,0.977777777778,0.346456692913,0.511627906977,0.779527559055,0.627296587927,0.408450704225,0.500297530523,0.342519685039,317,190,127,0,317,0,190,0,127,45,317,0.160101010101,1.84914057127,14.0888888889,10.5666666667,10.2258064516,7.62419063431,0.541149177514,0.287556957589,7.85075432263,1.1144603928,0.5825446898,8.30923789185,1.17954481115,0.603855590606,0.665156137797,0.35971096418,2.5,1.84914057127,0.665156137797,2.5,0.296598779422,0.263843648208,459,0.0323467230444,0.385590427152,45,45,45,1,0,0.333333333333,0.355555555556,0.311111111111,45,235,0.118686868687,1.97817471507,10.4444444444,8.10344827586,7.83333333333,6.0548836621,0.579722903818,0.315555555556,6.04862452016,1.15824724854,0.607281323877,6.40982516032,1.22741332857,0.627328605201,0.809271326999,0.409100025814,2.66666666667,2.04804433757,0.792356352097,2.66666666667,0.212451332813,0.174897119342,170,0.0119802677942,0.256500379478,45,42,42,0.933333333333,0,0.288888888889,0.377777777778,0.266666666667,-82,-0.0414141414141,0.129034143796,-3.64444444444,-2.4632183908,-2.39247311828,-1.5693069722,0.0385737263045,0.0279985979671,-1.80212980248,0.0437868557381,0.0247366340769,-1.89941273154,0.0478685174252,0.0234730145946,0.144115189202,0.0493890616337,0.166666666667,0.198903766301,0.1272002143,0.166666666667,-0.0841474466085,-0.0889465288669,-289,-0.0203664552502,-0.129090047674,-0.0444444444444,0.0222222222222,-0.0444444444444,234,1,83,1662,0.738170347003,0.99939867709,0.000601322910403,0.261829652997,0.995744680851,0.738170347003,0.847826086957,0.836270502197,0.737569024093,0.735849056604,45,127,0,0,0,0
262,WLNM_dir_neg,0.84067518135,0.359222198146,00:00:02,10,60,12,1318530187,fixed,0.5,0.983050847458,0.456692913386,0.623655913978,58,1,69,253,0.456692913386,0.996062992126,0.00393700787402,0.543307086614,0.983050847458,0.456692913386,0.623655913978,0.816272965879,0.615048118985,0.522727272727,0.589968604245,0.452755905512,317,190,127,0,317,0,190,0,127,45,317,0.160101010101,1.84914057127,14.0888888889,10.5666666667,10.2258064516,7.62419063431,0.541149177514,0.287556957589,7.85075432263,1.1144603928,0.5825446898,8.30923789185,1.17954481115,0.603855590606,0.665156137797,0.35971096418,2.5,1.84914057127,0.665156137797,2.5,0.296598779422,0.263843648208,459,0.0323467230444,0.385590427152,45,45,45,1,0,0.333333333333,0.355555555556,0.311111111111,45,249,0.125757575758,1.76321790103,11.0666666667,8.58620689655,9.96,6.42226241643,0.580324917147,0.319589468987,6.41588936654,1.15949807829,0.609192324855,6.98895232102,1.26306367247,0.645426149041,0.613278758879,0.347817906409,2,1.78056376242,0.609100300132,2,0.189285699193,0.206560283688,233,0.0164200140944,0.290302245945,45,44,44,0.977777777778,0,0.333333333333,0.222222222222,0.422222222222,-68,-0.0343434343434,-0.0859226702419,-3.02222222222,-1.98045977011,-0.265806451613,-1.20192821788,0.039175739633,0.0320325113986,-1.4348649561,0.0450376854869,0.0266476350548,-1.32028557084,0.0835188613265,0.0415705584342,-0.0518773789177,-0.0118930577712,-0.5,-0.0685768088548,-0.0560558376651,-0.5,-0.107313080229,-0.0572833645205,-226,-0.01592670895,-0.0952881812069,0,-0.133333333333,0.111111111111,248,1,69,1662,0.782334384858,0.99939867709,0.000601322910403,0.217665615142,0.995983935743,0.782334384858,0.876325088339,0.8645418643,0.781733061948,0.779874213836,59,127,0,0,0,0
263,WLNM_dir_neg,0.7158999318,0.259836642004,00:00:02,10,60,13,1318530188,fixed,0.5,0.953846153846,0.488188976378,0.645833333333,62,3,65,251,0.488188976378,0.988188976378,0.011811023622,0.511811023622,0.953846153846,0.488188976378,0.645833333333,0.821522309711,0.609798775153,0.542600896861,0.596994256389,0.476377952756,317,190,127,0,317,0,190,0,127,45,317,0.160101010101,1.84914057127,14.0888888889,10.5666666667,10.2258064516,7.62419063431,0.541149177514,0.287556957589,7.85075432263,1.1144603928,0.5825446898,8.30923789185,1.17954481115,0.603855590606,0.665156137797,0.35971096418,2.5,1.84914057127,0.665156137797,2.5,0.296598779422,0.263843648208,459,0.0323467230444,0.385590427152,45,45,45,1,0,0.333333333333,0.355555555556,0.311111111111,45,255,0.128787878788,1.91890896092,11.3333333333,7.96875,9.10714285714,6.32096080154,0.55773183543,0.304836601307,6.28490254499,1.10910044912,0.585098039216,6.97071797528,1.23012670152,0.630413943355,0.656450546962,0.342095722273,2.4303515625,1.91890896092,0.656450546962,2.4303515625,0.166257166391,0.185539288915,207,0.0145877378436,0.264393393803,45,45,45,1,0,0.288888888889,0.333333333333,0.377777777778,-62,-0.0313131313131,0.0697683896491,-2.75555555556,-2.59791666667,-1.11866359447,-1.30322983277,0.0165826579155,0.0172796437187,-1.56585177764,-0.00535994368724,0.00255334941548,-1.33851991657,0.0505818903737,0.0265583527487,-0.0087055908345,-0.0176152419072,-0.0696484375,0.0697683896491,-0.0087055908345,-0.0696484375,-0.13034161303,-0.078304359293,-252,-0.0177589852008,-0.121197033349,-0.0444444444444,-0.0222222222222,0.0666666666667,252,3,65,1660,0.794952681388,0.998196031269,0.00180396873121,0.205047318612,0.988235294118,0.794952681388,0.881118881119,0.868291879638,0.793148712657,0.7875,65,127,0,0,0,0
264,WLNM_dir_neg,0.937333374667,0.373343979,00:00:02,10,60,14,1318530189,fixed,0.5,0.975308641975,0.622047244094,0.759615384615,79,2,48,252,0.622047244094,0.992125984252,0.00787401574803,0.377952755906,0.975308641975,0.622047244094,0.759615384615,0.868766404199,0.595800524934,0.675324675325,0.707630370137,0.614173228346,317,190,127,0,317,0,190,0,127,45,317,0.160101010101,1.84914057127,14.0888888889,10.5666666667,10.2258064516,7.62419063431,0.541149177514,0.287556957589,7.85075432263,1.1144603928,0.5825446898,8.30923789185,1.17954481115,0.603855590606,0.665156137797,0.35971096418,2.5,1.84914057127,0.665156137797,2.5,0.296598779422,0.263843648208,459,0.0323467230444,0.385590427152,45,45,45,1,0,0.333333333333,0.355555555556,0.311111111111,45,271,0.136868686869,2.00721040419,12.0444444444,9.34482758621,9.34482758621,7.09338858488,0.588934476605,0.326527265273,6.9690513535,1.15722254947,0.607298072981,7.19687081272,1.19505234898,0.620582205822,0.89652175355,0.446650611057,3,2.05405739973,0.889645997583,3,0.282413689817,0.271203656679,356,0.0250880902044,0.305329925006,45,43,43,0.955555555556,0,0.311111111111,0.333333333333,0.311111111111,-46,-0.0232323232323,0.158069832912,-2.04444444444,-1.22183908046,-0.880978865406,-0.530802049425,0.0477852990907,0.0389703076841,-0.881702969136,0.0427621566708,0.0247533831805,-1.11236707914,0.0155075378287,0.0167266152157,0.231365615753,0.0869396468774,0.5,0.204916828455,0.224489859786,0.5,-0.0141850896046,0.00736000847005,-103,-0.00725863284003,-0.0802605021458,-0.0222222222222,-0.0222222222222,0,269,2,48,1661,0.84858044164,0.998797354179,0.00120264582081,0.15141955836,0.992619926199,0.84858044164,0.914965986395,0.904059800927,0.84737779582,0.843260188088,81,127,0,0,0,0
265,WLNM_dir_neg,0.682807365615,0.22511475005,00:00:02,10,60,15,1318530190,fixed,0.5,1,0.448818897638,0.619565217391,57,0,70,254,0.448818897638,1,0,0.551181102362,1,0.448818897638,0.619565217391,0.816272965879,0.616797900262,0.520547945205,0.593171014002,0.448818897638,317,190,127,0,317,0,190,0,127,45,317,0.160101010101,1.84914057127,14.0888888889,10.5666666667,10.2258064516,7.62419063431,0.541149177514,0.287556957589,7.85075432263,1.1144603928,0.5825446898,8.30923789185,1.17954481115,0.603855590606,0.665156137797,0.35971096418,2.5,1.84914057127,0.665156137797,2.5,0.296598779422,0.263843648208,459,0.0323467230444,0.385590427152,45,45,45,1,0,0.333333333333,0.355555555556,0.311111111111,45,247,0.124747474747,1.60589951722,10.9777777778,9.88,9.14814814815,6.57297804682,0.598753060946,0.32775528565,6.58380320533,1.19947831676,0.624201529465,6.63880541767,1.20949896273,0.626900584795,0.555311300038,0.345794549462,1.38845567886,1.65663695687,0.5510261885,1.38845567886,0.183356094533,0.235294117647,260,0.0183227625088,0.332994244698,45,40,40,0.888888888889,0,0.377777777778,0.222222222222,0.333333333333,-70,-0.0353535353535,-0.243241054056,-3.11111111111,-0.686666666667,-1.07765830346,-1.05121258748,0.0576038834315,0.0401983280615,-1.26695111731,0.085017923957,0.0416568396645,-1.67043247418,0.0299541515876,0.0230449941889,-0.109844837759,-0.0139164147175,-1.11154432114,-0.192503614403,-0.114129949297,-1.11154432114,-0.113242684889,-0.0285495305614,-199,-0.0140239605356,-0.0525961824543,0.0444444444444,-0.133333333333,0.0222222222222,247,0,70,1663,0.779179810726,1,0,0.220820189274,1,0.779179810726,0.875886524823,0.864700457539,0.779179810726,0.779179810726,57,127,0,0,0,0
266,WLNM_dir_neg,0.798592597185,0.353125155633,00:00:02,10,60,16,1318530191,fixed,0.5,1,0.511811023622,0.677083333333,65,0,62,254,0.511811023622,1,0,0.488188976378,1,0.511811023622,0.677083333333,0.837270341207,0.609798775153,0.582959641256,0.641398787856,0.511811023622,317,190,127,0,317,0,190,0,127,45,317,0.160101010101,1.84914057127,14.0888888889,10.5666666667,10.2258064516,7.62419063431,0.541149177514,0.287556957589,7.85075432263,1.1144603928,0.5825446898,8.30923789185,1.17954481115,0.603855590606,0.665156137797,0.35971096418,2.5,1.84914057127,0.665156137797,2.5,0.296598779422,0.263843648208,459,0.0323467230444,0.385590427152,45,45,45,1,0,0.333333333333,0.355555555556,0.311111111111,45,255,0.128787878788,1.7196843415,11.3333333333,9.44444444444,9.44444444444,6.80574623522,0.600507020755,0.326448801743,6.76555446898,1.19392137688,0.617864923747,6.79572057856,1.19924480798,0.622745098039,0.63028628144,0.366512775763,2,1.7710903659,0.621066157712,2,0.253920254248,0.259290540541,307,0.0216349541931,0.312044374856,45,42,42,0.933333333333,0,0.333333333333,0.266666666667,0.333333333333,-62,-0.0313131313131,-0.12945622977,-2.75555555556,-1.12222222222,-0.781362007168,-0.818444399091,0.0593578432405,0.0388918441544,-1.08519985365,0.0794609840759,0.0353202339471,-1.5135173133,0.019699996834,0.0188895074328,-0.0348698563572,0.00680181158264,-0.5,-0.078050205377,-0.0440899800847,-0.5,-0.0426785251739,-0.00455310766793,-152,-0.0107117688513,-0.0735460522959,0,-0.0888888888889,0.0222222222222,255,0,62,1663,0.804416403785,1,0,0.195583596215,1,0.804416403785,0.891608391608,0.880627075489,0.804416403785,0.804416403785,65,127,0,0,0,0
267,WLNM_dir_neg,0.794268088536,0.421525071642,00:00:02,10,60,17,1318530192,fixed,0.5,0.967741935484,0.472440944882,0.634920634921,60,2,67,252,0.472440944882,0.992125984252,0.00787401574803,0.527559055118,0.967741935484,0.472440944882,0.634920634921,0.818897637795,0.612423447069,0.532731376975,0.593302014843,0.464566929134,317,190,127,0,317,0,190,0,127,45,317,0.160101010101,1.84914057127,14.0888888889,10.5666666667,10.2258064516,7.62419063431,0.541149177514,0.287556957589,7.85075432263,1.1144603928,0.5825446898,8.30923789185,1.17954481115,0.603855590606,0.665156137797,0.35971096418,2.5,1.84914057127,0.665156137797,2.5,0.296598779422,0.263843648208,459,0.0323467230444,0.385590427152,45,45,45,1,0,0.333333333333,0.355555555556,0.311111111111,45,252,0.127272727273,1.8758452549,11.2,8.12903225806,9,6.18869937871,0.552562444527,0.303174603175,6.31160547217,1.12707240575,0.593650793651,6.56228895765,1.17183731387,0.612169312169,0.622563208864,0.331884097175,1.61979662683,1.8758452549,0.622563208864,1.61979662683,0.277282155708,0.238152731663,263,0.0185341789993,0.281794106033,45,45,45,1,0,0.311111111111,0.311111111111,0.377777777778,-65,-0.0328282828283,0.0267046836301,-2.88888888889,-2.4376344086,-1.22580645161,-1.4354912556,0.0114132670133,0.0156176455861,-1.53914885046,0.0126120129424,0.0111061038506,-1.74694893421,-0.0077074972813,0.00831372156293,-0.0425929289325,-0.0278268670045,-0.880203373168,0.0267046836301,-0.0425929289325,-0.880203373168,-0.0193166237139,-0.0256909165453,-196,-0.0138125440451,-0.103796321119,-0.0222222222222,-0.0444444444444,0.0666666666667,250,2,67,1661,0.788643533123,0.998797354179,0.00120264582081,0.211356466877,0.992063492063,0.788643533123,0.878734622144,0.866406252441,0.787440887302,0.783699059561,62,127,0,0,0,0
268,WLNM_dir_neg,0.746915493831,0.37000803465,00:00:02,10,60,18,1318530193,fixed,0.5,0.966101694915,0.448818897638,0.612903225806,57,2,70,252,0.448818897638,0.992125984252,0.00787401574803,0.551181102362,0.966101694915,0.448818897638,0.612903225806,0.811023622047,0.615048118985,0.509090909091,0.574578118917,0.44094488189,317,190,127,0,317,0,190,0,127,45,317,0.160101010101,1.84914057127,14.0888888889,10.5666666667,10.2258064516,7.62419063431,0.541149177514,0.287556957589,7.85075432263,1.1144603928,0.5825446898,8.30923789185,1.17954481115,0.603855590606,0.665156137797,0.35971096418,2.5,1.84914057127,0.665156137797,2.5,0.296598779422,0.263843648208,459,0.0323467230444,0.385590427152,45,45,45,1,0,0.333333333333,0.355555555556,0.311111111111,45,249,0.125757575758,1.71665664842,11.0666666667,8.58620689655,9.22222222222,6.54147606362,0.591097234664,0.326729138777,6.39104487118,1.15500810925,0.609192324855,6.89070520207,1.24530816905,0.638107987506,0.563966671222,0.328526191735,2,1.73294429952,0.559678073368,2,0.175786772214,0.225903614458,250,0.0176180408739,0.282282793595,45,44,44,0.977777777778,0,0.333333333333,0.266666666667,0.377777777778,-68,-0.0343434343434,-0.132483922855,-3.02222222222,-1.98045977011,-1.00358422939,-1.08271457069,0.0499480571504,0.0391721811888,-1.45970945145,0.0405477164468,0.0266476350548,-1.41853268979,0.065763357902,0.0342523968992,-0.101189466575,-0.0311847724448,-0.5,-0.116196271754,-0.105478064429,-0.5,-0.120812007207,-0.0379400337506,-209,-0.0147286821705,-0.103307633557,0,-0.0888888888889,0.0666666666667,247,2,70,1661,0.779179810726,0.998797354179,0.00120264582081,0.220820189274,0.991967871486,0.779179810726,0.872791519435,0.860388105953,0.777977164905,0.774294670846,59,127,0,0,0,0
269,WLNM_dir_neg,0.888539277079,0.433030728296,00:00:02,10,60,19,1318530194,fixed,0.5,0.971014492754,0.527559055118,0.683673469388,67,2,60,252,0.527559055118,0.992125984252,0.00787401574803,0.472440944882,0.971014492754,0.527559055118,0.683673469388,0.837270341207,0.606299212598,0.586666666667,0.636146425163,0.51968503937,317,190,127,0,317,0,190,0,127,45,317,0.160101010101,1.84914057127,14.0888888889,10.5666666667,10.2258064516,7.62419063431,0.541149177514,0.287556957589,7.85075432263,1.1144603928,0.5825446898,8.30923789185,1.17954481115,0.603855590606,0.665156137797,0.35971096418,2.5,1.84914057127,0.665156137797,2.5,0.296598779422,0.263843648208,459,0.0323467230444,0.385590427152,45,45,45,1,0,0.333333333333,0.355555555556,0.311111111111,45,259,0.130808080808,1,11.5111111111,8.09375,9.25,6.42658619339,0.558294167379,0.307679107679,6.52322966425,1.13337967139,0.595967395967,6.97774239198,1.21234906424,0.625997425997,0,0,0,NaN,NaN,NaN,0.284761456587,0.261990573884,315,0.0221987315011,0.274467314006,45,45,0,1,2,0.288888888889,0.333333333333,0.377777777778,-58,-0.0292929292929,-0.849140571273,-2.57777777778,-2.47291666667,-0.975806451613,-1.19760444092,0.017144989865,0.0201221500906,-1.32752465839,0.0189192785916,0.0134227061672,-1.33149549987,0.0328042530977,0.022141835391,-0.665156137797,-0.35971096418,-2.5,NaN,NaN,NaN,-0.0118373228345,-0.00185307432435,-144,-0.0101479915433,-0.111123113146,-0.0444444444444,-0.0222222222222,0.0666666666667,257,2,60,1661,0.81072555205,0.998797354179,0.00120264582081,0.18927444795,0.992277992278,0.81072555205,0.892361111111,0.880368673643,0.80952290623,0.805642633229,69,127,0,0,0,0
270,WLNM_dir_neg,0.849386198772,0.298200322746,00:00:02,10,60,20,1318530195,fixed,0.5,0.971830985915,0.543307086614,0.69696969697,69,2,58,252,0.543307086614,0.992125984252,0.00787401574803,0.456692913386,0.971830985915,0.543307086614,0.69696969697,0.842519685039,0.604549431321,0.601769911504,0.648207257593,0.535433070866,317,190,127,0,317,0,190,0,127,45,317,0.160101010101,1.84914057127,14.0888888889,10.5666666667,10.2258064516,7.62419063431,0.541149177514,0.287556957589,7.85075432263,1.1144603928,0.5825446898,8.30923789185,1.17954481115,0.603855590606,0.665156137797,0.35971096418,2.5,1.84914057127,0.665156137797,2.5,0.296598779422,0.263843648208,459,0.0323467230444,0.385590427152,45,45,45,1,0,0.333333333333,0.355555555556,0.311111111111,45,261,0.131818181818,2.24632472908,11.6,8.15625,10.0384615385,6.17325610267,0.53217725023,0.286419753086,6.41234604635,1.10557690454,0.584248616433,6.9954530687,1.20611259805,0.626309067688,0.982818076553,0.437522707127,4,2.24632472908,0.982818076553,4,0.2599057262,0.206779661017,244,0.0171952078929,0.275343445878,45,45,45,1,0,0.288888888889,0.288888888889,0.422222222222,-56,-0.0282828282828,0.397184157807,-2.48888888889,-2.41041666667,-0.187344913151,-1.45093453164,-0.00897192728429,-0.00113720450208,-1.43840827628,-0.00888348825916,0.00170392663231,-1.31378482316,0.0265677869049,0.022453477082,0.317661938756,0.077811742947,1.5,0.397184157807,0.317661938756,1.5,-0.0366930532213,-0.0570639871915,-215,-0.0151515151515,-0.110246981274,-0.0444444444444,-0.0666666666667,0.111111111111,259,2,58,1661,0.817034700315,0.998797354179,0.00120264582081,0.182965299685,0.992337164751,0.817034700315,0.896193771626,0.884338084802,0.815832054495,0.811912225705,71,127,0,0,0,0
271,WLNM_dir_neg,0.872496744993,0.323867946206,00:00:02,10,60,21,1318530196,fixed,0.5,0.971830985915,0.543307086614,0.69696969697,69,2,58,252,0.543307086614,0.992125984252,0.00787401574803,0.456692913386,0.971830985915,0.543307086614,0.69696969697,0.842519685039,0.604549431321,0.601769911504,0.648207257593,0.535433070866,317,190,127,0,317,0,190,0,127,45,317,0.160101010101,1.84914057127,14.0888888889,10.5666666667,10.2258064516,7.62419063431,0.541149177514,0.287556957589,7.85075432263,1.1144603928,0.5825446898,8.30923789185,1.17954481115,0.603855590606,0.665156137797,0.35971096418,2.5,1.84914057127,0.665156137797,2.5,0.296598779422,0.263843648208,459,0.0323467230444,0.385590427152,45,45,45,1,0,0.333333333333,0.355555555556,0.311111111111,45,261,0.131818181818,1.85962077694,11.6,8.41935483871,9,6.68920432828,0.576655545541,0.319114516816,6.76084986589,1.16566376998,0.608088548318,7.06334970753,1.21781891509,0.627501064283,0.605104654949,0.325391425205,1.64304727739,1.8763473247,0.604349072828,1.64304727739,0.301373724447,0.256727664155,318,0.0224101479915,0.29134595565,45,43,43,0.955555555556,0,0.311111111111,0.333333333333,0.355555555556,-56,-0.0282828282828,0.0104802056636,-2.48888888889,-2.14731182796,-1.22580645161,-0.934986306031,0.0355063680272,0.0315575592272,-1.08990445674,0.051203377178,0.0255438585182,-1.24588818432,0.0382741039454,0.0236454736763,-0.0600514828484,-0.0343195389748,-0.856952722614,0.0272067534281,-0.0608070649692,-0.856952722614,0.0047749450253,-0.00711598405346,-141,-0.00993657505285,-0.0942444715025,-0.0222222222222,-0.0222222222222,0.0444444444444,259,2,58,1661,0.817034700315,0.998797354179,0.00120264582081,0.182965299685,0.992337164751,0.817034700315,0.896193771626,0.884338084802,0.815832054495,0.811912225705,71,127,0,0,0,0
272,WLNM_dir_neg,0.715527931056,0.243757817385,00:00:02,10,60,22,1318530197,fixed,0.5,0.951612903226,0.464566929134,0.624338624339,59,3,68,251,0.464566929134,0.988188976378,0.011811023622,0.535433070866,0.951612903226,0.464566929134,0.624338624339,0.813648293963,0.612423447069,0.519187358916,0.578218065313,0.452755905512,317,190,127,0,317,0,190,0,127,45,317,0.160101010101,1.84914057127,14.0888888889,10.5666666667,10.2258064516,7.62419063431,0.541149177514,0.287556957589,7.85075432263,1.1144603928,0.5825446898,8.30923789185,1.17954481115,0.603855590606,0.665156137797,0.35971096418,2.5,1.84914057127,0.665156137797,2.5,0.296598779422,0.263843648208,459,0.0323467230444,0.385590427152,45,45,45,1,0,0.333333333333,0.355555555556,0.311111111111,45,252,0.127272727273,2.34184138601,11.2,8.4,9,6.32311775802,0.564564085538,0.307671957672,6.30439961816,1.1257856461,0.592768959436,6.89004552037,1.23036527149,0.632980599647,1.28301211978,0.547864653622,4,2.37233778114,1.28124053937,4,0.258319429636,0.216007140732,242,0.0170542635659,0.275484470116,45,44,44,0.977777777778,0,0.311111111111,0.311111111111,0.355555555556,-65,-0.0328282828283,0.492700814733,-2.88888888889,-2.16666666667,-1.22580645161,-1.30107287629,0.0234149080237,0.0201150000835,-1.54635470447,0.0113252532972,0.0102242696354,-1.41919237149,0.0508204603475,0.0291250090409,0.617855981985,0.188153689442,1.5,0.523197209869,0.616084401571,1.5,-0.038279349786,-0.0478365074765,-217,-0.0152924594785,-0.110105957036,-0.0222222222222,-0.0444444444444,0.0444444444444,249,3,68,1660,0.785488958991,0.998196031269,0.00180396873121,0.214511041009,0.988095238095,0.785488958991,0.875219683656,0.862273710261,0.783684990259,0.778125,62,127,0,0,0,0
273,WLNM_dir_neg,0.918609337219,0.357544816573,00:00:02,10,60,23,1318530198,fixed,0.5,0.957142857143,0.527559055118,0.680203045685,67,3,60,251,0.527559055118,0.988188976378,0.011811023622,0.472440944882,0.957142857143,0.527559055118,0.680203045685,0.834645669291,0.60542432196,0.580931263858,0.627808343757,0.515748031496,317,190,127,0,317,0,190,0,127,45,317,0.160101010101,1.84914057127,14.0888888889,10.5666666667,10.2258064516,7.62419063431,0.541149177514,0.287556957589,7.85075432263,1.1144603928,0.5825446898,8.30923789185,1.17954481115,0.603855590606,0.665156137797,0.35971096418,2.5,1.84914057127,0.665156137797,2.5,0.296598779422,0.263843648208,459,0.0323467230444,0.385590427152,45,45,45,1,0,0.333333333333,0.355555555556,0.311111111111,45,260,0.131313131313,2.03403737872,11.5555555556,8.96551724138,10.8333333333,6.71008588062,0.5806805089,0.316666666667,6.56744342429,1.13667290036,0.598632478632,7.37899010363,1.27713290255,0.647179487179,0.961901051097,0.4729023474,3,2.10789719149,0.953483197047,3,0.223844108474,0.209207300463,256,0.0180408738548,0.320458578888,45,42,42,0.933333333333,0,0.288888888889,0.244444444444,0.4,-57,-0.0287878787879,0.18489680745,-2.53333333333,-1.60114942529,0.60752688172,-0.914104753692,0.0395313313855,0.0291097090782,-1.28331089834,0.0222125075559,0.0160877888323,-0.930247788223,0.0975880914051,0.0433238965731,0.2967449133,0.11319138322,0.5,0.258756620216,0.28832705925,0.5,-0.0727546709476,-0.0546363477454,-203,-0.0143058491896,-0.0651318482647,-0.0444444444444,-0.111111111111,0.0888888888889,257,3,60,1660,0.81072555205,0.998196031269,0.00180396873121,0.18927444795,0.988461538462,0.81072555205,0.890814558059,0.878276538441,0.808921583319,0.803125,70,127,0,0,0,0
274,WLNM_dir_neg,0.749302498605,0.333875713372,00:00:02,10,60,24,1318530199,fixed,0.5,1,0.472440944882,0.641711229947,60,0,67,254,0.472440944882,1,0,0.527559055118,1,0.472440944882,0.641711229947,0.824146981627,0.614173228346,0.544217687075,0.611417840516,0.472440944882,317,190,127,0,317,0,190,0,127,45,317,0.160101010101,1.84914057127,14.0888888889,10.5666666667,10.2258064516,7.62419063431,0.541149177514,0.287556957589,7.85075432263,1.1144603928,0.5825446898,8.30923789185,1.17954481115,0.603855590606,0.665156137797,0.35971096418,2.5,1.84914057127,0.665156137797,2.5,0.296598779422,0.263843648208,459,0.0323467230444,0.385590427152,45,45,45,1,0,0.333333333333,0.355555555556,0.311111111111,45,250,0.126262626263,1.64157743825,11.1111111111,9.61538461538,8.92857142857,6.42517145941,0.578265431347,0.315377777778,6.61800421562,1.19124075881,0.620088888889,6.82427337309,1.22836920716,0.6304,0.576967363451,0.351471304374,2,1.70417035905,0.566570817137,2,0.194475011527,0.213341169556,242,0.0170542635659,0.331078862787,45,41,41,0.911111111111,0,0.333333333333,0.288888888889,0.288888888889,-67,-0.0338383838384,-0.207563133027,-2.97777777778,-0.951282051282,-1.29723502304,-1.1990191749,0.0371162538329,0.0278208201893,-1.23275010701,0.076780366009,0.0375441990887,-1.48496451876,0.0488243960102,0.0265444093936,-0.0881887743462,-0.00823965980632,-0.5,-0.144970212222,-0.09858532066,-0.5,-0.102123767894,-0.0505024786522,-217,-0.0152924594785,-0.054511564365,0,-0.0666666666667,-0.0222222222222,250,0,67,1663,0.788643533123,1,0,0.211356466877,1,0.788643533123,0.881834215168,0.870689778905,0.788643533123,0.788643533123,60,127,0,0,0,0
275,WLNM_dir_neg,0.873318246636,0.375516451209,00:00:02,10,60,25,1318530200,fixed,0.5,1,0.472440944882,0.641711229947,60,0,67,254,0.472440944882,1,0,0.527559055118,1,0.472440944882,0.641711229947,0.824146981627,0.614173228346,0.544217687075,0.611417840516,0.472440944882,317,190,127,0,317,0,190,0,127,45,317,0.160101010101,1.84914057127,14.0888888889,10.5666666667,10.2258064516,7.62419063431,0.541149177514,0.287556957589,7.85075432263,1.1144603928,0.5825446898,8.30923789185,1.17954481115,0.603855590606,0.665156137797,0.35971096418,2.5,1.84914057127,0.665156137797,2.5,0.296598779422,0.263843648208,459,0.0323467230444,0.385590427152,45,45,45,1,0,0.333333333333,0.355555555556,0.311111111111,45,250,0.126262626263,1.61245154571,11.1111111111,10,8.33333333333,6.43930481222,0.5795374331,0.310488888889,6.50019424729,1.17003496451,0.610488888889,7.05998826794,1.27079788823,0.641066666667,0.575692808742,0.35702952456,2,1.65619808469,0.57119704532,2,0.148553934447,0.18216485773,207,0.0145877378436,0.376299598803,45,42,42,0.933333333333,0,0.377777777778,0.288888888889,0.266666666667,-67,-0.0338383838384,-0.236689025559,-2.97777777778,-0.566666666667,-1.89247311828,-1.18488582209,0.0383882555855,0.0229319313004,-1.35056007534,0.0555745717097,0.0279441990887,-1.24924962392,0.0912530770824,0.0372110760603,-0.0894633290546,-0.00268143961986,-0.5,-0.19294248658,-0.0939590924772,-0.5,-0.148044844975,-0.0816787904789,-252,-0.0177589852008,-0.00929082834931,0.0444444444444,-0.0666666666667,-0.0444444444444,250,0,67,1663,0.788643533123,1,0,0.211356466877,1,0.788643533123,0.881834215168,0.870689778905,0.788643533123,0.788643533123,60,127,0,0,0,0
276,WLNM_dir_neg,0.838830677661,0.199696941973,00:00:02,10,60,26,1318530201,fixed,0.5,0.987804878049,0.637795275591,0.775119617225,81,1,46,253,0.637795275591,0.996062992126,0.00393700787402,0.362204724409,0.987804878049,0.637795275591,0.775119617225,0.876640419948,0.594925634296,0.695464362851,0.727056828776,0.633858267717,317,190,127,0,317,0,190,0,127,45,317,0.160101010101,1.84914057127,14.0888888889,10.5666666667,10.2258064516,7.62419063431,0.541149177514,0.287556957589,7.85075432263,1.1144603928,0.5825446898,8.30923789185,1.17954481115,0.603855590606,0.665156137797,0.35971096418,2.5,1.84914057127,0.665156137797,2.5,0.296598779422,0.263843648208,459,0.0323467230444,0.385590427152,45,45,45,1,0,0.333333333333,0.355555555556,0.311111111111,45,272,0.137373737374,1.99180912447,12.0888888889,8.77419354839,9.37931034483,6.95381589888,0.575223741636,0.309150326797,6.94116690332,1.14835481856,0.597385620915,7.3822747035,1.22133221198,0.625653594771,0.737880150658,0.370457259982,2.18181818182,1.99180912447,0.737880150658,2.18181818182,0.221986192438,0.237139272271,315,0.0221987315011,0.298588745457,45,45,45,1,0,0.311111111111,0.333333333333,0.355555555556,-45,-0.0227272727273,0.142668553196,-2,-1.79247311828,-0.846496106785,-0.670374735426,0.0340745641215,0.0215933692089,-0.909587419309,0.0338944257618,0.0148409311148,-0.926963188352,0.04178740083,0.0217980041649,0.0727240128609,0.010746295802,-0.318181818182,0.142668553196,0.0727240128609,-0.318181818182,-0.0746125869841,-0.0267043759375,-144,-0.0101479915433,-0.0870016816952,-0.0222222222222,-0.0222222222222,0.0444444444444,271,1,46,1662,0.854889589905,0.99939867709,0.000601322910403,0.145110410095,0.996323529412,0.854889589905,0.920203735144,0.910021833626,0.854288266995,0.852201257862,82,127,0,0,0,0
277,WLNM_dir_neg,0.91986483973,0.73425256524,00:00:02,10,60,27,1318530202,fixed,0.5,1,0.362204724409,0.531791907514,46,0,81,254,0.362204724409,1,0,0.637795275591,1,0.362204724409,0.531791907514,0.787401574803,0.626421697288,0.430913348946,0.524048533699,0.362204724409,317,190,127,0,317,0,190,0,127,45,317,0.160101010101,1.84914057127,14.0888888889,10.5666666667,10.2258064516,7.62419063431,0.541149177514,0.287556957589,7.85075432263,1.1144603928,0.5825446898,8.30923789185,1.17954481115,0.603855590606,0.665156137797,0.35971096418,2.5,1.84914057127,0.665156137797,2.5,0.296598779422,0.263843648208,459,0.0323467230444,0.385590427152,45,45,45,1,0,0.333333333333,0.355555555556,0.311111111111,45,236,0.119191919192,1.60225026555,10.4888888889,9.44,9.07692307692,6.42658619339,0.612704192166,0.339171374765,6.30712279727,1.20262934694,0.620715630885,6.50927853688,1.2411759922,0.639548022599,0.553489737087,0.34544524597,1.42758422982,1.67753154874,0.541584128062,1.42758422982,0.177122327006,0.202675585284,202,0.0142353770261,0.336712839746,45,40,40,0.888888888889,0,0.333333333333,0.244444444444,0.311111111111,-81,-0.0409090909091,-0.246890305726,-3.6,-1.12666666667,-1.14888337469,-1.19760444092,0.0715550146519,0.0516144171761,-1.54363152537,0.0881689541336,0.0381709410849,-1.79995935497,0.0616311810554,0.0356924319925,-0.111666400709,-0.0142657182099,-1.07241577018,-0.171609022533,-0.123572009735,-1.07241577018,-0.119476452416,-0.0611680629242,-257,-0.0181113460183,-0.0488775874063,0,-0.111111111111,0,236,0,81,1663,0.744479495268,1,0,0.255520504732,1,0.744479495268,0.853526220615,0.842556929389,0.744479495268,0.744479495268,46,127,0,0,0,0
278,WLNM_dir_neg,0.781480562961,0.435950956704,00:00:02,10,60,28,1318530203,fixed,0.5,0.930555555556,0.527559055118,0.673366834171,67,5,60,249,0.527559055118,0.98031496063,0.0196850393701,0.472440944882,0.930555555556,0.527559055118,0.673366834171,0.829396325459,0.603674540682,0.569536423841,0.611546133288,0.507874015748,317,190,127,0,317,0,190,0,127,45,317,0.160101010101,1.84914057127,14.0888888889,10.5666666667,10.2258064516,7.62419063431,0.541149177514,0.287556957589,7.85075432263,1.1144603928,0.5825446898,8.30923789185,1.17954481115,0.603855590606,0.665156137797,0.35971096418,2.5,1.84914057127,0.665156137797,2.5,0.296598779422,0.263843648208,459,0.0323467230444,0.385590427152,45,45,45,1,0,0.333333333333,0.355555555556,0.311111111111,45,262,0.132323232323,1,11.6444444444,9.03448275862,9.03448275862,6.60975709757,0.567631811814,0.310347752332,6.71933738917,1.15408466608,0.60695504665,7.10086066771,1.21961347346,0.625445292621,0,0,0,NaN,NaN,NaN,0.27018284731,0.221707117535,271,0.0190979563073,0.285519702814,45,41,0,0.911111111111,2,0.311111111111,0.333333333333,0.311111111111,-55,-0.0277777777778,-0.849140571273,-2.44444444444,-1.53218390805,-1.19132369299,-1.01443353674,0.0264826343003,0.022790794744,-1.13141693346,0.039624273276,0.0244103568495,-1.20837722415,0.040068662315,0.0215897020145,-0.665156137797,-0.35971096418,-2.5,NaN,NaN,NaN,-0.0264159321116,-0.0421365306737,-188,-0.0132487667371,-0.100070724339,-0.0222222222222,-0.0222222222222,0,257,5,60,1658,0.81072555205,0.996993385448,0.00300661455201,0.18927444795,0.980916030534,0.81072555205,0.887737478411,0.874125512006,0.807718937498,0.798136645963,72,127,0,0,0,0
279,WLNM_dir_neg,0.758246016492,0.3161876013,00:00:03,10,60,29,1318530204,fixed,0.5,0.952380952381,0.472440944882,0.631578947368,60,3,67,251,0.472440944882,0.988188976378,0.011811023622,0.527559055118,0.952380952381,0.472440944882,0.631578947368,0.816272965879,0.61154855643,0.527027027027,0.584503383097,0.46062992126,317,190,127,0,317,0,190,0,127,45,317,0.160101010101,1.84914057127,14.0888888889,10.5666666667,10.2258064516,7.62419063431,0.541149177514,0.287556957589,7.85075432263,1.1144603928,0.5825446898,8.30923789185,1.17954481115,0.603855590606,0.665156137797,0.35971096418,2.5,1.84914057127,0.665156137797,2.5,0.296598779422,0.263843648208,459,0.0323467230444,0.385590427152,45,45,45,1,0,0.333333333333,0.355555555556,0.311111111111,45,253,0.127777777778,1.99962423167,11.2444444444,7.90625,9.03571428571,6.16129987597,0.547941688574,0.299516908213,6.34711419354,1.12893335458,0.593588054458,6.91930398789,1.2307062429,0.629073342117,0.699232914973,0.349682157227,2.25,1.99962423167,0.699232914973,2.25,0.254132779714,0.20324005891,230,0.0162085976039,0.257575870375,45,45,45,1,0,0.288888888889,0.333333333333,0.377777777778,-64,-0.0323232323232,0.150483660398,-2.84444444444,-2.66041666667,-1.1900921659,-1.46289075834,0.00679251106029,0.0119599506241,-1.50364012909,0.0144729617797,0.0110433646574,-1.38993390397,0.051161431758,0.0252177515104,0.0340767771761,-0.0100288069534,-0.25,0.150483660398,0.0340767771761,-0.25,-0.0424659997077,-0.0606035892983,-229,-0.0161381254405,-0.128014556777,-0.0444444444444,-0.0222222222222,0.0666666666667,250,3,67,1660,0.788643533123,0.998196031269,0.00180396873121,0.211356466877,0.98814229249,0.788643533123,0.877192982456,0.864282094297,0.786839564392,0.78125,63,127,0,0,0,0
280,WLNM_dir_neg,0.907061814124,0.363794201801,00:00:02,10,60,30,1318530205,fixed,0.5,1,0.535433070866,0.697435897436,68,0,59,254,0.535433070866,1,0,0.464566929134,1,0.535433070866,0.697435897436,0.845144356955,0.607174103237,0.60579064588,0.659169775045,0.535433070866,317,190,127,0,317,0,190,0,127,45,317,0.160101010101,1.84914057127,14.0888888889,10.5666666667,10.2258064516,7.62419063431,0.541149177514,0.287556957589,7.85075432263,1.1144603928,0.5825446898,8.30923789185,1.17954481115,0.603855590606,0.665156137797,0.35971096418,2.5,1.84914057127,0.665156137797,2.5,0.296598779422,0.263843648208,459,0.0323467230444,0.385590427152,45,45,45,1,0,0.333333333333,0.355555555556,0.311111111111,45,258,0.130303030303,1.60317673148,11.4666666667,10.32,10.32,6.7977268928,0.592825019721,0.326528854436,6.82708509608,1.19077065629,0.622222222222,7.0142711667,1.22341938954,0.631696813092,0.553686512386,0.345368356161,1.39788287455,1.67857382292,0.541662338596,1.39788287455,0.176514286405,0.224244120941,267,0.0188160676533,0.379295041035,45,40,40,0.888888888889,0,0.333333333333,0.222222222222,0.333333333333,-59,-0.029797979798,-0.245963839793,-2.62222222222,-0.246666666667,0.0941935483871,-0.826463741509,0.0516758422069,0.0389718968473,-1.02366922656,0.0763102634899,0.039677532422,-1.29496672515,0.0438745783941,0.0278412224858,-0.11146962541,-0.0143426080192,-1.10211712545,-0.170566748358,-0.123493799201,-1.10211712545,-0.120084493017,-0.0395995272678,-192,-0.0135306553911,-0.00629538611736,0,-0.133333333333,0.0222222222222,258,0,59,1663,0.813880126183,1,0,0.186119873817,1,0.813880126183,0.897391304348,0.886563348089,0.813880126183,0.813880126183,68,127,0,0,0,0
281,WLNM_dir_neg,0.888880277761,0.357015576583,00:00:02,10,60,31,1318530206,fixed,0.5,0.985714285714,0.543307086614,0.700507614213,69,1,58,253,0.543307086614,0.996062992126,0.00393700787402,0.456692913386,0.985714285714,0.543307086614,0.700507614213,0.845144356955,0.60542432196,0.607538802661,0.656562924387,0.53937007874,317,190,127,0,317,0,190,0,127,45,317,0.160101010101,1.84914057127,14.0888888889,10.5666666667,10.2258064516,7.62419063431,0.541149177514,0.287556957589,7.85075432263,1.1144603928,0.5825446898,8.30923789185,1.17954481115,0.603855590606,0.665156137797,0.35971096418,2.5,1.84914057127,0.665156137797,2.5,0.296598779422,0.263843648208,459,0.0323467230444,0.385590427152,45,45,45,1,0,0.333333333333,0.355555555556,0.311111111111,45,260,0.131313131313,1.81686985153,11.5555555556,8.66666666667,8.96551724138,6.35164815961,0.549661859966,0.294358974359,6.52230051749,1.12885970495,0.595726495726,7.00613007201,1.21259943554,0.625299145299,0.644154590252,0.354540854817,2.5,1.81686985153,0.644154590252,2.5,0.237659546827,0.219921656407,262,0.0184637068358,0.303331145521,45,45,45,1,0,0.333333333333,0.311111111111,0.355555555556,-57,-0.0287878787879,-0.0322707197462,-2.53333333333,-1.9,-1.26028921023,-1.2725424747,0.00851268245192,0.00680201677047,-1.32845380515,0.0143993121468,0.0131818059263,-1.30310781985,0.0330546243928,0.0214435546928,-0.0210015475446,-0.00517010936255,0,-0.0322707197462,-0.0210015475446,0,-0.0589392325944,-0.0439219918011,-197,-0.0138830162086,-0.0822592816309,0,-0.0444444444444,0.0444444444444,259,1,58,1662,0.817034700315,0.99939867709,0.000601322910403,0.182965299685,0.996153846154,0.817034700315,0.897746967071,0.886432375352,0.816433377405,0.814465408805,70,127,0,0,0,0
282,WLNM_dir_neg,0.789137578275,0.249694303996,00:00:02,10,60,32,1318530207,fixed,0.5,0.970588235294,0.51968503937,0.676923076923,66,2,61,252,0.51968503937,0.992125984252,0.00787401574803,0.48031496063,0.970588235294,0.51968503937,0.676923076923,0.834645669291,0.607174103237,0.579064587973,0.630088755557,0.511811023622,317,190,127,0,317,0,190,0,127,45,317,0.160101010101,1.84914057127,14.0888888889,10.5666666667,10.2258064516,7.62419063431,0.541149177514,0.287556957589,7.85075432263,1.1144603928,0.5825446898,8.30923789185,1.17954481115,0.603855590606,0.665156137797,0.35971096418,2.5,1.84914057127,0.665156137797,2.5,0.296598779422,0.263843648208,459,0.0323467230444,0.385590427152,45,45,45,1,0,0.333333333333,0.355555555556,0.311111111111,45,258,0.130303030303,1.99279902788,11.4666666667,9.21428571429,8.6,6.77763702454,0.591072996326,0.32480620155,6.59338511485,1.15000903166,0.603962101637,6.8137561394,1.18844583827,0.619121447028,0.846520935338,0.424789917846,2.81738591012,2.06371324416,0.831720786144,2.81738591012,0.287241810565,0.260243006499,307,0.0216349541931,0.292549896315,45,42,42,0.933333333333,0,0.311111111111,0.355555555556,0.266666666667,-59,-0.029797979798,0.14365845661,-2.62222222222,-1.35238095238,-1.62580645161,-0.846553609773,0.0499238188118,0.0372492439619,-1.25736920778,0.0355486388571,0.0214174118363,-1.49548175245,0.00890102712166,0.015265856422,0.181364797541,0.0650789536661,0.317385910122,0.214572672888,0.166564648347,0.317385910122,-0.00935696885656,-0.00360064170946,-152,-0.0107117688513,-0.0930405308369,-0.0222222222222,0,-0.0444444444444,256,2,61,1661,0.807570977918,0.998797354179,0.00120264582081,0.192429022082,0.992248062016,0.807570977918,0.890434782609,0.878380716396,0.806368332097,0.802507836991,68,127,0,0,0,0
283,WLNM_dir_neg,0.810682621365,0.524531177312,00:00:02,10,60,33,1318530208,fixed,0.5,0.913793103448,0.417322834646,0.572972972973,53,5,74,249,0.417322834646,0.98031496063,0.0196850393701,0.582677165354,0.913793103448,0.417322834646,0.572972972973,0.792650918635,0.615923009624,0.46013667426,0.521784432828,0.397637795276,317,190,127,0,317,0,190,0,127,45,317,0.160101010101,1.84914057127,14.0888888889,10.5666666667,10.2258064516,7.62419063431,0.541149177514,0.287556957589,7.85075432263,1.1144603928,0.5825446898,8.30923789185,1.17954481115,0.603855590606,0.665156137797,0.35971096418,2.5,1.84914057127,0.665156137797,2.5,0.296598779422,0.263843648208,459,0.0323467230444,0.385590427152,45,45,45,1,0,0.333333333333,0.355555555556,0.311111111111,45,248,0.125252525253,2.12139142081,11.0222222222,7.29411764706,8.85714285714,5.97908813696,0.542457593071,0.297491039427,6.08882068826,1.10482633456,0.58458781362,6.66613634254,1.20958119119,0.624731182796,0.734622347565,0.346292692786,2.65,2.14687758946,0.722710998019,2.65,0.236451449522,0.19442705072,207,0.0145877378436,0.259204385636,45,44,44,0.977777777778,0,0.222222222222,0.4,0.355555555556,-69,-0.0348484848485,0.272250849535,-3.06666666667,-3.27254901961,-1.36866359447,-1.64510249735,0.00130841555662,0.00993408183802,-1.76193363438,-0.00963405824019,0.00204312381986,-1.64310154931,0.0300363800407,0.0208755921893,0.0694662097681,-0.0134182713938,0.15,0.29773701819,0.0575548602225,0.15,-0.0601473298995,-0.0694165974884,-252,-0.0177589852008,-0.126386041516,-0.111111111111,0.0444444444444,0.0444444444444,243,5,74,1658,0.766561514196,0.996993385448,0.00300661455201,0.233438485804,0.979838709677,0.766561514196,0.86017699115,0.845894575164,0.763554899644,0.754658385093,58,127,0,0,0,0
284,WLNM_dir_neg,0.798453096906,0.293961940366,00:00:02,10,60,34,1318530209,fixed,0.5,0.893333333333,0.527559055118,0.663366336634,67,8,60,246,0.527559055118,0.968503937008,0.0314960629921,0.472440944882,0.893333333333,0.527559055118,0.663366336634,0.821522309711,0.601049868766,0.552631578947,0.588117635292,0.496062992126,317,190,127,0,317,0,190,0,127,45,317,0.160101010101,1.84914057127,14.0888888889,10.5666666667,10.2258064516,7.62419063431,0.541149177514,0.287556957589,7.85075432263,1.1144603928,0.5825446898,8.30923789185,1.17954481115,0.603855590606,0.665156137797,0.35971096418,2.5,1.84914057127,0.665156137797,2.5,0.296598779422,0.263843648208,459,0.0323467230444,0.385590427152,45,45,45,1,0,0.333333333333,0.355555555556,0.311111111111,45,265,0.133838383838,2.14391343922,11.7777777778,7.36111111111,9.46428571429,6.42045342809,0.545132838234,0.297610062893,6.49553070903,1.1030146487,0.579958071279,7.06856749735,1.20032278257,0.618532494759,0.689939726697,0.321813238387,2.71428571429,2.14391343922,0.689939726697,2.71428571429,0.173993352583,0.213642564802,261,0.0183932346723,0.270166117334,45,45,45,1,0,0.2,0.422222222222,0.377777777778,-52,-0.0262626262626,0.294772867947,-2.31111111111,-3.20555555556,-0.761520737327,-1.20373720622,0.00398366071969,0.0100531053046,-1.35522361361,-0.0114457441,-0.00258661852138,-1.2406703945,0.0207779714229,0.0146769041525,0.0247835889001,-0.0378977257928,0.214285714286,0.294772867947,0.0247835889001,0.214285714286,-0.122605426839,-0.0502010834063,-198,-0.0139534883721,-0.115424309819,-0.133333333333,0.0666666666667,0.0666666666667,257,8,60,1655,0.81072555205,0.995189416717,0.00481058328322,0.18927444795,0.969811320755,0.81072555205,0.883161512027,0.86798052075,0.805914968767,0.790769230769,75,127,0,0,0,0
285,WLNM_dir_neg,0.790129580259,0.271380534158,00:00:02,10,60,35,1318530210,fixed,0.5,0.96875,0.488188976378,0.649214659686,62,2,65,252,0.488188976378,0.992125984252,0.00787401574803,0.511811023622,0.96875,0.488188976378,0.649214659686,0.824146981627,0.610673665792,0.548314606742,0.605654871477,0.48031496063,317,190,127,0,317,0,190,0,127,45,317,0.160101010101,1.84914057127,14.0888888889,10.5666666667,10.2258064516,7.62419063431,0.541149177514,0.287556957589,7.85075432263,1.1144603928,0.5825446898,8.30923789185,1.17954481115,0.603855590606,0.665156137797,0.35971096418,2.5,1.84914057127,0.665156137797,2.5,0.296598779422,0.263843648208,459,0.0323467230444,0.385590427152,45,45,45,1,0,0.333333333333,0.355555555556,0.311111111111,45,254,0.128282828283,1.87606823433,11.2888888889,8.1935483871,9.07142857143,6.67295158294,0.591107915812,0.32738407699,6.61319464664,1.17162897283,0.611723534558,6.83292681718,1.21055790068,0.625196850394,0.645884484982,0.344275582926,2.35227982511,1.87606823433,0.645884484982,2.35227982511,0.199793010748,0.252794496991,294,0.0207188160677,0.253413584735,45,45,45,1,0,0.311111111111,0.311111111111,0.377777777778,-63,-0.0318181818182,0.0269276630527,-2.8,-2.37311827957,-1.15437788018,-0.951239051367,0.0499587382977,0.0398271194019,-1.23755967599,0.057168580027,0.029178844758,-1.47631107468,0.0310130895343,0.0213412597873,-0.0192716528151,-0.0154353812537,-0.147720174891,0.0269276630527,-0.0192716528151,-0.147720174891,-0.0968057686739,-0.0110491512179,-165,-0.0116279069767,-0.132176842417,-0.0222222222222,-0.0444444444444,0.0666666666667,252,2,65,1661,0.794952681388,0.998797354179,0.00120264582081,0.205047318612,0.992125984252,0.794952681388,0.882661996497,0.87040676836,0.793750035567,0.789968652038,64,127,0,0,0,0
286,WLNM_dir_neg,0.908363816728,0.394537458077,00:00:02,10,60,36,1318530211,fixed,0.5,0.968253968254,0.48031496063,0.642105263158,61,2,66,252,0.48031496063,0.992125984252,0.00787401574803,0.51968503937,0.968253968254,0.48031496063,0.642105263158,0.821522309711,0.61154855643,0.540540540541,0.59949064933,0.472440944882,317,190,127,0,317,0,190,0,127,45,317,0.160101010101,1.84914057127,14.0888888889,10.5666666667,10.2258064516,7.62419063431,0.541149177514,0.287556957589,7.85075432263,1.1144603928,0.5825446898,8.30923789185,1.17954481115,0.603855590606,0.665156137797,0.35971096418,2.5,1.84914057127,0.665156137797,2.5,0.296598779422,0.263843648208,459,0.0323467230444,0.385590427152,45,45,45,1,0,0.333333333333,0.355555555556,0.311111111111,45,253,0.127777777778,1.90022311722,11.2444444444,9.03571428571,9.73076923077,6.99075869064,0.621707788693,0.347738252086,6.64792821072,1.18243782404,0.620114185332,6.92258782698,1.23129032496,0.634343434343,0.750500247865,0.39495375099,2.33559112298,1.98804976281,0.728442969975,2.33559112298,0.282857404166,0.255854293148,295,0.0207892882311,0.300699267039,45,41,41,0.911111111111,0,0.288888888889,0.288888888889,0.333333333333,-64,-0.0323232323232,0.0510825459498,-2.84444444444,-1.53095238095,-0.495037220844,-0.633431943673,0.0805586111789,0.0601812944976,-1.20282611191,0.0679774312391,0.0375694955314,-1.38665006488,0.05174551381,0.0304878437371,0.0853441100685,0.0352427868102,-0.164408877021,0.138909191532,0.0632868321783,-0.164408877021,-0.0137413752557,-0.00798935506016,-164,-0.0115574348132,-0.0848911601138,-0.0444444444444,-0.0666666666667,0.0222222222222,251,2,66,1661,0.791798107256,0.998797354179,0.00120264582081,0.208201892744,0.99209486166,0.791798107256,0.880701754386,0.868407655223,0.790595461435,0.786833855799,63,127,0,0,0,0
287,WLNM_dir_neg,0.698276396553,0.249453917354,00:00:02,10,60,37,1318530212,fixed,0.5,0.971428571429,0.535433070866,0.690355329949,68,2,59,252,0.535433070866,0.992125984252,0.00787401574803,0.464566929134,0.971428571429,0.535433070866,0.690355329949,0.839895013123,0.60542432196,0.594235033259,0.642185634072,0.527559055118,317,190,127,0,317,0,190,0,127,45,317,0.160101010101,1.84914057127,14.0888888889,10.5666666667,10.2258064516,7.62419063431,0.541149177514,0.287556957589,7.85075432263,1.1144603928,0.5825446898,8.30923789185,1.17954481115,0.603855590606,0.665156137797,0.35971096418,2.5,1.84914057127,0.665156137797,2.5,0.296598779422,0.263843648208,459,0.0323467230444,0.385590427152,45,45,45,1,0,0.333333333333,0.355555555556,0.311111111111,45,260,0.131313131313,1.91833557199,11.5555555556,8.125,9.62962962963,6.44400904137,0.55765462858,0.304273504274,6.56744342429,1.13667290036,0.595555555556,7.09317498114,1.22766490058,0.629914529915,0.644303217656,0.335865751052,2.11111111111,1.91833557199,0.644303217656,2.11111111111,0.267570060899,0.217573221757,260,0.0183227625088,0.26290834417,45,45,45,1,0,0.288888888889,0.311111111111,0.4,-57,-0.0287878787879,0.069195000716,-2.53333333333,-2.44166666667,-0.596176821983,-1.18018159294,0.016505451066,0.016716546685,-1.28331089834,0.0222125075559,0.0130108657553,-1.21606291071,0.0481200894361,0.0260589393082,-0.0208529201404,-0.0238452131276,-0.388888888889,0.069195000716,-0.0208529201404,-0.388888888889,-0.0290287185231,-0.0462704264511,-199,-0.0140239605356,-0.122682082982,-0.0444444444444,-0.0444444444444,0.0888888888889,258,2,59,1661,0.813880126183,0.998797354179,0.00120264582081,0.186119873817,0.992307692308,0.813880126183,0.894280762565,0.882354456896,0.812677480362,0.808777429467,70,127,0,0,0,0
288,WLNM_dir_neg,0.957653915308,0.472031019614,00:00:02,10,60,38,1318530213,fixed,0.5,0.957142857143,0.527559055118,0.680203045685,67,3,60,251,0.527559055118,0.988188976378,0.011811023622,0.472440944882,0.957142857143,0.527559055118,0.680203045685,0.834645669291,0.60542432196,0.580931263858,0.627808343757,0.515748031496,317,190,127,0,317,0,190,0,127,45,317,0.160101010101,1.84914057127,14.0888888889,10.5666666667,10.2258064516,7.62419063431,0.541149177514,0.287556957589,7.85075432263,1.1144603928,0.5825446898,8.30923789185,1.17954481115,0.603855590606,0.665156137797,0.35971096418,2.5,1.84914057127,0.665156137797,2.5,0.296598779422,0.263843648208,459,0.0323467230444,0.385590427152,45,45,45,1,0,0.333333333333,0.355555555556,0.311111111111,45,260,0.131313131313,1.98237484987,11.5555555556,8.38709677419,8.96551724138,6.40154653032,0.5539799882,0.297094017094,6.59507009022,1.14145443869,0.599145299145,6.86853460913,1.18878483619,0.615897435897,0.712096397533,0.35921379732,2,1.98237484987,0.712096397533,2,0.189972810686,0.224598930481,266,0.0187455954898,0.282655645197,45,45,45,1,0,0.311111111111,0.333333333333,0.355555555556,-57,-0.0287878787879,0.133234278599,-2.53333333333,-2.17956989247,-1.26028921023,-1.22264410399,0.0128308106864,0.00953705950551,-1.25568423241,0.0269940458896,0.0166006093451,-1.44070328273,0.00924002504839,0.0120418452911,0.0469402597365,-0.000497166860412,-0.5,0.133234278599,0.0469402597365,-0.5,-0.106625968736,-0.0392447177272,-193,-0.0136011275546,-0.102934781955,-0.0222222222222,-0.0222222222222,0.0444444444444,257,3,60,1660,0.81072555205,0.998196031269,0.00180396873121,0.18927444795,0.988461538462,0.81072555205,0.890814558059,0.878276538441,0.808921583319,0.803125,70,127,0,0,0,0
289,WLNM_dir_neg,0.739010478021,0.361364570036,00:00:02,10,60,39,1318530214,fixed,0.5,0.98275862069,0.448818897638,0.616216216216,57,1,70,253,0.448818897638,0.996062992126,0.00393700787402,0.551181102362,0.98275862069,0.448818897638,0.616216216216,0.813648293963,0.615923009624,0.514806378132,0.583778622867,0.444881889764,317,190,127,0,317,0,190,0,127,45,317,0.160101010101,1.84914057127,14.0888888889,10.5666666667,10.2258064516,7.62419063431,0.541149177514,0.287556957589,7.85075432263,1.1144603928,0.5825446898,8.30923789185,1.17954481115,0.603855590606,0.665156137797,0.35971096418,2.5,1.84914057127,0.665156137797,2.5,0.296598779422,0.263843648208,459,0.0323467230444,0.385590427152,45,45,45,1,0,0.333333333333,0.355555555556,0.311111111111,45,248,0.125252525253,1.72766365343,11.0222222222,9.18518518519,8.55172413793,6.3942050785,0.580119412364,0.321863799283,6.50042733638,1.17951302475,0.618458781362,6.80782378198,1.2352906056,0.629390681004,0.630686432578,0.365051629884,2.09389594918,1.77963962868,0.620773127183,2.09389594918,0.264891809121,0.240177252585,271,0.0190979563073,0.319477077148,45,42,42,0.933333333333,0,0.333333333333,0.311111111111,0.288888888889,-69,-0.0348484848485,-0.12147691784,-3.06666666667,-1.38148148148,-1.67408231368,-1.22998555581,0.0389702348495,0.0343068416947,-1.35032698625,0.0650526319435,0.0359140915618,-1.50141410988,0.0557457944543,0.0255350903972,-0.0344697052193,0.00534066570431,-0.406104050821,-0.0695009425947,-0.0443830106136,-0.406104050821,-0.0317069703003,-0.0236663956235,-188,-0.0132487667371,-0.0661133500046,0,-0.0444444444444,-0.0222222222222,247,1,70,1662,0.779179810726,0.99939867709,0.000601322910403,0.220820189274,0.995967741935,0.779179810726,0.874336283186,0.862538266063,0.778578487815,0.776729559748,58,127,0,0,0,0
290,WLNM_dir_neg,0.783340566681,0.25130395055,00:00:02,10,60,40,1318530215,fixed,0.5,0.985714285714,0.543307086614,0.700507614213,69,1,58,253,0.543307086614,0.996062992126,0.00393700787402,0.456692913386,0.985714285714,0.543307086614,0.700507614213,0.845144356955,0.60542432196,0.607538802661,0.656562924387,0.53937007874,317,190,127,0,317,0,190,0,127,45,317,0.160101010101,1.84914057127,14.0888888889,10.5666666667,10.2258064516,7.62419063431,0.541149177514,0.287556957589,7.85075432263,1.1144603928,0.5825446898,8.30923789185,1.17954481115,0.603855590606,0.665156137797,0.35971096418,2.5,1.84914057127,0.665156137797,2.5,0.296598779422,0.263843648208,459,0.0323467230444,0.385590427152,45,45,45,1,0,0.333333333333,0.355555555556,0.311111111111,45,260,0.131313131313,1.68943724157,11.5555555556,9.28571428571,10,6.42988602881,0.556432444801,0.301025641026,6.71460040403,1.16214237762,0.606837606838,7.10917745175,1.23043455896,0.630598290598,0.567595665174,0.335967297991,2,1.72150409001,0.560195317602,2,0.151022577849,0.211325966851,255,0.0179704016913,0.314221456832,45,43,43,0.955555555556,0,0.333333333333,0.244444444444,0.377777777778,-57,-0.0287878787879,-0.159703329707,-2.53333333333,-1.28095238095,-0.225806451613,-1.1943046055,0.0152832672865,0.0134686834371,-1.1361539186,0.0476819848185,0.0242929170374,-1.20006044011,0.0508897478094,0.0267426999919,-0.097560472623,-0.0237436661892,-0.5,-0.127636481262,-0.104960820195,-0.5,-0.145576201572,-0.0525176813576,-204,-0.0143763213531,-0.0713689703203,0,-0.111111111111,0.0666666666667,259,1,58,1662,0.817034700315,0.99939867709,0.000601322910403,0.182965299685,0.996153846154,0.817034700315,0.897746967071,0.886432375352,0.816433377405,0.814465408805,70,127,0,0,0,0
291,WLNM_dir_neg,0.904457808916,0.688762255151,00:00:02,10,60,41,1318530216,fixed,0.5,0.927272727273,0.40157480315,0.56043956044,51,4,76,250,0.40157480315,0.984251968504,0.0157480314961,0.59842519685,0.927272727273,0.40157480315,0.56043956044,0.790026246719,0.61854768154,0.449541284404,0.517512605902,0.385826771654,317,190,127,0,317,0,190,0,127,45,317,0.160101010101,1.84914057127,14.0888888889,10.5666666667,10.2258064516,7.62419063431,0.541149177514,0.287556957589,7.85075432263,1.1144603928,0.5825446898,8.30923789185,1.17954481115,0.603855590606,0.665156137797,0.35971096418,2.5,1.84914057127,0.665156137797,2.5,0.296598779422,0.263843648208,459,0.0323467230444,0.385590427152,45,45,45,1,0,0.333333333333,0.355555555556,0.311111111111,45,245,0.123737373737,1.89230540348,10.8888888889,8.44827586207,10.2083333333,6.12083707222,0.562117690306,0.305124716553,6.23609564462,1.14540532248,0.600453514739,6.76070045979,1.24176130894,0.637097505669,0.712752289011,0.37665816929,2,1.93380798038,0.701804010563,2,0.165739455557,0.17680608365,186,0.0131078224101,0.291544126936,45,43,43,0.955555555556,0,0.311111111111,0.222222222222,0.422222222222,-72,-0.0363636363636,0.0431648322033,-3.2,-2.1183908046,-0.0174731182796,-1.50335356209,0.0209685127918,0.0175677589648,-1.61465867801,0.030944929679,0.017908824939,-1.54853743206,0.0622164977953,0.0332419150626,0.0475961512138,0.0169472051099,-0.5,0.0846674091092,0.0366478727657,-0.5,-0.130859323865,-0.0870375645583,-273,-0.0192389006342,-0.0940463002165,-0.0222222222222,-0.133333333333,0.111111111111,241,4,76,1659,0.760252365931,0.997594708358,0.00240529164161,0.239747634069,0.983673469388,0.760252365931,0.857651245552,0.84396522522,0.757847074289,0.750778816199,55,127,0,0,0,0
292,WLNM_dir_neg,0.899838799678,0.380526373346,00:00:02,10,60,42,1318530217,fixed,0.5,0.986666666667,0.582677165354,0.732673267327,74,1,53,253,0.582677165354,0.996062992126,0.00393700787402,0.417322834646,0.986666666667,0.582677165354,0.732673267327,0.858267716535,0.601049868766,0.644736842105,0.686137241174,0.57874015748,317,190,127,0,317,0,190,0,127,45,317,0.160101010101,1.84914057127,14.0888888889,10.5666666667,10.2258064516,7.62419063431,0.541149177514,0.287556957589,7.85075432263,1.1144603928,0.5825446898,8.30923789185,1.17954481115,0.603855590606,0.665156137797,0.35971096418,2.5,1.84914057127,0.665156137797,2.5,0.296598779422,0.263843648208,459,0.0323467230444,0.385590427152,45,45,45,1,0,0.333333333333,0.355555555556,0.311111111111,45,265,0.133838383838,1.78395369719,11.7777777778,9.13793103448,8.54838709677,6.78530795472,0.576111052759,0.315974842767,6.81983145027,1.1580845859,0.607798742138,7.05891513111,1.19868370151,0.619203354298,0.6182601122,0.346567353836,2,1.78395369719,0.6182601122,2,0.21449495229,0.243613874697,302,0.0212825933756,0.302918868654,45,45,45,1,0,0.355555555556,0.333333333333,0.311111111111,-52,-0.0262626262626,-0.0651868740857,-2.31111111111,-1.42873563218,-1.67741935484,-0.838882679588,0.0349618752453,0.0284178851788,-1.03092287236,0.0436241930922,0.0252540523382,-1.25032276074,0.0191388903635,0.0153477636913,-0.0468960255973,-0.0131436103443,-0.5,-0.0651868740857,-0.0468960255973,-0.5,-0.0821038271315,-0.020229773511,-157,-0.0110641296688,-0.0826715584985,0.0222222222222,-0.0222222222222,0,264,1,53,1662,0.832807570978,0.99939867709,0.000601322910403,0.167192429022,0.996226415094,0.832807570978,0.907216494845,0.896296558027,0.832206248068,0.830188679245,75,127,0,0,0,0
293,WLNM_dir_neg,0.808760617521,0.349288972369,00:00:02,10,60,43,1318530218,fixed,0.5,1,0.511811023622,0.677083333333,65,0,62,254,0.511811023622,1,0,0.488188976378,1,0.511811023622,0.677083333333,0.837270341207,0.609798775153,0.582959641256,0.641398787856,0.511811023622,317,190,127,0,317,0,190,0,127,45,317,0.160101010101,1.84914057127,14.0888888889,10.5666666667,10.2258064516,7.62419063431,0.541149177514,0.287556957589,7.85075432263,1.1144603928,0.5825446898,8.30923789185,1.17954481115,0.603855590606,0.665156137797,0.35971096418,2.5,1.84914057127,0.665156137797,2.5,0.296598779422,0.263843648208,459,0.0323467230444,0.385590427152,45,45,45,1,0,0.333333333333,0.355555555556,0.311111111111,45,255,0.128787878788,1.65821077522,11.3333333333,9.44444444444,9.44444444444,6.58510716417,0.581038867427,0.316339869281,6.60234118256,1.16511903222,0.610893246187,7.17951631696,1.2669734677,0.642440087146,0.566011144672,0.341338479481,2,1.68882522988,0.56038750883,2,0.17379414304,0.187131216634,222,0.015644820296,0.340526688554,45,43,43,0.955555555556,0,0.355555555556,0.244444444444,0.355555555556,-62,-0.0313131313131,-0.190929796054,-2.75555555556,-1.12222222222,-0.781362007168,-1.03908347014,0.039889689913,0.0287829116925,-1.24841314007,0.0506586394134,0.0283485563872,-1.1297215749,0.0874286565518,0.0385844965396,-0.0991449931248,-0.018372484699,-0.5,-0.160315341393,-0.104768628967,-0.5,-0.122804636382,-0.0767124315746,-237,-0.0167019027484,-0.0450637385981,0.0222222222222,-0.111111111111,0.0444444444444,255,0,62,1663,0.804416403785,1,0,0.195583596215,1,0.804416403785,0.891608391608,0.880627075489,0.804416403785,0.804416403785,65,127,0,0,0,0
294,WLNM_dir_neg,0.894785789572,0.407704269993,00:00:02,10,60,44,1318530219,fixed,0.5,0.967741935484,0.472440944882,0.634920634921,60,2,67,252,0.472440944882,0.992125984252,0.00787401574803,0.527559055118,0.967741935484,0.472440944882,0.634920634921,0.818897637795,0.612423447069,0.532731376975,0.593302014843,0.464566929134,317,190,127,0,317,0,190,0,127,45,317,0.160101010101,1.84914057127,14.0888888889,10.5666666667,10.2258064516,7.62419063431,0.541149177514,0.287556957589,7.85075432263,1.1144603928,0.5825446898,8.30923789185,1.17954481115,0.603855590606,0.665156137797,0.35971096418,2.5,1.84914057127,0.665156137797,2.5,0.296598779422,0.263843648208,459,0.0323467230444,0.385590427152,45,45,45,1,0,0.333333333333,0.355555555556,0.311111111111,45,252,0.127272727273,1,11.2,8.4,9,6.27259551904,0.560053171343,0.305202821869,6.40454384154,1.14366854313,0.601940035273,6.95570400332,1.24209000059,0.636331569665,0,0,0,NaN,NaN,NaN,0.227528787757,0.211117681845,238,0.0167723749119,0.290555857333,45,43,0,0.955555555556,2,0.288888888889,0.333333333333,0.333333333333,-65,-0.0328282828283,-0.849140571273,-2.88888888889,-2.16666666667,-1.22580645161,-1.35159511527,0.0189039938286,0.017645864281,-1.4462104811,0.029208150329,0.0193953454732,-1.35353388853,0.0625451894465,0.0324759790585,-0.665156137797,-0.35971096418,-2.5,NaN,NaN,NaN,-0.0690699916649,-0.0527259663634,-221,-0.0155743481325,-0.0950345698196,-0.0444444444444,-0.0222222222222,0.0222222222222,250,2,67,1661,0.788643533123,0.998797354179,0.00120264582081,0.211356466877,0.992063492063,0.788643533123,0.878734622144,0.866406252441,0.787440887302,0.783699059561,62,127,0,0,0,0
295,WLNM_dir_neg,0.810171120342,0.27778636361,00:00:02,10,60,45,1318530220,fixed,0.5,0.970588235294,0.51968503937,0.676923076923,66,2,61,252,0.51968503937,0.992125984252,0.00787401574803,0.48031496063,0.970588235294,0.51968503937,0.676923076923,0.834645669291,0.607174103237,0.579064587973,0.630088755557,0.511811023622,317,190,127,0,317,0,190,0,127,45,317,0.160101010101,1.84914057127,14.0888888889,10.5666666667,10.2258064516,7.62419063431,0.541149177514,0.287556957589,7.85075432263,1.1144603928,0.5825446898,8.30923789185,1.17954481115,0.603855590606,0.665156137797,0.35971096418,2.5,1.84914057127,0.665156137797,2.5,0.296598779422,0.263843648208,459,0.0323467230444,0.385590427152,45,45,45,1,0,0.333333333333,0.355555555556,0.311111111111,45,258,0.130303030303,1.7377820283,11.4666666667,8.6,9.21428571429,6.0999254839,0.531970245689,0.286304909561,6.40099424095,1.11645248389,0.590697674419,6.95570400332,1.21320418663,0.622049956934,0.551489850717,0.317352718428,2,1.7377820283,0.551489850717,2,0.166313624642,0.198382904996,229,0.0161381254405,0.292619490977,45,45,45,1,0,0.333333333333,0.288888888889,0.377777777778,-59,-0.029797979798,-0.111358542971,-2.62222222222,-1.96666666667,-1.01152073733,-1.52426515041,-0.00917893182538,-0.00125204802778,-1.44976008168,0.00199209108452,0.00815298461839,-1.35353388853,0.0336593754792,0.0181943663273,-0.11366628708,-0.0423582457523,-0.5,-0.111358542971,-0.11366628708,-0.5,-0.13028515478,-0.0654607432128,-230,-0.0162085976039,-0.0929709361755,0,-0.0666666666667,0.0666666666667,256,2,61,1661,0.807570977918,0.998797354179,0.00120264582081,0.192429022082,0.992248062016,0.807570977918,0.890434782609,0.878380716396,0.806368332097,0.802507836991,68,127,0,0,0,0
296,WLNM_dir_neg,0.867273234546,0.391061382893,00:00:02,10,60,46,1318530221,fixed,0.5,1,0.40157480315,0.573033707865,51,0,76,254,0.40157480315,1,0,0.59842519685,1,0.40157480315,0.573033707865,0.800524934383,0.622047244094,0.472222222222,0.555959449143,0.40157480315,317,190,127,0,317,0,190,0,127,45,317,0.160101010101,1.84914057127,14.0888888889,10.5666666667,10.2258064516,7.62419063431,0.541149177514,0.287556957589,7.85075432263,1.1144603928,0.5825446898,8.30923789185,1.17954481115,0.603855590606,0.665156137797,0.35971096418,2.5,1.84914057127,0.665156137797,2.5,0.296598779422,0.263843648208,459,0.0323467230444,0.385590427152,45,45,45,1,0,0.333333333333,0.355555555556,0.311111111111,45,241,0.121717171717,1.72461472727,10.7111111111,8.92592592593,8.31034482759,6.41950940572,0.59933179099,0.330290456432,6.35737065273,1.18706091026,0.620378054403,6.53715101817,1.22062985816,0.628492392808,0.654507159136,0.379509202134,2.5,1.77637292208,0.646962689396,2.5,0.234428654045,0.235741444867,248,0.0174770965469,0.29708493782,45,42,42,0.933333333333,0,0.333333333333,0.311111111111,0.288888888889,-76,-0.0383838383838,-0.124525843999,-3.37777777778,-1.64074074074,-1.91546162403,-1.20468122859,0.0581826134762,0.042733498843,-1.49338366991,0.0726005174575,0.0378333646027,-1.77208687369,0.0410850470177,0.0246368022014,-0.0106489786605,0.0197982379541,0,-0.0727676491937,-0.018193448401,0,-0.0621701253764,-0.0281022033415,-211,-0.0148696264975,-0.0885054893323,0,-0.0444444444444,-0.0222222222222,241,0,76,1663,0.760252365931,1,0,0.239747634069,1,0.760252365931,0.863799283154,0.852658692341,0.760252365931,0.760252365931,51,127,0,0,0,0
297,WLNM_dir_neg,0.927351354703,0.388104613725,00:00:02,10,60,47,1318530222,fixed,0.5,0.988235294118,0.661417322835,0.792452830189,84,1,43,253,0.661417322835,0.996062992126,0.00393700787402,0.338582677165,0.988235294118,0.661417322835,0.792452830189,0.884514435696,0.59230096238,0.716738197425,0.744468205755,0.657480314961,317,190,127,0,317,0,190,0,127,45,317,0.160101010101,1.84914057127,14.0888888889,10.5666666667,10.2258064516,7.62419063431,0.541149177514,0.287556957589,7.85075432263,1.1144603928,0.5825446898,8.30923789185,1.17954481115,0.603855590606,0.665156137797,0.35971096418,2.5,1.84914057127,0.665156137797,2.5,0.296598779422,0.263843648208,459,0.0323467230444,0.385590427152,45,45,45,1,0,0.333333333333,0.355555555556,0.311111111111,45,275,0.138888888889,1.71936549155,12.2222222222,9.48275862069,10.1851851852,6.81205111578,0.557349636746,0.296727272727,6.98121577788,1.14238076365,0.597494949495,7.47791360736,1.2236585903,0.627393939394,0.54993423231,0.319847196546,1.49197696197,1.75282435162,0.539481790915,1.49197696197,0.193762430476,0.212680978532,284,0.0200140944327,0.348083551685,45,43,43,0.955555555556,0,0.311111111111,0.288888888889,0.355555555556,-42,-0.0212121212121,-0.129775079724,-1.86666666667,-1.08390804598,-0.0406212664277,-0.812139518526,0.0162004592318,0.00917031513877,-0.869538544749,0.0279203708509,0.0149502596947,-0.831324284491,0.0441137791493,0.0235383487876,-0.115221905487,-0.0398637676337,-1.00802303803,-0.096316219652,-0.125674346882,-1.00802303803,-0.102836348946,-0.0511626696763,-175,-0.0123326286117,-0.0375068754673,-0.0222222222222,-0.0666666666667,0.0444444444444,274,1,43,1662,0.864353312303,0.99939867709,0.000601322910403,0.135646687697,0.996363636364,0.864353312303,0.925675675676,0.915875154459,0.863751989392,0.861635220126,85,127,0,0,0,0
298,WLNM_dir_neg,0.806699113398,0.347609130334,00:00:02,10,60,48,1318530223,fixed,0.5,0.981818181818,0.425196850394,0.593406593407,54,1,73,253,0.425196850394,0.996062992126,0.00393700787402,0.574803149606,0.981818181818,0.425196850394,0.593406593407,0.805774278215,0.61854768154,0.490825688073,0.565039273791,0.42125984252,317,190,127,0,317,0,190,0,127,45,317,0.160101010101,1.84914057127,14.0888888889,10.5666666667,10.2258064516,7.62419063431,0.541149177514,0.287556957589,7.85075432263,1.1144603928,0.5825446898,8.30923789185,1.17954481115,0.603855590606,0.665156137797,0.35971096418,2.5,1.84914057127,0.665156137797,2.5,0.296598779422,0.263843648208,459,0.0323467230444,0.385590427152,45,45,45,1,0,0.333333333333,0.355555555556,0.311111111111,45,245,0.123737373737,1.96291004136,10.8888888889,8.16666666667,8.75,6.37545799504,0.585501244442,0.318276643991,6.3730810144,1.1705659006,0.608979591837,6.5628276734,1.20541732777,0.623310657596,0.788578330089,0.401739414173,3,2.00769655491,0.777985986156,3,0.213713380772,0.22026984625,234,0.0164904862579,0.251228184405,45,43,43,0.955555555556,0,0.288888888889,0.333333333333,0.333333333333,-72,-0.0363636363636,0.113769470084,-3.2,-2.4,-1.47580645161,-1.24873263927,0.044352066928,0.0307196864024,-1.47767330823,0.0561055078021,0.0264349020365,-1.74641021846,0.0258725166202,0.01945506699,0.123422192293,0.0420284499933,0.5,0.158555983635,0.112829848359,0.5,-0.0828853986496,-0.0435738019581,-225,-0.0158562367865,-0.134362242747,-0.0444444444444,-0.0222222222222,0.0222222222222,244,1,73,1662,0.769716088328,0.99939867709,0.000601322910403,0.230283911672,0.995918367347,0.769716088328,0.868327402135,0.856513323384,0.769114765418,0.767295597484,55,127,0,0,0,0
299,WLNM_dir_neg,0.907201314403,0.466251612381,00:00:03,10,60,49,1318530224,fixed,0.5,0.929577464789,0.51968503937,0.666666666667,66,5,61,249,0.51968503937,0.98031496063,0.0196850393701,0.48031496063,0.929577464789,0.51968503937,0.666666666667,0.826771653543,0.604549431321,0.561946902655,0.605311189076,0.5,317,190,127,0,317,0,190,0,127,45,317,0.160101010101,1.84914057127,14.0888888889,10.5666666667,10.2258064516,7.62419063431,0.541149177514,0.287556957589,7.85075432263,1.1144603928,0.5825446898,8.30923789185,1.17954481115,0.603855590606,0.665156137797,0.35971096418,2.5,1.84914057127,0.665156137797,2.5,0.296598779422,0.263843648208,459,0.0323467230444,0.385590427152,45,45,45,1,0,0.333333333333,0.355555555556,0.311111111111,45,261,0.131818181818,1.89913411936,11.6,8.41935483871,9.66666666667,6.03926545804,0.52062633259,0.280289484887,6.30512057415,1.08708975416,0.5791400596,7.12741187248,1.22886411595,0.630055342699,0.658163328057,0.346559688096,2.03846153846,1.91956898571,0.651171728706,2.03846153846,0.13936507781,0.167193335248,194,0.0136715997181,0.281144240985,45,44,44,0.977777777778,0,0.288888888889,0.311111111111,0.377777777778,-56,-0.0282828282828,0.0499935480875,-2.48888888889,-2.14731182796,-0.559139784946,-1.58492517626,-0.020522844924,-0.00726747270132,-1.54563374849,-0.0273706386394,-0.00340463020038,-1.18182601937,0.0493193047986,0.0261997520926,-0.00699280973954,-0.0131512760843,-0.461538461538,0.0704284144366,-0.0139844090912,-0.461538461538,-0.157233701611,-0.09665031296,-265,-0.0186751233263,-0.104446186167,-0.0444444444444,-0.0444444444444,0.0666666666667,256,5,61,1658,0.807570977918,0.996993385448,0.00300661455201,0.192429022082,0.980842911877,0.807570977918,0.885813148789,0.872124237187,0.804564363366,0.795031055901,71,127,0,0,0,0
300,WLNM_dir_neg,0.846425692851,0.381720653628,00:00:02,10,60,50,1318530225,fixed,0.5,0.957142857143,0.527559055118,0.680203045685,67,3,60,251,0.527559055118,0.988188976378,0.011811023622,0.472440944882,0.957142857143,0.527559055118,0.680203045685,0.834645669291,0.60542432196,0.580931263858,0.627808343757,0.515748031496,317,190,127,0,317,0,190,0,127,45,317,0.160101010101,1.84914057127,14.0888888889,10.5666666667,10.2258064516,7.62419063431,0.541149177514,0.287556957589,7.85075432263,1.1144603928,0.5825446898,8.30923789185,1.17954481115,0.603855590606,0.665156137797,0.35971096418,2.5,1.84914057127,0.665156137797,2.5,0.296598779422,0.263843648208,459,0.0323467230444,0.385590427152,45,45,45,1,0,0.333333333333,0.355555555556,0.311111111111,45,260,0.131313131313,2.02316093851,11.5555555556,8.125,10,6.67272452041,0.577447314266,0.321111111111,6.44870983886,1.11612285673,0.591965811966,7.1155683632,1.23154067825,0.634871794872,0.719478905459,0.355621192444,2.66666666667,2.07074981937,0.700093473648,2.66666666667,0.291194243556,0.269262634631,325,0.022903453136,0.260429666317,45,43,43,0.955555555556,0,0.244444444444,0.333333333333,0.377777777778,-57,-0.0287878787879,0.174020367238,-2.53333333333,-2.44166666667,-0.225806451613,-0.951466113901,0.036298136752,0.0335541535226,-1.40204448377,0.00166246392361,0.0094211221656,-1.19366952866,0.0519958670989,0.0310162042654,0.0543227676625,-0.00408977173601,0.166666666667,0.221609248099,0.0349373358507,0.166666666667,-0.00540453586591,0.00541898642285,-134,-0.00944326990839,-0.125160760836,-0.0888888888889,-0.0222222222222,0.0666666666667,257,3,60,1660,0.81072555205,0.998196031269,0.00180396873121,0.18927444795,0.988461538462,0.81072555205,0.890814558059,0.878276538441,0.808921583319,0.803125,70,127,0,0,0,0
301,WLNM_dir_neg,0.752224392361,0.353273343876,00:00:02,10,70,1,1319447476,fixed,0.5,1,0.364583333333,0.534351145038,35,0,61,192,0.364583333333,1,0,0.635416666667,1,0.364583333333,0.534351145038,0.788194444444,0.626157407407,0.433436532508,0.526003651981,0.364583333333,317,221,96,0,317,0,221,0,96,45,317,0.160101010101,1.84914057127,14.0888888889,10.5666666667,10.2258064516,7.62419063431,0.541149177514,0.287556957589,7.85075432263,1.1144603928,0.5825446898,8.30923789185,1.17954481115,0.603855590606,0.665156137797,0.35971096418,2.5,1.84914057127,0.665156137797,2.5,0.296598779422,0.263843648208,459,0.0323467230444,0.385590427152,45,45,45,1,0,0.333333333333,0.355555555556,0.311111111111,45,256,0.129292929293,1.66659239475,11.3777777778,9.48148148148,8.25806451613,6.49576396546,0.570916754777,0.311284722222,6.70082159895,1.17787879669,0.612326388889,6.67703738816,1.17369797839,0.6125,0.562991210125,0.337809779943,1.5,1.68174222191,0.560144423601,1.5,0.20274086795,0.243831640058,280,0.0197322057787,0.314952474877,45,44,44,0.977777777778,0,0.377777777778,0.311111111111,0.288888888889,-61,-0.0308080808081,-0.18254817652,-2.71111111111,-1.08518518519,-1.96774193548,-1.12842666885,0.0297675772626,0.0237277646337,-1.14993272368,0.0634184038883,0.0297816990887,-1.6322005037,-0.00584683275984,0.00864440939362,-0.102164927671,-0.0219011842374,-1,-0.167398349367,-0.105011714195,-1,-0.0938579114719,-0.0200120081504,-179,-0.0126145172657,-0.0706379522749,0.0444444444444,-0.0444444444444,-0.0222222222222,256,0,61,1663,0.807570977918,1,0,0.192429022082,1,0.807570977918,0.893542757417,0.882607971178,0.807570977918,0.807570977918,35,96,0,0,0,0
302,WLNM_dir_neg,0.727376302083,0.27988022981,00:00:02,10,70,2,1319447477,fixed,0.5,0.954545454545,0.4375,0.6,42,2,54,190,0.4375,0.989583333333,0.0104166666667,0.5625,0.954545454545,0.4375,0.6,0.805555555556,0.615740740741,0.493975903614,0.559599867693,0.427083333333,317,221,96,0,317,0,221,0,96,45,317,0.160101010101,1.84914057127,14.0888888889,10.5666666667,10.2258064516,7.62419063431,0.541149177514,0.287556957589,7.85075432263,1.1144603928,0.5825446898,8.30923789185,1.17954481115,0.603855590606,0.665156137797,0.35971096418,2.5,1.84914057127,0.665156137797,2.5,0.296598779422,0.263843648208,459,0.0323467230444,0.385590427152,45,45,45,1,0,0.333333333333,0.355555555556,0.311111111111,45,265,0.133838383838,2.08312524011,11.7777777778,8.83333333333,8.83333333333,6.57090310968,0.557906867803,0.302306079665,6.75285199756,1.14671071657,0.599580712788,7.12620714566,1.21011064738,0.621719077568,0.935964789144,0.449307977802,3,2.13350315826,0.926975009241,3,0.290399787175,0.243243243243,306,0.0215644820296,0.293358292594,45,43,43,0.955555555556,0,0.288888888889,0.377777777778,0.288888888889,-52,-0.0262626262626,0.233984668839,-2.31111111111,-1.73333333333,-1.39247311828,-1.05328752463,0.0167576902888,0.0147491220761,-1.09790232507,0.0322503237647,0.017036022988,-1.1830307462,0.0305658362293,0.0178634869618,0.270808651347,0.0895970136222,0.5,0.284362586984,0.261818871444,0.5,-0.00619899224645,-0.0206004049652,-153,-0.0107822410148,-0.0922321345586,-0.0444444444444,0.0222222222222,-0.0222222222222,263,2,54,1661,0.829652996845,0.998797354179,0.00120264582081,0.170347003155,0.992452830189,0.829652996845,0.903780068729,0.892251409845,0.828450351025,0.824451410658,44,96,0,0,0,0
303,WLNM_dir_neg,0.825005425347,0.444065582934,00:00:02,10,70,3,1319447478,fixed,0.5,0.969696969697,0.333333333333,0.496124031008,32,1,64,191,0.333333333333,0.994791666667,0.00520833333333,0.666666666667,0.969696969697,0.333333333333,0.496124031008,0.774305555556,0.628472222222,0.392523364486,0.485622154566,0.328125,317,221,96,0,317,0,221,0,96,45,317,0.160101010101,1.84914057127,14.0888888889,10.5666666667,10.2258064516,7.62419063431,0.541149177514,0.287556957589,7.85075432263,1.1144603928,0.5825446898,8.30923789185,1.17954481115,0.603855590606,0.665156137797,0.35971096418,2.5,1.84914057127,0.665156137797,2.5,0.296598779422,0.263843648208,459,0.0323467230444,0.385590427152,45,45,45,1,0,0.333333333333,0.355555555556,0.311111111111,45,254,0.128282828283,2.62389686579,11.2888888889,8.46666666667,8.46666666667,6.48642716553,0.574585083561,0.312335958005,6.56836618524,1.16368692258,0.60384951881,6.64405255423,1.17709592496,0.612773403325,1.69418855363,0.645676503417,5.11222374326,2.69942695257,1.69574190412,5.11222374326,0.288033183965,0.245221993531,278,0.0195912614517,0.268052720538,45,43,43,0.955555555556,0,0.288888888889,0.377777777778,0.288888888889,-63,-0.0318181818182,0.774756294514,-2.8,-2.1,-1.75913978495,-1.13776346878,0.0334359060468,0.0247790004167,-1.28238813739,0.0492265297795,0.0213048290099,-1.66518533762,-0.00244888618371,0.00891781271821,1.02903241583,0.285965539237,2.61222374326,0.850286381295,1.03058576633,2.61222374326,-0.00856559545678,-0.0186216546772,-181,-0.0127554615927,-0.117537706614,-0.0444444444444,0.0222222222222,-0.0222222222222,253,1,64,1662,0.798107255521,0.99939867709,0.000601322910403,0.201892744479,0.996062992126,0.798107255521,0.886164623468,0.874525392689,0.79750593261,0.795597484277,33,96,0,0,0,0
304,WLNM_dir_neg,0.778184678819,0.407775295642,00:00:02,10,70,4,1319447479,fixed,0.5,0.971428571429,0.354166666667,0.519083969466,34,1,62,191,0.354166666667,0.994791666667,0.00520833333333,0.645833333333,0.971428571429,0.354166666667,0.519083969466,0.78125,0.626157407407,0.414860681115,0.503460638325,0.348958333333,317,221,96,0,317,0,221,0,96,45,317,0.160101010101,1.84914057127,14.0888888889,10.5666666667,10.2258064516,7.62419063431,0.541149177514,0.287556957589,7.85075432263,1.1144603928,0.5825446898,8.30923789185,1.17954481115,0.603855590606,0.665156137797,0.35971096418,2.5,1.84914057127,0.665156137797,2.5,0.296598779422,0.263843648208,459,0.0323467230444,0.385590427152,45,45,45,1,0,0.333333333333,0.355555555556,0.311111111111,45,256,0.129292929293,1.86584024709,11.3777777778,8.53333333333,8.8275862069,6.5826524389,0.578553437012,0.317100694444,6.65316815244,1.1695022143,0.609722222222,6.81182868993,1.1973917619,0.622395833333,0.675408299834,0.36198613514,2,1.88551843453,0.670040659043,2,0.252937697463,0.233160621762,270,0.0190274841438,0.284072402591,45,44,44,0.977777777778,0,0.311111111111,0.333333333333,0.333333333333,-61,-0.0308080808081,0.0166996758194,-2.71111111111,-2.03333333333,-1.39822024472,-1.04153819541,0.0374042594984,0.0295437368559,-1.19758617019,0.0550418214933,0.027177532422,-1.49740920192,0.0178469507559,0.018540242727,0.010252162037,0.00227517096019,-0.5,0.0363778632533,0.00488452124645,-0.5,-0.0436610819592,-0.0306830264468,-189,-0.0133192389006,-0.101518024561,-0.0222222222222,-0.0222222222222,0.0222222222222,255,1,62,1662,0.804416403785,0.99939867709,0.000601322910403,0.195583596215,0.99609375,0.804416403785,0.890052356021,0.878503087819,0.803815080875,0.801886792453,35,96,0,0,0,0
305,WLNM_dir_neg,0.870171440972,0.388320880971,00:00:02,10,70,5,1319447480,fixed,0.5,0.978723404255,0.479166666667,0.643356643357,46,1,50,191,0.479166666667,0.994791666667,0.00520833333333,0.520833333333,0.978723404255,0.479166666667,0.643356643357,0.822916666667,0.612268518519,0.54328358209,0.604601115653,0.473958333333,317,221,96,0,317,0,221,0,96,45,317,0.160101010101,1.84914057127,14.0888888889,10.5666666667,10.2258064516,7.62419063431,0.541149177514,0.287556957589,7.85075432263,1.1144603928,0.5825446898,8.30923789185,1.17954481115,0.603855590606,0.665156137797,0.35971096418,2.5,1.84914057127,0.665156137797,2.5,0.296598779422,0.263843648208,459,0.0323467230444,0.385590427152,45,45,45,1,0,0.333333333333,0.355555555556,0.311111111111,45,268,0.135353535354,1,11.9111111111,8.64516129032,9.24137931034,6.67703738816,0.560572168782,0.307877280265,6.7855312499,1.13936159047,0.599834162521,6.98360272859,1.17261986114,0.613101160862,0,0,0,NaN,NaN,NaN,0.291870339214,0.264540337711,329,0.02318534179,0.284192432889,45,45,0,1,2,0.311111111111,0.333333333333,0.355555555556,-49,-0.0247474747475,-0.849140571273,-2.17777777778,-1.92150537634,-0.984427141268,-0.947153246153,0.0194229912677,0.0203203226768,-1.06522307273,0.0249011976663,0.0172894727205,-1.32563516327,-0.00692495000348,0.00924557025598,-0.665156137797,-0.35971096418,-2.5,NaN,NaN,NaN,-0.00472844020794,0.0006966895026,-130,-0.0091613812544,-0.101397994263,-0.0222222222222,-0.0222222222222,0.0444444444444,267,1,50,1662,0.842271293375,0.99939867709,0.000601322910403,0.157728706625,0.996268656716,0.842271293375,0.912820512821,0.902190627357,0.841669970465,0.839622641509,47,96,0,0,0,0
306,WLNM_dir_neg,0.576605902778,0.295691034136,00:00:02,10,70,6,1319447481,fixed,0.5,0.96,0.25,0.396694214876,24,1,72,191,0.25,0.994791666667,0.00520833333333,0.75,0.96,0.25,0.396694214876,0.746527777778,0.637731481481,0.300319488818,0.409859476985,0.244791666667,317,221,96,0,317,0,221,0,96,45,317,0.160101010101,1.84914057127,14.0888888889,10.5666666667,10.2258064516,7.62419063431,0.541149177514,0.287556957589,7.85075432263,1.1144603928,0.5825446898,8.30923789185,1.17954481115,0.603855590606,0.665156137797,0.35971096418,2.5,1.84914057127,0.665156137797,2.5,0.296598779422,0.263843648208,459,0.0323467230444,0.385590427152,45,45,45,1,0,0.333333333333,0.355555555556,0.311111111111,45,246,0.124242424242,1.88997039101,10.9333333333,7.93548387097,8.48275862069,6.12891804184,0.56057177212,0.307317073171,6.23261217672,1.14011198355,0.596567299006,6.61128511782,1.20938142399,0.624751580849,0.661295342195,0.349897196983,2.55555555556,1.88997039101,0.661295342195,2.55555555556,0.257073803767,0.214623384809,227,0.0159971811135,0.274141903299,45,45,45,1,0,0.311111111111,0.333333333333,0.355555555556,-71,-0.0358585858586,0.0408298197332,-3.15555555556,-2.6311827957,-1.74304783092,-1.49527259247,0.0194225946058,0.0197601155822,-1.61814214591,0.0256515907443,0.0140226092061,-1.69795277404,0.0298366128447,0.0208959902428,-0.00386079560241,-0.00981376719667,0.0555555555556,0.0408298197332,-0.00386079560241,0.0555555555556,-0.039524975655,-0.0492202633991,-232,-0.0163495419309,-0.111448523854,-0.0222222222222,-0.0222222222222,0.0444444444444,245,1,72,1662,0.772870662461,0.99939867709,0.000601322910403,0.227129337539,0.99593495935,0.772870662461,0.870337477798,0.858524016158,0.77226933955,0.770440251572,25,96,0,0,0,0
307,WLNM_dir_neg,0.740695529514,0.54467032576,00:00:02,10,70,7,1319447482,fixed,0.5,0.95,0.197916666667,0.327586206897,19,1,77,191,0.197916666667,0.994791666667,0.00520833333333,0.802083333333,0.95,0.197916666667,0.327586206897,0.729166666667,0.643518518519,0.24025974026,0.357358676795,0.192708333333,317,221,96,0,317,0,221,0,96,45,317,0.160101010101,1.84914057127,14.0888888889,10.5666666667,10.2258064516,7.62419063431,0.541149177514,0.287556957589,7.85075432263,1.1144603928,0.5825446898,8.30923789185,1.17954481115,0.603855590606,0.665156137797,0.35971096418,2.5,1.84914057127,0.665156137797,2.5,0.296598779422,0.263843648208,459,0.0323467230444,0.385590427152,45,45,45,1,0,0.333333333333,0.355555555556,0.311111111111,45,241,0.121717171717,1.87076749907,10.7111111111,8.60714285714,8.31034482759,6.37331875236,0.595019385594,0.332503457815,6.28546503507,1.17363455012,0.614292300599,6.51974468113,1.21737971224,0.631074227755,0.771849409556,0.412584359062,3,1.93296517757,0.761511321797,3,0.236196964596,0.22712628866,235,0.0165609584214,0.278602654305,45,42,42,0.933333333333,0,0.311111111111,0.333333333333,0.288888888889,-76,-0.0383838383838,0.0216269277936,-3.37777777778,-1.95952380952,-1.91546162403,-1.25087188195,0.0538702080798,0.0449465002262,-1.56528928756,0.0591741573137,0.0317476107991,-1.78949321073,0.0378349010969,0.0272186371483,0.106693271759,0.0528733948817,0.5,0.0838246062984,0.0963551840001,0.5,-0.0604018148254,-0.0367173595487,-224,-0.015785764623,-0.106987772847,-0.0222222222222,-0.0222222222222,-0.0222222222222,240,1,77,1662,0.757097791798,0.99939867709,0.000601322910403,0.242902208202,0.995850622407,0.757097791798,0.860215053763,0.848446277616,0.756496468888,0.754716981132,20,96,0,0,0,0
308,WLNM_dir_neg,0.572428385417,0.516080492366,00:00:02,10,70,8,1319447483,fixed,0.5,0.975609756098,0.416666666667,0.583941605839,40,1,56,191,0.416666666667,0.994791666667,0.00520833333333,0.583333333333,0.975609756098,0.416666666667,0.583941605839,0.802083333333,0.619212962963,0.480243161094,0.555100589409,0.411458333333,317,221,96,0,317,0,221,0,96,45,317,0.160101010101,1.84914057127,14.0888888889,10.5666666667,10.2258064516,7.62419063431,0.541149177514,0.287556957589,7.85075432263,1.1144603928,0.5825446898,8.30923789185,1.17954481115,0.603855590606,0.665156137797,0.35971096418,2.5,1.84914057127,0.665156137797,2.5,0.296598779422,0.263843648208,459,0.0323467230444,0.385590427152,45,45,45,1,0,0.333333333333,0.355555555556,0.311111111111,45,262,0.132323232323,1.9185948791,11.6444444444,8.45161290323,9.35714285714,6.6406309789,0.570283194753,0.311704834606,6.66158897537,1.14416604539,0.6,7.03655677964,1.20856891253,0.6245971162,0.709928501553,0.370025224859,3,1.93947203544,0.704023962349,3,0.286758199231,0.244797371303,298,0.0210007047216,0.274483783924,45,44,44,0.977777777778,0,0.288888888889,0.333333333333,0.355555555556,-55,-0.0277777777778,0.0694543078272,-2.44444444444,-2.11505376344,-0.86866359447,-0.983559655405,0.0291340172392,0.0241478770171,-1.18916534726,0.0297056525851,0.0174553101998,-1.27268111221,0.0290241013874,0.0207415255938,0.0447723637563,0.0103142606795,0.5,0.0903314641703,0.0388678245522,0.5,-0.00984058019067,-0.0190462769051,-161,-0.0113460183228,-0.111106643229,-0.0444444444444,-0.0222222222222,0.0444444444444,261,1,56,1662,0.82334384858,0.99939867709,0.000601322910403,0.17665615142,0.996183206107,0.82334384858,0.901554404145,0.890384263773,0.82274252567,0.820754716981,41,96,0,0,0,0
309,WLNM_dir_neg,0.807156032986,0.446666960256,00:00:02,10,70,9,1319447484,fixed,0.5,0.973684210526,0.385416666667,0.55223880597,37,1,59,191,0.385416666667,0.994791666667,0.00520833333333,0.614583333333,0.973684210526,0.385416666667,0.55223880597,0.791666666667,0.622685185185,0.447852760736,0.52959766258,0.380208333333,317,221,96,0,317,0,221,0,96,45,317,0.160101010101,1.84914057127,14.0888888889,10.5666666667,10.2258064516,7.62419063431,0.541149177514,0.287556957589,7.85075432263,1.1144603928,0.5825446898,8.30923789185,1.17954481115,0.603855590606,0.665156137797,0.35971096418,2.5,1.84914057127,0.665156137797,2.5,0.296598779422,0.263843648208,459,0.0323467230444,0.385590427152,45,45,45,1,0,0.333333333333,0.355555555556,0.311111111111,45,259,0.130808080808,1.86169057123,11.5111111111,8.35483870968,8.93103448276,6.32679087913,0.549624690272,0.306134706135,6.44964958722,1.12059548813,0.594594594595,6.94509491903,1.20667672338,0.622737022737,0.646110127176,0.347055594071,2.5,1.86169057123,0.646110127176,2.5,0.261690260695,0.243916404237,284,0.0200140944327,0.277348520731,45,45,45,1,0,0.311111111111,0.333333333333,0.355555555556,-58,-0.0292929292929,0.0125499999586,-2.57777777778,-2.21182795699,-1.29477196885,-1.29739975518,0.00847551275815,0.0185777485462,-1.40110473541,0.00613509532492,0.0120499047944,-1.36414297282,0.0271319122371,0.0188814321306,-0.0190460106213,-0.0126553701087,0,0.0125499999586,-0.0190460106213,0,-0.0349085187267,-0.0199272439714,-175,-0.0123326286117,-0.108241906421,-0.0222222222222,-0.0222222222222,0.0444444444444,258,1,59,1662,0.813880126183,0.99939867709,0.000601322910403,0.186119873817,0.996138996139,0.813880126183,0.895833333333,0.884453269734,0.813278803273,0.811320754717,38,96,0,0,0,0
310,WLNM_dir_neg,0.596544053819,0.285958366674,00:00:02,10,70,10,1319447485,fixed,0.5,0.962962962963,0.270833333333,0.422764227642,26,1,70,191,0.270833333333,0.994791666667,0.00520833333333,0.729166666667,0.962962962963,0.270833333333,0.422764227642,0.753472222222,0.635416666667,0.32380952381,0.429588891361,0.265625,317,221,96,0,317,0,221,0,96,45,317,0.160101010101,1.84914057127,14.0888888889,10.5666666667,10.2258064516,7.62419063431,0.541149177514,0.287556957589,7.85075432263,1.1144603928,0.5825446898,8.30923789185,1.17954481115,0.603855590606,0.665156137797,0.35971096418,2.5,1.84914057127,0.665156137797,2.5,0.296598779422,0.263843648208,459,0.0323467230444,0.385590427152,45,45,45,1,0,0.333333333333,0.355555555556,0.311111111111,45,248,0.125252525253,2.09893738245,11.0222222222,8.26666666667,8.85714285714,6.24677694673,0.566743876216,0.312634408602,6.41950940572,1.16483033571,0.609856630824,6.57689558649,1.19338831206,0.61935483871,0.991953520218,0.472597957668,4,2.12391323205,0.989005235844,4,0.273678545864,0.22523364486,241,0.0169837914024,0.263010317704,45,44,44,0.977777777778,0,0.311111111111,0.311111111111,0.355555555556,-69,-0.0348484848485,0.249796811173,-3.06666666667,-2.3,-1.36866359447,-1.37741368758,0.0255946987016,0.0250774510136,-1.43124491692,0.0503699429121,0.0273119410242,-1.73234230537,0.0138435009177,0.0154992481033,0.326797382421,0.112886993488,1.5,0.274772660774,0.323849098047,1.5,-0.022920233558,-0.0386100033487,-218,-0.015362931642,-0.122580109449,-0.0222222222222,-0.0444444444444,0.0444444444444,247,1,70,1662,0.779179810726,0.99939867709,0.000601322910403,0.220820189274,0.995967741935,0.779179810726,0.874336283186,0.862538266063,0.778578487815,0.776729559748,27,96,0,0,0,0
311,WLNM_dir_neg,0.74365234375,0.450460419116,00:00:02,10,70,11,1319447486,fixed,0.5,1,0.395833333333,0.567164179104,38,0,58,192,0.395833333333,1,0,0.604166666667,1,0.395833333333,0.567164179104,0.798611111111,0.622685185185,0.466257668712,0.551361950084,0.395833333333,317,221,96,0,317,0,221,0,96,45,317,0.160101010101,1.84914057127,14.0888888889,10.5666666667,10.2258064516,7.62419063431,0.541149177514,0.287556957589,7.85075432263,1.1144603928,0.5825446898,8.30923789185,1.17954481115,0.603855590606,0.665156137797,0.35971096418,2.5,1.84914057127,0.665156137797,2.5,0.296598779422,0.263843648208,459,0.0323467230444,0.385590427152,45,45,45,1,0,0.333333333333,0.355555555556,0.311111111111,45,259,0.130808080808,1.6464311234,11.5111111111,9.59259259259,8.93103448276,6.45833577713,0.561052335851,0.307078507079,6.65772127122,1.15674693902,0.606435006435,7.00375079886,1.21686789942,0.628743028743,0.54283792064,0.329705818193,1.42029349876,1.66879525126,0.540637576038,1.42029349876,0.200115359301,0.224259520451,265,0.0186751233263,0.338218233927,45,42,42,0.933333333333,0,0.377777777778,0.266666666667,0.333333333333,-58,-0.0292929292929,-0.202709447873,-2.57777777778,-0.974074074074,-1.29477196885,-1.16585485718,0.0199031583366,0.01952154949,-1.19303305141,0.0422865462122,0.0238903166348,-1.305487093,0.0373230882692,0.0248874381366,-0.122318217157,-0.0300051459866,-1.07970650124,-0.180345320011,-0.124518561759,-1.07970650124,-0.0964834201205,-0.0395841277571,-194,-0.0136715997181,-0.0473721932251,0.0444444444444,-0.0888888888889,0.0222222222222,259,0,58,1663,0.817034700315,1,0,0.182965299685,1,0.817034700315,0.899305555556,0.888537865824,0.817034700315,0.817034700315,38,96,0,0,0,0
312,WLNM_dir_neg,0.593587239583,0.281329427016,00:00:02,10,70,12,1319447487,fixed,0.5,1,0.3125,0.47619047619,30,0,66,192,0.3125,1,0,0.6875,1,0.3125,0.47619047619,0.770833333333,0.631944444444,0.377358490566,0.48224282217,0.3125,317,221,96,0,317,0,221,0,96,45,317,0.160101010101,1.84914057127,14.0888888889,10.5666666667,10.2258064516,7.62419063431,0.541149177514,0.287556957589,7.85075432263,1.1144603928,0.5825446898,8.30923789185,1.17954481115,0.603855590606,0.665156137797,0.35971096418,2.5,1.84914057127,0.665156137797,2.5,0.296598779422,0.263843648208,459,0.0323467230444,0.385590427152,45,45,45,1,0,0.333333333333,0.355555555556,0.311111111111,45,251,0.126767676768,1.85444862973,11.1555555556,8.65517241379,8.09677419355,6.50508736422,0.583125361335,0.319344842851,6.69629778612,1.2005314756,0.618680832227,6.61090314587,1.18522167954,0.617618415228,0.718433961183,0.387411087946,2.5,1.87386791677,0.714693111006,2.5,0.260666058658,0.239715892276,270,0.0190274841438,0.27119010201,45,44,44,0.977777777778,0,0.333333333333,0.355555555556,0.288888888889,-66,-0.0333333333333,0.00530805845553,-2.93333333333,-1.91149425287,-2.12903225806,-1.11910327009,0.0419761838206,0.0317878852623,-1.15445653651,0.0860710827965,0.0361361424264,-1.69833474599,0.00567686839142,0.0137628246216,0.0532778233863,0.0277001237661,0,0.0247273454948,0.0495369732091,0,-0.0359327207642,-0.0241277559326,-189,-0.0133192389006,-0.114400325142,0,0,-0.0222222222222,251,0,66,1663,0.791798107256,1,0,0.208201892744,1,0.791798107256,0.883802816901,0.872681677153,0.791798107256,0.791798107256,30,96,0,0,0,0
313,WLNM_dir_neg,0.704616970486,0.281184968156,00:00:02,10,70,13,1319447488,fixed,0.5,1,0.395833333333,0.567164179104,38,0,58,192,0.395833333333,1,0,0.604166666667,1,0.395833333333,0.567164179104,0.798611111111,0.622685185185,0.466257668712,0.551361950084,0.395833333333,317,221,96,0,317,0,221,0,96,45,317,0.160101010101,1.84914057127,14.0888888889,10.5666666667,10.2258064516,7.62419063431,0.541149177514,0.287556957589,7.85075432263,1.1144603928,0.5825446898,8.30923789185,1.17954481115,0.603855590606,0.665156137797,0.35971096418,2.5,1.84914057127,0.665156137797,2.5,0.296598779422,0.263843648208,459,0.0323467230444,0.385590427152,45,45,45,1,0,0.333333333333,0.355555555556,0.311111111111,45,259,0.130808080808,1.64485029613,11.5111111111,9.96153846154,9.25,6.69675030492,0.581764022628,0.321063921064,6.72902652542,1.16913588279,0.6145002145,7.0102378236,1.21799498866,0.629257829258,0.579243646411,0.352155845292,2,1.67484333316,0.575133008166,2,0.180616065044,0.237870806765,286,0.0201550387597,0.34000919651,45,43,43,0.955555555556,0,0.377777777778,0.244444444444,0.333333333333,-58,-0.0292929292929,-0.204290275147,-2.57777777778,-0.605128205128,-0.975806451613,-0.927440329387,0.0406148451143,0.0335069634754,-1.12172779721,0.0546754899921,0.0319555247,-1.29900006825,0.0384501775098,0.0254022386514,-0.0859124913863,-0.00755511888833,-0.5,-0.174297238117,-0.0900231296306,-0.5,-0.115982714378,-0.0259728414438,-173,-0.0121916842847,-0.0455812306425,0.0444444444444,-0.111111111111,0.0222222222222,259,0,58,1663,0.817034700315,1,0,0.182965299685,1,0.817034700315,0.899305555556,0.888537865824,0.817034700315,0.817034700315,38,96,0,0,0,0
314,WLNM_dir_neg,0.796305338542,0.563930153028,00:00:02,10,70,14,1319447489,fixed,0.5,0.918918918919,0.354166666667,0.511278195489,34,3,62,189,0.354166666667,0.984375,0.015625,0.645833333333,0.918918918919,0.354166666667,0.511278195489,0.774305555556,0.623842592593,0.4,0.476936583165,0.338541666667,317,221,96,0,317,0,221,0,96,45,317,0.160101010101,1.84914057127,14.0888888889,10.5666666667,10.2258064516,7.62419063431,0.541149177514,0.287556957589,7.85075432263,1.1144603928,0.5825446898,8.30923789185,1.17954481115,0.603855590606,0.665156137797,0.35971096418,2.5,1.84914057127,0.665156137797,2.5,0.296598779422,0.263843648208,459,0.0323467230444,0.385590427152,45,45,45,1,0,0.333333333333,0.355555555556,0.311111111111,45,258,0.130303030303,2.27524900782,11.4666666667,8.6,8.89655172414,6.82109028875,0.594862525182,0.328940568475,6.63119350289,1.15660351795,0.604651162791,7.0723533437,1.23355000181,0.633763996555,1.04234557817,0.458123737043,3,2.33456291516,1.02819200221,3,0.240446960446,0.21822813473,257,0.0181113460183,0.280099824133,45,43,43,0.955555555556,0,0.288888888889,0.355555555556,0.311111111111,-59,-0.029797979798,0.426108436549,-2.62222222222,-1.96666666667,-1.32925472747,-0.803100345559,0.0537133476676,0.0413836108869,-1.21956081975,0.0421431251425,0.0221064729905,-1.23688454815,0.054005190662,0.0299084059483,0.37718944037,0.0984127728632,0.5,0.485422343889,0.363035864416,0.5,-0.0561518189755,-0.0456155134788,-202,-0.0142353770261,-0.105490603019,-0.0444444444444,0,0,255,3,62,1660,0.804416403785,0.998196031269,0.00180396873121,0.195583596215,0.988372093023,0.804416403785,0.886956521739,0.87428940055,0.802612435054,0.796875,37,96,0,0,0,0
315,WLNM_dir_neg,0.783013237847,0.290395880079,00:00:02,10,70,15,1319447490,fixed,0.5,0.978723404255,0.479166666667,0.643356643357,46,1,50,191,0.479166666667,0.994791666667,0.00520833333333,0.520833333333,0.978723404255,0.479166666667,0.643356643357,0.822916666667,0.612268518519,0.54328358209,0.604601115653,0.473958333333,317,221,96,0,317,0,221,0,96,45,317,0.160101010101,1.84914057127,14.0888888889,10.5666666667,10.2258064516,7.62419063431,0.541149177514,0.287556957589,7.85075432263,1.1144603928,0.5825446898,8.30923789185,1.17954481115,0.603855590606,0.665156137797,0.35971096418,2.5,1.84914057127,0.665156137797,2.5,0.296598779422,0.263843648208,459,0.0323467230444,0.385590427152,45,45,45,1,0,0.333333333333,0.355555555556,0.311111111111,45,268,0.135353535354,1.88387132505,11.9111111111,8.64516129032,9.92592592593,6.57413050671,0.551932598511,0.29767827529,6.68089390983,1.12179188784,0.59087893864,7.23927280237,1.21554953771,0.627529021559,0.668471606217,0.354839312711,2.5,1.88387132505,0.668471606217,2.5,0.294066950191,0.241986337362,307,0.0216349541931,0.30222782267,45,45,45,1,0,0.311111111111,0.288888888889,0.4,-49,-0.0247474747475,0.0347307537747,-2.17777777778,-1.92150537634,-0.299880525687,-1.0500601276,0.0107834209967,0.0101213177017,-1.16986041281,0.00733149504102,0.00833424883992,-1.06996508949,0.0360047265641,0.0236734309525,0.00331546841994,-0.00487165146846,0,0.0347307537747,0.00331546841994,0,-0.00253182923084,-0.0218573108464,-152,-0.0107117688513,-0.0833626044818,-0.0222222222222,-0.0666666666667,0.0888888888889,267,1,50,1662,0.842271293375,0.99939867709,0.000601322910403,0.157728706625,0.996268656716,0.842271293375,0.912820512821,0.902190627357,0.841669970465,0.839622641509,47,96,0,0,0,0
316,WLNM_dir_neg,0.782850477431,0.274962678298,00:00:02,10,70,16,1319447491,fixed,0.5,0.979166666667,0.489583333333,0.652777777778,47,1,49,191,0.489583333333,0.994791666667,0.00520833333333,0.510416666667,0.979166666667,0.489583333333,0.652777777778,0.826388888889,0.611111111111,0.553571428571,0.612691296658,0.484375,317,221,96,0,317,0,221,0,96,45,317,0.160101010101,1.84914057127,14.0888888889,10.5666666667,10.2258064516,7.62419063431,0.541149177514,0.287556957589,7.85075432263,1.1144603928,0.5825446898,8.30923789185,1.17954481115,0.603855590606,0.665156137797,0.35971096418,2.5,1.84914057127,0.665156137797,2.5,0.296598779422,0.263843648208,459,0.0323467230444,0.385590427152,45,45,45,1,0,0.333333333333,0.355555555556,0.311111111111,45,269,0.135858585859,1,11.9555555556,8.96666666667,9.60714285714,6.67749121219,0.558526216633,0.305163155721,6.7973553978,1.13710406283,0.600247831475,7.3252021036,1.22540555636,0.627344072697,0,0,0,NaN,NaN,NaN,0.262578022296,0.24525884162,319,0.022480620155,0.307152800746,45,44,0,0.977777777778,2,0.311111111111,0.311111111111,0.355555555556,-48,-0.0242424242424,-0.849140571273,-2.13333333333,-1.6,-0.61866359447,-0.946699422118,0.017377039119,0.0176061981323,-1.05339892483,0.0226436700267,0.0177031416744,-0.984035788255,0.0458607452177,0.0234884820909,-0.665156137797,-0.35971096418,-2.5,NaN,NaN,NaN,-0.0340207571259,-0.0185848065888,-140,-0.00986610288936,-0.078437626406,-0.0222222222222,-0.0444444444444,0.0444444444444,268,1,49,1662,0.845425867508,0.99939867709,0.000601322910403,0.154574132492,0.996282527881,0.845425867508,0.914675767918,0.904151347388,0.844824544597,0.842767295597,48,96,0,0,0,0
317,WLNM_dir_neg,0.750868055556,0.296349240192,00:00:02,10,70,17,1319447492,fixed,0.5,1,0.4375,0.608695652174,42,0,54,192,0.4375,1,0,0.5625,1,0.4375,0.608695652174,0.8125,0.618055555556,0.509090909091,0.584348709791,0.4375,317,221,96,0,317,0,221,0,96,45,317,0.160101010101,1.84914057127,14.0888888889,10.5666666667,10.2258064516,7.62419063431,0.541149177514,0.287556957589,7.85075432263,1.1144603928,0.5825446898,8.30923789185,1.17954481115,0.603855590606,0.665156137797,0.35971096418,2.5,1.84914057127,0.665156137797,2.5,0.296598779422,0.263843648208,459,0.0323467230444,0.385590427152,45,45,45,1,0,0.333333333333,0.355555555556,0.311111111111,45,263,0.132828282828,1.71243868848,11.6888888889,9.06896551724,9.06896551724,6.75150563081,0.577600291609,0.320236586396,6.78218105022,1.16044922913,0.609885931559,7.0063463295,1.19880450505,0.620870299958,0.559542039262,0.326751575415,2,1.71243868848,0.559542039262,2,0.195936792783,0.267943874798,331,0.023326286117,0.306079215098,45,45,45,1,0,0.355555555556,0.288888888889,0.355555555556,-54,-0.0272727272727,-0.136701882793,-2.4,-1.49770114943,-1.15684093437,-0.872685003501,0.036451114095,0.0326796288078,-1.06857327241,0.0459888363225,0.0273412417587,-1.30289156236,0.0192596939008,0.0170147093514,-0.105614098535,-0.032959388765,-0.5,-0.136701882793,-0.105614098535,-0.5,-0.100661986638,0.00410022658916,-128,-0.00902043692741,-0.0795112120548,0.0222222222222,-0.0666666666667,0.0444444444444,263,0,54,1663,0.829652996845,1,0,0.170347003155,1,0.829652996845,0.906896551724,0.896415216836,0.829652996845,0.829652996845,42,96,0,0,0,0
318,WLNM_dir_neg,0.728488498264,0.374336528221,00:00:02,10,70,18,1319447493,fixed,0.5,1,0.322916666667,0.488188976378,31,0,65,192,0.322916666667,1,0,0.677083333333,1,0.322916666667,0.488188976378,0.774305555556,0.630787037037,0.388714733542,0.491167116353,0.322916666667,317,221,96,0,317,0,221,0,96,45,317,0.160101010101,1.84914057127,14.0888888889,10.5666666667,10.2258064516,7.62419063431,0.541149177514,0.287556957589,7.85075432263,1.1144603928,0.5825446898,8.30923789185,1.17954481115,0.603855590606,0.665156137797,0.35971096418,2.5,1.84914057127,0.665156137797,2.5,0.296598779422,0.263843648208,459,0.0323467230444,0.385590427152,45,45,45,1,0,0.333333333333,0.355555555556,0.311111111111,45,252,0.127272727273,1.69343555306,11.2,9,8.68965517241,6.27983786704,0.560699809558,0.311463844797,6.41518085907,1.14556801055,0.603527336861,6.75345029663,1.20597326726,0.624691358025,0.570576613653,0.336934353729,2,1.70919545199,0.567178988803,2,0.179868532525,0.233742882829,260,0.0183227625088,0.303300995865,45,44,44,0.977777777778,0,0.355555555556,0.288888888889,0.333333333333,-65,-0.0328282828283,-0.155705018213,-2.88888888889,-1.56666666667,-1.5361512792,-1.34435276726,0.0195506320435,0.0239068872087,-1.43557346357,0.0311076177449,0.0209826470605,-1.55578759522,0.0264284561093,0.0208357674183,-0.0945795241441,-0.0227766104506,-0.5,-0.139945119279,-0.0979771489938,-0.5,-0.116730246897,-0.0301007653796,-199,-0.0140239605356,-0.0822894312871,0.0222222222222,-0.0666666666667,0.0222222222222,252,0,65,1663,0.794952681388,1,0,0.205047318612,1,0.794952681388,0.885764499121,0.874671336802,0.794952681388,0.794952681388,31,96,0,0,0,0
319,WLNM_dir_neg,0.873019748264,0.462583510795,00:00:02,10,70,19,1319447494,fixed,0.5,0.947368421053,0.375,0.537313432836,36,2,60,190,0.375,0.989583333333,0.0104166666667,0.625,0.947368421053,0.375,0.537313432836,0.784722222222,0.622685185185,0.429447852761,0.507833375077,0.364583333333,317,221,96,0,317,0,221,0,96,45,317,0.160101010101,1.84914057127,14.0888888889,10.5666666667,10.2258064516,7.62419063431,0.541149177514,0.287556957589,7.85075432263,1.1144603928,0.5825446898,8.30923789185,1.17954481115,0.603855590606,0.665156137797,0.35971096418,2.5,1.84914057127,0.665156137797,2.5,0.296598779422,0.263843648208,459,0.0323467230444,0.385590427152,45,45,45,1,0,0.333333333333,0.355555555556,0.311111111111,45,259,0.130808080808,1.87854526372,11.5111111111,8.63333333333,8.35483870968,6.3303820875,0.549936667833,0.290948090948,6.57528276459,1.14242364636,0.598884598885,6.97122512891,1.21121672124,0.617589017589,0.698653002607,0.371911721319,2.5,1.89851220153,0.693620785665,2.5,0.237736273997,0.20198019802,238,0.0167723749119,0.282952996129,45,44,44,0.977777777778,0,0.311111111111,0.377777777778,0.288888888889,-58,-0.0292929292929,0.0294046924468,-2.57777777778,-1.93333333333,-1.87096774194,-1.29380854681,0.00878749031895,0.00339113335959,-1.27547155804,0.0279632535549,0.0163399090844,-1.33801276294,0.031671910093,0.0137334269826,0.0334968648098,0.0122007571396,0,0.0493716302587,0.0284646478686,0,-0.058862505425,-0.0618634501887,-221,-0.0155743481325,-0.102637431024,-0.0222222222222,0.0222222222222,-0.0222222222222,257,2,60,1661,0.81072555205,0.998797354179,0.00120264582081,0.18927444795,0.992277992278,0.81072555205,0.892361111111,0.880368673643,0.80952290623,0.805642633229,38,96,0,0,0,0
320,WLNM_dir_neg,0.837348090278,0.461744041025,00:00:02,10,70,20,1319447495,fixed,0.5,1,0.3125,0.47619047619,30,0,66,192,0.3125,1,0,0.6875,1,0.3125,0.47619047619,0.770833333333,0.631944444444,0.377358490566,0.48224282217,0.3125,317,221,96,0,317,0,221,0,96,45,317,0.160101010101,1.84914057127,14.0888888889,10.5666666667,10.2258064516,7.62419063431,0.541149177514,0.287556957589,7.85075432263,1.1144603928,0.5825446898,8.30923789185,1.17954481115,0.603855590606,0.665156137797,0.35971096418,2.5,1.84914057127,0.665156137797,2.5,0.296598779422,0.263843648208,459,0.0323467230444,0.385590427152,45,45,45,1,0,0.333333333333,0.355555555556,0.311111111111,45,251,0.126767676768,1.8156899109,11.1555555556,8.65517241379,8.65517241379,6.53645565465,0.585937259879,0.327135900841,6.52439091162,1.16971151802,0.612306330235,6.62807009101,1.18829941871,0.618503762727,0.670309156535,0.369176009907,2.5,1.85362897652,0.661478124519,2.5,0.282678481657,0.265550239234,296,0.0208597603946,0.28565014803,45,43,43,0.955555555556,0,0.311111111111,0.333333333333,0.311111111111,-66,-0.0333333333333,-0.0334506603725,-2.93333333333,-1.91149425287,-1.57063403782,-1.08773497966,0.0447880823653,0.0395789432526,-1.32636341101,0.0552511252174,0.0297616404344,-1.68116780085,0.00875460756002,0.0146481721205,0.00515301873835,0.00946504572737,0,0.00448840525078,-0.00367801327768,0,-0.0139202977645,0.00170659102598,-163,-0.0114869626498,-0.099940279122,-0.0222222222222,-0.0222222222222,0,251,0,66,1663,0.791798107256,1,0,0.208201892744,1,0.791798107256,0.883802816901,0.872681677153,0.791798107256,0.791798107256,30,96,0,0,0,0
321,WLNM_dir_neg,0.900851779514,0.523780854126,00:00:02,10,70,21,1319447496,fixed,0.5,1,0.40625,0.577777777778,39,0,57,192,0.40625,1,0,0.59375,1,0.40625,0.577777777778,0.802083333333,0.621527777778,0.477064220183,0.559690103583,0.40625,317,221,96,0,317,0,221,0,96,45,317,0.160101010101,1.84914057127,14.0888888889,10.5666666667,10.2258064516,7.62419063431,0.541149177514,0.287556957589,7.85075432263,1.1144603928,0.5825446898,8.30923789185,1.17954481115,0.603855590606,0.665156137797,0.35971096418,2.5,1.84914057127,0.665156137797,2.5,0.296598779422,0.263843648208,459,0.0323467230444,0.385590427152,45,45,45,1,0,0.333333333333,0.355555555556,0.311111111111,45,260,0.131313131313,1.67177180491,11.5555555556,9.28571428571,10.4,6.36237361209,0.550590024123,0.29905982906,6.50135960916,1.12523531697,0.592820512821,7.08676387516,1.22655528608,0.633162393162,0.536827577435,0.321112950857,1.37081004019,1.68703934594,0.533059524707,1.37081004019,0.180432136897,0.216087443946,257,0.0181113460183,0.336643048157,45,44,44,0.977777777778,0,0.355555555556,0.2,0.422222222222,-57,-0.0287878787879,-0.177368766359,-2.53333333333,-1.28095238095,0.174193548387,-1.26181702222,0.00944084660899,0.0115028714713,-1.34939471347,0.010774924168,0.0102758230203,-1.2224740167,0.0470104749382,0.029306802556,-0.128328560362,-0.0385980133234,-1.12918995981,-0.162101225338,-0.132096613089,-1.12918995981,-0.116166642524,-0.0477562042623,-202,-0.0142353770261,-0.0489473789949,0.0222222222222,-0.155555555556,0.111111111111,260,0,57,1663,0.820189274448,1,0,0.179810725552,1,0.820189274448,0.901213171577,0.890510293807,0.820189274448,0.820189274448,39,96,0,0,0,0
322,WLNM_dir_neg,0.777994791667,0.302298297839,00:00:02,10,70,22,1319447497,fixed,0.5,1,0.479166666667,0.647887323944,46,0,50,192,0.479166666667,1,0,0.520833333333,1,0.479166666667,0.647887323944,0.826388888889,0.613425925926,0.550898203593,0.616575453011,0.479166666667,317,221,96,0,317,0,221,0,96,45,317,0.160101010101,1.84914057127,14.0888888889,10.5666666667,10.2258064516,7.62419063431,0.541149177514,0.287556957589,7.85075432263,1.1144603928,0.5825446898,8.30923789185,1.17954481115,0.603855590606,0.665156137797,0.35971096418,2.5,1.84914057127,0.665156137797,2.5,0.296598779422,0.263843648208,459,0.0323467230444,0.385590427152,45,45,45,1,0,0.333333333333,0.355555555556,0.311111111111,45,267,0.134848484848,1.89419656713,11.8666666667,8.9,9.53571428571,6.86757863906,0.578728536999,0.316021639617,6.85698051756,1.15567087375,0.604411152726,7.07877750103,1.19305238781,0.619059508947,0.738911540222,0.390092323597,3,1.89419656713,0.738911540222,3,0.265647439664,0.266613924051,337,0.023749119098,0.286066480559,45,45,45,1,0,0.333333333333,0.288888888889,0.377777777778,-50,-0.0252525252525,0.0450559958603,-2.22222222222,-1.66666666667,-0.690092165899,-0.756611995252,0.0375793594852,0.0284646820286,-0.993773805074,0.0412104809431,0.0218664629255,-1.23046039082,0.0135075766675,0.0152039183408,0.0737554024249,0.0303813594167,0.5,0.0450559958603,0.0737554024249,0.5,-0.0309513397577,0.00277027584216,-122,-0.00859760394644,-0.0995239465935,0,-0.0666666666667,0.0666666666667,267,0,50,1663,0.842271293375,1,0,0.157728706625,1,0.842271293375,0.914383561644,0.904260255018,0.842271293375,0.842271293375,46,96,0,0,0,0
323,WLNM_dir_neg,0.875678168403,0.343290894922,00:00:02,10,70,23,1319447498,fixed,0.5,0.960784313725,0.510416666667,0.666666666667,49,2,47,190,0.510416666667,0.989583333333,0.0104166666667,0.489583333333,0.960784313725,0.510416666667,0.666666666667,0.829861111111,0.607638888889,0.566371681416,0.617443146143,0.5,317,221,96,0,317,0,221,0,96,45,317,0.160101010101,1.84914057127,14.0888888889,10.5666666667,10.2258064516,7.62419063431,0.541149177514,0.287556957589,7.85075432263,1.1144603928,0.5825446898,8.30923789185,1.17954481115,0.603855590606,0.665156137797,0.35971096418,2.5,1.84914057127,0.665156137797,2.5,0.296598779422,0.263843648208,459,0.0323467230444,0.385590427152,45,45,45,1,0,0.333333333333,0.355555555556,0.311111111111,45,272,0.137373737374,1,12.0888888889,8.77419354839,9.37931034483,6.71098902826,0.555136960058,0.304575163399,6.76540516678,1.11927659009,0.591830065359,7.25808500776,1.20078612261,0.622058823529,0,0,0,NaN,NaN,NaN,0.259318605034,0.244329896907,316,0.0222692036646,0.294926018539,45,44,0,0.977777777778,2,0.288888888889,0.355555555556,0.333333333333,-45,-0.0227272727273,-0.849140571273,-2,-1.79247311828,-0.846496106785,-0.913201606053,0.0139877825439,0.0170182058102,-1.08534915585,0.00481619728963,0.00928537555927,-1.0511528841,0.02124131146,0.018203232923,-0.665156137797,-0.35971096418,-2.5,NaN,NaN,NaN,-0.0372801743876,-0.0195137513013,-143,-0.0100775193798,-0.0906644086137,-0.0444444444444,0,0.0222222222222,270,2,47,1661,0.851735015773,0.998797354179,0.00120264582081,0.148264984227,0.992647058824,0.851735015773,0.916808149406,0.906020902739,0.850532369952,0.846394984326,51,96,0,0,0,0
324,WLNM_dir_neg,0.857883029514,0.30729698495,00:00:02,10,70,24,1319447499,fixed,0.5,0.980769230769,0.53125,0.689189189189,51,1,45,191,0.53125,0.994791666667,0.00520833333333,0.46875,0.980769230769,0.53125,0.689189189189,0.840277777778,0.606481481481,0.594117647059,0.644686688,0.526041666667,317,221,96,0,317,0,221,0,96,45,317,0.160101010101,1.84914057127,14.0888888889,10.5666666667,10.2258064516,7.62419063431,0.541149177514,0.287556957589,7.85075432263,1.1144603928,0.5825446898,8.30923789185,1.17954481115,0.603855590606,0.665156137797,0.35971096418,2.5,1.84914057127,0.665156137797,2.5,0.296598779422,0.263843648208,459,0.0323467230444,0.385590427152,45,45,45,1,0,0.333333333333,0.355555555556,0.311111111111,45,273,0.137878787879,2.01409409723,12.1333333333,9.1,9.1,6.76084986589,0.557212901035,0.301424501425,6.89334329757,1.13626537872,0.598453398453,7.32182292254,1.20689388833,0.621082621083,0.850012684128,0.422032260209,2.5,2.01409409723,0.850012684128,2.5,0.289518162866,0.240670220868,316,0.0222692036646,0.313221196709,45,45,45,1,0,0.333333333333,0.333333333333,0.333333333333,-44,-0.0222222222222,0.16495352596,-1.95555555556,-1.46666666667,-1.12580645161,-0.86334076842,0.0160637235208,0.013867543836,-0.957411025061,0.0218049859179,0.0159087086532,-0.987414969311,0.0273490771849,0.0172270304762,0.184856546331,0.0623212960288,0,0.16495352596,0.184856546331,0,-0.00708061655609,-0.0231734273402,-143,-0.0100775193798,-0.0723692304437,0,-0.0222222222222,0.0222222222222,272,1,45,1662,0.858044164038,0.99939867709,0.000601322910403,0.141955835962,0.996336996337,0.858044164038,0.922033898305,0.911974826149,0.857442841127,0.85534591195,52,96,0,0,0,0
325,WLNM_dir_neg,0.699001736111,0.244802379727,00:00:02,10,70,25,1319447500,fixed,0.5,0.977777777778,0.458333333333,0.624113475177,44,1,52,191,0.458333333333,0.994791666667,0.00520833333333,0.541666666667,0.977777777778,0.458333333333,0.624113475177,0.815972222222,0.614583333333,0.522522522523,0.588294598802,0.453125,317,221,96,0,317,0,221,0,96,45,317,0.160101010101,1.84914057127,14.0888888889,10.5666666667,10.2258064516,7.62419063431,0.541149177514,0.287556957589,7.85075432263,1.1144603928,0.5825446898,8.30923789185,1.17954481115,0.603855590606,0.665156137797,0.35971096418,2.5,1.84914057127,0.665156137797,2.5,0.296598779422,0.263843648208,459,0.0323467230444,0.385590427152,45,45,45,1,0,0.333333333333,0.355555555556,0.311111111111,45,266,0.134343434343,1,11.8222222222,9.5,8.86666666667,6.88967900324,0.582773599898,0.313032581454,6.98967492488,1.18246380308,0.61186299081,6.96034946296,1.1775027287,0.613199665831,0,0,0,NaN,NaN,NaN,0.255826060448,0.249601275917,313,0.0220577871741,0.316682162709,45,43,0,0.955555555556,2,0.333333333333,0.333333333333,0.288888888889,-51,-0.0257575757576,-0.849140571273,-2.26666666667,-1.06666666667,-1.35913978495,-0.73451163107,0.041624422384,0.0254756238651,-0.861079397749,0.0680034102791,0.0293183010101,-1.3488884289,-0.00204208245109,0.00934407522487,-0.665156137797,-0.35971096418,-2.5,NaN,NaN,NaN,-0.0407727189742,-0.0142423722914,-146,-0.0102889358703,-0.0689082644435,0,-0.0222222222222,-0.0222222222222,265,1,52,1662,0.83596214511,0.99939867709,0.000601322910403,0.16403785489,0.996240601504,0.83596214511,0.909090909091,0.898263249716,0.8353608222,0.833333333333,45,96,0,0,0,0
326,WLNM_dir_neg,0.682698567708,0.359707311384,00:00:02,10,70,26,1319447501,fixed,0.5,0.9375,0.3125,0.46875,30,2,66,190,0.3125,0.989583333333,0.0104166666667,0.6875,0.9375,0.3125,0.46875,0.763888888889,0.62962962963,0.3625,0.453125,0.302083333333,317,221,96,0,317,0,221,0,96,45,317,0.160101010101,1.84914057127,14.0888888889,10.5666666667,10.2258064516,7.62419063431,0.541149177514,0.287556957589,7.85075432263,1.1144603928,0.5825446898,8.30923789185,1.17954481115,0.603855590606,0.665156137797,0.35971096418,2.5,1.84914057127,0.665156137797,2.5,0.296598779422,0.263843648208,459,0.0323467230444,0.385590427152,45,45,45,1,0,0.333333333333,0.355555555556,0.311111111111,45,253,0.127777777778,1.96266510399,11.2444444444,8.16129032258,9.03571428571,6.53715101817,0.58136718541,0.323320158103,6.63423931684,1.18000304055,0.612384716733,6.68882680598,1.18971227774,0.620465524813,0.706859737705,0.360153006373,2,1.96266510399,0.706859737705,2,0.208551577201,0.266647365373,307,0.0216349541931,0.262011817612,45,45,45,1,0,0.311111111111,0.311111111111,0.377777777778,-64,-0.0323232323232,0.113524532717,-2.84444444444,-2.40537634409,-1.1900921659,-1.08703961614,0.0402180078962,0.0357632005143,-1.21651500579,0.0655426477422,0.0298400269323,-1.62041108587,0.010167466597,0.016609934207,0.0417035999081,0.000442042192935,-0.5,0.113524532717,0.0417035999081,-0.5,-0.0880472022205,0.00280371716501,-152,-0.0107117688513,-0.123578609541,-0.0222222222222,-0.0444444444444,0.0666666666667,251,2,66,1661,0.791798107256,0.998797354179,0.00120264582081,0.208201892744,0.99209486166,0.791798107256,0.880701754386,0.868407655223,0.790595461435,0.786833855799,32,96,0,0,0,0
327,WLNM_dir_neg,0.863661024306,0.468274844109,00:00:03,10,70,27,1319447502,fixed,0.5,1,0.364583333333,0.534351145038,35,0,61,192,0.364583333333,1,0,0.635416666667,1,0.364583333333,0.534351145038,0.788194444444,0.626157407407,0.433436532508,0.526003651981,0.364583333333,317,221,96,0,317,0,221,0,96,45,317,0.160101010101,1.84914057127,14.0888888889,10.5666666667,10.2258064516,7.62419063431,0.541149177514,0.287556957589,7.85075432263,1.1144603928,0.5825446898,8.30923789185,1.17954481115,0.603855590606,0.665156137797,0.35971096418,2.5,1.84914057127,0.665156137797,2.5,0.296598779422,0.263843648208,459,0.0323467230444,0.385590427152,45,45,45,1,0,0.333333333333,0.355555555556,0.311111111111,45,256,0.129292929293,1.69974263416,11.3777777778,9.84615384615,8.8275862069,6.7091826114,0.589674252955,0.327170138889,6.75150563081,1.18678809917,0.621006944444,6.74139930923,1.18501159733,0.617708333333,0.623422115159,0.366774417861,1.5,1.74972425089,0.615391682031,1.5,0.277658477954,0.274504249292,323,0.022762508809,0.325053874085,45,42,42,0.933333333333,0,0.355555555556,0.288888888889,0.288888888889,-61,-0.0308080808081,-0.149397937112,-2.71111111111,-0.720512820513,-1.39822024472,-0.915008022907,0.0485250754412,0.0396131813004,-1.09924869183,0.0723277063626,0.0384622546442,-1.56783858263,0.00546678617873,0.013852742727,-0.041734022638,0.00706345368155,-1,-0.0994163203859,-0.0497644557662,-1,-0.0189403014682,0.0106606010833,-136,-0.00958421423538,-0.060536553067,0.0222222222222,-0.0666666666667,-0.0222222222222,256,0,61,1663,0.807570977918,1,0,0.192429022082,1,0.807570977918,0.893542757417,0.882607971178,0.807570977918,0.807570977918,35,96,0,0,0,0
328,WLNM_dir_neg,0.828260633681,0.496206711129,00:00:02,10,70,28,1319447503,fixed,0.5,0.96,0.25,0.396694214876,24,1,72,191,0.25,0.994791666667,0.00520833333333,0.75,0.96,0.25,0.396694214876,0.746527777778,0.637731481481,0.300319488818,0.409859476985,0.244791666667,317,221,96,0,317,0,221,0,96,45,317,0.160101010101,1.84914057127,14.0888888889,10.5666666667,10.2258064516,7.62419063431,0.541149177514,0.287556957589,7.85075432263,1.1144603928,0.5825446898,8.30923789185,1.17954481115,0.603855590606,0.665156137797,0.35971096418,2.5,1.84914057127,0.665156137797,2.5,0.296598779422,0.263843648208,459,0.0323467230444,0.385590427152,45,45,45,1,0,0.333333333333,0.355555555556,0.311111111111,45,246,0.124242424242,1.82093901515,10.9333333333,8.2,9.11111111111,6.25009090843,0.571654656259,0.309575429088,6.36967246197,1.16518398694,0.605420054201,6.50034964095,1.18908834895,0.616621499548,0.622109512597,0.34164214585,2,1.83959672004,0.616434479529,2,0.284580861676,0.235567970205,253,0.0178294573643,0.282203494032,45,44,44,0.977777777778,0,0.311111111111,0.288888888889,0.377777777778,-71,-0.0358585858586,-0.0282015561234,-3.15555555556,-2.36666666667,-1.1146953405,-1.37409972588,0.0305054787448,0.0220184714991,-1.48108186067,0.0507235941422,0.0228753644003,-1.80888825091,0.00954353780695,0.0127659089419,-0.0430466251995,-0.0180688183301,-0.5,-0.00954385123362,-0.0487216582677,-0.5,-0.0120179177453,-0.0282756780036,-206,-0.0145172656801,-0.10338693312,-0.0222222222222,-0.0666666666667,0.0666666666667,245,1,72,1662,0.772870662461,0.99939867709,0.000601322910403,0.227129337539,0.99593495935,0.772870662461,0.870337477798,0.858524016158,0.77226933955,0.770440251572,25,96,0,0,0,0
329,WLNM_dir_neg,0.736409505208,0.355960317273,00:00:03,10,70,29,1319447504,fixed,0.5,0.973684210526,0.385416666667,0.55223880597,37,1,59,191,0.385416666667,0.994791666667,0.00520833333333,0.614583333333,0.973684210526,0.385416666667,0.55223880597,0.791666666667,0.622685185185,0.447852760736,0.52959766258,0.380208333333,317,221,96,0,317,0,221,0,96,45,317,0.160101010101,1.84914057127,14.0888888889,10.5666666667,10.2258064516,7.62419063431,0.541149177514,0.287556957589,7.85075432263,1.1144603928,0.5825446898,8.30923789185,1.17954481115,0.603855590606,0.665156137797,0.35971096418,2.5,1.84914057127,0.665156137797,2.5,0.296598779422,0.263843648208,459,0.0323467230444,0.385590427152,45,45,45,1,0,0.333333333333,0.355555555556,0.311111111111,45,259,0.130808080808,1.88293935163,11.5111111111,8.63333333333,9.25,6.65248491585,0.57791857377,0.319605319605,6.70873093119,1.16560962125,0.610553410553,6.99075869064,1.21461058332,0.626855426855,0.692569101322,0.367812750167,2,1.90300615508,0.687215253092,2,0.272408949311,0.26461038961,326,0.0229739252995,0.283931183523,45,44,44,0.977777777778,0,0.311111111111,0.311111111111,0.355555555556,-58,-0.0292929292929,0.0337987803591,-2.57777777778,-1.93333333333,-0.975806451613,-0.971705718463,0.0367693962564,0.0320483620168,-1.14202339145,0.051149228446,0.0280087207532,-1.31847920122,0.0350657721686,0.022999836249,0.0274129635247,0.00810178598712,-0.5,0.0538655838053,0.0220591152954,-0.5,-0.0241898301112,0.000766741401921,-133,-0.00937279774489,-0.101659243629,-0.0222222222222,-0.0444444444444,0.0444444444444,258,1,59,1662,0.813880126183,0.99939867709,0.000601322910403,0.186119873817,0.996138996139,0.813880126183,0.895833333333,0.884453269734,0.813278803273,0.811320754717,38,96,0,0,0,0
330,WLNM_dir_neg,0.575656467014,0.241748043404,00:00:02,10,70,30,1319447505,fixed,0.5,0.894736842105,0.354166666667,0.507462686567,34,4,62,188,0.354166666667,0.979166666667,0.0208333333333,0.645833333333,0.894736842105,0.354166666667,0.507462686567,0.770833333333,0.622685185185,0.39263803681,0.46430480007,0.333333333333,317,221,96,0,317,0,221,0,96,45,317,0.160101010101,1.84914057127,14.0888888889,10.5666666667,10.2258064516,7.62419063431,0.541149177514,0.287556957589,7.85075432263,1.1144603928,0.5825446898,8.30923789185,1.17954481115,0.603855590606,0.665156137797,0.35971096418,2.5,1.84914057127,0.665156137797,2.5,0.296598779422,0.263843648208,459,0.0323467230444,0.385590427152,45,45,45,1,0,0.333333333333,0.355555555556,0.311111111111,45,259,0.130808080808,3.54613187113,11.5111111111,8.35483870968,9.59259259259,6.59759674641,0.573150296503,0.31685971686,6.47777864407,1.125482776,0.593393393393,6.9875068891,1.21404559849,0.630459030459,2.87205186867,0.809911185777,8.8,3.66455660932,2.88416605173,8.8,0.278586660095,0.242828741835,285,0.0200845665962,0.272094021974,45,43,43,0.955555555556,0,0.266666666667,0.333333333333,0.355555555556,-58,-0.0292929292929,1.69699129985,-2.57777777778,-2.21182795699,-0.63321385902,-1.0265938879,0.032001118989,0.0293027592712,-1.37297567856,0.0110223831945,0.0108487035932,-1.32173100275,0.0345007873461,0.0266034398527,2.20689573087,0.450200221597,6.3,1.81541603804,2.21900991394,6.3,-0.0180121193268,-0.0210149063738,-174,-0.0122621564482,-0.113496405178,-0.0666666666667,-0.0222222222222,0.0444444444444,255,4,62,1659,0.804416403785,0.997594708358,0.00240529164161,0.195583596215,0.984555984556,0.804416403785,0.885416666667,0.872199481462,0.802011112144,0.794392523364,38,96,0,0,0,0
331,WLNM_dir_neg,0.768012152778,0.490605507517,00:00:02,10,70,31,1319447506,fixed,0.5,0.96,0.5,0.657534246575,48,2,48,190,0.5,0.989583333333,0.0104166666667,0.5,0.96,0.5,0.657534246575,0.826388888889,0.608796296296,0.556213017751,0.609311500139,0.489583333333,317,221,96,0,317,0,221,0,96,45,317,0.160101010101,1.84914057127,14.0888888889,10.5666666667,10.2258064516,7.62419063431,0.541149177514,0.287556957589,7.85075432263,1.1144603928,0.5825446898,8.30923789185,1.17954481115,0.603855590606,0.665156137797,0.35971096418,2.5,1.84914057127,0.665156137797,2.5,0.296598779422,0.263843648208,459,0.0323467230444,0.385590427152,45,45,45,1,0,0.333333333333,0.355555555556,0.311111111111,45,271,0.136868686869,1.91289894104,12.0444444444,8.74193548387,9.03333333333,6.72159192303,0.558065750067,0.30463304633,6.92652637884,1.15016120682,0.60073800738,7.05010924767,1.1706823474,0.611398113981,0.704564256523,0.368322780366,2.55095844764,1.91289894104,0.704564256523,2.55095844764,0.20921997457,0.254436325678,325,0.022903453136,0.275353721435,45,45,45,1,0,0.311111111111,0.355555555556,0.333333333333,-46,-0.0232323232323,0.0637583697669,-2.04444444444,-1.8247311828,-1.19247311828,-0.902598711275,0.0169165725534,0.017076088742,-0.924227943793,0.0357008140157,0.0181933175799,-1.25912864419,-0.00886246374798,0.00754252337476,0.0394081187263,0.00861181618612,0.0509584476435,0.0637583697669,0.0394081187263,0.0509584476435,-0.0873788048516,-0.00940732252997,-134,-0.00944326990839,-0.110236705718,-0.0222222222222,0,0.0222222222222,269,2,48,1661,0.84858044164,0.998797354179,0.00120264582081,0.15141955836,0.992619926199,0.84858044164,0.914965986395,0.904059800927,0.84737779582,0.843260188088,50,96,0,0,0,0
332,WLNM_dir_neg,0.901692708333,0.51227116584,00:00:02,10,70,32,1319447507,fixed,0.5,0.945945945946,0.364583333333,0.526315789474,35,2,61,190,0.364583333333,0.989583333333,0.0104166666667,0.635416666667,0.945945945946,0.364583333333,0.526315789474,0.78125,0.623842592593,0.418461538462,0.498949040849,0.354166666667,317,221,96,0,317,0,221,0,96,45,317,0.160101010101,1.84914057127,14.0888888889,10.5666666667,10.2258064516,7.62419063431,0.541149177514,0.287556957589,7.85075432263,1.1144603928,0.5825446898,8.30923789185,1.17954481115,0.603855590606,0.665156137797,0.35971096418,2.5,1.84914057127,0.665156137797,2.5,0.296598779422,0.263843648208,459,0.0323467230444,0.385590427152,45,45,45,1,0,0.333333333333,0.355555555556,0.311111111111,45,258,0.130303030303,1.97736981474,11.4666666667,8.32258064516,9.21428571429,6.51431989055,0.56810929278,0.310852713178,6.45755371639,1.12631750867,0.594142980189,6.92295260184,1.20749173288,0.625322997416,0.709480684619,0.358800199806,2.22222222222,1.99958276507,0.701675785122,2.22222222222,0.29242101294,0.246211038033,287,0.0202255109232,0.280003172272,45,44,44,0.977777777778,0,0.288888888889,0.333333333333,0.355555555556,-59,-0.029797979798,0.128229243467,-2.62222222222,-2.24408602151,-1.01152073733,-1.10987074376,0.0269601152661,0.0232957555898,-1.39320060625,0.011857115869,0.0115982903893,-1.38628529002,0.0279469217319,0.0214674068096,0.044324546822,-0.000910764373991,-0.277777777778,0.150442193802,0.0365196473254,-0.277777777778,-0.00417776648219,-0.0176326101759,-172,-0.0121212121212,-0.10558725488,-0.0444444444444,-0.0222222222222,0.0444444444444,256,2,61,1661,0.807570977918,0.998797354179,0.00120264582081,0.192429022082,0.992248062016,0.807570977918,0.890434782609,0.878380716396,0.806368332097,0.802507836991,37,96,0,0,0,0
333,WLNM_dir_neg,0.620279947917,0.303160385028,00:00:02,10,70,33,1319447508,fixed,0.5,0.966666666667,0.302083333333,0.460317460317,29,1,67,191,0.302083333333,0.994791666667,0.00520833333333,0.697916666667,0.966666666667,0.302083333333,0.460317460317,0.763888888889,0.631944444444,0.358490566038,0.458130681062,0.296875,317,221,96,0,317,0,221,0,96,45,317,0.160101010101,1.84914057127,14.0888888889,10.5666666667,10.2258064516,7.62419063431,0.541149177514,0.287556957589,7.85075432263,1.1144603928,0.5825446898,8.30923789185,1.17954481115,0.603855590606,0.665156137797,0.35971096418,2.5,1.84914057127,0.665156137797,2.5,0.296598779422,0.263843648208,459,0.0323467230444,0.385590427152,45,45,45,1,0,0.333333333333,0.355555555556,0.311111111111,45,251,0.126767676768,1.85268518679,11.1555555556,8.09677419355,8.96428571429,6.42422813034,0.575877023636,0.317397078353,6.44377391148,1.15525827098,0.604515272244,6.68610801618,1.19870462441,0.621868083223,0.622918037004,0.336224438693,2,1.85268518679,0.622918037004,2,0.33328380876,0.251275893125,279,0.0196617336152,0.260848776063,45,45,45,1,0,0.311111111111,0.311111111111,0.377777777778,-66,-0.0333333333333,0.0035446155205,-2.93333333333,-2.46989247312,-1.26152073733,-1.19996250396,0.0347278461224,0.0298401207648,-1.40698041116,0.040797878179,0.0219705824441,-1.62312987567,0.0191598132684,0.0180124926163,-0.0422381007926,-0.023486525487,-0.5,0.0035446155205,-0.0422381007926,-0.5,0.0366850293384,-0.0125677550833,-180,-0.0126849894292,-0.124741651089,-0.0222222222222,-0.0444444444444,0.0666666666667,250,1,67,1662,0.788643533123,0.99939867709,0.000601322910403,0.211356466877,0.996015936255,0.788643533123,0.880281690141,0.868542108619,0.788042210213,0.786163522013,30,96,0,0,0,0
334,WLNM_dir_neg,0.778483072917,0.337560238986,00:00:02,10,70,34,1319447509,fixed,0.5,0.975,0.40625,0.573529411765,39,1,57,191,0.40625,0.994791666667,0.00520833333333,0.59375,0.975,0.40625,0.573529411765,0.798611111111,0.62037037037,0.469512195122,0.546663265463,0.401041666667,317,221,96,0,317,0,221,0,96,45,317,0.160101010101,1.84914057127,14.0888888889,10.5666666667,10.2258064516,7.62419063431,0.541149177514,0.287556957589,7.85075432263,1.1144603928,0.5825446898,8.30923789185,1.17954481115,0.603855590606,0.665156137797,0.35971096418,2.5,1.84914057127,0.665156137797,2.5,0.296598779422,0.263843648208,459,0.0323467230444,0.385590427152,45,45,45,1,0,0.333333333333,0.355555555556,0.311111111111,45,261,0.131818181818,1.79761870336,11.6,9,9.32142857143,6.60715865214,0.569582642426,0.312303107705,6.69667488724,1.15459911849,0.607747977863,6.98244552106,1.20386991742,0.624095359728,0.618541182724,0.344089200656,1.51960261138,1.8347172477,0.607542441989,1.51960261138,0.313619918008,0.272873624899,339,0.0238900634249,0.299600134271,45,43,43,0.955555555556,0,0.311111111111,0.311111111111,0.333333333333,-56,-0.0282828282828,-0.0515218679122,-2.48888888889,-1.56666666667,-0.904377880184,-1.01703198217,0.0284334649118,0.0247461501169,-1.15407943539,0.0401387256877,0.0252032880627,-1.3267923708,0.0243251062773,0.0202397691212,-0.046614955073,-0.0156217635238,-0.980397388624,-0.0144233235698,-0.057613695808,-0.980397388624,0.0170211385859,0.00902997669091,-120,-0.00845665961945,-0.0859902928815,-0.0222222222222,-0.0444444444444,0.0222222222222,260,1,57,1662,0.820189274448,0.99939867709,0.000601322910403,0.179810725552,0.996168582375,0.820189274448,0.899653979239,0.88840936734,0.819587951538,0.817610062893,40,96,0,0,0,0
335,WLNM_dir_neg,0.912489149306,0.792844189004,00:00:02,10,70,35,1319447510,fixed,0.5,1,0.427083333333,0.598540145985,41,0,55,192,0.427083333333,1,0,0.572916666667,1,0.427083333333,0.598540145985,0.809027777778,0.619212962963,0.498480243161,0.576180358627,0.427083333333,317,221,96,0,317,0,221,0,96,45,317,0.160101010101,1.84914057127,14.0888888889,10.5666666667,10.2258064516,7.62419063431,0.541149177514,0.287556957589,7.85075432263,1.1144603928,0.5825446898,8.30923789185,1.17954481115,0.603855590606,0.665156137797,0.35971096418,2.5,1.84914057127,0.665156137797,2.5,0.296598779422,0.263843648208,459,0.0323467230444,0.385590427152,45,45,45,1,0,0.333333333333,0.355555555556,0.311111111111,45,262,0.132323232323,1.79005783774,11.6444444444,9.03448275862,9.35714285714,6.67817189042,0.573507127994,0.318405428329,6.73960104325,1.15756506468,0.608142493639,6.90944310639,1.1867364114,0.617472434266,0.627180035781,0.350368587292,2,1.80801369769,0.622620746215,2,0.305377431488,0.277147487844,342,0.0241014799154,0.315535390477,45,44,44,0.977777777778,0,0.333333333333,0.288888888889,0.355555555556,-55,-0.0277777777778,-0.0590827335305,-2.44444444444,-1.53218390805,-0.86866359447,-0.94601874389,0.0323579504799,0.0308484707406,-1.11115327938,0.0431046718781,0.0255978038385,-1.39979478547,0.00719160025584,0.0136168436599,-0.0379761020161,-0.00934237688798,-0.5,-0.0411268735818,-0.0425353915819,-0.5,0.00877865206642,0.0133038396359,-117,-0.00824524312896,-0.0700550366756,0,-0.0666666666667,0.0444444444444,262,0,55,1663,0.826498422713,1,0,0.173501577287,1,0.826498422713,0.905008635579,0.894448951715,0.826498422713,0.826498422713,41,96,0,0,0,0
336,WLNM_dir_neg,0.870822482639,0.408627624632,00:00:02,10,70,36,1319447511,fixed,0.5,0.976744186047,0.4375,0.604316546763,42,1,54,191,0.4375,0.994791666667,0.00520833333333,0.5625,0.976744186047,0.4375,0.604316546763,0.809027777778,0.616898148148,0.501510574018,0.571802203431,0.432291666667,317,221,96,0,317,0,221,0,96,45,317,0.160101010101,1.84914057127,14.0888888889,10.5666666667,10.2258064516,7.62419063431,0.541149177514,0.287556957589,7.85075432263,1.1144603928,0.5825446898,8.30923789185,1.17954481115,0.603855590606,0.665156137797,0.35971096418,2.5,1.84914057127,0.665156137797,2.5,0.296598779422,0.263843648208,459,0.0323467230444,0.385590427152,45,45,45,1,0,0.333333333333,0.355555555556,0.311111111111,45,264,0.133333333333,1.70122682996,11.7333333333,9.10344827586,10.1538461538,6.78367023212,0.578153712965,0.314225589226,6.81775756256,1.16211776635,0.607744107744,7.01815826656,1.19627697726,0.621212121212,0.536625479082,0.315434408647,1.4014413475,1.71716380337,0.531947919089,1.4014413475,0.21642530166,0.255405405405,315,0.0221987315011,0.302827757783,45,44,44,0.977777777778,0,0.333333333333,0.244444444444,0.4,-53,-0.0267676767677,-0.147913741313,-2.35555555556,-1.4632183908,-0.0719602977668,-0.840520402187,0.0370045354509,0.0266686316371,-1.03299676008,0.0476573735423,0.0251994179439,-1.29107962529,0.0167321661087,0.0173565306057,-0.128530658715,-0.0442765555333,-1.0985586525,-0.131976767905,-0.133208218708,-1.0985586525,-0.0801734777617,-0.00843824280306,-144,-0.0101479915433,-0.0827626693696,0,-0.111111111111,0.0888888888889,263,1,54,1662,0.829652996845,0.99939867709,0.000601322910403,0.170347003155,0.996212121212,0.829652996845,0.905335628227,0.894327841451,0.829051673935,0.827044025157,43,96,0,0,0,0
337,WLNM_dir_neg,0.605360243056,0.270103951605,00:00:02,10,70,37,1319447512,fixed,0.5,0.972222222222,0.364583333333,0.530303030303,35,1,61,191,0.364583333333,0.994791666667,0.00520833333333,0.635416666667,0.972222222222,0.364583333333,0.530303030303,0.784722222222,0.625,0.425925925926,0.512250713665,0.359375,317,221,96,0,317,0,221,0,96,45,317,0.160101010101,1.84914057127,14.0888888889,10.5666666667,10.2258064516,7.62419063431,0.541149177514,0.287556957589,7.85075432263,1.1144603928,0.5825446898,8.30923789185,1.17954481115,0.603855590606,0.665156137797,0.35971096418,2.5,1.84914057127,0.665156137797,2.5,0.296598779422,0.263843648208,459,0.0323467230444,0.385590427152,45,45,45,1,0,0.333333333333,0.355555555556,0.311111111111,45,257,0.129797979798,1.85168355516,11.4222222222,8.56666666667,9.17857142857,6.59024378391,0.576966868241,0.317163856463,6.51439741936,1.14065324464,0.600259403372,7.04731484075,1.23396563359,0.631733679204,0.645989028271,0.348865780262,2,1.8710399996,0.640120443625,2,0.291723812888,0.238539898132,281,0.0198026779422,0.290041246515,45,44,44,0.977777777778,0,0.311111111111,0.311111111111,0.355555555556,-60,-0.030303030303,0.00254298389171,-2.66666666667,-2,-1.04723502304,-1.0339468504,0.0358176907268,0.029606898875,-1.33635690327,0.0261928518323,0.017714713572,-1.26192305111,0.0544208224477,0.0278780885981,-0.019167109526,-0.0108451839179,-0.5,0.0218994283273,-0.0250356941722,-0.5,-0.00487496653377,-0.025303750076,-178,-0.0125440451022,-0.0955491806375,-0.0222222222222,-0.0444444444444,0.0444444444444,256,1,61,1662,0.807570977918,0.99939867709,0.000601322910403,0.192429022082,0.996108949416,0.807570977918,0.891986062718,0.880488644466,0.806969655008,0.805031446541,36,96,0,0,0,0
338,WLNM_dir_neg,0.606553819444,0.35474087963,00:00:02,10,70,38,1319447513,fixed,0.5,0.911764705882,0.322916666667,0.476923076923,31,3,65,189,0.322916666667,0.984375,0.015625,0.677083333333,0.911764705882,0.322916666667,0.476923076923,0.763888888889,0.627314814815,0.366459627329,0.448932138351,0.307291666667,317,221,96,0,317,0,221,0,96,45,317,0.160101010101,1.84914057127,14.0888888889,10.5666666667,10.2258064516,7.62419063431,0.541149177514,0.287556957589,7.85075432263,1.1144603928,0.5825446898,8.30923789185,1.17954481115,0.603855590606,0.665156137797,0.35971096418,2.5,1.84914057127,0.665156137797,2.5,0.296598779422,0.263843648208,459,0.0323467230444,0.385590427152,45,45,45,1,0,0.333333333333,0.355555555556,0.311111111111,45,255,0.128787878788,1,11.3333333333,8.22580645161,9.44444444444,6.51571526807,0.574916053065,0.320261437908,6.53313234075,1.15290570719,0.606013071895,6.8556546004,1.20982140007,0.626579520697,0,0,0,NaN,NaN,NaN,0.279326816947,0.272263187748,320,0.0225510923185,0.275932708911,45,44,0,0.977777777778,2,0.288888888889,0.311111111111,0.377777777778,-62,-0.0313131313131,-0.849140571273,-2.75555555556,-2.34086021505,-0.781362007168,-1.10847536624,0.0337668755509,0.03270448032,-1.31762198188,0.0384453143892,0.0234683820952,-1.45358329145,0.0302765889242,0.0227239300908,-0.665156137797,-0.35971096418,-2.5,NaN,NaN,NaN,-0.0172719624747,0.00841953953969,-139,-0.00979563072586,-0.109657718241,-0.0444444444444,-0.0444444444444,0.0666666666667,252,3,65,1660,0.794952681388,0.998196031269,0.00180396873121,0.205047318612,0.988235294118,0.794952681388,0.881118881119,0.868291879638,0.793148712657,0.7875,34,96,0,0,0,0
339,WLNM_dir_neg,0.616563585069,0.230922705453,00:00:02,10,70,39,1319447514,fixed,0.5,1,0.40625,0.577777777778,39,0,57,192,0.40625,1,0,0.59375,1,0.40625,0.577777777778,0.802083333333,0.621527777778,0.477064220183,0.559690103583,0.40625,317,221,96,0,317,0,221,0,96,45,317,0.160101010101,1.84914057127,14.0888888889,10.5666666667,10.2258064516,7.62419063431,0.541149177514,0.287556957589,7.85075432263,1.1144603928,0.5825446898,8.30923789185,1.17954481115,0.603855590606,0.665156137797,0.35971096418,2.5,1.84914057127,0.665156137797,2.5,0.296598779422,0.263843648208,459,0.0323467230444,0.385590427152,45,45,45,1,0,0.333333333333,0.355555555556,0.311111111111,45,260,0.131313131313,1.83139562175,11.5555555556,8.66666666667,8.96551724138,6.4896965735,0.561608357323,0.30811965812,6.65339588238,1.15154928734,0.605811965812,6.96709437574,1.20584325734,0.617777777778,0.634986558743,0.34672276771,2,1.83139562175,0.634986558743,2,0.298868337938,0.253091508656,307,0.0216349541931,0.295002555639,45,45,45,1,0,0.333333333333,0.311111111111,0.355555555556,-57,-0.0287878787879,-0.0177449495282,-2.53333333333,-1.9,-1.26028921023,-1.1344940608,0.0204591798085,0.0205627005312,-1.19735844025,0.0370888945323,0.0232672760118,-1.34214351612,0.0262984461923,0.0139221871714,-0.0301695790542,-0.0129881964703,-0.5,-0.0177449495282,-0.0301695790542,-0.5,0.00226955851668,-0.0107521395522,-152,-0.0107117688513,-0.0905878715134,0,-0.0444444444444,0.0444444444444,260,0,57,1663,0.820189274448,1,0,0.179810725552,1,0.820189274448,0.901213171577,0.890510293807,0.820189274448,0.820189274448,39,96,0,0,0,0
340,WLNM_dir_neg,0.730902777778,0.315624271023,00:00:02,10,70,40,1319447515,fixed,0.5,1,0.375,0.545454545455,36,0,60,192,0.375,1,0,0.625,1,0.375,0.545454545455,0.791666666667,0.625,0.444444444444,0.534522483825,0.375,317,221,96,0,317,0,221,0,96,45,317,0.160101010101,1.84914057127,14.0888888889,10.5666666667,10.2258064516,7.62419063431,0.541149177514,0.287556957589,7.85075432263,1.1144603928,0.5825446898,8.30923789185,1.17954481115,0.603855590606,0.665156137797,0.35971096418,2.5,1.84914057127,0.665156137797,2.5,0.296598779422,0.263843648208,459,0.0323467230444,0.385590427152,45,45,45,1,0,0.333333333333,0.355555555556,0.311111111111,45,257,0.129797979798,1.76437816728,11.4222222222,8.86206896552,8.56666666667,6.57988977833,0.576060389153,0.316990920882,6.68316141243,1.17020336015,0.609943795936,6.79780118936,1.19027647285,0.618936446174,0.604744500444,0.34275220112,2,1.76437816728,0.604744500444,2,0.235307028666,0.256584536958,302,0.0212825933756,0.29522197149,45,45,45,1,0,0.355555555556,0.311111111111,0.333333333333,-60,-0.030303030303,-0.0847624039947,-2.66666666667,-1.70459770115,-1.65913978495,-1.04430085598,0.0349112116392,0.0294339632935,-1.1675929102,0.055742967351,0.0273991061358,-1.51143670249,0.010731661699,0.0150808555674,-0.0604116373533,-0.0169587630594,-0.5,-0.0847624039947,-0.0604116373533,-0.5,-0.0612917507556,-0.0072591112501,-157,-0.0110641296688,-0.0903684556626,0.0222222222222,-0.0444444444444,0.0222222222222,257,0,60,1663,0.81072555205,1,0,0.18927444795,1,0.81072555205,0.895470383275,0.884586722598,0.81072555205,0.81072555205,36,96,0,0,0,0
341,WLNM_dir_neg,0.720377604167,0.291089215319,00:00:02,10,70,41,1319447516,fixed,0.5,1,0.40625,0.577777777778,39,0,57,192,0.40625,1,0,0.59375,1,0.40625,0.577777777778,0.802083333333,0.621527777778,0.477064220183,0.559690103583,0.40625,317,221,96,0,317,0,221,0,96,45,317,0.160101010101,1.84914057127,14.0888888889,10.5666666667,10.2258064516,7.62419063431,0.541149177514,0.287556957589,7.85075432263,1.1144603928,0.5825446898,8.30923789185,1.17954481115,0.603855590606,0.665156137797,0.35971096418,2.5,1.84914057127,0.665156137797,2.5,0.296598779422,0.263843648208,459,0.0323467230444,0.385590427152,45,45,45,1,0,0.333333333333,0.355555555556,0.311111111111,45,260,0.131313131313,1.72884608519,11.5555555556,9.62962962963,9.62962962963,6.66931765474,0.577152489352,0.314017094017,6.64314030646,1.14977428381,0.605128205128,7.17599815322,1.24199968036,0.633504273504,0.629627152958,0.36418924643,2,1.79995302033,0.614629257517,2,0.256315892967,0.224015317287,273,0.0192389006342,0.345723165712,45,41,41,0.911111111111,0,0.311111111111,0.288888888889,0.311111111111,-57,-0.0287878787879,-0.120294486085,-2.53333333333,-0.937037037037,-0.596176821983,-0.954872979571,0.0360033118383,0.0264601364286,-1.20761401617,0.0353138910076,0.022583515328,-1.13323973864,0.0624548692176,0.0296486828979,-0.0355289848388,0.00447828225009,-0.5,-0.0491875509449,-0.0505268802796,-0.5,-0.0402828864549,-0.0398283309218,-186,-0.0131078224101,-0.0398672614405,-0.0222222222222,-0.0666666666667,0,260,0,57,1663,0.820189274448,1,0,0.179810725552,1,0.820189274448,0.901213171577,0.890510293807,0.820189274448,0.820189274448,39,96,0,0,0,0
342,WLNM_dir_neg,0.730902777778,0.282541847262,00:00:02,10,70,42,1319447517,fixed,0.5,1,0.458333333333,0.628571428571,44,0,52,192,0.458333333333,1,0,0.541666666667,1,0.458333333333,0.628571428571,0.819444444444,0.615740740741,0.530120481928,0.600546199476,0.458333333333,317,221,96,0,317,0,221,0,96,45,317,0.160101010101,1.84914057127,14.0888888889,10.5666666667,10.2258064516,7.62419063431,0.541149177514,0.287556957589,7.85075432263,1.1144603928,0.5825446898,8.30923789185,1.17954481115,0.603855590606,0.665156137797,0.35971096418,2.5,1.84914057127,0.665156137797,2.5,0.296598779422,0.263843648208,459,0.0323467230444,0.385590427152,45,45,45,1,0,0.333333333333,0.355555555556,0.311111111111,45,265,0.133838383838,1.74611625143,11.7777777778,9.81481481481,8.83333333333,6.68066711724,0.56722645335,0.308511530398,6.91908500986,1.17493896394,0.613165618449,6.98447050841,1.18604216181,0.615513626834,0.644603808896,0.369164314443,2,1.78081933289,0.638403050628,2,0.265731235106,0.237138263666,295,0.0207892882311,0.326954469635,45,43,43,0.955555555556,0,0.355555555556,0.311111111111,0.288888888889,-52,-0.0262626262626,-0.103024319845,-2.31111111111,-0.751851851852,-1.39247311828,-0.943523517073,0.0260772758362,0.0209545728098,-0.931669312768,0.0604785711365,0.0306209286484,-1.32476738345,0.00649735065865,0.011658036228,-0.0205523289006,0.00945335026304,-0.5,-0.068321238383,-0.0267530871694,-0.5,-0.0308675443157,-0.0267053845429,-164,-0.0115574348132,-0.0586359575174,0.0222222222222,-0.0444444444444,-0.0222222222222,265,0,52,1663,0.83596214511,1,0,0.16403785489,1,0.83596214511,0.910652920962,0.90034170621,0.83596214511,0.83596214511,44,96,0,0,0,0
343,WLNM_dir_neg,0.775472005208,0.348459355768,00:00:02,10,70,43,1319447518,fixed,0.5,0.974358974359,0.395833333333,0.562962962963,38,1,58,191,0.395833333333,0.994791666667,0.00520833333333,0.604166666667,0.974358974359,0.395833333333,0.562962962963,0.795138888889,0.621527777778,0.45871559633,0.538163561137,0.390625,317,221,96,0,317,0,221,0,96,45,317,0.160101010101,1.84914057127,14.0888888889,10.5666666667,10.2258064516,7.62419063431,0.541149177514,0.287556957589,7.85075432263,1.1144603928,0.5825446898,8.30923789185,1.17954481115,0.603855590606,0.665156137797,0.35971096418,2.5,1.84914057127,0.665156137797,2.5,0.296598779422,0.263843648208,459,0.0323467230444,0.385590427152,45,45,45,1,0,0.333333333333,0.355555555556,0.311111111111,45,260,0.131313131313,1.74088100024,11.5555555556,8.66666666667,9.28571428571,6.52810551509,0.564932208037,0.314273504274,6.61571438075,1.14502748898,0.604273504274,6.88175746874,1.19107340805,0.618290598291,0.555055559991,0.31883601459,2,1.74088100024,0.555055559991,2,0.198443759263,0.259518477044,309,0.0217758985201,0.285506775369,45,45,45,1,0,0.333333333333,0.288888888889,0.377777777778,-57,-0.0287878787879,-0.108259571034,-2.53333333333,-1.9,-0.940092165899,-1.09608511922,0.0237830305227,0.026716546685,-1.23503994188,0.0305670961733,0.0217288144733,-1.42748042311,0.0115285969049,0.0144350076842,-0.110100577806,-0.0408749495902,-0.5,-0.108259571034,-0.110100577806,-0.5,-0.0981550201591,-0.0043251711648,-150,-0.0105708245243,-0.100083651783,0,-0.0666666666667,0.0666666666667,259,1,58,1662,0.817034700315,0.99939867709,0.000601322910403,0.182965299685,0.996153846154,0.817034700315,0.897746967071,0.886432375352,0.816433377405,0.814465408805,39,96,0,0,0,0
344,WLNM_dir_neg,0.611409505208,0.251752550037,00:00:02,10,70,44,1319447519,fixed,0.5,1,0.364583333333,0.534351145038,35,0,61,192,0.364583333333,1,0,0.635416666667,1,0.364583333333,0.534351145038,0.788194444444,0.626157407407,0.433436532508,0.526003651981,0.364583333333,317,221,96,0,317,0,221,0,96,45,317,0.160101010101,1.84914057127,14.0888888889,10.5666666667,10.2258064516,7.62419063431,0.541149177514,0.287556957589,7.85075432263,1.1144603928,0.5825446898,8.30923789185,1.17954481115,0.603855590606,0.665156137797,0.35971096418,2.5,1.84914057127,0.665156137797,2.5,0.296598779422,0.263843648208,459,0.0323467230444,0.385590427152,45,45,45,1,0,0.333333333333,0.355555555556,0.311111111111,45,256,0.129292929293,1.86758258388,11.3777777778,8.53333333333,9.84615384615,6.34353245758,0.557537032405,0.305989583333,6.48011722054,1.13908310517,0.600868055556,6.93417827019,1.21889852406,0.627951388889,0.707242106715,0.378693886321,3,1.86758258388,0.707242106715,3,0.254148211975,0.227913669065,264,0.0186046511628,0.286784656253,45,45,45,1,0,0.333333333333,0.244444444444,0.422222222222,-61,-0.0308080808081,0.0184420126078,-2.71111111111,-2.03333333333,-0.379652605459,-1.28065817673,0.0163878548907,0.0184326257448,-1.37063710209,0.02462271237,0.0183233657553,-1.37505962166,0.0393537129109,0.0240957982825,0.0420859689178,0.0189829221407,0.5,0.0184420126078,0.0420859689178,0.5,-0.0424505674464,-0.0359299791437,-195,-0.0137420718816,-0.0988057708997,0,-0.111111111111,0.111111111111,256,0,61,1663,0.807570977918,1,0,0.192429022082,1,0.807570977918,0.893542757417,0.882607971178,0.807570977918,0.807570977918,35,96,0,0,0,0
345,WLNM_dir_neg,0.776095920139,0.372028018086,00:00:02,10,70,45,1319447520,fixed,0.5,1,0.385416666667,0.556390977444,37,0,59,192,0.385416666667,1,0,0.614583333333,1,0.385416666667,0.556390977444,0.795138888889,0.623842592593,0.455384615385,0.542973956218,0.385416666667,317,221,96,0,317,0,221,0,96,45,317,0.160101010101,1.84914057127,14.0888888889,10.5666666667,10.2258064516,7.62419063431,0.541149177514,0.287556957589,7.85075432263,1.1144603928,0.5825446898,8.30923789185,1.17954481115,0.603855590606,0.665156137797,0.35971096418,2.5,1.84914057127,0.665156137797,2.5,0.296598779422,0.263843648208,459,0.0323467230444,0.385590427152,45,45,45,1,0,0.333333333333,0.355555555556,0.311111111111,45,258,0.130303030303,1.69403150275,11.4666666667,9.21428571429,8.89655172414,6.42650760522,0.560451244642,0.30947459087,6.57612762539,1.14699900443,0.603100775194,6.9032271768,1.20405125177,0.625495262705,0.571197736739,0.337182476129,2,1.709804946,0.567801033828,2,0.177674854774,0.237799717913,281,0.0198026779422,0.306867272085,45,44,44,0.977777777778,0,0.355555555556,0.288888888889,0.333333333333,-59,-0.029797979798,-0.155109068521,-2.62222222222,-1.35238095238,-1.32925472747,-1.19768302909,0.0193020671276,0.0219176332814,-1.27462669724,0.0325386116262,0.0205560853936,-1.40601071505,0.0245064406213,0.0216396720982,-0.093958401058,-0.0225284880507,-0.5,-0.139335625277,-0.0973551039685,-0.5,-0.118923924647,-0.0260439302959,-178,-0.0125440451022,-0.0787231550675,0.0222222222222,-0.0666666666667,0.0222222222222,258,0,59,1663,0.813880126183,1,0,0.186119873817,1,0.813880126183,0.897391304348,0.886563348089,0.813880126183,0.813880126183,37,96,0,0,0,0
346,WLNM_dir_neg,0.896077473958,0.369440038339,00:00:02,10,70,46,1319447521,fixed,0.5,1,0.489583333333,0.657342657343,47,0,49,192,0.489583333333,1,0,0.510416666667,1,0.489583333333,0.657342657343,0.829861111111,0.612268518519,0.561194029851,0.624533020565,0.489583333333,317,221,96,0,317,0,221,0,96,45,317,0.160101010101,1.84914057127,14.0888888889,10.5666666667,10.2258064516,7.62419063431,0.541149177514,0.287556957589,7.85075432263,1.1144603928,0.5825446898,8.30923789185,1.17954481115,0.603855590606,0.665156137797,0.35971096418,2.5,1.84914057127,0.665156137797,2.5,0.296598779422,0.263843648208,459,0.0323467230444,0.385590427152,45,45,45,1,0,0.333333333333,0.355555555556,0.311111111111,45,268,0.135353535354,1.86421064132,11.9111111111,9.24137931034,9.57142857143,6.94400402644,0.582985412667,0.321807628524,6.95425166079,1.16769151021,0.611111111111,7.27372467908,1.22133436776,0.627694859038,0.731010294033,0.392128592032,2.5,1.88385179226,0.727351232691,2.5,0.235484233909,0.248529787778,324,0.0228329809725,0.309825408395,45,44,44,0.977777777778,0,0.333333333333,0.288888888889,0.355555555556,-49,-0.0247474747475,0.0150700700474,-2.17777777778,-1.32528735632,-0.654377880184,-0.680186607871,0.0418362351534,0.0342506709355,-0.896502661842,0.0532311174046,0.0285664213109,-1.03551321277,0.0417895566096,0.0238392684318,0.065854156236,0.0324176278525,0,0.0347112209865,0.0621950948943,0,-0.0611145455129,-0.0153138604304,-135,-0.00951374207188,-0.0757650187572,0,-0.0666666666667,0.0444444444444,268,0,49,1663,0.845425867508,1,0,0.154574132492,1,0.845425867508,0.916239316239,0.906216593862,0.845425867508,0.845425867508,47,96,0,0,0,0
347,WLNM_dir_neg,0.770806206597,0.48221589551,00:00:02,10,70,47,1319447522,fixed,0.5,1,0.385416666667,0.556390977444,37,0,59,192,0.385416666667,1,0,0.614583333333,1,0.385416666667,0.556390977444,0.795138888889,0.623842592593,0.455384615385,0.542973956218,0.385416666667,317,221,96,0,317,0,221,0,96,45,317,0.160101010101,1.84914057127,14.0888888889,10.5666666667,10.2258064516,7.62419063431,0.541149177514,0.287556957589,7.85075432263,1.1144603928,0.5825446898,8.30923789185,1.17954481115,0.603855590606,0.665156137797,0.35971096418,2.5,1.84914057127,0.665156137797,2.5,0.296598779422,0.263843648208,459,0.0323467230444,0.385590427152,45,45,45,1,0,0.333333333333,0.355555555556,0.311111111111,45,258,0.130303030303,1.6422349592,11.4666666667,9.92307692308,8.89655172414,6.69667488724,0.584012344818,0.315503875969,6.80040105769,1.18611646355,0.616709732989,7.01103027055,1.22285411696,0.627734711456,0.577996747993,0.351957400953,2,1.68810888485,0.571129557846,2,0.205274448193,0.218470982143,261,0.0183932346723,0.349684331844,45,42,42,0.933333333333,0,0.355555555556,0.288888888889,0.288888888889,-59,-0.029797979798,-0.206905612077,-2.62222222222,-0.64358974359,-1.32925472747,-0.927515747064,0.0428631673038,0.0279469183805,-1.05035326494,0.0716560707481,0.0341650431886,-1.29820762131,0.0433093058095,0.0238791208493,-0.0871593898035,-0.00775356322664,-0.5,-0.16103168642,-0.0940265799512,-0.5,-0.0913243312288,-0.0453726660656,-198,-0.0139534883721,-0.0359060953083,0.0222222222222,-0.0666666666667,-0.0222222222222,258,0,59,1663,0.813880126183,1,0,0.186119873817,1,0.813880126183,0.897391304348,0.886563348089,0.813880126183,0.813880126183,37,96,0,0,0,0
348,WLNM_dir_neg,0.690755208333,0.224042442798,00:00:02,10,70,48,1319447523,fixed,0.5,1,0.489583333333,0.657342657343,47,0,49,192,0.489583333333,1,0,0.510416666667,1,0.489583333333,0.657342657343,0.829861111111,0.612268518519,0.561194029851,0.624533020565,0.489583333333,317,221,96,0,317,0,221,0,96,45,317,0.160101010101,1.84914057127,14.0888888889,10.5666666667,10.2258064516,7.62419063431,0.541149177514,0.287556957589,7.85075432263,1.1144603928,0.5825446898,8.30923789185,1.17954481115,0.603855590606,0.665156137797,0.35971096418,2.5,1.84914057127,0.665156137797,2.5,0.296598779422,0.263843648208,459,0.0323467230444,0.385590427152,45,45,45,1,0,0.333333333333,0.355555555556,0.311111111111,45,268,0.135353535354,1.78153615667,11.9111111111,9.57142857143,9.57142857143,6.62921297338,0.556557059332,0.300995024876,6.72835099194,1.12976042775,0.594361525705,7.36994990595,1.23749158869,0.636152570481,0.671325411137,0.376823904822,2.5,1.81788667558,0.6646052806,2.5,0.241186389916,0.216640502355,276,0.0194503171247,0.345462136176,45,43,43,0.955555555556,0,0.333333333333,0.288888888889,0.333333333333,-49,-0.0247474747475,-0.0676044146062,-2.17777777778,-0.995238095238,-0.654377880184,-0.994977660926,0.0154078818185,0.0134380672871,-1.1224033307,0.0153000349479,0.0118168359046,-0.939287985908,0.0579467775385,0.0322969798745,0.00616927334003,0.0171129406421,0,-0.0312538956914,-0.000550857197368,0,-0.055412389506,-0.0472031458537,-183,-0.0128964059197,-0.0401282909762,0,-0.0666666666667,0.0222222222222,268,0,49,1663,0.845425867508,1,0,0.154574132492,1,0.845425867508,0.916239316239,0.906216593862,0.845425867508,0.845425867508,47,96,0,0,0,0
349,WLNM_dir_neg,0.735975477431,0.358898694308,00:00:03,10,70,49,1319447524,fixed,0.5,0.969696969697,0.333333333333,0.496124031008,32,1,64,191,0.333333333333,0.994791666667,0.00520833333333,0.666666666667,0.969696969697,0.333333333333,0.496124031008,0.774305555556,0.628472222222,0.392523364486,0.485622154566,0.328125,317,221,96,0,317,0,221,0,96,45,317,0.160101010101,1.84914057127,14.0888888889,10.5666666667,10.2258064516,7.62419063431,0.541149177514,0.287556957589,7.85075432263,1.1144603928,0.5825446898,8.30923789185,1.17954481115,0.603855590606,0.665156137797,0.35971096418,2.5,1.84914057127,0.665156137797,2.5,0.296598779422,0.263843648208,459,0.0323467230444,0.385590427152,45,45,45,1,0,0.333333333333,0.355555555556,0.311111111111,45,254,0.128282828283,1.73656299104,11.2888888889,8.46666666667,9.07142857143,6.35546372753,0.562983991612,0.305249343832,6.46724458524,1.14577167849,0.598600174978,6.80960403186,1.20642591116,0.62239720035,0.552743865657,0.318297619211,2,1.73656299104,0.552743865657,2,0.181757529955,0.241024131842,273,0.0192389006342,0.278112726615,45,45,45,1,0,0.333333333333,0.288888888889,0.377777777778,-63,-0.0318181818182,-0.112577580237,-2.8,-2.1,-1.15437788018,-1.26872690678,0.0218348140977,0.0176923862435,-1.3835097374,0.0313112856837,0.0160554851779,-1.49963386,0.0268811000095,0.0185416097436,-0.11241227214,-0.0414133449686,-0.5,-0.112577580237,-0.11241227214,-0.5,-0.114841249467,-0.0228195163662,-186,-0.0131078224101,-0.107477700537,0,-0.0666666666667,0.0666666666667,253,1,64,1662,0.798107255521,0.99939867709,0.000601322910403,0.201892744479,0.996062992126,0.798107255521,0.886164623468,0.874525392689,0.79750593261,0.795597484277,33,96,0,0,0,0
350,WLNM_dir_neg,0.714192708333,0.338278669731,00:00:03,10,70,50,1319447525,fixed,0.5,1,0.395833333333,0.567164179104,38,0,58,192,0.395833333333,1,0,0.604166666667,1,0.395833333333,0.567164179104,0.798611111111,0.622685185185,0.466257668712,0.551361950084,0.395833333333,317,221,96,0,317,0,221,0,96,45,317,0.160101010101,1.84914057127,14.0888888889,10.5666666667,10.2258064516,7.62419063431,0.541149177514,0.287556957589,7.85075432263,1.1144603928,0.5825446898,8.30923789185,1.17954481115,0.603855590606,0.665156137797,0.35971096418,2.5,1.84914057127,0.665156137797,2.5,0.296598779422,0.263843648208,459,0.0323467230444,0.385590427152,45,45,45,1,0,0.333333333333,0.355555555556,0.311111111111,45,259,0.130808080808,1.6508226386,11.5111111111,9.59259259259,9.25,6.3875668373,0.554904454978,0.302616902617,6.60975709757,1.14841339533,0.60163020163,6.94509491903,1.20667672338,0.625654225654,0.546392390751,0.330981886227,1.40210295728,1.67350044612,0.544267228076,1.40210295728,0.178368244974,0.220246630341,256,0.0180408738548,0.332301979293,45,42,42,0.933333333333,0,0.377777777778,0.244444444444,0.355555555556,-58,-0.0292929292929,-0.19831793267,-2.57777777778,-0.974074074074,-0.975806451613,-1.23662379701,0.013755277464,0.0150599450284,-1.24099722506,0.033953002528,0.01908551183,-1.36414297282,0.0271319122371,0.0217986350478,-0.118763747046,-0.0287290779532,-1.09789704272,-0.175640125151,-0.12088890972,-1.09789704272,-0.118230534448,-0.0435970178672,-203,-0.0143058491896,-0.0532884478595,0.0444444444444,-0.111111111111,0.0444444444444,259,0,58,1663,0.817034700315,1,0,0.182965299685,1,0.817034700315,0.899305555556,0.888537865824,0.817034700315,0.817034700315,38,96,0,0,0,0
351,WLNM_dir_neg,0.72216796875,0.336094561099,00:00:02,10,80,1,1320364776,fixed,0.5,1,0.34375,0.511627906977,22,0,42,128,0.34375,1,0,0.65625,1,0.34375,0.511627906977,0.78125,0.628472222222,0.411214953271,0.508747019069,0.34375,317,253,64,0,317,0,253,0,64,45,317,0.160101010101,1.84914057127,14.0888888889,10.5666666667,10.2258064516,7.62419063431,0.541149177514,0.287556957589,7.85075432263,1.1144603928,0.5825446898,8.30923789185,1.17954481115,0.603855590606,0.665156137797,0.35971096418,2.5,1.84914057127,0.665156137797,2.5,0.296598779422,0.263843648208,459,0.0323467230444,0.385590427152,45,45,45,1,0,0.333333333333,0.355555555556,0.311111111111,45,275,0.138888888889,1.79817752943,12.2222222222,9.48275862069,9.82142857143,7.04494947685,0.576404957196,0.317414141414,7.04924954814,1.15351356242,0.604606060606,7.21810294336,1.18114411801,0.615111111111,0.630839393242,0.350821530643,2,1.83530206568,0.6206127595,2,0.305486414127,0.27800100452,369,0.0260042283298,0.32513068633,45,43,43,0.955555555556,0,0.311111111111,0.311111111111,0.333333333333,-42,-0.0212121212121,-0.0509630418445,-1.86666666667,-1.08390804598,-0.404377880184,-0.579241157463,0.0352557796825,0.0298571838256,-0.801504774495,0.0390531696197,0.0220613708059,-1.09113494849,0.00159930685856,0.0112555205047,-0.0343167445548,-0.00888943353691,-0.5,-0.013838505592,-0.0445433782968,-0.5,0.00888763470479,0.0141573563119,-90,-0.00634249471459,-0.0604597408219,-0.0222222222222,-0.0444444444444,0.0222222222222,275,0,42,1663,0.867507886435,1,0,0.132492113565,1,0.867507886435,0.929054054054,0.919857701332,0.867507886435,0.867507886435,22,64,0,0,0,0
352,WLNM_dir_neg,0.619873046875,0.301163547141,00:00:02,10,80,2,1320364777,fixed,0.5,1,0.296875,0.457831325301,19,0,45,128,0.296875,1,0,0.703125,1,0.296875,0.457831325301,0.765625,0.633680555556,0.36018957346,0.468671717934,0.296875,317,253,64,0,317,0,253,0,64,45,317,0.160101010101,1.84914057127,14.0888888889,10.5666666667,10.2258064516,7.62419063431,0.541149177514,0.287556957589,7.85075432263,1.1144603928,0.5825446898,8.30923789185,1.17954481115,0.603855590606,0.665156137797,0.35971096418,2.5,1.84914057127,0.665156137797,2.5,0.296598779422,0.263843648208,459,0.0323467230444,0.385590427152,45,45,45,1,0,0.333333333333,0.355555555556,0.311111111111,45,272,0.137373737374,1.6922308591,12.0888888889,9.71428571429,9.37931034483,6.7884334189,0.561543205607,0.303104575163,6.98685634718,1.15591373391,0.603921568627,7.22041158344,1.19455338697,0.618464052288,0.56987518037,0.33675971414,2,1.70796337862,0.566491971968,2,0.208895795651,0.247407032633,326,0.0229739252995,0.333093266783,45,44,44,0.977777777778,0,0.355555555556,0.288888888889,0.333333333333,-45,-0.0227272727273,-0.156909712175,-2,-0.852380952381,-0.846496106785,-0.83575721541,0.0203940280934,0.0155476175749,-0.863897975451,0.041453341106,0.0213768788272,-1.08882630841,0.0150085758204,0.0146084616812,-0.0952809574274,-0.0229512500395,-0.5,-0.14117719265,-0.0986641658294,-0.5,-0.0877029837712,-0.016436615575,-133,-0.00937279774489,-0.0524971603695,0.0222222222222,-0.0666666666667,0.0222222222222,272,0,45,1663,0.858044164038,1,0,0.141955835962,1,0.858044164038,0.923599320883,0.914022764513,0.858044164038,0.858044164038,19,64,0,0,0,0
353,WLNM_dir_neg,0.631652832031,0.257453962077,00:00:02,10,80,3,1320364778,fixed,0.5,0.904761904762,0.296875,0.447058823529,19,2,45,126,0.296875,0.984375,0.015625,0.703125,0.904761904762,0.296875,0.447058823529,0.755208333333,0.630208333333,0.338028169014,0.424795395243,0.28125,317,253,64,0,317,0,253,0,64,45,317,0.160101010101,1.84914057127,14.0888888889,10.5666666667,10.2258064516,7.62419063431,0.541149177514,0.287556957589,7.85075432263,1.1144603928,0.5825446898,8.30923789185,1.17954481115,0.603855590606,0.665156137797,0.35971096418,2.5,1.84914057127,0.665156137797,2.5,0.296598779422,0.263843648208,459,0.0323467230444,0.385590427152,45,45,45,1,0,0.333333333333,0.355555555556,0.311111111111,45,274,0.138383838384,1,12.1777777778,8.5625,9.44827586207,6.97491899232,0.57275794645,0.31297648013,6.98316879824,1.14687078803,0.602595296026,7.2325722264,1.18783120507,0.615571776156,0,0,0,NaN,NaN,NaN,0.306557233616,0.268033409263,353,0.0248766737139,0.284600954095,45,45,0,1,2,0.288888888889,0.355555555556,0.355555555556,-43,-0.0217171717172,-0.849140571273,-1.91111111111,-2.00416666667,-0.777530589544,-0.649271641984,0.031608768936,0.0254195225413,-0.867585524398,0.0324103952285,0.0200506062257,-1.07666566545,0.00828639391922,0.0117161855493,-0.665156137797,-0.35971096418,-2.5,NaN,NaN,NaN,0.00995845419428,0.00418976105501,-106,-0.00747004933051,-0.100989473057,-0.0444444444444,0,0.0444444444444,272,2,45,1661,0.858044164038,0.998797354179,0.00120264582081,0.141955835962,0.992700729927,0.858044164038,0.920473773266,0.909937289572,0.856841518217,0.852664576803,21,64,0,0,0,0
354,WLNM_dir_neg,0.734924316406,0.297366843619,00:00:02,10,80,4,1320364779,fixed,0.5,1,0.390625,0.561797752809,25,0,39,128,0.390625,1,0,0.609375,1,0.390625,0.561797752809,0.796875,0.623263888889,0.460829493088,0.547175655165,0.390625,317,253,64,0,317,0,253,0,64,45,317,0.160101010101,1.84914057127,14.0888888889,10.5666666667,10.2258064516,7.62419063431,0.541149177514,0.287556957589,7.85075432263,1.1144603928,0.5825446898,8.30923789185,1.17954481115,0.603855590606,0.665156137797,0.35971096418,2.5,1.84914057127,0.665156137797,2.5,0.296598779422,0.263843648208,459,0.0323467230444,0.385590427152,45,45,45,1,0,0.333333333333,0.355555555556,0.311111111111,45,278,0.140404040404,1.67463753998,12.3555555556,10.2962962963,9.92857142857,6.97122512891,0.564217861153,0.307913669065,7.07842075636,1.1457875325,0.603357314149,7.32458155457,1.18563370488,0.612949640288,0.580694055206,0.34675805441,2,1.70601603022,0.574962440542,2,0.192883873198,0.268209500609,367,0.0258632840028,0.355946830431,45,43,43,0.955555555556,0,0.355555555556,0.266666666667,0.333333333333,-39,-0.019696969697,-0.17450303129,-1.73333333333,-0.27037037037,-0.297235023041,-0.652965505396,0.0230686836389,0.0203567114762,-0.772333566275,0.0313271397012,0.0208126243485,-0.984656337288,0.00608889372929,0.00909404968139,-0.084462082591,-0.0129529097704,-0.5,-0.143124541058,-0.0901936972547,-0.5,-0.103714906224,0.00436585240054,-92,-0.00648343904158,-0.0296435967209,0.0222222222222,-0.0888888888889,0.0222222222222,278,0,39,1663,0.876971608833,1,0,0.123028391167,1,0.876971608833,0.934453781513,0.92567623374,0.876971608833,0.876971608833,25,64,0,0,0,0
355,WLNM_dir_neg,0.643188476562,0.322900621142,00:00:02,10,80,5,1320364780,fixed,0.5,0.941176470588,0.25,0.395061728395,16,1,48,127,0.25,0.9921875,0.0078125,0.75,0.941176470588,0.25,0.395061728395,0.744791666667,0.637152777778,0.296650717703,0.401886308602,0.2421875,317,253,64,0,317,0,253,0,64,45,317,0.160101010101,1.84914057127,14.0888888889,10.5666666667,10.2258064516,7.62419063431,0.541149177514,0.287556957589,7.85075432263,1.1144603928,0.5825446898,8.30923789185,1.17954481115,0.603855590606,0.665156137797,0.35971096418,2.5,1.84914057127,0.665156137797,2.5,0.296598779422,0.263843648208,459,0.0323467230444,0.385590427152,45,45,45,1,0,0.333333333333,0.355555555556,0.311111111111,45,270,0.136363636364,1.88917908399,12,8.70967741935,9,6.70481509473,0.558734591228,0.300987654321,6.82242292338,1.13707048723,0.595390946502,7.01297498796,1.16882916466,0.606748971193,0.654243267889,0.346310878325,2,1.88917908399,0.654243267889,2,0.291967907895,0.251787132645,317,0.022339675828,0.285764178361,45,45,45,1,0,0.311111111111,0.355555555556,0.333333333333,-47,-0.0237373737374,0.0400385127141,-2.08888888889,-1.85698924731,-1.22580645161,-0.919375539577,0.0175854137136,0.0134306967325,-1.02833139925,0.0226100944271,0.0128462567018,-1.29626290389,-0.0107156464858,0.00289338058704,-0.0109128699083,-0.013400085855,-0.5,0.0400385127141,-0.0109128699083,-0.5,-0.00463087152701,-0.0120565155635,-142,-0.0100070472163,-0.0998262487911,-0.0222222222222,0,0.0222222222222,269,1,48,1662,0.84858044164,0.99939867709,0.000601322910403,0.15141955836,0.996296296296,0.84858044164,0.916524701874,0.906110110691,0.84797911873,0.845911949686,17,64,0,0,0,0
356,WLNM_dir_neg,0.468383789062,0.221875836992,00:00:02,10,80,6,1320364781,fixed,0.5,1,0.28125,0.439024390244,18,0,46,128,0.28125,1,0,0.71875,1,0.28125,0.439024390244,0.760416666667,0.635416666667,0.342857142857,0.454858826147,0.28125,317,253,64,0,317,0,253,0,64,45,317,0.160101010101,1.84914057127,14.0888888889,10.5666666667,10.2258064516,7.62419063431,0.541149177514,0.287556957589,7.85075432263,1.1144603928,0.5825446898,8.30923789185,1.17954481115,0.603855590606,0.665156137797,0.35971096418,2.5,1.84914057127,0.665156137797,2.5,0.296598779422,0.263843648208,459,0.0323467230444,0.385590427152,45,45,45,1,0,0.333333333333,0.355555555556,0.311111111111,45,271,0.136868686869,1.84253769551,12.0444444444,9.03333333333,9.03333333333,6.71482605053,0.557504007885,0.308077080771,6.81738715908,1.13203845815,0.59729397294,7.1778981758,1.19190191111,0.615826158262,0.661519571648,0.359026343537,2.5,1.84253769551,0.661519571648,2.5,0.269859577258,0.253455019557,324,0.0228329809725,0.308726752187,45,45,45,1,0,0.333333333333,0.333333333333,0.333333333333,-46,-0.0232323232323,-0.00660287576552,-2.04444444444,-1.53333333333,-1.19247311828,-0.909364583778,0.0163548303714,0.0205201231823,-1.03336716355,0.0175780653467,0.0147492831395,-1.13133971605,0.0123570999649,0.0119705676552,-0.00363656614938,-0.000684620642758,0,-0.00660287576552,-0.00363656614938,0,-0.0267392021641,-0.0103886286518,-135,-0.00951374207188,-0.076863674965,0,-0.0222222222222,0.0222222222222,271,0,46,1663,0.854889589905,1,0,0.145110410095,1,0.854889589905,0.921768707483,0.912074066936,0.854889589905,0.854889589905,18,64,0,0,0,0
357,WLNM_dir_neg,0.790344238281,0.341061412239,00:00:02,10,80,7,1320364782,fixed,0.5,1,0.4375,0.608695652174,28,0,36,128,0.4375,1,0,0.5625,1,0.4375,0.608695652174,0.8125,0.618055555556,0.509090909091,0.584348709791,0.4375,317,253,64,0,317,0,253,0,64,45,317,0.160101010101,1.84914057127,14.0888888889,10.5666666667,10.2258064516,7.62419063431,0.541149177514,0.287556957589,7.85075432263,1.1144603928,0.5825446898,8.30923789185,1.17954481115,0.603855590606,0.665156137797,0.35971096418,2.5,1.84914057127,0.665156137797,2.5,0.296598779422,0.263843648208,459,0.0323467230444,0.385590427152,45,45,45,1,0,0.333333333333,0.355555555556,0.311111111111,45,281,0.141919191919,1.82993283692,12.4888888889,9.68965517241,9.36666666667,7.0730674271,0.566348815337,0.304863582444,7.18949851442,1.15134317847,0.598339264531,7.42892245813,1.18968509116,0.615262949783,0.670161781013,0.36622206427,2,1.84879494685,0.665716906136,2,0.31096612902,0.2578125,363,0.0255813953488,0.328143575805,45,44,44,0.977777777778,0,0.333333333333,0.333333333333,0.311111111111,-36,-0.0181818181818,-0.0192077343484,-1.6,-0.877011494253,-0.859139784946,-0.55112320721,0.025199637823,0.0173066248552,-0.66125580821,0.0368827856635,0.0157945747312,-0.880315433726,0.0101402800128,0.0114073591761,0.00500564321626,0.00651110008959,-0.5,-0.000345624418322,0.000560768338823,-0.5,0.0143673495983,-0.00603114820847,-96,-0.00676532769556,-0.0574468513477,0,-0.0222222222222,0,281,0,36,1663,0.88643533123,1,0,0.11356466877,1,0.88643533123,0.939799331104,0.931478776414,0.88643533123,0.88643533123,28,64,0,0,0,0
358,WLNM_dir_neg,0.656127929688,0.366946350422,00:00:02,10,80,8,1320364783,fixed,0.5,1,0.203125,0.337662337662,13,0,51,128,0.203125,1,0,0.796875,1,0.203125,0.337662337662,0.734375,0.644097222222,0.253658536585,0.381118612309,0.203125,317,253,64,0,317,0,253,0,64,45,317,0.160101010101,1.84914057127,14.0888888889,10.5666666667,10.2258064516,7.62419063431,0.541149177514,0.287556957589,7.85075432263,1.1144603928,0.5825446898,8.30923789185,1.17954481115,0.603855590606,0.665156137797,0.35971096418,2.5,1.84914057127,0.665156137797,2.5,0.296598779422,0.263843648208,459,0.0323467230444,0.385590427152,45,45,45,1,0,0.333333333333,0.355555555556,0.311111111111,45,266,0.134343434343,1.71600707107,11.8222222222,9.1724137931,9.1724137931,6.58610413498,0.557095274575,0.307268170426,6.7884334189,1.14841918741,0.60350877193,7.03181801858,1.18959327382,0.618379281537,0.562325584007,0.327694211456,2,1.71600707107,0.562325584007,2,0.194798300402,0.259101780494,325,0.022903453136,0.307779827233,45,45,45,1,0,0.355555555556,0.288888888889,0.355555555556,-51,-0.0257575757576,-0.133133500204,-2.26666666667,-1.39425287356,-1.05339265851,-1.03808649933,0.0159460970611,0.0197112128376,-1.06232090373,0.033958794605,0.0209640821296,-1.27741987327,0.0100484626738,0.0145236909308,-0.10283055379,-0.032016752724,-0.5,-0.133133500204,-0.10283055379,-0.5,-0.10180047902,-0.00474186771418,-134,-0.00944326990839,-0.0778105999189,0.0222222222222,-0.0666666666667,0.0444444444444,266,0,51,1663,0.839116719243,1,0,0.160883280757,1,0.839116719243,0.912521440823,0.902301964717,0.839116719243,0.839116719243,13,64,0,0,0,0
359,WLNM_dir_neg,0.729553222656,0.342695074681,00:00:02,10,80,9,1320364784,fixed,0.5,0.95,0.296875,0.452380952381,19,1,45,127,0.296875,0.9921875,0.0078125,0.703125,0.95,0.296875,0.452380952381,0.760416666667,0.631944444444,0.349056603774,0.446074610508,0.2890625,317,253,64,0,317,0,253,0,64,45,317,0.160101010101,1.84914057127,14.0888888889,10.5666666667,10.2258064516,7.62419063431,0.541149177514,0.287556957589,7.85075432263,1.1144603928,0.5825446898,8.30923789185,1.17954481115,0.603855590606,0.665156137797,0.35971096418,2.5,1.84914057127,0.665156137797,2.5,0.296598779422,0.263843648208,459,0.0323467230444,0.385590427152,45,45,45,1,0,0.333333333333,0.355555555556,0.311111111111,45,273,0.137878787879,1.8138604047,12.1333333333,9.1,9.1,6.81108721798,0.561353342141,0.302238502239,7.01751056611,1.1567325109,0.603988603989,7.38672027111,1.21759125348,0.621896621897,0.643701422384,0.354879251301,2,1.8138604047,0.643701422384,2,0.228937085336,0.227933801404,303,0.0213530655391,0.30904192297,45,45,45,1,0,0.333333333333,0.333333333333,0.333333333333,-44,-0.0222222222222,-0.0352801665724,-1.95555555556,-1.46666666667,-1.12580645161,-0.81310341633,0.020204164627,0.01468154465,-0.833243756524,0.0422721180943,0.0214439141884,-0.922517620744,0.0380464423332,0.0180410312902,-0.0214547154126,-0.00483171287916,-0.5,-0.0352801665724,-0.0214547154126,-0.5,-0.0676616940856,-0.0359098468043,-156,-0.0109936575053,-0.0765485041828,0,-0.0222222222222,0.0222222222222,272,1,45,1662,0.858044164038,0.99939867709,0.000601322910403,0.141955835962,0.996336996337,0.858044164038,0.922033898305,0.911974826149,0.857442841127,0.85534591195,20,64,0,0,0,0
360,WLNM_dir_neg,0.753723144531,0.293628412581,00:00:02,10,80,10,1320364785,fixed,0.5,1,0.421875,0.593406593407,27,0,37,128,0.421875,1,0,0.578125,1,0.421875,0.593406593407,0.807291666667,0.619791666667,0.493150684932,0.572077553547,0.421875,317,253,64,0,317,0,253,0,64,45,317,0.160101010101,1.84914057127,14.0888888889,10.5666666667,10.2258064516,7.62419063431,0.541149177514,0.287556957589,7.85075432263,1.1144603928,0.5825446898,8.30923789185,1.17954481115,0.603855590606,0.665156137797,0.35971096418,2.5,1.84914057127,0.665156137797,2.5,0.296598779422,0.263843648208,459,0.0323467230444,0.385590427152,45,45,45,1,0,0.333333333333,0.355555555556,0.311111111111,45,280,0.141414141414,1.85031543645,12.4444444444,9.33333333333,9.65517241379,6.83425714376,0.549181377624,0.297936507937,7.01909372837,1.12806863492,0.595555555556,7.35430884488,1.18194249293,0.612698412698,0.665768600573,0.359813568789,2.5,1.85031543645,0.665768600573,2.5,0.285991281869,0.259177679883,353,0.0248766737139,0.319036874755,45,45,45,1,0,0.333333333333,0.311111111111,0.355555555556,-37,-0.0186868686869,0.0011748651731,-1.64444444444,-1.23333333333,-0.57063403782,-0.789933490546,0.00803220010975,0.010379550348,-0.831660594261,0.0136082421142,0.0130108657553,-0.954929046976,0.00239768178034,0.00884282209203,0.000612462776433,0.000102604609191,0,0.0011748651731,0.000612462776433,0,-0.0106074975531,-0.00466596832594,-106,-0.00747004933051,-0.066553552397,0,-0.0444444444444,0.0444444444444,280,0,37,1663,0.883280757098,1,0,0.116719242902,1,0.883280757098,0.938023450586,0.929546346993,0.883280757098,0.883280757098,27,64,0,0,0,0
361,WLNM_dir_neg,0.756408691406,0.323270262117,00:00:02,10,80,11,1320364786,fixed,0.5,0.962962962963,0.40625,0.571428571429,26,1,38,127,0.40625,0.9921875,0.0078125,0.59375,0.962962962963,0.40625,0.571428571429,0.796875,0.619791666667,0.465753424658,0.540295467239,0.3984375,317,253,64,0,317,0,253,0,64,45,317,0.160101010101,1.84914057127,14.0888888889,10.5666666667,10.2258064516,7.62419063431,0.541149177514,0.287556957589,7.85075432263,1.1144603928,0.5825446898,8.30923789185,1.17954481115,0.603855590606,0.665156137797,0.35971096418,2.5,1.84914057127,0.665156137797,2.5,0.296598779422,0.263843648208,459,0.0323467230444,0.385590427152,45,45,45,1,0,0.333333333333,0.355555555556,0.311111111111,45,280,0.141414141414,2.14333525483,12.4444444444,9.03225806452,9.65517241379,6.87074018626,0.552113050682,0.300634920635,7.0255665863,1.12910891566,0.595555555556,7.47690045434,1.20164471588,0.617619047619,0.98544919083,0.459773704842,4,2.14333525483,0.98544919083,4,0.292384319112,0.250969932105,345,0.0243128964059,0.305223761935,45,45,45,1,0,0.311111111111,0.333333333333,0.355555555556,-37,-0.0186868686869,0.294194683553,-1.64444444444,-1.53440860215,-0.57063403782,-0.75345044805,0.0109638731675,0.0130779630464,-0.82518773633,0.0146485228531,0.0130108657553,-0.832337437519,0.0220999047288,0.0137634570127,0.320293053033,0.100062740662,1.5,0.294194683553,0.320293053033,1.5,-0.00421446030952,-0.0128737161037,-114,-0.00803382663848,-0.0803666652169,-0.0222222222222,-0.0222222222222,0.0444444444444,279,1,38,1662,0.880126182965,0.99939867709,0.000601322910403,0.119873817035,0.996428571429,0.880126182965,0.934673366834,0.925593718853,0.879524860055,0.877358490566,27,64,0,0,0,0
362,WLNM_dir_neg,0.917602539062,0.434892000555,00:00:02,10,80,12,1320364787,fixed,0.5,0.969696969697,0.5,0.659793814433,32,1,32,127,0.5,0.9921875,0.0078125,0.5,0.969696969697,0.5,0.659793814433,0.828125,0.609375,0.56,0.61499278329,0.4921875,317,253,64,0,317,0,253,0,64,45,317,0.160101010101,1.84914057127,14.0888888889,10.5666666667,10.2258064516,7.62419063431,0.541149177514,0.287556957589,7.85075432263,1.1144603928,0.5825446898,8.30923789185,1.17954481115,0.603855590606,0.665156137797,0.35971096418,2.5,1.84914057127,0.665156137797,2.5,0.296598779422,0.263843648208,459,0.0323467230444,0.385590427152,45,45,45,1,0,0.333333333333,0.355555555556,0.311111111111,45,286,0.144444444444,1.86997494631,12.7111111111,9.22580645161,9.53333333333,7.04086197661,0.553913966692,0.30303030303,7.15464107338,1.12573023882,0.593473193473,7.46249883678,1.17416939739,0.608857808858,0.651137992191,0.34820680003,2.5,1.86997494631,0.651137992191,2.5,0.285804275499,0.281140453377,401,0.0282593375617,0.317552998922,45,45,45,1,0,0.311111111111,0.355555555556,0.333333333333,-31,-0.0156565656566,0.020834375037,-1.37777777778,-1.34086021505,-0.69247311828,-0.583328657694,0.0127647891777,0.0154733454418,-0.696113249254,0.0112698460156,0.010928503673,-0.846739055078,-0.00537541375168,0.00500221825143,-0.0140181456063,-0.0115041641501,0,0.020834375037,-0.0140181456063,0,-0.0107945039227,0.0172968051685,-58,-0.00408738548273,-0.0680374282304,-0.0222222222222,0,0.0222222222222,285,1,32,1662,0.89905362776,0.99939867709,0.000601322910403,0.10094637224,0.996503496503,0.89905362776,0.945273631841,0.937197374548,0.89845230485,0.896226415094,33,64,0,0,0,0
363,WLNM_dir_neg,0.883666992188,0.39836937277,00:00:02,10,80,13,1320364788,fixed,0.5,1,0.484375,0.652631578947,31,0,33,128,0.484375,1,0,0.515625,1,0.484375,0.652631578947,0.828125,0.612847222222,0.556053811659,0.620558754432,0.484375,317,253,64,0,317,0,253,0,64,45,317,0.160101010101,1.84914057127,14.0888888889,10.5666666667,10.2258064516,7.62419063431,0.541149177514,0.287556957589,7.85075432263,1.1144603928,0.5825446898,8.30923789185,1.17954481115,0.603855590606,0.665156137797,0.35971096418,2.5,1.84914057127,0.665156137797,2.5,0.296598779422,0.263843648208,459,0.0323467230444,0.385590427152,45,45,45,1,0,0.333333333333,0.355555555556,0.311111111111,45,284,0.143434343434,1.8168493109,12.6222222222,9.79310344828,10.1428571429,6.87647137607,0.544790866062,0.295539906103,7.10896432242,1.1264204032,0.594053208138,7.65987841769,1.21371312956,0.625039123631,0.670123697984,0.368838347772,2.5,1.83541406797,0.666062475257,2.5,0.279714666558,0.24488372093,351,0.0247357293869,0.352746034023,45,44,44,0.977777777778,0,0.333333333333,0.288888888889,0.355555555556,-33,-0.0166666666667,-0.0322912603701,-1.46666666667,-0.773563218391,-0.0829493087558,-0.747719258243,0.00364168854755,0.00798294851478,-0.741790000218,0.0119600103968,0.0115085183375,-0.649359474168,0.0341683184164,0.0211835330243,0.00496756018726,0.00912738359205,0,-0.0137265033041,0.000906337460159,0,-0.0168841128639,-0.0189599272782,-108,-0.00761099365751,-0.0328443931297,0,-0.0666666666667,0.0444444444444,284,0,33,1663,0.895899053628,1,0,0.104100946372,1,0.895899053628,0.945091514143,0.937265733681,0.895899053628,0.895899053628,31,64,0,0,0,0
364,WLNM_dir_neg,0.705322265625,0.303557418136,00:00:02,10,80,14,1320364789,fixed,0.5,0.958333333333,0.359375,0.522727272727,23,1,41,127,0.359375,0.9921875,0.0078125,0.640625,0.958333333333,0.359375,0.522727272727,0.78125,0.625,0.416666666667,0.501114828586,0.3515625,317,253,64,0,317,0,253,0,64,45,317,0.160101010101,1.84914057127,14.0888888889,10.5666666667,10.2258064516,7.62419063431,0.541149177514,0.287556957589,7.85075432263,1.1144603928,0.5825446898,8.30923789185,1.17954481115,0.603855590606,0.665156137797,0.35971096418,2.5,1.84914057127,0.665156137797,2.5,0.296598779422,0.263843648208,459,0.0323467230444,0.385590427152,45,45,45,1,0,0.333333333333,0.355555555556,0.311111111111,45,277,0.139898989899,1,12.3111111111,9.23333333333,9.55172413793,7.09936688029,0.576663374753,0.31736863217,7.10939057469,1.15495514751,0.607942238267,7.27372467908,1.18165202368,0.612434817489,0,0,0,NaN,NaN,NaN,0.309154836017,0.269671314741,361,0.0254404510218,0.309567034036,45,44,0,0.977777777778,2,0.311111111111,0.333333333333,0.333333333333,-40,-0.020202020202,-0.849140571273,-1.77777777778,-1.33333333333,-0.674082313682,-0.524823754015,0.0355141972391,0.0298116745816,-0.741363747947,0.0404947547094,0.0253975484669,-1.03551321277,0.00210721253083,0.00857922688259,-0.665156137797,-0.35971096418,-2.5,NaN,NaN,NaN,0.0125560565954,0.00582766653257,-98,-0.00690627202255,-0.0760233931165,-0.0222222222222,-0.0222222222222,0.0222222222222,276,1,41,1662,0.870662460568,0.99939867709,0.000601322910403,0.129337539432,0.996389891697,0.870662460568,0.929292929293,0.919768047028,0.870061137657,0.867924528302,24,64,0,0,0,0
365,WLNM_dir_neg,0.751708984375,0.30514667711,00:00:02,10,80,15,1320364790,fixed,0.5,1,0.390625,0.561797752809,25,0,39,128,0.390625,1,0,0.609375,1,0.390625,0.561797752809,0.796875,0.623263888889,0.460829493088,0.547175655165,0.390625,317,253,64,0,317,0,253,0,64,45,317,0.160101010101,1.84914057127,14.0888888889,10.5666666667,10.2258064516,7.62419063431,0.541149177514,0.287556957589,7.85075432263,1.1144603928,0.5825446898,8.30923789185,1.17954481115,0.603855590606,0.665156137797,0.35971096418,2.5,1.84914057127,0.665156137797,2.5,0.296598779422,0.263843648208,459,0.0323467230444,0.385590427152,45,45,45,1,0,0.333333333333,0.355555555556,0.311111111111,45,278,0.140404040404,1.84627017351,12.3555555556,9.58620689655,9.26666666667,7.0102378236,0.567375363421,0.309352517986,7.15506460453,1.1581939108,0.608153477218,7.38637839936,1.19563679126,0.61726618705,0.704631670327,0.381651439988,2.5,1.86550358654,0.700727278769,2.5,0.272658183105,0.266169752344,369,0.0260042283298,0.318768945957,45,44,44,0.977777777778,0,0.333333333333,0.333333333333,0.311111111111,-39,-0.019696969697,-0.00287039776606,-1.73333333333,-0.980459770115,-0.959139784946,-0.613952810709,0.0262261859068,0.0217955603971,-0.695689718107,0.0437335180019,0.025608787418,-0.922859492491,0.0160919801173,0.013410596444,0.0394755325296,0.0219404758084,0,0.0163630152682,0.0355711409716,0,-0.0239405963166,0.00232610413584,-90,-0.00634249471459,-0.0668214811953,0,-0.0222222222222,0,278,0,39,1663,0.876971608833,1,0,0.123028391167,1,0.876971608833,0.934453781513,0.92567623374,0.876971608833,0.876971608833,25,64,0,0,0,0
366,WLNM_dir_neg,0.796203613281,0.419751426838,00:00:02,10,80,16,1320364791,fixed,0.5,0.958333333333,0.359375,0.522727272727,23,1,41,127,0.359375,0.9921875,0.0078125,0.640625,0.958333333333,0.359375,0.522727272727,0.78125,0.625,0.416666666667,0.501114828586,0.3515625,317,253,64,0,317,0,253,0,64,45,317,0.160101010101,1.84914057127,14.0888888889,10.5666666667,10.2258064516,7.62419063431,0.541149177514,0.287556957589,7.85075432263,1.1144603928,0.5825446898,8.30923789185,1.17954481115,0.603855590606,0.665156137797,0.35971096418,2.5,1.84914057127,0.665156137797,2.5,0.296598779422,0.263843648208,459,0.0323467230444,0.385590427152,45,45,45,1,0,0.333333333333,0.355555555556,0.311111111111,45,277,0.139898989899,1,12.3111111111,9.23333333333,9.89285714286,7.00591380784,0.569072421214,0.309907741677,7.01607101769,1.13979493067,0.599598876855,7.43442715148,1.20775892353,0.622864019254,0,0,0,NaN,NaN,NaN,0.279047801274,0.266553067186,365,0.0257223396758,0.316056217719,45,45,0,1,2,0.333333333333,0.288888888889,0.377777777778,-40,-0.020202020202,-0.849140571273,-1.77777777778,-1.33333333333,-0.332949308756,-0.618276826473,0.0279232437001,0.0223507840882,-0.834683304944,0.0253345378686,0.017054187055,-0.874810740372,0.0282141123795,0.0190084286475,-0.665156137797,-0.35971096418,-2.5,NaN,NaN,NaN,-0.0175509781473,0.00270941897751,-94,-0.00662438336857,-0.0695342094335,0,-0.0666666666667,0.0666666666667,276,1,41,1662,0.870662460568,0.99939867709,0.000601322910403,0.129337539432,0.996389891697,0.870662460568,0.929292929293,0.919768047028,0.870061137657,0.867924528302,24,64,0,0,0,0
367,WLNM_dir_neg,0.879760742188,0.410572622141,00:00:02,10,80,17,1320364792,fixed,0.5,0.964285714286,0.421875,0.586956521739,27,1,37,127,0.421875,0.9921875,0.0078125,0.578125,0.964285714286,0.421875,0.586956521739,0.802083333333,0.618055555556,0.481818181818,0.553044314623,0.4140625,317,253,64,0,317,0,253,0,64,45,317,0.160101010101,1.84914057127,14.0888888889,10.5666666667,10.2258064516,7.62419063431,0.541149177514,0.287556957589,7.85075432263,1.1144603928,0.5825446898,8.30923789185,1.17954481115,0.603855590606,0.665156137797,0.35971096418,2.5,1.84914057127,0.665156137797,2.5,0.296598779422,0.263843648208,459,0.0323467230444,0.385590427152,45,45,45,1,0,0.333333333333,0.355555555556,0.311111111111,45,281,0.141919191919,1.72898905672,12.4888888889,9.68965517241,9.68965517241,7.14976866194,0.572490373287,0.310399367339,7.20844061928,1.15437661163,0.603084223013,7.3828904033,1.18231340978,0.614155792803,0.560796887654,0.324349587682,1.53344237893,1.74555698983,0.556028183955,1.53344237893,0.227227533374,0.265066026411,368,0.0259337561663,0.341076563925,45,44,44,0.977777777778,0,0.333333333333,0.311111111111,0.333333333333,-36,-0.0181818181818,-0.12015151455,-1.6,-0.877011494253,-0.536151279199,-0.474421972374,0.0313411957726,0.0228424097504,-0.642313703358,0.0399162188249,0.0205395332128,-0.926347488559,0.00276859863383,0.0103002021971,-0.104359250143,-0.0353613764983,-0.966557621075,-0.103583581443,-0.109127953841,-0.966557621075,-0.0693712460479,0.0012223782021,-91,-0.00641296687808,-0.0445138632274,0,-0.0444444444444,0.0222222222222,280,1,37,1662,0.883280757098,0.99939867709,0.000601322910403,0.116719242902,0.996441281139,0.883280757098,0.936454849498,0.927532026709,0.882679434187,0.880503144654,28,64,0,0,0,0
368,WLNM_dir_neg,0.650756835938,0.376467412836,00:00:02,10,80,18,1320364793,fixed,0.5,1,0.265625,0.41975308642,17,0,47,128,0.265625,1,0,0.734375,1,0.265625,0.41975308642,0.755208333333,0.637152777778,0.325358851675,0.440778532015,0.265625,317,253,64,0,317,0,253,0,64,45,317,0.160101010101,1.84914057127,14.0888888889,10.5666666667,10.2258064516,7.62419063431,0.541149177514,0.287556957589,7.85075432263,1.1144603928,0.5825446898,8.30923789185,1.17954481115,0.603855590606,0.665156137797,0.35971096418,2.5,1.84914057127,0.665156137797,2.5,0.296598779422,0.263843648208,459,0.0323467230444,0.385590427152,45,45,45,1,0,0.333333333333,0.355555555556,0.311111111111,45,270,0.136363636364,1.83739262899,12,9.31034482759,9.64285714286,6.93803744847,0.578169787372,0.321069958848,6.99675249345,1.16612541557,0.611687242798,7.19532676622,1.1992211277,0.621234567901,0.715874175532,0.389614154448,3,1.85642427965,0.712541689837,3,0.269354052563,0.270918367347,354,0.0249471458774,0.307363343103,45,44,44,0.977777777778,0,0.333333333333,0.288888888889,0.355555555556,-47,-0.0237373737374,-0.0117479422857,-2.08888888889,-1.25632183908,-0.582949308756,-0.686153185839,0.0370206098584,0.0335130012592,-0.854001829187,0.0516650227715,0.0291425529981,-1.11391112563,0.0196763165573,0.0173789772949,0.0507180377353,0.0299031902682,0.5,0.00728370837309,0.0473855520397,0.5,-0.0272447268585,0.00707471913847,-105,-0.00739957716702,-0.0782270840497,0,-0.0666666666667,0.0444444444444,270,0,47,1663,0.851735015773,1,0,0.148264984227,1,0.851735015773,0.919931856899,0.910123483438,0.851735015773,0.851735015773,17,64,0,0,0,0
369,WLNM_dir_neg,0.657897949219,0.309350575863,00:00:02,10,80,19,1320364794,fixed,0.5,1,0.265625,0.41975308642,17,0,47,128,0.265625,1,0,0.734375,1,0.265625,0.41975308642,0.755208333333,0.637152777778,0.325358851675,0.440778532015,0.265625,317,253,64,0,317,0,253,0,64,45,317,0.160101010101,1.84914057127,14.0888888889,10.5666666667,10.2258064516,7.62419063431,0.541149177514,0.287556957589,7.85075432263,1.1144603928,0.5825446898,8.30923789185,1.17954481115,0.603855590606,0.665156137797,0.35971096418,2.5,1.84914057127,0.665156137797,2.5,0.296598779422,0.263843648208,459,0.0323467230444,0.385590427152,45,45,45,1,0,0.333333333333,0.355555555556,0.311111111111,45,270,0.136363636364,1.74874407638,12,10,9.31034482759,6.94458585715,0.578715488096,0.314897119342,6.98374736604,1.16395789434,0.608888888889,7.21740320967,1.20290053494,0.621399176955,0.653522601226,0.373709686886,2,1.78356938225,0.647681816852,2,0.24955819188,0.22992985191,295,0.0207892882311,0.339232962579,45,43,43,0.955555555556,0,0.355555555556,0.288888888889,0.311111111111,-47,-0.0237373737374,-0.100396494898,-2.08888888889,-0.566666666667,-0.915461624027,-0.679604777163,0.0375663105815,0.0273401617531,-0.867006956589,0.0494975015379,0.0263441990887,-1.09183468219,0.0233557237979,0.0175435863484,-0.0116335365708,0.0139987227062,-0.5,-0.0655711890203,-0.0174743209447,-0.5,-0.0470405875416,-0.0339137962989,-164,-0.0115574348132,-0.0463574645734,0.0222222222222,-0.0666666666667,0,270,0,47,1663,0.851735015773,1,0,0.148264984227,1,0.851735015773,0.919931856899,0.910123483438,0.851735015773,0.851735015773,17,64,0,0,0,0
370,WLNM_dir_neg,0.529357910156,0.241820625126,00:00:02,10,80,20,1320364795,fixed,0.5,0.947368421053,0.28125,0.433734939759,18,1,46,127,0.28125,0.9921875,0.0078125,0.71875,0.947368421053,0.28125,0.433734939759,0.755208333333,0.633680555556,0.331753554502,0.431671319149,0.2734375,317,253,64,0,317,0,253,0,64,45,317,0.160101010101,1.84914057127,14.0888888889,10.5666666667,10.2258064516,7.62419063431,0.541149177514,0.287556957589,7.85075432263,1.1144603928,0.5825446898,8.30923789185,1.17954481115,0.603855590606,0.665156137797,0.35971096418,2.5,1.84914057127,0.665156137797,2.5,0.296598779422,0.263843648208,459,0.0323467230444,0.385590427152,45,45,45,1,0,0.333333333333,0.355555555556,0.311111111111,45,272,0.137373737374,1.87204920002,12.0888888889,9.06666666667,10.0740740741,6.73465333596,0.557094485511,0.304411764706,6.81894271849,1.12813390563,0.594281045752,7.37611487892,1.22031312335,0.629901960784,0.710254136856,0.379399289746,3,1.89186850002,0.705765757645,3,0.272590432708,0.240522540984,313,0.0220577871741,0.302042953975,45,44,44,0.977777777778,0,0.311111111111,0.288888888889,0.377777777778,-45,-0.0227272727273,0.0229086287454,-2,-1.5,-0.151732377539,-0.889537298349,0.0159453079974,0.0168548071174,-1.03181160415,0.0136735128289,0.0117363559514,-0.933123012932,0.0407683122047,0.0260463701779,0.0450979990594,0.0196883255659,0.5,0.0427279287458,0.0406096198484,0.5,-0.0240083467133,-0.0233211072249,-146,-0.0102889358703,-0.0835474731771,-0.0222222222222,-0.0666666666667,0.0666666666667,271,1,46,1662,0.854889589905,0.99939867709,0.000601322910403,0.145110410095,0.996323529412,0.854889589905,0.920203735144,0.910021833626,0.854288266995,0.852201257862,19,64,0,0,0,0
371,WLNM_dir_neg,0.7060546875,0.286177601143,00:00:02,10,80,21,1320364796,fixed,0.5,1,0.359375,0.528735632184,23,0,41,128,0.359375,1,0,0.640625,1,0.359375,0.528735632184,0.786458333333,0.626736111111,0.427906976744,0.52171769101,0.359375,317,253,64,0,317,0,253,0,64,45,317,0.160101010101,1.84914057127,14.0888888889,10.5666666667,10.2258064516,7.62419063431,0.541149177514,0.287556957589,7.85075432263,1.1144603928,0.5825446898,8.30923789185,1.17954481115,0.603855590606,0.665156137797,0.35971096418,2.5,1.84914057127,0.665156137797,2.5,0.296598779422,0.263843648208,459,0.0323467230444,0.385590427152,45,45,45,1,0,0.333333333333,0.355555555556,0.311111111111,45,276,0.139393939394,1.80325497305,12.2666666667,9.85714285714,9.2,6.89663949787,0.562226046022,0.30845410628,7.05691150575,1.15058339768,0.602898550725,7.23501586352,1.17962215166,0.612721417069,0.685983891953,0.380414252119,2.5,1.84061566947,0.678843452165,2.5,0.299855533547,0.28046989721,382,0.0269203664553,0.333394959673,45,43,43,0.955555555556,0,0.333333333333,0.333333333333,0.288888888889,-41,-0.0207070707071,-0.0458855982242,-1.82222222222,-0.709523809524,-1.02580645161,-0.727551136435,0.0210768685083,0.0208971486917,-0.793842816882,0.036123004874,0.0203538609244,-1.07422202833,7.73405150714e-05,0.00886582646286,0.0208277541558,0.0207032879393,0,-0.00852490180336,0.0136873143677,0,0.00325675412514,0.0166262490015,-77,-0.00542635658915,-0.052195467479,0,-0.0222222222222,-0.0222222222222,276,0,41,1663,0.870662460568,1,0,0.129337539432,1,0.870662460568,0.930860033727,0.921799014152,0.870662460568,0.870662460568,23,64,0,0,0,0
372,WLNM_dir_neg,0.685424804688,0.355745652921,00:00:02,10,80,22,1320364797,fixed,0.5,1,0.234375,0.379746835443,15,0,49,128,0.234375,1,0,0.765625,1,0.234375,0.379746835443,0.744791666667,0.640625,0.289855072464,0.411693484796,0.234375,317,253,64,0,317,0,253,0,64,45,317,0.160101010101,1.84914057127,14.0888888889,10.5666666667,10.2258064516,7.62419063431,0.541149177514,0.287556957589,7.85075432263,1.1144603928,0.5825446898,8.30923789185,1.17954481115,0.603855590606,0.665156137797,0.35971096418,2.5,1.84914057127,0.665156137797,2.5,0.296598779422,0.263843648208,459,0.0323467230444,0.385590427152,45,45,45,1,0,0.333333333333,0.355555555556,0.311111111111,45,268,0.135353535354,1.69683624669,11.9111111111,9.57142857143,9.57142857143,6.70760159758,0.563138193827,0.307131011609,6.74521903262,1.13259274801,0.596351575456,7.21096247376,1.21079593776,0.625538971808,0.573149347653,0.337775285488,2,1.72924723491,0.565636511991,2,0.181532170624,0.239015352038,301,0.0212121212121,0.333762819484,45,43,43,0.955555555556,0,0.333333333333,0.288888888889,0.333333333333,-49,-0.0247474747475,-0.152304324579,-2.17777777778,-0.995238095238,-0.654377880184,-0.916589036724,0.021989016313,0.0195740540201,-1.10553529002,0.0181323552112,0.0138068856558,-1.09827541809,0.0312511266117,0.0216833812012,-0.0920067901439,-0.0219356786922,-0.5,-0.119893336361,-0.0995196258059,-0.5,-0.115066608798,-0.0248282961704,-158,-0.0111346018323,-0.0518276076684,0,-0.0666666666667,0.0222222222222,268,0,49,1663,0.845425867508,1,0,0.154574132492,1,0.845425867508,0.916239316239,0.906216593862,0.845425867508,0.845425867508,15,64,0,0,0,0
373,WLNM_dir_neg,0.5078125,0.439723466211,00:00:02,10,80,23,1320364798,fixed,0.5,0.933333333333,0.21875,0.354430379747,14,1,50,127,0.21875,0.9921875,0.0078125,0.78125,0.933333333333,0.21875,0.354430379747,0.734375,0.640625,0.260869565217,0.370524136317,0.2109375,317,253,64,0,317,0,253,0,64,45,317,0.160101010101,1.84914057127,14.0888888889,10.5666666667,10.2258064516,7.62419063431,0.541149177514,0.287556957589,7.85075432263,1.1144603928,0.5825446898,8.30923789185,1.17954481115,0.603855590606,0.665156137797,0.35971096418,2.5,1.84914057127,0.665156137797,2.5,0.296598779422,0.263843648208,459,0.0323467230444,0.385590427152,45,45,45,1,0,0.333333333333,0.355555555556,0.311111111111,45,268,0.135353535354,1.87363192984,11.9111111111,8.93333333333,8.93333333333,6.90132471546,0.57940226156,0.31824212272,7.04838974375,1.18349827787,0.615754560531,7.07413841704,1.18782174913,0.613432835821,0.689085173102,0.367780438692,2,1.89348720097,0.68390652134,2,0.268344481411,0.275667351129,358,0.0252290345314,0.287449925234,45,44,44,0.977777777778,0,0.311111111111,0.355555555556,0.311111111111,-49,-0.0247474747475,0.0244913585618,-2.17777777778,-1.63333333333,-1.29247311828,-0.722865918844,0.0382530840455,0.0306851651312,-0.802364578883,0.0690378850656,0.0332098707305,-1.23509947482,0.0082769379832,0.00957724521452,0.0239290353053,0.00806947451214,-0.5,0.0443466296944,0.0187503835433,-0.5,-0.0282542980111,0.0118237029209,-101,-0.00711768851304,-0.0981405019182,-0.0222222222222,0,0,267,1,50,1662,0.842271293375,0.99939867709,0.000601322910403,0.157728706625,0.996268656716,0.842271293375,0.912820512821,0.902190627357,0.841669970465,0.839622641509,15,64,0,0,0,0
374,WLNM_dir_neg,0.680908203125,0.404297724048,00:00:02,10,80,24,1320364799,fixed,0.5,1,0.34375,0.511627906977,22,0,42,128,0.34375,1,0,0.65625,1,0.34375,0.511627906977,0.78125,0.628472222222,0.411214953271,0.508747019069,0.34375,317,253,64,0,317,0,253,0,64,45,317,0.160101010101,1.84914057127,14.0888888889,10.5666666667,10.2258064516,7.62419063431,0.541149177514,0.287556957589,7.85075432263,1.1144603928,0.5825446898,8.30923789185,1.17954481115,0.603855590606,0.665156137797,0.35971096418,2.5,1.84914057127,0.665156137797,2.5,0.296598779422,0.263843648208,459,0.0323467230444,0.385590427152,45,45,45,1,0,0.333333333333,0.355555555556,0.311111111111,45,275,0.138888888889,1.8343175206,12.2222222222,9.16666666667,9.82142857143,6.90483654236,0.564941171648,0.306828282828,7.01369511684,1.14769556457,0.603636363636,7.22125090593,1.18165923915,0.614303030303,0.63807482682,0.347854076328,2,1.8343175206,0.63807482682,2,0.312251284126,0.274962742176,369,0.0260042283298,0.307974943847,45,45,45,1,0,0.333333333333,0.288888888889,0.377777777778,-42,-0.0212121212121,-0.0148230506746,-1.86666666667,-1.4,-0.404377880184,-0.719354091945,0.0237919941339,0.0192713252398,-0.837059205798,0.0332351717702,0.0210916738362,-1.08798698592,0.0021144280064,0.0104474396967,-0.0270813109765,-0.0118568878518,-0.5,-0.0148230506746,-0.0270813109765,-0.5,0.0156525047038,0.0111190939674,-90,-0.00634249471459,-0.0776154833052,0,-0.0666666666667,0.0666666666667,275,0,42,1663,0.867507886435,1,0,0.132492113565,1,0.867507886435,0.929054054054,0.919857701332,0.867507886435,0.867507886435,22,64,0,0,0,0
375,WLNM_dir_neg,0.889465332031,0.526030232092,00:00:02,10,80,25,1320364800,fixed,0.5,0.95,0.296875,0.452380952381,19,1,45,127,0.296875,0.9921875,0.0078125,0.703125,0.95,0.296875,0.452380952381,0.760416666667,0.631944444444,0.349056603774,0.446074610508,0.2890625,317,253,64,0,317,0,253,0,64,45,317,0.160101010101,1.84914057127,14.0888888889,10.5666666667,10.2258064516,7.62419063431,0.541149177514,0.287556957589,7.85075432263,1.1144603928,0.5825446898,8.30923789185,1.17954481115,0.603855590606,0.665156137797,0.35971096418,2.5,1.84914057127,0.665156137797,2.5,0.296598779422,0.263843648208,459,0.0323467230444,0.385590427152,45,45,45,1,0,0.333333333333,0.355555555556,0.311111111111,45,273,0.137878787879,2.06669736079,12.1333333333,9.1,9.75,6.99870117821,0.576816031171,0.317623117623,7.01751056611,1.1567325109,0.603337403337,7.21236312301,1.18885106423,0.617663817664,0.902809887834,0.436837006211,3,2.09094048263,0.898308322057,3,0.305477411225,0.267978803936,354,0.0249471458774,0.308798953022,45,44,44,0.977777777778,0,0.311111111111,0.311111111111,0.355555555556,-44,-0.0222222222222,0.217556789522,-1.95555555556,-1.46666666667,-0.475806451613,-0.625489456103,0.0356668536568,0.0300661600346,-0.833243756524,0.0422721180943,0.0207927135372,-1.09687476884,0.00930625308616,0.0138082270574,0.237653750037,0.077126042031,0.5,0.241799911358,0.23315218426,0.5,0.00887863180303,0.00413515572794,-105,-0.00739957716702,-0.0767914741306,-0.0222222222222,-0.0444444444444,0.0444444444444,272,1,45,1662,0.858044164038,0.99939867709,0.000601322910403,0.141955835962,0.996336996337,0.858044164038,0.922033898305,0.911974826149,0.857442841127,0.85534591195,20,64,0,0,0,0
376,WLNM_dir_neg,0.852172851562,0.526343410552,00:00:02,10,80,26,1320364801,fixed,0.5,1,0.296875,0.457831325301,19,0,45,128,0.296875,1,0,0.703125,1,0.296875,0.457831325301,0.765625,0.633680555556,0.36018957346,0.468671717934,0.296875,317,253,64,0,317,0,253,0,64,45,317,0.160101010101,1.84914057127,14.0888888889,10.5666666667,10.2258064516,7.62419063431,0.541149177514,0.287556957589,7.85075432263,1.1144603928,0.5825446898,8.30923789185,1.17954481115,0.603855590606,0.665156137797,0.35971096418,2.5,1.84914057127,0.665156137797,2.5,0.296598779422,0.263843648208,459,0.0323467230444,0.385590427152,45,45,45,1,0,0.333333333333,0.355555555556,0.311111111111,45,272,0.137373737374,1.71781753469,12.0888888889,9.37931034483,9.06666666667,6.86831401246,0.568150975295,0.310375816993,6.99985569837,1.15806436186,0.604901960784,7.21096247376,1.19299011514,0.617810457516,0.56415376037,0.328413087523,2,1.71781753469,0.56415376037,2,0.217365963929,0.259184190524,341,0.0240310077519,0.312318987579,45,45,45,1,0,0.355555555556,0.311111111111,0.333333333333,-45,-0.0227272727273,-0.131323036579,-2,-1.18735632184,-1.15913978495,-0.75587662185,0.0270017977813,0.022818859405,-0.850898624265,0.0436039690596,0.0223572709841,-1.09827541809,0.0134453039976,0.01395486691,-0.101002377427,-0.031297876657,-0.5,-0.131323036579,-0.101002377427,-0.5,-0.0792328154923,-0.00465945768402,-118,-0.00831571529246,-0.0732714395731,0.0222222222222,-0.0444444444444,0.0222222222222,272,0,45,1663,0.858044164038,1,0,0.141955835962,1,0.858044164038,0.923599320883,0.914022764513,0.858044164038,0.858044164038,19,64,0,0,0,0
377,WLNM_dir_neg,0.725341796875,0.347147993721,00:00:03,10,80,27,1320364802,fixed,0.5,1,0.3125,0.47619047619,20,0,44,128,0.3125,1,0,0.6875,1,0.3125,0.47619047619,0.770833333333,0.631944444444,0.377358490566,0.48224282217,0.3125,317,253,64,0,317,0,253,0,64,45,317,0.160101010101,1.84914057127,14.0888888889,10.5666666667,10.2258064516,7.62419063431,0.541149177514,0.287556957589,7.85075432263,1.1144603928,0.5825446898,8.30923789185,1.17954481115,0.603855590606,0.665156137797,0.35971096418,2.5,1.84914057127,0.665156137797,2.5,0.296598779422,0.263843648208,459,0.0323467230444,0.385590427152,45,45,45,1,0,0.333333333333,0.355555555556,0.311111111111,45,273,0.137878787879,1.86399189529,12.1333333333,9.1,9.41379310345,6.74065009004,0.555548084344,0.299633699634,6.94262198308,1.14438823897,0.599592999593,7.142701297,1.17736834566,0.610337810338,0.682474316273,0.366135881811,2.5,1.86399189529,0.682474316273,2.5,0.271155476902,0.231008555872,297,0.0209302325581,0.299246681311,45,45,45,1,0,0.333333333333,0.311111111111,0.355555555556,-44,-0.0222222222222,0.0148513240211,-1.95555555556,-1.46666666667,-0.812013348165,-0.883540544268,0.01439890683,0.0120767420452,-0.908132339549,0.0299278461671,0.0170483097928,-1.16653659485,-0.00217646548704,0.00648221973143,0.0173181784758,0.00642491763137,0,0.0148513240211,0.0173181784758,0,-0.0254433025199,-0.032835092336,-162,-0.0114164904863,-0.0863437458417,0,-0.0444444444444,0.0444444444444,273,0,44,1663,0.86119873817,1,0,0.13880126183,1,0.86119873817,0.925423728814,0.9159695922,0.86119873817,0.86119873817,20,64,0,0,0,0
378,WLNM_dir_neg,0.821166992188,0.418257272239,00:00:02,10,80,28,1320364803,fixed,0.5,1,0.296875,0.457831325301,19,0,45,128,0.296875,1,0,0.703125,1,0.296875,0.457831325301,0.765625,0.633680555556,0.36018957346,0.468671717934,0.296875,317,253,64,0,317,0,253,0,64,45,317,0.160101010101,1.84914057127,14.0888888889,10.5666666667,10.2258064516,7.62419063431,0.541149177514,0.287556957589,7.85075432263,1.1144603928,0.5825446898,8.30923789185,1.17954481115,0.603855590606,0.665156137797,0.35971096418,2.5,1.84914057127,0.665156137797,2.5,0.296598779422,0.263843648208,459,0.0323467230444,0.385590427152,45,45,45,1,0,0.333333333333,0.355555555556,0.311111111111,45,272,0.137373737374,1.80252858144,12.0888888889,9.71428571429,8.77419354839,6.86500421182,0.567877186639,0.30841503268,7.032248947,1.16342353903,0.606045751634,7.05483572245,1.16716032173,0.604901960784,0.686269324659,0.380725904557,2.5,1.8398554922,0.679188411146,2.5,0.2922003139,0.262354463131,338,0.0238195912615,0.321109166789,45,43,43,0.955555555556,0,0.333333333333,0.355555555556,0.266666666667,-45,-0.0227272727273,-0.0466119898333,-2,-0.852380952381,-1.45161290323,-0.759186422491,0.0267280091253,0.0208580750912,-0.818505375637,0.0489631462222,0.0235010618338,-1.25440216941,-0.0123844894183,0.00104637017793,0.0211131868625,0.0210149403775,0,-0.00928507906866,0.014032273349,0,-0.00439846552132,-0.00148918507781,-121,-0.00852713178295,-0.0644812603637,0,0,-0.0444444444444,272,0,45,1663,0.858044164038,1,0,0.141955835962,1,0.858044164038,0.923599320883,0.914022764513,0.858044164038,0.858044164038,19,64,0,0,0,0
379,WLNM_dir_neg,0.573791503906,0.290707800921,00:00:03,10,80,29,1320364804,fixed,0.5,1,0.296875,0.457831325301,19,0,45,128,0.296875,1,0,0.703125,1,0.296875,0.457831325301,0.765625,0.633680555556,0.36018957346,0.468671717934,0.296875,317,253,64,0,317,0,253,0,64,45,317,0.160101010101,1.84914057127,14.0888888889,10.5666666667,10.2258064516,7.62419063431,0.541149177514,0.287556957589,7.85075432263,1.1144603928,0.5825446898,8.30923789185,1.17954481115,0.603855590606,0.665156137797,0.35971096418,2.5,1.84914057127,0.665156137797,2.5,0.296598779422,0.263843648208,459,0.0323467230444,0.385590427152,45,45,45,1,0,0.333333333333,0.355555555556,0.311111111111,45,272,0.137373737374,1.63969822614,12.0888888889,10.4615384615,9.06666666667,7.07692223236,0.585407169956,0.32410130719,7.14446879365,1.18198932248,0.615359477124,7.16035663013,1.18461782484,0.616830065359,0.564042987995,0.343991948642,1.5,1.68539095658,0.55618534207,1.5,0.223115806192,0.287784161879,384,0.0270613107822,0.363885145197,45,42,42,0.933333333333,0,0.355555555556,0.311111111111,0.266666666667,-45,-0.0227272727273,-0.209442345132,-2,-0.105128205128,-1.15913978495,-0.547268401952,0.044257992442,0.036544349601,-0.706285528983,0.067528929676,0.032814787324,-1.14888126172,0.00507301369181,0.0129744747531,-0.101113149802,-0.015719015538,-1,-0.163749614694,-0.108970795727,-1,-0.0734829732293,0.0239405136701,-75,-0.00528541226216,-0.0217052819552,0.0222222222222,-0.0444444444444,-0.0444444444444,272,0,45,1663,0.858044164038,1,0,0.141955835962,1,0.858044164038,0.923599320883,0.914022764513,0.858044164038,0.858044164038,19,64,0,0,0,0
380,WLNM_dir_neg,0.878845214844,0.46385462907,00:00:02,10,80,30,1320364805,fixed,0.5,0.958333333333,0.359375,0.522727272727,23,1,41,127,0.359375,0.9921875,0.0078125,0.640625,0.958333333333,0.359375,0.522727272727,0.78125,0.625,0.416666666667,0.501114828586,0.3515625,317,253,64,0,317,0,253,0,64,45,317,0.160101010101,1.84914057127,14.0888888889,10.5666666667,10.2258064516,7.62419063431,0.541149177514,0.287556957589,7.85075432263,1.1144603928,0.5825446898,8.30923789185,1.17954481115,0.603855590606,0.665156137797,0.35971096418,2.5,1.84914057127,0.665156137797,2.5,0.296598779422,0.263843648208,459,0.0323467230444,0.385590427152,45,45,45,1,0,0.333333333333,0.355555555556,0.311111111111,45,277,0.139898989899,1.80694210338,12.3111111111,9.23333333333,10.2592592593,6.96361394621,0.565636511877,0.30966706779,7.01283095332,1.13926856642,0.599759326113,7.52859867305,1.22305754616,0.628800641797,0.609940728042,0.337554106965,2,1.82528169664,0.604311329892,2,0.290971016362,0.269055061313,373,0.0262861169838,0.330409532178,45,44,44,0.977777777778,0,0.311111111111,0.288888888889,0.377777777778,-40,-0.020202020202,-0.042198467895,-1.77777777778,-1.33333333333,0.0334528076464,-0.660576688094,0.0244873343626,0.0221101102013,-0.837923369316,0.0248081736205,0.0172146363129,-0.780639218808,0.0435127350162,0.0249450511907,-0.0552154097545,-0.0221568572154,-0.5,-0.0238588746364,-0.0608448079051,-0.5,-0.00562776306019,0.00521141310435,-86,-0.00606060606061,-0.0551808949742,-0.0222222222222,-0.0666666666667,0.0666666666667,276,1,41,1662,0.870662460568,0.99939867709,0.000601322910403,0.129337539432,0.996389891697,0.870662460568,0.929292929293,0.919768047028,0.870061137657,0.867924528302,24,64,0,0,0,0
381,WLNM_dir_neg,0.700866699219,0.339715351799,00:00:02,10,80,31,1320364806,fixed,0.5,1,0.25,0.4,16,0,48,128,0.25,1,0,0.75,1,0.25,0.4,0.75,0.638888888889,0.307692307692,0.426401432711,0.25,317,253,64,0,317,0,253,0,64,45,317,0.160101010101,1.84914057127,14.0888888889,10.5666666667,10.2258064516,7.62419063431,0.541149177514,0.287556957589,7.85075432263,1.1144603928,0.5825446898,8.30923789185,1.17954481115,0.603855590606,0.665156137797,0.35971096418,2.5,1.84914057127,0.665156137797,2.5,0.296598779422,0.263843648208,459,0.0323467230444,0.385590427152,45,45,45,1,0,0.333333333333,0.355555555556,0.311111111111,45,269,0.135858585859,1.78183052176,11.9555555556,9.27586206897,8.96666666667,6.6090693732,0.552803200361,0.301445683602,6.83403544065,1.14324012948,0.598099958695,7.04688483364,1.17884690526,0.614291615035,0.610537636306,0.342646300448,1.58583097499,1.78183052176,0.610537636306,1.58583097499,0.277958357432,0.228295819936,284,0.0200140944327,0.319308440202,45,45,45,1,0,0.355555555556,0.311111111111,0.333333333333,-48,-0.0242424242424,-0.0673100495125,-2.13333333333,-1.2908045977,-1.25913978495,-1.01512126111,0.0116540228467,0.0138887260133,-1.01671888198,0.0287797366737,0.0155552688945,-1.26235305821,-0.000697905890803,0.0104360244287,-0.0546185014908,-0.0170646637322,-0.914169025009,-0.0673100495125,-0.0546185014908,-0.914169025009,-0.0186404219897,-0.0355478282728,-175,-0.0123326286117,-0.06628198695,0.0222222222222,-0.0444444444444,0.0222222222222,269,0,48,1663,0.84858044164,1,0,0.15141955836,1,0.84858044164,0.918088737201,0.908170997851,0.84858044164,0.84858044164,16,64,0,0,0,0
382,WLNM_dir_neg,0.740783691406,0.464061503778,00:00:02,10,80,32,1320364807,fixed,0.5,1,0.328125,0.494117647059,21,0,43,128,0.328125,1,0,0.671875,1,0.328125,0.494117647059,0.776041666667,0.630208333333,0.394366197183,0.495594627783,0.328125,317,253,64,0,317,0,253,0,64,45,317,0.160101010101,1.84914057127,14.0888888889,10.5666666667,10.2258064516,7.62419063431,0.541149177514,0.287556957589,7.85075432263,1.1144603928,0.5825446898,8.30923789185,1.17954481115,0.603855590606,0.665156137797,0.35971096418,2.5,1.84914057127,0.665156137797,2.5,0.296598779422,0.263843648208,459,0.0323467230444,0.385590427152,45,45,45,1,0,0.333333333333,0.355555555556,0.311111111111,45,274,0.138383838384,1.83204650705,12.1777777778,9.44827586207,9.13333333333,6.81338551839,0.559493336364,0.300811030008,7.00591380784,1.15060628231,0.602270884023,7.27643213714,1.19503447508,0.616382806164,0.705690963849,0.385192712703,3,1.85095665494,0.702221605712,3,0.277042564462,0.237563451777,312,0.0219873150106,0.324367378659,45,44,44,0.977777777778,0,0.333333333333,0.333333333333,0.311111111111,-43,-0.0217171717172,-0.0170940642237,-1.91111111111,-1.1183908046,-1.09247311828,-0.810805115918,0.0183441588502,0.0132540724196,-0.844840514797,0.036145889506,0.0197261942225,-1.03280575471,0.0154896639319,0.0125272155574,0.0405348260518,0.0254817485232,0.5,0.00181608366374,0.0370654679153,0.5,-0.0195562149601,-0.0262801964318,-147,-0.0103594080338,-0.0612230484936,0,-0.0222222222222,0,274,0,43,1663,0.864353312303,1,0,0.135646687697,1,0.864353312303,0.927241962775,0.917914565888,0.864353312303,0.864353312303,21,64,0,0,0,0
383,WLNM_dir_neg,0.765014648438,0.259169197973,00:00:02,10,80,33,1320364808,fixed,0.5,1,0.484375,0.652631578947,31,0,33,128,0.484375,1,0,0.515625,1,0.484375,0.652631578947,0.828125,0.612847222222,0.556053811659,0.620558754432,0.484375,317,253,64,0,317,0,253,0,64,45,317,0.160101010101,1.84914057127,14.0888888889,10.5666666667,10.2258064516,7.62419063431,0.541149177514,0.287556957589,7.85075432263,1.1144603928,0.5825446898,8.30923789185,1.17954481115,0.603855590606,0.665156137797,0.35971096418,2.5,1.84914057127,0.665156137797,2.5,0.296598779422,0.263843648208,459,0.0323467230444,0.385590427152,45,45,45,1,0,0.333333333333,0.355555555556,0.311111111111,45,284,0.143434343434,1.64816884883,12.6222222222,10.9230769231,10.5185185185,7.40481688709,0.586649225209,0.321596244131,7.40952158381,1.17404391293,0.612676056338,7.60030568232,1.20427378769,0.625352112676,0.583694297894,0.354147148399,2,1.67831623715,0.579643374765,2,0.220667436897,0.259310344828,376,0.0264975334743,0.387139268405,45,43,43,0.955555555556,0,0.377777777778,0.222222222222,0.355555555556,-33,-0.0166666666667,-0.200971722441,-1.46666666667,0.35641025641,0.292712066906,-0.21937374722,0.0455000476955,0.034039286543,-0.441232738819,0.0595835201255,0.0301313665378,-0.708932209539,0.0247289765444,0.0214965220697,-0.0814618399029,-0.005563815781,-0.5,-0.170824334123,-0.0855127630318,-0.5,-0.0759313425249,-0.00453330338088,-83,-0.00584918957012,0.00154884125309,0.0444444444444,-0.133333333333,0.0444444444444,284,0,33,1663,0.895899053628,1,0,0.104100946372,1,0.895899053628,0.945091514143,0.937265733681,0.895899053628,0.895899053628,31,64,0,0,0,0
384,WLNM_dir_neg,0.592102050781,0.208726297894,00:00:02,10,80,34,1320364809,fixed,0.5,1,0.484375,0.652631578947,31,0,33,128,0.484375,1,0,0.515625,1,0.484375,0.652631578947,0.828125,0.612847222222,0.556053811659,0.620558754432,0.484375,317,253,64,0,317,0,253,0,64,45,317,0.160101010101,1.84914057127,14.0888888889,10.5666666667,10.2258064516,7.62419063431,0.541149177514,0.287556957589,7.85075432263,1.1144603928,0.5825446898,8.30923789185,1.17954481115,0.603855590606,0.665156137797,0.35971096418,2.5,1.84914057127,0.665156137797,2.5,0.296598779422,0.263843648208,459,0.0323467230444,0.385590427152,45,45,45,1,0,0.333333333333,0.355555555556,0.311111111111,45,284,0.143434343434,1.8477986159,12.6222222222,9.46666666667,9.16129032258,7.12960820321,0.564845720325,0.3093114241,7.26705586948,1.15147012016,0.603912363067,7.35410281971,1.16526277073,0.603755868545,0.664060766693,0.359379404756,2.5,1.8477986159,0.664060766693,2.5,0.312187354472,0.296718640912,425,0.0299506694856,0.317246912933,45,45,45,1,0,0.333333333333,0.355555555556,0.311111111111,-33,-0.0166666666667,-0.0013419553688,-1.46666666667,-1.1,-1.06451612903,-0.494582431096,0.0236965428109,0.0217544665117,-0.583698453156,0.0370097273608,0.0213676732671,-0.955135072147,-0.0142820404183,-9.97220617784e-05,-0.0010953711041,-0.00033155942386,0,-0.0013419553688,-0.0010953711041,0,0.0155885750502,0.0328749927038,-34,-0.00239605355884,-0.0683435142192,0,0,0,284,0,33,1663,0.895899053628,1,0,0.104100946372,1,0.895899053628,0.945091514143,0.937265733681,0.895899053628,0.895899053628,31,64,0,0,0,0
385,WLNM_dir_neg,0.898254394531,0.409291052785,00:00:02,10,80,35,1320364810,fixed,0.5,1,0.453125,0.623655913978,29,0,35,128,0.453125,1,0,0.546875,1,0.453125,0.623655913978,0.817708333333,0.616319444444,0.524886877828,0.596513386991,0.453125,317,253,64,0,317,0,253,0,64,45,317,0.160101010101,1.84914057127,14.0888888889,10.5666666667,10.2258064516,7.62419063431,0.541149177514,0.287556957589,7.85075432263,1.1144603928,0.5825446898,8.30923789185,1.17954481115,0.603855590606,0.665156137797,0.35971096418,2.5,1.84914057127,0.665156137797,2.5,0.296598779422,0.263843648208,459,0.0323467230444,0.385590427152,45,45,45,1,0,0.333333333333,0.355555555556,0.311111111111,45,282,0.142424242424,1.89816365445,12.5333333333,9.4,10.0714285714,7.27573801318,0.58051101169,0.317257683215,7.27511324498,1.16092232633,0.608668242711,7.46324326282,1.19094307385,0.615445232467,0.739931451592,0.389814360767,3,1.89816365445,0.739931451592,3,0.269519673201,0.277020676692,393,0.0276955602537,0.306581055587,45,45,45,1,0,0.333333333333,0.288888888889,0.377777777778,-35,-0.0176767676768,0.0490230831805,-1.55555555556,-1.16666666667,-0.154377880184,-0.348452621134,0.0393618341755,0.0297007256266,-0.575641077654,0.0464619335237,0.0261235529106,-0.845994629037,0.0113982627074,0.0115896418601,0.0747753137952,0.0301033965871,0.5,0.0490230831805,0.0747753137952,0.5,-0.0270791062212,0.0131770284833,-66,-0.0046511627907,-0.079009371565,0,-0.0666666666667,0.0666666666667,282,0,35,1663,0.889589905363,1,0,0.110410094637,1,0.889589905363,0.941569282137,0.933409474205,0.889589905363,0.889589905363,29,64,0,0,0,0
386,WLNM_dir_neg,0.676391601562,0.293815785788,00:00:02,10,80,36,1320364811,fixed,0.5,0.965517241379,0.4375,0.602150537634,28,1,36,127,0.4375,0.9921875,0.0078125,0.5625,0.965517241379,0.4375,0.602150537634,0.807291666667,0.616319444444,0.497737556561,0.565659246284,0.4296875,317,253,64,0,317,0,253,0,64,45,317,0.160101010101,1.84914057127,14.0888888889,10.5666666667,10.2258064516,7.62419063431,0.541149177514,0.287556957589,7.85075432263,1.1144603928,0.5825446898,8.30923789185,1.17954481115,0.603855590606,0.665156137797,0.35971096418,2.5,1.84914057127,0.665156137797,2.5,0.296598779422,0.263843648208,459,0.0323467230444,0.385590427152,45,45,45,1,0,0.333333333333,0.355555555556,0.311111111111,45,282,0.142424242424,1.8526516047,12.5333333333,9.4,9.72413793103,6.74739006782,0.538355590517,0.293617021277,6.98830191365,1.11515456069,0.590543735225,7.46628786918,1.19142891529,0.614972419228,0.670796494028,0.362073739242,2.5,1.8526516047,0.670796494028,2.5,0.28139093394,0.261181535518,364,0.0256518675123,0.321468074192,45,45,45,1,0,0.333333333333,0.311111111111,0.355555555556,-35,-0.0176767676768,0.00351103343117,-1.55555555556,-1.16666666667,-0.501668520578,-0.876800566492,-0.00279358699674,0.00606006368809,-0.86245240898,0.000694167886463,0.00799904542438,-0.842950022675,0.011884104148,0.0111168286214,0.00564035623151,0.0023627750623,0,0.00351103343117,0.00564035623151,0,-0.0152078454815,-0.00266211269065,-95,-0.00669485553206,-0.0641223529607,0,-0.0444444444444,0.0444444444444,281,1,36,1662,0.88643533123,0.99939867709,0.000601322910403,0.11356466877,0.996453900709,0.88643533123,0.938230383973,0.929468568556,0.88583400832,0.883647798742,29,64,0,0,0,0
387,WLNM_dir_neg,0.695007324219,0.478501844056,00:00:02,10,80,37,1320364812,fixed,0.5,1,0.375,0.545454545455,24,0,40,128,0.375,1,0,0.625,1,0.375,0.545454545455,0.791666666667,0.625,0.444444444444,0.534522483825,0.375,317,253,64,0,317,0,253,0,64,45,317,0.160101010101,1.84914057127,14.0888888889,10.5666666667,10.2258064516,7.62419063431,0.541149177514,0.287556957589,7.85075432263,1.1144603928,0.5825446898,8.30923789185,1.17954481115,0.603855590606,0.665156137797,0.35971096418,2.5,1.84914057127,0.665156137797,2.5,0.296598779422,0.263843648208,459,0.0323467230444,0.385590427152,45,45,45,1,0,0.333333333333,0.355555555556,0.311111111111,45,277,0.139898989899,1.71715113511,12.3111111111,9.55172413793,9.55172413793,6.88483914852,0.559237836974,0.307260328921,6.9933590432,1.13610525973,0.597994384276,7.37919543396,1.19878626183,0.620617729643,0.564303185745,0.328627558872,2,1.71715113511,0.564303185745,2,0.202892959482,0.255476249077,346,0.0243833685694,0.325479385181,45,45,45,1,0,0.355555555556,0.288888888889,0.355555555556,-40,-0.020202020202,-0.131989436162,-1.77777777778,-1.01494252874,-0.674082313682,-0.739351485788,0.0180886594597,0.0197033713325,-0.857395279436,0.0216448669224,0.0154496944758,-0.930042457898,0.0192414506875,0.0167621390366,-0.100852952052,-0.0310834053084,-0.5,-0.131989436162,-0.100852952052,-0.5,-0.0937058199393,-0.00836739913143,-113,-0.00796335447498,-0.0601110419716,0.0222222222222,-0.0666666666667,0.0444444444444,277,0,40,1663,0.8738170347,1,0,0.1261829653,1,0.8738170347,0.93265993266,0.923738519836,0.8738170347,0.8738170347,24,64,0,0,0,0
388,WLNM_dir_neg,0.68017578125,0.365777180582,00:00:02,10,80,38,1320364813,fixed,0.5,1,0.25,0.4,16,0,48,128,0.25,1,0,0.75,1,0.25,0.4,0.75,0.638888888889,0.307692307692,0.426401432711,0.25,317,253,64,0,317,0,253,0,64,45,317,0.160101010101,1.84914057127,14.0888888889,10.5666666667,10.2258064516,7.62419063431,0.541149177514,0.287556957589,7.85075432263,1.1144603928,0.5825446898,8.30923789185,1.17954481115,0.603855590606,0.665156137797,0.35971096418,2.5,1.84914057127,0.665156137797,2.5,0.296598779422,0.263843648208,459,0.0323467230444,0.385590427152,45,45,45,1,0,0.333333333333,0.355555555556,0.311111111111,45,269,0.135858585859,1.78755055282,11.9555555556,9.27586206897,9.60714285714,6.60562967735,0.552515493459,0.300454357703,6.78731734691,1.13542483499,0.593969434118,7.21264322022,1.20657600338,0.625030978934,0.623074572367,0.348563329514,2,1.80544942902,0.618464573952,2,0.28797304197,0.244786235662,313,0.0220577871741,0.328599470045,45,44,44,0.977777777778,0,0.333333333333,0.288888888889,0.355555555556,-48,-0.0242424242424,-0.0615900184522,-2.13333333333,-1.2908045977,-0.61866359447,-1.01856095695,0.011366315945,0.0128974001149,-1.06343697572,0.0209644421823,0.0114247443179,-1.09659467163,0.0270311922364,0.0211753883279,-0.0420815654302,-0.0111476346654,-0.5,-0.0436911422517,-0.0466915638453,-0.5,-0.00862573745136,-0.0190574125463,-146,-0.0102889358703,-0.0569909571078,0,-0.0666666666667,0.0444444444444,269,0,48,1663,0.84858044164,1,0,0.15141955836,1,0.84858044164,0.918088737201,0.908170997851,0.84858044164,0.84858044164,16,64,0,0,0,0
389,WLNM_dir_neg,0.83251953125,0.477554495808,00:00:02,10,80,39,1320364814,fixed,0.5,1,0.265625,0.41975308642,17,0,47,128,0.265625,1,0,0.734375,1,0.265625,0.41975308642,0.755208333333,0.637152777778,0.325358851675,0.440778532015,0.265625,317,253,64,0,317,0,253,0,64,45,317,0.160101010101,1.84914057127,14.0888888889,10.5666666667,10.2258064516,7.62419063431,0.541149177514,0.287556957589,7.85075432263,1.1144603928,0.5825446898,8.30923789185,1.17954481115,0.603855590606,0.665156137797,0.35971096418,2.5,1.84914057127,0.665156137797,2.5,0.296598779422,0.263843648208,459,0.0323467230444,0.385590427152,45,45,45,1,0,0.333333333333,0.355555555556,0.311111111111,45,270,0.136363636364,1.64805908406,12,10.3846153846,9.64285714286,7.07749313606,0.589791094671,0.323868312757,6.95439690869,1.15906615145,0.6070781893,7.3762518198,1.2293753033,0.630288065844,0.582587573719,0.353499203612,2,1.71128436055,0.572060905881,2,0.185736728485,0.268365817091,358,0.0252290345314,0.376774772542,45,41,41,0.911111111111,0,0.333333333333,0.288888888889,0.288888888889,-47,-0.0237373737374,-0.201081487217,-2.08888888889,-0.182051282051,-0.582949308756,-0.546697498254,0.0486419171572,0.0363113551687,-0.89635741394,0.044605758646,0.0245334995002,-0.932986072056,0.0498304921533,0.0264324752372,-0.0825685640778,-0.00621176056809,-0.5,-0.137856210724,-0.0930952319163,-0.5,-0.110862050937,0.00452216888299,-101,-0.00711768851304,-0.00881565461037,0,-0.0666666666667,-0.0222222222222,270,0,47,1663,0.851735015773,1,0,0.148264984227,1,0.851735015773,0.919931856899,0.910123483438,0.851735015773,0.851735015773,17,64,0,0,0,0
390,WLNM_dir_neg,0.557434082031,0.340945565492,00:00:02,10,80,40,1320364815,fixed,0.5,1,0.1875,0.315789473684,12,0,52,128,0.1875,1,0,0.8125,1,0.1875,0.315789473684,0.729166666667,0.645833333333,0.235294117647,0.36514837167,0.1875,317,253,64,0,317,0,253,0,64,45,317,0.160101010101,1.84914057127,14.0888888889,10.5666666667,10.2258064516,7.62419063431,0.541149177514,0.287556957589,7.85075432263,1.1144603928,0.5825446898,8.30923789185,1.17954481115,0.603855590606,0.665156137797,0.35971096418,2.5,1.84914057127,0.665156137797,2.5,0.296598779422,0.263843648208,459,0.0323467230444,0.385590427152,45,45,45,1,0,0.333333333333,0.355555555556,0.311111111111,45,265,0.133838383838,1.83754401517,11.7777777778,8.83333333333,9.46428571429,6.49436430121,0.551408289725,0.300377358491,6.6305841722,1.12594825566,0.588846960168,7.18970925642,1.22089402468,0.629937106918,0.659443515699,0.358872228505,2.5,1.85657910642,0.654442249898,2.5,0.275865219807,0.22707542051,279,0.0196617336152,0.31357953936,45,44,44,0.977777777778,0,0.311111111111,0.311111111111,0.355555555556,-52,-0.0262626262626,-0.0115965561045,-2.31111111111,-1.73333333333,-0.761520737327,-1.1298263331,0.0102591122109,0.0128204009021,-1.22017015043,0.011487862854,0.0063022703675,-1.11952863543,0.0413492135293,0.0260815163119,-0.0057126220976,-0.0008387356751,0,0.00743853514935,-0.0107138878992,0,-0.0207335596148,-0.0367682276984,-180,-0.0126849894292,-0.0720108877926,-0.0222222222222,-0.0444444444444,0.0444444444444,265,0,52,1663,0.83596214511,1,0,0.16403785489,1,0.83596214511,0.910652920962,0.90034170621,0.83596214511,0.83596214511,12,64,0,0,0,0
391,WLNM_dir_neg,0.708740234375,0.321061875903,00:00:02,10,80,41,1320364816,fixed,0.5,1,0.3125,0.47619047619,20,0,44,128,0.3125,1,0,0.6875,1,0.3125,0.47619047619,0.770833333333,0.631944444444,0.377358490566,0.48224282217,0.3125,317,253,64,0,317,0,253,0,64,45,317,0.160101010101,1.84914057127,14.0888888889,10.5666666667,10.2258064516,7.62419063431,0.541149177514,0.287556957589,7.85075432263,1.1144603928,0.5825446898,8.30923789185,1.17954481115,0.603855590606,0.665156137797,0.35971096418,2.5,1.84914057127,0.665156137797,2.5,0.296598779422,0.263843648208,459,0.0323467230444,0.385590427152,45,45,45,1,0,0.333333333333,0.355555555556,0.311111111111,45,273,0.137878787879,1.83207158105,12.1333333333,9.1,9.75,6.94000261986,0.5719782379,0.313797313797,7.00129858085,1.15406020563,0.605291005291,7.22181040007,1.1904083077,0.619129019129,0.637294479681,0.347854574173,2,1.83207158105,0.637294479681,2,0.309802405748,0.260704332404,343,0.0241719520789,0.309700001238,45,45,45,1,0,0.333333333333,0.288888888889,0.377777777778,-44,-0.0222222222222,-0.0170689902201,-1.95555555556,-1.46666666667,-0.475806451613,-0.684188014451,0.0308290603864,0.0262403562088,-0.849455741785,0.0395998128314,0.0227463154908,-1.08742749179,0.0108634965571,0.0152734285226,-0.0278616581159,-0.0118563900073,-0.5,-0.0170689902201,-0.0278616581159,-0.5,0.0132036263261,-0.00313931580411,-116,-0.00817477096547,-0.0758904259138,0,-0.0666666666667,0.0666666666667,273,0,44,1663,0.86119873817,1,0,0.13880126183,1,0.86119873817,0.925423728814,0.9159695922,0.86119873817,0.86119873817,20,64,0,0,0,0
392,WLNM_dir_neg,0.74853515625,0.314364894962,00:00:02,10,80,42,1320364817,fixed,0.5,1,0.3125,0.47619047619,20,0,44,128,0.3125,1,0,0.6875,1,0.3125,0.47619047619,0.770833333333,0.631944444444,0.377358490566,0.48224282217,0.3125,317,253,64,0,317,0,253,0,64,45,317,0.160101010101,1.84914057127,14.0888888889,10.5666666667,10.2258064516,7.62419063431,0.541149177514,0.287556957589,7.85075432263,1.1144603928,0.5825446898,8.30923789185,1.17954481115,0.603855590606,0.665156137797,0.35971096418,2.5,1.84914057127,0.665156137797,2.5,0.296598779422,0.263843648208,459,0.0323467230444,0.385590427152,45,45,45,1,0,0.333333333333,0.355555555556,0.311111111111,45,273,0.137878787879,1.84815974154,12.1333333333,9.1,8.8064516129,6.84437393378,0.564096752784,0.307041107041,6.98830191365,1.15191789785,0.602686202686,7.13314924713,1.17579383194,0.610175010175,0.664196793316,0.359382784067,2.5,1.84815974154,0.664196793316,2.5,0.295573308155,0.259608042759,340,0.0239605355884,0.305682350766,45,45,45,1,0,0.333333333333,0.355555555556,0.311111111111,-44,-0.0222222222222,-0.00098082973155,-1.95555555556,-1.46666666667,-1.41935483871,-0.779816700525,0.0229475752703,0.0194841494526,-0.86245240898,0.037457505052,0.020141512886,-1.17608864473,-0.00375097920222,0.00631941956863,-0.000959344480427,-0.000328180112553,0,-0.00098082973155,-0.000959344480427,0,-0.00102547126635,-0.0042356054495,-119,-0.00838618745595,-0.0799080763864,0,0,0,273,0,44,1663,0.86119873817,1,0,0.13880126183,1,0.86119873817,0.925423728814,0.9159695922,0.86119873817,0.86119873817,20,64,0,0,0,0
393,WLNM_dir_neg,0.90869140625,0.761587863779,00:00:02,10,80,43,1320364818,fixed,0.5,1,0.28125,0.439024390244,18,0,46,128,0.28125,1,0,0.71875,1,0.28125,0.439024390244,0.760416666667,0.635416666667,0.342857142857,0.454858826147,0.28125,317,253,64,0,317,0,253,0,64,45,317,0.160101010101,1.84914057127,14.0888888889,10.5666666667,10.2258064516,7.62419063431,0.541149177514,0.287556957589,7.85075432263,1.1144603928,0.5825446898,8.30923789185,1.17954481115,0.603855590606,0.665156137797,0.35971096418,2.5,1.84914057127,0.665156137797,2.5,0.296598779422,0.263843648208,459,0.0323467230444,0.385590427152,45,45,45,1,0,0.333333333333,0.355555555556,0.311111111111,45,271,0.136868686869,1.83913099897,12.0444444444,9.03333333333,9.03333333333,6.63994645226,0.55128706707,0.29905699057,6.88373870697,1.14305624286,0.5979499795,7.08548095785,1.17655587861,0.610906109061,0.641690072507,0.348909388655,2,1.83913099897,0.641690072507,2,0.289779809907,0.23600844773,298,0.0210007047216,0.302158948566,45,45,45,1,0,0.333333333333,0.333333333333,0.333333333333,-46,-0.0232323232323,-0.0100095723033,-2.04444444444,-1.53333333333,-1.19247311828,-0.984244182048,0.0101378895556,0.0115000329814,-0.967015615662,0.0285958500522,0.0154052896996,-1.22375693401,-0.00298893253696,0.00705051845471,-0.0234660652897,-0.0108015755248,-0.5,-0.0100095723033,-0.0234660652897,-0.5,-0.00681896951456,-0.0278352004788,-161,-0.0113460183228,-0.0834314785859,0,-0.0222222222222,0.0222222222222,271,0,46,1663,0.854889589905,1,0,0.145110410095,1,0.854889589905,0.921768707483,0.912074066936,0.854889589905,0.854889589905,18,64,0,0,0,0
394,WLNM_dir_neg,0.812561035156,0.463429489752,00:00:02,10,80,44,1320364819,fixed,0.5,1,0.234375,0.379746835443,15,0,49,128,0.234375,1,0,0.765625,1,0.234375,0.379746835443,0.744791666667,0.640625,0.289855072464,0.411693484796,0.234375,317,253,64,0,317,0,253,0,64,45,317,0.160101010101,1.84914057127,14.0888888889,10.5666666667,10.2258064516,7.62419063431,0.541149177514,0.287556957589,7.85075432263,1.1144603928,0.5825446898,8.30923789185,1.17954481115,0.603855590606,0.665156137797,0.35971096418,2.5,1.84914057127,0.665156137797,2.5,0.296598779422,0.263843648208,459,0.0323467230444,0.385590427152,45,45,45,1,0,0.333333333333,0.355555555556,0.311111111111,45,268,0.135353535354,1.79719574582,11.9111111111,9.57142857143,8.93333333333,6.5948403462,0.553671297722,0.299834162521,6.83558721144,1.14776650938,0.598839137645,7.06449366247,1.18620229407,0.612271973466,0.682069326094,0.379518662718,2.5,1.83427461772,0.675056550262,2.5,0.272340866907,0.233547351525,291,0.0205073995772,0.323373665396,45,43,43,0.955555555556,0,0.333333333333,0.333333333333,0.288888888889,-49,-0.0247474747475,-0.0519448254566,-2.17777777778,-0.995238095238,-1.29247311828,-1.0293502881,0.0125221202083,0.0122772049322,-1.01516711119,0.0333061165814,0.0162944478449,-1.24474422939,0.00665748292479,0.00841638285962,0.0169131882971,0.0198076985376,0,-0.0148659535582,0.00990041246489,0,-0.0242579125143,-0.0302962966836,-168,-0.0118393234672,-0.0622167617558,0,-0.0222222222222,-0.0222222222222,268,0,49,1663,0.845425867508,1,0,0.154574132492,1,0.845425867508,0.916239316239,0.906216593862,0.845425867508,0.845425867508,15,64,0,0,0,0
395,WLNM_dir_neg,0.554931640625,0.218966832364,00:00:02,10,80,45,1320364820,fixed,0.5,1,0.375,0.545454545455,24,0,40,128,0.375,1,0,0.625,1,0.375,0.545454545455,0.791666666667,0.625,0.444444444444,0.534522483825,0.375,317,253,64,0,317,0,253,0,64,45,317,0.160101010101,1.84914057127,14.0888888889,10.5666666667,10.2258064516,7.62419063431,0.541149177514,0.287556957589,7.85075432263,1.1144603928,0.5825446898,8.30923789185,1.17954481115,0.603855590606,0.665156137797,0.35971096418,2.5,1.84914057127,0.665156137797,2.5,0.296598779422,0.263843648208,459,0.0323467230444,0.385590427152,45,45,45,1,0,0.333333333333,0.355555555556,0.311111111111,45,277,0.139898989899,1.81881164554,12.3111111111,9.55172413793,9.89285714286,6.98642261892,0.567489201898,0.311913357401,6.98360272859,1.13452029887,0.597513036502,7.45274676501,1.21073503403,0.623826714801,0.671601347276,0.369252829958,2.5,1.83742100112,0.667526468376,2.5,0.300481257668,0.268262887857,366,0.0257928118393,0.336002771407,45,44,44,0.977777777778,0,0.333333333333,0.288888888889,0.355555555556,-40,-0.020202020202,-0.0303289257334,-1.77777777778,-1.01494252874,-0.332949308756,-0.637768015393,0.0263400243835,0.0243563998122,-0.867151594048,0.0200599060649,0.014968346702,-0.85649112684,0.0311902228811,0.0199711241951,0.00644520947957,0.00954186577826,0,-0.011719570153,0.00237033057929,0,0.0038824782467,0.00441923964885,-93,-0.00655391120507,-0.0495876557455,0,-0.0666666666667,0.0444444444444,277,0,40,1663,0.8738170347,1,0,0.1261829653,1,0.8738170347,0.93265993266,0.923738519836,0.8738170347,0.8738170347,24,64,0,0,0,0
396,WLNM_dir_neg,0.707580566406,0.338077393288,00:00:02,10,80,46,1320364821,fixed,0.5,0.875,0.328125,0.477272727273,21,3,43,125,0.328125,0.9765625,0.0234375,0.671875,0.875,0.328125,0.477272727273,0.760416666667,0.625,0.361111111111,0.434299518108,0.3046875,317,253,64,0,317,0,253,0,64,45,317,0.160101010101,1.84914057127,14.0888888889,10.5666666667,10.2258064516,7.62419063431,0.541149177514,0.287556957589,7.85075432263,1.1144603928,0.5825446898,8.30923789185,1.17954481115,0.603855590606,0.665156137797,0.35971096418,2.5,1.84914057127,0.665156137797,2.5,0.296598779422,0.263843648208,459,0.0323467230444,0.385590427152,45,45,45,1,0,0.333333333333,0.355555555556,0.311111111111,45,277,0.139898989899,1.91442542471,12.3111111111,8.93548387097,9.55172413793,6.70421245535,0.544565993666,0.294424388287,6.80559781475,1.10560253308,0.584195748095,7.37303303679,1.19778515038,0.619494584838,0.685136347386,0.357880927897,2,1.91442542471,0.685136347386,2,0.179965225406,0.243465272591,326,0.0229739252995,0.302789141028,45,45,45,1,0,0.311111111111,0.333333333333,0.355555555556,-40,-0.020202020202,0.0652848534404,-1.77777777778,-1.6311827957,-0.674082313682,-0.919978178959,0.00341681615155,0.0068674306987,-1.04515650788,-0.00885785972031,0.00165105829445,-0.936204855063,0.0182403392347,0.0156389942312,0.0199802095891,-0.00183003628296,-0.5,0.0652848534404,0.0199802095891,-0.5,-0.116633554015,-0.020378375617,-133,-0.00937279774489,-0.082801286124,-0.0222222222222,-0.0222222222222,0.0444444444444,274,3,43,1660,0.864353312303,0.998196031269,0.00180396873121,0.135646687697,0.98916967509,0.864353312303,0.922558922559,0.911827101413,0.862549343572,0.85625,24,64,0,0,0,0
397,WLNM_dir_neg,0.833740234375,0.402039781508,00:00:02,10,80,47,1320364822,fixed,0.5,1,0.34375,0.511627906977,22,0,42,128,0.34375,1,0,0.65625,1,0.34375,0.511627906977,0.78125,0.628472222222,0.411214953271,0.508747019069,0.34375,317,253,64,0,317,0,253,0,64,45,317,0.160101010101,1.84914057127,14.0888888889,10.5666666667,10.2258064516,7.62419063431,0.541149177514,0.287556957589,7.85075432263,1.1144603928,0.5825446898,8.30923789185,1.17954481115,0.603855590606,0.665156137797,0.35971096418,2.5,1.84914057127,0.665156137797,2.5,0.296598779422,0.263843648208,459,0.0323467230444,0.385590427152,45,45,45,1,0,0.333333333333,0.355555555556,0.311111111111,45,275,0.138888888889,1.82521236238,12.2222222222,9.16666666667,9.82142857143,6.84533314446,0.560072711819,0.302141414141,6.96818165346,1.14024790693,0.598949494949,7.34606333111,1.20208309054,0.620121212121,0.632365031006,0.34646107162,2,1.82521236238,0.632365031006,2,0.318227942809,0.269051703014,366,0.0257928118393,0.317899899718,45,45,45,1,0,0.333333333333,0.288888888889,0.377777777778,-42,-0.0212121212121,-0.0239282088913,-1.86666666667,-1.4,-0.404377880184,-0.778857489853,0.0189235343051,0.0145844565529,-0.882572669178,0.0257875141263,0.0164048051493,-0.963174560747,0.0225382793983,0.0162656215148,-0.0327911067913,-0.0132498925596,-0.5,-0.0239282088913,-0.0327911067913,-0.5,0.0216291633874,0.0052080548055,-93,-0.00655391120507,-0.0676905274344,0,-0.0666666666667,0.0666666666667,275,0,42,1663,0.867507886435,1,0,0.132492113565,1,0.867507886435,0.929054054054,0.919857701332,0.867507886435,0.867507886435,22,64,0,0,0,0
398,WLNM_dir_neg,0.795043945312,0.323760842352,00:00:02,10,80,48,1320364823,fixed,0.5,1,0.4375,0.608695652174,28,0,36,128,0.4375,1,0,0.5625,1,0.4375,0.608695652174,0.8125,0.618055555556,0.509090909091,0.584348709791,0.4375,317,253,64,0,317,0,253,0,64,45,317,0.160101010101,1.84914057127,14.0888888889,10.5666666667,10.2258064516,7.62419063431,0.541149177514,0.287556957589,7.85075432263,1.1144603928,0.5825446898,8.30923789185,1.17954481115,0.603855590606,0.665156137797,0.35971096418,2.5,1.84914057127,0.665156137797,2.5,0.296598779422,0.263843648208,459,0.0323467230444,0.385590427152,45,45,45,1,0,0.333333333333,0.355555555556,0.311111111111,45,281,0.141919191919,1.85579774048,12.4888888889,9.36666666667,10.0357142857,7.14340834814,0.571981095492,0.316330565441,7.21789303038,1.15589034294,0.607987346777,7.42586253195,1.18919506739,0.617793594306,0.694426708605,0.374193099527,3,1.85579774048,0.694426708605,3,0.299952440147,0.276174576675,386,0.0272022551092,0.319362726801,45,45,45,1,0,0.333333333333,0.288888888889,0.377777777778,-36,-0.0181818181818,0.00665716920557,-1.6,-1.2,-0.190092165899,-0.480782286168,0.0308319179776,0.0287736078524,-0.632861292255,0.0414299501403,0.0254426569772,-0.883375359904,0.00965025624773,0.0139380036997,0.029270570808,0.0144821353471,0.5,0.00665716920557,0.029270570808,0.5,0.00335366072493,0.0123309284669,-73,-0.00514446793517,-0.0662277003508,0,-0.0666666666667,0.0666666666667,281,0,36,1663,0.88643533123,1,0,0.11356466877,1,0.88643533123,0.939799331104,0.931478776414,0.88643533123,0.88643533123,28,64,0,0,0,0
399,WLNM_dir_neg,0.72412109375,0.319915735373,00:00:03,10,80,49,1320364824,fixed,0.5,0.958333333333,0.359375,0.522727272727,23,1,41,127,0.359375,0.9921875,0.0078125,0.640625,0.958333333333,0.359375,0.522727272727,0.78125,0.625,0.416666666667,0.501114828586,0.3515625,317,253,64,0,317,0,253,0,64,45,317,0.160101010101,1.84914057127,14.0888888889,10.5666666667,10.2258064516,7.62419063431,0.541149177514,0.287556957589,7.85075432263,1.1144603928,0.5825446898,8.30923789185,1.17954481115,0.603855590606,0.665156137797,0.35971096418,2.5,1.84914057127,0.665156137797,2.5,0.296598779422,0.263843648208,459,0.0323467230444,0.385590427152,45,45,45,1,0,0.333333333333,0.355555555556,0.311111111111,45,277,0.139898989899,1.90298324406,12.3111111111,8.93548387097,9.55172413793,6.85174902098,0.556550010729,0.302206177296,7.06449366247,1.14766142531,0.602166064982,7.26121563688,1.17961986881,0.611472121941,0.704527567616,0.370222685782,3,1.90298324406,0.704527567616,3,0.292733123234,0.26538176427,358,0.0252290345314,0.298713509955,45,45,45,1,0,0.311111111111,0.333333333333,0.355555555556,-40,-0.020202020202,0.0538426727901,-1.77777777778,-1.6311827957,-0.674082313682,-0.772441613331,0.0154008332152,0.0146492197079,-0.786260660164,0.0332010325081,0.0196213751817,-1.04802225498,7.50576604478e-05,0.00761653133506,0.0393714298191,0.0105117216025,0.5,0.0538426727901,0.0393714298191,0.5,-0.00386565618764,0.00153811606136,-101,-0.00711768851304,-0.0868769171972,-0.0222222222222,-0.0222222222222,0.0444444444444,276,1,41,1662,0.870662460568,0.99939867709,0.000601322910403,0.129337539432,0.996389891697,0.870662460568,0.929292929293,0.919768047028,0.870061137657,0.867924528302,24,64,0,0,0,0
400,WLNM_dir_neg,0.891967773438,0.551648505603,00:00:03,10,80,50,1320364825,fixed,0.5,1,0.296875,0.457831325301,19,0,45,128,0.296875,1,0,0.703125,1,0.296875,0.457831325301,0.765625,0.633680555556,0.36018957346,0.468671717934,0.296875,317,253,64,0,317,0,253,0,64,45,317,0.160101010101,1.84914057127,14.0888888889,10.5666666667,10.2258064516,7.62419063431,0.541149177514,0.287556957589,7.85075432263,1.1144603928,0.5825446898,8.30923789185,1.17954481115,0.603855590606,0.665156137797,0.35971096418,2.5,1.84914057127,0.665156137797,2.5,0.296598779422,0.263843648208,459,0.0323467230444,0.385590427152,45,45,45,1,0,0.333333333333,0.355555555556,0.311111111111,45,272,0.137373737374,1.84724497105,12.0888888889,9.06666666667,9.06666666667,6.82516141075,0.564581366698,0.309232026144,6.87867440836,1.13801598668,0.59885620915,7.16670190266,1.18566759419,0.614379084967,0.662911907355,0.358865184502,2.5,1.84724497105,0.662911907355,2.5,0.288185888004,0.268035943517,348,0.0245243128964,0.306622438743,45,45,45,1,0,0.333333333333,0.333333333333,0.333333333333,-45,-0.0227272727273,-0.00189560022404,-2,-1.5,-1.15913978495,-0.799029223556,0.0234321891843,0.0216750685553,-0.972079914278,0.0235555938736,0.0163115193501,-1.14253598919,0.0061227830438,0.0105234943609,-0.00224423044155,-0.000845779678251,0,-0.00189560022404,-0.00224423044155,0,-0.0084128914175,0.00419229530886,-111,-0.00782241014799,-0.0789679884096,0,-0.0222222222222,0.0222222222222,272,0,45,1663,0.858044164038,1,0,0.141955835962,1,0.858044164038,0.923599320883,0.914022764513,0.858044164038,0.858044164038,19,64,0,0,0,0
401,WLNM_dir_neg,0.662353515625,0.281226482559,00:00:03,10,90,1,1321282076,fixed,0.5,0.923076923077,0.375,0.533333333333,12,1,20,63,0.375,0.984375,0.015625,0.625,0.923076923077,0.375,0.533333333333,0.78125,0.621527777778,0.422018348624,0.495110476246,0.359375,317,285,32,0,317,0,285,0,32,45,317,0.160101010101,1.84914057127,14.0888888889,10.5666666667,10.2258064516,7.62419063431,0.541149177514,0.287556957589,7.85075432263,1.1144603928,0.5825446898,8.30923789185,1.17954481115,0.603855590606,0.665156137797,0.35971096418,2.5,1.84914057127,0.665156137797,2.5,0.296598779422,0.263843648208,459,0.0323467230444,0.385590427152,45,45,45,1,0,0.333333333333,0.355555555556,0.311111111111,45,298,0.150505050505,2.13838541763,13.2444444444,9.61290322581,9.61290322581,7.28683606224,0.550180575169,0.295824011931,7.4659496409,1.12740850282,0.591051454139,7.77901866003,1.17468402584,0.607904548844,0.951417117986,0.444923122904,3,2.13838541763,0.951417117986,3,0.295891315832,0.26927206356,418,0.0294573643411,0.318569283859,45,45,45,1,0,0.311111111111,0.377777777778,0.311111111111,-19,-0.00959595959596,0.289244846358,-0.844444444444,-0.95376344086,-0.612903225806,-0.337354572068,0.00903139765519,0.00826705434289,-0.384804681737,0.0129481100171,0.00850676433849,-0.530219231822,-0.00486078530276,0.00404895823777,0.286260980189,0.0852121587243,0.5,0.289244846358,0.286260980189,0.5,-0.000707463589741,0.00542841535176,-41,-0.00288935870331,-0.0670211432934,-0.0222222222222,0.0222222222222,0,297,1,20,1662,0.93690851735,0.99939867709,0.000601322910403,0.0630914826498,0.996644295302,0.93690851735,0.965853658537,0.960224954711,0.93630719444,0.933962264151,13,32,0,0,0,0
402,WLNM_dir_neg,0.69921875,0.255404605833,00:00:02,10,90,2,1321282077,fixed,0.5,1,0.40625,0.577777777778,13,0,19,64,0.40625,1,0,0.59375,1,0.40625,0.577777777778,0.802083333333,0.621527777778,0.477064220183,0.559690103583,0.40625,317,285,32,0,317,0,285,0,32,45,317,0.160101010101,1.84914057127,14.0888888889,10.5666666667,10.2258064516,7.62419063431,0.541149177514,0.287556957589,7.85075432263,1.1144603928,0.5825446898,8.30923789185,1.17954481115,0.603855590606,0.665156137797,0.35971096418,2.5,1.84914057127,0.665156137797,2.5,0.296598779422,0.263843648208,459,0.0323467230444,0.385590427152,45,45,45,1,0,0.333333333333,0.355555555556,0.311111111111,45,298,0.150505050505,1.83445758351,13.2444444444,9.93333333333,9.93333333333,7.33656953387,0.553935619168,0.297986577181,7.48115477501,1.12970458012,0.590454884415,7.86617872138,1.18784578007,0.613870246085,0.6391086441,0.348391072024,2,1.83445758351,0.6391086441,2,0.305445472588,0.257751937984,399,0.0281183932347,0.353671538056,45,45,45,1,0,0.333333333333,0.333333333333,0.333333333333,-19,-0.00959595959596,-0.0146829877649,-0.844444444444,-0.633333333333,-0.29247311828,-0.287621100443,0.0127864416537,0.0104296195927,-0.369599547622,0.0152441873164,0.00791019461441,-0.44305917047,0.00830096892832,0.0100146554786,-0.0260474936966,-0.0113198921563,-0.5,-0.0146829877649,-0.0260474936966,-0.5,0.00884669316666,-0.00609171022397,-60,-0.00422832980973,-0.0319188890959,0,-0.0222222222222,0.0222222222222,298,0,19,1663,0.940063091483,1,0,0.0599369085174,1,0.940063091483,0.969105691057,0.964076795314,0.940063091483,0.940063091483,13,32,0,0,0,0
403,WLNM_dir_neg,0.844482421875,0.405275074372,00:00:03,10,90,3,1321282078,fixed,0.5,1,0.34375,0.511627906977,11,0,21,64,0.34375,1,0,0.65625,1,0.34375,0.511627906977,0.78125,0.628472222222,0.411214953271,0.508747019069,0.34375,317,285,32,0,317,0,285,0,32,45,317,0.160101010101,1.84914057127,14.0888888889,10.5666666667,10.2258064516,7.62419063431,0.541149177514,0.287556957589,7.85075432263,1.1144603928,0.5825446898,8.30923789185,1.17954481115,0.603855590606,0.665156137797,0.35971096418,2.5,1.84914057127,0.665156137797,2.5,0.296598779422,0.263843648208,459,0.0323467230444,0.385590427152,45,45,45,1,0,0.333333333333,0.355555555556,0.311111111111,45,296,0.149494949495,1.84647726838,13.1555555556,10.2068965517,9.86666666667,7.41606228385,0.563720950631,0.306081081081,7.5241698089,1.14387716689,0.599099099099,7.79711161232,1.18537169782,0.60990990991,0.705519536629,0.38208947855,2.5,1.86571538811,0.701634893659,2.5,0.256232794928,0.267158992181,410,0.0288935870331,0.348210844283,45,44,44,0.977777777778,0,0.333333333333,0.333333333333,0.311111111111,-21,-0.0106060606061,-0.00266330289526,-0.933333333333,-0.359770114943,-0.359139784946,-0.208128350456,0.0225717731166,0.0185241234926,-0.326584513735,0.0294167740905,0.0165544092989,-0.512126279536,0.0058268866721,0.00605431930353,0.0403633988325,0.0223785143703,0,0.0165748168406,0.0364787558617,0,-0.0403659844941,0.00331534397224,-49,-0.00345313601128,-0.0373795828692,0,-0.0222222222222,0,296,0,21,1663,0.933753943218,1,0,0.0662460567823,1,0.933753943218,0.965742251223,0.960265454556,0.933753943218,0.933753943218,11,32,0,0,0,0
404,WLNM_dir_neg,0.855712890625,0.342122315719,00:00:03,10,90,4,1321282079,fixed,0.5,1,0.53125,0.69387755102,17,0,15,64,0.53125,1,0,0.46875,1,0.53125,0.69387755102,0.84375,0.607638888889,0.601769911504,0.656033342777,0.53125,317,285,32,0,317,0,285,0,32,45,317,0.160101010101,1.84914057127,14.0888888889,10.5666666667,10.2258064516,7.62419063431,0.541149177514,0.287556957589,7.85075432263,1.1144603928,0.5825446898,8.30923789185,1.17954481115,0.603855590606,0.665156137797,0.35971096418,2.5,1.84914057127,0.665156137797,2.5,0.296598779422,0.263843648208,459,0.0323467230444,0.385590427152,45,45,45,1,0,0.333333333333,0.355555555556,0.311111111111,45,302,0.152525252525,1.84498727163,13.4222222222,10.0666666667,10.4137931034,7.23780758143,0.539240631067,0.287049300957,7.41810506991,1.10534678194,0.581015452539,8.06119273326,1.20117110264,0.617365710081,0.661422208468,0.358496895148,2.5,1.84498727163,0.661422208468,2.5,0.284786949314,0.253759398496,405,0.0285412262156,0.367339064932,45,45,45,1,0,0.333333333333,0.311111111111,0.355555555556,-15,-0.00757575757576,-0.00415329964193,-0.666666666667,-0.5,0.187986651835,-0.386383052875,-0.00190854644696,-0.000507656631918,-0.432649252719,-0.009113610862,-0.00152923726158,-0.248045158591,0.0216262914921,0.0135101194746,-0.00373392932873,-0.0012140690315,0,-0.00415329964193,-0.00373392932873,0,-0.0118118301079,-0.0100842497122,-54,-0.00380549682875,-0.0182513622204,0,-0.0444444444444,0.0444444444444,302,0,15,1663,0.952681388013,1,0,0.0473186119874,1,0.952681388013,0.975767366721,0.971681617523,0.952681388013,0.952681388013,17,32,0,0,0,0
405,WLNM_dir_neg,0.880859375,0.73662204024,00:00:03,10,90,5,1321282080,fixed,0.5,0.916666666667,0.34375,0.5,11,1,21,63,0.34375,0.984375,0.015625,0.65625,0.916666666667,0.34375,0.5,0.770833333333,0.625,0.388888888889,0.467707173347,0.328125,317,285,32,0,317,0,285,0,32,45,317,0.160101010101,1.84914057127,14.0888888889,10.5666666667,10.2258064516,7.62419063431,0.541149177514,0.287556957589,7.85075432263,1.1144603928,0.5825446898,8.30923789185,1.17954481115,0.603855590606,0.665156137797,0.35971096418,2.5,1.84914057127,0.665156137797,2.5,0.296598779422,0.263843648208,459,0.0323467230444,0.385590427152,45,45,45,1,0,0.333333333333,0.355555555556,0.311111111111,45,297,0.15,1.85950485854,13.2,9.9,9.58064516129,7.39041147827,0.559879657445,0.305499438833,7.4082263857,1.12245854329,0.592293303404,7.88957885729,1.19539073595,0.613692480359,0.683717170485,0.367687756955,2.5,1.85950485854,0.683717170485,2.5,0.290220294401,0.259995677545,401,0.0282593375617,0.344246439442,45,45,45,1,0,0.333333333333,0.355555555556,0.311111111111,-20,-0.010101010101,0.0103642872697,-0.888888888889,-0.666666666667,-0.645161290323,-0.233779156036,0.0187304799309,0.0179424812443,-0.442527936931,0.00799815048544,0.0097486136042,-0.419659034561,0.015845924807,0.00983688975277,0.0185610326879,0.00797679277522,0,0.0103642872697,0.0185610326879,0,-0.00637848502079,-0.00384797066362,-58,-0.00408738548273,-0.0413439877106,0,0,0,296,1,21,1662,0.933753943218,0.99939867709,0.000601322910403,0.0662460567823,0.996632996633,0.933753943218,0.964169381107,0.958314706508,0.933152620307,0.930817610063,12,32,0,0,0,0
406,WLNM_dir_neg,0.83544921875,0.68269220121,00:00:03,10,90,6,1321282081,fixed,0.5,1,0.25,0.4,8,0,24,64,0.25,1,0,0.75,1,0.25,0.4,0.75,0.638888888889,0.307692307692,0.426401432711,0.25,317,285,32,0,317,0,285,0,32,45,317,0.160101010101,1.84914057127,14.0888888889,10.5666666667,10.2258064516,7.62419063431,0.541149177514,0.287556957589,7.85075432263,1.1144603928,0.5825446898,8.30923789185,1.17954481115,0.603855590606,0.665156137797,0.35971096418,2.5,1.84914057127,0.665156137797,2.5,0.296598779422,0.263843648208,459,0.0323467230444,0.385590427152,45,45,45,1,0,0.333333333333,0.355555555556,0.311111111111,45,293,0.14797979798,1.84439275255,13.0222222222,9.76666666667,9.76666666667,7.13980165528,0.548278284109,0.296928327645,7.35966347496,1.13032374189,0.591277967387,7.80041438941,1.19801586185,0.617519908987,0.664402093552,0.360228098182,2.5,1.84439275255,0.664402093552,2.5,0.276582705556,0.234396048496,348,0.0245243128964,0.351815088126,45,45,45,1,0,0.333333333333,0.333333333333,0.333333333333,-24,-0.0121212121212,-0.00474781872257,-1.06666666667,-0.8,-0.459139784946,-0.484388979027,0.00712910659465,0.00937137005655,-0.491090847674,0.0158633490851,0.00873327758697,-0.508823502448,0.0184710507077,0.0136643183811,-0.000754044244603,0.000517134002248,0,-0.00474781872257,-0.000754044244603,0,-0.020016073866,-0.0294475997127,-111,-0.00782241014799,-0.0337753390262,0,-0.0222222222222,0.0222222222222,293,0,24,1663,0.92429022082,1,0,0.0757097791798,1,0.92429022082,0.960655737705,0.954536989224,0.92429022082,0.92429022082,8,32,0,0,0,0
407,WLNM_dir_neg,0.60888671875,0.472424958146,00:00:03,10,90,7,1321282082,fixed,0.5,1,0.21875,0.358974358974,7,0,25,64,0.21875,1,0,0.78125,1,0.21875,0.358974358974,0.739583333333,0.642361111111,0.271844660194,0.396614889769,0.21875,317,285,32,0,317,0,285,0,32,45,317,0.160101010101,1.84914057127,14.0888888889,10.5666666667,10.2258064516,7.62419063431,0.541149177514,0.287556957589,7.85075432263,1.1144603928,0.5825446898,8.30923789185,1.17954481115,0.603855590606,0.665156137797,0.35971096418,2.5,1.84914057127,0.665156137797,2.5,0.296598779422,0.263843648208,459,0.0323467230444,0.385590427152,45,45,45,1,0,0.333333333333,0.355555555556,0.311111111111,45,292,0.147474747475,1.84445423783,12.9777777778,9.73333333333,9.41935483871,6.98533818043,0.538253798149,0.287214611872,7.25390873386,1.11789689392,0.588736681887,7.73017176753,1.19129359431,0.609436834094,0.661356088235,0.358564650004,2.5,1.84445423783,0.661356088235,2.5,0.277457419287,0.232963549921,343,0.0241719520789,0.343410538599,45,45,45,1,0,0.333333333333,0.355555555556,0.311111111111,-25,-0.0126262626263,-0.00468633344611,-1.11111111111,-0.833333333333,-0.806451612903,-0.638852453881,-0.00289537936459,-0.000342345716357,-0.596845588772,0.00343650111419,0.00619199208716,-0.579066124322,0.0117487831649,0.00558124348799,-0.00380004956233,-0.00114631417609,0,-0.00468633344611,-0.00380004956233,0,-0.0191413601347,-0.0308800982877,-116,-0.00817477096547,-0.0421798885531,0,0,0,292,0,25,1663,0.921135646688,1,0,0.0788643533123,1,0.921135646688,0.95894909688,0.952624393378,0.921135646688,0.921135646688,7,32,0,0,0,0
408,WLNM_dir_neg,0.538818359375,0.334252447696,00:00:03,10,90,8,1321282083,fixed,0.5,1,0.21875,0.358974358974,7,0,25,64,0.21875,1,0,0.78125,1,0.21875,0.358974358974,0.739583333333,0.642361111111,0.271844660194,0.396614889769,0.21875,317,285,32,0,317,0,285,0,32,45,317,0.160101010101,1.84914057127,14.0888888889,10.5666666667,10.2258064516,7.62419063431,0.541149177514,0.287556957589,7.85075432263,1.1144603928,0.5825446898,8.30923789185,1.17954481115,0.603855590606,0.665156137797,0.35971096418,2.5,1.84914057127,0.665156137797,2.5,0.296598779422,0.263843648208,459,0.0323467230444,0.385590427152,45,45,45,1,0,0.333333333333,0.355555555556,0.311111111111,45,292,0.147474747475,1.83871213345,12.9777777778,9.73333333333,9.73333333333,7.07263898571,0.544980743762,0.294596651446,7.33801503449,1.13085848134,0.592085235921,7.7653725024,1.1967183651,0.614459665145,0.660146838993,0.359026748659,2.5,1.83871213345,0.660146838993,2.5,0.273987195302,0.237677245105,352,0.0248062015504,0.347987057435,45,45,45,1,0,0.333333333333,0.333333333333,0.333333333333,-25,-0.0126262626263,-0.0104284378211,-1.11111111111,-0.833333333333,-0.49247311828,-0.551551648596,0.00383156624807,0.00703969385746,-0.512739288139,0.0163980885405,0.00954054612064,-0.543865389456,0.0171735539491,0.0106040745382,-0.00500929880355,-0.000684215520833,0,-0.0104284378211,-0.00500929880355,0,-0.0226115841196,-0.0261664031038,-107,-0.00754052149401,-0.0376033697174,0,-0.0222222222222,0.0222222222222,292,0,25,1663,0.921135646688,1,0,0.0788643533123,1,0.921135646688,0.95894909688,0.952624393378,0.921135646688,0.921135646688,7,32,0,0,0,0
409,WLNM_dir_neg,0.619873046875,0.306502618486,00:00:03,10,90,9,1321282084,fixed,0.5,1,0.3125,0.47619047619,10,0,22,64,0.3125,1,0,0.6875,1,0.3125,0.47619047619,0.770833333333,0.631944444444,0.377358490566,0.48224282217,0.3125,317,285,32,0,317,0,285,0,32,45,317,0.160101010101,1.84914057127,14.0888888889,10.5666666667,10.2258064516,7.62419063431,0.541149177514,0.287556957589,7.85075432263,1.1144603928,0.5825446898,8.30923789185,1.17954481115,0.603855590606,0.665156137797,0.35971096418,2.5,1.84914057127,0.665156137797,2.5,0.296598779422,0.263843648208,459,0.0323467230444,0.385590427152,45,45,45,1,0,0.333333333333,0.355555555556,0.311111111111,45,295,0.14898989899,1.84576384699,13.1111111111,9.83333333333,9.51612903226,7.09744583451,0.541330614496,0.291374764595,7.33780855184,1.11932672825,0.589679849341,7.79730593205,1.18941954896,0.613333333333,0.662795605373,0.359090143875,2.5,1.84576384699,0.662795605373,2.5,0.279042638878,0.24944714728,376,0.0264975334743,0.348465337443,45,45,45,1,0,0.333333333333,0.355555555556,0.311111111111,-22,-0.0111111111111,-0.00337672428726,-0.977777777778,-0.733333333333,-0.709677419355,-0.526744799803,0.000181436982136,0.0038178070066,-0.512945770795,0.00486633544374,0.00713515954066,-0.511931959805,0.00987473781019,0.00947774272695,-0.0023605324243,-0.000620820305386,0,-0.00337672428726,-0.0023605324243,0,-0.0175561405434,-0.0143965009285,-83,-0.00584918957012,-0.0371250897089,0,0,0,295,0,22,1663,0.930599369085,1,0,0.0694006309148,1,0.930599369085,0.964052287582,0.958357506498,0.930599369085,0.930599369085,10,32,0,0,0,0
410,WLNM_dir_neg,0.7177734375,0.245323814326,00:00:03,10,90,10,1321282085,fixed,0.5,1,0.40625,0.577777777778,13,0,19,64,0.40625,1,0,0.59375,1,0.40625,0.577777777778,0.802083333333,0.621527777778,0.477064220183,0.559690103583,0.40625,317,285,32,0,317,0,285,0,32,45,317,0.160101010101,1.84914057127,14.0888888889,10.5666666667,10.2258064516,7.62419063431,0.541149177514,0.287556957589,7.85075432263,1.1144603928,0.5825446898,8.30923789185,1.17954481115,0.603855590606,0.665156137797,0.35971096418,2.5,1.84914057127,0.665156137797,2.5,0.296598779422,0.263843648208,459,0.0323467230444,0.385590427152,45,45,45,1,0,0.333333333333,0.355555555556,0.311111111111,45,298,0.150505050505,1.84382614889,13.2444444444,9.93333333333,9.61290322581,7.1768426698,0.541875704935,0.290231170768,7.46290489655,1.12694872599,0.591051454139,7.83723307183,1.18347479273,0.609843400447,0.662484914218,0.359299012337,2.5,1.84382614889,0.662484914218,2.5,0.291372640423,0.261904761905,407,0.0286821705426,0.352142061651,45,45,45,1,0,0.333333333333,0.355555555556,0.311111111111,-19,-0.00959595959596,-0.00531442237984,-0.844444444444,-0.633333333333,-0.612903225806,-0.447347964508,0.000726527420574,0.00267421317958,-0.387849426083,0.0124883331863,0.00850676433849,-0.472004820022,0.00392998157979,0.00598780984105,-0.00267122357896,-0.000411951843238,0,-0.00531442237984,-0.00267122357896,0,-0.0052261389987,-0.00193888630371,-52,-0.00366455250176,-0.0334483655017,0,0,0,298,0,19,1663,0.940063091483,1,0,0.0599369085174,1,0.940063091483,0.969105691057,0.964076795314,0.940063091483,0.940063091483,13,32,0,0,0,0
411,WLNM_dir_neg,0.802734375,0.313307946066,00:00:03,10,90,11,1321282086,fixed,0.5,1,0.375,0.545454545455,12,0,20,64,0.375,1,0,0.625,1,0.375,0.545454545455,0.791666666667,0.625,0.444444444444,0.534522483825,0.375,317,285,32,0,317,0,285,0,32,45,317,0.160101010101,1.84914057127,14.0888888889,10.5666666667,10.2258064516,7.62419063431,0.541149177514,0.287556957589,7.85075432263,1.1144603928,0.5825446898,8.30923789185,1.17954481115,0.603855590606,0.665156137797,0.35971096418,2.5,1.84914057127,0.665156137797,2.5,0.296598779422,0.263843648208,459,0.0323467230444,0.385590427152,45,45,45,1,0,0.333333333333,0.355555555556,0.311111111111,45,297,0.15,1.86047453603,13.2,9.9,9.9,7.44861182918,0.564288774938,0.30684624018,7.53597432924,1.14181429231,0.599027310138,7.77349810107,1.17780274259,0.609502431725,0.69688414125,0.374573329414,3,1.86047453603,0.69688414125,3,0.312942864812,0.281896551724,436,0.030725863284,0.343864596431,45,45,45,1,0,0.333333333333,0.333333333333,0.333333333333,-20,-0.010101010101,0.0113339647579,-0.888888888889,-0.666666666667,-0.325806451613,-0.175578805128,0.0231395974239,0.0192892825911,-0.314779993397,0.0273538995057,0.0164826203382,-0.535739790789,-0.00174206856085,0.00564684111827,0.0317280034534,0.0148623652336,0.5,0.0113339647579,0.0317280034534,0.5,0.0163440853903,0.0180529035157,-23,-0.00162085976039,-0.0417258307212,0,-0.0222222222222,0.0222222222222,297,0,20,1663,0.93690851735,1,0,0.0630914826498,1,0.93690851735,0.967426710098,0.962171879809,0.93690851735,0.93690851735,12,32,0,0,0,0
412,WLNM_dir_neg,0.56689453125,0.25808228673,00:00:03,10,90,12,1321282087,fixed,0.5,1,0.3125,0.47619047619,10,0,22,64,0.3125,1,0,0.6875,1,0.3125,0.47619047619,0.770833333333,0.631944444444,0.377358490566,0.48224282217,0.3125,317,285,32,0,317,0,285,0,32,45,317,0.160101010101,1.84914057127,14.0888888889,10.5666666667,10.2258064516,7.62419063431,0.541149177514,0.287556957589,7.85075432263,1.1144603928,0.5825446898,8.30923789185,1.17954481115,0.603855590606,0.665156137797,0.35971096418,2.5,1.84914057127,0.665156137797,2.5,0.296598779422,0.263843648208,459,0.0323467230444,0.385590427152,45,45,45,1,0,0.333333333333,0.355555555556,0.311111111111,45,295,0.14898989899,1.85041047593,13.1111111111,9.83333333333,9.83333333333,7.14531703674,0.544981807887,0.291374764595,7.36254512428,1.1231001037,0.589679849341,7.74759656444,1.18183676407,0.611073446328,0.665425226817,0.359609522034,2.5,1.85041047593,0.665425226817,2.5,0.285380727014,0.24500665779,368,0.0259337561663,0.345380117531,45,45,45,1,0,0.333333333333,0.333333333333,0.333333333333,-22,-0.0111111111111,0.00126990465996,-0.977777777778,-0.733333333333,-0.39247311828,-0.478873597567,0.00383263037307,0.0038178070066,-0.488209198352,0.00863971090103,0.00713515954066,-0.561641327419,0.00229195291986,0.0072178557213,0.00026908901987,-0.000101442146064,0,0.00126990465996,0.00026908901987,0,-0.0112180524077,-0.0188369904189,-91,-0.00641296687808,-0.0402103096211,0,-0.0222222222222,0.0222222222222,295,0,22,1663,0.930599369085,1,0,0.0694006309148,1,0.930599369085,0.964052287582,0.958357506498,0.930599369085,0.930599369085,10,32,0,0,0,0
413,WLNM_dir_neg,0.86376953125,0.455819725684,00:00:02,10,90,13,1321282088,fixed,0.5,1,0.3125,0.47619047619,10,0,22,64,0.3125,1,0,0.6875,1,0.3125,0.47619047619,0.770833333333,0.631944444444,0.377358490566,0.48224282217,0.3125,317,285,32,0,317,0,285,0,32,45,317,0.160101010101,1.84914057127,14.0888888889,10.5666666667,10.2258064516,7.62419063431,0.541149177514,0.287556957589,7.85075432263,1.1144603928,0.5825446898,8.30923789185,1.17954481115,0.603855590606,0.665156137797,0.35971096418,2.5,1.84914057127,0.665156137797,2.5,0.296598779422,0.263843648208,459,0.0323467230444,0.385590427152,45,45,45,1,0,0.333333333333,0.355555555556,0.311111111111,45,295,0.14898989899,1.78365334933,13.1111111111,10.1724137931,10.1724137931,7.16754751458,0.546677352807,0.295593220339,7.39334945486,1.12779906938,0.594048964218,7.76810365169,1.18496496382,0.614237288136,0.609906249123,0.341942143272,1.52357719726,1.78365334933,0.609906249123,1.52357719726,0.285727895471,0.241226121724,362,0.0255109231853,0.363807538582,45,45,45,1,0,0.355555555556,0.288888888889,0.355555555556,-22,-0.0111111111111,-0.0654872219459,-0.977777777778,-0.394252873563,-0.0533926585095,-0.456643119731,0.00552817529278,0.00803626275048,-0.457404867777,0.013338676582,0.0115042744182,-0.541134240162,0.00542015267089,0.0103816975292,-0.0552498886741,-0.0177688209082,-0.976422802737,-0.0654872219459,-0.0552498886741,-0.976422802737,-0.0108708839512,-0.0226175264848,-97,-0.00683579985906,-0.0217828885708,0.0222222222222,-0.0666666666667,0.0444444444444,295,0,22,1663,0.930599369085,1,0,0.0694006309148,1,0.930599369085,0.964052287582,0.958357506498,0.930599369085,0.930599369085,10,32,0,0,0,0
414,WLNM_dir_neg,0.80712890625,0.415929017439,00:00:03,10,90,14,1321282089,fixed,0.5,0.888888888889,0.25,0.390243902439,8,1,24,63,0.25,0.984375,0.015625,0.75,0.888888888889,0.25,0.390243902439,0.739583333333,0.635416666667,0.285714285714,0.379049021789,0.234375,317,285,32,0,317,0,285,0,32,45,317,0.160101010101,1.84914057127,14.0888888889,10.5666666667,10.2258064516,7.62419063431,0.541149177514,0.287556957589,7.85075432263,1.1144603928,0.5825446898,8.30923789185,1.17954481115,0.603855590606,0.665156137797,0.35971096418,2.5,1.84914057127,0.665156137797,2.5,0.296598779422,0.263843648208,459,0.0323467230444,0.385590427152,45,45,45,1,0,0.333333333333,0.355555555556,0.311111111111,45,294,0.148484848485,1.85154048391,13.0666666667,9.8,9.8,7.11081123105,0.54419473707,0.294935752079,7.23501586352,1.10740038727,0.581708238851,7.77408281641,1.18991063516,0.616477702192,0.671957918512,0.362918296603,2.5,1.85154048391,0.671957918512,2.5,0.295517234366,0.261651131824,393,0.0276955602537,0.346654643448,45,45,45,1,0,0.333333333333,0.333333333333,0.333333333333,-23,-0.0116161616162,0.00239991263923,-1.02222222222,-0.766666666667,-0.425806451613,-0.513379403258,0.00304555955617,0.00737879449011,-0.615738459108,-0.00706000552862,-0.000836450949114,-0.535155075447,0.0103658240179,0.0126221115856,0.00680178071554,0.00320733242277,0,0.00239991263923,0.00680178071554,0,-0.00108154505572,-0.00219251638423,-66,-0.0046511627907,-0.0389357837043,0,-0.0222222222222,0.0222222222222,293,1,24,1662,0.92429022082,0.99939867709,0.000601322910403,0.0757097791798,0.996598639456,0.92429022082,0.959083469722,0.952574670315,0.92368889791,0.921383647799,9,32,0,0,0,0
415,WLNM_dir_neg,0.862060546875,0.457887737975,00:00:03,10,90,15,1321282090,fixed,0.5,1,0.375,0.545454545455,12,0,20,64,0.375,1,0,0.625,1,0.375,0.545454545455,0.791666666667,0.625,0.444444444444,0.534522483825,0.375,317,285,32,0,317,0,285,0,32,45,317,0.160101010101,1.84914057127,14.0888888889,10.5666666667,10.2258064516,7.62419063431,0.541149177514,0.287556957589,7.85075432263,1.1144603928,0.5825446898,8.30923789185,1.17954481115,0.603855590606,0.665156137797,0.35971096418,2.5,1.84914057127,0.665156137797,2.5,0.296598779422,0.263843648208,459,0.0323467230444,0.385590427152,45,45,45,1,0,0.333333333333,0.355555555556,0.311111111111,45,297,0.15,1.83448649876,13.2,10.2413793103,9.9,7.31001803256,0.553789244891,0.297194163861,7.43272860701,1.12617100106,0.590946502058,7.90971784349,1.1984420975,0.613842124953,0.689223011915,0.375703507428,2.5,1.85345210101,0.685210094943,2.5,0.278768550704,0.249676584735,386,0.0272022551092,0.36185004467,45,44,44,0.977777777778,0,0.333333333333,0.333333333333,0.311111111111,-20,-0.010101010101,-0.0146540725115,-0.888888888889,-0.325287356322,-0.325806451613,-0.314172601748,0.0126400673769,0.00963720627233,-0.418025715624,0.0117106082592,0.0084018122574,-0.399520048364,0.018897286352,0.00998653434686,0.0240668741179,0.0159925432485,0,0.00431152973304,0.0200539571459,0,-0.0178302287179,-0.0141670634737,-73,-0.00514446793517,-0.0237403824824,0,-0.0222222222222,0,297,0,20,1663,0.93690851735,1,0,0.0630914826498,1,0.93690851735,0.967426710098,0.962171879809,0.93690851735,0.93690851735,12,32,0,0,0,0
416,WLNM_dir_neg,0.822265625,0.566870792376,00:00:03,10,90,16,1321282091,fixed,0.5,1,0.25,0.4,8,0,24,64,0.25,1,0,0.75,1,0.25,0.4,0.75,0.638888888889,0.307692307692,0.426401432711,0.25,317,285,32,0,317,0,285,0,32,45,317,0.160101010101,1.84914057127,14.0888888889,10.5666666667,10.2258064516,7.62419063431,0.541149177514,0.287556957589,7.85075432263,1.1144603928,0.5825446898,8.30923789185,1.17954481115,0.603855590606,0.665156137797,0.35971096418,2.5,1.84914057127,0.665156137797,2.5,0.296598779422,0.263843648208,459,0.0323467230444,0.385590427152,45,45,45,1,0,0.333333333333,0.355555555556,0.311111111111,45,293,0.14797979798,1.8082438679,13.0222222222,10.1034482759,9.76666666667,7.24722168988,0.556527262875,0.300265453166,7.4395204581,1.14258846626,0.597042093288,7.77999246968,1.19487938954,0.617974971559,0.664371228788,0.367412405252,2.5,1.82661304672,0.660391300108,2.5,0.27313529894,0.259495060373,394,0.0277660324172,0.359404864317,45,44,44,0.977777777778,0,0.333333333333,0.333333333333,0.311111111111,-24,-0.0121212121212,-0.0408967033686,-1.06666666667,-0.463218390805,-0.459139784946,-0.376968944432,0.0153780853605,0.012708495578,-0.411233864535,0.028128073458,0.0144974034876,-0.529245422174,0.0153345783948,0.0141193809522,-0.000784909008655,0.00770144107166,0,-0.0225275245526,-0.00476483768925,0,-0.0234634804815,-0.00434858783525,-65,-0.0045806906272,-0.026185562835,0,-0.0222222222222,0,293,0,24,1663,0.92429022082,1,0,0.0757097791798,1,0.92429022082,0.960655737705,0.954536989224,0.92429022082,0.92429022082,8,32,0,0,0,0
417,WLNM_dir_neg,0.564208984375,0.243664493765,00:00:03,10,90,17,1321282092,fixed,0.5,1,0.34375,0.511627906977,11,0,21,64,0.34375,1,0,0.65625,1,0.34375,0.511627906977,0.78125,0.628472222222,0.411214953271,0.508747019069,0.34375,317,285,32,0,317,0,285,0,32,45,317,0.160101010101,1.84914057127,14.0888888889,10.5666666667,10.2258064516,7.62419063431,0.541149177514,0.287556957589,7.85075432263,1.1144603928,0.5825446898,8.30923789185,1.17954481115,0.603855590606,0.665156137797,0.35971096418,2.5,1.84914057127,0.665156137797,2.5,0.296598779422,0.263843648208,459,0.0323467230444,0.385590427152,45,45,45,1,0,0.333333333333,0.355555555556,0.311111111111,45,296,0.149494949495,1.8449821162,13.1555555556,9.86666666667,9.86666666667,7.09659186946,0.539436881969,0.288888888889,7.34379419179,1.11645519808,0.585285285285,7.86097637033,1.19508086711,0.615465465465,0.661978080152,0.358799185281,2.5,1.8449821162,0.661978080152,2.5,0.283462573068,0.247005009802,378,0.0266384778013,0.354206602689,45,45,45,1,0,0.333333333333,0.333333333333,0.333333333333,-21,-0.0106060606061,-0.00415845507033,-0.933333333333,-0.7,-0.359139784946,-0.527598764854,-0.00171229554532,0.00133193130039,-0.506960130847,0.00199480527279,0.00274059548507,-0.448261521521,0.015536055965,0.0116098748591,-0.00317805764475,-0.000911778898632,0,-0.00415845507033,-0.00317805764475,0,-0.0131362063534,-0.0168386384067,-81,-0.00570824524313,-0.0313838244632,0,-0.0222222222222,0.0222222222222,296,0,21,1663,0.933753943218,1,0,0.0662460567823,1,0.933753943218,0.965742251223,0.960265454556,0.933753943218,0.933753943218,11,32,0,0,0,0
418,WLNM_dir_neg,0.900390625,0.490158505449,00:00:03,10,90,18,1321282093,fixed,0.5,1,0.4375,0.608695652174,14,0,18,64,0.4375,1,0,0.5625,1,0.4375,0.608695652174,0.8125,0.618055555556,0.509090909091,0.584348709791,0.4375,317,285,32,0,317,0,285,0,32,45,317,0.160101010101,1.84914057127,14.0888888889,10.5666666667,10.2258064516,7.62419063431,0.541149177514,0.287556957589,7.85075432263,1.1144603928,0.5825446898,8.30923789185,1.17954481115,0.603855590606,0.665156137797,0.35971096418,2.5,1.84914057127,0.665156137797,2.5,0.296598779422,0.263843648208,459,0.0323467230444,0.385590427152,45,45,45,1,0,0.333333333333,0.355555555556,0.311111111111,45,299,0.15101010101,1.84666882845,13.2888888889,9.96666666667,9.64516129032,7.27268308067,0.547275482659,0.295949461167,7.4564052866,1.12220146454,0.590412486065,7.85712055618,1.1825097827,0.611371237458,0.664033416266,0.35958446151,2.5,1.84666882845,0.664033416266,2.5,0.283746427724,0.26491340603,413,0.0291050035236,0.353678119756,45,45,45,1,0,0.333333333333,0.355555555556,0.311111111111,-18,-0.00909090909091,-0.0024717428183,-0.8,-0.6,-0.58064516129,-0.351507553635,0.00612630514537,0.00839250357835,-0.394349036037,0.00774107173507,0.00786779626445,-0.452117335675,0.00296497155608,0.00751564685181,-0.00112272153048,-0.000126502670377,0,-0.0024717428183,-0.00112272153048,0,-0.0128523516974,0.00106975782104,-46,-0.00324171952079,-0.0319123073961,0,0,0,299,0,18,1663,0.943217665615,1,0,0.0567823343849,1,0.943217665615,0.970779220779,0.965980214029,0.943217665615,0.943217665615,14,32,0,0,0,0
419,WLNM_dir_neg,0.6455078125,0.338648104921,00:00:03,10,90,19,1321282094,fixed,0.5,1,0.34375,0.511627906977,11,0,21,64,0.34375,1,0,0.65625,1,0.34375,0.511627906977,0.78125,0.628472222222,0.411214953271,0.508747019069,0.34375,317,285,32,0,317,0,285,0,32,45,317,0.160101010101,1.84914057127,14.0888888889,10.5666666667,10.2258064516,7.62419063431,0.541149177514,0.287556957589,7.85075432263,1.1144603928,0.5825446898,8.30923789185,1.17954481115,0.603855590606,0.665156137797,0.35971096418,2.5,1.84914057127,0.665156137797,2.5,0.296598779422,0.263843648208,459,0.0323467230444,0.385590427152,45,45,45,1,0,0.333333333333,0.355555555556,0.311111111111,45,296,0.149494949495,1.85280597534,13.1555555556,9.86666666667,10.962962963,7.19202701088,0.546691242381,0.293468468468,7.33760206337,1.1155138272,0.587987987988,8.04953101087,1.22374626854,0.625375375375,0.691771728336,0.373364366018,3,1.87218792932,0.687298560489,3,0.276928448257,0.24236517219,373,0.0262861169838,0.364989904423,45,44,44,0.977777777778,0,0.311111111111,0.288888888889,0.377777777778,-21,-0.0106060606061,0.00366540406198,-0.933333333333,-0.7,0.73715651135,-0.432163623427,0.00554206486718,0.00591151087997,-0.513152259261,0.00105343439904,0.00544329818778,-0.259706880985,0.0442014573978,0.021519784769,0.0266155905392,0.0136534018384,0.5,0.0230473580469,0.0221424226921,0.5,-0.019670331165,-0.0214784760187,-86,-0.00606060606061,-0.0206005227297,-0.0222222222222,-0.0666666666667,0.0666666666667,296,0,21,1663,0.933753943218,1,0,0.0662460567823,1,0.933753943218,0.965742251223,0.960265454556,0.933753943218,0.933753943218,11,32,0,0,0,0
420,WLNM_dir_neg,0.685302734375,0.32810896516,00:00:03,10,90,20,1321282095,fixed,0.5,1,0.3125,0.47619047619,10,0,22,64,0.3125,1,0,0.6875,1,0.3125,0.47619047619,0.770833333333,0.631944444444,0.377358490566,0.48224282217,0.3125,317,285,32,0,317,0,285,0,32,45,317,0.160101010101,1.84914057127,14.0888888889,10.5666666667,10.2258064516,7.62419063431,0.541149177514,0.287556957589,7.85075432263,1.1144603928,0.5825446898,8.30923789185,1.17954481115,0.603855590606,0.665156137797,0.35971096418,2.5,1.84914057127,0.665156137797,2.5,0.296598779422,0.263843648208,459,0.0323467230444,0.385590427152,45,45,45,1,0,0.333333333333,0.355555555556,0.311111111111,45,295,0.14898989899,1.86906426341,13.1111111111,9.83333333333,10.1724137931,7.24638537549,0.552690409995,0.296873822976,7.4270866537,1.13294542175,0.593145009416,7.82930263804,1.19430040241,0.615743879473,0.694061710745,0.371341812228,2.5,1.86906426341,0.694061710745,2.5,0.275724530182,0.246881155614,376,0.0264975334743,0.338977120953,45,45,45,1,0,0.333333333333,0.311111111111,0.355555555556,-22,-0.0111111111111,0.0199236921352,-0.977777777778,-0.733333333333,-0.0533926585095,-0.37780525882,0.0115412324809,0.00931686538701,-0.42366766893,0.0184850289485,0.010600319616,-0.479935253817,0.0147555912659,0.0118882888663,0.0289055729486,0.0116308480485,0,0.0199236921352,0.0289055729486,0,-0.0208742492402,-0.0169624925945,-83,-0.00584918957012,-0.0466133061991,0,-0.0444444444444,0.0444444444444,295,0,22,1663,0.930599369085,1,0,0.0694006309148,1,0.930599369085,0.964052287582,0.958357506498,0.930599369085,0.930599369085,10,32,0,0,0,0
421,WLNM_dir_neg,0.757568359375,0.370001096685,00:00:03,10,90,21,1321282096,fixed,0.5,1,0.34375,0.511627906977,11,0,21,64,0.34375,1,0,0.65625,1,0.34375,0.511627906977,0.78125,0.628472222222,0.411214953271,0.508747019069,0.34375,317,285,32,0,317,0,285,0,32,45,317,0.160101010101,1.84914057127,14.0888888889,10.5666666667,10.2258064516,7.62419063431,0.541149177514,0.287556957589,7.85075432263,1.1144603928,0.5825446898,8.30923789185,1.17954481115,0.603855590606,0.665156137797,0.35971096418,2.5,1.84914057127,0.665156137797,2.5,0.296598779422,0.263843648208,459,0.0323467230444,0.385590427152,45,45,45,1,0,0.333333333333,0.355555555556,0.311111111111,45,296,0.149494949495,1.84637634311,13.1555555556,9.86666666667,9.54838709677,7.24554896457,0.550759634131,0.298273273273,7.40849907781,1.12629208953,0.58993993994,7.76790860145,1.1809320509,0.609459459459,0.663601871523,0.35940769822,2.5,1.84637634311,0.663601871523,2.5,0.287104195611,0.253678893038,385,0.0271317829457,0.347321538628,45,45,45,1,0,0.333333333333,0.355555555556,0.311111111111,-21,-0.0106060606061,-0.00276422816752,-0.933333333333,-0.7,-0.677419354839,-0.378641669739,0.00961045661712,0.0107163156848,-0.442255244827,0.0118316967286,0.00739525013973,-0.54132929041,0.00138723974879,0.00560386885308,-0.00155426627387,-0.000303265960166,0,-0.00276422816752,-0.00155426627387,0,-0.0094945838112,-0.0101647551709,-74,-0.00521494009866,-0.0382688885245,0,0,0,296,0,21,1663,0.933753943218,1,0,0.0662460567823,1,0.933753943218,0.965742251223,0.960265454556,0.933753943218,0.933753943218,11,32,0,0,0,0
422,WLNM_dir_neg,0.60693359375,0.3593339166,00:00:03,10,90,22,1321282097,fixed,0.5,1,0.25,0.4,8,0,24,64,0.25,1,0,0.75,1,0.25,0.4,0.75,0.638888888889,0.307692307692,0.426401432711,0.25,317,285,32,0,317,0,285,0,32,45,317,0.160101010101,1.84914057127,14.0888888889,10.5666666667,10.2258064516,7.62419063431,0.541149177514,0.287556957589,7.85075432263,1.1144603928,0.5825446898,8.30923789185,1.17954481115,0.603855590606,0.665156137797,0.35971096418,2.5,1.84914057127,0.665156137797,2.5,0.296598779422,0.263843648208,459,0.0323467230444,0.385590427152,45,45,45,1,0,0.333333333333,0.355555555556,0.311111111111,45,293,0.14797979798,1.84507285624,13.0222222222,9.76666666667,9.45161290323,7.13980165528,0.548278284109,0.295183921122,7.37816872519,1.13316584517,0.594766780432,7.64443416725,1.17405985504,0.60902540766,0.66322316526,0.359456355892,2.5,1.84507285624,0.66322316526,2.5,0.293482938637,0.262759081792,393,0.0276955602537,0.338353447273,45,45,45,1,0,0.333333333333,0.355555555556,0.311111111111,-24,-0.0121212121212,-0.00406771503229,-1.06666666667,-0.8,-0.774193548387,-0.484388979027,0.00712910659465,0.00762696353398,-0.472585597443,0.0187054523629,0.0122220906321,-0.664803724608,-0.00548495610863,0.00516981705384,-0.00193297253734,-0.00025460828795,0,-0.00406771503229,-0.00193297253734,0,-0.0031158407848,-0.00108456641663,-66,-0.0046511627907,-0.0472369798794,0,0,0,293,0,24,1663,0.92429022082,1,0,0.0757097791798,1,0.92429022082,0.960655737705,0.954536989224,0.92429022082,0.92429022082,8,32,0,0,0,0
423,WLNM_dir_neg,0.935546875,0.504123489083,00:00:03,10,90,23,1321282098,fixed,0.5,1,0.4375,0.608695652174,14,0,18,64,0.4375,1,0,0.5625,1,0.4375,0.608695652174,0.8125,0.618055555556,0.509090909091,0.584348709791,0.4375,317,285,32,0,317,0,285,0,32,45,317,0.160101010101,1.84914057127,14.0888888889,10.5666666667,10.2258064516,7.62419063431,0.541149177514,0.287556957589,7.85075432263,1.1144603928,0.5825446898,8.30923789185,1.17954481115,0.603855590606,0.665156137797,0.35971096418,2.5,1.84914057127,0.665156137797,2.5,0.296598779422,0.263843648208,459,0.0323467230444,0.385590427152,45,45,45,1,0,0.333333333333,0.355555555556,0.311111111111,45,299,0.15101010101,1.77803904887,13.2888888889,10.3103448276,9.64516129032,7.31630253805,0.550557883298,0.294091415831,7.49895615632,1.12860544159,0.590115198811,7.91476053608,1.19118469607,0.612114455593,0.606298847506,0.340992987691,1.55692410028,1.77803904887,0.606298847506,1.55692410028,0.304157321222,0.25389042848,397,0.0279774489077,0.377882848619,45,45,45,1,0,0.355555555556,0.333333333333,0.311111111111,-18,-0.00909090909091,-0.0711015224025,-0.8,-0.25632183908,-0.58064516129,-0.307888096258,0.00940870578407,0.00653445824204,-0.351798166318,0.0141450487831,0.00757050901064,-0.394477355778,0.0116398849185,0.00825886498634,-0.058857290291,-0.0187179764888,-0.94307589972,-0.0711015224025,-0.058857290291,-0.94307589972,0.00755854180017,-0.0099532197284,-62,-0.00436927413672,-0.00770757853299,0.0222222222222,-0.0222222222222,0,299,0,18,1663,0.943217665615,1,0,0.0567823343849,1,0.943217665615,0.970779220779,0.965980214029,0.943217665615,0.943217665615,14,32,0,0,0,0
424,WLNM_dir_neg,0.61767578125,0.235099458547,00:00:02,10,90,24,1321282099,fixed,0.5,1,0.375,0.545454545455,12,0,20,64,0.375,1,0,0.625,1,0.375,0.545454545455,0.791666666667,0.625,0.444444444444,0.534522483825,0.375,317,285,32,0,317,0,285,0,32,45,317,0.160101010101,1.84914057127,14.0888888889,10.5666666667,10.2258064516,7.62419063431,0.541149177514,0.287556957589,7.85075432263,1.1144603928,0.5825446898,8.30923789185,1.17954481115,0.603855590606,0.665156137797,0.35971096418,2.5,1.84914057127,0.665156137797,2.5,0.296598779422,0.263843648208,459,0.0323467230444,0.385590427152,45,45,45,1,0,0.333333333333,0.355555555556,0.311111111111,45,297,0.15,1.84001361234,13.2,9.9,9.58064516129,7.20037877792,0.545483240751,0.292106247662,7.38672027111,1.11920004108,0.585260007482,7.92693910891,1.20105138014,0.615637860082,0.65927560831,0.358299310335,2.5,1.84001361234,0.65927560831,2.5,0.286552554269,0.24919302776,386,0.0272022551092,0.359937110898,45,45,45,1,0,0.333333333333,0.355555555556,0.311111111111,-20,-0.010101010101,-0.00912695892937,-0.888888888889,-0.666666666667,-0.645161290323,-0.423811856393,0.00433406323713,0.0045492900733,-0.464034051523,0.00473964827455,0.00271531768202,-0.382298782945,0.0215065689913,0.0117822694759,-0.00588052948734,-0.00141165384506,0,-0.00912695892937,-0.00588052948734,0,-0.0100462251523,-0.0146506204486,-73,-0.00514446793517,-0.0256533162538,0,0,0,297,0,20,1663,0.93690851735,1,0,0.0630914826498,1,0.93690851735,0.967426710098,0.962171879809,0.93690851735,0.93690851735,12,32,0,0,0,0
425,WLNM_dir_neg,0.79248046875,0.362606251198,00:00:03,10,90,25,1321282100,fixed,0.5,0.941176470588,0.5,0.65306122449,16,1,16,63,0.5,0.984375,0.015625,0.5,0.941176470588,0.5,0.65306122449,0.822916666667,0.607638888889,0.548672566372,0.598148047826,0.484375,317,285,32,0,317,0,285,0,32,45,317,0.160101010101,1.84914057127,14.0888888889,10.5666666667,10.2258064516,7.62419063431,0.541149177514,0.287556957589,7.85075432263,1.1144603928,0.5825446898,8.30923789185,1.17954481115,0.603855590606,0.665156137797,0.35971096418,2.5,1.84914057127,0.665156137797,2.5,0.296598779422,0.263843648208,459,0.0323467230444,0.385590427152,45,45,45,1,0,0.333333333333,0.355555555556,0.311111111111,45,302,0.152525252525,2.55163821269,13.4222222222,9.74193548387,9.74193548387,7.41769655771,0.552642955458,0.298675496689,7.54568576985,1.12435715114,0.590728476821,7.82949615882,1.16664677863,0.602796173657,1.47431591817,0.577791910637,4.50105580694,2.55163821269,1.47431591817,4.50105580694,0.304301529504,0.283553875236,450,0.0317124735729,0.326643534108,45,45,45,1,0,0.311111111111,0.377777777778,0.311111111111,-15,-0.00757575757576,0.702497641421,-0.666666666667,-0.824731182796,-0.483870967742,-0.206494076602,0.0114937779443,0.0111185391002,-0.305068552779,0.00989675833434,0.00818378702098,-0.479741733033,-0.0128980325141,-0.00105941694928,0.809159780369,0.218080946457,2.00105580694,0.702497641421,0.809159780369,2.00105580694,0.00770275008174,0.0197102270278,-9,-0.000634249471459,-0.0589468930439,-0.0222222222222,0.0222222222222,0,301,1,16,1662,0.94952681388,0.99939867709,0.000601322910403,0.0504731861199,0.996688741722,0.94952681388,0.97253634895,0.967850813059,0.94892549097,0.946540880503,17,32,0,0,0,0
426,WLNM_dir_neg,0.623046875,0.300114077417,00:00:03,10,90,26,1321282101,fixed,0.5,1,0.21875,0.358974358974,7,0,25,64,0.21875,1,0,0.78125,1,0.21875,0.358974358974,0.739583333333,0.642361111111,0.271844660194,0.396614889769,0.21875,317,285,32,0,317,0,285,0,32,45,317,0.160101010101,1.84914057127,14.0888888889,10.5666666667,10.2258064516,7.62419063431,0.541149177514,0.287556957589,7.85075432263,1.1144603928,0.5825446898,8.30923789185,1.17954481115,0.603855590606,0.665156137797,0.35971096418,2.5,1.84914057127,0.665156137797,2.5,0.296598779422,0.263843648208,459,0.0323467230444,0.385590427152,45,45,45,1,0,0.333333333333,0.355555555556,0.311111111111,45,292,0.147474747475,1.83778303073,12.9777777778,9.73333333333,10.0689655172,7.15252304146,0.551136193263,0.295738203957,7.24450331512,1.1164474287,0.588280060883,7.7653725024,1.1967183651,0.617808219178,0.63964543192,0.348052746828,2,1.83778303073,0.63964543192,2,0.29555422853,0.247799593771,366,0.0257928118393,0.34488952774,45,45,45,1,0,0.333333333333,0.311111111111,0.355555555556,-25,-0.0126262626263,-0.0113575405426,-1.11111111111,-0.833333333333,-0.156840934372,-0.471667592851,0.00998701574899,0.00818124636888,-0.60625100751,0.00198703589765,0.00573537108259,-0.543865389456,0.0171735539491,0.0139526285717,-0.0255107058767,-0.0116582173516,-0.5,-0.0113575405426,-0.0255107058767,-0.5,-0.00104455089205,-0.0160440544373,-93,-0.00655391120507,-0.0407008994125,0,-0.0444444444444,0.0444444444444,292,0,25,1663,0.921135646688,1,0,0.0788643533123,1,0.921135646688,0.95894909688,0.952624393378,0.921135646688,0.921135646688,7,32,0,0,0,0
427,WLNM_dir_neg,0.57763671875,0.251236223214,00:00:03,10,90,27,1321282102,fixed,0.5,1,0.34375,0.511627906977,11,0,21,64,0.34375,1,0,0.65625,1,0.34375,0.511627906977,0.78125,0.628472222222,0.411214953271,0.508747019069,0.34375,317,285,32,0,317,0,285,0,32,45,317,0.160101010101,1.84914057127,14.0888888889,10.5666666667,10.2258064516,7.62419063431,0.541149177514,0.287556957589,7.85075432263,1.1144603928,0.5825446898,8.30923789185,1.17954481115,0.603855590606,0.665156137797,0.35971096418,2.5,1.84914057127,0.665156137797,2.5,0.296598779422,0.263843648208,459,0.0323467230444,0.385590427152,45,45,45,1,0,0.333333333333,0.355555555556,0.311111111111,45,296,0.149494949495,1.84129250534,13.1555555556,9.86666666667,9.86666666667,7.15400572965,0.543801111206,0.290915915916,7.40236107569,1.12535894732,0.591591591592,7.88983491269,1.19946814551,0.614114114114,0.660265242501,0.358587916144,2.5,1.84129250534,0.660265242501,2.5,0.290097273483,0.254948364888,395,0.0278365045807,0.355294955632,45,45,45,1,0,0.333333333333,0.333333333333,0.333333333333,-21,-0.0106060606061,-0.00784806593461,-0.933333333333,-0.7,-0.359139784946,-0.470184904664,0.00265193369211,0.00335895832741,-0.448393246939,0.0108985545155,0.00904690179138,-0.419402979165,0.0199233343637,0.0102585235077,-0.00489089529612,-0.00112304803601,0,-0.00784806593461,-0.00489089529612,0,-0.00650150593894,-0.00889528332035,-64,-0.00451021846371,-0.0302954715204,0,-0.0222222222222,0.0222222222222,296,0,21,1663,0.933753943218,1,0,0.0662460567823,1,0.933753943218,0.965742251223,0.960265454556,0.933753943218,0.933753943218,11,32,0,0,0,0
428,WLNM_dir_neg,0.55224609375,0.337241096891,00:00:03,10,90,28,1321282103,fixed,0.5,1,0.15625,0.27027027027,5,0,27,64,0.15625,1,0,0.84375,1,0.15625,0.27027027027,0.71875,0.649305555556,0.19801980198,0.331496772066,0.15625,317,285,32,0,317,0,285,0,32,45,317,0.160101010101,1.84914057127,14.0888888889,10.5666666667,10.2258064516,7.62419063431,0.541149177514,0.287556957589,7.85075432263,1.1144603928,0.5825446898,8.30923789185,1.17954481115,0.603855590606,0.665156137797,0.35971096418,2.5,1.84914057127,0.665156137797,2.5,0.296598779422,0.263843648208,459,0.0323467230444,0.385590427152,45,45,45,1,0,0.333333333333,0.355555555556,0.311111111111,45,290,0.146464646465,1.84462409452,12.8888888889,9.66666666667,9.35483870968,6.96818165346,0.540634783458,0.290421455939,7.17177407859,1.11286149495,0.586053639847,7.7182062081,1.19765268746,0.615938697318,0.662347199579,0.359068929841,2.5,1.84462409452,0.662347199579,2.5,0.289015088673,0.236733760293,345,0.0243128964059,0.344649365727,45,45,45,1,0,0.333333333333,0.355555555556,0.311111111111,-27,-0.0136363636364,-0.00451647674877,-1.2,-0.9,-0.870967741935,-0.656008980853,-0.000514394056271,0.00286449835019,-0.678980244043,-0.00159889784911,0.00350895004653,-0.591031683758,0.0181078763168,0.0120831067116,-0.00280893821763,-0.000642034339218,0,-0.00451647674877,-0.00280893821763,0,-0.00758369074914,-0.0271098879157,-114,-0.00803382663848,-0.0409410614254,0,0,0,290,0,27,1663,0.914826498423,1,0,0.0851735015773,1,0.914826498423,0.955518945634,0.948794459905,0.914826498423,0.914826498423,5,32,0,0,0,0
429,WLNM_dir_neg,0.789306640625,0.37852446149,00:00:04,10,90,29,1321282104,fixed,0.5,1,0.4375,0.608695652174,14,0,18,64,0.4375,1,0,0.5625,1,0.4375,0.608695652174,0.8125,0.618055555556,0.509090909091,0.584348709791,0.4375,317,285,32,0,317,0,285,0,32,45,317,0.160101010101,1.84914057127,14.0888888889,10.5666666667,10.2258064516,7.62419063431,0.541149177514,0.287556957589,7.85075432263,1.1144603928,0.5825446898,8.30923789185,1.17954481115,0.603855590606,0.665156137797,0.35971096418,2.5,1.84914057127,0.665156137797,2.5,0.296598779422,0.263843648208,459,0.0323467230444,0.385590427152,45,45,45,1,0,0.333333333333,0.355555555556,0.311111111111,45,299,0.15101010101,1.84567360205,13.2888888889,9.96666666667,9.64516129032,7.18781235597,0.540888889663,0.290078037904,7.41361019758,1.11576073208,0.585507246377,7.90901544141,1.19032004971,0.611668524712,0.662684847104,0.359047692055,2.5,1.84567360205,0.662684847104,2.5,0.279952193971,0.253920515575,394,0.0277660324172,0.356916459585,45,45,45,1,0,0.333333333333,0.355555555556,0.311111111111,-18,-0.00909090909091,-0.00346696922033,-0.8,-0.6,-0.58064516129,-0.436378278338,-0.000260287850681,0.00252108031562,-0.437144125056,0.00130033927397,0.0029625565766,-0.400222450441,0.0107752385646,0.00781293410562,-0.00247129069296,-0.000663272124917,0,-0.00346696922033,-0.00247129069296,0,-0.0166465854505,-0.00992313263382,-65,-0.0045806906272,-0.0286739675669,0,0,0,299,0,18,1663,0.943217665615,1,0,0.0567823343849,1,0.943217665615,0.970779220779,0.965980214029,0.943217665615,0.943217665615,14,32,0,0,0,0
430,WLNM_dir_neg,0.766357421875,0.454533045476,00:00:03,10,90,30,1321282105,fixed,0.5,1,0.28125,0.439024390244,9,0,23,64,0.28125,1,0,0.71875,1,0.28125,0.439024390244,0.760416666667,0.635416666667,0.342857142857,0.454858826147,0.28125,317,285,32,0,317,0,285,0,32,45,317,0.160101010101,1.84914057127,14.0888888889,10.5666666667,10.2258064516,7.62419063431,0.541149177514,0.287556957589,7.85075432263,1.1144603928,0.5825446898,8.30923789185,1.17954481115,0.603855590606,0.665156137797,0.35971096418,2.5,1.84914057127,0.665156137797,2.5,0.296598779422,0.263843648208,459,0.0323467230444,0.385590427152,45,45,45,1,0,0.333333333333,0.355555555556,0.311111111111,45,294,0.148484848485,1.70057393128,13.0666666667,10.5,9.8,7.32802838422,0.560818498793,0.300831443689,7.49120696672,1.14661331123,0.599395313681,7.68292084609,1.17595727236,0.610128495843,0.577428558886,0.339549224097,2,1.70057393128,0.577428558886,2,0.206362240542,0.256670341786,388,0.0273431994362,0.361887826689,45,45,45,1,0,0.377777777778,0.288888888889,0.333333333333,-23,-0.0116161616162,-0.148566639991,-1.02222222222,-0.0666666666667,-0.425806451613,-0.296162250084,0.0196693212787,0.0132744861001,-0.359547355917,0.0321529184293,0.0168506238808,-0.626317045765,-0.00358753878597,0.0062729052364,-0.0877275789106,-0.0201617400831,-0.5,-0.148566639991,-0.0877275789106,-0.5,-0.0902365388796,-0.00717330642236,-71,-0.00500352360817,-0.0237026004633,0.0444444444444,-0.0666666666667,0.0222222222222,294,0,23,1663,0.927444794953,1,0,0.0725552050473,1,0.927444794953,0.962356792144,0.956448022474,0.927444794953,0.927444794953,9,32,0,0,0,0
431,WLNM_dir_neg,0.5556640625,0.265584310254,00:00:03,10,90,31,1321282106,fixed,0.5,1,0.40625,0.577777777778,13,0,19,64,0.40625,1,0,0.59375,1,0.40625,0.577777777778,0.802083333333,0.621527777778,0.477064220183,0.559690103583,0.40625,317,285,32,0,317,0,285,0,32,45,317,0.160101010101,1.84914057127,14.0888888889,10.5666666667,10.2258064516,7.62419063431,0.541149177514,0.287556957589,7.85075432263,1.1144603928,0.5825446898,8.30923789185,1.17954481115,0.603855590606,0.665156137797,0.35971096418,2.5,1.84914057127,0.665156137797,2.5,0.296598779422,0.263843648208,459,0.0323467230444,0.385590427152,45,45,45,1,0,0.333333333333,0.355555555556,0.311111111111,45,298,0.150505050505,1.68057354349,13.2444444444,10.6428571429,9.93333333333,7.32727022082,0.553233489827,0.301043997017,7.52356567088,1.13610891003,0.594034302759,7.91801423938,1.19567329118,0.615958240119,0.548454867206,0.326349816306,1.5,1.68057354349,0.548454867206,1.5,0.203676552349,0.255086742343,397,0.0279774489077,0.393320150114,45,45,45,1,0,0.377777777778,0.288888888889,0.333333333333,-19,-0.00959595959596,-0.168567027788,-0.844444444444,0.0761904761905,-0.29247311828,-0.296920413491,0.0120843123128,0.0134870394286,-0.327188651753,0.0216485172294,0.0114896129589,-0.391223652479,0.0161284800343,0.0121026495129,-0.116701270591,-0.0333611478735,-1,-0.168567027788,-0.116701270591,-1,-0.0929222270726,-0.00875690586535,-62,-0.00436927413672,0.0077297229617,0.0444444444444,-0.0666666666667,0.0222222222222,298,0,19,1663,0.940063091483,1,0,0.0599369085174,1,0.940063091483,0.969105691057,0.964076795314,0.940063091483,0.940063091483,13,32,0,0,0,0
432,WLNM_dir_neg,0.594482421875,0.289489041846,00:00:04,10,90,32,1321282107,fixed,0.5,1,0.25,0.4,8,0,24,64,0.25,1,0,0.75,1,0.25,0.4,0.75,0.638888888889,0.307692307692,0.426401432711,0.25,317,285,32,0,317,0,285,0,32,45,317,0.160101010101,1.84914057127,14.0888888889,10.5666666667,10.2258064516,7.62419063431,0.541149177514,0.287556957589,7.85075432263,1.1144603928,0.5825446898,8.30923789185,1.17954481115,0.603855590606,0.665156137797,0.35971096418,2.5,1.84914057127,0.665156137797,2.5,0.296598779422,0.263843648208,459,0.0323467230444,0.385590427152,45,45,45,1,0,0.333333333333,0.355555555556,0.311111111111,45,293,0.14797979798,1.84677557208,13.0222222222,9.76666666667,9.76666666667,7.15569985424,0.549499135565,0.295411452408,7.32561577375,1.12509457276,0.588547591961,7.70071490844,1.18270365488,0.6131209708,0.664334327736,0.359726616368,2.5,1.84677557208,0.664334327736,2.5,0.291352336503,0.250953128504,373,0.0262861169838,0.343469071516,45,45,45,1,0,0.333333333333,0.333333333333,0.333333333333,-24,-0.0121212121212,-0.00236499919113,-1.06666666667,-0.8,-0.459139784946,-0.468490780064,0.00834995805085,0.00785449481954,-0.525138548881,0.0106341799578,0.00600290216035,-0.608522983419,0.0031588437327,0.00926538019377,-0.000821810060444,1.56521882346e-05,0,-0.00236499919113,-0.000821810060444,0,-0.00524644291918,-0.0128905197043,-86,-0.00606060606061,-0.0421213556361,0,-0.0222222222222,0.0222222222222,293,0,24,1663,0.92429022082,1,0,0.0757097791798,1,0.92429022082,0.960655737705,0.954536989224,0.92429022082,0.92429022082,8,32,0,0,0,0
433,WLNM_dir_neg,0.5888671875,0.471756137569,00:00:03,10,90,33,1321282108,fixed,0.5,0.916666666667,0.34375,0.5,11,1,21,63,0.34375,0.984375,0.015625,0.65625,0.916666666667,0.34375,0.5,0.770833333333,0.625,0.388888888889,0.467707173347,0.328125,317,285,32,0,317,0,285,0,32,45,317,0.160101010101,1.84914057127,14.0888888889,10.5666666667,10.2258064516,7.62419063431,0.541149177514,0.287556957589,7.85075432263,1.1144603928,0.5825446898,8.30923789185,1.17954481115,0.603855590606,0.665156137797,0.35971096418,2.5,1.84914057127,0.665156137797,2.5,0.296598779422,0.263843648208,459,0.0323467230444,0.385590427152,45,45,45,1,0,0.333333333333,0.355555555556,0.311111111111,45,297,0.15,1.80006256801,13.2,10.6071428571,9.9,7.45775983913,0.564981805995,0.307669285447,7.52088002588,1.13952727665,0.594537972316,7.79393703756,1.18089955115,0.611298166854,0.67869491546,0.377039624912,2.3842352095,1.85720989429,0.666445138647,2.3842352095,0.218084384984,0.276536312849,429,0.0302325581395,0.367497530743,45,42,42,0.933333333333,0,0.311111111111,0.355555555556,0.266666666667,-20,-0.010101010101,-0.0490780032667,-0.888888888889,0.0404761904762,-0.325806451613,-0.166430795176,0.0238326284809,0.0201123278586,-0.329874296756,0.0250668838452,0.0119932825155,-0.515300854294,0.00135473999893,0.00744257624734,0.0135387776627,0.0173286607322,-0.115764790501,0.00806932301954,0.00128900084993,-0.115764790501,-0.0785143944379,0.0126926646407,-30,-0.00211416490486,-0.0180928964094,-0.0222222222222,0,-0.0444444444444,296,1,21,1662,0.933753943218,0.99939867709,0.000601322910403,0.0662460567823,0.996632996633,0.933753943218,0.964169381107,0.958314706508,0.933152620307,0.930817610063,12,32,0,0,0,0
434,WLNM_dir_neg,0.64794921875,0.318054612022,00:00:03,10,90,34,1321282109,fixed,0.5,1,0.3125,0.47619047619,10,0,22,64,0.3125,1,0,0.6875,1,0.3125,0.47619047619,0.770833333333,0.631944444444,0.377358490566,0.48224282217,0.3125,317,285,32,0,317,0,285,0,32,45,317,0.160101010101,1.84914057127,14.0888888889,10.5666666667,10.2258064516,7.62419063431,0.541149177514,0.287556957589,7.85075432263,1.1144603928,0.5825446898,8.30923789185,1.17954481115,0.603855590606,0.665156137797,0.35971096418,2.5,1.84914057127,0.665156137797,2.5,0.296598779422,0.263843648208,459,0.0323467230444,0.385590427152,45,45,45,1,0,0.333333333333,0.355555555556,0.311111111111,45,295,0.14898989899,1.84742632309,13.1111111111,9.83333333333,9.83333333333,7.2149536073,0.550293071744,0.29747645951,7.35945759969,1.12262912538,0.589981167608,7.76225001224,1.18407203577,0.612429378531,0.664248807934,0.359553612304,2.5,1.84742632309,0.664248807934,2.5,0.30386034185,0.268421052632,408,0.0287526427061,0.345687388123,45,45,45,1,0,0.333333333333,0.333333333333,0.333333333333,-22,-0.0111111111111,-0.00171424818031,-0.977777777778,-0.733333333333,-0.39247311828,-0.409237027004,0.00914389422952,0.00991950192185,-0.491296722944,0.00816873257343,0.00743647780808,-0.546987879614,0.00452722461891,0.00857378792469,-0.000907329862461,-0.000157351875441,0,-0.00171424818031,-0.000907329862461,0,0.00726156242844,0.00457740442311,-51,-0.00359408033827,-0.0399030390291,0,-0.0222222222222,0.0222222222222,295,0,22,1663,0.930599369085,1,0,0.0694006309148,1,0.930599369085,0.964052287582,0.958357506498,0.930599369085,0.930599369085,10,32,0,0,0,0
435,WLNM_dir_neg,0.760986328125,0.290238539492,00:00:03,10,90,35,1321282110,fixed,0.5,0.933333333333,0.4375,0.595744680851,14,1,18,63,0.4375,0.984375,0.015625,0.5625,0.933333333333,0.4375,0.595744680851,0.802083333333,0.614583333333,0.486486486486,0.547722557505,0.421875,317,285,32,0,317,0,285,0,32,45,317,0.160101010101,1.84914057127,14.0888888889,10.5666666667,10.2258064516,7.62419063431,0.541149177514,0.287556957589,7.85075432263,1.1144603928,0.5825446898,8.30923789185,1.17954481115,0.603855590606,0.665156137797,0.35971096418,2.5,1.84914057127,0.665156137797,2.5,0.296598779422,0.263843648208,459,0.0323467230444,0.385590427152,45,45,45,1,0,0.333333333333,0.355555555556,0.311111111111,45,300,0.151515151515,1,13.3333333333,9.67741935484,10,7.35774174841,0.551830631131,0.296222222222,7.47115665866,1.1206734988,0.586222222222,7.82768977877,1.17415346682,0.608592592593,0,0,0,NaN,NaN,NaN,0.313585859335,0.26956894703,419,0.0295278365046,0.334138421842,45,45,0,1,2,0.311111111111,0.355555555556,0.333333333333,-17,-0.00858585858586,-0.849140571273,-0.755555555556,-0.889247311828,-0.225806451613,-0.266448885894,0.0106814536171,0.00866526463372,-0.379597663977,0.0062131059956,0.00367753242201,-0.48154811308,-0.00539134433043,0.00473700198621,-0.665156137797,-0.35971096418,-2.5,NaN,NaN,NaN,0.0169870799131,0.00572529882134,-40,-0.00281888653982,-0.0514520053099,-0.0222222222222,0,0.0222222222222,299,1,18,1662,0.943217665615,0.99939867709,0.000601322910403,0.0567823343849,0.996666666667,0.943217665615,0.969205834684,0.964040884721,0.942616342705,0.940251572327,15,32,0,0,0,0
436,WLNM_dir_neg,0.64306640625,0.263566996272,00:00:03,10,90,36,1321282111,fixed,0.5,1,0.4375,0.608695652174,14,0,18,64,0.4375,1,0,0.5625,1,0.4375,0.608695652174,0.8125,0.618055555556,0.509090909091,0.584348709791,0.4375,317,285,32,0,317,0,285,0,32,45,317,0.160101010101,1.84914057127,14.0888888889,10.5666666667,10.2258064516,7.62419063431,0.541149177514,0.287556957589,7.85075432263,1.1144603928,0.5825446898,8.30923789185,1.17954481115,0.603855590606,0.665156137797,0.35971096418,2.5,1.84914057127,0.665156137797,2.5,0.296598779422,0.263843648208,459,0.0323467230444,0.385590427152,45,45,45,1,0,0.333333333333,0.355555555556,0.311111111111,45,299,0.15101010101,1.85267914329,13.2888888889,9.96666666667,9.96666666667,7.24450331512,0.54515493174,0.294091415831,7.43198112446,1.11852558729,0.586399108138,7.79613994101,1.17333209815,0.60839836492,0.667072011537,0.360058034849,2.5,1.85267914329,0.667072011537,2.5,0.294384020853,0.264191668465,408,0.0287526427061,0.347717572147,45,45,45,1,0,0.333333333333,0.333333333333,0.333333333333,-18,-0.00909090909091,0.00353857201356,-0.8,-0.6,-0.259139784946,-0.379687319186,0.00400575422599,0.00653445824204,-0.418773198172,0.00406519449063,0.00385441833803,-0.513097950846,-0.00621271300138,0.00454277431372,0.00191587374052,0.000347070669,0,0.00353857201356,0.00191587374052,0,-0.00221475856906,0.000348020256888,-51,-0.00359408033827,-0.037872855005,0,-0.0222222222222,0.0222222222222,299,0,18,1663,0.943217665615,1,0,0.0567823343849,1,0.943217665615,0.970779220779,0.965980214029,0.943217665615,0.943217665615,14,32,0,0,0,0
437,WLNM_dir_neg,0.71044921875,0.271552983381,00:00:03,10,90,37,1321282112,fixed,0.5,1,0.4375,0.608695652174,14,0,18,64,0.4375,1,0,0.5625,1,0.4375,0.608695652174,0.8125,0.618055555556,0.509090909091,0.584348709791,0.4375,317,285,32,0,317,0,285,0,32,45,317,0.160101010101,1.84914057127,14.0888888889,10.5666666667,10.2258064516,7.62419063431,0.541149177514,0.287556957589,7.85075432263,1.1144603928,0.5825446898,8.30923789185,1.17954481115,0.603855590606,0.665156137797,0.35971096418,2.5,1.84914057127,0.665156137797,2.5,0.296598779422,0.263843648208,459,0.0323467230444,0.385590427152,45,45,45,1,0,0.333333333333,0.355555555556,0.311111111111,45,299,0.15101010101,1.72114078927,13.2888888889,10.3103448276,9.96666666667,7.35039337915,0.553123247595,0.301449275362,7.49592481879,1.12814922022,0.592196209588,7.81942672729,1.17683679842,0.609438870308,0.567100623102,0.329491129742,2,1.72114078927,0.567100623102,2,0.211786081345,0.273605150215,425,0.0299506694856,0.361364935971,45,45,45,1,0,0.355555555556,0.311111111111,0.333333333333,-18,-0.00909090909091,-0.127999782001,-0.8,-0.25632183908,-0.259139784946,-0.273797255157,0.011974070081,0.0138923177738,-0.354829503847,0.0136888274158,0.0096515197873,-0.489811164566,-0.00270801272522,0.00558327970206,-0.0980555146947,-0.030219834438,-0.5,-0.127999782001,-0.0980555146947,-0.5,-0.0848126980763,0.00976150200612,-34,-0.00239605355884,-0.0242254911813,0.0222222222222,-0.0444444444444,0.0222222222222,299,0,18,1663,0.943217665615,1,0,0.0567823343849,1,0.943217665615,0.970779220779,0.965980214029,0.943217665615,0.943217665615,14,32,0,0,0,0
438,WLNM_dir_neg,0.7333984375,0.332940259362,00:00:03,10,90,38,1321282113,fixed,0.5,0.916666666667,0.34375,0.5,11,1,21,63,0.34375,0.984375,0.015625,0.65625,0.916666666667,0.34375,0.5,0.770833333333,0.625,0.388888888889,0.467707173347,0.328125,317,285,32,0,317,0,285,0,32,45,317,0.160101010101,1.84914057127,14.0888888889,10.5666666667,10.2258064516,7.62419063431,0.541149177514,0.287556957589,7.85075432263,1.1144603928,0.5825446898,8.30923789185,1.17954481115,0.603855590606,0.665156137797,0.35971096418,2.5,1.84914057127,0.665156137797,2.5,0.296598779422,0.263843648208,459,0.0323467230444,0.385590427152,45,45,45,1,0,0.333333333333,0.355555555556,0.311111111111,45,297,0.15,1.85726130808,13.2,9.58064516129,10.6071428571,7.19722168618,0.545244067135,0.292255892256,7.38672027111,1.11920004108,0.586756453423,7.91833315793,1.19974744817,0.616984661429,0.626295917635,0.337214755355,2,1.85726130808,0.626295917635,2,0.276666500496,0.2286966046,348,0.0245243128964,0.346759280821,45,45,45,1,0,0.311111111111,0.311111111111,0.377777777778,-20,-0.010101010101,0.00812073680874,-0.888888888889,-0.986021505376,0.38133640553,-0.42696894813,0.00409488962071,0.00469893466739,-0.464034051523,0.00473964827455,0.00421176362291,-0.390904733923,0.0202026370249,0.0131290708227,-0.0388602201624,-0.0224962088253,-0.5,0.00812073680874,-0.0388602201624,-0.5,-0.0199322789259,-0.0351470436082,-111,-0.00782241014799,-0.0388311463309,-0.0222222222222,-0.0444444444444,0.0666666666667,296,1,21,1662,0.933753943218,0.99939867709,0.000601322910403,0.0662460567823,0.996632996633,0.933753943218,0.964169381107,0.958314706508,0.933152620307,0.930817610063,12,32,0,0,0,0
439,WLNM_dir_neg,0.876708984375,0.458118053535,00:00:03,10,90,39,1321282114,fixed,0.5,1,0.34375,0.511627906977,11,0,21,64,0.34375,1,0,0.65625,1,0.34375,0.511627906977,0.78125,0.628472222222,0.411214953271,0.508747019069,0.34375,317,285,32,0,317,0,285,0,32,45,317,0.160101010101,1.84914057127,14.0888888889,10.5666666667,10.2258064516,7.62419063431,0.541149177514,0.287556957589,7.85075432263,1.1144603928,0.5825446898,8.30923789185,1.17954481115,0.603855590606,0.665156137797,0.35971096418,2.5,1.84914057127,0.665156137797,2.5,0.296598779422,0.263843648208,459,0.0323467230444,0.385590427152,45,45,45,1,0,0.333333333333,0.355555555556,0.311111111111,45,296,0.149494949495,1.77978465164,13.1555555556,10.2068965517,9.54838709677,7.39150481528,0.561854251162,0.30533033033,7.45132352151,1.13280256239,0.595645645646,7.7649822598,1.18048716787,0.611411411411,0.608033901908,0.341633411294,1.51766546646,1.77978465164,0.608033901908,1.51766546646,0.302823899741,0.27925184863,428,0.030162085976,0.364429869729,45,45,45,1,0,0.355555555556,0.333333333333,0.311111111111,-21,-0.0106060606061,-0.0693559196356,-0.933333333333,-0.359770114943,-0.677419354839,-0.232685819026,0.0207050736476,0.0177733727418,-0.399430801122,0.018342169589,0.0131009558454,-0.544255632059,0.000942356727851,0.00755582080503,-0.0571222358887,-0.0180775528856,-0.982334533537,-0.0693559196356,-0.0571222358887,-0.982334533537,0.00622512031969,0.0154082004214,-31,-0.00218463706836,-0.0211605574229,0.0222222222222,-0.0222222222222,0,296,0,21,1663,0.933753943218,1,0,0.0662460567823,1,0.933753943218,0.965742251223,0.960265454556,0.933753943218,0.933753943218,11,32,0,0,0,0
440,WLNM_dir_neg,0.75732421875,0.411488163645,00:00:03,10,90,40,1321282115,fixed,0.5,1,0.1875,0.315789473684,6,0,26,64,0.1875,1,0,0.8125,1,0.1875,0.315789473684,0.729166666667,0.645833333333,0.235294117647,0.36514837167,0.1875,317,285,32,0,317,0,285,0,32,45,317,0.160101010101,1.84914057127,14.0888888889,10.5666666667,10.2258064516,7.62419063431,0.541149177514,0.287556957589,7.85075432263,1.1144603928,0.5825446898,8.30923789185,1.17954481115,0.603855590606,0.665156137797,0.35971096418,2.5,1.84914057127,0.665156137797,2.5,0.296598779422,0.263843648208,459,0.0323467230444,0.385590427152,45,45,45,1,0,0.333333333333,0.355555555556,0.311111111111,45,291,0.14696969697,1.84291768657,12.9333333333,9.7,10.0344827586,7.04982269281,0.545089383464,0.295456281023,7.25697156971,1.12221209841,0.591370752195,7.75652218224,1.19946219313,0.618098510882,0.661127449289,0.358739543337,2.5,1.84291768657,0.661127449289,2.5,0.278802871598,0.244273077795,359,0.0252995066949,0.345530061181,45,45,45,1,0,0.333333333333,0.311111111111,0.355555555556,-26,-0.0131313131313,-0.00622288470069,-1.15555555556,-0.866666666667,-0.191323692992,-0.574367941503,0.00394020595033,0.00789932343479,-0.593782752919,0.00775170560656,0.00882606239528,-0.552715709611,0.0199173819839,0.0142429202756,-0.00402868850807,-0.000971420842858,0,-0.00622288470069,-0.00402868850807,0,-0.0177959078238,-0.0195705704131,-100,-0.00704721634954,-0.0400603659712,0,-0.0444444444444,0.0444444444444,291,0,26,1663,0.917981072555,1,0,0.0820189274448,1,0.917981072555,0.957236842105,0.950710221465,0.917981072555,0.917981072555,6,32,0,0,0,0
441,WLNM_dir_neg,0.616455078125,0.474173909559,00:00:03,10,90,41,1321282116,fixed,0.5,1,0.28125,0.439024390244,9,0,23,64,0.28125,1,0,0.71875,1,0.28125,0.439024390244,0.760416666667,0.635416666667,0.342857142857,0.454858826147,0.28125,317,285,32,0,317,0,285,0,32,45,317,0.160101010101,1.84914057127,14.0888888889,10.5666666667,10.2258064516,7.62419063431,0.541149177514,0.287556957589,7.85075432263,1.1144603928,0.5825446898,8.30923789185,1.17954481115,0.603855590606,0.665156137797,0.35971096418,2.5,1.84914057127,0.665156137797,2.5,0.296598779422,0.263843648208,459,0.0323467230444,0.385590427152,45,45,45,1,0,0.333333333333,0.355555555556,0.311111111111,45,294,0.148484848485,1.84595814581,13.0666666667,9.8,10.1379310345,7.1458824762,0.546878760934,0.295918367347,7.27261363548,1.11315514829,0.587150415722,7.79452021965,1.19303880913,0.615419501134,0.663083356599,0.359208229127,2.5,1.84595814581,0.663083356599,2.5,0.284307562859,0.255262574784,384,0.0270613107822,0.349689061074,45,45,45,1,0,0.333333333333,0.311111111111,0.355555555556,-23,-0.0116161616162,-0.00318242546494,-1.02222222222,-0.766666666667,-0.0878754171301,-0.478308158111,0.0057295834195,0.00836140975844,-0.578140687157,-0.0013052445157,0.00460572592163,-0.514717672204,0.0134939979837,0.0115639105274,-0.00207278119815,-0.000502735052709,0,-0.00318242546494,-0.00207278119815,0,-0.0122912165625,-0.00858107342451,-75,-0.00528541226216,-0.0359013660779,0,-0.0444444444444,0.0444444444444,294,0,23,1663,0.927444794953,1,0,0.0725552050473,1,0.927444794953,0.962356792144,0.956448022474,0.927444794953,0.927444794953,9,32,0,0,0,0
442,WLNM_dir_neg,0.814453125,0.469875660684,00:00:03,10,90,42,1321282117,fixed,0.5,1,0.21875,0.358974358974,7,0,25,64,0.21875,1,0,0.78125,1,0.21875,0.358974358974,0.739583333333,0.642361111111,0.271844660194,0.396614889769,0.21875,317,285,32,0,317,0,285,0,32,45,317,0.160101010101,1.84914057127,14.0888888889,10.5666666667,10.2258064516,7.62419063431,0.541149177514,0.287556957589,7.85075432263,1.1144603928,0.5825446898,8.30923789185,1.17954481115,0.603855590606,0.665156137797,0.35971096418,2.5,1.84914057127,0.665156137797,2.5,0.296598779422,0.263843648208,459,0.0323467230444,0.385590427152,45,45,45,1,0,0.333333333333,0.355555555556,0.311111111111,45,292,0.147474747475,1.7794460908,12.9777777778,10.0689655172,9.41935483871,7.06620924763,0.544485301615,0.293150684932,7.31319549054,1.12703355162,0.591933028919,7.65631712504,1.17991188571,0.60898021309,0.607759563281,0.341544240326,1.5,1.7794460908,0.607759563281,1.5,0.300068787765,0.256641152634,380,0.0267794221283,0.359880825453,45,45,45,1,0,0.355555555556,0.333333333333,0.311111111111,-25,-0.0126262626263,-0.0696944804779,-1.11111111111,-0.497701149425,-0.806451612903,-0.557981386677,0.00333612410141,0.005593727343,-0.537558832095,0.0125731588212,0.00938833911912,-0.652920766814,0.000367074561762,0.00512462248342,-0.0573965745159,-0.0181667238543,-1,-0.0696944804779,-0.0573965745159,-1,0.0034700083436,-0.00720249557452,-79,-0.00556730091614,-0.0257096016989,0.0222222222222,-0.0222222222222,0,292,0,25,1663,0.921135646688,1,0,0.0788643533123,1,0.921135646688,0.95894909688,0.952624393378,0.921135646688,0.921135646688,7,32,0,0,0,0
443,WLNM_dir_neg,0.646728515625,0.217958252296,00:00:03,10,90,43,1321282118,fixed,0.5,1,0.46875,0.63829787234,15,0,17,64,0.46875,1,0,0.53125,1,0.46875,0.63829787234,0.822916666667,0.614583333333,0.540540540541,0.60858061945,0.46875,317,285,32,0,317,0,285,0,32,45,317,0.160101010101,1.84914057127,14.0888888889,10.5666666667,10.2258064516,7.62419063431,0.541149177514,0.287556957589,7.85075432263,1.1144603928,0.5825446898,8.30923789185,1.17954481115,0.603855590606,0.665156137797,0.35971096418,2.5,1.84914057127,0.665156137797,2.5,0.296598779422,0.263843648208,459,0.0323467230444,0.385590427152,45,45,45,1,0,0.333333333333,0.355555555556,0.311111111111,45,300,0.151515151515,1.83937930893,13.3333333333,10,10,7.47115665866,0.560336749399,0.302074074074,7.60083727445,1.14012559117,0.598222222222,7.81897458983,1.17284618847,0.606666666667,0.641511651811,0.348765286582,2,1.83937930893,0.641511651811,2,0.316430603009,0.277577810714,437,0.0307963354475,0.345869591977,45,45,45,1,0,0.333333333333,0.333333333333,0.333333333333,-17,-0.00858585858586,-0.00976126234495,-0.755555555556,-0.566666666667,-0.225806451613,-0.153033975653,0.0191875718852,0.0145171164856,-0.249917048179,0.0256651983653,0.015677532422,-0.490263302028,-0.00669862267249,0.00281107606029,-0.0236444859864,-0.0109456775984,-0.5,-0.00976126234495,-0.0236444859864,-0.5,0.019831823587,0.0137341625051,-22,-0.0015503875969,-0.0397208351751,0,-0.0222222222222,0.0222222222222,300,0,17,1663,0.946372239748,1,0,0.0536277602524,1,0.946372239748,0.97244732577,0.967882148812,0.946372239748,0.946372239748,15,32,0,0,0,0
444,WLNM_dir_neg,0.765625,0.395693045256,00:00:03,10,90,44,1321282119,fixed,0.5,0.909090909091,0.3125,0.46511627907,10,1,22,63,0.3125,0.984375,0.015625,0.6875,0.909090909091,0.3125,0.46511627907,0.760416666667,0.628472222222,0.355140186916,0.43937242556,0.296875,317,285,32,0,317,0,285,0,32,45,317,0.160101010101,1.84914057127,14.0888888889,10.5666666667,10.2258064516,7.62419063431,0.541149177514,0.287556957589,7.85075432263,1.1144603928,0.5825446898,8.30923789185,1.17954481115,0.603855590606,0.665156137797,0.35971096418,2.5,1.84914057127,0.665156137797,2.5,0.296598779422,0.263843648208,459,0.0323467230444,0.385590427152,45,45,45,1,0,0.333333333333,0.355555555556,0.311111111111,45,296,0.149494949495,1.95580073561,13.1555555556,9.54838709677,9.86666666667,7.32354718933,0.556688553243,0.302852852853,7.38391645553,1.12255486655,0.59009009009,7.7444669072,1.17736827981,0.608558558559,0.705753314588,0.360851339167,2.58333333333,1.95580073561,0.705753314588,2.58333333333,0.306253965549,0.276660839161,422,0.0297392529951,0.329016751524,45,45,45,1,0,0.311111111111,0.355555555556,0.333333333333,-21,-0.0106060606061,0.106660164335,-0.933333333333,-1.01827956989,-0.359139784946,-0.300643444979,0.015539375729,0.0152958952643,-0.466837867105,0.0080944737471,0.00754540028988,-0.564770984651,-0.00217653133525,0.00470296795218,0.0405971767907,0.00114037498677,0.0833333333333,0.106660164335,0.0405971767907,0.0833333333333,0.00965518612766,0.0128171909524,-37,-0.00260747004933,-0.0565736756285,-0.0222222222222,0,0.0222222222222,295,1,22,1662,0.930599369085,0.99939867709,0.000601322910403,0.0694006309148,0.996621621622,0.930599369085,0.962479608483,0.956402918598,0.929998046175,0.927672955975,11,32,0,0,0,0
445,WLNM_dir_neg,0.692138671875,0.433977047258,00:00:03,10,90,45,1321282120,fixed,0.5,1,0.3125,0.47619047619,10,0,22,64,0.3125,1,0,0.6875,1,0.3125,0.47619047619,0.770833333333,0.631944444444,0.377358490566,0.48224282217,0.3125,317,285,32,0,317,0,285,0,32,45,317,0.160101010101,1.84914057127,14.0888888889,10.5666666667,10.2258064516,7.62419063431,0.541149177514,0.287556957589,7.85075432263,1.1144603928,0.5825446898,8.30923789185,1.17954481115,0.603855590606,0.665156137797,0.35971096418,2.5,1.84914057127,0.665156137797,2.5,0.296598779422,0.263843648208,459,0.0323467230444,0.385590427152,45,45,45,1,0,0.333333333333,0.355555555556,0.311111111111,45,295,0.14898989899,1.85106329786,13.1111111111,9.83333333333,9.51612903226,7.25265538276,0.553168630888,0.298757062147,7.44237118726,1.13527696077,0.595856873823,7.64423596145,1.16606989242,0.60263653484,0.666085435939,0.359839361899,2.5,1.85106329786,0.666085435939,2.5,0.304804731543,0.282932166302,431,0.0303735024665,0.336494943607,45,45,45,1,0,0.333333333333,0.355555555556,0.311111111111,-22,-0.0111111111111,0.00192272659004,-0.977777777778,-0.733333333333,-0.709677419355,-0.371535251554,0.0120194533741,0.0112001045584,-0.408383135378,0.020816567965,0.0133121840228,-0.665001930404,-0.0134749187218,-0.00121905576645,0.000929298141736,0.000128397719544,0,0.00192272659004,0.000929298141736,0,0.00820595212161,0.0190885180935,-28,-0.00197322057787,-0.0490954835449,0,0,0,295,0,22,1663,0.930599369085,1,0,0.0694006309148,1,0.930599369085,0.964052287582,0.958357506498,0.930599369085,0.930599369085,10,32,0,0,0,0
446,WLNM_dir_neg,0.6494140625,0.342867795188,00:00:03,10,90,46,1321282121,fixed,0.5,1,0.25,0.4,8,0,24,64,0.25,1,0,0.75,1,0.25,0.4,0.75,0.638888888889,0.307692307692,0.426401432711,0.25,317,285,32,0,317,0,285,0,32,45,317,0.160101010101,1.84914057127,14.0888888889,10.5666666667,10.2258064516,7.62419063431,0.541149177514,0.287556957589,7.85075432263,1.1144603928,0.5825446898,8.30923789185,1.17954481115,0.603855590606,0.665156137797,0.35971096418,2.5,1.84914057127,0.665156137797,2.5,0.296598779422,0.263843648208,459,0.0323467230444,0.385590427152,45,45,45,1,0,0.333333333333,0.355555555556,0.311111111111,45,293,0.14797979798,1.84572310866,13.0222222222,9.76666666667,9.45161290323,7.17156280955,0.550717280597,0.299507015548,7.38740396714,1.13458422704,0.595676905575,7.63848575612,1.17314627654,0.6073568449,0.663577128043,0.359521493191,2.5,1.84572310866,0.663577128043,2.5,0.290391485593,0.26286227814,390,0.0274841437632,0.337204291523,45,45,45,1,0,0.333333333333,0.355555555556,0.311111111111,-24,-0.0121212121212,-0.00341746260993,-1.06666666667,-0.8,-0.774193548387,-0.452627824759,0.00956810308277,0.0119500579595,-0.463350355492,0.0201238342326,0.0131322157743,-0.670752135734,-0.0063985346092,0.00350125429313,-0.00157900975351,-0.000189470989122,0,-0.00341746260993,-0.00157900975351,0,-0.00620729382906,-0.000981370068725,-69,-0.00486257928118,-0.0483861356291,0,0,0,293,0,24,1663,0.92429022082,1,0,0.0757097791798,1,0.92429022082,0.960655737705,0.954536989224,0.92429022082,0.92429022082,8,32,0,0,0,0
447,WLNM_dir_neg,0.854736328125,0.487251683505,00:00:04,10,90,47,1321282122,fixed,0.5,1,0.375,0.545454545455,12,0,20,64,0.375,1,0,0.625,1,0.375,0.545454545455,0.791666666667,0.625,0.444444444444,0.534522483825,0.375,317,285,32,0,317,0,285,0,32,45,317,0.160101010101,1.84914057127,14.0888888889,10.5666666667,10.2258064516,7.62419063431,0.541149177514,0.287556957589,7.85075432263,1.1144603928,0.5825446898,8.30923789185,1.17954481115,0.603855590606,0.665156137797,0.35971096418,2.5,1.84914057127,0.665156137797,2.5,0.296598779422,0.263843648208,459,0.0323467230444,0.385590427152,45,45,45,1,0,0.333333333333,0.355555555556,0.311111111111,45,297,0.15,1.85354825,13.2,9.9,9.58064516129,7.24443359979,0.548820727257,0.295622895623,7.44189614156,1.12756002145,0.59139543584,7.72069238534,1.16980187657,0.607108118219,0.667696115012,0.360225915356,2.5,1.85354825,0.667696115012,2.5,0.298139122841,0.267599475295,408,0.0287526427061,0.34325619957,45,45,45,1,0,0.333333333333,0.355555555556,0.311111111111,-20,-0.010101010101,0.00440767872589,-0.888888888889,-0.666666666667,-0.645161290323,-0.379757034515,0.00767154974305,0.00806593803439,-0.40885818107,0.0130996286462,0.00885074603967,-0.588545506512,-0.00974293457947,0.00325252761285,0.00253997721535,0.000514951175974,0,0.00440767872589,0.00253997721535,0,0.00154034341907,0.00375582708668,-51,-0.00359408033827,-0.0423342275825,0,0,0,297,0,20,1663,0.93690851735,1,0,0.0630914826498,1,0.93690851735,0.967426710098,0.962171879809,0.93690851735,0.93690851735,12,32,0,0,0,0
448,WLNM_dir_neg,0.6806640625,0.361805775649,00:00:03,10,90,48,1321282123,fixed,0.5,1,0.25,0.4,8,0,24,64,0.25,1,0,0.75,1,0.25,0.4,0.75,0.638888888889,0.307692307692,0.426401432711,0.25,317,285,32,0,317,0,285,0,32,45,317,0.160101010101,1.84914057127,14.0888888889,10.5666666667,10.2258064516,7.62419063431,0.541149177514,0.287556957589,7.85075432263,1.1144603928,0.5825446898,8.30923789185,1.17954481115,0.603855590606,0.665156137797,0.35971096418,2.5,1.84914057127,0.665156137797,2.5,0.296598779422,0.263843648208,459,0.0323467230444,0.385590427152,45,45,45,1,0,0.333333333333,0.355555555556,0.311111111111,45,293,0.14797979798,1.84872771763,13.0222222222,9.76666666667,9.76666666667,7.04365894356,0.540895311365,0.290784982935,7.29452541363,1.12031960278,0.588395904437,7.70661528766,1.18360985647,0.613879408419,0.664880688877,0.359642300235,2.5,1.84872771763,0.664880688877,2.5,0.277316915328,0.23410992988,345,0.0243128964059,0.34326170405,45,45,45,1,0,0.333333333333,0.333333333333,0.333333333333,-24,-0.0121212121212,-0.0004128536428,-1.06666666667,-0.8,-0.459139784946,-0.580531690753,-0.000253866148841,0.00322802534665,-0.556228909003,0.0058592099732,0.00585121463665,-0.6026226042,0.00406504531923,0.0100238178123,-0.000275448919713,-6.86639447146e-05,0,-0.0004128536428,-0.000275448919713,0,-0.0192818640942,-0.0297337183284,-114,-0.00803382663848,-0.0423287231019,0,-0.0222222222222,0.0222222222222,293,0,24,1663,0.92429022082,1,0,0.0757097791798,1,0.92429022082,0.960655737705,0.954536989224,0.92429022082,0.92429022082,8,32,0,0,0,0
449,WLNM_dir_neg,0.54931640625,0.282038980186,00:00:05,10,90,49,1321282124,fixed,0.5,0.875,0.21875,0.35,7,1,25,63,0.21875,0.984375,0.015625,0.78125,0.875,0.21875,0.35,0.729166666667,0.638888888889,0.25,0.346451164078,0.203125,317,285,32,0,317,0,285,0,32,45,317,0.160101010101,1.84914057127,14.0888888889,10.5666666667,10.2258064516,7.62419063431,0.541149177514,0.287556957589,7.85075432263,1.1144603928,0.5825446898,8.30923789185,1.17954481115,0.603855590606,0.665156137797,0.35971096418,2.5,1.84914057127,0.665156137797,2.5,0.296598779422,0.263843648208,459,0.0323467230444,0.385590427152,45,45,45,1,0,0.333333333333,0.355555555556,0.311111111111,45,293,0.14797979798,1.867356239,13.0222222222,9.45161290323,10.4642857143,7.13661776553,0.548033787456,0.298672734168,7.24763981088,1.11311874229,0.587940841866,7.77707067493,1.19443064973,0.616609783845,0.650109883922,0.34814454272,2.5,1.867356239,0.650109883922,2.5,0.280314655654,0.263603925067,394,0.0277660324172,0.337269963173,45,45,45,1,0,0.311111111111,0.311111111111,0.377777777778,-24,-0.0121212121212,0.0182156677245,-1.06666666667,-1.11505376344,0.238479262673,-0.487572868776,0.00688460994153,0.0111157765791,-0.603114511751,-0.00134165051717,0.00539615206555,-0.532167216927,0.0148858385864,0.0127541932389,-0.0150462538749,-0.0115664214595,0,0.0182156677245,-0.0150462538749,0,-0.0162841237677,-0.000239723141565,-65,-0.0045806906272,-0.0483204639797,-0.0222222222222,-0.0444444444444,0.0666666666667,292,1,25,1662,0.921135646688,0.99939867709,0.000601322910403,0.0788643533123,0.996587030717,0.921135646688,0.95737704918,0.950658183006,0.920534323777,0.918238993711,8,32,0,0,0,0
450,WLNM_dir_neg,0.72802734375,0.201152420591,00:00:03,10,90,50,1321282125,fixed,0.5,1,0.5,0.666666666667,16,0,16,64,0.5,1,0,0.5,1,0.5,0.666666666667,0.833333333333,0.611111111111,0.571428571429,0.632455532034,0.5,317,285,32,0,317,0,285,0,32,45,317,0.160101010101,1.84914057127,14.0888888889,10.5666666667,10.2258064516,7.62419063431,0.541149177514,0.287556957589,7.85075432263,1.1144603928,0.5825446898,8.30923789185,1.17954481115,0.603855590606,0.665156137797,0.35971096418,2.5,1.84914057127,0.665156137797,2.5,0.296598779422,0.263843648208,459,0.0323467230444,0.385590427152,45,45,45,1,0,0.333333333333,0.355555555556,0.311111111111,45,301,0.15202020202,1.84684579078,13.3777777778,10.0333333333,9.70967741935,7.32458155457,0.547518554743,0.293318567737,7.49794584664,1.12095535913,0.585160575858,7.93674487381,1.1865565426,0.612624584718,0.663546738267,0.35928648812,2.5,1.84684579078,0.663546738267,2.5,0.299462217887,0.264278187566,418,0.0294573643411,0.361191857819,45,45,45,1,0,0.333333333333,0.355555555556,0.311111111111,-16,-0.00808080808081,-0.00229478049675,-0.711111111111,-0.533333333333,-0.516129032258,-0.299609079742,0.0063693772293,0.00576161014867,-0.35280847599,0.00649496632987,0.00261588605804,-0.372493018047,0.00701173144933,0.00876899411123,-0.00160939952955,-0.000424476059883,0,-0.00229478049675,-0.00160939952955,0,0.00286343846527,0.00043453935739,-41,-0.00288935870331,-0.0243985693328,0,0,0,301,0,16,1663,0.94952681388,1,0,0.0504731861199,1,0.94952681388,0.974110032362,0.969782612422,0.94952681388,0.94952681388,16,32,0,0,0,0
