Prey,Predator,PreyMass,PredatorMass
Poecilipa rhizophorae,Pseudococcus,0.000875,-999
Brachymyrmex,Pseudococcus,0.000398141,-999
Eriophora,Pseudococcus,0.014,-999
Syrphidae,Detritus,0.015,-999
Rhizophora mangle,Detritus,0.057932236,-999
Acanalonia latifrons,Cheyletia wellsi,0.011,4.83e-07
Arunta interclusa,Cheyletia wellsi,0.787365181,4.83e-07
Bdella,Cheyletia wellsi,8.52e-06,4.83e-07
Blissus insularis,Cheyletia wellsi,0.004,4.83e-07
Ceroplastes,Cheyletia wellsi,0.005,4.83e-07
Entonyssus,Cheyletia wellsi,0.021508161,4.83e-07
Flatoidinus punctatus,Cheyletia wellsi,0.0115,4.83e-07
Membracidae,Cheyletia wellsi,0.0085,4.83e-07
Neurotmeta breviceps,Cheyletia wellsi,0.008,4.83e-07
Oliarus,Cheyletia wellsi,0.0065,4.83e-07
Ornitnonyssus bursa,Cheyletia wellsi,3.77e-09,4.83e-07
Proctolaelaps,Cheyletia wellsi,3.59e-06,4.83e-07
Pseudococcus,Cheyletia wellsi,-999,4.83e-07
Scaphytopius,Cheyletia wellsi,0.0075,4.83e-07
Tetranychus,Cheyletia wellsi,0.000415,4.83e-07
Tydeidae,Cheyletia wellsi,0.0002,4.83e-07
Tachys occulator,Cheyletia wellsi,0.0035,4.83e-07
Gasteracantha ellipsoides,Cheyletia wellsi,0.007,4.83e-07
Ecdytolopha,Cheyletia wellsi,0.148376753,4.83e-07
Theridion,Cheyletia wellsi,0.0023,4.83e-07
Rhizophora mangle,Cheyletia wellsi,0.057932236,4.83e-07
Anisomeristes,Cheyletia wellsi,3.62e-05,4.83e-07
Nemapogon,Cheyletia wellsi,0.025336077,4.83e-07
Automeris io,Cheyletia wellsi,2.636851999,4.83e-07
Xenomyrmex floridanus,Cheyletia wellsi,0.000760079,4.83e-07
Pseudoacalles,Cheyletia wellsi,0.00423,4.83e-07
Meioneta,Cheyletia wellsi,0.00175,4.83e-07
Tafaliscu lurida,Cheyletia wellsi,0.083718572,4.83e-07
Metepeira labyrinthea,Cheyletia wellsi,0.012,4.83e-07
Anurida maritima,Cheyletia wellsi,0.00065,4.83e-07
Hentzia palmarum,Cheyletia wellsi,0.006,4.83e-07
Gnaphosa,Cheyletia wellsi,0.0066,4.83e-07
Camponotus tortuganus,Cheyletia wellsi,0.013570258,4.83e-07
Rhizophora mangle,Asca,0.057932236,5.3e-07
Orgygia detrita,Arctoseius,0.313497562,5.3e-07
Ceroplastes,Asca,0.005,5.3e-07
Phoebis agarithe,Asca,5.536546454,5.3e-07
Aedes taeniorhynchus,Arctoseius,0.0035,5.3e-07
Rhizophora mangle,Arctoseius,0.057932236,5.3e-07
Phoebis agarithe,Arctoseius,5.536546454,5.3e-07
Natrix,Carpoglyphus lactis,100,1.09e-06
Blissus insularis,Carpoglyphus lactis,0.004,1.09e-06
Micronaspis floridana,Carpoglyphus lactis,0.0125,1.09e-06
Littorina angulifera,Carpoglyphus lactis,0.588325869,1.09e-06
Orgygia detrita,Tyrophagus putrescentiae,0.313497562,1.17e-06
Brachymyrmex,Tyrophagus putrescentiae,0.000398141,1.17e-06
Phalacrocorax dilophus,Tyrophagus putrescentiae,2568.732374,1.17e-06
Ecdytolopha,Melichares,0.148376753,3.59e-06
Melipotis,Melichares,0.40131981,3.59e-06
Oiketicus abbottii,Melichares,0.071247903,3.59e-06
Rhizophora mangle,Proctolaelaps,0.057932236,3.59e-06
Aedes taeniorhynchus,Melichares,0.0035,3.59e-06
Ceroplastes,Proctolaelaps,0.005,3.59e-06
Echmepteryx hageni,Melichares,0.00325,3.59e-06
Cucujidae,Melichares,0.0155,3.59e-06
Meioneta,Melichares,0.00175,3.59e-06
Syrphidae,Rhizoglyphus callae,0.015,5.5e-06
Amblyseius,Bdella,0.0004,8.52e-06
Cheyletia wellsi,Bdella,4.83e-07,8.52e-06
Rhizoglyphus callae,Bdella,5.5e-06,8.52e-06
Saproglyphidae,Bdella,0.008,8.52e-06
Rhizophora mangle,Eupodes,0.057932236,6.37e-05
Carthasis decoratus,Sphaerolophus,0.009,6.37e-05
Ceroplastes,Sphaerolophus,0.005,6.37e-05
Membracidae,Sphaerolophus,0.0085,6.37e-05
Neurotmeta breviceps,Sphaerolophus,0.008,6.37e-05
Oliarus,Sphaerolophus,0.0065,6.37e-05
Paraleyrodes,Sphaerolophus,0.0025,6.37e-05
Pentacora sphacelata,Sphaerolophus,0.032069663,6.37e-05
Psallus conspurcatus,Sphaerolophus,0.006,6.37e-05
Scydmaenidae,Sphaerolophus,0.003,6.37e-05
Gasteracantha ellipsoides,Sphaerolophus,0.007,6.37e-05
Rhizophora mangle,Sphaerolophus,0.057932236,6.37e-05
Detritus,Sphaerolophus,-999,6.37e-05
Hentzia palmarum,Sphaerolophus,0.006,6.37e-05
Neanastatus,Sphaerolophus,0.002300114,6.37e-05
Hypoponera opacior,Sphaerolophus,0.00114621,6.37e-05
Phalacrocorax dilophus,Sphaerolophus,2568.732374,6.37e-05
Veigaia,Sphaerolophus,0.000795,6.37e-05
Staphylinidae,Sphaerolophus,0.0476,6.37e-05
Lasioseius sp.,Sphaerolophus,3.59e-06,6.37e-05
Nemapogon,Sphaerolophus,0.025336077,6.37e-05
Chrysomelidae,Sphaerolophus,0.0105,6.37e-05
Staphylinidae,Eupodes,0.0476,6.37e-05
Ectopsocopsis cryptomeriae,Sphaerolophus,0.00325,6.37e-05
Carpoglyphus lactis,Tydeidae,1.09e-06,0.0002
Cheyletia wellsi,Tydeidae,4.83e-07,0.0002
Entonyssus,Tydeidae,0.021508161,0.0002
Ornitnonyssus bursa,Tydeidae,3.77e-09,0.0002
Rhizoglyphus callae,Tydeidae,5.5e-06,0.0002
Saproglyphidae,Tydeidae,0.008,0.0002
Veigaia,Tydeidae,0.000795,0.0002
Littorina angulifera,Tydeidae,0.588325869,0.0002
Apidae,Tydeidae,0.001671743,0.0002
Oliarus,Tydeidae,0.0065,0.0002
Xenomyrmex floridanus,Tydeidae,0.000760079,0.0002
Arunta interclusa,Tydeidae,0.787365181,0.0002
Pseudomyrmex elongatus,Tydeidae,0.016248394,0.0002
Melanophthalma floridana,Tydeidae,0.002,0.0002
Ceroplastes,Scheloribates,0.005,0.000282
Rhizophora mangle,Tapinoma littorale,0.057932236,0.000398141
Ceroplastes,Brachymyrmex,0.005,0.000398141
Rhizophora mangle,Brachymyrmex,0.057932236,0.000398141
Actenodes auronotata,Ooencyrtus submetallicus,0.0115,0.000398141
Actinopteryx fucicola,Ooencyrtus submetallicus,0.000866,0.000398141
Aedes taeniorhynchus,Ooencyrtus submetallicus,0.0035,0.000398141
Aglaopteryx,Ooencyrtus submetallicus,0.054003595,0.000398141
Alarodia slossoniae,Ooencyrtus submetallicus,0.055875412,0.000398141
Aleurothrixus,Ooencyrtus submetallicus,0.0025,0.000398141
Anisomeristes,Ooencyrtus submetallicus,3.62e-05,0.000398141
Ascia monuste,Ooencyrtus submetallicus,6.828348317,0.000398141
Ataxia,Ooencyrtus submetallicus,0.023,0.000398141
Automeris io,Ooencyrtus submetallicus,2.636851999,0.000398141
Bema ydda,Ooencyrtus submetallicus,0.205558315,0.000398141
Bembidion contractum,Ooencyrtus submetallicus,0.0051,0.000398141
Carthasis decoratus,Ooencyrtus submetallicus,0.009,0.000398141
Cecidomyidae,Ooencyrtus submetallicus,0.003,0.000398141
Ceroplastes,Ooencyrtus submetallicus,0.005,0.000398141
Chauliognathus marginatus,Ooencyrtus submetallicus,0.0095,0.000398141
Chrysobothris,Ooencyrtus submetallicus,0.0136,0.000398141
Chrysopa,Ooencyrtus submetallicus,0.017427594,0.000398141
Copidita suturalis,Ooencyrtus submetallicus,0.007,0.000398141
Cryptorama minutum,Ooencyrtus submetallicus,0.005,0.000398141
Cryptorhynchus minutissimus,Ooencyrtus submetallicus,0.00075,0.000398141
Cucujidae,Ooencyrtus submetallicus,0.0155,0.000398141
Cycloptilum,Ooencyrtus submetallicus,0.018459537,0.000398141
Cyrtoxipha,Ooencyrtus submetallicus,0.018459537,0.000398141
Ecdytolopha,Ooencyrtus submetallicus,0.148376753,0.000398141
Holoparamecus,Ooencyrtus submetallicus,2,0.000398141
Latiblattella,Ooencyrtus submetallicus,0.057932236,0.000398141
Leptostylus,Ooencyrtus submetallicus,0.01,0.000398141
Lynchia albipennis,Ooencyrtus submetallicus,0.0055,0.000398141
Melanophthalma floridana,Ooencyrtus submetallicus,0.002,0.000398141
Melipotis,Ooencyrtus submetallicus,0.40131981,0.000398141
Metatropiphorus belfragei,Ooencyrtus submetallicus,0.009,0.000398141
Nemapogon,Ooencyrtus submetallicus,0.025336077,0.000398141
Olfersia sordida,Ooencyrtus submetallicus,0.0055,0.000398141
Orgygia detrita,Ooencyrtus submetallicus,0.313497562,0.000398141
Orius,Ooencyrtus submetallicus,0.0035,0.000398141
Orocharis gryllodes,Ooencyrtus submetallicus,0.083718572,0.000398141
Oxycopis,Ooencyrtus submetallicus,0.007,0.000398141
Oxydia,Ooencyrtus submetallicus,0.262111693,0.000398141
Paraleyrodes,Ooencyrtus submetallicus,0.0025,0.000398141
Phocides batabano,Ooencyrtus submetallicus,1.36330884,0.000398141
Phoebis agarithe,Ooencyrtus submetallicus,5.536546454,0.000398141
Poecilipa rhizophorae,Ooencyrtus submetallicus,0.000875,0.000398141
Psallus conspurcatus,Ooencyrtus submetallicus,0.006,0.000398141
Pseudoacalles,Ooencyrtus submetallicus,0.00423,0.000398141
Pyraustidae,Ooencyrtus submetallicus,0.027,0.000398141
Sapintus fulvipes,Ooencyrtus submetallicus,0.007,0.000398141
Scydmaenidae,Ooencyrtus submetallicus,0.003,0.000398141
Staphylinidae,Ooencyrtus submetallicus,0.0476,0.000398141
Styloleptus biustus,Ooencyrtus submetallicus,0.0065,0.000398141
Syrphidae,Ooencyrtus submetallicus,0.015,0.000398141
Tachys occulator,Ooencyrtus submetallicus,0.0035,0.000398141
Tetraluerodes,Ooencyrtus submetallicus,0.0025,0.000398141
Tholeria reversalis,Ooencyrtus submetallicus,0.578053133,0.000398141
Tricorynus,Ooencyrtus submetallicus,0.005,0.000398141
Trischidias atoma,Ooencyrtus submetallicus,0.0025,0.000398141
Trochopus plumbeus,Ooencyrtus submetallicus,0.008,0.000398141
Turpilia rostrata,Ooencyrtus submetallicus,0.388073661,0.000398141
Vacusus vicinus,Ooencyrtus submetallicus,0.007,0.000398141
Argiope argentata,Ooencyrtus submetallicus,0.00459071,0.000398141
Echmepteryx hageni,Ooencyrtus submetallicus,0.00325,0.000398141
Tetranychus,Ooencyrtus submetallicus,0.000415,0.000398141
Aratus pisonii,Ooencyrtus submetallicus,0.311301534,0.000398141
Macrocentrus,Ooencyrtus submetallicus,0.001671743,0.000398141
Lapisma sp.,Ooencyrtus submetallicus,0.057932236,0.000398141
Paracryptocerus varians,Ooencyrtus submetallicus,0.00744984,0.000398141
Neurothrips magnafemoraus,Ooencyrtus submetallicus,0.001874225,0.000398141
Flatoidinus punctatus,Ooencyrtus submetallicus,0.0115,0.000398141
Rhizoglyphus callae,Ooencyrtus submetallicus,5.5e-06,0.000398141
Scaphytopius,Ooencyrtus submetallicus,0.0075,0.000398141
Labidura riparia,Ooencyrtus submetallicus,0.0215,0.000398141
Carpoglyphus lactis,Ooencyrtus submetallicus,1.09e-06,0.000398141
Telonemus,Ooencyrtus submetallicus,0.000921608,0.000398141
Orphnaeus brasilianus,Ooencyrtus submetallicus,0.22,0.000398141
Lophoproctinus bartachi,Ooencyrtus submetallicus,0.0035,0.000398141
Argyrodes nephilae,Ooencyrtus submetallicus,0.0077,0.000398141
Cephalonomia waterstoni,Ooencyrtus submetallicus,0.002300114,0.000398141
Sergiolus,Ooencyrtus submetallicus,0.0039,0.000398141
Scytodes,Ooencyrtus submetallicus,4.75,0.000398141
Camponotus floridanus,Ooencyrtus submetallicus,0.013570258,0.000398141
Eupodes,Ooencyrtus submetallicus,6.37e-05,0.000398141
Ariadna arthuri,Ooencyrtus submetallicus,0.01,0.000398141
Embidopsocus laticeps,Ooencyrtus submetallicus,0.00325,0.000398141
Arctoseius,Amblyseius,5.3e-07,0.0004
Bdella,Amblyseius,8.52e-06,0.0004
Carpoglyphus lactis,Amblyseius,1.09e-06,0.0004
Galumna,Amblyseius,0.0017,0.0004
Pellonyssus,Amblyseius,2.71e-06,0.0004
Proctolaelaps,Amblyseius,3.59e-06,0.0004
Saproglyphidae,Amblyseius,0.008,0.0004
Anurida maritima,Amblyseius,0.00065,0.0004
Rhizophora mangle,Tetranychus,0.057932236,0.000415
Rhizophora mangle,Monomorium floricola,0.057932236,0.000455048
Detritus,Anurida maritima,-999,0.00065
Xenomyrmex floridanus,Anurida maritima,0.000760079,0.00065
Scydmaenidae,Anurida maritima,0.003,0.00065
Misumenops,Anurida maritima,0.004,0.00065
Phocides batabano,Anurida maritima,1.36330884,0.00065
Anisomeristes,Anurida maritima,3.62e-05,0.00065
Acanalonia latifrons,Anurida maritima,0.011,0.00065
Melipotis,Anurida maritima,0.40131981,0.00065
Actenodes auronotata,Entedontini,0.0115,0.000722205
Actinopteryx fucicola,Entedontini,0.000866,0.000722205
Alarodia slossoniae,Entedontini,0.055875412,0.000722205
Anisomeristes,Entedontini,3.62e-05,0.000722205
Ascia monuste,Entedontini,6.828348317,0.000722205
Ataxia,Entedontini,0.023,0.000722205
Automeris io,Entedontini,2.636851999,0.000722205
Bema ydda,Entedontini,0.205558315,0.000722205
Bembidion contractum,Entedontini,0.0051,0.000722205
Chauliognathus marginatus,Entedontini,0.0095,0.000722205
Chrysomelidae,Entedontini,0.0105,0.000722205
Cryptorama minutum,Entedontini,0.005,0.000722205
Cryptorhynchus minutissimus,Entedontini,0.00075,0.000722205
Ecdytolopha,Entedontini,0.148376753,0.000722205
Holoparamecus,Entedontini,2,0.000722205
Leptostylus,Entedontini,0.01,0.000722205
Melanophthalma floridana,Entedontini,0.002,0.000722205
Melipotis,Entedontini,0.40131981,0.000722205
Micronaspis floridana,Entedontini,0.0125,0.000722205
Oiketicus abbottii,Entedontini,0.071247903,0.000722205
Orgygia detrita,Entedontini,0.313497562,0.000722205
Oxacis,Entedontini,0.007,0.000722205
Oxycopis,Entedontini,0.007,0.000722205
Phocides batabano,Entedontini,1.36330884,0.000722205
Poecilipa rhizophorae,Entedontini,0.000875,0.000722205
Pseudoacalles,Entedontini,0.00423,0.000722205
Pyraustidae,Entedontini,0.027,0.000722205
Scydmaenidae,Entedontini,0.003,0.000722205
Staphylinidae,Entedontini,0.0476,0.000722205
Tachys occulator,Entedontini,0.0035,0.000722205
Tholeria reversalis,Entedontini,0.578053133,0.000722205
Tricorynus,Entedontini,0.005,0.000722205
Trischidias atoma,Entedontini,0.0025,0.000722205
Vacusus vicinus,Entedontini,0.007,0.000722205
Actenodes auronotata,Euderus,0.0115,0.000722205
Actinopteryx fucicola,Euderus,0.000866,0.000722205
Alarodia slossoniae,Euderus,0.055875412,0.000722205
Ascia monuste,Euderus,6.828348317,0.000722205
Ataxia,Euderus,0.023,0.000722205
Automeris io,Euderus,2.636851999,0.000722205
Bema ydda,Euderus,0.205558315,0.000722205
Bembidion contractum,Euderus,0.0051,0.000722205
Chrysomelidae,Euderus,0.0105,0.000722205
Copidita suturalis,Euderus,0.007,0.000722205
Cryptorama minutum,Euderus,0.005,0.000722205
Cryptorhynchus minutissimus,Euderus,0.00075,0.000722205
Cucujidae,Euderus,0.0155,0.000722205
Ecdytolopha,Euderus,0.148376753,0.000722205
Holoparamecus,Euderus,2,0.000722205
Leptostylus,Euderus,0.01,0.000722205
Melanophthalma floridana,Euderus,0.002,0.000722205
Melipotis,Euderus,0.40131981,0.000722205
Nemapogon,Euderus,0.025336077,0.000722205
Oiketicus abbottii,Euderus,0.071247903,0.000722205
Orgygia detrita,Euderus,0.313497562,0.000722205
Oxacis,Euderus,0.007,0.000722205
Oxycopis,Euderus,0.007,0.000722205
Oxydia,Euderus,0.262111693,0.000722205
Phocides batabano,Euderus,1.36330884,0.000722205
Phoebis agarithe,Euderus,5.536546454,0.000722205
Poecilipa rhizophorae,Euderus,0.000875,0.000722205
Pseudoacalles,Euderus,0.00423,0.000722205
Pyraustidae,Euderus,0.027,0.000722205
Scydmaenidae,Euderus,0.003,0.000722205
Staphylinidae,Euderus,0.0476,0.000722205
Tachys occulator,Euderus,0.0035,0.000722205
Tricorynus,Euderus,0.005,0.000722205
Vacusus vicinus,Euderus,0.007,0.000722205
Brachymyrmex,Melittobia chalybii,0.000398141,0.000722205
Aleurothrixus,Entedontini,0.0025,0.000722205
Bdella,Euderus,8.52e-06,0.000722205
Nesepyris floridanus,Euderus,0.002300114,0.000722205
Tetragnatha,Entedontini,0.01,0.000722205
Cyrtoxipha,Euderus,0.018459537,0.000722205
Urolepis rufipes,Entedontini,0.003869709,0.000722205
Meioneta,Euderus,0.00175,0.000722205
Camponotus floridanus,Entedontini,0.013570258,0.000722205
Axelsonia littoralis,Euderus,0.00074676,0.000722205
Galumna,Euderus,0.0017,0.000722205
Arunta interclusa,Euderus,0.787365181,0.000722205
Apidae,Euderus,0.001671743,0.000722205
Axelsonia littoralis,Entedontini,0.00074676,0.000722205
Polistes,Euderus,0.016248394,0.000722205
Pseudococcus,Entedontini,-999,0.000722205
Acanalonia latifrons,Euderus,0.011,0.000722205
Crematogaster ashmeadi,Entedontini,0.001558448,0.000722205
Galumna,Entedontini,0.0017,0.000722205
Paracryptocerus varians,Euderus,0.00744984,0.000722205
Ariadna arthuri,Entedontini,0.01,0.000722205
Pentacora sphacelata,Euderus,0.032069663,0.000722205
Liothrips,Euderus,0.001874225,0.000722205
Cheyletia wellsi,Euderus,4.83e-07,0.000722205
Trypoxylon collinum,Euderus,0.040552112,0.000722205
Metacyrba undata,Euderus,0.0115,0.000722205
Paraleyrodes,Entedontini,0.0025,0.000722205
Littorina angulifera,Entedontini,0.588325869,0.000722205
Brachymyrmex,Entedontini,0.000398141,0.000722205
Pseudococcus,Euderus,-999,0.000722205
Trochopus plumbeus,Entedontini,0.008,0.000722205
Syrphidae,Axelsonia littoralis,0.015,0.00074676
Rhizophora mangle,Axelsonia littoralis,0.057932236,0.00074676
Rhizophora mangle,Cryptorhynchus minutissimus,0.057932236,0.00075
Apocrita,Cryptorhynchus minutissimus,0.826845887,0.00075
Rhizophora mangle,Xenomyrmex floridanus,0.057932236,0.000760079
Ceroplastes,Xenomyrmex floridanus,0.005,0.000760079
Staphylinidae,Veigaia,0.0476,0.000795
Rhizophora mangle,Veigaia,0.057932236,0.000795
Rhizophora mangle,Actinopteryx fucicola,0.057932236,0.000866
Meioneta,Actinopteryx fucicola,0.00175,0.000866
Rhizophora mangle,Poecilipa rhizophorae,0.057932236,0.000875
Phoebis agarithe,Poecilipa rhizophorae,5.536546454,0.000875
Ecdytolopha,Telonemus,0.148376753,0.000921608
Nemapogon,Telonemus,0.025336077,0.000921608
Oiketicus abbottii,Telonemus,0.071247903,0.000921608
Oxydia,Telonemus,0.262111693,0.000921608
Phocides batabano,Telonemus,1.36330884,0.000921608
Pyraustidae,Telonemus,0.027,0.000921608
Tholeria reversalis,Telonemus,0.578053133,0.000921608
Carpoglyphus lactis,Telonemus,1.09e-06,0.000921608
Chrysomelidae,Telonemus,0.0105,0.000921608
Ballus,Telonemus,0.004,0.000921608
Micronaspis floridana,Telonemus,0.0125,0.000921608
Ceroplastes,Telonemus,0.005,0.000921608
Probaryconus,Telonemus,0.000921608,0.000921608
Scydmaenidae,Telonemus,0.003,0.000921608
Iphiaulax epicus,Telonemus,0.001671743,0.000921608
Ceroplastes,Paratrechina bourbonica,0.005,0.00114621
Rhizophora mangle,Paratrechina bourbonica,0.057932236,0.00114621
Syrphidae,Paratrechina bourbonica,0.015,0.00114621
Rhizophora mangle,Hypoponera opacior,0.057932236,0.00114621
Detritus,Caecilius,-999,0.00125
Theridion,Caecilius,0.0023,0.00125
Rhizophora mangle,Pauropoda,0.057932236,0.001387308
Phoebis agarithe,Pauropoda,5.536546454,0.001387308
Ceroplastes,Crematogaster ashmeadi,0.005,0.001558448
Rhizophora mangle,Crematogaster ashmeadi,0.057932236,0.001558448
Rhizophora mangle,Apidae,0.057932236,0.001671743
Actenodes auronotata,Callihormius bifasciatus,0.0115,0.001671743
Actinopteryx fucicola,Callihormius bifasciatus,0.000866,0.001671743
Aedes taeniorhynchus,Callihormius bifasciatus,0.0035,0.001671743
Alarodia slossoniae,Callihormius bifasciatus,0.055875412,0.001671743
Aleurothrixus,Callihormius bifasciatus,0.0025,0.001671743
Ataxia,Callihormius bifasciatus,0.023,0.001671743
Automeris io,Callihormius bifasciatus,2.636851999,0.001671743
Bema ydda,Callihormius bifasciatus,0.205558315,0.001671743
Bembidion contractum,Callihormius bifasciatus,0.0051,0.001671743
Carthasis decoratus,Callihormius bifasciatus,0.009,0.001671743
Cecidomyidae,Callihormius bifasciatus,0.003,0.001671743
Chauliognathus marginatus,Callihormius bifasciatus,0.0095,0.001671743
Chrysobothris,Callihormius bifasciatus,0.0136,0.001671743
Chrysopa,Callihormius bifasciatus,0.017427594,0.001671743
Copidita suturalis,Callihormius bifasciatus,0.007,0.001671743
Cryptorama minutum,Callihormius bifasciatus,0.005,0.001671743
Cryptorhynchus minutissimus,Callihormius bifasciatus,0.00075,0.001671743
Cucujidae,Callihormius bifasciatus,0.0155,0.001671743
Dufouriellus afer,Callihormius bifasciatus,0.0035,0.001671743
Ecdytolopha,Callihormius bifasciatus,0.148376753,0.001671743
Haplothrips flavipes,Callihormius bifasciatus,0.002532042,0.001671743
Holoparamecus,Callihormius bifasciatus,2,0.001671743
Leptostylus,Callihormius bifasciatus,0.01,0.001671743
Liothrips,Callihormius bifasciatus,0.001874225,0.001671743
Lynchia albipennis,Callihormius bifasciatus,0.0055,0.001671743
Metatropiphorus belfragei,Callihormius bifasciatus,0.009,0.001671743
Micronaspis floridana,Callihormius bifasciatus,0.0125,0.001671743
Nemapogon,Callihormius bifasciatus,0.025336077,0.001671743
Neurothrips magnafemoraus,Callihormius bifasciatus,0.001874225,0.001671743
Oebalus pugnax,Callihormius bifasciatus,0.009,0.001671743
Oiketicus abbottii,Callihormius bifasciatus,0.071247903,0.001671743
Olfersia sordida,Callihormius bifasciatus,0.0055,0.001671743
Orgygia detrita,Callihormius bifasciatus,0.313497562,0.001671743
Orius,Callihormius bifasciatus,0.0035,0.001671743
Oxacis,Callihormius bifasciatus,0.007,0.001671743
Oxycopis,Callihormius bifasciatus,0.007,0.001671743
Oxydia,Callihormius bifasciatus,0.262111693,0.001671743
Paraleyrodes,Callihormius bifasciatus,0.0025,0.001671743
Pentacora sphacelata,Callihormius bifasciatus,0.032069663,0.001671743
Phocides batabano,Callihormius bifasciatus,1.36330884,0.001671743
Phoebis agarithe,Callihormius bifasciatus,5.536546454,0.001671743
Poecilipa rhizophorae,Callihormius bifasciatus,0.000875,0.001671743
Psallus conspurcatus,Callihormius bifasciatus,0.006,0.001671743
Pseudoacalles,Callihormius bifasciatus,0.00423,0.001671743
Pseudothrips inequalis,Callihormius bifasciatus,0.001874225,0.001671743
Pyraustidae,Callihormius bifasciatus,0.027,0.001671743
Sapintus fulvipes,Callihormius bifasciatus,0.007,0.001671743
Scydmaenidae,Callihormius bifasciatus,0.003,0.001671743
Staphylinidae,Callihormius bifasciatus,0.0476,0.001671743
Styloleptus biustus,Callihormius bifasciatus,0.0065,0.001671743
Tachys occulator,Callihormius bifasciatus,0.0035,0.001671743
Tetraluerodes,Callihormius bifasciatus,0.0025,0.001671743
Tholeria reversalis,Callihormius bifasciatus,0.578053133,0.001671743
Tricorynus,Callihormius bifasciatus,0.005,0.001671743
Trochopus plumbeus,Callihormius bifasciatus,0.008,0.001671743
Vacusus vicinus,Callihormius bifasciatus,0.007,0.001671743
Actenodes auronotata,Ecphylus,0.0115,0.001671743
Actinopteryx fucicola,Ecphylus,0.000866,0.001671743
Alarodia slossoniae,Ecphylus,0.055875412,0.001671743
Anisomeristes,Ecphylus,3.62e-05,0.001671743
Ascia monuste,Ecphylus,6.828348317,0.001671743
Ataxia,Ecphylus,0.023,0.001671743
Automeris io,Ecphylus,2.636851999,0.001671743
Bema ydda,Ecphylus,0.205558315,0.001671743
Bembidion contractum,Ecphylus,0.0051,0.001671743
Carthasis decoratus,Ecphylus,0.009,0.001671743
Cecidomyidae,Ecphylus,0.003,0.001671743
Chauliognathus marginatus,Ecphylus,0.0095,0.001671743
Chrysobothris,Ecphylus,0.0136,0.001671743
Chrysomelidae,Ecphylus,0.0105,0.001671743
Chrysopa,Ecphylus,0.017427594,0.001671743
Copidita suturalis,Ecphylus,0.007,0.001671743
Cryptorama minutum,Ecphylus,0.005,0.001671743
Cryptorhynchus minutissimus,Ecphylus,0.00075,0.001671743
Dufouriellus afer,Ecphylus,0.0035,0.001671743
Ecdytolopha,Ecphylus,0.148376753,0.001671743
Haplothrips flavipes,Ecphylus,0.002532042,0.001671743
Holoparamecus,Ecphylus,2,0.001671743
Leptostylus,Ecphylus,0.01,0.001671743
Liothrips,Ecphylus,0.001874225,0.001671743
Lynchia albipennis,Ecphylus,0.0055,0.001671743
Melanophthalma floridana,Ecphylus,0.002,0.001671743
Melipotis,Ecphylus,0.40131981,0.001671743
Metatropiphorus belfragei,Ecphylus,0.009,0.001671743
Micronaspis floridana,Ecphylus,0.0125,0.001671743
Nemapogon,Ecphylus,0.025336077,0.001671743
Neurothrips magnafemoraus,Ecphylus,0.001874225,0.001671743
Oebalus pugnax,Ecphylus,0.009,0.001671743
Oiketicus abbottii,Ecphylus,0.071247903,0.001671743
Olfersia sordida,Ecphylus,0.0055,0.001671743
Orgygia detrita,Ecphylus,0.313497562,0.001671743
Oxacis,Ecphylus,0.007,0.001671743
Oxycopis,Ecphylus,0.007,0.001671743
Oxydia,Ecphylus,0.262111693,0.001671743
Paraleyrodes,Ecphylus,0.0025,0.001671743
Pentacora sphacelata,Ecphylus,0.032069663,0.001671743
Phocides batabano,Ecphylus,1.36330884,0.001671743
Phoebis agarithe,Ecphylus,5.536546454,0.001671743
Poecilipa rhizophorae,Ecphylus,0.000875,0.001671743
Psallus conspurcatus,Ecphylus,0.006,0.001671743
Pseudothrips inequalis,Ecphylus,0.001874225,0.001671743
Pyraustidae,Ecphylus,0.027,0.001671743
Sapintus fulvipes,Ecphylus,0.007,0.001671743
Scydmaenidae,Ecphylus,0.003,0.001671743
Staphylinidae,Ecphylus,0.0476,0.001671743
Styloleptus biustus,Ecphylus,0.0065,0.001671743
Tachys occulator,Ecphylus,0.0035,0.001671743
Tetraluerodes,Ecphylus,0.0025,0.001671743
Tholeria reversalis,Ecphylus,0.578053133,0.001671743
Tricorynus,Ecphylus,0.005,0.001671743
Trischidias atoma,Ecphylus,0.0025,0.001671743
Trochopus plumbeus,Ecphylus,0.008,0.001671743
Actenodes auronotata,Heterospilus,0.0115,0.001671743
Alarodia slossoniae,Heterospilus,0.055875412,0.001671743
Bema ydda,Heterospilus,0.205558315,0.001671743
Cecidomyidae,Heterospilus,0.003,0.001671743
Chauliognathus marginatus,Heterospilus,0.0095,0.001671743
Copidita suturalis,Heterospilus,0.007,0.001671743
Cryptorama minutum,Heterospilus,0.005,0.001671743
Cryptorhynchus minutissimus,Heterospilus,0.00075,0.001671743
Cucujidae,Heterospilus,0.0155,0.001671743
Haplothrips flavipes,Heterospilus,0.002532042,0.001671743
Leptostylus,Heterospilus,0.01,0.001671743
Orgygia detrita,Heterospilus,0.313497562,0.001671743
Orius,Heterospilus,0.0035,0.001671743
Oxacis,Heterospilus,0.007,0.001671743
Oxycopis,Heterospilus,0.007,0.001671743
Oxydia,Heterospilus,0.262111693,0.001671743
Pentacora sphacelata,Heterospilus,0.032069663,0.001671743
Pyraustidae,Heterospilus,0.027,0.001671743
Staphylinidae,Heterospilus,0.0476,0.001671743
Trischidias atoma,Heterospilus,0.0025,0.001671743
Vacusus vicinus,Heterospilus,0.007,0.001671743
Actenodes auronotata,Iphiaulax epicus,0.0115,0.001671743
Aedes taeniorhynchus,Iphiaulax epicus,0.0035,0.001671743
Alarodia slossoniae,Iphiaulax epicus,0.055875412,0.001671743
Anisomeristes,Iphiaulax epicus,3.62e-05,0.001671743
Ascia monuste,Iphiaulax epicus,6.828348317,0.001671743
Ataxia,Iphiaulax epicus,0.023,0.001671743
Bema ydda,Iphiaulax epicus,0.205558315,0.001671743
Cecidomyidae,Iphiaulax epicus,0.003,0.001671743
Chrysobothris,Iphiaulax epicus,0.0136,0.001671743
Chrysomelidae,Iphiaulax epicus,0.0105,0.001671743
Cryptorama minutum,Iphiaulax epicus,0.005,0.001671743
Cryptorhynchus minutissimus,Iphiaulax epicus,0.00075,0.001671743
Cucujidae,Iphiaulax epicus,0.0155,0.001671743
Holoparamecus,Iphiaulax epicus,2,0.001671743
Leptostylus,Iphiaulax epicus,0.01,0.001671743
Lynchia albipennis,Iphiaulax epicus,0.0055,0.001671743
Melanophthalma floridana,Iphiaulax epicus,0.002,0.001671743
Melipotis,Iphiaulax epicus,0.40131981,0.001671743
Micronaspis floridana,Iphiaulax epicus,0.0125,0.001671743
Nemapogon,Iphiaulax epicus,0.025336077,0.001671743
Oiketicus abbottii,Iphiaulax epicus,0.071247903,0.001671743
Olfersia sordida,Iphiaulax epicus,0.0055,0.001671743
Oxacis,Iphiaulax epicus,0.007,0.001671743
Oxycopis,Iphiaulax epicus,0.007,0.001671743
Oxydia,Iphiaulax epicus,0.262111693,0.001671743
Paraleyrodes,Iphiaulax epicus,0.0025,0.001671743
Pentacora sphacelata,Iphiaulax epicus,0.032069663,0.001671743
Phocides batabano,Iphiaulax epicus,1.36330884,0.001671743
Phoebis agarithe,Iphiaulax epicus,5.536546454,0.001671743
Psallus conspurcatus,Iphiaulax epicus,0.006,0.001671743
Pyraustidae,Iphiaulax epicus,0.027,0.001671743
Scydmaenidae,Iphiaulax epicus,0.003,0.001671743
Staphylinidae,Iphiaulax epicus,0.0476,0.001671743
Syrphidae,Iphiaulax epicus,0.015,0.001671743
Tachys occulator,Iphiaulax epicus,0.0035,0.001671743
Tholeria reversalis,Iphiaulax epicus,0.578053133,0.001671743
Trischidias atoma,Iphiaulax epicus,0.0025,0.001671743
Vacusus vicinus,Iphiaulax epicus,0.007,0.001671743
Alarodia slossoniae,Macrocentrus,0.055875412,0.001671743
Bema ydda,Macrocentrus,0.205558315,0.001671743
Orgygia detrita,Macrocentrus,0.313497562,0.001671743
Oxydia,Macrocentrus,0.262111693,0.001671743
Phocides batabano,Macrocentrus,1.36330884,0.001671743
Pyraustidae,Macrocentrus,0.027,0.001671743
Ballus,Callihormius bifasciatus,0.004,0.001671743
Galumna,Ecphylus,0.0017,0.001671743
Gasteracantha ellipsoides,Iphiaulax epicus,0.007,0.001671743
Cecidomyidae,Macrocentrus,0.003,0.001671743
Neotermes castaneus,Ecphylus,0.006623951,0.001671743
Algae,Callihormius bifasciatus,8.21e-07,0.001671743
Callihormius bifasciatus,Ecphylus,0.001671743,0.001671743
Haplothrips flavipes,Macrocentrus,0.002532042,0.001671743
Theridion,Ecphylus,0.0023,0.001671743
Hentzia palmarum,Ecphylus,0.006,0.001671743
Natrix,Ecphylus,100,0.001671743
Ectopsocus,Ecphylus,0.00325,0.001671743
Metapelma schwarzi,Heterospilus,0.002300114,0.001671743
Archipsocus panama,Ecphylus,0.00325,0.001671743
Cephalonomia waterstoni,Ecphylus,0.002300114,0.001671743
Rhizoglyphus callae,Callihormius bifasciatus,5.5e-06,0.001671743
Eupodes,Ecphylus,6.37e-05,0.001671743
Monomorium floricola,Ecphylus,0.000455048,0.001671743
Turpilia rostrata,Macrocentrus,0.388073661,0.001671743
Cycloptilum,Callihormius bifasciatus,0.018459537,0.001671743
Pirata,Ecphylus,0.00665,0.001671743
Calliephialtes ferrugineus,Ecphylus,0.098554409,0.001671743
Veigaia,Callihormius bifasciatus,0.000795,0.001671743
Scheloribates,Ecphylus,0.000282,0.001671743
Anurida maritima,Ecphylus,0.00065,0.001671743
Flatoidinus punctatus,Callihormius bifasciatus,0.0115,0.001671743
Pelecanus,Callihormius bifasciatus,3500,0.001671743
Paracryptocerus varians,Callihormius bifasciatus,0.00744984,0.001671743
Camponotus planatus,Ecphylus,0.003869709,0.001671743
Aratus pisonii,Callihormius bifasciatus,0.311301534,0.001671743
Dictyna,Callihormius bifasciatus,0.00325,0.001671743
Pauropoda,Callihormius bifasciatus,0.001387308,0.001671743
Proctolaelaps,Callihormius bifasciatus,3.59e-06,0.001671743
Asca,Callihormius bifasciatus,5.3e-07,0.001671743
Scleroderma macrogaster,Iphiaulax epicus,0.002300114,0.001671743
Acanalonia latifrons,Ecphylus,0.011,0.001671743
Phalacrocorax dilophus,Callihormius bifasciatus,2568.732374,0.001671743
Dendroica,Callihormius bifasciatus,8,0.001671743
Scheloribates,Callihormius bifasciatus,0.000282,0.001671743
Xenomyrmex floridanus,Callihormius bifasciatus,0.000760079,0.001671743
Phoebis agarithe,Apidae,5.536546454,0.001671743
Membracidae,Iphiaulax epicus,0.0085,0.001671743
Casinaria texana,Callihormius bifasciatus,0.098554409,0.001671743
Veigaia,Ecphylus,0.000795,0.001671743
Acanalonia latifrons,Iphiaulax epicus,0.011,0.001671743
Orphnaeus brasilianus,Ecphylus,0.22,0.001671743
Ligia exotica,Ecphylus,1.348779475,0.001671743
Telonemus,Ecphylus,0.000921608,0.001671743
Ectopsocopsis cryptomeriae,Ecphylus,0.00325,0.001671743
Detritus,Ecphylus,-999,0.001671743
Lichenomima,Callihormius bifasciatus,0.00325,0.001671743
Lophoproctinus bartachi,Ecphylus,0.0035,0.001671743
Caecilius,Callihormius bifasciatus,0.00125,0.001671743
Tafaliscu lurida,Ecphylus,0.083718572,0.001671743
Arctoseius,Ecphylus,5.3e-07,0.001671743
Carpoglyphus lactis,Ecphylus,1.09e-06,0.001671743
Odonata,Iphiaulax epicus,0.399604248,0.001671743
Lasioseius sp.,Ecphylus,3.59e-06,0.001671743
Copidita suturalis,Macrocentrus,0.007,0.001671743
Ceroplastes,Iphiaulax epicus,0.005,0.001671743
Turpilia rostrata,Ecphylus,0.388073661,0.001671743
Odonata,Ecphylus,0.399604248,0.001671743
Phoebis agarithe,Galumna,5.536546454,0.0017
Arunta interclusa,Meioneta,0.787365181,0.00175
Neurotmeta breviceps,Meioneta,0.008,0.00175
Scaphytopius,Meioneta,0.0075,0.00175
Theridion,Meioneta,0.0023,0.00175
Pseudomyrmex elongatus,Meioneta,0.016248394,0.00175
Vacusus vicinus,Meioneta,0.007,0.00175
Oxacis,Meioneta,0.007,0.00175
Metapelma schwarzi,Meioneta,0.002300114,0.00175
Aleurothrixus,Meioneta,0.0025,0.00175
Carpoglyphus lactis,Meioneta,1.09e-06,0.00175
Scydmaenidae,Meioneta,0.003,0.00175
Rhizophora mangle,Liothrips,0.057932236,0.001874225
Rhizophora mangle,Pseudothrips inequalis,0.057932236,0.001874225
Staphylinidae,Pseudothrips inequalis,0.0476,0.001874225
Rhizophora mangle,Neurothrips magnafemoraus,0.057932236,0.001874225
Phoebis agarithe,Pseudothrips inequalis,5.536546454,0.001874225
Phoebis agarithe,Melanophthalma floridana,5.536546454,0.002
Ceroplastes,Melanophthalma floridana,0.005,0.002
Actenodes auronotata,Theridion,0.0115,0.0023
Actinopteryx fucicola,Theridion,0.000866,0.0023
Aglaopteryx,Theridion,0.054003595,0.0023
Anisomeristes,Theridion,3.62e-05,0.0023
Apanteles hemileucae,Theridion,0.001671743,0.0023
Apidae,Theridion,0.001671743,0.0023
Apocrita,Theridion,0.826845887,0.0023
Arunta interclusa,Theridion,0.787365181,0.0023
Ataxia,Theridion,0.023,0.0023
Bembidion contractum,Theridion,0.0051,0.0023
Brachymeria psyche,Theridion,0.008284363,0.0023
Brachymyrmex,Theridion,0.000398141,0.0023
Calliephialtes ferrugineus,Theridion,0.098554409,0.0023
Callihormius bifasciatus,Theridion,0.001671743,0.0023
Camponotus floridanus,Theridion,0.013570258,0.0023
Camponotus planatus,Theridion,0.003869709,0.0023
Camponotus tortuganus,Theridion,0.013570258,0.0023
Casinaria texana,Theridion,0.098554409,0.0023
Cephalonomia waterstoni,Theridion,0.002300114,0.0023
Ceroplastes,Theridion,0.005,0.0023
Chauliognathus marginatus,Theridion,0.0095,0.0023
Chrysobothris,Theridion,0.0136,0.0023
Chrysomelidae,Theridion,0.0105,0.0023
Copidita suturalis,Theridion,0.007,0.0023
Crematogaster ashmeadi,Theridion,0.001558448,0.0023
Cryptorama minutum,Theridion,0.005,0.0023
Cryptorhynchus minutissimus,Theridion,0.00075,0.0023
Cucujidae,Theridion,0.0155,0.0023
Cycloptilum,Theridion,0.018459537,0.0023
Cyrtoxipha,Theridion,0.018459537,0.0023
Ecphylus,Theridion,0.001671743,0.0023
Entedontini,Theridion,0.000722205,0.0023
Euchrysia,Theridion,0.003869709,0.0023
Euderus,Theridion,0.000722205,0.0023
Flatoidinus punctatus,Theridion,0.0115,0.0023
Heterospilus,Theridion,0.001671743,0.0023
Holoparamecus,Theridion,2,0.0023
Hypoponera opacior,Theridion,0.00114621,0.0023
Latiblattella,Theridion,0.057932236,0.0023
Leptostylus,Theridion,0.01,0.0023
Lynchia albipennis,Theridion,0.0055,0.0023
Macrocentrus,Theridion,0.001671743,0.0023
Melanophthalma floridana,Theridion,0.002,0.0023
Melittobia chalybii,Theridion,0.000722205,0.0023
Membracidae,Theridion,0.0085,0.0023
Micronaspis floridana,Theridion,0.0125,0.0023
Monomorium floricola,Theridion,0.000455048,0.0023
Neanastatus,Theridion,0.002300114,0.0023
Nesepyris floridanus,Theridion,0.002300114,0.0023
Neurotmeta breviceps,Theridion,0.008,0.0023
Orocharis gryllodes,Theridion,0.083718572,0.0023
Oxacis,Theridion,0.007,0.0023
Oxycopis,Theridion,0.007,0.0023
Pachodynerus nasidens,Theridion,0.053463429,0.0023
Paracryptocerus varians,Theridion,0.00744984,0.0023
Paratrechina bourbonica,Theridion,0.00114621,0.0023
Poecilipa rhizophorae,Theridion,0.000875,0.0023
Polistes,Theridion,0.016248394,0.0023
Probaryconus,Theridion,0.000921608,0.0023
Pseudoacalles,Theridion,0.00423,0.0023
Pseudococcus,Theridion,-999,0.0023
Pseudomyrmex elongatus,Theridion,0.016248394,0.0023
Sapintus fulvipes,Theridion,0.007,0.0023
Scaphytopius,Theridion,0.0075,0.0023
Scleroderma macrogaster,Theridion,0.002300114,0.0023
Scydmaenidae,Theridion,0.003,0.0023
Staphylinidae,Theridion,0.0476,0.0023
Styloleptus biustus,Theridion,0.0065,0.0023
Syrphidae,Theridion,0.015,0.0023
Tafaliscu lurida,Theridion,0.083718572,0.0023
Tapinoma littorale,Theridion,0.000398141,0.0023
Telonemus,Theridion,0.000921608,0.0023
Tricorynus,Theridion,0.005,0.0023
Trischidias atoma,Theridion,0.0025,0.0023
Trypoxylon collinum,Theridion,0.040552112,0.0023
Turpilia rostrata,Theridion,0.388073661,0.0023
Urolepis rufipes,Theridion,0.003869709,0.0023
Vacusus vicinus,Theridion,0.007,0.0023
Xenomyrmex floridanus,Theridion,0.000760079,0.0023
Ornitnonyssus bursa,Theridion,3.77e-09,0.0023
Bema ydda,Theridion,0.205558315,0.0023
Ecdytolopha,Theridion,0.148376753,0.0023
Tyrannochelifer,Theridion,0.00255,0.0023
Pellonyssus,Theridion,2.71e-06,0.0023
Oebalus pugnax,Theridion,0.009,0.0023
Rhizoglyphus callae,Theridion,5.5e-06,0.0023
Orgygia detrita,Theridion,0.313497562,0.0023
Anurida maritima,Theridion,0.00065,0.0023
Meioneta,Theridion,0.00175,0.0023
Butorides virescens,Theridion,240,0.0023
Liposcelis bostrychophilus,Theridion,0.00325,0.0023
Maevia vittata,Theridion,0.007,0.0023
Fungi,Theridion,4.46244769,0.0023
Mangora,Theridion,0.006,0.0023
Oiketicus abbottii,Theridion,0.071247903,0.0023
Actenodes auronotata,Cephalonomia waterstoni,0.0115,0.002300114
Alarodia slossoniae,Cephalonomia waterstoni,0.055875412,0.002300114
Ataxia,Cephalonomia waterstoni,0.023,0.002300114
Bembidion contractum,Cephalonomia waterstoni,0.0051,0.002300114
Chrysomelidae,Cephalonomia waterstoni,0.0105,0.002300114
Copidita suturalis,Cephalonomia waterstoni,0.007,0.002300114
Cryptorhynchus minutissimus,Cephalonomia waterstoni,0.00075,0.002300114
Cucujidae,Cephalonomia waterstoni,0.0155,0.002300114
Leptostylus,Cephalonomia waterstoni,0.01,0.002300114
Orgygia detrita,Cephalonomia waterstoni,0.313497562,0.002300114
Oxycopis,Cephalonomia waterstoni,0.007,0.002300114
Oxydia,Cephalonomia waterstoni,0.262111693,0.002300114
Phocides batabano,Cephalonomia waterstoni,1.36330884,0.002300114
Pyraustidae,Cephalonomia waterstoni,0.027,0.002300114
Sapintus fulvipes,Cephalonomia waterstoni,0.007,0.002300114
Staphylinidae,Cephalonomia waterstoni,0.0476,0.002300114
Trischidias atoma,Cephalonomia waterstoni,0.0025,0.002300114
Vacusus vicinus,Cephalonomia waterstoni,0.007,0.002300114
Actenodes auronotata,Nesepyris floridanus,0.0115,0.002300114
Alarodia slossoniae,Nesepyris floridanus,0.055875412,0.002300114
Anisomeristes,Nesepyris floridanus,3.62e-05,0.002300114
Ascia monuste,Nesepyris floridanus,6.828348317,0.002300114
Automeris io,Nesepyris floridanus,2.636851999,0.002300114
Chauliognathus marginatus,Nesepyris floridanus,0.0095,0.002300114
Chrysobothris,Nesepyris floridanus,0.0136,0.002300114
Chrysomelidae,Nesepyris floridanus,0.0105,0.002300114
Copidita suturalis,Nesepyris floridanus,0.007,0.002300114
Cryptorama minutum,Nesepyris floridanus,0.005,0.002300114
Cryptorhynchus minutissimus,Nesepyris floridanus,0.00075,0.002300114
Ecdytolopha,Nesepyris floridanus,0.148376753,0.002300114
Leptostylus,Nesepyris floridanus,0.01,0.002300114
Melipotis,Nesepyris floridanus,0.40131981,0.002300114
Micronaspis floridana,Nesepyris floridanus,0.0125,0.002300114
Nemapogon,Nesepyris floridanus,0.025336077,0.002300114
Oxacis,Nesepyris floridanus,0.007,0.002300114
Oxycopis,Nesepyris floridanus,0.007,0.002300114
Oxydia,Nesepyris floridanus,0.262111693,0.002300114
Phocides batabano,Nesepyris floridanus,1.36330884,0.002300114
Poecilipa rhizophorae,Nesepyris floridanus,0.000875,0.002300114
Pseudoacalles,Nesepyris floridanus,0.00423,0.002300114
Pyraustidae,Nesepyris floridanus,0.027,0.002300114
Sapintus fulvipes,Nesepyris floridanus,0.007,0.002300114
Scydmaenidae,Nesepyris floridanus,0.003,0.002300114
Staphylinidae,Nesepyris floridanus,0.0476,0.002300114
Tholeria reversalis,Nesepyris floridanus,0.578053133,0.002300114
Actenodes auronotata,Scleroderma macrogaster,0.0115,0.002300114
Actinopteryx fucicola,Scleroderma macrogaster,0.000866,0.002300114
Alarodia slossoniae,Scleroderma macrogaster,0.055875412,0.002300114
Anisomeristes,Scleroderma macrogaster,3.62e-05,0.002300114
Ascia monuste,Scleroderma macrogaster,6.828348317,0.002300114
Ataxia,Scleroderma macrogaster,0.023,0.002300114
Automeris io,Scleroderma macrogaster,2.636851999,0.002300114
Bema ydda,Scleroderma macrogaster,0.205558315,0.002300114
Bembidion contractum,Scleroderma macrogaster,0.0051,0.002300114
Chrysobothris,Scleroderma macrogaster,0.0136,0.002300114
Chrysomelidae,Scleroderma macrogaster,0.0105,0.002300114
Cryptorama minutum,Scleroderma macrogaster,0.005,0.002300114
Cryptorhynchus minutissimus,Scleroderma macrogaster,0.00075,0.002300114
Cucujidae,Scleroderma macrogaster,0.0155,0.002300114
Ecdytolopha,Scleroderma macrogaster,0.148376753,0.002300114
Holoparamecus,Scleroderma macrogaster,2,0.002300114
Leptostylus,Scleroderma macrogaster,0.01,0.002300114
Melanophthalma floridana,Scleroderma macrogaster,0.002,0.002300114
Melipotis,Scleroderma macrogaster,0.40131981,0.002300114
Micronaspis floridana,Scleroderma macrogaster,0.0125,0.002300114
Nemapogon,Scleroderma macrogaster,0.025336077,0.002300114
Oiketicus abbottii,Scleroderma macrogaster,0.071247903,0.002300114
Orgygia detrita,Scleroderma macrogaster,0.313497562,0.002300114
Oxycopis,Scleroderma macrogaster,0.007,0.002300114
Oxydia,Scleroderma macrogaster,0.262111693,0.002300114
Phoebis agarithe,Scleroderma macrogaster,5.536546454,0.002300114
Pseudoacalles,Scleroderma macrogaster,0.00423,0.002300114
Sapintus fulvipes,Scleroderma macrogaster,0.007,0.002300114
Staphylinidae,Scleroderma macrogaster,0.0476,0.002300114
Styloleptus biustus,Scleroderma macrogaster,0.0065,0.002300114
Tachys occulator,Scleroderma macrogaster,0.0035,0.002300114
Tholeria reversalis,Scleroderma macrogaster,0.578053133,0.002300114
Tricorynus,Scleroderma macrogaster,0.005,0.002300114
Trischidias atoma,Scleroderma macrogaster,0.0025,0.002300114
Vacusus vicinus,Scleroderma macrogaster,0.007,0.002300114
Echmepteryx hageni,Scleroderma macrogaster,0.00325,0.002300114
Apanteles hemileucae,Nesepyris floridanus,0.001671743,0.002300114
Tyrophagus putrescentiae,Scleroderma macrogaster,1.17e-06,0.002300114
Kalotermes jouteli,Scleroderma macrogaster,0.008284363,0.002300114
Algae,Scleroderma macrogaster,8.21e-07,0.002300114
Metepeira labyrinthea,Scleroderma macrogaster,0.012,0.002300114
Metapelma schwarzi,Cephalonomia waterstoni,0.002300114,0.002300114
Paratrechina bourbonica,Scleroderma macrogaster,0.00114621,0.002300114
Paraleyrodes,Nesepyris floridanus,0.0025,0.002300114
Littorina angulifera,Nesepyris floridanus,0.588325869,0.002300114
Saproglyphidae,Scleroderma macrogaster,0.008,0.002300114
Probaryconus,Nesepyris floridanus,0.000921608,0.002300114
Aedes taeniorhynchus,Nesepyris floridanus,0.0035,0.002300114
Tetragnatha,Scleroderma macrogaster,0.01,0.002300114
Entonyssus,Nesepyris floridanus,0.021508161,0.002300114
Hypoponera opacior,Scleroderma macrogaster,0.00114621,0.002300114
Oliarus,Scleroderma macrogaster,0.0065,0.002300114
Trochopus plumbeus,Scleroderma macrogaster,0.008,0.002300114
Gasteracantha ellipsoides,Nesepyris floridanus,0.007,0.002300114
Liothrips,Scleroderma macrogaster,0.001874225,0.002300114
Hentzia palmarum,Scleroderma macrogaster,0.006,0.002300114
Uloborus,Scleroderma macrogaster,0.005,0.002300114
Pirata,Scleroderma macrogaster,0.00665,0.002300114
Haplothrips flavipes,Cephalonomia waterstoni,0.002532042,0.002300114
Xenomyrmex floridanus,Cephalonomia waterstoni,0.000760079,0.002300114
Lichenomima,Scleroderma macrogaster,0.00325,0.002300114
Camponotus floridanus,Scleroderma macrogaster,0.013570258,0.002300114
Sphaerolophus,Scleroderma macrogaster,6.37e-05,0.002300114
Cycloptilum,Scleroderma macrogaster,0.018459537,0.002300114
Fungi,Scleroderma macrogaster,4.46244769,0.002300114
Diradius caribbeana,Scleroderma macrogaster,0.0055,0.002300114
Cyrtoxipha,Scleroderma macrogaster,0.018459537,0.002300114
Detritus,Scleroderma macrogaster,-999,0.002300114
Psallus conspurcatus,Scleroderma macrogaster,0.006,0.002300114
Pachodynerus nasidens,Scleroderma macrogaster,0.053463429,0.002300114
Staphylinidae,Metapelma schwarzi,0.0476,0.002300114
Rhizophora mangle,Aleurothrixus,0.057932236,0.0025
Rhizophora mangle,Paraleyrodes,0.057932236,0.0025
Rhizophora mangle,Tetraluerodes,0.057932236,0.0025
Rhizophora mangle,Trischidias atoma,0.057932236,0.0025
Theridion,Trischidias atoma,0.0023,0.0025
Bema ydda,Aleurothrixus,0.205558315,0.0025
Phoebis agarithe,Trischidias atoma,5.536546454,0.0025
Staphylinidae,Tetraluerodes,0.0476,0.0025
Aedes taeniorhynchus,Trischidias atoma,0.0035,0.0025
Ceroplastes,Paraleyrodes,0.005,0.0025
Rhizophora mangle,Haplothrips flavipes,0.057932236,0.002532042
Actenodes auronotata,Tyrannochelifer,0.0115,0.00255
Actinopteryx fucicola,Tyrannochelifer,0.000866,0.00255
Aedes taeniorhynchus,Tyrannochelifer,0.0035,0.00255
Alarodia slossoniae,Tyrannochelifer,0.055875412,0.00255
Amblyseius,Tyrannochelifer,0.0004,0.00255
Anisomeristes,Tyrannochelifer,3.62e-05,0.00255
Arctoseius,Tyrannochelifer,5.3e-07,0.00255
Argas radiatus,Tyrannochelifer,0.002585816,0.00255
Asca,Tyrannochelifer,5.3e-07,0.00255
Ascia monuste,Tyrannochelifer,6.828348317,0.00255
Ataxia,Tyrannochelifer,0.023,0.00255
Automeris io,Tyrannochelifer,2.636851999,0.00255
Bdella,Tyrannochelifer,8.52e-06,0.00255
Bema ydda,Tyrannochelifer,0.205558315,0.00255
Bembidion contractum,Tyrannochelifer,0.0051,0.00255
Brachymyrmex,Tyrannochelifer,0.000398141,0.00255
Camponotus planatus,Tyrannochelifer,0.003869709,0.00255
Camponotus tortuganus,Tyrannochelifer,0.013570258,0.00255
Carpoglyphus lactis,Tyrannochelifer,1.09e-06,0.00255
Cecidomyidae,Tyrannochelifer,0.003,0.00255
Chauliognathus marginatus,Tyrannochelifer,0.0095,0.00255
Cheyletia wellsi,Tyrannochelifer,4.83e-07,0.00255
Chrysobothris,Tyrannochelifer,0.0136,0.00255
Colobopsis,Tyrannochelifer,0.003869709,0.00255
Copidita suturalis,Tyrannochelifer,0.007,0.00255
Crematogaster ashmeadi,Tyrannochelifer,0.001558448,0.00255
Cryptorama minutum,Tyrannochelifer,0.005,0.00255
Cryptorhynchus minutissimus,Tyrannochelifer,0.00075,0.00255
Cucujidae,Tyrannochelifer,0.0155,0.00255
Entonyssus,Tyrannochelifer,0.021508161,0.00255
Eupodes,Tyrannochelifer,6.37e-05,0.00255
Galumna,Tyrannochelifer,0.0017,0.00255
Holoparamecus,Tyrannochelifer,2,0.00255
Hypoponera opacior,Tyrannochelifer,0.00114621,0.00255
Lasioseius sp.,Tyrannochelifer,3.59e-06,0.00255
Lynchia albipennis,Tyrannochelifer,0.0055,0.00255
Melanophthalma floridana,Tyrannochelifer,0.002,0.00255
Melichares,Tyrannochelifer,3.59e-06,0.00255
Micronaspis floridana,Tyrannochelifer,0.0125,0.00255
Monomorium floricola,Tyrannochelifer,0.000455048,0.00255
Nemapogon,Tyrannochelifer,0.025336077,0.00255
Oiketicus abbottii,Tyrannochelifer,0.071247903,0.00255
Olfersia sordida,Tyrannochelifer,0.0055,0.00255
Orgygia detrita,Tyrannochelifer,0.313497562,0.00255
Ornitnonyssus bursa,Tyrannochelifer,3.77e-09,0.00255
Oxacis,Tyrannochelifer,0.007,0.00255
Oxycopis,Tyrannochelifer,0.007,0.00255
Oxydia,Tyrannochelifer,0.262111693,0.00255
Paracryptocerus varians,Tyrannochelifer,0.00744984,0.00255
Paratrechina bourbonica,Tyrannochelifer,0.00114621,0.00255
Pellonyssus,Tyrannochelifer,2.71e-06,0.00255
Phocides batabano,Tyrannochelifer,1.36330884,0.00255
Poecilipa rhizophorae,Tyrannochelifer,0.000875,0.00255
Proctolaelaps,Tyrannochelifer,3.59e-06,0.00255
Pseudoacalles,Tyrannochelifer,0.00423,0.00255
Pyraustidae,Tyrannochelifer,0.027,0.00255
Rhizoglyphus callae,Tyrannochelifer,5.5e-06,0.00255
Sapintus fulvipes,Tyrannochelifer,0.007,0.00255
Saproglyphidae,Tyrannochelifer,0.008,0.00255
Scheloribates,Tyrannochelifer,0.000282,0.00255
Sphaerolophus,Tyrannochelifer,6.37e-05,0.00255
Staphylinidae,Tyrannochelifer,0.0476,0.00255
Styloleptus biustus,Tyrannochelifer,0.0065,0.00255
Syrphidae,Tyrannochelifer,0.015,0.00255
Tachys occulator,Tyrannochelifer,0.0035,0.00255
Tapinoma littorale,Tyrannochelifer,0.000398141,0.00255
Tetranychus,Tyrannochelifer,0.000415,0.00255
Tholeria reversalis,Tyrannochelifer,0.578053133,0.00255
Trischidias atoma,Tyrannochelifer,0.0025,0.00255
Tydeidae,Tyrannochelifer,0.0002,0.00255
Tyrophagus putrescentiae,Tyrannochelifer,1.17e-06,0.00255
Vacusus vicinus,Tyrannochelifer,0.007,0.00255
Veigaia,Tyrannochelifer,0.000795,0.00255
Xenomyrmex floridanus,Tyrannochelifer,0.000760079,0.00255
Dendroica,Tyrannochelifer,8,0.00255
Lachesilla,Tyrannochelifer,0.00325,0.00255
Butorides virescens,Tyrannochelifer,240,0.00255
Orocharis gryllodes,Tyrannochelifer,0.083718572,0.00255
Hentzia palmarum,Tyrannochelifer,0.006,0.00255
Metapelma schwarzi,Tyrannochelifer,0.002300114,0.00255
Ectopsocopsis cryptomeriae,Tyrannochelifer,0.00325,0.00255
Theridion,Tyrannochelifer,0.0023,0.00255
Phalacrocorax dilophus,Tyrannochelifer,2568.732374,0.00255
Dufouriellus afer,Tyrannochelifer,0.0035,0.00255
Scleroderma macrogaster,Tyrannochelifer,0.002300114,0.00255
Liothrips,Tyrannochelifer,0.001874225,0.00255
Belaphotroctes okalensis,Tyrannochelifer,0.00325,0.00255
Apocrita,Tyrannochelifer,0.826845887,0.00255
Pseudococcus,Tyrannochelifer,-999,0.00255
Ceroplastes,Argas radiatus,0.005,0.002585816
Rhizophora mangle,Cecidomyidae,0.057932236,0.003
Ceroplastes,Cecidomyidae,0.005,0.003
Sapintus fulvipes,Cecidomyidae,0.007,0.003
Blissus insularis,Cecidomyidae,0.004,0.003
Phoebis agarithe,Scydmaenidae,5.536546454,0.003
Rhizophora mangle,Scydmaenidae,0.057932236,0.003
Detritus,Belaphotroctes okalensis,-999,0.00325
Acanalonia latifrons,Dictyna,0.011,0.00325
Aedes taeniorhynchus,Dictyna,0.0035,0.00325
Apanteles hemileucae,Dictyna,0.001671743,0.00325
Apidae,Dictyna,0.001671743,0.00325
Apocrita,Dictyna,0.826845887,0.00325
Arunta interclusa,Dictyna,0.787365181,0.00325
Brachymeria psyche,Dictyna,0.008284363,0.00325
Cecidomyidae,Dictyna,0.003,0.00325
Ceroplastes,Dictyna,0.005,0.00325
Euchrysia,Dictyna,0.003869709,0.00325
Flatoidinus punctatus,Dictyna,0.0115,0.00325
Iphiaulax epicus,Dictyna,0.001671743,0.00325
Lynchia albipennis,Dictyna,0.0055,0.00325
Macrocentrus,Dictyna,0.001671743,0.00325
Membracidae,Dictyna,0.0085,0.00325
Metapelma schwarzi,Dictyna,0.002300114,0.00325
Nesepyris floridanus,Dictyna,0.002300114,0.00325
Neurotmeta breviceps,Dictyna,0.008,0.00325
Olfersia sordida,Dictyna,0.0055,0.00325
Scaphytopius,Dictyna,0.0075,0.00325
Scleroderma macrogaster,Dictyna,0.002300114,0.00325
Paratrechina bourbonica,Belaphotroctes okalensis,0.00114621,0.00325
Rhizophora mangle,Dictyna,0.057932236,0.00325
Syrphidae,Archipsocus panama,0.015,0.00325
Ceroplastes,Echmepteryx hageni,0.005,0.00325
Brachymyrmex,Dictyna,0.000398141,0.00325
Phoebis agarithe,Trogiomorpha,5.536546454,0.00325
Chauliognathus marginatus,Dictyna,0.0095,0.00325
Leptostylus,Dictyna,0.01,0.00325
Haplothrips flavipes,Dictyna,0.002532042,0.00325
Syrphidae,Ectopsocopsis cryptomeriae,0.015,0.00325
Phoebis agarithe,Belaphotroctes okalensis,5.536546454,0.00325
Rhizophora mangle,Psocidus texanus,0.057932236,0.00325
Staphylinidae,Archipsocus panama,0.0476,0.00325
Ceroplastes,Psocidus texanus,0.005,0.00325
Phoebis agarithe,Dictyna,5.536546454,0.00325
Rhizophora mangle,Embidopsocus laticeps,0.057932236,0.00325
Staphylinidae,Echmepteryx hageni,0.0476,0.00325
Rhizophora mangle,Belaphotroctes okalensis,0.057932236,0.00325
Copidita suturalis,Dictyna,0.007,0.00325
Saproglyphidae,Dictyna,0.008,0.00325
Vacusus vicinus,Dictyna,0.007,0.00325
Trypoxylon collinum,Dictyna,0.040552112,0.00325
Tachys occulator,Dictyna,0.0035,0.00325
Bdella,Dictyna,8.52e-06,0.00325
Syrphidae,Embidopsocus laticeps,0.015,0.00325
Monomorium floricola,Dictyna,0.000455048,0.00325
Algae,Dictyna,8.21e-07,0.00325
Ariadna arthuri,Dictyna,0.01,0.00325
Fungi,Peripsocus,4.46244769,0.00325
Echmepteryx hageni,Ectopsocus,0.00325,0.00325
Poecilipa rhizophorae,Peripsocus,0.000875,0.00325
Eriophora,Ectopsocus,0.014,0.00325
Detritus,Ectopsocus,-999,0.00325
Rhizophora mangle,Peripsocus,0.057932236,0.00325
Aedes taeniorhynchus,Ectopsocus,0.0035,0.00325
Natrix,Ectopsocus,100,0.00325
Brachymyrmex,Peripsocus,0.000398141,0.00325
Axelsonia littoralis,Ectopsocus,0.00074676,0.00325
Rhizophora mangle,Lophoproctinus bartachi,0.057932236,0.0035
Orgygia detrita,Orius,0.313497562,0.0035
Phoebis agarithe,Orius,5.536546454,0.0035
Rhizophora mangle,Orius,0.057932236,0.0035
Proctolaelaps,Orius,3.59e-06,0.0035
Ceroplastes,Lophoproctinus bartachi,0.005,0.0035
Eriophora,Orius,0.014,0.0035
Staphylinidae,Aedes taeniorhynchus,0.0476,0.0035
Syrphidae,Dufouriellus afer,0.015,0.0035
Staphylinidae,Lophoproctinus bartachi,0.0476,0.0035
Fungi,Orius,4.46244769,0.0035
Arunta interclusa,Orius,0.787365181,0.0035
Oebalus pugnax,Tachys occulator,0.009,0.0035
Rhizophora mangle,Tachys occulator,0.057932236,0.0035
Staphylinidae,Tachys occulator,0.0476,0.0035
Ceroplastes,Tachys occulator,0.005,0.0035
Poecilipa rhizophorae,Euchrysia,0.000875,0.003869709
Syrphidae,Camponotus planatus,0.015,0.003869709
Aedes taeniorhynchus,Euchrysia,0.0035,0.003869709
Brachymyrmex,Camponotus planatus,0.000398141,0.003869709
Phoebis agarithe,Euchrysia,5.536546454,0.003869709
Crematogaster ashmeadi,Colobopsis,0.001558448,0.003869709
Meioneta,Camponotus planatus,0.00175,0.003869709
Fungi,Colobopsis,4.46244769,0.003869709
Eriophora,Colobopsis,0.014,0.003869709
Cephalonomia waterstoni,Colobopsis,0.002300114,0.003869709
Tachys occulator,Colobopsis,0.0035,0.003869709
Ligia exotica,Colobopsis,1.348779475,0.003869709
Euderus,Colobopsis,0.000722205,0.003869709
Pirata,Colobopsis,0.00665,0.003869709
Hypoponera opacior,Colobopsis,0.00114621,0.003869709
Melittobia chalybii,Colobopsis,0.000722205,0.003869709
Aedes taeniorhynchus,Colobopsis,0.0035,0.003869709
Rhyscotus,Colobopsis,0.001,0.003869709
Carthasis decoratus,Colobopsis,0.009,0.003869709
Scleroderma macrogaster,Euchrysia,0.002300114,0.003869709
Phoebis agarithe,Colobopsis,5.536546454,0.003869709
Neurothrips magnafemoraus,Colobopsis,0.001874225,0.003869709
Eupodes,Colobopsis,6.37e-05,0.003869709
Leucauge venusta,Colobopsis,0.00675,0.003869709
Neotermes castaneus,Colobopsis,0.006623951,0.003869709
Rhizophora mangle,Sergiolus,0.057932236,0.0039
Acanalonia latifrons,Ballus,0.011,0.004
Actenodes auronotata,Ballus,0.0115,0.004
Actinopteryx fucicola,Ballus,0.000866,0.004
Aedes taeniorhynchus,Ballus,0.0035,0.004
Anisomeristes,Ballus,3.62e-05,0.004
Anyphaena,Ballus,0.006,0.004
Argiope argentata,Ballus,0.00459071,0.004
Argyrodes nephilae,Ballus,0.0077,0.004
Ariadna arthuri,Ballus,0.01,0.004
Arunta interclusa,Ballus,0.787365181,0.004
Ascia monuste,Ballus,6.828348317,0.004
Ataxia,Ballus,0.023,0.004
Automeris io,Ballus,2.636851999,0.004
Aysha velox,Ballus,0.0065,0.004
Bema ydda,Ballus,0.205558315,0.004
Bembidion contractum,Ballus,0.0051,0.004
Blissus insularis,Ballus,0.004,0.004
Carthasis decoratus,Ballus,0.009,0.004
Cecidomyidae,Ballus,0.003,0.004
Ceroplastes,Ballus,0.005,0.004
Chauliognathus marginatus,Ballus,0.0095,0.004
Chrysobothris,Ballus,0.0136,0.004
Chrysomelidae,Ballus,0.0105,0.004
Copidita suturalis,Ballus,0.007,0.004
Cryptorama minutum,Ballus,0.005,0.004
Cryptorhynchus minutissimus,Ballus,0.00075,0.004
Cucujidae,Ballus,0.0155,0.004
Dictyna,Ballus,0.00325,0.004
Dolomedes,Ballus,0.03,0.004
Dufouriellus afer,Ballus,0.0035,0.004
Ecdytolopha,Ballus,0.148376753,0.004
Eriophora,Ballus,0.014,0.004
Eustala,Ballus,0.008,0.004
Flatoidinus punctatus,Ballus,0.0115,0.004
Gnaphosa,Ballus,0.0066,0.004
Hentzia palmarum,Ballus,0.006,0.004
Holoparamecus,Ballus,2,0.004
Leptostylus,Ballus,0.01,0.004
Leucauge venusta,Ballus,0.00675,0.004
Lynchia albipennis,Ballus,0.0055,0.004
Mangora,Ballus,0.006,0.004
Melanophthalma floridana,Ballus,0.002,0.004
Melipotis,Ballus,0.40131981,0.004
Metacyrba undata,Ballus,0.0115,0.004
Metatropiphorus belfragei,Ballus,0.009,0.004
Metepeira labyrinthea,Ballus,0.012,0.004
Micronaspis floridana,Ballus,0.0125,0.004
Misumenops,Ballus,0.004,0.004
Nemapogon,Ballus,0.025336077,0.004
Nephila clavipes,Ballus,0.032,0.004
Neurotmeta breviceps,Ballus,0.008,0.004
Oebalus pugnax,Ballus,0.009,0.004
Oiketicus abbottii,Ballus,0.071247903,0.004
Olfersia sordida,Ballus,0.0055,0.004
Oliarus,Ballus,0.0065,0.004
Orius,Ballus,0.0035,0.004
Oxacis,Ballus,0.007,0.004
Oxycopis,Ballus,0.007,0.004
Oxydia,Ballus,0.262111693,0.004
Paraphidippus flavus,Ballus,0.008,0.004
Pentacora sphacelata,Ballus,0.032069663,0.004
Phoebis agarithe,Ballus,5.536546454,0.004
Pirata,Ballus,0.00665,0.004
Poecilipa rhizophorae,Ballus,0.000875,0.004
Pseudoacalles,Ballus,0.00423,0.004
Pseudococcus,Ballus,-999,0.004
Pyraustidae,Ballus,0.027,0.004
Sapintus fulvipes,Ballus,0.007,0.004
Scaphytopius,Ballus,0.0075,0.004
Scydmaenidae,Ballus,0.003,0.004
Scytodes,Ballus,4.75,0.004
Sergiolus,Ballus,0.0039,0.004
Stoidis aurata,Ballus,0.009,0.004
Styloleptus biustus,Ballus,0.0065,0.004
Syrphidae,Ballus,0.015,0.004
Tachys occulator,Ballus,0.0035,0.004
Tetragnatha,Ballus,0.01,0.004
Tetraluerodes,Ballus,0.0025,0.004
Theridion,Ballus,0.0023,0.004
Tholeria reversalis,Ballus,0.578053133,0.004
Tricorynus,Ballus,0.005,0.004
Trischidias atoma,Ballus,0.0025,0.004
Trochopus plumbeus,Ballus,0.008,0.004
Uloborus,Ballus,0.005,0.004
Vacusus vicinus,Ballus,0.007,0.004
Rhizophora mangle,Blissus insularis,0.057932236,0.004
Aedes taeniorhynchus,Misumenops,0.0035,0.004
Alarodia slossoniae,Misumenops,0.055875412,0.004
Aleurothrixus,Misumenops,0.0025,0.004
Anyphaena,Misumenops,0.006,0.004
Apanteles hemileucae,Misumenops,0.001671743,0.004
Apidae,Misumenops,0.001671743,0.004
Apocrita,Misumenops,0.826845887,0.004
Argiope argentata,Misumenops,0.00459071,0.004
Argyrodes nephilae,Misumenops,0.0077,0.004
Ariadna arthuri,Misumenops,0.01,0.004
Ascia monuste,Misumenops,6.828348317,0.004
Automeris io,Misumenops,2.636851999,0.004
Aysha velox,Misumenops,0.0065,0.004
Ballus,Misumenops,0.004,0.004
Bema ydda,Misumenops,0.205558315,0.004
Brachymyrmex,Misumenops,0.000398141,0.004
Calliephialtes ferrugineus,Misumenops,0.098554409,0.004
Callihormius bifasciatus,Misumenops,0.001671743,0.004
Camponotus planatus,Misumenops,0.003869709,0.004
Carthasis decoratus,Misumenops,0.009,0.004
Casinaria texana,Misumenops,0.098554409,0.004
Cecidomyidae,Misumenops,0.003,0.004
Cephalonomia waterstoni,Misumenops,0.002300114,0.004
Colobopsis,Misumenops,0.003869709,0.004
Dictyna,Misumenops,0.00325,0.004
Dolomedes,Misumenops,0.03,0.004
Dufouriellus afer,Misumenops,0.0035,0.004
Ecdytolopha,Misumenops,0.148376753,0.004
Ecphylus,Misumenops,0.001671743,0.004
Euchrysia,Misumenops,0.003869709,0.004
Euderus,Misumenops,0.000722205,0.004
Eustala,Misumenops,0.008,0.004
Gasteracantha ellipsoides,Misumenops,0.007,0.004
Gnaphosa,Misumenops,0.0066,0.004
Hentzia palmarum,Misumenops,0.006,0.004
Heterospilus,Misumenops,0.001671743,0.004
Hypoponera opacior,Misumenops,0.00114621,0.004
Iphiaulax epicus,Misumenops,0.001671743,0.004
Leucauge venusta,Misumenops,0.00675,0.004
Lynchia albipennis,Misumenops,0.0055,0.004
Macrocentrus,Misumenops,0.001671743,0.004
Maevia vittata,Misumenops,0.007,0.004
Mangora,Misumenops,0.006,0.004
Meioneta,Misumenops,0.00175,0.004
Melipotis,Misumenops,0.40131981,0.004
Melittobia chalybii,Misumenops,0.000722205,0.004
Metapelma schwarzi,Misumenops,0.002300114,0.004
Metatropiphorus belfragei,Misumenops,0.009,0.004
Metepeira labyrinthea,Misumenops,0.012,0.004
Monomorium floricola,Misumenops,0.000455048,0.004
Neanastatus,Misumenops,0.002300114,0.004
Nemapogon,Misumenops,0.025336077,0.004
Nephila clavipes,Misumenops,0.032,0.004
Nesepyris floridanus,Misumenops,0.002300114,0.004
Oebalus pugnax,Misumenops,0.009,0.004
Olfersia sordida,Misumenops,0.0055,0.004
Ooencyrtus submetallicus,Misumenops,0.000398141,0.004
Orgygia detrita,Misumenops,0.313497562,0.004
Orius,Misumenops,0.0035,0.004
Oxydia,Misumenops,0.262111693,0.004
Pachodynerus nasidens,Misumenops,0.053463429,0.004
Paracryptocerus varians,Misumenops,0.00744984,0.004
Paraleyrodes,Misumenops,0.0025,0.004
Paraphidippus flavus,Misumenops,0.008,0.004
Paratrechina bourbonica,Misumenops,0.00114621,0.004
Pentacora sphacelata,Misumenops,0.032069663,0.004
Phocides batabano,Misumenops,1.36330884,0.004
Pirata,Misumenops,0.00665,0.004
Polistes,Misumenops,0.016248394,0.004
Psallus conspurcatus,Misumenops,0.006,0.004
Pseudomyrmex elongatus,Misumenops,0.016248394,0.004
Pyraustidae,Misumenops,0.027,0.004
Scleroderma macrogaster,Misumenops,0.002300114,0.004
Scytodes,Misumenops,4.75,0.004
Sergiolus,Misumenops,0.0039,0.004
Tapinoma littorale,Misumenops,0.000398141,0.004
Tetragnatha,Misumenops,0.01,0.004
Theridion,Misumenops,0.0023,0.004
Trochopus plumbeus,Misumenops,0.008,0.004
Trypoxylon collinum,Misumenops,0.040552112,0.004
Uloborus,Misumenops,0.005,0.004
Urolepis rufipes,Misumenops,0.003869709,0.004
Xenomyrmex floridanus,Misumenops,0.000760079,0.004
Pachodynerus nasidens,Ballus,0.053463429,0.004
Proctolaelaps,Ballus,3.59e-06,0.004
Haplothrips flavipes,Ballus,0.002532042,0.004
Euderus,Ballus,0.000722205,0.004
Melanophthalma floridana,Misumenops,0.002,0.004
Ornitnonyssus bursa,Ballus,3.77e-09,0.004
Fungi,Ballus,4.46244769,0.004
Lasioseius sp.,Ballus,3.59e-06,0.004
Pseudomyrmex elongatus,Ballus,0.016248394,0.004
Labidura riparia,Ballus,0.0215,0.004
Trogiomorpha,Ballus,0.00325,0.004
Polistes,Ballus,0.016248394,0.004
Pellonyssus,Ballus,2.71e-06,0.004
Belaphotroctes okalensis,Misumenops,0.00325,0.004
Ataxia,Misumenops,0.023,0.004
Natrix,Ballus,100,0.004
Ceroplastes,Blissus insularis,0.005,0.004
Liothrips,Ballus,0.001874225,0.004
Embidopsocus laticeps,Ballus,0.00325,0.004
Aglaopteryx,Misumenops,0.054003595,0.004
Dendroica,Ballus,8,0.004
Turpilia rostrata,Ballus,0.388073661,0.004
Eupodes,Ballus,6.37e-05,0.004
Ligia exotica,Misumenops,1.348779475,0.004
Phalacrocorax dilophus,Ballus,2568.732374,0.004
Micronaspis floridana,Misumenops,0.0125,0.004
Rhizophora mangle,Misumenops,0.057932236,0.004
Cycloptilum,Ballus,0.018459537,0.004
Ectopsocopsis cryptomeriae,Ballus,0.00325,0.004
Bdella,Blissus insularis,8.52e-06,0.004
Neotermes castaneus,Misumenops,0.006623951,0.004
Euchrysia,Ballus,0.003869709,0.004
Ectopsocus,Misumenops,0.00325,0.004
Copidita suturalis,Misumenops,0.007,0.004
Rhizoglyphus callae,Misumenops,5.5e-06,0.004
Camponotus floridanus,Ballus,0.013570258,0.004
Saproglyphidae,Ballus,0.008,0.004
Natrix,Pseudoacalles,100,0.00423
Echmepteryx hageni,Pseudoacalles,0.00325,0.00423
Detritus,Pseudoacalles,-999,0.00423
Agelaius phoeniceus,Pseudoacalles,54.5,0.00423
Acanalonia latifrons,Argiope argentata,0.011,0.00459071
Actinopteryx fucicola,Argiope argentata,0.000866,0.00459071
Aedes taeniorhynchus,Argiope argentata,0.0035,0.00459071
Aglaopteryx,Argiope argentata,0.054003595,0.00459071
Anisomeristes,Argiope argentata,3.62e-05,0.00459071
Apidae,Argiope argentata,0.001671743,0.00459071
Apocrita,Argiope argentata,0.826845887,0.00459071
Ataxia,Argiope argentata,0.023,0.00459071
Bembidion contractum,Argiope argentata,0.0051,0.00459071
Blissus insularis,Argiope argentata,0.004,0.00459071
Brachymeria psyche,Argiope argentata,0.008284363,0.00459071
Brachymyrmex,Argiope argentata,0.000398141,0.00459071
Calliephialtes ferrugineus,Argiope argentata,0.098554409,0.00459071
Camponotus floridanus,Argiope argentata,0.013570258,0.00459071
Camponotus planatus,Argiope argentata,0.003869709,0.00459071
Camponotus tortuganus,Argiope argentata,0.013570258,0.00459071
Casinaria texana,Argiope argentata,0.098554409,0.00459071
Cecidomyidae,Argiope argentata,0.003,0.00459071
Cephalonomia waterstoni,Argiope argentata,0.002300114,0.00459071
Ceroplastes,Argiope argentata,0.005,0.00459071
Chauliognathus marginatus,Argiope argentata,0.0095,0.00459071
Chrysobothris,Argiope argentata,0.0136,0.00459071
Chrysomelidae,Argiope argentata,0.0105,0.00459071
Colobopsis,Argiope argentata,0.003869709,0.00459071
Copidita suturalis,Argiope argentata,0.007,0.00459071
Crematogaster ashmeadi,Argiope argentata,0.001558448,0.00459071
Cryptorama minutum,Argiope argentata,0.005,0.00459071
Cryptorhynchus minutissimus,Argiope argentata,0.00075,0.00459071
Cucujidae,Argiope argentata,0.0155,0.00459071
Cycloptilum,Argiope argentata,0.018459537,0.00459071
Cyrtoxipha,Argiope argentata,0.018459537,0.00459071
Ecphylus,Argiope argentata,0.001671743,0.00459071
Entedontini,Argiope argentata,0.000722205,0.00459071
Euderus,Argiope argentata,0.000722205,0.00459071
Flatoidinus punctatus,Argiope argentata,0.0115,0.00459071
Heterospilus,Argiope argentata,0.001671743,0.00459071
Holoparamecus,Argiope argentata,2,0.00459071
Hypoponera opacior,Argiope argentata,0.00114621,0.00459071
Iphiaulax epicus,Argiope argentata,0.001671743,0.00459071
Latiblattella,Argiope argentata,0.057932236,0.00459071
Leptostylus,Argiope argentata,0.01,0.00459071
Lynchia albipennis,Argiope argentata,0.0055,0.00459071
Macrocentrus,Argiope argentata,0.001671743,0.00459071
Melanophthalma floridana,Argiope argentata,0.002,0.00459071
Melittobia chalybii,Argiope argentata,0.000722205,0.00459071
Membracidae,Argiope argentata,0.0085,0.00459071
Monomorium floricola,Argiope argentata,0.000455048,0.00459071
Neanastatus,Argiope argentata,0.002300114,0.00459071
Nesepyris floridanus,Argiope argentata,0.002300114,0.00459071
Neurotmeta breviceps,Argiope argentata,0.008,0.00459071
Olfersia sordida,Argiope argentata,0.0055,0.00459071
Oliarus,Argiope argentata,0.0065,0.00459071
Ooencyrtus submetallicus,Argiope argentata,0.000398141,0.00459071
Orocharis gryllodes,Argiope argentata,0.083718572,0.00459071
Oxacis,Argiope argentata,0.007,0.00459071
Oxycopis,Argiope argentata,0.007,0.00459071
Pachodynerus nasidens,Argiope argentata,0.053463429,0.00459071
Paracryptocerus varians,Argiope argentata,0.00744984,0.00459071
Paratrechina bourbonica,Argiope argentata,0.00114621,0.00459071
Poecilipa rhizophorae,Argiope argentata,0.000875,0.00459071
Polistes,Argiope argentata,0.016248394,0.00459071
Probaryconus,Argiope argentata,0.000921608,0.00459071
Pseudoacalles,Argiope argentata,0.00423,0.00459071
Pseudococcus,Argiope argentata,-999,0.00459071
Pseudomyrmex elongatus,Argiope argentata,0.016248394,0.00459071
Sapintus fulvipes,Argiope argentata,0.007,0.00459071
Scaphytopius,Argiope argentata,0.0075,0.00459071
Scleroderma macrogaster,Argiope argentata,0.002300114,0.00459071
Scydmaenidae,Argiope argentata,0.003,0.00459071
Staphylinidae,Argiope argentata,0.0476,0.00459071
Styloleptus biustus,Argiope argentata,0.0065,0.00459071
Syrphidae,Argiope argentata,0.015,0.00459071
Tafaliscu lurida,Argiope argentata,0.083718572,0.00459071
Tapinoma littorale,Argiope argentata,0.000398141,0.00459071
Telonemus,Argiope argentata,0.000921608,0.00459071
Tricorynus,Argiope argentata,0.005,0.00459071
Trischidias atoma,Argiope argentata,0.0025,0.00459071
Trypoxylon collinum,Argiope argentata,0.040552112,0.00459071
Urolepis rufipes,Argiope argentata,0.003869709,0.00459071
Vacusus vicinus,Argiope argentata,0.007,0.00459071
Xenomyrmex floridanus,Argiope argentata,0.000760079,0.00459071
Galumna,Argiope argentata,0.0017,0.00459071
Neotermes castaneus,Argiope argentata,0.006623951,0.00459071
Dolomedes,Argiope argentata,0.03,0.00459071
Meioneta,Argiope argentata,0.00175,0.00459071
Psallus conspurcatus,Argiope argentata,0.006,0.00459071
Ascia monuste,Argiope argentata,6.828348317,0.00459071
Oiketicus abbottii,Argiope argentata,0.071247903,0.00459071
Neurothrips magnafemoraus,Argiope argentata,0.001874225,0.00459071
Sphaerolophus,Argiope argentata,6.37e-05,0.00459071
Metacyrba undata,Argiope argentata,0.0115,0.00459071
Tetragnatha,Argiope argentata,0.01,0.00459071
Trogiomorpha,Argiope argentata,0.00325,0.00459071
Ariadna arthuri,Argiope argentata,0.01,0.00459071
Diradius caribbeana,Argiope argentata,0.0055,0.00459071
Amblyseius,Argiope argentata,0.0004,0.00459071
Caecilius,Argiope argentata,0.00125,0.00459071
Odonata,Argiope argentata,0.399604248,0.00459071
Tetraluerodes,Argiope argentata,0.0025,0.00459071
Bdella,Argiope argentata,8.52e-06,0.00459071
Orius,Argiope argentata,0.0035,0.00459071
Tydeidae,Argiope argentata,0.0002,0.00459071
Rhizophora mangle,Ceroplastes,0.057932236,0.005
Rhizophora mangle,Cryptorama minutum,0.057932236,0.005
Rhizophora mangle,Tricorynus,0.057932236,0.005
Acanalonia latifrons,Uloborus,0.011,0.005
Actenodes auronotata,Uloborus,0.0115,0.005
Actinopteryx fucicola,Uloborus,0.000866,0.005
Aedes taeniorhynchus,Uloborus,0.0035,0.005
Aglaopteryx,Uloborus,0.054003595,0.005
Apanteles hemileucae,Uloborus,0.001671743,0.005
Arunta interclusa,Uloborus,0.787365181,0.005
Ataxia,Uloborus,0.023,0.005
Bembidion contractum,Uloborus,0.0051,0.005
Blissus insularis,Uloborus,0.004,0.005
Brachymeria psyche,Uloborus,0.008284363,0.005
Brachymyrmex,Uloborus,0.000398141,0.005
Calliephialtes ferrugineus,Uloborus,0.098554409,0.005
Callihormius bifasciatus,Uloborus,0.001671743,0.005
Camponotus floridanus,Uloborus,0.013570258,0.005
Camponotus tortuganus,Uloborus,0.013570258,0.005
Cecidomyidae,Uloborus,0.003,0.005
Cephalonomia waterstoni,Uloborus,0.002300114,0.005
Ceroplastes,Uloborus,0.005,0.005
Chauliognathus marginatus,Uloborus,0.0095,0.005
Chrysobothris,Uloborus,0.0136,0.005
Chrysomelidae,Uloborus,0.0105,0.005
Colobopsis,Uloborus,0.003869709,0.005
Copidita suturalis,Uloborus,0.007,0.005
Crematogaster ashmeadi,Uloborus,0.001558448,0.005
Cryptorama minutum,Uloborus,0.005,0.005
Cucujidae,Uloborus,0.0155,0.005
Cycloptilum,Uloborus,0.018459537,0.005
Ecphylus,Uloborus,0.001671743,0.005
Entedontini,Uloborus,0.000722205,0.005
Euchrysia,Uloborus,0.003869709,0.005
Euderus,Uloborus,0.000722205,0.005
Flatoidinus punctatus,Uloborus,0.0115,0.005
Heterospilus,Uloborus,0.001671743,0.005
Holoparamecus,Uloborus,2,0.005
Hypoponera opacior,Uloborus,0.00114621,0.005
Iphiaulax epicus,Uloborus,0.001671743,0.005
Latiblattella,Uloborus,0.057932236,0.005
Leptostylus,Uloborus,0.01,0.005
Lynchia albipennis,Uloborus,0.0055,0.005
Macrocentrus,Uloborus,0.001671743,0.005
Melanophthalma floridana,Uloborus,0.002,0.005
Melittobia chalybii,Uloborus,0.000722205,0.005
Membracidae,Uloborus,0.0085,0.005
Metapelma schwarzi,Uloborus,0.002300114,0.005
Micronaspis floridana,Uloborus,0.0125,0.005
Monomorium floricola,Uloborus,0.000455048,0.005
Neanastatus,Uloborus,0.002300114,0.005
Nesepyris floridanus,Uloborus,0.002300114,0.005
Neurotmeta breviceps,Uloborus,0.008,0.005
Olfersia sordida,Uloborus,0.0055,0.005
Oliarus,Uloborus,0.0065,0.005
Ooencyrtus submetallicus,Uloborus,0.000398141,0.005
Oxacis,Uloborus,0.007,0.005
Oxycopis,Uloborus,0.007,0.005
Pachodynerus nasidens,Uloborus,0.053463429,0.005
Paracryptocerus varians,Uloborus,0.00744984,0.005
Paratrechina bourbonica,Uloborus,0.00114621,0.005
Poecilipa rhizophorae,Uloborus,0.000875,0.005
Polistes,Uloborus,0.016248394,0.005
Probaryconus,Uloborus,0.000921608,0.005
Pseudoacalles,Uloborus,0.00423,0.005
Pseudococcus,Uloborus,-999,0.005
Sapintus fulvipes,Uloborus,0.007,0.005
Scaphytopius,Uloborus,0.0075,0.005
Scleroderma macrogaster,Uloborus,0.002300114,0.005
Scydmaenidae,Uloborus,0.003,0.005
Staphylinidae,Uloborus,0.0476,0.005
Styloleptus biustus,Uloborus,0.0065,0.005
Syrphidae,Uloborus,0.015,0.005
Tachys occulator,Uloborus,0.0035,0.005
Tafaliscu lurida,Uloborus,0.083718572,0.005
Tapinoma littorale,Uloborus,0.000398141,0.005
Telonemus,Uloborus,0.000921608,0.005
Tricorynus,Uloborus,0.005,0.005
Trischidias atoma,Uloborus,0.0025,0.005
Trypoxylon collinum,Uloborus,0.040552112,0.005
Turpilia rostrata,Uloborus,0.388073661,0.005
Urolepis rufipes,Uloborus,0.003869709,0.005
Vacusus vicinus,Uloborus,0.007,0.005
Xenomyrmex floridanus,Uloborus,0.000760079,0.005
Pentacora sphacelata,Uloborus,0.032069663,0.005
Oxydia,Uloborus,0.262111693,0.005
Tyrophagus putrescentiae,Uloborus,1.17e-06,0.005
Ornitnonyssus bursa,Uloborus,3.77e-09,0.005
Lachesilla,Uloborus,0.00325,0.005
Hentzia palmarum,Uloborus,0.006,0.005
Saproglyphidae,Uloborus,0.008,0.005
Pseudothrips inequalis,Uloborus,0.001874225,0.005
Liposcelis bostrychophilus,Uloborus,0.00325,0.005
Ligia exotica,Uloborus,1.348779475,0.005
Scytodes,Uloborus,4.75,0.005
Leucauge venusta,Uloborus,0.00675,0.005
Syrphidae,Tricorynus,0.015,0.005
Staphylinidae,Cryptorama minutum,0.0476,0.005
Misumenops,Uloborus,0.004,0.005
Melichares,Uloborus,3.59e-06,0.005
Ecdytolopha,Uloborus,0.148376753,0.005
Eriophora,Uloborus,0.014,0.005
Ceroplastes,Cryptorama minutum,0.005,0.005
Theridion,Uloborus,0.0023,0.005
Blissus insularis,Ceroplastes,0.004,0.005
Rhizophora mangle,Bembidion contractum,0.057932236,0.0051
Phoebis agarithe,Lynchia albipennis,5.536546454,0.0055
Eriophora,Olfersia sordida,0.014,0.0055
Poecilipa rhizophorae,Olfersia sordida,0.000875,0.0055
Rhizophora mangle,Olfersia sordida,0.057932236,0.0055
Phoebis agarithe,Diradius caribbeana,5.536546454,0.0055
Brachymyrmex,Anyphaena,0.000398141,0.006
Acanalonia latifrons,Hentzia palmarum,0.011,0.006
Actinopteryx fucicola,Hentzia palmarum,0.000866,0.006
Alarodia slossoniae,Hentzia palmarum,0.055875412,0.006
Aleurothrixus,Hentzia palmarum,0.0025,0.006
Anyphaena,Hentzia palmarum,0.006,0.006
Argiope argentata,Hentzia palmarum,0.00459071,0.006
Ascia monuste,Hentzia palmarum,6.828348317,0.006
Ataxia,Hentzia palmarum,0.023,0.006
Automeris io,Hentzia palmarum,2.636851999,0.006
Aysha velox,Hentzia palmarum,0.0065,0.006
Ballus,Hentzia palmarum,0.004,0.006
Bema ydda,Hentzia palmarum,0.205558315,0.006
Bembidion contractum,Hentzia palmarum,0.0051,0.006
Blissus insularis,Hentzia palmarum,0.004,0.006
Carthasis decoratus,Hentzia palmarum,0.009,0.006
Ceroplastes,Hentzia palmarum,0.005,0.006
Chauliognathus marginatus,Hentzia palmarum,0.0095,0.006
Chrysomelidae,Hentzia palmarum,0.0105,0.006
Copidita suturalis,Hentzia palmarum,0.007,0.006
Cryptorama minutum,Hentzia palmarum,0.005,0.006
Cryptorhynchus minutissimus,Hentzia palmarum,0.00075,0.006
Dictyna,Hentzia palmarum,0.00325,0.006
Dolomedes,Hentzia palmarum,0.03,0.006
Dufouriellus afer,Hentzia palmarum,0.0035,0.006
Ecdytolopha,Hentzia palmarum,0.148376753,0.006
Eriophora,Hentzia palmarum,0.014,0.006
Flatoidinus punctatus,Hentzia palmarum,0.0115,0.006
Gasteracantha ellipsoides,Hentzia palmarum,0.007,0.006
Gnaphosa,Hentzia palmarum,0.0066,0.006
Holoparamecus,Hentzia palmarum,2,0.006
Leptostylus,Hentzia palmarum,0.01,0.006
Leucauge venusta,Hentzia palmarum,0.00675,0.006
Maevia vittata,Hentzia palmarum,0.007,0.006
Mangora,Hentzia palmarum,0.006,0.006
Meioneta,Hentzia palmarum,0.00175,0.006
Melanophthalma floridana,Hentzia palmarum,0.002,0.006
Melipotis,Hentzia palmarum,0.40131981,0.006
Membracidae,Hentzia palmarum,0.0085,0.006
Metacyrba undata,Hentzia palmarum,0.0115,0.006
Metatropiphorus belfragei,Hentzia palmarum,0.009,0.006
Metepeira labyrinthea,Hentzia palmarum,0.012,0.006
Micronaspis floridana,Hentzia palmarum,0.0125,0.006
Misumenops,Hentzia palmarum,0.004,0.006
Nephila clavipes,Hentzia palmarum,0.032,0.006
Neurotmeta breviceps,Hentzia palmarum,0.008,0.006
Oebalus pugnax,Hentzia palmarum,0.009,0.006
Oiketicus abbottii,Hentzia palmarum,0.071247903,0.006
Oliarus,Hentzia palmarum,0.0065,0.006
Orgygia detrita,Hentzia palmarum,0.313497562,0.006
Orius,Hentzia palmarum,0.0035,0.006
Oxacis,Hentzia palmarum,0.007,0.006
Oxycopis,Hentzia palmarum,0.007,0.006
Oxydia,Hentzia palmarum,0.262111693,0.006
Paraleyrodes,Hentzia palmarum,0.0025,0.006
Paraphidippus flavus,Hentzia palmarum,0.008,0.006
Pentacora sphacelata,Hentzia palmarum,0.032069663,0.006
Phocides batabano,Hentzia palmarum,1.36330884,0.006
Phoebis agarithe,Hentzia palmarum,5.536546454,0.006
Pirata,Hentzia palmarum,0.00665,0.006
Poecilipa rhizophorae,Hentzia palmarum,0.000875,0.006
Psallus conspurcatus,Hentzia palmarum,0.006,0.006
Pseudoacalles,Hentzia palmarum,0.00423,0.006
Pseudococcus,Hentzia palmarum,-999,0.006
Pyraustidae,Hentzia palmarum,0.027,0.006
Sapintus fulvipes,Hentzia palmarum,0.007,0.006
Scaphytopius,Hentzia palmarum,0.0075,0.006
Scytodes,Hentzia palmarum,4.75,0.006
Sergiolus,Hentzia palmarum,0.0039,0.006
Staphylinidae,Hentzia palmarum,0.0476,0.006
Stoidis aurata,Hentzia palmarum,0.009,0.006
Styloleptus biustus,Hentzia palmarum,0.0065,0.006
Tachys occulator,Hentzia palmarum,0.0035,0.006
Tetragnatha,Hentzia palmarum,0.01,0.006
Tetraluerodes,Hentzia palmarum,0.0025,0.006
Theridion,Hentzia palmarum,0.0023,0.006
Tholeria reversalis,Hentzia palmarum,0.578053133,0.006
Tricorynus,Hentzia palmarum,0.005,0.006
Trischidias atoma,Hentzia palmarum,0.0025,0.006
Trochopus plumbeus,Hentzia palmarum,0.008,0.006
Uloborus,Hentzia palmarum,0.005,0.006
Aedes taeniorhynchus,Mangora,0.0035,0.006
Rhizophora mangle,Psallus conspurcatus,0.057932236,0.006
Rhyscotus,Hentzia palmarum,0.001,0.006
Labidura riparia,Hentzia palmarum,0.0215,0.006
Liothrips,Hentzia palmarum,0.001874225,0.006
Crematogaster ashmeadi,Hentzia palmarum,0.001558448,0.006
Liposcelis bostrychophilus,Hentzia palmarum,0.00325,0.006
Psocidus texanus,Hentzia palmarum,0.00325,0.006
Ecphylus,Hentzia palmarum,0.001671743,0.006
Ornitnonyssus bursa,Hentzia palmarum,3.77e-09,0.006
Peripsocus,Hentzia palmarum,0.00325,0.006
Bdella,Hentzia palmarum,8.52e-06,0.006
Asca,Hentzia palmarum,5.3e-07,0.006
Detritus,Hentzia palmarum,-999,0.006
Lophoproctinus bartachi,Hentzia palmarum,0.0035,0.006
Oiketicus abbottii,Anyphaena,0.071247903,0.006
Ligia exotica,Hentzia palmarum,1.348779475,0.006
Metapelma schwarzi,Hentzia palmarum,0.002300114,0.006
Haplothrips flavipes,Hentzia palmarum,0.002532042,0.006
Cecidomyidae,Hentzia palmarum,0.003,0.006
Aleurothrixus,Anyphaena,0.0025,0.006
Carpoglyphus lactis,Hentzia palmarum,1.09e-06,0.006
Camponotus tortuganus,Hentzia palmarum,0.013570258,0.006
Theridion,Anyphaena,0.0023,0.006
Diradius caribbeana,Hentzia palmarum,0.0055,0.006
Meioneta,Anyphaena,0.00175,0.006
Rhizophora mangle,Mangora,0.057932236,0.006
Cycloptilum,Hentzia palmarum,0.018459537,0.006
Rhizophora mangle,Oliarus,0.057932236,0.0065
Blissus insularis,Oliarus,0.004,0.0065
Blissus insularis,Styloleptus biustus,0.004,0.0065
Agelaius phoeniceus,Styloleptus biustus,54.5,0.0065
Eriophora,Styloleptus biustus,0.014,0.0065
Detritus,Styloleptus biustus,-999,0.0065
Brachymyrmex,Aysha velox,0.000398141,0.0065
Camponotus floridanus,Aysha velox,0.013570258,0.0065
Crematogaster ashmeadi,Aysha velox,0.001558448,0.0065
Paratrechina bourbonica,Aysha velox,0.00114621,0.0065
Pseudomyrmex elongatus,Aysha velox,0.016248394,0.0065
Probaryconus,Aysha velox,0.000921608,0.0065
Blissus insularis,Aysha velox,0.004,0.0065
Oliarus,Aysha velox,0.0065,0.0065
Chrysomelidae,Aysha velox,0.0105,0.0065
Syrphidae,Aysha velox,0.015,0.0065
Staphylinidae,Aysha velox,0.0476,0.0065
Pyraustidae,Aysha velox,0.027,0.0065
Melipotis,Aysha velox,0.40131981,0.0065
Misumenops,Aysha velox,0.004,0.0065
Syrphidae,Gnaphosa,0.015,0.0066
Theridion,Neotermes castaneus,0.0023,0.006623951
Meioneta,Neotermes castaneus,0.00175,0.006623951
Micronaspis floridana,Neotermes castaneus,0.0125,0.006623951
Syrphidae,Neotermes castaneus,0.015,0.006623951
Acanalonia latifrons,Pirata,0.011,0.00665
Aedes taeniorhynchus,Pirata,0.0035,0.00665
Aleurothrixus,Pirata,0.0025,0.00665
Anyphaena,Pirata,0.006,0.00665
Argiope argentata,Pirata,0.00459071,0.00665
Argyrodes nephilae,Pirata,0.0077,0.00665
Ariadna arthuri,Pirata,0.01,0.00665
Arunta interclusa,Pirata,0.787365181,0.00665
Aysha velox,Pirata,0.0065,0.00665
Ballus,Pirata,0.004,0.00665
Blissus insularis,Pirata,0.004,0.00665
Brachymyrmex,Pirata,0.000398141,0.00665
Camponotus floridanus,Pirata,0.013570258,0.00665
Camponotus planatus,Pirata,0.003869709,0.00665
Camponotus tortuganus,Pirata,0.013570258,0.00665
Carthasis decoratus,Pirata,0.009,0.00665
Ceroplastes,Pirata,0.005,0.00665
Colobopsis,Pirata,0.003869709,0.00665
Crematogaster ashmeadi,Pirata,0.001558448,0.00665
Cycloptilum,Pirata,0.018459537,0.00665
Cyrtoxipha,Pirata,0.018459537,0.00665
Dictyna,Pirata,0.00325,0.00665
Dolomedes,Pirata,0.03,0.00665
Dufouriellus afer,Pirata,0.0035,0.00665
Eriophora,Pirata,0.014,0.00665
Eustala,Pirata,0.008,0.00665
Flatoidinus punctatus,Pirata,0.0115,0.00665
Gasteracantha ellipsoides,Pirata,0.007,0.00665
Gnaphosa,Pirata,0.0066,0.00665
Hentzia palmarum,Pirata,0.006,0.00665
Hypoponera opacior,Pirata,0.00114621,0.00665
Latiblattella,Pirata,0.057932236,0.00665
Leucauge venusta,Pirata,0.00675,0.00665
Lynchia albipennis,Pirata,0.0055,0.00665
Maevia vittata,Pirata,0.007,0.00665
Mangora,Pirata,0.006,0.00665
Meioneta,Pirata,0.00175,0.00665
Membracidae,Pirata,0.0085,0.00665
Metacyrba undata,Pirata,0.0115,0.00665
Metatropiphorus belfragei,Pirata,0.009,0.00665
Metepeira labyrinthea,Pirata,0.012,0.00665
Misumenops,Pirata,0.004,0.00665
Monomorium floricola,Pirata,0.000455048,0.00665
Nephila clavipes,Pirata,0.032,0.00665
Oebalus pugnax,Pirata,0.009,0.00665
Orius,Pirata,0.0035,0.00665
Orocharis gryllodes,Pirata,0.083718572,0.00665
Paracryptocerus varians,Pirata,0.00744984,0.00665
Paraleyrodes,Pirata,0.0025,0.00665
Paraphidippus flavus,Pirata,0.008,0.00665
Paratrechina bourbonica,Pirata,0.00114621,0.00665
Pentacora sphacelata,Pirata,0.032069663,0.00665
Psallus conspurcatus,Pirata,0.006,0.00665
Pseudococcus,Pirata,-999,0.00665
Scaphytopius,Pirata,0.0075,0.00665
Scytodes,Pirata,4.75,0.00665
Sergiolus,Pirata,0.0039,0.00665
Stoidis aurata,Pirata,0.009,0.00665
Syrphidae,Pirata,0.015,0.00665
Tafaliscu lurida,Pirata,0.083718572,0.00665
Tapinoma littorale,Pirata,0.000398141,0.00665
Tetragnatha,Pirata,0.01,0.00665
Tetraluerodes,Pirata,0.0025,0.00665
Theridion,Pirata,0.0023,0.00665
Trochopus plumbeus,Pirata,0.008,0.00665
Uloborus,Pirata,0.005,0.00665
Xenomyrmex floridanus,Pirata,0.000760079,0.00665
Trogiomorpha,Pirata,0.00325,0.00665
Melanophthalma floridana,Pirata,0.002,0.00665
Tetranychus,Pirata,0.000415,0.00665
Automeris io,Pirata,2.636851999,0.00665
Embidopsocus laticeps,Pirata,0.00325,0.00665
Aratus pisonii,Pirata,0.311301534,0.00665
Oxacis,Pirata,0.007,0.00665
Axelsonia littoralis,Pirata,0.00074676,0.00665
Pseudothrips inequalis,Pirata,0.001874225,0.00665
Orgygia detrita,Pirata,0.313497562,0.00665
Lichenomima,Pirata,0.00325,0.00665
Asca,Pirata,5.3e-07,0.00665
Chrysobothris,Pirata,0.0136,0.00665
Natrix,Pirata,100,0.00665
Saproglyphidae,Pirata,0.008,0.00665
Scydmaenidae,Pirata,0.003,0.00665
Pyraustidae,Pirata,0.027,0.00665
Tyrophagus putrescentiae,Pirata,1.17e-06,0.00665
Lapisma sp.,Pirata,0.057932236,0.00665
Galumna,Pirata,0.0017,0.00665
Alarodia slossoniae,Leucauge venusta,0.055875412,0.00675
Apocrita,Leucauge venusta,0.826845887,0.00675
Automeris io,Leucauge venusta,2.636851999,0.00675
Cecidomyidae,Leucauge venusta,0.003,0.00675
Orgygia detrita,Leucauge venusta,0.313497562,0.00675
Oxydia,Leucauge venusta,0.262111693,0.00675
Phocides batabano,Leucauge venusta,1.36330884,0.00675
Pyraustidae,Leucauge venusta,0.027,0.00675
Anurida maritima,Leucauge venusta,0.00065,0.00675
Flatoidinus punctatus,Leucauge venusta,0.0115,0.00675
Crematogaster ashmeadi,Leucauge venusta,0.001558448,0.00675
Dictyna,Leucauge venusta,0.00325,0.00675
Blissus insularis,Leucauge venusta,0.004,0.00675
Phalacrocorax dilophus,Leucauge venusta,2568.732374,0.00675
Detritus,Leucauge venusta,-999,0.00675
Rhizophora mangle,Copidita suturalis,0.057932236,0.007
Bema ydda,Gasteracantha ellipsoides,0.205558315,0.007
Phoebis agarithe,Gasteracantha ellipsoides,5.536546454,0.007
Acanalonia latifrons,Maevia vittata,0.011,0.007
Actenodes auronotata,Maevia vittata,0.0115,0.007
Actinopteryx fucicola,Maevia vittata,0.000866,0.007
Aedes taeniorhynchus,Maevia vittata,0.0035,0.007
Alarodia slossoniae,Maevia vittata,0.055875412,0.007
Aleurothrixus,Maevia vittata,0.0025,0.007
Anisomeristes,Maevia vittata,3.62e-05,0.007
Anyphaena,Maevia vittata,0.006,0.007
Argiope argentata,Maevia vittata,0.00459071,0.007
Argyrodes nephilae,Maevia vittata,0.0077,0.007
Ariadna arthuri,Maevia vittata,0.01,0.007
Arunta interclusa,Maevia vittata,0.787365181,0.007
Ascia monuste,Maevia vittata,6.828348317,0.007
Ataxia,Maevia vittata,0.023,0.007
Automeris io,Maevia vittata,2.636851999,0.007
Aysha velox,Maevia vittata,0.0065,0.007
Bembidion contractum,Maevia vittata,0.0051,0.007
Blissus insularis,Maevia vittata,0.004,0.007
Carthasis decoratus,Maevia vittata,0.009,0.007
Ceroplastes,Maevia vittata,0.005,0.007
Chauliognathus marginatus,Maevia vittata,0.0095,0.007
Chrysomelidae,Maevia vittata,0.0105,0.007
Cryptorhynchus minutissimus,Maevia vittata,0.00075,0.007
Cucujidae,Maevia vittata,0.0155,0.007
Dictyna,Maevia vittata,0.00325,0.007
Dolomedes,Maevia vittata,0.03,0.007
Dufouriellus afer,Maevia vittata,0.0035,0.007
Ecdytolopha,Maevia vittata,0.148376753,0.007
Eustala,Maevia vittata,0.008,0.007
Flatoidinus punctatus,Maevia vittata,0.0115,0.007
Gasteracantha ellipsoides,Maevia vittata,0.007,0.007
Gnaphosa,Maevia vittata,0.0066,0.007
Hentzia palmarum,Maevia vittata,0.006,0.007
Holoparamecus,Maevia vittata,2,0.007
Leptostylus,Maevia vittata,0.01,0.007
Leucauge venusta,Maevia vittata,0.00675,0.007
Lynchia albipennis,Maevia vittata,0.0055,0.007
Mangora,Maevia vittata,0.006,0.007
Meioneta,Maevia vittata,0.00175,0.007
Melanophthalma floridana,Maevia vittata,0.002,0.007
Melipotis,Maevia vittata,0.40131981,0.007
Membracidae,Maevia vittata,0.0085,0.007
Metacyrba undata,Maevia vittata,0.0115,0.007
Metatropiphorus belfragei,Maevia vittata,0.009,0.007
Metepeira labyrinthea,Maevia vittata,0.012,0.007
Nemapogon,Maevia vittata,0.025336077,0.007
Nephila clavipes,Maevia vittata,0.032,0.007
Neurotmeta breviceps,Maevia vittata,0.008,0.007
Oiketicus abbottii,Maevia vittata,0.071247903,0.007
Olfersia sordida,Maevia vittata,0.0055,0.007
Oliarus,Maevia vittata,0.0065,0.007
Orius,Maevia vittata,0.0035,0.007
Oxacis,Maevia vittata,0.007,0.007
Oxycopis,Maevia vittata,0.007,0.007
Oxydia,Maevia vittata,0.262111693,0.007
Paraleyrodes,Maevia vittata,0.0025,0.007
Paraphidippus flavus,Maevia vittata,0.008,0.007
Pentacora sphacelata,Maevia vittata,0.032069663,0.007
Phocides batabano,Maevia vittata,1.36330884,0.007
Phoebis agarithe,Maevia vittata,5.536546454,0.007
Pirata,Maevia vittata,0.00665,0.007
Poecilipa rhizophorae,Maevia vittata,0.000875,0.007
Psallus conspurcatus,Maevia vittata,0.006,0.007
Pseudoacalles,Maevia vittata,0.00423,0.007
Pseudococcus,Maevia vittata,-999,0.007
Psocidus texanus,Maevia vittata,0.00325,0.007
Pyraustidae,Maevia vittata,0.027,0.007
Scaphytopius,Maevia vittata,0.0075,0.007
Scydmaenidae,Maevia vittata,0.003,0.007
Scytodes,Maevia vittata,4.75,0.007
Sergiolus,Maevia vittata,0.0039,0.007
Staphylinidae,Maevia vittata,0.0476,0.007
Stoidis aurata,Maevia vittata,0.009,0.007
Styloleptus biustus,Maevia vittata,0.0065,0.007
Syrphidae,Maevia vittata,0.015,0.007
Tetragnatha,Maevia vittata,0.01,0.007
Tetraluerodes,Maevia vittata,0.0025,0.007
Tholeria reversalis,Maevia vittata,0.578053133,0.007
Tricorynus,Maevia vittata,0.005,0.007
Trischidias atoma,Maevia vittata,0.0025,0.007
Trochopus plumbeus,Maevia vittata,0.008,0.007
Uloborus,Maevia vittata,0.005,0.007
Vacusus vicinus,Maevia vittata,0.007,0.007
Rhizophora mangle,Oxacis,0.057932236,0.007
Rhizophora mangle,Oxycopis,0.057932236,0.007
Rhizophora mangle,Vacusus vicinus,0.057932236,0.007
Staphylinidae,Oxycopis,0.0476,0.007
Turpilia rostrata,Maevia vittata,0.388073661,0.007
Arctoseius,Maevia vittata,5.3e-07,0.007
Proctolaelaps,Maevia vittata,3.59e-06,0.007
Tapinoma littorale,Maevia vittata,0.000398141,0.007
Diradius caribbeana,Maevia vittata,0.0055,0.007
Entedontini,Maevia vittata,0.000722205,0.007
Phoebis agarithe,Sapintus fulvipes,5.536546454,0.007
Peripsocus,Maevia vittata,0.00325,0.007
Paracryptocerus varians,Maevia vittata,0.00744984,0.007
Galumna,Maevia vittata,0.0017,0.007
Detritus,Maevia vittata,-999,0.007
Kalotermes jouteli,Maevia vittata,0.008284363,0.007
Monomorium floricola,Maevia vittata,0.000455048,0.007
Ligia exotica,Maevia vittata,1.348779475,0.007
Pseudomyrmex elongatus,Maevia vittata,0.016248394,0.007
Syrphidae,Vacusus vicinus,0.015,0.007
Probaryconus,Maevia vittata,0.000921608,0.007
Syrphidae,Gasteracantha ellipsoides,0.015,0.007
Sphaerolophus,Maevia vittata,6.37e-05,0.007
Phoebis agarithe,Copidita suturalis,5.536546454,0.007
Rhizophora mangle,Paracryptocerus varians,0.057932236,0.00744984
Rhizophora mangle,Scaphytopius,0.057932236,0.0075
Acanalonia latifrons,Argyrodes nephilae,0.011,0.0077
Actenodes auronotata,Argyrodes nephilae,0.0115,0.0077
Actinopteryx fucicola,Argyrodes nephilae,0.000866,0.0077
Aedes taeniorhynchus,Argyrodes nephilae,0.0035,0.0077
Aglaopteryx,Argyrodes nephilae,0.054003595,0.0077
Anisomeristes,Argyrodes nephilae,3.62e-05,0.0077
Apidae,Argyrodes nephilae,0.001671743,0.0077
Apocrita,Argyrodes nephilae,0.826845887,0.0077
Arunta interclusa,Argyrodes nephilae,0.787365181,0.0077
Ataxia,Argyrodes nephilae,0.023,0.0077
Blissus insularis,Argyrodes nephilae,0.004,0.0077
Brachymeria psyche,Argyrodes nephilae,0.008284363,0.0077
Brachymyrmex,Argyrodes nephilae,0.000398141,0.0077
Calliephialtes ferrugineus,Argyrodes nephilae,0.098554409,0.0077
Callihormius bifasciatus,Argyrodes nephilae,0.001671743,0.0077
Camponotus floridanus,Argyrodes nephilae,0.013570258,0.0077
Camponotus planatus,Argyrodes nephilae,0.003869709,0.0077
Camponotus tortuganus,Argyrodes nephilae,0.013570258,0.0077
Casinaria texana,Argyrodes nephilae,0.098554409,0.0077
Cecidomyidae,Argyrodes nephilae,0.003,0.0077
Ceroplastes,Argyrodes nephilae,0.005,0.0077
Chauliognathus marginatus,Argyrodes nephilae,0.0095,0.0077
Chrysobothris,Argyrodes nephilae,0.0136,0.0077
Chrysomelidae,Argyrodes nephilae,0.0105,0.0077
Colobopsis,Argyrodes nephilae,0.003869709,0.0077
Copidita suturalis,Argyrodes nephilae,0.007,0.0077
Crematogaster ashmeadi,Argyrodes nephilae,0.001558448,0.0077
Cryptorama minutum,Argyrodes nephilae,0.005,0.0077
Cryptorhynchus minutissimus,Argyrodes nephilae,0.00075,0.0077
Cucujidae,Argyrodes nephilae,0.0155,0.0077
Cycloptilum,Argyrodes nephilae,0.018459537,0.0077
Cyrtoxipha,Argyrodes nephilae,0.018459537,0.0077
Ecphylus,Argyrodes nephilae,0.001671743,0.0077
Entedontini,Argyrodes nephilae,0.000722205,0.0077
Euchrysia,Argyrodes nephilae,0.003869709,0.0077
Euderus,Argyrodes nephilae,0.000722205,0.0077
Flatoidinus punctatus,Argyrodes nephilae,0.0115,0.0077
Heterospilus,Argyrodes nephilae,0.001671743,0.0077
Holoparamecus,Argyrodes nephilae,2,0.0077
Hypoponera opacior,Argyrodes nephilae,0.00114621,0.0077
Iphiaulax epicus,Argyrodes nephilae,0.001671743,0.0077
Latiblattella,Argyrodes nephilae,0.057932236,0.0077
Leptostylus,Argyrodes nephilae,0.01,0.0077
Lynchia albipennis,Argyrodes nephilae,0.0055,0.0077
Melanophthalma floridana,Argyrodes nephilae,0.002,0.0077
Melittobia chalybii,Argyrodes nephilae,0.000722205,0.0077
Membracidae,Argyrodes nephilae,0.0085,0.0077
Metapelma schwarzi,Argyrodes nephilae,0.002300114,0.0077
Micronaspis floridana,Argyrodes nephilae,0.0125,0.0077
Monomorium floricola,Argyrodes nephilae,0.000455048,0.0077
Neanastatus,Argyrodes nephilae,0.002300114,0.0077
Nesepyris floridanus,Argyrodes nephilae,0.002300114,0.0077
Neurotmeta breviceps,Argyrodes nephilae,0.008,0.0077
Olfersia sordida,Argyrodes nephilae,0.0055,0.0077
Oliarus,Argyrodes nephilae,0.0065,0.0077
Ooencyrtus submetallicus,Argyrodes nephilae,0.000398141,0.0077
Orocharis gryllodes,Argyrodes nephilae,0.083718572,0.0077
Oxacis,Argyrodes nephilae,0.007,0.0077
Oxycopis,Argyrodes nephilae,0.007,0.0077
Pachodynerus nasidens,Argyrodes nephilae,0.053463429,0.0077
Paratrechina bourbonica,Argyrodes nephilae,0.00114621,0.0077
Polistes,Argyrodes nephilae,0.016248394,0.0077
Probaryconus,Argyrodes nephilae,0.000921608,0.0077
Pseudoacalles,Argyrodes nephilae,0.00423,0.0077
Pseudococcus,Argyrodes nephilae,-999,0.0077
Sapintus fulvipes,Argyrodes nephilae,0.007,0.0077
Scaphytopius,Argyrodes nephilae,0.0075,0.0077
Scleroderma macrogaster,Argyrodes nephilae,0.002300114,0.0077
Scydmaenidae,Argyrodes nephilae,0.003,0.0077
Staphylinidae,Argyrodes nephilae,0.0476,0.0077
Styloleptus biustus,Argyrodes nephilae,0.0065,0.0077
Tachys occulator,Argyrodes nephilae,0.0035,0.0077
Tafaliscu lurida,Argyrodes nephilae,0.083718572,0.0077
Tapinoma littorale,Argyrodes nephilae,0.000398141,0.0077
Telonemus,Argyrodes nephilae,0.000921608,0.0077
Tricorynus,Argyrodes nephilae,0.005,0.0077
Trypoxylon collinum,Argyrodes nephilae,0.040552112,0.0077
Turpilia rostrata,Argyrodes nephilae,0.388073661,0.0077
Urolepis rufipes,Argyrodes nephilae,0.003869709,0.0077
Vacusus vicinus,Argyrodes nephilae,0.007,0.0077
Xenomyrmex floridanus,Argyrodes nephilae,0.000760079,0.0077
Nephila clavipes,Argyrodes nephilae,0.032,0.0077
Argas radiatus,Argyrodes nephilae,0.002585816,0.0077
Archipsocus panama,Argyrodes nephilae,0.00325,0.0077
Rhyscotus,Argyrodes nephilae,0.001,0.0077
Amblyseius,Argyrodes nephilae,0.0004,0.0077
Butorides virescens,Argyrodes nephilae,240,0.0077
Ballus,Argyrodes nephilae,0.004,0.0077
Oebalus pugnax,Argyrodes nephilae,0.009,0.0077
Lophoproctinus bartachi,Argyrodes nephilae,0.0035,0.0077
Meioneta,Argyrodes nephilae,0.00175,0.0077
Automeris io,Argyrodes nephilae,2.636851999,0.0077
Dictyna,Argyrodes nephilae,0.00325,0.0077
Peripsocus,Argyrodes nephilae,0.00325,0.0077
Pyraustidae,Argyrodes nephilae,0.027,0.0077
Gnaphosa,Argyrodes nephilae,0.0066,0.0077
Scheloribates,Argyrodes nephilae,0.000282,0.0077
Eupodes,Argyrodes nephilae,6.37e-05,0.0077
Tetragnatha,Argyrodes nephilae,0.01,0.0077
Nemapogon,Eustala,0.025336077,0.008
Phoebis agarithe,Eustala,5.536546454,0.008
Rhizophora mangle,Neurotmeta breviceps,0.057932236,0.008
Acanalonia latifrons,Paraphidippus flavus,0.011,0.008
Actenodes auronotata,Paraphidippus flavus,0.0115,0.008
Actinopteryx fucicola,Paraphidippus flavus,0.000866,0.008
Alarodia slossoniae,Paraphidippus flavus,0.055875412,0.008
Aleurothrixus,Paraphidippus flavus,0.0025,0.008
Anisomeristes,Paraphidippus flavus,3.62e-05,0.008
Anyphaena,Paraphidippus flavus,0.006,0.008
Argiope argentata,Paraphidippus flavus,0.00459071,0.008
Argyrodes nephilae,Paraphidippus flavus,0.0077,0.008
Ariadna arthuri,Paraphidippus flavus,0.01,0.008
Ataxia,Paraphidippus flavus,0.023,0.008
Automeris io,Paraphidippus flavus,2.636851999,0.008
Aysha velox,Paraphidippus flavus,0.0065,0.008
Ballus,Paraphidippus flavus,0.004,0.008
Bema ydda,Paraphidippus flavus,0.205558315,0.008
Bembidion contractum,Paraphidippus flavus,0.0051,0.008
Blissus insularis,Paraphidippus flavus,0.004,0.008
Carthasis decoratus,Paraphidippus flavus,0.009,0.008
Cecidomyidae,Paraphidippus flavus,0.003,0.008
Ceroplastes,Paraphidippus flavus,0.005,0.008
Chauliognathus marginatus,Paraphidippus flavus,0.0095,0.008
Chrysobothris,Paraphidippus flavus,0.0136,0.008
Chrysomelidae,Paraphidippus flavus,0.0105,0.008
Copidita suturalis,Paraphidippus flavus,0.007,0.008
Cryptorama minutum,Paraphidippus flavus,0.005,0.008
Cryptorhynchus minutissimus,Paraphidippus flavus,0.00075,0.008
Cucujidae,Paraphidippus flavus,0.0155,0.008
Dictyna,Paraphidippus flavus,0.00325,0.008
Dolomedes,Paraphidippus flavus,0.03,0.008
Dufouriellus afer,Paraphidippus flavus,0.0035,0.008
Ecdytolopha,Paraphidippus flavus,0.148376753,0.008
Eriophora,Paraphidippus flavus,0.014,0.008
Eustala,Paraphidippus flavus,0.008,0.008
Flatoidinus punctatus,Paraphidippus flavus,0.0115,0.008
Gasteracantha ellipsoides,Paraphidippus flavus,0.007,0.008
Gnaphosa,Paraphidippus flavus,0.0066,0.008
Hentzia palmarum,Paraphidippus flavus,0.006,0.008
Holoparamecus,Paraphidippus flavus,2,0.008
Leptostylus,Paraphidippus flavus,0.01,0.008
Leucauge venusta,Paraphidippus flavus,0.00675,0.008
Lynchia albipennis,Paraphidippus flavus,0.0055,0.008
Maevia vittata,Paraphidippus flavus,0.007,0.008
Mangora,Paraphidippus flavus,0.006,0.008
Melanophthalma floridana,Paraphidippus flavus,0.002,0.008
Melipotis,Paraphidippus flavus,0.40131981,0.008
Membracidae,Paraphidippus flavus,0.0085,0.008
Metatropiphorus belfragei,Paraphidippus flavus,0.009,0.008
Metepeira labyrinthea,Paraphidippus flavus,0.012,0.008
Micronaspis floridana,Paraphidippus flavus,0.0125,0.008
Misumenops,Paraphidippus flavus,0.004,0.008
Nemapogon,Paraphidippus flavus,0.025336077,0.008
Nephila clavipes,Paraphidippus flavus,0.032,0.008
Neurotmeta breviceps,Paraphidippus flavus,0.008,0.008
Oebalus pugnax,Paraphidippus flavus,0.009,0.008
Oiketicus abbottii,Paraphidippus flavus,0.071247903,0.008
Olfersia sordida,Paraphidippus flavus,0.0055,0.008
Oliarus,Paraphidippus flavus,0.0065,0.008
Orius,Paraphidippus flavus,0.0035,0.008
Oxacis,Paraphidippus flavus,0.007,0.008
Oxycopis,Paraphidippus flavus,0.007,0.008
Oxydia,Paraphidippus flavus,0.262111693,0.008
Paraleyrodes,Paraphidippus flavus,0.0025,0.008
Pentacora sphacelata,Paraphidippus flavus,0.032069663,0.008
Phocides batabano,Paraphidippus flavus,1.36330884,0.008
Phoebis agarithe,Paraphidippus flavus,5.536546454,0.008
Pirata,Paraphidippus flavus,0.00665,0.008
Poecilipa rhizophorae,Paraphidippus flavus,0.000875,0.008
Psallus conspurcatus,Paraphidippus flavus,0.006,0.008
Pseudoacalles,Paraphidippus flavus,0.00423,0.008
Pseudococcus,Paraphidippus flavus,-999,0.008
Pyraustidae,Paraphidippus flavus,0.027,0.008
Sapintus fulvipes,Paraphidippus flavus,0.007,0.008
Scaphytopius,Paraphidippus flavus,0.0075,0.008
Scydmaenidae,Paraphidippus flavus,0.003,0.008
Scytodes,Paraphidippus flavus,4.75,0.008
Sergiolus,Paraphidippus flavus,0.0039,0.008
Staphylinidae,Paraphidippus flavus,0.0476,0.008
Styloleptus biustus,Paraphidippus flavus,0.0065,0.008
Syrphidae,Paraphidippus flavus,0.015,0.008
Tachys occulator,Paraphidippus flavus,0.0035,0.008
Tetraluerodes,Paraphidippus flavus,0.0025,0.008
Theridion,Paraphidippus flavus,0.0023,0.008
Tholeria reversalis,Paraphidippus flavus,0.578053133,0.008
Tricorynus,Paraphidippus flavus,0.005,0.008
Trischidias atoma,Paraphidippus flavus,0.0025,0.008
Trochopus plumbeus,Paraphidippus flavus,0.008,0.008
Uloborus,Paraphidippus flavus,0.005,0.008
Vacusus vicinus,Paraphidippus flavus,0.007,0.008
Aedes taeniorhynchus,Trochopus plumbeus,0.0035,0.008
Staphylinidae,Trochopus plumbeus,0.0476,0.008
Veigaia,Trochopus plumbeus,0.000795,0.008
Hypoponera opacior,Paraphidippus flavus,0.00114621,0.008
Ectopsocopsis cryptomeriae,Paraphidippus flavus,0.00325,0.008
Axelsonia littoralis,Eustala,0.00074676,0.008
Scleroderma macrogaster,Paraphidippus flavus,0.002300114,0.008
Camponotus tortuganus,Paraphidippus flavus,0.013570258,0.008
Lichenomima,Paraphidippus flavus,0.00325,0.008
Lophoproctinus bartachi,Paraphidippus flavus,0.0035,0.008
Ceroplastes,Neurotmeta breviceps,0.005,0.008
Micronaspis floridana,Eustala,0.0125,0.008
Fungi,Eustala,4.46244769,0.008
Haplothrips flavipes,Paraphidippus flavus,0.002532042,0.008
Xenomyrmex floridanus,Paraphidippus flavus,0.000760079,0.008
Apanteles hemileucae,Eustala,0.001671743,0.008
Crematogaster ashmeadi,Paraphidippus flavus,0.001558448,0.008
Agelaius phoeniceus,Trochopus plumbeus,54.5,0.008
Callihormius bifasciatus,Paraphidippus flavus,0.001671743,0.008
Psocidus texanus,Paraphidippus flavus,0.00325,0.008
Urolepis rufipes,Paraphidippus flavus,0.003869709,0.008
Pseudomyrmex elongatus,Trochopus plumbeus,0.016248394,0.008
Carpoglyphus lactis,Paraphidippus flavus,1.09e-06,0.008
Axelsonia littoralis,Paraphidippus flavus,0.00074676,0.008
Pauropoda,Paraphidippus flavus,0.001387308,0.008
Lachesilla,Paraphidippus flavus,0.00325,0.008
Phocides batabano,Trochopus plumbeus,1.36330884,0.008
Actenodes auronotata,Brachymeria psyche,0.0115,0.008284363
Actinopteryx fucicola,Brachymeria psyche,0.000866,0.008284363
Aedes taeniorhynchus,Brachymeria psyche,0.0035,0.008284363
Alarodia slossoniae,Brachymeria psyche,0.055875412,0.008284363
Anisomeristes,Brachymeria psyche,3.62e-05,0.008284363
Ascia monuste,Brachymeria psyche,6.828348317,0.008284363
Ataxia,Brachymeria psyche,0.023,0.008284363
Automeris io,Brachymeria psyche,2.636851999,0.008284363
Bema ydda,Brachymeria psyche,0.205558315,0.008284363
Bembidion contractum,Brachymeria psyche,0.0051,0.008284363
Cecidomyidae,Brachymeria psyche,0.003,0.008284363
Chauliognathus marginatus,Brachymeria psyche,0.0095,0.008284363
Chrysobothris,Brachymeria psyche,0.0136,0.008284363
Chrysomelidae,Brachymeria psyche,0.0105,0.008284363
Copidita suturalis,Brachymeria psyche,0.007,0.008284363
Cryptorama minutum,Brachymeria psyche,0.005,0.008284363
Cryptorhynchus minutissimus,Brachymeria psyche,0.00075,0.008284363
Cucujidae,Brachymeria psyche,0.0155,0.008284363
Leptostylus,Brachymeria psyche,0.01,0.008284363
Lynchia albipennis,Brachymeria psyche,0.0055,0.008284363
Melanophthalma floridana,Brachymeria psyche,0.002,0.008284363
Melipotis,Brachymeria psyche,0.40131981,0.008284363
Micronaspis floridana,Brachymeria psyche,0.0125,0.008284363
Nemapogon,Brachymeria psyche,0.025336077,0.008284363
Oiketicus abbottii,Brachymeria psyche,0.071247903,0.008284363
Olfersia sordida,Brachymeria psyche,0.0055,0.008284363
Orgygia detrita,Brachymeria psyche,0.313497562,0.008284363
Oxacis,Brachymeria psyche,0.007,0.008284363
Oxycopis,Brachymeria psyche,0.007,0.008284363
Oxydia,Brachymeria psyche,0.262111693,0.008284363
Phocides batabano,Brachymeria psyche,1.36330884,0.008284363
Poecilipa rhizophorae,Brachymeria psyche,0.000875,0.008284363
Sapintus fulvipes,Brachymeria psyche,0.007,0.008284363
Scydmaenidae,Brachymeria psyche,0.003,0.008284363
Staphylinidae,Brachymeria psyche,0.0476,0.008284363
Styloleptus biustus,Brachymeria psyche,0.0065,0.008284363
Tachys occulator,Brachymeria psyche,0.0035,0.008284363
Tholeria reversalis,Brachymeria psyche,0.578053133,0.008284363
Trischidias atoma,Brachymeria psyche,0.0025,0.008284363
Vacusus vicinus,Brachymeria psyche,0.007,0.008284363
Rhizophora mangle,Kalotermes jouteli,0.057932236,0.008284363
Chrysopa,Brachymeria psyche,0.017427594,0.008284363
Psocidus texanus,Brachymeria psyche,0.00325,0.008284363
Melichares,Brachymeria psyche,3.59e-06,0.008284363
Tyrannochelifer,Brachymeria psyche,0.00255,0.008284363
Hentzia palmarum,Brachymeria psyche,0.006,0.008284363
Belaphotroctes okalensis,Brachymeria psyche,0.00325,0.008284363
Scytodes,Brachymeria psyche,4.75,0.008284363
Maevia vittata,Brachymeria psyche,0.007,0.008284363
Pellonyssus,Brachymeria psyche,2.71e-06,0.008284363
Paraphidippus flavus,Brachymeria psyche,0.008,0.008284363
Paraleyrodes,Brachymeria psyche,0.0025,0.008284363
Leucauge venusta,Brachymeria psyche,0.00675,0.008284363
Rhizophora mangle,Brachymeria psyche,0.057932236,0.008284363
Neurothrips magnafemoraus,Brachymeria psyche,0.001874225,0.008284363
Cheyletia wellsi,Brachymeria psyche,4.83e-07,0.008284363
Eustala,Brachymeria psyche,0.008,0.008284363
Eupodes,Brachymeria psyche,6.37e-05,0.008284363
Rhizoglyphus callae,Brachymeria psyche,5.5e-06,0.008284363
Neanastatus,Brachymeria psyche,0.002300114,0.008284363
Phoebis agarithe,Kalotermes jouteli,5.536546454,0.008284363
Cycloptilum,Brachymeria psyche,0.018459537,0.008284363
Littorina angulifera,Brachymeria psyche,0.588325869,0.008284363
Cyrtoxipha,Brachymeria psyche,0.018459537,0.008284363
Probaryconus,Brachymeria psyche,0.000921608,0.008284363
Rhizophora mangle,Membracidae,0.057932236,0.0085
Phoebis agarithe,Membracidae,5.536546454,0.0085
Tetragnatha,Membracidae,0.01,0.0085
Alarodia slossoniae,Carthasis decoratus,0.055875412,0.009
Arctoseius,Carthasis decoratus,5.3e-07,0.009
Bema ydda,Carthasis decoratus,0.205558315,0.009
Blissus insularis,Carthasis decoratus,0.004,0.009
Carpoglyphus lactis,Carthasis decoratus,1.09e-06,0.009
Entonyssus,Carthasis decoratus,0.021508161,0.009
Galumna,Carthasis decoratus,0.0017,0.009
Proctolaelaps,Carthasis decoratus,3.59e-06,0.009
Rhizoglyphus callae,Carthasis decoratus,5.5e-06,0.009
Tetranychus,Carthasis decoratus,0.000415,0.009
Alarodia slossoniae,Metatropiphorus belfragei,0.055875412,0.009
Amblyseius,Metatropiphorus belfragei,0.0004,0.009
Arctoseius,Metatropiphorus belfragei,5.3e-07,0.009
Argas radiatus,Metatropiphorus belfragei,0.002585816,0.009
Asca,Metatropiphorus belfragei,5.3e-07,0.009
Automeris io,Metatropiphorus belfragei,2.636851999,0.009
Bema ydda,Metatropiphorus belfragei,0.205558315,0.009
Blissus insularis,Metatropiphorus belfragei,0.004,0.009
Carpoglyphus lactis,Metatropiphorus belfragei,1.09e-06,0.009
Cheyletia wellsi,Metatropiphorus belfragei,4.83e-07,0.009
Eupodes,Metatropiphorus belfragei,6.37e-05,0.009
Galumna,Metatropiphorus belfragei,0.0017,0.009
Lasioseius sp.,Metatropiphorus belfragei,3.59e-06,0.009
Melichares,Metatropiphorus belfragei,3.59e-06,0.009
Melipotis,Metatropiphorus belfragei,0.40131981,0.009
Nemapogon,Metatropiphorus belfragei,0.025336077,0.009
Neurothrips magnafemoraus,Metatropiphorus belfragei,0.001874225,0.009
Oiketicus abbottii,Metatropiphorus belfragei,0.071247903,0.009
Orgygia detrita,Metatropiphorus belfragei,0.313497562,0.009
Ornitnonyssus bursa,Metatropiphorus belfragei,3.77e-09,0.009
Oxydia,Metatropiphorus belfragei,0.262111693,0.009
Pellonyssus,Metatropiphorus belfragei,2.71e-06,0.009
Phocides batabano,Metatropiphorus belfragei,1.36330884,0.009
Phoebis agarithe,Metatropiphorus belfragei,5.536546454,0.009
Pseudothrips inequalis,Metatropiphorus belfragei,0.001874225,0.009
Pyraustidae,Metatropiphorus belfragei,0.027,0.009
Rhizoglyphus callae,Metatropiphorus belfragei,5.5e-06,0.009
Saproglyphidae,Metatropiphorus belfragei,0.008,0.009
Scaphytopius,Metatropiphorus belfragei,0.0075,0.009
Scheloribates,Metatropiphorus belfragei,0.000282,0.009
Sphaerolophus,Metatropiphorus belfragei,6.37e-05,0.009
Tetranychus,Metatropiphorus belfragei,0.000415,0.009
Tholeria reversalis,Metatropiphorus belfragei,0.578053133,0.009
Tydeidae,Metatropiphorus belfragei,0.0002,0.009
Tyrophagus putrescentiae,Metatropiphorus belfragei,1.17e-06,0.009
Veigaia,Metatropiphorus belfragei,0.000795,0.009
Rhizophora mangle,Oebalus pugnax,0.057932236,0.009
Acanalonia latifrons,Stoidis aurata,0.011,0.009
Actenodes auronotata,Stoidis aurata,0.0115,0.009
Actinopteryx fucicola,Stoidis aurata,0.000866,0.009
Aedes taeniorhynchus,Stoidis aurata,0.0035,0.009
Alarodia slossoniae,Stoidis aurata,0.055875412,0.009
Aleurothrixus,Stoidis aurata,0.0025,0.009
Anisomeristes,Stoidis aurata,3.62e-05,0.009
Anyphaena,Stoidis aurata,0.006,0.009
Argiope argentata,Stoidis aurata,0.00459071,0.009
Argyrodes nephilae,Stoidis aurata,0.0077,0.009
Ariadna arthuri,Stoidis aurata,0.01,0.009
Arunta interclusa,Stoidis aurata,0.787365181,0.009
Ascia monuste,Stoidis aurata,6.828348317,0.009
Automeris io,Stoidis aurata,2.636851999,0.009
Aysha velox,Stoidis aurata,0.0065,0.009
Ballus,Stoidis aurata,0.004,0.009
Bembidion contractum,Stoidis aurata,0.0051,0.009
Blissus insularis,Stoidis aurata,0.004,0.009
Camponotus floridanus,Stoidis aurata,0.013570258,0.009
Camponotus planatus,Stoidis aurata,0.003869709,0.009
Camponotus tortuganus,Stoidis aurata,0.013570258,0.009
Carthasis decoratus,Stoidis aurata,0.009,0.009
Cecidomyidae,Stoidis aurata,0.003,0.009
Ceroplastes,Stoidis aurata,0.005,0.009
Chauliognathus marginatus,Stoidis aurata,0.0095,0.009
Chrysobothris,Stoidis aurata,0.0136,0.009
Chrysomelidae,Stoidis aurata,0.0105,0.009
Colobopsis,Stoidis aurata,0.003869709,0.009
Copidita suturalis,Stoidis aurata,0.007,0.009
Crematogaster ashmeadi,Stoidis aurata,0.001558448,0.009
Cryptorama minutum,Stoidis aurata,0.005,0.009
Cryptorhynchus minutissimus,Stoidis aurata,0.00075,0.009
Cucujidae,Stoidis aurata,0.0155,0.009
Dictyna,Stoidis aurata,0.00325,0.009
Dolomedes,Stoidis aurata,0.03,0.009
Dufouriellus afer,Stoidis aurata,0.0035,0.009
Ecdytolopha,Stoidis aurata,0.148376753,0.009
Eriophora,Stoidis aurata,0.014,0.009
Eustala,Stoidis aurata,0.008,0.009
Flatoidinus punctatus,Stoidis aurata,0.0115,0.009
Gasteracantha ellipsoides,Stoidis aurata,0.007,0.009
Gnaphosa,Stoidis aurata,0.0066,0.009
Hentzia palmarum,Stoidis aurata,0.006,0.009
Holoparamecus,Stoidis aurata,2,0.009
Hypoponera opacior,Stoidis aurata,0.00114621,0.009
Leptostylus,Stoidis aurata,0.01,0.009
Leucauge venusta,Stoidis aurata,0.00675,0.009
Lynchia albipennis,Stoidis aurata,0.0055,0.009
Maevia vittata,Stoidis aurata,0.007,0.009
Mangora,Stoidis aurata,0.006,0.009
Meioneta,Stoidis aurata,0.00175,0.009
Melipotis,Stoidis aurata,0.40131981,0.009
Membracidae,Stoidis aurata,0.0085,0.009
Metacyrba undata,Stoidis aurata,0.0115,0.009
Metepeira labyrinthea,Stoidis aurata,0.012,0.009
Micronaspis floridana,Stoidis aurata,0.0125,0.009
Misumenops,Stoidis aurata,0.004,0.009
Monomorium floricola,Stoidis aurata,0.000455048,0.009
Nemapogon,Stoidis aurata,0.025336077,0.009
Nephila clavipes,Stoidis aurata,0.032,0.009
Neurotmeta breviceps,Stoidis aurata,0.008,0.009
Oebalus pugnax,Stoidis aurata,0.009,0.009
Oiketicus abbottii,Stoidis aurata,0.071247903,0.009
Olfersia sordida,Stoidis aurata,0.0055,0.009
Oliarus,Stoidis aurata,0.0065,0.009
Orgygia detrita,Stoidis aurata,0.313497562,0.009
Orius,Stoidis aurata,0.0035,0.009
Oxacis,Stoidis aurata,0.007,0.009
Oxycopis,Stoidis aurata,0.007,0.009
Oxydia,Stoidis aurata,0.262111693,0.009
Paracryptocerus varians,Stoidis aurata,0.00744984,0.009
Paraleyrodes,Stoidis aurata,0.0025,0.009
Paraphidippus flavus,Stoidis aurata,0.008,0.009
Pentacora sphacelata,Stoidis aurata,0.032069663,0.009
Phocides batabano,Stoidis aurata,1.36330884,0.009
Pirata,Stoidis aurata,0.00665,0.009
Poecilipa rhizophorae,Stoidis aurata,0.000875,0.009
Psallus conspurcatus,Stoidis aurata,0.006,0.009
Pseudoacalles,Stoidis aurata,0.00423,0.009
Pseudococcus,Stoidis aurata,-999,0.009
Pseudomyrmex elongatus,Stoidis aurata,0.016248394,0.009
Pyraustidae,Stoidis aurata,0.027,0.009
Sapintus fulvipes,Stoidis aurata,0.007,0.009
Scaphytopius,Stoidis aurata,0.0075,0.009
Scydmaenidae,Stoidis aurata,0.003,0.009
Scytodes,Stoidis aurata,4.75,0.009
Sergiolus,Stoidis aurata,0.0039,0.009
Styloleptus biustus,Stoidis aurata,0.0065,0.009
Syrphidae,Stoidis aurata,0.015,0.009
Tachys occulator,Stoidis aurata,0.0035,0.009
Tapinoma littorale,Stoidis aurata,0.000398141,0.009
Tetragnatha,Stoidis aurata,0.01,0.009
Tetraluerodes,Stoidis aurata,0.0025,0.009
Theridion,Stoidis aurata,0.0023,0.009
Tholeria reversalis,Stoidis aurata,0.578053133,0.009
Tricorynus,Stoidis aurata,0.005,0.009
Trischidias atoma,Stoidis aurata,0.0025,0.009
Trochopus plumbeus,Stoidis aurata,0.008,0.009
Uloborus,Stoidis aurata,0.005,0.009
Vacusus vicinus,Stoidis aurata,0.007,0.009
Xenomyrmex floridanus,Stoidis aurata,0.000760079,0.009
Flatoidinus punctatus,Metatropiphorus belfragei,0.0115,0.009
Cryptorhynchus minutissimus,Metatropiphorus belfragei,0.00075,0.009
Entedontini,Metatropiphorus belfragei,0.000722205,0.009
Ecphylus,Metatropiphorus belfragei,0.001671743,0.009
Chauliognathus marginatus,Metatropiphorus belfragei,0.0095,0.009
Scleroderma macrogaster,Stoidis aurata,0.002300114,0.009
Echmepteryx hageni,Stoidis aurata,0.00325,0.009
Odonata,Stoidis aurata,0.399604248,0.009
Pauropoda,Stoidis aurata,0.001387308,0.009
Chrysomelidae,Metatropiphorus belfragei,0.0105,0.009
Dendroica,Stoidis aurata,8,0.009
Oxacis,Metatropiphorus belfragei,0.007,0.009
Rhizophora mangle,Stoidis aurata,0.057932236,0.009
Cecidomyidae,Carthasis decoratus,0.003,0.009
Heterospilus,Stoidis aurata,0.001671743,0.009
Axelsonia littoralis,Stoidis aurata,0.00074676,0.009
Asca,Stoidis aurata,5.3e-07,0.009
Eustala,Metatropiphorus belfragei,0.008,0.009
Tapinoma littorale,Carthasis decoratus,0.000398141,0.009
Sapintus fulvipes,Carthasis decoratus,0.007,0.009
Ceroplastes,Metatropiphorus belfragei,0.005,0.009
Micronaspis floridana,Metatropiphorus belfragei,0.0125,0.009
Melittobia chalybii,Metatropiphorus belfragei,0.000722205,0.009
Tricorynus,Metatropiphorus belfragei,0.005,0.009
Labidura riparia,Stoidis aurata,0.0215,0.009
Proctolaelaps,Stoidis aurata,3.59e-06,0.009
Liothrips,Stoidis aurata,0.001874225,0.009
Galumna,Stoidis aurata,0.0017,0.009
Telonemus,Metatropiphorus belfragei,0.000921608,0.009
Camponotus tortuganus,Metatropiphorus belfragei,0.013570258,0.009
Polistes,Metatropiphorus belfragei,0.016248394,0.009
Scheloribates,Stoidis aurata,0.000282,0.009
Brachymeria psyche,Stoidis aurata,0.008284363,0.009
Pelecanus,Metatropiphorus belfragei,3500,0.009
Fungi,Metatropiphorus belfragei,4.46244769,0.009
Tetraluerodes,Metatropiphorus belfragei,0.0025,0.009
Probaryconus,Metatropiphorus belfragei,0.000921608,0.009
Pellonyssus,Stoidis aurata,2.71e-06,0.009
Detritus,Metatropiphorus belfragei,-999,0.009
Entedontini,Stoidis aurata,0.000722205,0.009
Haplothrips flavipes,Stoidis aurata,0.002532042,0.009
Algae,Metatropiphorus belfragei,8.21e-07,0.009
Casinaria texana,Stoidis aurata,0.098554409,0.009
Copidita suturalis,Carthasis decoratus,0.007,0.009
Rhizophora mangle,Chauliognathus marginatus,0.057932236,0.0095
Alarodia slossoniae,Ariadna arthuri,0.055875412,0.01
Apidae,Ariadna arthuri,0.001671743,0.01
Apocrita,Ariadna arthuri,0.826845887,0.01
Ascia monuste,Ariadna arthuri,6.828348317,0.01
Automeris io,Ariadna arthuri,2.636851999,0.01
Bema ydda,Ariadna arthuri,0.205558315,0.01
Melipotis,Ariadna arthuri,0.40131981,0.01
Orgygia detrita,Ariadna arthuri,0.313497562,0.01
Oxydia,Ariadna arthuri,0.262111693,0.01
Phoebis agarithe,Ariadna arthuri,5.536546454,0.01
Tholeria reversalis,Ariadna arthuri,0.578053133,0.01
Rhizophora mangle,Leptostylus,0.057932236,0.01
Acanalonia latifrons,Tetragnatha,0.011,0.01
Blissus insularis,Tetragnatha,0.004,0.01
Ceroplastes,Tetragnatha,0.005,0.01
Ecdytolopha,Tetragnatha,0.148376753,0.01
Flatoidinus punctatus,Tetragnatha,0.0115,0.01
Lynchia albipennis,Tetragnatha,0.0055,0.01
Melipotis,Tetragnatha,0.40131981,0.01
Membracidae,Tetragnatha,0.0085,0.01
Oiketicus abbottii,Tetragnatha,0.071247903,0.01
Oliarus,Tetragnatha,0.0065,0.01
Orgygia detrita,Tetragnatha,0.313497562,0.01
Oxydia,Tetragnatha,0.262111693,0.01
Phoebis agarithe,Tetragnatha,5.536546454,0.01
Pseudococcus,Tetragnatha,-999,0.01
Pyraustidae,Tetragnatha,0.027,0.01
Tholeria reversalis,Tetragnatha,0.578053133,0.01
Oxacis,Ariadna arthuri,0.007,0.01
Nephila clavipes,Tetragnatha,0.032,0.01
Ligia exotica,Tetragnatha,1.348779475,0.01
Pseudothrips inequalis,Tetragnatha,0.001874225,0.01
Lapisma sp.,Tetragnatha,0.057932236,0.01
Macrocentrus,Tetragnatha,0.001671743,0.01
Vacusus vicinus,Tetragnatha,0.007,0.01
Telonemus,Tetragnatha,0.000921608,0.01
Actenodes auronotata,Ariadna arthuri,0.0115,0.01
Fungi,Ariadna arthuri,4.46244769,0.01
Misumenops,Tetragnatha,0.004,0.01
Aratus pisonii,Tetragnatha,0.311301534,0.01
Pelecanus,Tetragnatha,3500,0.01
Hentzia palmarum,Tetragnatha,0.006,0.01
Cephalonomia waterstoni,Tetragnatha,0.002300114,0.01
Syrphidae,Ariadna arthuri,0.015,0.01
Detritus,Ariadna arthuri,-999,0.01
Paraleyrodes,Ariadna arthuri,0.0025,0.01
Neurothrips magnafemoraus,Tetragnatha,0.001874225,0.01
Entonyssus,Ariadna arthuri,0.021508161,0.01
Cucujidae,Ariadna arthuri,0.0155,0.01
Chrysomelidae,Ariadna arthuri,0.0105,0.01
Camponotus floridanus,Tetragnatha,0.013570258,0.01
Haplothrips flavipes,Ariadna arthuri,0.002532042,0.01
Cucujidae,Tetragnatha,0.0155,0.01
Tetraluerodes,Tetragnatha,0.0025,0.01
Carpoglyphus lactis,Ariadna arthuri,1.09e-06,0.01
Tyrophagus putrescentiae,Tetragnatha,1.17e-06,0.01
Rhizophora mangle,Chrysomelidae,0.057932236,0.0105
Staphylinidae,Chrysomelidae,0.0476,0.0105
Phalacrocorax dilophus,Acanalonia latifrons,2568.732374,0.011
Brachymyrmex,Acanalonia latifrons,0.000398141,0.011
Echmepteryx hageni,Acanalonia latifrons,0.00325,0.011
Psallus conspurcatus,Acanalonia latifrons,0.006,0.011
Phoebis agarithe,Acanalonia latifrons,5.536546454,0.011
Syrphidae,Acanalonia latifrons,0.015,0.011
Rhizophora mangle,Actenodes auronotata,0.057932236,0.0115
Rhizophora mangle,Flatoidinus punctatus,0.057932236,0.0115
Acanalonia latifrons,Metacyrba undata,0.011,0.0115
Actenodes auronotata,Metacyrba undata,0.0115,0.0115
Actinopteryx fucicola,Metacyrba undata,0.000866,0.0115
Aedes taeniorhynchus,Metacyrba undata,0.0035,0.0115
Alarodia slossoniae,Metacyrba undata,0.055875412,0.0115
Aleurothrixus,Metacyrba undata,0.0025,0.0115
Anisomeristes,Metacyrba undata,3.62e-05,0.0115
Anyphaena,Metacyrba undata,0.006,0.0115
Argiope argentata,Metacyrba undata,0.00459071,0.0115
Argyrodes nephilae,Metacyrba undata,0.0077,0.0115
Ariadna arthuri,Metacyrba undata,0.01,0.0115
Arunta interclusa,Metacyrba undata,0.787365181,0.0115
Ascia monuste,Metacyrba undata,6.828348317,0.0115
Ataxia,Metacyrba undata,0.023,0.0115
Aysha velox,Metacyrba undata,0.0065,0.0115
Ballus,Metacyrba undata,0.004,0.0115
Bema ydda,Metacyrba undata,0.205558315,0.0115
Bembidion contractum,Metacyrba undata,0.0051,0.0115
Blissus insularis,Metacyrba undata,0.004,0.0115
Carthasis decoratus,Metacyrba undata,0.009,0.0115
Cecidomyidae,Metacyrba undata,0.003,0.0115
Ceroplastes,Metacyrba undata,0.005,0.0115
Chauliognathus marginatus,Metacyrba undata,0.0095,0.0115
Chrysobothris,Metacyrba undata,0.0136,0.0115
Chrysomelidae,Metacyrba undata,0.0105,0.0115
Copidita suturalis,Metacyrba undata,0.007,0.0115
Cryptorama minutum,Metacyrba undata,0.005,0.0115
Cryptorhynchus minutissimus,Metacyrba undata,0.00075,0.0115
Cucujidae,Metacyrba undata,0.0155,0.0115
Dictyna,Metacyrba undata,0.00325,0.0115
Dufouriellus afer,Metacyrba undata,0.0035,0.0115
Ecdytolopha,Metacyrba undata,0.148376753,0.0115
Eriophora,Metacyrba undata,0.014,0.0115
Eustala,Metacyrba undata,0.008,0.0115
Flatoidinus punctatus,Metacyrba undata,0.0115,0.0115
Gasteracantha ellipsoides,Metacyrba undata,0.007,0.0115
Gnaphosa,Metacyrba undata,0.0066,0.0115
Hentzia palmarum,Metacyrba undata,0.006,0.0115
Holoparamecus,Metacyrba undata,2,0.0115
Leptostylus,Metacyrba undata,0.01,0.0115
Leucauge venusta,Metacyrba undata,0.00675,0.0115
Maevia vittata,Metacyrba undata,0.007,0.0115
Mangora,Metacyrba undata,0.006,0.0115
Meioneta,Metacyrba undata,0.00175,0.0115
Melanophthalma floridana,Metacyrba undata,0.002,0.0115
Melipotis,Metacyrba undata,0.40131981,0.0115
Membracidae,Metacyrba undata,0.0085,0.0115
Metatropiphorus belfragei,Metacyrba undata,0.009,0.0115
Metepeira labyrinthea,Metacyrba undata,0.012,0.0115
Micronaspis floridana,Metacyrba undata,0.0125,0.0115
Misumenops,Metacyrba undata,0.004,0.0115
Nemapogon,Metacyrba undata,0.025336077,0.0115
Nephila clavipes,Metacyrba undata,0.032,0.0115
Neurotmeta breviceps,Metacyrba undata,0.008,0.0115
Oebalus pugnax,Metacyrba undata,0.009,0.0115
Oiketicus abbottii,Metacyrba undata,0.071247903,0.0115
Oliarus,Metacyrba undata,0.0065,0.0115
Orgygia detrita,Metacyrba undata,0.313497562,0.0115
Orius,Metacyrba undata,0.0035,0.0115
Oxacis,Metacyrba undata,0.007,0.0115
Oxydia,Metacyrba undata,0.262111693,0.0115
Paraleyrodes,Metacyrba undata,0.0025,0.0115
Paraphidippus flavus,Metacyrba undata,0.008,0.0115
Pentacora sphacelata,Metacyrba undata,0.032069663,0.0115
Phocides batabano,Metacyrba undata,1.36330884,0.0115
Pirata,Metacyrba undata,0.00665,0.0115
Poecilipa rhizophorae,Metacyrba undata,0.000875,0.0115
Psallus conspurcatus,Metacyrba undata,0.006,0.0115
Pseudococcus,Metacyrba undata,-999,0.0115
Pyraustidae,Metacyrba undata,0.027,0.0115
Sapintus fulvipes,Metacyrba undata,0.007,0.0115
Scaphytopius,Metacyrba undata,0.0075,0.0115
Scydmaenidae,Metacyrba undata,0.003,0.0115
Scytodes,Metacyrba undata,4.75,0.0115
Staphylinidae,Metacyrba undata,0.0476,0.0115
Stoidis aurata,Metacyrba undata,0.009,0.0115
Styloleptus biustus,Metacyrba undata,0.0065,0.0115
Syrphidae,Metacyrba undata,0.015,0.0115
Tachys occulator,Metacyrba undata,0.0035,0.0115
Tetragnatha,Metacyrba undata,0.01,0.0115
Tetraluerodes,Metacyrba undata,0.0025,0.0115
Theridion,Metacyrba undata,0.0023,0.0115
Tholeria reversalis,Metacyrba undata,0.578053133,0.0115
Tricorynus,Metacyrba undata,0.005,0.0115
Trischidias atoma,Metacyrba undata,0.0025,0.0115
Trochopus plumbeus,Metacyrba undata,0.008,0.0115
Uloborus,Metacyrba undata,0.005,0.0115
Vacusus vicinus,Metacyrba undata,0.007,0.0115
Macrocentrus,Metacyrba undata,0.001671743,0.0115
Veigaia,Metacyrba undata,0.000795,0.0115
Scleroderma macrogaster,Metacyrba undata,0.002300114,0.0115
Echmepteryx hageni,Metacyrba undata,0.00325,0.0115
Apanteles hemileucae,Metacyrba undata,0.001671743,0.0115
Entedontini,Metacyrba undata,0.000722205,0.0115
Tapinoma littorale,Metacyrba undata,0.000398141,0.0115
Probaryconus,Metacyrba undata,0.000921608,0.0115
Paracryptocerus varians,Metacyrba undata,0.00744984,0.0115
Syrphidae,Flatoidinus punctatus,0.015,0.0115
Holoparamecus,Actenodes auronotata,2,0.0115
Syrphidae,Actenodes auronotata,0.015,0.0115
Neotermes castaneus,Metacyrba undata,0.006623951,0.0115
Tetranychus,Metacyrba undata,0.000415,0.0115
Phoebis agarithe,Flatoidinus punctatus,5.536546454,0.0115
Melichares,Metacyrba undata,3.59e-06,0.0115
Lichenomima,Metacyrba undata,0.00325,0.0115
Brachymyrmex,Metacyrba undata,0.000398141,0.0115
Hypoponera opacior,Metacyrba undata,0.00114621,0.0115
Rhizophora mangle,Metacyrba undata,0.057932236,0.0115
Melittobia chalybii,Metacyrba undata,0.000722205,0.0115
Odonata,Metacyrba undata,0.399604248,0.0115
Detritus,Metacyrba undata,-999,0.0115
Archipsocus panama,Metacyrba undata,0.00325,0.0115
Acanalonia latifrons,Metepeira labyrinthea,0.011,0.012
Actenodes auronotata,Metepeira labyrinthea,0.0115,0.012
Aedes taeniorhynchus,Metepeira labyrinthea,0.0035,0.012
Aglaopteryx,Metepeira labyrinthea,0.054003595,0.012
Alarodia slossoniae,Metepeira labyrinthea,0.055875412,0.012
Aleurothrixus,Metepeira labyrinthea,0.0025,0.012
Anisomeristes,Metepeira labyrinthea,3.62e-05,0.012
Apanteles hemileucae,Metepeira labyrinthea,0.001671743,0.012
Apidae,Metepeira labyrinthea,0.001671743,0.012
Arunta interclusa,Metepeira labyrinthea,0.787365181,0.012
Ascia monuste,Metepeira labyrinthea,6.828348317,0.012
Ataxia,Metepeira labyrinthea,0.023,0.012
Automeris io,Metepeira labyrinthea,2.636851999,0.012
Bema ydda,Metepeira labyrinthea,0.205558315,0.012
Bembidion contractum,Metepeira labyrinthea,0.0051,0.012
Blissus insularis,Metepeira labyrinthea,0.004,0.012
Brachymeria psyche,Metepeira labyrinthea,0.008284363,0.012
Brachymyrmex,Metepeira labyrinthea,0.000398141,0.012
Callihormius bifasciatus,Metepeira labyrinthea,0.001671743,0.012
Camponotus floridanus,Metepeira labyrinthea,0.013570258,0.012
Camponotus planatus,Metepeira labyrinthea,0.003869709,0.012
Camponotus tortuganus,Metepeira labyrinthea,0.013570258,0.012
Carthasis decoratus,Metepeira labyrinthea,0.009,0.012
Cecidomyidae,Metepeira labyrinthea,0.003,0.012
Cephalonomia waterstoni,Metepeira labyrinthea,0.002300114,0.012
Ceroplastes,Metepeira labyrinthea,0.005,0.012
Chauliognathus marginatus,Metepeira labyrinthea,0.0095,0.012
Chrysobothris,Metepeira labyrinthea,0.0136,0.012
Chrysomelidae,Metepeira labyrinthea,0.0105,0.012
Chrysopa,Metepeira labyrinthea,0.017427594,0.012
Colobopsis,Metepeira labyrinthea,0.003869709,0.012
Copidita suturalis,Metepeira labyrinthea,0.007,0.012
Crematogaster ashmeadi,Metepeira labyrinthea,0.001558448,0.012
Cryptorama minutum,Metepeira labyrinthea,0.005,0.012
Cryptorhynchus minutissimus,Metepeira labyrinthea,0.00075,0.012
Cucujidae,Metepeira labyrinthea,0.0155,0.012
Cycloptilum,Metepeira labyrinthea,0.018459537,0.012
Cyrtoxipha,Metepeira labyrinthea,0.018459537,0.012
Dufouriellus afer,Metepeira labyrinthea,0.0035,0.012
Ecdytolopha,Metepeira labyrinthea,0.148376753,0.012
Ecphylus,Metepeira labyrinthea,0.001671743,0.012
Entedontini,Metepeira labyrinthea,0.000722205,0.012
Euchrysia,Metepeira labyrinthea,0.003869709,0.012
Euderus,Metepeira labyrinthea,0.000722205,0.012
Flatoidinus punctatus,Metepeira labyrinthea,0.0115,0.012
Heterospilus,Metepeira labyrinthea,0.001671743,0.012
Holoparamecus,Metepeira labyrinthea,2,0.012
Hypoponera opacior,Metepeira labyrinthea,0.00114621,0.012
Iphiaulax epicus,Metepeira labyrinthea,0.001671743,0.012
Latiblattella,Metepeira labyrinthea,0.057932236,0.012
Leptostylus,Metepeira labyrinthea,0.01,0.012
Macrocentrus,Metepeira labyrinthea,0.001671743,0.012
Melipotis,Metepeira labyrinthea,0.40131981,0.012
Melittobia chalybii,Metepeira labyrinthea,0.000722205,0.012
Membracidae,Metepeira labyrinthea,0.0085,0.012
Metapelma schwarzi,Metepeira labyrinthea,0.002300114,0.012
Metatropiphorus belfragei,Metepeira labyrinthea,0.009,0.012
Micronaspis floridana,Metepeira labyrinthea,0.0125,0.012
Neanastatus,Metepeira labyrinthea,0.002300114,0.012
Nemapogon,Metepeira labyrinthea,0.025336077,0.012
Nesepyris floridanus,Metepeira labyrinthea,0.002300114,0.012
Neurotmeta breviceps,Metepeira labyrinthea,0.008,0.012
Odonata,Metepeira labyrinthea,0.399604248,0.012
Oebalus pugnax,Metepeira labyrinthea,0.009,0.012
Oiketicus abbottii,Metepeira labyrinthea,0.071247903,0.012
Olfersia sordida,Metepeira labyrinthea,0.0055,0.012
Oliarus,Metepeira labyrinthea,0.0065,0.012
Ooencyrtus submetallicus,Metepeira labyrinthea,0.000398141,0.012
Orius,Metepeira labyrinthea,0.0035,0.012
Orocharis gryllodes,Metepeira labyrinthea,0.083718572,0.012
Oxacis,Metepeira labyrinthea,0.007,0.012
Oxycopis,Metepeira labyrinthea,0.007,0.012
Oxydia,Metepeira labyrinthea,0.262111693,0.012
Pachodynerus nasidens,Metepeira labyrinthea,0.053463429,0.012
Paracryptocerus varians,Metepeira labyrinthea,0.00744984,0.012
Paraleyrodes,Metepeira labyrinthea,0.0025,0.012
Paratrechina bourbonica,Metepeira labyrinthea,0.00114621,0.012
Pentacora sphacelata,Metepeira labyrinthea,0.032069663,0.012
Phocides batabano,Metepeira labyrinthea,1.36330884,0.012
Phoebis agarithe,Metepeira labyrinthea,5.536546454,0.012
Poecilipa rhizophorae,Metepeira labyrinthea,0.000875,0.012
Psallus conspurcatus,Metepeira labyrinthea,0.006,0.012
Pseudoacalles,Metepeira labyrinthea,0.00423,0.012
Pseudococcus,Metepeira labyrinthea,-999,0.012
Pseudomyrmex elongatus,Metepeira labyrinthea,0.016248394,0.012
Pyraustidae,Metepeira labyrinthea,0.027,0.012
Sapintus fulvipes,Metepeira labyrinthea,0.007,0.012
Scaphytopius,Metepeira labyrinthea,0.0075,0.012
Scleroderma macrogaster,Metepeira labyrinthea,0.002300114,0.012
Scydmaenidae,Metepeira labyrinthea,0.003,0.012
Staphylinidae,Metepeira labyrinthea,0.0476,0.012
Styloleptus biustus,Metepeira labyrinthea,0.0065,0.012
Syrphidae,Metepeira labyrinthea,0.015,0.012
Tachys occulator,Metepeira labyrinthea,0.0035,0.012
Tafaliscu lurida,Metepeira labyrinthea,0.083718572,0.012
Tapinoma littorale,Metepeira labyrinthea,0.000398141,0.012
Tetraluerodes,Metepeira labyrinthea,0.0025,0.012
Tholeria reversalis,Metepeira labyrinthea,0.578053133,0.012
Tricorynus,Metepeira labyrinthea,0.005,0.012
Trischidias atoma,Metepeira labyrinthea,0.0025,0.012
Turpilia rostrata,Metepeira labyrinthea,0.388073661,0.012
Urolepis rufipes,Metepeira labyrinthea,0.003869709,0.012
Vacusus vicinus,Metepeira labyrinthea,0.007,0.012
Xenomyrmex floridanus,Metepeira labyrinthea,0.000760079,0.012
Tetranychus,Metepeira labyrinthea,0.000415,0.012
Telonemus,Metepeira labyrinthea,0.000921608,0.012
Stoidis aurata,Metepeira labyrinthea,0.009,0.012
Liposcelis bostrychophilus,Metepeira labyrinthea,0.00325,0.012
Ectopsocopsis cryptomeriae,Metepeira labyrinthea,0.00325,0.012
Leucauge venusta,Metepeira labyrinthea,0.00675,0.012
Rhizoglyphus callae,Metepeira labyrinthea,5.5e-06,0.012
Ballus,Metepeira labyrinthea,0.004,0.012
Ornitnonyssus bursa,Metepeira labyrinthea,3.77e-09,0.012
Fungi,Metepeira labyrinthea,4.46244769,0.012
Pirata,Metepeira labyrinthea,0.00665,0.012
Ectopsocus,Metepeira labyrinthea,0.00325,0.012
Ceroplastes,Micronaspis floridana,0.005,0.0125
Ceroplastes,Camponotus floridanus,0.005,0.013570258
Rhizophora mangle,Camponotus floridanus,0.057932236,0.013570258
Ceroplastes,Camponotus tortuganus,0.005,0.013570258
Rhizophora mangle,Camponotus tortuganus,0.057932236,0.013570258
Staphylinidae,Camponotus floridanus,0.0476,0.013570258
Rhizophora mangle,Chrysobothris,0.057932236,0.0136
Oebalus pugnax,Chrysobothris,0.009,0.0136
Orgygia detrita,Eriophora,0.313497562,0.014
Oebalus pugnax,Eriophora,0.009,0.014
Brachymyrmex,Eriophora,0.000398141,0.014
Oliarus,Syrphidae,0.0065,0.015
Anisomeristes,Syrphidae,3.62e-05,0.015
Brachymyrmex,Syrphidae,0.000398141,0.015
Cephalonomia waterstoni,Syrphidae,0.002300114,0.015
Carpoglyphus lactis,Cucujidae,1.09e-06,0.0155
Cheyletia wellsi,Cucujidae,4.83e-07,0.0155
Entonyssus,Cucujidae,0.021508161,0.0155
Galumna,Cucujidae,0.0017,0.0155
Proctolaelaps,Cucujidae,3.59e-06,0.0155
Rhizoglyphus callae,Cucujidae,5.5e-06,0.0155
Tetranychus,Cucujidae,0.000415,0.0155
Tydeidae,Cucujidae,0.0002,0.0155
Gasteracantha ellipsoides,Cucujidae,0.007,0.0155
Odonata,Cucujidae,0.399604248,0.0155
Xenomyrmex floridanus,Cucujidae,0.000760079,0.0155
Detritus,Cucujidae,-999,0.0155
Rhizophora mangle,Polistes,0.057932236,0.016248394
Acanalonia latifrons,Chrysopa,0.011,0.017427594
Arunta interclusa,Chrysopa,0.787365181,0.017427594
Flatoidinus punctatus,Chrysopa,0.0115,0.017427594
Neurotmeta breviceps,Chrysopa,0.008,0.017427594
Oliarus,Chrysopa,0.0065,0.017427594
Pseudococcus,Chrysopa,-999,0.017427594
Micronaspis floridana,Chrysopa,0.0125,0.017427594
Lynchia albipennis,Chrysopa,0.0055,0.017427594
Oiketicus abbottii,Chrysopa,0.071247903,0.017427594
Trypoxylon collinum,Chrysopa,0.040552112,0.017427594
Actenodes auronotata,Chrysopa,0.0115,0.017427594
Ecdytolopha,Chrysopa,0.148376753,0.017427594
Nemapogon,Chrysopa,0.025336077,0.017427594
Metacyrba undata,Chrysopa,0.0115,0.017427594
Rhizophora mangle,Chrysopa,0.057932236,0.017427594
Algae,Chrysopa,8.21e-07,0.017427594
Orius,Chrysopa,0.0035,0.017427594
Scydmaenidae,Chrysopa,0.003,0.017427594
Rhizophora mangle,Cycloptilum,0.057932236,0.018459537
Rhizophora mangle,Cyrtoxipha,0.057932236,0.018459537
Apocrita,Cyrtoxipha,0.826845887,0.018459537
Phoebis agarithe,Cyrtoxipha,5.536546454,0.018459537
Actenodes auronotata,Labidura riparia,0.0115,0.0215
Aedes taeniorhynchus,Labidura riparia,0.0035,0.0215
Anisomeristes,Labidura riparia,3.62e-05,0.0215
Chauliognathus marginatus,Labidura riparia,0.0095,0.0215
Chrysobothris,Labidura riparia,0.0136,0.0215
Copidita suturalis,Labidura riparia,0.007,0.0215
Cryptorama minutum,Labidura riparia,0.005,0.0215
Cryptorhynchus minutissimus,Labidura riparia,0.00075,0.0215
Cucujidae,Labidura riparia,0.0155,0.0215
Lynchia albipennis,Labidura riparia,0.0055,0.0215
Melanophthalma floridana,Labidura riparia,0.002,0.0215
Micronaspis floridana,Labidura riparia,0.0125,0.0215
Oxacis,Labidura riparia,0.007,0.0215
Poecilipa rhizophorae,Labidura riparia,0.000875,0.0215
Pseudoacalles,Labidura riparia,0.00423,0.0215
Rhizophora mangle,Labidura riparia,0.057932236,0.0215
Scydmaenidae,Labidura riparia,0.003,0.0215
Staphylinidae,Labidura riparia,0.0476,0.0215
Syrphidae,Labidura riparia,0.015,0.0215
Tachys occulator,Labidura riparia,0.0035,0.0215
Vacusus vicinus,Labidura riparia,0.007,0.0215
Trypoxylon collinum,Labidura riparia,0.040552112,0.0215
Phoebis agarithe,Labidura riparia,5.536546454,0.0215
Turpilia rostrata,Labidura riparia,0.388073661,0.0215
Veigaia,Labidura riparia,0.000795,0.0215
Scaphytopius,Labidura riparia,0.0075,0.0215
Apocrita,Labidura riparia,0.826845887,0.0215
Cheyletia wellsi,Entonyssus,4.83e-07,0.021508161
Syrphidae,Ataxia,0.015,0.023
Rhizophora mangle,Nemapogon,0.057932236,0.025336077
Rhizophora mangle,Pyraustidae,0.057932236,0.027
Anisomeristes,Dolomedes,3.62e-05,0.03
Axelsonia littoralis,Dolomedes,0.00074676,0.03
Pentacora sphacelata,Dolomedes,0.032069663,0.03
Staphylinidae,Dolomedes,0.0476,0.03
Cephalonomia waterstoni,Dolomedes,0.002300114,0.03
Camponotus floridanus,Dolomedes,0.013570258,0.03
Iphiaulax epicus,Dolomedes,0.001671743,0.03
Bdella,Dolomedes,8.52e-06,0.03
Phocides batabano,Dolomedes,1.36330884,0.03
Scydmaenidae,Dolomedes,0.003,0.03
Acanalonia latifrons,Nephila clavipes,0.011,0.032
Actenodes auronotata,Nephila clavipes,0.0115,0.032
Actinopteryx fucicola,Nephila clavipes,0.000866,0.032
Aedes taeniorhynchus,Nephila clavipes,0.0035,0.032
Aglaopteryx,Nephila clavipes,0.054003595,0.032
Anisomeristes,Nephila clavipes,3.62e-05,0.032
Apanteles hemileucae,Nephila clavipes,0.001671743,0.032
Apidae,Nephila clavipes,0.001671743,0.032
Apocrita,Nephila clavipes,0.826845887,0.032
Arunta interclusa,Nephila clavipes,0.787365181,0.032
Ataxia,Nephila clavipes,0.023,0.032
Bembidion contractum,Nephila clavipes,0.0051,0.032
Blissus insularis,Nephila clavipes,0.004,0.032
Brachymeria psyche,Nephila clavipes,0.008284363,0.032
Brachymyrmex,Nephila clavipes,0.000398141,0.032
Calliephialtes ferrugineus,Nephila clavipes,0.098554409,0.032
Callihormius bifasciatus,Nephila clavipes,0.001671743,0.032
Camponotus floridanus,Nephila clavipes,0.013570258,0.032
Camponotus planatus,Nephila clavipes,0.003869709,0.032
Camponotus tortuganus,Nephila clavipes,0.013570258,0.032
Casinaria texana,Nephila clavipes,0.098554409,0.032
Cecidomyidae,Nephila clavipes,0.003,0.032
Cephalonomia waterstoni,Nephila clavipes,0.002300114,0.032
Ceroplastes,Nephila clavipes,0.005,0.032
Chauliognathus marginatus,Nephila clavipes,0.0095,0.032
Chrysobothris,Nephila clavipes,0.0136,0.032
Colobopsis,Nephila clavipes,0.003869709,0.032
Copidita suturalis,Nephila clavipes,0.007,0.032
Crematogaster ashmeadi,Nephila clavipes,0.001558448,0.032
Cryptorama minutum,Nephila clavipes,0.005,0.032
Cucujidae,Nephila clavipes,0.0155,0.032
Cycloptilum,Nephila clavipes,0.018459537,0.032
Cyrtoxipha,Nephila clavipes,0.018459537,0.032
Entedontini,Nephila clavipes,0.000722205,0.032
Euchrysia,Nephila clavipes,0.003869709,0.032
Euderus,Nephila clavipes,0.000722205,0.032
Flatoidinus punctatus,Nephila clavipes,0.0115,0.032
Heterospilus,Nephila clavipes,0.001671743,0.032
Holoparamecus,Nephila clavipes,2,0.032
Hypoponera opacior,Nephila clavipes,0.00114621,0.032
Iphiaulax epicus,Nephila clavipes,0.001671743,0.032
Latiblattella,Nephila clavipes,0.057932236,0.032
Leptostylus,Nephila clavipes,0.01,0.032
Lynchia albipennis,Nephila clavipes,0.0055,0.032
Macrocentrus,Nephila clavipes,0.001671743,0.032
Melanophthalma floridana,Nephila clavipes,0.002,0.032
Melittobia chalybii,Nephila clavipes,0.000722205,0.032
Membracidae,Nephila clavipes,0.0085,0.032
Metapelma schwarzi,Nephila clavipes,0.002300114,0.032
Monomorium floricola,Nephila clavipes,0.000455048,0.032
Neanastatus,Nephila clavipes,0.002300114,0.032
Neurotmeta breviceps,Nephila clavipes,0.008,0.032
Olfersia sordida,Nephila clavipes,0.0055,0.032
Oliarus,Nephila clavipes,0.0065,0.032
Ooencyrtus submetallicus,Nephila clavipes,0.000398141,0.032
Orocharis gryllodes,Nephila clavipes,0.083718572,0.032
Oxacis,Nephila clavipes,0.007,0.032
Pachodynerus nasidens,Nephila clavipes,0.053463429,0.032
Paracryptocerus varians,Nephila clavipes,0.00744984,0.032
Paratrechina bourbonica,Nephila clavipes,0.00114621,0.032
Poecilipa rhizophorae,Nephila clavipes,0.000875,0.032
Polistes,Nephila clavipes,0.016248394,0.032
Pseudoacalles,Nephila clavipes,0.00423,0.032
Pseudococcus,Nephila clavipes,-999,0.032
Scleroderma macrogaster,Nephila clavipes,0.002300114,0.032
Scydmaenidae,Nephila clavipes,0.003,0.032
Staphylinidae,Nephila clavipes,0.0476,0.032
Styloleptus biustus,Nephila clavipes,0.0065,0.032
Syrphidae,Nephila clavipes,0.015,0.032
Tachys occulator,Nephila clavipes,0.0035,0.032
Tafaliscu lurida,Nephila clavipes,0.083718572,0.032
Tapinoma littorale,Nephila clavipes,0.000398141,0.032
Telonemus,Nephila clavipes,0.000921608,0.032
Tricorynus,Nephila clavipes,0.005,0.032
Trischidias atoma,Nephila clavipes,0.0025,0.032
Trypoxylon collinum,Nephila clavipes,0.040552112,0.032
Turpilia rostrata,Nephila clavipes,0.388073661,0.032
Urolepis rufipes,Nephila clavipes,0.003869709,0.032
Vacusus vicinus,Nephila clavipes,0.007,0.032
Ectopsocus,Nephila clavipes,0.00325,0.032
Phocides batabano,Nephila clavipes,1.36330884,0.032
Melipotis,Nephila clavipes,0.40131981,0.032
Tydeidae,Nephila clavipes,0.0002,0.032
Kalotermes jouteli,Nephila clavipes,0.008284363,0.032
Embidopsocus laticeps,Nephila clavipes,0.00325,0.032
Nemapogon,Nephila clavipes,0.025336077,0.032
Rhizophora mangle,Nephila clavipes,0.057932236,0.032
Tyrophagus putrescentiae,Nephila clavipes,1.17e-06,0.032
Algae,Nephila clavipes,8.21e-07,0.032
Pirata,Nephila clavipes,0.00665,0.032
Metatropiphorus belfragei,Nephila clavipes,0.009,0.032
Lachesilla,Nephila clavipes,0.00325,0.032
Gasteracantha ellipsoides,Nephila clavipes,0.007,0.032
Meioneta,Nephila clavipes,0.00175,0.032
Melichares,Nephila clavipes,3.59e-06,0.032
Belaphotroctes okalensis,Nephila clavipes,0.00325,0.032
Liothrips,Nephila clavipes,0.001874225,0.032
Sphaerolophus,Nephila clavipes,6.37e-05,0.032
Phoebis agarithe,Pentacora sphacelata,5.536546454,0.032069663
Ceroplastes,Pentacora sphacelata,0.005,0.032069663
Rhizophora mangle,Trypoxylon collinum,0.057932236,0.040552112
Ceroplastes,Trypoxylon collinum,0.005,0.040552112
Actenodes auronotata,Pachodynerus nasidens,0.0115,0.053463429
Alarodia slossoniae,Pachodynerus nasidens,0.055875412,0.053463429
Ascia monuste,Pachodynerus nasidens,6.828348317,0.053463429
Bema ydda,Pachodynerus nasidens,0.205558315,0.053463429
Chrysobothris,Pachodynerus nasidens,0.0136,0.053463429
Chrysomelidae,Pachodynerus nasidens,0.0105,0.053463429
Copidita suturalis,Pachodynerus nasidens,0.007,0.053463429
Cryptorama minutum,Pachodynerus nasidens,0.005,0.053463429
Cryptorhynchus minutissimus,Pachodynerus nasidens,0.00075,0.053463429
Cucujidae,Pachodynerus nasidens,0.0155,0.053463429
Ecdytolopha,Pachodynerus nasidens,0.148376753,0.053463429
Leptostylus,Pachodynerus nasidens,0.01,0.053463429
Melipotis,Pachodynerus nasidens,0.40131981,0.053463429
Micronaspis floridana,Pachodynerus nasidens,0.0125,0.053463429
Nemapogon,Pachodynerus nasidens,0.025336077,0.053463429
Oiketicus abbottii,Pachodynerus nasidens,0.071247903,0.053463429
Oxacis,Pachodynerus nasidens,0.007,0.053463429
Oxycopis,Pachodynerus nasidens,0.007,0.053463429
Oxydia,Pachodynerus nasidens,0.262111693,0.053463429
Phocides batabano,Pachodynerus nasidens,1.36330884,0.053463429
Phoebis agarithe,Pachodynerus nasidens,5.536546454,0.053463429
Poecilipa rhizophorae,Pachodynerus nasidens,0.000875,0.053463429
Pseudoacalles,Pachodynerus nasidens,0.00423,0.053463429
Pyraustidae,Pachodynerus nasidens,0.027,0.053463429
Scydmaenidae,Pachodynerus nasidens,0.003,0.053463429
Staphylinidae,Pachodynerus nasidens,0.0476,0.053463429
Tholeria reversalis,Pachodynerus nasidens,0.578053133,0.053463429
Trischidias atoma,Pachodynerus nasidens,0.0025,0.053463429
Vacusus vicinus,Pachodynerus nasidens,0.007,0.053463429
Veigaia,Alarodia slossoniae,0.000795,0.055875412
Phoebis agarithe,Alarodia slossoniae,5.536546454,0.055875412
Copidita suturalis,Alarodia slossoniae,0.007,0.055875412
Phoebis agarithe,Latiblattella,5.536546454,0.057932236
Phoebis agarithe,Rhizophora mangle,5.536546454,0.057932236
Rhizophora mangle,Oiketicus abbottii,0.057932236,0.071247903
Staphylinidae,Oiketicus abbottii,0.0476,0.071247903
Ceroplastes,Oiketicus abbottii,0.005,0.071247903
Rhizophora mangle,Orocharis gryllodes,0.057932236,0.083718572
Rhizophora mangle,Tafaliscu lurida,0.057932236,0.083718572
Actenodes auronotata,Calliephialtes ferrugineus,0.0115,0.098554409
Actinopteryx fucicola,Calliephialtes ferrugineus,0.000866,0.098554409
Aedes taeniorhynchus,Calliephialtes ferrugineus,0.0035,0.098554409
Alarodia slossoniae,Calliephialtes ferrugineus,0.055875412,0.098554409
Anisomeristes,Calliephialtes ferrugineus,3.62e-05,0.098554409
Anyphaena,Calliephialtes ferrugineus,0.006,0.098554409
Apanteles hemileucae,Calliephialtes ferrugineus,0.001671743,0.098554409
Apocrita,Calliephialtes ferrugineus,0.826845887,0.098554409
Argiope argentata,Calliephialtes ferrugineus,0.00459071,0.098554409
Argyrodes nephilae,Calliephialtes ferrugineus,0.0077,0.098554409
Ariadna arthuri,Calliephialtes ferrugineus,0.01,0.098554409
Ascia monuste,Calliephialtes ferrugineus,6.828348317,0.098554409
Ataxia,Calliephialtes ferrugineus,0.023,0.098554409
Automeris io,Calliephialtes ferrugineus,2.636851999,0.098554409
Aysha velox,Calliephialtes ferrugineus,0.0065,0.098554409
Ballus,Calliephialtes ferrugineus,0.004,0.098554409
Bema ydda,Calliephialtes ferrugineus,0.205558315,0.098554409
Bembidion contractum,Calliephialtes ferrugineus,0.0051,0.098554409
Brachymeria psyche,Calliephialtes ferrugineus,0.008284363,0.098554409
Callihormius bifasciatus,Calliephialtes ferrugineus,0.001671743,0.098554409
Camponotus floridanus,Calliephialtes ferrugineus,0.013570258,0.098554409
Camponotus planatus,Calliephialtes ferrugineus,0.003869709,0.098554409
Camponotus tortuganus,Calliephialtes ferrugineus,0.013570258,0.098554409
Casinaria texana,Calliephialtes ferrugineus,0.098554409,0.098554409
Cecidomyidae,Calliephialtes ferrugineus,0.003,0.098554409
Cephalonomia waterstoni,Calliephialtes ferrugineus,0.002300114,0.098554409
Chauliognathus marginatus,Calliephialtes ferrugineus,0.0095,0.098554409
Chrysobothris,Calliephialtes ferrugineus,0.0136,0.098554409
Chrysomelidae,Calliephialtes ferrugineus,0.0105,0.098554409
Colobopsis,Calliephialtes ferrugineus,0.003869709,0.098554409
Copidita suturalis,Calliephialtes ferrugineus,0.007,0.098554409
Crematogaster ashmeadi,Calliephialtes ferrugineus,0.001558448,0.098554409
Cryptorama minutum,Calliephialtes ferrugineus,0.005,0.098554409
Cryptorhynchus minutissimus,Calliephialtes ferrugineus,0.00075,0.098554409
Cucujidae,Calliephialtes ferrugineus,0.0155,0.098554409
Dictyna,Calliephialtes ferrugineus,0.00325,0.098554409
Dolomedes,Calliephialtes ferrugineus,0.03,0.098554409
Ecdytolopha,Calliephialtes ferrugineus,0.148376753,0.098554409
Ecphylus,Calliephialtes ferrugineus,0.001671743,0.098554409
Entedontini,Calliephialtes ferrugineus,0.000722205,0.098554409
Eriophora,Calliephialtes ferrugineus,0.014,0.098554409
Euchrysia,Calliephialtes ferrugineus,0.003869709,0.098554409
Euderus,Calliephialtes ferrugineus,0.000722205,0.098554409
Eustala,Calliephialtes ferrugineus,0.008,0.098554409
Gasteracantha ellipsoides,Calliephialtes ferrugineus,0.007,0.098554409
Hentzia palmarum,Calliephialtes ferrugineus,0.006,0.098554409
Heterospilus,Calliephialtes ferrugineus,0.001671743,0.098554409
Holoparamecus,Calliephialtes ferrugineus,2,0.098554409
Hypoponera opacior,Calliephialtes ferrugineus,0.00114621,0.098554409
Leucauge venusta,Calliephialtes ferrugineus,0.00675,0.098554409
Lynchia albipennis,Calliephialtes ferrugineus,0.0055,0.098554409
Macrocentrus,Calliephialtes ferrugineus,0.001671743,0.098554409
Maevia vittata,Calliephialtes ferrugineus,0.007,0.098554409
Mangora,Calliephialtes ferrugineus,0.006,0.098554409
Meioneta,Calliephialtes ferrugineus,0.00175,0.098554409
Melanophthalma floridana,Calliephialtes ferrugineus,0.002,0.098554409
Melipotis,Calliephialtes ferrugineus,0.40131981,0.098554409
Melittobia chalybii,Calliephialtes ferrugineus,0.000722205,0.098554409
Metacyrba undata,Calliephialtes ferrugineus,0.0115,0.098554409
Metapelma schwarzi,Calliephialtes ferrugineus,0.002300114,0.098554409
Micronaspis floridana,Calliephialtes ferrugineus,0.0125,0.098554409
Misumenops,Calliephialtes ferrugineus,0.004,0.098554409
Monomorium floricola,Calliephialtes ferrugineus,0.000455048,0.098554409
Neanastatus,Calliephialtes ferrugineus,0.002300114,0.098554409
Nemapogon,Calliephialtes ferrugineus,0.025336077,0.098554409
Nephila clavipes,Calliephialtes ferrugineus,0.032,0.098554409
Nesepyris floridanus,Calliephialtes ferrugineus,0.002300114,0.098554409
Oiketicus abbottii,Calliephialtes ferrugineus,0.071247903,0.098554409
Olfersia sordida,Calliephialtes ferrugineus,0.0055,0.098554409
Ooencyrtus submetallicus,Calliephialtes ferrugineus,0.000398141,0.098554409
Orgygia detrita,Calliephialtes ferrugineus,0.313497562,0.098554409
Oxacis,Calliephialtes ferrugineus,0.007,0.098554409
Oxycopis,Calliephialtes ferrugineus,0.007,0.098554409
Pachodynerus nasidens,Calliephialtes ferrugineus,0.053463429,0.098554409
Paracryptocerus varians,Calliephialtes ferrugineus,0.00744984,0.098554409
Paraphidippus flavus,Calliephialtes ferrugineus,0.008,0.098554409
Paratrechina bourbonica,Calliephialtes ferrugineus,0.00114621,0.098554409
Phocides batabano,Calliephialtes ferrugineus,1.36330884,0.098554409
Phoebis agarithe,Calliephialtes ferrugineus,5.536546454,0.098554409
Pirata,Calliephialtes ferrugineus,0.00665,0.098554409
Poecilipa rhizophorae,Calliephialtes ferrugineus,0.000875,0.098554409
Polistes,Calliephialtes ferrugineus,0.016248394,0.098554409
Probaryconus,Calliephialtes ferrugineus,0.000921608,0.098554409
Pseudoacalles,Calliephialtes ferrugineus,0.00423,0.098554409
Pseudomyrmex elongatus,Calliephialtes ferrugineus,0.016248394,0.098554409
Pyraustidae,Calliephialtes ferrugineus,0.027,0.098554409
Sapintus fulvipes,Calliephialtes ferrugineus,0.007,0.098554409
Scydmaenidae,Calliephialtes ferrugineus,0.003,0.098554409
Scytodes,Calliephialtes ferrugineus,4.75,0.098554409
Sergiolus,Calliephialtes ferrugineus,0.0039,0.098554409
Staphylinidae,Calliephialtes ferrugineus,0.0476,0.098554409
Stoidis aurata,Calliephialtes ferrugineus,0.009,0.098554409
Styloleptus biustus,Calliephialtes ferrugineus,0.0065,0.098554409
Syrphidae,Calliephialtes ferrugineus,0.015,0.098554409
Tachys occulator,Calliephialtes ferrugineus,0.0035,0.098554409
Tapinoma littorale,Calliephialtes ferrugineus,0.000398141,0.098554409
Telonemus,Calliephialtes ferrugineus,0.000921608,0.098554409
Tetragnatha,Calliephialtes ferrugineus,0.01,0.098554409
Theridion,Calliephialtes ferrugineus,0.0023,0.098554409
Tholeria reversalis,Calliephialtes ferrugineus,0.578053133,0.098554409
Tricorynus,Calliephialtes ferrugineus,0.005,0.098554409
Trischidias atoma,Calliephialtes ferrugineus,0.0025,0.098554409
Uloborus,Calliephialtes ferrugineus,0.005,0.098554409
Urolepis rufipes,Calliephialtes ferrugineus,0.003869709,0.098554409
Vacusus vicinus,Calliephialtes ferrugineus,0.007,0.098554409
Xenomyrmex floridanus,Calliephialtes ferrugineus,0.000760079,0.098554409
Actenodes auronotata,Casinaria texana,0.0115,0.098554409
Actinopteryx fucicola,Casinaria texana,0.000866,0.098554409
Aedes taeniorhynchus,Casinaria texana,0.0035,0.098554409
Alarodia slossoniae,Casinaria texana,0.055875412,0.098554409
Anisomeristes,Casinaria texana,3.62e-05,0.098554409
Anyphaena,Casinaria texana,0.006,0.098554409
Apanteles hemileucae,Casinaria texana,0.001671743,0.098554409
Apidae,Casinaria texana,0.001671743,0.098554409
Apocrita,Casinaria texana,0.826845887,0.098554409
Argiope argentata,Casinaria texana,0.00459071,0.098554409
Argyrodes nephilae,Casinaria texana,0.0077,0.098554409
Ariadna arthuri,Casinaria texana,0.01,0.098554409
Ascia monuste,Casinaria texana,6.828348317,0.098554409
Ataxia,Casinaria texana,0.023,0.098554409
Automeris io,Casinaria texana,2.636851999,0.098554409
Ballus,Casinaria texana,0.004,0.098554409
Bema ydda,Casinaria texana,0.205558315,0.098554409
Bembidion contractum,Casinaria texana,0.0051,0.098554409
Brachymeria psyche,Casinaria texana,0.008284363,0.098554409
Brachymyrmex,Casinaria texana,0.000398141,0.098554409
Calliephialtes ferrugineus,Casinaria texana,0.098554409,0.098554409
Callihormius bifasciatus,Casinaria texana,0.001671743,0.098554409
Camponotus floridanus,Casinaria texana,0.013570258,0.098554409
Camponotus planatus,Casinaria texana,0.003869709,0.098554409
Camponotus tortuganus,Casinaria texana,0.013570258,0.098554409
Cecidomyidae,Casinaria texana,0.003,0.098554409
Chauliognathus marginatus,Casinaria texana,0.0095,0.098554409
Chrysobothris,Casinaria texana,0.0136,0.098554409
Chrysomelidae,Casinaria texana,0.0105,0.098554409
Colobopsis,Casinaria texana,0.003869709,0.098554409
Copidita suturalis,Casinaria texana,0.007,0.098554409
Crematogaster ashmeadi,Casinaria texana,0.001558448,0.098554409
Cryptorama minutum,Casinaria texana,0.005,0.098554409
Cryptorhynchus minutissimus,Casinaria texana,0.00075,0.098554409
Cucujidae,Casinaria texana,0.0155,0.098554409
Dictyna,Casinaria texana,0.00325,0.098554409
Dolomedes,Casinaria texana,0.03,0.098554409
Ecdytolopha,Casinaria texana,0.148376753,0.098554409
Ecphylus,Casinaria texana,0.001671743,0.098554409
Entedontini,Casinaria texana,0.000722205,0.098554409
Eriophora,Casinaria texana,0.014,0.098554409
Euchrysia,Casinaria texana,0.003869709,0.098554409
Euderus,Casinaria texana,0.000722205,0.098554409
Eustala,Casinaria texana,0.008,0.098554409
Gasteracantha ellipsoides,Casinaria texana,0.007,0.098554409
Gnaphosa,Casinaria texana,0.0066,0.098554409
Hentzia palmarum,Casinaria texana,0.006,0.098554409
Heterospilus,Casinaria texana,0.001671743,0.098554409
Holoparamecus,Casinaria texana,2,0.098554409
Hypoponera opacior,Casinaria texana,0.00114621,0.098554409
Iphiaulax epicus,Casinaria texana,0.001671743,0.098554409
Leptostylus,Casinaria texana,0.01,0.098554409
Leucauge venusta,Casinaria texana,0.00675,0.098554409
Lynchia albipennis,Casinaria texana,0.0055,0.098554409
Macrocentrus,Casinaria texana,0.001671743,0.098554409
Maevia vittata,Casinaria texana,0.007,0.098554409
Mangora,Casinaria texana,0.006,0.098554409
Meioneta,Casinaria texana,0.00175,0.098554409
Melanophthalma floridana,Casinaria texana,0.002,0.098554409
Melipotis,Casinaria texana,0.40131981,0.098554409
Melittobia chalybii,Casinaria texana,0.000722205,0.098554409
Metacyrba undata,Casinaria texana,0.0115,0.098554409
Metapelma schwarzi,Casinaria texana,0.002300114,0.098554409
Metepeira labyrinthea,Casinaria texana,0.012,0.098554409
Micronaspis floridana,Casinaria texana,0.0125,0.098554409
Misumenops,Casinaria texana,0.004,0.098554409
Monomorium floricola,Casinaria texana,0.000455048,0.098554409
Neanastatus,Casinaria texana,0.002300114,0.098554409
Nemapogon,Casinaria texana,0.025336077,0.098554409
Nephila clavipes,Casinaria texana,0.032,0.098554409
Nesepyris floridanus,Casinaria texana,0.002300114,0.098554409
Oiketicus abbottii,Casinaria texana,0.071247903,0.098554409
Olfersia sordida,Casinaria texana,0.0055,0.098554409
Ooencyrtus submetallicus,Casinaria texana,0.000398141,0.098554409
Oxacis,Casinaria texana,0.007,0.098554409
Oxycopis,Casinaria texana,0.007,0.098554409
Pachodynerus nasidens,Casinaria texana,0.053463429,0.098554409
Paracryptocerus varians,Casinaria texana,0.00744984,0.098554409
Paraphidippus flavus,Casinaria texana,0.008,0.098554409
Paratrechina bourbonica,Casinaria texana,0.00114621,0.098554409
Phocides batabano,Casinaria texana,1.36330884,0.098554409
Phoebis agarithe,Casinaria texana,5.536546454,0.098554409
Pirata,Casinaria texana,0.00665,0.098554409
Poecilipa rhizophorae,Casinaria texana,0.000875,0.098554409
Probaryconus,Casinaria texana,0.000921608,0.098554409
Pseudoacalles,Casinaria texana,0.00423,0.098554409
Pseudomyrmex elongatus,Casinaria texana,0.016248394,0.098554409
Pyraustidae,Casinaria texana,0.027,0.098554409
Sapintus fulvipes,Casinaria texana,0.007,0.098554409
Scydmaenidae,Casinaria texana,0.003,0.098554409
Scytodes,Casinaria texana,4.75,0.098554409
Sergiolus,Casinaria texana,0.0039,0.098554409
Staphylinidae,Casinaria texana,0.0476,0.098554409
Stoidis aurata,Casinaria texana,0.009,0.098554409
Styloleptus biustus,Casinaria texana,0.0065,0.098554409
Syrphidae,Casinaria texana,0.015,0.098554409
Tachys occulator,Casinaria texana,0.0035,0.098554409
Tapinoma littorale,Casinaria texana,0.000398141,0.098554409
Telonemus,Casinaria texana,0.000921608,0.098554409
Theridion,Casinaria texana,0.0023,0.098554409
Tricorynus,Casinaria texana,0.005,0.098554409
Trischidias atoma,Casinaria texana,0.0025,0.098554409
Trypoxylon collinum,Casinaria texana,0.040552112,0.098554409
Uloborus,Casinaria texana,0.005,0.098554409
Urolepis rufipes,Casinaria texana,0.003869709,0.098554409
Vacusus vicinus,Casinaria texana,0.007,0.098554409
Veigaia,Calliephialtes ferrugineus,0.000795,0.098554409
Phalacrocorax dilophus,Casinaria texana,2568.732374,0.098554409
Tetranychus,Calliephialtes ferrugineus,0.000415,0.098554409
Asca,Casinaria texana,5.3e-07,0.098554409
Pellonyssus,Calliephialtes ferrugineus,2.71e-06,0.098554409
Argas radiatus,Casinaria texana,0.002585816,0.098554409
Membracidae,Casinaria texana,0.0085,0.098554409
Dufouriellus afer,Casinaria texana,0.0035,0.098554409
Chrysopa,Casinaria texana,0.017427594,0.098554409
Orius,Casinaria texana,0.0035,0.098554409
Rhizoglyphus callae,Calliephialtes ferrugineus,5.5e-06,0.098554409
Galumna,Calliephialtes ferrugineus,0.0017,0.098554409
Diradius caribbeana,Casinaria texana,0.0055,0.098554409
Echmepteryx hageni,Casinaria texana,0.00325,0.098554409
Arunta interclusa,Casinaria texana,0.787365181,0.098554409
Lasioseius sp.,Casinaria texana,3.59e-06,0.098554409
Detritus,Casinaria texana,-999,0.098554409
Embidopsocus laticeps,Calliephialtes ferrugineus,0.00325,0.098554409
Trogiomorpha,Casinaria texana,0.00325,0.098554409
Ligia exotica,Casinaria texana,1.348779475,0.098554409
Tetraluerodes,Calliephialtes ferrugineus,0.0025,0.098554409
Dufouriellus afer,Calliephialtes ferrugineus,0.0035,0.098554409
Scheloribates,Calliephialtes ferrugineus,0.000282,0.098554409
Sphaerolophus,Casinaria texana,6.37e-05,0.098554409
Psocidus texanus,Calliephialtes ferrugineus,0.00325,0.098554409
Labidura riparia,Casinaria texana,0.0215,0.098554409
Bdella,Casinaria texana,8.52e-06,0.098554409
Rhizophora mangle,Ecdytolopha,0.057932236,0.148376753
Phoebis agarithe,Ecdytolopha,5.536546454,0.148376753
Rhizophora mangle,Bema ydda,0.057932236,0.205558315
Ataxia,Bema ydda,0.023,0.205558315
Phoebis agarithe,Bema ydda,5.536546454,0.205558315
Rhizophora mangle,Oxydia,0.057932236,0.262111693
Rhizophora mangle,Aratus pisonii,0.057932236,0.311301534
Staphylinidae,Aratus pisonii,0.0476,0.311301534
Rhizophora mangle,Orgygia detrita,0.057932236,0.313497562
Ceroplastes,Orgygia detrita,0.005,0.313497562
Phoebis agarithe,Orgygia detrita,5.536546454,0.313497562
Rhizophora mangle,Turpilia rostrata,0.057932236,0.388073661
Phoebis agarithe,Turpilia rostrata,5.536546454,0.388073661
Staphylinidae,Odonata,0.0476,0.399604248
Syrphidae,Odonata,0.015,0.399604248
Ceroplastes,Odonata,0.005,0.399604248
Rhizophora mangle,Melipotis,0.057932236,0.40131981
Phoebis agarithe,Melipotis,5.536546454,0.40131981
Rhizophora mangle,Tholeria reversalis,0.057932236,0.578053133
Rhizophora mangle,Littorina angulifera,0.057932236,0.588325869
Micronaspis floridana,Littorina angulifera,0.0125,0.588325869
Paratrechina bourbonica,Littorina angulifera,0.00114621,0.588325869
Rhizophora mangle,Arunta interclusa,0.057932236,0.787365181
Rhizophora mangle,Apocrita,0.057932236,0.826845887
Staphylinidae,Apocrita,0.0476,0.826845887
Rhizophora mangle,Phocides batabano,0.057932236,1.36330884
Natrix,Automeris io,100,2.636851999
Aleurothrixus,Automeris io,0.0025,2.636851999
Phalacrocorax dilophus,Automeris io,2568.732374,2.636851999
Syrphidae,Automeris io,0.015,2.636851999
Fungi,Automeris io,4.46244769,2.636851999
Veigaia,Automeris io,0.000795,2.636851999
Poecilipa rhizophorae,Automeris io,0.000875,2.636851999
Lynchia albipennis,Fungi,0.0055,4.46244769
Aedes taeniorhynchus,Scytodes,0.0035,4.75
Alarodia slossoniae,Scytodes,0.055875412,4.75
Automeris io,Scytodes,2.636851999,4.75
Ecdytolopha,Scytodes,0.148376753,4.75
Melipotis,Scytodes,0.40131981,4.75
Nemapogon,Scytodes,0.025336077,4.75
Oiketicus abbottii,Scytodes,0.071247903,4.75
Phocides batabano,Scytodes,1.36330884,4.75
Phoebis agarithe,Scytodes,5.536546454,4.75
Pyraustidae,Scytodes,0.027,4.75
Syrphidae,Scytodes,0.015,4.75
Micronaspis floridana,Scytodes,0.0125,4.75
Orocharis gryllodes,Scytodes,0.083718572,4.75
Camponotus planatus,Scytodes,0.003869709,4.75
Gasteracantha ellipsoides,Scytodes,0.007,4.75
Bembidion contractum,Scytodes,0.0051,4.75
Cephalonomia waterstoni,Scytodes,0.002300114,4.75
Amblyseius,Scytodes,0.0004,4.75
Rhizophora mangle,Scytodes,0.057932236,4.75
Metapelma schwarzi,Scytodes,0.002300114,4.75
Rhizophora mangle,Phoebis agarithe,0.057932236,5.536546454
Rhizophora mangle,Ascia monuste,0.057932236,6.828348317
Syrphidae,Ascia monuste,0.015,6.828348317
Ceroplastes,Ascia monuste,0.005,6.828348317
Phoebis agarithe,Ascia monuste,5.536546454,6.828348317
Acanalonia latifrons,Dendroica,0.011,8
Actinopteryx fucicola,Dendroica,0.000866,8
Aglaopteryx,Dendroica,0.054003595,8
Alarodia slossoniae,Dendroica,0.055875412,8
Aleurothrixus,Dendroica,0.0025,8
Amblyseius,Dendroica,0.0004,8
Anisomeristes,Dendroica,3.62e-05,8
Anurida maritima,Dendroica,0.00065,8
Anyphaena,Dendroica,0.006,8
Apanteles hemileucae,Dendroica,0.001671743,8
Apidae,Dendroica,0.001671743,8
Apocrita,Dendroica,0.826845887,8
Arctoseius,Dendroica,5.3e-07,8
Argas radiatus,Dendroica,0.002585816,8
Argiope argentata,Dendroica,0.00459071,8
Argyrodes nephilae,Dendroica,0.0077,8
Ariadna arthuri,Dendroica,0.01,8
Asca,Dendroica,5.3e-07,8
Ascia monuste,Dendroica,6.828348317,8
Ataxia,Dendroica,0.023,8
Automeris io,Dendroica,2.636851999,8
Axelsonia littoralis,Dendroica,0.00074676,8
Aysha velox,Dendroica,0.0065,8
Ballus,Dendroica,0.004,8
Bdella,Dendroica,8.52e-06,8
Belaphotroctes okalensis,Dendroica,0.00325,8
Bema ydda,Dendroica,0.205558315,8
Bembidion contractum,Dendroica,0.0051,8
Blissus insularis,Dendroica,0.004,8
Brachymeria psyche,Dendroica,0.008284363,8
Brachymyrmex,Dendroica,0.000398141,8
Caecilius,Dendroica,0.00125,8
Calliephialtes ferrugineus,Dendroica,0.098554409,8
Callihormius bifasciatus,Dendroica,0.001671743,8
Camponotus floridanus,Dendroica,0.013570258,8
Camponotus planatus,Dendroica,0.003869709,8
Camponotus tortuganus,Dendroica,0.013570258,8
Carpoglyphus lactis,Dendroica,1.09e-06,8
Carthasis decoratus,Dendroica,0.009,8
Casinaria texana,Dendroica,0.098554409,8
Cecidomyidae,Dendroica,0.003,8
Cephalonomia waterstoni,Dendroica,0.002300114,8
Ceroplastes,Dendroica,0.005,8
Chauliognathus marginatus,Dendroica,0.0095,8
Cheyletia wellsi,Dendroica,4.83e-07,8
Chrysobothris,Dendroica,0.0136,8
Chrysomelidae,Dendroica,0.0105,8
Chrysopa,Dendroica,0.017427594,8
Colobopsis,Dendroica,0.003869709,8
Copidita suturalis,Dendroica,0.007,8
Crematogaster ashmeadi,Dendroica,0.001558448,8
Cryptorama minutum,Dendroica,0.005,8
Cucujidae,Dendroica,0.0155,8
Cycloptilum,Dendroica,0.018459537,8
Cyrtoxipha,Dendroica,0.018459537,8
Dictyna,Dendroica,0.00325,8
Diradius caribbeana,Dendroica,0.0055,8
Dolomedes,Dendroica,0.03,8
Dufouriellus afer,Dendroica,0.0035,8
Ecdytolopha,Dendroica,0.148376753,8
Echmepteryx hageni,Dendroica,0.00325,8
Ecphylus,Dendroica,0.001671743,8
Ectopsocopsis cryptomeriae,Dendroica,0.00325,8
Ectopsocus,Dendroica,0.00325,8
Embidopsocus laticeps,Dendroica,0.00325,8
Entedontini,Dendroica,0.000722205,8
Entonyssus,Dendroica,0.021508161,8
Eriophora,Dendroica,0.014,8
Euchrysia,Dendroica,0.003869709,8
Euderus,Dendroica,0.000722205,8
Eupodes,Dendroica,6.37e-05,8
Eustala,Dendroica,0.008,8
Flatoidinus punctatus,Dendroica,0.0115,8
Galumna,Dendroica,0.0017,8
Gasteracantha ellipsoides,Dendroica,0.007,8
Gnaphosa,Dendroica,0.0066,8
Haplothrips flavipes,Dendroica,0.002532042,8
Hentzia palmarum,Dendroica,0.006,8
Heterospilus,Dendroica,0.001671743,8
Hypoponera opacior,Dendroica,0.00114621,8
Iphiaulax epicus,Dendroica,0.001671743,8
Kalotermes jouteli,Dendroica,0.008284363,8
Labidura riparia,Dendroica,0.0215,8
Lachesilla,Dendroica,0.00325,8
Lapisma sp.,Dendroica,0.057932236,8
Lasioseius sp.,Dendroica,3.59e-06,8
Latiblattella,Dendroica,0.057932236,8
Leptostylus,Dendroica,0.01,8
Leucauge venusta,Dendroica,0.00675,8
Lichenomima,Dendroica,0.00325,8
Ligia exotica,Dendroica,1.348779475,8
Liothrips,Dendroica,0.001874225,8
Liposcelis bostrychophilus,Dendroica,0.00325,8
Littorina angulifera,Dendroica,0.588325869,8
Lophoproctinus bartachi,Dendroica,0.0035,8
Lynchia albipennis,Dendroica,0.0055,8
Macrocentrus,Dendroica,0.001671743,8
Maevia vittata,Dendroica,0.007,8
Mangora,Dendroica,0.006,8
Meioneta,Dendroica,0.00175,8
Melanophthalma floridana,Dendroica,0.002,8
Melichares,Dendroica,3.59e-06,8
Melipotis,Dendroica,0.40131981,8
Melittobia chalybii,Dendroica,0.000722205,8
Membracidae,Dendroica,0.0085,8
Metacyrba undata,Dendroica,0.0115,8
Metapelma schwarzi,Dendroica,0.002300114,8
Metatropiphorus belfragei,Dendroica,0.009,8
Metepeira labyrinthea,Dendroica,0.012,8
Micronaspis floridana,Dendroica,0.0125,8
Misumenops,Dendroica,0.004,8
Monomorium floricola,Dendroica,0.000455048,8
Neanastatus,Dendroica,0.002300114,8
Nemapogon,Dendroica,0.025336077,8
Neotermes castaneus,Dendroica,0.006623951,8
Nephila clavipes,Dendroica,0.032,8
Nesepyris floridanus,Dendroica,0.002300114,8
Neurothrips magnafemoraus,Dendroica,0.001874225,8
Neurotmeta breviceps,Dendroica,0.008,8
Odonata,Dendroica,0.399604248,8
Oebalus pugnax,Dendroica,0.009,8
Oiketicus abbottii,Dendroica,0.071247903,8
Oliarus,Dendroica,0.0065,8
Ooencyrtus submetallicus,Dendroica,0.000398141,8
Orgygia detrita,Dendroica,0.313497562,8
Ornitnonyssus bursa,Dendroica,3.77e-09,8
Orocharis gryllodes,Dendroica,0.083718572,8
Orphnaeus brasilianus,Dendroica,0.22,8
Oxacis,Dendroica,0.007,8
Oxycopis,Dendroica,0.007,8
Oxydia,Dendroica,0.262111693,8
Pachodynerus nasidens,Dendroica,0.053463429,8
Paracryptocerus varians,Dendroica,0.00744984,8
Paraleyrodes,Dendroica,0.0025,8
Paraphidippus flavus,Dendroica,0.008,8
Paratrechina bourbonica,Dendroica,0.00114621,8
Pauropoda,Dendroica,0.001387308,8
Pellonyssus,Dendroica,2.71e-06,8
Phocides batabano,Dendroica,1.36330884,8
Phoebis agarithe,Dendroica,5.536546454,8
Pirata,Dendroica,0.00665,8
Poecilipa rhizophorae,Dendroica,0.000875,8
Polistes,Dendroica,0.016248394,8
Probaryconus,Dendroica,0.000921608,8
Proctolaelaps,Dendroica,3.59e-06,8
Psallus conspurcatus,Dendroica,0.006,8
Pseudoacalles,Dendroica,0.00423,8
Pseudococcus,Dendroica,-999,8
Pseudomyrmex elongatus,Dendroica,0.016248394,8
Pseudothrips inequalis,Dendroica,0.001874225,8
Psocidus texanus,Dendroica,0.00325,8
Pyraustidae,Dendroica,0.027,8
Rhizoglyphus callae,Dendroica,5.5e-06,8
Rhyscotus,Dendroica,0.001,8
Sapintus fulvipes,Dendroica,0.007,8
Saproglyphidae,Dendroica,0.008,8
Scaphytopius,Dendroica,0.0075,8
Scheloribates,Dendroica,0.000282,8
Scleroderma macrogaster,Dendroica,0.002300114,8
Scydmaenidae,Dendroica,0.003,8
Scytodes,Dendroica,4.75,8
Sergiolus,Dendroica,0.0039,8
Sphaerolophus,Dendroica,6.37e-05,8
Staphylinidae,Dendroica,0.0476,8
Stoidis aurata,Dendroica,0.009,8
Styloleptus biustus,Dendroica,0.0065,8
Syrphidae,Dendroica,0.015,8
Tachys occulator,Dendroica,0.0035,8
Tafaliscu lurida,Dendroica,0.083718572,8
Tapinoma littorale,Dendroica,0.000398141,8
Telonemus,Dendroica,0.000921608,8
Tetragnatha,Dendroica,0.01,8
Tetraluerodes,Dendroica,0.0025,8
Tetranychus,Dendroica,0.000415,8
Tholeria reversalis,Dendroica,0.578053133,8
Tricorynus,Dendroica,0.005,8
Trischidias atoma,Dendroica,0.0025,8
Trochopus plumbeus,Dendroica,0.008,8
Trogiomorpha,Dendroica,0.00325,8
Tydeidae,Dendroica,0.0002,8
Tyrannochelifer,Dendroica,0.00255,8
Tyrophagus putrescentiae,Dendroica,1.17e-06,8
Uloborus,Dendroica,0.005,8
Urolepis rufipes,Dendroica,0.003869709,8
Vacusus vicinus,Dendroica,0.007,8
Veigaia,Dendroica,0.000795,8
Xenomyrmex floridanus,Dendroica,0.000760079,8
Acanalonia latifrons,Agelaius phoeniceus,0.011,54.5
Actenodes auronotata,Agelaius phoeniceus,0.0115,54.5
Actinopteryx fucicola,Agelaius phoeniceus,0.000866,54.5
Aedes taeniorhynchus,Agelaius phoeniceus,0.0035,54.5
Aglaopteryx,Agelaius phoeniceus,0.054003595,54.5
Alarodia slossoniae,Agelaius phoeniceus,0.055875412,54.5
Aleurothrixus,Agelaius phoeniceus,0.0025,54.5
Amblyseius,Agelaius phoeniceus,0.0004,54.5
Anisomeristes,Agelaius phoeniceus,3.62e-05,54.5
Anyphaena,Agelaius phoeniceus,0.006,54.5
Apanteles hemileucae,Agelaius phoeniceus,0.001671743,54.5
Apidae,Agelaius phoeniceus,0.001671743,54.5
Apocrita,Agelaius phoeniceus,0.826845887,54.5
Archipsocus panama,Agelaius phoeniceus,0.00325,54.5
Arctoseius,Agelaius phoeniceus,5.3e-07,54.5
Argas radiatus,Agelaius phoeniceus,0.002585816,54.5
Argiope argentata,Agelaius phoeniceus,0.00459071,54.5
Argyrodes nephilae,Agelaius phoeniceus,0.0077,54.5
Ariadna arthuri,Agelaius phoeniceus,0.01,54.5
Arunta interclusa,Agelaius phoeniceus,0.787365181,54.5
Asca,Agelaius phoeniceus,5.3e-07,54.5
Ascia monuste,Agelaius phoeniceus,6.828348317,54.5
Ataxia,Agelaius phoeniceus,0.023,54.5
Automeris io,Agelaius phoeniceus,2.636851999,54.5
Axelsonia littoralis,Agelaius phoeniceus,0.00074676,54.5
Aysha velox,Agelaius phoeniceus,0.0065,54.5
Ballus,Agelaius phoeniceus,0.004,54.5
Belaphotroctes okalensis,Agelaius phoeniceus,0.00325,54.5
Bema ydda,Agelaius phoeniceus,0.205558315,54.5
Bembidion contractum,Agelaius phoeniceus,0.0051,54.5
Blissus insularis,Agelaius phoeniceus,0.004,54.5
Brachymeria psyche,Agelaius phoeniceus,0.008284363,54.5
Brachymyrmex,Agelaius phoeniceus,0.000398141,54.5
Caecilius,Agelaius phoeniceus,0.00125,54.5
Calliephialtes ferrugineus,Agelaius phoeniceus,0.098554409,54.5
Callihormius bifasciatus,Agelaius phoeniceus,0.001671743,54.5
Camponotus floridanus,Agelaius phoeniceus,0.013570258,54.5
Camponotus planatus,Agelaius phoeniceus,0.003869709,54.5
Camponotus tortuganus,Agelaius phoeniceus,0.013570258,54.5
Carthasis decoratus,Agelaius phoeniceus,0.009,54.5
Casinaria texana,Agelaius phoeniceus,0.098554409,54.5
Cecidomyidae,Agelaius phoeniceus,0.003,54.5
Cephalonomia waterstoni,Agelaius phoeniceus,0.002300114,54.5
Ceroplastes,Agelaius phoeniceus,0.005,54.5
Chauliognathus marginatus,Agelaius phoeniceus,0.0095,54.5
Chrysobothris,Agelaius phoeniceus,0.0136,54.5
Chrysomelidae,Agelaius phoeniceus,0.0105,54.5
Chrysopa,Agelaius phoeniceus,0.017427594,54.5
Colobopsis,Agelaius phoeniceus,0.003869709,54.5
Copidita suturalis,Agelaius phoeniceus,0.007,54.5
Crematogaster ashmeadi,Agelaius phoeniceus,0.001558448,54.5
Cryptorama minutum,Agelaius phoeniceus,0.005,54.5
Cryptorhynchus minutissimus,Agelaius phoeniceus,0.00075,54.5
Cucujidae,Agelaius phoeniceus,0.0155,54.5
Cycloptilum,Agelaius phoeniceus,0.018459537,54.5
Cyrtoxipha,Agelaius phoeniceus,0.018459537,54.5
Diradius caribbeana,Agelaius phoeniceus,0.0055,54.5
Dolomedes,Agelaius phoeniceus,0.03,54.5
Dufouriellus afer,Agelaius phoeniceus,0.0035,54.5
Ecdytolopha,Agelaius phoeniceus,0.148376753,54.5
Echmepteryx hageni,Agelaius phoeniceus,0.00325,54.5
Ecphylus,Agelaius phoeniceus,0.001671743,54.5
Ectopsocopsis cryptomeriae,Agelaius phoeniceus,0.00325,54.5
Ectopsocus,Agelaius phoeniceus,0.00325,54.5
Embidopsocus laticeps,Agelaius phoeniceus,0.00325,54.5
Entedontini,Agelaius phoeniceus,0.000722205,54.5
Eriophora,Agelaius phoeniceus,0.014,54.5
Euchrysia,Agelaius phoeniceus,0.003869709,54.5
Euderus,Agelaius phoeniceus,0.000722205,54.5
Eupodes,Agelaius phoeniceus,6.37e-05,54.5
Eustala,Agelaius phoeniceus,0.008,54.5
Flatoidinus punctatus,Agelaius phoeniceus,0.0115,54.5
Galumna,Agelaius phoeniceus,0.0017,54.5
Gasteracantha ellipsoides,Agelaius phoeniceus,0.007,54.5
Gnaphosa,Agelaius phoeniceus,0.0066,54.5
Haplothrips flavipes,Agelaius phoeniceus,0.002532042,54.5
Hentzia palmarum,Agelaius phoeniceus,0.006,54.5
Heterospilus,Agelaius phoeniceus,0.001671743,54.5
Holoparamecus,Agelaius phoeniceus,2,54.5
Hypoponera opacior,Agelaius phoeniceus,0.00114621,54.5
Iphiaulax epicus,Agelaius phoeniceus,0.001671743,54.5
Kalotermes jouteli,Agelaius phoeniceus,0.008284363,54.5
Labidura riparia,Agelaius phoeniceus,0.0215,54.5
Lachesilla,Agelaius phoeniceus,0.00325,54.5
Lapisma sp.,Agelaius phoeniceus,0.057932236,54.5
Lasioseius sp.,Agelaius phoeniceus,3.59e-06,54.5
Latiblattella,Agelaius phoeniceus,0.057932236,54.5
Leptostylus,Agelaius phoeniceus,0.01,54.5
Leucauge venusta,Agelaius phoeniceus,0.00675,54.5
Lichenomima,Agelaius phoeniceus,0.00325,54.5
Ligia exotica,Agelaius phoeniceus,1.348779475,54.5
Liothrips,Agelaius phoeniceus,0.001874225,54.5
Liposcelis bostrychophilus,Agelaius phoeniceus,0.00325,54.5
Lophoproctinus bartachi,Agelaius phoeniceus,0.0035,54.5
Lynchia albipennis,Agelaius phoeniceus,0.0055,54.5
Macrocentrus,Agelaius phoeniceus,0.001671743,54.5
Maevia vittata,Agelaius phoeniceus,0.007,54.5
Mangora,Agelaius phoeniceus,0.006,54.5
Meioneta,Agelaius phoeniceus,0.00175,54.5
Melanophthalma floridana,Agelaius phoeniceus,0.002,54.5
Melichares,Agelaius phoeniceus,3.59e-06,54.5
Melipotis,Agelaius phoeniceus,0.40131981,54.5
Melittobia chalybii,Agelaius phoeniceus,0.000722205,54.5
Membracidae,Agelaius phoeniceus,0.0085,54.5
Metacyrba undata,Agelaius phoeniceus,0.0115,54.5
Metapelma schwarzi,Agelaius phoeniceus,0.002300114,54.5
Metatropiphorus belfragei,Agelaius phoeniceus,0.009,54.5
Metepeira labyrinthea,Agelaius phoeniceus,0.012,54.5
Micronaspis floridana,Agelaius phoeniceus,0.0125,54.5
Misumenops,Agelaius phoeniceus,0.004,54.5
Monomorium floricola,Agelaius phoeniceus,0.000455048,54.5
Neanastatus,Agelaius phoeniceus,0.002300114,54.5
Neotermes castaneus,Agelaius phoeniceus,0.006623951,54.5
Nephila clavipes,Agelaius phoeniceus,0.032,54.5
Nesepyris floridanus,Agelaius phoeniceus,0.002300114,54.5
Neurothrips magnafemoraus,Agelaius phoeniceus,0.001874225,54.5
Odonata,Agelaius phoeniceus,0.399604248,54.5
Oebalus pugnax,Agelaius phoeniceus,0.009,54.5
Oiketicus abbottii,Agelaius phoeniceus,0.071247903,54.5
Olfersia sordida,Agelaius phoeniceus,0.0055,54.5
Ooencyrtus submetallicus,Agelaius phoeniceus,0.000398141,54.5
Orgygia detrita,Agelaius phoeniceus,0.313497562,54.5
Orius,Agelaius phoeniceus,0.0035,54.5
Ornitnonyssus bursa,Agelaius phoeniceus,3.77e-09,54.5
Orocharis gryllodes,Agelaius phoeniceus,0.083718572,54.5
Orphnaeus brasilianus,Agelaius phoeniceus,0.22,54.5
Oxacis,Agelaius phoeniceus,0.007,54.5
Oxycopis,Agelaius phoeniceus,0.007,54.5
Oxydia,Agelaius phoeniceus,0.262111693,54.5
Paracryptocerus varians,Agelaius phoeniceus,0.00744984,54.5
Paraleyrodes,Agelaius phoeniceus,0.0025,54.5
Paraphidippus flavus,Agelaius phoeniceus,0.008,54.5
Pauropoda,Agelaius phoeniceus,0.001387308,54.5
Pellonyssus,Agelaius phoeniceus,2.71e-06,54.5
Pentacora sphacelata,Agelaius phoeniceus,0.032069663,54.5
Peripsocus,Agelaius phoeniceus,0.00325,54.5
Phocides batabano,Agelaius phoeniceus,1.36330884,54.5
Phoebis agarithe,Agelaius phoeniceus,5.536546454,54.5
Pirata,Agelaius phoeniceus,0.00665,54.5
Poecilipa rhizophorae,Agelaius phoeniceus,0.000875,54.5
Polistes,Agelaius phoeniceus,0.016248394,54.5
Probaryconus,Agelaius phoeniceus,0.000921608,54.5
Proctolaelaps,Agelaius phoeniceus,3.59e-06,54.5
Psallus conspurcatus,Agelaius phoeniceus,0.006,54.5
Pseudococcus,Agelaius phoeniceus,-999,54.5
Pseudomyrmex elongatus,Agelaius phoeniceus,0.016248394,54.5
Pseudothrips inequalis,Agelaius phoeniceus,0.001874225,54.5
Psocidus texanus,Agelaius phoeniceus,0.00325,54.5
Pyraustidae,Agelaius phoeniceus,0.027,54.5
Rhizoglyphus callae,Agelaius phoeniceus,5.5e-06,54.5
Rhizophora mangle,Agelaius phoeniceus,0.057932236,54.5
Rhyscotus,Agelaius phoeniceus,0.001,54.5
Sapintus fulvipes,Agelaius phoeniceus,0.007,54.5
Saproglyphidae,Agelaius phoeniceus,0.008,54.5
Scaphytopius,Agelaius phoeniceus,0.0075,54.5
Scheloribates,Agelaius phoeniceus,0.000282,54.5
Scleroderma macrogaster,Agelaius phoeniceus,0.002300114,54.5
Scydmaenidae,Agelaius phoeniceus,0.003,54.5
Scytodes,Agelaius phoeniceus,4.75,54.5
Sergiolus,Agelaius phoeniceus,0.0039,54.5
Sphaerolophus,Agelaius phoeniceus,6.37e-05,54.5
Stoidis aurata,Agelaius phoeniceus,0.009,54.5
Styloleptus biustus,Agelaius phoeniceus,0.0065,54.5
Syrphidae,Agelaius phoeniceus,0.015,54.5
Tachys occulator,Agelaius phoeniceus,0.0035,54.5
Tafaliscu lurida,Agelaius phoeniceus,0.083718572,54.5
Tapinoma littorale,Agelaius phoeniceus,0.000398141,54.5
Telonemus,Agelaius phoeniceus,0.000921608,54.5
Tetragnatha,Agelaius phoeniceus,0.01,54.5
Tetraluerodes,Agelaius phoeniceus,0.0025,54.5
Theridion,Agelaius phoeniceus,0.0023,54.5
Tholeria reversalis,Agelaius phoeniceus,0.578053133,54.5
Tricorynus,Agelaius phoeniceus,0.005,54.5
Trischidias atoma,Agelaius phoeniceus,0.0025,54.5
Trochopus plumbeus,Agelaius phoeniceus,0.008,54.5
Trogiomorpha,Agelaius phoeniceus,0.00325,54.5
Trypoxylon collinum,Agelaius phoeniceus,0.040552112,54.5
Turpilia rostrata,Agelaius phoeniceus,0.388073661,54.5
Tydeidae,Agelaius phoeniceus,0.0002,54.5
Tyrannochelifer,Agelaius phoeniceus,0.00255,54.5
Tyrophagus putrescentiae,Agelaius phoeniceus,1.17e-06,54.5
Uloborus,Agelaius phoeniceus,0.005,54.5
Vacusus vicinus,Agelaius phoeniceus,0.007,54.5
Veigaia,Agelaius phoeniceus,0.000795,54.5
Xenomyrmex floridanus,Agelaius phoeniceus,0.000760079,54.5
Algae,Agelaius phoeniceus,8.21e-07,54.5
Staphylinidae,Natrix,0.0476,100
Aleurothrixus,Butorides virescens,0.0025,240
Aedes taeniorhynchus,Butorides virescens,0.0035,240
Entonyssus,Phalacrocorax dilophus,0.021508161,2568.732374
Pentacora sphacelata,Phalacrocorax dilophus,0.032069663,2568.732374
Staphylinidae,Phalacrocorax dilophus,0.0476,2568.732374
Metapelma schwarzi,Phalacrocorax dilophus,0.002300114,2568.732374
Turpilia rostrata,Phalacrocorax dilophus,0.388073661,2568.732374
Cucujidae,Phalacrocorax dilophus,0.0155,2568.732374
Syrphidae,Pelecanus,0.015,3500
