Score,Label
0.000860093,1
0.9952149,1
0.9997007,1
0.2125993,1
0.02415971,0
0.8718995,0
0.0003705155,0
0.0010414,0
1,0
0.005931637,0
0.7427501,0
0.001139005,0
1,0
0.8254591,0
0.008115407,0
0.5460405,0
0.0006884716,0
0.008115407,0
0.621227,0
0.003469304,0
0.0007738475,0
0.0008051333,0
0.9556877,0
0.0010414,0
0.001429818,0
0.9999988,0
0.6111953,0
0.2930186,0
0.1098458,0
0.1676353,0
0.7905942,0
0.0181649,0
0.0010414,0
0.9556877,0
0.7078984,0
