Score,Label
0.0001388583,1
0.009454167,1
0.088689,0
0.895423,0
1.379629e-05,0
7.263707e-05,0
6.16439e-05,0
6.16439e-05,0
9.212201e-06,0
0.8253556,0
6.16439e-05,0
0.895423,0
8.39607e-06,0
8.866515e-05,0
0.0004893711,0
0.9938886,0
0.0001257666,0
0.9946361,0
0.0003192891,0
6.16439e-05,0
1.082657e-05,0
