Score,Label
0.9992713,1
1,1
0.9999949,1
0.9999968,1
0.9999909,1
0.1699669,1
1,1
1,1
0.004850222,0
4.409688e-05,0
5.396644e-07,0
0.9992788,0
0.9999517,0
1,0
6.261916e-06,0
1.283883e-05,0
0.04479016,0
0.004470289,0
7.350976e-06,0
3.143049e-05,0
1.430962e-05,0
0.0001353741,0
7.051355e-05,0
0.4179321,0
6.261916e-06,0
