Score,Label
0.4588648,1
0.9999427,1
0.2116258,1
0.9996969,0
0.9977661,0
0.001254391,0
0.003335581,0
0.9995543,0
0.003335581,0
