Score,Label
0.00442382,1
0.1247658,1
0.9999661,1
0.003534255,0
0.005376312,0
0.003504016,0
0.0004834853,0
3.643442e-05,0
0.02247016,0
0.0007191957,0
0.0006130733,0
0.0003307686,0
0.003425841,0
