Score,Label
1,1
1,1
1,1
1,1
0.9999998,1
0.9999912,1
0.9999912,1
0.9999912,1
0.9999912,1
0.9999998,1
0.003583487,1
0.9293129,1
0.9293129,1
0.9293129,1
0.9293129,1
0.7949323,1
0.9983189,1
0.9992232,1
0.9753237,1
0.9992232,1
0.9992232,1
0.001265342,0
0.002626919,0
0.001886061,0
0.001324383,0
0.0009995874,0
0.9293129,0
0.00301234,0
0.09705765,0
0.007166845,0
0.001055051,0
0.001055051,0
0.003320701,0
0.0002738457,0
0.0006965435,0
0.0009169381,0
0.4579982,0
0.0003085004,0
0.00157097,0
0.002497664,0
0.004065619,0
0.02160737,0
