Score,Label
0.9999839,1
0.9999999,1
0.9999999,1
0.1896456,1
0.0001465036,1
0.999998,1
0.9999926,1
0.9997686,1
0.9270697,0
1,0
0.02453707,0
0.0007625595,0
0.6891908,0
0.9728439,0
0.0001943352,0
3.782572e-07,0
