Score,Label
0.9406983,1
0.9986995,1
0.9999931,1
3.677088e-06,1
0.9999996,1
1,1
0.4995366,1
0.9999996,1
3.503293e-06,0
0.01876753,0
0.5698721,0
5.017046e-05,0
0.9304895,0
1.701259e-06,0
0.0002731711,0
0.9999149,0
