Score,Label
0.7916353,1
0.9799802,1
0.6843902,1
0.001438926,0
0.0004214636,0
1.753136e-06,0
7.111121e-07,0
0.0001378567,0
0.8761964,0
