Score,Label
0.005836072,1
0.9557143,1
0.9999999,1
4.018671e-05,0
0.0001498163,0
0.00196271,0
0.4997885,0
0.0001253963,0
0.9999864,0
