Score,Label
0.9999996,1
0.9970789,1
0.8013207,1
0.9466504,1
0.9999963,1
0.9999752,1
0.9999665,1
0.999997,1
0.8916016,0
0.005693406,0
1.09663e-05,0
2.355609e-09,0
3.334539e-05,0
0.0018079,0
0.8916016,0
4.173156e-08,0
