Score,Label
0.9999985,1
0.9999999,1
0.6656733,1
1,1
0.008020654,1
0.02617418,1
0.5608141,1
0.9999902,1
0.9994272,1
0.999892,1
0.008020654,0
0.9504322,0
0.9504322,0
0.5843234,0
0.9999011,0
0.001788772,0
0.2037374,0
0.004181736,0
0.9996754,0
0.9999932,0
