Score,Label
0.9999759,1
0.9996252,1
0.9992849,1
0.1356553,1
0.9996252,1
1.962808e-05,0
0.0003604247,0
7.95041e-06,0
0.9993275,0
7.043056e-05,0
