Score,Label
0.9434556,1
0.9851589,1
0.9434556,1
0.3590719,1
1,1
0.9999932,1
0.9987555,1
0.9988468,1
0.9988468,1
0.9988468,1
0.9988468,1
0.9434556,1
0.9434556,1
0.9434556,1
0.9434556,1
0.9434556,1
0.9434556,1
0.9987555,1
0.9434556,1
0.9434556,1
0.9434556,1
0.9993232,1
0.9434556,1
0.9434556,1
0.9434556,1
0.9434556,1
0.9999864,1
0.9999946,1
0.9987555,1
0.9343872,1
0.9993232,1
0.999999,1
0.999999,1
0.9999955,1
0.9759154,1
0.8274229,1
0.9999955,1
0.9999994,1
0.9999955,1
0.8274229,1
0.9999955,1
0.999999,1
0.9999331,1
0.9993266,1
0.9985349,1
0.9999331,1
0.999999,1
0.999999,1
0.9999955,1
0.9999955,1
0.9853694,1
0.9999999,1
7.360741e-11,0
1.227153e-07,0
4.703945e-10,0
7.072656e-11,0
0.0002303929,0
1.857242e-05,0
4.588999e-09,0
9.320925e-11,0
4.629706e-08,0
0.004504298,0
7.360741e-11,0
2.185229e-08,0
3.101661e-10,0
4.656e-11,0
2.20821e-09,0
1.742092e-10,0
1.37681e-10,0
7.360741e-11,0
7.360741e-11,0
7.360741e-11,0
5.94882e-09,0
0.9434556,0
0.000385674,0
4.703945e-10,0
5.536395e-08,0
1.747504e-09,0
0.000385674,0
7.360741e-11,0
1.458776e-05,0
4.792493e-08,0
0.000385674,0
2.20821e-09,0
6.417043e-11,0
0.000385674,0
7.360741e-11,0
2.247131e-07,0
2.247131e-07,0
1.023536e-09,0
2.185229e-08,0
6.417043e-11,0
1.91776e-05,0
0.000385674,0
2.185229e-08,0
1.37045e-07,0
5.94882e-09,0
7.360741e-11,0
3.06216e-07,0
0.0006357506,0
2.185229e-08,0
5.27528e-09,0
4.792493e-08,0
6.246185e-10,0
9.320925e-11,0
4.247403e-08,0
1.388283e-05,0
4.703945e-10,0
0.03961679,0
2.185229e-08,0
0.000385674,0
9.907908e-11,0
2.284067e-09,0
2.20821e-09,0
5.259491e-05,0
1.313493e-07,0
2.247131e-07,0
7.360741e-11,0
0.09938251,0
9.07567e-06,0
0.0002303929,0
0.000385674,0
6.647057e-05,0
2.195863e-08,0
8.441949e-11,0
1.458776e-05,0
6.417043e-11,0
4.728534e-08,0
4.375835e-06,0
1.37045e-07,0
1.994056e-10,0
0.0003710314,0
3.101661e-10,0
3.06216e-07,0
7.360741e-11,0
6.417043e-11,0
6.997496e-07,0
4.728534e-08,0
0.0006357506,0
6.940682e-09,0
6.417043e-11,0
0.8161996,0
0.0002381949,0
8.308812e-07,0
1.038761e-05,0
3.101661e-10,0
4.703945e-10,0
7.072656e-11,0
7.145561e-08,0
3.101661e-10,0
9.320925e-11,0
1.857242e-05,0
2.247131e-07,0
5.94882e-09,0
7.360741e-11,0
1.857242e-05,0
