Score,Label
0.9999882,1
0.9902762,1
0.9999882,1
0.9999882,1
0.8509423,1
0.9999882,1
0.9999882,1
0.7749997,1
0.9999882,1
0.9636731,1
0.9636731,1
0.9636731,1
0.9969681,1
0.9989383,1
0.9969681,1
0.9969681,1
0.9969681,1
0.9997054,1
0.9999975,1
0.9999975,1
0.9992029,1
0.9992029,1
0.9999975,1
0.9933924,1
0.9998115,1
0.9998786,1
0.545876,1
0.999993,1
0.999993,1
0.9995633,1
0.999971,1
0.999993,1
0.999971,1
0.999993,1
0.999823,1
0.9983816,1
0.999993,1
0.999993,1
0.996815,1
0.9999392,1
0.9999392,1
0.9994679,1
0.9999392,1
0.9999975,1
0.9999975,1
0.9989921,1
0.9992029,1
0.9992029,1
0.9924851,1
0.9999975,1
0.9999975,1
0.9980737,1
0.9999975,1
1.641807e-12,0
1.641807e-12,0
1.641807e-12,0
1.641807e-12,0
1.641807e-12,0
1.641807e-12,0
1.641807e-12,0
1.219364e-08,0
1.219364e-08,0
1.641807e-12,0
1.641807e-12,0
1.641807e-12,0
0.0001274464,0
1.641807e-12,0
0.0002400771,0
0.0003446169,0
1.641807e-12,0
2.290026e-05,0
0.0003446169,0
0.0001274464,0
1.641807e-12,0
1.641807e-12,0
1.641807e-12,0
1.641807e-12,0
1.641807e-12,0
1.079715e-10,0
1.641807e-12,0
1.641807e-12,0
1.641807e-12,0
1.641807e-12,0
1.641807e-12,0
1.641807e-12,0
1.641807e-12,0
1.641807e-12,0
1.641807e-12,0
1.641807e-12,0
1.079715e-10,0
1.641807e-12,0
0.0004372181,0
1.641807e-12,0
0.0004372181,0
1.641807e-12,0
1.641807e-12,0
8.85412e-05,0
0.0002400771,0
1.079715e-10,0
1.641807e-12,0
1.641807e-12,0
1.641807e-12,0
1.641807e-12,0
0.0001274464,0
1.641807e-12,0
1.641807e-12,0
1.641807e-12,0
1.641807e-12,0
1.641807e-12,0
1.641807e-12,0
1.641807e-12,0
1.641807e-12,0
9.292763e-07,0
1.641807e-12,0
1.641807e-12,0
1.641807e-12,0
1.641807e-12,0
0.0004372181,0
0.0003446169,0
0.0004372181,0
1.641807e-12,0
0.0001274464,0
1.641807e-12,0
0.0002400771,0
1.641807e-12,0
0.0003446169,0
1.641807e-12,0
2.290026e-05,0
0.0001274464,0
1.641807e-12,0
0.0004372181,0
1.641807e-12,0
0.0002400771,0
0.0001274464,0
1.641807e-12,0
0.003767105,0
1.641807e-12,0
1.641807e-12,0
0.0001274464,0
1.641807e-12,0
1.641807e-12,0
0.0004372181,0
8.338301e-07,0
1.641807e-12,0
1.641807e-12,0
1.641807e-12,0
0.0004372181,0
0.0001274464,0
1.641807e-12,0
1.641807e-12,0
9.820479e-05,0
1.641807e-12,0
1.079715e-10,0
1.641807e-12,0
1.079715e-10,0
1.641807e-12,0
1.641807e-12,0
1.219364e-08,0
0.0001274464,0
