Score,Label
0.9999723,1
0.9999723,1
0.9995234,1
0.9995234,1
0.9998838,1
0.8071668,1
0.9999977,1
0.9999981,1
0.9999994,1
0.9999994,1
0.9999992,1
0.9999977,1
0.9999981,1
0.9777048,1
0.9999994,1
0.9999994,1
0.999995,1
0.9994516,1
0.009330446,0
0.03772168,0
0.01542801,0
0.1270212,0
0.0004426839,0
0.3172184,0
0.004246512,0
2.033062e-05,0
3.226985e-05,0
0.8071668,0
0.8071668,0
9.824041e-06,0
3.226985e-05,0
0.003477617,0
5.763878e-06,0
3.226985e-05,0
0.0001097126,0
0.01542801,0
