Score,Label
0.002508092,1
0.9999787,1
0.9999787,1
0.0001764153,1
0.1970952,1
1,1
1,1
1,1
1,1
1,1
3.051049e-05,0
0.0001764153,0
3.221247e-06,0
7.971176e-05,0
8.298221e-06,0
0.0004313454,0
0.0001764153,0
0.01159828,0
3.704142e-08,0
0.01159828,0
3.842158e-05,0
5.730669e-06,0
2.056046e-05,0
3.842158e-05,0
2.532782e-05,0
0.0001115411,0
5.929117e-06,0
0.01159828,0
7.971176e-05,0
6.174686e-05,0
