Score,Label
0.04136908,1
0.9612267,1
0.9894975,1
0.9894975,1
0.9894975,1
0.9612267,1
0.9612267,1
0.9612267,1
0.9612267,1
0.9612267,1
0.9612267,1
0.9612267,1
0.9612267,1
0.9612267,1
0.9612267,1
0.9612267,1
0.6193137,1
0.9612267,1
0.9602084,1
0.9612267,1
0.9612267,1
0.9612267,1
0.9612267,1
0.9612267,1
0.9581188,0
0.02210771,0
0.9894975,0
0.01333302,0
0.00107846,0
0.02210771,0
0.01699991,0
0.001178782,0
0.01384304,0
0.01331422,0
0.0006869772,0
0.0006125205,0
0.007385634,0
0.007529857,0
0.01394746,0
0.1076779,0
0.00280949,0
0.001985792,0
0.00107846,0
0.01009644,0
0.02335854,0
0.008504208,0
0.008906323,0
0.001502392,0
