Score,Label
0.999998,1
0.999998,1
0.9999894,1
0.9923804,1
0.9999894,1
0.9999787,1
0.9999999,1
1,1
0.9999999,1
0.9999999,1
2.87691e-06,0
3.132508e-08,0
1.667701e-06,0
1.55039e-09,0
4.243723e-07,0
2.601862e-09,0
1.069476e-05,0
9.06274e-06,0
1.667701e-06,0
9.131075e-11,0
6.044376e-10,0
1.722098e-10,0
8.065904e-09,0
1.096657e-10,0
3.426402e-10,0
0.7842197,0
0.0002081659,0
1.326603e-11,0
1.069476e-05,0
1.062582e-10,0
