Score,Label
2.640555e-07,1
2.640555e-07,1
2.640555e-07,1
1,1
7.503363e-13,0
5.021784e-14,0
1.270462e-13,0
6.992227e-12,0
6.992227e-12,0
5.021784e-14,0
2.640555e-07,0
1.234422e-13,0
