Score,Label
0.9797812,1
0.9797812,1
0.9797812,1
0.9797812,1
0.9797812,1
0.1385168,1
0.1385168,1
0.1385168,1
0.1385168,1
0.1385168,1
0.1385168,1
0.1385168,1
0.1385168,1
0.1385168,1
6.860948e-12,0
7.738552e-16,0
7.738552e-16,0
7.738552e-16,0
7.738552e-16,0
7.738552e-16,0
7.738552e-16,0
1.980532e-05,0
7.838735e-09,0
7.738552e-16,0
7.738552e-16,0
1.980532e-05,0
7.738552e-16,0
6.533465e-08,0
7.738552e-16,0
7.738552e-16,0
1.980532e-05,0
7.738552e-16,0
7.738552e-16,0
7.838735e-09,0
7.738552e-16,0
7.738552e-16,0
7.738552e-16,0
7.738552e-16,0
7.182147e-10,0
7.738552e-16,0
7.738552e-16,0
0.0002015212,0
