Score,Label
0.9998248,1
1,1
0.9854264,1
6.126778e-05,1
0.0003322725,1
0.00027604,1
6.126778e-05,1
0.0001790283,0
0.001609545,0
0.001609545,0
0.0001167259,0
8.905494e-05,0
0.0003504509,0
0.0001759767,0
