Score,Label
0.7788165,1
0.7788165,1
0.7788165,1
0.9834284,1
0.9187242,1
2.098091e-07,0
0.001054421,0
2.666919e-05,0
0.01152655,0
0.001054421,0
5.858474e-11,0
0.01152655,0
5.858474e-11,0
2.223922e-08,0
0.01152655,0
