Score,Label
2.163681e-06,1
2.163681e-06,1
0.0001336859,1
3.914476e-05,1
0.9776664,1
0.9999999,1
5.348727e-08,0
1.17152e-08,0
1.626339e-08,0
3.303443e-07,0
7.455105e-05,0
9.931496e-08,0
