Score,Label
0.9077133,1
0.9077133,1
0.0001005347,1
0.9300694,1
0.9300694,1
0.1239679,1
0.999884,1
0.9077133,1
0.9970655,1
0.08848073,1
0.9970655,1
0.08848073,1
0.9970655,1
0.08848073,1
0.9970655,1
0.1752254,1
0.08848073,1
0.9554195,1
0.7775222,1
0.7775222,1
0.929996,1
0.7775222,1
0.7775222,1
0.7775222,1
0.7775222,1
0.7775222,1
0.9990795,1
0.9990795,1
0.9990795,1
0.6723589,1
0.6723589,1
0.6723589,1
0.9077133,1
0.9077133,1
0.9077133,1
0.999884,1
0.9300694,1
0.9300694,1
0.9300694,1
0.999884,1
0.9300694,1
0.9998685,1
0.7845632,1
0.9998575,1
0.9998575,1
0.9996808,1
0.9980232,1
0.9999937,1
0.9999937,1
0.9980232,1
0.969309,1
0.9999937,1
0.9999937,1
0.9999937,1
0.9999528,1
0.9999846,1
0.9999858,1
0.9982576,1
0.9993159,1
0.9993159,1
0.9982576,1
0.9999858,1
0.9982576,1
0.9677986,1
0.9999956,1
0.9997724,1
0.9944543,1
0.9997724,1
0.9944543,1
0.9944543,1
0.9944543,1
0.9944543,1
0.9944543,1
0.7239646,1
0.7239646,1
0.999275,1
0.7239646,1
0.01652615,1
0.9997724,1
0.9997724,1
0.9944543,1
0.9944543,1
0.9998709,1
2.161726e-06,0
1.845676e-05,0
2.274659e-09,0
0.002527439,0
9.318099e-07,0
3.783204e-09,0
3.993577e-07,0
4.451795e-06,0
1.707609e-06,0
8.158604e-08,0
2.161726e-06,0
9.953985e-07,0
9.636652e-07,0
0.007239958,0
2.678211e-08,0
4.461045e-10,0
1.258403e-05,0
2.360322e-17,0
4.066443e-12,0
0.0003945293,0
2.688299e-06,0
1.301504e-06,0
4.461045e-10,0
1.845676e-05,0
4.241381e-08,0
0.413241,0
0.001153055,0
0.01111947,0
1.845676e-05,0
0.01652615,0
0.004884938,0
0.7775222,0
0.7775222,0
3.783204e-09,0
0.114858,0
1.845676e-05,0
0.7775222,0
2.161726e-06,0
1.082021e-07,0
2.063611e-06,0
4.833986e-09,0
1.579866e-11,0
5.331681e-10,0
5.329181e-07,0
1.225856e-09,0
4.461045e-10,0
0.9401632,0
2.877458e-16,0
1.548539e-13,0
4.291655e-08,0
0.7775222,0
2.161726e-06,0
0.2642595,0
0.002527439,0
4.461045e-10,0
2.274659e-09,0
5.873845e-05,0
0.2705069,0
0.00277406,0
4.834721e-05,0
4.461045e-10,0
1.548539e-13,0
1.775812e-09,0
3.120515e-06,0
2.161726e-06,0
0.003391486,0
0.0004478039,0
2.591633e-10,0
0.007239958,0
0.9997724,0
2.307792e-05,0
3.093745e-09,0
2.901347e-13,0
1.845676e-05,0
6.372706e-06,0
7.661709e-09,0
1.004471e-05,0
1.798782e-06,0
1.845676e-05,0
1.845676e-05,0
2.161726e-06,0
3.268607e-06,0
8.178465e-09,0
