Score,Label
0.8514236,1
0.8514236,1
0.8514236,1
0.8514236,1
0.8514236,1
0.9988264,1
0.9988264,1
0.9988264,1
0.9988264,1
0.9988264,1
0.9988264,1
0.9988264,1
0.1587247,0
0.0005554013,0
1.584591e-06,0
0.0303582,0
1.584591e-06,0
0.0303582,0
2.921465e-05,0
1.584591e-06,0
0.1587247,0
0.1587247,0
2.921465e-05,0
2.921465e-05,0
2.921465e-05,0
1.584591e-06,0
0.0303582,0
1.584591e-06,0
0.1587247,0
1.584591e-06,0
1.584591e-06,0
0.001410932,0
2.285858e-05,0
2.921465e-05,0
2.921465e-05,0
2.285858e-05,0
