Score,Label
0.9990434,1
1,1
0.9990434,1
0.9990434,1
1,1
1,1
0.7401035,1
0.9993787,1
0.9996471,1
0.9996471,1
0.9999651,1
2.272695e-05,1
2.272695e-05,1
0.9971901,1
0.9971901,1
0.000985174,1
7.103213e-05,1
0.9971901,1
0.992084,1
0.002059735,1
0.002059735,1
0.002059735,1
0.002105558,1
0.002059735,1
0.002059735,1
0.9999998,1
0.07519016,1
0.9999988,1
0.002059735,1
0.01454558,1
0.9957147,1
0.9010423,1
0.9919437,1
0.9999973,1
1,1
0.9010423,1
0.8881409,1
1,1
0.8881409,1
0.9996905,1
0.9999969,1
0.9999996,1
0.9993203,1
0.9993203,1
0.002059735,1
0.992084,1
0.992084,1
0.992084,1
0.9332288,1
0.9999977,1
2.958979e-06,1
0.9928266,1
0.9928266,1
0.7056134,1
0.002059735,1
8.140205e-06,0
1.154733e-06,0
2.587663e-05,0
0.7594972,0
3.379602e-05,0
3.179435e-06,0
7.321221e-06,0
4.881604e-06,0
3.983633e-06,0
0.7056134,0
3.248609e-06,0
0.0263253,0
9.984249e-05,0
3.366562e-05,0
0.2048406,0
0.01836558,0
0.9999815,0
2.92311e-09,0
0.06650995,0
1.462568e-06,0
0.01703514,0
4.863318e-06,0
0.9957147,0
0.0001371154,0
0.2349963,0
0.992084,0
5.249225e-06,0
3.662522e-06,0
5.919897e-07,0
5.961157e-07,0
0.1921082,0
0.07364986,0
0.001469433,0
9.139798e-05,0
1.02951e-07,0
4.87973e-05,0
3.248609e-06,0
4.464155e-05,0
2.77865e-05,0
0.9976695,0
2.993288e-06,0
2.408471e-05,0
0.8179956,0
0.0003972906,0
4.785094e-07,0
0.0002627521,0
0.026773,0
3.417771e-07,0
0.0001834656,0
0.001457611,0
7.666806e-07,0
2.587663e-05,0
8.38328e-07,0
0.8881409,0
0.1366958,0
