Score,Label
0.9999912,1
0.02907632,1
0.02907632,1
0.02907632,1
0.1227777,1
0.9999999,1
0.999997,1
0.4979367,1
0.9954042,1
0.4979367,1
0.9759931,1
1,1
0.999999,1
0.09792732,1
0.4515377,1
1,1
0.9999877,1
1,1
1,1
0.008680327,1
1,1
1,1
0.999993,1
0.0002240655,1
0.7356206,1
0.7356206,1
0.9994457,1
0.9994457,1
0.6708512,1
0.7356206,1
0.7356206,1
0.7356206,1
0.6708512,1
0.414976,1
0.9999547,1
0.009545892,1
1,1
1,1
9.322586e-06,1
0.9999547,1
0.7356206,1
0.9483761,1
0.9965674,1
0.1555372,1
0.0671825,1
1,1
0.0671825,1
0.9999998,1
0.9999998,1
0.9992894,1
0.9992894,1
0.9992894,1
0.002814106,1
0.9992894,1
0.9992894,1
0.7356206,1
0.9991999,1
0.9999998,1
0.9999998,1
0.9963467,1
0.99979,1
0.003008282,1
0.9999998,1
0.9999999,1
1,1
1,1
0.007430965,1
5.792129e-08,1
1,1
0.9999951,1
0.9999611,1
0.9994457,1
0.9994457,1
0.9996543,1
0.4536082,1
0.7356206,1
0.005864602,1
0.7356206,1
0.9992894,1
0.002814106,1
0.9994457,1
0.9994457,1
0.0004838479,1
0.7356206,1
0.0004907483,1
0.9994457,1
0.9994457,1
0.7356206,1
0.8231276,1
0.8231276,1
6.008237e-06,1
0.0004022363,1
0.7181144,1
0.8555866,1
3.270151e-10,1
1.114122e-08,0
0.7356206,0
1.470473e-05,0
2.399302e-10,0
4.928024e-05,0
1.1266e-10,0
0.1890589,0
5.01088e-09,0
0.7356206,0
0.004269505,0
0.2137992,0
1.53595e-09,0
0.9996543,0
0.001184179,0
0.01128598,0
1.437759e-05,0
6.582912e-08,0
1.463688e-13,0
0.1555372,0
0.7356206,0
1.544935e-12,0
0.9267488,0
0.7356206,0
0.01055468,0
0.004269505,0
9.539701e-16,0
0.05567555,0
1.470473e-05,0
0.7356206,0
2.323402e-08,0
0.3114744,0
0.0002419909,0
0.005837942,0
0.0002587008,0
2.95145e-05,0
2.375792e-07,0
0.4515377,0
6.757225e-11,0
1.633247e-08,0
0.7356206,0
1.470473e-05,0
3.230554e-06,0
0.0671825,0
0.05567555,0
0.01677383,0
9.81697e-12,0
8.592417e-05,0
5.104121e-06,0
0.004311561,0
4.558946e-07,0
0.4602811,0
0.008680327,0
4.9344e-05,0
2.056757e-07,0
1.039643e-06,0
0.05567555,0
0.0004318885,0
0.001097259,0
9.382295e-08,0
0.003008282,0
1.470473e-05,0
1.764402e-12,0
0.4602811,0
0.8197616,0
0.4602811,0
6.199477e-11,0
0.5574377,0
1.411414e-10,0
2.568408e-09,0
2.685892e-10,0
2.934491e-06,0
0.0002226451,0
0.7356206,0
0.01128598,0
0.06364895,0
0.2137992,0
0.002814106,0
1.647095e-05,0
0.000325269,0
1.470473e-05,0
2.200501e-05,0
4.233181e-10,0
2.084661e-06,0
3.349848e-05,0
0.9992894,0
0.0305354,0
3.18628e-10,0
0.0007554949,0
1.470473e-05,0
0.9630305,0
0.005864602,0
3.197181e-05,0
0.03626594,0
6.688195e-09,0
6.68936e-06,0
