Score,Label
0.9998342,1
0.9999892,1
0.9999892,1
0.9999892,1
0.9343257,1
0.9982937,1
4.938233e-08,1
0.9999958,1
0.540069,1
0.8828489,1
0.8828489,1
0.9999999,1
0.2594821,1
0.9999905,1
0.9999406,1
0.9999406,1
0.0355069,1
0.9999892,1
0.540069,1
0.9913311,1
1,1
0.108863,1
0.5676922,1
1.612873e-06,1
0.9999406,1
0.9999406,1
0.9999952,1
0.9999951,1
0.02515323,1
0.5506423,1
0.5506423,1
0.540069,1
0.540069,1
0.540069,1
0.540069,1
0.540069,1
0.9982937,1
0.7141931,1
1,1
0.9999985,1
0.9999979,1
0.9982937,1
0.7141931,1
0.9343257,1
0.9982937,1
0.004692414,1
0.540069,1
0.540069,1
0.540069,1
1.999398e-07,0
0.02720738,0
0.109672,0
0.0002014697,0
0.0003019846,0
8.797556e-09,0
0.0003019846,0
2.688997e-06,0
0.540069,0
1.344418e-08,0
2.350429e-05,0
0.01063678,0
1.784395e-05,0
1.095204e-07,0
0.0009035858,0
0.9919458,0
0.540069,0
0.7616569,0
0.01490198,0
0.540069,0
7.540569e-08,0
4.350934e-06,0
0.9674659,0
0.540069,0
0.0003019846,0
9.508258e-08,0
3.8129e-08,0
0.008760183,0
7.958817e-10,0
1.876939e-08,0
0.0003019846,0
0.004157892,0
2.646457e-09,0
2.723762e-07,0
3.687531e-05,0
1.787014e-05,0
0.0001159051,0
0.109672,0
0.0269221,0
0.001793384,0
3.721351e-08,0
0.0003742355,0
0.0003019846,0
6.783927e-06,0
0.0002664634,0
1.097738e-05,0
3.717816e-09,0
3.552791e-06,0
0.109672,0
