Score,Label
0.9999167,1
0.4865149,1
0.4865149,1
0.7442781,1
0.7442781,1
0.990716,1
0.7373371,1
0.9993851,1
0.009484642,1
0.009484642,1
0.9890074,1
0.8049151,1
0.7874239,1
0.9993851,1
0.9993851,1
0.9187687,1
0.2663733,1
0.2663733,1
0.9664599,1
0.5201092,1
0.5201092,1
0.0001787503,1
0.0001787503,1
0.9995508,1
0.9995508,1
0.9994961,1
0.9998941,1
0.9998932,1
0.9992748,1
0.0004338912,1
0.9915202,1
0.9999998,1
0.997801,1
0.9999998,1
1,1
0.02884334,1
0.9999998,1
0.7874239,1
0.01165508,1
0.8049151,1
0.0001787503,1
0.0009765695,1
0.9999576,1
0.9979373,1
0.999977,1
1,1
0.9998997,1
0.9999897,1
0.9999995,1
0.002155948,1
0.9999995,1
0.9999995,1
0.002155948,1
0.9999931,1
0.9999999,1
0.7828632,1
0.998675,1
0.9996578,1
0.7442781,1
0.7442781,1
0.7373371,1
0.7373371,1
0.9993851,1
0.7373371,1
0.000464075,1
0.904976,1
1,1
0.9999999,1
0.9999999,1
0.9999959,1
0.9946263,1
0.9999959,1
0.9999959,1
0.0001351106,0
0.0007714656,0
0.003553998,0
0.003553998,0
0.002409042,0
0.9869845,0
0.0001531985,0
0.0005476742,0
0.9978049,0
1.503274e-06,0
0.002783126,0
0.0001787503,0
1.299067e-05,0
0.0003406157,0
0.7828632,0
0.001773987,0
0.008641735,0
0.9003488,0
0.0001787503,0
0.2663733,0
0.01565827,0
0.0003963452,0
0.0009876911,0
0.02217548,0
0.001545555,0
0.01341067,0
0.002350037,0
0.0003705076,0
0.176377,0
0.03801613,0
0.005478796,0
3.219768e-05,0
0.001222609,0
0.9999292,0
0.00254928,0
0.9999368,0
0.01018134,0
0.0005102516,0
0.9999774,0
1,0
0.3595391,0
0.003553998,0
0.9999979,0
0.9869845,0
0.9758532,0
0.9915202,0
0.06305701,0
1.05262e-06,0
0.0001787503,0
0.9472902,0
0.3494797,0
0.1885058,0
0.03654454,0
0.05485659,0
0.0004545665,0
0.0004545195,0
0.003553998,0
0.0003649351,0
0.08456711,0
0.9999481,0
0.988787,0
0.9946347,0
0.009995265,0
0.008023106,0
0.9999398,0
0.9985687,0
0.006180032,0
0.0001787503,0
0.001545555,0
0.9985687,0
0.5341035,0
0.005850054,0
0.005101798,0
