Score,Label
0.9999901,1
0.884249,1
0.9741976,1
0.9922593,1
0.999998,1
0.9999985,1
0.9999859,1
0.9989144,1
0.9820342,1
0.999993,1
1,1
0.9999975,1
0.9999903,1
0.9999576,1
0.9999903,1
0.9999125,1
0.1672329,1
0.999907,1
0.09970526,1
0.004058013,1
0.001485096,1
0.03915723,1
0.008322664,1
1,1
0.9990908,1
0.9999253,1
0.9902103,1
0.9991145,1
0.007154363,0
7.230808e-06,0
0.0008994516,0
4.162051e-05,0
0.9765462,0
0.9880397,0
0.001165746,0
0.005362103,0
2.456891e-05,0
9.011319e-05,0
0.5654206,0
0.2431793,0
0.0003907631,0
0.001533526,0
0.9998077,0
0.002326307,0
0.0008124653,0
0.0004287656,0
0.9939686,0
4.252899e-05,0
0.8435302,0
0.01067597,0
0.07891867,0
0.0008600143,0
0.9997064,0
0.0006087482,0
0.004089136,0
7.438997e-05,0
