Score,Label
1,1
1,1
1,1
0.9999992,1
1,1
1,1
1,1
1,1
1,1
1,1
1,1
1,1
1,1
1,1
1.514543e-07,0
6.741708e-07,0
5.077506e-06,0
0.006329861,0
1.296443e-05,0
8.250458e-09,0
1.266476e-07,0
3.122372e-09,0
6.116354e-08,0
2.946627e-09,0
4.013132e-08,0
8.250458e-09,0
5.023385e-07,0
8.250458e-09,0
