Score,Label
1.034267e-07,1
1,1
1,1
1.034267e-07,1
0.9999992,1
0.9999975,1
0.9999975,1
1,1
0.9999982,1
0.9999982,1
1.034267e-07,1
0.0002291093,0
0.001140192,0
0.0002291093,0
4.276859e-06,0
1.229378e-06,0
0.001140192,0
0.001140192,0
1.229378e-06,0
4.276859e-06,0
1.229378e-06,0
1.229378e-06,0
