Score,Label
0.8681985,1
0.8681985,1
0.8681985,1
0.8681985,1
0.0008003318,1
0.8681985,1
0.3297828,1
0.8681985,1
0.8681985,1
0.8681985,1
0.8681985,1
1,1
1,1
0.991596,1
0.8681985,1
0.8681985,1
0.8681985,1
0.8681985,1
0.8681985,1
0.8681985,1
0.8681985,1
0.8681985,1
0.8681985,1
0.8681985,1
2.670759e-06,1
0.0002056114,1
0.0002056114,1
0.0002056114,1
0.8681985,1
0.8681985,1
0.8681985,1
0.2349506,1
0.7410633,1
0.8681985,1
0.8681985,1
0.8681985,1
2.670759e-06,1
0.8681985,1
0.8681985,1
0.8681985,1
0.8681985,1
0.8681985,1
0.8681985,1
0.8681985,1
0.8681985,1
0.8681985,1
0.8681985,1
0.9947872,1
0.0003545693,0
8.535593e-08,0
0.0001837557,0
9.813624e-11,0
0.8681985,0
5.679655e-07,0
0.1299279,0
0.0002950215,0
0.0003545693,0
4.491661e-10,0
1.651677e-05,0
0.05718508,0
0.0009968554,0
2.983017e-08,0
9.109186e-08,0
0.0003545693,0
0.0004105931,0
0.002783825,0
0.05718508,0
1.103213e-07,0
0.8681985,0
2.011014e-05,0
2.011014e-05,0
0.0002007165,0
0.05718508,0
3.199136e-05,0
0.0002056114,0
0.0008003318,0
2.011014e-05,0
3.739651e-08,0
4.33545e-07,0
8.535593e-08,0
0.0002910147,0
3.199136e-05,0
5.440603e-05,0
3.199136e-05,0
0.8681985,0
0.1299279,0
1.34363e-05,0
1.062472e-06,0
1.225178e-06,0
0.0003545693,0
7.163833e-07,0
0.002783825,0
1.34363e-05,0
0.0009968554,0
0.0009968554,0
0.1299279,0
1.012006e-05,0
0.1299279,0
0.0003545693,0
5.440603e-05,0
0.1299279,0
0.000142923,0
8.358789e-08,0
1.651677e-05,0
5.440603e-05,0
4.452729e-06,0
8.535593e-08,0
9.103958e-08,0
3.170485e-08,0
1.225178e-06,0
1.651677e-05,0
2.053073e-07,0
1.224099e-08,0
1.651677e-05,0
5.752249e-05,0
0.0002013955,0
1.505027e-05,0
0.0002056114,0
3.918435e-05,0
1.226628e-08,0
1.651677e-05,0
0.8681985,0
0.0002910147,0
0.0001882937,0
5.212531e-08,0
0.0004105931,0
1.161422e-07,0
9.103958e-08,0
2.02892e-09,0
1.224099e-08,0
0.8681985,0
0.8681985,0
0.0003832896,0
0.0002910147,0
1.062472e-06,0
9.813624e-11,0
2.53445e-09,0
0.9995389,0
1.520676e-08,0
1.062472e-06,0
1.224099e-08,0
2.983017e-08,0
6.122965e-06,0
9.103958e-08,0
