Score,Label
0.8733169,1
0.9986318,1
0.9873207,1
0.9873207,1
0.9873207,1
0.9986318,1
0.9986318,1
0.8855894,1
0.004588642,1
0.004588642,1
0.004588642,1
0.004588642,1
0.004588642,1
0.004588642,1
0.004588642,1
0.004588642,1
0.004588642,1
0.004588642,1
0.004588642,1
0.004588642,1
0.004588642,1
0.004588642,1
0.004588642,1
0.004588642,1
1.1878e-05,0
1.1878e-05,0
0.8855894,0
1.1878e-05,0
8.860343e-11,0
1.1878e-05,0
8.860343e-11,0
1.1878e-05,0
1.1878e-05,0
1.1878e-05,0
1.1878e-05,0
0.8855894,0
1.1878e-05,0
1.1878e-05,0
1.1878e-05,0
0.006143305,0
8.860343e-11,0
0.0003898637,0
0.8855894,0
8.860343e-11,0
8.860343e-11,0
1.1878e-05,0
1.1878e-05,0
0.8855894,0
