Score,Label
0.9999732,1
0.9999732,1
0.8809031,1
0.8809031,1
0.8809031,1
0.8809031,1
0.8809031,1
0.8809031,1
0.8809031,1
0.8809031,1
0.8809031,1
0.8809031,1
0.8809031,1
0.8809031,1
0.8809031,1
0.8809031,1
0.8809031,1
0.8809031,1
0.8809031,1
0.8809031,1
0.8809031,1
0.8809031,1
0.8809031,1
0.8809031,1
0.8809031,1
0.8809031,1
0.8809031,1
0.8809031,1
0.8809031,1
0.8809031,1
0.8809031,1
0.8809031,1
0.8809031,1
0.8809031,1
0.8809031,1
0.8809031,1
0.8809031,1
0.8809031,1
0.8809031,1
0.8809031,1
0.8809031,1
0.8809031,1
0.8809031,1
0.8809031,1
0.8809031,1
0.8809031,1
0.8809031,1
0.8809031,1
0.8809031,1
0.8809031,1
0.8809031,1
0.8809031,1
0.8809031,1
0.8809031,1
0.8809031,1
0.8809031,1
0.8809031,1
0.8809031,1
0.8809031,1
4.249604e-05,0
0.181468,0
0.005336661,0
1.170867e-05,0
0.181468,0
1.572106e-05,0
0.0001675303,0
4.249604e-05,0
0.0003125652,0
0.8809031,0
1.572106e-05,0
1.572106e-05,0
1.572106e-05,0
0.0005584658,0
1.170867e-05,0
4.249604e-05,0
0.8809031,0
0.1519413,0
1.170867e-05,0
1.170867e-05,0
1.572106e-05,0
0.8809031,0
1.572106e-05,0
0.0009629801,0
1.572106e-05,0
0.8809031,0
1.170867e-05,0
4.249604e-05,0
0.0001675303,0
0.8809031,0
0.8809031,0
0.05448411,0
0.8809031,0
1.170867e-05,0
1.170867e-05,0
1.572106e-05,0
0.05448411,0
4.249604e-05,0
4.249604e-05,0
1.572106e-05,0
4.249604e-05,0
0.0005584658,0
1.572106e-05,0
7.737605e-05,0
0.0001675303,0
1.572106e-05,0
4.249604e-05,0
9.924458e-05,0
1.572106e-05,0
0.0007841756,0
0.0009629801,0
0.0002173872,0
0.0009629801,0
0.0001675303,0
0.0009629801,0
1.572106e-05,0
1.572106e-05,0
0.0179197,0
7.737605e-05,0
