Score,Label
0.2402616,1
0.2402616,1
0.9994099,1
0.9994099,1
0.9994099,1
0.9994099,1
0.9994099,1
0.9994099,1
0.9994099,1
0.9994099,1
0.9994099,1
0.1299318,1
0.9999744,1
0.9999744,1
0.9907331,1
0.9999943,1
0.9999943,1
0.03124483,1
0.9999943,1
0.9907331,1
0.03124483,1
0.03124483,1
0.005572696,1
0.03124483,1
0.9907331,1
0.9999943,1
0.03124483,1
0.9999975,1
0.00293477,1
2.865605e-05,0
0.0005213452,0
4.907538e-07,0
4.907538e-07,0
4.907538e-07,0
2.865605e-05,0
0.00148606,0
4.907538e-07,0
0.00148606,0
4.907538e-07,0
4.907538e-07,0
4.907538e-07,0
4.907538e-07,0
0.0001429158,0
8.284672e-05,0
0.0001001336,0
8.284672e-05,0
4.907538e-07,0
0.0001001336,0
4.907538e-07,0
0.00148606,0
4.907538e-07,0
4.907538e-07,0
4.907538e-07,0
8.284672e-05,0
4.907538e-07,0
0.0001161184,0
4.907538e-07,0
4.907538e-07,0
4.907538e-07,0
4.907538e-07,0
4.907538e-07,0
4.907538e-07,0
2.865605e-05,0
4.907538e-07,0
4.907538e-07,0
4.907538e-07,0
4.907538e-07,0
4.907538e-07,0
2.865605e-05,0
4.907538e-07,0
4.907538e-07,0
2.865605e-05,0
4.907538e-07,0
4.907538e-07,0
4.907538e-07,0
4.907538e-07,0
2.865605e-05,0
4.907538e-07,0
2.865605e-05,0
4.907538e-07,0
4.423607e-07,0
4.907538e-07,0
4.907538e-07,0
2.865605e-05,0
4.907538e-07,0
2.865605e-05,0
4.907538e-07,0
