Score,Label
0.8279903,1
0.8279903,1
0.9958983,1
0.9958983,1
0.9752995,1
0.9958983,1
0.9752995,1
0.1022666,1
0.9958983,1
0.03052942,1
0.03052942,1
0.1721536,1
0.04377858,1
0.04377858,1
0.1584465,1
0.1721536,1
0.1584465,1
0.9999599,1
0.9999599,1
0.9999599,1
0.9958983,1
0.9958983,1
0.6994942,1
0.9455404,1
0.003733219,0
0.00016591,0
0.001913464,0
5.790826e-08,0
0.009406333,0
0.00016591,0
5.790826e-08,0
0.8279903,0
5.790826e-08,0
5.790826e-08,0
5.790826e-08,0
5.790826e-08,0
5.790826e-08,0
0.0002368928,0
5.790826e-08,0
0.0002368928,0
0.8279903,0
0.0002368928,0
0.8279903,0
5.790826e-08,0
0.0003274634,0
0.00016591,0
9.213958e-06,0
0.0008154589,0
