Score,Label
0.9998958,1
0.9998958,1
0.9998958,1
0.9998958,1
1,1
0.5397765,1
0.9998958,1
0.9998958,1
0.9998958,1
0.9011824,1
0.5177973,1
0.0008467904,1
0.1234484,1
4.742725e-06,1
4.742725e-06,1
1,1
0.9988562,1
0.9988562,1
0.9988562,1
0.9988562,1
0.9999737,1
0.9988562,1
0.9988562,1
0.9988562,1
0.9998676,1
0.9988562,1
0.9988562,1
0.9988562,1
0.9988562,1
0.998529,1
0.998529,1
0.9994355,1
0.998529,1
0.998529,1
0.9999963,1
1,1
0.91938,1
0.9060227,1
0.91938,1
0.5562185,1
0.1875358,1
0.0001682433,1
0.554594,1
0.9187896,1
4.14025e-07,1
0.932781,1
1.3921e-05,1
0.01919878,1
0.0001610546,1
0.0005052263,1
3.570045e-06,1
6.288151e-06,1
0.002367998,1
0.8064472,1
4.446211e-06,1
0.5209939,1
0.9986225,1
4.332532e-05,1
0.9986225,1
0.9974361,1
0.003973694,0
0.01114042,0
2.364261e-06,0
0.001249458,0
0.9439599,0
0.0001070297,0
0.9999831,0
0.04010391,0
0.9007068,0
0.9007068,0
0.002367998,0
9.159047e-05,0
0.0006647057,0
0.9996568,0
0.5709637,0
0.000144165,0
3.667842e-05,0
0.3833587,0
4.240186e-06,0
0.0003016462,0
1.68638e-06,0
0.001378546,0
8.696545e-05,0
3.46711e-05,0
8.509809e-07,0
0.4405312,0
1.90043e-07,0
1.130641e-07,0
3.474131e-06,0
0.9014577,0
0.001267389,0
0.0003135555,0
8.548897e-05,0
3.192311e-06,0
1.283523e-06,0
0.005751225,0
0.5817989,0
0.0003788298,0
0.6618805,0
4.580043e-06,0
0.0109749,0
0.001922915,0
0.9960353,0
0.02764337,0
0.4405312,0
0.003212935,0
0.0002702052,0
0.0001494731,0
0.0009472692,0
0.05053636,0
0.4881482,0
0.3018574,0
0.9996953,0
1.47507e-07,0
7.973443e-05,0
3.449913e-05,0
0.0003788298,0
9.309762e-05,0
7.33581e-05,0
1.762181e-05,0
