Score,Label
0.0005919791,1
0.8934811,1
0.8422884,1
0.8934811,1
0.8934811,1
0.7905829,1
0.8934811,1
0.8934811,1
0.01284933,1
0.0002229448,1
0.0009988624,1
0.9985911,1
0.9999692,1
0.9997897,1
0.9999912,1
6.102103e-07,1
3.539265e-09,1
7.494952e-06,1
0.8934811,1
0.8934811,1
0.8934811,1
0.9826134,1
0.9996963,1
0.9996963,1
0.9996963,1
0.8934811,1
0.9994475,1
0.4375087,1
0.9999994,1
0.9987667,1
0.8934811,1
0.7905829,1
0.8934811,1
0.004067925,1
7.997901e-07,1
4.233953e-05,1
0.01040612,1
0.9986719,1
0.9999987,1
0.9999987,1
0.841214,1
0.9987565,1
0.9999204,1
2.173949e-13,1
0.9928115,1
0.9999713,1
0.9997017,1
0.9997017,1
2.543056e-05,1
0.8886876,1
0.696663,1
0.696663,1
0.8886876,1
0.9999747,1
0.9999994,1
0.9999871,1
0.9997017,1
0.7479382,1
0.7479382,1
0.9984408,1
0.9978782,0
5.651259e-05,0
0.05469614,0
0.003689507,0
2.633257e-05,0
0.9928115,0
2.623856e-08,0
0.01679094,0
7.27407e-11,0
0.8886876,0
3.190862e-06,0
0.8934811,0
0.002332077,0
0.9072361,0
7.890829e-10,0
2.005044e-06,0
5.04393e-05,0
0.0002937341,0
0.7905829,0
0.01847831,0
5.774474e-10,0
1.051326e-08,0
8.040987e-05,0
0.001054485,0
0.0002267926,0
0.006857205,0
0.0006730962,0
5.945556e-07,0
0.007071204,0
0.02752527,0
4.54575e-06,0
5.600338e-06,0
5.828773e-07,0
0.0007541095,0
1.752377e-06,0
3.467712e-05,0
6.626557e-06,0
0.8934811,0
0.009456753,0
0.9733428,0
0.006941382,0
1.894936e-07,0
0.9842895,0
9.545727e-08,0
8.309844e-08,0
0.000178212,0
0.7479382,0
0.9103599,0
0.1968223,0
0.8934811,0
0.9968009,0
0.9999441,0
3.502753e-08,0
0.06969129,0
0.9990324,0
1.965232e-10,0
3.777532e-08,0
0.5486767,0
0.9998422,0
0.000404214,0
