Score,Label
1.063354e-05,1
1,1
1.063354e-05,1
7.019494e-05,1
1,1
1,1
1,1
1,1
1,1
1,1
0.0004529169,1
0.9999157,1
0.0004371304,0
0.0004824722,0
1.819929e-06,0
4.810319e-07,0
6.928833e-08,0
3.064172e-08,0
1.570144e-07,0
3.543421e-08,0
0.0001501103,0
0.0001501103,0
1.570144e-07,0
8.285851e-08,0
