Score,Label
0.04263881,1
0.008589862,1
0.999037,1
1.498708e-05,1
0.3494786,1
0.999323,1
0.9999998,1
0.9999998,1
0.5549458,1
0.5549458,1
0.5549458,1
0.5549458,1
0.5549458,1
4.581251e-05,1
0.8393666,1
0.8393666,1
0.8393666,1
0.8393666,1
0.8393666,1
0.8393666,1
0.8393666,1
0.8644292,1
0.9999945,1
1,1
1,1
1,1
1,1
0.8393666,1
0.8393666,1
0.999765,1
0.999765,1
0.9999998,1
0.9999998,1
0.2022978,1
0.8393666,1
0.8393666,1
0.8393666,1
4.581251e-05,1
0.8375719,1
0.9576859,1
0.9999704,1
1.432852e-05,1
1,1
1,1
0.9999999,1
1,1
0.8393666,1
0.8393666,1
0.8393666,1
0.8393666,1
1.04583e-06,0
0.1269455,0
2.267288e-07,0
0.0001250689,0
0.001015074,0
0.002798108,0
0.008041015,0
0.986437,0
1.394146e-05,0
0.03661488,0
0.3096734,0
0.0002252816,0
8.666405e-06,0
0.2022978,0
0.0002892519,0
0.001015074,0
0.9065315,0
0.9976916,0
8.054474e-06,0
1.114734e-05,0
0.000997205,0
0.5865711,0
8.32782e-07,0
0.0001694922,0
0.1269455,0
0.01278286,0
7.562188e-08,0
1.350583e-06,0
1.690816e-06,0
0.0006738513,0
7.21574e-05,0
0.009993954,0
0.1543683,0
0.001015074,0
0.002130226,0
0.2112707,0
0.001573164,0
0.009325585,0
3.794035e-06,0
0.001015074,0
0.001015074,0
8.32782e-07,0
0.002612556,0
0.2112707,0
0.9997647,0
1.401257e-07,0
0.003886909,0
0.001015074,0
0.002798108,0
7.42448e-06,0
