Score,Label
0.9999971,1
0.9999971,1
0.9999971,1
0.007153978,1
0.9999971,1
0.9618796,1
0.9999971,1
0.3831361,1
0.9999971,1
0.9999971,1
0.9999998,1
0.5138383,1
0.5138383,1
0.9999998,1
0.9999998,1
4.973782e-05,1
0.5138383,1
0.9999998,1
0.9999111,1
0.5101709,1
0.9999111,1
0.01139818,1
0.5101709,1
0.0302156,1
0.9999111,1
0.9999111,1
0.9636673,1
0.7697698,1
0.9999111,1
1,1
1,1
1,1
1,1
1,1
0.4656813,1
1,1
1,1
1,1
0.9993173,1
0.9984196,1
0.5101709,1
0.9984196,1
0.9999986,1
0.9999986,1
0.9985449,1
0.9886472,1
0.9999986,1
0.9999974,1
0.9999554,1
0.9999554,1
0.9999554,1
0.9999554,1
0.9999554,1
0.9999554,1
0.9999554,1
0.03994057,1
0.9999554,1
0.5101709,1
0.9999111,1
0.5101709,1
0.9999111,1
0.9999111,1
0.5101709,1
0.9718058,1
1.3195e-10,1
0.09163367,1
0.9993173,1
0.8872528,1
0.8872528,1
0.999998,1
0.9997386,1
0.999998,1
0.999998,1
0.999998,1
0.989774,1
0.999998,1
0.9627177,1
0.999998,1
0.9997386,1
0.9999999,1
0.9191132,1
0.9996773,1
0.9999999,1
0.359544,0
0.0003556317,0
1.420695e-09,0
0.921221,0
1.963602e-05,0
0.8872528,0
4.499698e-13,0
0.02718809,0
0.01180623,0
0.8872528,0
2.11715e-06,0
0.001753748,0
1.043811e-09,0
6.768985e-07,0
0.005467721,0
0.8872528,0
0.002406689,0
0.2166391,0
1.420695e-09,0
2.33358e-09,0
2.109132e-12,0
1.267105e-07,0
0.07181145,0
0.01116778,0
8.585893e-06,0
0.009741365,0
0.9938279,0
0.5329381,0
0.009741365,0
3.415994e-10,0
3.808278e-07,0
0.009741365,0
0.01576355,0
1.001229e-08,0
0.4960142,0
0.0003987802,0
0.2665951,0
0.04881681,0
8.654197e-12,0
0.02718809,0
1.139325e-08,0
3.709063e-08,0
0.003469518,0
6.16914e-06,0
0.0001063626,0
1.788553e-12,0
7.397849e-06,0
1.59953e-10,0
0.8872528,0
5.800473e-09,0
7.300721e-05,0
2.548234e-10,0
2.355296e-07,0
0.8872528,0
0.002406689,0
0.004291074,0
8.585893e-06,0
0.009741365,0
1.11015e-06,0
0.000581702,0
3.299066e-08,0
0.2379181,0
1.043811e-09,0
0.9261441,0
0.4656813,0
1.420695e-09,0
2.088388e-08,0
3.632842e-09,0
0.001636196,0
3.851475e-05,0
2.759108e-05,0
0.0008916223,0
1.420695e-09,0
2.747729e-07,0
4.111899e-07,0
6.669758e-10,0
0.7849702,0
1.765962e-10,0
1.888408e-08,0
0.8011732,0
0.01052197,0
7.861541e-12,0
1.420695e-09,0
