Score,Label
1,1
1,1
1,1
1,1
1,1
1,1
1,1
1,1
1,1
1,1
1,1
1,1
1,1
1,1
1,1
1,1
0.0003560177,0
1.539399e-05,0
7.268699e-08,0
5.235269e-07,0
1.702205e-09,0
7.247599e-09,0
5.335181e-10,0
3.284987e-09,0
0.0003560177,0
2.065975e-09,0
2.340768e-07,0
0.001115522,0
1.600514e-09,0
0.0007281434,0
0.0007884052,0
2.672506e-08,0
