Score,Label
0.9971952,1
0.9971952,1
0.9999994,1
0.999926,1
0.9971952,1
0.9999999,1
0.999926,1
0.9738114,1
0.9738114,1
0.9738114,1
0.9738114,1
0.9738114,1
0.9738114,1
0.9738114,1
0.9738114,1
0.9738114,1
0.9738114,1
0.9999999,1
0.9999999,1
0.02857771,1
0.9999942,1
0.9999993,1
0.9999915,1
0.9999999,1
1,1
0.9999855,1
0.9999218,1
0.9999993,1
0.9999993,1
0.008213382,1
0.08894838,1
0.9999999,1
0.9999994,1
0.9999994,1
0.999621,1
0.9985492,1
2.384441e-08,1
1,1
1,1
0.9999999,1
0.9738114,1
0.9738114,1
4.613959e-09,0
2.322281e-06,0
3.784584e-12,0
1.780837e-08,0
1.015856e-08,0
8.18329e-08,0
0.2880642,0
0.212693,0
7.788358e-10,0
0.9738114,0
5.786823e-06,0
1.88933e-09,0
1.756927e-11,0
0.01999896,0
6.397716e-09,0
1.537314e-11,0
5.751634e-05,0
0.0001489251,0
4.726873e-09,0
4.287314e-10,0
1.88933e-09,0
7.11448e-05,0
2.888657e-10,0
1.277856e-12,0
1.30258e-05,0
1.033049e-07,0
1.972602e-08,0
0.03249409,0
2.001454e-08,0
0.0001489251,0
4.622035e-05,0
7.413087e-10,0
7.386651e-10,0
0.0004120894,0
0.002092898,0
1.21402e-07,0
0.6738128,0
1.210645e-10,0
1.093258e-08,0
1.972083e-08,0
7.139279e-06,0
0.6738128,0
