Score,Label
0.6675768,1
0.9999956,1
0.6675768,1
0.6675768,1
0.6675768,1
0.6675768,1
0.6675768,1
0.99959,1
1,1
1,1
1,1
1,1
1,1
1,1
0.6675768,1
0.6675768,1
0.6675768,1
0.6675768,0
1.983534e-07,0
4.572001e-06,0
5.979412e-07,0
0.00201461,0
5.984255e-07,0
0.0007338878,0
9.56093e-07,0
0.01113374,0
1.2695e-05,0
8.900132e-06,0
0.9999111,0
0.01769364,0
1.983534e-07,0
3.979927e-07,0
1.791302e-07,0
2.256379e-06,0
