Score,Label
1,1
1,1
0.01061812,1
1,1
1,1
1,1
1,1
0.9913135,1
0.6514515,1
1,1
1,1
1,1
1,1
0.8824854,1
1,1
1,1
1.035136e-05,0
0.000160615,0
5.006579e-05,0
5.565326e-06,0
0.0008749928,0
0.000150724,0
0.3607408,0
0.000150724,0
5.006579e-05,0
8.013966e-06,0
0.3607408,0
7.65642e-05,0
0.0001288344,0
0.001142959,0
7.65642e-05,0
0.0003651209,0
