Score,Label
0.9476514,1
0.0005293465,1
0.0008059826,1
0.9476514,1
0.9476514,1
0.9476514,1
0.9649251,1
0.9649251,1
0.9649251,1
0.9649251,1
0.9997194,1
0.999424,1
0.9476514,1
0.9476514,1
0.9462532,1
0.505932,1
0.985211,1
0.1263759,1
0.9996045,1
0.003182726,1
0.001479339,1
0.9999859,1
1,1
1,1
0.9995839,1
0.9993634,1
0.8966525,1
0.8966525,1
0.9649251,1
0.9999745,1
0.9999745,1
0.9999745,1
0.9999745,1
0.9999745,1
0.0003435465,0
0.0005293465,0
0.003985746,0
0.001553394,0
0.03525378,0
0.01051927,0
8.131033e-05,0
0.001477435,0
0.002936926,0
0.9098474,0
0.0003435465,0
0.0002293597,0
0.0002165176,0
0.003948168,0
0.0001549228,0
0.0003435465,0
0.007194374,0
0.5578939,0
0.008821801,0
0.9990031,0
0.01184071,0
0.0003556187,0
0.0002032366,0
0.0003435465,0
0.0005988676,0
0.2424346,0
8.131033e-05,0
0.0006022879,0
0.0007773797,0
0.007717139,0
0.0004152067,0
0.000231618,0
0.00100632,0
0.9841532,0
