Score,Label
0.0003834114,1
1,1
0.9998023,1
0.9998023,1
0.9998023,1
0.9998023,1
0.9998023,1
0.9998023,1
0.9998023,1
1,1
1,1
0.9999769,1
0.003444717,1
0.003444717,1
0.9999652,1
0.9999652,1
1,1
1,1
0.9999652,1
0.0001127791,0
0.0001584957,0
0.0002062464,0
0.0001584957,0
0.0001584957,0
0.0001584957,0
0.0001584957,0
0.0001628067,0
0.0004881185,0
0.0004881185,0
0.0004881185,0
0.0001584957,0
0.0001127791,0
0.0001584957,0
0.0001930843,0
4.810705e-05,0
0.0004881185,0
0.0001628067,0
0.0001930843,0
0.0004881185,0
0.0001628067,0
9.688841e-05,0
4.810705e-05,0
0.0001584957,0
0.0004881185,0
0.0005357096,0
9.688841e-05,0
3.986635e-05,0
0.0004881185,0
0.0002059722,0
0.0004881185,0
0.0002406755,0
0.0001628067,0
3.986635e-05,0
0.0001964196,0
0.0005357096,0
0.0001584957,0
0.0001584957,0
