Score,Label
0.9895753,1
0.9895753,1
0.9895753,1
0.9999998,1
0.9999998,1
0.9895753,1
0.9895753,1
0.8825311,1
0.9914608,1
0.9914608,1
0.9999998,1
0.9999998,1
0.9914608,1
0.9914608,1
1,1
0.9999752,1
0.6708243,1
1,1
1,1
1,1
1,1
0.6708243,1
0.9995326,1
0.8039926,1
1,1
0.8039926,1
1,1
1,1
0.8039926,1
0.8039926,1
1,1
1,1
1,1
1,1
1,1
0.9999752,1
0.6708243,1
1,1
1,1
1,1
0.9999124,1
1,1
9.021469e-07,0
1.967485e-07,0
8.098063e-08,0
1.967485e-07,0
1.967485e-07,0
1.967485e-07,0
0.9999475,0
9.021469e-07,0
1.967485e-07,0
1.967485e-07,0
9.021469e-07,0
9.021469e-07,0
1.967485e-07,0
0.004100196,0
1.967485e-07,0
1.967485e-07,0
1.967485e-07,0
1.967485e-07,0
9.021469e-07,0
1.967485e-07,0
6.928595e-08,0
0.9999475,0
1.967485e-07,0
1.967485e-07,0
2.72966e-07,0
1.967485e-07,0
1.967485e-07,0
1.967485e-07,0
6.928595e-08,0
1.967485e-07,0
0.004100196,0
0.9999475,0
1.967485e-07,0
1.967485e-07,0
1.967485e-07,0
9.021469e-07,0
0.0003399935,0
1.967485e-07,0
6.928595e-08,0
1.967485e-07,0
9.021469e-07,0
1.967485e-07,0
