Score,Label
0.9999965,1
0.9999965,1
0.6345549,1
0.6345549,1
0.6345549,1
1.877823e-05,0
0.0004268533,0
0.0004268533,0
1.877823e-05,0
9.044539e-06,0
9.044539e-06,0
9.044539e-06,0
0.0004268533,0
4.251396e-05,0
0.2000701,0
