Score,Label
0.999975,1
0.6331954,1
0.9880851,1
0.9880851,1
0.9995852,1
0.5388622,1
0.5388622,1
0.5388622,1
0.9912255,1
0.998396,1
0.998396,1
1,1
0.9999999,1
0.9999981,1
0.9999981,1
0.9999981,1
0.9973877,1
3.076219e-05,0
0.0005357193,0
0.0003067931,0
0.0001645483,0
0.9997281,0
0.0005315621,0
0.0002419826,0
0.0005357193,0
0.9999645,0
0.0004086163,0
0.003839774,0
0.03376871,0
0.0001207594,0
6.119246e-05,0
0.8141445,0
4.870113e-06,0
2.996739e-05,0
