Score,Label
0.9999909,1
0.003486464,1
0.0003804236,1
0.9993204,1
0.9976826,1
0.9976826,1
0.004712336,1
0.0003804236,1
0.0003804236,1
0.9998634,1
0.1428934,1
0.0484716,1
0.9986705,1
1,1
0.9998099,1
1,1
1,1
0.0001522971,0
2.428455e-05,0
0.0006488576,0
4.747131e-05,0
0.00845758,0
2.412996e-05,0
4.993095e-05,0
0.007254614,0
1.057493e-05,0
0.02134278,0
0.000655328,0
0.0001294728,0
8.493957e-05,0
0.9994889,0
0.0003227822,0
0.0002812666,0
4.90634e-05,0
