Score,Label
0.9941195,1
0.9941195,1
1,1
0.9941195,1
1,1
0.9994492,1
0.9994492,1
0.9994492,1
0.9994492,1
0.9994492,1
0.9994492,1
0.9994492,1
0.9994492,1
0.9994492,1
0.9994492,1
0.9994492,1
0.9994492,1
0.9994492,1
0.9994492,1
0.9994492,1
0.9994492,1
0.9994492,1
0.9994492,1
0.9994492,1
0.9994492,1
0.9994492,1
0.9994492,1
1,1
1,1
1,1
0.9999987,1
1,1
0.9994492,1
0.002005937,1
1,1
0.9999993,1
1,1
1,1
1,1
1,1
1,1
1,1
0.999756,1
0.9997684,1
0.9997684,1
1,1
1,1
1,1
1,1
1,1
9.759002e-08,0
0.000104487,0
4.302336e-06,0
2.61435e-07,0
2.467807e-06,0
9.759002e-08,0
3.244136e-08,0
0.05317644,0
4.302336e-06,0
1.397058e-07,0
0.01441847,0
2.507233e-08,0
6.852199e-05,0
5.862362e-05,0
5.392519e-08,0
2.507233e-08,0
2.525597e-06,0
4.691514e-06,0
3.403602e-08,0
0.001518653,0
1.61094e-08,0
4.302336e-06,0
5.392519e-08,0
2.907803e-08,0
2.054335e-05,0
4.075594e-05,0
4.10206e-08,0
2.525597e-06,0
2.907803e-08,0
7.554101e-08,0
0.05660833,0
6.741104e-07,0
2.507233e-08,0
7.554101e-08,0
9.759002e-08,0
2.965024e-08,0
0.0002438056,0
0.0001632588,0
2.584478e-08,0
0.0001632588,0
3.444721e-07,0
6.644167e-08,0
3.343479e-08,0
0.9994492,0
3.343479e-08,0
6.216252e-07,0
1.702794e-08,0
1.875293e-08,0
5.797213e-08,0
6.852199e-05,0
