Score,Label
7.976872e-10,1
7.976872e-10,1
7.976872e-10,1
7.976872e-10,1
3.317231e-06,1
7.976872e-10,1
7.976872e-10,1
7.976872e-10,1
7.976872e-10,1
7.976872e-10,1
7.976872e-10,1
7.976872e-10,1
7.976872e-10,1
8.270901e-11,1
2.27233e-13,0
2.27233e-13,0
0.8745412,0
2.27233e-13,0
5.967095e-07,0
0.8745412,0
2.27233e-13,0
0.0008892561,0
2.27233e-13,0
2.27233e-13,0
2.27233e-13,0
2.27233e-13,0
2.27233e-13,0
2.27233e-13,0
