Score,Label
0.8053755,1
0.8053755,1
0.8053755,1
0.8053755,1
0.4336985,1
0.9103458,1
0.8053755,1
0.8053755,1
0.0002484136,1
0.9496742,1
0.9999996,1
0.9496742,1
0.9496742,1
0.7313845,1
0.9496742,1
1.454553e-05,1
0.8053755,1
0.8053755,1
0.8053755,1
0.8053755,1
0.8053755,1
0.8053755,1
0.8053755,1
0.8053755,1
0.8053755,1
0.9943202,1
0.9977968,1
0.9943202,1
0.999744,1
0.9625734,1
0.8423212,1
0.9977968,1
0.8053755,1
0.8053755,1
0.8053755,1
0.8053755,1
0.8053755,1
0.8053755,1
0.8053755,1
0.005159467,1
0.01786708,1
0.005159467,1
0.005159467,1
0.9995211,1
0.003978776,1
0.9996201,1
0.9999977,1
0.8550173,1
0.9996269,1
0.8550173,1
0.9982863,1
0.9999441,1
0.9999441,1
0.6116088,1
0.6116088,1
0.9999441,1
0.0002484136,1
0.9563797,1
0.995313,1
0.8053755,1
0.8053755,1
0.8053755,1
0.8053755,1
0.8053755,1
0.8053755,1
0.9234065,1
1,1
1,1
0.9999932,1
0.9999995,1
0.9999932,1
0.8053755,1
0.8053755,1
0.9999964,1
0.9999973,1
0.9999973,1
0.9999964,1
0.9999964,1
0.8053755,1
0.8053755,1
0.8053755,1
0.8053755,1
0.8053755,1
0.8053755,1
0.8053755,1
0.8053755,1
0.8053755,1
0.8053755,1
0.8053755,1
0.8053755,1
0.8053755,1
0.01068034,0
0.0001866344,0
0.9004485,0
0.001068317,0
5.299593e-07,0
0.0005584377,0
0.0003208677,0
2.246128e-08,0
0.3029356,0
0.00051023,0
0.8053755,0
0.0002113037,0
0.0002324565,0
1.064752e-06,0
0.002592465,0
0.006861948,0
3.226936e-05,0
0.9873289,0
0.03921098,0
0.08574056,0
0.005856595,0
0.04953331,0
2.101981e-06,0
5.360899e-05,0
0.9755181,0
0.4716299,0
1.17297e-13,0
4.755209e-05,0
0.2100293,0
7.30111e-05,0
0.9993162,0
0.9981984,0
0.118729,0
6.070953e-09,0
0.0001745833,0
0.3029356,0
0.982573,0
2.792173e-07,0
0.02436633,0
0.0002179834,0
0.02003131,0
0.008654927,0
8.366651e-07,0
0.8053755,0
0.001068317,0
0.8053755,0
0.8053755,0
0.0002112709,0
0.3029356,0
0.008654927,0
0.001196704,0
0.8053755,0
0.0002324565,0
0.8053755,0
0.04953331,0
0.01595531,0
0.03410465,0
0.001068317,0
0.0006497146,0
0.8053755,0
7.660192e-08,0
0.08989924,0
2.500908e-05,0
0.008654927,0
0.9856112,0
3.006611e-06,0
0.002677661,0
8.11835e-05,0
0.008654927,0
5.677544e-06,0
3.646337e-05,0
0.9004485,0
0.005856595,0
0.001196704,0
0.8053755,0
4.505061e-11,0
0.3029356,0
0.001573438,0
0.9999973,0
0.9962531,0
7.722687e-08,0
0.3729062,0
9.426642e-11,0
5.906548e-07,0
0.006604134,0
0.1216274,0
0.8053755,0
3.373376e-06,0
0.2422917,0
9.687113e-06,0
2.060738e-05,0
