Score,Label
1,1
1,1
0.999727,1
0.3602892,1
0.6334611,1
0.6334611,1
0.9778076,1
0.6334611,1
0.6334611,1
0.9999998,1
0.9999998,1
0.9999998,1
0.7792171,1
0.4776048,1
0.4776048,1
0.9948219,1
0.9948219,1
0.9948219,1
0.9968465,1
0.9999976,1
0.9999976,1
0.05114144,1
0.9887583,1
0.9961289,1
0.9991537,1
0.9694662,1
0.9961289,1
0.9866174,1
0.9961289,1
0.9959134,1
0.9887583,1
0.9999999,1
0.9999999,1
0.9999999,1
0.9930427,1
0.9993463,1
0.9999999,1
0.999727,1
0.4776048,1
0.7271722,1
0.9999834,1
0.05740479,1
1,1
0.9999995,1
0.992768,1
0.9999998,1
0.9999998,1
0.9999998,1
0.999727,1
0.9998716,1
0.9998716,1
0.9999971,1
1,1
0.999727,1
0.999727,1
0.4776048,1
5.398385e-05,1
8.605605e-07,0
0.4776048,0
0.3602892,0
0.9121282,0
6.593182e-05,0
0.0001086042,0
0.002231898,0
3.641275e-05,0
1.475266e-05,0
0.0001100931,0
0.0002781694,0
1.495485e-05,0
0.02194385,0
9.671211e-05,0
4.059728e-05,0
0.003330265,0
0.004692073,0
1.010934e-05,0
0.002231898,0
0.3602892,0
0.9999998,0
3.186716e-05,0
0.9887583,0
0.000274984,0
1.10946e-06,0
1.034426e-05,0
4.50764e-05,0
0.000119857,0
5.45975e-05,0
3.541436e-05,0
3.35275e-05,0
5.568809e-05,0
0.01265073,0
1.166053e-05,0
0.0003272004,0
0.0001537752,0
8.497926e-05,0
1.613216e-05,0
5.946808e-07,0
9.671211e-05,0
1.214233e-06,0
3.612439e-05,0
0.7212811,0
3.169869e-07,0
1.818339e-05,0
0.0001100931,0
0.000364523,0
0.6011984,0
9.671211e-05,0
0.001011737,0
0.3602892,0
0.002231898,0
0.002309885,0
0.02588492,0
0.0001259891,0
0.001317901,0
0.0001355253,0
