Score,Label
0.001480157,1
0.8447958,1
0.8447958,1
0.0002215118,1
0.9978969,1
0.9999994,1
3.603829e-09,1
0.9927025,1
0.05855598,1
0.9999994,1
0.9999996,1
0.9999996,1
0.999982,1
1,1
0.999548,1
0.9999901,1
0.999963,1
0.9999901,1
0.9999994,1
0.001480157,1
0.0001567628,1
0.8447958,1
0.0005161673,1
0.00124801,1
0.001828646,1
0.9999601,1
5.205616e-07,1
0.9961632,1
0.9999985,1
0.9999475,1
0.9999944,1
0.9972784,1
0.9972784,1
0.5637312,1
0.008133594,1
0.9999976,1
1,1
0.9999976,1
0.9999976,1
0.999933,1
0.9943749,1
0.9703442,1
1,1
0.9999918,1
0.9999962,1
0.946937,1
3.379035e-08,1
0.9999968,1
1,1
1,1
0.9999925,1
0.001480157,1
0.0006410256,1
0.0001229316,1
0.9996141,1
1,1
1,1
1,1
1,1
1,1
1,1
1,1
1,1
0.9999925,1
1,1
0.9999925,1
1,1
1,1
1,1
1,1
0.986855,1
0.9978969,1
0.8447958,1
0.8447958,1
0.9999996,1
0.9999996,1
1.632e-09,0
7.638013e-09,0
0.0005115815,0
0.565353,0
1.018448e-08,0
4.797038e-06,0
0.007285845,0
2.266316e-06,0
5.58724e-07,0
0.06131985,0
4.57827e-06,0
9.777594e-09,0
0.06834004,0
1.597939e-05,0
6.163773e-07,0
3.355824e-05,0
0.0003412876,0
0.372526,0
4.57827e-06,0
0.0002895556,0
3.300156e-07,0
3.954088e-08,0
0.9681444,0
0.0008416481,0
0.9978969,0
0.0002318115,0
9.67746e-07,0
0.0005585702,0
6.996419e-11,0
0.6960084,0
3.30643e-08,0
0.004250654,0
0.007076707,0
1.632e-09,0
4.377248e-07,0
0.7411734,0
5.716727e-07,0
6.433782e-05,0
0.0001792594,0
0.9999903,0
0.4273226,0
6.897425e-06,0
3.30643e-08,0
2.982733e-08,0
1.879389e-06,0
0.0001668951,0
0.1178347,0
0.001096393,0
0.9998964,0
0.68626,0
0.5632778,0
6.996419e-11,0
6.996419e-11,0
0.1328661,0
8.53888e-07,0
7.809071e-08,0
0.9962953,0
3.249521e-07,0
0.07141487,0
0.3068709,0
1.336821e-05,0
0.8786823,0
5.873302e-06,0
6.55334e-05,0
0.001207613,0
0.0002802372,0
0.0009316923,0
0.002210939,0
2.982733e-08,0
0.04918297,0
0.9943749,0
0.001480157,0
7.672329e-08,0
4.572182e-07,0
0.001480157,0
0.999934,0
