Score,Label
0.9999959,1
0.999925,1
0.9977121,1
0.9999944,1
0.9999931,1
0.9837239,1
1,1
0.9837239,1
0.9999999,1
0.05648092,1
0.9977121,1
0.01371074,1
0.01364781,1
0.9619936,1
0.9999979,1
0.0217232,1
0.5082117,1
0.6879566,1
0.6879566,1
0.5082117,1
0.9537577,1
0.866493,1
0.175456,1
0.9999892,1
0.9999892,1
0.9999806,1
0.987268,1
0.2414104,1
0.999033,1
0.9999648,1
0.9995763,1
0.999413,1
0.999033,1
2.044294e-05,1
0.9999026,1
0.9999758,1
0.9930931,1
1,1
0.01268623,1
0.1945215,1
1,1
0.9785863,1
0.990359,1
1,1
0.9999992,1
0.9996634,1
0.9999758,1
0.5082117,1
0.5082117,1
3.908799e-05,1
0.9999917,1
0.9997304,1
0.5082117,1
0.9619936,1
0.9994372,1
0.9999917,1
0.03624146,1
0.001311681,1
0.01936771,1
0.9999917,1
0.9997304,1
0.0003408986,1
0.8018663,0
0.8471151,0
4.285323e-05,0
3.849049e-05,0
0.005245637,0
6.954731e-05,0
5.905083e-05,0
0.0002531337,0
1.721595e-05,0
0.0003247045,0
0.0007131718,0
0.248327,0
0.000967255,0
0.0001378303,0
5.270447e-05,0
0.1231302,0
0.02550304,0
3.164083e-05,0
0.8471151,0
0.006715631,0
0.0002531337,0
0.0001410483,0
0.0001998661,0
1.830597e-05,0
0.0007706078,0
0.03624146,0
0.0002845044,0
0.0002085927,0
0.0412774,0
1.58096e-05,0
7.051301e-05,0
8.260831e-05,0
0.002123357,0
0.0005063919,0
0.9945339,0
0.6879566,0
0.0001487377,0
0.01498438,0
0.0001407654,0
0.0002845044,0
0.0002855923,0
0.0002531337,0
0.0001116101,0
2.448328e-05,0
3.513716e-05,0
7.98666e-06,0
0.01612406,0
0.01129725,0
0.003470473,0
0.0002531337,0
0.4569215,0
0.0007220006,0
0.000141757,0
0.0001198624,0
0.9721535,0
0.0002531337,0
0.6879566,0
1.350851e-05,0
0.9073932,0
0.0002506927,0
0.0003698004,0
9.43124e-05,0
