Score,Label
0.9999989,1
0.9999989,1
0.9999989,1
0.9999989,1
0.9999989,1
0.01152598,1
0.5409349,1
0.9912335,1
0.9999989,1
0.9999989,1
0.9912335,1
0.9989061,1
0.0002787348,1
0.9999913,1
0.9999913,1
0.9999987,1
0.9999913,1
0.9999987,1
0.9999858,1
0.9999987,1
0.8388526,1
0.0002787348,1
0.0002787348,1
0.9999999,1
0.9997366,1
0.9999999,1
0.9999999,1
0.9999999,1
0.9999999,1
0.00963529,1
0.00963529,1
0.1081356,1
0.9997366,1
0.9997366,1
0.8379862,1
0.3114782,1
0.9996727,1
0.9996727,1
0.9999657,1
0.9999964,1
0.9999964,1
0.9999964,1
0.3114782,1
0.9999657,1
0.3114782,1
0.02978937,1
0.7929934,1
0.9986902,1
0.999997,1
0.9999897,1
0.999997,1
0.9999897,1
0.9999897,1
0.9999897,1
0.9999523,1
0.999997,1
0.7594789,1
0.9999523,1
0.999997,1
0.0002787348,1
0.0002787348,1
0.999987,1
0.9999869,1
0.9999869,1
0.9999869,1
0.9999876,1
0.999987,1
0.9999869,1
0.999987,1
0.9999876,1
0.003828624,1
0.9999176,1
0.9999176,1
0.9999176,1
0.9999176,1
0.9999176,1
0.9973415,1
0.9999176,1
1.078333e-05,1
0.008288383,1
0.0002787348,1
0.06209424,1
0.05852208,1
0.05852208,1
0.06209424,1
0.05852208,1
0.06209424,1
0.05852208,1
0.06209424,1
0.8379862,0
0.9936186,0
0.0004178719,0
8.537398e-07,0
0.8379862,0
6.736266e-05,0
0.5409349,0
0.7929934,0
1.113172e-05,0
6.736266e-05,0
3.077478e-09,0
1.867498e-07,0
0.005758289,0
8.537398e-07,0
0.0002436946,0
0.0006077535,0
0.3369957,0
2.964935e-07,0
8.537398e-07,0
5.052563e-08,0
0.004340939,0
0.0002322624,0
0.961428,0
0.0001114246,0
0.8379862,0
0.002432271,0
8.537398e-07,0
8.537398e-07,0
0.109211,0
0.0006077535,0
2.105543e-07,0
6.736266e-05,0
9.26761e-05,0
5.695331e-06,0
6.736266e-05,0
0.00361418,0
4.439553e-05,0
0.0002285749,0
0.0001114246,0
0.9035549,0
0.0006077535,0
2.915382e-09,0
0.0005249229,0
0.004594873,0
0.5409349,0
5.4132e-05,0
0.9904427,0
0.0007674076,0
0.0001624792,0
0.0001624792,0
7.834785e-10,0
8.475923e-08,0
0.04435721,0
0.0009632127,0
4.439553e-05,0
2.538077e-05,0
1.771032e-05,0
8.537398e-07,0
8.537398e-07,0
5.695331e-06,0
8.537398e-07,0
6.736266e-05,0
9.394084e-07,0
7.450823e-06,0
0.109211,0
0.004594873,0
0.0002585366,0
0.8379862,0
1.771032e-05,0
0.004340939,0
0.004436858,0
1.361327e-08,0
0.9999486,0
6.775358e-05,0
4.439553e-05,0
8.537398e-07,0
0.0001624792,0
0.4302935,0
0.0006077535,0
0.002778065,0
0.04326246,0
0.0006077535,0
2.915382e-09,0
6.736266e-05,0
0.8379862,0
6.736266e-05,0
8.537398e-07,0
0.005315572,0
0.9904427,0
