Score,Label
0.7471334,1
0.7471334,1
0.9182191,1
0.9999856,1
0.9340931,1
0.5013007,1
0.9999856,1
0.5013007,1
0.00172436,1
0.7471334,1
0.7471334,1
0.7471334,1
0.7471334,1
0.7471334,1
0.0005776277,1
0.7471334,1
0.8915689,1
0.8915689,1
0.8915689,1
0.8915689,1
0.8915689,1
0.9968621,1
0.7553901,1
0.01810681,1
0.9908838,1
0.7471334,1
0.7471334,1
0.7471334,1
0.7471334,1
0.7471334,1
0.5979983,1
0.9955176,1
0.9955176,1
0.9493953,1
0.9955176,1
0.07532876,1
0.9999744,1
0.9964907,1
0.2090903,1
0.4686858,1
0.9990274,1
0.7471334,1
0.7471334,1
0.7471334,1
0.7471334,1
0.7471334,1
0.7471334,1
0.01175196,1
0.7471334,1
0.7471334,1
0.9873852,1
0.8659201,1
0.7471334,1
0.7471334,1
0.7471334,1
0.7471334,1
0.0005776277,1
0.7471334,1
0.7471334,1
0.7471334,1
0.7471334,1
0.7471334,1
0.7471334,1
0.7471334,1
0.7471334,1
0.7471334,1
0.7471334,1
0.7471334,1
0.7471334,1
0.7471334,1
0.7471334,1
5.389501e-05,1
0.7471334,1
0.7471334,1
0.7471334,1
0.7471334,1
0.9958379,1
0.8915689,1
0.9958379,1
0.9958379,1
0.9958379,1
0.7471334,1
0.7471334,1
0.7471334,1
0.125594,1
0.008191094,1
0.7178579,1
0.7471334,1
0.4279267,1
1.075048e-07,0
0.5895826,0
1.130389e-05,0
3.09248e-06,0
0.01175196,0
0.01571853,0
0.003005203,0
0.8130879,0
0.06988319,0
0.01884983,0
1.235821e-07,0
4.370577e-05,0
2.773197e-05,0
0.7471334,0
2.095592e-05,0
1.089915e-06,0
2.095592e-05,0
4.484623e-05,0
0.0002220534,0
0.06988319,0
3.693291e-09,0
7.312231e-05,0
7.808258e-06,0
2.095592e-05,0
2.095592e-05,0
2.095592e-05,0
4.370577e-05,0
1.130389e-05,0
0.7471334,0
0.9049439,0
0.06988319,0
3.602601e-07,0
0.00268235,0
0.5895826,0
1.130389e-05,0
7.808258e-06,0
0.7471334,0
6.388527e-06,0
0.000922145,0
0.0005776277,0
0.0005776277,0
0.7471334,0
0.02697889,0
2.095592e-05,0
0.06988319,0
0.0005776277,0
0.7471334,0
3.358933e-06,0
0.0005776277,0
0.00268235,0
0.0005776277,0
4.099692e-05,0
6.534415e-06,0
0.960546,0
2.095592e-05,0
0.7471334,0
2.845107e-08,0
0.000134967,0
0.7471334,0
0.06988319,0
0.06988319,0
0.0005776277,0
0.001290419,0
1.505677e-07,0
8.313415e-05,0
8.697537e-06,0
0.005972636,0
6.090259e-06,0
0.0005776277,0
0.003005203,0
0.5895826,0
0.7471334,0
7.896992e-07,0
4.866032e-06,0
0.08697883,0
0.08697883,0
2.718544e-06,0
6.772537e-08,0
0.0001532348,0
1.313217e-07,0
6.599383e-06,0
0.7471334,0
4.663419e-07,0
1.130389e-05,0
0.0001107019,0
0.00268235,0
1.202866e-07,0
2.924779e-05,0
0.00046697,0
