Score,Label
1,1
1,1
1,1
1,1
1,1
1,1
1,1
1,1
1,1
1,1
1,1
1,1
1,1
1,1
1,1
1,1
1,1
1,1
1,1
0.4265325,1
2.431837e-07,0
1.662473e-08,0
4.345997e-08,0
0.002466261,0
1.363349e-07,0
4.428596e-08,0
2.9999e-08,0
7.390448e-07,0
1.30698e-08,0
1.615034e-06,0
0.01390233,0
9.061046e-05,0
3.403678e-06,0
1.208422e-08,0
6.484504e-06,0
3.71011e-08,0
1.883706e-05,0
1.322218e-06,0
6.484504e-06,0
1.615065e-07,0
