Score,Label
0.759398,1
0.759398,1
0.759398,1
0.759398,1
0.3165739,1
1,1
0.958486,1
0.958486,1
0.7329602,1
0.3165739,1
0.759398,1
0.759398,1
0.759398,1
0.003179541,1
0.03481447,1
0.9999913,1
0.9999913,1
0.0002585896,1
1.117974e-05,1
0.0002585896,1
0.9999913,1
0.9999913,1
0.759398,1
0.759398,1
0.72676,1
0.9999999,1
0.9999998,1
0.7763519,1
0.5780956,1
3.890966e-06,1
0.759398,1
0.759398,1
0.759398,1
0.759398,1
0.759398,1
0.9999812,1
0.9999995,1
0.993628,1
0.9951819,1
0.759398,1
0.759398,1
0.759398,1
0.9999143,1
0.9999999,1
0.800312,1
0.9999459,1
0.455302,1
0.9487352,1
0.9999999,1
0.9999995,1
0.9999983,1
0.999737,1
0.999737,1
0.4558212,1
0.9686415,1
0.9999993,1
0.6825172,1
0.759398,1
0.759398,1
0.759398,1
0.9743885,1
1.914159e-08,1
0.759398,1
0.759398,1
0.759398,1
0.759398,1
0.759398,1
0.759398,1
0.9999112,1
0.9991975,1
0.9999112,1
0.6675913,1
0.02067041,1
0.02067041,1
0.8932228,1
0.02067041,1
0.9907346,1
0.9907346,1
0.9907346,1
0.9306278,1
0.759398,1
0.759398,1
0.759398,1
0.759398,1
0.759398,1
0.759398,1
0.759398,1
0.759398,1
0.759398,1
0.759398,1
0.05112504,1
0.3151811,0
0.6354048,0
0.1111405,0
0.002844561,0
0.759398,0
0.3306909,0
3.890966e-06,0
0.002844561,0
1.502146e-07,0
0.6675913,0
5.649356e-06,0
0.7329602,0
4.160365e-07,0
1.118652e-09,0
0.1111405,0
0.759398,0
4.980655e-09,0
0.759398,0
0.0003561178,0
3.71705e-09,0
0.890422,0
0.0001420347,0
3.890966e-06,0
9.389202e-09,0
0.002844561,0
8.173868e-05,0
0.002646762,0
0.1111405,0
0.455302,0
0.05732632,0
2.112395e-06,0
6.282462e-13,0
0.002844561,0
0.1111405,0
0.05732632,0
2.944078e-08,0
5.629021e-08,0
0.002844561,0
0.4822645,0
2.689013e-11,0
7.868425e-07,0
7.299849e-08,0
0.003057062,0
0.759398,0
0.002844561,0
0.9834078,0
8.008938e-05,0
0.0007386185,0
0.759398,0
0.958486,0
0.9894594,0
3.890966e-06,0
0.000133753,0
1.33351e-09,0
0.759398,0
0.05112504,0
0.05732632,0
0.03481447,0
0.05732632,0
1.720101e-08,0
2.012071e-07,0
0.759398,0
0.991684,0
3.890966e-06,0
0.9999992,0
0.002844561,0
0.002844561,0
6.883976e-05,0
0.946247,0
0.9350601,0
0.4757433,0
0.9277514,0
0.002844561,0
0.007797539,0
3.890966e-06,0
0.05732632,0
0.004594684,0
0.759398,0
0.455302,0
0.3306909,0
0.0001420347,0
0.9448281,0
0.01880835,0
3.890966e-06,0
7.299849e-08,0
1.647846e-05,0
0.05732632,0
1.299423e-09,0
0.0001230711,0
8.469673e-11,0
0.05732632,0
