Score,Label
0.7665256,1
0.7665256,1
0.7665256,1
0.9213284,1
0.9505476,1
1,1
1,1
0.999999,1
0.7665256,1
0.7665256,1
0.9999957,1
0.9999957,1
0.979334,1
0.99998,1
0.02602002,1
0.7665256,1
0.7665256,1
0.7665256,1
0.7665256,1
0.7665256,1
0.63041,1
0.502115,1
0.4744761,1
0.9990626,1
0.9990626,1
0.2351517,1
0.4744761,1
0.01121872,1
0.2351517,1
0.3189334,1
0.0005872603,1
0.7665256,1
0.7665256,1
0.7665256,1
0.7665256,1
0.7665256,1
0.7665256,1
0.9920778,1
0.01716877,1
0.9920778,1
0.9920778,1
0.01716877,1
1,1
1,1
0.4581484,1
1,1
0.4405326,1
0.9998549,1
0.9815028,1
0.0003478233,1
1,1
1,1
1,1
1,1
0.0003478233,1
1,1
0.0003478233,1
1,1
0.00581262,1
0.9603901,1
0.9603901,1
6.627702e-06,1
0.9999868,1
0.9999868,1
0.9999868,1
0.9977962,1
0.006057542,1
0.7665256,1
0.7665256,1
0.9992956,1
1,1
1,1
0.1462014,1
1,1
0.9999101,1
1,1
0.7665256,1
0.7665256,1
0.7665256,1
0.7665256,1
2.179075e-06,1
0.7665256,1
0.9969757,1
0.9969757,1
0.001668122,1
0.9969757,1
0.9969757,1
0.7665256,1
0.7665256,1
0.7665256,1
0.7665256,1
0.7665256,1
0.003636628,1
0.02602002,1
0.02369655,1
0.7665256,1
0.0003569455,0
0.04516876,0
0.02369655,0
0.003685933,0
1.27931e-05,0
0.3484697,0
0.7665256,0
0.1364393,0
0.02910598,0
0.02910598,0
0.01968284,0
0.0006729894,0
0.7728736,0
0.02369655,0
6.321359e-05,0
0.9505476,0
0.01716877,0
0.7665256,0
0.0001097478,0
9.308842e-06,0
0.0002577173,0
0.01769323,0
0.7665256,0
0.01449025,0
0.001444355,0
0.0005917224,0
0.7665256,0
2.923901e-05,0
0.02910598,0
0.0119476,0
0.006919342,0
0.02515527,0
0.7665256,0
0.00581262,0
0.9999906,0
0.3535528,0
0.02369655,0
0.7665256,0
0.04516876,0
0.02369655,0
0.7665256,0
5.731688e-05,0
0.001921033,0
0.7665256,0
0.004849511,0
0.7768037,0
0.02910598,0
0.02369655,0
0.7665256,0
0.003905567,0
0.0001204216,0
0.02910598,0
0.1969999,0
0.0001844547,0
0.2048665,0
0.0001441831,0
0.06350295,0
0.0001799964,0
0.02910598,0
0.0004319688,0
0.00581262,0
0.03180052,0
0.0007013993,0
0.03394919,0
1.219503e-05,0
1.482134e-05,0
0.02910598,0
0.002885608,0
2.315314e-05,0
0.04516876,0
0.9674039,0
0.0001138041,0
0.000203325,0
0.0001180625,0
0.9543411,0
0.02369655,0
0.0001856266,0
0.02369655,0
0.001488674,0
0.04516876,0
0.009062178,0
0.0005166804,0
0.07787045,0
0.1828239,0
0.7665256,0
2.7046e-05,0
0.03394919,0
3.431709e-05,0
0.7665256,0
0.04516876,0
0.006122877,0
0.03394919,0
0.3096633,0
0.0004326995,0
0.7665256,0
0.8358017,0
