Score,Label
0.9999999,1
0.7399936,1
0.9981248,1
0.9999993,1
0.9905366,1
0.9931604,1
0.003060334,1
0.9985776,1
0.8391589,1
0.1197827,1
0.9991236,1
0.9999889,1
0.8643858,1
0.9999963,1
0.9986094,1
0.815209,1
0.9697127,1
0.9766859,1
9.756968e-05,1
0.05698641,1
0.0950635,1
0.9891713,1
0.0258401,1
0.9999968,1
0.05145673,1
0.9996762,1
0.9999932,1
0.998814,1
9.57017e-09,0
0.1054954,0
2.953678e-06,0
0.3841708,0
3.107677e-05,0
2.303008e-07,0
0.9986523,0
0.995347,0
0.001054457,0
5.722354e-09,0
0.9943886,0
1.204887e-06,0
0.01749231,0
0.9999988,0
3.01736e-06,0
2.668552e-09,0
0.9999151,0
0.336146,0
2.784896e-10,0
0.3191403,0
0.8723451,0
0.06211859,0
1.204887e-06,0
3.852269e-07,0
0.9999979,0
0.4273784,0
1.034887e-05,0
0.0004660535,0
