Score,Label
0.9999888,1
0.9999779,1
0.02165904,1
0.9999888,1
0.9996681,1
0.9996681,1
0.9996681,1
0.9887049,1
0.9887049,1
0.9887049,1
0.999332,1
0.999332,1
0.9999888,1
1,1
1,1
1,1
0.006895343,1
0.008367094,1
0.9999779,1
0.9999888,1
0.9999779,1
0.9999999,1
1,1
0.0001503276,0
0.0001204375,0
2.68386e-05,0
0.02705886,0
0.0001503276,0
7.504679e-06,0
0.2954157,0
8.389276e-06,0
0.02705886,0
0.0001319395,0
7.504679e-06,0
0.08567043,0
0.2954157,0
0.02705886,0
0.0001503276,0
0.1658547,0
2.68386e-05,0
0.001245847,0
8.389276e-06,0
8.708246e-05,0
0.1658547,0
0.02705886,0
2.68386e-05,0
0.1658547,0
2.68386e-05,0
0.0001319395,0
0.2954157,0
0.003334998,0
0.01111717,0
0.002133077,0
4.914039e-05,0
0.02705886,0
0.0001319395,0
0.02705886,0
0.0001204375,0
0.0001503276,0
0.08567043,0
0.02705886,0
0.0001204375,0
0.2954157,0
0.0001204375,0
0.02705886,0
0.0001766173,0
0.0001503276,0
0.0001503276,0
0.08567043,0
