Score,Label
0.7713382,1
0.1287269,1
0.8710241,1
0.1287269,1
0.1287269,1
0.1287269,1
0.1287269,1
0.08485889,1
0.1287269,1
0.1287269,1
0.1287269,1
0.1287269,1
0.7387353,1
6.122721e-10,0
6.122721e-10,0
6.122721e-10,0
6.4161e-05,0
6.122721e-10,0
6.122721e-10,0
6.122721e-10,0
6.122721e-10,0
6.4161e-05,0
6.122721e-10,0
6.122721e-10,0
5.855455e-08,0
6.122721e-10,0
6.122721e-10,0
5.855455e-08,0
5.855455e-08,0
6.122721e-10,0
6.122721e-10,0
6.122721e-10,0
6.122721e-10,0
6.122721e-10,0
6.122721e-10,0
0.0002774278,0
6.122721e-10,0
6.4161e-05,0
0.0002774278,0
