Score,Label
0.0001167489,1
0.001207277,1
0.9906477,1
0.9947585,1
0.9834366,1
0.06061801,1
0.985395,1
0.9963082,1
0.9482906,1
0.9482906,1
0.9482906,1
0.9482906,1
0.9482906,1
0.9482906,1
0.9482906,1
0.9482906,1
0.9482906,1
0.9482906,1
0.9482906,1
0.9482906,1
0.9992124,1
0.9992124,1
0.7067181,1
0.9482906,1
0.9482906,1
0.9482906,1
0.9482906,1
0.9482906,1
0.9482906,1
0.9482906,1
0.9482906,1
0.09274049,1
0.9482906,1
0.9482906,1
0.9482906,1
0.9482906,1
0.9482906,1
0.9482906,1
0.9482906,1
0.9482906,1
0.9482906,1
0.004156877,1
0.9482906,1
0.9482906,1
0.9949526,1
0.9999671,1
0.9949526,1
0.9999671,1
0.9999671,1
0.9949526,1
0.9970313,1
0.999089,1
0.9999388,1
0.9993066,1
0.776801,1
0.9993066,1
0.9974014,1
0.9942879,1
0.9974014,1
0.9995432,1
0.993834,1
0.9969643,1
0.9922284,1
0.993834,1
0.993834,1
0.0088584,1
0.9482906,1
0.9482906,1
0.9482906,1
6.583748e-10,0
4.599271e-08,0
2.776779e-07,0
0.000485366,0
0.003169548,0
6.136519e-05,0
4.322649e-06,0
2.630975e-05,0
1.507536e-08,0
0.9482906,0
2.45983e-09,0
0.09274049,0
0.1247914,0
0.001097247,0
5.479721e-07,0
1.36558e-07,0
5.240181e-09,0
8.200005e-06,0
0.09274049,0
0.01205506,0
4.613358e-10,0
8.935093e-06,0
0.09274049,0
1.593784e-06,0
1.622156e-05,0
5.05013e-10,0
1.564677e-08,0
1.076592e-06,0
1.417851e-07,0
8.200005e-06,0
4.599271e-08,0
0.01802033,0
0.9981784,0
7.715385e-08,0
0.004156877,0
7.033404e-10,0
2.630975e-05,0
0.06723077,0
1.518309e-07,0
8.318867e-08,0
0.9995099,0
2.881907e-08,0
0.0001488385,0
1.826553e-05,0
5.240181e-09,0
5.620867e-07,0
0.004156877,0
1.359605e-07,0
7.033404e-10,0
6.970495e-06,0
0.000742865,0
0.9482906,0
0.9482906,0
0.9834366,0
0.9995099,0
0.004156877,0
0.01802033,0
0.01354911,0
0.006520643,0
1.820202e-08,0
0.004156877,0
2.056194e-07,0
1.86582e-05,0
3.385136e-09,0
8.318867e-08,0
8.52146e-06,0
0.9482906,0
0.06723077,0
5.406658e-07,0
