Score,Label
1,1
1,1
1,1
1,1
1,1
1,1
1,1
1,1
1,1
1,1
0.9999996,1
0.9989686,1
1,1
0.9992398,1
1,1
1,1
7.278479e-07,0
7.453159e-08,0
0.0001223569,0
2.054349e-06,0
0.0001223569,0
8.5324e-07,0
1.351699e-07,0
8.633755e-05,0
2.442991e-06,0
5.664347e-07,0
2.442991e-06,0
2.662123e-08,0
1.101943e-07,0
1.565727e-06,0
2.134366e-06,0
1.101943e-07,0
