Score,Label
0.9999948,1
0.02423477,1
0.002246029,1
0.9999801,1
0.9999999,1
0.9982879,1
1,1
0.9982879,1
0.3707255,1
0.8372395,1
0.9999579,1
1,1
0.999997,1
0.999585,1
0.9999832,1
0.003766996,0
9.652767e-07,0
0.004615175,0
0.0001553705,0
7.818303e-06,0
2.614455e-07,0
1.799282e-05,0
0.002058181,0
7.818303e-06,0
0.5862543,0
4.515184e-07,0
7.818303e-06,0
7.702636e-08,0
7.702636e-08,0
3.807286e-06,0
