Score,Label
1,1
1,1
1,1
1,1
1,1
1,1
1,1
1,1
1,1
1,1
1,1
1,1
1,1
0.9999996,1
0.9999995,1
1,1
1,1
5.714823e-18,0
0.7089114,0
2.231767e-11,0
2.415468e-07,0
7.944113e-12,0
6.827141e-15,0
1.835395e-05,0
1.345984e-10,0
0.0002898484,0
2.238588e-11,0
3.74562e-15,0
4.575846e-12,0
4.575846e-12,0
0.0002147945,0
3.31293e-13,0
1.766335e-05,0
0.0002416439,0
