Score,Label
1,1
1,1
1,1
1,1
1,1
1,1
1,1
1,1
1,1
1,1
0.7576516,1
1,1
0.9993599,1
0.9999989,1
1,1
1,1
1,1
1.787401e-08,0
7.143923e-09,0
1.118908e-10,0
0.004354819,0
0.896902,0
2.220645e-08,0
6.086631e-08,0
2.220645e-08,0
2.061134e-07,0
4.303354e-11,0
4.340161e-10,0
2.684195e-08,0
4.303354e-11,0
8.019943e-09,0
8.019943e-09,0
7.553639e-07,0
2.331754e-06,0
