Score,Label
0.9999999,1
0.9997465,1
0.9997465,1
1,1
0.9997465,1
0.9999999,1
0.9997465,1
0.9997465,1
0.9997465,1
0.9997465,1
0.9997465,1
0.9997465,1
0.9997138,1
0.9997465,1
1,1
0.9997465,1
0.9997465,1
0.9997465,1
0.9997465,1
0.9999999,1
1,1
1.617667e-05,1
1,1
0.1079549,1
1,1
0.1079549,1
0.9999963,1
1.167166e-06,0
9.330505e-05,0
0.00367595,0
0.00367595,0
6.307112e-09,0
3.430411e-10,0
8.714537e-09,0
3.430411e-10,0
6.208695e-05,0
9.330505e-05,0
6.181313e-05,0
3.629899e-05,0
1.533552e-06,0
0.000737715,0
4.389423e-09,0
0.000737715,0
8.714537e-09,0
1.167166e-06,0
4.389423e-09,0
6.307112e-09,0
9.330505e-05,0
3.272559e-10,0
3.430411e-10,0
9.330505e-05,0
4.734362e-09,0
9.330505e-05,0
3.430411e-10,0
