Score,Label
1,1
1,1
1,1
0.999576,1
1,1
0.9999996,1
0.9999994,1
0.9999992,1
0.9998904,1
0.9999999,1
0.04378781,1
0.9996732,1
3.765285e-05,1
2.501819e-05,1
0.04076634,1
0.002762975,0
0.9999914,0
0.0003112915,0
0.0004123558,0
6.880184e-05,0
1.513874e-06,0
0.0001308964,0
0.0002951231,0
0.0005818066,0
0.001734874,0
1.680771e-05,0
0.02723062,0
2.788674e-05,0
0.0003825914,0
0.002762975,0
