Score,Label
4.30217e-07,1
0.0001230441,1
5.333608e-05,1
1,1
3.543747e-05,1
0.0005491868,1
1,1
0.9999998,1
0.9999974,1
0.9999866,1
0.9999999,1
0.9999999,1
6.611554e-05,1
1,1
0.999952,1
1,1
0.9998826,1
0.9994598,1
0.04921609,1
0.9939877,1
0.99955,1
0.004075414,1
0.0001956822,0
0.003749809,0
9.809594e-05,0
0.004075414,0
0.0001388415,0
0.9999989,0
1.063777e-05,0
0.002022086,0
5.432701e-05,0
0.004631059,0
6.860698e-05,0
1.5932e-05,0
0.8839809,0
4.063648e-06,0
5.703783e-06,0
0.9970009,0
0.0001013922,0
0.02302772,0
0.07142437,0
0.001496404,0
1,0
0.03165518,0
