Score,Label
0.9397507,1
0.999999,1
0.999999,1
1,1
0.2906139,1
0.9330857,1
0.9999994,1
0.9999994,1
0.9999739,1
0.0003027669,1
0.06168598,1
0.9999998,1
0.9999739,1
0.9999537,1
0.9999537,1
0.9996081,1
7.343559e-07,1
0.9923736,1
0.001441024,1
1,1
2.944488e-06,1
0.9650208,1
0.1616763,1
0.6871773,0
0.005031996,0
0.03006361,0
0.02468381,0
0.001072752,0
0.9999509,0
0.999999,0
4.89544e-07,0
0.9422944,0
0.007770911,0
1.159655e-07,0
0.8714169,0
0.9998442,0
0.9999716,0
1.310504e-06,0
0.005233489,0
0.02468381,0
0.8166066,0
0.4490995,0
1.074992e-07,0
0.03913852,0
0.9998459,0
1.584107e-05,0
