Score,Label
0.9943962,1
0.9999976,1
0.9999988,1
0.9943962,1
0.9999988,1
0.8432417,1
0.9999838,1
0.001539416,1
0.9999914,1
0.001539416,1
1,1
0.6565812,1
0.1437033,1
0.1437033,1
0.5047617,1
7.998162e-08,0
1.831319e-06,0
0.0004628116,0
0.001789009,0
0.9954261,0
1.199659e-07,0
0.0001747127,0
0.009059492,0
0.0007534501,0
0.0007534501,0
0.00227899,0
1.898803e-07,0
0.6271913,0
1.971415e-06,0
5.505005e-08,0
