Score,Label
0.9999999,1
1,1
0.0009842559,1
1,1
0.9574978,1
1,1
1,1
3.386957e-06,1
0.185579,1
0.999788,1
0.2902041,1
0.008452002,0
0.9999993,0
0.0006860547,0
0.0005210333,0
0.0001901575,0
0.0003047054,0
0.0001369618,0
0.1958283,0
0.6221038,0
0.05008929,0
0.0001774182,0
