Score,Label
0.9979285,1
1.04762e-05,1
3.038472e-07,1
1,1
1.367963e-05,1
0.9999846,1
0.9966456,0
5.221252e-05,0
9.810128e-05,0
0.04090381,0
0.01442894,0
1.005332e-07,0
