Score,Label
0.003205407,1
0.003205407,1
0.01005181,1
4.840783e-05,1
0.003672631,1
0.9999946,1
0.9999987,1
0.03596298,1
0.9999993,1
0.0293732,1
0.0293732,1
0.9999483,1
0.999974,1
0.999969,1
7.390149e-06,1
7.503696e-07,0
0.003205407,0
0.996096,0
4.570312e-07,0
1.761364e-05,0
4.398239e-05,0
1.46327e-06,0
8.747647e-05,0
6.458672e-05,0
6.527283e-05,0
0.001032436,0
0.0006961626,0
1.281784e-08,0
0.0001424077,0
4.398239e-05,0
