Score,Label
0.9987739,1
0.002509197,1
0.9999789,1
1,1
0.0006671511,1
0.9993017,1
0.8541014,1
0.001839945,1
0.005290997,0
0.9999785,0
0.9391758,0
0.005290997,0
0.9490486,0
1,0
0.619397,0
0.002673782,0
