Score,Label
0.9483613,1
1,1
0.9989618,1
1,1
1,1
0.8189991,1
0.01127487,1
1,1
1,1
0.006671035,1
7.331269e-06,0
6.270901e-07,0
5.560523e-07,0
0.006671035,0
7.009802e-05,0
6.270901e-07,0
0.01127487,0
5.560523e-07,0
5.560523e-07,0
0.09456737,0
