Score,Label
0.9999943,1
0.00901109,1
0.9521848,1
0.9999688,1
0.0001307096,1
4.957965e-05,1
1.878322e-15,0
0.0003968942,0
1.235344e-05,0
9.460392e-08,0
1.656078e-14,0
0.001114907,0
