Score,Label
0.5839205,1
0.3195544,1
0.0001324648,1
0.9999833,1
0.004670236,1
0.2502104,0
0.7940277,0
0.02435627,0
0.001171419,0
0.9999987,0
