Score,Label
9.982069e-12,1
9.982069e-12,1
9.982069e-12,1
1,1
1,1
9.982069e-12,1
0.1251238,1
0.8569841,1
9.982069e-12,1
1,1
1,1
1,1
0.006533363,0
1.720579e-09,0
8.981837e-10,0
2.579613e-08,0
0.1251238,0
1.093427e-08,0
0.006533363,0
4.051618e-08,0
6.187879e-10,0
8.981837e-10,0
1.191722e-09,0
1.093427e-08,0
3.160039e-09,0
2.546307e-09,0
1.030979e-09,0
2.563004e-10,0
1.587547e-09,0
0.006533363,0
7.835389e-12,0
5.172731e-10,0
4.556052e-08,0
8.981837e-10,0
6.193854e-10,0
5.302352e-10,0
