Score,Label
2.56264e-08,1
1,1
1,1
0.9999996,1
0.07817322,1
0.0001378372,1
0.1539843,1
1,1
1,1
1,1
1,1
1,1
1,1
1,1
1,1
1,1
1,1
0.003669558,1
0.9999934,1
1,1
0.9999565,1
0.9999565,1
0.005783561,1
7.222858e-12,0
3.479863e-10,0
0.005783561,0
1.563426e-13,0
3.133754e-14,0
4.416625e-12,0
1.679917e-13,0
2.5301e-11,0
1.492569e-13,0
5.118989e-12,0
5.920323e-11,0
7.222858e-12,0
3.029431e-13,0
7.222858e-12,0
1.679917e-13,0
8.340955e-06,0
3.133754e-14,0
3.885511e-06,0
2.698676e-12,0
1.808545e-13,0
0.005783561,0
0.005783561,0
1.154874e-12,0
