Score,Label
1,1
0.001638943,1
1,1
1,1
1,1
1,1
1,1
1,1
0.9999996,1
1,1
1,1
0.1107326,1
0.9999999,1
1,1
1,1
0.0003791642,1
0.002300669,0
1.612278e-07,0
0.002300669,0
7.491471e-06,0
0.0006757546,0
0.002300669,0
1.479578e-06,0
0.002300669,0
1.272027e-06,0
3.040211e-07,0
2.236963e-06,0
2.321765e-06,0
1.428422e-06,0
1.05265e-05,0
1.353953e-06,0
3.956324e-06,0
