Score,Label
1,1
0.9999675,1
1,1
0.002259122,1
0.9994142,1
0.9999993,1
0.9998203,1
0.9989173,1
0.9989173,1
0.9989173,1
1,1
0.943692,1
1,1
0.5680378,1
1,1
1,1
1,1
1,1
0.0001685923,0
8.065553e-05,0
0.01642942,0
0.0001752058,0
0.001699402,0
0.02642455,0
0.0001434677,0
0.06025558,0
0.01642942,0
0.0003557429,0
0.9637406,0
0.0001251705,0
0.001237277,0
3.188144e-05,0
0.02027271,0
0.0007604648,0
3.923367e-05,0
0.000142183,0
