Score,Label
1,1
1,1
0.09168361,1
1,1
1,1
1,1
1,1
1,1
0.2388236,1
1,1
1,1
1,1
0.9999968,1
1,1
1,1
1,1
0.00298426,0
0.0002684107,0
0.0008055592,0
0.040978,0
1.100881e-09,0
1.475192e-08,0
0.9982501,0
7.115824e-05,0
4.674578e-06,0
7.122536e-06,0
5.258784e-05,0
0.9982501,0
0.0001077746,0
0.6644385,0
0.0003575442,0
0.00367342,0
