Score,Label
1,1
1,1
1,1
0.9964401,1
1,1
0.9999965,1
0.9999998,1
0.9999949,1
0.3446929,1
1.694683e-05,0
1.744149e-07,0
0.003089968,0
0.002598476,0
0.003054787,0
3.778086e-05,0
4.5959e-06,0
2.177778e-07,0
0.003054787,0
5.182197e-07,0
0.00331711,0
0.00331711,0
6.742229e-07,0
6.509645e-08,0
4.229045e-07,0
2.500779e-07,0
3.957554e-06,0
0.0001281601,0
