Score,Label
0.9919694,1
0.9919694,1
0.9999996,1
1.929049e-06,1
0.9909831,1
0.9909831,1
0.9999759,1
1,1
0.8591528,1
2.84681e-09,0
0.9934394,0
0.00023633,0
0.004127656,0
0.9988157,0
0.0006546239,0
0.001721232,0
0.1499059,0
0.04474908,0
