Score,Label
1,1
0.0059491,1
0.685823,1
1,1
1,1
1,1
1,1
1,1
1,1
0.9511144,1
1,1
9.500074e-05,0
0.003999378,0
0.3315648,0
0.3315648,0
0.000174213,0
0.003203535,0
0.03003217,0
0.0009926915,0
0.000590407,0
0.01399223,0
4.969297e-05,0
