Score,Label
7.505772e-05,1
0.9999765,1
4.098079e-08,1
0.9993973,1
0.9993973,1
0.9998289,1
0.9999677,1
0.9999677,1
8.630014e-07,1
0.9998984,1
9.552267e-06,1
0.9989273,1
0.9990396,1
0.001063917,1
1,1
1,1
1,1
0.0006916057,1
3.187366e-05,1
0.9992182,1
0.9992182,1
0.9992182,1
0.9992182,1
2.006986e-06,1
3.961568e-08,0
8.307768e-08,0
0.0002035795,0
0.880226,0
0.001033783,0
0.0004258202,0
1.529644e-05,0
0.6312667,0
3.187366e-05,0
0.0007519897,0
0.9999974,0
0.080528,0
0.001394127,0
7.95973e-05,0
0.001394127,0
5.917237e-05,0
0.0001009774,0
0.01911447,0
9.885063e-05,0
1.824203e-07,0
0.0001009774,0
0.9842277,0
2.248367e-06,0
0.0001322027,0
