Score,Label
0.0003346009,1
1,1
0.000393347,1
0.9925552,1
0.9925552,1
0.999905,1
0.00832236,1
1,1
1,1
1,1
1,1
0.002188677,1
0.2764169,0
0.1548677,0
0.00357898,0
0.06625652,0
0.001627464,0
0.0005877516,0
0.9994321,0
0.8852801,0
0.09039416,0
0.1037675,0
5.254699e-05,0
0.9955866,0
