Score,Label
0.0002623799,1
0.0002623799,1
0.993812,1
0.999421,1
1,1
7.491149e-05,1
0.9356287,1
0.8849393,0
3.418455e-07,0
0.0001109966,0
0.9855971,0
7.825821e-05,0
0.3323765,0
0.999874,0
