Score,Label
0.4528972,1
8.944499e-05,1
1,1
0.8524255,1
0.9993802,1
0.9993802,1
1,1
0.0001642595,1
1.824335e-06,0
9.482103e-07,0
7.518896e-05,0
0.5629431,0
4.294203e-06,0
2.826619e-06,0
0.0007710996,0
0.9831541,0
