Score,Label
0.05052756,1
0.999999,1
0.9970874,1
0.9983025,1
0.9983025,1
1,1
0.9996952,1
0.9997876,1
1.529522e-06,0
0.0189212,0
0.008400619,0
8.256337e-06,0
0.6165074,0
3.624837e-07,0
0.8362033,0
0.9947017,0
