Score,Label
1,1
1,1
1,1
1,1
0.9998955,1
0.9998955,1
1,1
1,1
1,1
1,1
0.9998955,1
0.9998955,1
0.0004792988,0
6.660408e-08,0
3.021676e-06,0
7.910864e-08,0
1.726967e-09,0
0.000106561,0
6.660408e-08,0
1.726967e-09,0
1.726967e-09,0
7.910864e-08,0
7.910864e-08,0
4.482186e-05,0
