Score,Label
1,1
1,1
1,1
1,1
1,1
1.560341e-07,1
0.9985606,1
0.9999754,1
1,1
1,1
1,1
0.9999754,1
1,1
0.9997545,1
0.9997545,1
0.9997545,1
0.9999237,1
1,1
1,1
0.2334685,1
1,1
1,1
1,1
0.0002305511,1
0.7588703,1
1,1
1,1
0.9999849,1
0.7588703,1
0.2410342,1
1,1
0.2410342,1
0.7588703,1
0.7588703,1
0.7588703,1
0.00056556,1
0.4527564,1
1,1
0.9780813,1
1,1
1,1
0.9999999,1
4.792335e-05,1
0.9999269,1
4.792335e-05,1
0.9780813,1
0.9986075,1
1,1
0.9999999,1
0.04596182,1
0.08153533,1
1,1
0.2361049,1
0.300452,1
0.2361049,1
0.2361049,1
0.0007907466,1
0.9956803,1
0.9999982,1
0.5515081,1
0.9999982,1
0.9999982,1
1,1
1,1
0.4748639,1
0.4748639,1
0.8514889,1
0.4748639,1
5.308439e-05,1
0.09304473,0
2.350586e-05,0
6.064838e-06,0
5.747148e-06,0
1.001908e-06,0
9.513173e-05,0
0.2458895,0
1.663195e-07,0
1.896763e-05,0
3.813306e-05,0
0.01951349,0
0.2361049,0
0.0004223216,0
3.813306e-05,0
1.607347e-06,0
0.01162347,0
3.813306e-05,0
0.8133379,0
0.163807,0
3.813306e-05,0
3.302943e-06,0
1,0
1.170503e-05,0
0.1240513,0
0.004923125,0
0.04213462,0
1.247355e-06,0
0.0001103569,0
0.5758752,0
0.8133379,0
2.559273e-06,0
0.003430885,0
0.9999999,0
0.004100118,0
0.912296,0
0.9061458,0
0.001800131,0
0.8917792,0
0.0001708133,0
0.1163198,0
3.813306e-05,0
0.7828808,0
0.0008831211,0
0.0003796905,0
3.048048e-06,0
0.8514889,0
3.813306e-05,0
1.994824e-07,0
0.8133379,0
3.210912e-05,0
0.8133379,0
0.0008939195,0
5.193151e-05,0
5.566674e-05,0
0.09334686,0
0.0008071506,0
9.285808e-07,0
3.064833e-08,0
3.41039e-06,0
3.813306e-05,0
3.813306e-05,0
5.747148e-06,0
0.0001398542,0
0.4748639,0
3.813306e-05,0
0.0002710267,0
0.002081338,0
0.004656255,0
0.007709727,0
