Score,Label
0.8015858,1
0.8015858,1
0.8015858,1
0.8015858,1
0.8015858,1
1,1
1,1
1,1
0.8015858,1
0.8015858,1
0.8015858,1
0.001486414,1
0.8015858,1
0.8015858,1
0.8015858,1
0.8015858,1
0.9999925,1
0.9999925,1
0.9999925,1
0.8015858,1
0.8015858,1
0.8015858,1
0.0001078196,1
1,1
0.9999998,1
1,1
1,1
1,1
1,1
0.8015858,1
1,1
1,1
1,1
1,1
1,1
0.999854,1
0.9999111,1
1,1
0.9999111,1
1,1
1,1
1,1
1,1
1,1
1,1
1,1
1,1
1,1
1,1
0.8015858,1
0.8015858,1
0.879249,1
1,1
1,1
1,1
0.9999998,1
0.8015858,1
0.8015858,1
0.8015858,1
0.8015858,1
0.9999998,1
0.0005831251,1
0.0001311453,0
0.0001078196,0
0.0007426742,0
0.0001311453,0
0.0001959475,0
0.8015858,0
4.190854e-05,0
5.458344e-05,0
0.00122094,0
3.649134e-05,0
0.0001311453,0
0.0001959475,0
4.190854e-05,0
0.001486414,0
0.001275945,0
0.002599026,0
6.053872e-05,0
5.458344e-05,0
0.001486414,0
1.804592e-05,0
0.00221026,0
6.103563e-06,0
0.8015858,0
0.0001959475,0
3.649134e-05,0
0.0001128212,0
2.247658e-05,0
0.0002028796,0
0.0001959475,0
0.0001959475,0
0.0005664892,0
0.8015858,0
7.013198e-05,0
0.002599026,0
0.8015858,0
4.357993e-06,0
4.190854e-05,0
0.001486414,0
0.8015858,0
2.211655e-05,0
0.0002028796,0
7.793596e-05,0
4.190854e-05,0
0.0001078196,0
0.0002158131,0
1.539663e-05,0
0.0001959475,0
0.0007426742,0
0.0001311453,0
0.0007426742,0
0.001486414,0
0.0001959475,0
0.0003279934,0
0.0001311453,0
0.8015858,0
0.001189273,0
0.0003279934,0
0.0001311453,0
0.0001078196,0
0.0002028796,0
0.0001078196,0
0.0001959475,0
