Score,Label
0.9999861,1
0.9999861,1
0.9999861,1
0.9999861,1
0.9999861,1
0.7855501,1
0.004193201,1
1.081181e-06,1
0.0008882589,1
0.7855501,1
0.7855501,1
0.01756111,1
0.7855501,1
0.01756111,1
0.3112954,1
0.7855501,1
0.7855501,1
0.9999774,1
0.999953,1
0.9999927,1
0.999953,1
0.7855501,1
0.7855501,1
0.7307562,1
0.7307562,1
0.7307562,1
0.01835648,1
0.7307562,1
0.7982185,1
0.7855501,1
0.03605999,1
0.7855501,1
0.01756111,1
0.0237102,1
0.7855501,1
0.7855501,1
0.7855501,1
0.7855501,1
0.7855501,1
0.9993085,1
1,1
0.9985837,1
0.9978696,1
0.9985837,1
0.998687,1
0.9999697,1
0.7855501,1
0.7855501,1
0.7855501,1
0.7855501,1
0.999761,1
1,1
1,1
1,1
0.9996831,1
0.9983757,1
0.7855501,1
0.7855501,1
1,1
0.002638404,1
0.001868455,1
0.992689,1
0.9433739,1
0.7855501,1
0.7855501,1
0.7855501,1
1,1
1,1
1,1
0.7855501,1
0.7855501,1
0.7855501,1
0.7855501,1
2.02536e-05,1
0.7855501,1
0.7855501,1
0.992689,1
0.992689,1
0.7855501,1
1,1
1,1
1,1
0.7855501,1
0.7855501,1
0.7307562,1
0.7307562,1
1,1
1.375462e-05,0
0.7855501,0
0.03605999,0
2.755087e-05,0
9.786289e-07,0
0.01756111,0
0.7855501,0
0.0007342208,0
2.07845e-05,0
0.3046469,0
0.993447,0
6.471799e-07,0
0.0001760397,0
2.241565e-06,0
5.374518e-08,0
5.453691e-07,0
1,0
0.0001174473,0
0.0003662895,0
0.01756111,0
0.5044851,0
0.5328036,0
0.7855501,0
0.7855501,0
0.000684901,0
0.7855501,0
0.7307562,0
2.155744e-10,0
2.10474e-08,0
2.62427e-05,0
0.7855501,0
0.0004140543,0
2.755087e-05,0
1.274756e-10,0
6.140078e-05,0
0.3597944,0
0.0009923744,0
0.7855501,0
2.755087e-05,0
5.138947e-08,0
0.0001090353,0
1.423239e-08,0
1.861881e-12,0
0.002568708,0
8.08577e-10,0
1,0
4.871802e-11,0
0.3112954,0
0.02389868,0
3.184103e-05,0
0.01756111,0
0.0001318485,0
0.004193201,0
7.368214e-11,0
0.141553,0
0.0006872061,0
0.0005059629,0
0.008901337,0
1.518102e-05,0
0.7982185,0
1.180995e-07,0
1.642694e-08,0
0.0237102,0
3.042432e-12,0
0.0004130959,0
0.7307562,0
0.7855501,0
0.8356597,0
2.909054e-05,0
0.7855501,0
9.21547e-07,0
1.346473e-09,0
0.001526915,0
0.0312569,0
2.755087e-05,0
0.0002046487,0
0.7855501,0
0.7855501,0
4.480494e-05,0
0.7855501,0
0.0006872061,0
0.001334034,0
2.269171e-05,0
0.03605999,0
1,0
0.0007518377,0
0.3880959,0
