Score,Label
0.5694506,1
0.5694506,1
1,1
1,1
1,1
1,1
0.9550509,1
3.603292e-06,1
0.9999974,1
0.9947894,1
0.9993111,1
0.9999999,1
0.999988,1
0.9993111,1
6.817041e-07,1
0.1086256,1
0.1086256,1
0.9996753,1
0.4578049,1
0.9999986,1
0.9999986,1
0.9996753,1
4.760288e-06,1
0.4588436,1
0.00766725,1
0.8049766,1
0.120429,1
0.120429,1
1,1
1,1
0.9999999,1
0.9996839,1
0.9925895,1
0.9988262,1
0.4588436,1
1,1
1,1
0.9994868,1
0.9997682,1
1,1
1,1
0.8747279,1
0.4588436,1
1.543035e-05,1
5.392072e-05,1
0.9807253,1
3.354177e-06,1
0.4588436,1
0.9583028,1
0.9999982,1
0.3925435,1
0.5568593,1
0.9993441,1
0.9977365,1
0.9927233,1
0.1951902,1
0.3956958,1
0.9986547,1
0.1594179,1
0.1086256,1
0.1086256,1
7.647109e-05,1
0.9999783,0
0.7850662,0
0.8747279,0
1.640018e-05,0
0.9620269,0
1.676534e-09,0
4.208018e-05,0
5.392072e-05,0
0.0002252047,0
0.3925435,0
0.4588436,0
6.4076e-05,0
9.569876e-05,0
0.4946108,0
0.0002003288,0
1.409012e-05,0
0.0001233831,0
0.9967836,0
8.618931e-05,0
6.932535e-05,0
1.064117e-06,0
5.392072e-05,0
0.9122782,0
2.632364e-07,0
6.121517e-06,0
1.771338e-05,0
0.3006002,0
0.0001233831,0
7.370627e-07,0
1.266357e-06,0
0.0001233831,0
0.0001233831,0
0.43898,0
3.562511e-05,0
2.856818e-07,0
2.508969e-08,0
0.0002849172,0
0.8873745,0
0.120429,0
0.9583028,0
0.0001233831,0
2.40089e-07,0
3.289466e-07,0
2.409123e-07,0
2.194607e-07,0
1.644767e-07,0
0.002369452,0
9.430425e-06,0
5.509813e-09,0
1.394005e-05,0
4.201412e-07,0
0.0001228239,0
0.0261788,0
0.006839258,0
1.771338e-05,0
0.0001233831,0
1.543035e-05,0
1.79877e-07,0
2.130566e-07,0
8.582443e-05,0
5.910949e-06,0
0.0001233831,0
