Score,Label
0.9994594,1
0.9994594,1
1.278344e-05,1
1,1
0.9999685,1
0.001085695,1
1,1
0.9994594,1
0.9994594,1
0.00168476,1
0.9930409,1
0.9930409,1
0.0001080797,1
0.9964117,1
0.8149237,1
0.9002609,1
0.9994594,1
0.9994594,1
0.9995734,1
0.9995734,1
0.7666541,1
1,1
1,1
0.9995734,1
0.9995734,1
1,1
1,1
1,1
1,1
0.8149237,1
0.9994594,1
0.9994594,1
0.9994594,1
0.9969795,1
0.4649653,1
1,1
0.4726457,1
0.4649653,1
0.4726457,1
1,1
1,1
0.833749,1
0.833749,1
2.636866e-06,1
0.833749,1
1.134171e-05,1
0.005281083,1
0.09476369,1
0.0002394308,1
0.8149237,1
0.0004425033,1
0.9999999,1
0.9999999,1
6.775604e-05,1
1,1
1,1
1,1
1,1
0.9994594,1
0.9994594,1
0.8149237,1
0.8149237,1
0.833749,1
0.833749,1
0.9999969,1
0.0204002,1
0.0204002,1
0.0204002,1
0.0006467405,1
0.0006467405,1
0.0006467405,1
0.0006467405,1
8.015494e-07,1
0.8149237,0
0.003424364,0
0.0003600463,0
0.0003600463,0
0.001403562,0
1.155635e-07,0
0.0001541904,0
3.103256e-07,0
0.0002671808,0
3.470934e-05,0
0.008308161,0
0.0002671808,0
0.0003133239,0
0.0001465089,0
0.003424364,0
0.004765703,0
5.133661e-10,0
7.684479e-06,0
0.002641888,0
8.855918e-07,0
0.008880131,0
7.418426e-05,0
0.0006925667,0
2.286421e-05,0
0.0003133239,0
0.8149237,0
0.5440622,0
0.2371031,0
0.0002054646,0
5.526813e-05,0
0.02123653,0
0.03932146,0
0.02020571,0
9.513311e-06,0
0.00913777,0
8.716671e-05,0
8.268965e-05,0
0.002413143,0
0.001515036,0
1.724111e-05,0
1.798248e-07,0
0.0004276351,0
2.093764e-05,0
0.003619043,0
3.432546e-06,0
1.51309e-08,0
0.006476805,0
0.0002671808,0
1.975476e-06,0
0.8149237,0
1.291164e-09,0
0.5057654,0
7.53811e-07,0
0.0002591617,0
0.8149237,0
8.763753e-05,0
4.306727e-08,0
0.01117693,0
0.00139474,0
0.03756135,0
0.001969748,0
4.825491e-06,0
2.212022e-07,0
3.103256e-07,0
0.00139474,0
0.002213232,0
0.0004450058,0
0.0002671808,0
1.098049e-05,0
0.0001344273,0
0.8149237,0
6.389563e-06,0
0.8149237,0
