Score,Label
0.002003101,1
1,1
1,1
1,1
1,1
1,1
1,1
0.9938113,1
0.9938655,1
0.2520572,1
0.9472721,1
0.9472721,1
5.285113e-05,1
0.9999964,1
1,1
0.9999964,1
6.566315e-05,0
0.00163692,0
7.590918e-05,0
0.001622525,0
3.397024e-06,0
0.00085628,0
3.397024e-06,0
1.554369e-06,0
9.727204e-05,0
3.397024e-06,0
2.548782e-06,0
6.566315e-05,0
6.566315e-05,0
0.000945067,0
6.94181e-06,0
0.00085628,0
2.067247e-06,0
3.383246e-07,0
3.383246e-07,0
0.00163692,0
0.0008251828,0
9.727204e-05,0
0.0008346257,0
9.468555e-06,0
9.468555e-06,0
7.590918e-05,0
0.001195583,0
0.0006976604,0
7.395045e-07,0
2.617983e-07,0
4.226562e-07,0
0.0004547341,0
