Score,Label
8.103522e-06,1
0.0004348091,1
1,1
1,1
1,1
0.06374893,1
0.9999641,1
0.9999641,1
0.9998624,1
0.9998624,1
0.9996403,1
0.0002619022,1
0.9999999,1
1,1
0.06936278,1
0.999613,0
0.1090406,0
0.9999002,0
0.0005970579,0
2.829948e-06,0
0.1090406,0
0.003730744,0
0.9995442,0
6.315201e-05,0
0.6098807,0
0.9950948,0
0.000913083,0
1.192174e-06,0
0.0004073601,0
2.707803e-05,0
