Score,Label
1.816072e-05,1
1.816072e-05,1
0.8505122,1
0.8505122,1
1.816072e-05,1
1.816072e-05,1
9.870093e-06,0
0.002240825,0
3.42883e-05,0
0.0001630343,0
0.001269459,0
0.0001152145,0
3.42883e-05,0
0.0002702145,0
0.0001152145,0
0.0002058941,0
2.088468e-05,0
0.0002702145,0
