Score,Label
0.0004809395,1
0.0004809395,1
0.9995887,1
0.0004809395,1
0.9991463,1
0.0002597717,1
0.0004560802,0
0.0004809395,0
3.723058e-07,0
0.001073409,0
0.01691618,0
9.939451e-05,0
5.736615e-05,0
0.0001779529,0
0.04630683,0
0.0004809395,0
0.3328543,0
0.0001590926,0
