Score,Label
0.9999999,1
0.9999909,1
0.9999998,1
0.9999999,1
2.420199e-08,1
0.9961333,1
5.067982e-10,0
9.555159e-07,0
4.773512e-10,0
5.737676e-09,0
0.003606914,0
0.01163669,0
0.0008352438,0
0.0001357184,0
7.534743e-09,0
0.003606914,0
0.0006897022,0
0.01163669,0
