Score,Label
0.9677767,1
0.003746433,1
0.006462936,1
4.658273e-06,0
0.8894346,0
0.001486629,0
4.658273e-06,0
0.001581473,0
6.842862e-06,0
