Score,Label
0.9999923,1
0.9981122,1
0.01625216,1
5.312957e-08,0
7.631682e-08,0
7.239215e-07,0
5.261544e-06,0
5.814211e-06,0
9.228612e-08,0
