Score,Label
1,1
1,1
1,1
1,1
1,1
0.9749036,1
1,1
1.765486e-06,1
0.9999652,1
1,1
4.710295e-09,0
3.851696e-06,0
6.687541e-07,0
6.687541e-07,0
2.004256e-10,0
2.446801e-06,0
2.505447e-10,0
9.260136e-09,0
2.565503e-05,0
2.446801e-06,0
2.599129e-09,0
2.565503e-05,0
3.346834e-06,0
5.901923e-11,0
3.851696e-06,0
5.901923e-11,0
4.713303e-10,0
0.0007544761,0
2.206799e-09,0
8.633404e-09,0
