Score,Label
0.708146,1
1,1
0.708146,1
1,1
0.9949782,1
1,1
7.831862e-07,0
7.125932e-09,0
4.615328e-11,0
0.9948995,0
3.774996e-08,0
3.838483e-06,0
1.206013e-09,0
4.615328e-11,0
3.838483e-06,0
0.9959627,0
7.125932e-09,0
3.139734e-08,0
