Score,Label
0.9999979,1
0.7323351,1
0.004202361,1
0.006549592,1
0.9991862,1
0.004202361,1
0.006549592,1
1.665186e-05,0
0.2303427,0
2.445695e-06,0
2.230992e-07,0
0.0002387283,0
0.09284485,0
9.850225e-08,0
0.9926081,0
9.990831e-08,0
1.57849e-05,0
0.001432531,0
1.92826e-05,0
1.665186e-05,0
0.2303427,0
