Score,Label
0.001342821,1
1,1
1,1
1,1
1,1
1,1
0.9999989,1
0.9999638,1
0.001342821,1
1,1
6.522143e-05,0
0.1610733,0
0.001760235,0
0.004529689,0
9.870237e-05,0
0.0001317587,0
0.0009178603,0
0.0001518528,0
3.355613e-05,0
6.323035e-05,0
7.700205e-05,0
5.247498e-05,0
0.004529689,0
0.0008220413,0
0.002717198,0
3.088547e-05,0
4.493656e-05,0
1.589752e-05,0
5.316109e-05,0
2.206313e-05,0
