Score,Label
1,1
1,1
0.001313579,1
1,1
1,1
0.0004105404,1
0.9989486,0
1.210932e-06,0
0.0003556289,0
0.00219972,0
0.0008017677,0
1.795197e-05,0
2.166975e-06,0
1.270684e-05,0
7.806985e-05,0
0.0008017677,0
0.0002088934,0
1.274284e-06,0
