Score,Label
1,1
0.9998108,1
1,1
0.9966756,1
0.9966756,1
1,1
1,1
0.0006201084,1
0.9999591,1
0.9998,0
4.617986e-05,0
0.003809143,0
0.006838378,0
2.320548e-05,0
9.555666e-06,0
0.003792819,0
0.947111,0
0.003754315,0
