Score,Label
1,1
0.9742365,1
0.9990613,1
0.983993,1
0.983993,1
1,1
8.490453e-08,0
8.344387e-07,0
0.9985614,0
1.632339e-07,0
0.6794785,0
0.9897667,0
