Score,Label
0.9999394,1
0.9851589,1
0.9264855,1
0.9965907,1
0.9993588,1
0.06539142,1
0.9999394,1
0.9999394,1
0.9999946,1
0.9999995,1
0.0001982596,0
0.0002513272,0
0.9730855,0
0.0001368453,0
0.0008679173,0
0.0008679173,0
8.405181e-05,0
0.0002513272,0
0.9989355,0
0.9264855,0
