Score,Label
0.9999994,1
0.2006075,1
0.9843647,1
0.2006075,1
0.9843647,1
0.2006075,1
0.9936683,1
0.9999946,1
0.9999384,1
0.02822181,1
1.90539e-05,0
3.018416e-06,0
2.117294e-06,0
1.01885e-05,0
2.572984e-07,0
2.327782e-06,0
0.0006349222,0
0.9990216,0
0.0006349222,0
0.005607212,0
