Score,Label
1.054031e-07,1
1.054031e-07,1
1.054031e-07,1
1.054031e-07,1
0.9998732,1
0.9998732,1
1,1
1,1
1.054031e-07,0
2.397993e-05,0
4.854087e-05,0
0.0001105325,0
7.18366e-08,0
0.0004183163,0
0.0001105325,0
4.311983e-07,0
4.854087e-05,0
2.720953e-08,0
0.0001105325,0
7.18366e-08,0
7.18366e-08,0
0.02332876,0
8.881224e-07,0
0.0001105325,0
