Score,Label
6.677677e-06,1
6.340446e-07,1
4.741399e-05,1
6.340446e-07,1
0.9856701,0
0.8771982,0
3.956343e-08,0
1.941553e-06,0
