Score,Label
0.0003053641,1
0.9999202,1
0.0003915295,1
0.0005647167,1
0.996967,0
0.9974509,0
0.9050686,0
0.0001016288,0
