Score,Label
0.8785457,1
3.216911e-17,1
3.216911e-17,1
4.02865e-10,0
8.594691e-10,0
7.132541e-06,0
1.817836e-07,0
5.715567e-06,0
4.291243e-09,0
