Score,Label
0.00155014,1
0.9993805,1
0.9999998,1
7.015811e-07,1
0.9999985,1
5.102978e-10,0
2.311795e-05,0
0.0002643412,0
0.001215116,0
0.001215116,0
