Score,Label
0.03400137,1
0.03400137,1
0.0007064726,1
0.08115479,1
0.0004206542,0
0.000407353,0
0.0003633936,0
0.0008138926,0
0.1427747,0
0.0004206542,0
0.994944,0
0.1427747,0
