Score,Label
0.8007894,1
0.8007894,1
0.9983574,1
0.02623963,1
0.9994081,1
0.9999886,1
0.8208969,1
0.9922375,1
0.9922375,1
0.9922375,1
0.9969444,1
0.9983574,1
0.968159,1
0.8007894,1
0.6926895,1
0.8007894,1
0.8007894,1
0.9721283,1
0.9999795,1
0.9999795,1
0.9999795,1
0.9999795,1
0.8350834,1
0.8461038,1
0.8350834,1
0.5568573,1
0.8350834,1
0.9995865,0
4.074478e-05,0
9.115902e-06,0
2.729093e-11,0
0.0006563916,0
4.825674e-10,0
3.506868e-05,0
4.074478e-05,0
4.18409e-05,0
0.8350834,0
3.135673e-10,0
0.6271622,0
0.002364808,0
0.001802276,0
9.831601e-05,0
5.344189e-08,0
0.4189889,0
6.760299e-09,0
1.423953e-06,0
4.816121e-05,0
0.2736059,0
0.001818564,0
4.822479e-11,0
0.0006507148,0
1.029378e-08,0
2.371673e-05,0
2.262406e-08,0
