Score,Label
2.047377e-13,1
1,1
1,1
1,1
1,1
1,1
0.9549946,1
0.999987,1
0.999987,1
3.309274e-13,0
8.470141e-15,0
9.866111e-07,0
3.309274e-13,0
8.470141e-15,0
9.866111e-07,0
8.470141e-15,0
0.002395654,0
3.309274e-13,0
9.866111e-07,0
3.309274e-13,0
9.866111e-07,0
0.002395654,0
3.309274e-13,0
0.0001182488,0
9.866111e-07,0
9.866111e-07,0
8.470141e-15,0
