Score,Label
1,1
1,1
1,1
1,1
1,1
0.9897349,1
0.9897349,1
0.9897349,1
1,1
0.0001677852,0
0.0001677852,0
2.524984e-08,0
0.0001677852,0
2.718173e-06,0
1.296532e-08,0
1.296532e-08,0
3.391891e-08,0
1.296532e-08,0
0.0001677852,0
3.869176e-07,0
1.296532e-08,0
6.789416e-08,0
3.391891e-08,0
4.99937e-07,0
5.313622e-07,0
1.120361e-05,0
0.0001677852,0
