Score,Label
0.9997613,1
0.9998466,1
0.9998922,1
1.260211e-05,1
1,1
0.9998466,1
0.9999709,1
0.9938053,1
0.2433455,1
0.9999987,1
0.141135,1
0.9989169,1
1,1
0.2433455,1
0.9959555,1
0.9999599,1
0.9999089,1
1,1
1,1
0.003488937,1
0.9999946,1
1,1
0.9998593,1
0.9938053,1
6.183896e-05,0
6.675095e-05,0
0.1378803,0
0.000295084,0
4.59626e-05,0
0.0003644707,0
0.0002055342,0
0.004406097,0
0.001068896,0
0.006199174,0
0.977924,0
0.0005640185,0
0.0001094577,0
0.002847893,0
0.7849743,0
0.9993413,0
0.001107395,0
9.862674e-05,0
0.1251425,0
0.001107395,0
0.9949044,0
4.595445e-05,0
0.05962077,0
0.003713054,0
