Score,Label
1,1
1,1
1,1
0.00295853,1
0.9981944,1
0.0001613088,1
1,1
1,1
0.001492075,1
0.8864978,1
0.7118508,1
1,1
0.0002043438,1
1,1
0.9987987,1
0.9987987,1
1,1
0.9967304,1
0.3811365,1
1,1
0.9999547,1
1,1
0.9875389,1
0.9875389,1
0.9961131,1
1,1
1,1
1,1
0.9981944,1
5.24945e-05,1
0.9994494,1
6.042216e-05,1
0.01147681,1
0.01147681,1
0.9986279,1
0.9986279,1
0.865521,1
0.003743932,1
1,1
0.2840735,1
0.9981944,1
5.75146e-05,1
0.9999999,1
0.9999999,1
1,1
0.9999999,1
0.005752169,1
0.0654383,1
0.6914856,1
0.9999987,1
0.9998699,1
1,1
0.2666846,1
0.9999851,1
0.9999851,1
0.9997453,1
0.9999999,0
0.001502833,0
1.89273e-06,0
0.9540345,0
1.417904e-06,0
0.04586361,0
0.0002582732,0
6.401029e-06,0
8.406501e-06,0
0.9971749,0
2.413879e-05,0
4.218293e-06,0
0.0002129511,0
0.001147674,0
0.006703495,0
0.0002061615,0
1.078564e-05,0
3.927981e-06,0
5.200848e-05,0
0.0001004685,0
0.0002631379,0
0.0001004685,0
0.0002129511,0
0.9806567,0
0.003975127,0
0.001024988,0
0.3067428,0
1.836664e-06,0
1.202319e-05,0
0.0008643644,0
4.339116e-06,0
2.130796e-05,0
0.0002026221,0
5.949057e-05,0
0.9999828,0
0.0003156737,0
0.09879225,0
4.524686e-05,0
0.0001726298,0
0.000489866,0
1.950746e-05,0
3.05357e-05,0
3.31529e-05,0
0.0006724271,0
0.0004004438,0
0.0001007223,0
0.001642939,0
0.0001513917,0
1.061486e-05,0
0.00281957,0
1.637377e-05,0
8.960369e-06,0
0.001141068,0
0.0009338185,0
2.727848e-05,0
0.9092751,0
