Score,Label
1,1
0.05537726,1
0.999705,1
0.999705,1
1,1
0.999952,1
0.999705,1
1,1
1,1
1,1
1,1
1,1
1,1
0.9982051,1
0.005355264,1
0.9999975,1
0.9971577,1
1,1
0.9999939,1
0.8792171,1
1,1
1,1
1,1
1,1
0.9999727,1
0.8669754,1
0.9999828,1
0.9999996,1
0.0001767386,0
0.0004005278,0
0.001460145,0
0.0319013,0
0.000233496,0
8.143192e-05,0
0.000210511,0
0.9972606,0
3.201293e-05,0
3.626681e-05,0
0.007875171,0
0.0001279841,0
0.00080982,0
0.005786204,0
0.002179647,0
0.999999,0
9.272214e-05,0
0.0002697293,0
5.573845e-05,0
2.838889e-05,0
0.0001723407,0
5.527118e-05,0
0.9774935,0
1,0
0.000183166,0
2.322262e-05,0
8.101018e-05,0
0.001795026,0
