Score,Label
0.9999999,1
0.9859536,1
0.9999938,1
1.240297e-06,1
1,1
1,1
0.9957479,1
1,1
1,1
1,1
1,1
0.001435214,1
1,1
1.857366e-05,0
6.382035e-06,0
1.878464e-05,0
5.612729e-05,0
6.382035e-06,0
1.57236e-06,0
0.03798641,0
4.995547e-06,0
2.094313e-05,0
1.494266e-06,0
6.431088e-07,0
3.278125e-06,0
8.971056e-07,0
