Score,Label
0.9998453,1
0.1292814,1
0.008630458,1
0.9996948,1
0.9998856,1
0.9997745,1
0.9998071,1
0.9996254,1
1.075991e-11,0
2.886634e-07,0
2.588264e-10,0
2.865162e-09,0
3.083732e-05,0
3.544299e-08,0
7.275325e-17,0
0.9782948,0
