Score,Label
0.8679821,1
0.8808417,1
0.9998116,1
0.9643463,1
0.001400317,1
0.8679821,1
0.9956551,1
0.8058407,1
8.243817e-05,0
0.0008077791,0
0.0005340905,0
0.1022471,0
3.637481e-05,0
0.001172154,0
0.3600193,0
5.1553e-05,0
