Score,Label
7.213757e-07,1
0.9863662,1
0.9863662,1
7.213757e-07,1
7.213757e-07,1
1,1
3.176066e-08,0
2.386741e-05,0
2.386741e-05,0
7.213757e-07,0
2.576344e-05,0
2.386741e-05,0
3.176066e-08,0
3.176066e-08,0
4.041969e-12,0
4.041969e-12,0
2.386741e-05,0
7.840951e-12,0
