Score,Label
0.9870651,1
0.6419314,1
0.9870651,1
0.6289066,1
0.6596028,1
0.6596028,1
0.6596028,1
0.6596028,1
0.6289066,0
0.001239448,0
9.109458e-05,0
0.001239448,0
9.109458e-05,0
0.008822239,0
9.109458e-05,0
9.109458e-05,0
5.924053e-07,0
9.109458e-05,0
0.6289066,0
9.109458e-05,0
9.109458e-05,0
9.109458e-05,0
3.741606e-12,0
5.924053e-07,0
