Score,Label
0.0001518848,1
0.8505557,1
0.8505557,1
0.8505557,1
0.8505557,1
0.15578,1
0.8505557,1
0.8505557,1
0.0006870863,1
0.9984994,1
0.0001791543,0
0.0001791543,0
0.0001829659,0
1.523535e-05,0
0.0001791543,0
0.0001791543,0
0.0001791543,0
2.984111e-05,0
1.523535e-05,0
1.523535e-05,0
1.523535e-05,0
0.0001791543,0
1.523535e-05,0
3.980511e-05,0
0.0001167469,0
1.523535e-05,0
0.0006870863,0
1.523535e-05,0
0.0001791543,0
1.523535e-05,0
