Score,Label
0.9802244,1
0.9999967,1
0.9996731,1
0.9996731,1
0.00228111,1
0.05198203,1
9.773469e-05,0
2.859328e-08,0
9.773469e-05,0
0.00228111,0
0.0008352328,0
1.032553e-07,0
3.625442e-07,0
5.466188e-08,0
2.859328e-08,0
0.0008352328,0
1.859632e-07,0
5.020344e-08,0
