Score,Label
0.82095,1
0.82095,1
0.9999999,1
0.9999999,1
0.82095,1
0.82095,1
0.82095,1
0.9999931,1
0.4841715,1
0.9999815,1
0.82095,1
0.82095,1
0.82095,1
0.9964812,1
0.05036269,1
0.9999192,1
0.9999192,1
0.9998684,1
0.9995314,1
0.82095,1
0.8779776,1
0.001767805,1
0.8779776,1
0.8779776,1
0.9969308,1
0.9836633,1
0.9999138,1
0.9928164,1
0.9969308,1
1,1
0.82095,1
0.82095,1
0.82095,1
0.82095,1
0.82095,1
0.82095,1
0.842316,1
0.9999375,1
0.9987153,1
0.9991534,1
0.9987153,1
0.9990269,1
0.4395954,1
0.9999999,1
0.9999999,1
0.9999907,1
0.002249639,1
0.6928732,1
0.9998773,1
0.001537967,1
0.8779776,1
0.8779776,1
0.004283416,1
0.8779776,1
7.467606e-11,1
0.9236008,1
0.0008325066,1
0.82095,1
0.82095,1
0.82095,1
0.82095,1
0.82095,1
0.82095,1
1,1
0.9909508,1
0.0005262345,1
0.0005262345,1
0.996482,1
0.9999815,1
0.6633856,1
0.9999815,1
0.82095,1
0.9860536,1
0.9860536,1
0.9860536,1
0.9860536,1
0.82095,1
0.82095,1
7.467606e-11,1
0.82095,1
0.8779776,1
0.001767805,1
0.8779776,1
0.8779776,1
0.82095,1
0.82095,1
0.82095,1
0.82095,1
0.82095,1
0.82095,1
0.0009002467,1
1.380675e-11,0
5.146773e-06,0
3.939447e-05,0
2.751497e-09,0
0.0007631843,0
1.505017e-07,0
3.867215e-09,0
4.333779e-07,0
6.761734e-08,0
0.0009002467,0
3.232755e-10,0
0.82095,0
0.006068151,0
0.004283416,0
0.005905255,0
4.166327e-06,0
4.182043e-06,0
0.9305215,0
2.416319e-07,0
0.0001589286,0
0.9967138,0
3.743648e-08,0
0.8052641,0
1.740917e-09,0
0.8779776,0
0.82095,0
0.0004333784,0
0.82095,0
3.743648e-08,0
0.82095,0
0.0005791849,0
0.0006715863,0
0.0005791849,0
0.5169774,0
8.435863e-06,0
0.82095,0
4.375765e-05,0
0.9305215,0
0.0009002467,0
0.0006715863,0
0.001367461,0
0.6276978,0
0.82095,0
0.0005791849,0
0.82095,0
0.82095,0
8.383521e-12,0
0.0006715863,0
0.4103776,0
0.0005618232,0
0.04165793,0
8.89505e-12,0
0.9751507,0
0.0005791849,0
0.00192705,0
0.003307456,0
0.9924657,0
0.82095,0
1.08004e-10,0
0.0005421428,0
3.743648e-08,0
0.1272742,0
0.4059151,0
5.155273e-07,0
1.364766e-13,0
0.82095,0
0.0005791849,0
3.875978e-10,0
3.743648e-08,0
3.743648e-08,0
2.826971e-11,0
0.00268789,0
0.5270953,0
0.82095,0
0.008072332,0
7.155762e-07,0
0.01281075,0
1.54379e-05,0
1.062819e-07,0
0.0006715863,0
1.312941e-09,0
3.743648e-08,0
0.9984685,0
0.6841254,0
0.002291359,0
0.2396652,0
0.0009002467,0
0.001968445,0
0.0002042783,0
0.001401139,0
0.005810928,0
