Score,Label
5.12337e-05,1
0.9999999,1
0.003551817,1
0.9999999,1
1,1
1,1
0.9999988,1
1,1
0.9999982,1
6.152688e-06,1
0.9999999,1
0.9888755,1
0.9999999,1
3.692817e-05,0
2.052727e-06,0
3.933927e-06,0
6.812675e-08,0
2.999326e-07,0
1.297341e-08,0
1.071343e-07,0
0.004286246,0
2.044803e-08,0
8.133013e-06,0
4.549574e-08,0
1.641974e-07,0
6.812675e-08,0
