Score,Label
1,1
0.9999992,1
0.0006883797,1
1,1
1,1
0.9986473,1
1,1
1,1
1,1
1,1
1,1
1,1
1,1
0.9996456,1
1,1
1,1
1,1
2.574276e-05,0
4.311138e-05,0
8.545087e-07,0
0.1781744,0
6.8613e-09,0
3.970442e-05,0
0.0003514239,0
0.8303378,0
3.933377e-09,0
0.001531101,0
0.0004718236,0
2.070098e-06,0
0.001308241,0
3.181447e-05,0
0.0001849755,0
8.635715e-05,0
9.728484e-05,0
