Score,Label
1,1
1,1
1,1
0.04109026,1
1,1
1,1
1,1
1,1
1,1
1,1
1,1
0.0001907335,0
0.0003932503,0
0.0005448186,0
5.160859e-05,0
0.0003932503,0
2.56097e-05,0
7.020297e-05,0
4.413179e-05,0
3.02711e-05,0
5.146802e-05,0
0.0001112711,0
0.003901336,0
8.152212e-05,0
0.122496,0
3.607537e-05,0
0.000126756,0
0.0005524065,0
0.01521669,0
7.85719e-05,0
5.160859e-05,0
0.0001111656,0
0.001864014,0
