Score,Label
0.0006361366,1
0.4735071,1
0.6321604,1
0.001744268,1
0.9972259,1
0.98225,1
0.9993672,1
1,1
1,1
1,1
0.9999992,1
1,1
1,1
0.9992211,1
0.9996058,1
0.9740341,1
0.920769,1
0.002493265,1
1,1
0.0002673423,1
0.001067692,0
0.09009686,0
8.170482e-06,0
9.538239e-06,0
1.127957e-05,0
2.740367e-06,0
0.0002250468,0
6.16487e-06,0
1.294772e-06,0
1.231187e-05,0
0.0003479361,0
0.000983924,0
0.3308779,0
0.001361984,0
2.322912e-06,0
0.0006361366,0
1.438019e-05,0
0.3308779,0
0.001625878,0
0.001672215,0
6.16487e-06,0
0.0003331514,0
0.000983924,0
8.711766e-06,0
0.001625878,0
1.453571e-05,0
0.2927485,0
1.209089e-06,0
0.3308779,0
8.428216e-06,0
0.0006066511,0
0.000983924,0
9.361378e-07,0
1.438019e-05,0
7.402151e-07,0
1.549275e-05,0
0.006292075,0
1.549275e-05,0
0.0009639776,0
0.004187983,0
