Score,Label
5.124909e-06,1
1.727152e-06,1
0.9963709,1
0.9691417,1
0.9999957,1
0.9999957,1
0.9999999,1
1,1
1,1
1,1
0.9999999,1
0.9999999,1
0.002409519,1
1,1
0.001151876,1
1.504301e-06,0
0.001055352,0
0.001055352,0
2.540253e-06,0
0.00241678,0
0.00123598,0
0.004521501,0
0.001055352,0
0.9999985,0
3.187439e-05,0
9.001333e-06,0
0.000171768,0
0.004521501,0
0.004293183,0
3.348127e-06,0
