Score,Label
1,1
0.9999259,1
0.001630844,1
0.002904508,1
0.3249716,1
0.000858361,1
1,1
1,1
1,1
0.9998147,1
1,1
1,1
1,1
0.01379952,1
1,1
0.002277728,1
0.006359484,1
0.02271452,1
0.3895947,1
0.0294967,0
0.0003456543,0
0.103046,0
0.08760499,0
0.9994681,0
0.003419771,0
0.0002258535,0
0.0001364666,0
0.007692843,0
0.08760499,0
0.08760499,0
0.08760499,0
0.003378741,0
0.9732165,0
0.7874724,0
0.002839524,0
0.02452374,0
0.0004341994,0
9.565296e-05,0
