Score,Label
7.457181e-09,1
0.9999968,1
0.9991787,1
0.9999106,1
1,1
0.9999989,1
0.9999968,1
8.583589e-05,1
0.3334251,0
1.232931e-06,0
0.3334251,0
1.232931e-06,0
1.232931e-06,0
0.3334251,0
1.232931e-06,0
6.728156e-08,0
