Score,Label
0.9999911,1
0.0005726416,1
0.0005726416,1
4.745592e-05,1
0.9985183,1
1,1
0.9702533,1
0.08859814,1
4.745592e-05,1
4.745592e-05,0
0.0001477604,0
4.745592e-05,0
4.745592e-05,0
4.745592e-05,0
0.0001477604,0
1.068573e-05,0
0.0001477604,0
4.745592e-05,0
