Score,Label
1,1
1,1
1,1
1,1
0.7805923,1
0.9999999,1
0.9999948,0
0.003540703,0
0.0003394501,0
0.0001072271,0
0.003540703,0
0.003540703,0
