Score,Label
7.689798e-07,1
0.0002062796,1
0.0002062796,1
7.689798e-07,1
1.458184e-05,1
4.988603e-05,0
3.639362e-09,0
4.988603e-05,0
4.013793e-06,0
3.455553e-08,0
3.005336e-08,0
7.953216e-07,0
4.988603e-05,0
3.639362e-09,0
0.0007573518,0
