Score,Label
1.107427e-05,1
1.107427e-05,1
0.999954,1
0.001081754,1
0.01645205,1
0.01645205,1
4.189883e-05,0
0.0001658027,0
1.107427e-05,0
8.060002e-05,0
0.0001658027,0
4.189883e-05,0
4.232905e-06,0
4.189883e-05,0
4.189883e-05,0
2.21599e-05,0
8.060002e-05,0
1.107427e-05,0
