Score,Label
0.9999876,1
1.13103e-05,1
0.9999876,1
0.9999876,1
0.9999999,1
0.9999999,1
0.9999999,1
0.9787515,1
0.9999999,1
1,1
0.4574732,1
0.5499901,0
4.28823e-10,0
0.00336081,0
0.3266996,0
4.060387e-07,0
0.4887502,0
0.005679335,0
4.04182e-07,0
6.719724e-10,0
9.183079e-05,0
1.485112e-12,0
