Score,Label
0.9976587,1
0.9976587,1
0.9976587,1
0.9976587,1
1,1
1,1
1,1
1,1
0.9999446,1
1,1
1,1
1,1
1,1
0.9999915,1
1,1
0.9999915,1
0.9976587,1
0.9998925,1
0.9429734,1
0.908612,1
1,1
1,1
1,1
0.1465993,1
0.1465993,1
0.4872081,1
0.006758462,0
1.227476e-08,0
0.9813895,0
1.986997e-07,0
0.0301963,0
5.0561e-06,0
6.030421e-05,0
0.0004738058,0
0.9862983,0
0.04701178,0
6.668307e-05,0
0.000198469,0
1.950021e-06,0
0.003992798,0
4.97125e-09,0
0.01777379,0
0.01777379,0
4.817027e-11,0
0.0003700927,0
6.030421e-05,0
0.01064788,0
5.753357e-05,0
2.391858e-07,0
1.432136e-07,0
5.113048e-08,0
0.0318521,0
