Score,Label
0.9999981,1
0.2844759,1
0.0003191525,1
0.01707689,1
0.9999853,1
0.99889,1
0.0001358468,1
0.9999692,1
0.004447086,1
0.9995435,1
0.9982007,1
0.02571283,1
0.267751,1
0.999988,1
8.107132e-05,1
0.0001646724,0
0.9950489,0
0.1113458,0
0.00231499,0
0.002114846,0
2.289069e-05,0
0.002114846,0
0.1920799,0
0.0005192262,0
0.0005701184,0
0.00231499,0
0.3915743,0
0.002114846,0
0.001055355,0
0.0001443343,0
