Score,Label
1.929855e-05,1
0.04897231,1
1,1
0.9973948,1
0.9973948,1
6.073955e-05,1
0.9997607,1
7.106927e-05,1
0.0006341766,1
0.0002683444,1
8.940448e-05,1
0.9999999,1
0.04897231,1
1,0
0.00071237,0
0.9909383,0
0.0004138793,0
1.703137e-05,0
0.001149148,0
0.0001817063,0
0.9999994,0
0.0006011658,0
0.001168654,0
0.0009413348,0
3.405835e-05,0
0.01152575,0
