Score,Label
0.000994313,1
0.000994313,1
0.9994205,1
0.9998604,1
0.9999963,1
0.9999963,1
0.9995456,1
0.9999998,1
0.9999998,1
1,1
1,1
0.9998604,1
0.9999998,1
0.998822,1
0.000164927,1
0.0002252428,1
0.9763223,1
0.000164927,1
0.0002252428,1
0.8921288,1
0.142948,0
0.142948,0
0.142948,0
0.142948,0
0.0004555026,0
0.0003169876,0
0.9995456,0
0.142948,0
0.994109,0
0.8282058,0
0.9999998,0
0.7745451,0
0.142948,0
0.142948,0
0.00527549,0
0.9995456,0
0.9994534,0
0.9979262,0
0.000164927,0
0.142948,0
