Score,Label
1,1
0.0001361716,1
0.99304,1
0.0001361716,1
0.00132011,1
0.9999112,1
6.115552e-05,1
0.9912028,1
0.9045063,1
0.6667134,1
0.0001911561,1
1,1
1,1
0.9045063,1
0.0002302715,1
0.9045063,1
0.1351734,1
0.0001911561,0
0.0001911561,0
0.0001911561,0
0.6689495,0
0.0001911561,0
0.7399846,0
0.9982393,0
0.7101402,0
0.0001911561,0
0.0001202931,0
0.09201737,0
0.0001361716,0
0.0001911561,0
0.999984,0
0.0001911561,0
0.9955498,0
0.9881343,0
