Score,Label
0.004933784,1
0.1143041,1
0.6961118,1
0.002474226,1
7.582048e-05,1
7.582048e-05,1
0.001196042,1
0.001407651,1
2.835453e-05,1
0.05355252,1
4.941972e-05,1
4.941972e-05,1
0.02017115,1
0.5984151,1
3.011602e-05,1
0.001017125,1
3.011602e-05,1
0.0006032191,1
0.0006032191,1
0.3101144,1
0.9807029,1
0.0004245129,1
0.9807029,1
0.0004245129,1
0.9807029,1
0.0004245129,1
0.0004245129,1
0.0004245129,1
0.0004245129,1
0.0004245129,1
2.835453e-05,1
2.835453e-05,1
2.835453e-05,1
2.835453e-05,1
2.835453e-05,1
2.835453e-05,1
2.835453e-05,1
2.835453e-05,1
2.835453e-05,1
2.835453e-05,1
2.835453e-05,1
2.835453e-05,1
2.835453e-05,1
2.835453e-05,1
0.131007,1
0.9657817,1
0.9402397,1
0.001098407,1
0.001098407,1
3.011602e-05,1
3.011602e-05,1
3.011602e-05,1
9.846341e-05,1
0.9609336,1
3.011602e-05,1
3.011602e-05,1
3.011602e-05,1
3.011602e-05,1
9.846341e-05,1
3.011602e-05,1
3.011602e-05,1
3.011602e-05,1
3.011602e-05,1
3.011602e-05,1
2.263982e-07,0
2.263982e-07,0
1.602861e-08,0
0.9335058,0
0.00904306,0
2.263982e-07,0
0.0003792763,0
0.00904306,0
1.602861e-08,0
0.6084685,0
1.017871e-08,0
0.0003578517,0
4.185223e-05,0
3.044875e-05,0
6.464099e-09,0
0.6098523,0
0.9826213,0
2.263982e-07,0
1.803244e-09,0
2.835453e-05,0
3.249136e-06,0
1.017871e-08,0
1.737833e-07,0
1.017871e-08,0
0.9335058,0
4.742697e-08,0
2.263982e-07,0
2.263982e-07,0
8.203971e-06,0
0.01444258,0
0.0003042952,0
1.19516e-07,0
1.017871e-08,0
1.920012e-06,0
0.0006427557,0
0.0003792763,0
0.00994804,0
2.263982e-07,0
2.263982e-07,0
0.01034889,0
2.263982e-07,0
0.03534997,0
0.00904306,0
0.3040015,0
1.017871e-08,0
1.737833e-07,0
3.249136e-06,0
0.09513593,0
1.19516e-07,0
4.742697e-08,0
0.8881458,0
1.017871e-08,0
0.9807029,0
1.766941e-08,0
2.835453e-05,0
0.0001442469,0
0.00904306,0
0.9335058,0
0.9335058,0
3.249136e-06,0
0.003204696,0
1.602861e-08,0
0.2108798,0
2.263982e-07,0
