Score,Label
2.616376e-07,1
0.9995556,1
1.046465e-07,1
0.9953993,1
0.002193732,1
0.002193732,1
0.9790018,1
0.5021741,1
0.0006127151,1
2.378506e-05,1
3.354449e-06,1
3.354449e-06,1
0.09769899,1
0.9996013,1
1.952514e-06,1
0.8318924,1
1.952514e-06,1
0.9997784,1
0.9997784,1
0.9582542,1
0.01125245,1
0.9582542,1
0.01125245,1
0.01125245,1
0.1042688,1
0.01125245,1
0.01125245,1
0.9582542,1
0.02567207,1
0.0006127151,1
0.0006127151,1
0.0006127151,1
0.0006127151,1
0.0006127151,1
0.0006127151,1
0.0006127151,1
0.0006127151,1
0.0006127151,1
0.0006127151,1
0.0006127151,1
0.0006127151,1
0.0006127151,1
0.0006127151,1
0.999905,1
0.2612513,1
3.641143e-05,1
1.669155e-05,1
1.669155e-05,1
1.755553e-05,1
1.512642e-05,1
1.512642e-05,1
1.512642e-05,1
4.975217e-06,1
0.9785397,1
1.512642e-05,1
1.512642e-05,1
1.512642e-05,1
1.512642e-05,1
4.975217e-06,1
1.512642e-05,1
1.512642e-05,1
1.512642e-05,1
1.512642e-05,1
1.512642e-05,1
2.414856e-06,0
9.180156e-07,0
1.30372e-06,0
8.523539e-06,0
2.403094e-06,0
0.3396872,0
0.9582542,0
0.002291059,0
9.180156e-07,0
1.17591e-06,0
0.534219,0
0.0006127151,0
0.3223867,0
0.01400838,0
0.5713884,0
1.087563e-05,0
1.30372e-06,0
9.180156e-07,0
1.17591e-06,0
5.78069e-05,0
9.180156e-07,0
1.17591e-06,0
6.283231e-05,0
1.17591e-06,0
0.002291059,0
0.0005056843,0
0.0001635177,0
1.30372e-06,0
9.180156e-07,0
6.840421e-05,0
0.01043713,0
1.30372e-06,0
9.180156e-07,0
0.002291059,0
9.180156e-07,0
9.180156e-07,0
5.101469e-06,0
2.947286e-06,0
9.180156e-07,0
1.17591e-06,0
1.17591e-06,0
0.005281467,0
3.92984e-07,0
0.0002612207,0
0.0100623,0
0.0001635177,0
9.180156e-07,0
0.3223867,0
0.0001635177,0
1.17591e-06,0
4.459283e-05,0
0.002291059,0
3.279147e-06,0
9.180156e-07,0
1.30372e-06,0
5.101469e-06,0
0.9980215,0
2.403094e-06,0
0.04319696,0
1.17591e-06,0
0.0001635177,0
9.180156e-07,0
0.006510136,0
0.01400838,0
