Score,Label
0.999921,1
0.9929691,1
1.235924e-05,0
7.381407e-05,0
1.235924e-05,0
1.235924e-05,0
