Score,Label
0.9917421,1
0.002567022,1
0.9917421,1
0.009796043,0
0.1430019,0
0.002567022,0
0.0007151868,0
2.331087e-07,0
0.0007151868,0
