Score,Label
0.0006371742,1
0.0001559488,1
0.002735931,1
0.002735931,1
0.002735931,1
0.9998803,1
0.9977557,1
0.9998803,1
0.0004934761,0
6.867952e-05,0
6.867952e-05,0
0.2218233,0
0.2218233,0
0.002735931,0
0.2218233,0
0.2218233,0
0.0004934761,0
6.867952e-05,0
0.002735931,0
0.2218233,0
0.2218233,0
0.2218233,0
6.867952e-05,0
0.2218233,0
