Score,Label
0.3737798,1
0.3737798,1
0.2276014,1
0.3737798,1
0.3737798,1
0.3737798,1
0.3737798,1
0.3737798,1
0.3737798,1
0.3737798,1
0.3737798,1
0.3737798,1
0.3737798,1
0.009682014,1
0.009682014,0
0.3737798,0
0.3737798,0
0.3737798,0
0.3737798,0
0.3737798,0
0.009682014,0
0.3737798,0
0.009682014,0
0.3737798,0
0.3737798,0
0.3737798,0
0.3737798,0
0.3737798,0
0.009682014,0
0.3737798,0
0.3737798,0
0.009682014,0
0.3737798,0
0.3737798,0
0.3737798,0
0.3737798,0
0.3737798,0
0.3737798,0
0.3737798,0
0.3737798,0
0.3737798,0
0.3737798,0
