Score,Label
0.9999688,1
0.9999949,1
0.9999949,1
0.9999688,1
0.9999688,1
0.9999949,1
0.9999888,1
1.456988e-05,0
6.404925e-05,0
0.9997974,0
0.9996166,0
0.9870282,0
0.9999434,0
0.9999434,0
1.456988e-05,0
1.456988e-05,0
0.9999434,0
0.999976,0
5.404441e-07,0
0.9999434,0
0.9999442,0
