Score,Label
0.0001066183,1
0.0002196235,1
0.9996021,1
0.9996021,1
0.2500032,1
0.2500032,1
0.2500032,1
0.9996021,1
0.0001066183,1
0.5301134,1
0.0001066183,0
0.2500032,0
0.2500032,0
0.2500032,0
0.0002196235,0
0.2500032,0
0.0001066183,0
0.2500032,0
0.2500032,0
0.2500032,0
0.2500032,0
0.2500032,0
0.0002196235,0
0.2500032,0
0.9999603,0
0.2500032,0
0.0001066183,0
0.2500032,0
0.2500032,0
0.2500032,0
