Score,Label
0.2866032,1
0.1979752,1
0.1979752,1
0.2866032,1
0.2866032,1
0.5058162,1
0.5030237,1
0.5032277,1
0.3647591,1
0.1659772,0
0.1659772,0
0.00181877,0
0.1659772,0
0.00181877,0
0.5032277,0
0.5032277,0
0.5032277,0
0.5016422,0
0.1659772,0
0.1659772,0
0.1659772,0
0.00181877,0
0.5016422,0
0.5016422,0
0.2866032,0
0.5016422,0
0.1659772,0
