Score,Label
0.003461503,1
0.004140357,1
0.004140357,1
0.004140357,1
0.05771507,1
0.999505,1
0.003528476,1
0.999505,1
0.004009254,1
0.003919626,1
0.004361539,1
0.003919626,1
0.005246541,1
0.01014729,1
0.03049942,1
0.003712971,1
0.999505,1
0.003461503,1
0.05771507,1
0.003760825,1
0.9999754,1
0.03049942,1
0.003712971,1
0.004140357,0
0.03049942,0
0.9999946,0
0.004140357,0
0.003712971,0
0.003461503,0
0.05771507,0
0.004140357,0
0.004140357,0
0.003795263,0
0.004140357,0
0.004140357,0
0.004140357,0
0.992661,0
0.004220513,0
0.004220513,0
0.4992805,0
0.01005122,0
0.004140357,0
0.002330875,0
0.003919626,0
0.003467061,0
0.003461503,0
