Score,Label
1,1
0.9999999,1
0.4401605,1
0.9991704,1
0.9999994,1
0.9999994,1
0.3575228,1
0.9999995,1
0.991008,1
0.0007405727,1
0.9999396,1
0.9991704,1
0.999995,1
0.9758052,1
0.0007405727,1
1,1
0.008175941,1
0.9957426,0
0.001196447,0
0.02879141,0
0.9999839,0
0.0005801768,0
0.9925274,0
0.0003245955,0
0.005488785,0
0.0009197723,0
1,0
0.99953,0
0.3676775,0
0.008838595,0
0.0007126273,0
0.06849109,0
0.0006399524,0
0.2998013,0
