Score,Label
0.9992191,1
1,1
0.01095751,1
0.9994901,1
0.01095751,1
1,1
0.8546494,1
9.851825e-05,1
3.447723e-05,0
1.076488e-06,0
1.280019e-07,0
1.471132e-06,0
1.216807e-05,0
0.9966958,0
1.26425e-06,0
1.275425e-05,0
