Score,Label
0.977901,1
0.9999988,1
0.977901,1
0.9915897,1
0.006017641,0
0.07965039,0
2.326183e-07,0
0.9999106,0
