Score,Label
1,1
0.9999275,1
1,1
1,1
0.9999957,1
0.6864219,1
6.820021e-05,0
0.0005224805,0
0.00651116,0
0.5263038,0
0.0002050683,0
0.001770058,0
