Score,Label
5.051569e-05,1
1,1
1.17337e-05,1
0.998777,1
1,1
0.0003440182,1
0.9999892,1
4.547352e-07,1
1,1
4.547352e-07,1
1.545466e-05,1
0.0108142,1
4.240798e-07,0
1,0
0.0159754,0
1.642698e-06,0
0.0018654,0
9.806322e-08,0
0.3152851,0
0.9931176,0
0.9977582,0
1.654514e-05,0
0.08625201,0
0.0018654,0
