Score,Label
0.5711037,1
0.04237839,1
0.002126676,1
0.002126676,1
0.002126676,1
0.002126676,1
0.002126676,1
0.6980643,1
0.002126676,1
0.002126676,1
0.002126676,1
0.6980643,1
0.002126676,1
0.01176144,1
0.005631416,1
0.2258166,1
0.5555972,1
0.001063341,1
0.001451864,1
0.001063341,1
0.2339788,1
0.002126676,1
0.002126676,1
8.322624e-05,1
0.002126676,1
0.005631416,1
0.002126676,1
0.002126676,1
0.00015306,1
0.5711037,1
0.5555972,1
0.04237839,1
0.001063341,1
0.5711037,1
0.04237839,1
0.5555972,1
0.5711037,1
0.04237839,1
0.5555972,1
0.4899929,1
0.5711037,0
0.5711037,0
0.001063341,0
0.001063341,0
0.0005408224,0
0.002126676,0
0.5711037,0
0.5711037,0
0.001063341,0
0.001063341,0
0.002126676,0
0.7490048,0
0.5555972,0
0.2258166,0
0.5555972,0
0.5711037,0
0.4899929,0
0.2040185,0
0.5555972,0
0.5711037,0
0.002126676,0
0.5555972,0
0.005631416,0
0.0005408224,0
0.002126676,0
0.5711037,0
0.5711037,0
0.1052337,0
0.5555972,0
0.004145333,0
0.5555972,0
0.5555972,0
0.01404746,0
0.7490048,0
0.5555972,0
0.2339788,0
0.5711037,0
0.7490048,0
0.5711037,0
0.5555972,0
