Score,Label
1.986676e-06,1
4.718499e-05,1
4.718499e-05,1
4.718499e-05,1
0.0007771665,1
4.718499e-05,1
4.718499e-05,1
5.098516e-06,1
0.9999996,1
0.9999509,1
0.009649579,1
0.9999509,1
0.003687406,1
0.0002852923,1
1,1
0.0004141722,1
1.049734e-05,1
0.0001094257,1
0.07302611,1
0.01420524,1
0.9999999,1
5.197461e-05,1
1,1
0.08540289,1
0.9999992,1
0.5254771,1
0.99975,1
0.8770699,1
0.08374672,1
0.01795822,1
5.197461e-05,0
0.9999999,0
4.192822e-06,0
0.0002852923,0
0.9926629,0
0.0002852923,0
0.9730247,0
0.0002852923,0
0.0002852923,0
0.003803874,0
2.610536e-05,0
8.1664e-06,0
0.9730247,0
9.631398e-05,0
1,0
0.9926629,0
0.9918404,0
0.01795822,0
0.0002852923,0
4.192822e-06,0
0.0002852923,0
0.03487731,0
0.001539311,0
4.718499e-05,0
0.8761464,0
0.9879575,0
6.17511e-05,0
0.9059884,0
3.18583e-06,0
0.9652346,0
