Score,Label
0.5555716,1
0.5555716,1
0.3763492,1
0.3763492,1
0.3763492,1
0.5503945,1
0.3763492,1
0.3763492,1
0.3999729,1
0.3999729,1
0.408709,1
0.3999729,1
0.3999729,1
0.5345877,1
0.5555716,1
0.5555716,1
0.5555716,1
0.5555716,1
0.3999729,1
0.5555716,1
0.5555716,1
0.5555716,1
0.5555716,1
0.5555716,1
0.5555716,1
0.3999729,1
0.5555716,1
0.3999729,1
0.5555716,1
0.5555716,1
0.4001085,1
0.5555716,1
0.5555716,1
0.3999729,1
0.3999729,1
0.3999729,1
0.5555716,1
0.5555716,1
0.5555716,1
0.5555716,1
0.5555716,1
0.5555716,1
0.5555716,1
0.5555716,1
0.5555716,1
0.3999729,0
0.5555716,0
0.3999729,0
0.3999729,0
0.5555716,0
0.5555716,0
0.5555716,0
0.5555716,0
0.3999729,0
0.4001085,0
0.4001085,0
0.3763492,0
0.5555716,0
0.3999729,0
0.5555716,0
0.5555716,0
0.4001085,0
0.3999729,0
0.5555716,0
0.5555716,0
0.3999729,0
0.5555716,0
0.5555716,0
0.4001085,0
0.5555716,0
0.5555716,0
0.5555716,0
0.5555716,0
0.5555716,0
0.4094037,0
0.4001085,0
0.5555716,0
0.4001085,0
0.3999729,0
0.5555716,0
0.5555716,0
0.3999729,0
0.5555716,0
0.5555716,0
0.3999729,0
0.5555716,0
0.5555716,0
0.5555716,0
0.5345877,0
0.5555716,0
