Score,Label
1,1
0.05030174,1
0.03895324,1
0.999999,1
8.581121e-06,1
0.9999963,1
1,1
0.003955358,1
1,1
0.9998875,1
0.9999882,1
1,1
1,1
0.9996866,0
0.0002102733,0
0.001362658,0
4.441653e-05,0
3.941649e-05,0
4.803439e-05,0
3.353617e-05,0
0.9491961,0
0.000420143,0
0.9999999,0
0.0005007311,0
9.939858e-05,0
0.001922337,0
