Score,Label
0.9975466,1
0.9966432,1
0.03417885,1
0.000850086,1
0.9999887,1
0.9997846,1
4.353453e-06,1
0.9995523,1
0.9999654,1
0.9999654,1
0.000720928,0
0.9945217,0
0.0006423609,0
0.9964803,0
2.039584e-05,0
0.7503905,0
0.9999524,0
2.721438e-05,0
0.9999666,0
0.1791589,0
