Score,Label
0.001084754,1
0.001084754,1
0.03373393,1
0.4104825,1
1.034055e-05,1
0.9998382,1
0.3371851,1
0.0003528806,1
0.0001208222,1
0.9834163,1
3.673968e-05,1
0.04087351,1
0.0001208222,1
0.9996487,1
0.8636258,1
0.0002160654,0
0.04087351,0
1.644152e-05,0
0.9999336,0
3.644217e-05,0
0.0009252208,0
0.9875284,0
0.0005462656,0
0.9077352,0
0.0005826095,0
2.094155e-05,0
0.01817106,0
0.0006177903,0
0.9999874,0
8.089069e-05,0
