Score,Label
0.9999999,1
1,1
0.9999901,1
0.9828163,1
0.9999982,1
0.1999266,1
0.9999982,1
0.666689,1
0.1999266,1
0.9999982,1
0.9999982,1
0.1999266,0
0.001412431,0
0.666689,0
0.9999982,0
0.666689,0
0.9828163,0
0.0006315091,0
0.666689,0
0.666689,0
0.666689,0
1,0
