Score,Label
0.0003059891,1
0.9926611,1
0.9976139,1
0.1702802,1
0.09688663,1
0.983339,1
0.0007983545,1
0.01533916,1
0.08171783,1
0.01533916,1
0.09108571,1
0.01533916,1
0.0007030955,1
0.01533916,1
0.5002052,0
0.5002052,0
0.3599836,0
0.4998345,0
0.4998345,0
0.3599836,0
0.4998345,0
0.4995021,0
0.4998345,0
0.01533916,0
0.01533916,0
0.249206,0
0.4998345,0
0.4998345,0
