Score,Label
2.6447e-10,1
0.9999802,1
2.650572e-06,1
0.006446435,1
0.9999907,1
0.9987364,0
3.536666e-13,0
0.008483522,0
0.9993141,0
0.9099264,0
