Score,Label
0.9999985,1
0.9999973,1
0.0001305621,1
0.9462617,1
0.1662925,1
0.02616086,1
0.999693,1
0.9987209,0
4.894527e-05,0
0.1662925,0
1.368072e-06,0
0.7112505,0
0.1662925,0
0.9999861,0
