Score,Label
0.9970111,1
0.9999838,1
0.9999975,1
0.3999273,1
0.003809359,1
1.101343e-05,1
2.399199e-06,1
0.07998156,1
0.003809359,1
1.120699e-07,0
0.3999273,0
0.0003313361,0
6.880128e-10,0
8.320648e-05,0
8.721292e-08,0
0.0003313361,0
0.9874759,0
1.489801e-09,0
