Score,Label
0.9996438,1
0.1474724,1
7.917452e-06,1
1.502992e-07,1
0.9997677,1
0.05841168,1
1.630637e-06,0
1.630637e-06,0
1.003759e-07,0
0.05441752,0
2.906131e-14,0
9.606494e-12,0
