Score,Label
1,1
0.9999932,1
0.9999752,1
1,1
5.243806e-05,1
0.3999128,1
0.002863279,1
0.9996847,1
0.0001042584,0
0.3999128,0
0.3999128,0
0.9999747,0
0.9999993,0
0.3999128,0
1,0
4.766401e-05,0
