Score,Label
0.002140807,1
0.002140807,1
0.9996347,1
0.1882311,1
0.002140807,1
0.8764483,1
0.6600643,1
0.01561118,1
0.9999905,1
0.01561118,1
0.999997,1
0.2501499,1
0.01561118,1
0.003658403,0
0.9999905,0
0.09756082,0
0.1010526,0
0.003658403,0
0.1040507,0
0.003658403,0
0.6600643,0
0.004776206,0
0.002140807,0
0.3236941,0
0.01561118,0
0.003658403,0
