Score,Label
0.9669966,1
0.9669966,1
0.9999591,1
0.9669966,1
0.9669966,1
0.9669966,1
0.99949,1
0.99949,1
0.99949,1
0.99949,1
0.9999413,1
0.5659741,1
0.99949,1
0.9669966,1
0.9669966,1
0.1243147,1
0.9999995,1
0.9999995,1
0.9999768,1
0.9999995,1
0.9985623,1
0.9946383,1
0.9946383,1
0.001954668,1
0.9999959,1
0.9999596,1
0.9999959,1
0.9999959,1
0.9999959,1
0.9998614,1
0.9988456,1
0.9988456,1
0.9999995,1
0.9999996,1
0.9999596,1
0.9999996,1
0.9999996,1
0.9999996,1
0.9999996,1
0.9999996,1
0.0005559633,0
4.037144e-05,0
3.206325e-10,0
3.372682e-10,0
3.206325e-10,0
0.0002213149,0
3.206325e-10,0
3.206325e-10,0
3.372682e-10,0
3.372682e-10,0
3.206325e-10,0
3.206325e-10,0
3.206325e-10,0
3.206325e-10,0
5.753235e-06,0
8.250037e-08,0
0.0009382654,0
3.206325e-10,0
3.206325e-10,0
3.206325e-10,0
3.372682e-10,0
5.753235e-06,0
3.206325e-10,0
3.206325e-10,0
5.753235e-06,0
3.206325e-10,0
3.206325e-10,0
3.206325e-10,0
5.753235e-06,0
0.0009382654,0
3.206325e-10,0
9.202577e-06,0
3.206325e-10,0
8.250037e-08,0
0.0009382654,0
3.206325e-10,0
3.206325e-10,0
3.206325e-10,0
0.0009382654,0
3.206325e-10,0
0.0005559633,0
3.206325e-10,0
9.202577e-06,0
3.372682e-10,0
5.753235e-06,0
3.206325e-10,0
3.206325e-10,0
8.250037e-08,0
3.206325e-10,0
3.206325e-10,0
3.206325e-10,0
3.206325e-10,0
0.0002213149,0
3.206325e-10,0
3.206325e-10,0
3.372682e-10,0
3.206325e-10,0
3.206325e-10,0
3.206325e-10,0
3.206325e-10,0
1.428632e-07,0
3.206325e-10,0
3.206325e-10,0
0.0002213149,0
2.615206e-06,0
5.753235e-06,0
3.206325e-10,0
3.206325e-10,0
3.206325e-10,0
3.206325e-10,0
3.206325e-10,0
3.206325e-10,0
3.206325e-10,0
8.250037e-08,0
0.002870954,0
3.372682e-10,0
3.206325e-10,0
3.206325e-10,0
3.206325e-10,0
5.753235e-06,0
