Score,Label
0.9385279,1
0.9385279,1
0.9998795,1
0.999985,1
0.9962704,1
0.9998795,1
0.9998795,1
0.999985,1
0.999985,1
0.999985,1
0.9997624,1
0.9997624,1
0.9997624,1
0.9997624,1
0.9997624,1
0.9997624,1
0.9997624,1
0.9997624,1
0.9997624,1
0.9890563,1
0.9691392,1
0.9997119,1
0.9997119,1
0.9997119,1
0.977766,1
0.9997119,1
0.9890563,1
0.9995729,1
0.9888541,1
0.9985533,1
0.9997624,1
0.9997624,1
0.9997624,1
0.9997624,1
0.9997624,1
0.9997624,1
0.9997624,1
0.9997624,1
0.9997119,1
0.977766,1
0.9890563,1
0.9997119,1
0.9997119,1
0.9997119,1
0.9997119,1
0.9942889,1
0.9997119,1
0.9997119,1
0.9890563,1
2.613285e-10,0
4.416063e-15,0
4.416063e-15,0
4.416063e-15,0
4.416063e-15,0
4.416063e-15,0
5.554023e-05,0
4.416063e-15,0
0.9385279,0
4.416063e-15,0
4.416063e-15,0
2.329466e-10,0
4.416063e-15,0
7.156088e-09,0
0.0002509369,0
4.416063e-15,0
4.416063e-15,0
4.416063e-15,0
0.0002509369,0
2.329466e-10,0
4.416063e-15,0
4.416063e-15,0
4.416063e-15,0
4.416063e-15,0
4.416063e-15,0
2.329466e-10,0
4.416063e-15,0
4.416063e-15,0
0.0002509369,0
4.522672e-13,0
7.156088e-09,0
4.416063e-15,0
4.416063e-15,0
2.613285e-10,0
4.416063e-15,0
4.416063e-15,0
0.0002536023,0
1.939854e-08,0
4.416063e-15,0
4.416063e-15,0
2.329466e-10,0
0.0002536023,0
4.522672e-13,0
4.416063e-15,0
2.329466e-10,0
2.329466e-10,0
4.416063e-15,0
4.416063e-15,0
4.416063e-15,0
4.522672e-13,0
2.613285e-10,0
4.416063e-15,0
4.416063e-15,0
4.416063e-15,0
4.522672e-13,0
0.1362813,0
4.416063e-15,0
4.416063e-15,0
0.002550005,0
4.522672e-13,0
4.416063e-15,0
4.416063e-15,0
4.416063e-15,0
4.522672e-13,0
4.416063e-15,0
4.416063e-15,0
4.416063e-15,0
2.329466e-10,0
4.522672e-13,0
0.002550005,0
4.416063e-15,0
2.613285e-10,0
4.416063e-15,0
4.416063e-15,0
4.416063e-15,0
2.613285e-10,0
0.002550005,0
4.416063e-15,0
5.554023e-05,0
4.416063e-15,0
4.416063e-15,0
0.002550005,0
4.416063e-15,0
4.522672e-13,0
4.416063e-15,0
4.416063e-15,0
4.416063e-15,0
4.416063e-15,0
4.416063e-15,0
4.416063e-15,0
4.522672e-13,0
0.002550005,0
0.002550005,0
2.613285e-10,0
4.416063e-15,0
4.416063e-15,0
4.416063e-15,0
0.002550005,0
