Score,Label
0.9188768,1
0.9188768,1
0.9188768,1
0.9188768,1
0.9999933,1
0.99541,1
0.9999801,1
0.99541,1
0.9994212,1
0.9994212,1
0.9994212,1
0.9994212,1
0.9994212,1
0.9999801,1
0.9999801,1
0.9999801,1
0.9999801,1
0.999984,1
0.9999729,1
0.9999343,1
0.9999537,1
0.9996911,1
0.9996911,1
0.9992648,1
0.9996911,1
0.9996911,1
0.9996911,1
0.9999968,1
0.9999933,1
0.9999801,1
0.9999801,1
0.9999685,1
0.9999801,1
4.587643e-20,0
4.587643e-20,0
4.587643e-20,0
1.239757e-17,0
3.257111e-09,0
1.883846e-09,0
0.0001304456,0
4.587643e-20,0
4.587643e-20,0
4.587643e-20,0
4.587643e-20,0
4.587643e-20,0
1.239757e-17,0
2.984495e-13,0
4.587643e-20,0
1.239757e-17,0
4.587643e-20,0
0.0001304456,0
4.587643e-20,0
4.587643e-20,0
0.0001304456,0
4.587643e-20,0
4.587643e-20,0
4.587643e-20,0
4.587643e-20,0
4.587643e-20,0
1.883846e-09,0
4.587643e-20,0
8.524401e-05,0
3.257111e-09,0
1.175959e-07,0
4.587643e-20,0
2.984495e-13,0
2.984495e-13,0
4.587643e-20,0
4.587643e-20,0
3.257111e-09,0
0.0004898399,0
1.239757e-17,0
1.239757e-17,0
8.524401e-05,0
4.587643e-20,0
0.0003680973,0
4.587643e-20,0
4.587643e-20,0
4.587643e-20,0
4.587643e-20,0
2.984495e-13,0
2.353493e-05,0
4.587643e-20,0
4.587643e-20,0
1.239757e-17,0
4.587643e-20,0
4.587643e-20,0
1.239757e-17,0
1.239757e-17,0
2.984495e-13,0
4.587643e-20,0
4.587643e-20,0
4.587643e-20,0
4.587643e-20,0
1.239757e-17,0
1.883846e-09,0
1.883846e-09,0
1.239757e-17,0
4.587643e-20,0
