Score,Label
0.01391072,1
0.01483798,1
0.01391072,1
0.01483798,1
0.01391072,1
0.01391072,1
0.01391072,1
0.01483798,1
0.01391072,1
0.01391072,1
0.01391072,1
0.01391072,1
0.01391072,1
0.9998246,1
0.9982013,1
2.59356e-06,1
0.9982013,1
0.01391072,1
0.01391072,1
0.01483798,1
0.01391072,1
0.01391072,1
0.001514515,1
0.0001290409,1
0.8154693,1
0.8154693,1
0.8154693,1
0.8154693,1
0.8154693,1
4.652571e-07,0
3.574503e-12,0
4.652571e-07,0
1.300618e-12,0
0.02779557,0
6.27265e-06,0
1.695556e-06,0
2.648544e-12,0
4.575646e-07,0
8.335954e-09,0
4.430079e-07,0
0.04102159,0
2.408353e-10,0
1.552155e-10,0
0.02779557,0
4.109624e-06,0
1.598794e-11,0
0.8154693,0
7.184551e-12,0
4.467774e-06,0
5.874035e-08,0
0.001147417,0
9.846008e-10,0
0.8154693,0
6.116512e-10,0
2.329124e-10,0
7.125548e-10,0
9.530927e-10,0
2.183529e-06,0
4.172033e-06,0
1.570325e-06,0
0.04102159,0
0.006178084,0
2.329124e-10,0
2.075862e-09,0
7.735616e-12,0
3.096992e-09,0
4.652571e-07,0
0.02779557,0
0.8154693,0
5.74942e-09,0
2.075862e-09,0
1.356261e-10,0
1.601874e-07,0
7.125548e-10,0
2.075862e-09,0
7.125548e-10,0
5.74942e-09,0
3.505821e-08,0
0.001147417,0
2.075862e-09,0
9.846008e-10,0
5.874035e-08,0
7.125548e-10,0
5.672666e-10,0
7.125548e-10,0
1.444813e-10,0
6.781317e-11,0
