Score,Label
1,1
0.9999983,1
1,1
0.9999983,1
1,1
1,1
1,1
0.9999983,1
1,1
1,1
1,1
1,1
1,1
0.9999458,1
0.9984043,1
1.367188e-07,1
0.9984043,1
1,1
1,1
0.9999983,1
1,1
1,1
0.9999998,1
0.9999946,1
0.7981529,1
0.7981529,1
0.7981529,1
0.7981529,1
0.7981529,1
2.17488e-08,0
3.229184e-12,0
2.264333e-06,0
3.887673e-08,0
1.671905e-08,0
9.472417e-12,0
0.03602251,0
3.198905e-13,0
2.349651e-05,0
0.7981529,0
3.096766e-10,0
3.147525e-06,0
6.987238e-09,0
0.001042819,0
0.7981529,0
0.7981529,0
2.19288e-11,0
0.9986812,0
6.987238e-09,0
0.0002762316,0
9.168469e-08,0
1.074517e-10,0
1.680448e-06,0
6.987238e-09,0
6.359514e-09,0
9.168469e-08,0
1.671905e-08,0
9.168469e-08,0
8.270831e-09,0
6.982414e-13,0
0.03602251,0
3.401162e-08,0
0.7981529,0
1.593092e-05,0
1.05434e-06,0
6.987238e-09,0
2.264333e-06,0
3.82379e-11,0
1.476548e-12,0
1.081159e-06,0
9.168469e-08,0
2.264333e-06,0
3.401162e-08,0
0.7981529,0
0.03602251,0
1.671905e-08,0
1.708189e-06,0
1.680448e-06,0
7.686854e-06,0
4.598446e-08,0
1.943307e-10,0
1.730665e-11,0
3.246248e-11,0
2.264333e-06,0
4.616652e-05,0
0.008515988,0
3.625326e-05,0
1.671905e-08,0
