Score,Label
0.9999917,1
0.9998834,1
0.9999917,1
0.9998834,1
0.9999917,1
0.9999917,1
0.9999917,1
0.9998834,1
0.9999917,1
0.9999917,1
0.9999917,1
0.9999917,1
0.9999917,1
0.997719,1
0.9980477,1
3.087157e-07,1
0.9980477,1
0.9999917,1
0.9999917,1
0.9998834,1
0.9999917,1
0.9999917,1
0.9981798,1
0.6577318,1
0.8182938,1
0.8182938,1
0.8182938,1
0.8182938,1
0.8182938,1
3.288124e-11,0
2.346037e-12,0
6.029258e-10,0
3.288124e-11,0
5.600771e-11,0
3.191805e-09,0
1.613622e-07,0
8.623784e-11,0
2.797203e-11,0
1.613622e-07,0
1.048998e-10,0
3.523557e-09,0
0.02791354,0
9.016658e-15,0
6.029258e-10,0
0.02791354,0
0.02791354,0
3.505387e-07,0
0.8182938,0
4.079164e-05,0
8.759498e-09,0
0.02791354,0
6.593744e-08,0
0.02791354,0
2.462666e-09,0
1.354706e-05,0
3.858067e-07,0
2.462666e-09,0
0.02791354,0
0.004460653,0
6.596722e-13,0
0.8182938,0
0.02791354,0
9.016658e-15,0
3.557704e-07,0
8.759498e-09,0
4.046336e-07,0
4.584999e-13,0
0.02791354,0
3.523557e-09,0
3.523557e-09,0
5.460958e-11,0
6.204578e-14,0
3.523557e-09,0
3.464568e-07,0
2.575378e-13,0
0.8182938,0
5.76931e-14,0
0.02791354,0
3.523557e-09,0
0.8182938,0
1.613622e-07,0
0.0002321871,0
1.097237e-13,0
1.919337e-10,0
0.8182938,0
9.208314e-05,0
3.523557e-09,0
