Score,Label
0.7118153,1
0.9962124,1
0.7118153,1
0.9962124,1
0.7118153,1
0.7118153,1
0.7118153,1
0.9962124,1
0.7118153,1
0.7118153,1
0.7118153,1
0.7118153,1
0.7118153,1
0.9999999,1
0.9999855,1
4.663331e-06,1
0.9999855,1
0.7118153,1
0.7118153,1
0.9962124,1
0.7118153,1
0.7118153,1
0.9999377,1
0.9841882,1
0.8160548,1
0.8160548,1
0.8160548,1
0.8160548,1
0.8160548,1
3.17368e-07,0
8.763359e-07,0
2.262306e-05,0
1.171886e-05,0
3.303905e-05,0
3.687552e-05,0
0.02853437,0
5.325672e-06,0
3.735211e-07,0
2.595614e-06,0
7.385428e-06,0
2.991165e-05,0
6.680574e-08,0
2.44034e-05,0
6.892503e-05,0
0.02853437,0
0.0001752354,0
1.742671e-05,0
9.985436e-09,0
4.199746e-07,0
0.004680783,0
2.602644e-06,0
2.991165e-05,0
2.991165e-05,0
0.8160548,0
3.473633e-07,0
0.001185595,0
1.299535e-08,0
1.404521e-08,0
2.991165e-05,0
1.250874e-08,0
3.303905e-05,0
1.05258e-08,0
2.562418e-07,0
0.0006489476,0
0.0001752354,0
3.289337e-05,0
1.171886e-05,0
4.084185e-05,0
0.004914356,0
1.171886e-05,0
0.02853437,0
0.02569888,0
0.8160548,0
2.991165e-05,0
0.02853437,0
2.595614e-06,0
1.171886e-05,0
1.713666e-08,0
2.991165e-05,0
2.262306e-05,0
4.531488e-09,0
3.301402e-08,0
2.991165e-05,0
1.35484e-06,0
4.242748e-05,0
0.02853437,0
1.171886e-05,0
