Score,Label
0.9438127,1
0.4222917,1
0.9438127,1
0.4222917,1
0.9438127,1
0.9438127,1
0.9438127,1
0.4222917,1
0.9438127,1
0.9438127,1
0.9438127,1
0.9438127,1
0.9438127,1
0.9999998,1
0.9999665,1
1.629274e-05,1
0.9999665,1
0.9438127,1
0.9438127,1
0.4222917,1
0.9438127,1
0.9438127,1
0.8502496,1
0.9097459,1
0.8071383,1
0.8071383,1
0.8071383,1
0.8071383,1
0.8071383,1
2.075562e-05,0
2.872029e-05,0
0.02540858,0
2.545422e-07,0
2.872029e-05,0
9.480363e-06,0
8.15016e-05,0
9.480363e-06,0
9.792994e-06,0
0.8071383,0
1.254556e-06,0
8.15016e-05,0
2.560545e-05,0
0.02540858,0
0.8071383,0
9.213672e-05,0
0.02540858,0
2.075562e-05,0
7.84398e-06,0
4.890513e-07,0
5.467251e-07,0
4.498422e-08,0
5.351357e-06,0
2.555931e-06,0
3.407148e-05,0
0.02540858,0
9.480363e-06,0
4.142911e-06,0
8.15016e-05,0
1.386498e-07,0
0.0001554828,0
5.351357e-06,0
2.872029e-05,0
5.351357e-06,0
2.872029e-05,0
0.8071383,0
2.208556e-06,0
3.640535e-05,0
2.414326e-07,0
0.02540858,0
3.389925e-05,0
5.426751e-06,0
2.872029e-05,0
0.8071383,0
8.502253e-06,0
0.0002302934,0
9.480363e-06,0
6.606484e-08,0
2.635568e-05,0
8.15016e-05,0
8.15016e-05,0
0.000851016,0
7.84398e-06,0
3.640535e-05,0
4.649511e-08,0
2.872029e-05,0
1.127139e-07,0
0.005441264,0
