Score,Label
0.9999642,1
0.8674561,1
0.9999642,1
0.8674561,1
0.9999642,1
0.9999642,1
0.9999642,1
0.8674561,1
0.9999642,1
0.9999642,1
0.9999642,1
0.9999642,1
0.9999642,1
0.999843,1
0.9984177,1
1.178556e-06,1
0.9984177,1
0.9999642,1
0.9999642,1
0.8674561,1
0.9999642,1
0.9999642,1
0.9532538,1
0.006308378,1
0.8307257,1
0.8307257,1
0.8307257,1
0.8307257,1
0.8307257,1
6.524238e-07,0
3.468558e-05,0
6.169844e-11,0
5.947727e-10,0
3.102386e-08,0
1.489805e-07,0
3.102386e-08,0
3.394104e-05,0
2.510612e-07,0
1.594987e-08,0
2.740281e-07,0
1.576638e-09,0
0.02862114,0
1.738748e-08,0
1.996984e-09,0
0.02862114,0
7.009706e-08,0
0.8307257,0
0.0001781501,0
1.489805e-07,0
3.394104e-05,0
1.576638e-09,0
1.489805e-07,0
0.8307257,0
3.102386e-08,0
3.468558e-05,0
4.578764e-06,0
0.8307257,0
1.576638e-09,0
2.740281e-07,0
3.899569e-12,0
5.258664e-09,0
1.879875e-06,0
2.740281e-07,0
1.886291e-09,0
3.609752e-06,0
3.102386e-08,0
3.281772e-06,0
0.8307257,0
5.258664e-09,0
1.407059e-05,0
1.879875e-06,0
5.258664e-09,0
1.489805e-07,0
0.02862114,0
1.879875e-06,0
1.745342e-06,0
7.576322e-08,0
0.003657479,0
3.109151e-07,0
7.576322e-08,0
5.221734e-06,0
1.679954e-11,0
1.489805e-07,0
6.489438e-07,0
5.258664e-09,0
0.02862114,0
3.102386e-08,0
