Score,Label
0.8065405,1
0.1393974,1
0.9759256,1
0.9998827,1
0.9997328,1
0.9999872,1
0.9983912,1
0.8065405,1
0.3793136,1
0.3225813,1
0.3793136,1
0.998472,1
0.2825032,1
0.9292324,1
0.9922321,1
0.9994643,1
0.9999989,1
0.998472,1
0.8426707,1
0.9995378,1
0.9995378,1
1,1
0.4930983,1
0.4930983,1
0.6371707,1
0.9999999,1
1,1
0.8873796,1
0.9998982,1
1,1
1,1
0.9998982,1
0.9960886,1
0.9967797,1
0.9999803,1
0.9081568,1
0.9999803,1
0.9994618,1
0.9999988,1
0.999936,1
0.9967797,1
0.6959211,1
0.9999906,1
0.9995378,1
0.9999989,1
0.9984596,1
0.9999989,1
0.9822396,1
0.9999987,1
0.3793136,1
0.3793136,1
0.9995378,1
0.999936,1
0.9999986,1
0.9994784,1
0.9890898,1
0.9994643,1
0.9999989,1
0.9999986,1
0.699378,1
0.9937696,1
0.9999748,1
0.9991529,1
0.9999999,1
0.9999989,1
0.9937696,1
0.999895,1
0.9797664,0
0.01267876,0
0.9999954,0
0.3225813,0
0.006823558,0
0.1372017,0
0.3225813,0
0.9999988,0
0.3793136,0
0.006823558,0
0.9986017,0
0.01267876,0
0.006823558,0
0.02321113,0
0.5805553,0
0.2251825,0
0.5805553,0
0.5805553,0
0.2482692,0
0.02321113,0
0.3793136,0
0.01267876,0
0.02115092,0
0.9797664,0
0.02115092,0
0.9977648,0
0.3225813,0
0.4424736,0
0.3793136,0
0.02400339,0
0.02115092,0
0.3793136,0
0.4424736,0
0.006823558,0
0.9999985,0
0.2251825,0
0.3793136,0
0.3225813,0
0.5805553,0
0.02400339,0
0.01291027,0
0.3793136,0
0.02321113,0
0.02321113,0
0.01267876,0
0.3793136,0
0.3793136,0
0.3225813,0
0.2251825,0
0.02400339,0
0.3793136,0
0.9986017,0
0.2251825,0
0.2251825,0
0.3225813,0
0.3793136,0
0.9999988,0
0.4424736,0
0.3793136,0
0.02400339,0
0.006823558,0
0.4424736,0
0.02321113,0
0.2251825,0
0.006823558,0
0.3793136,0
0.01291027,0
