Score,Label
0.9999914,1
1,1
0.9999914,1
0.02465822,1
0.02465822,1
0.7634101,1
0.9849417,1
1,1
1,1
0.9999996,1
0.7634101,1
0.9999999,1
0.9999996,1
0.02465822,1
0.9998258,1
0.9999996,1
0.02572022,1
0.9999998,1
0.1600418,0
0.00857824,0
0.0003323558,0
0.02961171,0
2.542723e-06,0
0.9932163,0
0.01360391,0
0.7634101,0
1.099232e-05,0
0.0002829951,0
2.207416e-05,0
3.29934e-05,0
5.633732e-06,0
3.29934e-05,0
4.220613e-07,0
8.688881e-06,0
0.0002931869,0
0.07805823,0
