Score,Label
0.9911094,1
0.9997278,1
0.9999884,1
0.9999976,1
0.9999915,1
0.9911094,1
0.9993476,1
0.3997573,1
0.3997573,1
0.3997573,1
0.6440889,1
0.9925739,1
0.9957355,1
0.4944889,1
0.6440889,1
0.02652932,1
0.9800775,1
0.6440889,1
0.6001368,1
0.6662201,1
0.6662201,1
0.4075797,1
0.999945,1
0.999935,1
0.9364579,1
0.4075797,1
0.6805782,1
0.6662201,1
0.9999654,1
0.274024,1
0.9994885,1
0.9998282,1
0.9999057,1
0.9999654,1
0.9997239,1
0.9999261,1
0.5930163,1
0.9964562,1
0.9807516,1
0.9994346,1
0.9996019,1
0.9997239,1
0.0097397,1
0.9780676,1
0.6662201,1
0.6440889,1
0.9925739,1
0.9957355,1
0.6440889,1
0.02652932,1
0.6440889,1
0.6001368,1
0.9998937,1
0.6662201,1
0.3997573,1
0.3997573,1
0.6662201,1
0.3997573,1
0.3997573,1
0.9885824,1
0.9657127,1
0.8825333,1
0.9999443,1
0.006870708,1
0.8820591,1
0.9998841,1
0.9999433,1
0.9999397,1
0.9999849,1
0.999993,1
0.9999433,1
0.9998937,1
0.3997573,0
0.3997573,0
0.006055694,0
0.3404602,0
0.3997573,0
0.6662201,0
0.4916209,0
0.002550813,0
0.003503513,0
0.003125511,0
0.002169508,0
0.006055694,0
0.006055694,0
0.6662201,0
0.4944889,0
0.9999169,0
0.3404602,0
0.6662201,0
0.3404602,0
0.3997573,0
0.005293482,0
0.4916209,0
0.006055694,0
0.6662201,0
0.9988715,0
0.003157182,0
0.006055694,0
0.3997573,0
0.003125511,0
0.4944889,0
0.4944889,0
0.9559696,0
0.6662201,0
0.6662201,0
0.6662201,0
0.9999822,0
0.6662201,0
0.006055694,0
0.3997573,0
0.006055694,0
0.9559696,0
0.002193057,0
0.6662201,0
0.9994676,0
0.3997573,0
0.003157182,0
0.002169508,0
0.006055694,0
0.3404602,0
0.3997573,0
0.3997573,0
0.9998201,0
0.6662201,0
0.3997573,0
0.005293482,0
0.9999822,0
0.006055694,0
0.006055694,0
0.3997573,0
0.003125511,0
0.3997573,0
0.006055694,0
0.4944889,0
0.9999822,0
0.01089323,0
0.3997573,0
0.002382327,0
0.6662201,0
0.3997573,0
0.006055694,0
0.3997573,0
0.9998201,0
