Score,Label
1,1
1,1
0.9371799,1
0.004029327,1
1,1
1,1
0.06774674,1
1,1
1,1
1.841365e-05,0
0.0004643682,0
0.00167551,0
0.0002630316,0
0.0018112,0
0.0001052435,0
6.488945e-06,0
0.0002001598,0
0.0001025393,0
