Score,Label
0.9997929,1
0.9999999,1
0.06725823,1
0.9998147,1
0.9999683,1
0.8915089,1
6.079924e-05,1
0.0002205191,1
0.01184774,1
0.9999399,1
0.9999937,1
3.0932e-06,1
2.552181e-05,1
0.9734021,1
0.8915089,1
0.9996809,1
0.996876,1
0.0002205191,1
3.400902e-05,1
0.0002753704,1
0.57121,1
3.757429e-06,1
1.086911e-05,1
0.0004587323,1
3.400902e-05,1
0.005270658,1
0.0007593203,1
0.8709463,1
0.9999864,1
0.4861566,1
0.9973283,1
0.9999248,1
0.0007593203,1
0.8709463,1
0.9999866,1
0.9999743,1
0.9372943,1
0.9999992,1
0.04290619,1
0.996876,1
0.9041036,1
0.6450259,1
0.994221,1
0.9999992,1
0.8825857,1
1.169676e-06,1
0.8051615,1
0.0002205191,1
0.8051615,1
0.6913383,1
0.9986072,1
4.974209e-05,1
0.9999808,1
0.9994726,1
0.9986072,1
0.4069413,1
2.646843e-07,1
0.7721093,1
0.9999504,1
0.9997296,1
0.4069413,1
0.000170384,1
0.9996545,1
0.0002205191,0
2.646843e-07,0
2.646843e-07,0
2.646843e-07,0
9.176462e-07,0
5.275029e-06,0
0.0002205191,0
0.05782814,0
2.022909e-05,0
0.57121,0
3.400902e-05,0
3.400902e-05,0
0.57121,0
2.646843e-07,0
3.370288e-05,0
3.757429e-06,0
0.0002205191,0
0.0002205191,0
0.0002205191,0
0.0002205191,0
0.0002205191,0
3.0932e-06,0
0.8026677,0
2.646843e-07,0
0.57121,0
2.646843e-07,0
0.7854596,0
0.57121,0
3.0932e-06,0
0.0002205191,0
0.57121,0
0.0002205191,0
0.0004587323,0
3.0932e-06,0
5.83083e-07,0
0.57121,0
2.646843e-07,0
0.0002205191,0
0.0002205191,0
3.757429e-06,0
0.0002205191,0
0.0002205191,0
0.0002753704,0
3.400902e-05,0
2.022909e-05,0
0.0002205191,0
2.022909e-05,0
2.646843e-07,0
2.646843e-07,0
0.0002205191,0
1.086911e-05,0
0.0002205191,0
0.0004587323,0
2.646843e-07,0
3.400902e-05,0
1.380139e-05,0
0.0002205191,0
0.8026677,0
0.005270658,0
0.005270658,0
0.0002205191,0
2.646843e-07,0
0.0002205191,0
