Score,Label
0.3565248,1
0.3565248,1
0.6149386,1
0.9910761,1
0.9998966,1
0.9998786,1
1,1
1,1
0.999976,1
1,1
0.9738043,1
1,1
0.9999971,1
1,1
1,1
1,1
0.9998928,1
0.9998966,1
0.9999999,1
0.316313,1
0.9983677,1
0.999943,1
0.002208607,1
0.99951,1
1,1
0.9999981,1
0.9999999,1
0.0001168766,0
0.0002431058,0
0.003450603,0
0.5042447,0
0.8147132,0
0.000582739,0
0.0001237108,0
0.0003716727,0
0.9998147,0
9.435926e-05,0
0.5042447,0
0.003450603,0
0.003450603,0
0.002676829,0
0.000582739,0
0.008530729,0
6.834618e-05,0
0.002105428,0
0.0004407054,0
0.5042447,0
0.0007589831,0
0.000149719,0
0.001413648,0
0.0002612575,0
0.008530729,0
0.001793451,0
0.002105428,0
