Score,Label
1,1
1,1
1,1
1,1
1,1
1,1
1,1
1,1
1,1
1,1
1,1
0.002402289,1
0.002402289,1
0.01893415,1
1,1
1,1
1,1
1,1
1,1
0.002402289,1
1,1
1,1
1,1
1,1
1,1
1,1
1,1
1,1
1,1
1,1
1,1
1,1
1,1
1,1
8.634612e-06,1
0.002402289,1
0.03733277,1
1,1
1,1
1,1
1,1
1,1
0.9936877,1
1,1
1,1
0.9999999,1
0.9974503,1
8.744861e-06,1
0.05969516,1
1.188818e-05,0
0.000155337,0
0.01893415,0
0.001041026,0
0.001041026,0
0.000155337,0
0.0003169686,0
0.0003169686,0
0.01893415,0
2.193842e-06,0
0.000155337,0
0.01893415,0
0.01893415,0
0.01893415,0
0.004850116,0
0.01893415,0
1.006618e-06,0
0.0003169686,0
0.500131,0
0.6922421,0
0.0003169686,0
0.0003169686,0
0.0001892049,0
1.188818e-05,0
0.004850116,0
7.805297e-06,0
0.001041026,0
0.0001036164,0
1.11633e-07,0
3.618223e-06,0
1.006618e-06,0
0.004850116,0
1.188818e-05,0
0.500131,0
1.567977e-07,0
0.0003169686,0
0.001041026,0
0.9823338,0
0.001041026,0
0.001041026,0
0.000155337,0
6.049341e-07,0
3.618223e-06,0
7.805297e-06,0
1.7131e-06,0
0.001041026,0
0.9999999,0
3.407036e-06,0
0.01893415,0
