Score,Label
0.1999936,1
0.1999936,1
0.1999936,1
0.1999936,1
0.1999936,1
9.888061e-05,1
0.1999936,1
9.888061e-05,1
0.1999936,1
9.888061e-05,1
9.888061e-05,1
0.1999936,1
0.9997962,1
0.9992905,1
0.9997962,1
0.9992905,1
0.9997962,1
0.9997962,1
0.1999936,1
0.1999936,1
0.1999936,1
0.9997962,1
0.9997962,1
0.9997962,1
0.9992905,1
0.9992905,1
0.9997962,1
0.7644545,1
0.1999936,1
0.1999936,0
0.1999936,0
0.1999936,0
9.888061e-05,0
0.1999936,0
0.1999936,0
0.1999936,0
0.1999936,0
0.1999936,0
9.888061e-05,0
0.1999936,0
9.888061e-05,0
0.1999936,0
0.1999936,0
0.1999936,0
0.1999936,0
0.1999936,0
0.1999936,0
9.888061e-05,0
0.1999936,0
0.1999936,0
0.9995214,0
0.1999936,0
0.1999936,0
0.1999936,0
0.1999936,0
0.1999936,0
0.1999936,0
0.1999936,0
9.888061e-05,0
0.1999936,0
0.1999936,0
9.888061e-05,0
0.1999936,0
0.1999936,0
0.1999936,0
0.9997962,0
0.1999936,0
0.1999936,0
0.9995214,0
0.1999936,0
0.1999936,0
0.1999936,0
0.9995214,0
0.1999936,0
0.1999936,0
0.1999936,0
0.1999936,0
0.1999936,0
0.1999936,0
0.1999936,0
0.1999936,0
9.888061e-05,0
9.888061e-05,0
9.888061e-05,0
9.888061e-05,0
0.1999936,0
0.1999936,0
