Score,Label
0.9999993,1
1,1
1,1
1,1
0.999993,1
1,1
1,1
2.15359e-05,0
1.281784e-05,0
0.0002271365,0
0.07156481,0
0.00045242,0
0.0008694101,0
0.0001525384,0
0.07156481,0
3.67976e-05,0
2.416961e-05,0
0.0004744355,0
2.15359e-05,0
3.619411e-05,0
0.07156481,0
