Score,Label
0.001364548,1
2.113749e-06,1
2.113749e-06,1
2.113749e-06,1
0.06024222,1
0.9616117,1
0.9616117,1
0.8642587,1
0.287601,1
0.287601,1
0.06024222,1
0.99937,1
0.9968525,1
0.9968525,1
0.99937,1
2.113749e-06,1
0.0001371532,1
0.9999946,1
0.0001371532,1
0.0007438886,0
0.08333435,0
0.08333435,0
0.08333435,0
0.06024222,0
0.0002066487,0
0.08333435,0
0.08333435,0
0.000351801,0
5.424758e-06,0
0.08333435,0
0.0007473931,0
0.000351801,0
0.0001702452,0
0.08333435,0
0.08333435,0
0.08333435,0
0.0001371532,0
0.001364548,0
0.9999864,0
0.0001449145,0
0.06024222,0
7.877941e-05,0
7.877941e-05,0
0.8733339,0
0.0007438886,0
0.08333435,0
5.424758e-06,0
0.06024222,0
0.08333435,0
0.0007438886,0
0.001364548,0
0.08333435,0
0.08333435,0
0.0002927322,0
0.4998648,0
4.694075e-05,0
0.0001449145,0
