Score,Label
4.325555e-05,1
0.9999926,1
0.9999926,1
1,1
0.0004146075,1
5.202837e-07,0
3.178333e-05,0
3.178333e-05,0
0.0002325923,0
0.000135565,0
0.0001029956,0
2.903696e-06,0
3.031678e-05,0
3.031678e-05,0
3.178333e-05,0
