Score,Label
0.3631812,1
0.01898803,1
0.01898803,1
0.1947275,1
0.4459084,1
0.04436427,1
0.4459084,1
0.4459084,1
0.04436427,1
0.4459084,1
0.4459084,1
0.1947275,1
0.04436427,1
0.4459084,1
0.4459084,1
0.04436427,1
0.4459084,1
0.0005114528,1
0.01898803,1
0.203781,1
0.01898803,1
0.203781,1
0.01898803,1
0.01898803,1
0.01898803,1
0.02606382,1
0.01898803,1
0.3631812,0
0.3631812,0
0.3631812,0
0.3631812,0
0.3631812,0
0.0005114528,0
0.01092121,0
0.01092121,0
0.4459084,0
0.01092121,0
0.3631812,0
0.3631812,0
0.3631812,0
0.3631812,0
0.3631812,0
0.4459084,0
0.4459084,0
0.01092121,0
0.0005114528,0
0.3631812,0
0.01092121,0
0.4459084,0
0.06081876,0
0.4459084,0
0.0005114528,0
0.3631812,0
0.3631812,0
0.4459084,0
0.3631812,0
0.3631812,0
0.01898803,0
0.0005114528,0
0.3631812,0
0.3631812,0
0.0005114528,0
0.01898803,0
0.3631812,0
0.3631812,0
0.3631812,0
0.3631812,0
0.3631812,0
0.3631812,0
0.4459084,0
0.01092121,0
0.3631812,0
0.4459084,0
0.3631812,0
0.01092121,0
0.01092121,0
0.3631812,0
0.3631812,0
0.3631812,0
0.3631812,0
0.3631812,0
