Score,Label
4.381201e-05,1
0.76192,1
0.76192,1
0.9992027,1
0.9992027,1
0.9999375,1
0.9999995,1
0.9999995,1
0.9999976,1
0.76192,1
1,1
1,1
0.2287558,0
0.002059792,0
1.234877e-07,0
0.000374209,0
0.0007777388,0
0.0002954395,0
1.14289e-07,0
1.58929e-08,0
3.272512e-06,0
0.0002954395,0
0.0008661254,0
0.3691815,0
0.2497804,0
2.931881e-06,0
1.235033e-05,0
0.0002954395,0
0.2497804,0
0.001552647,0
0.2497804,0
2.931881e-06,0
5.931499e-07,0
0.0002954395,0
1.14289e-07,0
1.235033e-05,0
