Score,Label
0.3204709,1
0.001969378,1
0.9994996,1
0.9994996,1
0.9994996,1
0.9989486,1
0.9994996,1
0.9766601,1
0.9994996,1
0.9994996,1
0.9975244,1
0.001969378,1
0.9999919,1
0.3204709,1
0.3746716,0
8.377432e-08,0
0.3746716,0
4.229909e-08,0
7.062211e-07,0
0.3746716,0
0.002267129,0
0.0001521034,0
0.0001963384,0
1.746919e-07,0
8.377432e-08,0
2.399777e-07,0
0.3746716,0
1.746919e-07,0
0.6669409,0
1.746919e-07,0
0.3746716,0
0.0001521034,0
8.377432e-08,0
0.3746716,0
8.377432e-08,0
8.841497e-06,0
1.746919e-07,0
0.000285626,0
1.925808e-06,0
1.746919e-07,0
2.399777e-07,0
0.3746716,0
