Score,Label
0.9998409,1
0.03909547,1
0.9999809,1
0.238636,1
0.238636,1
0.001940234,1
0.9999627,1
0.6904345,1
0.9999998,1
1,1
0.9999999,1
0.9950287,1
0.9970017,1
0.9977602,1
1,1
0.006774026,1
0.9595262,1
1,1
0.9946789,1
0.1072341,0
0.9937976,0
0.0001443488,0
0.1221033,0
0.002063101,0
0.9997216,0
0.0003960227,0
0.0002186549,0
0.0003573595,0
0.0007986786,0
7.898913e-05,0
0.006774026,0
0.006774026,0
1.018433e-05,0
0.002177804,0
0.0003960227,0
0.0002210601,0
0.007368835,0
0.0002186549,0
0.1221033,0
0.4608547,0
0.1221033,0
0.1221033,0
0.3333184,0
0.001940234,0
4.996983e-05,0
4.960425e-06,0
1.835218e-05,0
0.8623525,0
1.256031e-05,0
0.0002186549,0
0.0002266156,0
0.006774026,0
0.0001443488,0
0.1221033,0
9.935735e-05,0
0.006774026,0
0.9941338,0
