Score,Label
0.9998814,1
0.9999317,1
0.0003364193,1
1,1
1,1
0.9704634,1
1,1
0.9999986,1
0.9704634,1
1,1
0.9999932,1
0.9999932,1
1,1
8.391764e-06,1
1.590738e-10,0
0.002609616,0
3.280358e-10,0
0.001106675,0
4.541545e-07,0
0.002609616,0
0.002609616,0
2.036806e-07,0
1.737086e-05,0
1.84386e-10,0
1.493152e-09,0
4.541545e-07,0
0.0003364193,0
2.036806e-07,0
2.502696e-10,0
0.0003364193,0
0.0003364193,0
4.912543e-10,0
1.319024e-11,0
1.140289e-10,0
1.97921e-10,0
0.0003364193,0
3.927865e-10,0
4.541545e-07,0
0.1429508,0
1.510792e-11,0
0.1429508,0
1.050094e-11,0
