Score,Label
0.9999999,1
1,1
1,1
1,1
1,1
0.9963677,1
0.9963677,1
1,1
0.05756621,1
1,1
0.00100026,0
0.001959561,0
7.998543e-05,0
9.624125e-07,0
7.998543e-05,0
0.000998635,0
0.05756621,0
9.634598e-06,0
0.00100026,0
3.409889e-07,0
0.05756621,0
0.005485228,0
0.005485228,0
2.366745e-05,0
9.175952e-05,0
1.807767e-06,0
0.01977007,0
0.000230698,0
6.081321e-06,0
9.624125e-07,0
