Score,Label
0.9999832,1
0.9999832,1
0.8334477,1
0.9999992,1
0.9999753,1
0.9999992,1
0.9999999,1
0.0004441836,1
0.8334477,1
0.9999832,1
0.9999832,1
0.9999974,1
0.09046023,1
0.09046023,1
1,1
0.9999999,1
0.8334477,1
3.787184e-08,0
0.01529228,0
0.09046023,0
3.682953e-15,0
4.694653e-09,0
1.422085e-10,0
0.002370775,0
1.482454e-09,0
9.36061e-09,0
3.59504e-07,0
4.030694e-06,0
3.583144e-09,0
4.288112e-07,0
0.09046023,0
3.59504e-07,0
3.682953e-15,0
1.070145e-06,0
5.884228e-12,0
4.694653e-09,0
7.839348e-09,0
9.36061e-09,0
3.682953e-15,0
6.997265e-05,0
1.070145e-06,0
4.694653e-09,0
3.59504e-07,0
9.746387e-09,0
0.002341509,0
7.197811e-13,0
1.348171e-10,0
0.105837,0
5.884228e-12,0
0.09046023,0
2.086903e-08,0
