Score,Label
0.9996511,1
0.001129872,1
0.001129872,1
0.001129872,1
0.3847056,1
0.3847056,1
0.3847056,1
0.9980691,1
0.0001726302,1
0.001129872,1
0.001129872,1
0.001129872,1
0.3847056,1
0.3847056,1
0.3847056,1
0.0001726302,1
0.0001726302,1
0.9885538,1
0.9885538,1
0.001129872,1
0.001129872,1
0.001129872,1
0.0001726302,1
0.0001726302,1
0.9885538,1
0.9885538,1
0.001129872,1
0.001129872,1
0.001129872,1
5.860847e-05,1
0.3847056,1
0.3847056,1
0.9885538,1
0.9885538,1
0.001129872,1
0.001129872,1
0.001129872,1
5.860847e-05,1
0.0001726302,1
0.0001028988,1
0.3847056,0
0.3332122,0
0.3847056,0
0.3847056,0
0.3847056,0
0.001129872,0
0.3847056,0
0.3847056,0
0.3847056,0
0.3847056,0
0.001129872,0
0.3847056,0
0.9980691,0
0.3847056,0
0.9980691,0
0.3847056,0
0.0001146865,0
0.0001146865,0
0.001129872,0
0.001129872,0
0.3847056,0
0.3847056,0
0.3332122,0
0.3847056,0
0.3847056,0
0.3847056,0
0.3847056,0
0.3847056,0
0.001129872,0
0.3847056,0
0.001629677,0
0.0001146865,0
0.001129872,0
0.001129872,0
0.3847056,0
0.3332122,0
0.001129872,0
0.001129872,0
0.3847056,0
0.3847056,0
0.3847056,0
0.3847056,0
0.3847056,0
0.3847056,0
0.001129872,0
0.9980691,0
0.9980691,0
0.3847056,0
0.3847056,0
0.001129872,0
0.3847056,0
0.001129872,0
0.3847056,0
0.3847056,0
0.001129872,0
0.3847056,0
0.3847056,0
0.3847056,0
0.0001146865,0
0.3847056,0
0.3847056,0
0.001129872,0
0.3847056,0
0.001129872,0
0.9980691,0
0.3847056,0
0.001129872,0
0.9980691,0
0.3847056,0
0.3847056,0
0.3847056,0
0.3332122,0
0.0001146865,0
0.3847056,0
0.0001146865,0
0.3847056,0
0.3847056,0
0.3847056,0
0.001129872,0
0.3847056,0
