Score,Label
0.002489518,1
0.9947391,1
0.1265534,1
0.9947391,1
0.2993037,1
0.002489518,1
0.007202027,1
0.9956895,1
0.9952602,1
0.9893789,1
0.004546345,1
0.002489518,1
0.9999186,1
0.1885518,1
0.0001476807,1
0.9999137,1
0.1885518,1
0.2993037,1
0.002489518,1
0.002489518,1
0.002489518,1
0.8880617,1
0.9994491,1
0.2993037,1
0.2993037,1
0.9999624,1
0.02100624,1
0.0001476807,1
0.9999833,1
0.02100624,1
0.1968813,1
0.002489518,1
0.002489518,1
0.2993037,0
0.2993037,0
2.906705e-08,0
0.2993037,0
0.001500016,0
6.396706e-08,0
7.785374e-05,0
0.2993037,0
0.2993037,0
0.2993037,0
0.2993037,0
0.001186851,0
0.2993037,0
0.2993037,0
3.273551e-06,0
0.2993037,0
2.36893e-07,0
0.001186851,0
0.0001043034,0
7.785374e-05,0
2.804392e-06,0
0.9994541,0
6.56587e-05,0
0.0008794268,0
0.2993037,0
6.396706e-08,0
0.2993037,0
0.2993037,0
0.2993037,0
0.0001043034,0
0.2993037,0
8.960311e-10,0
0.2993037,0
0.2993037,0
0.2993037,0
0.2993037,0
0.0008794268,0
0.2993037,0
0.2993037,0
0.001186851,0
0.2993037,0
0.2993037,0
0.0008794268,0
0.002489518,0
0.2993037,0
2.36893e-07,0
0.0008794268,0
0.2993037,0
1.326176e-06,0
0.01828099,0
0.002489518,0
0.008177485,0
0.2993037,0
0.9992954,0
6.396706e-08,0
6.677616e-05,0
0.2993037,0
6.56587e-05,0
8.960311e-10,0
0.001186851,0
0.2993037,0
0.9979846,0
0.001186851,0
0.2993037,0
0.2993037,0
1.326176e-06,0
