Score,Label
0.973133,1
0.973133,1
0.973133,1
0.9988843,1
0.973133,1
0.973133,1
0.973133,1
0.9988843,1
0.9560746,1
0.9560746,1
0.9560746,1
0.9560746,1
0.9560746,1
0.9560746,1
0.9978957,1
0.9989269,1
0.9560746,1
0.9993606,1
1.012934e-05,0
0.0001865674,0
1.641588e-05,0
3.408058e-05,0
0.001478615,0
5.117697e-05,0
3.563025e-06,0
0.0003688213,0
6.667747e-05,0
1.529526e-05,0
1.529526e-05,0
2.166448e-05,0
0.004815794,0
1.064346e-05,0
0.0003687944,0
4.111414e-05,0
0.006116039,0
0.000117742,0
