Score,Label
0.9908551,1
0.9908551,1
0.9908551,1
0.9908551,1
0.9737536,1
0.9737536,1
0.8771595,1
0.8771595,1
0.8771595,1
0.6329522,1
0.6329522,1
0.9737536,1
0.0003026506,0
0.0003951075,0
0.0003870907,0
0.003444771,0
0.9943229,0
0.0006016667,0
0.9737536,0
0.00679457,0
0.0004508443,0
0.0006514942,0
0.0003507095,0
1.508902e-05,0
