Score,Label
0.0001081073,1
0.004041216,1
1.222102e-06,1
1.222102e-06,1
1.222102e-06,1
0.0001081073,1
0.0001081073,1
0.0001081073,1
1.222102e-06,1
0.0001081073,1
1.222102e-06,1
0.004041216,1
0.9940866,1
1.222102e-06,1
0.0001081073,1
0.0001081073,1
0.0001081073,1
1.222102e-06,1
1.222102e-06,1
1.222102e-06,1
0.9961281,1
0.9998216,1
0.9998216,1
0.9998216,1
0.9998216,1
0.9998216,1
0.9998216,1
0.9998216,1
0.9998216,1
1.222102e-06,1
0.0001081073,1
0.0001081073,1
0.0001081073,1
1.222102e-06,1
1.222102e-06,1
1.222102e-06,1
0.0001081073,1
1.222102e-06,1
0.0001081073,1
0.9994266,1
1.222102e-06,1
1.222102e-06,1
0.0001081073,1
0.0001081073,1
0.0001081073,1
0.9998216,1
0.9998216,1
0.9998216,1
0.9998216,1
0.9998216,1
0.9998216,1
2.17319e-05,1
0.0004222486,1
0.001415298,1
0.001415298,1
0.001415298,1
2.17319e-05,1
2.17319e-05,1
2.17319e-05,1
0.001415298,1
2.17319e-05,1
0.001415298,1
0.9984876,1
0.0004222486,1
0.001415298,1
0.001348861,1
0.001348861,1
0.001348861,1
0.001415298,1
0.001415298,1
0.001415298,1
0.06711633,1
0.9972702,0
8.96938e-06,0
1.125506e-07,0
2.357576e-06,0
6.152547e-06,0
0.8205061,0
0.9998216,0
0.007196182,0
0.2091013,0
0.2091013,0
0.9999816,0
1.168663e-09,0
0.0001497953,0
0.0003088659,0
2.357576e-06,0
1.480852e-07,0
1.125506e-07,0
3.109052e-10,0
5.378772e-09,0
2.500258e-10,0
0.008312578,0
1.782416e-07,0
0.0003088659,0
0.4020695,0
0.9996811,0
8.96938e-06,0
3.109052e-10,0
4.236089e-10,0
8.808241e-05,0
2.357576e-06,0
0.001702639,0
0.9687901,0
8.96938e-06,0
7.405561e-07,0
8.315933e-08,0
2.357576e-06,0
2.8425e-10,0
8.96938e-06,0
2.8425e-10,0
9.447442e-07,0
8.315933e-08,0
0.04779182,0
3.109052e-10,0
2.683424e-10,0
2.500258e-10,0
0.04793489,0
0.0003088659,0
0.001437085,0
1.480852e-07,0
2.791571e-06,0
0.9998216,0
5.005616e-09,0
1.301596e-09,0
2.683424e-10,0
0.9578328,0
3.531681e-08,0
8.315933e-08,0
6.88159e-06,0
0.0003088659,0
0.998716,0
9.509687e-07,0
0.0001497953,0
0.3418726,0
4.878178e-08,0
2.357576e-06,0
2.357576e-06,0
0.0005625399,0
8.315933e-08,0
0.9578328,0
1.125506e-07,0
0.0003088659,0
6.152547e-06,0
