Score,Label
0.9840725,1
0.9840725,1
0.9840725,1
0.9748437,1
0.9958014,1
0.9840725,1
0.9840725,1
0.9840725,1
0.9840725,1
0.9352978,1
0.9352978,1
0.9352978,1
0.9352978,1
0.9352978,1
0.9352978,1
0.9352978,1
0.9929004,1
0.9981405,1
0.9981405,1
0.9981405,1
0.9929004,1
0.9981405,1
0.9948779,1
0.9929004,1
0.9929004,1
0.9352978,1
0.9352978,1
0.9352978,1
0.9352978,1
0.9352978,1
0.9352978,1
0.9352978,1
0.9970162,1
0.9840725,1
0.9840725,1
0.9840725,1
0.9971752,1
0.9891671,1
0.9840725,1
0.9840725,1
0.9971752,1
0.9840725,1
7.157862e-09,0
4.171222e-08,0
0.0001191826,0
5.617436e-05,0
1.043818e-05,0
0.0008292921,0
3.908777e-06,0
6.043044e-08,0
8.514908e-07,0
0.0003783047,0
0.879666,0
5.555993e-05,0
6.648065e-05,0
3.30685e-05,0
0.001835979,0
6.657944e-08,0
8.46911e-05,0
0.01819529,0
0.8238748,0
0.0001414756,0
5.116647e-08,0
8.352415e-05,0
4.677807e-06,0
0.9771342,0
3.776134e-05,0
5.952539e-06,0
4.171222e-08,0
3.99326e-06,0
0.8037446,0
6.742602e-07,0
0.0004377452,0
0.001159371,0
8.514908e-07,0
0.9771342,0
2.942204e-07,0
1.478941e-06,0
0.001408614,0
6.363842e-07,0
6.657944e-08,0
0.6211289,0
1.625466e-05,0
0.9352978,0
