Score,Label
6.118517e-06,1
2.587531e-08,1
0.001337167,1
0.001337167,1
0.001337167,1
6.118517e-06,1
6.118517e-06,1
0.001337167,1
0.001337167,1
6.118517e-06,1
6.118517e-06,1
0.9967594,1
2.587531e-08,1
0.001337167,1
6.118517e-06,1
6.118517e-06,1
0.001337167,1
0.001337167,1
0.001337167,1
0.001337167,1
2.810663e-05,1
0.9857587,1
0.9857587,1
0.9857587,1
0.9857587,1
0.9857587,1
0.9857587,1
0.9857587,1
0.001337167,1
6.118517e-06,1
6.118517e-06,1
6.118517e-06,1
0.001337167,1
0.001337167,1
6.118517e-06,1
6.118517e-06,1
0.001337167,1
0.001337167,1
0.9961064,1
0.001337167,1
6.118517e-06,1
6.118517e-06,1
6.118517e-06,1
6.118517e-06,1
0.9857587,1
0.9857587,1
0.9857587,1
0.9857587,1
0.9857587,1
0.9857587,1
0.9857587,1
0.001472867,1
0.0001365924,1
0.2045071,1
0.2045071,1
0.2045071,1
0.001472867,1
0.001472867,1
0.2045071,1
0.2045071,1
0.001472867,1
0.001472867,1
0.9920323,1
0.0001365924,1
0.2045071,1
0.005691784,1
0.005691784,1
0.2045071,1
0.2045071,1
0.2045071,1
0.2045071,1
0.8882658,1
0.002247446,0
1.02651e-09,0
0.7163756,0
0.002247446,0
0.003384359,0
0.003022672,0
8.496237e-08,0
1.973727e-08,0
7.676267e-08,0
9.17251e-12,0
1.02651e-09,0
7.676267e-08,0
7.41051e-06,0
3.391319e-05,0
9.932879e-12,0
9.17251e-12,0
0.9669549,0
4.929697e-08,0
1.973727e-08,0
0.000515984,0
8.496237e-08,0
7.41051e-06,0
3.191146e-10,0
1.196665e-06,0
1.973727e-08,0
7.41051e-06,0
1.973727e-08,0
1.280982e-06,0
7.41051e-06,0
1.073467e-08,0
1.073467e-08,0
0.008166979,0
3.656204e-14,0
9.17251e-12,0
0.000515984,0
1.280982e-06,0
0.9907703,0
9.17251e-12,0
1.196665e-06,0
0.9907703,0
4.239284e-09,0
1.973727e-08,0
9.17251e-12,0
5.488752e-09,0
5.488752e-09,0
9.932879e-12,0
1.280982e-06,0
7.211239e-12,0
0.00249202,0
9.17251e-12,0
0.003022672,0
9.17251e-12,0
9.115388e-09,0
0.003022672,0
1.073467e-08,0
4.239284e-09,0
9.932879e-12,0
0.009934214,0
0.8877727,0
4.087018e-12,0
1.073467e-08,0
1.02651e-09,0
8.81594e-11,0
3.656204e-14,0
2.497833e-05,0
0.003022672,0
0.2855954,0
1.02651e-09,0
1.073467e-08,0
6.942393e-08,0
1.973727e-08,0
9.17251e-12,0
