Score,Label
0.9986696,1
0.9999992,1
0.0004313035,1
0.99062,1
0.9993568,1
0.5550628,1
0.9998444,1
0.02658625,1
0.9910306,1
0.9910306,1
0.9910306,1
0.279617,1
2.602768e-05,1
0.9999979,1
0.0002177852,1
0.9999508,1
0.9993297,1
0.9999508,1
0.03963763,1
9.23836e-05,1
0.9019422,1
0.8316042,1
0.9999988,1
0.9999964,1
0.9990427,1
2.090611e-09,0
0.9878256,0
0.9956449,0
5.823989e-07,0
5.342366e-07,0
0.0001650875,0
0.999317,0
3.703378e-09,0
0.6787409,0
8.823082e-09,0
0.7503791,0
0.9995627,0
0.9963642,0
0.0005316064,0
0.1460532,0
0.01143491,0
0.9848145,0
0.9979056,0
0.00131761,0
0.001410256,0
0.002245449,0
0.1475598,0
0.008509878,0
2.695776e-05,0
0.003464872,0
