Score,Label
0.9999998,1
0.9999998,1
0.7136902,1
0.8023025,1
0.7136902,1
0.1930157,1
1,1
1,1
1,1
1,1
5.599143e-09,0
4.171921e-06,0
5.612498e-09,0
5.27844e-09,0
7.554839e-05,0
3.399383e-09,0
1.047911e-08,0
5.300563e-10,0
7.312432e-07,0
0.7792875,0
4.085494e-06,0
4.455415e-10,0
0.7792875,0
4.085494e-06,0
8.825871e-10,0
8.825871e-10,0
6.532444e-08,0
7.312432e-07,0
3.763928e-06,0
3.080344e-05,0
