Score,Label
1,1
0.9999952,1
0.9999981,1
1,1
1,1
0.9998361,1
0.4689187,1
0.999995,1
0.9633077,1
0.9999999,1
0.0001210779,0
0.0214262,0
1,0
0.04935717,0
0.000168028,0
0.001192802,0
5.957288e-05,0
3.970722e-05,0
0.2000014,0
0.0005206699,0
