Score,Label
0.9999925,1
0.9999975,1
0.9695207,1
0.3606866,1
0.9012195,1
0.1437733,1
0.9997862,1
0.0003136132,1
0.1467551,1
0.9560233,1
0.999229,1
0.9979864,1
0.0115793,1
0.000133777,1
0.000133777,1
0.0006171395,1
0.9997367,1
0.9999373,1
0.0006269225,1
1,1
0.9999828,1
0.9999616,1
0.02338889,1
0.9999999,1
0.00137823,1
0.997641,1
0.9998549,1
0.9999484,1
0.8715513,1
0.00145519,1
0.9998236,1
1,1
0.08678695,1
0.9999945,1
0.9889308,1
0.9999996,1
0.9999999,1
0.988079,1
0.1092899,1
0.9999979,1
0.8723705,1
0.5752249,1
0.9999446,1
0.9999945,1
0.007170246,1
4.688165e-05,0
0.9512866,0
0.9119768,0
0.8462718,0
0.01098339,0
0.01030142,0
0.9988913,0
0.07017545,0
0.9880238,0
0.0001014108,0
0.0007020329,0
4.058227e-05,0
2.956837e-05,0
0.9999985,0
0.07294878,0
0.8480506,0
0.5103094,0
0.0004927095,0
0.4495375,0
0.9998659,0
0.999769,0
0.9999866,0
2.042854e-05,0
0.0003277502,0
0.1001224,0
0.0002668493,0
0.9512866,0
9.151972e-06,0
0.9990901,0
3.754747e-05,0
0.0005054626,0
0.9995379,0
0.9950237,0
1.994982e-05,0
0.0001659612,0
0.700209,0
0.0009331836,0
5.71642e-05,0
0.0003341786,0
0.9972729,0
2.042854e-05,0
0.0002621788,0
5.71642e-05,0
6.651953e-05,0
0.9999919,0
