Score,Label
0.9999961,1
0.9999961,1
2.11483e-06,1
2.159928e-07,1
2.11483e-06,1
2.006312e-08,1
1,1
1,1
1,1
1,1
7.54541e-07,0
5.953712e-09,0
2.055011e-08,0
4.673098e-07,0
6.545365e-12,0
2.055011e-08,0
6.67573e-13,0
3.443591e-07,0
0.7878587,0
6.545365e-12,0
0.002335567,0
5.953712e-09,0
5.953712e-09,0
0.7878587,0
0.7878587,0
1.884741e-12,0
6.31905e-06,0
7.54541e-07,0
4.252798e-10,0
1.191504e-15,0
