Score,Label
0.99999,1
0.99999,1
0.2847883,1
0.04721622,1
0.2847883,1
0.0001048986,1
0.9999992,1
0.9999943,1
0.9999992,1
0.9999992,1
1.007082e-08,0
1.652874e-08,0
4.120453e-07,0
1.124604e-06,0
3.224155e-05,0
1.007082e-08,0
1.124604e-06,0
0.0007028342,0
1.869208e-08,0
0.7740803,0
1.124604e-06,0
4.120453e-07,0
2.758161e-05,0
1.124604e-06,0
1.460636e-08,0
5.437378e-07,0
1.424286e-05,0
1.424286e-05,0
1.0035e-09,0
7.068846e-05,0
