Score,Label
0.999987,1
0.999987,1
0.03697524,1
0.0005826551,1
0.03697524,1
0.0002626948,1
0.9999994,1
0.9999993,1
0.9999994,1
0.9999994,1
8.681202e-14,0
1.132623e-05,0
5.340518e-06,0
9.168301e-07,0
1.443195e-07,0
1.132623e-05,0
0.7768698,0
8.681202e-14,0
5.340518e-06,0
1.443195e-07,0
0.7768698,0
1.443195e-07,0
0.0001338687,0
3.542176e-09,0
5.340518e-06,0
5.340518e-06,0
0.7768698,0
3.198141e-10,0
3.176969e-11,0
5.941333e-10,0
