Score,Label
0.9999992,1
0.9999992,1
4.012502e-09,1
1.510405e-08,1
4.012502e-09,1
1.932979e-13,1
1,1
1,1
1,1
1,1
1.000941e-10,0
6.830643e-06,0
0.8012408,0
3.858679e-18,0
1.218722e-17,0
1.452015e-13,0
2.360505e-11,0
3.247191e-10,0
7.119258e-10,0
7.119258e-10,0
1.394237e-05,0
0.8012408,0
4.332179e-18,0
5.151349e-09,0
1.075814e-08,0
5.650964e-16,0
4.074125e-10,0
6.830643e-06,0
7.119258e-10,0
7.119258e-10,0
