Score,Label
1,1
0.9933589,1
1,1
1,1
0.9609705,1
0.9997106,1
0.9997106,1
0.9999999,1
0.1084746,1
0.9842253,1
0.9926684,1
0.9926684,1
0.9991263,1
0.03905924,1
0.9927166,1
0.000795371,0
2.486152e-06,0
0.00284877,0
0.01007281,0
4.490259e-06,0
0.003771061,0
0.034952,0
0.0005845805,0
6.885884e-06,0
3.164533e-05,0
0.0003748088,0
1.852031e-09,0
0.9732948,0
1.841816e-06,0
0.9999907,0
