Score,Label
0.9999999,1
0.9999999,1
1,1
1,1
1,1
1,1
1,1
1,1
1,1
1,1
0.4798703,0
0.4798703,0
1.737964e-10,0
0.4798703,0
1.42691e-05,0
2.248354e-10,0
2.879752e-09,0
0.4798703,0
1.737964e-10,0
0.4798703,0
0.4798703,0
0.4798703,0
0.4798703,0
0.4798703,0
4.742456e-18,0
0.4798703,0
2.373124e-17,0
0.4798703,0
0.4798703,0
2.788377e-14,0
