Score,Label
0.9999996,1
0.9999996,1
0.9999586,1
0.999871,1
0.9999586,1
0.9999377,1
1,1
1,1
1,1
1,1
1.093108e-13,0
1.867779e-19,0
4.291225e-07,0
1.449737e-10,0
0.001352274,0
4.291225e-07,0
0.4846033,0
0.4846033,0
0.4846033,0
0.4846033,0
0.4846033,0
1.337481e-09,0
0.4846033,0
1.590706e-08,0
0.4846033,0
0.4846033,0
0.4846033,0
0.4846033,0
1.449737e-10,0
3.507473e-08,0
