Score,Label
0.9999988,1
0.9999988,1
0.9998373,1
0.9984859,1
0.9998373,1
0.06842016,1
1,1
1,1
1,1
1,1
4.404531e-05,0
3.040793e-06,0
6.058764e-05,0
9.827846e-10,0
4.983204e-12,0
8.27294e-05,0
2.483901e-07,0
6.058764e-05,0
3.220294e-13,0
6.238014e-15,0
4.983204e-12,0
1.129921e-13,0
2.793129e-08,0
2.623161e-07,0
5.975199e-05,0
1.552075e-07,0
0.7880417,0
2.256769e-05,0
6.120021e-11,0
2.623161e-07,0
