Score,Label
0.9999989,1
0.9999989,1
2.864525e-11,1
2.465993e-13,1
2.864525e-11,1
2.459356e-13,1
1,1
1,1
1,1
1,1
1.386984e-07,0
2.928316e-17,0
0.7951818,0
9.107272e-09,0
2.937857e-08,0
3.444024e-16,0
1.386984e-07,0
6.882942e-16,0
0.7951818,0
2.637864e-14,0
0.7951818,0
0.7951818,0
3.887273e-15,0
2.022312e-10,0
5.416337e-13,0
1.154504e-06,0
8.766269e-05,0
9.811739e-10,0
2.188902e-14,0
9.811739e-10,0
