Score,Label
0.8516605,1
1,1
0.9999996,1
0.9971334,1
1,1
0.9995809,1
5.029189e-06,1
1,1
1,1
0.9875492,1
0.997558,1
0.03182093,1
0.7663865,1
1,1
0.9999949,1
1,1
0.9998978,1
0.9999945,1
1,1
0.0009060148,1
0.6142123,0
0.1562686,0
1.257275e-05,0
8.215891e-10,0
0.9894804,0
1.012934e-06,0
0.002827378,0
2.060353e-05,0
0.9995576,0
0.2252083,0
0.5322402,0
0.9987142,0
1,0
1.796648e-05,0
0.02010987,0
0.001645344,0
1,0
2.060353e-05,0
8.215891e-10,0
0.001102604,0
