Score,Label
1,1
1,1
0.9538006,1
0.9976548,1
0.9538006,1
0.0009782354,1
1,1
1,1
1,1
1,1
1.823462e-05,0
0.7600051,0
1.381913e-12,0
4.628471e-06,0
6.536088e-14,0
2.65821e-12,0
7.332918e-06,0
1.262526e-11,0
9.941085e-16,0
3.714665e-05,0
1.028242e-06,0
2.00423e-13,0
3.72756e-07,0
0.7600051,0
1.028242e-06,0
0.0001540449,0
1.823462e-05,0
5.532728e-06,0
2.278234e-07,0
2.338398e-12,0
