Score,Label
0.07435579,1
0.9987394,1
0.0003617987,0
1.648322e-07,0
1.648322e-07,0
6.41177e-05,0
