Score,Label
1.426784e-07,1
0.9999858,1
0.9999858,1
0.9999858,1
0.9999858,1
1.426784e-07,1
1.426784e-07,0
2.137954e-08,0
6.478965e-15,0
4.708899e-14,0
4.708899e-14,0
8.097072e-07,0
6.478965e-15,0
4.439662e-14,0
4.708899e-14,0
4.708899e-14,0
4.708899e-14,0
2.654189e-15,0
