Score,Label
0.9430797,1
1.491772e-05,1
0.9999996,1
0.9999996,1
0.0002585541,0
1.364543e-12,0
1.491772e-05,0
1.364543e-12,0
1.799168e-11,0
0.0002585541,0
1.364543e-12,0
1.364543e-12,0
