Score,Label
0.9999154,1
7.100785e-06,1
7.100785e-06,1
7.100785e-06,1
0.9999905,1
0.9999905,1
0.9999905,1
0.9999905,1
0.9999905,1
0.9999905,1
7.100785e-06,1
1.683058e-05,0
0.009311969,0
1.683058e-05,0
0.2500611,0
1.683058e-05,0
3.076028e-05,0
0.009311969,0
1.683058e-05,0
3.076028e-05,0
0.2500611,0
7.100785e-06,0
1.683058e-05,0
1.683058e-05,0
0.009311969,0
0.009311969,0
0.2500611,0
1.683058e-05,0
0.009311969,0
3.076028e-05,0
0.9617508,0
0.9617508,0
0.009311969,0
