Score,Label
0.9999669,1
0.02251703,1
0.9999669,1
0.0005070174,1
0.0005070174,1
0.9996309,1
0.9996309,1
0.9996309,1
0.9996309,1
0.0003276761,0
0.001010817,0
0.001010817,0
0.001010817,0
0.00079306,0
0.0001876342,0
0.0004254607,0
0.00079306,0
0.0001876342,0
0.00079306,0
0.00079306,0
0.001010817,0
0.0004254607,0
0.0001876342,0
0.001010817,0
0.001010817,0
0.001010817,0
0.001010817,0
