Score,Label
0.0004541382,1
0.0004541382,1
8.461416e-07,1
0.9999995,1
0.9999995,1
1.552529e-06,0
1.552529e-06,0
1.552529e-06,0
1.552529e-06,0
8.135435e-08,0
8.692594e-08,0
3.972917e-09,0
5.087955e-09,0
1.552529e-06,0
8.135435e-08,0
