Score,Label
1,1
1,1
5.228222e-06,1
2.338776e-09,0
2.692889e-10,0
6.933957e-10,0
2.392104e-05,0
2.338776e-09,0
5.007113e-10,0
