Score,Label
0.1508152,1
0.1508152,1
0.1508152,1
0.1508152,1
0.1508152,1
0.1508152,1
0.1508152,1
0.1508152,1
0.000140136,1
0.000140136,1
0.000140136,1
0.000140136,1
0.000140136,1
0.000140136,1
2.500614e-11,0
2.500614e-11,0
2.500614e-11,0
2.500614e-11,0
2.500614e-11,0
2.500614e-11,0
2.500614e-11,0
2.500614e-11,0
2.645878e-05,0
2.500614e-11,0
2.500614e-11,0
2.645878e-05,0
2.500614e-11,0
2.500614e-11,0
3.130925e-06,0
2.500614e-11,0
2.500614e-11,0
1.078148e-08,0
0.0006524072,0
2.500614e-11,0
2.500614e-11,0
2.500614e-11,0
2.500614e-11,0
1.078148e-08,0
2.500614e-11,0
2.500614e-11,0
2.500614e-11,0
2.500614e-11,0
