Score,Label
0.9781932,1
0.9781932,1
0.9781932,1
0.9781932,1
0.9781932,1
0.9781932,1
0.5399184,1
0.5399184,1
0.5399184,1
0.5399184,1
0.5399184,1
0.5399184,1
0.5399184,1
0.5399184,1
0.0007702555,0
3.122948e-10,0
3.122948e-10,0
3.122948e-10,0
3.122948e-10,0
3.122948e-10,0
3.122948e-10,0
3.888225e-05,0
3.122948e-10,0
3.122948e-10,0
3.122948e-10,0
3.888225e-05,0
3.122948e-10,0
3.888225e-05,0
3.122948e-10,0
3.122948e-10,0
3.122948e-10,0
3.122948e-10,0
3.122948e-10,0
3.122948e-10,0
3.122948e-10,0
3.122948e-10,0
3.122948e-10,0
7.622139e-08,0
3.888225e-05,0
3.122948e-10,0
3.122948e-10,0
3.122948e-10,0
