Score,Label
3.21347e-05,1
3.21347e-05,1
3.21347e-05,1
3.21347e-05,1
3.21347e-05,1
3.21347e-05,1
3.21347e-05,1
3.21347e-05,1
3.21347e-05,1
3.21347e-05,1
3.21347e-05,1
3.21347e-05,1
3.21347e-05,1
3.21347e-05,1
9.709524e-06,0
6.34537e-14,0
6.34537e-14,0
6.34537e-14,0
6.34537e-14,0
1.066661e-06,0
6.34537e-14,0
0.0003181396,0
6.34537e-14,0
6.34537e-14,0
1.066661e-06,0
6.34537e-14,0
6.34537e-14,0
6.34537e-14,0
6.34537e-14,0
9.709524e-06,0
6.34537e-14,0
6.34537e-14,0
6.34537e-14,0
6.34537e-14,0
6.34537e-14,0
6.34537e-14,0
0.0006764305,0
6.34537e-14,0
6.34537e-14,0
9.709524e-06,0
6.34537e-14,0
6.34537e-14,0
