Score,Label
2.029204e-05,1
2.029204e-05,1
2.029204e-05,1
2.029204e-05,1
2.029204e-05,1
2.029204e-05,1
0.118714,1
0.118714,1
0.118714,1
0.118714,1
0.118714,1
0.118714,1
0.118714,1
0.118714,1
6.04758e-06,0
6.04758e-06,0
2.323143e-10,0
2.323143e-10,0
6.04758e-06,0
2.323143e-10,0
0.0001635832,0
2.323143e-10,0
2.323143e-10,0
2.323143e-10,0
0.000757166,0
2.323143e-10,0
0.0001491021,0
0.0008285732,0
0.0001635832,0
2.323143e-10,0
2.323143e-10,0
2.323143e-10,0
2.593281e-07,0
2.323143e-10,0
0.04088657,0
2.323143e-10,0
2.323143e-10,0
0.0008285732,0
2.323143e-10,0
2.323143e-10,0
2.323143e-10,0
0.0001635832,0
