Score,Label
0.9587568,1
0.9587568,1
0.9587568,1
0.9587568,1
0.9587568,1
0.9587568,1
0.152988,1
0.152988,1
0.152988,1
0.152988,1
0.152988,1
0.152988,1
0.152988,1
0.152988,1
3.361988e-14,0
0.0001465011,0
3.361988e-14,0
1.800021e-06,0
0.0001465011,0
3.361988e-14,0
3.361988e-14,0
0.0001465011,0
3.361988e-14,0
0.0001465011,0
0.0006911795,0
3.361988e-14,0
3.361988e-14,0
3.361988e-14,0
3.361988e-14,0
3.361988e-14,0
3.361988e-14,0
3.361988e-14,0
3.361988e-14,0
3.361988e-14,0
3.361988e-14,0
0.07066449,0
3.361988e-14,0
8.767273e-06,0
3.361988e-14,0
3.361988e-14,0
3.361988e-14,0
8.767273e-06,0
