Score,Label
0.0004964382,1
0.0004964382,1
0.0004964382,1
0.0004964382,1
0.0004964382,1
0.0004964382,1
0.0004964382,1
0.0004964382,1
0.0004964382,1
0.0004964382,1
0.0004964382,1
0.0004964382,1
0.0004964382,1
0.0004964382,1
0.9165574,1
0.8127987,1
0.9165574,1
0.03060114,1
0.03060114,1
0.5397938,1
0.8127987,1
0.9682328,1
0.9682328,1
0.03060114,1
0.9682328,1
0.8127987,1
0.5397938,1
0.9682328,1
0.9682328,1
0.8127987,1
0.9682328,1
0.03060114,1
0.9999999,1
0.9988731,1
3.734182e-13,0
2.164011e-11,0
1.523807e-14,0
1.523807e-14,0
1.523807e-14,0
2.164011e-11,0
1.523807e-14,0
1.523807e-14,0
1.523807e-14,0
1.523807e-14,0
1.523807e-14,0
5.505619e-05,0
1.523807e-14,0
1.523807e-14,0
1.523807e-14,0
1.523807e-14,0
1.523807e-14,0
1.523807e-14,0
1.523807e-14,0
1.523807e-14,0
6.654841e-06,0
1.523807e-14,0
9.666121e-05,0
0.0002431496,0
1.523807e-14,0
1.523807e-14,0
1.523807e-14,0
0.005996214,0
4.477012e-13,0
1.523807e-14,0
1.523807e-14,0
1.523807e-14,0
4.477012e-13,0
1.523807e-14,0
1.523807e-14,0
1.523807e-14,0
1.523807e-14,0
1.523807e-14,0
6.654841e-06,0
1.523807e-14,0
1.523807e-14,0
1.523807e-14,0
1.523807e-14,0
1.523807e-14,0
0.9873052,0
1.523807e-14,0
1.523807e-14,0
3.924739e-08,0
1.523807e-14,0
3.924739e-08,0
1.523807e-14,0
0.005996214,0
3.924739e-08,0
1.523807e-14,0
1.523807e-14,0
1.523807e-14,0
7.004815e-05,0
4.477012e-13,0
4.477012e-13,0
6.654841e-06,0
1.523807e-14,0
1.523807e-14,0
3.924739e-08,0
1.523807e-14,0
1.523807e-14,0
1.523807e-14,0
1.523807e-14,0
1.523807e-14,0
