Score,Label
0.9666003,1
0.9666003,1
0.9666003,1
0.9666003,1
0.9666003,1
0.7671982,1
0.7671982,1
0.4436309,1
0.4436309,1
0.4436309,1
0.4436309,1
0.4436309,1
0.4436309,1
0.4436309,1
0.2283381,1
0.9999082,1
0.2283381,1
0.01469801,1
0.01469801,1
0.9996188,1
0.9999082,1
0.8713006,1
0.01469801,1
0.01469801,1
0.8713006,1
0.9999082,1
0.01469801,1
0.8713006,1
0.9999082,1
0.01469801,1
0.01469801,1
0.3026543,1
0.9999731,1
0.9994785,1
4.41849e-11,0
1.024152e-10,0
4.41849e-11,0
4.41849e-11,0
4.41849e-11,0
4.41849e-11,0
4.41849e-11,0
4.41849e-11,0
4.41849e-11,0
4.41849e-11,0
0.0006557329,0
0.001981013,0
4.866979e-06,0
4.41849e-11,0
4.41849e-11,0
4.41849e-11,0
4.866979e-06,0
4.41849e-11,0
0.000281464,0
4.41849e-11,0
4.41849e-11,0
4.41849e-11,0
1.024152e-10,0
0.0006557329,0
4.41849e-11,0
4.41849e-11,0
0.0002602313,0
4.866979e-06,0
1.933108e-10,0
4.41849e-11,0
4.41849e-11,0
4.41849e-11,0
4.41849e-11,0
4.41849e-11,0
0.000281464,0
1.933108e-10,0
4.41849e-11,0
4.41849e-11,0
4.41849e-11,0
4.41849e-11,0
4.41849e-11,0
4.41849e-11,0
4.41849e-11,0
4.41849e-11,0
1.024152e-10,0
4.866979e-06,0
3.463951e-06,0
0.000281464,0
4.41849e-11,0
4.41849e-11,0
0.3511088,0
0.004284226,0
4.41849e-11,0
4.866979e-06,0
4.41849e-11,0
0.001981013,0
1.933108e-10,0
4.41849e-11,0
1.024152e-10,0
0.001981013,0
4.41849e-11,0
4.41849e-11,0
4.41849e-11,0
4.41849e-11,0
0.0006557329,0
4.41849e-11,0
4.41849e-11,0
4.41849e-11,0
