Score,Label
0.8609816,1
0.8609816,1
0.002470076,1
0.8609816,1
0.002470076,1
0.002470076,1
0.002470076,1
0.8609816,1
0.001133756,1
0.001133756,1
0.001133756,1
0.001133756,1
0.001133756,1
0.001133756,1
0.9998903,1
1,1
0.9998903,1
0.04555753,1
0.5235426,1
0.9998903,1
1,1
0.5235426,1
0.1675432,1
0.1675432,1
0.5235426,1
1,1
0.1675432,1
0.1675432,1
1,1
0.1675432,1
0.5235426,1
0.002264206,1
1,1
0.9998903,1
0.0008537771,0
0.002191255,0
0.001133691,0
0.001133691,0
0.0009424634,0
0.0008537771,0
0.0008537771,0
0.0008537771,0
0.002127549,0
0.002191255,0
0.0008537771,0
0.002191255,0
0.0008537771,0
0.0009424634,0
0.0008537771,0
0.0008537771,0
0.0008537771,0
0.001521525,0
0.001527567,0
0.001521525,0
0.0008537771,0
0.001010183,0
0.0008537771,0
0.0008537771,0
0.0008537771,0
0.0008537771,0
0.0008537771,0
0.0008537771,0
0.0008537771,0
0.0008537771,0
0.0008537771,0
0.0008537771,0
0.0009424634,0
0.002127549,0
0.0008537771,0
0.001133691,0
0.0008537771,0
0.001631574,0
0.0008537771,0
0.0008537771,0
0.0008537771,0
0.001521525,0
0.0009424634,0
0.002032028,0
0.0008537771,0
0.00438996,0
0.0009499364,0
0.0008537771,0
0.0008537771,0
0.0008537771,0
0.0008537771,0
0.0008537771,0
0.0008537771,0
0.0008537771,0
0.0009424634,0
0.0009424634,0
0.0008537771,0
0.001273245,0
0.001368457,0
0.0008537771,0
0.0008537771,0
0.001521525,0
0.002127549,0
0.0008537771,0
0.0008537771,0
0.0008537771,0
0.0008537771,0
0.0008537771,0
