Score,Label
3.102581e-07,1
3.102581e-07,1
3.102581e-07,1
3.102581e-07,1
3.102581e-07,1
3.102581e-07,1
3.102581e-07,1
3.102581e-07,1
3.102581e-07,1
3.102581e-07,1
3.102581e-07,1
3.102581e-07,1
3.102581e-07,1
3.102581e-07,1
0.0006672458,1
0.02130476,1
0.9918702,1
0.2384303,1
2.494886e-05,1
0.0006672458,1
0.02130476,1
0.2384303,1
0.2384303,1
2.494886e-05,1
0.2384303,1
0.02130476,1
0.02249316,1
2.494886e-05,1
2.494886e-05,1
0.02130476,1
2.494886e-05,1
0.2384303,1
0.9999862,1
0.9932566,1
4.993634e-11,0
3.103069e-10,0
1.152687e-07,0
4.993634e-11,0
4.993634e-11,0
4.993634e-11,0
4.993634e-11,0
4.993634e-11,0
4.993634e-11,0
4.993634e-11,0
4.993634e-11,0
1.152687e-07,0
4.993634e-11,0
4.993634e-11,0
0.0004815265,0
4.993634e-11,0
4.993634e-11,0
1.341353e-05,0
4.993634e-11,0
4.993634e-11,0
4.993634e-11,0
4.993634e-11,0
4.993634e-11,0
4.993634e-11,0
4.993634e-11,0
4.993634e-11,0
4.993634e-11,0
4.993634e-11,0
1.436744e-10,0
0.0006326986,0
4.993634e-11,0
4.993634e-11,0
4.993634e-11,0
4.993634e-11,0
4.993634e-11,0
1.152687e-07,0
4.993634e-11,0
4.993634e-11,0
0.0006326986,0
4.993634e-11,0
4.993634e-11,0
7.698829e-09,0
4.993634e-11,0
4.993634e-11,0
4.993634e-11,0
0.00181291,0
4.993634e-11,0
9.317288e-06,0
0.00181291,0
9.317288e-06,0
1.436744e-10,0
4.993634e-11,0
4.993634e-11,0
4.993634e-11,0
4.993634e-11,0
4.993634e-11,0
4.993634e-11,0
0.00139508,0
4.993634e-11,0
4.993634e-11,0
4.993634e-11,0
4.993634e-11,0
4.993634e-11,0
4.993634e-11,0
4.993634e-11,0
4.993634e-11,0
0.00139508,0
4.993634e-11,0
