Score,Label
5.237634e-05,1
5.237634e-05,1
5.237634e-05,1
5.237634e-05,1
5.237634e-05,1
5.237634e-05,1
0.7825639,1
0.7825639,1
1.896963e-05,1
1.896963e-05,1
1.896963e-05,1
1.896963e-05,1
1.896963e-05,1
0.7825639,1
0.9997842,1
0.9999983,1
0.9997842,1
1.177328e-05,1
0.07479744,1
2.405694e-05,1
0.9999983,1
0.07479744,1
4.645986e-05,1
0.07479744,1
4.645986e-05,1
0.9999983,1
3.4215e-05,1
0.07479744,1
4.645986e-05,1
0.9999983,1
4.645986e-05,1
0.07479744,1
1,1
0.9997842,1
1.261998e-15,0
1.261998e-15,0
1.261998e-15,0
1.261998e-15,0
8.600122e-13,0
1.261998e-15,0
1.261998e-15,0
1.261998e-15,0
3.782538e-14,0
1.261998e-15,0
1.261998e-15,0
2.379237e-05,0
1.261998e-15,0
1.261998e-15,0
4.98099e-08,0
0.0002519279,0
5.930119e-08,0
3.782538e-14,0
1.261998e-15,0
1.261998e-15,0
6.07476e-14,0
8.600122e-13,0
1.261998e-15,0
0.0003352146,0
1.261998e-15,0
6.07476e-14,0
0.0002101019,0
3.782538e-14,0
1.261998e-15,0
5.930119e-08,0
2.379237e-05,0
0.0009829899,0
3.782538e-14,0
1.261998e-15,0
5.930119e-08,0
1.261998e-15,0
1.261998e-15,0
1.261998e-15,0
1.261998e-15,0
1.261998e-15,0
1.261998e-15,0
1.261998e-15,0
1.261998e-15,0
1.261998e-15,0
4.98099e-08,0
1.261998e-15,0
1.261998e-15,0
1.261998e-15,0
1.261998e-15,0
4.488302e-11,0
0.00348668,0
4.98099e-08,0
1.261998e-15,0
1.261998e-15,0
1.261998e-15,0
1.261998e-15,0
8.600122e-13,0
5.930119e-08,0
1.261998e-15,0
3.07329e-09,0
1.261998e-15,0
1.261998e-15,0
1.261998e-15,0
0.0006564413,0
1.261998e-15,0
1.261998e-15,0
1.261998e-15,0
1.261998e-15,0
