Score,Label
0.1021853,1
0.1021853,1
0.1021853,1
2.723157e-05,1
2.723157e-05,1
2.723157e-05,1
2.723157e-05,1
2.723157e-05,1
2.723157e-05,1
0.1021853,1
3.58763e-09,1
3.58763e-09,1
3.58763e-09,1
3.58763e-09,1
0.4811567,1
0.9999311,1
0.4811567,1
0.8744565,1
0.8744565,1
0.4811567,1
0.9999311,1
0.0001482136,1
0.0001482136,1
0.0001482136,1
0.0001482136,1
0.9999311,1
0.4811567,1
0.8744565,1
0.0001482136,1
0.9999311,1
0.0001482136,1
0.8744565,1
0.9999994,1
0.4811567,1
1.414269e-11,0
1.414269e-11,0
1.414269e-11,0
1.414269e-11,0
1.414269e-11,0
1.414269e-11,0
1.414269e-11,0
1.660274e-07,0
1.414269e-11,0
1.414269e-11,0
1.414269e-11,0
1.414269e-11,0
1.414269e-11,0
1.414269e-11,0
1.414269e-11,0
1.660274e-07,0
1.414269e-11,0
1.414269e-11,0
1.414269e-11,0
1.414269e-11,0
1.414269e-11,0
1.414269e-11,0
1.414269e-11,0
1.624385e-10,0
1.414269e-11,0
2.19158e-10,0
1.414269e-11,0
1.414269e-11,0
7.052053e-09,0
1.414269e-11,0
6.932773e-05,0
1.660274e-07,0
1.414269e-11,0
6.932773e-05,0
1.414269e-11,0
1.414269e-11,0
1.414269e-11,0
1.660274e-07,0
2.262345e-05,0
1.624385e-10,0
1.414269e-11,0
1.414269e-11,0
1.414269e-11,0
1.414269e-11,0
1.414269e-11,0
1.624385e-10,0
7.052053e-09,0
1.414269e-11,0
1.414269e-11,0
1.414269e-11,0
1.414269e-11,0
1.624385e-10,0
1.414269e-11,0
1.414269e-11,0
1.414269e-11,0
1.414269e-11,0
1.660274e-07,0
1.414269e-11,0
1.414269e-11,0
6.242107e-05,0
1.414269e-11,0
1.414269e-11,0
0.0001979934,0
1.414269e-11,0
1.414269e-11,0
1.414269e-11,0
1.414269e-11,0
6.932773e-05,0
