Score,Label
0.98412,1
0.9982399,1
0.9756836,1
0.0009631999,1
0.7297472,1
0.2500351,1
0.2500351,1
0.9992085,1
0.9965964,1
6.118303e-07,1
0.007879498,1
0.0003223357,1
0.9233574,1
0.9996387,1
0.0009631999,1
0.9233574,1
0.002713725,0
0.9982399,0
0.9982694,0
3.1708e-07,0
0.000287794,0
0.2500351,0
1.166926e-06,0
0.007879498,0
0.9982399,0
0.002713725,0
0.002713725,0
0.9973572,0
0.002713725,0
5.258233e-05,0
0.002713725,0
0.0001146442,0
