Score,Label
0.999178,1
0.9999458,1
0.9999862,1
0.999508,1
0.0002613647,1
0.0002613647,1
0.9918846,1
0.9902807,1
0.3837624,1
0.9005378,1
3.435956e-05,1
0.001891491,1
0.9999999,0
3.466263e-05,0
0.001891491,0
0.9999999,0
0.9212139,0
0.9999894,0
0.9212139,0
0.000577352,0
0.001461978,0
0.001891491,0
1.655379e-05,0
0.00199487,0
