Score,Label
1,1
0.0001063492,1
0.01806667,1
0.9999983,1
9.575699e-06,0
0.005133363,0
4.943439e-06,0
6.272957e-05,0
