Score,Label
0.9999998,1
0.9999999,1
0.9999992,1
0.0009694804,1
0.9988139,1
0.0003924395,0
0.0008851392,0
0.0001039721,0
0.0005654257,0
0.002633123,0
