Score,Label
1,1
0.9593559,1
0.1211751,1
0.9997777,1
0.9509695,1
0.9999843,1
0.998143,1
1,1
0.993895,1
0.9999932,1
0.9989663,1
0.9989663,1
0.9994855,1
1.526777e-06,0
0.001949102,0
1.583526e-06,0
0.1211751,0
0.002165976,0
0.006075909,0
0.4980598,0
0.79456,0
4.644728e-05,0
0.006075909,0
2.461614e-09,0
1.583526e-06,0
0.9999666,0
