Score,Label
0.9999988,1
0.9886655,1
0.003010309,1
1,1
1,1
1,1
1,1
1,1
1,1
1,1
1,1
1,1
1,1
1,1
1,1
1,1
1,1
1,1
1,1
1,1
0.9999868,1
0.9999868,1
0.9999902,1
0.9999868,1
0.9999868,1
0.9999439,1
0.9999737,1
0.9999868,1
0.9999902,1
0.9886655,1
0.003010309,1
1,1
1.13127e-15,1
0.9999996,1
1.13127e-15,1
1.13127e-15,1
0.9999976,1
0.9999995,1
0.4375615,0
0.4375615,0
0.4375615,0
1.207754e-15,0
1.142267e-11,0
0.4375615,0
2.255819e-18,0
1.649636e-08,0
3.22659e-13,0
5.343121e-11,0
0.4375615,0
0.4375615,0
0.4375615,0
0.000399016,0
3.22659e-13,0
4.002994e-16,0
1.902741e-11,0
0.4375615,0
1.932356e-10,0
1.128975e-10,0
0.4375615,0
0.4375615,0
6.850383e-12,0
0.4375615,0
0.4375615,0
0.4375615,0
5.546941e-09,0
0.4375615,0
0.4375615,0
0.4375615,0
0.4375615,0
0.4375615,0
1.649636e-08,0
0.4375615,0
0.4375615,0
3.22659e-13,0
3.22659e-13,0
0.4376364,0
0.4375615,0
5.546941e-09,0
0.4375615,0
3.903741e-10,0
0.4375615,0
6.850383e-12,0
0.4375615,0
3.22659e-13,0
4.62692e-14,0
1.142267e-11,0
1.902741e-11,0
0.4375615,0
0.4375615,0
2.109398e-15,0
3.22659e-13,0
0.4375615,0
0.4375615,0
0.4375615,0
0.4375615,0
7.978776e-17,0
3.22659e-13,0
0.4375615,0
1.178531e-10,0
0.4375615,0
0.4375615,0
0.4375615,0
1.280186e-08,0
1.649636e-08,0
0.4375615,0
0.4375615,0
3.22659e-13,0
0.4375615,0
0.4375615,0
5.888345e-17,0
0.4375615,0
0.4375615,0
0.4375615,0
1.918056e-11,0
