Score,Label
0.8108559,1
8.952068e-08,1
0.1448094,1
0.8108559,1
0.8108559,1
0.8108559,1
0.8108559,1
0.8108559,1
0.8108559,1
0.8108559,1
0.8108559,1
0.8108559,1
0.8108559,1
0.8108559,1
0.8108559,1
0.8108559,1
0.8108559,1
0.8108559,1
0.8108559,1
0.8108559,1
0.8108559,1
0.8108559,1
0.8108559,1
0.8108559,1
0.8108559,1
0.8108559,1
0.8108559,1
0.8108559,1
0.8108559,1
8.952068e-08,1
0.1448094,1
0.8108559,1
3.40391e-10,1
0.8108559,1
3.40391e-10,1
3.40391e-10,1
0.8108559,1
0.8108559,1
0.8108559,0
1.533672e-05,0
2.985391e-08,0
1.859638e-06,0
1.065514e-07,0
4.314489e-05,0
6.034843e-07,0
2.062636e-07,0
1.075219e-08,0
1.859638e-06,0
1.607263e-08,0
8.553288e-09,0
0.8108559,0
8.563002e-07,0
1.835326e-10,0
3.779268e-08,0
1.075219e-08,0
1.859638e-06,0
2.549225e-06,0
3.779268e-08,0
2.549225e-06,0
9.001685e-07,0
3.779268e-08,0
0.0001245728,0
4.314489e-05,0
7.75665e-05,0
9.262838e-09,0
1.075219e-08,0
2.062636e-07,0
2.90957e-06,0
6.209596e-06,0
7.838305e-08,0
1.844022e-09,0
6.756668e-06,0
3.779268e-08,0
3.187547e-06,0
7.838305e-08,0
3.509621e-08,0
4.314489e-05,0
7.838305e-08,0
1.440133e-05,0
7.738803e-07,0
1.075219e-08,0
5.538958e-06,0
1.859638e-06,0
5.538958e-06,0
1.351531e-09,0
0.8108559,0
1.859638e-06,0
2.062636e-07,0
1.921395e-07,0
2.062636e-07,0
2.301286e-06,0
0.8108559,0
0.001312715,0
6.209596e-06,0
3.509621e-08,0
1.840743e-06,0
5.538958e-06,0
3.477348e-05,0
5.538958e-06,0
9.262838e-09,0
1.859638e-06,0
1.075219e-08,0
2.062636e-07,0
0.8108559,0
6.209596e-06,0
1.859638e-06,0
7.838305e-08,0
0.8108559,0
1.075219e-08,0
2.985391e-08,0
4.085075e-09,0
7.838305e-08,0
4.085075e-09,0
1.859638e-06,0
