Score,Label
0.4152312,1
0.999995,1
0.4152312,1
0.4152312,1
0.4152312,1
0.4152312,1
0.487996,1
0.4152312,1
0.4152312,1
0.4152312,1
0.4152312,1
0.487996,1
0.4152312,1
0.487996,1
0.4152312,1
0.4152312,1
0.4152312,1
0.487996,1
0.487996,1
0.4152312,1
0.4152312,1
0.4152312,1
0.4152312,1
0.4152312,1
0.4152312,1
0.4152312,1
0.4152312,1
0.4152312,1
0.4152312,1
0.999995,1
0.4152312,1
0.4152312,1
2.292702e-07,1
0.4152312,1
2.292702e-07,1
2.292702e-07,1
0.4152312,1
0.4152312,1
2.017955e-07,0
0.4152312,0
6.459652e-12,0
0.4152312,0
0.4152312,0
6.459652e-12,0
0.4152312,0
0.4152312,0
1.697997e-06,0
0.4152312,0
9.003945e-14,0
4.618361e-13,0
0.4152312,0
0.4152312,0
0.4152312,0
0.4152312,0
0.4152312,0
0.4152312,0
0.4152312,0
0.02249085,0
0.4152312,0
0.4152312,0
0.4152312,0
0.4152312,0
6.459652e-12,0
1.880654e-13,0
1.880654e-13,0
0.4152312,0
0.4152312,0
0.4152312,0
1.697997e-06,0
0.4152312,0
0.4152312,0
0.4152312,0
0.4152312,0
1.286873e-13,0
6.459652e-12,0
0.4152312,0
0.4152312,0
0.4152312,0
1.239654e-15,0
0.4152312,0
0.4152312,0
0.4152312,0
0.4152312,0
0.4152312,0
0.4152312,0
0.4152312,0
0.4152312,0
0.4152312,0
0.4152312,0
0.4152312,0
0.4152312,0
0.4152312,0
0.4152312,0
0.4152312,0
6.459652e-12,0
2.72177e-14,0
0.4152312,0
2.474537e-12,0
9.003945e-14,0
0.4152312,0
0.4152312,0
0.4152312,0
0.4152312,0
0.001108931,0
0.4152312,0
5.115044e-13,0
0.4152312,0
0.4152312,0
6.459652e-12,0
2.291116e-06,0
0.4152312,0
9.003945e-14,0
0.4152312,0
0.4152312,0
