Score,Label
0.00290003,1
0.00290003,1
0.9147238,1
0.00290003,1
0.00290003,1
0.9997818,1
0.9997818,1
0.008089707,1
0.008089707,1
0.03551487,1
0.008089707,1
0.008089707,1
0.9997818,1
0.9997818,1
0.000818862,1
0.0001358154,1
0.9989552,1
0.008089707,1
0.003763787,1
0.9970841,1
0.9970841,1
0.4864853,1
0.4864853,1
0.9210857,1
0.4864853,1
0.4864853,1
0.0009577684,1
0.9210857,1
0.6553665,1
0.6553665,1
9.102775e-09,0
0.0006545001,0
0.9191121,0
9.102775e-09,0
0.0002471365,0
0.001558205,0
9.102775e-09,0
0.0006545001,0
9.102775e-09,0
0.001558205,0
9.102775e-09,0
9.102775e-09,0
9.102775e-09,0
9.102775e-09,0
0.001123983,0
6.181284e-05,0
0.001558205,0
0.0006545001,0
0.001123983,0
9.102775e-09,0
9.102775e-09,0
9.102775e-09,0
9.102775e-09,0
0.0002471365,0
9.102775e-09,0
0.001123983,0
9.102775e-09,0
6.181284e-05,0
0.0002471365,0
9.102775e-09,0
0.001558205,0
9.102775e-09,0
9.102775e-09,0
9.102775e-09,0
9.102775e-09,0
9.102775e-09,0
9.102775e-09,0
6.181284e-05,0
9.102775e-09,0
0.0006545001,0
9.102775e-09,0
0.0002471365,0
9.102775e-09,0
0.001123983,0
9.102775e-09,0
6.181284e-05,0
9.102775e-09,0
9.102775e-09,0
0.001558205,0
6.181284e-05,0
9.102775e-09,0
9.102775e-09,0
6.181284e-05,0
9.102775e-09,0
9.102775e-09,0
0.0002471365,0
9.102775e-09,0
9.102775e-09,0
6.181284e-05,0
6.181284e-05,0
