Score,Label
0.9835738,1
0.9835738,1
0.9835738,1
0.9835738,1
0.1091362,1
0.9992012,1
0.0005228437,1
0.0005228437,1
0.022698,1
0.0005228437,1
0.0005228437,1
0.1091362,1
0.1091362,1
0.9907335,1
0.9983442,1
0.965233,1
0.0005228437,1
8.359969e-05,1
0.999905,1
0.9997726,1
0.999905,1
0.8069346,1
0.9152693,1
0.999972,1
0.984657,1
0.984657,1
0.9423196,1
0.9335641,1
0.9152693,1
0.984657,1
1.95792e-07,0
0.9355127,0
1.750032e-13,0
1.95792e-07,0
1.95792e-07,0
0.0001224513,0
0.977605,0
1.750032e-13,0
1.750032e-13,0
1.95792e-07,0
1.95792e-07,0
0.01576392,0
1.750032e-13,0
5.628552e-05,0
1.750032e-13,0
1.750032e-13,0
1.750032e-13,0
5.338238e-05,0
5.628552e-05,0
5.628552e-05,0
1.750032e-13,0
1.750032e-13,0
1.750032e-13,0
1.750032e-13,0
1.95792e-07,0
1.95792e-07,0
1.95792e-07,0
1.750032e-13,0
1.750032e-13,0
6.733522e-07,0
5.338238e-05,0
1.95792e-07,0
5.338238e-05,0
1.750032e-13,0
1.750032e-13,0
1.750032e-13,0
1.750032e-13,0
1.750032e-13,0
0.01576392,0
1.95792e-07,0
1.95792e-07,0
1.750032e-13,0
1.750032e-13,0
0.0001224513,0
1.750032e-13,0
1.750032e-13,0
0.0001224513,0
1.750032e-13,0
1.95792e-07,0
5.338238e-05,0
1.750032e-13,0
1.750032e-13,0
1.750032e-13,0
1.750032e-13,0
1.539482e-08,0
1.750032e-13,0
1.750032e-13,0
1.750032e-13,0
1.750032e-13,0
1.750032e-13,0
