Score,Label
0.1809501,1
0.9882193,1
0.1809501,1
0.1809501,1
0.004279885,1
9.175392e-05,1
0.0517851,1
0.0517851,1
0.7518957,1
0.0517851,1
0.0517851,1
0.004279885,1
9.175392e-05,1
0.960496,1
0.997051,1
0.3901901,1
0.0517851,1
0.1055914,1
0.8519399,1
0.8519399,1
0.8519399,1
0.0355827,1
0.2613838,1
0.999186,1
0.0355827,1
0.2613838,1
0.3251375,1
0.0355827,1
0.8441538,1
0.2613838,1
5.57256e-13,0
6.796928e-09,0
6.796928e-09,0
5.57256e-13,0
5.57256e-13,0
5.57256e-13,0
5.57256e-13,0
5.57256e-13,0
5.57256e-13,0
1.365241e-07,0
5.406664e-05,0
5.57256e-13,0
5.57256e-13,0
5.57256e-13,0
5.57256e-13,0
6.796928e-09,0
5.57256e-13,0
5.57256e-13,0
5.57256e-13,0
5.57256e-13,0
5.57256e-13,0
5.57256e-13,0
6.796928e-09,0
5.57256e-13,0
5.57256e-13,0
5.406664e-05,0
5.57256e-13,0
1.365241e-07,0
6.796928e-09,0
5.406664e-05,0
5.57256e-13,0
0.911671,0
1.365241e-07,0
0.001218492,0
5.57256e-13,0
0.002615929,0
5.57256e-13,0
6.796928e-09,0
5.57256e-13,0
5.57256e-13,0
0.001218492,0
5.57256e-13,0
5.57256e-13,0
5.57256e-13,0
9.141985e-07,0
5.57256e-13,0
5.57256e-13,0
0.001218492,0
1.365241e-07,0
6.796928e-09,0
6.796928e-09,0
5.57256e-13,0
5.57256e-13,0
6.796928e-09,0
5.57256e-13,0
5.57256e-13,0
5.57256e-13,0
5.57256e-13,0
0.01001023,0
6.796928e-09,0
