Score,Label
0.1219192,1
0.01279181,1
0.01279181,1
0.01279181,1
0.01279181,1
0.03347017,1
0.03347017,1
7.627124e-05,1
7.627124e-05,1
0.000175875,1
7.627124e-05,1
7.627124e-05,1
0.7825164,1
0.7825164,1
0.001047376,1
0.02494972,1
0.7362714,1
7.627124e-05,1
0.0256467,1
0.9999835,1
0.9999835,1
0.9999508,1
0.9999508,1
0.9986795,1
0.9961596,1
0.9961596,1
0.6893486,1
0.9835601,1
0.9961596,1
0.9961596,1
1.226088e-07,0
8.847445e-10,0
8.847445e-10,0
8.847445e-10,0
8.847445e-10,0
8.040856e-05,0
1.226088e-07,0
8.847445e-10,0
0.0003319378,0
0.0003319378,0
1.226088e-07,0
8.847445e-10,0
3.987024e-07,0
1.226088e-07,0
8.847445e-10,0
8.847445e-10,0
8.847445e-10,0
8.847445e-10,0
8.040856e-05,0
8.847445e-10,0
0.0003319378,0
0.9347335,0
8.847445e-10,0
8.847445e-10,0
8.847445e-10,0
8.847445e-10,0
0.000351244,0
8.847445e-10,0
8.847445e-10,0
8.847445e-10,0
0.000351244,0
8.847445e-10,0
8.847445e-10,0
8.040856e-05,0
8.040856e-05,0
8.847445e-10,0
8.847445e-10,0
8.040856e-05,0
3.987024e-07,0
8.847445e-10,0
8.847445e-10,0
0.0003319378,0
8.847445e-10,0
8.847445e-10,0
0.9347335,0
8.847445e-10,0
8.847445e-10,0
8.847445e-10,0
8.847445e-10,0
8.847445e-10,0
8.040856e-05,0
8.847445e-10,0
8.847445e-10,0
0.0003319378,0
1.226088e-07,0
8.040856e-05,0
8.847445e-10,0
8.847445e-10,0
8.040856e-05,0
0.0003319378,0
