Score,Label
0.9719454,1
0.9999999,1
0.9999999,1
0.9719454,1
0.9719454,1
1,1
0.001765225,0
9.984744e-05,0
0.001765225,0
0.0001447341,0
0.0001447341,0
0.0001447341,0
3.907889e-05,0
9.984744e-05,0
0.000117533,0
0.0005383908,0
0.7979583,0
0.0001447341,0
