Score,Label
0.9999999,1
0.9987412,1
0.9965518,1
2.478779e-08,0
7.551472e-10,0
0.0003226287,0
2.744699e-07,0
1.657776e-09,0
0.0001875465,0
