Score,Label
0.9904498,1
0.9999993,1
0.9904498,1
0.6108906,1
0.9569402,1
0.000349144,0
3.654483e-05,0
0.000349144,0
0.009218507,0
0.000349144,0
1.925181e-07,0
0.9931705,0
1.925181e-07,0
2.171773e-06,0
1.386837e-06,0
