Score,Label
0.001232024,1
0.9876572,1
0.9876572,1
0.5012966,1
0.9876572,1
0.5012966,1
0.9876572,1
0.5012966,1
0.972567,1
0.5012966,1
0.5012966,1
0.972567,1
0.07591639,1
0.8631616,1
0.07591639,1
0.001232024,1
0.9829253,1
0.07591639,0
0.07591639,0
0.07591639,0
0.001232024,0
0.07591639,0
0.07591639,0
0.07591639,0
0.07591639,0
0.07591639,0
0.07591639,0
0.01105334,0
0.07591639,0
0.07591639,0
0.07591639,0
0.07591639,0
0.01232061,0
0.001232024,0
0.001232024,0
0.07591639,0
0.07591639,0
0.07591639,0
0.01105334,0
0.07591639,0
0.001874966,0
0.01105334,0
0.07591639,0
0.01105334,0
0.07591639,0
0.01105334,0
0.07591639,0
0.001874966,0
0.07591639,0
0.07591639,0
0.07591639,0
