Score,Label
0.002533072,1
1,1
0.9999995,1
0.9999995,1
0.07686546,1
0.9999995,1
0.07686546,1
0.9999995,1
0.07686546,1
0.07686546,1
0.9999995,1
0.07686546,1
0.07686546,1
0.07686546,1
0.9999995,1
0.07686546,1
1,1
0.07686546,1
1,1
1,1
0.002533072,0
0.9999995,0
0.002533072,0
0.07686546,0
0.07686546,0
0.07686546,0
0.07686546,0
0.07686546,0
0.002533072,0
0.07686546,0
0.07686546,0
0.002533072,0
0.07686546,0
0.07686546,0
0.07686546,0
0.002533072,0
0.002533072,0
0.07686546,0
0.002533072,0
0.07686546,0
0.07686546,0
0.07686546,0
0.002533072,0
0.07686546,0
0.07686546,0
0.07686546,0
0.07686546,0
0.07686546,0
0.07686546,0
0.07686546,0
0.07686546,0
0.002533072,0
0.07686546,0
0.07686546,0
0.07686546,0
0.07686546,0
0.07686546,0
0.002533072,0
0.07686546,0
0.002533072,0
