Score,Label
0.001016408,1
0.001016408,1
0.001016408,1
0.001016408,1
0.567344,1
0.9959039,1
0.9986463,1
0.9986463,1
0.9986463,1
0.9986463,1
0.9986463,1
0.9952075,1
0.5556079,1
0.5556079,1
0.5556079,1
0.9986463,1
0.001016408,1
0.9986463,1
0.9986463,1
0.9986463,1
0.9986463,1
0.001016408,1
0.9986463,1
0.0002823448,1
0.5556079,0
0.9986463,0
0.5556079,0
0.5556079,0
0.001016408,0
0.5556079,0
0.001529448,0
0.5556079,0
0.5556079,0
0.001529448,0
0.0002823448,0
0.5556079,0
0.5556079,0
7.264427e-06,0
0.5556079,0
0.9986463,0
0.001529448,0
0.5556079,0
0.001529448,0
0.0002031332,0
0.9991807,0
0.5556079,0
0.5556079,0
0.9986463,0
