Score,Label
0.9642683,1
0.9999726,1
0.003740792,1
0.9999985,0
0.002128513,0
1.187978e-05,0
