Score,Label
0.4998595,1
0.4998595,1
0.4998595,1
0.4998595,1
0.4998595,1
0.5987747,1
0.4998595,1
0.4998595,1
0.009714007,1
0.009714007,1
0.4998595,1
0.4998595,1
0.4998595,1
0.009714007,1
0.4998595,1
0.009714007,1
0.4998595,1
0.5987747,1
0.5987747,1
0.5987747,1
0.4998595,1
0.009714007,1
0.01055352,1
0.02261701,1
0.4998595,1
0.009714007,1
0.009714007,1
0.4998595,0
0.5987747,0
0.02261701,0
0.02261701,0
0.4998595,0
0.02261701,0
0.4998595,0
0.4998595,0
0.4998595,0
0.4998595,0
0.4998595,0
0.4998595,0
0.5987747,0
0.4998595,0
0.4998595,0
0.4998595,0
0.5987747,0
0.4998595,0
0.4998595,0
0.5987747,0
0.5987747,0
0.009714007,0
0.5987747,0
0.5987747,0
0.5987747,0
0.4998595,0
0.4998595,0
