Score,Label
0.00218193,1
0.00218193,1
0.1437102,1
0.002115029,1
0.4012797,1
0.6003262,1
0.001234927,1
0.4012797,1
0.7493793,1
0.4012797,1
0.6003262,1
0.09930153,1
0.8027559,1
0.002115029,1
0.4012797,1
0.7493793,1
0.6003262,1
0.7493793,1
0.0007508583,1
0.4993077,0
0.4993077,0
0.6003262,0
0.9975438,0
0.7493793,0
0.9999715,0
0.6003262,0
0.0002960325,0
0.4993077,0
0.4993077,0
0.4911833,0
0.0002960325,0
0.6003262,0
0.4993077,0
0.9975438,0
0.6003262,0
0.4993077,0
0.6003262,0
0.7493793,0
