Score,Label
0.9999998,1
0.00473732,1
0.9978078,1
0.00473732,1
0.9984139,1
0.9978078,1
3.533032e-06,1
0.999998,1
4.133484e-08,0
0.001121105,0
0.001121105,0
0.0004122211,0
0.9999989,0
0.004820805,0
0.0006913678,0
1.622628e-07,0
