Score,Label
0.04521741,1
0.04521741,1
0.9999814,1
1,1
0.9892569,1
0.9998868,1
0.0003233579,1
0.0003233579,1
0.004140768,1
0.03480363,1
0.9892569,1
0.03480363,1
0.9999814,1
0.03480363,1
4.370118e-05,0
3.66343e-05,0
0.9999956,0
8.641325e-06,0
3.66343e-05,0
0.9999814,0
0.9999996,0
0.0002414926,0
0.2002457,0
0.2002457,0
0.9999814,0
0.9999956,0
1.523942e-05,0
1.526604e-05,0
