Score,Label
0.0012132,1
0.0012132,1
0.0012132,1
0.0012132,1
0.0012132,1
0.01705178,1
0.01360798,1
0.003350931,1
0.003350931,1
0.04130338,1
0.01705178,1
0.3013268,1
4.609217e-05,1
3.099343e-07,1
3.099343e-07,1
3.099343e-07,1
0.9482672,1
3.099343e-07,1
0.8857831,1
3.099343e-07,1
0.5563363,1
3.708979e-07,1
3.708979e-07,1
3.708979e-07,1
3.708979e-07,1
3.708979e-07,1
0.1545247,1
0.002385525,0
0.0005611315,0
1.634474e-07,0
1.86691e-05,0
6.799423e-05,0
0.01705178,0
0.3297684,0
0.9001586,0
0.1889843,0
7.309861e-05,0
4.379798e-05,0
5.649597e-07,0
0.9572645,0
7.525977e-05,0
0.0005611315,0
2.820765e-06,0
0.003164745,0
1.5475e-06,0
2.211626e-05,0
0.9859447,0
0.5031521,0
0.1907742,0
1.804451e-05,0
0.0002942971,0
1.154751e-05,0
1.863505e-05,0
0.00034341,0
