Score,Label
5.776339e-09,1
5.776339e-09,1
5.776339e-09,1
5.776339e-09,1
5.776339e-09,1
1.104958e-06,1
2.400766e-05,1
0.0104207,1
0.0104207,1
5.292444e-06,1
1.104958e-06,1
3.881395e-09,1
6.6654e-09,1
1.49595e-05,1
1.49595e-05,1
1.49595e-05,1
0.9078678,1
1.49595e-05,1
0.2280816,1
1.49595e-05,1
5.76973e-06,1
1.031788e-06,1
1.031788e-06,1
1.031788e-06,1
1.031788e-06,1
1.031788e-06,1
0.9787303,1
0.01210136,0
4.805124e-07,0
0.0001707257,0
0.9311498,0
0.02874776,0
0.0001707257,0
1.282275e-09,0
0.9999236,0
3.781193e-05,0
0.002114811,0
0.01210136,0
0.9999377,0
0.01210136,0
0.0001129367,0
6.672144e-07,0
0.9408075,0
0.00169761,0
1.633805e-07,0
3.023034e-10,0
5.444064e-09,0
0.5011242,0
0.9999744,0
0.06482079,0
2.738084e-07,0
0.0007261345,0
0.9311498,0
0.9989557,0
