Score,Label
0.9765691,1
0.9765691,1
0.9765691,1
0.9765691,1
0.9765691,1
0.06853557,1
2.482691e-06,1
0.0002695611,1
0.0002695611,1
0.5615568,1
0.06853557,1
0.1421786,1
0.1345135,1
4.462285e-06,1
4.462285e-06,1
4.462285e-06,1
0.9874619,1
4.462285e-06,1
0.5440688,1
4.462285e-06,1
0.004888959,1
0.0001708132,1
0.0001708132,1
0.0001708132,1
0.0001708132,1
0.0001708132,1
0.9004397,1
0.9248188,0
0.0006059593,0
0.002577232,0
0.2022947,0
0.0006059593,0
0.0007740688,0
0.0001504816,0
0.009886239,0
0.001589407,0
1.906684e-10,0
4.293909e-06,0
0.001331834,0
0.0006059593,0
0.02551426,0
1.226313e-06,0
0.7485212,0
2.563201e-09,0
0.000137667,0
0.001331834,0
0.9789202,0
0.1525729,0
0.01883863,0
0.7084307,0
0.006659638,0
0.0088537,0
0.007583924,0
1.809948e-06,0
