Score,Label
0.9992073,1
0.9992073,1
0.9997976,1
0.9997976,1
0.002951056,1
0.007572173,1
0.5434846,1
0.007572173,1
0.9999994,1
0.9979342,1
0.00810013,0
1,0
1.526377e-05,0
0.9429493,0
0.00115684,0
0.0004621199,0
0.0001863124,0
0.0008853062,0
0.829035,0
0.0005809964,0
