Score,Label
0.8684361,1
0.8684361,1
0.8684361,1
0.8684361,1
0.8684361,1
0.6576508,1
3.841453e-06,1
0.0002140732,1
0.0002140732,1
0.6311553,1
0.6576508,1
0.3831881,1
0.0008688485,1
2.968575e-06,1
2.968575e-06,1
2.968575e-06,1
0.0001069091,1
2.968575e-06,1
0.0002971652,1
2.968575e-06,1
0.6920595,1
4.414253e-06,1
4.414253e-06,1
4.414253e-06,1
4.414253e-06,1
4.414253e-06,1
0.8768773,1
0.001638116,0
0.0009710967,0
0.4028885,0
1.390179e-05,0
0.4600173,0
0.9996921,0
1.991996e-06,0
0.0006116083,0
3.260554e-05,0
0.003262107,0
0.9999132,0
2.355866e-05,0
9.158189e-06,0
0.00023285,0
0.993799,0
4.687346e-06,0
7.609226e-06,0
2.118662e-05,0
0.9999999,0
0.001307589,0
1.346198e-05,0
0.5112922,0
2.698906e-05,0
0.01884371,0
3.260554e-05,0
4.812434e-07,0
7.012687e-06,0
