Score,Label
0.0001196848,1
0.0001196848,1
0.0001196848,1
0.0001196848,1
0.0001196848,1
0.0001196848,1
0.01213895,1
0.01213895,1
0.01213895,1
0.01213895,1
0.01213895,1
0.01213895,1
0.01213895,1
2.241211e-11,1
6.068151e-09,1
2.241211e-11,1
2.241211e-11,1
2.241211e-11,1
6.068151e-09,1
2.241211e-11,1
2.241211e-11,1
6.068151e-09,1
6.068151e-09,1
2.241211e-11,1
6.068151e-09,1
2.250579e-08,1
0.002110294,1
6.068151e-09,1
4.374324e-11,0
1.152825e-12,0
0.008188319,0
1.152825e-12,0
1.152825e-12,0
0.002052907,0
4.374324e-11,0
1.152825e-12,0
4.374324e-11,0
0.001564471,0
1.94544e-10,0
4.374324e-11,0
1.94544e-10,0
4.374324e-11,0
1.152825e-12,0
4.374324e-11,0
1.152825e-12,0
1.152825e-12,0
4.374324e-11,0
1.152825e-12,0
1.152825e-12,0
1.152825e-12,0
1.94544e-10,0
1.152825e-12,0
4.374324e-11,0
1.94544e-10,0
0.002052907,0
0.0001876734,0
4.374324e-11,0
1.94544e-10,0
1.152825e-12,0
4.374324e-11,0
2.501025e-11,0
1.152825e-12,0
1.152825e-12,0
0.001564471,0
4.374324e-11,0
1.152825e-12,0
1.152825e-12,0
1.94544e-10,0
0.0001876734,0
1.152825e-12,0
0.001564471,0
1.152825e-12,0
1.94544e-10,0
1.152825e-12,0
1.152825e-12,0
1.152825e-12,0
1.152825e-12,0
4.374324e-11,0
1.152825e-12,0
4.374324e-11,0
1.152825e-12,0
1.152825e-12,0
1.94544e-10,0
1.152825e-12,0
