Score,Label
0.3913951,1
0.3913951,1
0.3913951,1
0.3913951,1
0.3913951,1
0.3913951,1
0.3913951,1
0.3913951,1
0.3913951,1
0.3913951,1
0.0001602054,1
0.0001602054,1
0.0001602054,1
0.2006131,1
0.0002558883,1
0.2006131,1
0.2006131,1
0.2006131,1
0.2006131,1
0.2006131,1
0.2006131,1
0.2006131,1
0.2006131,1
0.0002558883,1
0.2006131,1
0.8798989,1
0.001755797,1
0.0002558883,1
3.917785e-05,0
0.001867781,0
0.005678665,0
0.001867781,0
0.005678665,0
0.0001263423,0
0.0144934,0
3.917785e-05,0
0.001867781,0
3.917785e-05,0
3.917785e-05,0
3.917785e-05,0
3.917785e-05,0
0.0001263423,0
3.917785e-05,0
3.917785e-05,0
0.0144934,0
3.917785e-05,0
3.917785e-05,0
0.0001263423,0
3.917785e-05,0
0.0001263423,0
3.917785e-05,0
3.917785e-05,0
0.0001263423,0
3.917785e-05,0
3.917785e-05,0
3.917785e-05,0
0.948642,0
0.948642,0
3.917785e-05,0
0.9795838,0
3.917785e-05,0
0.000964283,0
3.917785e-05,0
0.005678665,0
0.0001263423,0
0.001867781,0
0.0144934,0
3.917785e-05,0
0.000964283,0
3.917785e-05,0
3.917785e-05,0
3.917785e-05,0
0.0001263423,0
3.917785e-05,0
3.917785e-05,0
3.917785e-05,0
0.948642,0
3.917785e-05,0
0.0001263423,0
0.005678665,0
3.917785e-05,0
0.005392495,0
3.917785e-05,0
3.917785e-05,0
