Score,Label
0.9393562,1
0.9393562,1
0.9393562,1
0.9393562,1
0.9393562,1
0.9393562,1
0.9393562,1
0.004450262,1
0.004450262,1
0.004450262,1
0.004450262,1
0.004450262,1
0.004450262,1
9.791976e-14,1
9.791976e-14,1
9.791976e-14,1
2.159018e-11,1
9.791976e-14,1
9.791976e-14,1
9.791976e-14,1
2.159018e-11,1
6.136595e-11,1
2.159018e-11,1
2.159018e-11,1
2.655598e-14,1
2.159018e-11,1
0.0009248477,1
2.159018e-11,1
1.058264e-13,0
6.075797e-16,0
6.075797e-16,0
6.075797e-16,0
0.0002276102,0
6.075797e-16,0
6.075797e-16,0
9.226808e-05,0
6.075797e-16,0
0.0002276102,0
1.058264e-13,0
6.075797e-16,0
0.005874145,0
9.226808e-05,0
6.075797e-16,0
9.226808e-05,0
0.005874145,0
6.075797e-16,0
6.075797e-16,0
1.058264e-13,0
1.058264e-13,0
9.226808e-05,0
6.075797e-16,0
1.058264e-13,0
0.003305374,0
1.058264e-13,0
6.075797e-16,0
1.058264e-13,0
9.226808e-05,0
6.075797e-16,0
0.8740584,0
6.075797e-16,0
6.075797e-16,0
1.058264e-13,0
0.005874145,0
1.058264e-13,0
6.075797e-16,0
6.075797e-16,0
1.058264e-13,0
9.226808e-05,0
0.0002276102,0
6.075797e-16,0
6.075797e-16,0
0.8740584,0
0.0002276102,0
1.058264e-13,0
1.058264e-13,0
6.075797e-16,0
1.058264e-13,0
6.075797e-16,0
6.075797e-16,0
1.058264e-13,0
6.075797e-16,0
1.058264e-13,0
9.226808e-05,0
0.7216656,0
