Score,Label
0.8325603,1
0.8325603,1
0.8325603,1
0.8325603,1
0.8325603,1
0.8325603,1
0.8325603,1
0.8325603,1
0.8325603,1
0.1320792,1
0.1320792,1
0.1320792,1
0.1320792,1
4.682893e-05,0
8.205394e-11,0
0.1492551,0
8.205394e-11,0
5.732133e-12,0
0.01140415,0
8.205394e-11,0
4.682893e-05,0
5.732133e-12,0
0.01140415,0
5.732133e-12,0
8.205394e-11,0
5.732133e-12,0
0.1492551,0
6.526974e-09,0
5.732133e-12,0
0.1492551,0
6.526974e-09,0
8.205394e-11,0
7.43332e-10,0
5.732133e-12,0
4.682893e-05,0
0.0002903654,0
5.732133e-12,0
8.205394e-11,0
0.003810095,0
