Score,Label
1.734419e-06,1
1.734419e-06,1
1.734419e-06,1
1.734419e-06,1
1.734419e-06,1
0.03423344,1
0.03423344,1
0.03423344,1
0.03423344,1
0.03423344,1
0.03423344,1
0.03423344,1
0.03423344,1
1.107139e-06,0
1.107139e-06,0
9.332033e-06,0
5.416947e-06,0
1.107139e-06,0
1.107139e-06,0
9.332033e-06,0
0.02689468,0
1.107139e-06,0
1.107139e-06,0
0.02689468,0
9.332033e-06,0
1.107139e-06,0
0.001767742,0
0.0002283486,0
5.416947e-06,0
1.107139e-06,0
0.0002283486,0
5.416947e-06,0
5.416947e-06,0
1.107139e-06,0
0.0002049358,0
1.107139e-06,0
1.107139e-06,0
1.107139e-06,0
9.332033e-06,0
