Score,Label
3.359217e-08,1
3.359217e-08,1
3.359217e-08,1
3.359217e-08,1
3.359217e-08,1
3.359217e-08,1
0.5265083,1
0.5265083,1
0.5265083,1
0.5265083,1
0.5265083,1
0.5265083,1
0.5265083,1
3.867459e-12,0
3.867459e-12,0
3.867459e-12,0
3.867459e-12,0
0.0007458381,0
5.112331e-10,0
5.075445e-07,0
5.112331e-10,0
5.075445e-07,0
3.867459e-12,0
8.795148e-11,0
0.0007458381,0
3.867459e-12,0
3.867459e-12,0
5.075445e-07,0
5.075445e-07,0
3.867459e-12,0
5.112331e-10,0
3.36607e-10,0
5.075445e-07,0
2.088011e-11,0
5.075445e-07,0
3.867459e-12,0
3.867459e-12,0
3.867459e-12,0
3.867459e-12,0
