Score,Label
0.9254832,1
0.9254832,1
0.9254832,1
0.9254832,1
0.9254832,1
0.9254832,1
0.9254832,1
4.686764e-07,1
4.686764e-07,1
4.686764e-07,1
4.686764e-07,1
4.686764e-07,1
4.686764e-07,1
6.276336e-11,0
0.0003396037,0
2.606174e-12,0
6.276336e-11,0
2.606174e-12,0
2.606174e-12,0
6.276336e-11,0
2.606174e-12,0
0.0003396037,0
6.276336e-11,0
0.0003396037,0
2.606174e-12,0
0.0003396037,0
2.606174e-12,0
0.0001742774,0
2.606174e-12,0
2.606174e-12,0
6.276336e-11,0
2.606174e-12,0
2.606174e-12,0
5.296759e-05,0
2.606174e-12,0
6.276336e-11,0
0.7057952,0
6.276336e-11,0
0.0001742774,0
