Score,Label
0.002235904,1
0.002235904,1
0.002235904,1
0.9997194,1
0.8593223,1
1.710723e-06,1
0.9999999,1
0.9998504,1
0.9998809,1
0.9998434,1
0.9998434,1
0.9998434,1
1,1
0.9998434,1
1.710723e-06,1
0.9779992,1
0.9999998,1
0.9999998,1
0.9999977,1
0.9779992,1
0.9999977,1
0.9999546,1
0.9779992,1
0.9779992,1
0.999871,1
0.9999998,1
6.17176e-05,1
0.003987753,1
0.003987753,1
0.003987753,1
0.003987753,1
0.00409565,1
0.00409565,1
0.00409565,1
0.00409565,1
0.00409565,1
1.710723e-06,1
0.5069321,0
1.417704e-05,0
0.9852127,0
1.199981e-09,0
0.000334378,0
0.002781444,0
0.001902694,0
0.8593223,0
0.0004070942,0
0.000568283,0
2.729533e-09,0
0.0004808701,0
0.02384938,0
0.7636538,0
0.0004070942,0
0.0001487253,0
0.008074478,0
0.01093533,0
0.0006099734,0
8.371656e-05,0
0.0001879284,0
0.0002285424,0
0.8593223,0
2.867398e-09,0
1.112924e-08,0
0.0001137634,0
0.003721189,0
0.0002062818,0
0.002235904,0
0.0002062818,0
0.007386081,0
1.417704e-05,0
0.8593223,0
0.0002062818,0
0.0001487253,0
0.2319699,0
0.1999912,0
