Score,Label
0.9999992,1
0.4992051,1
0.9999992,1
0.6917359,1
0.9999987,1
0.9999987,1
0.9999987,1
0.6917359,1
0.9896821,1
0.7005942,1
3.217964e-07,1
0.9951864,1
0.9951864,1
0.9951864,1
1,1
0.2130058,1
0.7760465,1
0.9999638,1
0.9997997,1
0.8727536,1
0.9950863,1
0.9969422,1
0.9978966,1
0.999639,1
0.999639,1
0.999639,1
0.9993854,1
0.9999996,1
0.9999828,1
0.9993854,1
0.9999996,1
0.4982991,1
0.2387167,1
0.4982991,1
0.9998571,1
0.999998,1
0.5221848,1
0.5221848,1
0.5221848,1
0.9999998,1
0.9999992,1
0.9999489,1
0.9999489,1
3.719804e-07,1
0.7760465,1
0.008805423,1
0.9136933,1
0.8911957,1
0.9592062,1
0.005124623,1
0.9999981,1
1.198987e-05,0
0.0002639707,0
1.184202e-06,0
0.9995078,0
2.155832e-05,0
6.910641e-05,0
1.313659e-06,0
0.7760465,0
0.05407984,0
1.198987e-05,0
7.799775e-05,0
1.198987e-05,0
4.23388e-08,0
0.0004161606,0
0.7760465,0
2.779921e-06,0
0.07440726,0
0.5053633,0
0.9999864,0
0.000177829,0
0.0001825602,0
2.020612e-06,0
0.2130058,0
2.60719e-06,0
8.891182e-07,0
0.9994435,0
0.9592062,0
0.7689286,0
6.729344e-10,0
0.2351714,0
2.752666e-05,0
0.9807562,0
0.00289989,0
0.09953005,0
0.0002639707,0
0.07440726,0
0.7689286,0
3.939134e-06,0
6.598244e-06,0
0.003914097,0
0.0002639707,0
0.0002639707,0
0.09953005,0
7.591352e-05,0
2.684406e-05,0
0.0003428763,0
0.9968902,0
0.0001648811,0
0.005831783,0
0.00437857,0
0.09953005,0
