Score,Label
0.0001393287,1
0.0001393287,1
0.0001393287,1
0.0001393287,1
0.0001393287,1
0.0001393287,1
0.9348974,1
0.0001393287,1
0.0001393287,1
1.472992e-09,1
1.472992e-09,1
1.472992e-09,1
1.472992e-09,1
1.472992e-09,1
1.472992e-09,1
1.472992e-09,1
1.472992e-09,1
0.6240448,1
0.001849943,1
0.6240448,1
0.003672896,1
0.6240448,1
0.8748159,1
0.8748159,1
0.8748159,1
0.8748159,1
0.1692093,1
0.8748159,1
0.8748159,1
0.8114522,1
0.1340607,1
0.8748159,1
0.8748159,1
0.9998212,1
1.472992e-09,1
1.472992e-09,1
1.472992e-09,1
1.472992e-09,1
1.472992e-09,1
1.472992e-09,1
1.472992e-09,1
1.472992e-09,1
0.7941646,1
0.008503814,1
1.269654e-06,1
0.7941646,1
0.008503814,1
0.0001393287,1
0.00131656,1
0.0001393287,1
0.0001393287,1
0.0001393287,1
0.7941646,1
0.0001393287,1
0.00131656,1
0.7941646,1
0.0001393287,1
0.00131656,1
0.9348974,1
0.00131656,1
0.0001393287,1
0.00131656,1
0.00131656,1
0.0001393287,1
0.7941646,1
0.00131656,1
0.00131656,1
3.684062e-08,1
0.00131656,1
0.00131656,1
3.684062e-08,1
3.684062e-08,1
3.684062e-08,1
0.00131656,1
3.684062e-08,1
0.00131656,1
0.7941646,1
3.684062e-08,1
0.00131656,1
0.00131656,1
0.00131656,1
0.00131656,1
0.7941646,1
3.684062e-08,1
3.684062e-08,1
0.9348974,1
0.9901785,1
0.7941646,1
0.9760917,1
0.9999049,0
4.292996e-06,0
0.04942472,0
5.975779e-06,0
4.990733e-07,0
0.2106709,0
7.118141e-11,0
1.915022e-11,0
0.5531249,0
0.0056987,0
0.002332976,0
0.7941646,0
5.533342e-05,0
1.915022e-11,0
0.0001580129,0
1.915022e-11,0
1.915022e-11,0
1.472992e-09,0
1.915022e-11,0
1.478055e-10,0
1.915022e-11,0
1.83155e-09,0
0.2106709,0
0.174489,0
7.660397e-08,0
3.481961e-05,0
5.105762e-10,0
1.915022e-11,0
0.7941646,0
1.450513e-06,0
0.7941646,0
0.7941646,0
4.154025e-05,0
3.481961e-05,0
0.0002171146,0
0.001770924,0
0.002332976,0
0.2106709,0
0.2106709,0
0.7941646,0
1.472992e-09,0
0.001181794,0
0.002332976,0
0.2106709,0
1.915022e-11,0
0.9853517,0
1.915022e-11,0
2.053458e-05,0
1.915022e-11,0
2.80246e-07,0
0.2106709,0
5.487374e-06,0
0.7941646,0
0.7941646,0
2.372046e-10,0
6.353255e-05,0
0.2106709,0
1.915022e-11,0
1.409208e-07,0
1.915022e-11,0
1.535588e-06,0
0.7941646,0
0.9844177,0
0.9906854,0
0.002332976,0
2.245295e-07,0
0.7941646,0
0.0005519557,0
5.105762e-10,0
1.535588e-06,0
2.626373e-06,0
3.717064e-05,0
0.001181794,0
2.372046e-10,0
0.02141255,0
5.105762e-10,0
0.002020164,0
6.224935e-06,0
0.00122153,0
0.7941646,0
1.915022e-11,0
0.001715831,0
2.372046e-10,0
0.005656603,0
0.7941646,0
0.0003839625,0
1.053205e-07,0
0.7941646,0
6.10177e-06,0
