Score,Label
0.9001386,1
0.001694704,1
0.899384,1
0.899384,1
0.9999835,1
7.106796e-07,1
0.9997632,1
0.9841341,1
0.9997632,1
0.01959945,1
0.9999954,1
0.6773058,1
0.9994343,1
0.9999954,1
0.9999954,1
0.9980558,1
0.6773058,1
0.9999954,1
0.9001386,1
0.9001386,1
0.8944609,1
0.8944609,1
0.8944609,1
0.8944609,1
0.9998017,1
9.19705e-06,0
6.739118e-06,0
0.0005783014,0
1.303918e-05,0
1.796276e-05,0
5.866665e-09,0
0.0002736291,0
9.544504e-09,0
0.0001373637,0
0.9001386,0
9.19705e-06,0
5.640711e-09,0
1.781892e-05,0
9.19705e-06,0
0.132379,0
1.687953e-09,0
0.9998388,0
3.149361e-07,0
5.698546e-07,0
1.24998e-07,0
0.03468702,0
2.486882e-08,0
0.001262996,0
0.0002393822,0
0.005068453,0
