Score,Label
0.5833355,1
1,1
1,1
0.5833355,1
1,1
1,1
0.9916736,1
1,1
1,1
0.6714145,1
0.9384398,1
0.9589821,1
4.466193e-06,1
8.032124e-10,1
0.9589821,1
0.9999999,1
1,1
1,1
0.005013818,1
1,1
1,1
0.9999388,1
0.9999999,1
0.9999999,1
0.9951191,1
0.4957092,1
0.9999999,1
0.9999368,1
0.9930503,1
4.795483e-08,1
0.9778791,1
0.9935358,1
0.9997444,1
0.007724102,1
0.9991075,1
0.0004870897,1
0.9935358,1
0.9909303,1
0.8409675,1
1,1
1,1
1,1
0.265437,1
0.9532665,1
0.5736964,1
0.9999762,1
0.9999762,1
0.721215,1
0.99967,1
0.5736964,1
0.9936119,1
0.99967,1
1,1
0.03508872,1
0.03508872,1
0.9999918,1
0.01135104,1
2.675127e-05,1
0.9999999,1
0.485902,1
0.485902,1
0.9999999,1
0.9897768,1
0.9999998,1
0.9999952,1
0.9999371,1
0.9999998,1
0.485902,1
0.9999996,1
0.9999996,1
0.9939061,1
0.5833355,1
0.5833355,1
0.9999996,1
1,1
1,1
1,1
1,1
4.795483e-08,1
0.9999859,1
0.9999859,1
1,1
1,1
0.9999859,1
0.9982504,1
1,1
0.0212136,1
0.0212136,1
1,1
0.0212136,1
1,1
9.987237e-06,1
0.9999959,1
0.9999999,1
0.9999959,1
0.9979537,1
0.9999347,1
0.9999969,1
0.9999999,1
0.9999586,1
0.001485593,1
8.830826e-09,0
0.9984264,0
0.9979537,0
1.847074e-06,0
2.264615e-09,0
0.9389392,0
2.341945e-07,0
2.974081e-06,0
0.9788765,0
0.5027246,0
3.469743e-07,0
0.721215,0
6.248991e-08,0
9.299222e-05,0
1.246698e-07,0
1.303529e-08,0
0.8248726,0
0.0006423619,0
0.00199723,0
0.0001548289,0
0.00151779,0
0.0003024839,0
2.80204e-07,0
0.9958217,0
0.00123191,0
2.88806e-11,0
4.62847e-08,0
1.230032e-05,0
4.755414e-05,0
1.842463e-11,0
2.341945e-07,0
2.05328e-06,0
3.607607e-08,0
0.8248726,0
0.0001702191,0
9.987237e-06,0
0.999952,0
2.302263e-08,0
2.341945e-07,0
2.461913e-10,0
0.0001693831,0
0.5736964,0
0.9999918,0
1.805029e-05,0
1.402802e-12,0
2.341945e-07,0
0.9915182,0
2.084582e-06,0
0.999952,0
0.9999999,0
0.8248726,0
0.6449419,0
0.1456436,0
2.05328e-06,0
4.62847e-08,0
0.007724102,0
3.527971e-07,0
0.8248726,0
3.466991e-07,0
2.341945e-07,0
0.5871877,0
2.341945e-07,0
0.002174383,0
6.469021e-05,0
3.469743e-07,0
0.6634724,0
1.987431e-06,0
2.341945e-07,0
9.243964e-05,0
0.0006482617,0
0.9706223,0
0.721215,0
4.821502e-08,0
0.8409675,0
0.6714145,0
0.001807105,0
3.912735e-07,0
3.912735e-07,0
2.341945e-07,0
0.0005116233,0
0.0069422,0
2.486017e-09,0
0.8248726,0
2.132525e-08,0
2.05328e-06,0
0.00151779,0
0.8248726,0
0.146844,0
1.863315e-06,0
0.9990639,0
0.8248726,0
0.003537928,0
7.119734e-05,0
2.05328e-06,0
1.456676e-06,0
0.00831828,0
3.469743e-07,0
5.133623e-07,0
1.10312e-05,0
0.0007667771,0
0.1471578,0
