Score,Label
0.9957238,1
0.9957238,1
0.9957238,1
0.9957238,1
0.9957238,1
0.9993892,1
0.9957238,1
0.7855603,1
1.51349e-06,1
0.997297,1
0.9978039,1
0.0002901966,1
0.0002901966,1
0.9978039,1
0.0002901966,1
0.9978039,1
0.0002901966,1
0.8986865,1
0.9717392,1
0.9999896,1
0.3862939,1
0.9717392,1
0.9717392,1
0.9996085,1
0.9717392,1
0.9999896,1
0.9996632,1
0.1109322,1
0.9993168,1
0.9993168,1
0.9999995,1
0.2882075,1
0.2882075,1
0.4330747,1
0.2882075,1
0.2882075,1
0.9168669,1
0.9993168,1
0.005828359,1
0.005828359,1
0.005828359,1
0.1109322,1
0.999998,1
0.9999908,1
0.999998,1
0.9999996,1
0.9999908,1
0.9999995,1
0.04657335,1
5.187148e-05,0
0.3034254,0
3.586612e-05,0
0.0001854136,0
0.0007307132,0
8.761932e-05,0
0.8986865,0
0.8986865,0
0.2299843,0
9.443037e-07,0
0.0007814398,0
0.001363301,0
3.017671e-05,0
9.355184e-05,0
0.8986865,0
0.8986865,0
2.633293e-06,0
0.1644541,0
1.835707e-05,0
7.67875e-06,0
0.0009492569,0
1.765626e-05,0
3.017671e-05,0
0.9922821,0
3.017671e-05,0
5.680841e-05,0
0.0007307132,0
3.017671e-05,0
3.513527e-07,0
0.9168669,0
0.0009401517,0
4.71201e-05,0
0.8986865,0
0.4514555,0
3.017671e-05,0
0.02719399,0
0.01823311,0
1.184587e-05,0
3.017671e-05,0
3.017671e-05,0
2.48119e-06,0
0.009690733,0
3.697256e-05,0
0.60314,0
3.017671e-05,0
0.60314,0
0.02719399,0
3.017671e-05,0
0.1487267,0
