Score,Label
0.5516697,1
0.5516697,1
0.5516697,1
0.5516697,1
0.5516697,1
0.01938914,1
0.9998335,1
0.5516697,1
0.5516697,1
3.027087e-06,1
3.027087e-06,1
3.793123e-06,1
3.027087e-06,1
3.027087e-06,1
3.027087e-06,1
3.027087e-06,1
0.9801088,1
0.0001581036,1
0.004698713,1
0.001288923,1
0.9801088,1
0.9999726,1
0.9999726,1
0.9999726,1
0.9999726,1
0.02187692,1
0.9999726,1
0.5516697,1
0.6336771,1
0.9998335,1
0.9999726,1
0.9999726,1
0.133649,1
0.133649,1
4.864073e-05,1
0.133649,1
0.133649,1
0.2604728,1
0.133649,1
0.133649,1
0.7825435,1
0.9785168,1
8.765442e-06,1
0.7825435,1
0.9785168,1
0.9954746,1
0.1023918,1
0.9954746,1
0.0009950338,1
0.0009950338,1
0.9717821,1
0.0009950338,1
0.9999334,1
0.0009950338,1
0.9954746,1
0.9998804,1
0.9995789,1
0.0009950338,1
0.9995789,1
0.0009950338,1
0.9998804,1
0.2431087,1
0.2431087,1
0.2431087,1
0.9995905,1
0.9999999,1
0.9995905,1
0.2948285,1
0.9995905,1
0.2431087,1
0.2431087,1
0.7547976,1
0.9999833,1
0.2431087,1
0.2431087,1
0.8092779,1
0.9995905,1
0.2431087,1
0.9995905,1
0.9284111,1
0.0004445657,1
0.7825435,1
0.0007999994,1
0.003998176,0
4.16622e-05,0
3.928934e-05,0
9.868769e-05,0
0.8018191,0
5.477711e-05,0
1.423801e-07,0
3.557413e-05,0
4.16622e-05,0
0.0008138078,0
0.04048696,0
4.998634e-06,0
0.0002099702,0
0.0002099702,0
0.0001005627,0
0.7825435,0
0.02013064,0
0.004463979,0
0.7825435,0
0.7825435,0
0.0005976959,0
2.216287e-08,0
4.16622e-05,0
0.7825435,0
4.16622e-05,0
0.2901674,0
1.049481e-06,0
0.7825435,0
0.8142084,0
0.2901674,0
4.16622e-05,0
4.16622e-05,0
0.2614478,0
8.367576e-07,0
0.9824448,0
7.200517e-06,0
0.02013064,0
0.2776859,0
0.08879814,0
0.1628413,0
9.653697e-09,0
0.2901674,0
0.7825435,0
0.02107622,0
4.16622e-05,0
0.006955023,0
0.9999858,0
0.0008138078,0
0.7825435,0
0.0003939247,0
4.16622e-05,0
0.000865599,0
0.08879814,0
0.7825435,0
0.7825435,0
0.002784905,0
0.7825435,0
1.250636e-05,0
0.004593332,0
9.546288e-05,0
0.0007037162,0
0.006724575,0
0.7825435,0
4.16622e-05,0
4.864073e-05,0
0.0007562847,0
7.289034e-05,0
0.08879814,0
0.2901674,0
4.16622e-05,0
0.2901674,0
0.2901674,0
0.9785168,0
0.2901674,0
0.7825435,0
0.9970211,0
0.2901674,0
0.001510188,0
4.16622e-05,0
4.16622e-05,0
0.9998804,0
5.543738e-07,0
4.16622e-05,0
