Score,Label
0.0004466816,1
0.0004466816,1
0.0004466816,1
0.0004466816,1
0.0004466816,1
0.0004466816,1
0.0359971,1
0.0004466816,1
0.0004466816,1
4.794721e-05,1
4.794721e-05,1
4.794721e-05,1
4.794721e-05,1
4.794721e-05,1
4.794721e-05,1
4.794721e-05,1
4.794721e-05,1
0.017688,1
0.0004673107,1
0.017688,1
0.017688,1
0.017688,1
0.003440321,1
0.003440321,1
0.003440321,1
0.003440321,1
0.007914451,1
0.003440321,1
0.003440321,1
0.05207241,1
0.137792,1
0.003440321,1
0.003440321,1
0.9158484,1
4.794721e-05,1
4.794721e-05,1
4.794721e-05,1
4.794721e-05,1
4.794721e-05,1
4.794721e-05,1
4.794721e-05,1
4.794721e-05,1
0.7637116,1
0.01242274,1
3.243108e-05,1
0.7637116,1
0.01242274,1
0.2210876,1
1.829471e-07,1
0.9955822,1
0.2210876,1
0.2210876,1
1.829471e-07,1
1.829471e-07,1
1.829471e-07,1
0.2327228,1
1.829471e-07,1
0.007663684,1
0.2601822,1
0.000122018,1
1.829471e-07,1
0.007663684,1
0.2601822,1
0.2601822,1
0.8214104,1
0.9955822,1
1.829471e-07,1
0.007663684,1
1.829471e-07,1
0.01486026,1
0.0001843752,1
7.161038e-05,1
7.161038e-05,1
7.161038e-05,1
7.161038e-05,1
0.0001843752,1
7.161038e-05,1
0.7637116,1
7.161038e-05,1
0.0001843752,1
0.0001843752,1
0.0359971,1
7.161038e-05,1
0.0001843752,1
7.161038e-05,1
0.7637116,1
0.9998168,1
0.7637116,1
0.9958565,1
1.164436e-05,0
0.001968935,0
0.001998046,0
0.001058291,0
0.007843842,0
0.001968935,0
0.966854,0
1.164436e-05,0
1.164436e-05,0
0.001968935,0
0.1507172,0
0.01639943,0
0.0004794359,0
0.7731456,0
0.7637116,0
0.0001420819,0
0.001968935,0
1.164436e-05,0
0.001058291,0
0.0001450007,0
0.000958315,0
0.0003260321,0
1.164436e-05,0
0.7637116,0
0.08124477,0
0.009308829,0
0.003511971,0
0.7637116,0
0.1507172,0
0.8280247,0
2.039622e-05,0
0.0007005649,0
0.0002647929,0
0.05763569,0
0.0002720597,0
0.07537635,0
0.0003935178,0
0.001968935,0
0.05341303,0
1.341223e-05,0
0.7637116,0
0.01992574,0
0.07553323,0
1.164436e-05,0
0.0001991022,0
1.164436e-05,0
0.00357568,0
0.001819514,0
0.01752213,0
6.580845e-05,0
0.1507172,0
0.01639943,0
0.7637116,0
0.1507172,0
9.506589e-05,0
0.0001888126,0
0.1507172,0
0.7637116,0
0.001968935,0
6.580845e-05,0
1.164436e-05,0
0.7637116,0
0.1507172,0
0.1507172,0
0.7637116,0
5.684169e-05,0
0.009308829,0
0.1507172,0
0.004917541,0
0.004917541,0
0.7637116,0
0.7637116,0
1.164436e-05,0
4.794721e-05,0
0.0002436423,0
0.004917541,0
0.7637116,0
0.0001198037,0
0.9977615,0
0.0001428743,0
0.07220592,0
0.001968935,0
0.1507172,0
0.7637116,0
6.580845e-05,0
0.001014426,0
6.580845e-05,0
0.001998046,0
0.001255905,0
