Score,Label
0.9464989,1
0.151535,1
0.9464989,1
0.151535,1
0.151535,1
0.8219448,1
0.8219448,1
0.5828643,1
0.004662446,1
4.137428e-07,1
0.0008794327,1
0.9804223,1
1,1
1,1
1,1
0.9999974,1
1,1
0.9095376,1
0.9996611,1
1,1
0.9985876,1
0.9999365,1
0.9985876,1
0.9999998,1
0.5214819,1
0.9998184,1
0.7835714,1
0.1006313,1
0.9996347,1
0.1006313,1
0.08604987,1
0.0001177243,1
0.9999706,1
0.9999706,1
0.1006313,1
0.9943341,1
0.9999999,1
0.1006313,1
0.1006313,1
0.1295592,1
0.1006313,1
0.1006313,1
0.1295592,1
0.9998438,1
0.9998438,1
0.9996721,1
0.9996721,1
0.9994306,1
0.9996721,1
0.9996721,1
1,1
0.9998438,1
0.9999195,1
1,1
0.9392312,1
2.469455e-06,0
3.598926e-05,0
3.598926e-05,0
1.320012e-08,0
1.527839e-06,0
0.0005868059,0
4.053605e-07,0
0.008131348,0
9.451936e-06,0
9.149338e-07,0
0.7835714,0
2.148852e-07,0
0.9996693,0
2.558154e-05,0
3.509134e-07,0
3.291355e-05,0
0.002013871,0
0.0004893473,0
0.08834834,0
0.01887404,0
0.08834834,0
3.546715e-05,0
0.7835714,0
8.64839e-06,0
0.9971306,0
0.9996693,0
0.08695443,0
0.5947799,0
0.0008338868,0
0.4696741,0
3.130354e-05,0
3.14261e-08,0
1.207391e-05,0
1.207391e-05,0
1.132191e-05,0
0.8616434,0
3.291355e-05,0
9.517702e-05,0
0.09839656,0
9.451936e-06,0
0.002013871,0
3.291355e-05,0
0.950929,0
5.660201e-06,0
0.0001283185,0
1.32272e-06,0
0.0001127889,0
0.0001093063,0
4.49079e-05,0
0.6191585,0
0.9595506,0
9.451936e-06,0
9.451936e-06,0
2.558154e-05,0
0.00175829,0
