Score,Label
1,1
1,1
0.9999143,1
1,1
0.9999143,1
1,1
1,1
0.9833707,1
1,1
1,1
1,1
1,1
0.9999334,1
0.2907967,1
1,1
1,1
0.9999994,1
0.9999996,1
0.9999996,1
0.9999996,1
0.9999996,1
0.1527135,1
0.9999996,1
0.8264788,1
0.9999976,1
1,1
0.6815899,1
1,1
0.9974256,1
0.9999976,1
0.9999976,1
1,1
1,1
0.999999,1
0.999999,1
0.999999,1
0.999999,1
0.999999,1
0.6177418,1
0.4627144,1
0.4627144,1
0.7046844,1
0.9972008,1
1,1
0.9972008,1
0.4627144,1
0.7046844,1
0.9999996,1
0.03796733,1
1,1
1,1
0.002552927,1
1,1
0.03612775,1
0.999827,1
1,1
0.003059015,1
0.9999926,1
1,1
0.9999989,1
0.9999989,1
0.9596406,1
0.1952316,1
0.1952316,1
0.1952316,1
1,1
0.1772436,1
0.7801625,1
0.9999998,1
0.1807262,1
0.9998808,1
0.01297024,1
0.9801011,1
1,1
1,1
1,1
0.8056539,0
4.815258e-05,0
1.678791e-05,0
0.005353916,0
2.516125e-06,0
2.516125e-06,0
0.0005822937,0
2.93324e-05,0
1.591654e-05,0
2.516125e-06,0
7.262294e-06,0
0.9540644,0
0.008209297,0
1.442037e-05,0
4.863776e-05,0
2.516125e-06,0
0.8056539,0
0.9953753,0
3.845053e-05,0
2.708776e-14,0
1.142481e-10,0
4.318403e-10,0
0.002725738,0
4.335861e-06,0
4.647804e-06,0
5.180053e-07,0
2.516125e-06,0
3.26912e-05,0
0.9968992,0
1.323559e-05,0
0.8056539,0
0.9957119,0
0.006768542,0
0.0005822937,0
2.291546e-09,0
0.9935511,0
0.0001789776,0
3.490076e-08,0
0.987958,0
9.612488e-08,0
0.0565244,0
0.007056986,0
0.8056539,0
0.053515,0
1.010892e-09,0
0.6412451,0
0.01905376,0
2.291546e-09,0
0.00280232,0
0.08865269,0
0.007056986,0
2.516125e-06,0
0.0001974191,0
0.9999985,0
2.516125e-06,0
1.931154e-10,0
0.9577134,0
0.000174675,0
6.963584e-06,0
0.0005822937,0
4.812008e-05,0
0.001811371,0
3.26912e-05,0
2.984327e-07,0
3.933993e-09,0
2.365549e-05,0
0.0008648876,0
1.107597e-09,0
0.003719144,0
2.163408e-07,0
0.8056539,0
0.002090726,0
3.933993e-09,0
0.002725738,0
0.003059015,0
0.1955063,0
