Score,Label
0.8288067,1
0.8288067,1
0.8288067,1
0.8288067,1
0.8288067,1
0.8288067,1
0.8288067,1
0.8288067,1
0.8288067,1
1.57736e-05,1
0.04378527,1
0.0001213883,1
4.408485e-06,1
0.8889738,1
0.1597584,1
4.189196e-05,1
7.78723e-05,1
7.78723e-05,1
7.78723e-05,1
7.78723e-05,1
7.78723e-05,1
7.78723e-05,1
7.78723e-05,1
7.78723e-05,1
7.78723e-05,1
0.8889738,1
0.0003444208,1
0.0003444208,1
0.0003444208,1
0.0003444208,1
0.1597584,1
0.0003444208,1
0.0003444208,1
0.0003444208,1
0.04094189,1
0.0003444208,1
0.0003444208,1
0.1597584,1
4.189196e-05,1
2.320095e-05,1
0.01471963,1
2.320095e-05,1
2.320095e-05,1
2.320095e-05,1
2.320095e-05,1
2.320095e-05,1
0.01471963,1
0.002915385,1
2.320095e-05,1
0.01471963,1
0.01471963,1
0.01471963,1
0.006043428,1
0.01471963,1
2.320095e-05,1
2.320095e-05,1
0.8288067,1
0.8288067,1
0.8288067,1
0.8288067,1
0.8288067,1
0.8288067,1
0.8288067,1
0.8288067,1
0.8288067,1
4.189196e-05,1
0.8288067,1
0.8288067,1
0.8288067,1
0.8288067,1
0.8288067,1
0.8288067,1
0.8288067,1
0.0006278385,1
0.8288067,1
0.8288067,1
0.7127584,1
4.189196e-05,1
0.8889738,0
0.002896023,0
0.0005119262,0
0.0007213775,0
0.002011957,0
0.02528236,0
0.001034343,0
0.0005119262,0
0.350199,0
0.7005743,0
0.8889738,0
0.1257007,0
0.0005119262,0
0.0005119262,0
0.0005119262,0
0.001716872,0
0.0005119262,0
0.2198308,0
0.8889738,0
0.002169152,0
0.004800292,0
0.2198308,0
4.975471e-05,0
0.001277301,0
0.002896023,0
1.780762e-06,0
0.2198308,0
1.780762e-06,0
0.002896023,0
0.002011957,0
0.002896023,0
0.0005119262,0
0.2198308,0
0.8889738,0
0.8889738,0
0.0005119262,0
0.001277301,0
0.004800292,0
0.0005119262,0
1.780762e-06,0
2.69925e-06,0
0.002169152,0
0.002169152,0
0.002011957,0
0.002896023,0
0.8889738,0
0.02213519,0
0.350199,0
0.8889738,0
1.780762e-06,0
0.8889738,0
0.0005805269,0
0.8889738,0
0.0007608812,0
0.8889738,0
0.002011957,0
0.8889738,0
0.2198308,0
0.0349796,0
0.01922338,0
0.02528236,0
0.8889738,0
0.8889738,0
0.002011957,0
0.0005119262,0
0.8889738,0
0.0005119262,0
0.02528236,0
0.7005743,0
7.234397e-05,0
0.001994846,0
0.002011957,0
0.8889738,0
0.001034343,0
0.0005119262,0
0.004800292,0
0.01922338,0
4.975471e-05,0
