Score,Label
0.9794809,1
0.9997439,1
0.9997439,1
0.9997439,1
0.9997439,1
0.9997439,1
0.9971274,1
0.9997439,1
0.9999456,1
0.9999998,1
0.9999998,1
0.9999998,1
0.9999968,1
0.9999051,1
0.001232076,1
0.9999051,1
0.999572,1
0.9999828,1
0.9999994,1
0.9999994,1
0.001421888,1
0.9999828,1
0.9999923,1
0.9929396,1
0.9999828,1
0.9999692,1
0.006300211,1
0.9999998,1
0.9999998,1
0.9998325,1
0.9999968,1
0.0001424731,1
0.6479951,1
0.7603287,1
0.003422728,1
0.9980296,1
0.9990348,1
0.9999938,1
0.9980296,1
0.9980296,1
0.9980296,1
0.9999938,1
0.9999938,1
0.9990348,1
0.9999938,1
0.9980296,1
0.9999926,1
0.9980296,1
0.9990348,1
0.9980296,1
0.9999938,1
0.9980296,1
0.9999938,1
0.9999707,1
0.9999856,1
0.9999856,1
0.9997603,1
0.9944142,1
0.9944142,1
0.9944142,1
0.9944142,1
0.9944142,1
0.9406244,1
0.9997603,1
0.9944142,1
0.9999714,1
1.825282e-05,1
0.0005665335,1
0.7603287,1
0.0003681266,0
0.001138971,0
3.147254e-05,0
0.2050508,0
0.9992892,0
0.0001811617,0
0.04968757,0
5.598649e-05,0
8.938812e-05,0
0.9999849,0
5.280317e-05,0
4.978853e-07,0
4.726857e-05,0
0.0001413101,0
0.001004243,0
5.280317e-05,0
0.009696112,0
0.2149615,0
1.597549e-06,0
0.06924281,0
0.471884,0
0.000290346,0
8.643607e-06,0
0.005594475,0
5.280317e-05,0
0.5804183,0
5.280317e-05,0
0.3874265,0
0.2050508,0
0.7603287,0
8.693788e-08,0
0.006052119,0
0.0022358,0
0.7603287,0
0.2050508,0
0.0001626362,0
0.001064567,0
0.02086868,0
4.726857e-05,0
0.003641078,0
2.914866e-08,0
0.0001723275,0
0.7603287,0
0.005594475,0
1.404282e-06,0
0.997295,0
0.00140053,0
0.00369429,0
0.2050508,0
4.726857e-05,0
0.00528609,0
0.002888733,0
0.002888733,0
3.405535e-06,0
0.2050508,0
0.0003357273,0
0.0008124882,0
0.1246595,0
0.1103156,0
0.09457424,0
0.8781496,0
5.192512e-05,0
0.9999926,0
2.914866e-08,0
5.280317e-05,0
2.95519e-07,0
0.002627402,0
2.757921e-05,0
0.05997425,0
