Score,Label
0.1838358,1
0.1838358,1
0.1838358,1
0.1838358,1
0.1838358,1
0.1838358,1
0.1838358,1
0.1838358,1
0.1838358,1
4.552845e-05,1
0.01065171,1
0.002488606,1
3.888503e-06,1
0.7939872,1
0.02585554,1
1.363116e-05,1
8.372815e-05,1
8.372815e-05,1
8.372815e-05,1
8.372815e-05,1
8.372815e-05,1
8.372815e-05,1
8.372815e-05,1
8.372815e-05,1
8.372815e-05,1
0.7939872,1
8.189768e-05,1
8.189768e-05,1
8.189768e-05,1
8.189768e-05,1
0.02585554,1
8.189768e-05,1
8.189768e-05,1
8.189768e-05,1
0.004693106,1
8.189768e-05,1
8.189768e-05,1
0.02585554,1
1.363116e-05,1
0.005366189,1
0.02128162,1
0.005366189,1
0.005366189,1
0.005366189,1
0.005366189,1
0.005366189,1
0.02128162,1
0.0008134178,1
0.005366189,1
0.02128162,1
0.02128162,1
0.02128162,1
0.01929287,1
0.02128162,1
0.005366189,1
0.005366189,1
0.1838358,1
0.1838358,1
0.1838358,1
0.1838358,1
0.1838358,1
0.1838358,1
0.1838358,1
0.1838358,1
0.1838358,1
1.363116e-05,1
0.1838358,1
0.1838358,1
0.1838358,1
0.1838358,1
0.1838358,1
0.1838358,1
0.1838358,1
0.01306914,1
0.1838358,1
0.1838358,1
0.02055174,1
1.363116e-05,1
5.731398e-05,0
1.237859e-05,0
2.107947e-06,0
4.759362e-07,0
1.355074e-05,0
0.003747451,0
0.001125173,0
2.991896e-05,0
2.449441e-07,0
4.759362e-07,0
0.010484,0
0.2542277,0
9.326456e-07,0
0.003747451,0
1.355074e-05,0
1.355074e-05,0
1.355074e-05,0
0.7939872,0
1.355074e-05,0
4.759362e-07,0
2.513103e-06,0
0.7939872,0
0.7939872,0
1.363116e-05,0
2.635975e-05,0
5.731398e-05,0
5.731398e-05,0
0.6978061,0
0.00117487,0
0.7939872,0
1.355074e-05,0
0.005797871,0
0.2542277,0
0.7939872,0
0.7939872,0
0.002570155,0
1.363116e-05,0
1.355074e-05,0
1.355074e-05,0
0.01306914,0
5.731398e-05,0
0.7939872,0
1.290574e-05,0
0.2542277,0
2.107947e-06,0
2.107947e-06,0
0.03822403,0
6.574045e-05,0
0.003747451,0
0.7939872,0
4.759362e-07,0
0.00117487,0
0.7939872,0
0.7939872,0
0.0003201966,0
2.107947e-06,0
2.107947e-06,0
0.7939872,0
0.010484,0
7.389471e-05,0
0.001125173,0
0.7939872,0
0.08662618,0
0.2542277,0
0.7939872,0
0.0001160441,0
1.363116e-05,0
0.00117487,0
4.776197e-05,0
0.0001160441,0
0.003747451,0
0.003492825,0
0.002169566,0
0.003747451,0
3.512214e-07,0
4.759362e-07,0
0.7939872,0
0.8905858,0
