Score,Label
0.9999987,1
0.9999987,1
0.9999692,1
0.9999963,1
0.5294734,1
0.5294734,1
0.8047006,1
0.5294734,1
1.976618e-05,1
1.976618e-05,1
1.976618e-05,1
2.288801e-06,1
0.9994429,1
0.9999702,1
0.9994429,1
0.9999971,1
0.7791269,1
2.312551e-05,1
0.7791269,1
0.9987528,1
0.9999335,1
0.9683526,1
0.9999335,1
0.9994606,1
0.9980013,1
0.9980013,1
0.9980013,1
0.9999999,1
0.9994606,1
0.9922849,1
0.9921517,1
0.9998488,1
0.9922849,1
1,1
0.9978091,1
0.9899709,1
0.9921517,1
0.004933917,1
0.9998488,1
0.9921517,1
0.9978091,1
0.0505297,1
0.1607775,0
2.801113e-07,0
0.9994024,0
0.002501828,0
7.997422e-06,0
0.3953488,0
5.899792e-05,0
0.7220573,0
0.7791269,0
0.7791269,0
0.3929526,0
3.988155e-05,0
0.07400562,0
0.0001927583,0
0.9999163,0
0.0002042814,0
1.265354e-05,0
0.001731489,0
0.1607775,0
0.0002042814,0
0.001487403,0
0.0004133819,0
0.0001927583,0
8.956798e-05,0
0.0007421581,0
0.0001927583,0
7.744613e-07,0
0.7791269,0
0.000233618,0
2.076116e-05,0
0.001731489,0
0.7791269,0
0.7791269,0
0.0001314543,0
5.123664e-05,0
0.1607775,0
0.04070107,0
0.000233618,0
1.38162e-06,0
0.751906,0
0.1607775,0
0.1607775,0
