Score,Label
9.204526e-07,1
9.204526e-07,1
9.204526e-07,1
9.204526e-07,1
9.204526e-07,1
9.204526e-07,1
9.204526e-07,1
9.204526e-07,1
9.204526e-07,1
9.848557e-05,1
0.3376741,1
8.394176e-05,1
2.88976e-05,1
0.8933845,1
0.002428905,1
0.0001690482,1
8.142931e-07,1
8.142931e-07,1
8.142931e-07,1
8.142931e-07,1
8.142931e-07,1
8.142931e-07,1
8.142931e-07,1
8.142931e-07,1
8.142931e-07,1
0.8933845,1
1.949221e-05,1
1.949221e-05,1
1.949221e-05,1
1.949221e-05,1
0.002428905,1
1.949221e-05,1
1.949221e-05,1
1.949221e-05,1
0.006715202,1
1.949221e-05,1
1.949221e-05,1
0.002428905,1
0.0001690482,1
5.162939e-08,1
0.004783496,1
5.162939e-08,1
5.162939e-08,1
5.162939e-08,1
5.162939e-08,1
5.162939e-08,1
0.004783496,1
0.002200927,1
5.162939e-08,1
0.004783496,1
0.004783496,1
0.004783496,1
0.0800331,1
0.004783496,1
5.162939e-08,1
5.162939e-08,1
9.204526e-07,1
9.204526e-07,1
9.204526e-07,1
9.204526e-07,1
9.204526e-07,1
9.204526e-07,1
9.204526e-07,1
9.204526e-07,1
9.204526e-07,1
0.0001690482,1
9.204526e-07,1
9.204526e-07,1
9.204526e-07,1
9.204526e-07,1
9.204526e-07,1
9.204526e-07,1
9.204526e-07,1
0.007035334,1
9.204526e-07,1
9.204526e-07,1
3.61977e-06,1
0.0001690482,1
5.55255e-05,0
5.55255e-05,0
2.196512e-06,0
0.0004930604,0
2.196512e-06,0
5.55255e-05,0
0.001627168,0
0.8933845,0
0.8933845,0
2.465999e-05,0
0.1177318,0
3.882622e-05,0
2.901278e-05,0
0.01321319,0
2.465999e-05,0
7.755352e-07,0
0.01990264,0
7.743148e-05,0
0.8933845,0
1.55268e-06,0
5.967431e-06,0
0.8933845,0
2.88976e-05,0
5.967431e-06,0
2.196512e-06,0
5.55255e-05,0
0.001627168,0
0.1177318,0
3.185907e-05,0
5.55255e-05,0
2.465999e-05,0
0.0001308747,0
0.001627168,0
7.743148e-05,0
0.0001690482,0
5.55255e-05,0
7.743148e-05,0
2.196512e-06,0
0.001627168,0
0.8933845,0
0.1177318,0
0.8933845,0
0.001627168,0
0.1177318,0
7.743148e-05,0
4.314687e-05,0
0.001627168,0
0.1177318,0
5.55255e-05,0
0.0004930604,0
0.0001019032,0
0.0009948716,0
0.004328833,0
0.3260773,0
5.55255e-05,0
7.743148e-05,0
0.002245206,0
0.02363259,0
1.593563e-05,0
2.465999e-05,0
7.755352e-07,0
0.003496947,0
0.003496947,0
0.0009948716,0
0.0003881238,0
0.0009948716,0
0.01225316,0
5.55255e-05,0
0.003496947,0
0.0001004763,0
0.8933845,0
0.9722208,0
0.0001322326,0
0.3260773,0
0.8933845,0
3.882622e-05,0
2.465999e-05,0
0.1177318,0
