Score,Label
8.387326e-07,1
8.387326e-07,1
8.387326e-07,1
8.387326e-07,1
8.387326e-07,1
8.387326e-07,1
1.08249e-05,1
8.387326e-07,1
8.387326e-07,1
0.0007539809,1
0.0007539809,1
0.0007539809,1
0.0007539809,1
0.0007539809,1
0.0007539809,1
0.0007539809,1
0.0007539809,1
0.7695166,1
0.0001670185,1
0.016751,1
0.7695166,1
0.7695166,1
5.610746e-06,1
5.610746e-06,1
5.610746e-06,1
5.610746e-06,1
0.00251452,1
5.610746e-06,1
5.610746e-06,1
0.0005073473,1
1.151421e-05,1
5.610746e-06,1
5.610746e-06,1
0.6720656,1
0.0007539809,1
0.0007539809,1
0.0007539809,1
0.0007539809,1
0.0007539809,1
0.0007539809,1
0.0007539809,1
0.0007539809,1
0.726653,1
0.0006511912,1
0.00152253,1
0.726653,1
0.0006511912,1
0.005969035,1
0.005969035,1
1.096609e-06,1
1.096609e-06,1
1.096609e-06,1
1.096609e-06,1
0.005969035,1
1.096609e-06,1
0.005969035,1
0.726653,1
1.096609e-06,1
0.005969035,1
0.005969035,1
1.096609e-06,1
1.096609e-06,1
0.005969035,1
1.030715e-06,1
0.8997514,1
0.4451153,1
0.4451153,1
1.030715e-06,1
1.030715e-06,1
1.030715e-06,1
0.0003704756,1
1.030715e-06,1
0.01041793,1
0.00337685,1
1.030715e-06,1
0.1422133,1
0.8997514,1
0.01041793,1
0.01041793,1
0.00121437,1
0.8997514,1
1.030715e-06,1
0.1422133,1
0.8997514,1
1.030715e-06,1
0.0001031322,1
0.6507992,1
0.726653,1
0.3135864,1
0.2154893,0
6.52192e-05,0
0.001413449,0
1.484491e-05,0
0.001562416,0
0.0001716591,0
1.484491e-05,0
0.2154893,0
0.01868763,0
0.001663191,0
2.170522e-05,0
0.01485218,0
0.726653,0
0.002778699,0
0.002778699,0
0.08529308,0
0.0004276288,0
0.002284242,0
0.01880729,0
0.001544404,0
1.366933e-05,0
2.504715e-06,0
0.8346349,0
0.0006029368,0
7.530201e-06,0
0.2285555,0
0.5502024,0
7.126085e-05,0
0.0004098981,0
0.01880729,0
0.726653,0
0.726653,0
2.170522e-05,0
0.003724839,0
0.726653,0
0.5502024,0
6.52192e-05,0
1.484491e-05,0
0.726653,0
0.5777118,0
0.2154893,0
2.170522e-05,0
0.0002650688,0
0.726653,0
2.170522e-05,0
0.0001264156,0
0.002778699,0
0.726653,0
0.001926303,0
0.0001927352,0
0.0002474996,0
0.9596665,0
0.03740812,0
9.943119e-05,0
0.0006779168,0
7.126085e-05,0
0.2154893,0
0.2154893,0
0.03740812,0
0.0004098981,0
0.2646379,0
0.0004607482,0
0.000975685,0
0.7701492,0
0.2154893,0
0.2154893,0
6.52192e-05,0
2.170522e-05,0
2.950462e-05,0
0.726653,0
0.00463324,0
0.0001773126,0
0.2154893,0
0.726653,0
0.0001011787,0
0.0001773126,0
0.726653,0
0.726653,0
0.003739435,0
0.2154893,0
0.0001519758,0
0.0004291338,0
0.726653,0
2.170522e-05,0
0.726653,0
0.5069126,0
4.444026e-05,0
0.001402669,0
4.386276e-05,0
