Score,Label
0.9999999,1
0.9999987,1
0.0002246701,1
0.9878942,1
0.2605636,1
0.05557196,1
0.0001250398,1
1,1
0.9999999,1
0.9999759,1
0.5803984,1
0.9999759,1
0.9999759,1
0.9901139,1
1.596678e-07,1
0.679179,1
0.9771627,1
1,1
1.273634e-06,1
1.596678e-07,1
4.434141e-08,1
0.9771627,1
0.0002044397,1
1.596678e-07,1
0.9999996,1
0.9529037,1
0.01182432,1
0.9999996,1
5.741166e-06,1
0.3438227,1
0.7253619,1
0.9992815,1
0.6766013,1
0.6639467,1
0.442472,1
0.9999994,1
1,1
0.9992815,1
0.921141,1
0.9887517,1
0.999999,1
0.1669044,1
2.337281e-05,0
0.111861,0
0.8065522,0
0.0004003129,0
0.6866701,0
5.959389e-06,0
0.01983128,0
0.0007199002,0
0.9999421,0
0.04148399,0
0.04148399,0
5.407925e-06,0
8.161348e-06,0
0.9990421,0
9.958827e-07,0
0.9980527,0
2.451558e-07,0
8.311132e-05,0
4.820114e-07,0
1,0
0.1306028,0
3.312429e-06,0
0.1242424,0
2.35282e-05,0
1.004312e-06,0
0.5251289,0
0.0001309334,0
0.9999816,0
0.0001474603,0
0.0022044,0
0.1560388,0
0.04148399,0
0.191691,0
0.9474198,0
0.1073311,0
0.003069309,0
0.003106628,0
0.9999435,0
0.9996395,0
7.141016e-05,0
8.237001e-07,0
0.9996783,0
