Score,Label
0.9999993,1
0.9999993,1
0.9989817,1
0.9999981,1
0.9999471,1
0.9999987,1
0.9999987,1
0.9977973,1
0.2747377,1
3.83182e-07,1
0.6708514,1
0.9986588,1
0.5927852,1
0.5927852,1
0.5927852,1
0.7401393,1
0.9990135,1
0.9990135,1
0.9940024,1
0.7558302,1
0.9999998,1
0.999995,1
1,1
8.480684e-05,0
1.469542e-05,0
0.009111317,0
0.3262838,0
1.883022e-06,0
2.011985e-05,0
0.3526417,0
0.5152107,0
6.156799e-05,0
0.0005080628,0
1.490234e-05,0
0.006777055,0
1.490234e-05,0
1.523966e-05,0
1.71778e-06,0
1.620736e-06,0
1.717509e-05,0
0.9977973,0
4.318252e-05,0
2.007937e-06,0
0.01621512,0
1.193566e-06,0
1.490234e-05,0
