Score,Label
0.06601408,1
0.9500642,1
0.9999981,1
0.9999981,1
0.8269716,1
0.1071396,1
0.04868739,1
1,1
1,1
1,1
0.9264522,1
0.9536335,1
0.9264522,1
0.9999034,1
0.9982206,1
0.5216759,1
0.8099682,1
0.9999985,1
0.9998673,1
0.9998673,1
0.9984512,1
0.9999985,1
0.8158126,1
0.9999985,1
0.9998673,1
0.8158126,1
0.9998673,1
0.9877928,1
0.9877928,1
0.9877928,1
0.9877928,1
0.999613,1
0.999613,1
0.0002146803,1
0.5343694,1
0.726365,1
0.4614673,1
0.9984378,1
0.9962637,1
0.9997824,1
0.9984378,1
0.9918571,1
0.9988183,1
0.9918571,1
0.9990482,1
0.002067684,1
0.002067684,1
0.0006142746,1
0.3217857,1
0.0006142746,1
0.9999191,1
0.9999191,1
0.9973288,1
0.9657639,1
0.9999585,1
0.0004262461,0
2.90435e-06,0
2.90435e-06,0
0.9161823,0
5.604225e-05,0
2.90435e-06,0
0.0006889395,0
0.9540919,0
1.399083e-08,0
1.79053e-08,0
3.277156e-06,0
0.01145295,0
0.0001626722,0
1.550653e-06,0
7.720508e-08,0
0.8947634,0
3.293503e-07,0
1.782979e-05,0
0.6928779,0
0.6928779,0
0.0005291765,0
1.16681e-06,0
0.9952822,0
9.487246e-05,0
0.0032275,0
0.7688954,0
0.000325914,0
1.659788e-05,0
2.431861e-07,0
2.294667e-06,0
2.90435e-06,0
0.6985294,0
1.047013e-06,0
0.9161823,0
0.000826452,0
0.01030456,0
0.003423784,0
4.240948e-05,0
0.6928779,0
8.339713e-05,0
7.562375e-08,0
0.0007760127,0
0.6928779,0
0.6928779,0
0.206554,0
0.6928779,0
0.2945113,0
0.9264522,0
0.6928779,0
0.03386433,0
2.90435e-06,0
0.1667467,0
0.0032275,0
0.00131957,0
6.224415e-07,0
