Score,Label
2.117967e-05,1
2.117967e-05,1
2.117967e-05,1
1.818124e-05,1
8.186026e-06,1
1.818124e-05,1
1.818124e-05,1
0.0001417952,1
2.301968e-05,1
0.963578,1
0.9999989,1
0.9999989,1
0.004628075,1
0.9999989,1
1.348663e-06,1
0.9999989,1
8.120093e-06,1
8.165323e-05,1
0.004628075,1
0.9999989,1
0.9999989,1
0.004628075,1
0.9892714,1
9.413542e-06,1
0.001102307,1
0.001102307,1
1,1
0.001102307,1
5.828173e-06,1
9.413542e-06,1
0.9031635,1
9.75829e-05,1
0.001102307,1
5.430547e-05,1
1,1
0.001102307,1
0.001102307,1
1,1
1,1
0.0001417952,1
0.0001417952,1
0.2003389,1
0.9999993,1
4.40034e-06,1
0.4768604,1
0.9963382,1
0.4768604,1
0.4768604,1
0.9988608,1
0.003449751,1
0.2310695,1
0.9963382,1
0.9963382,1
3.291841e-05,1
0.06555065,1
1.34571e-05,1
3.291841e-05,1
3.291841e-05,1
0.9999999,1
0.9939172,1
0.6553243,0
0.000156201,0
7.348347e-06,0
7.625875e-07,0
0.6553243,0
0.004526711,0
2.628583e-07,0
8.395734e-06,0
0.0006088435,0
0.0008838729,0
0.002731203,0
0.510897,0
0.0135959,0
7.348347e-06,0
0.001489079,0
0.9941133,0
0.0001384481,0
0.510897,0
7.751756e-05,0
2.018007e-05,0
1.55344e-06,0
2.210114e-09,0
5.628255e-06,0
0.9858094,0
1.865549e-07,0
1.25664e-05,0
1.01259e-05,0
0.0005651095,0
9.413542e-06,0
0.510897,0
0.01543912,0
0.004839933,0
0.002731203,0
0.0003033159,0
0.0005651095,0
0.0250445,0
0.9999987,0
5.858523e-05,0
0.0001029844,0
1.054589e-06,0
0.6845326,0
1.35553e-05,0
0.0007662096,0
0.9999987,0
0.002415201,0
0.510897,0
1.55344e-06,0
8.478193e-07,0
5.628255e-06,0
0.00589882,0
0.9999343,0
9.081991e-06,0
0.09813004,0
0.004398632,0
0.00012775,0
0.002274458,0
0.0003033159,0
0.510897,0
6.453306e-06,0
0.0001483679,0
