Score,Label
0.9998453,1
0.9999372,1
0.9998453,1
0.9999372,1
0.9999372,1
0.7168435,1
0.2324056,1
0.9998453,1
0.9974627,1
0.9932365,1
0.9974627,1
0.9932365,1
0.9932365,1
0.9974627,1
0.4926686,1
0.175705,1
0.9998672,1
0.9998672,1
0.9998672,1
0.9998672,1
0.9998672,1
0.9998672,1
0.0005658109,1
0.9998672,1
0.9998672,1
0.9989535,1
0.9991836,1
0.1837654,1
0.02798998,1
0.9997979,1
0.9795786,1
0.9850317,1
0.9999968,1
0.9999968,1
0.5347582,1
0.9999968,1
0.9999968,1
0.997424,1
0.9035208,1
0.3744529,1
0.9999809,1
0.989622,1
0.9825832,1
0.9999809,1
0.8590118,1
0.9999809,1
0.9999809,1
0.9879907,1
0.8590118,1
0.9933082,1
0.7203662,1
0.7203662,1
0.3744529,1
0.7875435,1
0.9993165,1
0.7875435,1
0.9993165,1
0.9797928,1
0.9993165,1
0.9999748,1
0.7875435,1
0.7873816,1
0.9993165,1
0.00713659,1
0.7875435,1
0.7875435,1
0.9993165,1
0.06192457,1
0.2727531,1
0.9959799,1
0.2727531,1
0.9959799,1
0.1180187,1
1.968223e-05,1
0.2727531,1
0.2027781,1
0.9955381,1
0.9997706,1
0.9955381,1
0.9208984,1
0.9955381,1
0.00304624,1
0.959691,1
0.02384478,1
0.959691,1
0.9779556,1
0.9966213,1
0.9569501,1
4.8172e-08,1
4.8172e-08,1
0.3421206,0
2.761179e-05,0
1.491992e-06,0
1.680768e-05,0
1.338396e-07,0
0.3421206,0
1.338396e-07,0
0.3421206,0
0.03631839,0
1.338396e-07,0
0.01768861,0
0.7723306,0
1.338396e-07,0
0.001367808,0
0.02396393,0
2.025662e-05,0
0.001771673,0
9.3437e-07,0
0.002079332,0
0.3284266,0
0.1571153,0
1.491992e-06,0
0.00365181,0
9.308372e-06,0
1.338396e-07,0
0.8571039,0
1.338396e-07,0
0.3421206,0
1.338396e-07,0
1.252307e-05,0
1.338396e-07,0
2.061123e-06,0
0.0004114431,0
3.785599e-05,0
1.491992e-06,0
1.338396e-07,0
0.0136634,0
2.298297e-08,0
0.3421206,0
0.001839262,0
1.338396e-07,0
3.061012e-07,0
0.0001694739,0
0.0002973152,0
4.637289e-08,0
0.0008742811,0
7.694369e-12,0
0.9789853,0
0.3719716,0
0.4032997,0
0.8571039,0
1.338396e-07,0
3.709672e-08,0
0.8571039,0
7.038884e-09,0
1.986218e-10,0
0.003446609,0
0.01981843,0
0.8571039,0
4.8172e-08,0
0.0005215783,0
1.338396e-07,0
1.491992e-06,0
0.3421206,0
4.637289e-08,0
0.8571039,0
4.955015e-09,0
0.3739919,0
7.520348e-06,0
0.05211426,0
1.491992e-06,0
4.865049e-06,0
0.9990739,0
0.8571039,0
0.9378765,0
0.9383391,0
0.7723306,0
0.003446609,0
0.0001110803,0
0.9664472,0
1.427025e-06,0
1.075726e-09,0
7.190519e-06,0
0.8571039,0
0.0001608659,0
8.300859e-09,0
0.8571039,0
5.975221e-06,0
2.124388e-07,0
0.006793837,0
