Score,Label
0.9999791,1
0.9999791,1
0.174858,1
0.9999708,1
0.174858,1
0.0002207926,1
0.9999994,1
0.9998713,1
0.9998713,1
1,1
0.9998713,1
1.192731e-05,1
0.9998713,1
0.9954029,1
0.1952909,1
0.9979938,1
0.9998713,1
0.9998713,1
1,1
0.9999896,1
5.335907e-05,1
0.005788624,1
0.01210907,1
0.9998223,1
0.01210907,1
0.01132502,1
5.335907e-05,1
0.9975382,1
0.002129486,1
0.01210907,1
0.0004635538,1
0.9999999,1
8.186677e-05,1
8.186677e-05,1
0.9998223,1
0.9999001,1
2.809489e-05,1
2.809489e-05,1
0.0002800203,1
0.9630986,1
2.290085e-06,1
0.9939486,1
0.9999987,1
0.3488884,1
0.9939486,1
0.5632076,1
0.0007567865,1
0.0001612414,1
0.9999509,1
0.9999987,1
1,1
0.946754,1
1,1
1,1
0.9999998,1
0.9999963,1
2.998494e-07,0
0.4922795,0
0.6464251,0
3.274051e-06,0
2.173225e-05,0
0.01493311,0
1.957787e-05,0
6.04534e-05,0
0.02135204,0
9.478306e-07,0
0.9999989,0
0.2535096,0
3.274051e-06,0
0.9870705,0
8.217948e-05,0
0.0002406376,0
1.363471e-08,0
0.2501886,0
0.9999996,0
1.656205e-06,0
0.9999809,0
0.9999138,0
0.01137428,0
0.003585878,0
0.001136446,0
0.1021548,0
0.002031255,0
0.8681204,0
0.009285105,0
1.366018e-05,0
0.2121471,0
0.9716715,0
0.9992487,0
0.5606111,0
3.504055e-06,0
1.477239e-07,0
0.003722335,0
0.003504962,0
6.646993e-07,0
1.763818e-05,0
3.229036e-08,0
0.6464251,0
0.0007805921,0
0.9995499,0
0.1866214,0
1.001201e-05,0
0.1586973,0
0.01137428,0
3.100842e-07,0
8.870789e-08,0
0.8646736,0
5.143412e-05,0
0.0009277455,0
0.4922795,0
6.637784e-06,0
2.760098e-06,0
