Score,Label
0.001124304,1
0.001124304,1
0.001124304,1
0.9999952,1
0.0043918,1
0.9999952,1
0.9999952,1
1.884034e-06,1
1.951758e-06,1
0.9786682,1
0.9998555,1
0.9998555,1
0.9989105,1
0.9998555,1
0.0002115954,1
7.630122e-05,1
0.9998555,1
9.472763e-06,1
0.9989105,1
0.9998555,1
0.9998555,1
0.9989105,1
7.946809e-06,1
0.0001581742,1
0.9978406,1
0.9978406,1
0.9999964,1
0.9978406,1
6.488113e-05,1
0.01231259,1
0.04784409,1
0.9978406,1
0.002858874,1
0.0001581742,1
0.9999964,1
0.9978406,1
0.9978406,1
0.9999964,1
0.9999368,1
1.884034e-06,1
1.884034e-06,1
0.9950796,1
0.9979016,1
1.264991e-06,1
0.9864389,1
0.9982563,1
0.9864389,1
1.629004e-07,1
8.229234e-06,1
0.7942026,1
3.667527e-06,1
0.9982563,1
0.9982563,1
0.8210967,1
0.003354617,1
0.0007081996,1
0.8210967,1
0.8210967,1
0.9999943,1
0.727536,1
0.0002623641,0
0.9999986,0
0.0003496972,0
0.9984109,0
0.0002349624,0
0.6267779,0
0.9999999,0
0.0001847899,0
5.255661e-06,0
1.351822e-06,0
0.9985569,0
0.3490712,0
5.900229e-09,0
0.2136562,0
0.0002311273,0
0.9999999,0
0.006918014,0
2.467984e-05,0
0.002930555,0
8.730318e-07,0
6.928463e-08,0
4.481038e-08,0
0.002543309,0
8.859433e-05,0
7.70351e-07,0
1.672632e-08,0
9.121063e-05,0
0.9809868,0
6.506308e-06,0
1.672632e-08,0
4.964103e-06,0
4.372848e-06,0
0.0002943506,0
0.9753969,0
0.9984109,0
1.200635e-05,0
0.0003080381,0
2.351192e-06,0
3.335721e-08,0
0.9984109,0
1.237325e-05,0
0.8811754,0
0.9908597,0
0.8979707,0
5.553482e-05,0
0.8567418,0
0.0003462437,0
9.410712e-05,0
9.766143e-06,0
0.1187179,0
0.2723214,0
9.121063e-05,0
6.369076e-05,0
4.393841e-06,0
0.0003462437,0
0.0006540561,0
9.410712e-05,0
1.842262e-07,0
0.8850886,0
4.579158e-05,0
