Score,Label
0.9725433,1
0.9725433,1
0.1435601,1
0.9726686,1
0.9725433,1
0.05570033,1
1,1
0.05570033,1
1,1
0.06116773,1
1,1
6.625716e-12,1
1,1
0.8694606,1
4.833732e-15,1
2.208753e-09,1
4.051776e-06,1
2.208753e-09,1
0.0003313645,1
0.9888282,1
3.555619e-09,1
0.9488673,1
8.986073e-05,1
2.076457e-05,1
2.31861e-05,1
3.555619e-09,1
2.208753e-09,1
6.81534e-05,1
0.09390399,1
7.702181e-05,1
2.839098e-10,1
0.9999942,1
0.9890109,1
5.803087e-12,1
0.09390399,1
0.003422805,1
0.0001658666,1
0.09390399,1
0.2334885,1
0.9995433,1
0.9797438,1
0.9975999,1
0.9995433,1
0.9999946,1
0.9988028,1
0.9999946,1
0.9990901,1
0.4656343,1
0.9999946,1
0.129446,1
0.9992017,1
0.8511331,1
0.9999946,1
0.9960962,1
0.9999884,1
0.9812791,1
0.9999884,1
0.9999709,1
0.9998378,1
0.9999709,1
0.8320792,1
0.9999884,1
0.9812791,1
0.9999709,1
0.999962,1
0.9999709,1
0.002555286,1
0.09944809,1
0.09944809,1
0.9918392,1
0.9918392,1
0.9879884,1
0.09944809,1
3.098287e-12,1
0.01809873,1
0.3294709,1
0.5859851,1
0.3294709,1
0.9978962,1
0.3294709,1
0.9926657,1
0.2915237,1
0.2915237,1
0.005600315,1
4.829427e-08,1
0.005600315,1
6.597239e-09,1
5.562804e-07,1
0.2915237,1
0.006920111,1
0.0001313425,0
6.001847e-10,0
8.986073e-05,0
2.941441e-07,0
1.47756e-05,0
4.719596e-08,0
0.0235054,0
6.001847e-10,0
0.9710246,0
8.097779e-17,0
0.9812791,0
0.01265868,0
3.256903e-11,0
2.108144e-06,0
0.4673506,0
3.707551e-11,0
0.001536973,0
1.818212e-09,0
7.500906e-07,0
1.818212e-09,0
6.099986e-07,0
1.055139e-11,0
1.025796e-06,0
0.001536973,0
4.498491e-07,0
0.9996579,0
5.439496e-06,0
1.025796e-06,0
2.300346e-06,0
8.570667e-08,0
1.383283e-10,0
2.108144e-06,0
0.01297321,0
5.456565e-11,0
0.001096449,0
1.137709e-07,0
0.0002789874,0
2.924933e-05,0
0.02333962,0
8.84171e-10,0
1.971799e-10,0
1.055139e-11,0
0.6666619,0
0.009370331,0
0.001536973,0
5.84408e-10,0
0.9998919,0
2.802277e-10,0
0.001536973,0
0.9998755,0
2.33728e-06,0
0.6866398,0
1.147288e-09,0
0.9710246,0
0.4075738,0
1.818212e-09,0
4.629486e-06,0
6.319059e-07,0
0.0001714685,0
4.524064e-05,0
1.519966e-05,0
1.025796e-06,0
5.9999e-06,0
1.055139e-11,0
8.275046e-07,0
0.001536973,0
6.829249e-05,0
4.484904e-15,0
4.210134e-05,0
7.645158e-08,0
1.123653e-10,0
3.463583e-07,0
7.377302e-10,0
0.0001313425,0
2.246076e-05,0
9.808567e-06,0
0.01297321,0
1.123653e-10,0
5.983872e-08,0
2.381529e-05,0
0.009609411,0
5.84408e-10,0
1.147288e-09,0
1.055139e-11,0
4.299444e-13,0
1.025796e-06,0
0.8807473,0
4.781853e-13,0
3.939953e-10,0
1.189973e-08,0
