Score,Label
0.9999877,1
0.9999877,1
0.9998519,1
0.9998071,1
0.9949373,1
0.002671449,1
0.9949373,1
0.9949373,1
0.002671449,1
0.9949373,1
4.445946e-07,1
0.005146621,1
4.659455e-06,1
0.9999987,1
0.9999987,1
0.98966,1
0.9999987,1
0.9999987,1
0.008861274,1
0.9917029,1
0.8222261,1
0.0005674798,1
0.9969525,1
0.999999,1
0.6969832,1
0.9999983,1
0.9869278,1
0.9999987,1
0.9999987,1
0.9999983,1
0.9999987,1
0.05790703,1
0.6969832,1
0.6969832,1
0.05790703,1
0.9999993,1
0.9996483,1
0.9999999,1
1,1
0.9996483,1
1,1
0.4961956,1
0.9999996,1
0.999993,1
0.9994256,1
0.009979932,1
0.009979932,1
0.9945605,1
0.9994256,1
0.999993,1
0.9945605,1
0.009979932,1
0.008861274,1
0.0345639,1
0.8699419,1
0.8699419,1
0.8699419,1
0.8699419,1
0.9841492,1
0.9999925,1
0.9999925,1
0.9999884,1
0.001871011,1
0.9999884,1
0.9999946,1
0.9999576,1
0.9999985,1
0.9999576,1
0.9999954,1
0.9999954,1
0.9999959,1
0.9999954,1
0.0001025431,0
0.8699419,0
4.149424e-05,0
0.0005464025,0
8.802058e-06,0
7.333215e-08,0
1.631869e-06,0
0.8699419,0
0.9989122,0
1.223454e-05,0
0.00958907,0
1.809103e-05,0
6.490918e-07,0
7.335618e-06,0
1.369771e-08,0
4.49983e-07,0
9.526011e-08,0
0.002180555,0
6.37885e-05,0
6.105954e-09,0
0.8699419,0
0.002561326,0
6.482974e-07,0
4.49983e-07,0
4.603472e-05,0
4.495034e-07,0
1.631869e-06,0
3.008575e-09,0
4.49983e-07,0
1.203649e-07,0
2.294555e-09,0
4.903269e-09,0
0.8699419,0
0.8699419,0
0.001432579,0
7.838848e-07,0
0.004463322,0
0.0001028266,0
0.8464657,0
8.503611e-07,0
4.49983e-07,0
1.921475e-06,0
0.9622783,0
4.49983e-07,0
0.0001028266,0
0.30136,0
0.8699419,0
2.221338e-06,0
0.0001025431,0
1.636756e-07,0
3.119983e-05,0
0.9994256,0
1.323872e-05,0
3.977722e-06,0
1.837463e-06,0
0.009930895,0
7.309211e-12,0
5.396994e-07,0
0.9960906,0
0.8699419,0
0.001871011,0
0.8699419,0
2.267366e-07,0
4.796017e-10,0
6.315448e-06,0
4.49983e-07,0
0.0002442775,0
8.794624e-08,0
0.9998087,0
1.664941e-06,0
0.002127748,0
3.760717e-08,0
