Score,Label
0.9999998,1
0.9999994,1
0.9999998,1
0.9769701,1
0.9999578,1
0.9999963,1
1,1
0.002142674,1
1.691772e-05,1
1,1
0.000227575,1
0.9999999,1
4.318153e-05,1
0.9999999,1
0.000227575,1
0.7563082,1
0.9999675,1
0.9221053,1
0.9951481,1
0.9221053,1
8.887745e-05,1
0.7629634,1
0.9999998,1
0.9994454,1
0.3939988,1
0.999881,1
0.9632938,1
1,1
1,1
0.9999892,1
0.999881,1
1,1
0.1221574,1
1,1
1,1
0.9992556,1
0.9998673,1
0.9998673,1
0.9998673,1
0.0004839505,1
0.3723237,1
1,1
0.9999998,1
0.9999998,1
0.9999998,1
0.05671896,0
1.691772e-05,0
0.0003520321,0
5.920905e-05,0
0.000184089,0
1,0
0.0009952281,0
1.041734e-05,0
0.0001594939,0
0.0001972456,0
3.641156e-06,0
0.001026987,0
0.3135421,0
0.0001344812,0
0.000174383,0
0.3237171,0
0.0003826355,0
2.723003e-05,0
4.768138e-05,0
0.4327589,0
0.9999999,0
0.000547894,0
5.019032e-07,0
0.001049486,0
0.0007613331,0
0.004864695,0
3.641156e-06,0
5.562645e-07,0
7.120345e-05,0
0.004864695,0
1.292424e-05,0
0.0003014716,0
4.479574e-06,0
0.3237171,0
2.066311e-05,0
1.04885e-05,0
0.2817869,0
1.43857e-05,0
1,0
0.3237171,0
1.04885e-05,0
3.641156e-06,0
1.43857e-05,0
0.00683213,0
0.0003019471,0
