Score,Label
0.9706081,1
0.9706081,1
0.9838012,1
0.9706081,1
0.9999766,1
0.9995572,1
0.9995572,1
0.3138231,1
0.9995572,1
0.3138231,1
0.3138231,1
0.6876063,1
0.6876063,1
0.9805022,1
0.5248953,1
0.9805022,1
0.9805022,1
0.003832744,1
0.9999999,1
0.9999975,1
0.9999975,1
0.7758348,1
0.9999975,1
0.9999999,1
0.6623851,1
0.9999971,1
0.03787523,1
0.9987446,1
0.9999987,1
0.006396386,1
0.9999987,1
0.9966654,1
0.8273242,1
0.9998293,1
0.3476335,1
0.9999977,1
0.5633901,1
0.9999899,1
0.5633901,1
6.804372e-05,1
0.1721488,1
0.8337541,1
0.02302489,1
0.01061545,1
0.02302489,1
0.01791436,1
0.006301984,1
0.9999967,1
0.02302489,1
0.9999286,1
0.9999286,1
0.9999286,1
0.9999286,1
0.9999286,1
0.9999998,1
0.0006491613,0
0.01061545,0
0.999516,0
3.378056e-05,0
2.251313e-05,0
0.7037938,0
0.0002001869,0
0.003123251,0
0.0001820457,0
0.8337541,0
0.9987961,0
3.900224e-08,0
0.0001557826,0
1.586104e-06,0
4.78773e-05,0
0.3570513,0
0.9994926,0
0.0001930791,0
7.621914e-06,0
1.204195e-06,0
0.9218908,0
8.677297e-10,0
2.435141e-12,0
0.8337541,0
0.9909804,0
0.02524842,0
2.735375e-06,0
0.02969448,0
0.07877329,0
3.378056e-05,0
0.3570513,0
8.320886e-05,0
0.3570513,0
6.457807e-11,0
1.060221e-05,0
0.000249495,0
8.175092e-05,0
0.0005500771,0
0.4184188,0
1.040992e-06,0
3.378056e-05,0
0.8337541,0
1.917818e-07,0
0.001228866,0
3.781868e-05,0
3.150762e-05,0
0.7215135,0
8.832671e-11,0
5.04367e-14,0
0.0008520489,0
0.002980718,0
0.0001557826,0
2.986621e-07,0
0.0006491613,0
0.002980718,0
