Score,Label
0.0007257035,1
0.0007257035,1
0.0007257035,1
0.02359968,1
5.006235e-05,1
0.02359968,1
0.02359968,1
2.193675e-05,1
0.0009862905,1
0.9999999,1
0.9994153,1
0.9994153,1
1,1
0.9994153,1
0.0001344763,1
0.9994153,1
0.01805356,1
1,1
0.9994153,1
0.9994153,1
1,1
0.2258757,1
1.308494e-05,1
0.2531218,1
0.2531218,1
0.9999969,1
0.2531218,1
0.0004806384,1
1.308494e-05,1
0.01179359,1
0.602345,1
0.2531218,1
0.0002148017,1
1.308494e-05,1
0.9999969,1
0.2531218,1
0.2531218,1
0.9999969,1
0.9999995,1
2.193675e-05,1
2.193675e-05,1
0.0003409994,1
0.9997532,1
2.044392e-07,1
0.01757807,1
0.9999803,1
0.01757807,1
0.01757807,1
0.7222393,1
0.004747123,1
0.9325975,1
0.9999803,1
0.9999803,1
0.9997072,1
0.9980797,1
0.01250525,1
0.9997072,1
0.9997072,1
0.9999986,1
0.9429799,1
0.0004441987,0
0.01122403,0
2.308957e-05,0
0.002278871,0
1.093031e-06,0
4.903486e-06,0
0.0004684493,0
3.274515e-05,0
0.0334952,0
2.50546e-06,0
0.6014413,0
4.637281e-06,0
0.011482,0
0.00261263,0
1.114073e-05,0
0.0680815,0
0.02824227,0
0.001942406,0
0.9788225,0
0.2657076,0
0.7086201,0
0.0005766178,0
0.5370248,0
0.01026828,0
0.0005000083,0
0.2657076,0
0.00665915,0
0.0005278395,0
1.824465e-05,0
7.608282e-05,0
0.9997562,0
0.01338819,0
0.1294302,0
0.01026828,0
3.038587e-06,0
2.612135e-05,0
0.0001856961,0
0.9999118,0
0.01828172,0
0.9999994,0
0.0004483583,0
0.01265317,0
0.0001771403,0
0.011482,0
0.01026828,0
0.5085807,0
0.0001528233,0
0.006037129,0
7.083363e-06,0
0.1552198,0
1.587864e-05,0
0.1158242,0
3.499731e-05,0
0.0004570017,0
8.511567e-06,0
6.849958e-05,0
0.005641708,0
0.004442737,0
0.001835982,0
0.000162818,0
