Score,Label
0.008639533,1
0.008639533,1
0.008639533,1
0.001914884,1
1.364543e-05,1
0.001914884,1
0.001914884,1
2.732636e-05,1
0.002303297,1
0.9998763,1
0.002984996,1
1,1
1,1
1,1
1,1
0.0004741571,1
1,1
0.0001115275,1
1,1
1,1
1,1
1,1
0.0001485441,1
0.9999998,1
0.9999998,1
0.0007554358,1
0.9999998,1
5.823648e-05,1
2.926916e-05,1
0.9999468,1
0.9923084,1
0.9999998,1
0.0001020382,1
2.926916e-05,1
0.0007554358,1
0.9999998,1
0.9999998,1
0.0007554358,1
0.9493229,1
2.732636e-05,1
2.732636e-05,1
0.9999999,1
0.767445,1
0.0004890188,1
3.419292e-05,1
0.8458686,1
0.8589996,1
0.8589996,1
0.3808075,1
0.9936857,1
0.1848058,1
0.8458686,1
0.8458686,1
0.9998049,1
0.9576018,1
0.06875081,1
0.9998049,1
0.9998049,1
0.9999999,1
0.01944067,1
0.9994344,0
0.02136564,0
0.000503344,0
0.9819844,0
0.002301962,0
0.001675496,0
0.001675496,0
7.745423e-05,0
0.01399633,0
0.7793622,0
0.08196285,0
0.08830933,0
0.0007575889,0
0.0002185694,0
0.9946925,0
0.000503344,0
0.001286677,0
0.02988835,0
0.00062031,0
0.001394511,0
0.0003494141,0
0.0486393,0
8.969721e-05,0
0.9821616,0
0.9992992,0
0.0005124484,0
0.9997557,0
9.278424e-05,0
0.0486393,0
0.0009524911,0
0.001261903,0
0.001577396,0
1.211491e-05,0
0.9159895,0
0.0486393,0
0.999944,0
0.01359268,0
0.6042258,0
0.0009994631,0
0.001927859,0
0.9993454,0
0.9993454,0
0.03302077,0
0.008298142,0
0.0002631882,0
0.0486393,0
0.0001822875,0
0.0002927146,0
0.008639533,0
0.0004890188,0
0.001529826,0
5.573739e-05,0
0.0045984,0
0.0002185694,0
0.9999741,0
3.546482e-05,0
0.0002927146,0
0.0009994631,0
0.4147232,0
0.0002257198,0
