Score,Label
0.9988056,1
0.9988056,1
0.9988056,1
0.984518,1
0.03832338,1
0.984518,1
0.984518,1
6.520956e-06,1
0.01929852,1
0.9999989,1
0.8798916,1
0.8798916,1
0.05035099,1
0.8798916,1
0.6532115,1
0.8798916,1
1.842756e-06,1
0.0002859317,1
0.05035099,1
0.8798916,1
0.8798916,1
0.05035099,1
0.0002372916,1
0.001694598,1
0.2989826,1
0.2989826,1
0.9994685,1
0.2989826,1
1.972766e-05,1
0.001694598,1
0.0005451104,1
0.00211324,1
0.2989826,1
0.000233063,1
0.9994685,1
0.2989826,1
0.2989826,1
0.9994685,1
0.9991422,1
6.520956e-06,1
6.520956e-06,1
0.9999892,1
0.6885641,1
2.327699e-05,1
0.9999813,1
0.9630788,1
0.9999813,1
0.9999813,1
0.0002279192,1
0.9920878,1
0.000215984,1
0.9630788,1
0.9630788,1
6.795874e-06,1
0.008768505,1
0.05744937,1
6.795874e-06,1
6.795874e-06,1
0.9999988,1
0.790325,1
1.609476e-05,0
0.0001013788,0
0.003195781,0
0.1532868,0
4.92839e-05,0
4.76651e-05,0
8.717027e-06,0
2.328999e-06,0
2.328999e-06,0
0.7516447,0
3.473897e-08,0
1.635791e-05,0
1.672731e-08,0
4.122564e-07,0
5.525771e-08,0
8.23562e-08,0
5.614177e-06,0
0.01162001,0
0.9960189,0
5.576949e-07,0
4.308022e-09,0
0.001143017,0
4.248692e-07,0
0.003337691,0
2.223265e-08,0
0.003047118,0
0.4851233,0
0.9983088,0
0.9995481,0
0.004686793,0
0.5686006,0
0.8116604,0
0.002692124,0
9.226269e-07,0
0.004686793,0
0.0007781357,0
0.9868613,0
0.4851233,0
0.9999017,0
5.547597e-09,0
7.571519e-10,0
3.013026e-05,0
2.386638e-06,0
2.386638e-06,0
3.832956e-06,0
0.003195781,0
0.002604628,0
0.9999752,0
0.000201418,0
5.547597e-09,0
2.40067e-05,0
0.01482934,0
1.562283e-07,0
0.00411504,0
0.9993362,0
0.9965286,0
0.9989207,0
2.223265e-08,0
3.040534e-05,0
0.9868613,0
