Score,Label
0.9999989,1
0.9999957,1
0.9993986,1
0.9952637,1
0.9999999,1
1,1
1,1
0.9908531,1
0.9412538,1
0.9999993,1
0.9995025,1
0.9999969,1
0.9999993,1
1,1
1,1
0.999999,1
0.9999959,1
0.9999996,1
0.9663427,1
0.5456769,1
0.999999,1
0.9999999,1
0.9999996,1
1,1
8.378026e-06,1
5.014013e-05,1
0.003948286,1
0.003948286,1
1,1
1,1
1,1
1,1
0.0003533013,1
0.9999759,1
1,1
1,0
0.9999988,0
0.9995993,0
0.001225325,0
1.949736e-07,0
1,0
6.483589e-06,0
0.9739716,0
0.9994241,0
0.3831479,0
0.9999938,0
5.907005e-06,0
0.9999752,0
0.9770566,0
0.9998436,0
0.02562164,0
4.259142e-05,0
0.9412538,0
0.001417263,0
0.9999703,0
0.1128917,0
0.9999938,0
1.958515e-06,0
1,0
0.9999988,0
4.830338e-08,0
0.9602525,0
1.320252e-05,0
0.9915074,0
0.5904796,0
0.9873096,0
0.01185721,0
0.9998358,0
1.024639e-06,0
0.9770566,0
