Score,Label
0.9999506,1
0.9999506,1
0.02222213,1
0.9999506,1
0.8555383,1
0.9556649,1
0.7198569,1
0.4184894,1
0.9995984,1
0.9999986,1
0.0067558,1
0.9999992,1
0.0001939741,1
0.960178,1
0.9999986,1
0.0001939741,1
0.9986477,1
0.9988592,1
0.9986477,1
0.9986477,1
0.9825028,1
0.7799104,1
0.999675,1
0.1525231,1
0.9999335,1
0.9999335,1
0.0001185723,1
0.8555383,1
0.8555383,1
0.8555383,1
0.8555383,1
0.7198569,1
0.15661,1
0.9556649,1
0.9945937,1
0.9945937,1
0.0003718118,0
0.9999803,0
0.8555383,0
0.8555383,0
0.5328541,0
0.005338276,0
4.605179e-06,0
0.0003718118,0
0.0003718118,0
4.605179e-06,0
0.0001960519,0
1.252072e-05,0
0.0003067574,0
0.000252904,0
2.88422e-06,0
3.160264e-07,0
3.77547e-09,0
0.0001743033,0
3.321639e-08,0
1.131261e-07,0
0.05096138,0
4.137318e-07,0
1.83554e-10,0
0.8555383,0
0.8555383,0
4.429483e-07,0
0.0003782696,0
6.847653e-05,0
1.220349e-07,0
0.01100036,0
0.05295989,0
0.0001265239,0
0.0004425278,0
2.000168e-05,0
0.02921925,0
1.220349e-07,0
