Score,Label
0.00366257,1
0.9999998,1
0.999971,1
0.00366257,1
0.9999998,1
0.00366257,1
0.999971,1
0.00366257,1
0.999911,1
0.9188197,1
0.9999341,1
0.997946,1
0.997946,1
0.9999959,1
0.00366257,1
0.9999998,1
0.999971,1
0.00366257,1
0.9999998,1
0.00366257,1
0.999971,1
0.00366257,1
0.002317387,1
0.999792,1
0.002317387,1
0.002317387,1
0.999792,1
0.002317387,1
0.9996131,1
0.9999974,1
0.9999974,1
0.699691,1
0.999911,1
0.699691,1
0.999911,1
0.699691,1
0.8902172,1
0.699691,1
0.4471542,1
0.272807,1
0.8732966,1
0.9999728,1
0.699691,1
0.699691,1
0.699691,1
0.272807,1
0.9997833,1
0.9188197,1
0.9999341,1
0.9999341,1
0.006623015,1
0.9771377,1
0.1703553,1
0.001887785,0
0.272807,0
0.699691,0
0.699691,0
0.001887785,0
0.699691,0
0.272807,0
0.001887785,0
0.272807,0
0.699691,0
0.002317387,0
0.001887785,0
0.002317387,0
0.699691,0
0.272807,0
0.272807,0
0.272807,0
0.272807,0
0.272807,0
0.001887785,0
0.272807,0
0.272807,0
0.272807,0
0.003468768,0
0.272807,0
0.699691,0
0.001887785,0
0.699691,0
0.699691,0
0.699691,0
0.272807,0
0.272807,0
0.699691,0
0.001887785,0
0.001887785,0
0.272807,0
0.699691,0
0.699691,0
0.272807,0
0.272807,0
0.272807,0
0.699691,0
0.001887785,0
0.272807,0
0.272807,0
0.002317387,0
0.002317387,0
0.272807,0
0.001887785,0
0.272807,0
0.272807,0
0.002317387,0
0.272807,0
