Score,Label
1,1
1,1
0.9999825,1
0.9999945,1
0.9997009,1
0.9999999,1
1,1
1,1
0.9999998,1
1,1
2.231206e-10,0
6.672461e-05,0
6.672461e-05,0
2.193399e-05,0
6.672461e-05,0
4.266448e-07,0
7.650666e-06,0
7.301234e-07,0
0.2058877,0
6.672461e-05,0
