Score,Label
0.4522858,1
0.9990758,1
0.9990758,1
1,1
1,1
0.9990758,1
9.233401e-08,0
9.233401e-08,0
8.699953e-05,0
8.819596e-05,0
9.233401e-08,0
0.00158102,0
9.233401e-08,0
0.00158102,0
8.819596e-05,0
0.00158102,0
8.819596e-05,0
8.819596e-05,0
