Score,Label
0.5998256,1
0.9825298,1
0.4923526,1
0.999243,1
0.999243,1
0.999243,1
0.999243,1
0.999243,1
0.999243,1
0.999736,1
1,1
1,1
1,1
1,1
0.0006413574,1
0.001878747,1
0.0006413574,1
0.001878747,1
0.001878747,0
0.09090834,0
0.09090834,0
0.09090834,0
0.09090834,0
0.00067239,0
0.00067239,0
0.09090834,0
0.00067239,0
0.09090834,0
0.09090834,0
0.5998256,0
0.0009459778,0
0.5998256,0
0.6833556,0
0.09090834,0
0.001878747,0
0.001878747,0
0.001878747,0
0.09090834,0
0.09090834,0
0.09090834,0
0.00067239,0
0.09090834,0
0.0002072701,0
0.6833556,0
0.0006413574,0
0.0002072701,0
0.0145129,0
0.09090834,0
0.00067239,0
0.5998256,0
0.6833556,0
0.09090834,0
0.09090834,0
0.0006413574,0
