Score,Label
1.14015e-05,1
0.9960626,1
0.001968881,1
1,1
1,1
0.9999908,1
0.9999908,1
1.572146e-09,0
1.572146e-09,0
8.296491e-07,0
1.572146e-09,0
8.296491e-07,0
0.8695355,0
0.001968881,0
0.9960626,0
1.572146e-09,0
1.448147e-08,0
8.296491e-07,0
1.572146e-09,0
1.572146e-09,0
0.1655141,0
