Score,Label
0.01146601,1
0.01152676,1
0.2662161,1
0.9997079,1
0.9997079,1
0.9997079,1
0.5533602,1
0.0413144,1
0.9997079,1
0.9997079,1
0.9419193,1
0.09905892,0
0.01944823,0
2.662254e-05,0
0.09905892,0
0.09905892,0
0.09905892,0
3.933591e-05,0
0.09905892,0
0.01146601,0
0.001040392,0
0.09905892,0
2.662254e-05,0
3.933591e-05,0
3.933591e-05,0
3.933591e-05,0
0.001040392,0
0.09905892,0
0.01146601,0
3.933591e-05,0
0.09905892,0
2.662254e-05,0
0.01146601,0
