Score,Label
0.00061876,1
0.06136293,1
0.900332,1
0.900332,1
0.8289129,1
0.002333708,1
1.517592e-05,1
0.007217769,1
0.9128624,1
0.001815694,1
0.6958436,1
0.9035827,1
1.863429e-09,1
0.001493818,1
1.863429e-09,1
0.01419921,1
0.8145028,1
1.621054e-05,1
0.2784316,1
0.1239356,1
0.1239356,1
0.1594467,1
0.01465791,1
0.0001195396,1
0.0001195396,1
0.0229987,1
0.1594467,1
0.0006699705,1
0.8463911,1
2.59764e-05,1
1.863429e-09,1
0.0005259025,1
1.863429e-09,1
1.863429e-09,1
1.863429e-09,1
1.863429e-09,1
1.863429e-09,1
1.863429e-09,1
1.863429e-09,1
1.863429e-09,1
1.863429e-09,1
1.863429e-09,1
1.863429e-09,1
0.8205905,1
0.0008566236,1
0.0001303521,1
0.001377991,1
0.001377991,1
1.774702e-09,1
0.9354767,1
1.774702e-09,1
0.001120755,1
0.940545,1
0.9184021,1
0.9575542,1
5.706895e-10,1
0.9454349,1
5.706895e-10,1
5.706895e-10,1
5.706895e-10,1
5.706895e-10,1
5.706895e-10,1
5.706895e-10,1
5.706895e-10,1
5.706895e-10,1
9.766781e-05,1
5.706895e-10,1
5.706895e-10,1
5.706895e-10,1
3.490785e-05,0
0.002156095,0
6.736458e-05,0
6.623909e-12,0
8.630113e-07,0
2.246376e-05,0
0.02711591,0
2.0244e-10,0
0.934689,0
2.0244e-10,0
0.0003012754,0
0.0001708625,0
0.0008034564,0
2.0244e-10,0
0.02752236,0
0.0008360966,0
6.736458e-05,0
1.863429e-09,0
3.490785e-05,0
2.0244e-10,0
0.7052931,0
0.1279347,0
2.0244e-10,0
0.934689,0
0.934689,0
0.0002883006,0
3.490785e-05,0
6.623909e-12,0
2.0244e-10,0
3.490785e-05,0
0.0008360966,0
0.0017826,0
1.341983e-09,0
2.0244e-10,0
0.001638718,0
0.711101,0
5.106005e-06,0
0.6828637,0
0.0002883006,0
2.0244e-10,0
0.001906265,0
1.863429e-09,0
0.934689,0
6.623909e-12,0
8.630113e-07,0
0.0008360966,0
6.623909e-12,0
0.3918184,0
0.0001334816,0
0.08111989,0
0.001896441,0
0.934689,0
6.623909e-12,0
5.706895e-10,0
2.0244e-10,0
2.0244e-10,0
0.1279347,0
2.0244e-10,0
3.490785e-05,0
0.949317,0
5.706895e-10,0
0.0001708625,0
0.3918184,0
0.002054897,0
5.816744e-05,0
0.3918184,0
3.490785e-05,0
1.863429e-09,0
2.0244e-10,0
