Score,Label
0.9086905,1
6.007755e-05,1
2.922953e-05,1
0.0003304727,1
6.007755e-05,1
0.6983823,1
6.622261e-10,1
1.374838e-09,1
0.001484677,1
1.568614e-05,1
0.001899998,1
1.435176e-08,1
0.2130037,1
6.891822e-07,1
3.691536e-07,1
6.784819e-07,1
8.101458e-09,1
2.819425e-08,1
0.3332062,1
0.4843988,1
0.002783566,1
0.002783566,1
1.839717e-05,1
0.02175985,1
0.0007082077,1
0.3332062,1
0.9806881,1
0.1027041,1
0.2155882,1
0.9850047,1
0.0002836683,1
0.9850047,1
0.9850047,1
0.9850047,1
0.9850047,1
0.9850047,1
0.9999419,1
0.9850047,1
0.9850047,1
0.9850047,1
0.9850047,1
0.9850047,1
0.876087,1
5.643662e-07,1
0.0004829812,1
0.0001240163,1
8.883012e-12,1
0.9906664,1
8.883012e-12,1
0.0001240163,1
0.03935089,1
0.4963228,1
8.622259e-10,1
0.5347772,1
8.622259e-10,1
8.622259e-10,1
8.622259e-10,1
8.622259e-10,1
8.622259e-10,1
8.622259e-10,1
8.622259e-10,1
0.9717765,1
8.622259e-10,1
8.622259e-10,1
8.622259e-10,1
0.003232635,0
9.371832e-16,0
2.070427e-18,0
8.883012e-12,0
0.0004047801,0
0.0006940757,0
0.002327479,0
1.694123e-05,0
1.435176e-08,0
1.435176e-08,0
0.9534101,0
0.003524646,0
0.9577838,0
0.9970176,0
0.003130206,0
2.070427e-18,0
3.010245e-13,0
2.070427e-18,0
0.0006940757,0
0.02639325,0
7.034725e-07,0
0.0003807395,0
2.070427e-18,0
0.002327479,0
0.002616046,0
7.308445e-12,0
3.010245e-13,0
2.070427e-18,0
2.070427e-18,0
0.03887252,0
2.070427e-18,0
0.9577838,0
0.9577838,0
3.648201e-06,0
2.070427e-18,0
2.070427e-18,0
2.070427e-18,0
2.070427e-18,0
7.308445e-12,0
3.010245e-13,0
3.010245e-13,0
9.371832e-16,0
0.002327479,0
0.9577838,0
0.01388514,0
2.070427e-18,0
0.02639325,0
3.582349e-10,0
2.070427e-18,0
0.02639325,0
0.002327479,0
0.009093399,0
0.009093399,0
9.371832e-16,0
2.070427e-18,0
6.89955e-10,0
3.010245e-13,0
3.648201e-06,0
0.6771685,0
2.070427e-18,0
0.974188,0
3.010245e-13,0
3.691536e-07,0
0.009093399,0
0.0006940757,0
