Score,Label
0.9836031,1
0.05943776,1
0.03147289,1
0.00524734,1
0.9879518,1
8.664635e-05,1
0.01795291,1
0.9858508,1
1.967101e-05,1
0.9922693,1
1.967101e-05,1
0.09778732,1
0.1304521,1
0.007836182,1
3.439418e-06,1
0.02113152,1
0.034535,1
0.9912347,1
0.05487733,1
0.006080064,1
0.1770254,1
0.9495325,1
0.03976871,1
0.0001148049,1
0.9960594,1
0.9490758,1
0.9960594,1
0.9960594,1
0.9960594,1
0.9960594,1
0.9960594,1
0.9960594,1
0.9960594,1
0.9960594,1
0.006238406,1
7.280838e-06,1
0.989985,1
0.0005800121,1
0.3930793,1
2.235378e-06,1
0.03461161,1
0.04591395,1
0.03461161,1
0.5386512,1
0.02461666,1
0.9940308,1
0.9940308,1
0.9940308,1
0.9940308,1
0.9940308,1
0.9940308,1
0.9940308,1
0.9940308,1
3.92489e-05,1
0.9940308,1
0.014893,0
7.581961e-06,0
1.656874e-11,0
0.9521129,0
0.0008592665,0
0.9514987,0
0.0001118106,0
0.0001924557,0
3.733111e-22,0
7.581961e-06,0
0.0006361076,0
0.985988,0
0.9879299,0
0.03461161,0
4.365677e-06,0
0.9847308,0
0.9835814,0
3.733111e-22,0
0.002369113,0
3.733111e-22,0
7.421476e-10,0
0.9648821,0
0.01790654,0
7.581961e-06,0
0.0008592665,0
0.2002968,0
0.7328873,0
7.581961e-06,0
0.9855784,0
3.733111e-22,0
0.01234789,0
7.581961e-06,0
1.656874e-11,0
1.136953e-05,0
0.0005184729,0
0.002439903,0
0.01336816,0
0.9521129,0
3.733111e-22,0
7.581961e-06,0
0.000467336,0
1.656874e-11,0
0.9521129,0
0.0001118106,0
7.421476e-10,0
0.009978547,0
7.581961e-06,0
6.534814e-06,0
0.0117991,0
0.0006598684,0
1.656874e-11,0
4.283603e-05,0
2.005161e-07,0
0.01336816,0
4.365677e-06,0
