Score,Label
3.432583e-05,1
0.01001752,1
0.01919674,1
0.01919674,1
0.9855115,1
0.9749555,1
0.9855115,1
0.9573045,1
0.001735252,1
1.038179e-07,1
0.9996351,1
9.086677e-06,1
0.6931006,1
4.166959e-06,1
3.432583e-05,1
4.166959e-06,1
1.152231e-06,1
1.152231e-06,1
6.604987e-06,1
3.314404e-06,1
0.107378,1
7.953018e-07,1
0.1232862,1
0.1232862,1
0.6818522,1
0.890916,1
0.9938428,1
0.9986414,1
0.890916,1
0.890916,1
0.8590938,1
0.06988584,1
0.9373074,1
4.166959e-06,1
1.32497e-05,1
4.166959e-06,1
4.166959e-06,1
4.166959e-06,1
4.166959e-06,1
4.166959e-06,1
4.166959e-06,1
4.166959e-06,1
4.166959e-06,1
4.166959e-06,1
4.166959e-06,1
4.166959e-06,1
1.955298e-07,1
1.955298e-07,1
1.691441e-08,1
0.7258319,1
0.7258319,1
1.386602e-09,1
0.4261296,1
1.386602e-09,1
0.4261296,1
0.657968,1
0.0001704013,1
4.791096e-11,1
4.791096e-11,1
4.791096e-11,1
4.791096e-11,1
4.791096e-11,1
4.791096e-11,1
4.791096e-11,1
4.791096e-11,1
4.791096e-11,1
4.791096e-11,1
4.791096e-11,1
4.791096e-11,1
0.9979581,0
0.005998416,0
0.01807063,0
9.912995e-06,0
0.001628025,0
1.118913e-16,0
3.016101e-09,0
4.166959e-06,0
3.939908e-10,0
9.370862e-05,0
0.007198816,0
5.483931e-19,0
0.005998416,0
0.9491876,0
4.166959e-06,0
5.483931e-19,0
5.483931e-19,0
0.5922854,0
5.483931e-19,0
8.640987e-05,0
0.6394107,0
7.724448e-10,0
0.0001035328,0
5.483931e-19,0
0.001628025,0
0.9723808,0
0.9491876,0
4.166959e-06,0
3.939908e-10,0
9.789941e-06,0
5.483931e-19,0
5.483931e-19,0
9.789941e-06,0
1.892732e-11,0
5.483931e-19,0
0.005998416,0
5.483931e-19,0
1.118913e-16,0
2.714706e-06,0
0.9491876,0
6.97197e-07,0
0.9491876,0
1.892732e-11,0
0.0001894526,0
1.864246e-06,0
0.8741997,0
1.044531e-05,0
1.044531e-05,0
0.005998416,0
5.483931e-19,0
0.9491876,0
4.181737e-07,0
4.166959e-06,0
0.99843,0
1.386602e-09,0
4.166959e-06,0
0.005998416,0
3.917708e-06,0
9.370862e-05,0
0.9723808,0
0.0001669796,0
0.002641769,0
5.483931e-19,0
0.01026521,0
0.9491876,0
3.016101e-09,0
1.892732e-11,0
1.864246e-06,0
8.640987e-05,0
