Score,Label
1,1
0.00089334,1
0.3333729,1
1,1
1,1
0.9992074,1
0.9998344,1
1,1
1,1
4.569838e-06,0
4.569838e-06,0
0.0003375311,0
4.569838e-06,0
4.569838e-06,0
7.055068e-05,0
1.604027e-05,0
4.569838e-06,0
1.604027e-05,0
