Score,Label
0.002575849,1
0.0008091551,1
1,1
1,1
1,1
1,1
0.9999945,1
0.9999945,1
0.9999999,1
1,1
0.9998548,1
1,1
0.9999999,1
0.0005472644,1
0.007525859,1
1,1
1,1
0.1994658,0
0.0006854437,0
0.1994658,0
0.0004728328,0
0.0004728328,0
0.0004728328,0
0.0004728328,0
0.9999999,0
0.002575849,0
0.002575849,0
0.002575849,0
0.0006854437,0
0.002575849,0
0.002575849,0
0.0004728328,0
0.002575849,0
0.1994658,0
