Score,Label
0.01433196,1
1,1
1,1
0.9998804,1
0.9998804,1
0.9999831,1
1,1
0.9998804,1
0.9998804,1
0.9999894,1
0.9999666,1
0.9690121,1
0.01433196,1
0.000832081,1
0.9916203,1
0.9996017,1
0.9999894,1
0.996725,1
0.01433196,1
0.1176329,0
0.0005238177,0
0.0003327426,0
0.0004915129,0
0.0009726167,0
0.1176329,0
0.0004915129,0
0.001317222,0
0.0004915129,0
0.1176329,0
0.001324835,0
0.001324835,0
0.1176329,0
0.0004915129,0
0.0004915129,0
0.1176329,0
0.0004915129,0
0.0009726167,0
0.0005238177,0
