Score,Label
0.0006064374,1
0.4842643,1
0.9995659,1
0.9991773,1
0.9991773,1
0.9991773,1
0.9997781,1
0.9409524,1
0.9991773,1
0.9851663,1
0.9997649,1
0.6955132,1
0.9851663,1
0.9851663,1
0.9851663,1
0.9851663,1
0.9993634,1
0.9584909,1
0.9996307,1
0.9960877,1
0.9960877,1
0.9695131,1
0.9960877,1
0.9997378,1
0.9960877,1
0.9993634,1
0.3902779,1
0.0006064374,1
0.4842643,1
0.9982931,1
0.9409524,1
0.9682405,1
0.9999683,1
0.9682405,1
0.4503715,1
0.9682405,1
0.9682405,1
0.9993634,1
0.1250246,0
0.003088799,0
0.1250246,0
0.003088799,0
0.1250246,0
0.003088799,0
0.1250246,0
0.1250246,0
0.1250246,0
0.1250246,0
0.0006064374,0
0.1250246,0
0.1250246,0
0.003088799,0
0.0006127181,0
0.4842643,0
0.1250246,0
0.0006127181,0
0.003088799,0
0.1250246,0
0.1250246,0
0.1250246,0
0.003088799,0
0.4842643,0
0.003088799,0
0.4842643,0
0.0006127181,0
0.0006064374,0
0.003088799,0
0.003088799,0
0.003088799,0
0.003088799,0
0.1250246,0
0.1250246,0
0.003088799,0
0.003088799,0
0.003088799,0
0.1250246,0
