Score,Label
0.6598347,1
3.197316e-11,1
3.197316e-11,1
3.197316e-11,1
3.197316e-11,1
3.197316e-11,1
3.197316e-11,1
3.197316e-11,1
3.197316e-11,1
3.197316e-11,1
3.197316e-11,1
3.197316e-11,1
3.197316e-11,1
3.197316e-11,1
3.197316e-11,1
3.197316e-11,1
3.197316e-11,1
3.197316e-11,1
3.197316e-11,1
3.197316e-11,1
3.197316e-11,1
3.197316e-11,1
0.8797728,1
0.003061711,1
0.003061711,1
0.003061711,1
0.003061711,1
0.003061711,1
0.003061711,1
0.003061711,1
0.003061711,1
0.003061711,1
0.003061711,1
0.003061711,1
0.003061711,1
0.003061711,1
0.003061711,1
0.003061711,1
0.003061711,1
0.003061711,1
0.003061711,1
0.003061711,1
0.003061711,1
0.003061711,1
0.8797728,1
0.8797728,1
0.8797728,1
0.8797728,1
0.8797728,1
0.8797728,1
3.87466e-11,0
3.87466e-11,0
3.87466e-11,0
0.002850396,0
3.87466e-11,0
0.000887498,0
3.87466e-11,0
0.9094632,0
0.07823701,0
0.000887498,0
0.003460681,0
8.555592e-05,0
3.87466e-11,0
3.87466e-11,0
3.87466e-11,0
0.002850396,0
3.87466e-11,0
0.4239702,0
1.339284e-07,0
3.87466e-11,0
3.87466e-11,0
0.001079135,0
1.12733e-06,0
3.87466e-11,0
3.87466e-11,0
1.611817e-10,0
8.555592e-05,0
0.9999044,0
1.339284e-07,0
1.339284e-07,0
3.87466e-11,0
3.87466e-11,0
3.87466e-11,0
0.9094632,0
1.611817e-10,0
3.87466e-11,0
8.896762e-07,0
3.87466e-11,0
3.87466e-11,0
3.87466e-11,0
3.87466e-11,0
3.87466e-11,0
1.339284e-07,0
0.9094632,0
3.87466e-11,0
3.87466e-11,0
1.534459e-05,0
3.87466e-11,0
0.001079135,0
1.611817e-10,0
1.611817e-10,0
1.611817e-10,0
3.87466e-11,0
3.87466e-11,0
3.87466e-11,0
0.001079135,0
3.87466e-11,0
0.002850396,0
3.87466e-11,0
3.87466e-11,0
3.87466e-11,0
3.87466e-11,0
3.87466e-11,0
3.87466e-11,0
3.87466e-11,0
3.87466e-11,0
3.87466e-11,0
3.87466e-11,0
3.87466e-11,0
3.87466e-11,0
3.87466e-11,0
3.87466e-11,0
0.9094632,0
1.534459e-05,0
0.000887498,0
1.611817e-10,0
3.87466e-11,0
3.87466e-11,0
0.001079135,0
1.12733e-06,0
3.87466e-11,0
3.87466e-11,0
3.87466e-11,0
3.87466e-11,0
3.87466e-11,0
3.87466e-11,0
1.339284e-07,0
3.87466e-11,0
3.87466e-11,0
0.0009270528,0
3.87466e-11,0
3.87466e-11,0
3.87466e-11,0
3.87466e-11,0
3.87466e-11,0
8.896762e-07,0
1.339284e-07,0
3.87466e-11,0
3.87466e-11,0
3.87466e-11,0
