Score,Label
1,1
1,1
1,1
1,1
1,1
1,1
1,1
1,1
1,1
1,1
1,1
1,1
1,1
1,1
1,1
1,1
1,1
1,1
1,1
1,1
0.008737438,1
0.008737438,1
0.008737438,1
0.008737438,1
0.004992658,0
1.77089e-10,0
0.0002142805,0
1.789964e-07,0
1.298169e-05,0
3.425452e-08,0
0.9408286,0
1.77089e-10,0
3.75484e-07,0
0.3138452,0
0.004992658,0
5.192668e-06,0
1.130396e-08,0
1.789964e-07,0
0.0001063551,0
0.0002228983,0
1.789964e-07,0
1.77089e-10,0
3.813715e-08,0
0.002262906,0
1.789964e-07,0
6.010192e-08,0
0.3138452,0
0.0001063551,0
5.66383e-05,0
0.3138452,0
0.007412193,0
5.192668e-06,0
3.813715e-08,0
1.239679e-05,0
7.359421e-06,0
0.9408286,0
1.789964e-07,0
0.0001063551,0
0.001451733,0
0.004992658,0
0.9408286,0
1.789964e-07,0
8.589156e-09,0
0.0001422568,0
0.9408286,0
0.001451733,0
7.806784e-07,0
1.789964e-07,0
6.010192e-08,0
1.77089e-10,0
0.3138452,0
1.789964e-07,0
