Score,Label
0.9919583,1
0.0003004619,1
0.0003004619,1
0.0003004619,1
0.0003004619,1
0.0003004619,1
0.0003004619,1
0.0003004619,1
0.0003004619,1
0.0003004619,1
0.0003004619,1
0.0003004619,1
0.0003004619,1
0.0003004619,1
0.1255221,1
0.0003004619,1
0.0003004619,1
0.0003004619,1
0.0003004619,1
0.0003004619,1
0.0003004619,1
0.9700342,1
1,1
1,1
1,1
1,1
1,1
1,1
1,1
1,1
1,1
1,1
1,1
1,1
1,1
0.9999999,1
1,1
1,1
1,1
1,1
1,1
1,1
0.9700342,1
0.9700342,1
0.9700342,1
0.9700342,1
0.9700342,1
0.9700342,1
6.130509e-08,0
6.130509e-08,0
6.130509e-08,0
0.000302189,0
6.732765e-08,0
6.79751e-05,0
6.130509e-08,0
6.130509e-08,0
6.130509e-08,0
6.130509e-08,0
0.001442221,0
1.856676e-05,0
6.130509e-08,0
0.1408596,0
6.130509e-08,0
6.130509e-08,0
6.130509e-08,0
6.130509e-08,0
6.130509e-08,0
4.612395e-08,0
6.130509e-08,0
0.004258663,0
6.130509e-08,0
0.0109853,0
0.0004551855,0
6.79751e-05,0
1.856676e-05,0
3.396048e-07,0
6.130509e-08,0
6.130509e-08,0
6.130509e-08,0
0.001278178,0
6.130509e-08,0
6.130509e-08,0
8.680704e-07,0
1.263075e-05,0
0.001278178,0
0.02742119,0
0.0109853,0
6.130509e-08,0
6.130509e-08,0
6.732765e-08,0
6.130509e-08,0
6.130509e-08,0
6.130509e-08,0
6.130509e-08,0
6.732765e-08,0
0.004258663,0
6.732765e-08,0
6.130509e-08,0
6.130509e-08,0
1.856676e-05,0
6.130509e-08,0
6.130509e-08,0
3.396048e-07,0
6.732765e-08,0
0.001442221,0
6.130509e-08,0
6.130509e-08,0
6.130509e-08,0
6.130509e-08,0
6.130509e-08,0
6.130509e-08,0
6.130509e-08,0
6.130509e-08,0
6.130509e-08,0
0.1408596,0
6.130509e-08,0
0.004258663,0
0.9400982,0
6.130509e-08,0
0.02742119,0
0.02742119,0
0.004258663,0
6.130509e-08,0
6.130509e-08,0
1.263075e-05,0
6.130509e-08,0
9.719546e-05,0
6.130509e-08,0
0.000302189,0
3.396048e-07,0
0.0008217561,0
6.130509e-08,0
1.856676e-05,0
6.130509e-08,0
0.001442221,0
9.719546e-05,0
6.79751e-05,0
0.001278178,0
0.9400982,0
4.326611e-05,0
6.130509e-08,0
6.130509e-08,0
0.002584132,0
0.001278178,0
