Score,Label
0.9995049,1
5.811398e-11,1
5.811398e-11,1
5.811398e-11,1
5.811398e-11,1
5.811398e-11,1
5.811398e-11,1
5.811398e-11,1
5.811398e-11,1
5.811398e-11,1
5.811398e-11,1
5.811398e-11,1
5.811398e-11,1
5.811398e-11,1
5.811398e-11,1
5.811398e-11,1
5.811398e-11,1
5.811398e-11,1
5.811398e-11,1
5.811398e-11,1
5.811398e-11,1
5.811398e-11,1
0.9647049,1
0.9997019,1
0.9997019,1
0.9997019,1
0.9997019,1
0.9997019,1
0.9997019,1
0.9997019,1
0.9997019,1
0.9997019,1
0.9997019,1
0.9997019,1
0.9997019,1
0.9997019,1
0.9997019,1
0.9997019,1
0.9997019,1
0.9997019,1
0.9997019,1
0.9997019,1
0.9997019,1
0.9997019,1
0.9647049,1
0.9647049,1
0.9647049,1
0.9647049,1
0.9647049,1
0.9647049,1
4.237107e-10,0
1.23676e-12,0
2.498109e-05,0
4.237107e-10,0
2.498109e-05,0
1.560858e-09,0
1.23676e-12,0
0.001367067,0
1.23676e-12,0
0.001474563,0
8.36994e-05,0
1.23676e-12,0
2.498109e-05,0
0.008232001,0
4.237107e-10,0
0.005989266,0
1.23676e-12,0
1.23676e-12,0
1.23676e-12,0
5.794687e-05,0
3.660479e-06,0
1.23676e-12,0
1.23676e-12,0
0.9227672,0
1.23676e-12,0
1.23676e-12,0
1.23676e-12,0
4.237107e-10,0
1.23676e-12,0
1.23676e-12,0
1.23676e-12,0
1.560858e-09,0
0.008232001,0
1.23676e-12,0
1.23676e-12,0
4.237107e-10,0
1.23676e-12,0
0.0005979554,0
1.23676e-12,0
4.237107e-10,0
0.001474563,0
1.23676e-12,0
4.237107e-10,0
1.23676e-12,0
1.23676e-12,0
2.778877e-06,0
1.23676e-12,0
1.560858e-09,0
1.23676e-12,0
1.23676e-12,0
5.777278e-05,0
1.23676e-12,0
1.23676e-12,0
3.660479e-06,0
1.23676e-12,0
5.777278e-05,0
1.23676e-12,0
2.498109e-05,0
1.23676e-12,0
2.498109e-05,0
1.23676e-12,0
1.23676e-12,0
1.23676e-12,0
1.23676e-12,0
1.23676e-12,0
1.23676e-12,0
1.23676e-12,0
4.237107e-10,0
1.23676e-12,0
0.9227672,0
0.9227672,0
1.23676e-12,0
1.560858e-09,0
4.237107e-10,0
1.23676e-12,0
0.0007178382,0
0.0007178382,0
1.23676e-12,0
1.23676e-12,0
1.23676e-12,0
1.23676e-12,0
1.560858e-09,0
4.237107e-10,0
1.23676e-12,0
4.237107e-10,0
0.0007178382,0
1.23676e-12,0
1.23676e-12,0
1.23676e-12,0
1.23676e-12,0
1.560858e-09,0
2.498109e-05,0
1.23676e-12,0
1.23676e-12,0
0.9227672,0
1.23676e-12,0
1.23676e-12,0
1.23676e-12,0
1.23676e-12,0
5.794687e-05,0
