Score,Label
0.9990294,1
1.601703e-07,1
1.601703e-07,1
1.601703e-07,1
1.601703e-07,1
1.601703e-07,1
1.601703e-07,1
1.601703e-07,1
1.601703e-07,1
1.601703e-07,1
1.601703e-07,1
1.601703e-07,1
1.601703e-07,1
1.601703e-07,1
1.601703e-07,1
1.601703e-07,1
1.601703e-07,1
1.601703e-07,1
1.601703e-07,1
1.601703e-07,1
1.601703e-07,1
1.601703e-07,1
0.7778438,1
0.9991702,1
0.9991702,1
0.9991702,1
0.9991702,1
0.9991702,1
0.9991702,1
0.9991702,1
0.9991702,1
0.9991702,1
0.9991702,1
0.9991702,1
0.9991702,1
0.9991702,1
0.9991702,1
0.9991702,1
0.9991702,1
0.9991702,1
0.9991702,1
0.9991702,1
0.9991702,1
0.9991702,1
0.7778438,1
0.7778438,1
0.7778438,1
0.7778438,1
0.7778438,1
0.7778438,1
2.688541e-07,0
6.855932e-06,0
2.688541e-07,0
2.688541e-07,0
2.688541e-07,0
2.688541e-07,0
2.688541e-07,0
2.688541e-07,0
2.395712e-06,0
2.395712e-06,0
2.688541e-07,0
2.688541e-07,0
2.688541e-07,0
0.0002629551,0
2.688541e-07,0
2.688541e-07,0
2.688541e-07,0
0.0001089514,0
0.002197044,0
2.688541e-07,0
2.688541e-07,0
2.688541e-07,0
0.0001089514,0
2.688541e-07,0
2.535051e-05,0
2.688541e-07,0
0.9285059,0
2.688541e-07,0
0.004261522,0
2.688541e-07,0
2.688541e-07,0
2.688541e-07,0
2.688541e-07,0
1.106194e-07,0
2.688541e-07,0
0.0001183097,0
2.688541e-07,0
2.688541e-07,0
2.688541e-07,0
0.01565377,0
0.001521779,0
2.688541e-07,0
2.395712e-06,0
0.0006559013,0
2.688541e-07,0
2.688541e-07,0
0.001521779,0
0.001299133,0
2.688541e-07,0
0.001071627,0
0.0001183097,0
2.688541e-07,0
1.106194e-07,0
0.9285059,0
0.0002629551,0
0.9285059,0
2.688541e-07,0
2.688541e-07,0
2.688541e-07,0
1.106194e-07,0
0.9999995,0
2.688541e-07,0
2.688541e-07,0
0.9870239,0
2.688541e-07,0
0.9285059,0
0.001071627,0
0.0001089514,0
0.9285059,0
0.0001089514,0
0.0005121651,0
2.688541e-07,0
0.0002629551,0
2.535051e-05,0
0.9285059,0
2.688541e-07,0
2.688541e-07,0
2.688541e-07,0
2.688541e-07,0
2.688541e-07,0
0.01565377,0
2.688541e-07,0
0.001521779,0
2.395712e-06,0
2.688541e-07,0
1.106194e-07,0
1.106194e-07,0
2.688541e-07,0
0.01247147,0
2.688541e-07,0
0.01565377,0
2.688541e-07,0
2.688541e-07,0
0.0001183097,0
2.395712e-06,0
2.688541e-07,0
0.001521779,0
2.688541e-07,0
0.9285059,0
2.688541e-07,0
