Score,Label
3.664481e-07,1
1.391503e-12,1
1.391503e-12,1
1.391503e-12,1
1.391503e-12,1
1.391503e-12,1
1.391503e-12,1
1.391503e-12,1
1.391503e-12,1
1.391503e-12,1
1.391503e-12,1
1.391503e-12,1
1.391503e-12,1
1.391503e-12,1
1.391503e-12,1
1.391503e-12,1
1.391503e-12,1
1.391503e-12,1
1.391503e-12,1
1.391503e-12,1
1.391503e-12,1
1.391503e-12,1
0.7022029,1
3.274843e-11,1
3.274843e-11,1
3.274843e-11,1
3.274843e-11,1
3.274843e-11,1
3.274843e-11,1
3.274843e-11,1
3.274843e-11,1
3.274843e-11,1
3.274843e-11,1
3.274843e-11,1
3.274843e-11,1
3.274843e-11,1
3.274843e-11,1
3.274843e-11,1
3.274843e-11,1
3.274843e-11,1
3.274843e-11,1
3.274843e-11,1
3.274843e-11,1
3.274843e-11,1
0.7022029,1
0.7022029,1
0.7022029,1
0.7022029,1
0.7022029,1
0.7022029,1
3.146104e-13,0
3.146104e-13,0
3.146104e-13,0
3.146104e-13,0
3.146104e-13,0
6.131576e-11,0
5.882307e-09,0
3.146104e-13,0
3.146104e-13,0
0.04248405,0
3.146104e-13,0
6.131576e-11,0
0.002314701,0
3.146104e-13,0
3.146104e-13,0
6.131576e-11,0
6.131576e-11,0
3.146104e-13,0
0.009015081,0
0.0001625649,0
0.0001625649,0
0.002332449,0
3.146104e-13,0
3.146104e-13,0
3.146104e-13,0
3.146104e-13,0
3.146104e-13,0
3.146104e-13,0
1.407545e-05,0
5.882307e-09,0
0.9439778,0
3.146104e-13,0
3.146104e-13,0
1.407545e-05,0
1.407545e-05,0
0.9439778,0
3.146104e-13,0
3.146104e-13,0
3.146104e-13,0
3.146104e-13,0
3.146104e-13,0
3.146104e-13,0
3.146104e-13,0
3.146104e-13,0
3.146104e-13,0
0.009015081,0
3.146104e-13,0
0.001005112,0
0.9439778,0
5.882307e-09,0
3.146104e-13,0
1.270355e-07,0
3.146104e-13,0
3.146104e-13,0
3.146104e-13,0
3.146104e-13,0
6.131576e-11,0
3.146104e-13,0
3.146104e-13,0
3.146104e-13,0
0.9860794,0
3.146104e-13,0
0.0001338326,0
1.603339e-07,0
0.9999746,0
0.9439778,0
0.9439778,0
3.146104e-13,0
3.146104e-13,0
3.146104e-13,0
6.131576e-11,0
3.146104e-13,0
1.407545e-05,0
3.146104e-13,0
3.146104e-13,0
0.0001338326,0
3.146104e-13,0
3.146104e-13,0
3.146104e-13,0
0.009015081,0
0.9439778,0
0.04248405,0
0.0006682153,0
3.146104e-13,0
3.146104e-13,0
3.146104e-13,0
3.146104e-13,0
6.131576e-11,0
3.146104e-13,0
3.146104e-13,0
3.146104e-13,0
3.146104e-13,0
0.009015081,0
3.146104e-13,0
3.146104e-13,0
6.308321e-06,0
1.270355e-07,0
0.000959372,0
6.131576e-11,0
2.38166e-08,0
