Score,Label
0.9241631,1
1.326766e-10,1
1.326766e-10,1
1.326766e-10,1
1.326766e-10,1
1.326766e-10,1
1.326766e-10,1
1.326766e-10,1
1.326766e-10,1
1.326766e-10,1
1.326766e-10,1
1.326766e-10,1
1.326766e-10,1
1.326766e-10,1
1.326766e-10,1
1.326766e-10,1
1.326766e-10,1
1.326766e-10,1
1.326766e-10,1
1.326766e-10,1
1.326766e-10,1
1.326766e-10,1
0.794688,1
0.9976038,1
0.9976038,1
0.9976038,1
0.9976038,1
0.9976038,1
0.9976038,1
0.9976038,1
0.9976038,1
0.9976038,1
0.9976038,1
0.9976038,1
0.9976038,1
0.9976038,1
0.9976038,1
0.9976038,1
0.9976038,1
0.9976038,1
0.9976038,1
0.9976038,1
0.9976038,1
0.9976038,1
0.794688,1
0.794688,1
0.794688,1
0.794688,1
0.794688,1
0.794688,1
2.016319e-10,0
2.016319e-10,0
2.016319e-10,0
3.566554e-09,0
0.0007449002,0
1.03003e-05,0
0.002711025,0
1.011965e-07,0
0.001016573,0
4.002972e-08,0
1.03003e-05,0
2.016319e-10,0
1.03003e-05,0
1.03003e-05,0
0.9292886,0
4.002972e-08,0
0.002021991,0
0.002711025,0
2.016319e-10,0
3.566554e-09,0
0.007001093,0
2.016319e-10,0
4.002972e-08,0
1.03003e-05,0
3.566554e-09,0
1.03003e-05,0
1.011965e-07,0
4.002972e-08,0
3.566554e-09,0
2.016319e-10,0
2.016319e-10,0
0.007001093,0
4.002972e-08,0
1.259689e-06,0
2.016319e-10,0
2.016319e-10,0
2.016319e-10,0
1.682614e-06,0
2.016319e-10,0
2.016319e-10,0
2.016319e-10,0
1.682614e-06,0
0.002711025,0
0.9292886,0
1.682614e-06,0
2.016319e-10,0
2.016319e-10,0
3.566554e-09,0
4.002972e-08,0
2.016319e-10,0
0.9292886,0
2.016319e-10,0
2.016319e-10,0
2.016319e-10,0
0.0001698267,0
2.016319e-10,0
2.016319e-10,0
2.016319e-10,0
2.016319e-10,0
2.016319e-10,0
0.002711025,0
2.016319e-10,0
1.682614e-06,0
2.016319e-10,0
2.016319e-10,0
2.016319e-10,0
2.016319e-10,0
2.016319e-10,0
0.0007449002,0
3.566554e-09,0
0.0012149,0
2.016319e-10,0
0.0004492339,0
1.259689e-06,0
1.682614e-06,0
0.007001093,0
2.016319e-10,0
0.0012149,0
2.016319e-10,0
0.002711025,0
2.016319e-10,0
2.016319e-10,0
4.002972e-08,0
2.016319e-10,0
2.016319e-10,0
0.0007449002,0
2.016319e-10,0
0.002711025,0
2.016319e-10,0
1.011965e-07,0
2.016319e-10,0
4.002972e-08,0
2.016319e-10,0
2.016319e-10,0
2.016319e-10,0
2.016319e-10,0
3.566554e-09,0
2.016319e-10,0
2.016319e-10,0
1.03003e-05,0
