Score,Label
0.07635467,1
1.942909e-07,1
1.942909e-07,1
1.942909e-07,1
1.942909e-07,1
1.942909e-07,1
1.942909e-07,1
1.942909e-07,1
1.942909e-07,1
1.942909e-07,1
1.942909e-07,1
1.942909e-07,1
1.942909e-07,1
1.942909e-07,1
1.942909e-07,1
1.942909e-07,1
1.942909e-07,1
1.942909e-07,1
1.942909e-07,1
1.942909e-07,1
1.942909e-07,1
1.942909e-07,1
0.7065875,1
0.0274754,1
0.0274754,1
0.0274754,1
0.0274754,1
0.0274754,1
0.0274754,1
0.0274754,1
0.0274754,1
0.0274754,1
0.0274754,1
0.0274754,1
0.0274754,1
0.0274754,1
0.0274754,1
0.0274754,1
0.0274754,1
0.0274754,1
0.0274754,1
0.0274754,1
0.0274754,1
0.0274754,1
0.7065875,1
0.7065875,1
0.7065875,1
0.7065875,1
0.7065875,1
0.7065875,1
3.543744e-09,0
4.060557e-05,0
2.182178e-06,0
3.543744e-09,0
3.543744e-09,0
3.543744e-09,0
2.182178e-06,0
0.00920315,0
0.00920315,0
4.452645e-05,0
3.543744e-09,0
0.00552412,0
0.0002630943,0
3.543744e-09,0
0.9326202,0
0.00920315,0
0.0002630943,0
3.543744e-09,0
4.452645e-05,0
2.182178e-06,0
3.543744e-09,0
0.00920315,0
3.543744e-09,0
7.004854e-06,0
4.060557e-05,0
7.004854e-06,0
7.004854e-06,0
3.543744e-09,0
3.543744e-09,0
2.182178e-06,0
0.9326202,0
3.543744e-09,0
3.543744e-09,0
3.543744e-09,0
3.543744e-09,0
3.543744e-09,0
3.543744e-09,0
0.9326202,0
3.543744e-09,0
0.0003974611,0
3.543744e-09,0
3.543744e-09,0
3.543744e-09,0
3.543744e-09,0
3.543744e-09,0
0.001847395,0
0.003536536,0
3.543744e-09,0
3.543744e-09,0
3.543744e-09,0
3.543744e-09,0
4.060557e-05,0
0.1469134,0
3.543744e-09,0
0.9326202,0
2.182178e-06,0
3.543744e-09,0
3.543744e-09,0
3.543744e-09,0
3.543744e-09,0
3.543744e-09,0
0.0005855142,0
4.060557e-05,0
3.543744e-09,0
0.001847395,0
2.182178e-06,0
3.543744e-09,0
3.543744e-09,0
3.543744e-09,0
0.001847395,0
3.543744e-09,0
0.0003826126,0
3.543744e-09,0
2.182178e-06,0
0.001847395,0
2.182178e-06,0
3.543744e-09,0
3.543744e-09,0
4.452645e-05,0
3.543744e-09,0
0.001847395,0
0.0003826126,0
0.00933676,0
3.543744e-09,0
3.543744e-09,0
3.543744e-09,0
3.543744e-09,0
3.543744e-09,0
3.543744e-09,0
3.543744e-09,0
4.060557e-05,0
4.060557e-05,0
3.543744e-09,0
2.182178e-06,0
3.543744e-09,0
3.543744e-09,0
3.543744e-09,0
3.543744e-09,0
0.9326202,0
0.003536536,0
