Score,Label
0.2619556,1
0.2619556,1
0.2619556,1
0.2619556,1
0.2619556,1
0.2619556,1
0.2619556,1
0.2619556,1
0.2619556,1
0.2619556,1
0.2619556,1
0.2619556,1
0.2619556,1
0.2619556,1
0.2619556,1
0.2619556,1
0.02761614,1
0.7184841,1
0.02761614,1
0.02761614,1
0.02761614,1
0.02761614,1
0.2619556,1
0.2619556,1
0.2619556,1
0.2619556,1
0.2619556,1
0.2619556,1
0.2619556,1
0.2619556,1
0.2619556,1
0.2619556,1
0.2619556,1
0.2619556,1
0.2619556,1
0.2619556,1
0.2619556,1
0.2619556,1
0.1505128,1
0.1505128,1
0.1505128,1
0.1505128,1
0.1505128,1
0.1505128,1
0.1505128,1
0.1505128,1
0.1505128,1
0.1505128,1
0.1505128,1
0.1505128,1
0.01274897,1
0.1505128,1
0.1505128,1
0.1505128,1
0.1505128,1
0.3708037,1
0.02761614,1
5.848246e-05,0
5.848246e-05,0
6.963545e-06,0
0.7184841,0
0.002467782,0
6.260256e-06,0
6.963545e-06,0
0.0001070211,0
8.850094e-05,0
6.260256e-06,0
6.963545e-06,0
6.963545e-06,0
6.260256e-06,0
5.848246e-05,0
6.963545e-06,0
5.848246e-05,0
5.848246e-05,0
5.848246e-05,0
0.7184841,0
5.848246e-05,0
5.848246e-05,0
5.848246e-05,0
5.848246e-05,0
5.848246e-05,0
8.850094e-05,0
5.848246e-05,0
6.963545e-06,0
0.002467782,0
6.963545e-06,0
5.848246e-05,0
5.848246e-05,0
5.848246e-05,0
5.848246e-05,0
6.260256e-06,0
1.137667e-05,0
6.260256e-06,0
5.848246e-05,0
5.848246e-05,0
6.260256e-06,0
6.260256e-06,0
4.922509e-05,0
5.848246e-05,0
5.848246e-05,0
5.848246e-05,0
6.963545e-06,0
8.850094e-05,0
1.099775e-05,0
6.963545e-06,0
5.848246e-05,0
5.848246e-05,0
6.260256e-06,0
5.848246e-05,0
6.963545e-06,0
0.7184841,0
6.963545e-06,0
0.7184841,0
0.0001070211,0
1.154285e-05,0
0.7184841,0
6.260256e-06,0
8.850094e-05,0
6.260256e-06,0
6.260256e-06,0
0.7184841,0
5.848246e-05,0
8.850094e-05,0
6.260256e-06,0
0.001768694,0
8.850094e-05,0
6.963545e-06,0
1.154285e-05,0
5.848246e-05,0
5.848246e-05,0
5.848246e-05,0
8.850094e-05,0
8.850094e-05,0
5.848246e-05,0
5.848246e-05,0
0.7184841,0
5.848246e-05,0
0.7184841,0
6.260256e-06,0
5.848246e-05,0
0.7184841,0
1.154285e-05,0
6.963545e-06,0
0.7184841,0
6.963545e-06,0
0.002467782,0
6.963545e-06,0
6.260256e-06,0
4.922509e-05,0
6.963545e-06,0
6.260256e-06,0
1.154285e-05,0
0.7184841,0
5.848246e-05,0
0.002467782,0
0.7184841,0
1.154285e-05,0
6.963545e-06,0
0.001768694,0
5.848246e-05,0
0.7184841,0
6.260256e-06,0
5.848246e-05,0
5.848246e-05,0
8.850094e-05,0
5.848246e-05,0
5.848246e-05,0
0.7184841,0
5.848246e-05,0
6.260256e-06,0
1.154285e-05,0
