Score,Label
0.6492519,1
0.6492519,1
0.6492519,1
0.6492519,1
0.6492519,1
0.6492519,1
0.6492519,1
0.6492519,1
0.6492519,1
0.6492519,1
0.6492519,1
0.6492519,1
0.6492519,1
0.6492519,1
0.6492519,1
0.6492519,1
0.002253333,1
0.7286228,1
0.002253333,1
0.002253333,1
0.002253333,1
0.002253333,1
0.6492519,1
0.6492519,1
0.6492519,1
0.6492519,1
0.6492519,1
0.6492519,1
0.6492519,1
0.6492519,1
0.6492519,1
0.6492519,1
0.6492519,1
0.6492519,1
0.6492519,1
0.6492519,1
0.6492519,1
0.6492519,1
0.8174533,1
0.8174533,1
0.8174533,1
0.8174533,1
0.8174533,1
0.8174533,1
0.8174533,1
0.8174533,1
0.8174533,1
0.8174533,1
0.8174533,1
0.8174533,1
0.0832758,1
0.8174533,1
0.8174533,1
0.8174533,1
0.8174533,1
0.8686503,1
0.002253333,1
7.608247e-06,0
0.003102287,0
4.344261e-05,0
0.7286228,0
7.608247e-06,0
4.344261e-05,0
4.344261e-05,0
4.344261e-05,0
7.608247e-06,0
0.7286228,0
0.0008515769,0
4.344261e-05,0
1.132271e-05,0
7.608247e-06,0
0.0001223946,0
1.132271e-05,0
0.7286228,0
0.7286228,0
0.0001223946,0
4.344261e-05,0
0.7286228,0
7.608247e-06,0
0.7286228,0
1.132271e-05,0
0.0006917541,0
4.344261e-05,0
4.344261e-05,0
0.0001223946,0
4.344261e-05,0
1.132271e-05,0
7.608247e-06,0
7.608247e-06,0
0.0002441741,0
0.0006917541,0
0.0001448167,0
0.0001223946,0
0.003102287,0
0.7286228,0
4.344261e-05,0
4.344261e-05,0
4.344261e-05,0
4.344261e-05,0
4.344261e-05,0
0.0008515769,0
4.344261e-05,0
1.132271e-05,0
4.344261e-05,0
7.608247e-06,0
0.0003151637,0
0.0003313298,0
0.7286228,0
1.569182e-05,0
1.132271e-05,0
0.0002441741,0
7.608247e-06,0
0.0002441741,0
4.344261e-05,0
0.0002441741,0
0.0001223946,0
0.0002441741,0
4.344261e-05,0
0.0002441741,0
4.344261e-05,0
4.344261e-05,0
0.0002441741,0
1.569182e-05,0
0.7286228,0
4.344261e-05,0
1.569182e-05,0
4.344261e-05,0
0.7286228,0
0.7286228,0
7.608247e-06,0
4.344261e-05,0
4.344261e-05,0
0.0002441741,0
1.132271e-05,0
0.4272339,0
7.608247e-06,0
0.7286228,0
0.0002441741,0
0.7286228,0
7.608247e-06,0
0.0001514457,0
0.0001514457,0
4.344261e-05,0
4.344261e-05,0
4.344261e-05,0
1.132271e-05,0
1.132271e-05,0
0.0008515769,0
1.132271e-05,0
1.132271e-05,0
0.7286228,0
4.344261e-05,0
0.0001448167,0
4.344261e-05,0
0.0001223946,0
0.7286228,0
0.0001223946,0
0.7286228,0
0.0001544049,0
4.344261e-05,0
7.608247e-06,0
4.344261e-05,0
1.132271e-05,0
7.608247e-06,0
7.608247e-06,0
4.344261e-05,0
0.7286228,0
0.7286228,0
0.7286228,0
4.344261e-05,0
4.344261e-05,0
