Score,Label
0.832738,1
0.832738,1
0.832738,1
0.832738,1
0.832738,1
0.832738,1
0.832738,1
0.832738,1
0.832738,1
0.832738,1
0.832738,1
0.832738,1
0.832738,1
0.832738,1
0.832738,1
0.832738,1
0.001046113,1
0.725189,1
0.001046113,1
0.001046113,1
0.001046113,1
0.001046113,1
0.832738,1
0.832738,1
0.832738,1
0.832738,1
0.832738,1
0.832738,1
0.832738,1
0.832738,1
0.832738,1
0.832738,1
0.832738,1
0.832738,1
0.832738,1
0.832738,1
0.832738,1
0.832738,1
0.4789797,1
0.4789797,1
0.4789797,1
0.4789797,1
0.4789797,1
0.4789797,1
0.4789797,1
0.4789797,1
0.4789797,1
0.4789797,1
0.4789797,1
0.4789797,1
0.00344233,1
0.4789797,1
0.4789797,1
0.4789797,1
0.4789797,1
0.9814814,1
0.001046113,1
3.865311e-05,0
1.448893e-05,0
3.865311e-05,0
3.865311e-05,0
3.865311e-05,0
1.448893e-05,0
3.865311e-05,0
0.725189,0
3.865311e-05,0
3.865311e-05,0
2.770588e-05,0
0.0001810844,0
2.001192e-05,0
0.0002748519,0
3.865311e-05,0
0.01580147,0
1.448893e-05,0
3.865311e-05,0
1.448893e-05,0
3.865311e-05,0
0.0002748519,0
2.770588e-05,0
0.0001810844,0
0.725189,0
0.001486788,0
1.448893e-05,0
3.865311e-05,0
2.001192e-05,0
0.725189,0
3.865311e-05,0
0.725189,0
2.770588e-05,0
0.0001810844,0
3.865311e-05,0
3.865311e-05,0
2.770588e-05,0
2.770588e-05,0
0.000297529,0
3.865311e-05,0
0.725189,0
3.865311e-05,0
3.865311e-05,0
3.865311e-05,0
0.725189,0
3.865311e-05,0
3.865311e-05,0
3.865311e-05,0
2.001192e-05,0
3.865311e-05,0
3.865311e-05,0
3.865311e-05,0
9.669311e-05,0
0.725189,0
3.865311e-05,0
3.865311e-05,0
0.725189,0
2.001192e-05,0
0.001486788,0
3.865311e-05,0
1.448893e-05,0
3.865311e-05,0
0.007531574,0
3.865311e-05,0
3.865311e-05,0
2.770588e-05,0
7.258867e-05,0
0.725189,0
3.865311e-05,0
3.865311e-05,0
0.725189,0
0.000627711,0
3.865311e-05,0
2.770588e-05,0
0.725189,0
0.0001810844,0
2.770588e-05,0
0.0001810844,0
2.001192e-05,0
3.865311e-05,0
3.865311e-05,0
3.865311e-05,0
0.0001810844,0
0.0001810844,0
0.01580147,0
0.725189,0
2.770588e-05,0
2.770588e-05,0
0.007531574,0
0.001486788,0
0.725189,0
2.770588e-05,0
0.725189,0
3.865311e-05,0
3.865311e-05,0
1.448893e-05,0
2.001192e-05,0
9.669311e-05,0
0.0001810844,0
3.865311e-05,0
3.865311e-05,0
0.001717422,0
0.725189,0
3.865311e-05,0
2.001192e-05,0
3.865311e-05,0
2.770588e-05,0
2.770588e-05,0
2.770588e-05,0
1.448893e-05,0
5.040756e-05,0
3.865311e-05,0
2.001192e-05,0
2.770588e-05,0
1.448893e-05,0
