Score,Label
0.3345367,1
0.3345367,1
0.3345367,1
0.3345367,1
0.3345367,1
0.3345367,1
0.3345367,1
0.3345367,1
0.3345367,1
0.3345367,1
0.3345367,1
0.3345367,1
0.3345367,1
0.3345367,1
0.3345367,1
0.3345367,1
0.003032537,1
0.7129228,1
0.003032537,1
0.003032537,1
0.003032537,1
0.003032537,1
0.3345367,1
0.3345367,1
0.3345367,1
0.3345367,1
0.3345367,1
0.3345367,1
0.3345367,1
0.3345367,1
0.3345367,1
0.3345367,1
0.3345367,1
0.3345367,1
0.3345367,1
0.3345367,1
0.3345367,1
0.3345367,1
0.02759508,1
0.02759508,1
0.02759508,1
0.02759508,1
0.02759508,1
0.02759508,1
0.02759508,1
0.02759508,1
0.02759508,1
0.02759508,1
0.02759508,1
0.02759508,1
0.01870703,1
0.02759508,1
0.02759508,1
0.02759508,1
0.02759508,1
0.1829034,1
0.003032537,1
7.056205e-05,0
7.056205e-05,0
7.056205e-05,0
0.001625121,0
8.669183e-06,0
0.7129228,0
2.816408e-05,0
0.7129228,0
0.7129228,0
7.056205e-05,0
1.013281e-05,0
7.056205e-05,0
0.7129228,0
8.669183e-06,0
1.954804e-05,0
7.056205e-05,0
0.7129228,0
0.7129228,0
0.007008038,0
0.00168888,0
7.056205e-05,0
7.056205e-05,0
7.056205e-05,0
2.816408e-05,0
8.669183e-06,0
1.013281e-05,0
7.056205e-05,0
5.083023e-05,0
7.056205e-05,0
7.056205e-05,0
1.013281e-05,0
7.056205e-05,0
7.056205e-05,0
1.013281e-05,0
0.7129228,0
8.669183e-06,0
1.013281e-05,0
0.7129228,0
8.669183e-06,0
0.7129228,0
0.007008038,0
5.083023e-05,0
0.7129228,0
0.00168888,0
1.954804e-05,0
0.7129228,0
5.083023e-05,0
1.013281e-05,0
7.056205e-05,0
7.056205e-05,0
4.784991e-05,0
0.7129228,0
7.056205e-05,0
0.7129228,0
7.056205e-05,0
7.056205e-05,0
8.669183e-06,0
7.056205e-05,0
1.013281e-05,0
7.056205e-05,0
1.013281e-05,0
7.056205e-05,0
1.954804e-05,0
0.7129228,0
7.056205e-05,0
7.056205e-05,0
0.0002096077,0
7.056205e-05,0
7.056205e-05,0
7.056205e-05,0
7.056205e-05,0
8.669183e-06,0
8.669183e-06,0
0.007008038,0
0.7129228,0
5.083023e-05,0
4.784991e-05,0
1.954804e-05,0
0.00168888,0
0.01355079,0
0.0005333048,0
8.669183e-06,0
0.01355079,0
8.669183e-06,0
7.056205e-05,0
4.41419e-05,0
7.056205e-05,0
1.013281e-05,0
0.7129228,0
0.0001916013,0
1.013281e-05,0
4.784991e-05,0
7.056205e-05,0
1.954804e-05,0
0.7129228,0
8.669183e-06,0
7.056205e-05,0
7.056205e-05,0
7.056205e-05,0
0.5593337,0
8.669183e-06,0
8.669183e-06,0
8.669183e-06,0
5.083023e-05,0
7.056205e-05,0
0.7129228,0
0.7129228,0
0.7129228,0
8.669183e-06,0
8.669183e-06,0
2.816408e-05,0
1.013281e-05,0
7.056205e-05,0
1.013281e-05,0
