Score,Label
0.3748189,1
0.3748189,1
0.3748189,1
0.3748189,1
0.3748189,1
0.3748189,1
0.3748189,1
0.3748189,1
0.3748189,1
0.3748189,1
0.3748189,1
0.3748189,1
0.3748189,1
0.3748189,1
0.3748189,1
0.3748189,1
0.00242007,1
0.6945032,1
0.00242007,1
0.00242007,1
0.00242007,1
0.00242007,1
0.3748189,1
0.3748189,1
0.3748189,1
0.3748189,1
0.3748189,1
0.3748189,1
0.3748189,1
0.3748189,1
0.3748189,1
0.3748189,1
0.3748189,1
0.3748189,1
0.3748189,1
0.3748189,1
0.3748189,1
0.3748189,1
0.122865,1
0.122865,1
0.122865,1
0.122865,1
0.122865,1
0.122865,1
0.122865,1
0.122865,1
0.122865,1
0.122865,1
0.122865,1
0.122865,1
0.03597819,1
0.122865,1
0.122865,1
0.122865,1
0.122865,1
0.5242076,1
0.00242007,1
0.0001397484,0
0.6945032,0
0.00500898,0
6.388445e-07,0
0.0002296807,0
0.0001158743,0
0.0001036483,0
0.6945032,0
0.0001104106,0
0.0001036483,0
0.0001104106,0
0.0001104106,0
0.6945032,0
0.01001706,0
0.0001104106,0
0.0001104106,0
2.049459e-06,0
2.049459e-06,0
0.0001104106,0
0.0001104106,0
0.0001036483,0
2.049459e-06,0
0.0001226794,0
0.0001104106,0
6.388445e-07,0
0.0001104106,0
0.0001397484,0
6.388445e-07,0
2.049459e-06,0
0.0001104106,0
2.049459e-06,0
0.0001158743,0
0.0001104106,0
0.0001104106,0
0.0001104106,0
6.388445e-07,0
0.001341207,0
0.6945032,0
6.388445e-07,0
0.0001104106,0
0.00500898,0
0.0001104106,0
0.0001036483,0
0.0001397484,0
0.0001036483,0
2.049459e-06,0
0.0001158743,0
0.0001104106,0
0.0001104106,0
0.6945032,0
0.6945032,0
0.0001036483,0
0.0001036483,0
0.6945032,0
6.388445e-07,0
0.0002296807,0
0.0002296807,0
0.0001104106,0
0.0001158743,0
0.0001036483,0
0.0001104106,0
0.0001158743,0
0.0001397484,0
0.001341207,0
0.6945032,0
0.6945032,0
0.0001158743,0
8.132243e-05,0
0.0002296807,0
0.6945032,0
6.388445e-07,0
0.0001158743,0
0.0001104106,0
0.0001104106,0
0.0001104106,0
0.0001104106,0
0.0001104106,0
0.0001104106,0
0.0001104106,0
0.001639306,0
0.0001104106,0
0.03029837,0
0.0001104106,0
0.0001036483,0
0.6945032,0
0.0001104106,0
0.6945032,0
0.0001036483,0
0.00500898,0
0.0001104106,0
0.0001104106,0
0.0001104106,0
0.6945032,0
0.0001104106,0
0.0001158743,0
0.001528437,0
0.0002296807,0
0.0001104106,0
0.6945032,0
0.0001104106,0
0.0001104106,0
0.6945032,0
0.0001158743,0
0.0001104106,0
0.6945032,0
0.0001104106,0
0.0001036483,0
6.388445e-07,0
0.0001104106,0
2.049459e-06,0
0.6945032,0
0.0001104106,0
0.0001104106,0
0.6945032,0
