Score,Label
0.9286739,1
0.9286739,1
0.9286739,1
0.9286739,1
0.9286739,1
0.9286739,1
0.9286739,1
0.9664853,1
0.9286739,1
0.9286739,1
0.9286739,1
0.9286739,1
0.9286739,1
0.941255,1
0.9286739,1
0.7163328,1
0.2786764,1
0.2786764,1
0.2786764,1
0.2786764,1
0.9286739,1
0.9286739,1
0.9286739,1
0.9286739,1
0.9286739,1
0.9286739,1
0.9286739,1
0.9286739,1
0.9286739,1
0.9286739,1
0.991867,1
0.9286739,1
0.9286739,1
0.9664853,1
0.9286739,1
0.9978023,1
0.9978023,1
0.9978023,1
0.9978023,1
0.9978023,1
0.9978023,1
0.9978023,1
0.9978023,1
0.9978023,1
0.9978023,1
0.9978023,1
0.9978023,1
0.9978023,1
0.9978023,1
0.9742581,1
0.2786764,1
1.599554e-07,0
5.954839e-08,0
6.578479e-09,0
0.7163328,0
0.7163328,0
1.378041e-08,0
0.7163328,0
0.0001642943,0
1.378041e-08,0
1.378041e-08,0
0.7163328,0
0.7163328,0
0.5361459,0
1.378041e-08,0
9.987088e-05,0
9.987088e-05,0
0.0001132869,0
0.0002054106,0
9.987088e-05,0
5.377806e-05,0
1.378041e-08,0
9.987088e-05,0
6.578479e-09,0
9.987088e-05,0
1.378041e-08,0
1.276763e-06,0
9.987088e-05,0
9.987088e-05,0
9.987088e-05,0
0.7163328,0
0.0001642943,0
9.987088e-05,0
0.7163328,0
0.0001358361,0
0.0001642943,0
8.88974e-06,0
1.378041e-08,0
0.0002054106,0
0.002255441,0
0.002255441,0
5.377806e-05,0
9.987088e-05,0
0.7163328,0
9.224433e-05,0
6.578479e-09,0
9.987088e-05,0
1.677866e-07,0
9.987088e-05,0
0.7163328,0
1.378041e-08,0
9.987088e-05,0
6.578479e-09,0
0.0002195486,0
9.987088e-05,0
0.7882605,0
5.67185e-08,0
1.677866e-07,0
0.7163328,0
6.578479e-09,0
0.0001358361,0
1.753971e-07,0
8.910972e-05,0
9.987088e-05,0
0.7163328,0
8.88974e-06,0
5.377806e-05,0
9.987088e-05,0
6.578479e-09,0
1.677866e-07,0
6.811401e-08,0
9.987088e-05,0
0.7163328,0
9.987088e-05,0
1.378041e-08,0
8.88974e-06,0
9.987088e-05,0
9.987088e-05,0
6.578479e-09,0
0.0008010521,0
5.377806e-05,0
9.987088e-05,0
5.377806e-05,0
2.544371e-08,0
9.987088e-05,0
6.578479e-09,0
5.377806e-05,0
1.378041e-08,0
0.0001132869,0
5.954839e-08,0
6.738674e-08,0
1.378041e-08,0
0.0001358361,0
0.005159252,0
9.987088e-05,0
1.443204e-07,0
8.88974e-06,0
0.0001642943,0
1.378041e-08,0
1.378041e-08,0
0.7163328,0
1.378041e-08,0
1.378041e-08,0
