Score,Label
0.7760168,1
0.7760168,1
0.7760168,1
0.7760168,1
0.7760168,1
0.7760168,1
0.7760168,1
0.7760168,1
0.7760168,1
0.7760168,1
0.7760168,1
0.7760168,1
0.7760168,1
0.7760168,1
0.7760168,1
0.7760168,1
0.01997989,1
0.7029749,1
0.01997989,1
0.01997989,1
0.01997989,1
0.01997989,1
0.7760168,1
0.7760168,1
0.7760168,1
0.7760168,1
0.7760168,1
0.7760168,1
0.7760168,1
0.7760168,1
0.7760168,1
0.7760168,1
0.7760168,1
0.7760168,1
0.7760168,1
0.7760168,1
0.7760168,1
0.7760168,1
0.4379283,1
0.4379283,1
0.4379283,1
0.4379283,1
0.4379283,1
0.4379283,1
0.4379283,1
0.4379283,1
0.4379283,1
0.4379283,1
0.4379283,1
0.4379283,1
0.0009588238,1
0.4379283,1
0.4379283,1
0.4379283,1
0.4379283,1
0.8236216,1
0.01997989,1
3.164711e-05,0
2.770968e-05,0
3.443634e-07,0
0.7029749,0
1.028315e-06,0
0.00257357,0
2.770968e-05,0
7.43468e-07,0
0.00257357,0
0.7029749,0
0.00257357,0
2.367792e-05,0
2.770968e-05,0
2.770968e-05,0
2.770968e-05,0
2.770968e-05,0
0.00100606,0
7.43468e-07,0
2.367792e-05,0
3.443634e-07,0
0.7029749,0
3.443634e-07,0
3.164711e-05,0
7.43468e-07,0
0.7029749,0
0.7029749,0
7.43468e-07,0
7.43468e-07,0
0.7029749,0
1.563524e-05,0
0.004712596,0
3.164711e-05,0
2.596367e-05,0
3.443634e-07,0
2.367792e-05,0
2.770968e-05,0
3.164711e-05,0
2.770968e-05,0
3.443634e-07,0
2.367792e-05,0
2.770968e-05,0
2.770968e-05,0
6.120712e-06,0
2.770968e-05,0
7.43468e-07,0
2.770968e-05,0
2.770968e-05,0
3.164711e-05,0
2.770968e-05,0
3.443634e-07,0
2.770968e-05,0
3.164711e-05,0
0.7029749,0
7.43468e-07,0
0.7029749,0
6.120712e-06,0
2.770968e-05,0
0.7029749,0
3.443634e-07,0
0.7029749,0
7.43468e-07,0
3.443634e-07,0
2.770968e-05,0
2.770968e-05,0
2.770968e-05,0
2.770968e-05,0
2.770968e-05,0
2.770968e-05,0
0.00257357,0
0.0002783105,0
3.164711e-05,0
2.367792e-05,0
2.770968e-05,0
2.770968e-05,0
2.770968e-05,0
1.028315e-06,0
0.00100606,0
2.770968e-05,0
2.770968e-05,0
2.770968e-05,0
3.443634e-07,0
2.770968e-05,0
3.164711e-05,0
2.770968e-05,0
2.770968e-05,0
3.164711e-05,0
2.770968e-05,0
3.443634e-07,0
7.43468e-07,0
3.164711e-05,0
2.770968e-05,0
7.43468e-07,0
7.43468e-07,0
0.7029749,0
2.770968e-05,0
2.770968e-05,0
3.164711e-05,0
2.770968e-05,0
3.164711e-05,0
3.164711e-05,0
0.7029749,0
2.770968e-05,0
2.770968e-05,0
0.00257357,0
2.770968e-05,0
0.7029749,0
0.7029749,0
7.43468e-07,0
3.164711e-05,0
2.770968e-05,0
2.770968e-05,0
0.004712596,0
0.7029749,0
2.770968e-05,0
