Score,Label
0.9999995,1
0.9999995,1
0.9999995,1
0.9999995,1
0.9999995,1
0.9999995,1
0.9999995,1
0.9999995,1
0.9999995,1
0.9999995,1
0.9999995,1
0.9999995,1
4.786583e-07,1
0.7744006,1
4.786583e-07,1
1,1
1,1
1,1
1,1
1,1
1,1
1,1
1,1
1,1
1,1
1,1
1,1
1,1
1,1
1,1
1,1
1,1
1,1
1,1
1,1
1,1
1,1
0.9999999,1
6.914667e-08,0
4.988805e-06,0
0.7744006,0
9.878444e-07,0
0.7744006,0
9.951249e-05,0
7.310742e-09,0
9.483875e-07,0
1.374349e-10,0
0.7744006,0
1.701689e-05,0
2.159121e-07,0
1.30071e-06,0
0.7744006,0
0.7744006,0
9.951249e-05,0
9.483875e-07,0
2.751384e-06,0
2.751384e-06,0
2.159121e-07,0
9.951249e-05,0
1.374349e-10,0
9.483875e-07,0
0.00035551,0
1.374349e-10,0
6.758369e-06,0
9.483875e-07,0
9.483875e-07,0
6.758369e-06,0
3.40943e-07,0
9.483875e-07,0
0.7744006,0
8.348061e-05,0
1.328509e-06,0
7.310742e-09,0
9.483875e-07,0
1.30071e-06,0
0.7744006,0
9.951249e-05,0
4.888762e-11,0
9.483875e-07,0
9.951249e-05,0
3.392001e-08,0
9.483875e-07,0
9.483875e-07,0
9.951249e-05,0
9.951249e-05,0
2.751384e-06,0
2.159121e-07,0
3.40943e-07,0
7.310742e-09,0
0.0002103015,0
1.701689e-05,0
2.751384e-06,0
3.392001e-08,0
2.751384e-06,0
5.651479e-06,0
1.374349e-10,0
4.888762e-11,0
9.483875e-07,0
7.319333e-10,0
1.774712e-09,0
0.0001492439,0
0.7744006,0
0.7744006,0
3.392001e-08,0
9.483875e-07,0
9.951249e-05,0
9.951249e-05,0
1.30071e-06,0
1.774712e-09,0
3.392001e-08,0
2.159121e-07,0
1.774712e-09,0
9.951249e-05,0
9.951249e-05,0
