Score,Label
0.2828438,1
0.2828438,1
0.2828438,1
0.2828438,1
0.2828438,1
0.2828438,1
0.2828438,1
0.2828438,1
0.2828438,1
0.2828438,1
0.2828438,1
0.2828438,1
0.2828438,1
0.2828438,1
0.2828438,1
0.2828438,1
0.002686521,1
0.7076535,1
0.002686521,1
0.002686521,1
0.002686521,1
0.002686521,1
0.2828438,1
0.2828438,1
0.2828438,1
0.2828438,1
0.2828438,1
0.2828438,1
0.2828438,1
0.2828438,1
0.2828438,1
0.2828438,1
0.2828438,1
0.2828438,1
0.2828438,1
0.2828438,1
0.2828438,1
0.2828438,1
0.01159684,1
0.01159684,1
0.01159684,1
0.01159684,1
0.01159684,1
0.01159684,1
0.01159684,1
0.01159684,1
0.01159684,1
0.01159684,1
0.01159684,1
0.01159684,1
0.0004163899,1
0.01159684,1
0.01159684,1
0.01159684,1
0.01159684,1
0.02023865,1
0.002686521,1
4.902795e-08,0
8.604062e-07,0
5.259883e-05,0
4.711205e-06,0
1.229533e-07,0
0.7076535,0
4.802399e-06,0
4.711205e-06,0
0.7076535,0
1.229533e-07,0
4.802399e-06,0
0.0005065213,0
4.902795e-08,0
0.7076535,0
0.004577672,0
0.7076535,0
4.802399e-06,0
1.229533e-07,0
5.259883e-05,0
5.259883e-05,0
0.0005065213,0
0.0001295128,0
5.259883e-05,0
5.259883e-05,0
4.711205e-06,0
0.004670812,0
4.902795e-08,0
0.004577672,0
0.004577672,0
0.7076535,0
4.218615e-06,0
0.7076535,0
5.259883e-05,0
8.278914e-05,0
1.229533e-07,0
5.259883e-05,0
4.802399e-06,0
1.167345e-05,0
5.259883e-05,0
0.7076535,0
5.259883e-05,0
4.902795e-08,0
0.7076535,0
0.004577672,0
5.259883e-05,0
0.7076535,0
5.259883e-05,0
0.7076535,0
5.259883e-05,0
0.7076535,0
1.021961e-07,0
5.259883e-05,0
1.229533e-07,0
1.229533e-07,0
8.278914e-05,0
4.802399e-06,0
4.902795e-08,0
5.259883e-05,0
0.7076535,0
5.259883e-05,0
0.7076535,0
5.259883e-05,0
5.259883e-05,0
1.229533e-07,0
0.002442605,0
4.802399e-06,0
0.7076535,0
5.259883e-05,0
1.229533e-07,0
5.259883e-05,0
5.259883e-05,0
4.802399e-06,0
1.229533e-07,0
5.259883e-05,0
0.7076535,0
4.902795e-08,0
1.229533e-07,0
5.259883e-05,0
8.604062e-07,0
1.021961e-07,0
5.259883e-05,0
5.259883e-05,0
5.259883e-05,0
5.259883e-05,0
1.021961e-07,0
5.259883e-05,0
4.902795e-08,0
4.902795e-08,0
4.902795e-08,0
5.259883e-05,0
4.711205e-06,0
5.259883e-05,0
5.259883e-05,0
5.259883e-05,0
5.259883e-05,0
5.259883e-05,0
1.229533e-07,0
0.7076535,0
4.902795e-08,0
5.259883e-05,0
0.7076535,0
5.259883e-05,0
1.229533e-07,0
4.711205e-06,0
4.902795e-08,0
0.004577672,0
4.902795e-08,0
0.7076535,0
0.7076535,0
0.7076535,0
1.167345e-05,0
4.802399e-06,0
4.902795e-08,0
0.7076535,0
