Score,Label
0.7379981,1
0.003203794,1
0.003203794,1
0.02029718,1
0.003203794,1
0.9995919,1
0.003203794,1
0.8280141,1
0.859498,1
0.7379981,0
2.475666e-06,0
0.7379981,0
2.475666e-06,0
2.475666e-06,0
2.475666e-06,0
2.475666e-06,0
2.475666e-06,0
2.475666e-06,0
2.475666e-06,0
2.475666e-06,0
2.475666e-06,0
1.739077e-07,0
0.001496485,0
2.475666e-06,0
2.475666e-06,0
2.475666e-06,0
0.7379981,0
