Score,Label
0.7300642,1
0.118559,1
0.118559,1
0.9738174,1
0.118559,1
0.9997512,1
0.118559,1
0.6601524,1
0.9803175,1
1.633542e-07,0
1.633542e-07,0
0.7300642,0
0.005015817,0
1.633542e-07,0
1.633542e-07,0
1.633542e-07,0
5.523123e-06,0
1.633542e-07,0
1.633542e-07,0
0.0009944736,0
1.633542e-07,0
1.633542e-07,0
1.633542e-07,0
1.633542e-07,0
0.0006966285,0
1.633542e-07,0
0.002889347,0
