Score,Label
0.7562587,1
3.391122e-07,1
3.391122e-07,1
0.9941477,1
3.391122e-07,1
0.9998933,1
3.391122e-07,1
0.1201926,1
0.1813378,1
1.699945e-07,0
1.699945e-07,0
0.7562587,0
0.0001401341,0
0.000668522,0
9.725683e-05,0
0.7562587,0
1.699945e-07,0
1.699945e-07,0
1.699945e-07,0
1.699945e-07,0
0.000668522,0
1.699945e-07,0
3.345906e-10,0
1.699945e-07,0
0.001983061,0
0.0001401341,0
0.000668522,0
