Score,Label
0.7419683,1
0.1430815,1
0.1430815,1
0.9947733,1
0.1430815,1
0.9999869,1
0.1430815,1
0.000960051,1
0.9984408,1
3.316876e-06,0
3.316876e-06,0
2.942062e-05,0
3.316876e-06,0
3.316876e-06,0
3.316876e-06,0
0.7419683,0
3.316876e-06,0
0.7419683,0
0.001387536,0
3.316876e-06,0
0.0001316196,0
7.977641e-05,0
3.316876e-06,0
2.216946e-06,0
3.316876e-06,0
3.316876e-06,0
3.316876e-06,0
