Score,Label
0.759728,1
3.602621e-05,1
3.602621e-05,1
0.01162777,1
3.602621e-05,1
0.9998301,1
3.602621e-05,1
0.2655045,1
0.9918567,1
0.0009360571,0
1.849864e-06,0
1.849864e-06,0
1.849864e-06,0
0.759728,0
0.0004605367,0
1.849864e-06,0
1.849864e-06,0
1.849864e-06,0
0.759728,0
0.001398726,0
1.849864e-06,0
0.003121936,0
7.521321e-07,0
0.000155094,0
3.613581e-07,0
0.759728,0
0.003121936,0
