Score,Label
0.7475224,1
9.992765e-05,1
9.992765e-05,1
0.4541131,1
9.992765e-05,1
0.9999747,1
9.992765e-05,1
0.08722723,1
0.8555514,1
1.284078e-07,0
6.400763e-07,0
6.400763e-07,0
6.400763e-07,0
6.400763e-07,0
1.063691e-06,0
0.0009978956,0
6.400763e-07,0
6.400763e-07,0
0.7475224,0
6.400763e-07,0
6.400763e-07,0
6.400763e-07,0
0.0009978956,0
0.0009978956,0
6.400763e-07,0
6.400763e-07,0
0.7475224,0
