Score,Label
0.7504768,1
0.002565826,1
0.002565826,1
0.9961132,1
0.002565826,1
0.9996732,1
0.002565826,1
0.8963259,1
0.9706587,1
2.195881e-06,0
2.195881e-06,0
2.195881e-06,0
0.7504768,0
2.195881e-06,0
2.195881e-06,0
0.0003249389,0
2.195881e-06,0
2.195881e-06,0
2.195881e-06,0
0.7504768,0
2.195881e-06,0
2.195881e-06,0
2.195881e-06,0
2.195881e-06,0
2.195881e-06,0
2.195881e-06,0
2.195881e-06,0
