Score,Label
0.7257306,1
0.006521032,1
0.006521032,1
0.9917196,1
0.006521032,1
0.9983322,1
0.006521032,1
0.4026898,1
0.8438471,1
1.976958e-05,0
4.891082e-06,0
1.822888e-05,0
1.822888e-05,0
0.008783704,0
1.822888e-05,0
1.822888e-05,0
1.822888e-05,0
1.822888e-05,0
1.822888e-05,0
0.003077333,0
1.822888e-05,0
1.822888e-05,0
1.822888e-05,0
1.822888e-05,0
1.976958e-05,0
1.822888e-05,0
0.0002898617,0
