Score,Label
0.7572798,1
0.2525925,1
0.2525925,1
0.9727059,1
0.2525925,1
0.9999037,1
0.2525925,1
7.61212e-05,1
5.765907e-06,1
0.7572798,0
1.759137e-07,0
1.055913e-07,0
1.759137e-07,0
0.001096127,0
1.759137e-07,0
0.7572798,0
0.9996169,0
1.759137e-07,0
0.7572798,0
2.131258e-06,0
1.759137e-07,0
0.003987862,0
0.0003262332,0
0.7572798,0
1.759137e-07,0
1.759137e-07,0
1.759137e-07,0
