Score,Label
0.7611834,1
0.0006525108,1
0.0006525108,1
0.9988425,1
0.0006525108,1
0.999015,1
0.0006525108,1
5.367196e-05,1
5.224942e-06,1
0.7611834,0
0.0005112572,0
0.004931025,0
3.157203e-06,0
3.157203e-06,0
0.0005112572,0
2.501563e-08,0
0.004931025,0
3.157203e-06,0
0.7611834,0
0.7611834,0
0.7611834,0
3.157203e-06,0
3.157203e-06,0
3.157203e-06,0
3.157203e-06,0
3.157203e-06,0
3.157203e-06,0
