Score,Label
0.005905534,1
0.9968247,1
0.9306087,1
0.9306087,1
0.9306087,1
0.9968247,1
0.9968247,1
0.8711064,1
9.541776e-08,1
9.541776e-08,1
9.541776e-08,1
9.541776e-08,1
9.541776e-08,1
9.541776e-08,1
9.541776e-08,1
9.541776e-08,1
9.541776e-08,1
9.541776e-08,1
9.541776e-08,1
9.541776e-08,1
9.541776e-08,1
9.541776e-08,1
9.541776e-08,1
9.541776e-08,1
0.001703553,0
0.0002277041,0
1.005598e-05,0
1.005598e-05,0
1.005598e-05,0
1.005598e-05,0
1.005598e-05,0
0.8711064,0
1.005598e-05,0
1.781318e-09,0
1.005598e-05,0
0.8711064,0
0.0004082863,0
0.003865071,0
0.8711064,0
1.005598e-05,0
1.005598e-05,0
1.781318e-09,0
0.0002277041,0
0.003609393,0
1.005598e-05,0
0.8711064,0
1.781318e-09,0
0.8711064,0
