Score,Label
0.01282124,1
0.9997181,1
0.5455645,1
0.5455645,1
0.5455645,1
0.9997181,1
0.9997181,1
0.8777967,1
0.00535798,1
0.00535798,1
0.00535798,1
0.00535798,1
0.00535798,1
0.00535798,1
0.00535798,1
0.00535798,1
0.00535798,1
0.00535798,1
0.00535798,1
0.00535798,1
0.00535798,1
0.00535798,1
0.00535798,1
0.00535798,1
2.386449e-05,0
2.386449e-05,0
0.8777967,0
3.490302e-05,0
2.386449e-05,0
3.490302e-05,0
2.386449e-05,0
0.0004282942,0
0.006680262,0
2.386449e-05,0
0.006680262,0
2.386449e-05,0
3.490302e-05,0
2.386449e-05,0
2.386449e-05,0
2.386449e-05,0
2.386449e-05,0
2.386449e-05,0
2.386449e-05,0
2.386449e-05,0
2.386449e-05,0
2.386449e-05,0
0.0002778071,0
2.386449e-05,0
