Score,Label
0.949219,1
0.9999253,1
0.9997098,1
0.9997098,1
0.9997098,1
0.9999253,1
0.9999253,1
0.8829804,1
2.46016e-08,1
2.46016e-08,1
2.46016e-08,1
2.46016e-08,1
2.46016e-08,1
2.46016e-08,1
2.46016e-08,1
2.46016e-08,1
2.46016e-08,1
2.46016e-08,1
2.46016e-08,1
2.46016e-08,1
2.46016e-08,1
2.46016e-08,1
2.46016e-08,1
2.46016e-08,1
2.709528e-06,0
2.709528e-06,0
2.709528e-06,0
2.709528e-06,0
2.709528e-06,0
2.709528e-06,0
2.709528e-06,0
0.8829804,0
6.555035e-07,0
2.709528e-06,0
2.709528e-06,0
0.8829804,0
2.709528e-06,0
2.709528e-06,0
2.709528e-06,0
0.8829804,0
2.709528e-06,0
2.709528e-06,0
0.8829804,0
0.0004700497,0
2.709528e-06,0
0.0008674588,0
0.003160404,0
2.709528e-06,0
