Score,Label
0.01016975,1
0.998037,1
0.9644733,1
0.9644733,1
0.9644733,1
0.998037,1
0.998037,1
0.8604017,1
3.594996e-06,1
3.594996e-06,1
3.594996e-06,1
3.594996e-06,1
3.594996e-06,1
3.594996e-06,1
3.594996e-06,1
3.594996e-06,1
3.594996e-06,1
3.594996e-06,1
3.594996e-06,1
3.594996e-06,1
3.594996e-06,1
3.594996e-06,1
3.594996e-06,1
3.594996e-06,1
0.8604017,0
6.554561e-06,0
0.8604017,0
0.004649144,0
0.005580682,0
0.0001661585,0
6.554561e-06,0
6.554561e-06,0
0.8604017,0
0.0001661585,0
3.046712e-08,0
6.554561e-06,0
6.554561e-06,0
6.554561e-06,0
6.554561e-06,0
0.0003021009,0
6.554561e-06,0
6.554561e-06,0
3.046712e-08,0
6.554561e-06,0
6.554561e-06,0
0.0001605991,0
6.554561e-06,0
0.005580682,0
