Score,Label
0.6714199,1
0.9997078,1
0.9985102,1
0.9985102,1
0.9985102,1
0.9997078,1
0.9997078,1
0.8637832,1
9.39411e-09,1
9.39411e-09,1
9.39411e-09,1
9.39411e-09,1
9.39411e-09,1
9.39411e-09,1
9.39411e-09,1
9.39411e-09,1
9.39411e-09,1
9.39411e-09,1
9.39411e-09,1
9.39411e-09,1
9.39411e-09,1
9.39411e-09,1
9.39411e-09,1
9.39411e-09,1
1.420981e-05,0
7.179085e-08,0
7.179085e-08,0
0.0006258395,0
0.0006258395,0
7.179085e-08,0
1.420981e-05,0
1.420981e-05,0
1.420981e-05,0
1.420981e-05,0
1.420981e-05,0
0.004018007,0
0.0006258395,0
1.420981e-05,0
1.420981e-05,0
0.8637832,0
0.8637832,0
0.004018007,0
1.420981e-05,0
7.179085e-08,0
7.179085e-08,0
1.420981e-05,0
1.420981e-05,0
0.004381147,0
