Score,Label
0.9621841,1
0.9999996,1
0.9999779,1
0.9999779,1
0.9999779,1
0.9999996,1
0.9999996,1
0.9073354,1
0.0001498207,1
0.0001498207,1
0.0001498207,1
0.0001498207,1
0.0001498207,1
0.0001498207,1
0.0001498207,1
0.0001498207,1
0.0001498207,1
0.0001498207,1
0.0001498207,1
0.0001498207,1
0.0001498207,1
0.0001498207,1
0.0001498207,1
0.0001498207,1
6.765385e-06,0
0.0001718146,0
6.765385e-06,0
0.9073354,0
0.0001718146,0
0.0001718146,0
6.765385e-06,0
0.003071571,0
0.9073354,0
0.0001718146,0
6.765385e-06,0
6.765385e-06,0
6.765385e-06,0
6.765385e-06,0
0.006486841,0
6.765385e-06,0
6.765385e-06,0
0.0001718146,0
0.0005700201,0
6.765385e-06,0
0.005031471,0
0.003071571,0
0.006486841,0
6.765385e-06,0
