Score,Label
0.0711308,1
0.9997002,1
0.6988066,1
0.6988066,1
0.6988066,1
0.9997002,1
0.9997002,1
0.8568599,1
6.284509e-07,1
6.284509e-07,1
6.284509e-07,1
6.284509e-07,1
6.284509e-07,1
6.284509e-07,1
6.284509e-07,1
6.284509e-07,1
6.284509e-07,1
6.284509e-07,1
6.284509e-07,1
6.284509e-07,1
6.284509e-07,1
6.284509e-07,1
6.284509e-07,1
6.284509e-07,1
5.238228e-06,0
0.0007026731,0
5.238228e-06,0
5.238228e-06,0
5.238228e-06,0
5.238228e-06,0
0.004199517,0
0.005143028,0
5.238228e-06,0
7.591288e-06,0
5.238228e-06,0
5.238228e-06,0
0.8568599,0
5.238228e-06,0
0.8568599,0
5.238228e-06,0
5.238228e-06,0
5.238228e-06,0
5.238228e-06,0
5.238228e-06,0
5.238228e-06,0
5.238228e-06,0
5.238228e-06,0
5.238228e-06,0
