Score,Label
0.9991589,1
0.7697024,1
0.9999968,1
0.9999968,1
0.9958769,1
0.1902006,1
0.9999968,1
0.9999866,1
0.613683,1
0.5486128,1
0.0001317889,1
0.9999866,1
0.605586,1
0.605586,1
0.605586,1
0.605586,1
0.605586,1
0.605586,1
0.605586,1
0.605586,1
0.605586,1
0.605586,1
0.605586,1
0.605586,1
0.605586,1
0.605586,1
0.605586,1
0.605586,1
0.605586,1
0.605586,1
0.605586,1
0.605586,1
0.605586,1
0.605586,1
0.605586,1
2.276922e-07,0
0.7697024,0
2.276922e-07,0
2.276922e-07,0
0.7697024,0
2.276922e-07,0
0.0001584058,0
2.276922e-07,0
2.276922e-07,0
0.001478384,0
0.001478384,0
0.7697024,0
2.276922e-07,0
2.276922e-07,0
2.276922e-07,0
2.276922e-07,0
2.276922e-07,0
0.7697024,0
0.7697024,0
2.276922e-07,0
2.276922e-07,0
2.276922e-07,0
2.276922e-07,0
0.7697024,0
2.276922e-07,0
2.276922e-07,0
2.276922e-07,0
2.276922e-07,0
2.276922e-07,0
0.0001584058,0
2.276922e-07,0
2.276922e-07,0
0.0001584058,0
0.0001584058,0
2.276922e-07,0
2.276922e-07,0
0.7697024,0
0.001478384,0
0.7697024,0
2.276922e-07,0
2.276922e-07,0
0.7697024,0
0.0001584058,0
2.276922e-07,0
2.276922e-07,0
2.276922e-07,0
2.276922e-07,0
2.276922e-07,0
0.7697024,0
0.001478384,0
0.7697024,0
2.276922e-07,0
2.276922e-07,0
2.276922e-07,0
2.276922e-07,0
0.01086866,0
0.001478384,0
2.276922e-07,0
0.7697024,0
0.7697024,0
2.276922e-07,0
2.276922e-07,0
0.0001584058,0
2.276922e-07,0
2.276922e-07,0
2.276922e-07,0
2.276922e-07,0
0.001478384,0
2.276922e-07,0
2.276922e-07,0
