Score,Label
0.8858824,1
0.7647887,1
0.9999982,1
0.9999982,1
0.5612518,1
0.04412937,1
0.9999982,1
0.9961963,1
0.1544409,1
9.939972e-05,1
0.004079637,1
0.9961963,1
0.1368049,1
0.1368049,1
0.1368049,1
0.1368049,1
0.1368049,1
0.1368049,1
0.1368049,1
0.1368049,1
0.1368049,1
0.1368049,1
0.1368049,1
0.1368049,1
0.1368049,1
0.1368049,1
0.1368049,1
0.1368049,1
0.1368049,1
0.1368049,1
0.1368049,1
0.1368049,1
0.1368049,1
0.1368049,1
0.1368049,1
0.7647887,0
2.607451e-05,0
0.0004409566,0
2.607451e-05,0
2.607451e-05,0
2.607451e-05,0
0.0004409566,0
0.7647887,0
2.607451e-05,0
2.607451e-05,0
2.607451e-05,0
0.002946862,0
0.7647887,0
2.607451e-05,0
2.607451e-05,0
0.002946862,0
2.607451e-05,0
0.001409956,0
2.607451e-05,0
2.607451e-05,0
2.607451e-05,0
2.607451e-05,0
2.607451e-05,0
2.607451e-05,0
0.0004409566,0
2.607451e-05,0
2.607451e-05,0
2.607451e-05,0
2.607451e-05,0
2.607451e-05,0
2.607451e-05,0
2.607451e-05,0
0.0004409566,0
2.607451e-05,0
0.7647887,0
2.607451e-05,0
2.607451e-05,0
2.607451e-05,0
2.607451e-05,0
2.607451e-05,0
2.607451e-05,0
2.607451e-05,0
2.607451e-05,0
0.0004409566,0
0.002946862,0
2.607451e-05,0
2.607451e-05,0
2.607451e-05,0
2.607451e-05,0
2.607451e-05,0
0.7647887,0
2.607451e-05,0
2.607451e-05,0
2.607451e-05,0
2.607451e-05,0
0.02093205,0
2.607451e-05,0
2.607451e-05,0
2.607451e-05,0
2.607451e-05,0
2.607451e-05,0
2.607451e-05,0
0.002946862,0
2.607451e-05,0
2.607451e-05,0
2.607451e-05,0
2.607451e-05,0
2.607451e-05,0
2.607451e-05,0
2.607451e-05,0
