Score,Label
0.9865506,1
0.7724092,1
0.9983005,1
0.9983005,1
0.8349218,1
0.8159653,1
0.9983005,1
0.9999359,1
0.5711151,1
0.007113752,1
0.6343691,1
0.9999359,1
0.1773428,1
0.1773428,1
0.1773428,1
0.1773428,1
0.1773428,1
0.1773428,1
0.1773428,1
0.1773428,1
0.1773428,1
0.1773428,1
0.1773428,1
0.1773428,1
0.1773428,1
0.1773428,1
0.1773428,1
0.1773428,1
0.1773428,1
0.1773428,1
0.1773428,1
0.1773428,1
0.1773428,1
0.1773428,1
0.1773428,1
2.688395e-09,0
0.7724092,0
2.688395e-09,0
2.688395e-09,0
0.7724092,0
2.688395e-09,0
2.688395e-09,0
2.688395e-09,0
2.688395e-09,0
2.688395e-09,0
2.688395e-09,0
0.7724092,0
0.7724092,0
2.688395e-09,0
2.688395e-09,0
0.0002295564,0
0.7724092,0
0.7724092,0
1.019323e-07,0
2.688395e-09,0
2.688395e-09,0
0.7724092,0
2.688395e-09,0
2.688395e-09,0
0.001677645,0
0.001677645,0
2.688395e-09,0
2.688395e-09,0
2.688395e-09,0
2.688395e-09,0
0.001677645,0
2.688395e-09,0
0.7724092,0
0.001677645,0
5.053212e-05,0
0.7724092,0
0.001677645,0
2.688395e-09,0
2.688395e-09,0
2.688395e-09,0
2.688395e-09,0
2.688395e-09,0
2.688395e-09,0
0.001677645,0
2.688395e-09,0
2.688395e-09,0
0.005261436,0
2.688395e-09,0
2.688395e-09,0
2.688395e-09,0
0.0002295564,0
0.7724092,0
2.688395e-09,0
2.688395e-09,0
2.688395e-09,0
0.7724092,0
2.688395e-09,0
2.688395e-09,0
0.7724092,0
0.001677645,0
2.688395e-09,0
0.7724092,0
5.053212e-05,0
2.688395e-09,0
2.688395e-09,0
2.688395e-09,0
2.688395e-09,0
0.001677645,0
2.688395e-09,0
0.7724092,0
