Score,Label
0.9966754,1
0.7656263,1
0.9997346,1
0.9997346,1
0.0003679112,1
0.07142451,1
0.9997346,1
0.9983678,1
0.885407,1
0.0002300623,1
0.000338364,1
0.9983678,1
0.001337173,1
0.001337173,1
0.001337173,1
0.001337173,1
0.001337173,1
0.001337173,1
0.001337173,1
0.001337173,1
0.001337173,1
0.001337173,1
0.001337173,1
0.001337173,1
0.001337173,1
0.001337173,1
0.001337173,1
0.001337173,1
0.001337173,1
0.001337173,1
0.001337173,1
0.001337173,1
0.001337173,1
0.001337173,1
0.001337173,1
1.553762e-07,0
1.553762e-07,0
1.553762e-07,0
1.553762e-07,0
1.553762e-07,0
1.553762e-07,0
1.553762e-07,0
0.001138918,0
1.553762e-07,0
0.000181798,0
0.001138918,0
1.553762e-07,0
1.553762e-07,0
1.553762e-07,0
1.553762e-07,0
0.001138918,0
1.553762e-07,0
1.553762e-07,0
1.553762e-07,0
0.7656263,0
1.553762e-07,0
1.553762e-07,0
1.553762e-07,0
1.553762e-07,0
1.553762e-07,0
0.7656263,0
1.553762e-07,0
0.7656263,0
1.553762e-07,0
1.553762e-07,0
1.553762e-07,0
1.553762e-07,0
1.553762e-07,0
0.001138918,0
1.553762e-07,0
0.0009529963,0
1.553762e-07,0
1.553762e-07,0
1.553762e-07,0
1.553762e-07,0
1.553762e-07,0
1.553762e-07,0
1.553762e-07,0
1.553762e-07,0
0.7656263,0
0.7656263,0
1.553762e-07,0
1.553762e-07,0
1.553762e-07,0
1.553762e-07,0
0.7656263,0
1.553762e-07,0
1.553762e-07,0
1.553762e-07,0
1.553762e-07,0
1.553762e-07,0
0.7656263,0
1.553762e-07,0
1.553762e-07,0
1.553762e-07,0
0.000181798,0
1.553762e-07,0
0.7656263,0
0.000181798,0
1.553762e-07,0
0.01547487,0
1.553762e-07,0
1.553762e-07,0
1.553762e-07,0
1.553762e-07,0
