Score,Label
0.9913642,1
0.7767084,1
0.9983016,1
0.9983016,1
0.9784194,1
4.624786e-05,1
0.9983016,1
0.9976131,1
0.8950576,1
0.01010808,1
0.0214809,1
0.9976131,1
0.6183766,1
0.6183766,1
0.6183766,1
0.6183766,1
0.6183766,1
0.6183766,1
0.6183766,1
0.6183766,1
0.6183766,1
0.6183766,1
0.6183766,1
0.6183766,1
0.6183766,1
0.6183766,1
0.6183766,1
0.6183766,1
0.6183766,1
0.6183766,1
0.6183766,1
0.6183766,1
0.6183766,1
0.6183766,1
0.6183766,1
4.451455e-06,0
0.0002024888,0
4.451455e-06,0
4.451455e-06,0
4.451455e-06,0
4.451455e-06,0
4.451455e-06,0
4.451455e-06,0
4.451455e-06,0
4.451455e-06,0
4.451455e-06,0
4.451455e-06,0
4.451455e-06,0
4.451455e-06,0
4.451455e-06,0
4.451455e-06,0
0.001498268,0
4.451455e-06,0
0.001498268,0
4.451455e-06,0
0.7767084,0
4.451455e-06,0
4.451455e-06,0
0.0002024888,0
2.641829e-05,0
4.451455e-06,0
0.001498268,0
4.451455e-06,0
4.451455e-06,0
4.451455e-06,0
0.7767084,0
4.451455e-06,0
4.451455e-06,0
4.451455e-06,0
4.451455e-06,0
4.451455e-06,0
4.451455e-06,0
0.7767084,0
4.451455e-06,0
4.451455e-06,0
4.451455e-06,0
4.451455e-06,0
4.451455e-06,0
4.451455e-06,0
4.451455e-06,0
4.451455e-06,0
4.451455e-06,0
4.451455e-06,0
4.451455e-06,0
4.451455e-06,0
4.451455e-06,0
0.7767084,0
4.451455e-06,0
4.451455e-06,0
0.7767084,0
0.0002024888,0
4.451455e-06,0
4.451455e-06,0
4.451455e-06,0
4.451455e-06,0
0.003944112,0
4.451455e-06,0
0.7767084,0
4.451455e-06,0
0.006328454,0
0.7767084,0
4.451455e-06,0
0.7767084,0
4.451455e-06,0
4.451455e-06,0
