Score,Label
0.9940598,1
0.7729074,1
0.9973657,1
0.9973657,1
0.176817,1
0.009692412,1
0.9973657,1
0.9997758,1
0.9323044,1
0.9125714,1
0.3025455,1
0.9997758,1
0.7690154,1
0.7690154,1
0.7690154,1
0.7690154,1
0.7690154,1
0.7690154,1
0.7690154,1
0.7690154,1
0.7690154,1
0.7690154,1
0.7690154,1
0.7690154,1
0.7690154,1
0.7690154,1
0.7690154,1
0.7690154,1
0.7690154,1
0.7690154,1
0.7690154,1
0.7690154,1
0.7690154,1
0.7690154,1
0.7690154,1
3.403814e-09,0
3.403814e-09,0
3.403814e-09,0
3.403814e-09,0
0.001351584,0
1.236149e-05,0
0.0001161757,0
3.403814e-09,0
3.403814e-09,0
3.403814e-09,0
3.403814e-09,0
0.7729074,0
3.403814e-09,0
0.0001161757,0
3.403814e-09,0
3.403814e-09,0
3.403814e-09,0
0.0001161757,0
3.403814e-09,0
3.403814e-09,0
0.7729074,0
3.403814e-09,0
3.403814e-09,0
0.7729074,0
3.403814e-09,0
3.403814e-09,0
0.001351584,0
0.0001161757,0
3.403814e-09,0
3.403814e-09,0
3.403814e-09,0
3.403814e-09,0
3.403814e-09,0
3.403814e-09,0
3.403814e-09,0
0.7729074,0
3.403814e-09,0
0.001351584,0
0.004537622,0
0.001351584,0
3.403814e-09,0
3.403814e-09,0
3.403814e-09,0
3.403814e-09,0
3.403814e-09,0
3.403814e-09,0
0.001351584,0
0.7729074,0
3.403814e-09,0
0.7729074,0
3.403814e-09,0
3.403814e-09,0
3.403814e-09,0
0.7729074,0
3.403814e-09,0
3.403814e-09,0
3.403814e-09,0
3.403814e-09,0
3.403814e-09,0
0.001351584,0
0.0001161757,0
3.403814e-09,0
3.403814e-09,0
0.001351584,0
3.403814e-09,0
3.403814e-09,0
3.403814e-09,0
3.403814e-09,0
3.403814e-09,0
3.403814e-09,0
