Score,Label
0.9971923,1
0.7716103,1
0.9998775,1
0.9998775,1
0.9665828,1
0.9648957,1
0.9998775,1
0.9999875,1
0.09228595,1
0.5494953,1
7.189934e-05,1
0.9999875,1
0.02796214,1
0.02796214,1
0.02796214,1
0.02796214,1
0.02796214,1
0.02796214,1
0.02796214,1
0.02796214,1
0.02796214,1
0.02796214,1
0.02796214,1
0.02796214,1
0.02796214,1
0.02796214,1
0.02796214,1
0.02796214,1
0.02796214,1
0.02796214,1
0.02796214,1
0.02796214,1
0.02796214,1
0.02796214,1
0.02796214,1
0.001192635,0
6.499894e-08,0
6.499894e-08,0
0.001192635,0
6.499894e-08,0
6.499894e-08,0
6.499894e-08,0
6.499894e-08,0
6.499894e-08,0
0.7716103,0
6.499894e-08,0
6.499894e-08,0
6.499894e-08,0
6.499894e-08,0
0.7716103,0
6.499894e-08,0
6.499894e-08,0
6.499894e-08,0
6.499894e-08,0
6.499894e-08,0
0.001192635,0
6.499894e-08,0
6.499894e-08,0
6.499894e-08,0
6.499894e-08,0
6.499894e-08,0
6.499894e-08,0
0.7716103,0
6.499894e-08,0
0.001192635,0
6.499894e-08,0
6.499894e-08,0
0.7716103,0
0.0001655585,0
6.499894e-08,0
6.499894e-08,0
6.499894e-08,0
6.499894e-08,0
0.7716103,0
0.7716103,0
0.0001655585,0
6.499894e-08,0
0.7716103,0
6.499894e-08,0
6.499894e-08,0
6.499894e-08,0
6.499894e-08,0
0.0001655585,0
0.7716103,0
6.499894e-08,0
6.499894e-08,0
6.499894e-08,0
0.7716103,0
6.499894e-08,0
0.7716103,0
6.499894e-08,0
6.499894e-08,0
6.499894e-08,0
6.499894e-08,0
6.499894e-08,0
6.499894e-08,0
0.001192635,0
6.499894e-08,0
6.499894e-08,0
0.0001655585,0
6.499894e-08,0
6.499894e-08,0
0.0002069492,0
6.499894e-08,0
0.0001655585,0
