Score,Label
0.9919511,1
0.7600061,1
0.9980197,1
0.9980197,1
0.9870279,1
0.9962426,1
0.9980197,1
0.9998921,1
0.5628461,1
0.4595512,1
0.0001355371,1
0.9998921,1
0.4750809,1
0.4750809,1
0.4750809,1
0.4750809,1
0.4750809,1
0.4750809,1
0.4750809,1
0.4750809,1
0.4750809,1
0.4750809,1
0.4750809,1
0.4750809,1
0.4750809,1
0.4750809,1
0.4750809,1
0.4750809,1
0.4750809,1
0.4750809,1
0.4750809,1
0.4750809,1
0.4750809,1
0.4750809,1
0.4750809,1
0.001261758,0
1.717354e-08,0
1.717354e-08,0
1.717354e-08,0
1.717354e-08,0
0.001261758,0
0.7600061,0
1.717354e-08,0
1.717354e-08,0
1.717354e-08,0
1.717354e-08,0
0.001261758,0
0.0003775073,0
5.831192e-07,0
1.717354e-08,0
1.717354e-08,0
1.717354e-08,0
1.717354e-08,0
1.717354e-08,0
1.717354e-08,0
1.717354e-08,0
1.717354e-08,0
1.717354e-08,0
1.717354e-08,0
1.717354e-08,0
1.717354e-08,0
1.717354e-08,0
0.7600061,0
1.717354e-08,0
1.717354e-08,0
0.7600061,0
0.0003775073,0
1.717354e-08,0
1.717354e-08,0
0.001261758,0
1.717354e-08,0
0.00712882,0
1.717354e-08,0
1.717354e-08,0
1.717354e-08,0
0.7600061,0
1.717354e-08,0
1.717354e-08,0
1.717354e-08,0
1.717354e-08,0
1.717354e-08,0
0.001261758,0
0.7600061,0
1.717354e-08,0
0.0003775073,0
0.7600061,0
1.717354e-08,0
1.717354e-08,0
1.717354e-08,0
1.717354e-08,0
1.717354e-08,0
1.717354e-08,0
1.717354e-08,0
0.001346681,0
1.717354e-08,0
0.7600061,0
0.001261758,0
1.717354e-08,0
1.717354e-08,0
0.0003775073,0
0.0003775073,0
1.717354e-08,0
1.717354e-08,0
1.717354e-08,0
1.717354e-08,0
