Score,Label
0.9896791,1
0.793018,1
0.997595,1
0.997595,1
0.05191414,1
0.8209608,1
0.997595,1
0.9995446,1
0.7532926,1
0.0005757142,1
0.002388206,1
0.9995446,1
0.09281219,1
0.09281219,1
0.09281219,1
0.09281219,1
0.09281219,1
0.09281219,1
0.09281219,1
0.09281219,1
0.09281219,1
0.09281219,1
0.09281219,1
0.09281219,1
0.09281219,1
0.09281219,1
0.09281219,1
0.09281219,1
0.09281219,1
0.09281219,1
0.09281219,1
0.09281219,1
0.09281219,1
0.09281219,1
0.09281219,1
2.282393e-10,0
0.793018,0
0.0002521687,0
0.793018,0
0.0002521687,0
0.0002521687,0
2.282393e-10,0
0.793018,0
2.282393e-10,0
2.282393e-10,0
0.001083163,0
2.282393e-10,0
2.282393e-10,0
2.282393e-10,0
2.282393e-10,0
0.793018,0
2.282393e-10,0
2.282393e-10,0
2.282393e-10,0
0.793018,0
2.282393e-10,0
2.282393e-10,0
2.282393e-10,0
2.282393e-10,0
0.793018,0
0.001083163,0
2.282393e-10,0
2.282393e-10,0
0.793018,0
0.001083163,0
2.282393e-10,0
2.282393e-10,0
0.0002521687,0
0.001083163,0
0.793018,0
0.0002521687,0
0.0002521687,0
2.282393e-10,0
0.001083163,0
2.282393e-10,0
0.0002521687,0
2.282393e-10,0
2.282393e-10,0
0.793018,0
0.0001608997,0
0.0002521687,0
2.282393e-10,0
2.282393e-10,0
2.282393e-10,0
2.282393e-10,0
2.282393e-10,0
2.282393e-10,0
2.282393e-10,0
2.282393e-10,0
2.282393e-10,0
2.282393e-10,0
2.282393e-10,0
2.282393e-10,0
2.282393e-10,0
0.793018,0
2.282393e-10,0
2.282393e-10,0
0.793018,0
2.282393e-10,0
2.282393e-10,0
2.282393e-10,0
0.793018,0
0.793018,0
2.282393e-10,0
2.282393e-10,0
