Score,Label
0.9959395,1
0.755114,1
0.999738,1
0.999738,1
0.7443983,1
0.02056907,1
0.999738,1
0.9999106,1
0.984566,1
0.04364695,1
0.007682655,1
0.9999106,1
0.1662715,1
0.1662715,1
0.1662715,1
0.1662715,1
0.1662715,1
0.1662715,1
0.1662715,1
0.1662715,1
0.1662715,1
0.1662715,1
0.1662715,1
0.1662715,1
0.1662715,1
0.1662715,1
0.1662715,1
0.1662715,1
0.1662715,1
0.1662715,1
0.1662715,1
0.1662715,1
0.1662715,1
0.1662715,1
0.1662715,1
4.664453e-11,0
0.755114,0
4.664453e-11,0
4.664453e-11,0
4.664453e-11,0
0.755114,0
4.664453e-11,0
0.000105907,0
4.664453e-11,0
0.001488185,0
0.001488185,0
4.664453e-11,0
0.000105907,0
4.664453e-11,0
4.664453e-11,0
0.0001623352,0
0.755114,0
4.664453e-11,0
4.664453e-11,0
4.664453e-11,0
4.664453e-11,0
4.664453e-11,0
0.001488185,0
4.664453e-11,0
0.000105907,0
4.664453e-11,0
4.664453e-11,0
0.755114,0
0.001488185,0
0.003836407,0
4.664453e-11,0
4.664453e-11,0
0.755114,0
4.664453e-11,0
4.664453e-11,0
4.664453e-11,0
4.664453e-11,0
4.664453e-11,0
4.664453e-11,0
7.229005e-08,0
4.664453e-11,0
4.664453e-11,0
4.664453e-11,0
4.664453e-11,0
4.664453e-11,0
4.664453e-11,0
4.664453e-11,0
4.664453e-11,0
4.664453e-11,0
4.664453e-11,0
4.664453e-11,0
0.755114,0
4.664453e-11,0
0.000105907,0
4.664453e-11,0
0.001488185,0
0.001488185,0
4.664453e-11,0
4.664453e-11,0
4.664453e-11,0
4.664453e-11,0
4.664453e-11,0
4.664453e-11,0
4.664453e-11,0
4.664453e-11,0
0.001488185,0
4.664453e-11,0
4.664453e-11,0
4.664453e-11,0
0.000105907,0
