Score,Label
0.9969546,1
0.8843473,1
0.0003577723,1
0.0003107438,1
0.02223101,1
0.0003107438,1
4.280956e-06,0
2.71682e-07,0
2.602723e-05,0
2.71682e-07,0
0.8843473,0
2.71682e-07,0
2.71682e-07,0
2.71682e-07,0
2.71682e-07,0
2.71682e-07,0
2.71682e-07,0
2.71682e-07,0
