Score,Label
0.9972155,1
0.8916725,1
0.8705258,1
0.0003942207,1
0.9865198,1
0.0003942207,1
1.63419e-06,0
0.0004876514,0
0.0001753683,0
1.63419e-06,0
1.63419e-06,0
1.63419e-06,0
1.63419e-06,0
1.63419e-06,0
1.63419e-06,0
0.00156857,0
1.63419e-06,0
0.0009642252,0
