Score,Label
0.4552685,1
0.8886672,1
0.8477551,1
3.277445e-05,1
0.1987345,1
3.277445e-05,1
0.0001257036,0
7.710838e-07,0
7.710838e-07,0
7.710838e-07,0
7.710838e-07,0
7.710838e-07,0
7.710838e-07,0
7.710838e-07,0
0.0001257036,0
7.710838e-07,0
7.710838e-07,0
7.710838e-07,0
