Score,Label
0.9950798,1
0.8898054,1
0.9847974,1
4.309851e-05,1
0.9860739,1
4.309851e-05,1
9.987526e-05,0
4.438983e-06,0
4.438983e-06,0
4.438983e-06,0
4.438983e-06,0
4.438983e-06,0
4.438983e-06,0
4.438983e-06,0
0.003018353,0
4.438983e-06,0
4.438983e-06,0
4.438983e-06,0
