Score,Label
0.9938406,1
0.9063457,1
0.01997549,1
0.004857906,1
0.6735895,1
0.004857906,1
1.173814e-06,0
1.173814e-06,0
1.173814e-06,0
0.000373907,0
0.9063457,0
0.9063457,0
1.173814e-06,0
1.173814e-06,0
1.173814e-06,0
0.9063457,0
1.173814e-06,0
1.173814e-06,0
