Score,Label
0.7605306,1
0.8837436,1
0.9661749,1
0.002418345,1
0.8676065,1
0.002418345,1
1.974326e-05,0
1.974326e-05,0
0.0005008636,0
0.000771936,0
1.974326e-05,0
0.00541702,0
1.974326e-05,0
1.974326e-05,0
0.003156355,0
1.974326e-05,0
1.974326e-05,0
0.00541702,0
