Score,Label
0.9827648,1
0.8963936,1
0.06706572,1
0.005300414,1
0.9997593,1
0.005300414,1
0.0005180664,0
5.464592e-07,0
5.464592e-07,0
0.003303267,0
5.464592e-07,0
5.464592e-07,0
0.0004392618,0
0.8963936,0
5.464592e-07,0
0.0004392618,0
5.464592e-07,0
5.464592e-07,0
