Score,Label
0.9779205,1
0.8834986,1
4.975295e-05,1
0.0002384655,1
0.9991453,1
0.0002384655,1
9.789575e-07,0
9.789575e-07,0
9.789575e-07,0
0.0002099758,0
0.001879164,0
0.0002099758,0
9.789575e-07,0
9.789575e-07,0
9.789575e-07,0
9.789575e-07,0
9.789575e-07,0
9.789575e-07,0
