Score,Label
0.4452437,1
0.8849881,1
0.07845644,1
0.0103891,1
0.2911751,1
0.0103891,1
4.510882e-06,0
4.510882e-06,0
4.510882e-06,0
0.0008156042,0
0.0008156042,0
4.510882e-06,0
4.510882e-06,0
0.0001243307,0
4.510882e-06,0
4.510882e-06,0
4.510882e-06,0
4.510882e-06,0
