Score,Label
0.6766949,1
0.6766949,1
0.6766949,1
0.6766949,1
0.6766949,1
0.6766949,1
0.6766949,1
0.6766949,1
0.6766949,1
0.6766949,1
0.6766949,1
0.884739,1
1,1
0.6766949,1
0.6766949,1
0.6766949,1
0.6766949,1
0.6766949,1
0.9990059,1
0.9990059,1
0.9990059,1
0.9980952,1
0.9990059,1
0.9990059,1
0.9990059,1
0.9990059,1
1.432425e-05,0
0.6766949,0
0.0005085837,0
2.474942e-05,0
0.001025969,0
2.474942e-05,0
0.0005085837,0
0.1157946,0
0.0005085837,0
0.0005085837,0
0.0005085837,0
0.0002967259,0
0.001014963,0
1.794269e-06,0
0.0001615492,0
0.0001615492,0
4.672307e-05,0
0.6766949,0
0.0005085837,0
5.116535e-05,0
0.0001615492,0
0.6766949,0
0.0005085837,0
0.002281507,0
0.6766949,0
1.432425e-05,0
0.0001615492,0
0.6766949,0
0.6766949,0
0.6766949,0
4.672307e-05,0
2.474942e-05,0
0.0001615492,0
7.080653e-05,0
2.474942e-05,0
0.0001615492,0
0.0005085837,0
0.01076518,0
5.340366e-05,0
0.0001615492,0
0.0005085837,0
0.009465126,0
0.5444547,0
0.0005085837,0
0.0002967259,0
0.0005085837,0
1.495269e-05,0
0.0005085837,0
0.0001615492,0
0.0001615492,0
1.061965e-06,0
0.6766949,0
