Score,Label
0.4553011,1
0.4553011,1
0.4553011,1
0.4553011,1
0.4553011,1
0.4553011,1
0.4553011,1
0.4553011,1
0.9422246,1
0.2127876,1
0.9999915,1
0.9999988,1
1,1
0.9999988,1
1,1
1,1
0.9999988,1
0.9999988,1
0.9999988,1
0.9999988,1
1,1
0.9999988,1
1,1
0.4553011,1
0.7078186,1
0.9947897,1
0.4372959,1
0.0002982182,1
0.999697,1
0.4553011,1
0.0002982182,1
0.9997584,1
0.868442,1
0.4553002,1
0.4553011,1
0.4553011,1
0.4553011,1
0.4553011,1
0.4553011,1
0.4553011,1
0.4553011,1
0.4553011,1
0.4553011,1
0.4553011,1
0.4553011,1
0.4553011,1
0.4553011,1
0.4553011,1
0.4553011,1
0.4553011,1
0.4553011,1
0.4553011,1
1.079977e-05,0
0.001447327,0
0.4553011,0
0.0008800388,0
0.0001274048,0
0.4553011,0
0.4553011,0
0.4553011,0
9.24682e-05,0
1.079977e-05,0
0.4553011,0
1.079977e-05,0
0.4553011,0
0.4553011,0
0.4553011,0
0.04580496,0
0.4553011,0
7.819191e-08,0
0.4553011,0
5.555612e-05,0
0.4553011,0
1.079977e-05,0
5.555612e-05,0
6.193828e-05,0
0.4553011,0
0.4553011,0
0.4553011,0
0.0151714,0
0.4553011,0
9.24682e-05,0
9.24682e-05,0
0.4553011,0
0.4553011,0
0.4553011,0
0.0008800388,0
0.04580496,0
0.04580496,0
0.4553011,0
0.4553011,0
0.4553011,0
1.079977e-05,0
0.04580496,0
5.555612e-05,0
0.4553011,0
0.04580496,0
0.0001274048,0
0.0002113883,0
5.555612e-05,0
5.555612e-05,0
4.049343e-07,0
0.4553011,0
0.0151714,0
1.079977e-05,0
0.4553011,0
6.193828e-05,0
0.0008800388,0
0.4553011,0
0.4553011,0
0.4553011,0
0.4553011,0
0.0008008209,0
0.4553011,0
0.4553011,0
0.4553011,0
0.4553011,0
0.001447327,0
1.079977e-05,0
0.4553011,0
7.318949e-08,0
0.4553011,0
0.4553011,0
1.079977e-05,0
0.0008654959,0
0.002810322,0
0.4553011,0
0.4553011,0
0.4553011,0
0.04580496,0
0.4553011,0
7.819191e-08,0
5.555612e-05,0
5.555612e-05,0
5.555612e-05,0
5.555612e-05,0
0.1126343,0
0.0008800388,0
5.555612e-05,0
5.555612e-05,0
0.0008008209,0
0.4553011,0
0.4553011,0
0.0008008209,0
0.4553011,0
0.4553011,0
0.4553011,0
0.4553011,0
0.0002113883,0
0.4553011,0
0.4553011,0
0.4553011,0
0.0151714,0
5.555612e-05,0
0.4553011,0
0.0008008209,0
