Score,Label
0.936151,1
0.4279402,1
0.4279402,1
0.4279402,1
0.4279402,1
0.4279402,1
0.4279402,1
0.4279402,1
0.4279402,1
0.4279402,1
0.4279402,1
0.4279402,1
0.4279402,1
0.4279402,1
0.4279402,1
0.4279402,1
0.4279402,1
0.4279402,1
0.936151,1
0.936151,1
0.006380692,1
0.006380692,1
0.006380692,1
0.006380692,1
0.006380692,1
0.006380692,1
0.006380692,1
0.006380692,1
0.006380692,1
0.006380692,1
0.006380692,1
0.006380692,1
0.006380692,1
0.006380692,1
0.006380692,1
0.006380692,1
0.006380692,1
4.163273e-05,1
0.9999775,1
0.9997918,1
0.936151,1
0.928413,1
0.008498163,1
4.87203e-05,1
4.87203e-05,1
4.87203e-05,1
4.87203e-05,1
4.87203e-05,1
4.87203e-05,1
4.87203e-05,1
4.87203e-05,1
4.87203e-05,1
4.87203e-05,1
4.87203e-05,1
4.87203e-05,1
4.87203e-05,1
0.9999914,1
4.87203e-05,1
0.9999788,1
4.87203e-05,1
4.87203e-05,1
4.87203e-05,1
0.936151,1
0.4584085,0
3.199487e-05,0
0.4584085,0
3.199487e-05,0
3.199487e-05,0
3.199487e-05,0
3.199487e-05,0
3.199487e-05,0
0.4584085,0
3.199487e-05,0
3.199487e-05,0
3.199487e-05,0
3.199487e-05,0
3.199487e-05,0
3.199487e-05,0
3.199487e-05,0
0.9166185,0
0.6675466,0
3.199487e-05,0
3.199487e-05,0
3.199487e-05,0
0.002640869,0
0.9166185,0
3.199487e-05,0
3.199487e-05,0
3.199487e-05,0
3.199487e-05,0
3.199487e-05,0
3.199487e-05,0
3.199487e-05,0
3.199487e-05,0
3.199487e-05,0
0.4584085,0
3.199487e-05,0
3.199487e-05,0
3.199487e-05,0
3.199487e-05,0
3.199487e-05,0
0.002588871,0
3.199487e-05,0
0.4584085,0
3.199487e-05,0
3.199487e-05,0
3.199487e-05,0
3.199487e-05,0
0.9166185,0
3.199487e-05,0
3.199487e-05,0
3.199487e-05,0
0.9166185,0
3.199487e-05,0
3.199487e-05,0
3.199487e-05,0
3.199487e-05,0
3.199487e-05,0
3.199487e-05,0
3.199487e-05,0
0.9166185,0
3.199487e-05,0
3.199487e-05,0
3.199487e-05,0
0.0008891552,0
3.199487e-05,0
