Score,Label
0.4344001,1
0.4664152,1
0.4664152,1
0.4664152,1
0.4664152,1
0.4664152,1
0.4664152,1
0.4664152,1
0.4664152,1
0.4664152,1
0.4664152,1
0.4664152,1
0.4664152,1
0.4664152,1
0.4664152,1
0.4664152,1
0.4664152,1
0.4664152,1
0.4344001,1
0.4344001,1
0.7105534,1
0.7105534,1
0.7105534,1
0.7105534,1
0.7105534,1
0.7105534,1
0.7105534,1
0.7105534,1
0.7105534,1
0.7105534,1
0.7105534,1
0.7105534,1
0.7105534,1
0.7105534,1
0.7105534,1
0.7105534,1
0.7105534,1
0.2909067,1
0.9998924,1
0.9933535,1
0.4344001,1
0.08649626,1
0.6421064,1
5.878115e-07,1
5.878115e-07,1
5.878115e-07,1
5.878115e-07,1
5.878115e-07,1
5.878115e-07,1
5.878115e-07,1
5.878115e-07,1
5.878115e-07,1
5.878115e-07,1
5.878115e-07,1
5.878115e-07,1
5.878115e-07,1
0.9999989,1
5.878115e-07,1
0.9991378,1
5.878115e-07,1
5.878115e-07,1
5.878115e-07,1
0.4344001,1
8.834832e-05,0
8.834832e-05,0
8.834832e-05,0
0.9055725,0
0.3527726,0
8.834832e-05,0
0.9055725,0
8.834832e-05,0
8.834832e-05,0
8.834832e-05,0
8.834832e-05,0
8.834832e-05,0
8.834832e-05,0
8.834832e-05,0
8.834832e-05,0
8.834832e-05,0
8.834832e-05,0
0.3527726,0
8.834832e-05,0
0.01754897,0
0.3527726,0
8.834832e-05,0
0.008034035,0
8.834832e-05,0
8.834832e-05,0
0.9055725,0
0.9055725,0
8.834832e-05,0
0.9055725,0
0.005725516,0
8.834832e-05,0
8.834832e-05,0
8.834832e-05,0
8.834832e-05,0
8.834832e-05,0
8.834832e-05,0
8.834832e-05,0
8.834832e-05,0
8.834832e-05,0
8.834832e-05,0
8.834832e-05,0
8.834832e-05,0
8.834832e-05,0
8.834832e-05,0
8.834832e-05,0
0.01754897,0
8.834832e-05,0
8.834832e-05,0
8.834832e-05,0
8.834832e-05,0
8.834832e-05,0
8.834832e-05,0
8.834832e-05,0
8.834832e-05,0
8.834832e-05,0
8.834832e-05,0
8.834832e-05,0
8.834832e-05,0
8.834832e-05,0
8.834832e-05,0
0.9055725,0
0.9055725,0
8.834832e-05,0
