Score,Label
0.07313078,1
0.6861942,1
0.6861942,1
0.6861942,1
0.6861942,1
0.6861942,1
0.6861942,1
0.6861942,1
0.6861942,1
0.6861942,1
0.6861942,1
0.6861942,1
0.6861942,1
0.6861942,1
0.6861942,1
0.6861942,1
0.6861942,1
0.6861942,1
0.07313078,1
0.07313078,1
0.4519377,1
0.4519377,1
0.4519377,1
0.4519377,1
0.4519377,1
0.4519377,1
0.4519377,1
0.4519377,1
0.4519377,1
0.4519377,1
0.4519377,1
0.4519377,1
0.4519377,1
0.4519377,1
0.4519377,1
0.4519377,1
0.4519377,1
0.6021526,1
0.9999501,1
0.9987185,1
0.07313078,1
0.391863,1
0.4668255,1
6.271666e-07,1
6.271666e-07,1
6.271666e-07,1
6.271666e-07,1
6.271666e-07,1
6.271666e-07,1
6.271666e-07,1
6.271666e-07,1
6.271666e-07,1
6.271666e-07,1
6.271666e-07,1
6.271666e-07,1
6.271666e-07,1
0.9999985,1
6.271666e-07,1
0.9997836,1
6.271666e-07,1
6.271666e-07,1
6.271666e-07,1
0.07313078,1
6.567247e-05,0
6.567247e-05,0
0.01828072,0
0.502315,0
0.5226924,0
6.567247e-05,0
6.567247e-05,0
6.567247e-05,0
6.567247e-05,0
6.567247e-05,0
6.567247e-05,0
6.567247e-05,0
6.567247e-05,0
6.567247e-05,0
6.567247e-05,0
0.006749662,0
6.567247e-05,0
6.567247e-05,0
6.567247e-05,0
6.567247e-05,0
6.567247e-05,0
6.567247e-05,0
6.567247e-05,0
6.567247e-05,0
6.567247e-05,0
6.567247e-05,0
6.567247e-05,0
6.567247e-05,0
6.567247e-05,0
6.567247e-05,0
6.567247e-05,0
6.567247e-05,0
6.567247e-05,0
6.567247e-05,0
0.4296945,0
0.4296945,0
6.567247e-05,0
6.567247e-05,0
6.567247e-05,0
6.567247e-05,0
6.567247e-05,0
6.567247e-05,0
6.567247e-05,0
6.567247e-05,0
0.008610129,0
6.567247e-05,0
6.567247e-05,0
6.567247e-05,0
6.567247e-05,0
6.567247e-05,0
6.567247e-05,0
6.567247e-05,0
6.567247e-05,0
6.567247e-05,0
6.567247e-05,0
0.4296945,0
6.567247e-05,0
6.567247e-05,0
6.567247e-05,0
6.567247e-05,0
6.567247e-05,0
0.01828072,0
6.567247e-05,0
