Score,Label
0.479921,1
0.6552972,1
0.6552972,1
0.6552972,1
0.6552972,1
0.6552972,1
0.6552972,1
0.6552972,1
0.6552972,1
0.6552972,1
0.6552972,1
0.6552972,1
0.6552972,1
0.6552972,1
0.6552972,1
0.6552972,1
0.6552972,1
0.6552972,1
0.479921,1
0.479921,1
0.00707753,1
0.00707753,1
0.00707753,1
0.00707753,1
0.00707753,1
0.00707753,1
0.00707753,1
0.00707753,1
0.00707753,1
0.00707753,1
0.00707753,1
0.00707753,1
0.00707753,1
0.00707753,1
0.00707753,1
0.00707753,1
0.00707753,1
0.00273828,1
0.9992208,1
0.9983642,1
0.479921,1
0.2462136,1
0.1267845,1
1.075217e-08,1
1.075217e-08,1
1.075217e-08,1
1.075217e-08,1
1.075217e-08,1
1.075217e-08,1
1.075217e-08,1
1.075217e-08,1
1.075217e-08,1
1.075217e-08,1
1.075217e-08,1
1.075217e-08,1
1.075217e-08,1
0.9999819,1
1.075217e-08,1
0.9990926,1
1.075217e-08,1
1.075217e-08,1
1.075217e-08,1
0.479921,1
5.131174e-05,0
0.321347,0
5.131174e-05,0
5.131174e-05,0
5.131174e-05,0
5.131174e-05,0
5.131174e-05,0
5.131174e-05,0
5.131174e-05,0
0.8227835,0
0.9000447,0
0.6675869,0
5.131174e-05,0
0.6675869,0
5.131174e-05,0
0.8227835,0
5.131174e-05,0
5.131174e-05,0
5.131174e-05,0
0.9000447,0
0.8227835,0
0.6675869,0
0.321347,0
5.131174e-05,0
5.131174e-05,0
5.131174e-05,0
5.131174e-05,0
0.004990576,0
5.131174e-05,0
5.131174e-05,0
5.131174e-05,0
5.131174e-05,0
5.131174e-05,0
5.131174e-05,0
5.131174e-05,0
5.131174e-05,0
5.131174e-05,0
5.131174e-05,0
5.131174e-05,0
5.131174e-05,0
5.131174e-05,0
0.9000447,0
0.6675869,0
5.131174e-05,0
5.131174e-05,0
5.131174e-05,0
5.131174e-05,0
5.131174e-05,0
5.131174e-05,0
5.131174e-05,0
5.131174e-05,0
5.131174e-05,0
0.9000447,0
5.131174e-05,0
5.131174e-05,0
5.131174e-05,0
0.9000447,0
5.131174e-05,0
5.131174e-05,0
0.321347,0
5.131174e-05,0
0.321347,0
5.131174e-05,0
