Score,Label
0.9215547,1
0.9215547,1
0.9215547,1
0.9215547,1
0.9215547,1
0.9215547,1
0.9215547,1
0.9273524,1
0.9999933,1
0.9999933,1
0.9999933,1
0.9999933,1
0.9999933,1
0.9999964,1
0.9926624,1
0.9993431,1
0.9999992,1
0.9999992,1
0.9999912,1
0.9999992,1
0.9999992,1
0.9999992,1
0.9999992,1
0.9999992,1
0.9999992,1
0.9273524,1
0.0002683874,0
6.840656e-08,0
0.9215547,0
0.9215547,0
1.214146e-05,0
0.001949885,0
1.214146e-05,0
0.0006101424,0
1.081705e-08,0
0.0006101424,0
6.840656e-08,0
6.840656e-08,0
0.0006101424,0
0.0006101424,0
6.840656e-08,0
0.4269407,0
0.000221306,0
0.0002683874,0
6.840656e-08,0
1.214146e-05,0
0.0006101424,0
0.0006101424,0
0.001949885,0
0.0006101424,0
1.081705e-08,0
0.0006101424,0
