Score,Label
0.02413489,1
0.9082526,1
0.9082526,1
0.9082526,1
0.9082526,1
0.9082526,1
0.9082526,1
0.9082526,1
0.9082526,1
0.02413489,1
0.02413489,1
1,1
1,1
1,1
1,1
1,1
1,1
1,1
1,1
1,1
1,1
0.02413489,1
0.9999999,1
1,1
0.9999999,1
1,1
1,1
0.9999999,1
1,1
0.9999999,1
0.9999999,1
0.9999999,1
0.9999999,1
1,1
0.9999999,1
1,1
0.9999999,1
0.02413489,1
8.469974e-05,0
8.469974e-05,0
0.002419529,0
0.002419529,0
8.469974e-05,0
0.000307807,0
0.000652336,0
8.185092e-05,0
0.000652336,0
8.469974e-05,0
5.018266e-06,0
0.002419529,0
8.469974e-05,0
8.469974e-05,0
8.185092e-05,0
0.002419529,0
8.469974e-05,0
8.185092e-05,0
3.510825e-09,0
8.469974e-05,0
3.510825e-09,0
8.469974e-05,0
5.018266e-06,0
0.3256456,0
3.510825e-09,0
0.002419529,0
5.018266e-06,0
0.000652336,0
5.018266e-06,0
8.185092e-05,0
8.185092e-05,0
5.018266e-06,0
0.9082526,0
0.01304744,0
5.018266e-06,0
8.469974e-05,0
5.018266e-06,0
8.469974e-05,0
