Score,Label
0.75146,1
0.2049103,1
0.2049103,1
0.2049103,1
0.2049103,1
0.2049103,1
0.2049103,1
0.2049103,1
0.2049103,1
0.2049103,1
0.2049103,1
0.2049103,1
0.2049103,1
0.2049103,1
0.2049103,1
0.2049103,1
0.2049103,1
0.2049103,1
0.75146,1
0.75146,1
0.04249039,1
0.04249039,1
0.04249039,1
0.04249039,1
0.04249039,1
0.04249039,1
0.04249039,1
0.04249039,1
0.04249039,1
0.04249039,1
0.04249039,1
0.04249039,1
0.04249039,1
0.04249039,1
0.04249039,1
0.04249039,1
0.04249039,1
0.1126398,1
0.9998941,1
0.9996244,1
0.75146,1
0.01501416,1
0.08732072,1
3.239563e-10,1
3.239563e-10,1
3.239563e-10,1
3.239563e-10,1
3.239563e-10,1
3.239563e-10,1
3.239563e-10,1
3.239563e-10,1
3.239563e-10,1
3.239563e-10,1
3.239563e-10,1
3.239563e-10,1
3.239563e-10,1
0.999999,1
3.239563e-10,1
0.9998215,1
3.239563e-10,1
3.239563e-10,1
3.239563e-10,1
0.75146,1
2.349156e-05,0
0.9020253,0
0.3568554,0
2.349156e-05,0
2.349156e-05,0
2.349156e-05,0
2.349156e-05,0
2.349156e-05,0
2.349156e-05,0
2.349156e-05,0
0.3568554,0
2.349156e-05,0
2.349156e-05,0
2.349156e-05,0
2.349156e-05,0
2.349156e-05,0
2.349156e-05,0
2.349156e-05,0
2.349156e-05,0
0.9020253,0
2.349156e-05,0
2.349156e-05,0
2.349156e-05,0
2.349156e-05,0
2.349156e-05,0
2.349156e-05,0
2.349156e-05,0
2.349156e-05,0
0.3568554,0
2.349156e-05,0
2.349156e-05,0
2.349156e-05,0
2.349156e-05,0
0.0002043142,0
2.349156e-05,0
2.349156e-05,0
2.349156e-05,0
2.349156e-05,0
2.349156e-05,0
2.349156e-05,0
0.3568554,0
2.349156e-05,0
2.349156e-05,0
2.349156e-05,0
2.349156e-05,0
0.9020253,0
2.349156e-05,0
2.349156e-05,0
2.349156e-05,0
0.9020253,0
0.9020253,0
0.007528531,0
2.349156e-05,0
2.349156e-05,0
2.349156e-05,0
0.5052705,0
0.001907006,0
0.9020253,0
2.349156e-05,0
2.349156e-05,0
2.349156e-05,0
0.003198287,0
2.349156e-05,0
