Score,Label
0.5321561,1
0.6806299,1
0.6806299,1
0.6806299,1
0.6806299,1
0.6806299,1
0.6806299,1
0.6806299,1
0.6806299,1
0.6806299,1
0.6806299,1
0.6806299,1
0.6806299,1
0.6806299,1
0.6806299,1
0.6806299,1
0.6806299,1
0.6806299,1
0.5321561,1
0.5321561,1
0.05546787,1
0.05546787,1
0.05546787,1
0.05546787,1
0.05546787,1
0.05546787,1
0.05546787,1
0.05546787,1
0.05546787,1
0.05546787,1
0.05546787,1
0.05546787,1
0.05546787,1
0.05546787,1
0.05546787,1
0.05546787,1
0.05546787,1
0.004911097,1
0.9999552,1
0.9918282,1
0.5321561,1
0.1534325,1
0.03679481,1
0.00013493,1
0.00013493,1
0.00013493,1
0.00013493,1
0.00013493,1
0.00013493,1
0.00013493,1
0.00013493,1
0.00013493,1
0.00013493,1
0.00013493,1
0.00013493,1
0.00013493,1
0.9999305,1
0.00013493,1
0.9984097,1
0.00013493,1
0.00013493,1
0.00013493,1
0.5321561,1
0.0001584824,0
0.0001584824,0
0.0001584824,0
0.0001584824,0
0.0001584824,0
0.0001584824,0
0.0001584824,0
0.0001584824,0
0.931006,0
0.5852544,0
0.007297487,0
0.0001584824,0
0.0001584824,0
0.0001584824,0
0.0001584824,0
0.0001584824,0
0.0001584824,0
0.0001584824,0
0.5852544,0
0.0001584824,0
0.0001584824,0
0.0001584824,0
0.0001584824,0
0.0001584824,0
0.931006,0
0.0001584824,0
0.0001584824,0
0.931006,0
0.0001584824,0
0.0001584824,0
0.5852544,0
0.0001584824,0
0.0001584824,0
0.0001584824,0
0.009645115,0
0.0001584824,0
0.0001584824,0
0.0001584824,0
0.3777741,0
0.0001584824,0
0.3777741,0
0.0001584824,0
0.0001584824,0
0.0001584824,0
0.0001584824,0
0.0001584824,0
0.0001584824,0
0.931006,0
0.0001584824,0
0.6878757,0
0.0001584824,0
0.0001584824,0
0.0001584824,0
0.0001584824,0
0.0001584824,0
0.6878757,0
0.0001584824,0
0.0001584824,0
0.0001584824,0
0.0001584824,0
0.0001584824,0
0.0001584824,0
0.931006,0
