Score,Label
0.1902716,1
0.3558471,1
0.3558471,1
0.3558471,1
0.3558471,1
0.3558471,1
0.3558471,1
0.3558471,1
0.3558471,1
0.3558471,1
0.3558471,1
0.3558471,1
0.3558471,1
0.3558471,1
0.3558471,1
0.3558471,1
0.3558471,1
0.3558471,1
0.1902716,1
0.1902716,1
0.03932274,1
0.03932274,1
0.03932274,1
0.03932274,1
0.03932274,1
0.03932274,1
0.03932274,1
0.03932274,1
0.03932274,1
0.03932274,1
0.03932274,1
0.03932274,1
0.03932274,1
0.03932274,1
0.03932274,1
0.03932274,1
0.03932274,1
0.001997801,1
0.9996957,1
0.9944257,1
0.1902716,1
0.02091258,1
0.004330161,1
1.05212e-06,1
1.05212e-06,1
1.05212e-06,1
1.05212e-06,1
1.05212e-06,1
1.05212e-06,1
1.05212e-06,1
1.05212e-06,1
1.05212e-06,1
1.05212e-06,1
1.05212e-06,1
1.05212e-06,1
1.05212e-06,1
0.9999971,1
1.05212e-06,1
0.9994119,1
1.05212e-06,1
1.05212e-06,1
1.05212e-06,1
0.1902716,1
0.0001143791,0
0.0001143791,0
0.0001143791,0
0.8925807,0
0.8925807,0
0.0001143791,0
0.0001143791,0
0.0001143791,0
0.2838326,0
0.0001143791,0
0.0001143791,0
0.0001143791,0
0.0001143791,0
0.0001143791,0
0.0001143791,0
0.5250045,0
0.0001143791,0
0.8925807,0
0.0001143791,0
0.0001143791,0
0.0001143791,0
0.0001143791,0
0.5733475,0
0.0001143791,0
0.0001143791,0
0.0001143791,0
0.0001143791,0
0.0001143791,0
0.0001143791,0
0.005140901,0
0.0001143791,0
0.007184792,0
0.0001143791,0
0.0001866919,0
0.0001143791,0
0.02905406,0
0.0001143791,0
0.0001143791,0
0.0001143791,0
0.0001143791,0
0.0001143791,0
0.0001143791,0
0.0001143791,0
0.0001143791,0
0.0001143791,0
0.0001143791,0
0.0001143791,0
0.0001143791,0
0.01493184,0
0.0001143791,0
0.0001143791,0
0.0001143791,0
0.0001143791,0
0.0001143791,0
0.0001143791,0
0.0001143791,0
0.0001143791,0
0.0001143791,0
0.0001143791,0
0.0001143791,0
0.0001143791,0
0.0001143791,0
0.0001143791,0
