Score,Label
2.508028e-06,1
2.508028e-06,1
2.508028e-06,1
2.508028e-06,1
2.508028e-06,1
0.05772977,1
0.4473244,1
0.4473244,1
0.4473244,1
0.4473244,1
0.4473244,1
0.006033828,1
0.01917661,1
0.04965601,1
0.9993148,1
0.9993217,1
0.9993217,1
0.9993217,1
0.005352004,1
0.9993148,1
0.005352004,1
0.005352004,1
0.9713731,1
0.005352004,1
0.9993148,1
0.005352004,1
0.9993217,1
0.9999006,1
0.003588358,1
7.199061e-09,0
9.302516e-07,0
3.702154e-10,0
3.702154e-10,0
7.788486e-05,0
0.0005883264,0
1.500105e-06,0
1.500105e-06,0
3.702154e-10,0
3.702154e-10,0
7.199061e-09,0
0.0006233176,0
3.702154e-10,0
0.0006233176,0
3.291505e-05,0
3.702154e-10,0
0.001726257,0
3.291505e-05,0
0.9338315,0
0.9338315,0
0.0006233176,0
3.702154e-10,0
3.702154e-10,0
3.702154e-10,0
3.702154e-10,0
3.291505e-05,0
3.702154e-10,0
7.788486e-05,0
0.0001168951,0
3.702154e-10,0
3.702154e-10,0
3.702154e-10,0
3.702154e-10,0
3.702154e-10,0
1.500105e-06,0
3.702154e-10,0
3.702154e-10,0
3.702154e-10,0
3.702154e-10,0
7.788486e-05,0
0.0006233176,0
3.291505e-05,0
1.500105e-06,0
3.702154e-10,0
7.788486e-05,0
7.788486e-05,0
7.199061e-09,0
3.702154e-10,0
3.702154e-10,0
7.788486e-05,0
1.500105e-06,0
0.0005883264,0
9.302516e-07,0
7.788486e-05,0
3.702154e-10,0
3.295436e-06,0
0.0005883264,0
0.0003859977,0
