Score,Label
0.9549618,1
0.866953,1
0.866953,1
0.866953,1
0.866953,1
0.866953,1
0.866953,1
0.686681,1
3.080292e-06,1
3.080292e-06,1
3.080292e-06,1
3.080292e-06,1
0.9831812,1
0.8519785,1
0.9999994,1
0.9753069,1
0.999956,1
0.9753069,1
0.9753069,1
0.9999994,1
0.9993613,1
0.999956,1
0.9753069,1
0.9753069,1
0.9999994,1
0.9753069,1
0.999956,1
0.9999814,1
0.3732502,1
0.00156025,0
5.772426e-07,0
0.00156025,0
5.287312e-11,0
5.287312e-11,0
5.287312e-11,0
2.242008e-05,0
5.287312e-11,0
2.242008e-05,0
2.242008e-05,0
5.287312e-11,0
5.287312e-11,0
0.9996945,0
5.287312e-11,0
2.242008e-05,0
5.287312e-11,0
0.9996945,0
5.287312e-11,0
5.287312e-11,0
0.00156025,0
0.0001557086,0
5.287312e-11,0
0.3394204,0
2.869288e-07,0
5.287312e-11,0
4.109393e-10,0
4.109393e-10,0
5.772426e-07,0
0.0001557086,0
5.287312e-11,0
5.287312e-11,0
5.287312e-11,0
2.242008e-05,0
5.287312e-11,0
2.242008e-05,0
9.495481e-05,0
0.0003857612,0
5.287312e-11,0
0.0006910642,0
5.287312e-11,0
5.772426e-07,0
5.287312e-11,0
5.287312e-11,0
5.287312e-11,0
5.287312e-11,0
5.772426e-07,0
0.0001557086,0
2.242008e-05,0
5.287312e-11,0
5.287312e-11,0
5.287312e-11,0
5.287312e-11,0
5.772426e-07,0
5.723246e-06,0
0.0001557086,0
2.869288e-07,0
5.287312e-11,0
5.287312e-11,0
