Score,Label
0.0001126152,1
0.0001126152,1
0.0001126152,1
0.0001126152,1
0.0001126152,1
0.775835,1
0.9231461,1
0.9231461,1
0.9231461,1
0.9231461,1
0.9231461,1
0.8311697,1
0.6904044,1
0.003899628,1
0.9971621,1
0.9917177,1
0.9917177,1
0.6978735,1
0.9917177,1
0.9971621,1
0.3946262,1
0.9917177,1
0.7591136,1
0.9917177,1
0.9971621,1
0.7591136,1
0.7591136,1
0.9978589,1
0.8311697,1
1.110739e-09,0
0.0001476032,0
1.110739e-09,0
1.110739e-09,0
1.110739e-09,0
0.0003053117,0
1.110739e-09,0
1.110739e-09,0
1.110739e-09,0
4.713637e-05,0
1.110739e-09,0
4.713637e-05,0
1.110739e-09,0
1.110739e-09,0
1.110739e-09,0
1.110739e-09,0
7.391375e-06,0
4.3435e-09,0
1.110739e-09,0
7.391375e-06,0
7.391375e-06,0
0.0001168484,0
1.110739e-09,0
7.391375e-06,0
1.110739e-09,0
1.110739e-09,0
0.009787239,0
1.110739e-09,0
1.110739e-09,0
1.110739e-09,0
0.0001168484,0
0.00413578,0
1.528122e-05,0
7.391375e-06,0
7.391375e-06,0
0.00413578,0
1.110739e-09,0
7.391375e-06,0
1.110739e-09,0
0.0001168484,0
1.110739e-09,0
0.0001168484,0
1.110739e-09,0
1.110739e-09,0
8.900128e-05,0
1.110739e-09,0
1.110739e-09,0
4.3435e-09,0
7.391375e-06,0
1.110739e-09,0
0.00413578,0
1.110739e-09,0
4.3435e-09,0
1.110739e-09,0
1.110739e-09,0
1.110739e-09,0
1.110739e-09,0
1.110739e-09,0
