Score,Label
1.572707e-06,1
1.572707e-06,1
1.572707e-06,1
0.01118178,1
0.1211178,1
0.1211178,1
0.1211178,1
0.1211178,1
0.1211178,1
0.1211178,1
0.1211178,1
0.01605885,1
0.01217538,1
0.03539297,1
0.9868872,1
0.1376756,1
0.1376756,1
0.9822478,1
0.9822478,1
0.9868872,1
0.1376756,1
0.1376756,1
0.7537705,1
0.1376756,1
0.9868872,1
0.1376756,1
0.1376756,1
0.9928323,1
0.02088271,1
4.685474e-09,0
4.685474e-09,0
4.455576e-05,0
4.685474e-09,0
4.685474e-09,0
6.287811e-05,0
0.001024648,0
4.685474e-09,0
0.00232695,0
0.001338589,0
4.685474e-09,0
6.287811e-05,0
4.685474e-09,0
4.455576e-05,0
6.287811e-05,0
4.685474e-09,0
4.685474e-09,0
4.685474e-09,0
4.685474e-09,0
4.685474e-09,0
4.685474e-09,0
4.685474e-09,0
1.731136e-05,0
0.00232695,0
4.685474e-09,0
4.685474e-09,0
4.685474e-09,0
4.685474e-09,0
4.685474e-09,0
6.287811e-05,0
2.76883e-06,0
4.685474e-09,0
4.685474e-09,0
4.685474e-09,0
7.320554e-08,0
0.001024648,0
2.76883e-06,0
4.455576e-05,0
2.76883e-06,0
4.455576e-05,0
0.001024648,0
4.685474e-09,0
4.685474e-09,0
0.001024648,0
4.685474e-09,0
4.685474e-09,0
7.320554e-08,0
4.685474e-09,0
4.685474e-09,0
4.685474e-09,0
4.685474e-09,0
0.0007986725,0
4.685474e-09,0
4.685474e-09,0
4.685474e-09,0
6.287811e-05,0
2.76883e-06,0
0.001024648,0
