Score,Label
0.00716521,1
0.9838823,1
0.9838823,1
0.9838823,1
0.9838823,1
0.9838823,1
0.00294927,1
0.9838823,1
0.9838823,1
0.9838823,1
0.9838823,1
0.00294927,1
0.1495269,1
0.8023205,1
0.9984353,1
0.9990656,1
0.9990656,1
0.8624883,1
0.8624883,1
0.9984353,1
0.9990656,1
0.8624883,1
0.2712278,1
0.9990656,1
0.9984353,1
0.9990656,1
0.8624883,1
0.9992619,1
0.1081302,1
6.268614e-09,0
6.268614e-09,0
6.268614e-09,0
1.324096e-05,0
6.268614e-09,0
6.268614e-09,0
6.268614e-09,0
3.48141e-05,0
3.48141e-05,0
6.268614e-09,0
8.780508e-05,0
8.780508e-05,0
0.0007962189,0
3.894292e-05,0
6.268614e-09,0
6.268614e-09,0
1.49508e-08,0
8.862255e-05,0
6.268614e-09,0
1.49508e-08,0
6.268614e-09,0
6.268614e-09,0
6.268614e-09,0
6.268614e-09,0
6.268614e-09,0
8.862255e-05,0
6.268614e-09,0
3.894292e-05,0
6.268614e-09,0
1.324096e-05,0
6.268614e-09,0
1.49508e-08,0
6.268614e-09,0
1.49508e-08,0
6.268614e-09,0
8.862255e-05,0
6.268614e-09,0
6.268614e-09,0
0.0007962189,0
6.268614e-09,0
6.268614e-09,0
6.268614e-09,0
6.268614e-09,0
6.268614e-09,0
6.268614e-09,0
6.268614e-09,0
0.9409944,0
0.00553617,0
1.324096e-05,0
6.268614e-09,0
6.268614e-09,0
6.268614e-09,0
6.268614e-09,0
6.268614e-09,0
6.268614e-09,0
0.001088411,0
6.268614e-09,0
1.49508e-08,0
