Score,Label
0.01936445,1
0.01936445,1
0.01936445,1
0.01936445,1
0.01936445,1
0.01936445,1
0.01936445,1
0.01936445,1
0.01936445,1
0.1263018,1
0.1263018,1
0.001049363,1
0.1263018,1
0.1263018,1
0.001049363,1
0.1263018,1
0.1263018,1
0.1263018,1
0.001049363,1
0.1263018,1
0.01755938,1
0.001049363,1
0.001341025,1
0.001341025,1
0.001341025,1
0.001341025,1
0.3171347,1
0.3171347,1
0.005763301,1
0.3171347,1
0.3171347,1
0.005763301,1
0.3171347,1
0.3171347,1
0.3171347,1
0.3171347,1
0.005763301,1
0.9955746,1
0.9955746,1
0.3171347,1
0.007676031,1
0.9961076,1
0.005763301,1
0.005138655,0
5.685768e-07,0
5.685768e-07,0
5.685768e-07,0
0.05034385,0
0.002163487,0
3.247175e-05,0
0.0009534208,0
0.0009534208,0
5.685768e-07,0
5.685768e-07,0
0.002163487,0
0.0009534208,0
0.8574255,0
0.0002766697,0
0.005138655,0
0.001407738,0
5.685768e-07,0
0.006671702,0
0.05034385,0
0.0009534208,0
0.0009534208,0
0.0002766697,0
0.0001164736,0
0.0009534208,0
0.002163487,0
3.247175e-05,0
5.685768e-07,0
0.002163487,0
5.685768e-07,0
1.777835e-05,0
0.0001912899,0
3.247175e-05,0
0.005520802,0
0.0009534208,0
0.0009534208,0
0.0009534208,0
0.001407738,0
3.247175e-05,0
0.008600703,0
7.044742e-05,0
5.685768e-07,0
0.8574255,0
