Score,Label
0.7918621,1
0.7918621,1
0.7918621,1
0.7918621,1
0.7918621,1
0.0002748352,1
0.9943762,1
0.9943762,1
0.9943762,1
0.9943762,1
0.9943762,1
0.9996077,1
0.999805,1
0.999805,1
0.999805,1
0.999805,1
0.9997337,1
0.999805,1
0.0002693071,0
0.7918621,0
0.00404959,0
0.008111279,0
0.0002371192,0
6.523215e-09,0
0.0006212303,0
0.05415308,0
2.014578e-06,0
8.304557e-05,0
0.7918621,0
8.577636e-06,0
2.070716e-06,0
0.9941633,0
0.0006212303,0
0.0002371192,0
0.9994867,0
0.03091704,0
