Score,Label
0.997065,1
0.9999996,1
0.9999996,1
1,1
0.9999995,1
0.9999996,1
0.9999995,1
0.9999126,1
0.9999998,1
0.9980598,1
0.9993175,1
0.9980598,1
0.9980598,1
0.9980598,1
0.1465277,0
0.01441541,0
1.522327e-05,0
4.69996e-05,0
0.9999492,0
6.228757e-05,0
0.3310297,0
0.8441416,0
0.003206823,0
0.9986803,0
4.443235e-06,0
0.0004860274,0
0.0001137866,0
0.5975703,0
