Score,Label
0.1869207,1
0.1869207,1
0.99994,1
1,1
0.9999381,1
0.9999998,1
1,1
0.9999998,1
0.9998583,1
0.0001854314,0
0.0001854314,0
3.302188e-06,0
0.001151253,0
4.784426e-05,0
9.88152e-05,0
4.107135e-05,0
1.903444e-05,0
4.774963e-05,0
