Score,Label
0.9989136,1
0.996207,1
0.996207,1
0.996207,1
0.9989136,1
0.996207,1
0.996207,1
0.9999644,1
0.9999164,1
0.9988602,1
0.9989346,1
0.996207,1
0.9989136,1
0.996207,1
0.9994001,1
0.9998422,1
0.02071811,1
0.9999998,1
0.9258186,1
0.9258186,1
0.9258186,1
0.9930937,1
0.9999931,1
0.9991286,1
0.9930937,1
0.9930937,1
0.9999931,1
0.9904009,1
0.9904009,1
0.9258186,1
0.9258186,1
0.9999931,1
0.9993741,1
0.9993741,1
0.9993741,1
0.001556152,1
2.670498e-05,1
2.670498e-05,1
1.748958e-05,1
0.999997,1
0.9732864,1
0.7588257,1
0.5949062,1
0.9983326,1
0.9994892,1
0.9999992,1
0.9998751,1
0.9998986,1
0.9998986,1
0.9998986,1
0.9999987,1
0.9998422,1
0.0004851847,1
0.0004851847,1
0.9994892,1
0.1497837,1
0.1497837,1
0.99983,1
0.7646295,1
0.991648,1
1.235315e-06,0
1.985786e-05,0
0.8844482,0
8.875127e-05,0
1.979295e-08,0
0.1497837,0
8.220382e-08,0
1,0
0.002361774,0
1.195e-06,0
0.523524,0
0.005257939,0
4.431757e-08,0
4.484843e-08,0
8.588111e-08,0
0.9996934,0
4.047769e-09,0
1.171498e-06,0
0.9999783,0
0.1497837,0
0.0003097895,0
1.145634e-05,0
0.1497837,0
0.0001372402,0
3.468406e-07,0
0.004562989,0
0.1497837,0
0.002023896,0
0.1497837,0
0.0001169791,0
0.9999937,0
0.2762785,0
8.062974e-06,0
4.660699e-06,0
0.9999723,0
0.7588257,0
1.690711e-06,0
0.001895303,0
0.9967442,0
4.805266e-06,0
0.001892921,0
4.838032e-05,0
5.968375e-06,0
1.755609e-07,0
0.0004851847,0
0.9999973,0
0.007291901,0
0.9988726,0
6.819853e-05,0
1.215788e-08,0
2.05626e-06,0
0.9921445,0
0.9991286,0
1.763364e-06,0
3.878422e-08,0
0.05958503,0
6.866577e-05,0
0.0002972086,0
5.321377e-06,0
7.992297e-06,0
