Score,Label
0.8262532,1
0.8262532,1
0.8262532,1
0.8262532,1
0.8262532,1
0.8262532,1
0.8262532,1
0.7815192,1
0.6610318,1
0.9995894,1
0.8262532,1
1,1
0.999315,1
1.426337e-05,1
1,1
3.673072e-09,1
0.6703287,1
1,1
0.9996705,1
0.9998124,1
0.9996705,1
0.9273304,1
0.9996361,1
0.9273304,1
0.9996361,1
0.9996361,1
0.9996361,1
0.9273304,1
0.9832152,1
1,1
1,1
0.9977013,1
0.9999989,1
1,1
1,1
0.9999989,1
0.9977013,1
0.9649039,1
1,1
0.9997783,1
0.9999647,1
1,1
1,1
1,1
1,1
0.3605301,1
0.9999995,1
5.112656e-06,1
0.9757928,1
0.7547069,1
0.9757928,1
0.9971328,1
1,1
0.999999,1
0.999999,1
0.00188994,1
1,1
0.684038,1
1,1
1,1
0.9999996,1
0.9999818,1
0.033606,1
0.033606,1
0.2028158,1
0.9999999,1
0.0002583631,1
0.0640175,1
4.259451e-08,1
1,1
0.0234114,1
0.005571861,1
5.879323e-09,0
0.000523758,0
6.408255e-05,0
0.9999471,0
6.570969e-05,0
6.269762e-09,0
9.890615e-06,0
0.04072697,0
1.30798e-05,0
1.366233e-07,0
1.225347e-11,0
0.01020735,0
0.9999977,0
4.379723e-05,0
2.879815e-05,0
0.9273304,0
2.654541e-07,0
1.520402e-09,0
0.005571861,0
0.9080763,0
0.0001451676,0
6.509521e-07,0
0.488317,0
0.09618853,0
0.3605301,0
3.385706e-08,0
0.005571861,0
1.465715e-08,0
2.259748e-09,0
7.309787e-06,0
0.3505083,0
0.0004917132,0
1.604114e-09,0
2.822137e-05,0
0.964404,0
0.9991099,0
4.081203e-05,0
0.8262532,0
0.0004070755,0
0.9997355,0
0.1359012,0
0.9996419,0
4.965869e-08,0
4.787783e-06,0
3.932247e-07,0
4.442604e-09,0
8.470628e-07,0
0.06340289,0
1.520948e-09,0
1.709034e-05,0
6.408255e-05,0
0.7236367,0
2.518934e-05,0
0.03873112,0
0.002901062,0
0.8914144,0
2.414153e-07,0
6.617053e-06,0
1.096801e-06,0
2.414153e-07,0
0.9990597,0
0.9984062,0
0.6710357,0
4.388094e-08,0
8.03268e-09,0
1.978328e-09,0
0.033606,0
1.253415e-05,0
0.2361767,0
3.379587e-09,0
2.394158e-07,0
0.1223943,0
