Score,Label
0.9997862,1
0.9310271,1
0.9997862,1
0.9997862,1
0.9999998,1
0.9997862,1
0.9917888,1
0.9997862,1
0.4510996,1
0.9997862,1
0.9997862,1
0.9997212,1
0.790081,1
0.9310271,1
0.9999949,1
0.790081,1
0.9997862,1
0.9997862,1
0.4918277,1
0.2839128,1
0.997786,1
0.9999975,1
0.9999975,1
0.9999975,1
0.997786,1
0.997786,1
0.2555657,1
0.0003266777,1
0.002653149,1
0.9999808,1
0.9999801,1
1.137155e-07,1
0.05688193,1
1.137155e-07,1
0.9999542,1
0.9109589,1
0.01557688,1
0.9999838,1
6.171413e-05,1
0.9999998,1
0.9999304,1
0.9999993,1
0.869258,1
0.9560054,1
0.9567442,1
3.275773e-07,0
2.14317e-10,0
0.003027354,0
3.699443e-05,0
1.948901e-10,0
6.99213e-09,0
0.0004149009,0
9.904755e-05,0
0.0001441928,0
0.9999999,0
1.445206e-05,0
1.390289e-11,0
0.776089,0
0.7961355,0
0.0001273844,0
0.03119244,0
1.859627e-09,0
1.933773e-08,0
0.01801275,0
3.453203e-10,0
5.130185e-06,0
0.004455028,0
4.95596e-09,0
4.450498e-05,0
0.0001050378,0
7.609045e-10,0
1.532494e-05,0
0.001065157,0
7.187195e-07,0
0.01885676,0
0.9980768,0
2.870815e-07,0
2.915341e-14,0
1.990738e-11,0
6.304679e-10,0
0.6367371,0
9.474495e-12,0
0.1615166,0
7.345157e-08,0
1.013387e-07,0
6.171413e-05,0
1.715943e-06,0
2.983739e-09,0
6.527879e-10,0
0.3862623,0
