Score,Label
0.9275986,1
0.9275986,1
0.9275986,1
0.9275986,1
0.9275986,1
0.9275986,1
0.9275986,1
0.9999797,1
1,1
0.9275986,1
0.9275986,1
0.9275986,1
0.9275986,1
0.9977075,1
0.9275986,1
0.3710277,1
0.9999797,1
0.9275986,1
0.990044,1
0.08452787,1
0.0004237829,1
0.001872878,1
0.966225,1
0.9994081,1
0.9565322,1
0.9978172,1
0.8893536,1
0.9978172,1
0.8893536,1
0.8893536,1
0.8893536,1
0.8893536,1
1,1
0.8893536,1
0.9999913,1
0.8893536,1
0.9978172,1
1,1
0.8893536,1
0.8893536,1
0.8893536,1
0.9910028,1
0.8893536,1
0.9999999,1
0.8893536,1
0.8893536,1
1,1
0.9910028,1
0.006647184,1
0.006647184,1
0.9999996,1
0.9999878,1
0.9952112,1
0.9999999,1
0.9720954,1
0.9999987,1
0.9927457,1
3.954744e-07,1
3.855904e-05,1
0.9984272,1
0.0001916605,1
0.9999849,1
0.9999863,1
0.9908676,1
0.9999588,1
0.0001504926,1
0.0001504926,1
0.9985683,1
0.9587969,1
0.9983895,1
0.9992936,1
0.02165185,1
0.8659094,1
0.4254696,1
1.102685e-07,0
0.7156023,0
1.440316e-08,0
2.23656e-08,0
0.004348365,0
8.107542e-05,0
0.0001166563,0
8.768176e-08,0
0.002011112,0
2.488553e-07,0
0.0001504926,0
2.434838e-07,0
0.1708701,0
0.003488288,0
0.9995921,0
7.458594e-06,0
0.0005838992,0
2.499828e-06,0
0.001502498,0
0.1822733,0
8.302449e-06,0
4.188542e-10,0
0.9944941,0
0.009716759,0
6.842236e-06,0
0.3703887,0
6.517561e-05,0
0.0001006362,0
9.725293e-07,0
0.08602051,0
0.7735567,0
1.329209e-07,0
0.2639453,0
0.001231625,0
0.07684103,0
1.795069e-05,0
0.06539658,0
0.2562179,0
0.0001916605,0
0.9996226,0
9.002598e-08,0
8.768176e-08,0
0.0002490238,0
2.460776e-06,0
4.427711e-06,0
5.335692e-06,0
9.870553e-07,0
2.854502e-05,0
0.0001006362,0
2.391261e-06,0
0.8893536,0
0.932281,0
6.314162e-07,0
6.220252e-05,0
3.869622e-07,0
1.491167e-08,0
0.9999931,0
3.698248e-07,0
0.9999988,0
0.009143501,0
1.407546e-06,0
5.355322e-08,0
0.0001916605,0
0.2589953,0
1.049391e-05,0
0.0005892636,0
0.01346092,0
4.654808e-07,0
1.354007e-05,0
0.01297603,0
3.968439e-05,0
2.81117e-06,0
0.0004478024,0
4.670166e-08,0
