Score,Label
0.7973962,1
0.9722484,1
0.7973962,1
0.04662358,1
0.7973962,1
0.9819163,1
0.0002778744,1
1.887175e-06,1
0.9998519,1
0.001248101,1
1,1
0.9999996,1
0.9999996,1
0.9559298,1
0.9559298,1
0.9559298,1
0.9614738,1
0.9959103,1
0.9559298,1
0.9614738,1
0.9978854,1
0.9978854,1
0.484691,1
0.9999995,1
0.9999801,1
1,1
1,1
0.9999999,1
1,1
1,1
1,1
1,1
0.9999998,1
0.7973962,1
0.4878142,1
0.4878142,1
5.56065e-07,0
2.130475e-05,0
0.7973962,0
0.000124084,0
1.088849e-12,0
3.140755e-10,0
1.035955e-09,0
0.9977507,0
0.3803228,0
0.00828004,0
4.86037e-06,0
4.817186e-06,0
1.039555e-10,0
8.859232e-10,0
1.48726e-06,0
4.558858e-12,0
0.7973962,0
0.8854708,0
0.0004120837,0
5.691671e-05,0
1.072641e-10,0
0.001236754,0
7.220613e-08,0
0.9163718,0
1.626048e-11,0
4.176564e-07,0
4.558858e-12,0
0.02085902,0
5.352138e-11,0
9.118635e-10,0
0.8265378,0
3.763229e-11,0
7.589701e-12,0
1.132941e-07,0
8.764755e-07,0
4.047866e-11,0
