Score,Label
0.03955243,1
1,1
1,1
1,1
0.0001312877,1
0.008674169,1
1.198831e-07,0
0.003307401,0
1.860318e-06,0
0.008674169,0
1.860318e-06,0
1.490967e-06,0
