Score,Label
1,1
0.0003857759,1
0.9999987,1
1,1
0.9931738,1
1,1
0.9998703,1
1,1
1,1
1,1
1,1
0.9999949,1
0.002122155,0
3.457409e-05,0
0.001267145,0
3.403634e-05,0
7.837053e-05,0
0.002350255,0
0.0002188511,0
2.820695e-05,0
8.969483e-05,0
0.0001863563,0
8.263353e-05,0
0.001267145,0
