Score,Label
1,1
5.426961e-07,1
1,1
1,1
0.02328087,1
6.687219e-05,1
0.9999963,1
0.550592,1
0.9999998,1
0.8641868,1
0.9991615,1
0.9999993,1
0.004384472,1
0.01837008,1
0.9989145,1
1,1
1,1
8.007204e-05,1
1.869019e-05,0
0.01927728,0
0.01927728,0
1.455321e-09,0
0.00124371,0
0.001902452,0
0.01927728,0
0.007947533,0
0.001902452,0
7.297215e-09,0
9.309238e-10,0
0.001027251,0
7.297215e-09,0
1.963941e-08,0
5.547205e-09,0
0.0001669181,0
0.01927728,0
0.001027251,0
