Score,Label
0.01427486,1
1,1
1,1
1,1
1,1
0.9999939,1
1,1
0.08060357,1
0.08060357,1
0.0001187615,1
0.08060357,1
0.08060357,1
0.9998314,1
0.9999994,1
0.9999994,1
0.9952301,1
0.9952301,1
0.9952301,1
5.201894e-08,1
0.9995652,1
0.9999999,1
0.9999999,1
1,1
1,1
0.9994583,1
6.460088e-05,0
4.282995e-08,0
6.494184e-05,0
0.0001373442,0
5.575833e-05,0
5.536975e-08,0
0.9113278,0
3.024292e-07,0
7.81861e-08,0
6.791005e-05,0
4.393539e-06,0
4.059602e-11,0
7.6542e-05,0
5.634506e-06,0
9.978506e-07,0
0.001350201,0
0.07439134,0
0.004906625,0
3.759347e-08,0
6.168866e-07,0
0.7253572,0
0.0001804833,0
0.0001804833,0
0.0003455675,0
0.9113278,0
