Score,Label
0.8501787,1
0.0003579408,1
0.9999999,1
0.9980913,1
0.9724833,1
1,1
0.9999639,1
0.009089658,1
0.9968525,1
1,1
0.9999994,1
0.3067556,1
0.7691064,1
0.2155989,1
1,1
1,1
0.6399416,1
0.09226704,1
0.9999951,1
0.9999981,1
0.9991809,1
0.1860977,1
0.2218251,1
0.1860977,1
0.9997696,1
0.01394642,1
1,1
1,1
1,1
1,1
1,1
0.7623997,1
0.9640702,1
0.9148977,1
0.9999739,1
0.9997891,1
0.9794232,1
0.9999983,1
1,1
0.9998373,1
0.7129182,1
0.9999965,1
0.2155989,1
0.4708255,1
1,1
1,1
0.9999371,1
1,1
0.9571673,1
0.9943504,1
0.03106514,1
0.9943072,1
1,1
0.9999998,1
0.2218251,1
0.998471,1
0.7710504,1
0.9987709,1
0.009971588,1
0.9995303,1
0.999308,1
0.1190841,1
0.8955284,1
9.364216e-05,1
1,1
1.014697e-05,1
1,1
1,1
0.9999969,1
1,1
0.9999683,1
8.911045e-06,1
1,1
1,1
3.239025e-06,1
0.03334468,1
1,1
0.9999944,1
0.9998457,1
1,1
0.9999878,1
0.9963535,1
0.9999837,1
1,1
0.0008597816,1
0.4950435,1
0.8395484,1
8.051169e-05,1
0.9784994,1
0.006006345,1
0.8339728,1
0.9997907,1
0.001129242,1
0.0005073954,0
0.6558992,0
0.0008597816,0
0.003376691,0
0.9959881,0
0.001030568,0
0.0008597816,0
0.3727732,0
0.0001104689,0
0.9999619,0
0.05665724,0
0.009893532,0
0.9997541,0
0.0008597816,0
9.364216e-05,0
0.0005089382,0
0.9474058,0
0.005041172,0
0.001563932,0
6.437564e-06,0
0.9895782,0
3.374614e-05,0
0.8201666,0
0.03790554,0
0.0008597816,0
0.001030568,0
0.0008597816,0
0.995684,0
0.4950435,0
0.0004151398,0
0.0008597816,0
0.0008597816,0
0.0001376328,0
9.103591e-06,0
0.0001376328,0
0.0008597816,0
0.9895782,0
0.9895782,0
0.0001104689,0
0.008452569,0
0.0006991132,0
0.0008597816,0
1.655729e-06,0
5.037109e-05,0
0.0008597816,0
0.4950435,0
0.002588509,0
0.9950387,0
0.001350068,0
0.0008597816,0
0.0001248195,0
1.366185e-05,0
1,0
0.0002602601,0
2.510442e-05,0
0.009893532,0
0.03681977,0
0.0008597816,0
0.6558992,0
0.9474058,0
0.0001784034,0
0.9999598,0
0.8994698,0
0.0008597816,0
0.1001653,0
2.550393e-05,0
0.0008597816,0
0.4950435,0
1.418553e-05,0
0.0008597816,0
1.655729e-06,0
0.9194214,0
0.8201666,0
8.916574e-05,0
0.06341552,0
0.3571355,0
1,0
0.9984308,0
0.009893532,0
5.004593e-05,0
0.4950435,0
0.1969364,0
0.001086104,0
0.9218304,0
0.0001246962,0
0.0008597816,0
0.04950253,0
0.9393278,0
8.911045e-06,0
0.002441771,0
0.6886493,0
0.9895782,0
0.0002602601,0
