Score,Label
0.9677994,1
0.9677994,1
0.9677994,1
0.9677994,1
0.9677994,1
0.9677994,1
0.9677994,1
0.8969677,1
0.9677994,1
0.9677994,1
0.9677994,1
1,1
1,1
1,1
0.9910187,1
1,1
0.9677994,1
0.9677994,1
0.9677994,1
0.9677994,1
0.9677994,1
0.9677994,1
0.9677994,1
1,1
1,1
1,1
0.9979702,1
0.9959692,1
1,1
1,1
0.9677994,1
0.9677994,1
0.9677994,1
0.9677994,1
0.9677994,1
0.9677994,1
0.9677994,1
1,1
1,1
1,1
1,1
0.9921296,1
1,1
0.9677994,1
0.9677994,1
0.9677994,1
0.9677994,1
0.9677994,1
0.9677994,1
0.9677994,1
0.9999743,1
1,1
1,1
1,1
0.9999999,1
0.9999053,1
0.001249648,0
3.566115e-05,0
0.01181116,0
4.302156e-06,0
0.001249648,0
0.0001168879,0
0.0004419384,0
0.0002006339,0
0.001249648,0
5.116335e-05,0
0.001803051,0
5.520929e-05,0
0.000874761,0
5.116335e-05,0
0.005767581,0
5.116335e-05,0
0.0004671503,0
0.0002006339,0
0.0001182115,0
0.0005522378,0
0.005767581,0
9.80431e-05,0
3.566115e-05,0
0.4627198,0
1.902732e-05,0
0.0001130764,0
0.009833719,0
0.0007309829,0
7.25834e-06,0
0.003760118,0
5.116335e-05,0
0.002850025,0
5.078327e-05,0
0.002768343,0
0.0004419384,0
0.06236227,0
0.003771665,0
8.492111e-05,0
3.566115e-05,0
1.902732e-05,0
0.0008211801,0
0.2796809,0
0.001439852,0
0.0008433974,0
0.0008211801,0
3.566115e-05,0
2.420807e-05,0
2.124319e-05,0
0.001373192,0
5.116335e-05,0
0.0007309829,0
0.0008211801,0
0.002298724,0
0.0002454256,0
1.902732e-05,0
0.001803051,0
