Score,Label
0.9999154,1
0.9999154,1
0.9999154,1
0.9989839,1
0.9999154,1
0.9999154,1
0.344329,1
0.9998801,1
0.9998801,1
0.0321685,1
0.9744236,1
0.9999791,1
0.9999791,1
0.9999992,1
0.9771571,1
0.9999406,1
0.9744236,1
0.9744236,1
0.9994425,1
0.4992071,1
0.9999679,1
0.9154176,1
0.9154176,1
0.0321685,1
0.9999995,1
0.9999995,1
0.9996563,1
0.9999995,1
0.9960887,1
0.9987815,1
0.0001795855,1
0.9987815,1
0.9952859,1
0.9987815,1
0.9987815,1
0.9987815,1
0.9952859,1
0.9987815,1
5.64175e-05,0
8.157995e-07,0
0.007944877,0
0.03606071,0
0.000442032,0
0.0002532679,0
3.899662e-05,0
0.892019,0
0.9999566,0
0.001893001,0
1.88284e-07,0
4.15668e-08,0
1.26802e-05,0
0.0002099455,0
2.198054e-08,0
0.0001811077,0
0.02655501,0
0.04217082,0
1.57628e-06,0
8.157995e-07,0
0.0003677117,0
2.884955e-07,0
1.528785e-07,0
0.001681036,0
4.597714e-06,0
0.006367265,0
0.0003947764,0
2.411445e-07,0
0.5453404,0
0.03370412,0
3.400727e-05,0
0.0002578842,0
0.0179306,0
0.0006208828,0
0.002659887,0
0.1745181,0
0.002393509,0
0.007167992,0
