Score,Label
0.9997563,1
0.9997563,1
0.9997563,1
0.999974,1
0.8982987,1
0.9997563,1
0.3179273,1
0.4212137,1
0.02863589,1
0.9999957,1
0.02863589,1
0.9999677,1
0.9999937,1
0.9999957,1
0.9999957,1
0.000539861,1
0.7497518,1
0.7497518,1
0.7497518,1
0.7497518,1
0.9996518,1
0.999974,1
0.000183858,1
0.492613,1
0.999974,1
0.9999999,1
0.9974885,1
0.9999999,1
0.9999999,1
0.9999877,1
0.9999877,1
0.9999999,1
0.5039681,1
0.9999548,1
0.9999548,1
0.9999548,1
0.9999548,1
0.9999987,1
0.9999983,1
0.9999626,1
0.9999983,1
0.9999987,1
0.9999965,1
0.01397025,1
0.7497518,1
0.08363034,1
0.7833903,1
0.7497518,1
0.0009712546,1
0.5788646,1
0.0004167,0
0.08363034,0
0.0003129062,0
0.001145292,0
0.002721047,0
0.0005801166,0
5.299143e-05,0
0.0349039,0
0.0004167,0
3.259736e-07,0
0.01258572,0
0.004265054,0
2.588866e-05,0
0.004314458,0
0.5788646,0
0.0001450776,0
0.492613,0
0.004864233,0
0.0009712546,0
0.005538271,0
0.004314458,0
2.260064e-05,0
0.0002991896,0
0.0008521674,0
0.01769997,0
0.001616474,0
7.814075e-05,0
7.814075e-05,0
0.5788646,0
0.8577193,0
0.013809,0
2.917405e-05,0
0.0001530327,0
0.03162574,0
2.036998e-06,0
0.0004591437,0
0.3564771,0
3.877316e-05,0
0.008624909,0
9.121933e-05,0
0.9345293,0
8.885231e-07,0
7.814075e-05,0
0.0349039,0
0.0349039,0
0.002721047,0
0.9996518,0
8.243089e-06,0
0.0001764679,0
0.01258572,0
