Score,Label
0.9702473,1
0.9702473,1
0.9702473,1
0.9702473,1
0.9702473,1
0.9702473,1
0.9702473,1
4.400003e-08,1
1,1
0.865925,1
0.865925,1
0.865925,1
0.865925,1
1,1
0.9702473,1
0.9236152,1
0.9702473,1
0.9702473,1
0.9702473,1
0.9702473,1
4.400003e-08,1
0.9999999,1
0.9999999,1
0.9999999,1
0.865925,1
0.865925,1
0.9999999,1
0.865925,1
0.9999999,1
0.9982384,1
0.865925,1
0.9702473,1
0.8543853,1
0.9702473,1
0.9702473,1
0.9702473,1
0.9702473,1
0.9702473,1
0.9702473,1
0.9236152,1
0.9702473,1
0.9702473,1
0.9999999,1
0.9999999,1
0.9999999,1
0.996808,1
0.9999999,1
0.9999999,1
0.9999999,1
0.9999999,1
0.9862006,1
0.9999999,1
0.9702473,1
0.9702473,1
0.9702473,1
0.9702473,1
0.9702473,1
0.9702473,1
0.9702473,1
0.9702473,1
0.9702473,1
0.9702473,1
0.9702473,1
0.9702473,1
0.9702473,1
0.9702473,1
0.9702473,1
0.9999963,1
0.9999963,1
0.9999963,1
0.7912493,1
0.9999952,1
0.9999952,1
0.9999963,1
0.9925846,1
0.9999963,1
0.9999992,1
0.9702473,1
0.9702473,1
0.9702473,1
0.9702473,1
0.9702473,1
0.9702473,1
0.9702473,1
0.9702473,1
0.865925,1
0.865925,1
1,1
1,1
0.9987893,1
0.865925,1
1,1
1,1
5.932639e-09,0
1.049447e-07,0
9.506492e-06,0
0.001108531,0
0.4047016,0
7.918273e-07,0
1.248688e-06,0
0.001239269,0
7.081655e-08,0
6.872802e-08,0
3.039163e-05,0
5.06901e-06,0
5.504319e-06,0
5.654907e-10,0
3.45737e-09,0
2.799551e-05,0
0.001038893,0
4.971915e-06,0
1.178313e-07,0
3.039163e-05,0
0.00114159,0
8.266265e-06,0
0.001038893,0
7.918273e-07,0
0.0006291155,0
3.033463e-08,0
3.966457e-05,0
2.604655e-11,0
5.06901e-06,0
0.001073647,0
0.0001783864,0
1.942389e-05,0
0.0005707543,0
6.905882e-06,0
9.565903e-08,0
5.826784e-10,0
8.266265e-06,0
0.004030186,0
2.789879e-07,0
9.506492e-06,0
5.826784e-10,0
1.346565e-06,0
0.0001065146,0
0.001073647,0
0.000892769,0
0.9702473,0
4.291195e-06,0
4.397115e-09,0
6.76761e-07,0
0.01054116,0
1.766458e-07,0
3.955064e-06,0
4.291195e-06,0
1.049447e-07,0
2.159983e-06,0
3.044275e-06,0
4.397115e-09,0
3.044275e-06,0
1.093867e-06,0
0.78016,0
0.001038893,0
0.0001065146,0
0.000892769,0
0.78016,0
6.665353e-06,0
2.489436e-07,0
2.270104e-08,0
7.304344e-06,0
7.040751e-06,0
4.627856e-07,0
1.13904e-06,0
1.852124e-05,0
5.826784e-10,0
5.268167e-06,0
0.0002694154,0
8.076696e-06,0
0.0005707543,0
8.076696e-06,0
1.852124e-05,0
0.0002390483,0
5.811162e-08,0
6.135902e-12,0
0.002215275,0
8.697433e-09,0
1.436247e-08,0
7.918273e-07,0
1.50914e-10,0
1.093867e-06,0
3.582761e-06,0
0.0002984216,0
8.756177e-08,0
7.918273e-07,0
2.175031e-05,0
