Score,Label
1,1
0.9999943,1
1,1
0.9999999,1
0.0003751177,1
0.9999968,1
0.9999999,1
8.244218e-05,1
0.5796049,1
0.7681136,1
0.9995275,1
5.594534e-05,1
0.000985928,1
0.2579307,1
0.9945465,1
1,1
0.9887825,1
0.9994268,1
0.9981282,1
0.9306389,1
1,1
0.8883971,1
0.9999998,1
1,1
0.9748518,1
0.3813724,1
1,1
0.9999982,1
0.9797941,1
1,1
0.9999999,1
0.998632,1
0.0001849734,1
0.9939878,1
0.9999998,1
1,1
0.9999999,1
0.9999992,1
0.9737012,1
0.9974058,1
0.9999987,1
1,1
0.02361913,1
0.03372078,1
0.9999021,1
0.9984856,1
0.3813724,1
0.9994137,1
0.9859319,1
0.9999372,1
0.9999998,1
0.9999995,1
0.9920373,1
1,1
0.9379191,1
0.9957482,1
0.9751068,1
0.9945465,1
0.9999998,1
0.9996623,1
0.9962739,1
0.9159036,1
0.9418327,1
0.9999999,1
1,1
0.9999999,1
0.9992961,1
1,1
0.02817777,1
0.9999806,1
0.2048008,1
0.9993377,1
1,1
0.004464064,0
0.03741017,0
0.2108442,0
0.01533272,0
0.02475416,0
0.1009237,0
0.1009237,0
0.001233924,0
0.0004182984,0
0.1009237,0
0.02475416,0
0.02120026,0
0.5175629,0
0.1009237,0
0.02475416,0
0.0007598893,0
3.276764e-05,0
0.0854474,0
0.9999403,0
3.276764e-05,0
0.9974252,0
0.0620736,0
0.9987146,0
0.1009237,0
0.9999727,0
0.9995275,0
8.244218e-05,0
0.001233924,0
0.9999989,0
0.1009237,0
0.05187567,0
0.01022143,0
0.01022143,0
0.1009237,0
0.001083576,0
0.9876661,0
0.9998185,0
0.0004174089,0
0.8569588,0
0.0001849734,0
0.999981,0
0.00167879,0
0.001700232,0
0.0854474,0
0.9997745,0
0.001876492,0
0.0004582806,0
0.1009237,0
0.02475416,0
0.1009237,0
0.1009237,0
0.0278994,0
4.014554e-05,0
0.007881367,0
0.02475416,0
0.9997622,0
0.8861442,0
0.9999999,0
0.001182267,0
0.9987146,0
0.0008209415,0
0.0002362919,0
0.999993,0
0.02475416,0
0.1009237,0
0.00340385,0
0.06868543,0
0.001233924,0
0.0003562495,0
0.0001231894,0
0.0002497004,0
0.02475416,0
0.0006855956,0
