Score,Label
0.801821,1
0.8098498,1
0.8098498,1
0.801821,1
0.02804031,1
0.006464167,1
0.9999988,1
0.9999988,1
0.9999988,1
1,1
0.9998899,1
0.9998899,1
0.9998899,1
0.6756811,1
0.9911409,1
0.9911409,1
0.9911409,1
0.9911409,1
0.004476012,1
0.5437194,1
0.9999988,1
0.9999719,1
0.9993584,1
0.9999719,1
0.9960532,1
0.9998198,1
0.9998198,1
0.9998198,1
0.9998705,1
0.9999987,1
0.9999987,1
0.9999987,1
0.7072151,1
0.9605908,1
7.688628e-06,0
0.007478046,0
0.8773971,0
3.305515e-06,0
2.241739e-05,0
1.098473e-05,0
0.8773971,0
2.393971e-07,0
0.8773971,0
8.647135e-06,0
8.953937e-05,0
5.210657e-05,0
6.523338e-05,0
6.786053e-05,0
2.587153e-05,0
5.50428e-05,0
1.46231e-06,0
6.00148e-06,0
0.7507048,0
0.01097811,0
0.8773971,0
0.6756811,0
5.835645e-05,0
7.510708e-06,0
2.308853e-05,0
0.2118289,0
4.938006e-05,0
2.200791e-06,0
1.313427e-07,0
1.678184e-05,0
7.950532e-06,0
0.0001500077,0
0.7072151,0
0.8773971,0
