Score,Label
1,1
0.03249229,1
0.2004915,1
5.969389e-07,1
0.03249229,1
6.235694e-05,1
0.9886639,1
0.9886639,1
3.81364e-05,1
1,1
0.995743,1
0.2421906,1
0.9999712,1
0.9999712,1
1,1
0.9999712,1
0.0008720912,1
0.9999999,1
0.9997768,1
0.9999712,1
1,1
0.001855365,1
1,1
1,1
1,1
1,1
1,1
1,1
1,1
7.567984e-06,1
1,1
1,1
1,1
1,1
1,1
1,1
1,1
1,1
0.9873815,1
1,1
1,1
1,1
1.217695e-09,1
1,1
0.9994416,1
1,1
1,1
1,1
1,1
0.0009216548,1
0.000242898,1
1,1
0.9548714,1
0.9548714,1
0.9548714,1
0.9548714,1
0.9548714,1
0.9548714,1
0.001855365,1
0.9999998,1
0.9999998,1
0.9999937,1
0.9999998,1
0.9999998,1
0.9999937,1
5.991626e-05,1
8.715316e-05,1
0.9999665,1
1,1
1,1
8.715316e-05,1
1,1
8.715316e-05,1
8.715316e-05,1
8.715316e-05,1
5.348768e-08,1
1.378095e-05,0
0.006337745,0
0.0001413923,0
0.03831473,0
0.9906741,0
1.565234e-05,0
0.0001413923,0
2.187338e-07,0
0.9036062,0
3.924007e-05,0
0.9036062,0
0.001501597,0
5.275983e-05,0
0.0001097775,0
7.998604e-05,0
0.003261789,0
6.191132e-07,0
0.0001413923,0
1.608614e-05,0
0.03831473,0
2.869228e-07,0
0.00654921,0
1.115988e-05,0
1.390711e-06,0
0.1244562,0
0.9458247,0
7.714848e-06,0
1.61703e-07,0
0.3763506,0
3.280844e-07,0
0.0003356364,0
6.764345e-05,0
0.0001208406,0
6.191132e-07,0
6.764345e-05,0
3.200042e-05,0
0.0734447,0
0.0001413923,0
0.0001413923,0
2.411604e-06,0
0.005619879,0
8.947474e-07,0
0.0003440588,0
8.064727e-06,0
1.859367e-06,0
0.1244562,0
0.0009799928,0
2.063877e-05,0
1.185457e-06,0
0.0001413923,0
0.6438172,0
0.9998612,0
9.413875e-06,0
8.947474e-07,0
5.229371e-07,0
0.9635978,0
0.03831473,0
0.9886639,0
2.869228e-07,0
2.869228e-07,0
0.005750173,0
1,0
2.468017e-05,0
5.229371e-07,0
1.61703e-07,0
0.001501597,0
0.04020178,0
3.78374e-05,0
2.187338e-07,0
3.81364e-05,0
4.350442e-05,0
0.9036062,0
2.187338e-07,0
0.0008712789,0
2.187338e-07,0
2.869228e-07,0
