Score,Label
0.8841037,1
0.8841037,1
0.9997411,1
0.9997411,1
0.03784753,1
0.8841037,1
0.8465681,1
0.01999391,1
0.003963413,1
0.9992385,1
0.8865198,1
0.971751,1
0.971751,1
0.971751,1
0.8865198,1
0.8865198,1
0.8865198,1
0.8865198,1
0.2063922,1
0.8832495,1
0.8832495,1
0.2063922,1
0.8974668,1
0.8832495,1
0.02540972,1
0.8832495,1
0.0001140478,1
0.7483189,1
0.9852116,1
0.7483189,1
0.9852116,1
0.9852116,1
0.9852116,1
0.9852116,1
0.9852116,1
0.0001140478,1
0.99347,1
0.7938527,1
0.7938527,1
0.99347,1
0.99347,1
0.99347,1
0.99347,1
0.7938527,1
0.0004774347,1
0.9995062,1
1.701444e-07,1
0.7258602,1
0.9976725,1
0.9976725,1
0.0362464,1
0.7258602,1
0.0001140478,1
0.04575896,1
0.9783659,1
0.9977174,1
0.9977174,1
0.9783659,1
0.9783659,1
0.9977174,1
0.9977174,1
0.9783659,1
0.9977174,1
0.001353298,1
0.9977174,1
0.3102002,1
1.293772e-06,1
4.486059e-06,1
0.7626184,1
0.8098435,1
0.7626184,1
0.5181887,1
0.8098435,1
0.8098435,1
0.6038697,1
0.6038697,1
0.230987,1
0.6038697,1
0.9491792,1
0.6038697,1
0.9491792,1
0.9491792,1
0.9491792,1
0.9491792,1
0.9491792,1
1.029814e-06,0
2.669445e-06,0
4.806847e-08,0
0.009099678,0
0.05372556,0
1.833793e-05,0
1.078631e-05,0
2.649629e-06,0
0.0003890214,0
3.63224e-09,0
0.8907459,0
4.806847e-08,0
0.02837063,0
0.0006136125,0
0.002079438,0
0.05372556,0
1.03294e-08,0
0.02805272,0
4.159051e-05,0
0.0002867934,0
1.526417e-06,0
0.9996246,0
2.761318e-06,0
2.669445e-06,0
5.08105e-13,0
0.999567,0
0.06206791,0
0.8907459,0
0.009099678,0
4.634552e-05,0
2.669445e-06,0
5.268291e-05,0
0.0004451989,0
0.7622688,0
0.05372556,0
6.853056e-06,0
0.0002909897,0
1.378389e-07,0
0.02837063,0
0.7258602,0
0.006184333,0
0.0002399267,0
0.02805272,0
1.526417e-06,0
0.02805272,0
3.215788e-10,0
0.0002867934,0
0.0001188442,0
2.311519e-09,0
0.01232784,0
0.00198126,0
5.924996e-06,0
0.7938527,0
0.05372556,0
3.236122e-11,0
0.6038697,0
0.05372556,0
0.0003473049,0
1.199135e-08,0
0.8907459,0
0.0001258401,0
0.8907459,0
2.956615e-08,0
0.7258602,0
0.9884766,0
2.260001e-10,0
0.007458733,0
1.078631e-05,0
0.6038697,0
0.8907459,0
4.556833e-05,0
2.669445e-06,0
4.594002e-06,0
0.8841037,0
0.8841037,0
0.002079438,0
0.0260014,0
0.0002057808,0
7.483023e-10,0
0.0002386748,0
2.687004e-14,0
0.0001258401,0
0.0001256573,0
0.01067739,0
0.05372556,0
