Score,Label
1,1
1,1
0.5158402,1
0.4699351,1
1,1
0.9999999,1
1,1
1,1
0.04030543,1
0.9999927,1
0.9982352,1
0.9999999,1
0.9956303,1
1,1
0.9997218,1
0.0128986,1
0.003407608,1
0.003884048,1
0.9998934,1
0.0009511255,1
1.94139e-05,1
0.9981937,1
0.9999707,1
0.9995949,1
1,1
0.9999993,1
0.9999889,1
0.9818309,1
0.0659174,1
0.0009511255,1
1.94139e-05,1
1,1
1,1
0.9999993,1
1,1
0.9999992,1
0.9999996,1
0.9999968,1
0.7671797,1
0.9999861,1
6.240717e-06,1
0.9999957,1
0.9854214,1
8.210782e-07,1
0.9701511,1
0.9998236,1
0.1519422,1
3.310841e-05,1
1,1
1,1
3.56655e-07,1
1.94139e-05,1
0.9817563,1
0.9999994,1
0.9999998,1
0.9998922,1
0.376775,1
0.9989159,1
0.06437892,1
0.9938288,1
0.9999988,1
0.0003457494,1
1,1
0.2778382,1
1,1
1,1
1,1
1,1
1,1
0.9999851,1
1.94139e-05,1
1,1
1,1
1,1
1,1
1,1
1,1
1,1
0.000363404,1
0.9883889,1
0.999984,1
0.2492854,1
4.5959e-05,1
0.9905999,1
0.8326775,1
0.2248836,1
0.9989468,0
0.9999989,0
0.1444908,0
0.827893,0
3.476367e-05,0
0.0009985608,0
6.844095e-05,0
0.1444908,0
0.0001096298,0
7.312928e-05,0
0.087769,0
0.9999986,0
0.9999275,0
8.070975e-06,0
0.9998435,0
0.1444908,0
0.0001243361,0
0.7899149,0
0.0009134754,0
0.001883758,0
0.0001229539,0
0.000569318,0
0.0001229539,0
0.3525501,0
0.03867735,0
0.1444908,0
0.005270624,0
0.107956,0
1.94139e-05,0
0.1444908,0
0.000512762,0
5.657005e-07,0
2.03283e-05,0
0.9969217,0
0.5609354,0
0.02695218,0
0.0005314942,0
0.5070285,0
1.31071e-07,0
0.0009511255,0
0.0006446989,0
0.087769,0
0.1444908,0
0.000569318,0
0.1444908,0
1.216506e-05,0
0.001244354,0
0.000512762,0
0.1444908,0
0.1444908,0
0.9998054,0
0.002032007,0
6.114282e-06,0
0.9665814,0
0.003358663,0
0.003002501,0
0.01646994,0
0.0001279039,0
0.0004395686,0
0.001984226,0
0.1444908,0
0.9868772,0
0.01419105,0
0.5063746,0
0.6691661,0
0.9937244,0
0.0001096298,0
0.003316329,0
2.200056e-05,0
0.1444908,0
0.003625159,0
0.1444908,0
0.2517343,0
5.685453e-07,0
0.1444908,0
0.1444908,0
0.1444908,0
0.1444908,0
2.108728e-06,0
0.003358663,0
0.1444908,0
1.808841e-05,0
1.122393e-05,0
0.1444908,0
4.837774e-05,0
0.1444908,0
