Score,Label
9.587681e-11,1
0.0003973448,1
0.001521272,1
0.0003504389,1
0.4415193,1
0.3505714,1
0.5220664,1
2.055123e-10,1
2.244791e-05,1
1.653883e-08,1
0.03437306,1
0.9267006,1
4.1521e-08,1
0.7015172,1
1,1
1,1
1,1
1,1
1,1
1,1
1,1
1,1
1,1
1,1
1,1
1,1
1,1
1,1
1,1
1,1
1,1
1,1
1,1
1,1
1,1
1,1
1,1
1,1
1,1
1,1
1,1
1,1
1,1
1,1
1,1
1,1
1,1
1,1
1,1
1,1
1,1
1,1
1,1
6.688518e-06,1
8.997224e-06,1
1,1
0.003594212,1
1,1
1,1
1,1
1,1
1,1
1,1
1.619187e-11,0
1.53723e-07,0
1.873046e-10,0
9.553395e-08,0
7.093271e-11,0
1.708816e-08,0
3.300004e-08,0
2.528628e-08,0
0.5188359,0
1.854914e-10,0
6.496841e-09,0
2.584264e-10,0
5.490738e-10,0
0.001230357,0
8.493179e-05,0
8.674688e-07,0
6.548518e-05,0
1.175754e-10,0
1.971155e-07,0
1.027632e-09,0
3.920183e-08,0
5.614562e-06,0
9.684702e-12,0
0.001230357,0
2.31576e-09,0
1.708742e-10,0
3.826336e-11,0
1,0
1.412173e-10,0
0.0006170995,0
0.001230357,0
2.421403e-09,0
3.787337e-07,0
2.901117e-08,0
1.412173e-10,0
3.402443e-05,0
1,0
8.883759e-08,0
2.549068e-08,0
2.160778e-10,0
2.584264e-10,0
8.493179e-05,0
3.300004e-08,0
3.393763e-11,0
4.164145e-09,0
9.548276e-12,0
0.0581149,0
1.708742e-10,0
1.412173e-10,0
1.073433e-08,0
4.164145e-09,0
0.0003477074,0
1.609588e-09,0
6.720922e-08,0
5.178183e-09,0
1.619187e-11,0
2.722861e-05,0
0.004793754,0
0.0002453353,0
1.111183e-05,0
1.31712e-08,0
0.0008740387,0
1.619187e-11,0
