Score,Label
1,1
0.9999996,1
0.9398854,1
0.9398854,1
1,1
1,1
1,1
1,1
1,1
1,1
0.9999971,1
1,1
1,1
1,1
1,1
0.9999741,1
1,1
1,1
0.000203035,0
0.0001536192,0
2.665268e-06,0
1.042281e-05,0
0.001069508,0
2.665268e-06,0
8.038329e-06,0
2.942982e-05,0
0.9999288,0
5.552492e-06,0
0.00244407,0
4.953305e-05,0
2.942982e-05,0
0.4966362,0
0.0001756296,0
0.9858043,0
2.643895e-05,0
0.0001386783,0
