Score,Label
0.9999993,1
0.9999993,1
0.9995947,1
0.9999993,1
0.9999993,1
0.9999993,1
0.9999993,1
1,1
1,1
0.7394968,1
0.9999959,1
1,1
1,1
1,1
1,1
0.9995908,1
1,1
1,1
1,1
1,1
0.9980686,1
1,1
1,1
1,1
1,1
0.9998778,1
0.3994372,1
1,1
0.9978467,1
0.7954806,1
1,1
1,1
1,1
1,1
1,1
0.9999992,1
1.345678e-07,0
2.544522e-06,0
5.524176e-06,0
1.461121e-07,0
7.005508e-06,0
0.1490245,0
0.001190273,0
1.345678e-07,0
2.555254e-07,0
0.0003983002,0
0.0001431136,0
2.555254e-07,0
0.9818683,0
2.902767e-07,0
1.443794e-06,0
0.005848873,0
0.01625369,0
5.444552e-06,0
6.595643e-07,0
3.525823e-06,0
1.749091e-06,0
0.0001335249,0
1.678567e-06,0
1.263053e-05,0
0.1696026,0
0.005848873,0
0.00105422,0
1.580392e-06,0
0.0001431136,0
0.0001431136,0
6.595643e-07,0
0.004887604,0
5.030696e-08,0
0.001190273,0
0.001190273,0
0.9925027,0
