Score,Label
0.9445513,1
1,1
1,1
1,1
1,1
1,1
1,1
1,1
0.9986883,1
0.02310079,1
1,1
1,1
0.9999999,1
1,1
1,1
0.9999998,1
0.9999998,1
1,1
1,1
1,1
0.9999998,1
1,1
0.9849818,1
0.9997029,1
0.9997029,1
0.991342,1
0.9997029,1
0.9997923,1
0.9997029,1
0.9997923,1
1,1
1,1
1,1
1,1
1,1
1,1
0.9997736,1
0.9849818,1
1,1
1,1
0.9999499,1
1,1
1,1
1,1
1,1
2.09452e-08,0
0.9902325,0
1.894873e-09,0
1.561121e-07,0
1.257061e-09,0
2.044725e-08,0
2.759362e-07,0
1.144614e-05,0
0.0007126154,0
2.459878e-08,0
0.9971129,0
1.238235e-09,0
3.092107e-07,0
4.281923e-09,0
1.553436e-08,0
1.199278e-07,0
0.0004444153,0
9.420002e-07,0
8.992597e-11,0
2.923865e-08,0
0.0007126154,0
0.03853431,0
1.894873e-09,0
1.894873e-09,0
1.561121e-07,0
1.182054e-07,0
3.814812e-09,0
7.23533e-10,0
1.257061e-09,0
0.9635889,0
4.309348e-07,0
0.000250317,0
5.879304e-08,0
0.0001316485,0
1.257061e-09,0
9.08244e-11,0
2.09452e-08,0
9.276443e-05,0
2.759362e-07,0
1.199278e-07,0
3.957987e-09,0
4.309348e-07,0
4.164755e-10,0
0.03170689,0
0.7777138,0
