Score,Label
0.9989302,1
1,1
1,1
1,1
1,1
1,1
1,1
1,1
1,1
1,1
1,1
1,1
1,1
0.9830167,1
1,1
1,1
1,1
1,1
1,1
1,1
1,1
0.999983,1
0.942615,1
0.4958214,1
0.942615,1
0.942615,1
0.942615,1
1,1
1,1
1,1
1,1
1,1
0.9999999,1
0.942615,1
0.942615,1
0.942615,1
0.942615,1
0.942615,1
0.942615,1
0.942615,1
0.942615,1
0.942615,1
0.942615,1
0.9993593,1
1,1
1,1
1,1
1,1
1,1
1,1
1,1
0.9999819,1
0.9998868,1
0.9996579,1
0.9996579,1
0.989768,1
2.457347e-07,0
8.807835e-08,0
1.049666e-07,0
1.383813e-07,0
5.576798e-11,0
0.01559807,0
1.608601e-07,0
5.268702e-07,0
0.0001275474,0
5.227932e-09,0
1.420789e-09,0
8.098764e-05,0
0.0007690082,0
8.588833e-06,0
8.807835e-08,0
5.128464e-10,0
3.992607e-09,0
1.045413e-09,0
0.942615,0
6.069219e-08,0
5.564693e-08,0
0.0001176575,0
5.564693e-08,0
0.942615,0
2.731969e-05,0
5.227932e-09,0
0.942615,0
5.227932e-09,0
0.3890975,0
3.355418e-06,0
7.989942e-07,0
3.894688e-11,0
0.005271508,0
0.0003133604,0
2.732889e-08,0
7.989942e-07,0
1.272663e-07,0
8.588833e-06,0
3.603873e-06,0
1.383813e-07,0
6.271496e-09,0
5.128464e-10,0
1.906044e-10,0
3.988847e-09,0
5.227932e-09,0
1.383813e-07,0
6.271496e-09,0
7.989942e-07,0
0.942615,0
1.537403e-10,0
0.0005190774,0
1.429153e-08,0
3.049118e-06,0
5.257069e-09,0
0.0001243777,0
3.603873e-06,0
