Score,Label
0.9999057,1
0.9998307,1
0.9999057,1
0.9998307,1
0.9999057,1
0.9999998,1
0.9999998,1
0.9999998,1
0.9999998,1
0.9999998,1
0.9999998,1
0.9999998,1
0.9773802,1
0.9992373,1
0.999506,1
0.999506,1
0.9999493,1
0.9995056,1
0.9995056,1
0.9999882,1
0.9999882,1
0.9999882,1
0.904604,1
0.904604,1
0.904604,1
0.904604,1
0.904604,1
0.904604,1
0.904604,1
0.9999989,1
0.9991884,1
0.9999442,1
1,1
0.9999442,1
0.999981,1
1,1
0.9992913,1
1.67051e-06,0
1.229646e-05,0
6.832649e-08,0
6.832649e-08,0
7.989392e-09,0
1.308804e-07,0
1.706457e-06,0
0.001128828,0
6.832649e-08,0
8.578157e-08,0
1.547775e-07,0
4.404606e-06,0
6.433646e-08,0
6.832649e-08,0
1.229646e-05,0
1.781081e-08,0
0.0001645023,0
6.832649e-08,0
8.578157e-08,0
8.059468e-06,0
0.904604,0
7.931552e-05,0
0.9957302,0
4.404606e-06,0
1.547775e-07,0
0.0005480622,0
0.0007054008,0
0.0003658389,0
8.241658e-06,0
0.0005480622,0
2.13546e-08,0
8.578157e-08,0
4.404606e-06,0
8.111935e-06,0
0.0003658389,0
0.001214968,0
1.171255e-05,0
