Score,Label
0.9901034,1
0.9901034,1
0.9992298,1
0.9901034,1
0.9935666,1
0.9901034,1
0.9901034,1
0.9997433,1
0.9901034,1
0.999279,1
0.9994525,1
0.9901034,1
0.9997433,1
0.999851,1
0.9992757,1
0.999851,1
0.9974726,1
0.999851,1
0.9943546,1
0.9943546,1
0.03906768,1
0.9993551,1
0.999851,1
0.999851,1
0.9546618,1
0.999851,1
0.999851,1
0.997362,1
0.999851,1
0.9546618,1
0.8471072,1
0.9862732,1
0.8471072,1
0.9963164,1
0.8471072,1
0.9955007,1
0.9684056,1
0.8471072,1
0.8471072,1
0.9966558,1
0.8471072,1
0.9983399,1
0.8471072,1
0.9966558,1
0.9682111,1
0.6915411,1
0.6915411,1
0.9998685,1
0.9990498,1
0.9998685,1
0.9994585,1
0.9998685,1
0.9997895,1
0.9971778,1
0.9998685,1
0.9998685,1
0.9987031,1
0.9998685,1
0.9999156,1
0.9998685,1
0.9987031,1
0.9998815,1
0.9998815,1
0.9999402,1
0.9998815,1
0.9996914,1
0.9998815,1
0.9998815,1
0.9998815,1
0.9999059,1
0.999905,1
0.9998815,1
0.6915411,1
0.9999934,1
0.9999752,1
0.9999934,1
0.9999934,1
0.9902799,1
0.9996729,1
0.9992595,1
0.9999934,1
0.9999934,1
0.9999709,1
0.9999285,1
0.9999934,1
0.9999897,1
0.9999152,1
0.9999934,1
0.9999709,1
0.9998897,1
0.00361881,0
7.301458e-05,0
0.0001678108,0
4.739433e-07,0
9.158521e-06,0
0.001023448,0
0.001023448,0
0.0001524059,0
4.739433e-07,0
4.739433e-07,0
4.739433e-07,0
1.110403e-07,0
4.739433e-07,0
4.739433e-07,0
4.739433e-07,0
4.739433e-07,0
4.739433e-07,0
9.158521e-06,0
7.301458e-05,0
0.001023448,0
4.739433e-07,0
0.001023448,0
4.739433e-07,0
1.110403e-07,0
4.739433e-07,0
0.9787941,0
1.110403e-07,0
0.001023448,0
4.739433e-07,0
0.0001678108,0
0.1881426,0
0.0001678108,0
0.9869167,0
0.001023448,0
9.158521e-06,0
0.0001678108,0
4.739433e-07,0
4.739433e-07,0
0.001023448,0
4.739433e-07,0
0.001023448,0
0.0001524059,0
0.001023448,0
7.301458e-05,0
0.9869167,0
0.001023448,0
4.739433e-07,0
4.739433e-07,0
0.00361881,0
9.158521e-06,0
7.301458e-05,0
4.739433e-07,0
0.9366321,0
4.739433e-07,0
7.301458e-05,0
0.9787941,0
7.301458e-05,0
1.110403e-07,0
4.739433e-07,0
4.739433e-07,0
4.739433e-07,0
0.9869167,0
0.001023448,0
1.099765e-07,0
0.9869167,0
1.099765e-07,0
4.739433e-07,0
0.001023448,0
0.4033848,0
4.739433e-07,0
4.739433e-07,0
4.739433e-07,0
0.9787941,0
7.301458e-05,0
0.0001524059,0
0.0001524059,0
4.739433e-07,0
4.739433e-07,0
4.739433e-07,0
0.00361881,0
0.9869167,0
4.739433e-07,0
4.739433e-07,0
4.739433e-07,0
9.158521e-06,0
4.739433e-07,0
0.01312674,0
4.739433e-07,0
4.739433e-07,0
4.739433e-07,0
