Score,Label
0.9999998,1
0.9999979,1
0.9999998,1
0.9999964,1
0.9999942,1
0.9999979,1
0.9999979,1
0.9999979,1
0.9999998,1
0.9999999,1
0.9995516,1
0.9999998,1
0.9999999,1
0.9999999,1
0.9999999,1
0.999941,1
0.9999995,1
0.9999992,1
0.9999999,1
0.9999976,1
0.9999999,1
0.9999992,1
0.9999995,1
0.9999976,1
0.9999976,1
0.999994,1
0.4910288,1
0.0003706739,1
0.9999994,1
0.9999994,1
0.9999994,1
0.9999994,1
0.9999994,1
0.9999281,1
0.9999281,1
0.9999039,1
0.9999039,1
0.9454442,1
0.9999039,1
0.9999039,1
0.9999895,1
0.9999895,1
0.0003706739,1
0.9999999,1
0.9999995,1
0.5198491,1
0.9684514,1
0.9982204,1
0.9999995,1
0.986053,1
0.9999995,1
0.9999995,1
0.9999995,1
0.9999999,1
6.569416e-08,0
0.9821342,0
8.350517e-07,0
0.0009655967,0
8.350517e-07,0
2.214557e-05,0
2.265294e-09,0
0.002966454,0
3.961379e-08,0
0.001481952,0
0.0009655967,0
2.30922e-06,0
0.03189782,0
4.348368e-08,0
0.02186911,0
7.911995e-08,0
2.038249e-08,0
0.0005092866,0
6.569416e-08,0
0.00189496,0
1.230309e-09,0
2.598001e-08,0
7.516918e-08,0
8.350517e-07,0
7.516918e-08,0
2.65604e-09,0
2.548915e-10,0
5.993363e-05,0
1.753041e-07,0
1.229085e-08,0
0.5636054,0
1.709773e-10,0
1.012188e-06,0
6.429276e-09,0
3.761004e-08,0
8.350517e-07,0
8.968834e-08,0
0.001304075,0
1.975e-08,0
0.0209807,0
2.990782e-08,0
0.0005092866,0
3.530541e-09,0
5.993363e-05,0
8.217388e-08,0
0.0001647767,0
1.753041e-07,0
6.569416e-08,0
7.911135e-08,0
1.240843e-06,0
2.314243e-07,0
1.737355e-09,0
7.085682e-08,0
8.217388e-08,0
