Score,Label
0.9923452,1
0.06246514,1
0.0004320244,1
0.9993321,1
0.9993321,1
0.9993321,1
0.9993321,1
0.9993321,1
0.9993321,1
0.9993321,1
5.301016e-06,1
0.9993321,1
3.685116e-07,1
0.6687609,1
0.9993321,1
0.9993321,1
0.9993321,1
0.9983696,1
0.9993321,1
0.9993321,1
0.002190921,1
1.150213e-13,0
3.893966e-08,0
0.001674827,0
2.689032e-08,0
2.525309e-10,0
3.378028e-09,0
3.378028e-09,0
1.150213e-13,0
0.0002489732,0
0.0007584987,0
0.0001721912,0
7.407214e-12,0
0.0006790044,0
3.075025e-05,0
1.780896e-06,0
8.421536e-12,0
6.341767e-13,0
4.603553e-08,0
3.378028e-09,0
3.378028e-09,0
1.150213e-13,0
3.336983e-14,0
6.600558e-14,0
0.0002489732,0
3.378028e-09,0
3.562716e-06,0
0.7802696,0
1.124128e-13,0
3.422443e-05,0
1.239383e-10,0
3.378028e-09,0
3.378028e-09,0
3.378028e-09,0
0.7802696,0
4.117365e-10,0
3.422443e-05,0
3.378028e-09,0
0.0001022871,0
0.7802696,0
6.06496e-08,0
4.419582e-09,0
8.691948e-08,0
