Score,Label
0.9076653,1
0.4110614,1
5.104512e-05,1
0.9999183,1
0.9999183,1
0.9999183,1
0.9999183,1
0.9999183,1
0.9999183,1
0.9999183,1
1.602156e-05,1
0.9999183,1
9.753346e-08,1
0.005059353,1
0.9999183,1
0.9999183,1
0.9999183,1
0.9999738,1
0.9999183,1
0.9999183,1
0.008916186,1
8.025445e-07,0
1.517468e-08,0
0.0005408535,0
2.165808e-06,0
0.0004772171,0
2.066445e-05,0
0.0004772171,0
1.517468e-08,0
0.7950541,0
1.682257e-05,0
2.656478e-07,0
4.519433e-05,0
1.517468e-08,0
1.428143e-06,0
1.682257e-05,0
8.89019e-06,0
0.0001077344,0
2.165808e-06,0
2.165808e-06,0
2.165808e-06,0
5.687596e-06,0
1.682257e-05,0
0.000118896,0
2.287356e-06,0
1.517468e-08,0
0.00030676,0
2.287356e-06,0
1.517468e-08,0
1.517468e-08,0
0.0004772171,0
1.682257e-05,0
1.682257e-05,0
5.278322e-07,0
1.682257e-05,0
0.7950541,0
2.165808e-06,0
1.73481e-07,0
2.952937e-05,0
1.670034e-08,0
0.7950541,0
0.0005408535,0
3.826234e-05,0
