Score,Label
7.256188e-05,1
7.256188e-05,1
7.256188e-05,1
7.256188e-05,1
7.256188e-05,1
7.256188e-05,1
7.256188e-05,1
7.256188e-05,1
0.02601119,1
0.5413209,1
4.194557e-05,1
4.194557e-05,1
4.194557e-05,1
4.194557e-05,1
4.194557e-05,1
4.194557e-05,1
4.194557e-05,1
0.5413209,1
4.194557e-05,1
4.207884e-07,1
0.02601119,1
8.150355e-05,1
8.150355e-05,1
8.150355e-05,1
8.150355e-05,1
8.150355e-05,1
8.150355e-05,1
8.150355e-05,1
0.06379042,1
0.0001526875,1
8.150355e-05,1
4.032293e-06,1
7.256188e-05,1
7.256188e-05,1
7.256188e-05,1
7.256188e-05,1
7.256188e-05,1
7.256188e-05,1
7.256188e-05,1
7.256188e-05,1
0.1107081,1
5.252558e-07,1
0.02803795,1
0.9991572,1
0.0001252847,1
0.01429518,1
0.0001170601,1
0.9738787,1
5.163912e-06,1
0.02601119,1
1.19537e-05,1
1.19537e-05,1
1.19537e-05,1
1.19537e-05,1
1.19537e-05,1
1.19537e-05,1
1.19537e-05,1
0.8519912,1
0.005613666,1
1.105821e-05,1
0.001136131,1
1.19537e-05,1
0.0001658258,1
0.02601119,1
0.02601119,1
1.091929e-05,1
3.855305e-05,0
0.8982894,0
0.06578218,0
0.9229136,0
0.8982894,0
0.0116375,0
0.0001215063,0
3.099027e-05,0
0.0001777848,0
0.005513942,0
0.8982894,0
0.1458185,0
0.0002108684,0
1.020691e-05,0
0.000267642,0
0.3136293,0
2.290248e-05,0
2.671173e-05,0
0.0001215063,0
2.469597e-05,0
0.8982894,0
2.671173e-05,0
4.426701e-05,0
2.671173e-05,0
5.156328e-05,0
2.315924e-05,0
0.8865455,0
2.671173e-05,0
0.001382767,0
0.0001215063,0
0.005513942,0
0.01224034,0
0.007960824,0
3.099027e-05,0
0.934688,0
0.4234992,0
0.003942998,0
0.003942998,0
0.003942998,0
2.469597e-05,0
2.671173e-05,0
0.8982894,0
0.003942998,0
0.001032984,0
0.0001777848,0
2.315924e-05,0
0.003942998,0
2.671173e-05,0
0.8982894,0
0.9229136,0
0.003942998,0
0.8982894,0
0.02601119,0
0.9999959,0
0.007960824,0
0.3744152,0
0.9972417,0
4.92257e-05,0
0.0001777848,0
0.001382767,0
5.400037e-05,0
0.0002108684,0
4.92257e-05,0
0.0001643487,0
0.003942998,0
0.2839473,0
