Score,Label
0.9999975,1
0.9999975,1
0.9998461,1
0.9707515,1
0.9996889,1
0.9996889,1
0.9707515,1
0.9996889,1
0.9320561,1
0.9996889,1
0.9996573,1
0.9997589,1
0.9997589,1
0.9996573,1
0.9996023,1
0.9934059,1
0.9999971,1
0.9778565,1
0.5606112,1
0.9999971,1
0.04816083,1
0.07114974,1
0.03119565,1
0.0002707287,1
0.9996755,1
0.9996755,1
0.999979,1
0.9997992,1
0.7271268,0
0.0002017811,0
0.0002129036,0
0.180597,0
0.0001579154,0
0.1456568,0
1.848716e-05,0
3.597478e-05,0
1.201029e-05,0
0.001639492,0
0.0009002613,0
0.314299,0
0.001413202,0
0.1683337,0
0.4966947,0
9.053972e-05,0
0.008213491,0
0.0002017811,0
0.0001742212,0
1.105019e-06,0
0.0001742212,0
0.6664152,0
0.002325247,0
0.0001742212,0
0.9999946,0
0.007363427,0
0.006758449,0
0.0001742212,0
