Score,Label
0.9999999,1
0.9999732,1
0.9973056,1
1,1
0.9999959,1
0.998759,1
0.9999994,1
0.9999999,1
0.5007207,1
0.9981477,1
0.91098,1
1,1
1,1
1,1
1,1
1,1
1,1
1,1
1,1
1,1
1,1
1,1
1,1
1,1
1,1
1,1
1,1
0.0001816672,1
0.0001816672,1
0.1261155,1
0.0001816672,1
0.9969547,1
0.0009840787,1
0.9981477,1
1,1
1,1
1,1
1,1
0.9999998,1
1,1
0.0003922766,1
1,1
1,1
1,1
1,1
1,1
0.9999999,1
1,1
1,1
1,1
1,1
0.9999996,1
1,1
1,1
1,1
2.52102e-05,0
0.0001816672,0
2.026082e-08,0
1.049843e-05,0
0.9999995,0
9.406123e-07,0
4.766369e-05,0
6.606171e-06,0
0.0001816672,0
0.002020436,0
0.9995005,0
0.0003184874,0
0.6263615,0
0.5007207,0
7.602689e-07,0
5.950515e-05,0
3.426459e-06,0
0.002933451,0
3.870907e-07,0
1.860054e-06,0
1.538492e-06,0
0.04522949,0
0.0009840787,0
0.5841604,0
6.660586e-08,0
0.5007207,0
1.049843e-05,0
9.085845e-09,0
9.085845e-09,0
1.498642e-05,0
9.768705e-06,0
0.5007207,0
0.0002636517,0
0.9999964,0
7.283351e-06,0
9.406123e-07,0
0.0003184874,0
0.003801105,0
2.859295e-06,0
0.002933451,0
0.0006543102,0
0.9999613,0
0.002933451,0
0.002388445,0
5.950515e-05,0
0.5007207,0
9.768705e-06,0
0.9999766,0
6.711271e-06,0
0.002933451,0
0.9999613,0
5.950515e-05,0
9.768705e-06,0
0.5007207,0
0.5841604,0
