Score,Label
0.1149636,1
0.1149636,1
0.1149636,1
0.1149636,1
0.1149636,1
0.004218712,1
0.005041861,1
0.996812,1
0.00358379,1
0.00358379,1
0.00282827,1
0.00358379,1
0.00358379,1
0.00358379,1
0.00282827,1
0.996812,1
0.01087868,1
0.01360453,1
0.005041861,1
0.002660383,1
0.002660383,1
0.01772212,1
0.002660383,1
0.002660383,1
0.002660383,1
0.01772212,1
0.005027233,1
0.1728995,1
0.002983198,1
0.006595111,1
0.9760485,1
0.9760485,1
0.001232782,1
0.9760485,1
0.9760485,1
0.9760485,1
0.001232782,1
0.1097091,1
0.01973894,1
0.04788061,1
0.9989738,1
0.9999037,1
0.002310624,1
0.4871356,1
0.0008843316,1
0.4436561,1
0.01204264,1
0.005041861,1
0.8666651,1
0.8666651,1
0.009296063,1
0.8666651,1
0.8666651,1
0.8666651,1
0.009296063,1
0.3100686,1
0.9996835,1
0.9989731,1
0.3293629,1
0.01996547,1
0.005041861,1
0.005041861,1
0.01814165,1
0.005010023,0
0.02832102,0
0.5226054,0
0.005010023,0
0.005174997,0
0.8765547,0
0.6454768,0
0.00414777,0
0.915724,0
0.003788044,0
0.0005465681,0
0.002634409,0
0.8765547,0
0.5226054,0
0.392257,0
0.0005465681,0
0.03702933,0
0.004222421,0
0.002634409,0
0.01602041,0
0.001182283,0
0.008335849,0
0.002253459,0
0.06134077,0
0.005010023,0
0.02832102,0
0.01162002,0
0.002634409,0
0.0005975162,0
0.005174997,0
0.001182283,0
0.001182283,0
0.5226054,0
0.708506,0
0.3574159,0
0.6206958,0
0.6206958,0
0.2146294,0
0.0009234191,0
0.0005975162,0
0.005010023,0
0.5226054,0
0.01178885,0
0.005174997,0
0.001412859,0
0.9945506,0
0.00138581,0
0.002023794,0
0.000453136,0
0.002166724,0
0.003098087,0
0.9985311,0
0.9985311,0
0.6723517,0
0.6206958,0
0.005979599,0
0.9985311,0
0.0007949868,0
0.03702933,0
0.000453136,0
0.0007850691,0
0.004400278,0
0.002634409,0
