Score,Label
1,1
1,1
1,1
1,1
1,1
1,1
0.9999356,1
0.9992405,1
1,1
1,1
1,1
1,1
1,1
7.557625e-10,0
6.080662e-10,0
8.192915e-06,0
4.371211e-08,0
0.4065703,0
2.448714e-07,0
9.152881e-07,0
2.135899e-09,0
0.0707998,0
2.916563e-07,0
3.932012e-09,0
2.240878e-07,0
3.869379e-07,0
