Score,Label
1,1
1,1
1,1
1,1
1,1
1,1
0.9999979,1
1,1
8.903336e-05,0
0.0001034363,0
2.067541e-05,0
1.433832e-05,0
2.893212e-05,0
5.505954e-05,0
0.9931097,0
1.191714e-05,0
