Score,Label
2.423747e-08,1
2.423747e-08,1
2.423747e-08,1
2.423747e-08,1
2.423747e-08,1
2.423747e-08,1
2.423747e-08,1
2.423747e-08,1
7.692411e-06,1
0.9999999,1
1.032015e-07,1
1.032015e-07,1
1.032015e-07,1
1.032015e-07,1
1.032015e-07,1
1.032015e-07,1
1.032015e-07,1
0.9999999,1
1.032015e-07,1
2.008997e-07,1
7.692411e-06,1
8.328375e-07,1
8.328375e-07,1
8.328375e-07,1
8.328375e-07,1
8.328375e-07,1
8.328375e-07,1
8.328375e-07,1
6.616347e-05,1
0.0004142669,1
8.328375e-07,1
2.449048e-05,1
2.423747e-08,1
2.423747e-08,1
2.423747e-08,1
2.423747e-08,1
2.423747e-08,1
2.423747e-08,1
2.423747e-08,1
2.423747e-08,1
0.9989512,1
2.859377e-07,1
0.0003682373,1
0.5472815,1
0.004361856,1
0.0001500264,1
3.619839e-05,1
0.993588,1
0.00116128,1
7.692411e-06,1
0.5303534,1
0.5303534,1
0.5303534,1
0.5303534,1
0.5303534,1
0.5303534,1
0.5303534,1
0.9477656,1
0.5865967,1
0.0003190661,1
2.427754e-05,1
0.5303534,1
0.03209864,1
7.692411e-06,1
7.692411e-06,1
0.0007800297,1
0.0003178517,0
0.0004748247,0
4.021905e-06,0
0.5003497,0
0.0007352966,0
0.00275484,0
1.142274e-05,0
0.0007352966,0
1.221278e-08,0
2.689487e-09,0
7.609152e-07,0
0.9762913,0
2.7237e-06,0
8.930317e-05,0
2.142783e-06,0
0.000243189,0
2.689487e-09,0
1.231212e-05,0
3.438299e-09,0
0.01409034,0
4.016831e-07,0
1.378303e-05,0
0.01203953,0
0.01203953,0
0.999975,0
0.9978892,0
0.9999999,0
1.711148e-06,0
0.01203953,0
0.5113283,0
8.232451e-05,0
1.142274e-05,0
0.0003000437,0
1.126777e-05,0
2.689487e-09,0
7.609152e-07,0
0.8274879,0
0.01409034,0
1.221278e-08,0
0.0004748247,0
3.12181e-05,0
0.001256531,0
0.8274879,0
0.8274879,0
0.0007931427,0
2.847572e-06,0
1.553815e-05,0
2.689487e-09,0
0.02062853,0
0.04088089,0
2.689487e-09,0
0.000243189,0
1.126777e-05,0
0.0006479102,0
0.5003497,0
0.6678836,0
3.945462e-06,0
0.5003497,0
0.8274879,0
1.186876e-05,0
1.500267e-08,0
0.0006479102,0
1.711148e-06,0
1.142274e-05,0
0.001532173,0
2.689487e-09,0
