Score,Label
0.9999956,1
0.9982146,1
0.1400364,1
0.9977115,1
0.1400364,1
1,1
0.9991054,1
0.5991357,1
0.5991357,1
0.88767,1
0.9992331,1
1,1
0.9999996,1
0.88767,1
0.9303026,1
0.9999996,1
1,1
0.9999999,1
1,1
1,1
0.9999996,1
1,1
1,1
1,1
1,1
1,1
1,1
1,1
1,1
1,1
0.9999944,1
0.07702391,1
0.07702391,1
0.9999994,1
0.07702391,1
0.07702391,1
0.9924594,1
0.1642885,1
1,1
1,1
1,1
1,1
1,1
1,1
1,1
0.9891426,1
0.9924594,1
1,1
1,1
1,1
1,1
0.0005448896,1
7.593329e-05,0
0.2936257,0
0.5836313,0
0.07702391,0
4.907183e-05,0
7.593329e-05,0
0.0002787202,0
0.9975047,0
0.02449399,0
7.593329e-05,0
0.0003746197,0
0.0005448896,0
0.00242691,0
0.0002162368,0
0.8642526,0
0.02169508,0
0.09667308,0
0.07702391,0
9.762218e-05,0
3.163431e-05,0
0.0001489069,0
0.0002162368,0
0.09667308,0
0.0005448896,0
0.0001074798,0
5.673582e-05,0
0.000192969,0
0.07702391,0
0.0001567224,0
0.0002162368,0
0.02449399,0
0.8642526,0
0.07702391,0
7.315285e-05,0
0.0007577604,0
0.07702391,0
0.0001464571,0
2.807837e-05,0
0.9975047,0
7.593329e-05,0
0.07702391,0
0.07702391,0
7.593329e-05,0
0.0003746197,0
0.003266111,0
0.07702391,0
0.07702391,0
0.0001172229,0
0.0007577604,0
0.129847,0
7.593329e-05,0
0.07702391,0
