Score,Label
0.0003104545,1
0.0003104545,1
0.0003104545,1
0.0003104545,1
0.0003104545,1
0.0003104545,1
0.0003104545,1
0.0003104545,1
0.9996243,1
0.7197056,1
0.0002477435,1
0.0002477435,1
0.0002477435,1
0.0002477435,1
0.0002477435,1
0.0002477435,1
0.0002477435,1
0.7197056,1
0.0002477435,1
4.501823e-05,1
0.9996243,1
0.0002481168,1
0.0002481168,1
0.0002481168,1
0.0002481168,1
0.0002481168,1
0.0002481168,1
0.0002481168,1
0.002065359,1
0.0002481168,1
7.234149e-05,1
0.0003377546,1
0.0003377546,1
0.0003377546,1
0.0003377546,1
0.0003377546,1
0.0003377546,1
0.0003377546,1
0.004189614,1
0.0003377546,1
0.4368414,1
3.383333e-05,1
0.1355631,1
0.006659704,1
0.0007865914,1
0.9894971,1
0.001497417,1
0.002511681,1
0.003066414,1
0.9996243,1
0.4958971,1
0.4958971,1
0.4958971,1
0.4958971,1
0.4958971,1
0.4958971,1
0.4958971,1
0.7038656,1
0.9999996,1
0.9989053,1
0.9999951,1
0.4958971,1
0.9989483,1
0.9996243,1
0.9996243,1
4.201118e-05,1
0.01438978,0
0.0007733727,0
0.8325318,0
0.0002875841,0
0.0001921938,0
0.0001921938,0
0.0003144302,0
0.0009955064,0
0.0005067704,0
0.8325318,0
0.01374113,0
0.004553494,0
9.205172e-05,0
0.0005067704,0
0.04868332,0
0.0001921938,0
0.0002237672,0
0.9556041,0
0.004553494,0
0.0001921938,0
0.009217083,0
0.0002237672,0
0.09309909,0
0.007928521,0
0.0005346417,0
0.0006751508,0
0.004930185,0
0.0001921938,0
0.8325318,0
0.06248575,0
0.5422229,0
0.01299202,0
0.0001921938,0
0.3332126,0
0.0002875841,0
0.01438978,0
0.0002237672,0
0.008382915,0
0.04868332,0
0.0002237672,0
0.3332126,0
0.5931958,0
0.000137428,0
0.0002237672,0
0.006414069,0
0.8325318,0
0.0001921938,0
0.008382915,0
0.0002237672,0
0.3371674,0
0.006414069,0
0.8325318,0
0.0002237672,0
0.8325318,0
0.01438978,0
0.027651,0
0.01438978,0
0.009424237,0
0.0001921938,0
0.027651,0
0.027651,0
0.3332126,0
0.9368309,0
0.0006581048,0
0.0004396111,0
0.0004677976,0
