Score,Label
1.149427e-07,1
1.149427e-07,1
1.149427e-07,1
1.149427e-07,1
1.149427e-07,1
1.149427e-07,1
1.149427e-07,1
1.149427e-07,1
0.0009406418,1
0.9999874,1
3.978254e-07,1
3.978254e-07,1
3.978254e-07,1
3.978254e-07,1
3.978254e-07,1
3.978254e-07,1
3.978254e-07,1
0.9999874,1
3.978254e-07,1
7.761828e-06,1
0.0009406418,1
0.0005612115,1
0.0005612115,1
0.0005612115,1
0.0005612115,1
0.0005612115,1
0.0005612115,1
0.0005612115,1
0.7467471,1
0.0005612115,1
1.937309e-09,1
7.474382e-09,1
7.474382e-09,1
7.474382e-09,1
7.474382e-09,1
7.474382e-09,1
7.474382e-09,1
7.474382e-09,1
2.281263e-05,1
7.474382e-09,1
0.5824873,1
2.020477e-10,1
0.8763228,1
0.003744963,1
6.05262e-05,1
7.089506e-06,1
0.06814487,1
0.187216,1
0.0007966976,1
0.0009406418,1
0.0002161078,1
0.0002161078,1
0.0002161078,1
0.0002161078,1
0.0002161078,1
0.0002161078,1
0.0002161078,1
0.9156966,1
0.0301822,1
0.2590422,1
0.1831578,1
0.0002161078,1
0.000213501,1
0.0009406418,1
0.0009406418,1
0.001132672,1
6.150391e-07,0
6.150391e-07,0
0.007967322,0
0.0004372215,0
4.588477e-06,0
4.077923e-06,0
4.209455e-05,0
0.1106679,0
0.002370065,0
0.8848555,0
0.002133508,0
0.001808575,0
0.4575793,0
3.992221e-08,0
5.115289e-06,0
0.004787684,0
1.518258e-06,0
0.8252206,0
1.939971e-09,0
3.058569e-10,0
0.002133508,0
1.295242e-05,0
0.002133508,0
1.589515e-05,0
5.302823e-05,0
0.8848555,0
0.9989964,0
1.832044e-05,0
1.047526e-06,0
0.8848555,0
0.002133508,0
0.002133508,0
1.519718e-06,0
9.447964e-09,0
3.058569e-10,0
1.518258e-06,0
0.0001371581,0
0.9991224,0
3.058569e-10,0
3.058569e-10,0
5.84733e-07,0
1.211575e-08,0
5.64355e-10,0
4.077923e-06,0
0.8297794,0
0.3994263,0
9.447964e-09,0
0.8848555,0
2.281674e-06,0
0.002133508,0
1.589515e-05,0
0.9995121,0
0.002133508,0
0.8848555,0
0.0008662087,0
6.082018e-05,0
6.150391e-07,0
6.866439e-05,0
6.082018e-05,0
0.3994263,0
0.8848555,0
6.150391e-07,0
1.518258e-06,0
0.0001098064,0
0.003096603,0
5.302823e-05,0
