Score,Label
0.4331944,1
0.9999981,1
0.9999981,1
0.2040101,1
0.9999994,1
0.9999994,1
0.9387421,1
0.9999458,1
0.001174822,1
2.400862e-05,1
2.400862e-05,1
9.015468e-08,1
0.4851577,1
0.999971,1
0.00010171,1
0.999971,1
0.005634781,1
0.3856232,1
1,1
1,1
1,1
1,1
0.4542448,1
1,1
1,1
1,1
0.9855589,1
1,1
0.9999766,1
5.337565e-06,1
0.6556222,1
0.979603,1
0.9995816,1
3.428581e-05,1
0.3856232,1
0.9784846,1
0.9998742,1
0.9998742,1
0.9784846,1
0.9999994,1
0.9998742,1
0.9999554,1
0.01667669,1
0.999989,1
0.9999994,1
7.297635e-07,1
0.3856232,1
0.8846889,1
0.2426147,1
0.00260445,0
0.9416248,0
0.0001369453,0
1.445911e-06,0
0.0001369453,0
0.0001238618,0
4.224501e-06,0
0.001077031,0
2.88069e-06,0
8.186802e-05,0
0.0001369453,0
0.0003208451,0
0.0003208451,0
2.005609e-05,0
0.9943302,0
0.9997929,0
0.9104987,0
0.001631939,0
0.001086069,0
0.9999933,0
0.1540134,0
0.9999729,0
1.35248e-06,0
0.9999982,0
0.8283551,0
0.0001369453,0
5.18197e-07,0
0.0003276939,0
1.35248e-06,0
0.0004836068,0
0.9999527,0
0.9416248,0
0.9416248,0
3.350717e-06,0
0.0001369453,0
0.0003208451,0
0.3916719,0
0.003346396,0
0.0001369453,0
0.0005164098,0
0.000214626,0
0.9999729,0
7.144184e-07,0
3.098016e-07,0
0.000723956,0
0.9999179,0
5.369054e-05,0
0.0002859661,0
0.000723956,0
