Score,Label
8.615833e-05,1
8.615833e-05,1
8.615833e-05,1
8.615833e-05,1
8.615833e-05,1
8.615833e-05,1
8.615833e-05,1
8.615833e-05,1
0.001822754,1
0.002832636,1
0.0007368606,1
0.0007368606,1
0.0007368606,1
0.0007368606,1
0.0007368606,1
0.0007368606,1
0.0007368606,1
0.002832636,1
0.0007368606,1
0.002488933,1
0.001822754,1
0.0008504555,1
0.0008504555,1
0.0008504555,1
0.0008504555,1
0.0008504555,1
0.0008504555,1
0.0008504555,1
0.9635575,1
0.0008504555,1
0.008324741,1
7.565494e-05,1
7.565494e-05,1
7.565494e-05,1
7.565494e-05,1
7.565494e-05,1
7.565494e-05,1
7.565494e-05,1
0.002134599,1
7.565494e-05,1
0.7660626,1
0.02239169,1
0.003670986,1
0.005573861,1
0.001414374,1
0.02591762,1
0.002043955,1
0.8654537,1
0.04900694,1
0.001822754,1
0.03407886,1
0.03407886,1
0.03407886,1
0.03407886,1
0.03407886,1
0.03407886,1
0.03407886,1
0.9817046,1
0.9928271,1
0.5753003,1
0.9787655,1
0.03407886,1
0.1324492,1
0.001822754,1
0.001822754,1
0.2365882,1
0.0004516421,0
0.6685353,0
0.0003027415,0
0.0001803711,0
0.002847305,0
0.0002366941,0
0.0004516421,0
3.575858e-06,0
0.005799394,0
0.0004516421,0
0.005799394,0
0.006644964,0
0.006944772,0
0.06986319,0
3.575858e-06,0
0.001011224,0
0.003247902,0
3.575858e-06,0
0.001188751,0
0.6685353,0
3.575858e-06,0
0.003267435,0
0.005799394,0
0.0002366941,0
0.7683105,0
0.9758732,0
0.6685353,0
0.005799394,0
0.008480678,0
0.006644964,0
0.008480678,0
0.0002238682,0
0.001188751,0
0.8169602,0
0.008480678,0
0.938948,0
0.001298521,0
0.005799394,0
0.0002585149,0
0.01757482,0
4.141724e-05,0
0.6685353,0
3.575858e-06,0
2.004145e-05,0
0.001660728,0
0.6685353,0
0.4072954,0
0.9758732,0
2.004145e-05,0
0.009033042,0
0.02330234,0
0.004391138,0
0.8169602,0
0.003294223,0
0.00370931,0
0.8169602,0
0.005799394,0
3.575858e-06,0
0.4484421,0
0.506572,0
0.00370931,0
0.8169602,0
3.575858e-06,0
0.001082349,0
4.141724e-05,0
0.7537735,0
