Score,Label
0.6814308,1
0.9732586,1
0.9732586,1
0.9732586,1
0.9999986,1
0.9999986,1
0.9999986,1
0.9999986,1
1,1
0.906743,1
0.9999986,1
0.9999986,1
0.9999986,1
0.9999986,1
0.003696908,0
4.4325e-08,0
1.393042e-07,0
4.55786e-08,0
4.55786e-08,0
0.0002084887,0
4.718939e-08,0
4.729797e-08,0
1.393042e-07,0
2.85953e-07,0
3.11492e-06,0
0.01128126,0
0.001833673,0
2.536632e-05,0
