Score,Label
1,1
1,1
0.9998837,1
0.9997278,1
1,1
1,1
1,1
0.9944883,1
0.9991539,1
1,1
0.9808587,1
1,1
1,1
1,1
0.999999,1
1,1
1,1
1,1
1,1
1,1
1,1
1,1
1,1
1,1
1,1
0.0007928179,1
0.9999942,1
0.9999998,1
0.9979522,1
0.004559909,1
0.004395935,1
1,1
1,1
1,1
1,1
0.9999737,1
0.9996406,1
1,1
1,1
0.9831743,1
1,1
0.004356456,1
0.001641592,1
0.9999387,1
0.739264,1
0.9713891,1
0.6691186,1
0.001641592,1
0.0003693493,1
0.9999952,1
0.000304198,1
0.0003693493,1
1,1
0.006697671,1
1,1
1,1
0.006697671,1
0.009852131,1
1,1
0.8833324,1
1,1
1,1
0.06188797,1
0.001517012,1
1,1
0.9999962,1
1,1
1,1
1,1
1,1
1,1
0.2652994,1
1,1
1,1
0.0009370038,1
1,1
1,1
1,1
1,1
0.9999965,1
1,1
1,1
0.0005674785,1
0.0005674785,1
0.9731049,1
0.9993495,0
0.001231633,0
0.002066957,0
0.0004528564,0
0.01198066,0
0.9997391,0
0.001231633,0
0.001735044,0
0.9997258,0
0.0005842327,0
0.0007221863,0
0.002520194,0
0.0003858526,0
0.9950741,0
0.0003001498,0
0.0001536362,0
0.001048608,0
0.9944883,0
0.999541,0
0.0002375143,0
0.001048608,0
0.002395626,0
0.0002504813,0
0.001241721,0
0.9918135,0
0.001048608,0
0.001048608,0
0.9990657,0
0.0003204861,0
0.0001661256,0
0.001031948,0
0.0004062947,0
0.001048608,0
0.9998061,0
0.0007801307,0
0.001162144,0
0.0007332632,0
0.0002770197,0
0.9999993,0
0.9999999,0
0.0001221024,0
0.000332008,0
0.007806177,0
1,0
0.001048608,0
0.9709335,0
0.9987996,0
0.368129,0
0.003214421,0
0.001048608,0
0.0002464585,0
0.006697671,0
0.01866962,0
0.001537845,0
0.9944883,0
0.001231633,0
1,0
0.8554733,0
0.0003858526,0
0.8505981,0
0.0001208562,0
9.466822e-05,0
0.006196683,0
0.000215989,0
1,0
0.002369649,0
0.0003039194,0
0.001048608,0
0.0004094863,0
6.369477e-05,0
0.001048608,0
0.9321567,0
0.001048608,0
0.0001584661,0
0.09375893,0
0.02352546,0
0.243283,0
0.01186326,0
0.0001265231,0
0.0004715983,0
0.0007171681,0
0.01490851,0
0.000761175,0
0.00120846,0
0.008631357,0
