Score,Label
1,1
1,1
1,1
1,1
1,1
1,1
0.9999845,1
0.9999999,1
1,1
9.323797e-07,0
0.0005032938,0
0.0002505018,0
0.1565861,0
3.587769e-07,0
2.741281e-05,0
0.002787449,0
1.799637e-08,0
6.536064e-07,0
