Score,Label
1,1
0.3330072,1
0.3330072,1
0.9999999,1
0.9999999,1
1,1
0.9999996,1
1,1
0.9999645,1
0.9999999,1
1,1
1,1
0.9999977,1
0.3330072,1
0.9999994,1
0.9999999,1
0.9999994,1
0.9999994,1
0.9999994,1
0.9999999,1
0.9999994,1
0.9999994,1
0.6861953,1
0.9999999,1
0.9869887,1
0.9869887,1
0.9869887,1
0.9869887,1
0.9869887,1
0.9869887,1
7.888112e-05,1
0.9869887,1
0.9869887,1
0.999998,1
0.9999927,1
0.9999869,1
0.2155854,1
0.999998,1
0.2155854,1
0.8326577,1
0.999998,1
0.9999927,1
0.2155854,1
0.9999869,1
0.001609105,1
0.2155854,1
0.9882847,1
0.9998083,1
0.9998083,1
0.9998083,1
0.9435419,1
0.7153835,1
0.9861276,1
0.001418877,1
0.9996655,1
0.9996655,1
0.9999994,1
0.99994,1
0.9999994,1
0.9999994,1
0.9996655,1
0.9996655,1
0.9999884,1
0.9999884,1
0.9999943,1
0.9999994,1
0.9999765,1
0.99994,1
0.9999994,1
0.9999335,1
0.9999801,1
0.9999291,1
0.9999335,1
0.9999291,1
0.9949192,1
0.9999335,1
0.9999291,1
0.9992658,1
0.9992658,1
0.9992658,1
0.7015706,1
0.9999801,1
0.9999291,1
3.964785e-05,0
0.002115299,0
4.279835e-08,0
1.192845e-05,0
1.373437e-07,0
1.192845e-05,0
0.002047843,0
2.256953e-09,0
4.622413e-10,0
5.655419e-07,0
2.728337e-08,0
1.638085e-08,0
4.722637e-09,0
8.338709e-08,0
1.373437e-07,0
4.622413e-10,0
3.992838e-08,0
1.45168e-10,0
1.638085e-08,0
1.087234e-09,0
0.9595448,0
0.0001290961,0
2.857727e-10,0
4.622413e-10,0
3.083906e-05,0
4.722637e-09,0
2.728337e-08,0
4.722637e-09,0
0.01486854,0
1.726172e-07,0
0.0186347,0
2.16068e-09,0
3.964785e-05,0
1.944685e-08,0
1.087234e-09,0
0.9869887,0
1.373437e-07,0
5.489861e-09,0
0.002047843,0
3.992838e-08,0
1.01585e-08,0
0.0004553725,0
0.002047843,0
2.728337e-08,0
0.9595448,0
2.857727e-10,0
4.722637e-09,0
1.373437e-07,0
0.0006313057,0
0.0003584579,0
3.042814e-09,0
4.279835e-08,0
1.017729e-09,0
9.664887e-05,0
4.622413e-10,0
4.47485e-07,0
0.002047843,0
2.600984e-09,0
3.964785e-05,0
7.09155e-08,0
2.16068e-09,0
2.488998e-08,0
3.964785e-05,0
0.0007286595,0
1.726172e-07,0
1.017729e-09,0
1.110599e-10,0
1.192845e-05,0
1.638085e-08,0
6.15785e-08,0
0.0001481724,0
4.279835e-08,0
3.964785e-05,0
0.0007286595,0
2.16068e-09,0
0.03548396,0
1.017729e-09,0
2.16068e-09,0
7.469549e-06,0
2.16068e-09,0
2.728337e-08,0
2.544359e-10,0
2.16068e-09,0
