Score,Label
0.9999897,1
0.9999913,1
0.9999951,1
0.9989993,1
0.9999731,1
0.9975156,1
0.9989329,1
0.9898112,1
0.9999845,1
0.999891,1
0.0003620695,1
4.026815e-05,1
0.9992698,1
0.9999999,1
0.9999989,1
0.9999928,1
0.9999999,1
0.9999981,1
0.1141668,1
0.9999981,1
0.9999983,1
0.9999781,1
0.9999756,1
0.9999812,1
0.9999949,1
0.9999981,1
0.9999949,1
0.9999998,1
0.999995,1
0.9999949,1
0.5482879,1
0.9999974,1
0.0004278694,1
0.9999837,1
5.028834e-06,1
0.9999905,1
0.999998,1
0.9998574,1
0.1306719,1
0.348467,1
0.9342495,1
0.9999998,1
0.7767747,1
0.9985297,1
0.9999996,1
0.9999596,1
0.9999785,1
0.9887549,1
0.01843658,1
0.002808558,1
0.0002386138,1
0.9993492,1
0.9999726,1
0.9998034,1
7.033799e-06,1
0.006869976,1
0.9999968,1
0.0004628319,1
0.00645917,1
0.9980925,1
0.9976816,1
1.412914e-05,1
0.9958774,1
0.7222891,1
0.6973818,1
0.7222891,1
0.1999481,1
0.1999481,1
0.9999828,1
0.006010038,1
0.8682976,1
0.9990877,1
0.9999999,1
3.617232e-07,1
0.9999801,1
0.9992452,1
0.9195257,1
0.999998,1
0.9990533,1
0.9373664,1
4.840853e-06,1
4.426183e-06,1
0.9999698,1
0.835514,1
4.840853e-06,1
1,1
0.9999999,1
0.9991584,1
0.9999999,1
0.9999999,1
0.348467,1
0.9342495,1
0.348467,1
1.683077e-05,0
0.1262362,0
1.916267e-06,0
0.008987459,0
6.771969e-06,0
0.01896285,0
2.097517e-07,0
0.004600165,0
0.9620191,0
0.0009871818,0
0.002232725,0
6.650753e-05,0
0.007916817,0
0.0003575489,0
0.0006913553,0
0.00736302,0
0.01420557,0
5.667033e-06,0
1.440004e-05,0
2.168697e-06,0
6.606725e-06,0
2.510995e-06,0
0.0003575489,0
6.606725e-06,0
0.003997845,0
7.346385e-06,0
0.2592439,0
0.1447083,0
0.9984208,0
6.606725e-06,0
0.004667056,0
1.084184e-06,0
0.9898328,0
4.957303e-05,0
8.654057e-05,0
6.606725e-06,0
6.606725e-06,0
0.9349278,0
0.01713382,0
0.9264055,0
6.606725e-06,0
6.606725e-06,0
0.0001027037,0
0.3618103,0
0.05190302,0
0.0007872476,0
1.460816e-05,0
6.606725e-06,0
0.05986465,0
0.9999424,0
0.9986602,0
0.0003575489,0
1.165586e-05,0
5.667033e-06,0
0.0002077377,0
6.606725e-06,0
6.606725e-06,0
0.0003575489,0
0.0001239954,0
0.002092812,0
8.058059e-05,0
6.606725e-06,0
6.606725e-06,0
0.9997967,0
0.1872613,0
6.606725e-06,0
0.618996,0
2.097517e-07,0
0.07551511,0
0.001264598,0
0.004667056,0
0.07031105,0
6.606725e-06,0
6.606725e-06,0
2.829276e-06,0
0.0001027037,0
1.162942e-06,0
0.02756273,0
6.606725e-06,0
8.654057e-05,0
0.002838926,0
0.007916817,0
0.02756273,0
0.2511379,0
0.007306941,0
0.0564212,0
0.003352647,0
0.0003478082,0
0.9872959,0
6.606725e-06,0
4.217041e-05,0
0.02507569,0
0.05190302,0
