Score,Label
0.1118543,1
0.7055004,1
1,1
1,1
1,1
1,1
1,1
1,1
1,1
1,1
1,1
1,1
1,1
1,1
1,1
1,1
1,1
1,1
1,1
1,1
1,1
1,1
1,1
1,1
1,1
1,1
1,1
1,1
1,1
0.7055004,1
1,1
1,1
1,1
1,1
1,1
1,1
0.9989644,1
0.9875454,1
0.9999745,1
0.9999995,1
1,1
0.9999789,1
0.9516401,1
1,1
9.279079e-05,0
0.0001405999,0
3.213516e-05,0
4.434082e-05,0
2.172821e-05,0
3.521234e-05,0
5.589697e-05,0
0.9991235,0
5.589697e-05,0
9.154322e-05,0
1.745622e-05,0
3.473e-05,0
0.0001851774,0
0.0009432408,0
0.0001851774,0
2.209177e-05,0
3.701197e-05,0
2.079842e-05,0
0.0001899739,0
0.9991235,0
9.279079e-05,0
0.0002859775,0
3.081474e-05,0
5.975415e-05,0
2.209177e-05,0
0.0003529802,0
3.633272e-05,0
6.907505e-05,0
4.863962e-05,0
9.303408e-05,0
0.001998985,0
0.0002617363,0
0.1879902,0
0.0002859775,0
1.810311e-05,0
6.685109e-05,0
3.773168e-05,0
4.165545e-05,0
6.829041e-05,0
0.0001119266,0
0.0001851774,0
2.434677e-05,0
0.01887481,0
6.685109e-05,0
