Score,Label
0.000190513,1
0.9892616,1
1,1
1,1
1,1
0.9525525,1
0.9525525,1
1,1
1,1
1,1
1,1
1,1
1,1
1,1
0.9525525,1
0.9525525,1
0.9525525,1
1,1
1,1
1,1
1,1
1,1
1,1
0.9988985,1
1,1
1,1
0.9999443,1
1,1
1,1
1,1
1,1
5.249687e-08,0
1.069068e-08,0
6.564749e-05,0
4.401163e-06,0
1.438418e-08,0
6.856197e-09,0
7.480661e-08,0
1.373394e-08,0
5.868906e-08,0
7.147742e-08,0
7.212326e-08,0
5.281792e-07,0
0.001924042,0
0.000190513,0
1.203249e-07,0
1.018491e-08,0
9.989208e-09,0
1.974194e-08,0
0.000190513,0
0.9525525,0
0.000190513,0
6.564749e-05,0
6.564749e-05,0
2.265282e-08,0
0.02075751,0
7.480661e-08,0
1.228355e-05,0
2.646725e-09,0
4.359177e-07,0
1.068015e-08,0
4.084486e-08,0
