Score,Label
0.9987324,1
1,1
1,1
1,1
1,1
1,1
1,1
1,1
1,1
1,1
1,1
1,1
0.999999,1
0.999999,1
0.9999994,1
1,1
1,1
1,1
1,1
1,1
1,1
1,1
1,1
1,1
0.002164846,1
0.0160658,1
1,1
0.0160658,1
0.0160658,1
1,1
1,1
1,1
1,1
1,1
1,1
0.002932636,1
4.086101e-05,0
0.0001062491,0
7.235997e-05,0
4.093489e-05,0
1.107927e-05,0
0.0003457565,0
7.41162e-06,0
1.680144e-05,0
0.007385571,0
1.902575e-06,0
4.999674e-06,0
0.0007987585,0
0.0003817597,0
1.055274e-05,0
0.001452953,0
6.51133e-06,0
1.680144e-05,0
0.0001062491,0
3.703269e-05,0
1.727531e-06,0
7.235997e-05,0
7.240195e-05,0
7.235997e-05,0
6.51133e-06,0
5.681936e-05,0
6.037922e-06,0
4.78222e-06,0
0.01096024,0
9.565806e-05,0
0.01096024,0
6.949698e-05,0
1.902575e-06,0
0.0001369944,0
0.02085121,0
5.7754e-05,0
2.446628e-06,0
