Score,Label
0.9999999,1
1,1
1,1
1,1
1,1
1,1
1,1
1,1
1,1
1,1
1,1
1,1
1,1
1,1
1,1
1,1
1,1
1,1
1,1
0.005156765,1
1,1
0.002575063,1
1,1
1,1
1,1
1,1
0.01253655,1
4.981385e-07,0
1.096108e-08,0
4.777143e-06,0
0.003304999,0
1.865461e-08,0
1.385698e-06,0
2.928799e-08,0
2.249868e-06,0
1.48462e-08,0
0.00127908,0
2.492306e-06,0
4.845647e-08,0
5.154556e-08,0
0.0001595965,0
0.003304999,0
2.238139e-08,0
1.65824e-07,0
1.884787e-07,0
4.456123e-06,0
1.924349e-05,0
1.398638e-07,0
1.865461e-08,0
1.65824e-07,0
2.238139e-08,0
1.63681e-06,0
5.621571e-06,0
4.981385e-07,0
