Score,Label
0.9999332,1
0.9999332,1
0.2358247,1
1,1
1,1
1,1
0.977343,1
1,1
1,1
0.194932,1
1,1
0.9999989,1
1,1
1,1
0.03778838,1
0.190655,1
1,1
0.1577953,1
1,1
0.9999771,1
0.009285647,1
0.9999771,1
0.9802994,1
0.9802994,1
0.953089,1
1,1
1,1
0.9999999,1
1,1
0.9716141,1
0.001175598,1
0.9999753,1
0.9999753,1
0.9999317,1
0.998336,1
0.998336,1
0.998336,1
0.9999317,1
0.03217798,1
0.9999909,1
0.9999899,1
1,1
0.9999899,1
0.001609811,1
0.004808199,1
0.9395414,1
9.412138e-08,1
0.9122515,1
0.9122515,1
1,1
1,1
0.9994243,1
0.09865277,1
0.1659373,1
0.9994243,1
1,1
0.002108142,0
0.01563113,0
0.00748391,0
1.184305e-07,0
0.001366118,0
1.533472e-05,0
0.0009274813,0
5.047776e-07,0
1.184305e-07,0
0.001846931,0
0.9821656,0
4.132247e-07,0
0.8181331,0
0.07441784,0
0.3724605,0
0.9122515,0
4.149836e-07,0
1.301189e-05,0
2.614051e-06,0
0.001366118,0
0.05819434,0
1.547329e-07,0
0.007453934,0
0.5459474,0
3.81501e-06,0
0.3724605,0
0.0009274813,0
2.099121e-06,0
0.5329445,0
3.81501e-06,0
0.0003804177,0
2.614051e-06,0
1.927755e-05,0
7.867924e-06,0
0.5137497,0
0.001366118,0
1.42714e-06,0
3.211323e-05,0
9.629836e-05,0
0.9122515,0
0.01646882,0
0.01356077,0
0.9122515,0
4.81167e-09,0
0.9122515,0
2.099121e-06,0
0.0009274813,0
9.86296e-06,0
2.614051e-06,0
0.652313,0
0.953089,0
1.301189e-05,0
0.01184653,0
3.089554e-08,0
1.196583e-08,0
6.71099e-06,0
