Score,Label
0.1465618,1
0.9999946,1
0.9984723,1
0.9984723,1
0.9984723,1
0.0001640728,1
0.0002181888,1
0.1465618,1
0.1465618,1
0.1465618,1
0.9999946,1
0.9747258,1
0.9747258,1
0.9747258,1
0.9999996,1
0.9747258,1
0.9999987,1
0.9999987,1
0.9883927,1
0.9930675,1
0.999138,1
0.999138,1
0.9986167,1
5.07997e-05,1
0.0001219343,1
0.07980441,1
0.07980441,1
0.0008370907,1
1,1
1,1
0.9997309,1
1,1
0.9999993,1
0.9999993,1
0.9999998,1
0.02173468,1
0.9799848,1
0.4189281,1
0.01375144,1
0.01877129,1
0.9999989,1
0.9999987,1
1,1
0.9999535,1
1,1
1,1
0.9999993,1
0.9997823,1
1,1
1,1
0.9999998,1
1,1
0.005872839,1
1,1
1,1
1,1
0.9999748,1
0.999138,1
0.999138,1
0.9952322,1
0.01909203,0
0.001989851,0
0.9984465,0
0.04443866,0
0.4632703,0
0.007015063,0
0.9988481,0
0.04438117,0
0.003823248,0
0.003334535,0
0.9999992,0
0.0006422985,0
0.9654989,0
0.1465618,0
0.002951781,0
0.0001936545,0
1,0
0.0002649394,0
0.0004718429,0
0.0001511014,0
0.915647,0
0.0001670624,0
0.000101079,0
3.227148e-05,0
0.08571021,0
0.003823248,0
0.0003464028,0
0.002254705,0
0.0004555362,0
0.0001171077,0
0.08571021,0
0.002110535,0
7.156927e-05,0
0.0001372945,0
0.003984572,0
0.000157312,0
0.0002518659,0
0.00891258,0
0.001077163,0
0.0004761724,0
0.0002501028,0
2.24172e-05,0
0.0008886385,0
0.003823248,0
0.0003167973,0
0.003823248,0
0.0004281162,0
0.02759457,0
0.009863851,0
9.990144e-05,0
0.0003167973,0
0.1465618,0
0.9999987,0
0.0002190543,0
0.0005399722,0
0.003823248,0
0.0001952682,0
0.003563838,0
0.9999931,0
0.00260118,0
