Score,Label
0.9710001,1
0.9988517,1
0.9996048,1
0.9471811,1
0.9710001,1
0.9994776,1
0.9998983,1
0.9601876,1
0.4901879,1
3.949623e-05,1
0.9927225,1
0.9999477,1
0.9999996,1
0.9999996,1
0.9999923,1
0.9999784,1
1,1
1,1
1,1
1,1
0.02237966,1
0.02237966,1
1,1
1,1
1,1
0.0005321775,1
1,1
0.9999198,1
1,1
2.262475e-05,1
0.9999995,1
0.02237966,1
0.02237966,1
0.9998738,1
0.04777158,1
0.9979216,1
0.968998,1
0.9959177,1
0.9998348,1
0.9837654,1
0.999999,1
0.9998282,1
0.9999999,1
0.9999999,1
0.9999996,1
0.001419073,1
0.04935844,1
0.1355183,1
0.001419073,1
0.9999989,1
0.9993985,1
0.9981738,1
0.9985258,1
0.9100129,1
0.9985857,1
0.9952008,1
0.9999529,1
0.99963,1
0.9999998,1
0.9997906,1
0.9999998,1
0.9999515,1
0.9552126,1
0.9983376,1
0.9996321,1
0.9991127,1
0.02237966,1
0.02237966,1
5.152381e-05,0
0.008102015,0
0.1485199,0
6.511684e-05,0
0.001155009,0
0.0001749714,0
0.0004933219,0
0.0004639294,0
0.0004639294,0
0.002389748,0
5.194624e-06,0
0.0002665292,0
0.0004639294,0
0.0005953083,0
0.004122212,0
0.0005953083,0
0.01009813,0
0.0004736859,0
0.23039,0
0.0004639294,0
3.815671e-05,0
0.08482642,0
0.0004639294,0
2.363447e-06,0
0.7111278,0
0.009452371,0
0.001155146,0
0.0004639294,0
0.9998678,0
0.002689375,0
0.009452371,0
0.0005953083,0
0.4517224,0
0.003304496,0
0.0001034819,0
0.0001514917,0
0.0002665292,0
0.001155146,0
0.8789386,0
0.004439868,0
0.000282253,0
0.0002934425,0
0.02809386,0
0.0002189231,0
0.02237966,0
0.0004639294,0
0.0001808326,0
0.01868222,0
0.01009813,0
0.2747932,0
0.9985258,0
5.641201e-05,0
0.0008004939,0
3.672903e-05,0
0.9354175,0
0.0001341183,0
0.48989,0
0.0005953083,0
0.9177619,0
0.0004639294,0
0.01122496,0
3.272504e-05,0
8.023477e-05,0
0.9999992,0
0.9929711,0
0.0009403036,0
0.0001027243,0
0.01014105,0
