Score,Label
0.2252287,1
1,1
1,1
0.9999999,1
1,1
0.993236,1
1,1
0.1213683,1
0.9355444,1
0.9932648,1
0.8022567,1
0.9999998,1
0.9999787,1
0.9999998,1
0.2158825,1
0.998392,1
0.998392,1
0.003468997,1
0.998392,1
0.9915457,1
0.9964006,1
0.9915457,1
0.9915457,1
0.9915457,1
0.9915457,1
5.098469e-07,1
0.975244,1
0.9830161,1
0.0008500954,1
0.8587304,1
0.9363383,1
0.9363383,1
0.9363383,1
0.9986602,1
1,1
0.9809173,1
0.9809173,1
2.379334e-06,0
0.00462235,0
0.05547435,0
0.9363383,0
0.5778642,0
3.429872e-07,0
2.269013e-05,0
0.0001633432,0
0.06936412,0
4.948831e-08,0
5.873441e-05,0
6.171112e-05,0
0.0007609965,0
0.002023964,0
0.9363383,0
0.000166369,0
0.9363383,0
2.377579e-05,0
1.086283e-11,0
0.4341067,0
1.084766e-10,0
2.278876e-05,0
0.3322571,0
1.085773e-05,0
1.161997e-05,0
2.52052e-07,0
1.172242e-07,0
5.129801e-07,0
1.363399e-06,0
0.002023964,0
3.675138e-06,0
1.318254e-06,0
3.675138e-06,0
0.9363383,0
2.380424e-08,0
0.9998999,0
0.9363383,0
