Score,Label
0.3294463,1
0.004956597,1
0.002051493,1
0.9488384,1
0.5087824,1
0.006950229,1
0.006950229,1
0.006950229,1
0.08735391,1
0.006950229,1
1,1
0.9999937,1
0.9559591,1
0.9999881,1
0.006950229,1
0.006950229,1
0.006950229,1
0.006440531,1
0.006950229,1
0.9240579,1
1,1
0.9999999,1
1,1
0.9999999,1
0.9878129,1
0.9878129,1
0.9878129,1
0.8409367,1
0.9878129,1
0.9999871,1
0.8409367,1
0.9999936,1
0.9999851,1
0.9999987,1
0.9999983,1
0.976133,1
0.976133,1
0.976133,1
0.9997496,1
0.976133,1
0.9999999,1
0.9999415,1
0.9999993,1
0.9998987,1
0.9998987,1
0.9998987,1
0.9999973,1
0.9998987,1
0.08575387,1
0.4997967,1
0.005336558,1
1,1
0.9999892,1
0.9982127,1
0.999999,1
0.9999996,1
0.9999914,1
0.9999914,1
0.9999914,1
0.9999999,1
0.9999914,1
1,1
1,1
1,1
0.9999994,1
0.9996758,1
0.9996758,1
0.9996758,1
0.9996758,1
0.9986666,1
0.3294463,1
0.2720452,0
0.2720452,0
0.2720452,0
0.002169813,0
0.006950229,0
0.005336558,0
0.001795279,0
0.2720452,0
0.001795279,0
0.001795279,0
0.2720452,0
0.001795279,0
0.0003332286,0
0.07430992,0
0.2720452,0
0.4997967,0
0.2720452,0
0.001795279,0
0.2720452,0
0.001795279,0
0.4997967,0
0.001795279,0
0.2720452,0
0.001795279,0
0.01522552,0
0.005336558,0
0.0005181894,0
0.001795279,0
0.2720452,0
0.005336558,0
0.2720452,0
0.005336558,0
0.2720452,0
0.2720452,0
0.001795279,0
0.0003332286,0
0.2720452,0
0.0003332286,0
0.01522552,0
0.005336558,0
0.005336558,0
0.0002140724,0
0.2720452,0
0.2720452,0
0.2720452,0
0.2720452,0
0.005336558,0
0.005336558,0
0.2720452,0
0.2720452,0
0.07430992,0
0.07430992,0
0.0005181894,0
0.001795279,0
0.005336558,0
0.005336558,0
0.2720452,0
0.01522552,0
0.001067155,0
0.0003332286,0
0.2720452,0
0.2720452,0
0.001795279,0
0.07430992,0
0.4997967,0
0.2720452,0
2.33622e-05,0
0.4997967,0
0.0005181894,0
0.005336558,0
0.2720452,0
