Score,Label
0.0001908241,1
2.222197e-05,1
2.222197e-05,1
2.222197e-05,1
0.8114238,1
0.9724736,1
4.861649e-06,1
0.102962,1
0.102962,1
0.102962,1
0.02836009,1
1.258372e-05,1
4.861649e-06,1
0.9388252,1
0.8114238,1
4.861649e-06,1
0.05506056,1
0.05506056,1
0.05506056,1
0.008131737,1
0.5191572,1
0.7156582,1
0.9909852,1
0.002822344,1
0.130025,1
0.008131737,1
0.002822344,1
0.002822344,1
0.130025,1
0.001251009,1
0.9909852,1
0.130025,1
0.9909852,1
0.9006575,1
0.008131737,1
2.536892e-07,0
3.107248e-05,0
2.536892e-07,0
2.536892e-07,0
2.536892e-07,0
0.0002670143,0
0.001301854,0
0.0007081699,0
2.536892e-07,0
2.536892e-07,0
2.536892e-07,0
2.536892e-07,0
2.536892e-07,0
3.107248e-05,0
2.536892e-07,0
0.0007081699,0
2.536892e-07,0
2.536892e-07,0
0.0001145881,0
2.536892e-07,0
3.107248e-05,0
2.536892e-07,0
0.0002670143,0
2.536892e-07,0
2.536892e-07,0
2.536892e-07,0
2.536892e-07,0
2.536892e-07,0
0.0002670143,0
2.536892e-07,0
0.02153361,0
0.001301854,0
0.0004626788,0
3.107248e-05,0
2.536892e-07,0
0.007483464,0
2.536892e-07,0
2.536892e-07,0
3.728922e-06,0
2.536892e-07,0
3.107248e-05,0
2.536892e-07,0
0.0002670143,0
2.536892e-07,0
0.0002670143,0
0.0004626788,0
2.536892e-07,0
2.536892e-07,0
3.107248e-05,0
0.009835859,0
2.536892e-07,0
2.536892e-07,0
0.0002670143,0
2.536892e-07,0
0.001567509,0
2.536892e-07,0
0.001791411,0
3.107248e-05,0
2.536892e-07,0
3.728922e-06,0
2.536892e-07,0
2.536892e-07,0
2.536892e-07,0
0.001301854,0
2.536892e-07,0
2.536892e-07,0
3.728922e-06,0
0.0004626788,0
2.536892e-07,0
2.536892e-07,0
