Score,Label
0.9999847,1
0.9999963,1
0.999992,1
0.9999949,1
0.9999988,1
0.9999998,1
1,1
0.9999999,1
0.9999998,1
0.9999999,1
0.994551,1
0.02788278,1
0.9302936,1
0.9999996,1
1,1
1,1
1,1
1,1
1,1
1,1
0.9999996,1
1,1
1,1
0.9999996,1
0.0001936331,0
2.332057e-06,0
3.394187e-06,0
0.002135734,0
2.332057e-06,0
2.332057e-06,0
2.332057e-06,0
2.332057e-06,0
2.332057e-06,0
2.332057e-06,0
2.332057e-06,0
0.0001936331,0
2.332057e-06,0
0.0001936331,0
2.332057e-06,0
2.332057e-06,0
2.332057e-06,0
2.332057e-06,0
2.332057e-06,0
3.394187e-06,0
2.332057e-06,0
2.332057e-06,0
0.0001936331,0
2.332057e-06,0
0.002135734,0
2.332057e-06,0
2.332057e-06,0
4.482544e-06,0
3.394187e-06,0
2.332057e-06,0
2.332057e-06,0
2.332057e-06,0
3.394187e-06,0
0.002135734,0
3.394187e-06,0
1.610794e-06,0
3.394187e-06,0
2.332057e-06,0
2.332057e-06,0
2.332057e-06,0
0.004877146,0
3.394187e-06,0
3.394187e-06,0
3.394187e-06,0
0.0001936331,0
1.267686e-05,0
2.332057e-06,0
2.332057e-06,0
