Score,Label
0.8494495,1
0.8494495,1
0.8494495,1
0.1904108,1
0.0009707207,1
0.0009707207,1
2.992575e-07,1
0.1504745,1
0.05641479,1
0.1504745,1
0.999995,1
1.343677e-08,1
2.992575e-07,1
0.005316309,1
0.0005053871,1
2.992575e-07,1
1.733004e-07,1
1.733004e-07,1
0.007400505,1
0.9996307,1
0.9996307,1
0.9999993,1
0.9999968,1
0.9999646,1
0.9996307,1
0.999966,1
0.9999998,1
0.9999646,1
0.999966,1
0.9999993,1
0.9999646,1
0.9999993,1
1,1
0.009403346,1
5.888304e-08,0
5.888304e-08,0
5.888304e-08,0
0.0001306308,0
5.888304e-08,0
4.561686e-08,0
4.443828e-06,0
5.888304e-08,0
5.888304e-08,0
5.888304e-08,0
5.888304e-08,0
3.606233e-05,0
5.888304e-08,0
5.888304e-08,0
4.561686e-08,0
5.888304e-08,0
0.0001306308,0
5.888304e-08,0
3.606233e-05,0
3.607779e-08,0
5.888304e-08,0
5.888304e-08,0
5.888304e-08,0
4.561686e-08,0
5.888304e-08,0
5.888304e-08,0
0.0007133924,0
0.001182069,0
4.443828e-06,0
4.561686e-08,0
4.561686e-08,0
5.888304e-08,0
5.888304e-08,0
5.888304e-08,0
5.888304e-08,0
5.888304e-08,0
4.011104e-07,0
5.888304e-08,0
5.888304e-08,0
5.888304e-08,0
3.606233e-05,0
0.9756154,0
0.0001306308,0
5.888304e-08,0
5.888304e-08,0
5.888304e-08,0
3.606233e-05,0
0.0001306308,0
4.561686e-08,0
5.888304e-08,0
3.702115e-05,0
5.888304e-08,0
4.561686e-08,0
4.443828e-06,0
5.888304e-08,0
4.443828e-06,0
5.888304e-08,0
5.888304e-08,0
5.888304e-08,0
5.888304e-08,0
3.606233e-05,0
5.888304e-08,0
0.0001306308,0
5.888304e-08,0
5.888304e-08,0
5.888304e-08,0
5.888304e-08,0
5.888304e-08,0
