Prey,Predator,PreyMass,PredatorMass
Cicadina,Psychodidae,0.000332286,0.000494574565217391
Psychodidae,Delphacidae,0.000494574565217391,0.000652355
