Prey,Predator,PreyMass,PredatorMass
Ceratopogonidae,Thomisidae,0.000926708314285714,0.000291221
Edaphus blŸhweissi,Gnathonarium dentatum,6.72e-05,0.001554561
Cicadoidea,Tibellus sp,0.000374839916666667,0.00699660077922078
Heteroptera,Tibellus sp,0.00130471,0.00699660077922078
Jassidae,Tibellus sp,0.000576613,0.00699660077922078
Limnobaris dolorosa,Tibellus sp,0.011289741,0.00699660077922078
Pherbina coryleti,Tibellus sp,0.00903638,0.00699660077922078
Microtus agrestis,Natrix natrix,35,100
