Score,Label
0.8164157,1
0.8164157,1
0.8164157,1
0.8164157,1
0.8164157,1
0.9837403,1
0.8164157,1
0.8164157,1
0.8164157,1
0.8164157,1
0.9993242,1
0.9993242,1
0.9999365,1
0.9993242,1
0.9951598,1
0.8617098,1
0.9951598,1
0.9999982,1
0.9999982,1
0.8617098,1
0.9943753,1
0.9943753,1
0.9999952,1
0.9943753,1
0.9999952,1
0.9951598,1
0.9979373,1
0.9951598,1
0.9999982,1
0.926372,1
0.9999982,1
0.9951598,1
0.008901316,0
7.613795e-09,0
1.639752e-07,0
7.613795e-09,0
0.008408321,0
7.613795e-09,0
0.0413469,0
7.613795e-09,0
7.613795e-09,0
0.8677528,0
7.613795e-09,0
0.008408321,0
0.008408321,0
8.735522e-09,0
7.613795e-09,0
7.613795e-09,0
7.613795e-09,0
0.008408321,0
0.008408321,0
7.613795e-09,0
7.613795e-09,0
7.613795e-09,0
0.9942895,0
1.761578e-07,0
7.613795e-09,0
0.8164157,0
8.735522e-09,0
1.639752e-07,0
0.008408321,0
7.613795e-09,0
0.008408321,0
0.008408321,0
