Score,Label
0.9962937,1
0.9962937,1
0.9962937,1
0.9962937,1
0.9999717,1
0.9998581,1
0.9998581,1
0.9998581,1
0.9999968,1
0.998949,1
0.998949,1
0.9973315,1
0.998949,1
0.998949,1
0.8432806,1
0.9947321,1
0.9998953,1
0.999956,1
0.9997016,1
0.9996461,1
0.9929207,1
4.226979e-09,0
4.226979e-09,0
7.532893e-08,0
4.226979e-09,0
7.532893e-08,0
4.226979e-09,0
4.226979e-09,0
4.226979e-09,0
4.226979e-09,0
4.226979e-09,0
4.226979e-09,0
4.226979e-09,0
7.532893e-08,0
4.226979e-09,0
0.5269045,0
0.002985114,0
7.532893e-08,0
4.226979e-09,0
7.532893e-08,0
4.226979e-09,0
4.226979e-09,0
