Score,Label
0.9853238,1
0.9975824,1
0.8790875,1
0.8790875,1
3.191787e-06,0
0.00036175,0
3.918774e-07,0
3.191787e-06,0
0.00036175,0
0.00036175,0
0.0006795954,0
0.0006795954,0
