Score,Label
0.9999999,1
0.4150622,1
0.9891617,1
7.727557e-06,1
0.9891617,1
1.876492e-06,0
1.876492e-06,0
0.1998971,0
1.876492e-06,0
1.876492e-06,0
0.000114115,0
4.79338e-06,0
0.1998971,0
0.1257255,0
4.79338e-06,0
