Score,Label
0.7987684,1
0.7987684,1
0.7987684,1
0.7987684,1
0.7987684,1
0.7987684,1
0.7987684,1
0.7987684,1
0.1456877,1
0.6842321,1
0.1456877,1
0.02971111,1
0.7102454,1
0.0581145,1
0.7102454,1
0.7102454,1
0.7102454,1
0.0581145,1
0.7102454,1
0.1456877,1
0.9990751,1
0.004601962,1
0.9908842,1
0.9990751,1
0.9999963,1
0.004601962,1
0.0006252702,1
0.004326208,1
0.004601962,1
0.000169978,1
0.004601962,1
0.004601962,1
0.004326208,1
0.004601962,1
0.9988154,1
0.02336288,1
0.0001033776,1
0.004088962,1
0.0001950334,1
0.006348083,1
0.004088962,1
0.0001033776,1
0.005383212,1
0.0001950334,1
0.0004792269,1
0.0009257332,1
0.0001033776,1
0.0003807578,1
0.0004792269,1
0.9995074,1
0.0003807578,1
0.0003807578,1
0.0009954831,1
0.0003807578,1
0.3362007,1
0.0003736287,1
0.0006896707,1
0.001855067,1
0.09971531,1
0.9998572,1
0.001855067,1
0.01483405,1
0.7545577,1
0.7545577,1
0.01483405,1
0.7545577,1
0.01483405,1
0.01483405,1
0.01483405,1
0.0497492,1
0.7783657,1
0.007136455,1
0.7783657,1
0.9993205,1
0.007136455,1
0.5861082,1
0.08171939,1
0.5861082,1
0.007136455,1
0.5861082,1
0.9988748,1
0.007136455,1
0.007136455,1
0.08171939,1
0.9305705,1
0.007136455,1
0.3732032,1
0.9999974,1
0.9975364,0
1.09015e-05,0
0.02485812,0
2.838289e-06,0
0.02485812,0
0.7987684,0
2.838289e-06,0
1.09015e-05,0
2.838289e-06,0
2.838289e-06,0
0.02485812,0
2.838289e-06,0
2.838289e-06,0
2.838289e-06,0
2.838289e-06,0
2.838289e-06,0
2.838289e-06,0
0.004054334,0
2.838289e-06,0
2.838289e-06,0
2.838289e-06,0
2.838289e-06,0
0.0005698772,0
2.838289e-06,0
1.09015e-05,0
0.0005698772,0
2.838289e-06,0
2.838289e-06,0
2.838289e-06,0
2.838289e-06,0
0.9999921,0
2.838289e-06,0
1.09015e-05,0
2.838289e-06,0
2.838289e-06,0
2.838289e-06,0
2.838289e-06,0
0.9999855,0
2.838289e-06,0
2.838289e-06,0
1.09015e-05,0
2.838289e-06,0
2.838289e-06,0
2.838289e-06,0
2.838289e-06,0
2.838289e-06,0
1.09015e-05,0
2.838289e-06,0
2.838289e-06,0
2.838289e-06,0
0.02485812,0
2.838289e-06,0
2.838289e-06,0
0.7987684,0
0.02485812,0
1.09015e-05,0
2.838289e-06,0
0.7987684,0
2.838289e-06,0
0.02485812,0
2.838289e-06,0
2.838289e-06,0
2.838289e-06,0
0.7987684,0
2.838289e-06,0
2.838289e-06,0
0.001009134,0
2.838289e-06,0
0.1614508,0
2.838289e-06,0
1.09015e-05,0
0.9914521,0
2.838289e-06,0
1.09015e-05,0
1.09015e-05,0
2.838289e-06,0
2.838289e-06,0
0.001009134,0
1.09015e-05,0
1.09015e-05,0
2.838289e-06,0
2.838289e-06,0
0.0001293523,0
2.838289e-06,0
0.02485812,0
2.838289e-06,0
2.838289e-06,0
0.02485812,0
