Score,Label
0.990777,1
0.990777,1
1,1
1,1
1,1
1,1
1,1
1,1
1,1
1,1
0.0001574948,1
0.0008777313,1
0.8275545,1
0.9235405,1
0.9235405,1
0.9235405,1
0.9235405,1
0.0008777313,1
0.9235405,1
0.0008777313,1
0.0008777313,1
0.0001574948,1
0.9831608,1
0.00689294,1
0.9162465,1
0.9981621,1
0.9981621,1
0.0001461222,1
0.0001461222,1
0.0001461222,1
5.668866e-05,1
0.004605557,1
0.9982495,1
0.0001461222,1
0.004605557,1
0.004605557,1
5.668866e-05,1
0.9994656,1
3.600814e-05,1
0.0006767603,1
0.001614979,1
0.08605662,1
0.01826748,1
3.600814e-05,1
0.01826748,1
6.404443e-05,1
6.404443e-05,1
6.404443e-05,1
3.600814e-05,1
8.196769e-05,1
0.0008235206,1
1.287489e-05,1
6.404443e-05,1
0.0008235206,1
0.0008235206,1
8.196769e-05,1
0.01259778,1
0.0006767603,1
6.410864e-05,1
0.7805524,1
0.9075316,1
0.001627078,1
0.001627078,1
0.9997184,1
0.9075316,1
0.9998281,1
0.9075316,1
0.9075316,1
0.9997184,1
0.7805524,1
0.9998307,1
0.0001103619,1
0.9999905,1
0.5348145,1
0.5348145,1
0.01888165,1
0.01888165,1
0.01888165,1
0.01888165,1
0.0005889349,1
0.0001705763,1
0.01888165,1
0.0001705763,1
0.0001705763,1
0.005117168,1
0.0005889349,1
0.9913072,1
0.9993815,1
6.859051e-06,0
8.724086e-08,0
8.724086e-08,0
8.724086e-08,0
8.724086e-08,0
0.9999999,0
8.724086e-08,0
8.724086e-08,0
0.003013349,0
8.724086e-08,0
8.724086e-08,0
8.724086e-08,0
8.724086e-08,0
8.724086e-08,0
8.724086e-08,0
0.003013349,0
8.724086e-08,0
8.724086e-08,0
8.724086e-08,0
8.724086e-08,0
8.724086e-08,0
6.72797e-07,0
8.724086e-08,0
6.72797e-07,0
0.003013349,0
8.724086e-08,0
6.72797e-07,0
8.724086e-08,0
6.72797e-07,0
8.724086e-08,0
8.724086e-08,0
8.724086e-08,0
8.724086e-08,0
8.724086e-08,0
8.724086e-08,0
8.724086e-08,0
0.003013349,0
8.724086e-08,0
6.72797e-07,0
0.003013349,0
0.003013349,0
8.724086e-08,0
0.9999967,0
0.916373,0
8.724086e-08,0
8.724086e-08,0
8.724086e-08,0
8.724086e-08,0
6.859051e-06,0
8.724086e-08,0
6.72797e-07,0
0.003013349,0
8.724086e-08,0
0.003013349,0
0.003013349,0
8.724086e-08,0
8.724086e-08,0
8.724086e-08,0
6.72797e-07,0
6.72797e-07,0
0.916373,0
8.724086e-08,0
6.72797e-07,0
8.724086e-08,0
8.724086e-08,0
6.859051e-06,0
0.01270964,0
6.72797e-07,0
8.724086e-08,0
8.724086e-08,0
8.724086e-08,0
8.724086e-08,0
8.724086e-08,0
8.656087e-05,0
8.724086e-08,0
8.724086e-08,0
8.724086e-08,0
8.724086e-08,0
8.724086e-08,0
8.724086e-08,0
8.724086e-08,0
0.0925087,0
8.724086e-08,0
8.724086e-08,0
6.72797e-07,0
8.724086e-08,0
0.003013349,0
0.003013349,0
