Score,Label
0.9434511,1
2.007536e-09,1
0.9434511,1
0.9986176,1
0.858666,1
0.858666,1
0.9986176,1
0.9986176,1
0.9434511,1
2.007536e-09,1
0.1768165,1
0.9956027,1
0.05768111,1
0.1768165,1
0.1768165,1
0.1768165,1
0.8292592,1
0.8292592,1
0.1768165,1
0.1768165,1
0.8292592,1
0.05768111,1
0.9996487,1
3.250143e-06,1
0.999488,1
0.9996487,1
3.250143e-06,1
3.250143e-06,1
3.250143e-06,1
0.001970667,1
0.001970667,1
0.8453748,1
0.0008312022,1
6.145624e-07,1
6.145624e-07,1
0.0008312022,1
0.9995847,1
0.9995436,1
5.992729e-05,1
0.7530235,1
2.731698e-05,1
0.9959297,1
0.1113807,1
5.992729e-05,1
0.7530235,1
2.731698e-05,1
2.731698e-05,1
2.731698e-05,1
5.992729e-05,1
0.002195348,1
0.002195348,1
3.349989e-06,1
0.0004719709,1
1.711659e-06,1
1.711659e-06,1
0.0004719709,1
0.8777068,1
0.1113807,1
0.05613836,1
0.0007004223,1
0.8752875,1
0.0007004223,1
0.8752875,1
0.8752875,1
0.8752875,1
0.3345156,1
0.3345156,1
0.9977525,1
0.8752875,1
0.8752875,1
0.5278158,1
0.01683432,1
0.9089863,1
0.9994496,1
0.5278158,1
0.01683432,1
0.01683432,1
0.01683432,1
0.2291167,1
0.03587156,1
0.03587156,1
0.2291167,1
0.01683432,1
0.01683432,1
0.001155945,1
0.2291167,1
0.9467427,1
0.999486,1
1.028433e-11,0
2.084678e-09,0
0.002232853,0
0.8333313,0
1.028433e-11,0
0.0003297488,0
1.028433e-11,0
1.028433e-11,0
1.028433e-11,0
1.028433e-11,0
2.084678e-09,0
1.028433e-11,0
1.028433e-11,0
1.028433e-11,0
2.084678e-09,0
1.028433e-11,0
1.028433e-11,0
1.028433e-11,0
0.8333313,0
1.028433e-11,0
1.028433e-11,0
2.084678e-09,0
6.338836e-06,0
1.028433e-11,0
0.0003297488,0
1.028433e-11,0
0.002232853,0
1.028433e-11,0
1.028433e-11,0
1.028433e-11,0
1.028433e-11,0
1.028433e-11,0
1.028433e-11,0
1.028433e-11,0
0.002118878,0
0.0003297488,0
0.001250843,0
1.028433e-11,0
2.084678e-09,0
1.028433e-11,0
0.0003297488,0
0.8333313,0
1.028433e-11,0
1.028433e-11,0
1.028433e-11,0
1.028433e-11,0
0.002232853,0
1.028433e-11,0
1.028433e-11,0
1.028433e-11,0
2.084678e-09,0
1.028433e-11,0
1.028433e-11,0
1.028433e-11,0
1.028433e-11,0
1.028433e-11,0
0.0003297488,0
1.028433e-11,0
1.028433e-11,0
1.028433e-11,0
2.084678e-09,0
2.084678e-09,0
1.028433e-11,0
0.8333313,0
2.084678e-09,0
1.028433e-11,0
1.028433e-11,0
0.9987606,0
0.8333313,0
1.028433e-11,0
0.001250843,0
1.028433e-11,0
1.028433e-11,0
0.002232853,0
1.028433e-11,0
1.028433e-11,0
1.028433e-11,0
1.028433e-11,0
2.084678e-09,0
2.084678e-09,0
1.028433e-11,0
1.028433e-11,0
1.028433e-11,0
1.028433e-11,0
0.002118878,0
0.002754288,0
1.028433e-11,0
1.028433e-11,0
