Score,Label
0.6083989,1
5.669904e-05,1
0.1490205,1
0.1490205,1
5.669904e-05,1
5.669904e-05,1
0.4288986,1
0.4288986,1
0.4288986,1
0.001832741,1
0.001832741,1
0.001832741,1
0.001832741,1
0.9975012,1
0.1490205,1
0.9821919,1
0.9999962,1
0.9821919,1
0.9999962,1
0.9999962,1
0.9999962,1
0.9999962,1
0.9999962,1
0.9999993,1
0.9999962,1
0.982369,1
0.005913185,1
0.9941494,1
0.9998584,1
0.9998584,1
0.005913185,1
0.005913185,1
0.1213819,1
0.1213819,1
0.005913185,1
0.9994862,1
0.005913185,1
0.005913185,1
0.9505076,1
0.005913185,1
0.999873,1
0.003040864,1
0.9983264,1
0.004648906,1
0.9995895,1
0.9160135,1
0.003040864,1
0.9160135,1
0.004648906,1
0.004648906,1
0.0007789822,1
0.003040864,1
0.0007789822,1
0.005870083,1
0.9792572,1
0.005870083,1
0.005870083,1
0.0005802189,1
0.005870083,1
0.886251,1
0.9160135,1
0.0175409,1
0.8966001,1
0.8966001,1
0.8966001,1
0.8966001,1
0.8966001,1
0.5255031,1
0.5255031,1
0.8966001,1
0.9744965,1
0.01321795,1
0.9875498,1
0.9998934,1
0.9998934,1
0.01321795,1
0.01321795,1
0.5495017,1
0.5495017,1
0.5495017,1
0.01321795,1
0.999537,1
0.01321795,1
0.01321795,1
0.9826238,1
0.9870167,1
0.01321795,1
0.9998376,1
1.692119e-05,0
1.692119e-05,0
0.001784752,0
0.003430015,0
1.692119e-05,0
1.692119e-05,0
1.692119e-05,0
1.692119e-05,0
0.003430015,0
1.692119e-05,0
1.692119e-05,0
1.692119e-05,0
1.692119e-05,0
1.692119e-05,0
0.001784752,0
0.8904129,0
1.692119e-05,0
1.692119e-05,0
1.692119e-05,0
1.692119e-05,0
0.003430015,0
1.692119e-05,0
0.008859234,0
0.001784752,0
1.692119e-05,0
1.692119e-05,0
0.001784752,0
1.692119e-05,0
1.692119e-05,0
0.001784752,0
1.692119e-05,0
0.001031794,0
1.692119e-05,0
1.692119e-05,0
1.692119e-05,0
0.01587985,0
1.692119e-05,0
1.692119e-05,0
0.001031794,0
1.692119e-05,0
1.692119e-05,0
1.692119e-05,0
0.004183627,0
1.692119e-05,0
1.692119e-05,0
1.692119e-05,0
1.692119e-05,0
0.001784752,0
1.692119e-05,0
0.8966001,0
1.692119e-05,0
0.001784752,0
0.8966001,0
1.692119e-05,0
1.692119e-05,0
1.692119e-05,0
0.001031794,0
1.692119e-05,0
1.692119e-05,0
0.003430015,0
1.692119e-05,0
0.8966001,0
0.8966001,0
1.692119e-05,0
1.692119e-05,0
0.001784752,0
1.692119e-05,0
1.692119e-05,0
1.692119e-05,0
0.003430015,0
0.001784752,0
0.01587985,0
1.692119e-05,0
1.692119e-05,0
0.001784752,0
1.692119e-05,0
1.692119e-05,0
1.692119e-05,0
1.692119e-05,0
1.692119e-05,0
1.692119e-05,0
1.692119e-05,0
0.9839436,0
0.9993855,0
0.001784752,0
1.692119e-05,0
1.692119e-05,0
0.01701274,0
