Score,Label
0.00176661,1
0.002136777,1
0.00176661,1
0.00176661,1
0.00176661,1
0.00176661,1
0.00176661,1
0.4162074,1
0.00176661,1
0.4162074,1
0.00176661,1
0.4162074,1
0.00176661,1
0.00176661,1
0.00176661,1
0.00176661,1
0.00176661,1
0.00176661,1
0.4162074,1
0.00176661,1
0.4162074,0
0.4162074,0
0.4162074,0
0.4162074,0
0.4162074,0
0.4162074,0
0.4162074,0
0.4162074,0
0.4162074,0
0.4162074,0
0.4162074,0
0.00176661,0
0.4162074,0
0.4162074,0
0.4162074,0
0.4162074,0
0.4162074,0
0.4162074,0
0.00176661,0
0.4162074,0
0.4162074,0
0.4162074,0
0.00176661,0
0.4162074,0
0.4162074,0
0.4162074,0
0.4162074,0
0.4162074,0
0.00176661,0
0.4162074,0
0.4162074,0
0.00176661,0
0.4162074,0
0.4162074,0
0.00176661,0
0.4162074,0
0.00176661,0
0.4162074,0
0.4162074,0
0.4162074,0
