Score,Label
1,1
0.9999737,1
4.332829e-07,1
3.31462e-08,0
3.31462e-08,0
2.72633e-07,0
0.9999641,0
8.182647e-09,0
8.182647e-09,0
