Score,Label
1,1
1,1
1,1
1,1
1,1
1,1
1,1
1,1
1,1
1,1
1,1
1,1
1,1
0.9867692,1
1,1
1,1
1,1
1,1
1,1
0.9867692,1
1,1
1,1
1,1
1,1
1,1
0.8128456,1
1,1
1,1
1,1
1,1
0.8998275,1
1,1
0.2199364,1
0.2199364,1
0.2199364,1
1,1
0.6029112,1
0.9999996,1
1,1
0.7357689,1
0.9939142,1
1,1
1,1
1,1
1,1
1,1
1,1
1,1
1,1
1,1
1,1
1.978566e-09,1
1,1
1,1
1,1
1,1
1,1
1,1
1,1
1,1
1,1
1,1
1,1
1,1
0.0003746238,0
1.795478e-12,0
1.574142e-08,0
0.0764448,0
9.147992e-13,0
1.120836e-07,0
4.328546e-10,0
6.972609e-07,0
5.228313e-12,0
1.233089e-15,0
0.5682923,0
4.86236e-15,0
1.573071e-15,0
1.046786e-11,0
0.0001952559,0
1.046786e-11,0
1.229266e-05,0
0.8128456,0
1.293737e-05,0
3.477311e-12,0
1.049298e-09,0
1.72913e-05,0
6.972609e-07,0
0.8128456,0
7.351937e-09,0
0.8128456,0
0.2199364,0
5.190895e-06,0
8.004851e-11,0
2.641066e-10,0
0.7927059,0
0.0001952559,0
2.011218e-10,0
1.368378e-06,0
1.043208e-17,0
1.368378e-06,0
0.1861527,0
7.776098e-06,0
3.877649e-06,0
8.525698e-16,0
0.0001952559,0
3.950836e-13,0
0.2199364,0
1.276384e-13,0
1.215917e-09,0
2.955805e-14,0
6.972609e-07,0
1.305349e-11,0
1.761866e-05,0
0.2199364,0
6.101065e-05,0
4.464349e-09,0
4.289515e-10,0
1.049298e-09,0
0.0001952559,0
0.09347061,0
4.639607e-08,0
0.0004925689,0
0.0001952559,0
0.5682923,0
6.674721e-14,0
0.09222379,0
6.674721e-14,0
3.877649e-06,0
2.578069e-06,0
0.0004925689,0
2.955805e-14,0
0.1861527,0
6.559212e-07,0
5.691974e-07,0
2.883065e-13,0
2.314227e-10,0
0.5682923,0
1.565423e-12,0
7.211076e-19,0
0.4339769,0
7.896417e-13,0
1.72913e-05,0
1.582838e-07,0
1.315066e-16,0
1.167077e-06,0
6.101065e-05,0
0.001036042,0
6.387674e-06,0
3.695173e-05,0
0.0002469043,0
4.023594e-08,0
5.329653e-08,0
2.578069e-06,0
0.09222379,0
1.989701e-15,0
1.06415e-05,0
1.72913e-05,0
8.004851e-11,0
1.186495e-07,0
5.228313e-12,0
3.13545e-15,0
4.898966e-06,0
2.430931e-09,0
7.49717e-09,0
5.087512e-07,0
7.351937e-09,0
2.144417e-06,0
2.938319e-14,0
9.720266e-09,0
2.200169e-05,0
0.3111485,0
2.144417e-06,0
2.955805e-14,0
1.293737e-05,0
4.669508e-06,0
6.163995e-16,0
7.91144e-15,0
4.525874e-09,0
8.62768e-06,0
3.102388e-06,0
0.003045803,0
1.046786e-11,0
1.573071e-15,0
1.229266e-05,0
3.769885e-17,0
2.715012e-05,0
0.1861527,0
1.761866e-05,0
6.972609e-07,0
2.391181e-09,0
1.57966e-17,0
1.864329e-09,0
