Score,Label
0.6505925,1
0.6505925,1
0.6505925,1
0.6505925,1
0.6505925,1
0.9999797,1
0.7397256,1
0.9998523,1
0.7397256,1
0.9998523,1
0.9998523,1
0.7397256,1
0.9999797,1
0.6056516,1
0.9999305,1
0.02136393,1
0.9999604,1
0.6056516,1
0.6056516,1
0.9999604,1
0.9997745,1
0.6056516,1
0.9999604,1
0.9999604,1
0.6056516,1
0.9999604,1
0.9999604,1
0.9964955,1
0.9964955,1
0.9964955,1
0.9964955,1
0.6056516,1
0.6056516,1
0.9999591,1
0.9999591,1
0.6056516,1
0.9999784,1
0.9999784,1
0.6056516,1
0.9999784,1
0.9998597,1
0.6056516,1
0.6505925,0
5.249023e-13,0
3.066229e-05,0
0.6505925,0
3.225498e-11,0
0.0002337245,0
3.225498e-11,0
5.249023e-13,0
5.249023e-13,0
5.249023e-13,0
0.0002652321,0
5.249023e-13,0
5.249023e-13,0
3.225498e-11,0
0.0006282288,0
3.225498e-11,0
0.6505925,0
0.0006390175,0
0.004060172,0
5.009015e-07,0
0.6505925,0
5.249023e-13,0
6.054163e-09,0
3.066229e-05,0
0.0002652321,0
5.249023e-13,0
3.225498e-11,0
3.225498e-11,0
6.268264e-05,0
5.249023e-13,0
0.6505925,0
0.6239237,0
5.249023e-13,0
3.225498e-11,0
2.99685e-05,0
3.225498e-11,0
5.249023e-13,0
3.225498e-11,0
5.249023e-13,0
5.075018e-06,0
5.249023e-13,0
0.0568311,0
0.0006282288,0
5.249023e-13,0
2.356356e-08,0
0.004060172,0
5.249023e-13,0
3.853014e-08,0
2.891383e-08,0
0.004060172,0
3.066229e-05,0
3.225498e-11,0
0.0002652321,0
0.0002652321,0
1.078362e-07,0
0.0006390175,0
0.003525473,0
5.249023e-13,0
2.463597e-08,0
3.853014e-08,0
5.249023e-13,0
6.268264e-05,0
0.0002652321,0
0.0003229056,0
3.225498e-11,0
3.427728e-06,0
5.249023e-13,0
5.249023e-13,0
5.249023e-13,0
5.249023e-13,0
6.268264e-05,0
5.249023e-13,0
5.030955e-06,0
0.0002652321,0
5.030955e-06,0
0.6505925,0
3.066229e-05,0
6.463324e-05,0
3.225498e-11,0
1.413194e-10,0
3.225498e-11,0
3.225498e-11,0
5.249023e-13,0
5.249023e-13,0
