Score,Label
0.9933794,1
0.9933794,1
0.9933794,1
0.9933794,1
0.9933794,1
0.9933794,1
0.9933794,1
0.9993733,1
0.9993733,1
0.9978217,1
0.9978217,1
0.9993733,1
0.9205707,1
0.999679,1
0.9990317,1
0.9993733,1
0.9990317,1
0.9990317,1
0.9999995,1
0.9999993,1
0.993099,1
0.993099,1
0.9992773,1
0.9999995,1
0.9975408,1
0.9975408,1
0.993099,1
0.9999995,1
0.993099,1
0.9975408,1
0.993099,1
0.9975408,1
0.2130605,1
0.9975408,1
0.9933794,1
0.9933794,1
0.9933794,1
0.9933794,1
0.9933794,1
0.9933794,1
0.9933794,1
0.9999795,1
0.9946561,1
0.9966845,1
0.9966845,1
0.998951,1
0.9999795,1
0.9993371,1
0.9993371,1
0.9966845,1
0.9998009,1
0.9999795,1
0.9966845,1
0.8645377,1
0.9993371,1
0.9966845,1
0.9993371,1
0.2703824,1
0.9993371,1
0.001032747,0
0.0002061406,0
8.593708e-06,0
1.404626e-08,0
1.404626e-08,0
0.002226459,0
1.404626e-08,0
1.404626e-08,0
2.938911e-07,0
0.0002061406,0
2.938911e-07,0
0.0001142138,0
1.404626e-08,0
1.404626e-08,0
0.005737951,0
2.938911e-07,0
1.404626e-08,0
0.0002061406,0
2.938911e-07,0
0.005737951,0
2.938911e-07,0
0.001281841,0
2.938911e-07,0
1.404626e-08,0
0.001936811,0
1.404626e-08,0
1.404626e-08,0
6.883255e-05,0
0.001936811,0
2.938911e-07,0
0.005737951,0
0.684726,0
1.404626e-08,0
1.404626e-08,0
0.684726,0
0.01185227,0
0.9977909,0
1.404626e-08,0
2.938911e-07,0
2.938911e-07,0
2.938911e-07,0
1.404626e-08,0
0.0002061406,0
2.938911e-07,0
2.938911e-07,0
2.938911e-07,0
0.0002061406,0
1.404626e-08,0
1.404626e-08,0
1.404626e-08,0
1.404626e-08,0
0.684726,0
0.684726,0
1.404626e-08,0
1.404626e-08,0
1.404626e-08,0
0.001936811,0
0.001936811,0
0.0001144035,0
2.938911e-07,0
2.938911e-07,0
0.001936811,0
1.404626e-08,0
0.001281841,0
1.404626e-08,0
0.0004863314,0
1.404626e-08,0
1.404626e-08,0
0.684726,0
1.404626e-08,0
1.404626e-08,0
1.404626e-08,0
0.001936811,0
1.404626e-08,0
1.404626e-08,0
0.001281841,0
5.226208e-06,0
0.0001142138,0
1.404626e-08,0
2.938911e-07,0
0.001936811,0
2.938911e-07,0
1.404626e-08,0
2.938911e-07,0
0.9977909,0
0.0001339646,0
1.404626e-08,0
0.008965706,0
0.0001339646,0
1.404626e-08,0
1.404626e-08,0
1.404626e-08,0
1.404626e-08,0
1.404626e-08,0
1.404626e-08,0
0.001936811,0
2.938911e-07,0
1.404626e-08,0
0.001936811,0
1.404626e-08,0
0.0001339646,0
1.404626e-08,0
0.0002061406,0
1.404626e-08,0
0.001936811,0
2.938911e-07,0
2.938911e-07,0
1.404626e-08,0
1.404626e-08,0
0.0002061406,0
2.938911e-07,0
1.404626e-08,0
2.938911e-07,0
2.938911e-07,0
2.938911e-07,0
2.82725e-05,0
2.938911e-07,0
1.404626e-08,0
