Score,Label
4.102011e-09,1
0.999998,1
0.9999872,1
0.9999734,1
1.187949e-07,1
3.046245e-07,1
0.9989687,1
0.2905262,1
0.9999489,1
0.9999694,1
0.9999886,1
0.03325146,1
0.9999908,1
0.9999943,1
0.3046795,1
0.9999694,1
0.9991426,1
0.1101807,1
3.046245e-07,1
0.999969,1
0.9999734,1
0.9999806,1
0.00106544,1
0.003605533,1
3.046245e-07,1
1.014611e-06,1
1.743878e-05,1
0.9999775,1
1.014611e-06,0
0.9996194,0
0.3046795,0
0.00106544,0
1.014611e-06,0
0.0003587286,0
0.00106544,0
0.9999954,0
2.224207e-05,0
1.014611e-06,0
0.38927,0
0.00106544,0
1.014611e-06,0
0.03065804,0
1.119867e-06,0
6.921819e-06,0
3.046245e-07,0
3.046245e-07,0
1.743878e-05,0
0.00039481,0
0.9884365,0
1.726198e-08,0
2.29529e-09,0
0.3046795,0
0.0003587286,0
2.29529e-09,0
0.9614558,0
0.00106544,0
