Score,Label
6.423073e-05,1
0.9999928,1
0.9974886,1
0.9999993,1
0.9999906,1
0.9999995,1
0.9999999,1
0.9999996,1
1,1
0.8416038,1
0.004588045,1
1,1
0.9998745,1
0.9999999,1
4.70386e-07,0
0.01516294,0
0.9958883,0
0.00115049,0
6.423073e-05,0
0.01693848,0
6.866565e-06,0
5.828587e-05,0
0.0001437099,0
0.001656941,0
0.01013593,0
1.627917e-07,0
0.9999576,0
0.002410998,0
