Score,Label
0.9999994,1
0.8175007,1
0.1903717,1
0.9994521,1
0.04668505,1
0.8126929,1
0.9999776,1
0.9998516,1
0.9981202,1
0.9839697,1
0.0001791747,1
8.197707e-05,1
0.8175007,1
0.9999789,1
1,1
0.002049505,1
0.9999994,1
2.173372e-05,0
0.001066445,0
1.645159e-05,0
3.509852e-05,0
1.740704e-06,0
3.903621e-05,0
0.7742494,0
0.0002378157,0
3.903621e-05,0
0.0001677941,0
9.683067e-06,0
1.796494e-05,0
0.005148831,0
0.04972188,0
1.746661e-05,0
0.002049505,0
0.9189941,0
