Score,Label
0.993678,1
0.0009247921,1
0.3650435,1
1,1
1,1
0.9999983,1
3.058903e-05,0
4.017102e-06,0
2.333429e-06,0
2.078433e-09,0
4.134785e-08,0
0.0008834381,0
