Score,Label
1,1
1,1
0.9999982,1
0.9999999,1
0.9999907,1
1,1
1,1
1,1
0.9999762,1
0.0002653494,0
0.04504347,0
0.2205402,0
0.0006675561,0
0.0004545052,0
0.5295067,0
2.198978e-05,0
0.4994722,0
0.0309466,0
