Score,Label
0.9999704,1
1,1
1,1
1,1
0.9994035,1
0.9993455,1
1,1
0.999859,1
0.9992799,1
0.9977852,1
0.9999151,1
1,1
1,1
1,1
0.9998859,1
1,1
1,1
0.9999899,1
1,1
0.9999995,1
0.2729208,1
0.9998596,1
0.9802783,1
0.999998,1
0.999995,1
0.09260388,1
0.9999827,1
1,1
0.8422612,1
0.9954975,1
0.6047188,1
0.9994749,1
0.2729208,1
0.9998535,1
0.9997092,1
0.6101526,1
0.9998596,1
0.9597062,1
0.6818937,1
0.6818937,1
0.9597062,1
1,1
0.6818937,1
0.6818937,1
0.9998637,1
1,1
0.9997949,1
1,1
1,1
0.9844643,1
1,1
0.99845,1
0.9999988,1
1,1
1,1
0.002375907,1
1,1
1.84434e-05,1
0.9999946,1
0.9999434,1
0.04318703,1
0.9993249,1
1,1
1,1
0.8111289,1
0.9844643,1
0.9952866,1
1,1
1,1
0.9999996,1
0.9959448,1
0.9959448,1
0.9999999,1
0.9999999,1
1,1
1,1
1,1
1,1
0.9999999,1
0.6818937,1
0.9998637,1
0.4612223,1
0.0001194361,1
0.0001194361,1
0.0001194361,1
0.0001194361,1
0.9323606,1
3.0364e-14,0
3.532344e-10,0
8.208807e-11,0
2.497945e-11,0
2.665813e-11,0
6.277561e-10,0
1.408375e-05,0
4.603217e-09,0
0.9998534,0
0.1229337,0
4.776192e-09,0
0.6101526,0
8.785976e-11,0
1.702582e-09,0
0.9701,0
0.01176629,0
9.131906e-05,0
0.6101526,0
0.9870555,0
1.628637e-06,0
0.8725432,0
0.001304533,0
1.361994e-09,0
6.599434e-06,0
4.60581e-08,0
0.003890382,0
1.658371e-06,0
0.001304533,0
0.7276791,0
0.01268118,0
0.6818937,0
2.062121e-09,0
8.261075e-08,0
2.175093e-06,0
1.049395e-07,0
1.391559e-08,0
0.001129181,0
1.527501e-08,0
2.63583e-08,0
0.9999144,0
0.6101526,0
0.9999948,0
1.680276e-09,0
0.3606794,0
5.396024e-13,0
2.430851e-05,0
0.001129181,0
0.0007748714,0
9.122423e-11,0
6.723438e-11,0
2.898186e-11,0
4.08596e-11,0
7.523789e-12,0
0.01176629,0
2.292322e-11,0
0.7725319,0
0.9989327,0
0.9999818,0
0.001225828,0
0.4049504,0
2.569398e-09,0
0.3671041,0
6.534597e-09,0
4.80092e-06,0
0.9916999,0
1.118429e-06,0
8.263191e-11,0
1.800913e-10,0
0.01307202,0
5.33848e-07,0
1.213449e-05,0
6.263238e-08,0
0.001129181,0
1.767807e-12,0
6.338325e-07,0
1.069652e-07,0
1.008874e-07,0
2.266774e-07,0
4.876727e-06,0
3.902762e-08,0
9.200211e-08,0
6.529861e-13,0
5.921337e-08,0
0.8967175,0
0.0003820553,0
3.365142e-08,0
0.8857911,0
