Score,Label
0.9999964,1
0.003793704,1
0.9999964,1
0.003793704,1
0.1431888,1
0.9999964,1
0.1431888,1
0.003793704,1
0.9999964,1
0.003793704,1
0.4241652,1
0.9999766,1
0.0004456009,1
0.0004456009,1
0.0004456009,1
0.0004456009,1
0.9999702,1
0.0004456009,1
0.9999766,1
0.4241652,1
0.9999964,1
0.003793704,1
0.1172483,1
0.003793704,1
0.002759447,1
0.003793704,1
0.002759447,1
0.6891274,1
0.003793704,1
0.003793704,1
0.002759447,1
0.002759447,1
0.003203913,1
0.003793704,1
0.9999964,1
0.003793704,1
0.1172483,1
0.004878053,1
0.002759447,1
0.004878053,1
0.002759447,1
0.4238054,1
0.004878053,1
0.002759447,1
0.004878053,1
0.002759447,1
0.002759447,1
0.004878053,1
0.9999964,1
0.003793704,1
0.004878053,1
0.7570342,1
0.004878053,1
0.004878053,1
0.004878053,1
1,1
0.004878053,1
0.7570342,1
0.004878053,1
0.7570342,1
0.004878053,1
0.7570342,1
0.7570342,1
0.001132601,1
0.004878053,1
0.004878053,1
0.004878053,1
0.9999973,0
0.4998192,0
0.4998192,0
0.333013,0
0.4998192,0
0.1431888,0
0.4241652,0
0.1431888,0
0.005090797,0
0.04232794,0
0.9999738,0
1,0
0.1431888,0
0.4998192,0
0.4998192,0
0.4998192,0
0.0196444,0
0.002505053,0
0.002961751,0
0.0006678827,0
0.4998192,0
0.1431888,0
0.999994,0
0.003122164,0
0.004878053,0
0.4998192,0
0.9999973,0
0.4998192,0
0.333013,0
0.9836698,0
0.4998192,0
0.4998192,0
0.9999973,0
0.333013,0
0.9960233,0
0.1431888,0
0.1431888,0
0.333013,0
0.1431888,0
0.333013,0
0.1431888,0
0.1431888,0
0.4998192,0
0.333013,0
0.333013,0
0.004361945,0
0.4998192,0
0.9960233,0
0.4998192,0
0.1431888,0
0.9999999,0
0.002505053,0
0.1431888,0
0.4998192,0
0.004878053,0
0.4241652,0
0.9998813,0
0.002505053,0
0.1431888,0
0.4998192,0
0.4998192,0
0.4998192,0
0.4998192,0
0.1431888,0
0.9999964,0
0.4998192,0
0.4998192,0
