Score,Label
0.8635949,1
1.068339e-06,1
1.068339e-06,1
0.998667,1
0.998667,1
0.7847413,1
0.5615354,1
0.006700457,1
0.8635949,1
0.9952296,1
0.1423504,1
0.4310401,1
0.9999584,1
0.9999584,1
0.9778908,1
0.9999992,1
0.9999998,1
1.546776e-07,0
0.1423504,0
6.881452e-06,0
3.025172e-07,0
1.262059e-07,0
0.7847413,0
3.745499e-05,0
9.239115e-07,0
0.623026,0
0.9793528,0
1.128265e-08,0
0.001521367,0
6.94214e-06,0
0.07189103,0
1.666014e-06,0
0.0001373617,0
0.7170785,0
