Score,Label
0.0002121206,1
0.9877237,1
0.2982034,1
0.001158363,1
0.8867076,1
0.0002121206,1
0.9877237,1
0.002269354,1
1,1
0.9999897,1
0.9999975,1
0.9986705,1
1,1
0.1274913,1
0.9850349,1
0.7948067,1
1,1
0.8975818,1
0.0002121206,1
0.9877237,1
0.0002121206,1
0.9877237,1
0.9219083,1
0.9999998,1
1,1
1,1
0.9999914,1
0.0173769,1
6.445131e-05,1
0.0002121206,1
0.9877237,1
0.1248687,1
0.2982034,1
1,1
1,1
1,1
1,1
0.9999999,1
0.4012128,1
0.01047703,1
0.2982034,1
0.9999995,1
0.481896,1
0.481896,1
0.481896,1
1,1
1,1
0.9999436,1
6.24431e-05,1
0.9999961,1
0.001398005,1
0.481896,1
0.481896,1
0.481896,1
0.014901,0
0.1248687,0
4.311668e-05,0
0.3766325,0
0.9877237,0
0.000156562,0
0.9894148,0
0.0006038049,0
0.0002653886,0
0.1248687,0
4.311668e-05,0
0.1248687,0
0.001053623,0
0.0004367128,0
0.00741013,0
0.1248687,0
0.1248687,0
1,0
0.0004429397,0
0.0007993288,0
0.9094459,0
0.0008810561,0
0.06039555,0
0.0004686588,0
0.9835411,0
0.9989795,0
0.001107027,0
3.357472e-05,0
6.771024e-05,0
0.9779369,0
0.6667783,0
0.9779369,0
0.0001897882,0
0.1248687,0
0.0009714479,0
0.9094459,0
0.0008901538,0
0.9094459,0
0.06039555,0
0.0004421911,0
0.002352698,0
1,0
0.0001300996,0
0.1248687,0
0.1248687,0
0.0007188643,0
0.0005431333,0
0.0004367128,0
0.002352698,0
0.0003918195,0
0.1248687,0
0.002352698,0
0.0007993288,0
0.0007993288,0
