Score,Label
1,1
1,1
1,1
0.9999952,1
1,1
1,1
1,1
1,1
1,1
0.999999,1
1,1
1,1
1,1
1,1
0.9999999,1
1,1
1,1
0.9999917,1
0.5918943,1
0.9999982,1
0.9976803,1
0.9999975,1
0.7914184,1
0.9999995,1
0.9998733,1
0.9999973,1
0.07454734,1
0.999989,1
1,1
1,1
1,1
1,1
1,1
1,1
1,1
1,1
1,1
1,1
1,1
1,1
1,1
1,1
1,1
1,1
1,1
1,1
1,1
1,1
1,1
1,1
1,1
0.9999149,1
1,1
1,1
0.9999998,1
0.9999985,1
0.9999926,1
0.9999999,1
0.9999994,1
0.999997,1
1,1
1,1
1,1
1,1
1,1
1,1
1,1
1,1
1,1
1,1
1,1
1,1
1,1
1,1
1,1
2.058573e-08,0
8.087557e-07,0
0.000450351,0
2.804189e-05,0
2.609443e-08,0
2.058573e-08,0
2.058573e-08,0
2.058573e-08,0
2.058573e-08,0
2.058573e-08,0
0.000450351,0
2.058573e-08,0
2.058573e-08,0
2.058573e-08,0
2.058573e-08,0
2.609443e-08,0
2.058573e-08,0
2.058573e-08,0
0.001987802,0
2.804189e-05,0
2.609443e-08,0
2.058573e-08,0
2.058573e-08,0
2.058573e-08,0
0.002241816,0
2.058573e-08,0
2.058573e-08,0
0.001987802,0
2.058573e-08,0
2.058573e-08,0
2.804189e-05,0
2.058573e-08,0
2.058573e-08,0
2.804189e-05,0
2.058573e-08,0
2.058573e-08,0
0.000450351,0
2.058573e-08,0
2.058573e-08,0
2.058573e-08,0
0.9924339,0
2.058573e-08,0
2.804189e-05,0
2.058573e-08,0
2.058573e-08,0
2.804189e-05,0
2.058573e-08,0
2.058573e-08,0
2.058573e-08,0
0.002241816,0
2.058573e-08,0
2.058573e-08,0
2.058573e-08,0
2.058573e-08,0
2.058573e-08,0
2.058573e-08,0
3.375946e-07,0
2.058573e-08,0
2.058573e-08,0
2.058573e-08,0
0.01400057,0
0.002241816,0
2.058573e-08,0
2.058573e-08,0
0.000450351,0
2.058573e-08,0
2.058573e-08,0
2.804189e-05,0
2.058573e-08,0
2.058573e-08,0
2.058573e-08,0
2.058573e-08,0
0.001987802,0
2.058573e-08,0
2.058573e-08,0
