Score,Label
8.297701e-05,1
8.297701e-05,1
8.297701e-05,1
8.297701e-05,1
3.696509e-05,1
8.297701e-05,1
8.297701e-05,1
8.297701e-05,1
8.297701e-05,1
8.297701e-05,1
8.297701e-05,1
8.297701e-05,1
8.297701e-05,1
1.777356e-07,1
4.384954e-09,0
4.384954e-09,0
4.384954e-09,0
4.384954e-09,0
4.384954e-09,0
4.384954e-09,0
1.998634e-05,0
4.384954e-09,0
4.384954e-09,0
4.384954e-09,0
1.998634e-05,0
4.384954e-09,0
4.384954e-09,0
4.384954e-09,0
