Score,Label
1.272702e-12,1
1.272702e-12,1
1.272702e-12,1
1.272702e-12,1
1.272702e-12,1
1.272702e-12,1
1.272702e-12,1
1.272702e-12,1
1.492091e-12,1
1.272702e-12,1
1.272702e-12,1
1.272702e-12,1
1.272702e-12,1
1.272702e-12,1
1.272702e-12,1
1.272702e-12,1
1.272702e-12,1
1.272702e-12,1
1.272702e-12,1
1.272702e-12,1
1.272702e-12,1
1.272702e-12,1
1.272702e-12,1
1.272702e-12,1
1.272702e-12,1
1.272702e-12,1
1.272702e-12,1
1.272702e-12,1
1.272702e-12,1
1.272702e-12,1
1.272702e-12,1
1.272702e-12,1
1.272702e-12,1
1.272702e-12,1
1.272702e-12,1
1.272702e-12,1
1.884338e-13,1
0.0001179265,0
6.705115e-14,0
6.705115e-14,0
6.705115e-14,0
6.705115e-14,0
6.705115e-14,0
8.481541e-05,0
6.705115e-14,0
6.705115e-14,0
6.705115e-14,0
6.705115e-14,0
6.705115e-14,0
6.705115e-14,0
6.705115e-14,0
6.705115e-14,0
6.705115e-14,0
6.705115e-14,0
6.705115e-14,0
6.705115e-14,0
6.705115e-14,0
6.705115e-14,0
6.705115e-14,0
6.705115e-14,0
6.705115e-14,0
6.705115e-14,0
6.705115e-14,0
6.705115e-14,0
6.705115e-14,0
6.705115e-14,0
6.705115e-14,0
6.705115e-14,0
6.705115e-14,0
6.705115e-14,0
6.705115e-14,0
6.705115e-14,0
0.0001112151,0
6.705115e-14,0
6.705115e-14,0
6.705115e-14,0
6.705115e-14,0
6.705115e-14,0
6.705115e-14,0
6.705115e-14,0
6.705115e-14,0
6.705115e-14,0
6.705115e-14,0
6.705115e-14,0
6.705115e-14,0
6.705115e-14,0
6.705115e-14,0
6.705115e-14,0
6.705115e-14,0
6.705115e-14,0
6.705115e-14,0
6.705115e-14,0
6.705115e-14,0
0.9346299,0
0.0001179265,0
0.01353221,0
6.705115e-14,0
6.705115e-14,0
6.705115e-14,0
6.705115e-14,0
0.9346299,0
6.705115e-14,0
6.705115e-14,0
6.705115e-14,0
6.705115e-14,0
6.705115e-14,0
6.705115e-14,0
6.705115e-14,0
6.705115e-14,0
6.705115e-14,0
0.0001179265,0
