Score,Label
2.880587e-07,1
2.880587e-07,1
2.880587e-07,1
2.880587e-07,1
3.771247e-05,1
2.880587e-07,1
2.880587e-07,1
2.880587e-07,1
2.880587e-07,1
2.880587e-07,1
2.880587e-07,1
2.880587e-07,1
2.880587e-07,1
3.912688e-09,1
6.300715e-09,0
0.9057211,0
6.300715e-09,0
6.300715e-09,0
0.0006420574,0
1.680627e-05,0
6.300715e-09,0
0.00106465,0
2.288781e-05,0
0.0006473276,0
6.300715e-09,0
6.300715e-09,0
6.300715e-09,0
6.300715e-09,0
