Score,Label
2.084286e-08,1
2.084286e-08,1
2.084286e-08,1
2.084286e-08,1
2.084286e-08,1
2.084286e-08,1
2.084286e-08,1
3.474115e-20,0
3.474115e-20,0
3.474115e-20,0
3.474115e-20,0
3.474115e-20,0
1.939514e-07,0
3.474115e-20,0
3.474115e-20,0
3.474115e-20,0
3.474115e-20,0
3.474115e-20,0
3.474115e-20,0
3.474115e-20,0
3.474115e-20,0
