Score,Label
3.99296e-07,1
3.99296e-07,1
3.99296e-07,1
3.99296e-07,1
3.99296e-07,1
3.99296e-07,1
3.99296e-07,1
5.464189e-22,0
5.464189e-22,0
5.464189e-22,0
5.464189e-22,0
5.464189e-22,0
5.464189e-22,0
5.464189e-22,0
5.464189e-22,0
5.464189e-22,0
5.464189e-22,0
5.464189e-22,0
5.464189e-22,0
5.464189e-22,0
5.464189e-22,0
