Score,Label
7.811314e-10,1
7.811314e-10,1
7.811314e-10,1
7.811314e-10,1
2.877777e-08,1
7.811314e-10,1
7.811314e-10,1
7.811314e-10,1
7.811314e-10,1
7.811314e-10,1
7.811314e-10,1
7.811314e-10,1
7.811314e-10,1
1.773361e-10,1
0.0001128222,0
1.034919e-11,0
0.0001128222,0
1.034919e-11,0
1.034919e-11,0
1.034919e-11,0
1.034919e-11,0
1.034919e-11,0
1.034919e-11,0
0.911112,0
1.034919e-11,0
0.911112,0
1.034919e-11,0
9.834577e-06,0
