Score,Label
1.201232e-07,1
1.201232e-07,1
1.201232e-07,1
1.201232e-07,1
1.201232e-07,1
1.201232e-07,1
1.201232e-07,1
1.799839e-05,0
4.737446e-26,0
8.360304e-12,0
1.881359e-11,0
1.799839e-05,0
4.737446e-26,0
4.737446e-26,0
4.737446e-26,0
4.737446e-26,0
4.737446e-26,0
4.737446e-26,0
4.737446e-26,0
4.737446e-26,0
8.360304e-12,0
