Score,Label
2.753965e-24,1
2.753965e-24,1
2.753965e-24,1
2.753965e-24,1
2.753965e-24,1
2.753965e-24,1
2.753965e-24,1
2.753965e-24,1
1.565766e-24,1
2.753965e-24,1
2.753965e-24,1
2.753965e-24,1
2.753965e-24,1
2.753965e-24,1
2.753965e-24,1
2.753965e-24,1
2.753965e-24,1
2.753965e-24,1
2.753965e-24,1
2.753965e-24,1
2.753965e-24,1
2.753965e-24,1
2.753965e-24,1
2.753965e-24,1
2.753965e-24,1
2.753965e-24,1
2.753965e-24,1
2.753965e-24,1
2.753965e-24,1
2.753965e-24,1
2.753965e-24,1
2.753965e-24,1
2.753965e-24,1
2.753965e-24,1
2.753965e-24,1
2.753965e-24,1
2.605403e-24,1
3.275894e-25,0
3.275894e-25,0
3.275894e-25,0
3.275894e-25,0
3.275894e-25,0
5.133691e-10,0
7.33094e-06,0
3.275894e-25,0
3.275894e-25,0
3.275894e-25,0
3.275894e-25,0
3.275894e-25,0
3.275894e-25,0
3.275894e-25,0
3.275894e-25,0
3.275894e-25,0
3.275894e-25,0
3.275894e-25,0
3.275894e-25,0
3.275894e-25,0
3.275894e-25,0
3.275894e-25,0
3.275894e-25,0
7.33094e-06,0
3.275894e-25,0
3.275894e-25,0
3.275894e-25,0
3.275894e-25,0
3.275894e-25,0
3.275894e-25,0
3.275894e-25,0
3.275894e-25,0
3.275894e-25,0
3.275894e-25,0
3.275894e-25,0
5.133691e-10,0
3.275894e-25,0
3.275894e-25,0
3.275894e-25,0
3.275894e-25,0
3.275894e-25,0
3.275894e-25,0
3.275894e-25,0
3.275894e-25,0
3.275894e-25,0
3.275894e-25,0
3.275894e-25,0
3.275894e-25,0
3.275894e-25,0
3.275894e-25,0
3.275894e-25,0
3.275894e-25,0
0.9293208,0
3.275894e-25,0
3.275894e-25,0
3.275894e-25,0
3.275894e-25,0
3.275894e-25,0
3.275894e-25,0
3.275894e-25,0
3.275894e-25,0
3.275894e-25,0
3.275894e-25,0
3.275894e-25,0
3.275894e-25,0
3.275894e-25,0
3.275894e-25,0
3.275894e-25,0
3.275894e-25,0
3.275894e-25,0
3.275894e-25,0
3.275894e-25,0
7.33094e-06,0
3.275894e-25,0
