Score,Label
2.357376e-20,1
2.357376e-20,1
2.357376e-20,1
2.357376e-20,1
2.357376e-20,1
2.357376e-20,1
2.357376e-20,1
2.357376e-20,1
1.948652e-21,1
2.357376e-20,1
2.357376e-20,1
2.357376e-20,1
2.357376e-20,1
2.357376e-20,1
2.357376e-20,1
2.357376e-20,1
2.357376e-20,1
2.357376e-20,1
2.357376e-20,1
2.357376e-20,1
2.357376e-20,1
2.357376e-20,1
2.357376e-20,1
2.357376e-20,1
2.357376e-20,1
2.357376e-20,1
2.357376e-20,1
2.357376e-20,1
2.357376e-20,1
2.357376e-20,1
2.357376e-20,1
2.357376e-20,1
2.357376e-20,1
2.357376e-20,1
2.357376e-20,1
2.357376e-20,1
2.673905e-22,1
5.227368e-22,0
5.227368e-22,0
5.227368e-22,0
0.9446737,0
5.227368e-22,0
5.227368e-22,0
5.227368e-22,0
5.227368e-22,0
5.227368e-22,0
5.227368e-22,0
5.227368e-22,0
5.227368e-22,0
5.227368e-22,0
5.227368e-22,0
5.227368e-22,0
5.227368e-22,0
5.227368e-22,0
5.227368e-22,0
5.227368e-22,0
5.227368e-22,0
0.9446737,0
5.227368e-22,0
5.227368e-22,0
5.227368e-22,0
5.227368e-22,0
5.227368e-22,0
5.227368e-22,0
5.227368e-22,0
5.227368e-22,0
5.227368e-22,0
5.227368e-22,0
5.227368e-22,0
5.227368e-22,0
5.227368e-22,0
5.227368e-22,0
1.237919e-06,0
5.227368e-22,0
5.227368e-22,0
0.9446737,0
5.227368e-22,0
5.227368e-22,0
5.227368e-22,0
5.227368e-22,0
2.522831e-07,0
5.227368e-22,0
7.130441e-05,0
5.227368e-22,0
5.227368e-22,0
5.227368e-22,0
5.227368e-22,0
5.227368e-22,0
5.227368e-22,0
5.227368e-22,0
5.227368e-22,0
5.227368e-22,0
5.227368e-22,0
5.227368e-22,0
0.9446737,0
5.227368e-22,0
5.227368e-22,0
5.227368e-22,0
5.227368e-22,0
5.227368e-22,0
5.227368e-22,0
5.227368e-22,0
5.227368e-22,0
0.9446737,0
5.227368e-22,0
5.227368e-22,0
5.227368e-22,0
5.227368e-22,0
5.227368e-22,0
5.227368e-22,0
5.227368e-22,0
