Score,Label
5.958407e-07,1
5.958407e-07,1
5.958407e-07,1
5.958407e-07,1
2.113142e-05,1
5.958407e-07,1
5.958407e-07,1
5.958407e-07,1
5.958407e-07,1
5.958407e-07,1
5.958407e-07,1
5.958407e-07,1
5.958407e-07,1
9.931951e-08,1
0.0008692693,0
1.880586e-07,0
4.575919e-05,0
4.575919e-05,0
0.9194872,0
1.880586e-07,0
1.880586e-07,0
1.880586e-07,0
4.575919e-05,0
1.880586e-07,0
0.0008692693,0
1.880586e-07,0
1.880586e-07,0
1.880586e-07,0
