Score,Label
2.991014e-05,1
2.991014e-05,1
2.991014e-05,1
2.991014e-05,1
2.991014e-05,1
2.991014e-05,1
2.991014e-05,1
0.0004094191,0
9.754399e-21,0
9.754399e-21,0
9.754399e-21,0
1.216245e-12,0
9.754399e-21,0
9.754399e-21,0
9.754399e-21,0
9.754399e-21,0
9.754399e-21,0
9.754399e-21,0
9.754399e-21,0
9.754399e-21,0
9.754399e-21,0
