Score,Label
6.786917e-06,1
0.9424982,1
0.9424982,1
0.007912773,1
0.9424982,1
0.9424982,1
0.007912773,1
0.9711946,1
0.9711946,1
0.2447025,1
0.001936396,0
0.9487068,0
4.951658e-06,0
4.951658e-06,0
0.0003776475,0
4.951658e-06,0
4.951658e-06,0
4.951658e-06,0
4.951658e-06,0
4.951658e-06,0
4.951658e-06,0
4.951658e-06,0
4.951658e-06,0
4.951658e-06,0
4.951658e-06,0
4.951658e-06,0
4.951658e-06,0
4.951658e-06,0
4.951658e-06,0
4.951658e-06,0
