Score,Label
2.241149e-07,1
0.8462572,1
0.8462572,1
0.001121911,1
0.8462572,1
0.8462572,1
0.001121911,1
0.9709769,1
0.9709769,1
0.1099697,1
5.729188e-06,0
0.0001863016,0
5.729188e-06,0
5.729188e-06,0
5.729188e-06,0
5.729188e-06,0
5.729188e-06,0
0.0001863016,0
5.729188e-06,0
5.729188e-06,0
5.729188e-06,0
5.729188e-06,0
1.081683e-05,0
5.729188e-06,0
0.0049316,0
5.729188e-06,0
5.729188e-06,0
5.729188e-06,0
5.729188e-06,0
5.729188e-06,0
