Score,Label
4.665893e-07,1
0.8289737,1
0.8289737,1
0.02397745,1
0.8289737,1
0.8289737,1
0.02397745,1
0.9460449,1
0.9460449,1
0.01099176,1
2.991738e-07,0
2.991738e-07,0
2.991738e-07,0
2.991738e-07,0
2.991738e-07,0
3.273898e-06,0
2.991738e-07,0
2.991738e-07,0
2.991738e-07,0
2.991738e-07,0
2.991738e-07,0
2.991738e-07,0
2.991738e-07,0
2.991738e-07,0
2.991738e-07,0
2.991738e-07,0
2.991738e-07,0
2.991738e-07,0
0.0001289398,0
0.9379529,0
