Score,Label
3.507414e-07,1
0.9213446,1
0.9213446,1
0.01354725,1
0.9213446,1
0.9213446,1
0.01354725,1
0.9847853,1
0.9847853,1
0.1394879,1
1.007007e-07,0
1.007007e-07,0
1.007007e-07,0
1.007007e-07,0
1.007007e-07,0
1.007007e-07,0
1.007007e-07,0
6.7975e-07,0
7.644253e-07,0
1.007007e-07,0
1.007007e-07,0
1.007007e-07,0
1.007007e-07,0
3.209228e-05,0
6.7975e-07,0
1.007007e-07,0
1.007007e-07,0
0.000351862,0
1.007007e-07,0
1.007007e-07,0
