Score,Label
1.772775e-06,1
1.772775e-06,1
1.772775e-06,1
1.772775e-06,1
7.206439e-06,1
1.772775e-06,1
1.772775e-06,1
1.772775e-06,1
1.772775e-06,1
1.772775e-06,1
1.772775e-06,1
1.772775e-06,1
1.772775e-06,1
1.123095e-09,1
1.058401e-10,0
1.058401e-10,0
1.058401e-10,0
0.002219441,0
0.01304631,0
1.058401e-10,0
1.058401e-10,0
1.058401e-10,0
0.001191574,0
0.6547139,0
0.001467481,0
0.001191574,0
1.058401e-10,0
0.0003409537,0
