Score,Label
7.151376e-07,1
0.9473495,1
0.9473495,1
0.002958718,1
0.9473495,1
0.9473495,1
0.002958718,1
0.9788193,1
0.9788193,1
0.9144512,1
2.558954e-05,0
7.631501e-06,0
7.631501e-06,0
7.631501e-06,0
7.631501e-06,0
7.631501e-06,0
7.631501e-06,0
7.631501e-06,0
7.631501e-06,0
7.631501e-06,0
7.631501e-06,0
7.631501e-06,0
0.003090582,0
2.558954e-05,0
7.631501e-06,0
7.631501e-06,0
7.631501e-06,0
7.631501e-06,0
7.631501e-06,0
7.631501e-06,0
