Score,Label
3.94312e-20,1
3.94312e-20,1
3.94312e-20,1
3.94312e-20,1
3.94312e-20,1
3.94312e-20,1
3.94312e-20,1
3.94312e-20,1
8.649145e-20,1
3.94312e-20,1
3.94312e-20,1
3.94312e-20,1
3.94312e-20,1
3.94312e-20,1
3.94312e-20,1
3.94312e-20,1
3.94312e-20,1
3.94312e-20,1
3.94312e-20,1
3.94312e-20,1
3.94312e-20,1
3.94312e-20,1
3.94312e-20,1
3.94312e-20,1
3.94312e-20,1
3.94312e-20,1
3.94312e-20,1
3.94312e-20,1
3.94312e-20,1
3.94312e-20,1
3.94312e-20,1
3.94312e-20,1
3.94312e-20,1
3.94312e-20,1
3.94312e-20,1
3.94312e-20,1
1.997789e-19,1
2.932022e-20,0
2.932022e-20,0
2.932022e-20,0
2.932022e-20,0
2.932022e-20,0
2.932022e-20,0
2.932022e-20,0
2.932022e-20,0
2.932022e-20,0
2.932022e-20,0
2.932022e-20,0
2.932022e-20,0
2.932022e-20,0
2.932022e-20,0
2.932022e-20,0
2.932022e-20,0
2.932022e-20,0
2.932022e-20,0
2.932022e-20,0
1.489663e-05,0
2.932022e-20,0
2.932022e-20,0
2.932022e-20,0
2.932022e-20,0
2.932022e-20,0
2.932022e-20,0
2.932022e-20,0
2.932022e-20,0
2.932022e-20,0
2.932022e-20,0
2.932022e-20,0
2.932022e-20,0
2.932022e-20,0
2.932022e-20,0
2.932022e-20,0
2.932022e-20,0
2.932022e-20,0
2.932022e-20,0
2.932022e-20,0
2.932022e-20,0
2.932022e-20,0
2.932022e-20,0
2.932022e-20,0
2.932022e-20,0
2.932022e-20,0
2.932022e-20,0
2.932022e-20,0
2.932022e-20,0
2.932022e-20,0
2.932022e-20,0
2.932022e-20,0
2.932022e-20,0
2.932022e-20,0
1.165898e-08,0
0.9311776,0
2.932022e-20,0
2.932022e-20,0
2.932022e-20,0
2.932022e-20,0
2.932022e-20,0
2.932022e-20,0
2.932022e-20,0
2.932022e-20,0
1.489663e-05,0
2.932022e-20,0
2.932022e-20,0
2.932022e-20,0
2.932022e-20,0
2.932022e-20,0
2.932022e-20,0
2.932022e-20,0
2.932022e-20,0
2.932022e-20,0
2.932022e-20,0
