Score,Label
3.894285e-06,1
3.894285e-06,1
3.894285e-06,1
3.894285e-06,1
0.0001554676,1
3.894285e-06,1
3.894285e-06,1
3.894285e-06,1
3.894285e-06,1
3.894285e-06,1
3.894285e-06,1
3.894285e-06,1
3.894285e-06,1
3.035262e-06,1
0.009966326,0
8.052527e-05,0
3.204507e-07,0
3.204507e-07,0
3.204507e-07,0
3.204507e-07,0
3.204507e-07,0
0.9059369,0
3.204507e-07,0
0.002437979,0
3.204507e-07,0
3.204507e-07,0
3.204507e-07,0
3.204507e-07,0
