Score,Label
1.065171e-11,1
1.065171e-11,1
1.065171e-11,1
1.065171e-11,1
1.065171e-11,1
1.065171e-11,1
1.065171e-11,1
1.065171e-11,1
3.919875e-12,1
1.065171e-11,1
1.065171e-11,1
1.065171e-11,1
1.065171e-11,1
1.065171e-11,1
1.065171e-11,1
1.065171e-11,1
1.065171e-11,1
1.065171e-11,1
1.065171e-11,1
1.065171e-11,1
1.065171e-11,1
1.065171e-11,1
1.065171e-11,1
1.065171e-11,1
1.065171e-11,1
1.065171e-11,1
1.065171e-11,1
1.065171e-11,1
1.065171e-11,1
1.065171e-11,1
1.065171e-11,1
1.065171e-11,1
1.065171e-11,1
1.065171e-11,1
1.065171e-11,1
1.065171e-11,1
1.125358e-12,1
3.748869e-13,0
3.748869e-13,0
3.748869e-13,0
3.748869e-13,0
0.94602,0
3.748869e-13,0
3.748869e-13,0
3.748869e-13,0
3.748869e-13,0
3.748869e-13,0
3.748869e-13,0
3.748869e-13,0
3.748869e-13,0
3.748869e-13,0
3.748869e-13,0
3.748869e-13,0
3.748869e-13,0
3.748869e-13,0
3.748869e-13,0
3.748869e-13,0
3.748869e-13,0
3.748869e-13,0
3.748869e-13,0
3.748869e-13,0
3.748869e-13,0
3.748869e-13,0
3.748869e-13,0
3.748869e-13,0
3.748869e-13,0
0.94602,0
3.748869e-13,0
0.94602,0
3.748869e-13,0
3.748869e-13,0
3.748869e-13,0
3.748869e-13,0
3.748869e-13,0
3.748869e-13,0
3.748869e-13,0
3.748869e-13,0
3.748869e-13,0
3.748869e-13,0
3.748869e-13,0
0.94602,0
3.748869e-13,0
3.748869e-13,0
3.748869e-13,0
3.748869e-13,0
0.94602,0
3.748869e-13,0
0.94602,0
3.748869e-13,0
3.748869e-13,0
3.748869e-13,0
3.748869e-13,0
3.748869e-13,0
3.748869e-13,0
3.748869e-13,0
3.748869e-13,0
3.748869e-13,0
3.748869e-13,0
3.748869e-13,0
3.748869e-13,0
3.748869e-13,0
3.748869e-13,0
0.94602,0
0.94602,0
3.748869e-13,0
3.748869e-13,0
3.748869e-13,0
3.748869e-13,0
3.748869e-13,0
3.748869e-13,0
3.748869e-13,0
