Score,Label
1.187604e-07,1
0.9974535,1
0.9974535,1
0.001517615,1
0.9974535,1
0.9974535,1
0.001517615,1
0.9989651,1
0.9989651,1
0.2226034,1
1.649531e-06,0
1.649531e-06,0
1.649531e-06,0
1.649531e-06,0
1.649531e-06,0
1.649531e-06,0
1.649531e-06,0
1.649531e-06,0
1.649531e-06,0
1.649531e-06,0
1.649531e-06,0
3.118793e-05,0
1.649531e-06,0
1.649531e-06,0
6.084542e-05,0
1.649531e-06,0
1.649531e-06,0
3.118793e-05,0
1.649531e-06,0
1.649531e-06,0
