Score,Label
9.514516e-08,1
9.514516e-08,1
9.514516e-08,1
9.514516e-08,1
0.0001121946,1
9.514516e-08,1
9.514516e-08,1
9.514516e-08,1
9.514516e-08,1
9.514516e-08,1
9.514516e-08,1
9.514516e-08,1
9.514516e-08,1
1.488644e-07,1
3.88682e-08,0
0.908794,0
3.88682e-08,0
3.88682e-08,0
3.88682e-08,0
1.025094e-05,0
3.88682e-08,0
3.88682e-08,0
0.0007363674,0
3.88682e-08,0
3.88682e-08,0
3.88682e-08,0
3.88682e-08,0
3.88682e-08,0
