Score,Label
8.193896e-08,1
8.193896e-08,1
8.193896e-08,1
8.193896e-08,1
8.193896e-08,1
8.193896e-08,1
8.193896e-08,1
1.857498e-26,0
1.857498e-26,0
1.857498e-26,0
1.857498e-26,0
1.857498e-26,0
1.857498e-26,0
8.731881e-15,0
1.857498e-26,0
1.857498e-26,0
1.857498e-26,0
1.857498e-26,0
1.857498e-26,0
1.857498e-26,0
1.857498e-26,0
