Score,Label
1.257151e-06,1
1.257151e-06,1
1.257151e-06,1
1.257151e-06,1
1.257151e-06,1
1.257151e-06,1
1.257151e-06,1
0.0001291599,0
0.9371354,0
2.417868e-20,0
2.417868e-20,0
2.417868e-20,0
2.417868e-20,0
2.417868e-20,0
0.0001777933,0
2.417868e-20,0
2.417868e-20,0
2.417868e-20,0
2.998898e-09,0
2.417868e-20,0
2.417868e-20,0
