Score,Label
5.07529e-07,1
5.07529e-07,1
5.07529e-07,1
5.07529e-07,1
5.07529e-07,1
5.07529e-07,1
5.07529e-07,1
8.537787e-09,0
5.485004e-17,0
5.271082e-06,0
5.485004e-17,0
5.485004e-17,0
0.9173281,0
2.241781e-06,0
5.485004e-17,0
5.485004e-17,0
5.485004e-17,0
5.485004e-17,0
5.485004e-17,0
5.485004e-17,0
5.485004e-17,0
