Score,Label
3.90151e-20,1
3.90151e-20,1
3.90151e-20,1
3.90151e-20,1
3.90151e-20,1
3.90151e-20,1
3.90151e-20,1
3.90151e-20,1
7.652315e-21,1
3.90151e-20,1
3.90151e-20,1
3.90151e-20,1
3.90151e-20,1
3.90151e-20,1
3.90151e-20,1
3.90151e-20,1
3.90151e-20,1
3.90151e-20,1
3.90151e-20,1
3.90151e-20,1
3.90151e-20,1
3.90151e-20,1
3.90151e-20,1
3.90151e-20,1
3.90151e-20,1
3.90151e-20,1
3.90151e-20,1
3.90151e-20,1
3.90151e-20,1
3.90151e-20,1
3.90151e-20,1
3.90151e-20,1
3.90151e-20,1
3.90151e-20,1
3.90151e-20,1
3.90151e-20,1
1.350422e-19,1
3.576364e-20,0
3.576364e-20,0
3.576364e-20,0
3.576364e-20,0
3.576364e-20,0
3.576364e-20,0
4.692825e-06,0
2.21559e-08,0
3.576364e-20,0
3.576364e-20,0
3.576364e-20,0
3.576364e-20,0
3.576364e-20,0
3.576364e-20,0
3.576364e-20,0
3.576364e-20,0
3.576364e-20,0
3.576364e-20,0
3.576364e-20,0
3.576364e-20,0
3.576364e-20,0
3.576364e-20,0
0.9453011,0
3.576364e-20,0
3.576364e-20,0
3.576364e-20,0
3.576364e-20,0
3.576364e-20,0
3.576364e-20,0
3.576364e-20,0
3.576364e-20,0
3.576364e-20,0
3.576364e-20,0
3.576364e-20,0
3.576364e-20,0
3.576364e-20,0
3.576364e-20,0
3.576364e-20,0
0.9453011,0
3.576364e-20,0
3.576364e-20,0
3.576364e-20,0
3.576364e-20,0
2.21559e-08,0
3.576364e-20,0
3.576364e-20,0
3.576364e-20,0
3.576364e-20,0
3.576364e-20,0
3.576364e-20,0
3.576364e-20,0
2.21559e-08,0
3.576364e-20,0
3.576364e-20,0
3.576364e-20,0
3.576364e-20,0
3.576364e-20,0
3.576364e-20,0
3.576364e-20,0
3.576364e-20,0
3.576364e-20,0
3.576364e-20,0
3.576364e-20,0
3.576364e-20,0
3.576364e-20,0
3.576364e-20,0
3.576364e-20,0
3.576364e-20,0
3.576364e-20,0
0.9453011,0
3.576364e-20,0
3.576364e-20,0
3.576364e-20,0
0.9453011,0
