Score,Label
5.984327e-20,1
5.984327e-20,1
5.984327e-20,1
5.984327e-20,1
5.984327e-20,1
5.984327e-20,1
5.984327e-20,1
5.984327e-20,1
6.046029e-20,1
5.984327e-20,1
5.984327e-20,1
5.984327e-20,1
5.984327e-20,1
5.984327e-20,1
5.984327e-20,1
5.984327e-20,1
5.984327e-20,1
5.984327e-20,1
5.984327e-20,1
5.984327e-20,1
5.984327e-20,1
5.984327e-20,1
5.984327e-20,1
5.984327e-20,1
5.984327e-20,1
5.984327e-20,1
5.984327e-20,1
5.984327e-20,1
5.984327e-20,1
5.984327e-20,1
5.984327e-20,1
5.984327e-20,1
5.984327e-20,1
5.984327e-20,1
5.984327e-20,1
5.984327e-20,1
7.996616e-21,1
0.9345732,0
6.42012e-21,0
6.42012e-21,0
6.42012e-21,0
6.42012e-21,0
6.42012e-21,0
6.42012e-21,0
6.42012e-21,0
6.42012e-21,0
6.42012e-21,0
6.42012e-21,0
6.42012e-21,0
6.42012e-21,0
6.42012e-21,0
6.42012e-21,0
6.42012e-21,0
6.42012e-21,0
6.42012e-21,0
6.42012e-21,0
6.42012e-21,0
6.42012e-21,0
6.42012e-21,0
6.42012e-21,0
6.42012e-21,0
6.42012e-21,0
6.42012e-21,0
1.769853e-07,0
6.42012e-21,0
6.42012e-21,0
6.42012e-21,0
6.42012e-21,0
1.769853e-07,0
6.42012e-21,0
6.42012e-21,0
6.42012e-21,0
6.527962e-05,0
6.42012e-21,0
6.42012e-21,0
6.42012e-21,0
6.42012e-21,0
6.42012e-21,0
6.42012e-21,0
6.42012e-21,0
6.42012e-21,0
6.42012e-21,0
6.42012e-21,0
6.42012e-21,0
6.42012e-21,0
6.42012e-21,0
6.42012e-21,0
6.42012e-21,0
6.42012e-21,0
6.42012e-21,0
6.42012e-21,0
6.42012e-21,0
1.769853e-07,0
6.42012e-21,0
6.42012e-21,0
6.42012e-21,0
6.42012e-21,0
6.42012e-21,0
6.42012e-21,0
6.42012e-21,0
6.42012e-21,0
6.42012e-21,0
6.42012e-21,0
6.42012e-21,0
6.42012e-21,0
6.42012e-21,0
1.769853e-07,0
0.9345732,0
6.42012e-21,0
6.42012e-21,0
6.42012e-21,0
