Score,Label
5.984056e-19,1
5.984056e-19,1
5.984056e-19,1
5.984056e-19,1
5.984056e-19,1
5.984056e-19,1
5.984056e-19,1
5.984056e-19,1
4.053715e-18,1
5.984056e-19,1
5.984056e-19,1
5.984056e-19,1
5.984056e-19,1
5.984056e-19,1
5.984056e-19,1
5.984056e-19,1
5.984056e-19,1
5.984056e-19,1
5.984056e-19,1
5.984056e-19,1
5.984056e-19,1
5.984056e-19,1
5.984056e-19,1
5.984056e-19,1
5.984056e-19,1
5.984056e-19,1
5.984056e-19,1
5.984056e-19,1
5.984056e-19,1
5.984056e-19,1
5.984056e-19,1
5.984056e-19,1
5.984056e-19,1
5.984056e-19,1
5.984056e-19,1
5.984056e-19,1
4.721175e-18,1
1.221574e-18,0
1.221574e-18,0
1.221574e-18,0
1.221574e-18,0
0.9319315,0
1.221574e-18,0
1.221574e-18,0
7.085439e-08,0
1.221574e-18,0
1.221574e-18,0
1.221574e-18,0
1.221574e-18,0
1.221574e-18,0
1.221574e-18,0
1.221574e-18,0
1.221574e-18,0
1.221574e-18,0
1.221574e-18,0
1.221574e-18,0
1.221574e-18,0
1.221574e-18,0
1.221574e-18,0
1.221574e-18,0
1.221574e-18,0
1.221574e-18,0
1.221574e-18,0
1.221574e-18,0
1.221574e-18,0
1.221574e-18,0
1.221574e-18,0
7.085439e-08,0
1.221574e-18,0
1.221574e-18,0
1.221574e-18,0
1.221574e-18,0
1.221574e-18,0
1.221574e-18,0
1.221574e-18,0
1.221574e-18,0
1.221574e-18,0
1.221574e-18,0
1.221574e-18,0
1.221574e-18,0
1.221574e-18,0
1.221574e-18,0
1.221574e-18,0
1.221574e-18,0
1.221574e-18,0
1.221574e-18,0
1.221574e-18,0
1.221574e-18,0
1.221574e-18,0
1.221574e-18,0
1.221574e-18,0
1.221574e-18,0
1.221574e-18,0
1.221574e-18,0
1.221574e-18,0
1.221574e-18,0
1.221574e-18,0
1.221574e-18,0
1.221574e-18,0
1.221574e-18,0
1.221574e-18,0
1.221574e-18,0
1.221574e-18,0
1.221574e-18,0
1.221574e-18,0
1.221574e-18,0
2.215993e-06,0
1.221574e-18,0
1.221574e-18,0
1.221574e-18,0
1.221574e-18,0
