Score,Label
2.210255e-07,1
2.210255e-07,1
2.210255e-07,1
2.210255e-07,1
2.01498e-05,1
2.210255e-07,1
2.210255e-07,1
2.210255e-07,1
2.210255e-07,1
2.210255e-07,1
2.210255e-07,1
2.210255e-07,1
2.210255e-07,1
2.121519e-07,1
6.59456e-09,0
6.59456e-09,0
6.59456e-09,0
6.59456e-09,0
0.001868514,0
1.779043e-06,0
6.59456e-09,0
6.59456e-09,0
6.59456e-09,0
6.59456e-09,0
6.59456e-09,0
6.59456e-09,0
6.59456e-09,0
6.59456e-09,0
