Score,Label
0.02878756,1
0.9988257,1
0.9989086,1
0.9989086,1
0.8215731,1
0.9989086,1
0.9943059,1
0.8215731,1
0.9989086,1
0.8215731,1
0.8215731,1
0.118673,1
0.9999912,1
0.9938632,1
0.9938632,1
0.9999912,1
0.9938632,1
0.9999998,1
0.3642216,1
0.3642216,1
0.7411817,1
0.5341829,1
0.9999998,1
0.7411817,1
1,1
0.3642216,1
1,1
1,1
1,1
1,1
0.7411817,1
0.8505315,1
0.0001070725,1
0.007764613,1
0.5945864,1
0.5945864,1
0.9926403,1
0.9967955,1
0.9989086,1
0.9989086,1
0.9989086,1
0.9989086,1
0.8215731,1
0.9989086,1
0.8505315,1
0.8505315,1
0.8505315,0
0.02795062,0
1.392675e-07,0
0.0001554847,0
2.750875e-06,0
7.594943e-08,0
3.954654e-07,0
0.8505315,0
4.417637e-07,0
0.005819129,0
4.299775e-07,0
0.8505315,0
0.02795062,0
1.938828e-07,0
0.292969,0
8.819063e-06,0
0.0006703927,0
0.9778567,0
7.729592e-06,0
0.3763011,0
0.0148737,0
4.000354e-07,0
0.001642883,0
0.8215731,0
0.8505315,0
0.8505315,0
0.01850103,0
0.002951804,0
0.01310651,0
0.001568782,0
0.0005730516,0
0.3763011,0
0.0001554847,0
0.02795062,0
0.07485671,0
0.02795062,0
0.005819129,0
0.3763011,0
1.253505e-05,0
0.3763011,0
0.02795062,0
0.0148737,0
0.1335888,0
0.8505315,0
4.253016e-06,0
0.8505315,0
