Score,Label
7.834356e-05,1
0.0001974223,1
0.03851541,1
0.7040535,1
0.9999998,1
0.9999998,1
0.9999998,1
0.9999998,1
0.8752689,1
0.9874905,1
0.8752689,1
0.9999821,1
0.9999692,1
0.9999998,1
0.9999692,1
0.8308519,1
1,1
0.8131753,1
1,1
1,1
1,1
1,1
0.8131753,1
0.8131753,1
0.5837888,1
0.9950708,1
1,1
1,1
0.8131753,1
1,1
0.452715,1
1,1
0.9125229,1
1,1
1,1
1,1
0.9125229,1
0.9125229,1
0.452715,1
0.9974895,1
0.9125229,1
1,1
0.9125229,1
0.9125229,1
0.9125229,1
1,1
1,1
0.452715,1
1,1
1,1
1,1
0.9125229,1
0.4653216,1
0.9125229,1
0.9974895,1
0.9125229,1
1,1
0.9125229,1
0.9125229,1
1,1
0.009121754,1
0.009121754,1
0.009121754,1
0.009121754,1
0.009121754,1
0.238951,1
0.0001641914,1
0.9456747,1
0.9999985,1
0.9999985,1
0.9999988,1
0.229277,1
0.9999988,1
0.02539985,1
0.9982322,1
0.9999988,1
0.9999914,1
0.9999914,1
0.9999914,1
0.05166032,1
0.9999914,1
0.05166032,1
0.05166032,1
0.9999914,1
0.8308519,1
0.8308519,1
0.8308519,1
0.8308519,1
0.5840282,1
0.8308519,1
0.8308519,1
6.820404e-06,0
0.0004653672,0
0.0001281857,0
0.8308519,0
8.616299e-08,0
5.793621e-08,0
0.0004643897,0
0.8308519,0
0.9999985,0
0.8308519,0
0.007252838,0
0.9999995,0
4.48137e-05,0
0.0007194919,0
0.0003565703,0
0.9676465,0
0.0004488591,0
9.471086e-07,0
2.716563e-05,0
0.8308519,0
0.002406637,0
0.8308519,0
5.302376e-06,0
0.8308519,0
0.001677533,0
0.4835078,0
0.8308519,0
2.688884e-05,0
0.8752689,0
0.002406637,0
0.05166032,0
0.8308519,0
0.8308519,0
0.0007384324,0
0.8308519,0
1.307514e-05,0
0.0002472147,0
9.902393e-07,0
0.0001839062,0
4.195265e-06,0
2.785908e-08,0
9.471086e-07,0
0.0002740883,0
0.0001839062,0
0.0683891,0
0.8308519,0
0.4032337,0
5.452381e-08,0
0.2225154,0
0.9676462,0
0.8308519,0
5.402149e-05,0
0.01904337,0
0.0001437576,0
3.729193e-05,0
0.0001839062,0
1.206008e-07,0
2.785908e-08,0
0.8308519,0
0.0683891,0
0.0683891,0
1.200479e-07,0
0.010619,0
0.8865361,0
0.8308519,0
1.383869e-05,0
2.692222e-05,0
0.8308519,0
4.559657e-09,0
2.650042e-05,0
0.5780811,0
0.002167887,0
0.0004488591,0
0.8308519,0
1.352301e-07,0
0.8308519,0
0.0007384324,0
1.651467e-05,0
0.6147873,0
2.785908e-08,0
0.8865361,0
0.9982322,0
0.0683891,0
0.002406637,0
4.864036e-05,0
0.00137689,0
0.02155251,0
0.002406637,0
0.00137689,0
0.0001491755,0
0.3104611,0
