Score,Label
0.1053482,1
0.1053482,1
0.1053482,1
0.1053482,1
0.859257,1
0.859257,1
0.9999955,1
0.9999719,1
0.07669272,1
0.003078722,1
0.0007072139,1
0.03390507,1
0.9729773,1
0.9999955,1
0.859257,1
0.859257,1
0.859257,1
3.976687e-05,1
0.4796834,1
0.9992049,1
0.09574801,1
0.9999996,1
0.4796834,1
0.9993367,1
0.9999996,1
1,1
0.9993367,1
0.9993367,1
1,1
0.9993367,1
0.9993367,1
0.9999996,1
0.9802058,1
0.9996105,1
0.9932544,1
0.9999769,1
0.112566,1
0.9999769,1
1,1
0.9993369,1
0.9278471,1
0.9932544,1
1,1
0.9993369,1
0.9993369,1
0.004304848,1
1,1
3.976687e-05,1
0.9999765,1
0.9999765,1
0.9999765,1
1,1
1,1
0.9999999,1
1,1
1,1
0.001054426,1
0.9999889,1
0.9999999,1
0.97505,1
0.999999,1
0.97505,1
0.999999,1
2.964426e-05,1
0.6691041,1
0.6691041,1
1,1
2.869318e-05,1
2.964426e-05,1
1,1
0.0005052324,1
0.6930679,0
0.0001564395,0
5.219032e-05,0
0.9932544,0
4.146357e-06,0
0.5398406,0
4.378179e-07,0
0.6930679,0
0.3946069,0
1.465301e-05,0
7.261597e-07,0
5.33068e-08,0
0.04769732,0
4.843471e-05,0
0.0001307073,0
0.5463638,0
2.238784e-07,0
0.6930679,0
0.1209769,0
0.1209769,0
0.6930679,0
0.002707304,0
0.0006224345,0
0.9479071,0
0.0002741176,0
0.9877644,0
2.186352e-07,0
8.69274e-05,0
0.0001564395,0
5.288536e-05,0
0.0002053183,0
0.05787352,0
0.00360582,0
0.02692304,0
0.6930679,0
0.6930679,0
8.69274e-05,0
0.001703255,0
8.015221e-08,0
3.596934e-06,0
0.0006224345,0
8.69274e-05,0
0.0001106422,0
2.186352e-07,0
0.0002741176,0
3.596934e-06,0
0.6930679,0
6.977556e-09,0
0.004304848,0
5.57527e-05,0
0.9563109,0
8.69274e-05,0
3.626446e-05,0
0.6930679,0
5.787954e-05,0
0.007275261,0
0.3186384,0
0.002034517,0
9.183552e-06,0
0.001747009,0
0.04769732,0
0.0005186635,0
0.1209769,0
0.007003434,0
0.0004057238,0
0.9424453,0
0.8444523,0
0.6930679,0
8.620099e-05,0
0.1209769,0
0.9989753,0
