Score,Label
0.9999986,1
0.9999986,1
0.9999999,1
1,1
0.9991862,1
0.9999992,1
0.0006333563,1
0.9999998,1
0.9999946,1
0.791196,1
0.9991862,1
0.9991862,1
1,1
0.9505298,1
0.2958577,1
0.00290511,1
0.9999987,1
0.9999987,1
0.9998972,1
0.9972253,1
0.259985,1
0.9998972,1
0.9999987,1
0.6466787,1
0.01999032,1
0.6466787,1
0.9999946,1
0.9999946,1
1,1
0.6466787,1
0.6466787,1
0.01999032,1
1,1
0.9999946,1
0.9991096,1
0.9997981,1
1,1
0.9999982,1
0.9991096,1
0.001696428,1
0.9999982,1
0.2958577,1
0.9999998,1
0.9999998,1
0.9999998,1
1,1
1,1
1,1
1,1
1,1
1,1
0.9999999,1
0.9999999,1
1,1
0.9999999,1
1,1
0.002682294,1
0.6397551,0
4.563367e-06,0
2.575656e-06,0
0.003819535,0
0.0005214615,0
0.000100657,0
0.002147528,0
0.6397551,0
0.0001517059,0
7.817274e-06,0
0.9893406,0
0.001418295,0
0.004322204,0
0.6397551,0
0.6397551,0
1.253247e-06,0
0.001462388,0
7.986302e-05,0
0.0003290335,0
0.001047048,0
0.6397551,0
1.629029e-05,0
0.06729404,0
0.09664124,0
2.904796e-05,0
0.0002335815,0
0.9973997,0
2.904796e-05,0
2.347989e-05,0
1.312679e-07,0
0.0003058611,0
0.6397551,0
8.787547e-06,0
0.0001740539,0
2.904796e-05,0
1.253247e-06,0
1.629029e-05,0
2.54764e-06,0
0.0004312443,0
0.004464271,0
3.463957e-05,0
1.42904e-05,0
0.9988263,0
3.231321e-06,0
1.905542e-06,0
0.003819535,0
0.6795641,0
0.02976458,0
2.904796e-05,0
0.001299694,0
0.0003894726,0
1,0
0.001809157,0
8.3944e-07,0
2.904796e-05,0
0.003380067,0
3.231321e-06,0
