Score,Label
1,1
1,1
1,1
1,1
0.9999777,1
0.7989201,1
0.005722954,1
0.01440584,1
0.5151439,1
1,1
1,1
0.9887664,1
0.9887664,1
0.9887664,1
0.9460092,1
0.9967862,1
0.9967862,1
0.531512,1
0.531512,1
0.4462196,1
0.531512,1
0.9967862,1
0.8512127,1
0.4296613,1
0.4296613,1
0.9234163,1
0.5010455,1
0.9999987,1
0.9999996,1
0.9999996,1
0.9999987,1
0.9999987,1
1,1
1,1
3.72079e-07,1
0.9999999,1
6.456683e-05,1
0.6693901,1
0.9999491,1
0.9885802,1
0.9999491,1
0.6693901,1
0.9999993,1
0.4050542,0
0.1050536,0
6.02707e-05,0
0.6360016,0
0.1050536,0
0.005168023,0
0.9234163,0
2.961671e-05,0
1.238018e-06,0
0.0001047662,0
0.6360016,0
0.0001367401,0
0.6360016,0
0.3320733,0
0.005454578,0
1.349507e-05,0
0.1050536,0
1,0
0.00138665,0
0.000738879,0
0.00248514,0
0.0003268309,0
9.91202e-07,0
0.0001672655,0
1.349507e-05,0
0.0003965985,0
0.006708193,0
0.0002278827,0
0.00195464,0
0.0004344752,0
0.01780798,0
0.7241745,0
3.582132e-06,0
0.00095483,0
0.9972984,0
6.407111e-06,0
0.0006858586,0
0.0009969723,0
0.003309128,0
0.001340289,0
3.476686e-06,0
0.6360016,0
0.03037355,0
