Score,Label
0.9999856,1
0.9999955,1
0.9999955,1
0.9999955,1
1.289829e-06,1
2.214707e-05,1
0.0004649522,1
0.003543674,1
1,1
0.9999998,1
0.9999999,1
0.0002420375,1
0.2451161,1
0.2451161,1
0.6785133,1
0.001533583,1
1,1
1,1
0.9998711,1
1,1
0.001533583,1
0.9999964,1
1,1
1,1
1.333702e-07,1
0.9996253,1
0.0003317185,1
4.523641e-07,1
0.9999292,1
1,1
0.9999472,1
0.7711294,1
0.7711294,1
0.9999906,1
0.0326502,1
1,1
0.7711294,1
1,1
1.260683e-06,1
0.9999992,1
0.06863706,1
0.06863706,1
0.9999992,1
0.9429963,1
0.9429963,1
0.06863706,1
0.7457921,1
0.9999992,1
0.9696795,1
1,1
1,1
0.0003381414,1
0.4170007,1
0.4170007,1
1,1
0.9999999,1
0.9997009,1
0.9998496,1
0.9997009,1
0.001005078,1
0.003950099,1
1,1
1,1
0.000517394,1
0.9084452,1
1,1
0.9977943,1
0.9084452,1
1,1
1,1
0.9999989,1
0.9914503,1
0.9914503,1
0.0001769284,1
0.6033673,1
0.9999946,1
0.0001422654,0
0.004345968,0
6.633405e-05,0
0.9987434,0
0.01430839,0
1.364675e-05,0
0.2314654,0
0.0002420375,0
0.00016884,0
0.0007375147,0
0.9998769,0
6.633405e-05,0
2.664789e-05,0
7.054307e-05,0
5.346858e-05,0
6.633405e-05,0
0.0001986566,0
0.0001446516,0
0.0003758845,0
0.6736989,0
0.9999989,0
0.6736989,0
1,0
0.9808491,0
0.03925204,0
1.247627e-05,0
6.633405e-05,0
3.15802e-07,0
6.633405e-05,0
1.427707e-05,0
1.399385e-07,0
3.321247e-07,0
0.6736989,0
0.0001422654,0
0.9999727,0
0.1394713,0
0.0001267174,0
3.803104e-05,0
0.6664889,0
8.511251e-05,0
0.0001986566,0
0.340342,0
0.09980425,0
0.1082731,0
2.664789e-05,0
1.427707e-05,0
0.0005209484,0
6.633405e-05,0
0.8664185,0
5.898571e-05,0
1.245205e-05,0
0.000142218,0
8.254925e-05,0
0.0001422654,0
3.881511e-06,0
6.633405e-05,0
0.0005209484,0
0.0005209484,0
5.898571e-05,0
0.1230723,0
0.0003656106,0
3.803104e-05,0
0.0005209484,0
4.173025e-07,0
3.803104e-05,0
2.222638e-07,0
6.633405e-05,0
0.6736989,0
0.00016884,0
0.6736989,0
6.633405e-05,0
0.1082731,0
2.049279e-06,0
0.005866545,0
0.6736989,0
0.0005209484,0
