Score,Label
0.006966642,1
0.006966642,1
0.006966642,1
0.8463537,1
1.606386e-05,1
0.0003829494,1
0.8344507,1
1,1
1,1
1,1
1,1
0.9999592,1
4.573655e-05,1
1,1
1,1
0.02774785,1
0.01919259,1
1,1
1,1
1,1
0.03832828,1
0.02797621,1
0.9886208,1
0.9886208,1
0.9671503,1
0.1027856,1
0.5157513,1
0.9999996,1
0.9840294,1
0.9999996,1
0.9999999,1
0.9963539,1
0.4046535,1
0.9954074,1
0.8230193,1
0.001618825,1
1,1
0.9999995,1
0.9999608,1
1,1
0.9999543,1
0.001618825,1
0.001618825,1
0.9998517,1
0.9999543,1
1,1
1,1
0.001618825,1
1,1
0.9999909,1
0.9969575,1
1,1
0.9991989,1
1,1
0.9999909,1
0.9991989,1
0.9991989,1
1,1
1,1
1,1
0.9982873,1
0.8123572,1
0.999739,1
0.9999998,1
5.204656e-06,1
0.3943409,1
1,1
1,1
0.03832828,1
1,1
1,1
1,1
0.9620856,1
1,1
0.7356719,1
0.999988,1
0.999988,1
0.999988,1
0.9990588,1
0.999988,1
0.0004196687,1
0.03018117,1
1,1
1,1
1,1
0.9999999,1
0.9796037,1
0.999994,1
0.999994,1
0.999994,1
0.999994,1
0.9954751,1
0.999994,1
0.999994,1
0.9995097,1
0.9998261,0
0.0003153578,0
0.5377048,0
0.05549128,0
1.987347e-06,0
0.007811526,0
0.9911981,0
0.9909021,0
0.002500041,0
0.01293245,0
0.0001377148,0
0.7356719,0
4.357254e-06,0
0.0002739543,0
6.378202e-06,0
0.1316286,0
4.277242e-06,0
4.357254e-06,0
7.277061e-05,0
0.7356719,0
0.01788984,0
0.002500041,0
0.0005475257,0
0.01740352,0
1,0
0.7356719,0
0.2872943,0
4.06938e-05,0
0.002138992,0
0.002500041,0
0.03356576,0
0.0003061704,0
0.0002739543,0
4.357254e-06,0
3.510177e-05,0
0.0005266076,0
0.01917524,0
4.357254e-06,0
0.0001950267,0
5.176762e-06,0
0.9999909,0
0.7356719,0
3.905922e-05,0
0.0004036612,0
2.675162e-05,0
4.650345e-06,0
4.357254e-06,0
0.001656655,0
0.2872943,0
0.0002739543,0
0.9999881,0
1.143208e-07,0
0.0001294851,0
0.02060242,0
0.0002410415,0
4.357254e-06,0
4.357254e-06,0
0.0002739543,0
4.650345e-06,0
0.0002333006,0
0.0001967685,0
6.629396e-06,0
4.357254e-06,0
0.1316286,0
0.9549918,0
0.0002739543,0
0.7356719,0
0.3379438,0
4.357254e-06,0
0.1606551,0
0.01740352,0
0.001904977,0
2.588552e-05,0
0.999981,0
0.1606551,0
4.357254e-06,0
0.00011983,0
0.2695441,0
0.002500041,0
0.5351124,0
0.9514547,0
0.08704162,0
0.2872943,0
6.380356e-06,0
0.001568193,0
4.357254e-06,0
1.495581e-09,0
8.048031e-06,0
0.7356719,0
0.0003061704,0
8.098748e-05,0
0.7356719,0
0.0001478184,0
0.0002045373,0
0.1884495,0
