Score,Label
0.5942745,1
0.005890907,1
1,1
0.9999315,1
0.4689687,1
0.5498981,1
5.041813e-05,1
0.9146224,1
1,1
0.6179808,1
0.9999996,1
1,1
0.9999996,1
0.9999996,1
0.9999979,1
0.9999979,1
0.9999995,1
1,1
0.9999974,1
0.9999979,1
0.9999974,1
0.9999979,1
0.6059969,1
0.6059969,1
1.446398e-06,1
0.9999254,1
0.982155,1
1,1
1,1
1,1
1,1
0.9988855,1
0.9988855,1
0.9999999,1
0.9999999,1
1,1
1,1
1,1
3.155617e-07,0
1.840922e-06,0
0.9421245,0
0.2191022,0
0.9999996,0
1.393373e-05,0
1.245893e-07,0
9.50606e-07,0
1.114516e-09,0
2.371417e-06,0
0.2472602,0
0.5942745,0
0.5942745,0
0.1259333,0
1.245893e-07,0
0.6445677,0
1.393373e-05,0
1.245893e-07,0
0.959066,0
0.5942745,0
0.004902732,0
0.02451797,0
0.02183481,0
1.827267e-07,0
1.994583e-12,0
0.617959,0
0.9999998,0
0.0133473,0
1.134104e-06,0
1.393373e-05,0
1.827267e-07,0
0.0001382925,0
3.486071e-08,0
0.0006049229,0
0.6059969,0
1.245893e-07,0
1.289936e-08,0
0.08102562,0
