Score,Label
1.110996e-05,1
3.57954e-06,1
1.110996e-05,1
2.175064e-05,1
1.110996e-05,1
3.57954e-06,1
1.564455e-05,1
2.175064e-05,1
1.564028e-05,1
4.307291e-05,1
1.110996e-05,1
1.564455e-05,1
1.564028e-05,1
0.07083479,1
0.9999161,1
0.9999161,1
0.9999161,1
0.9999161,1
0.9999161,1
0.9999161,1
0.9999161,1
0.9999161,1
0.9989486,1
0.9989486,1
0.9989486,1
0.9989486,1
0.9989486,1
0.9989486,1
0.9989486,1
0.9989486,1
0.9989486,1
0.9989486,1
0.9039639,1
0.1251659,1
0.1251659,1
0.9999987,1
0.9999987,1
0.9760702,1
0.9999987,1
0.9999987,1
0.9999987,1
0.9999987,1
0.9943703,1
0.9943703,1
0.1251659,1
0.9999987,1
0.1251659,1
0.9999987,1
0.9999987,1
0.9943703,1
0.9988079,1
0.007427019,1
0.9039639,1
0.007427019,1
0.9999161,1
0.9999161,1
0.9999161,1
0.9999161,1
0.9999161,1
0.9999161,1
0.9999161,1
0.9960653,1
0.9999161,1
0.9999955,1
0.99997,1
0.9994,1
0.03247117,1
0.03247117,1
0.1162458,1
0.9994,1
0.993118,1
0.03247117,1
0.9999999,1
0.99997,1
0.03247117,1
0.99997,1
0.03247117,1
0.03820659,1
1.703196e-05,0
0.006887589,0
0.002061987,0
4.770168e-08,0
0.004050393,0
4.491599e-06,0
0.08089238,0
1.78543e-06,0
0.00171017,0
3.57954e-06,0
0.00171017,0
1.574693e-05,0
1.645281e-06,0
0.8359062,0
0.9039639,0
2.667033e-06,0
0.002061987,0
1.662285e-05,0
7.83015e-05,0
0.002506486,0
4.770168e-08,0
0.129824,0
0.9771174,0
3.57954e-06,0
0.0001769809,0
0.0005858933,0
1.358498e-07,0
0.01750218,0
4.770168e-08,0
0.9039639,0
1.351196e-05,0
4.770168e-08,0
4.491599e-06,0
0.9039639,0
7.523942e-06,0
7.91062e-07,0
5.223479e-07,0
0.3630067,0
0.0004033248,0
4.770168e-08,0
2.175064e-05,0
0.0006260542,0
7.252441e-08,0
0.6963581,0
0.9039639,0
0.006700298,0
4.770168e-08,0
4.770168e-08,0
1.763231e-06,0
0.0001829148,0
6.482767e-09,0
0.003345547,0
4.733904e-06,0
3.259188e-08,0
1.78543e-06,0
7.589623e-06,0
0.02460722,0
0.9943703,0
0.05209859,0
4.770168e-08,0
1.78543e-06,0
0.7116913,0
0.0002053545,0
0.002061987,0
0.001941239,0
0.0001605867,0
1.054587e-05,0
4.47129e-06,0
0.002506486,0
0.0003711911,0
1.78543e-06,0
0.01216898,0
0.0002300606,0
0.0002426485,0
3.066845e-07,0
0.2522047,0
0.9858602,0
0.0003711911,0
