Score,Label
0.002868708,1
0.8541743,1
0.3683472,1
0.003870871,1
0.3683472,1
0.3683472,1
0.3683472,1
0.3683472,1
0.3683472,1
0.3683472,1
0.3683472,1
0.3683472,1
0.3683472,1
2.285453e-05,1
0.04084215,1
0.0001254224,1
0.0004993077,1
0.001745544,1
0.0004993077,1
0.0004993077,1
0.0004993077,1
0.0004993077,1
0.0004993077,1
0.0004993077,1
0.0004993077,1
0.0004993077,1
0.0004993077,1
0.9929414,1
0.9971613,1
0.9971613,1
0.9971613,1
0.9971613,1
0.9971613,1
0.9971613,1
0.9971613,1
0.9971613,1
0.9971613,1
0.9971613,1
0.9971613,1
0.8387908,1
0.9074776,1
0.9074776,1
0.9987614,1
0.9987614,1
0.9074776,1
0.9987614,1
0.9987614,1
0.9987614,1
0.9987614,1
0.9987614,1
0.9520289,1
0.9987614,1
0.9977685,1
0.9074776,1
0.9987614,1
0.1044517,1
0.9987614,1
0.9987614,1
0.9977685,1
0.9987614,1
0.9074776,1
0.7364858,1
0.8387908,1
0.0006399217,1
0.01721543,1
0.00176051,1
0.0007182935,1
0.00176051,1
0.00176051,1
0.00176051,1
0.00176051,1
0.00176051,1
0.00176051,1
0.8497654,1
0.00176051,1
0.00176051,1
0.00176051,1
0.9994777,1
0.9994068,1
0.9994777,1
0.9994777,1
0.9994777,1
0.9994777,1
0.9994777,1
0.5337123,1
0.9994777,1
0.9994777,1
0.9999493,1
0.9994777,1
0.9994777,1
0.9994777,1
0.9998198,1
0.05525035,1
1.30388e-05,0
0.001802852,0
1.803006e-05,0
3.685404e-05,0
0.8387908,0
0.0001808426,0
0.001802852,0
0.001802852,0
0.001802852,0
0.001802852,0
1.803006e-05,0
0.8387908,0
0.7989667,0
0.0001808426,0
0.8387908,0
0.8387908,0
0.001802852,0
2.758741e-07,0
0.001478419,0
0.004683969,0
0.004023682,0
0.02088854,0
0.8387908,0
0.02024247,0
1.734703e-06,0
0.7168213,0
0.2179448,0
2.735524e-07,0
0.001802852,0
0.8387908,0
0.0001808426,0
1.052397e-05,0
0.001802852,0
0.00638097,0
3.420951e-06,0
3.637328e-05,0
0.001802852,0
0.0001808426,0
0.1274272,0
0.7168213,0
0.006974266,0
0.8387908,0
0.8387908,0
0.8667271,0
0.0001808426,0
0.8387908,0
0.001802852,0
0.7168213,0
4.938831e-07,0
0.0001808426,0
0.05495796,0
3.637328e-05,0
0.8387908,0
5.524896e-07,0
5.312446e-07,0
0.05495796,0
3.637328e-05,0
0.00638097,0
0.01292338,0
1.461799e-06,0
0.0001808426,0
0.001802852,0
0.02024247,0
4.281382e-07,0
0.001015818,0
0.5337123,0
2.359603e-05,0
1.803006e-05,0
5.373805e-07,0
1.519727e-05,0
4.039565e-07,0
0.0001808426,0
0.1274272,0
9.171547e-08,0
2.425665e-09,0
6.460631e-07,0
7.381864e-05,0
0.8387908,0
0.0001808426,0
0.02024247,0
0.0001808426,0
3.655138e-07,0
0.0001808426,0
0.000313211,0
0.9774293,0
0.001802852,0
4.938831e-07,0
0.1023098,0
0.8387908,0
0.7168213,0
3.637328e-05,0
0.001802852,0
0.02024247,0
