Score,Label
0.9145575,1
0.9145575,1
0.9145575,1
0.9145575,1
0.9145575,1
0.0004907465,1
0.9145575,1
0.9145575,1
0.9145575,1
0.9145575,1
0.9145575,1
0.9999993,1
0.9999993,1
0.2305093,1
0.4128106,1
0.9999894,1
0.444726,1
0.9999894,1
0.9999894,1
0.9999894,1
0.9999894,1
0.9789411,1
0.0008235901,1
0.9145575,1
0.9145575,1
0.9145575,1
0.9145575,1
0.9999989,1
0.9999549,1
0.9999812,1
0.3289854,1
0.0001404082,0
5.704842e-05,0
5.041342e-05,0
5.704842e-05,0
0.03227059,0
0.328587,0
0.03227059,0
0.3289854,0
0.0002116225,0
0.03475448,0
0.006973473,0
5.970971e-06,0
0.0009218424,0
0.03302393,0
0.9999554,0
1.32307e-05,0
0.0005101782,0
8.197667e-06,0
0.0006958184,0
0.0003606601,0
1.470526e-05,0
5.18529e-06,0
1.111738e-05,0
0.0005909667,0
1.690716e-05,0
0.004097016,0
5.704842e-05,0
7.537584e-05,0
0.9145575,0
0.9145575,0
0.004097016,0
