Score,Label
0.5653155,1
0.01145205,1
0.3195151,1
0.9999999,1
0.9997506,1
0.9997506,1
0.9999998,1
0.9998506,1
0.06815024,1
0.06815024,1
0.06815024,1
0.8963984,1
0.9998527,1
0.8382165,1
0.9998527,1
0.01192614,1
0.9998149,1
0.9999999,1
1,1
1,1
0.01192614,1
0.968785,1
1,1
0.8222014,1
0.8222014,1
0.99997,1
0.4918016,1
0.4918016,1
1,1
1,1
0.0001661408,1
0.08421204,0
0.009379946,0
0.8320665,0
0.0001523565,0
8.854179e-05,0
2.104735e-05,0
2.104735e-05,0
0.0001523565,0
0.9994173,0
2.104735e-05,0
0.1285267,0
0.9791058,0
2.104735e-05,0
3.461012e-06,0
2.741265e-05,0
0.9615483,0
0.0007704014,0
5.634518e-05,0
0.002627383,0
0.0001515213,0
0.5189754,0
2.104735e-05,0
0.1285267,0
0.9998987,0
0.1285267,0
4.633571e-05,0
0.6383831,0
0.8222014,0
0.04589083,0
0.6383831,0
0.03533363,0
