Score,Label
0.9995838,1
0.9995838,1
0.9995838,1
0.9995838,1
0.9996632,1
0.9995838,1
0.9995838,1
2.075316e-05,1
0.2089057,1
0.002670721,1
0.8647835,1
0.8647835,1
0.9997674,1
0.9997674,1
0.832103,1
0.9959843,1
0.9997674,1
0.04717049,1
0.9999987,1
3.215326e-07,1
0.9999987,1
0.04717049,1
0.04717049,1
0.4506455,1
0.9999987,1
0.8781016,1
0.9983125,1
0.9999982,1
0.0002814402,1
0.0002814402,1
0.0002019705,1
0.002389585,1
0.8126274,1
0.002389585,1
0.9999959,1
0.9999985,1
0.9999985,1
0.9999872,1
0.9999985,1
0.9999872,1
0.9999985,1
0.9999985,1
0.9999985,1
0.9999959,1
0.002670721,1
0.002780626,1
0.8781016,1
0.8781016,1
0.8781016,1
0.9999213,1
0.9995567,1
0.9999213,1
0.9999213,1
0.9999213,1
0.9999254,1
0.9999213,1
1.110999e-05,1
0.0002861488,1
4.455978e-06,1
0.9995611,1
0.002670721,1
0.9999609,1
0.9999609,1
0.9999609,1
0.9999609,1
0.9999609,1
0.9999609,1
0.000289501,0
1.645378e-08,0
1.734857e-06,0
0.8781016,0
0.001670431,0
0.0002224382,0
0.0001423956,0
9.520797e-08,0
0.127388,0
4.517062e-07,0
0.8781016,0
1.734857e-06,0
2.725775e-05,0
0.8781016,0
2.725775e-05,0
2.725775e-05,0
1.397809e-07,0
0.8781016,0
0.8781016,0
0.8781016,0
0.01162833,0
0.8781016,0
0.8781016,0
9.91342e-06,0
9.91342e-06,0
1.734857e-06,0
3.240611e-07,0
0.0003703368,0
8.322664e-06,0
3.745388e-06,0
1.734857e-06,0
8.565136e-06,0
0.9922625,0
0.8781016,0
1.378334e-07,0
1.645084e-05,0
6.002184e-08,0
1.241047e-06,0
1.734857e-06,0
0.5718291,0
1.734857e-06,0
3.353572e-05,0
0.02321864,0
0.6619214,0
0.8781016,0
0.008259625,0
0.001136855,0
0.002221258,0
1.41526e-05,0
3.313613e-09,0
0.004594099,0
9.91342e-06,0
1.734857e-06,0
3.240611e-07,0
2.725775e-05,0
1.073975e-05,0
0.00229847,0
2.410974e-06,0
0.127388,0
3.239986e-06,0
3.240611e-07,0
0.0003383699,0
2.725775e-05,0
0.3864671,0
1.92742e-05,0
0.8781016,0
0.9636809,0
