Score,Label
0.9999533,1
0.9999533,1
0.9845572,1
0.2472313,1
0.998343,1
0.4004847,1
0.6970655,1
0.0004273584,1
0.9993476,1
0.9999971,1
0.9999971,1
0.9999971,1
0.9993476,1
0.9999971,1
0.9999971,1
0.0004273584,1
0.9999934,1
0.9999934,1
0.6650355,1
0.684949,1
0.9999934,1
0.9576963,1
0.999985,1
0.999985,1
0.9918569,1
0.847891,1
0.01271389,1
0.9994951,1
0.003418211,1
0.9999533,1
0.9999533,1
0.9999533,1
0.0004273584,1
0.8529196,1
0.9999722,1
0.9999722,1
0.9999722,1
0.9999722,1
0.9999722,1
0.002433574,1
0.9999237,1
0.9999237,1
0.9999237,1
0.9999237,1
0.9999237,1
0.8529196,0
1.25727e-08,0
8.993633e-05,0
8.993633e-05,0
1.397857e-06,0
0.8529196,0
0.9926345,0
0.1273766,0
0.9994498,0
0.8529196,0
0.0004273584,0
0.009827624,0
1.230085e-05,0
0.0003485394,0
0.8529196,0
7.354914e-08,0
0.8529196,0
3.845941e-09,0
4.855657e-05,0
3.199206e-05,0
0.8529196,0
8.134469e-09,0
5.249214e-09,0
4.778744e-09,0
0.0002159729,0
0.001398346,0
0.01679924,0
0.02874066,0
0.001398346,0
4.545033e-05,0
1.377236e-05,0
0.8529196,0
1.511813e-10,0
0.001398346,0
0.1375195,0
9.85462e-07,0
0.1375195,0
1.802518e-05,0
0.001398346,0
0.0002159729,0
0.684949,0
2.590612e-05,0
1.926694e-07,0
0.8529196,0
0.0002225871,0
