Score,Label
0.7934043,1
0.9999995,1
0.9999753,1
0.4176508,1
1,1
0.6246831,1
0.9999999,1
0.9999986,1
0.5106575,1
1,1
0.9999995,1
0.9999999,1
0.9976173,1
2.023966e-05,1
0.9997061,1
1,1
1,1
0.9993393,1
1,1
1,1
0.6234486,1
0.6234486,1
1,1
1,1
0.9966401,1
0.9991845,1
0.0002699026,1
0.7122433,1
0.9990904,1
0.0004493294,1
0.7096729,1
0.9969378,1
0.0004457526,1
0.999992,1
0.9995208,1
0.9999944,1
0.9998253,1
0.6647235,1
3.027624e-06,1
1,1
0.8770423,1
0.6647235,1
0.0002169803,1
0.9999995,1
0.0001535668,1
0.9999996,1
0.8706024,1
0.9993393,0
0.00224065,0
0.0003129012,0
0.001152585,0
0.1964011,0
0.001591232,0
0.0005792779,0
3.755674e-06,0
0.0199185,0
0.9681389,0
0.008267496,0
0.9993393,0
0.1710881,0
0.0006858713,0
0.0001736517,0
0.0004240634,0
0.001013915,0
2.620016e-07,0
0.0004703579,0
0.5106575,0
0.0001761647,0
0.0124094,0
0.0002253813,0
1.713623e-05,0
0.007070859,0
0.958652,0
0.07936645,0
0.03851765,0
5.590796e-06,0
4.804785e-06,0
0.9193441,0
0.01401255,0
0.8971377,0
0.0003121283,0
0.01129238,0
0.999992,0
1.66695e-05,0
0.1964011,0
0.0002311688,0
0.958652,0
0.8883833,0
1.183292e-06,0
0.9988437,0
0.9997991,0
9.505766e-05,0
0.1436767,0
0.9991271,0
