Score,Label
0.6353741,1
0.6047524,1
0.3288626,1
0.3288626,1
0.6073695,1
0.08754323,1
0.9979194,1
0.5656953,1
0.3329502,1
0.9959188,1
0.8025446,1
0.1186293,1
0.4473086,1
0.9862437,1
0.005768286,1
0.5667824,1
0.9998168,1
0.3530561,1
0.5667824,1
0.5667824,1
0.9997702,1
0.5667824,1
0.5667824,1
0.9833943,1
0.9970099,1
0.5667824,1
0.5667824,1
0.9975199,1
0.3329502,1
0.9959188,1
0.1186293,1
0.8025446,1
0.1186293,1
0.9996471,1
0.002286125,1
0.9961168,1
0.9994226,1
0.002286125,1
0.002286125,1
0.002286125,1
0.9866545,1
0.9996471,1
0.9961168,1
0.002286125,1
0.002286125,1
0.995004,1
0.1604975,1
0.1604975,1
0.3329502,1
0.9959188,1
0.8025446,1
0.1186293,1
0.3329502,1
0.9959188,1
0.995004,1
0.8025446,1
0.1186293,1
0.1604975,1
0.99968,1
0.9838647,1
0.999044,1
0.3288626,1
0.3288626,1
0.3288626,1
0.999044,1
0.9937811,1
0.3288626,1
0.3329502,1
0.9959188,1
0.8025446,1
0.1186293,1
0.3156177,1
0.9911908,1
0.8025446,1
0.1186293,1
0.3329502,1
0.9959188,1
0.8025446,1
0.1186293,1
0.1604975,1
0.4473086,1
0.9862437,1
0.005768286,1
0.6353741,1
0.6047524,1
0.04493215,1
0.3288626,1
0.7632012,1
0.5667824,0
0.002286125,0
0.1186293,0
0.9944519,0
0.1186293,0
0.9959188,0
0.1186293,0
0.1186293,0
0.1186293,0
0.3288626,0
0.9959188,0
0.9959188,0
0.3288626,0
0.1186293,0
0.5667824,0
0.1186293,0
0.6073695,0
0.6073695,0
0.1186293,0
0.1186293,0
0.995004,0
0.9959188,0
0.7632012,0
0.6669853,0
0.1186293,0
0.1604975,0
0.1186293,0
0.1186293,0
0.002286125,0
0.1186293,0
0.7011896,0
0.1186293,0
0.05802948,0
0.01187315,0
0.1186293,0
0.1186293,0
0.9959188,0
0.1604975,0
0.3288626,0
0.9911908,0
0.5667824,0
0.1186293,0
0.1186293,0
0.1186293,0
0.995004,0
0.1186293,0
0.995004,0
0.8025446,0
0.4440925,0
0.5667824,0
0.115251,0
0.008860984,0
0.0153475,0
0.1186293,0
0.005768286,0
0.9197218,0
0.995004,0
0.1186293,0
0.1186293,0
0.6073695,0
0.1186293,0
0.01187315,0
0.002286125,0
0.9959188,0
0.3288626,0
0.9856177,0
0.5667824,0
0.04513067,0
0.1186293,0
0.3288626,0
0.1186293,0
0.1186293,0
0.5913246,0
0.005768286,0
0.1186293,0
0.3288626,0
0.1186293,0
0.04513067,0
0.9959188,0
0.01418366,0
0.005768286,0
0.1186293,0
0.995004,0
0.8907014,0
0.6073695,0
0.1186293,0
0.1186293,0
0.9973682,0
