Score,Label
0.9999429,1
0.9999815,1
0.4649152,1
0.9999595,1
1,1
0.01387816,1
1,1
1.439847e-05,1
0.9996266,1
5.874058e-05,1
0.0004800949,1
1,1
1,1
1,1
1,1
1,1
1,1
1,1
1,1
0.003199527,1
0.02259605,1
1.158409e-06,0
0.008510562,0
1.51418e-06,0
0.9967813,0
3.369163e-05,0
0.007082452,0
0.9618608,0
0.003115922,0
0.0001230507,0
0.0333637,0
5.948006e-07,0
0.0003097453,0
3.667226e-05,0
4.46945e-05,0
0.001835736,0
0.001262197,0
0.757178,0
0.0004700329,0
0.8442034,0
8.064912e-07,0
6.890626e-06,0
