Score,Label
0.3124518,1
0.3124518,1
0.00528742,1
0.8057847,1
0.9985862,1
0.9997686,1
0.9991953,1
0.01181213,1
0.3124518,1
0.3124518,1
0.8057847,1
0.9985862,1
0.3124518,1
0.3124518,1
0.8057847,1
0.9985862,1
0.9985862,1
0.9985862,1
0.9985862,1
0.9985862,1
0.9994825,1
0.9994825,1
0.9998862,1
0.9985862,1
0.9985862,1
0.04016286,1
0.9985862,1
0.9985862,1
0.2630783,1
0.9985862,1
0.7105478,1
0.7105478,1
0.9986986,1
0.9999949,1
0.9999949,1
0.9999949,1
0.9999949,1
0.9999827,1
1,1
0.9999949,1
0.1222952,1
0.9999949,1
0.9999949,1
0.9999949,1
0.9999949,1
0.9999949,1
0.9999949,1
0.01002077,1
0.3124518,1
0.3124518,1
0.3124518,1
0.3124518,1
0.9999989,1
0.9999989,1
0.9999936,1
0.3124518,1
0.3124518,1
0.3124518,1
0.8057847,1
0.9985862,1
0.3124518,1
0.01181213,1
0.01181213,1
0.01181213,1
0.9991685,1
0.01181213,1
0.01181213,1
0.006322412,1
0.9988878,1
0.3124518,1
0.3124518,1
0.8057847,1
0.9985862,1
0.9985862,1
0.9985862,1
0.2119733,1
0.3124518,1
0.3124518,1
0.8057847,1
0.9985862,1
0.3124518,1
0.3124518,1
0.3124518,1
0.8057847,1
0.9985862,1
0.3124518,1
0.3124518,1
0.3124518,1
0.8057847,1
0.9985862,1
0.3124518,1
0.3124518,1
0.3124518,1
0.9711165,0
0.00528742,0
0.3124518,0
0.3124518,0
0.00528742,0
0.00528742,0
0.9985862,0
0.3124518,0
0.3124518,0
0.3124518,0
0.01181213,0
0.9985862,0
0.3124518,0
0.3124518,0
0.3124518,0
0.9249067,0
0.3124518,0
0.9985862,0
0.3124518,0
0.9985862,0
0.01181213,0
0.3124518,0
0.9999949,0
0.9985862,0
0.00528742,0
0.01181213,0
0.3124518,0
0.9994825,0
0.9985862,0
0.3124518,0
0.3124518,0
0.3124518,0
0.3124518,0
0.3124518,0
0.01181213,0
0.8057847,0
0.00528742,0
0.9985862,0
0.9985862,0
0.7105478,0
0.9999969,0
0.3124518,0
0.9999989,0
0.01181213,0
0.3124518,0
0.3124518,0
0.3124518,0
0.3124518,0
0.3124518,0
0.3124518,0
0.3124518,0
0.9998106,0
0.3124518,0
0.9985862,0
0.3124518,0
0.00528742,0
0.00528742,0
0.3124518,0
0.01181213,0
0.9985862,0
0.3124518,0
0.01181213,0
0.00528742,0
0.9985862,0
0.3124518,0
0.9977217,0
0.9985862,0
0.01181213,0
0.8057847,0
0.3124518,0
0.3124518,0
0.5531318,0
0.3124518,0
0.3124518,0
0.00528742,0
0.9985862,0
0.00528742,0
0.3124518,0
0.3606631,0
0.3124518,0
0.3124518,0
0.3124518,0
0.9999989,0
0.9985862,0
0.3124518,0
0.3124518,0
0.3124518,0
0.3124518,0
0.3124518,0
0.7105478,0
0.01181213,0
0.9988878,0
0.3124518,0
