Score,Label
1,1
0.7222328,1
0.0002633699,1
7.776322e-05,1
1,1
1,1
1,1
3.431446e-06,1
9.053566e-06,1
0.1798861,1
0.003467985,1
3.304463e-05,1
0.003959921,1
0.0008544412,1
0.0001128943,1
0.9400949,1
0.990034,1
0.9999832,1
0.9999998,1
0.9995511,1
0.9995511,1
1,1
0.9999928,1
0.9999928,1
0.948494,1
0.0002916908,1
0.004339713,1
0.004339713,1
1,1
1,1
1,1
0.954135,1
1,1
0.002662914,1
1,1
0.09393686,1
8.977739e-05,1
1,1
1,1
0.9673848,1
0.999987,1
0.9999944,1
1,1
1,1
1,1
1,1
0.004339713,1
1,1
1,1
1,1
0.002950641,1
0.02069491,1
0.0004812876,0
0.1233809,0
8.659017e-07,0
0.3250444,0
3.431446e-06,0
0.1233809,0
0.0002916908,0
0.004133768,0
0.0449467,0
0.02627314,0
8.9489e-05,0
0.990034,0
0.103865,0
0.0001023913,0
4.365249e-05,0
4.028045e-05,0
0.0001128943,0
0.3999538,0
0.01881507,0
0.002672546,0
0.004271307,0
0.9995511,0
0.9999996,0
0.9836325,0
0.000587307,0
0.005565257,0
0.9400949,0
7.842913e-05,0
0.1233809,0
0.00053482,0
0.006879935,0
0.005662757,0
3.431446e-06,0
0.02883136,0
0.04605049,0
0.0004169471,0
0.1233809,0
0.0449467,0
0.3250444,0
0.002511607,0
0.00186596,0
0.9995511,0
0.0005013568,0
0.0001584341,0
0.1233809,0
0.1233809,0
0.004215117,0
0.0002381445,0
0.000587307,0
0.103865,0
0.02883136,0
0.5643497,0
