Score,Label
1,1
1,1
0.9999983,1
0.8989608,1
0.9998543,1
0.9999845,1
0.0008843658,1
0.8521563,1
1,1
1,1
3.309228e-05,1
1,1
1,1
1,1
0.119406,1
3.200054e-05,1
5.779631e-05,0
0.2425247,0
0.9999985,0
0.9892344,0
0.9903458,0
0.9998384,0
0.00145107,0
0.9328696,0
0.001112616,0
0.9920166,0
0.002176405,0
0.9999998,0
4.556642e-05,0
3.594405e-05,0
0.0005650107,0
0.005717774,0
