Score,Label
0.9995983,1
1,1
1,1
0.9995983,1
1,1
0.4783527,1
0.9999993,1
1,1
1,1
1,1
1,1
0.9997068,1
0.9997068,1
1,1
0.9997068,1
0.1587769,1
0.00226679,1
0.9894205,1
0.9993438,1
0.9993438,1
0.9999996,1
0.9968749,1
0.9993438,1
0.002117627,1
0.6852945,1
0.4769768,1
0.9954065,1
0.1303483,1
0.0001070533,1
0.1303483,1
0.1303483,1
0.00356855,1
0.01425612,1
0.9897827,1
0.6962591,1
0.9897827,1
0.1296751,1
0.1139464,1
0.9999958,1
0.0008785726,1
0.0007014257,1
0.9989048,1
0.9989048,1
0.9924654,1
0.0003919316,1
0.9989048,1
0.0006302233,1
0.9999965,1
0.9910725,1
0.9999977,1
0.9999977,1
0.9999977,1
0.9990807,1
0.9999986,1
0.9910725,1
0.9910725,1
0.9999965,1
0.9999965,1
0.9999981,1
0.9910725,1
0.9999977,1
0.9999919,1
0.0002051383,1
0.0726467,1
5.534797e-06,1
0.0005728714,1
0.03074886,1
0.0726467,1
0.0007704944,1
0.0004309724,1
0.999999,1
0.006913682,1
0.01285417,1
0.1829775,1
0.9046798,1
0.0009535368,1
7.755509e-06,1
0.000184839,1
0.0001070111,1
0.0002026924,1
0.9993203,1
0.9999344,1
0.9993203,1
0.9999344,1
0.9998945,1
0.03882845,1
0.9999344,1
0.1893337,1
0.4433066,1
0.002359072,0
0.003816658,0
9.969874e-05,0
2.045136e-06,0
0.001126018,0
0.9771203,0
0.0008920225,0
1.841177e-05,0
2.808086e-05,0
7.482196e-05,0
0.1164904,0
0.002410303,0
0.000998735,0
4.548395e-06,0
2.877926e-05,0
0.1647753,0
2.808086e-05,0
0.9992889,0
0.9989105,0
0.00011672,0
0.0007556764,0
0.490096,0
0.3159773,0
0.0126311,0
0.0007556764,0
1.712679e-05,0
0.0001143224,0
0.3122365,0
0.9999416,0
0.001528412,0
0.9966632,0
0.01633354,0
0.0004793376,0
3.895343e-05,0
0.002416883,0
0.0007556764,0
0.9959347,0
0.0007556764,0
6.295612e-07,0
5.776193e-05,0
0.9148517,0
0.9999715,0
0.003170669,0
0.00075393,0
0.02198379,0
0.9771203,0
0.0004531905,0
0.9999844,0
0.002615561,0
0.001528412,0
0.001463957,0
0.1893337,0
0.003170669,0
0.003391688,0
0.000466309,0
0.9975751,0
7.020069e-05,0
3.895343e-05,0
3.895343e-05,0
0.6948065,0
0.9771203,0
0.002160178,0
0.002341721,0
0.00392048,0
1.306232e-05,0
0.8743301,0
3.846909e-05,0
8.290757e-05,0
0.0001143224,0
0.0003102495,0
4.148806e-06,0
0.9924779,0
0.0007630054,0
0.000138451,0
0.9771203,0
3.895343e-05,0
0.003170669,0
0.0004333527,0
0.7122025,0
0.0002470833,0
0.1062278,0
0.9486374,0
0.0007939867,0
0.0912651,0
0.01750034,0
2.877926e-05,0
0.0007556764,0
0.9999992,0
0.9999999,0
