Score,Label
0.7090405,1
0.9999756,1
0.1332109,1
0.01965874,1
0.9999948,1
0.9999838,1
0.9601534,1
0.9999977,1
0.9999948,1
0.9999726,1
0.9999948,1
0.9999894,1
0.05626528,1
0.261647,1
0.9989834,1
0.9951376,1
0.9998856,1
0.9906696,1
0.2561931,1
0.2561931,1
0.4480932,1
0.9999698,1
0.9999404,1
0.3190649,1
0.9994485,1
0.9998423,1
0.0002355786,0
0.003633171,0
0.02593974,0
0.0005438352,0
0.01485722,0
0.2458288,0
0.0005438352,0
7.873937e-05,0
0.1751067,0
0.9997378,0
0.003447213,0
3.956823e-05,0
0.0003212619,0
0.001475731,0
0.0007866222,0
0.04503692,0
0.2218844,0
0.08624431,0
0.05698311,0
0.0007505725,0
0.3895998,0
0.0007089137,0
0.0007505725,0
0.02308866,0
0.0001215739,0
0.0005438352,0
