Score,Label
3.552063e-07,1
3.552063e-07,1
4.849818e-08,1
3.552063e-07,1
4.849818e-08,1
3.552063e-07,1
4.849818e-08,1
4.849818e-08,1
1.330413e-05,1
4.849818e-08,1
4.849818e-08,1
4.849818e-08,1
3.552063e-07,1
0.9923391,1
0.06193948,1
2.744014e-05,1
0.9984868,1
0.9155852,1
0.9263968,1
0.9997043,1
1.941191e-05,1
3.552063e-07,1
3.552063e-07,1
4.849818e-08,1
3.552063e-07,1
4.849818e-08,1
3.552063e-07,1
4.849818e-08,1
4.849818e-08,1
1.330413e-05,1
4.849818e-08,1
4.849818e-08,1
4.849818e-08,1
3.552063e-07,1
1.511652e-06,1
6.668557e-06,1
0.9806384,1
6.668557e-06,1
1.716819e-05,1
6.668557e-06,1
1.716819e-05,1
6.668557e-06,1
1.716819e-05,1
1.716819e-05,1
0.951974,1
1.716819e-05,1
0.09508493,1
1.716819e-05,1
1.716819e-05,1
6.668557e-06,1
0.3623067,1
0.3623067,1
0.3623067,1
0.3623067,1
0.3623067,1
0.3623067,1
0.3623067,1
0.3623067,1
0.3623067,1
0.3623067,1
0.3623067,1
0.3623067,1
0.0001580959,1
0.0002139306,1
0.0002139306,1
0.0002139306,1
0.0002139306,1
0.0002139306,1
0.7540972,1
0.7540972,1
0.7540972,1
0.7540972,1
0.7540972,1
0.7540972,1
0.7540972,1
0.001223075,1
3.932108e-06,0
5.223951e-05,0
4.409792e-05,0
0.008018939,0
0.8703459,0
0.0001835452,0
2.707671e-05,0
1.099528e-05,0
1.412837e-06,0
1.326455e-05,0
0.9407728,0
1.503363e-07,0
0.8703459,0
0.008018939,0
2.707671e-05,0
0.7722104,0
2.707671e-05,0
0.03475724,0
2.707671e-05,0
0.4979059,0
0.0002744845,0
3.845559e-06,0
0.08676723,0
3.932108e-06,0
0.8703459,0
0.003462992,0
1.412837e-06,0
1.326455e-05,0
0.0002744845,0
1.412837e-06,0
0.004643151,0
0.001915629,0
1.412837e-06,0
0.8703459,0
0.8703459,0
0.008018939,0
1.503363e-07,0
1.326455e-05,0
0.001591518,0
1.503363e-07,0
0.0279819,0
0.4729953,0
1.356715e-05,0
3.932108e-06,0
0.03154562,0
0.8703459,0
0.002589848,0
0.8703459,0
0.8703459,0
0.5962902,0
1.503363e-07,0
1.503363e-07,0
1.412837e-06,0
0.8703459,0
1.412837e-06,0
2.454567e-06,0
1.412837e-06,0
1.326455e-05,0
9.659409e-08,0
0.0001835452,0
7.01602e-05,0
0.0001835452,0
0.03475724,0
0.004643151,0
0.0001835452,0
0.03475724,0
0.0001835452,0
0.9847055,0
3.97847e-06,0
2.707671e-05,0
0.0001835452,0
0.0001835452,0
0.0001415978,0
0.8703459,0
1.412837e-06,0
0.8703459,0
