Score,Label
0.9999987,1
0.9999987,1
0.9999987,1
0.9999987,1
0.9999166,1
0.9999166,1
0.9999987,1
0.9999166,1
0.0009219293,1
0.9999166,1
0.9999987,1
0.9999987,1
0.9985731,1
0.8977214,1
0.0001315204,1
0.999884,1
0.9999404,1
0.9999264,1
0.9901863,1
1.287049e-06,1
0.9988459,1
0.9988459,1
0.9988459,1
0.9988459,1
4.646678e-05,1
4.646678e-05,1
0.9988459,1
4.646678e-05,1
0.001392281,1
8.456312e-05,1
0.0002196042,1
0.9988459,1
0.9988459,1
0.2549406,1
0.0004378857,1
0.9943818,1
0.0004378857,1
0.0004378857,1
0.0004378857,1
0.003163644,1
0.003163644,1
0.0004378857,1
0.003163644,1
0.1837898,1
0.006014239,1
0.008767905,1
0.02719846,1
0.0004378857,1
0.0004378857,1
3.546058e-07,1
3.546058e-07,1
3.546058e-07,1
3.546058e-07,1
2.601884e-07,1
2.601884e-07,1
3.546058e-07,1
2.601884e-07,1
1.238799e-05,1
3.546058e-07,1
3.546058e-07,1
0.003141953,1
0.9999977,1
0.9999977,1
0.9999977,1
0.9999977,1
0.9999977,1
0.9999977,1
0.9999977,1
0.9927657,1
8.977099e-06,1
8.977099e-06,1
8.977099e-06,1
8.977099e-06,1
8.977099e-06,1
0.8749475,0
5.581445e-07,0
0.01470236,0
0.0002983277,0
0.007664351,0
4.220732e-06,0
2.792825e-06,0
4.116464e-05,0
5.017951e-07,0
5.061625e-06,0
0.7002485,0
5.061625e-06,0
4.116464e-05,0
0.9982494,0
0.8749475,0
1.798037e-07,0
0.001810073,0
0.0003303977,0
6.349617e-06,0
0.998577,0
5.017951e-07,0
2.792825e-06,0
2.792825e-06,0
0.7002485,0
8.57227e-06,0
0.001818981,0
0.0006888571,0
0.02600121,0
1.798037e-07,0
2.792825e-06,0
0.8749475,0
0.007664351,0
0.0001436838,0
0.996216,0
0.9183226,0
1.798037e-07,0
5.061625e-06,0
4.116464e-05,0
8.767306e-06,0
0.4993136,0
5.888781e-06,0
0.9955084,0
2.792825e-06,0
0.8749475,0
5.017951e-07,0
0.9183226,0
0.0004268187,0
2.792825e-06,0
0.9981976,0
0.007664351,0
0.0002177013,0
2.792825e-06,0
0.0002983277,0
0.007773243,0
1.798037e-07,0
0.8749475,0
3.402665e-06,0
0.8749475,0
0.8749475,0
0.6697212,0
4.616427e-06,0
0.6697212,0
0.001631407,0
4.220732e-06,0
0.9999375,0
0.0002983277,0
3.671278e-05,0
1.798037e-07,0
0.0002983277,0
0.0002983277,0
0.002115693,0
0.4993136,0
2.792825e-06,0
0.009524842,0
