Score,Label
1,1
1,1
1,1
1,1
1,1
0.9999889,1
0.9999982,1
0.9999982,1
0.9953999,1
0.0002351002,1
1.283111e-05,1
0.9449936,1
0.6578307,1
0.0009839887,1
0.5591171,1
2.484133e-06,1
0.9999999,1
0.9999999,1
0.9999956,1
0.9999988,1
0.9999956,1
0.9999956,1
0.9999915,1
0.9999875,1
0.9999875,1
0.9999875,1
0.9908134,1
0.9909604,1
0.9908134,1
0.9999875,1
0.9908134,1
1,1
1,1
1,1
1,1
1,1
1,1
1,1
1,1
0.000202211,1
5.745616e-05,1
5.745616e-05,1
5.745616e-05,1
5.745616e-05,1
5.745616e-05,1
1,1
1,1
1,1
1,1
1,1
1,1
1,1
1,1
0.0006441987,0
4.72779e-06,0
6.970479e-05,0
0.0001636949,0
3.869666e-05,0
0.001111436,0
0.04727259,0
0.0003839019,0
6.80531e-06,0
0.9994878,0
1.38981e-05,0
8.458053e-05,0
0.0002184623,0
0.7326149,0
3.587826e-05,0
3.188179e-06,0
0.0003094675,0
1.587728e-05,0
0.0005021014,0
0.6766162,0
0.1962586,0
0.0003094675,0
9.155815e-05,0
0.8652766,0
0.001581697,0
0.004953825,0
6.970479e-05,0
3.466148e-07,0
0.0003094675,0
0.0003094675,0
0.6766162,0
0.0315774,0
6.229532e-06,0
3.188179e-06,0
0.001581697,0
0.0003094675,0
5.383752e-07,0
2.773952e-06,0
3.082769e-06,0
1.772835e-05,0
0.8652766,0
1.587728e-05,0
0.0001429378,0
0.0001935417,0
2.241583e-05,0
1.093011e-07,0
0.001581697,0
0.0003094675,0
0.01604378,0
3.587826e-05,0
0.8652766,0
0.4374636,0
8.359563e-05,0
