Score,Label
9.241313e-12,1
2.093102e-08,1
9.241313e-12,1
9.241313e-12,1
2.093102e-08,1
2.093102e-08,1
9.241313e-12,1
2.093102e-08,1
0.6148294,1
2.093102e-08,1
9.241313e-12,1
2.093102e-08,1
2.093102e-08,1
0.02023866,1
0.065965,1
9.138079e-06,1
0.9995142,1
0.9348755,1
0.9706478,1
0.9969409,1
0.0001132802,1
2.093102e-08,1
9.241313e-12,1
2.093102e-08,1
2.093102e-08,1
9.241313e-12,1
9.241313e-12,1
2.093102e-08,1
9.241313e-12,1
0.01652052,1
9.241313e-12,1
2.093102e-08,1
9.241313e-12,1
9.241313e-12,1
8.604002e-11,1
9.596513e-12,1
0.02824632,1
8.820746e-12,1
9.596513e-12,1
9.596513e-12,1
8.820746e-12,1
8.820746e-12,1
9.596513e-12,1
8.820746e-12,1
0.08844675,1
8.820746e-12,1
0.002085091,1
9.596513e-12,1
8.820746e-12,1
8.820746e-12,1
0.0003041803,1
0.0003041803,1
0.0003041803,1
0.0003041803,1
0.0003041803,1
0.0003041803,1
0.0003041803,1
0.0003041803,1
0.0003041803,1
0.0003041803,1
0.0003041803,1
0.0003041803,1
7.801762e-06,1
0.0001264886,1
0.0001264886,1
0.0001264886,1
0.0001264886,1
0.0001264886,1
0.7432383,1
0.7432383,1
0.7432383,1
0.7432383,1
0.7432383,1
0.7432383,1
0.7432383,1
0.002986841,1
0.08672684,0
2.977383e-09,0
0.1509135,0
0.9231489,0
2.726996e-07,0
2.726996e-07,0
2.726996e-07,0
5.952111e-09,0
0.2526645,0
0.9231489,0
0.2526645,0
0.000302213,0
0.0001451914,0
0.000574404,0
2.977383e-09,0
0.08672684,0
7.898598e-06,0
7.898598e-06,0
0.0004460978,0
2.977383e-09,0
2.609637e-05,0
7.732471e-09,0
2.977383e-09,0
1.272164e-07,0
1.922654e-06,0
4.391394e-11,0
8.874459e-07,0
0.5786884,0
0.9639034,0
3.107311e-09,0
0.9231489,0
2.609637e-05,0
0.9714333,0
2.977383e-09,0
7.732471e-09,0
0.0650185,0
0.06939468,0
0.000302213,0
5.684949e-10,0
1.585776e-05,0
4.079938e-06,0
4.391394e-11,0
0.1044518,0
0.000302213,0
4.079938e-06,0
4.079938e-06,0
0.9231489,0
2.977383e-09,0
0.008271481,0
0.9231489,0
0.002714691,0
0.000302213,0
2.751626e-11,0
3.014946e-12,0
4.391394e-11,0
3.014946e-12,0
2.853443e-05,0
4.391394e-11,0
9.481072e-07,0
2.726996e-07,0
5.684949e-10,0
4.391394e-11,0
4.391394e-11,0
0.001647103,0
3.174888e-05,0
0.9231489,0
0.000302213,0
0.9639034,0
0.9231489,0
0.006704711,0
2.977383e-09,0
7.898598e-06,0
2.726996e-07,0
0.2526645,0
0.9231489,0
0.1592595,0
