Score,Label
8.992181e-08,1
1.565524e-06,1
1.565524e-06,1
1.565524e-06,1
8.992181e-08,1
8.992181e-08,1
1.565524e-06,1
1.565524e-06,1
0.9168304,1
8.992181e-08,1
8.992181e-08,1
8.992181e-08,1
8.992181e-08,1
0.07617082,1
0.8967489,1
3.08887e-06,1
0.6533222,1
0.2512531,1
0.578828,1
0.1766131,1
5.908498e-07,1
1.565524e-06,1
8.992181e-08,1
8.992181e-08,1
8.992181e-08,1
1.565524e-06,1
1.565524e-06,1
8.992181e-08,1
8.992181e-08,1
0.09654338,1
1.565524e-06,1
1.565524e-06,1
1.565524e-06,1
1.565524e-06,1
9.217395e-07,1
2.34023e-05,1
0.00128081,1
4.170625e-05,1
4.170625e-05,1
4.170625e-05,1
2.34023e-05,1
2.34023e-05,1
4.170625e-05,1
4.170625e-05,1
0.09035189,1
2.34023e-05,1
0.3435829,1
2.34023e-05,1
2.34023e-05,1
2.34023e-05,1
0.0359756,1
0.0359756,1
0.0359756,1
0.0359756,1
0.0359756,1
0.0359756,1
0.0359756,1
0.0359756,1
0.0359756,1
0.0359756,1
0.0359756,1
0.0359756,1
0.002481991,1
0.1003617,1
0.1003617,1
0.1003617,1
0.1003617,1
0.1003617,1
0.1003617,1
0.7915913,1
0.7915913,1
0.7915913,1
0.7915913,1
0.7915913,1
0.7915913,1
0.7915913,1
0.1010876,0
5.05515e-05,0
0.8585336,0
4.780777e-05,0
1.617991e-06,0
0.004093239,0
0.8585336,0
0.001885654,0
0.0001997905,0
0.8585336,0
1.006911e-07,0
0.6556108,0
0.01246774,0
0.8585336,0
0.6556108,0
3.28134e-06,0
0.0135241,0
7.264659e-07,0
0.001586391,0
0.1010876,0
1.103842e-05,0
1.006911e-07,0
1.006911e-07,0
0.01246774,0
6.865399e-06,0
8.524153e-07,0
8.524153e-07,0
1.117212e-07,0
1.617991e-06,0
0.8417044,0
8.524153e-07,0
0.006354809,0
5.05515e-05,0
1.006911e-07,0
5.05515e-05,0
0.8585336,0
0.8585336,0
5.05515e-05,0
6.543542e-07,0
3.0413e-05,0
0.7686164,0
1.617991e-06,0
0.01246774,0
0.8585336,0
0.0009231459,0
0.02713904,0
0.0001534967,0
7.155297e-05,0
0.8585336,0
6.865399e-06,0
1.617991e-06,0
0.1267502,0
2.360684e-05,0
0.09088946,0
5.05515e-05,0
5.05515e-05,0
0.8525274,0
0.001885654,0
1.617991e-06,0
5.05515e-05,0
0.0009154166,0
0.0004744724,0
0.008508105,0
5.05515e-05,0
7.916018e-06,0
0.01246774,0
0.0001217796,0
4.780777e-05,0
5.05515e-05,0
1.127429e-05,0
8.524153e-07,0
1.006911e-07,0
9.232624e-07,0
5.05515e-05,0
5.05515e-05,0
1.006911e-07,0
