Score,Label
0.02306226,1
0.02306226,1
0.000329785,1
0.000329785,1
0.000329785,1
0.000329785,1
0.000329785,1
0.02306226,1
0.0001660581,1
0.000329785,1
0.000329785,1
0.000329785,1
0.02306226,1
0.844822,1
0.1892047,1
0.0002013967,1
0.9976913,1
0.8631637,1
0.9998258,1
0.9904705,1
0.000437226,1
0.02306226,1
0.02306226,1
0.000329785,1
0.000329785,1
0.000329785,1
0.000329785,1
0.000329785,1
0.02306226,1
0.0001660581,1
0.000329785,1
0.000329785,1
0.000329785,1
0.02306226,1
0.1994677,1
0.0005860967,1
0.1080201,1
0.0005860967,1
0.0001950505,1
0.0001950505,1
0.0001950505,1
0.0001950505,1
0.0001950505,1
0.0005860967,1
0.9997072,1
0.0001950505,1
0.001909616,1
0.0001950505,1
0.0001950505,1
0.0005860967,1
0.831432,1
0.831432,1
0.831432,1
0.831432,1
0.831432,1
0.831432,1
0.831432,1
0.831432,1
0.831432,1
0.831432,1
0.831432,1
0.831432,1
0.02763436,1
0.9999363,1
0.9999363,1
0.9999363,1
0.9999363,1
0.9999363,1
0.9999363,1
0.9999363,1
0.9999363,1
0.0003667862,1
0.0003667862,1
0.0003667862,1
0.0003667862,1
0.0003667862,1
8.77296e-06,0
0.0001724701,0
4.944631e-05,0
0.8100567,0
0.005803346,0
0.8100567,0
0.0001463013,0
0.005803346,0
0.003152944,0
4.357849e-05,0
0.0001724701,0
0.8100567,0
4.357849e-05,0
0.001369186,0
0.00954243,0
4.357849e-05,0
8.77296e-06,0
0.6834149,0
0.0213321,0
0.8100567,0
0.0210765,0
6.607242e-06,0
0.1941488,0
0.2431628,0
4.944631e-05,0
0.005803346,0
0.001943176,0
8.77296e-06,0
0.0001463013,0
0.1941488,0
6.607242e-06,0
0.1268255,0
6.607242e-06,0
0.9973902,0
1.364479e-05,0
0.004596034,0
0.979076,0
0.0002489926,0
0.005803346,0
0.8100567,0
0.00066402,0
1.364479e-05,0
3.035991e-05,0
0.8100567,0
0.04546102,0
4.357849e-05,0
4.357849e-05,0
0.000220745,0
0.1941488,0
1.364479e-05,0
0.05144641,0
8.77296e-06,0
0.8100567,0
0.00266429,0
4.944631e-05,0
4.357849e-05,0
0.005803346,0
3.471706e-05,0
0.8100567,0
0.263507,0
3.345918e-05,0
6.607242e-06,0
4.47381e-06,0
0.9973902,0
0.00954243,0
6.607242e-06,0
0.005803346,0
6.607242e-06,0
1.291825e-05,0
6.607242e-06,0
1.083278e-06,0
0.0001724701,0
8.77296e-06,0
4.357849e-05,0
1.364479e-05,0
1.364479e-05,0
