Score,Label
5.824648e-05,1
7.727985e-06,1
5.824648e-05,1
5.824648e-05,1
7.727985e-06,1
5.824648e-05,1
7.727985e-06,1
7.727985e-06,1
0.0003112861,1
5.824648e-05,1
7.727985e-06,1
7.727985e-06,1
5.824648e-05,1
0.6970291,1
0.000817523,1
5.12404e-05,1
0.9968906,1
0.1208401,1
0.9860008,1
0.9973834,1
5.058883e-06,1
5.824648e-05,1
7.727985e-06,1
5.824648e-05,1
5.824648e-05,1
7.727985e-06,1
5.824648e-05,1
7.727985e-06,1
7.727985e-06,1
0.0003112861,1
5.824648e-05,1
7.727985e-06,1
7.727985e-06,1
5.824648e-05,1
2.764351e-05,1
9.295445e-05,1
0.005926179,1
8.787528e-05,1
9.295445e-05,1
9.295445e-05,1
8.787528e-05,1
9.295445e-05,1
8.787528e-05,1
8.787528e-05,1
0.5100611,1
9.295445e-05,1
0.003533644,1
8.787528e-05,1
8.787528e-05,1
9.295445e-05,1
0.9168603,1
0.9168603,1
0.9168603,1
0.9168603,1
0.9168603,1
0.9168603,1
0.9168603,1
0.9168603,1
0.9168603,1
0.9168603,1
0.9168603,1
0.9168603,1
0.001468643,1
0.9999024,1
0.9999024,1
0.9999024,1
0.9999024,1
0.9999024,1
0.9999024,1
0.9999024,1
0.01552049,1
0.01552049,1
0.01552049,1
0.01552049,1
0.01552049,1
0.01552049,1
0.001948122,0
0.0001433147,0
0.0003114441,0
0.8553581,0
0.0001433147,0
0.9980502,0
0.004238746,0
9.055138e-06,0
0.0007063823,0
0.0001433147,0
0.0001433147,0
0.0001433147,0
2.167147e-05,0
2.956228e-05,0
6.380583e-05,0
5.092867e-05,0
0.01238072,0
0.02584435,0
0.01827339,0
1.624555e-05,0
9.055138e-06,0
0.0009556945,0
5.455716e-06,0
0.0001433147,0
1.330563e-05,0
0.0005601947,0
0.0001711185,0
1.406659e-05,0
0.002340065,0
1.860526e-05,0
1.624555e-05,0
0.8553581,0
0.0002280444,0
0.005788926,0
0.004404015,0
5.633503e-05,0
0.005247439,0
0.8553581,0
1.330563e-05,0
2.956228e-05,0
9.055138e-06,0
0.0001433147,0
0.001798187,0
0.9771778,0
9.055138e-06,0
0.00195189,0
0.1981248,0
0.002934341,0
1.330563e-05,0
9.055138e-06,0
0.0007786107,0
8.19626e-06,0
2.167147e-05,0
2.956228e-05,0
0.8553581,0
0.02584435,0
0.0001433147,0
0.8553581,0
5.455716e-06,0
2.956228e-05,0
1.330563e-05,0
2.956228e-05,0
0.005892767,0
1.624555e-05,0
0.0001433147,0
2.764351e-05,0
5.455716e-06,0
0.8553581,0
0.07554777,0
0.002083577,0
0.007616231,0
1.146387e-05,0
0.0007786107,0
9.055138e-06,0
2.167147e-05,0
0.0007786107,0
