Score,Label
1,1
1,1
1,1
0.9999999,1
1,1
1,1
1,1
0.9999559,1
1,1
1,1
0.9950022,1
1,1
0.9999999,1
0.005628522,1
0.9950022,1
0.9950022,1
1,1
1,1
1,1
1,1
1,1
1,1
1,1
0.05819776,1
0.9999996,1
1,1
1,1
1,1
1,1
0.9999996,1
1,1
1,1
1,1
1,1
1,1
1,1
1,1
1,1
0.7639263,1
1,1
1,1
1,1
1,1
0.9999892,1
0.9999998,1
1,1
1,1
0.7639263,1
1,1
0.2835875,1
1,1
0.0002984938,1
0.9995887,1
0.9995887,1
0.9999975,1
0.9951841,1
1,1
1,1
1,1
1,1
1,1
0.9997444,1
1,1
1,1
0.9999999,1
0.9999363,1
0.9999689,1
0.9997444,1
1,1
0.9950022,1
0.0002984938,0
1.859477e-06,0
1.922346e-06,0
5.978447e-06,0
5.978447e-06,0
0.0002303165,0
1.212611e-05,0
0.9950022,0
1.922346e-06,0
0.001898907,0
2.794152e-06,0
0.9825076,0
5.978447e-06,0
0.001898907,0
5.851092e-05,0
3.997108e-06,0
5.483689e-07,0
8.604714e-06,0
1.935192e-06,0
0.0002303165,0
0.0002984938,0
6.752731e-07,0
5.851092e-05,0
7.155004e-07,0
9.210725e-06,0
0.000514921,0
0.001898907,0
9.088445e-07,0
0.0002984938,0
8.604714e-06,0
9.210725e-06,0
0.0002984938,0
4.115911e-06,0
3.168081e-06,0
9.769112e-07,0
1.131364e-06,0
2.324858e-06,0
8.604714e-06,0
0.001288647,0
2.491327e-06,0
5.978447e-06,0
8.973058e-07,0
0.0002984938,0
0.001060041,0
2.324858e-06,0
1.507723e-06,0
1.337539e-06,0
9.088445e-07,0
6.112102e-06,0
1.437876e-06,0
5.154701e-06,0
9.210725e-06,0
5.851092e-05,0
0.0002303165,0
0.0002303165,0
4.115911e-06,0
0.2923091,0
0.001898907,0
0.0002303165,0
0.0002303165,0
0.001898907,0
5.851092e-05,0
1.168701e-06,0
6.653031e-05,0
2.03636e-06,0
4.316422e-07,0
2.023005e-06,0
0.0007386788,0
1.131364e-06,0
0.0002303165,0
