Score,Label
0.9999998,1
1,1
1,1
0.9999976,1
0.9999996,1
0.9999999,1
0.8801925,1
0.9999979,1
0.9999987,1
0.9997861,1
0.9828152,1
1,1
0.08358207,1
1,1
0.9999943,1
1,1
0.9994698,1
1,1
1,1
0.9926901,1
1,1
1,1
1,1
1,1
1,1
1,1
0.9999985,1
1,1
1,1
0.9999999,1
0.9998727,1
0.9422437,1
1,1
1,1
1,1
1,1
1,1
1,1
1,1
1,1
1,1
0.8971744,1
1,1
1,1
0.9999985,1
1,1
1,1
1,1
1,1
1,1
9.934505e-09,0
3.101233e-07,0
1.226906e-06,0
1.385322e-06,0
0.06073502,0
0.8289477,0
0.9949768,0
1.488458e-06,0
0.5004675,0
0.5489535,0
1.496209e-05,0
1.8153e-07,0
0.5004675,0
0.976813,0
0.999785,0
3.983075e-07,0
1.6511e-06,0
0.5004675,0
8.114534e-06,0
0.0001238861,0
0.5004675,0
6.592778e-06,0
0.5004675,0
5.676947e-07,0
0.003024851,0
3.50669e-05,0
1.657863e-05,0
4.938307e-05,0
3.438505e-07,0
1.370415e-05,0
7.134768e-05,0
2.635689e-07,0
2.100032e-08,0
1.370415e-05,0
3.50669e-05,0
1.20641e-07,0
0.003024851,0
8.894695e-08,0
6.027139e-05,0
2.717667e-06,0
4.504245e-05,0
0.5004675,0
0.5004675,0
0.9167924,0
5.676947e-07,0
0.0001350159,0
8.894695e-08,0
3.722595e-05,0
1.80468e-07,0
0.0001350159,0
