Score,Label
0.4516909,1
0.99972,1
0.01623722,1
1.433696e-05,1
1,1
1,1
0.9997941,1
1,1
0.9999992,1
0.9999989,1
6.970315e-06,1
1,1
1,1
1,1
0.9997941,1
0.9997941,1
8.40608e-07,0
2.168888e-10,0
5.866729e-10,0
6.934565e-10,0
8.701511e-10,0
1.391323e-08,0
1.088022e-08,0
6.934565e-10,0
0.004110681,0
1.391323e-08,0
1.312995e-10,0
2.168888e-10,0
2.168888e-10,0
0.0003347876,0
3.820873e-11,0
0.000212047,0
