Score,Label
0.001155364,1
0.3327692,1
0.1000552,1
0.4998553,1
0.1000552,1
0.001769638,1
0.1000552,1
0.1000552,1
0.3327692,1
0.1000552,1
0.8692861,1
0.9988219,1
0.4998553,1
0.654708,1
0.9999957,1
0.654708,1
0.654708,1
0.0007865537,1
0.9999931,1
0.9999566,1
0.9999981,1
0.9999988,1
0.9999981,1
0.9999501,1
0.999985,1
0.9999981,1
0.9999566,1
0.9999973,1
0.999992,1
0.001155364,1
0.3327692,1
0.1000552,1
0.4998553,1
0.1000552,1
0.001769638,1
0.1000552,1
0.3327692,1
0.8692861,1
0.4998553,1
0.004345162,1
0.9981074,1
0.0004328196,1
0.9677156,1
0.0004328196,1
0.0004328196,1
0.9981074,1
0.9933923,1
0.9999993,1
0.9999694,1
0.0004328196,1
0.8032631,1
0.1789184,1
0.9997925,1
1,1
0.9997925,1
0.9999999,1
0.9997925,1
0.999999,1
0.9997925,1
0.9997925,1
0.9997925,1
0.9999856,1
1,1
0.1000552,1
0.9999642,1
0.9988219,1
0.9993617,1
0.654708,1
0.03562807,1
0.008898539,1
0.9030796,1
0.008898539,1
0.9997113,1
0.008898539,1
0.03562807,1
0.9999998,1
0.9030796,1
0.0008489523,1
0.007779509,1
0.007779509,1
0.007779509,1
0.0008489523,1
0.9999937,1
0.9999964,1
0.1000552,1
0.4998553,0
0.1000552,0
0.3327692,0
0.001769638,0
0.1000552,0
0.4998553,0
0.1000552,0
0.001155364,0
0.1000552,0
0.4998553,0
0.1000552,0
0.8692861,0
0.3327692,0
0.1000552,0
0.1000552,0
0.4998553,0
0.4998553,0
0.001155364,0
0.001769638,0
0.1000552,0
0.001358323,0
0.1000552,0
0.001358323,0
2.791356e-05,0
0.4998553,0
0.3327692,0
0.4998553,0
0.1000552,0
0.001155364,0
0.4998553,0
0.000348584,0
0.3327692,0
0.4998553,0
0.3327692,0
0.1000552,0
0.001155364,0
0.4998553,0
0.3327692,0
0.1000552,0
0.001769638,0
0.0008798208,0
0.3327692,0
0.001769638,0
0.8792305,0
0.1000552,0
0.1000552,0
0.001769638,0
0.001220237,0
0.1000552,0
0.3327692,0
0.1000552,0
0.1000552,0
0.1000552,0
0.654708,0
0.000348584,0
0.8692861,0
0.4998553,0
0.1000552,0
0.1000552,0
2.791356e-05,0
0.3327692,0
0.8692861,0
0.1000552,0
0.1000552,0
0.8792305,0
0.1000552,0
0.3327692,0
0.1000552,0
0.8692861,0
0.4998553,0
0.3327692,0
0.0008798208,0
0.1000552,0
0.1000552,0
0.1000552,0
0.1000552,0
0.1000552,0
0.8692861,0
0.001155364,0
0.8692861,0
0.3327692,0
0.3327692,0
0.4998553,0
0.001769638,0
0.3327692,0
