Score,Label
0.9997874,1
1,1
1,1
1,1
1,1
1,1
1,1
1,1
1,1
0.3336679,1
0.9998641,1
0.9975404,1
0.7014125,1
1,1
1,1
1,1
0.9999809,1
1,1
1,1
0.9999361,1
0.9708459,1
0.9999057,1
0.8873387,1
0.8873387,1
0.999997,1
1.723552e-05,1
0.9999998,1
0.9980514,1
0.04651146,1
0.9999999,1
0.9999807,1
1,1
1,1
0.7976776,1
1,1
0.9999996,1
0.9998851,1
1,1
1,1
1,1
1,1
1,1
1,1
1,1
1,1
0.9998851,1
0.9999983,1
0.9995534,1
0.9999945,1
1,1
1,1
1,1
1,1
0.9993955,1
0.9999927,1
0.9955109,1
0.9999237,1
0.9999237,1
0.06938244,1
0.06938244,1
0.2590534,1
9.360949e-05,0
9.360949e-05,0
2.917778e-05,0
0.1816938,0
3.761076e-05,0
0.1816938,0
0.9999952,0
0.0003226995,0
0.0001688346,0
0.0001523978,0
2.551841e-05,0
0.7005377,0
9.360949e-05,0
0.1816938,0
0.01230333,0
4.080191e-06,0
6.434434e-06,0
2.551841e-05,0
0.1816938,0
0.1816938,0
2.551841e-05,0
2.551841e-05,0
7.815813e-06,0
2.551841e-05,0
0.0001923221,0
0.001224765,0
0.08552459,0
7.794242e-07,0
7.777878e-06,0
0.00290766,0
0.00290766,0
6.434434e-06,0
0.0001523978,0
0.0001523978,0
2.917778e-05,0
3.761076e-05,0
2.917778e-05,0
0.09731296,0
5.291353e-06,0
0.0004772157,0
0.1816938,0
2.551841e-05,0
0.002108528,0
0.9999996,0
7.251189e-07,0
0.1816938,0
0.1816938,0
0.1816938,0
7.794242e-07,0
1.888617e-05,0
0.0003226995,0
0.0004772157,0
4.828119e-06,0
0.7005377,0
0.002108528,0
3.827573e-05,0
0.9997874,0
3.891511e-05,0
6.757942e-07,0
2.551841e-05,0
3.827573e-05,0
