Score,Label
1,1
0.9999951,1
1,1
1,1
1,1
1,1
1,1
1,1
0.9926143,1
0.9999995,1
1.669971e-06,0
1,0
1.45351e-08,0
4.074685e-06,0
1.602362e-09,0
1.602362e-09,0
1.602362e-09,0
6.715662e-07,0
1.669971e-06,0
1.602362e-09,0
