Score,Label
1,1
1,1
1,1
1,1
1,1
1,1
1,1
1,1
1,1
1,1
1,1
1,1
1,1
1,1
1,1
1,1
1,1
1,1
1,1
1,1
1,1
1,1
1,1
1,1
1,1
9.633605e-06,0
4.633937e-12,0
2.517132e-12,0
2.242853e-08,0
1.224757e-05,0
3.595516e-12,0
0.003397111,0
5.622952e-07,0
0.0001014748,0
1.949811e-11,0
0.0004220063,0
1.053042e-11,0
0.004141375,0
5.241918e-10,0
0.004141375,0
2.686915e-08,0
5.935171e-07,0
0.0003654869,0
8.70865e-10,0
2.036266e-13,0
3.972341e-09,0
7.353367e-06,0
0.004141375,0
1.920298e-07,0
1.077667e-05,0
