Score,Label
0.9999999,1
0.9016387,1
0.4990715,1
1,1
1,1
0.9999999,1
0.9999999,1
1,1
0.999994,1
1,1
1,1
1,1
0.9999998,1
0.9999999,1
1,1
1,1
0.5043749,1
0.923908,1
0.9999999,1
0.9999999,1
0.0006444486,0
4.130088e-07,0
3.421738e-06,0
0.0006444486,0
0.1986273,0
0.0006444486,0
7.485844e-06,0
0.1986273,0
1.196532e-05,0
3.421738e-06,0
0.001946282,0
9.087007e-07,0
0.0006444486,0
4.525548e-08,0
0.1986273,0
2.013986e-06,0
4.198046e-05,0
3.421738e-06,0
0.1986273,0
1.837779e-07,0
