Score,Label
1,1
1,1
1,1
1,1
0.9994996,1
1,1
1,1
1,1
1,1
0.9995491,1
1,1
1,1
1,1
1,1
1,1
1,1
1,1
1,1
1,1
1,1
1,1
1,1
1,1
0.9497436,1
0.359378,1
6.532856e-05,1
1,1
1,1
1,1
1,1
1,1
9.357097e-08,0
1.495174e-07,0
8.264145e-09,0
0.0005116314,0
7.988969e-05,0
4.788957e-07,0
2.169469e-08,0
2.236096e-07,0
8.440608e-08,0
0.007657949,0
3.494866e-07,0
1,0
0.007657949,0
0.007657949,0
2.699614e-07,0
0.0001600352,0
8.295983e-09,0
0.000279802,0
0.007657949,0
0.0001428903,0
2.667312e-08,0
0.0002520713,0
2.266107e-05,0
9.532626e-08,0
1.283914e-06,0
2.821077e-08,0
3.846395e-05,0
0.9964427,0
2.816339e-09,0
2.06708e-08,0
0.002455486,0
