Score,Label
0.3465812,1
0.3465812,1
0.3465812,1
0.3465812,1
0.3465812,1
0.3465812,1
0.3465812,1
0.9992043,1
1,1
0.3465812,1
0.3465812,1
0.3465812,1
0.9960365,1
0.9960365,1
0.9960365,1
0.9960365,1
0.9960365,1
0.9960365,1
0.9960365,1
0.9960365,1
0.9960365,1
0.9960365,1
0.9792541,1
0.9792541,1
0.9792541,1
0.9792541,1
0.9792541,1
0.9792541,1
0.9792541,1
0.9792541,1
0.9792541,1
0.9792541,1
0.9571424,1
0.999838,1
0.999838,1
0.999838,1
0.999838,1
0.999838,1
0.999838,1
0.999838,1
0.9861535,1
0.5945855,1
0.999838,1
0.999838,1
0.999838,1
0.9999993,1
0.9999952,1
0.9999987,1
0.9949314,1
0.9949314,1
0.9949314,1
0.9949314,1
0.9949314,1
0.9949314,1
0.9949314,1
0.9999995,1
0.9988375,1
0.9058632,1
0.9949314,1
0.9949314,1
0.9960443,1
0.9949314,1
0.6948333,1
0.9999999,1
0.9999952,1
0.976445,1
0.3376378,1
0.3376378,1
0.9999952,1
0.999985,1
0.9999952,1
5.684402e-05,0
0.1022353,0
3.504309e-09,0
3.504309e-09,0
0.7682168,0
1.685281e-05,0
3.504309e-09,0
0.7682168,0
0.7057258,0
0.161179,0
0.7682168,0
0.7682168,0
1.685281e-05,0
1.685281e-05,0
0.0004551818,0
1.685281e-05,0
0.7682168,0
0.7682168,0
0.7682168,0
0.00277128,0
5.127041e-05,0
1.685281e-05,0
3.504309e-09,0
5.684402e-05,0
0.0002886918,0
3.504309e-09,0
1.685281e-05,0
0.0009538075,0
0.001396987,0
0.00191936,0
5.684402e-05,0
0.7682168,0
3.504309e-09,0
5.127041e-05,0
1.685281e-05,0
3.504309e-09,0
1.685281e-05,0
0.7682168,0
0.0002667298,0
3.504309e-09,0
1.685281e-05,0
5.684402e-05,0
0.0001179415,0
0.7682168,0
5.684402e-05,0
0.04142256,0
0.0002667298,0
0.1022353,0
0.7682168,0
5.684402e-05,0
5.684402e-05,0
0.0004551818,0
0.7682168,0
0.7682168,0
1.685281e-05,0
0.7682168,0
0.0002886918,0
0.7682168,0
0.4057405,0
1.685281e-05,0
1.429538e-05,0
0.7682168,0
5.127041e-05,0
1.685281e-05,0
1.685281e-05,0
5.127041e-05,0
0.7682168,0
0.0004551818,0
1.685281e-05,0
1.685281e-05,0
1.685281e-05,0
