Score,Label
5.569186e-05,1
5.569186e-05,1
5.569186e-05,1
5.569186e-05,1
5.569186e-05,1
5.569186e-05,1
5.569186e-05,1
0.9988108,1
0.9999886,1
5.569186e-05,1
5.569186e-05,1
5.569186e-05,1
0.7742972,1
0.7742972,1
0.7742972,1
0.7742972,1
0.7742972,1
0.7742972,1
0.7742972,1
0.7742972,1
0.7742972,1
0.7742972,1
0.9970817,1
0.9970817,1
0.9970817,1
0.9970817,1
0.9970817,1
0.9970817,1
0.9970817,1
0.9970817,1
0.9970817,1
0.9970817,1
0.9944848,1
0.0001060458,1
0.0001060458,1
0.0001060458,1
0.0001060458,1
0.0001060458,1
0.0001060458,1
0.0001060458,1
0.2983828,1
0.01256097,1
0.0001060458,1
0.0001060458,1
0.0001060458,1
0.8490497,1
0.9998516,1
0.9997335,1
0.9917572,1
0.9917572,1
0.9917572,1
0.9917572,1
0.9917572,1
0.9917572,1
0.9917572,1
0.9999665,1
0.9903149,1
0.03259537,1
0.9917572,1
0.9917572,1
0.9989415,1
0.9917572,1
0.3474518,1
0.9997334,1
0.9998516,1
0.9834056,1
0.8868072,1
0.8868072,1
0.9998516,1
0.9991201,1
0.9998516,1
0.7713695,0
6.644177e-09,0
0.7713695,0
3.558241e-05,0
3.558241e-05,0
0.7713695,0
0.7713695,0
0.01413289,0
0.0009212589,0
0.00211725,0
6.644177e-09,0
0.2056058,0
0.7713695,0
0.7713695,0
0.2056058,0
5.523704e-05,0
3.558241e-05,0
1.3166e-05,0
3.558241e-05,0
3.558241e-05,0
3.558241e-05,0
0.7713695,0
0.7713695,0
0.000612498,0
0.2056058,0
3.558241e-05,0
0.002136983,0
0.000612498,0
0.7713695,0
0.7713695,0
0.000505922,0
3.558241e-05,0
6.644177e-09,0
0.2293371,0
3.558241e-05,0
0.0009212589,0
3.558241e-05,0
3.558241e-05,0
0.7713695,0
0.000505922,0
3.558241e-05,0
0.000612498,0
0.7713695,0
3.558241e-05,0
5.075804e-05,0
0.7713695,0
0.00211725,0
0.7713695,0
3.558241e-05,0
0.002136983,0
0.7713695,0
9.903319e-06,0
5.523704e-05,0
0.0002996149,0
9.576732e-05,0
5.075804e-05,0
0.002136983,0
0.7713695,0
3.558241e-05,0
0.002136983,0
3.558241e-05,0
0.7713695,0
5.075804e-05,0
0.7713695,0
3.558241e-05,0
5.523704e-05,0
0.0001398325,0
0.0009212589,0
3.558241e-05,0
0.2056058,0
3.558241e-05,0
