Score,Label
0.0007998446,1
0.0007998446,1
0.0007998446,1
0.0007998446,1
0.0007998446,1
0.0007998446,1
0.0007998446,1
0.9982396,1
0.9999853,1
0.0007998446,1
0.0007998446,1
0.0007998446,1
0.004547158,1
0.004547158,1
0.004547158,1
0.004547158,1
0.004547158,1
0.004547158,1
0.004547158,1
0.004547158,1
0.004547158,1
0.004547158,1
0.8957372,1
0.8957372,1
0.8957372,1
0.8957372,1
0.8957372,1
0.8957372,1
0.8957372,1
0.8957372,1
0.8957372,1
0.8957372,1
0.9980197,1
0.03496875,1
0.03496875,1
0.03496875,1
0.03496875,1
0.03496875,1
0.03496875,1
0.03496875,1
0.9472915,1
0.4101324,1
0.03496875,1
0.03496875,1
0.03496875,1
0.9888517,1
0.9998796,1
0.999447,1
0.08209202,1
0.08209202,1
0.08209202,1
0.08209202,1
0.08209202,1
0.08209202,1
0.08209202,1
0.9998481,1
0.9765195,1
0.9848344,1
0.08209202,1
0.08209202,1
0.9996459,1
0.08209202,1
0.8596809,1
0.9673978,1
0.9998796,1
0.9716825,1
0.005329108,1
0.005329108,1
0.9998796,1
0.9996858,1
0.9998796,1
6.604886e-06,0
6.604886e-06,0
6.604886e-06,0
0.7581815,0
0.001664286,0
6.604886e-06,0
0.0005334447,0
1.542661e-05,0
4.460879e-08,0
0.0005334447,0
6.604886e-06,0
6.604886e-06,0
4.460879e-08,0
0.001664286,0
1.461762e-07,0
0.0005334447,0
6.604886e-06,0
6.604886e-06,0
0.7581815,0
0.7581815,0
6.604886e-06,0
6.604886e-06,0
0.7581815,0
0.0001641005,0
0.1090289,0
0.1090289,0
0.001960283,0
6.604886e-06,0
6.604886e-06,0
0.7581815,0
0.7581815,0
6.604886e-06,0
0.0001641005,0
0.001514277,0
1.461762e-07,0
0.0007279817,0
0.7581815,0
1.461762e-07,0
0.0002129119,0
4.460879e-08,0
0.001960283,0
6.604886e-06,0
0.7581815,0
0.0002098863,0
0.0007279817,0
0.0001641005,0
0.001664286,0
0.7581815,0
0.001664286,0
0.0002129119,0
1.06943e-06,0
6.604886e-06,0
0.7581815,0
4.460879e-08,0
4.270028e-06,0
0.7581815,0
6.604886e-06,0
6.604886e-06,0
6.604886e-06,0
0.0007279817,0
0.7581815,0
0.0002129119,0
0.7581815,0
6.604886e-06,0
0.0002129119,0
1.194662e-06,0
0.7581815,0
4.460879e-08,0
0.7581815,0
6.604886e-06,0
1.194662e-06,0
