Score,Label
3.032563e-07,1
3.032563e-07,1
3.032563e-07,1
3.032563e-07,1
3.032563e-07,1
3.032563e-07,1
3.032563e-07,1
0.9986899,1
0.9999996,1
3.032563e-07,1
3.032563e-07,1
3.032563e-07,1
1.076602e-06,1
1.076602e-06,1
1.076602e-06,1
1.076602e-06,1
1.076602e-06,1
1.076602e-06,1
1.076602e-06,1
1.076602e-06,1
1.076602e-06,1
1.076602e-06,1
0.3414455,1
0.3414455,1
0.3414455,1
0.3414455,1
0.3414455,1
0.3414455,1
0.3414455,1
0.3414455,1
0.3414455,1
0.3414455,1
0.9412015,1
0.0005357331,1
0.0005357331,1
0.0005357331,1
0.0005357331,1
0.0005357331,1
0.0005357331,1
0.0005357331,1
0.9942852,1
0.9871236,1
0.0005357331,1
0.0005357331,1
0.0005357331,1
0.2541549,1
0.9807897,1
0.9988075,1
2.568475e-05,1
2.568475e-05,1
2.568475e-05,1
2.568475e-05,1
2.568475e-05,1
2.568475e-05,1
2.568475e-05,1
0.9999373,1
0.951485,1
0.9926679,1
2.568475e-05,1
2.568475e-05,1
0.5224922,1
2.568475e-05,1
0.9904348,1
0.01348686,1
0.9807897,1
0.963978,1
0.006275672,1
0.006275672,1
0.9807897,1
0.9943439,1
0.9807897,1
0.775941,0
4.888211e-05,0
6.734894e-09,0
5.623381e-07,0
0.001269803,0
0.06124859,0
0.0001921628,0
0.775941,0
0.0001921628,0
3.677967e-08,0
0.775941,0
0.775941,0
6.734894e-09,0
0.129122,0
3.677967e-08,0
6.734894e-09,0
3.677967e-08,0
3.677967e-08,0
0.775941,0
3.677967e-08,0
3.677967e-08,0
0.775941,0
3.677967e-08,0
3.677967e-08,0
3.677967e-08,0
6.734894e-09,0
1.871033e-06,0
3.677967e-08,0
0.775941,0
2.099729e-11,0
3.677967e-08,0
0.06124859,0
5.623381e-07,0
3.677967e-08,0
0.001269803,0
1.871033e-06,0
0.129122,0
0.001269803,0
0.775941,0
0.775941,0
0.775941,0
3.677967e-08,0
0.775941,0
4.424925e-11,0
0.0002948233,0
0.001269803,0
6.734894e-09,0
4.424925e-11,0
0.0002948233,0
6.734894e-09,0
3.677967e-08,0
0.000112512,0
3.677967e-08,0
0.129122,0
0.775941,0
6.734894e-09,0
6.734894e-09,0
3.677967e-08,0
0.0002376969,0
3.677967e-08,0
3.677967e-08,0
3.677967e-08,0
2.099729e-11,0
1.00853e-05,0
3.677967e-08,0
3.677967e-08,0
2.099729e-11,0
0.129122,0
3.677967e-08,0
3.677967e-08,0
3.677967e-08,0
