Score,Label
8.417474e-08,1
8.417474e-08,1
8.417474e-08,1
8.417474e-08,1
8.417474e-08,1
8.417474e-08,1
8.417474e-08,1
0.9967079,1
0.9999981,1
8.417474e-08,1
8.417474e-08,1
8.417474e-08,1
0.0001012658,1
0.0001012658,1
0.0001012658,1
0.0001012658,1
0.0001012658,1
0.0001012658,1
0.0001012658,1
0.0001012658,1
0.0001012658,1
0.0001012658,1
0.3096651,1
0.3096651,1
0.3096651,1
0.3096651,1
0.3096651,1
0.3096651,1
0.3096651,1
0.3096651,1
0.3096651,1
0.3096651,1
0.2422729,1
3.019781e-05,1
3.019781e-05,1
3.019781e-05,1
3.019781e-05,1
3.019781e-05,1
3.019781e-05,1
3.019781e-05,1
0.8391073,1
0.1113845,1
3.019781e-05,1
3.019781e-05,1
3.019781e-05,1
0.2575295,1
0.9824738,1
0.9955309,1
0.001001551,1
0.001001551,1
0.001001551,1
0.001001551,1
0.001001551,1
0.001001551,1
0.001001551,1
0.9999591,1
0.9912959,1
0.260002,1
0.001001551,1
0.001001551,1
0.9983126,1
0.001001551,1
0.2486979,1
0.4084105,1
0.9824738,1
0.9154822,1
0.1432496,1
0.1432496,1
0.9824738,1
0.9934597,1
0.9824738,1
1.51378e-08,0
1.51378e-08,0
7.85487e-07,0
5.699281e-06,0
1.51378e-08,0
0.0004521667,0
5.699281e-06,0
3.509332e-06,0
8.520289e-06,0
7.85487e-07,0
0.7884394,0
1.418021e-06,0
0.7884394,0
0.1226343,0
0.7884394,0
1.51378e-08,0
6.68553e-05,0
1.51378e-08,0
0.7884394,0
7.85487e-07,0
0.7884394,0
0.001440784,0
1.51378e-08,0
0.1147701,0
0.002874453,0
0.01345151,0
0.7884394,0
1.51378e-08,0
5.699281e-06,0
5.699281e-06,0
1.51378e-08,0
0.002874453,0
0.7884394,0
1.51378e-08,0
8.520289e-06,0
0.002676891,0
0.001440784,0
0.002874453,0
7.85487e-07,0
0.7884394,0
0.7884394,0
1.51378e-08,0
0.7884394,0
0.1147701,0
0.7884394,0
1.51378e-08,0
0.002676891,0
1.51378e-08,0
7.85487e-07,0
1.51378e-08,0
1.51378e-08,0
5.699281e-06,0
0.7884394,0
1.51378e-08,0
0.0001143184,0
5.3752e-07,0
1.51378e-08,0
0.002874453,0
5.699281e-06,0
0.0001143184,0
1.51378e-08,0
7.85487e-07,0
0.7884394,0
1.51378e-08,0
7.66094e-05,0
0.002874453,0
7.85487e-07,0
5.699281e-06,0
1.51378e-08,0
5.3752e-07,0
0.7884394,0
