Score,Label
8.224674e-05,1
8.224674e-05,1
8.224674e-05,1
8.224674e-05,1
8.224674e-05,1
8.224674e-05,1
8.224674e-05,1
0.9990599,1
0.9999998,1
8.224674e-05,1
8.224674e-05,1
8.224674e-05,1
0.002495828,1
0.002495828,1
0.002495828,1
0.002495828,1
0.002495828,1
0.002495828,1
0.002495828,1
0.002495828,1
0.002495828,1
0.002495828,1
0.9977612,1
0.9977612,1
0.9977612,1
0.9977612,1
0.9977612,1
0.9977612,1
0.9977612,1
0.9977612,1
0.9977612,1
0.9977612,1
0.5308644,1
6.891441e-06,1
6.891441e-06,1
6.891441e-06,1
6.891441e-06,1
6.891441e-06,1
6.891441e-06,1
6.891441e-06,1
0.01145228,1
0.02190341,1
6.891441e-06,1
6.891441e-06,1
6.891441e-06,1
0.00761176,1
0.9779009,1
0.9684262,1
0.01901364,1
0.01901364,1
0.01901364,1
0.01901364,1
0.01901364,1
0.01901364,1
0.01901364,1
0.9999996,1
0.9997302,1
0.2496397,1
0.01901364,1
0.01901364,1
0.35965,1
0.01901364,1
0.5443957,1
0.001128569,1
0.9779009,1
0.9832898,1
0.001551688,1
0.001551688,1
0.9779009,1
0.9994105,1
0.9779009,1
0.7951654,0
1.105255e-09,0
0.7007462,0
0.7951654,0
8.550763e-08,0
5.320905e-06,0
0.1163601,0
8.550763e-08,0
8.550763e-08,0
8.550763e-08,0
8.550763e-08,0
8.550763e-08,0
8.550763e-08,0
3.77616e-06,0
8.550763e-08,0
8.550763e-08,0
0.7951654,0
8.550763e-08,0
8.550763e-08,0
8.550763e-08,0
8.550763e-08,0
8.550763e-08,0
0.7951654,0
0.7951654,0
0.0012118,0
0.7951654,0
8.550763e-08,0
8.550763e-08,0
1.788545e-06,0
1.105255e-09,0
0.7951654,0
8.550763e-08,0
0.7951654,0
0.7951654,0
0.003974763,0
1.105255e-09,0
0.1163601,0
8.550763e-08,0
5.895045e-05,0
0.7951654,0
0.0006246985,0
0.7951654,0
0.0012118,0
0.003974763,0
3.77616e-06,0
0.7951654,0
1.105255e-09,0
5.320905e-06,0
4.433796e-06,0
0.7951654,0
0.7951654,0
8.550763e-08,0
0.0006246985,0
0.0001376027,0
1.105255e-09,0
8.550763e-08,0
0.003974763,0
0.003974763,0
5.895045e-05,0
5.895045e-05,0
0.7951654,0
8.550763e-08,0
1.105255e-09,0
0.0012118,0
5.359764e-06,0
8.550763e-08,0
1.105255e-09,0
8.550763e-08,0
0.7951654,0
3.77616e-06,0
0.003974763,0
