Score,Label
0.9999583,1
0.9999583,1
0.3594669,1
0.9978799,1
0.9999583,1
0.8095987,1
0.9999583,1
0.9331518,1
0.9914629,1
0.9839696,1
0.9054947,1
1,1
1,1
1,1
1,1
0.9999994,1
0.9999994,1
0.0009003926,1
0.9999994,1
0.9999994,1
0.9999994,1
0.9999032,1
0.8298185,1
0.8298185,1
0.8298185,1
0.8298185,1
0.8298185,1
0.1176122,1
0.8298185,1
0.8298185,1
0.9998702,1
0.9999419,1
0.9999419,1
0.9602639,1
0.9999977,1
0.9999977,1
0.9602639,1
0.9999999,1
0.9999999,1
0.9999999,1
0.9999999,1
0.9992799,1
0.9992799,1
0.8477783,1
0.1014068,1
0.8358234,1
0.999999,1
0.4190455,1
0.8358234,1
0.1014068,1
0.9342005,1
0.001314067,1
0.0002261716,1
1,1
0.9999983,1
0.9999983,1
1,1
0.9999549,1
1,1
1,1
1,1
0.3842692,1
0.9999818,1
0.9999818,1
0.01350103,1
0.9999818,1
0.8265729,1
0.8265729,1
0.9430128,1
0.0001485886,1
0.9999995,1
0.9999995,1
5.150484e-09,0
0.008474422,0
0.01819473,0
1.538101e-09,0
0.01350103,0
0.01391009,0
9.714678e-11,0
0.0001105921,0
0.0006305568,0
0.8298185,0
0.0001485886,0
2.588354e-07,0
0.883102,0
0.001306268,0
0.000118829,0
0.01300118,0
0.7312012,0
0.0001105921,0
0.01023088,0
0.0003077296,0
1.058267e-05,0
0.8298185,0
0.8298185,0
8.902958e-06,0
0.0006305568,0
0.008474422,0
0.0001485886,0
7.153556e-11,0
0.001113202,0
0.158503,0
3.609588e-05,0
0.9408568,0
0.003095361,0
0.3045458,0
0.8880675,0
2.837556e-13,0
0.002601102,0
0.7078229,0
0.6357548,0
2.111094e-06,0
0.0006305568,0
3.681878e-11,0
0.8298185,0
0.6777346,0
3.794415e-06,0
5.129966e-08,0
0.0006305568,0
0.0001485886,0
0.0001105921,0
0.05785884,0
2.111094e-06,0
1.915929e-06,0
2.111094e-06,0
0.0001105921,0
7.257808e-09,0
0.944176,0
2.669072e-12,0
0.9760751,0
1.668186e-10,0
3.261564e-08,0
0.0001105921,0
6.261387e-07,0
0.0053717,0
0.0009003926,0
2.111094e-06,0
0.008137323,0
0.730039,0
0.01409246,0
0.1176122,0
0.8358234,0
1.929941e-08,0
0.0001105921,0
