Score,Label
0.9999973,1
0.9999973,1
0.9973012,1
0.9999973,1
0.9999998,1
0.999863,1
0.9866194,1
0.9995715,1
0.999999,1
0.999999,1
0.9999561,1
0.9999348,1
0.999969,1
0.7647408,1
0.8363572,1
0.8363572,1
0.8004455,1
0.9999467,1
0.9988878,1
0.02767332,1
0.9999467,1
0.8437674,1
3.855212e-07,1
0.8363572,1
0.8363572,1
0.9999244,1
0.9999244,1
0.9999244,1
0.9999244,1
0.8969297,1
0.9998141,1
0.9997678,1
0.9992867,1
0.9998629,1
0.008413806,1
0.9992867,1
7.818713e-07,1
0.7897561,1
0.9999985,1
0.9956517,1
0.3141454,1
0.9999973,1
0.9999973,1
0.4269158,1
0.9998287,1
3.855212e-07,1
0.9984456,1
0.9984456,1
0.02592794,0
2.418431e-09,0
0.0001992133,0
8.027713e-10,0
0.02592794,0
6.615868e-06,0
0.02592794,0
0.4269158,0
0.00840445,0
1.204202e-08,0
0.02592794,0
3.590836e-07,0
0.04219356,0
2.140839e-06,0
0.8060912,0
0.006005292,0
0.002114274,0
0.09751335,0
0.0004881837,0
0.8363572,0
0.006164652,0
0.7066759,0
0.3543051,0
0.000119194,0
0.02634646,0
2.881845e-05,0
0.04495668,0
1.07247e-09,0
0.02592794,0
0.0004686411,0
7.925442e-11,0
0.9763088,0
8.73316e-06,0
0.03031611,0
0.9969484,0
2.877063e-08,0
0.02592794,0
0.3130885,0
1.182053e-06,0
0.001861345,0
5.432015e-08,0
4.082437e-08,0
0.09751335,0
0.0002353291,0
1.046338e-05,0
0.009942632,0
0.09751335,0
0.02592794,0
