Score,Label
0.9999992,1
0.9999992,1
0.8635733,1
0.8635733,1
0.6649005,1
0.407397,1
0.9999828,1
0.9999828,1
0.9999828,1
0.9999828,1
0.6385741,1
0.9999946,1
0.9999946,1
0.6385741,1
0.8635733,1
0.9999994,1
0.9999994,1
0.9999994,1
0.9997693,1
0.9999994,1
0.9999994,1
0.9999624,1
0.9697459,1
0.9990155,1
0.9998605,1
0.9218764,1
0.9990155,1
0.9999981,1
0.9999912,1
0.9998605,1
0.9998605,1
0.7564484,1
0.9218764,1
0.9218764,1
0.0004554761,1
0.9999599,1
0.9914625,1
0.5079309,1
0.8447426,1
0.8447426,1
0.3358217,1
0.9999712,1
0.9999998,1
0.8635733,1
0.7002966,1
0.6385741,0
0.0002032986,0
0.0002487098,0
0.009989392,0
3.390506e-06,0
0.9984165,0
0.02816615,0
0.8635733,0
0.4525564,0
0.9314511,0
0.0003439724,0
0.02816615,0
0.01170033,0
0.3111255,0
0.02816615,0
1.692517e-07,0
0.02196041,0
0.02816615,0
0.02816615,0
0.02816615,0
3.113014e-07,0
0.0002032986,0
0.01326746,0
0.02816615,0
0.0003439724,0
1.735548e-05,0
0.006480179,0
0.004916791,0
1.341707e-05,0
1.810587e-05,0
0.02816615,0
1.070691e-05,0
0.9410545,0
0.005549259,0
0.004834954,0
0.0003439724,0
0.002045126,0
0.02816615,0
4.950897e-05,0
5.515903e-05,0
0.02816615,0
0.0003439724,0
0.8635733,0
0.8635733,0
0.0002032986,0
