Score,Label
0.999999,1
0.999999,1
0.999999,1
0.999999,1
0.999999,1
0.999999,1
0.9999955,1
0.9999955,1
0.9999955,1
0.9999955,1
0.9999955,1
0.9999955,1
0.8955817,1
0.2796195,1
0.9999987,1
0.9999987,1
0.9999987,1
0.9999987,1
0.9999987,1
0.9999987,1
0.999997,1
0.5085571,1
0.999997,1
0.999997,1
0.999997,1
0.8712086,1
0.9845014,1
0.999997,1
0.999997,1
0.8955817,1
0.9999986,1
0.9999986,1
0.9999986,1
0.9999986,1
0.9999986,1
0.9999986,1
0.9999986,1
0.9999998,1
0.9946326,1
0.9987782,1
0.9946326,1
0.9999998,1
0.9999998,1
0.9999998,1
0.003788987,1
0.9999334,1
0.9987782,1
0.9946326,1
0.003223604,1
0.8955817,1
4.20493e-09,1
0.9999999,1
0.9999999,1
1,1
0.9712007,1
0.9999797,1
1,1
0.0003635204,1
0.9997213,1
0.0003635204,1
1.097502e-05,1
1.097502e-05,1
0.9999999,1
0.9999999,1
0.9999999,1
0.2796195,1
0.003223604,1
0.003223604,1
4.711245e-07,0
0.07980061,0
6.18421e-07,0
4.779364e-09,0
7.393975e-05,0
6.66183e-05,0
1.017499e-10,0
4.250298e-11,0
0.0002551604,0
6.398454e-05,0
6.18421e-07,0
9.869041e-10,0
2.520602e-11,0
0.8955817,0
1.235619e-05,0
2.293492e-09,0
0.0004387558,0
1.594326e-06,0
7.865899e-06,0
6.18421e-07,0
2.406387e-06,0
0.001327852,0
0.002234841,0
6.66183e-05,0
0.003215442,0
5.610998e-06,0
1.41242e-08,0
2.067948e-07,0
0.6559302,0
3.967165e-07,0
6.66183e-05,0
3.6502e-09,0
0.2796195,0
2.067948e-07,0
8.4781e-06,0
0.8955817,0
6.973765e-06,0
0.0001126868,0
1.52915e-10,0
0.5358697,0
4.711245e-07,0
0.9695533,0
2.347563e-12,0
1.596578e-05,0
0.01431863,0
0.8955817,0
6.66183e-05,0
0.005814345,0
0.2796195,0
6.18421e-07,0
6.18421e-07,0
5.2572e-09,0
0.8955817,0
6.18421e-07,0
1.235619e-05,0
0.0004476928,0
7.812419e-13,0
7.393975e-05,0
0.001680158,0
0.2796195,0
1.502658e-05,0
0.2796195,0
6.18421e-07,0
6.210626e-05,0
6.18421e-07,0
6.18421e-07,0
4.250298e-11,0
8.013569e-06,0
