Score,Label
0.371724,1
0.371724,1
0.371724,1
0.371724,1
0.371724,1
1,1
0.371724,1
0.371724,1
0.371724,1
0.9998168,1
0.9918516,1
0.2501113,1
0.7953072,1
0.9918516,1
0.0212934,1
2.401014e-06,1
2.330593e-05,1
2.401014e-06,1
2.401014e-06,1
2.401014e-06,1
2.401014e-06,1
0.9952831,1
4.047914e-06,1
0.08873525,1
2.401014e-06,1
2.401014e-06,1
0.9952831,1
2.401014e-06,1
0.1088005,1
0.7953072,1
0.1088005,1
0.002237943,1
0.006348104,1
0.005742161,1
0.006348104,1
0.006348104,1
0.006348104,1
0.006348104,1
0.005742161,1
0.08422354,1
0.9999744,1
0.9999962,1
0.006348104,1
0.006348104,1
0.005742161,1
0.006348104,1
2.321389e-05,1
2.321389e-05,1
2.321389e-05,1
2.321389e-05,1
2.321389e-05,1
2.321389e-05,1
2.321389e-05,1
2.321389e-05,1
0.9937279,1
0.0003100652,0
1.176783e-06,0
6.136804e-07,0
0.1162965,0
0.0001005459,0
1.176783e-06,0
1.176783e-06,0
4.086312e-06,0
3.369926e-06,0
0.007404458,0
2.018543e-06,0
0.7953072,0
0.03917313,0
0.004431081,0
0.7953072,0
0.996651,0
6.136804e-07,0
1.649914e-05,0
0.08880926,0
4.086312e-06,0
1.5766e-05,0
0.8978913,0
0.0005062784,0
0.04674085,0
0.001913399,0
0.2501113,0
0.2501113,0
2.032856e-06,0
1.649914e-05,0
0.7953072,0
8.475909e-06,0
0.001188815,0
0.009715313,0
1.013871e-05,0
0.0216938,0
0.7953072,0
0.005137622,0
0.0005062784,0
0.01300129,0
1.283904e-05,0
2.032856e-06,0
0.7953072,0
1.176783e-06,0
0.7953072,0
0.001134804,0
6.136804e-07,0
1.176783e-06,0
0.0002021786,0
1.176783e-06,0
0.001913399,0
0.2501113,0
0.2501113,0
1.649914e-05,0
6.136804e-07,0
1.501533e-06,0
