Score,Label
3.580243e-07,1
3.580243e-07,1
3.580243e-07,1
3.580243e-07,1
3.580243e-07,1
0.7068149,1
3.580243e-07,1
3.580243e-07,1
3.580243e-07,1
0.08415635,1
0.07507198,1
0.2172591,1
0.7564011,1
0.07507198,1
0.003045464,1
6.884583e-06,1
0.7729221,1
6.884583e-06,1
6.884583e-06,1
6.884583e-06,1
6.884583e-06,1
0.996142,1
0.0005461315,1
0.2806287,1
6.884583e-06,1
6.884583e-06,1
0.996142,1
6.884583e-06,1
0.01391432,1
0.7564011,1
0.01391432,1
0.8872563,1
1.290625e-06,1
0.8805465,1
1.290625e-06,1
1.290625e-06,1
1.290625e-06,1
1.290625e-06,1
0.8805465,1
0.8786413,1
0.6584008,1
2.012046e-05,1
1.290625e-06,1
1.290625e-06,1
0.8805465,1
1.290625e-06,1
4.00799e-05,1
4.00799e-05,1
4.00799e-05,1
4.00799e-05,1
4.00799e-05,1
4.00799e-05,1
4.00799e-05,1
4.00799e-05,1
0.03384982,1
0.5194831,0
0.7564011,0
0.001119667,0
0.0001383179,0
0.2172591,0
1.856545e-05,0
0.7564011,0
0.001733431,0
0.2172591,0
0.0002569643,0
0.0002569643,0
0.0002569643,0
0.7564011,0
0.0004823095,0
0.7564011,0
2.605336e-06,0
0.02886425,0
3.080527e-06,0
0.8122337,0
0.003045464,0
0.004649767,0
0.9841143,0
0.7564011,0
0.0002569643,0
2.605336e-06,0
0.002259275,0
0.002259275,0
0.001064187,0
0.7248949,0
0.01035038,0
0.0003732298,0
0.2172591,0
0.7564011,0
0.7564011,0
0.003381185,0
0.0001390615,0
0.2172591,0
0.2008255,0
2.605336e-06,0
0.002259275,0
0.02005923,0
0.0007139675,0
2.783917e-05,0
2.605336e-06,0
0.7564011,0
1.856545e-05,0
0.05557558,0
0.002259275,0
0.001762771,0
7.509423e-05,0
0.001301247,0
0.08298486,0
0.0001317208,0
0.7564011,0
0.001119667,0
