Score,Label
0.347631,1
0.347631,1
0.347631,1
0.347631,1
0.347631,1
0.9999994,1
0.347631,1
0.347631,1
0.347631,1
0.61814,1
0.9961157,1
0.2102234,1
0.8859046,1
0.9961157,1
0.7116198,1
1.503137e-05,1
0.8420151,1
1.503137e-05,1
1.503137e-05,1
1.503137e-05,1
1.503137e-05,1
0.9945181,1
0.003167698,1
0.002664363,1
1.503137e-05,1
1.503137e-05,1
0.9945181,1
1.503137e-05,1
0.9599586,1
0.8859046,1
0.9599586,1
0.003898365,1
0.0003490257,1
0.9392186,1
0.0003490257,1
0.0003490257,1
0.0003490257,1
0.0003490257,1
0.9392186,1
0.9110833,1
0.912056,1
0.07523502,1
0.0003490257,1
0.0003490257,1
0.9392186,1
0.0003490257,1
3.611578e-05,1
3.611578e-05,1
3.611578e-05,1
3.611578e-05,1
3.611578e-05,1
3.611578e-05,1
3.611578e-05,1
3.611578e-05,1
0.9998085,1
6.171836e-05,0
0.02543648,0
0.2102234,0
0.0007561424,0
0.8859046,0
0.0002760129,0
5.142211e-05,0
0.001806727,0
0.03245781,0
0.9921068,0
0.0007561424,0
0.00111238,0
0.2102234,0
0.2102234,0
1.847918e-05,0
0.0002516034,0
0.000748951,0
5.142211e-05,0
0.009859706,0
1.847918e-05,0
1.053961e-05,0
0.0001602409,0
0.2102234,0
0.8859046,0
0.001007481,0
0.002164449,0
5.142211e-05,0
0.2102234,0
1.847918e-05,0
0.001399776,0
0.0003716706,0
0.005233149,0
0.8859046,0
0.01252541,0
6.171836e-05,0
0.0006386063,0
0.0007561424,0
0.0579132,0
0.0007561424,0
0.2102234,0
0.8859046,0
0.2102234,0
0.0003313289,0
6.171836e-05,0
0.07635544,0
0.8859046,0
0.0002702011,0
0.001950536,0
0.01252541,0
0.001806727,0
0.0007561424,0
0.9901885,0
6.171836e-05,0
0.001623836,0
0.000748951,0
