Score,Label
0.01227965,1
0.01227965,1
0.01227965,1
0.01227965,1
0.01227965,1
0.9976861,1
0.01227965,1
0.01227965,1
0.01227965,1
0.1680356,1
0.14576,1
0.1146802,1
0.811575,1
0.14576,1
0.9652951,1
1.656627e-08,1
0.002098197,1
1.656627e-08,1
1.656627e-08,1
1.656627e-08,1
1.656627e-08,1
0.8175268,1
2.922671e-08,1
0.5280191,1
1.656627e-08,1
1.656627e-08,1
0.8175268,1
1.656627e-08,1
0.0002848749,1
0.811575,1
0.0002848749,1
5.583319e-07,1
6.490975e-06,1
0.008420714,1
6.490975e-06,1
6.490975e-06,1
6.490975e-06,1
6.490975e-06,1
0.008420714,1
0.8276091,1
0.1050213,1
0.9998472,1
6.490975e-06,1
6.490975e-06,1
0.008420714,1
6.490975e-06,1
2.996424e-07,1
2.996424e-07,1
2.996424e-07,1
2.996424e-07,1
2.996424e-07,1
2.996424e-07,1
2.996424e-07,1
2.996424e-07,1
0.9970729,1
2.765189e-06,0
0.811575,0
3.646667e-08,0
0.0002230375,0
0.0006960094,0
0.1146802,0
0.1146802,0
2.360768e-06,0
7.950892e-05,0
0.99958,0
2.163673e-06,0
0.1146802,0
1.892819e-07,0
0.00317204,0
1.342929e-07,0
0.749459,0
0.0002915629,0
2.765189e-06,0
0.811575,0
0.09461945,0
2.163673e-06,0
1.342929e-07,0
2.765189e-06,0
5.295791e-06,0
0.811575,0
0.811575,0
1.950506e-07,0
0.1146802,0
0.811575,0
3.646667e-08,0
0.811575,0
1.336275e-06,0
0.811575,0
1.342929e-07,0
0.811575,0
0.811575,0
0.811575,0
0.0006960094,0
0.638688,0
0.0008780215,0
6.692001e-08,0
8.178157e-05,0
7.387147e-06,0
0.811575,0
0.01185385,0
0.8213677,0
2.765189e-06,0
0.006239142,0
2.088235e-06,0
0.1146802,0
1.342929e-07,0
4.462687e-05,0
1.876588e-08,0
2.163673e-06,0
4.015335e-05,0
