Score,Label
0.9999975,1
0.9999975,1
0.9999975,1
0.9999975,1
1,1
0.9969816,1
0.8395503,1
0.9999982,1
0.0001163175,1
0.9997019,1
0.9997019,1
0.8431312,1
0.8431312,1
8.230081e-06,1
0.9999994,1
0.9997019,1
0.998376,1
0.9997019,1
0.8395503,1
0.9964253,1
0.9999938,1
0.9999938,1
0.9964253,1
0.8630548,1
0.9960288,1
0.9999938,1
0.4470071,1
1,1
0.9999945,1
0.9999955,1
0.9999955,1
0.9999945,1
1,1
0.9999945,1
0.9975733,1
0.8395503,0
0.0008306856,0
1.240131e-06,0
1.123985e-05,0
0.009773422,0
3.65782e-06,0
0.0001394729,0
2.980373e-06,0
0.0003257512,0
1.987612e-05,0
2.227276e-05,0
0.0934765,0
2.096167e-07,0
2.227276e-05,0
0.06139436,0
2.661641e-07,0
0.8214471,0
6.579826e-06,0
0.9999983,0
7.961407e-05,0
0.006588152,0
2.67182e-05,0
3.65782e-06,0
2.67182e-05,0
1.07306e-06,0
3.65782e-06,0
0.0001103086,0
0.004206961,0
2.227276e-05,0
2.227276e-05,0
5.788164e-05,0
9.397375e-08,0
0.2297514,0
0.001083725,0
1.346329e-06,0
