Score,Label
0.002021052,1
0.002021052,1
0.002021052,1
0.002021052,1
0.002021052,1
0.9999771,1
0.002021052,1
0.002021052,1
0.002021052,1
0.7714383,1
0.2554773,1
0.1544528,1
0.7679574,1
0.2554773,1
0.004721436,1
1.430244e-08,1
0.03235487,1
1.430244e-08,1
1.430244e-08,1
1.430244e-08,1
1.430244e-08,1
0.9931131,1
0.000293306,1
0.01505538,1
1.430244e-08,1
1.430244e-08,1
0.9931131,1
1.430244e-08,1
0.001603424,1
0.7679574,1
0.001603424,1
0.0007121837,1
3.375043e-06,1
0.005288588,1
3.375043e-06,1
3.375043e-06,1
3.375043e-06,1
3.375043e-06,1
0.005288588,1
0.8534179,1
0.9833813,1
3.79254e-05,1
3.375043e-06,1
3.375043e-06,1
0.005288588,1
3.375043e-06,1
4.174249e-06,1
4.174249e-06,1
4.174249e-06,1
4.174249e-06,1
4.174249e-06,1
4.174249e-06,1
4.174249e-06,1
4.174249e-06,1
0.3419541,1
0.7679574,0
3.888756e-08,0
0.309375,0
0.1751988,0
2.147495e-06,0
0.0007084332,0
0.0007084332,0
6.64967e-06,0
0.7679574,0
0.01635687,0
0.003784843,0
0.1544528,0
2.147495e-06,0
7.168089e-05,0
2.238067e-05,0
2.703615e-06,0
5.316119e-05,0
5.564822e-05,0
3.240476e-07,0
3.303882e-09,0
5.588696e-06,0
5.564822e-05,0
0.005490079,0
3.888756e-08,0
3.630993e-05,0
3.072395e-05,0
0.1544528,0
0.007043984,0
3.888756e-08,0
5.564822e-05,0
0.000345325,0
0.0002772974,0
7.14748e-09,0
7.14748e-09,0
0.000293306,0
0.7679574,0
3.888756e-08,0
0.08418169,0
3.303882e-09,0
0.7679574,0
0.01617253,0
0.1544528,0
4.619105e-06,0
0.0007084332,0
5.588696e-06,0
6.871936e-07,0
8.020349e-07,0
0.7679574,0
0.06762258,0
3.281833e-05,0
7.14748e-09,0
2.038042e-07,0
0.7679574,0
0.01635687,0
0.005708201,0
