Score,Label
0.89432,1
1,1
1,1
0.7564054,1
1,1
1,1
0.5213259,1
1,1
1,1
1,1
1,1
1,1
0.9999803,1
1,1
0.9998395,1
0.000193475,1
5.557392e-05,1
1,1
0.9999951,1
1,1
1,1
0.9999951,1
9.193795e-05,1
0.448894,1
0.4170889,1
0.9609157,1
0.9999995,1
0.9609157,1
0.05430143,1
0.9970241,1
0.5470598,1
1,1
1,1
0.975657,1
0.000108803,1
1,1
0.9999917,1
0.9490741,1
0.5102288,1
0.5102288,1
0.5102288,1
0.9999917,1
0.3253231,1
0.9931774,1
0.2377162,1
1,1
1,1
1,1
0.9931774,1
0.004080192,1
0.01614821,1
0.8260461,1
1,1
1,1
1,1
0.9999892,1
1,1
1,1
1,1
0.9940261,1
1,1
0.9651899,1
1,1
1,1
0.9814936,1
1,1
1,1
1,1
0.999997,1
1,1
0.0001803744,1
0.007067699,0
0.9999223,0
0.9464266,0
0.00429229,0
0.004731711,0
0.0009065899,0
0.002416341,0
0.02382463,0
0.0001080827,0
0.001071876,0
0.9103442,0
0.9999892,0
0.0003561572,0
4.358249e-07,0
1.688287e-05,0
0.001953362,0
0.000922784,0
0.0001357857,0
0.01477432,0
0.005130077,0
0.1505435,0
0.02042712,0
3.652389e-07,0
0.0002729245,0
3.652389e-07,0
0.7564054,0
6.147237e-05,0
0.9998323,0
0.005712306,0
6.607722e-05,0
0.0004461928,0
0.01296315,0
1.701124e-06,0
9.569331e-07,0
0.0009568294,0
0.7982489,0
0.9814936,0
0.0002253504,0
0.002601821,0
1.688287e-05,0
0.001294239,0
0.0001803744,0
0.000199863,0
0.0006159348,0
0.0002855158,0
0.0007170342,0
0.05629027,0
0.001041145,0
0.0005649757,0
4.109019e-05,0
1.758973e-05,0
0.0005649757,0
1.661832e-06,0
0.8478016,0
0.0001790613,0
0.002244987,0
0.001953362,0
0.00183717,0
0.974324,0
0.0009888673,0
0.005712306,0
0.0003395629,0
0.0002788925,0
0.0001213328,0
0.05358728,0
9.520452e-05,0
5.96047e-05,0
1.701124e-06,0
0.03368422,0
0.03489019,0
0.0009993936,0
