Score,Label
0.99542,1
0.004349781,1
0.9999981,1
0.9504826,1
0.9989016,1
0.9978948,1
0.9980489,1
0.9999995,1
0.002574985,1
0.9895257,1
0.9504826,1
0.0001275378,1
0.172827,1
0.009104526,1
0.4102584,1
0.0001804885,1
0.9995197,1
0.9999994,1
0.009104526,1
0.8314575,1
0.9999596,1
0.03892808,1
0.01011755,1
0.01014073,1
0.4099527,1
0.9999951,1
0.9996592,1
0.9999671,1
0.0001703745,1
0.0003676201,1
0.9999967,1
0.0001703745,1
0.9275156,1
0.1889433,1
0.0002115858,1
0.999958,1
0.9640586,1
0.9999957,1
0.9573436,1
0.7241518,1
0.9874816,1
0.04479877,1
0.9999912,1
0.001511897,1
0.9999994,1
0.9504826,1
0.9963826,1
0.7608579,1
0.0004699227,1
0.0008965838,1
0.02240132,1
0.0002235063,1
0.0002272459,1
0.9999349,1
0.0001979991,1
0.0002884557,1
0.036959,1
0.9784561,1
0.7413643,1
0.9996309,1
0.8688738,1
0.9999996,1
0.9997181,1
0.3419405,0
8.264638e-05,0
4.42576e-05,0
0.0007400693,0
0.914012,0
0.0004362435,0
0.0001558087,0
0.004605561,0
0.004884557,0
0.0001474235,0
0.0007773682,0
9.937204e-05,0
0.6522287,0
0.0004215512,0
0.0001838095,0
2.358858e-06,0
0.00106501,0
0.005547572,0
0.0003224974,0
0.001637834,0
0.9997203,0
0.000560799,0
0.9997104,0
9.062351e-05,0
8.865001e-05,0
0.0006918536,0
0.001637834,0
0.0001514985,0
8.235607e-05,0
0.001210528,0
9.235822e-05,0
0.0008596334,0
0.06133286,0
0.0001474235,0
0.0001344135,0
0.004365231,0
0.5079997,0
0.001210528,0
0.7515591,0
0.9809319,0
0.0002986618,0
2.157508e-05,0
0.2555692,0
0.02131543,0
0.003534725,0
0.2389573,0
4.147208e-06,0
0.0007400693,0
0.4233429,0
1.632164e-05,0
0.0001206987,0
9.821387e-05,0
0.0001471684,0
0.0007433415,0
0.00416815,0
0.005821582,0
0.0132745,0
0.0003411369,0
0.005075257,0
9.677503e-05,0
0.005909685,0
0.0006349537,0
0.04728072,0
