Score,Label
0.3224759,1
0.1398019,1
1,1
0.6705094,1
0.9995928,1
0.9975669,1
3.402615e-05,1
1,1
0.6199394,1
0.02352671,1
0.003730031,1
0.8113979,1
0.3763818,1
0.0591915,1
0.9999989,1
2.194788e-05,1
0.99999,1
1,1
0.9346021,1
1,1
0.9999993,1
0.005482349,1
0.5039212,1
0.9999993,1
1,1
0.9999998,1
1,1
1,1
0.3144471,1
1,1
0.0003182689,1
1.156444e-07,1
0.999617,1
0.9967236,1
4.362474e-07,1
0.9980537,1
3.402615e-05,1
0.9932888,1
5.801417e-07,1
2.795048e-06,1
0.9546959,1
0.984577,1
7.613981e-06,1
3.402615e-05,1
0.9932888,1
0.4138876,1
0.2838432,1
0.1323934,1
0.002996928,1
0.9973953,1
1,1
0.0003145555,1
8.909801e-05,1
1,1
0.328999,1
1,1
3.930823e-05,1
1,1
0.999896,1
0.002515375,1
0.9999849,1
1,1
0.0001724609,1
0.9999998,1
0.9999747,1
0.007629737,1
0.0001631417,1
1,1
0.9653408,1
0.999835,0
8.005402e-05,0
0.9936906,0
1.746433e-05,0
0.8104927,0
0.004620235,0
0.0001774635,0
0.3437681,0
2.158261e-05,0
0.001188043,0
0.9999552,0
1.57259e-06,0
0.02273428,0
2.819227e-06,0
8.108563e-06,0
7.653184e-06,0
0.999958,0
0.9996073,0
0.9998996,0
0.1841155,0
8.383268e-06,0
0.9994698,0
0.01352339,0
0.9654687,0
0.9999928,0
1,0
2.327306e-07,0
1.561596e-05,0
0.01165313,0
4.511096e-07,0
0.0007289168,0
0.001935676,0
1.55408e-05,0
4.833592e-05,0
0.0001527297,0
4.286195e-07,0
0.0001774635,0
0.0002922559,0
0.999595,0
0.9999822,0
0.003366211,0
2.50404e-08,0
6.828943e-06,0
0.07285425,0
1.060889e-06,0
1.132228e-07,0
3.216738e-05,0
0.4574427,0
0.002593583,0
0.9999973,0
0.92304,0
0.9999973,0
3.545535e-09,0
0.0001096312,0
0.01699108,0
1.642444e-06,0
0.984577,0
2.123101e-06,0
0.0001063882,0
0.9999952,0
5.716971e-05,0
5.92615e-07,0
7.337325e-06,0
1,0
1.17985e-05,0
0.9998842,0
0.005821548,0
1.372772e-07,0
6.405438e-05,0
