Score,Label
0.002057408,1
0.9999882,1
0.9994397,1
0.02199038,1
0.9995055,1
0.9918196,1
0.9502388,1
0.002034668,1
0.03474037,1
0.9999646,1
0.5409294,1
4.792906e-05,1
0.3775792,1
0.9898347,1
0.8233119,1
0.9999996,1
1,1
0.01499175,1
0.9526502,1
0.9999422,1
0.9999998,1
1.360271e-05,1
0.1243697,1
0.9999118,1
0.9707795,1
0.967903,1
1,1
0.967903,1
0.99955,1
0.02430384,1
0.9751893,1
0.04423121,1
6.884156e-07,1
0.9934349,1
0.001361458,1
0.9994392,1
0.003746754,1
0.9981266,1
0.9999995,1
0.9990783,1
0.0003815806,1
0.9879452,1
0.9999646,1
0.5409294,1
0.4066767,1
0.3053977,1
0.9999926,1
0.9999998,1
0.0847861,1
0.999999,1
9.252578e-06,1
0.9975824,1
3.924203e-06,1
3.621917e-07,1
0.001873915,1
0.709303,1
0.4470763,1
0.709303,1
0.01506259,1
0.4034382,1
0.9632717,1
0.9999994,1
1,1
0.3711441,1
0.9990783,1
0.0003815806,1
0.9879452,1
0.1214455,1
0.9995055,1
0.9980762,1
0.9995055,1
0.9980762,1
0.9999532,1
0.9999999,1
0.5243934,1
1,1
3.277184e-06,0
0.0002282023,0
0.9999999,0
8.175614e-05,0
0.0009033525,0
0.1648312,0
0.7912893,0
0.9670178,0
0.0008263269,0
0.6032033,0
0.003561503,0
0.9989054,0
0.0003897459,0
0.0453571,0
0.0001080034,0
0.0009267371,0
0.1053747,0
0.178414,0
0.1648312,0
0.0001240044,0
4.023182e-06,0
1.654069e-05,0
0.9999874,0
0.9999765,0
3.233381e-05,0
0.2021608,0
3.034197e-05,0
3.30871e-06,0
0.9995395,0
0.4568494,0
8.175614e-05,0
7.577805e-06,0
0.7309889,0
8.175614e-05,0
2.579439e-05,0
0.9996963,0
0.9998552,0
1,0
8.175614e-05,0
0.002782146,0
0.9999765,0
0.007185701,0
0.9999928,0
0.7861412,0
1.211808e-06,0
0.0002950564,0
0.9999945,0
0.9595929,0
1.133068e-05,0
1.957938e-06,0
0.6583087,0
8.175614e-05,0
1.004838e-05,0
0.706741,0
0.9999819,0
9.800656e-06,0
1.350547e-05,0
0.9883025,0
0.9999232,0
0.1648312,0
0.6743421,0
0.0005718126,0
3.550035e-05,0
2.633731e-05,0
8.175614e-05,0
0.9208397,0
6.89825e-05,0
0.02725168,0
0.003909981,0
4.84457e-05,0
0.0453571,0
2.13698e-05,0
1.610446e-05,0
0.01482434,0
0.005709512,0
0.00669359,0
