Score,Label
0.9999986,1
0.998504,1
0.963182,1
0.7659239,1
0.999997,1
0.4923597,1
0.08353351,1
0.9803529,1
0.997514,1
0.9725595,1
0.006448268,1
0.226035,1
0.006448268,1
0.533103,1
0.0001122021,0
0.04461191,0
0.007797318,0
1.73868e-05,0
0.004414275,0
0.000179118,0
0.0002162053,0
0.9963797,0
0.001749581,0
0.0002481826,0
0.9486622,0
0.4254153,0
0.999649,0
0.7487245,0
