Score,Label
0.1462349,1
0.0004395361,1
0.001602732,1
0.1462349,1
0.1462349,1
0.0004395361,1
0.0004395361,1
0.0004395361,1
0.04018797,1
0.001602732,1
0.1462349,1
0.0004395361,1
0.0004395361,1
0.0004395361,1
0.0004395361,1
0.0004395361,1
0.0004395361,1
0.0004395361,1
0.0004395361,1
0.0004395361,1
0.0004395361,1
0.0004395361,1
0.0004395361,1
0.0004395361,1
0.0004395361,1
0.0004395361,1
0.4470131,1
0.1462349,1
0.0002896689,1
6.927591e-06,1
1.077841e-09,1
6.927591e-06,1
6.927591e-06,1
1.077841e-09,1
1.077841e-09,1
1.077841e-09,1
8.409741e-06,1
1.077841e-09,1
1.077841e-09,1
1.077841e-09,1
1.077841e-09,1
1.077841e-09,1
1.077841e-09,1
1.077841e-09,1
1.077841e-09,1
1.077841e-09,1
1.077841e-09,1
1.077841e-09,1
1.077841e-09,1
1.077841e-09,1
1.077841e-09,1
1.077841e-09,1
8.409741e-06,1
1.076774e-05,1
7.753712e-08,1
1.076774e-05,1
1.076774e-05,1
7.753712e-08,1
7.753712e-08,1
7.753712e-08,1
1.896768e-05,1
1.202745e-05,1
7.753712e-08,1
7.753712e-08,1
7.753712e-08,1
0.02707379,1
7.753712e-08,1
7.753712e-08,1
7.753712e-08,1
7.753712e-08,1
7.753712e-08,1
7.753712e-08,1
7.753712e-08,1
7.753712e-08,1
7.753712e-08,1
7.753712e-08,1
7.753712e-08,1
7.753712e-08,1
1.896768e-05,1
7.753712e-08,1
7.753712e-08,1
7.753712e-08,1
0.9947854,1
1.202745e-05,1
8.124901e-05,0
2.615263e-07,0
1.24301e-09,0
1.24301e-09,0
1.24301e-09,0
9.740208e-07,0
1.24301e-09,0
1.24301e-09,0
1.24301e-09,0
2.972188e-07,0
0.0002861747,0
1.24301e-09,0
1.24301e-09,0
0.0001813923,0
1.24301e-09,0
0.0001813923,0
9.740208e-07,0
0.0001813923,0
2.972188e-07,0
1.24301e-09,0
1.24301e-09,0
4.917048e-08,0
0.0001813923,0
4.814381e-06,0
0.0001813923,0
1.24301e-09,0
8.124901e-05,0
1.24301e-09,0
1.24301e-09,0
0.0001813923,0
4.917048e-08,0
8.124901e-05,0
0.001314146,0
1.24301e-09,0
1.368088e-10,0
2.972188e-07,0
1.24301e-09,0
1.24301e-09,0
1.24301e-09,0
8.124901e-05,0
1.24301e-09,0
1.24301e-09,0
0.8458188,0
4.814381e-06,0
1.24301e-09,0
6.416954e-08,0
1.24301e-09,0
1.24301e-09,0
9.988788e-09,0
9.988788e-09,0
0.0007294685,0
1.24301e-09,0
1.24301e-09,0
1.24301e-09,0
1.24301e-09,0
1.24301e-09,0
8.124901e-05,0
1.24301e-09,0
1.24301e-09,0
1.24301e-09,0
1.24301e-09,0
2.972188e-07,0
0.000451421,0
0.0001813923,0
1.24301e-09,0
8.124901e-05,0
4.814381e-06,0
0.000451421,0
1.24301e-09,0
0.0001813923,0
1.24301e-09,0
4.814381e-06,0
4.814381e-06,0
1.24301e-09,0
1.24301e-09,0
1.24301e-09,0
0.0002861747,0
9.988788e-09,0
4.814381e-06,0
1.24301e-09,0
0.000451421,0
0.0001813923,0
0.1280554,0
4.814381e-06,0
