Score,Label
0.9997585,1
0.9991112,1
4.984527e-05,1
0.999631,1
0.9995968,1
4.984527e-05,1
0.9988151,1
0.0004743225,1
7.933896e-05,1
0.9988151,1
0.9988151,1
0.9735,1
0.0004743225,1
7.933896e-05,1
0.7924211,1
0.7924211,1
0.7924211,1
0.7924211,1
0.7924211,1
0.9999998,1
0.9999998,1
0.9999998,1
0.7924211,1
0.9999998,1
0.9999998,1
0.7924211,1
7.797816e-09,0
6.336785e-05,0
2.478234e-07,0
2.203681e-10,0
1.588898e-09,0
2.334553e-06,0
1.36658e-11,0
4.005284e-05,0
7.797816e-09,0
0.0003701236,0
1.238263e-10,0
0.0001487315,0
1.594542e-08,0
7.797816e-09,0
7.008978e-10,0
0.01635723,0
8.872388e-10,0
1.36658e-11,0
2.057025e-06,0
2.046432e-06,0
0.7924211,0
2.825057e-07,0
0.0006345169,0
5.631144e-09,0
7.797816e-09,0
4.667252e-09,0
4.089437e-11,0
4.005284e-05,0
0.7924211,0
2.825057e-07,0
9.217188e-10,0
6.776304e-10,0
1.238263e-10,0
5.743249e-05,0
1.760244e-08,0
0.7924211,0
0.7924211,0
4.78589e-11,0
8.607841e-06,0
5.743249e-05,0
2.057025e-06,0
0.0006345169,0
0.0002212663,0
7.377062e-07,0
6.874386e-05,0
9.295865e-09,0
9.444688e-08,0
9.556745e-09,0
0.7924211,0
1.172335e-05,0
7.797816e-09,0
1.594542e-08,0
