Score,Label
1,1
1,1
1,1
1,1
0.9999959,1
1,1
1,1
1,1
1,1
1,1
1,1
1,1
1,1
0.9999959,1
1,1
1,1
1,1
1,1
0.9999959,1
1,1
1,1
1,1
0.990845,1
0.9999975,1
0.9999971,1
0.9999975,1
0.9999975,1
0.9999971,1
0.9999971,1
0.9999975,1
0.9999971,1
0.9999971,1
0.9999971,1
0.9999971,1
0.9999971,1
0.9999971,1
0.9999971,1
0.9999971,1
0.9999971,1
0.9999986,1
0.9999992,1
0.9999993,1
0.9999993,1
0.9999992,1
0.9999992,1
0.9999621,1
0.9999986,1
0.9999992,1
0.9999992,1
0.9999992,1
0.9999992,1
0.9999992,1
0.9999992,1
0.9999992,1
0.9999992,1
0.9999992,1
0.9999992,1
0.9999992,1
0.9999621,1
0.9999992,1
0.9999992,1
0.9977506,1
1.628556e-05,0
1.80404e-06,0
1.80404e-06,0
0.9994916,0
1.80404e-06,0
0.0005221599,0
1.80404e-06,0
9.733284e-06,0
5.820162e-05,0
0.000478319,0
0.9453837,0
9.336271e-06,0
2.794613e-06,0
1.802325e-05,0
0.000480292,0
0.0003115741,0
1.80404e-06,0
1.80404e-06,0
1.80404e-06,0
1.80404e-06,0
0.0003115741,0
1.80404e-06,0
0.0003115741,0
0.001526557,0
0.000230972,0
0.000230972,0
4.118156e-05,0
0.0005221599,0
1.80404e-06,0
1.80404e-06,0
0.0003115741,0
0.0003115741,0
0.9453837,0
0.0003115741,0
1.80404e-06,0
4.229096e-06,0
0.000230972,0
1.628556e-05,0
9.900109e-05,0
1.80404e-06,0
1.80404e-06,0
9.336271e-06,0
1.80404e-06,0
0.0003115741,0
4.395979e-06,0
0.000230972,0
1.80404e-06,0
1.80404e-06,0
1.80404e-06,0
1.80404e-06,0
0.0003115741,0
0.00122999,0
0.0003115741,0
0.002915958,0
4.229096e-06,0
1.80404e-06,0
1.80404e-06,0
1.80404e-06,0
0.0003115741,0
0.0003115741,0
0.001030343,0
0.9453837,0
