Score,Label
0.9993349,1
0.9999864,1
8.351015e-06,1
0.9996208,1
0.9703971,1
8.351015e-06,1
0.9994579,1
0.3045588,1
3.98749e-05,1
0.9994579,1
0.9994579,1
0.4765296,1
0.3045588,1
3.98749e-05,1
0.7793097,1
0.7793097,1
0.7793097,1
0.7793097,1
0.7793097,1
0.9999999,1
0.9999999,1
0.9999999,1
0.7793097,1
0.9999999,1
0.9999999,1
0.7793097,1
1.525425e-06,0
0.7793097,0
5.266755e-06,0
2.323918e-06,0
1.674043e-05,0
1.59491e-07,0
4.084926e-07,0
8.929675e-06,0
2.656022e-06,0
2.222492e-05,0
7.022029e-06,0
2.929698e-05,0
1.413527e-06,0
5.962062e-05,0
3.005422e-05,0
8.929675e-06,0
1.178888e-05,0
0.000360288,0
5.962062e-05,0
1.776351e-06,0
0.0003044612,0
3.005422e-05,0
1.776351e-06,0
9.870737e-05,0
2.873116e-05,0
1.776351e-06,0
1.541481e-05,0
1.674043e-05,0
0.000360288,0
5.124573e-05,0
1.178888e-05,0
5.909144e-05,0
5.124573e-05,0
0.7793097,0
1.492785e-06,0
0.7793097,0
4.646018e-07,0
5.17771e-06,0
6.014257e-06,0
4.563913e-05,0
2.634276e-05,0
5.068401e-06,0
0.001047854,0
5.124573e-05,0
0.000360288,0
1.776351e-06,0
1.674043e-05,0
9.356112e-05,0
5.909144e-05,0
1.674043e-05,0
7.726938e-06,0
4.563913e-05,0
