Score,Label
0.7456409,1
0.9979231,1
0.0003448795,1
0.6772598,1
0.4570559,1
0.0003448795,1
0.9690831,1
0.0004297001,1
4.45333e-07,1
0.9690831,1
0.9690831,1
0.1161812,1
0.0004297001,1
4.45333e-07,1
0.7653995,1
0.7653995,1
0.7653995,1
0.7653995,1
0.7653995,1
0.9998752,1
0.9998752,1
0.9998752,1
0.7653995,1
0.9998752,1
0.9998752,1
0.7653995,1
0.0003198366,0
9.285798e-13,0
2.530317e-15,0
0.7653995,0
9.455933e-07,0
2.116719e-13,0
0.7653995,0
8.726251e-06,0
7.955962e-07,0
0.0002110212,0
1.594757e-06,0
5.206102e-12,0
1.346911e-06,0
1.352292e-05,0
8.498528e-07,0
6.799056e-07,0
1.30694e-16,0
2.146494e-08,0
0.0003198366,0
4.037328e-13,0
1.382082e-05,0
3.880051e-11,0
1.094984e-15,0
8.726251e-06,0
0.7653995,0
5.206102e-12,0
0.0003417424,0
9.455933e-07,0
1.346911e-06,0
0.7653995,0
7.955962e-07,0
4.257714e-11,0
0.7653995,0
0.7653995,0
1.831322e-14,0
0.7653995,0
0.7653995,0
3.064625e-07,0
0.0003198366,0
7.619438e-11,0
1.094984e-15,0
1.606047e-11,0
1.190114e-06,0
0.7653995,0
9.10218e-10,0
0.0003198366,0
0.7653995,0
7.346719e-10,0
9.229102e-06,0
2.597888e-11,0
6.859562e-12,0
6.659575e-07,0
