Score,Label
0.9999795,1
0.9999795,1
0.9999795,1
0.9999949,1
0.9999949,1
0.9999949,1
0.9999949,1
0.9999949,1
0.9999949,1
0.9999949,1
0.9999949,1
0.9999949,1
0.9999949,1
0.0007307139,1
0.03949551,1
0.2251091,1
0.03949551,1
0.2251091,1
0.0006369924,1
0.001040021,1
0.2251091,1
0.001040021,1
0.03949551,1
0.001040021,1
0.0003619298,1
0.9999783,1
0.5852846,1
3.9107e-05,1
0.9999504,1
0.9898254,1
0.9999504,1
0.9999504,1
0.9999071,1
0.9999504,1
0.9999504,1
0.9999504,1
0.9999504,1
0.9999504,1
0.9999504,1
0.9871151,1
0.9996718,1
1.732963e-05,0
8.681062e-06,0
8.681062e-06,0
0.3235263,0
0.0001046499,0
8.681062e-06,0
1.732963e-05,0
3.055283e-06,0
8.681062e-06,0
0.004263569,0
0.0001046499,0
8.681062e-06,0
8.681062e-06,0
0.0001046499,0
0.0001046499,0
0.0001046499,0
0.004263569,0
0.004263569,0
0.0001046499,0
0.3235263,0
1.440971e-07,0
0.0001046499,0
0.001578714,0
5.327975e-05,0
8.681062e-06,0
0.004263569,0
0.0001046499,0
8.681062e-06,0
8.681062e-06,0
8.681062e-06,0
0.4975577,0
3.670207e-05,0
0.0001046499,0
8.681062e-06,0
8.681062e-06,0
0.4975577,0
0.0002533234,0
3.886868e-05,0
5.327975e-05,0
8.681062e-06,0
1.293079e-05,0
3.304937e-07,0
0.0001046499,0
0.0001046499,0
8.681062e-06,0
3.670207e-05,0
3.055283e-06,0
0.4975577,0
8.681062e-06,0
8.681062e-06,0
1.732963e-05,0
8.681062e-06,0
8.681062e-06,0
1.293079e-05,0
8.681062e-06,0
8.681062e-06,0
1.293079e-05,0
0.0001046499,0
1.099526e-07,0
5.327975e-05,0
2.13602e-06,0
8.681062e-06,0
5.35679e-06,0
0.0001046499,0
3.670207e-05,0
0.002261676,0
8.681062e-06,0
0.0001046499,0
0.9959927,0
0.0001046499,0
1.293079e-05,0
0.9959927,0
1.880588e-05,0
0.0001046499,0
0.004263569,0
0.004263569,0
0.0001046499,0
0.0002533234,0
8.681062e-06,0
5.327975e-05,0
8.681062e-06,0
0.0001046499,0
