Score,Label
7.052889e-06,1
7.052889e-06,1
7.052889e-06,1
7.052889e-06,1
7.052889e-06,1
7.052889e-06,1
7.052889e-06,1
7.052889e-06,1
7.052889e-06,1
7.052889e-06,1
7.052889e-06,1
7.052889e-06,1
7.052889e-06,1
7.052889e-06,1
7.052889e-06,1
7.052889e-06,1
7.052889e-06,1
7.516159e-08,1
2.88759e-09,1
7.516159e-08,1
7.516159e-08,1
2.88759e-09,1
0.001478622,1
7.516159e-08,1
6.226863e-05,1
7.516159e-08,1
2.88759e-09,1
2.88759e-09,1
7.516159e-08,1
2.88759e-09,1
2.88759e-09,1
0.6836292,1
2.88759e-09,1
1.305872e-05,1
0.01294647,1
5.540308e-10,1
0.4964767,1
1.188282e-07,1
5.540308e-10,1
5.540308e-10,1
1.188282e-07,1
5.540308e-10,1
5.329334e-07,1
5.540308e-10,1
5.540308e-10,1
1.188282e-07,1
1.188282e-07,1
5.540308e-10,1
5.540308e-10,1
5.540308e-10,1
5.540308e-10,1
1.188282e-07,1
1.188282e-07,1
0.001783612,1
1.188282e-07,1
0.004921899,0
0.004921899,0
6.042281e-09,0
1.118565e-06,0
1.118565e-06,0
6.042281e-09,0
1.118565e-06,0
1.673537e-06,0
1.673537e-06,0
6.042281e-09,0
1.118565e-06,0
1.673537e-06,0
1.673537e-06,0
1.673537e-06,0
0.2793818,0
6.042281e-09,0
6.042281e-09,0
6.042281e-09,0
1.118565e-06,0
6.042281e-09,0
1.673537e-06,0
6.042281e-09,0
1.118565e-06,0
0.004921899,0
6.042281e-09,0
6.042281e-09,0
1.118565e-06,0
0.0003781055,0
0.004921899,0
6.042281e-09,0
6.042281e-09,0
0.004921899,0
0.004921899,0
1.673537e-06,0
0.004921899,0
7.117249e-05,0
7.117249e-05,0
6.042281e-09,0
1.118565e-06,0
1.673537e-06,0
6.042281e-09,0
1.673537e-06,0
0.2793818,0
1.118565e-06,0
6.042281e-09,0
6.042281e-09,0
1.118565e-06,0
0.004921899,0
0.7000614,0
0.02352869,0
1.673537e-06,0
6.042281e-09,0
6.042281e-09,0
0.003418884,0
1.673537e-06,0
1.118565e-06,0
1.118565e-06,0
0.7000614,0
6.042281e-09,0
0.0003781055,0
6.042281e-09,0
6.042281e-09,0
1.118565e-06,0
6.042281e-09,0
0.02352869,0
6.042281e-09,0
1.673537e-06,0
1.673537e-06,0
7.117249e-05,0
0.0003781055,0
0.004921899,0
6.042281e-09,0
1.673537e-06,0
6.042281e-09,0
1.673537e-06,0
0.004921899,0
6.042281e-09,0
0.0001003753,0
6.042281e-09,0
1.118565e-06,0
0.7000614,0
1.118565e-06,0
0.0003781055,0
6.042281e-09,0
6.042281e-09,0
6.042281e-09,0
6.042281e-09,0
0.7000614,0
1.673537e-06,0
0.0003150639,0
6.042281e-09,0
6.042281e-09,0
1.673537e-06,0
6.042281e-09,0
6.042281e-09,0
6.042281e-09,0
6.042281e-09,0
0.02352869,0
6.042281e-09,0
1.118565e-06,0
0.0003781055,0
1.118565e-06,0
1.673537e-06,0
6.042281e-09,0
6.042281e-09,0
1.673537e-06,0
6.042281e-09,0
6.042281e-09,0
1.673537e-06,0
1.673537e-06,0
