Score,Label
0.999898,1
0.999898,1
0.999898,1
0.999898,1
0.999898,1
0.999898,1
0.999898,1
0.999898,1
0.999898,1
0.999898,1
0.9984431,1
0.9984431,1
0.9984431,1
0.01579141,1
0.6973405,1
0.009374093,1
0.6973405,1
0.0003054543,1
0.9999988,1
0.9999988,1
1,1
1,1
0.9999995,1
2.875923e-05,0
6.011848e-06,0
0.0001471286,0
0.005352047,0
1.351428e-06,0
4.787559e-08,0
2.875923e-05,0
0.0001471286,0
2.875923e-05,0
0.0001471286,0
1.351428e-06,0
0.0001471286,0
0.0001471286,0
1.351428e-06,0
1.351428e-06,0
1.351428e-06,0
2.875923e-05,0
1.351428e-06,0
0.0001471286,0
0.005352047,0
1.351428e-06,0
0.005352047,0
8.811548e-06,0
1.351428e-06,0
0.0001471286,0
0.0001142304,0
1.351428e-06,0
0.0001471286,0
0.0005031468,0
4.787559e-08,0
2.06858e-06,0
6.011848e-06,0
1.351428e-06,0
0.0001520297,0
1.351428e-06,0
6.772529e-05,0
2.875923e-05,0
2.06858e-06,0
0.01233461,0
0.0001471286,0
1.351428e-06,0
2.875923e-05,0
0.6973405,0
0.0001142304,0
0.0001471286,0
1.351428e-06,0
