Score,Label
0.9999741,1
0.9999741,1
0.9999741,1
0.9999741,1
0.9999741,1
0.9999741,1
0.9999741,1
0.9999741,1
0.9999741,1
0.9999741,1
0.9999262,1
0.9999262,1
0.9999262,1
0.9999857,1
0.9953394,1
0.9953394,1
0.9999803,1
0.9953394,1
0.9999857,1
0.9953394,1
0.9953394,1
0.9997693,1
0.9999998,1
0.9999998,1
0.9999998,1
0.9999998,1
0.9999998,1
0.9999998,1
0.9999998,1
2.317934e-05,0
2.229069e-05,0
3.644727e-06,0
1.315992e-06,0
0.0001879355,0
0.529645,0
1.446173e-08,0
2.229069e-05,0
1.533599e-06,0
1.315992e-06,0
2.229069e-05,0
0.01347682,0
3.254904e-05,0
2.229069e-05,0
1.315992e-06,0
2.229069e-05,0
8.815005e-05,0
2.229069e-05,0
1.315992e-06,0
0.001229913,0
1.315992e-06,0
8.815005e-05,0
8.815005e-05,0
3.644727e-06,0
2.229069e-05,0
2.229069e-05,0
2.229069e-05,0
1.446173e-08,0
2.229069e-05,0
8.815005e-05,0
0.0006762648,0
0.002883719,0
0.529645,0
0.0002685737,0
8.815005e-05,0
9.841508e-07,0
1.315992e-06,0
0.0006762648,0
2.229069e-05,0
8.815005e-05,0
1.905434e-05,0
0.006650512,0
1.905434e-05,0
2.229069e-05,0
2.229069e-05,0
2.229069e-05,0
2.229069e-05,0
1.533599e-06,0
3.150972e-05,0
8.815005e-05,0
1.533599e-06,0
8.815005e-05,0
0.002883719,0
0.002883719,0
2.229069e-05,0
9.841508e-07,0
0.0002685737,0
3.644727e-06,0
