Score,Label
3.041091e-05,1
3.041091e-05,1
3.041091e-05,1
3.041091e-05,1
3.041091e-05,1
3.041091e-05,1
3.041091e-05,1
3.041091e-05,1
3.041091e-05,1
3.041091e-05,1
3.041091e-05,1
3.041091e-05,1
3.041091e-05,1
3.041091e-05,1
3.041091e-05,1
3.041091e-05,1
3.041091e-05,1
1.554133e-07,1
1.554133e-07,1
6.942352e-07,1
1.554133e-07,1
1.554133e-07,1
0.009250446,1
6.942352e-07,1
0.6710314,1
1.554133e-07,1
6.942352e-07,1
1.554133e-07,1
6.942352e-07,1
1.554133e-07,1
6.942352e-07,1
0.2484804,1
6.942352e-07,1
0.0001905815,1
0.02051895,1
1.718236e-07,1
0.1620018,1
1.718236e-07,1
7.467973e-08,1
1.718236e-07,1
1.718236e-07,1
7.467973e-08,1
0.008904227,1
1.718236e-07,1
7.467973e-08,1
7.467973e-08,1
1.718236e-07,1
7.467973e-08,1
1.718236e-07,1
1.718236e-07,1
1.718236e-07,1
1.718236e-07,1
7.467973e-08,1
0.132427,1
7.467973e-08,1
3.39273e-07,0
0.001691291,0
3.39273e-07,0
3.922984e-06,0
3.39273e-07,0
3.39273e-07,0
0.03843198,0
3.39273e-07,0
3.39273e-07,0
3.39273e-07,0
3.922984e-06,0
3.922984e-06,0
0.750132,0
3.39273e-07,0
0.0001598959,0
0.01432031,0
0.005592711,0
0.750132,0
0.005592711,0
3.922984e-06,0
3.39273e-07,0
3.39273e-07,0
3.922984e-06,0
0.01432031,0
3.922984e-06,0
3.922984e-06,0
3.922984e-06,0
3.39273e-07,0
3.39273e-07,0
0.005592711,0
0.750132,0
3.39273e-07,0
3.922984e-06,0
3.39273e-07,0
0.01432031,0
3.922984e-06,0
3.39273e-07,0
0.01432031,0
3.39273e-07,0
0.005592711,0
3.922984e-06,0
3.39273e-07,0
3.922984e-06,0
0.0001598959,0
3.39273e-07,0
0.9635668,0
0.001691291,0
3.39273e-07,0
0.0002696686,0
0.0002696686,0
0.001691291,0
3.922984e-06,0
0.0001598959,0
0.0002696686,0
0.0001598959,0
3.39273e-07,0
0.01432031,0
3.922984e-06,0
3.922984e-06,0
3.922984e-06,0
3.39273e-07,0
3.922984e-06,0
0.0001598959,0
3.39273e-07,0
3.922984e-06,0
3.39273e-07,0
0.005592711,0
3.922984e-06,0
3.922984e-06,0
0.0001598959,0
3.922984e-06,0
3.922984e-06,0
0.9635668,0
3.922984e-06,0
3.39273e-07,0
0.0002696686,0
3.922984e-06,0
0.0001598959,0
3.39273e-07,0
3.922984e-06,0
3.39273e-07,0
0.0001598959,0
3.922984e-06,0
3.922984e-06,0
3.922984e-06,0
3.922984e-06,0
0.0001598959,0
3.39273e-07,0
3.922984e-06,0
3.39273e-07,0
3.922984e-06,0
0.750132,0
3.39273e-07,0
0.005592711,0
3.922984e-06,0
3.922984e-06,0
0.0002696686,0
0.01432031,0
0.0002696686,0
3.39273e-07,0
3.39273e-07,0
0.001691291,0
3.922984e-06,0
3.39273e-07,0
3.922984e-06,0
0.03843198,0
3.922984e-06,0
3.39273e-07,0
3.39273e-07,0
3.922984e-06,0
