Score,Label
3.621125e-08,1
3.621125e-08,1
3.621125e-08,1
3.621125e-08,1
3.621125e-08,1
3.621125e-08,1
3.621125e-08,1
3.621125e-08,1
3.621125e-08,1
3.621125e-08,1
3.621125e-08,1
3.621125e-08,1
3.621125e-08,1
3.621125e-08,1
3.621125e-08,1
3.621125e-08,1
3.621125e-08,1
3.511579e-05,1
3.511579e-05,1
2.769454e-05,1
2.769454e-05,1
3.511579e-05,1
0.002367982,1
3.511579e-05,1
0.9593654,1
2.769454e-05,1
3.511579e-05,1
2.769454e-05,1
3.511579e-05,1
2.769454e-05,1
2.769454e-05,1
0.8138817,1
3.511579e-05,1
2.765337e-05,1
0.01110091,1
0.0006531597,1
0.4637776,1
0.0006531597,1
2.382262e-07,1
2.382262e-07,1
0.0006531597,1
0.0006531597,1
0.01803592,1
2.382262e-07,1
0.0006531597,1
0.0006531597,1
2.382262e-07,1
0.0006531597,1
2.382262e-07,1
2.382262e-07,1
0.0006531597,1
2.382262e-07,1
2.382262e-07,1
0.1932087,1
0.0006531597,1
7.606204e-09,0
7.606204e-09,0
1.818486e-06,0
0.004892922,0
1.818486e-06,0
0.005855978,0
1.818486e-06,0
0.005855978,0
7.606204e-09,0
7.606204e-09,0
0.005855978,0
0.005855978,0
3.146978e-05,0
1.086351e-07,0
7.606204e-09,0
7.606204e-09,0
7.606204e-09,0
0.8572495,0
7.531195e-05,0
1.818486e-06,0
7.606204e-09,0
1.818486e-06,0
7.606204e-09,0
7.606204e-09,0
0.001060232,0
7.606204e-09,0
7.606204e-09,0
7.360685e-05,0
7.360685e-05,0
1.818486e-06,0
1.818486e-06,0
7.606204e-09,0
7.360685e-05,0
1.086351e-07,0
7.606204e-09,0
1.818486e-06,0
7.360685e-05,0
7.606204e-09,0
7.606204e-09,0
1.818486e-06,0
7.606204e-09,0
7.606204e-09,0
1.818486e-06,0
1.086351e-07,0
7.606204e-09,0
0.005855978,0
1.818486e-06,0
0.8572495,0
1.818486e-06,0
1.086351e-07,0
1.818486e-06,0
1.818486e-06,0
7.360685e-05,0
1.086351e-07,0
7.606204e-09,0
1.086351e-07,0
1.818486e-06,0
7.606204e-09,0
1.086351e-07,0
7.606204e-09,0
1.086351e-07,0
1.818486e-06,0
7.606204e-09,0
1.818486e-06,0
1.818486e-06,0
7.606204e-09,0
7.606204e-09,0
7.360685e-05,0
7.606204e-09,0
1.086351e-07,0
7.606204e-09,0
9.737079e-05,0
1.818486e-06,0
0.004892922,0
7.606204e-09,0
0.005855978,0
1.818486e-06,0
1.086351e-07,0
7.360685e-05,0
7.606204e-09,0
0.001060232,0
1.086351e-07,0
1.818486e-06,0
0.005855978,0
7.606204e-09,0
1.818486e-06,0
0.004892922,0
7.606204e-09,0
7.606204e-09,0
7.360685e-05,0
7.606204e-09,0
1.818486e-06,0
7.606204e-09,0
1.818486e-06,0
0.001060232,0
7.606204e-09,0
1.818486e-06,0
0.005855978,0
1.086351e-07,0
1.086351e-07,0
7.606204e-09,0
0.8572495,0
1.818486e-06,0
1.818486e-06,0
1.818486e-06,0
1.086351e-07,0
7.360685e-05,0
1.818486e-06,0
1.818486e-06,0
7.606204e-09,0
