Score,Label
5.604584e-07,1
7.858526e-07,1
9.510032e-07,1
7.858526e-07,1
7.858526e-07,1
7.858526e-07,1
7.858526e-07,1
1.328375e-08,1
7.858526e-07,1
7.858526e-07,1
7.858526e-07,1
7.858526e-07,1
7.008275e-07,1
1.06451e-12,0
1.06451e-12,0
1.06451e-12,0
1.603134e-07,0
1.06451e-12,0
1.06451e-12,0
1.06451e-12,0
1.06451e-12,0
1.06451e-12,0
1.603134e-07,0
1.06451e-12,0
1.06451e-12,0
1.06451e-12,0
1.06451e-12,0
1.06451e-12,0
1.06451e-12,0
1.603134e-07,0
1.06451e-12,0
1.06451e-12,0
1.06451e-12,0
1.06451e-12,0
0.9715389,0
1.06451e-12,0
1.06451e-12,0
1.06451e-12,0
0.0001634579,0
