Score,Label
2.054667e-05,1
1.0537e-05,1
0.0001607128,1
1.0537e-05,1
1.0537e-05,1
1.0537e-05,1
1.0537e-05,1
1.791289e-07,1
1.0537e-05,1
1.0537e-05,1
1.0537e-05,1
1.0537e-05,1
1.883638e-05,1
7.286342e-12,0
7.286342e-12,0
7.286342e-12,0
7.286342e-12,0
7.286342e-12,0
7.286342e-12,0
0.0004506462,0
7.286342e-12,0
7.286342e-12,0
5.724665e-07,0
7.286342e-12,0
7.286342e-12,0
7.286342e-12,0
7.286342e-12,0
7.286342e-12,0
7.286342e-12,0
9.83591e-10,0
7.286342e-12,0
7.286342e-12,0
9.83591e-10,0
7.286342e-12,0
7.286342e-12,0
7.286342e-12,0
7.286342e-12,0
7.286342e-12,0
7.286342e-12,0
