Score,Label
0.9273906,1
0.9273906,1
0.9273906,1
0.9978616,1
0.9273906,1
0.01401447,1
0.941358,1
0.941358,1
0.9273906,1
0.999799,1
0.999799,1
0.9993298,1
0.9993298,1
0.9980016,1
0.9993298,1
3.891828e-07,0
2.264786e-07,0
3.891828e-07,0
0.0004529831,0
2.911209e-09,0
3.949912e-08,0
7.120352e-05,0
2.128183e-10,0
0.9273906,0
0.0009665687,0
1.853163e-05,0
2.911209e-09,0
0.04918173,0
0.09138516,0
2.911209e-09,0
