Score,Label
0.01834949,1
0.001995744,1
0.5018693,1
0.001995744,1
0.001995744,1
0.001995744,1
0.001995744,1
4.974626e-05,1
0.001995744,1
0.001995744,1
0.001995744,1
0.001995744,1
0.01895966,1
0.9691474,0
7.408588e-06,0
1.88328e-11,0
1.88328e-11,0
1.88328e-11,0
0.0001748523,0
1.88328e-11,0
1.88328e-11,0
0.0001748523,0
1.88328e-11,0
1.88328e-11,0
1.638213e-08,0
0.0001748523,0
1.88328e-11,0
1.88328e-11,0
1.88328e-11,0
1.88328e-11,0
0.0001748523,0
1.88328e-11,0
1.88328e-11,0
1.88328e-11,0
1.88328e-11,0
0.0001748523,0
1.88328e-11,0
1.638213e-08,0
1.88328e-11,0
