Score,Label
1.056033e-05,1
8.033754e-07,1
0.0002584264,1
8.033754e-07,1
8.033754e-07,1
8.033754e-07,1
8.033754e-07,1
1.590691e-08,1
8.033754e-07,1
8.033754e-07,1
8.033754e-07,1
8.033754e-07,1
6.814182e-06,1
1.110889e-14,0
2.029638e-11,0
1.110889e-14,0
6.88634e-05,0
1.110889e-14,0
1.110889e-14,0
1.110889e-14,0
1.110889e-14,0
1.110889e-14,0
1.110889e-14,0
2.029638e-11,0
2.029638e-11,0
1.110889e-14,0
1.110889e-14,0
1.110889e-14,0
1.110889e-14,0
1.110889e-14,0
1.110889e-14,0
1.110889e-14,0
1.110889e-14,0
1.207445e-06,0
1.110889e-14,0
1.110889e-14,0
1.110889e-14,0
1.110889e-14,0
1.207445e-06,0
