Score,Label
0.06844897,1
0.0003472509,1
0.06844897,1
0.06844897,1
0.002627233,1
0.003973842,1
0.0003472509,1
0.06844897,1
0.000491455,1
0.000491455,1
0.0003472509,1
0.000491455,1
0.002627233,1
1.324314e-06,1
0.002627233,1
0.002627233,1
0.9999932,1
0.003553853,1
0.06844897,1
0.0003472509,1
0.9925486,1
0.9925486,1
0.9925486,1
7.472432e-07,1
0.9925486,1
7.472432e-07,1
7.472432e-07,1
7.472432e-07,1
7.472432e-07,1
0.9925486,1
0.06844897,1
0.0003472509,1
0.06844897,1
0.06844897,1
0.002627233,1
0.003973842,1
0.0003472509,1
0.06844897,1
0.000491455,1
0.000491455,1
0.0003472509,1
0.000491455,1
0.002627233,1
1.324314e-06,1
0.002627233,1
0.002627233,1
0.9999932,1
0.06844897,1
0.0003472509,1
0.9524101,1
0.9524101,1
0.9524101,1
0.9524101,1
0.9524101,1
0.0463485,1
0.0463485,1
0.0463485,1
3.025067e-05,1
4.971425e-05,1
0.0463485,1
4.971425e-05,1
4.971425e-05,1
4.971425e-05,1
1.180818e-05,1
4.971425e-05,1
1.180818e-05,1
1.180818e-05,1
1.180818e-05,1
0.0001325663,1
0.5058377,1
0.0463485,1
5.461557e-06,0
0.0006808139,0
2.482042e-09,0
0.0005652601,0
2.482042e-09,0
2.482042e-09,0
2.482042e-09,0
2.482042e-09,0
0.0006808139,0
9.239106e-07,0
2.482042e-09,0
1.017014e-06,0
2.482042e-09,0
0.003600683,0
2.482042e-09,0
0.0005652601,0
2.482042e-09,0
0.0006808139,0
5.461557e-06,0
0.9524101,0
9.239106e-07,0
0.002885812,0
2.482042e-09,0
9.239106e-07,0
9.239106e-07,0
0.0006808139,0
2.482042e-09,0
2.482042e-09,0
9.239106e-07,0
2.482042e-09,0
2.482042e-09,0
2.482042e-09,0
0.0001148963,0
0.0006808139,0
0.0006808139,0
5.461557e-06,0
2.482042e-09,0
2.482042e-09,0
9.239106e-07,0
9.239106e-07,0
9.239106e-07,0
0.0006808139,0
0.0006808139,0
2.270884e-05,0
5.461557e-06,0
2.482042e-09,0
2.482042e-09,0
9.239106e-07,0
0.9524101,0
0.9524101,0
9.239106e-07,0
9.239106e-07,0
0.9524101,0
2.482042e-09,0
5.461557e-06,0
5.461557e-06,0
2.482042e-09,0
5.461557e-06,0
0.004029346,0
2.482042e-09,0
9.239106e-07,0
0.0001148963,0
0.0006808139,0
0.002885812,0
0.0005652601,0
0.002885812,0
2.482042e-09,0
9.239106e-07,0
2.482042e-09,0
2.482042e-09,0
2.270884e-05,0
