Score,Label
0.001886694,1
1.044544e-05,1
0.005875908,1
0.001886694,1
2.523088e-05,1
2.523088e-05,1
1.044544e-05,1
0.005875908,1
2.523088e-05,1
2.523088e-05,1
1.044544e-05,1
2.523088e-05,1
5.393279e-07,1
0.2651772,1
5.393279e-07,1
2.523088e-05,1
2.13268e-07,1
0.0006764737,1
0.005875908,1
1.044544e-05,1
0.9822459,1
2.408357e-06,1
2.408357e-06,1
0.9822459,1
2.408357e-06,1
2.408357e-06,1
2.408357e-06,1
2.408357e-06,1
2.408357e-06,1
0.9822459,1
0.001886694,1
1.044544e-05,1
0.005875908,1
0.001886694,1
2.523088e-05,1
2.523088e-05,1
1.044544e-05,1
0.005875908,1
2.523088e-05,1
2.523088e-05,1
1.044544e-05,1
2.523088e-05,1
5.393279e-07,1
0.2651772,1
5.393279e-07,1
2.523088e-05,1
2.13268e-07,1
0.005875908,1
1.044544e-05,1
0.0002693138,1
0.0002693138,1
0.0002693138,1
0.0002693138,1
0.0002693138,1
0.85568,1
0.03205485,1
0.85568,1
3.928922e-06,1
3.928922e-06,1
0.03205485,1
1.303179e-05,1
1.303179e-05,1
1.303179e-05,1
8.563609e-06,1
0.2592297,1
1.303179e-05,1
8.563609e-06,1
8.563609e-06,1
1.303179e-05,1
0.00396727,1
0.03205485,1
4.867726e-14,0
4.867726e-14,0
3.14457e-08,0
4.867726e-14,0
4.867726e-14,0
1.410433e-12,0
0.009440534,0
1.410433e-12,0
4.867726e-14,0
4.867726e-14,0
1.410433e-12,0
0.0003891666,0
0.009440534,0
4.867726e-14,0
1.410433e-12,0
4.867726e-14,0
1.410433e-12,0
0.0006776323,0
4.867726e-14,0
4.867726e-14,0
3.14457e-08,0
4.867726e-14,0
1.410433e-12,0
4.867726e-14,0
0.0006776323,0
4.867726e-14,0
4.867726e-14,0
3.14457e-08,0
1.410433e-12,0
1.410433e-12,0
5.115709e-06,0
4.867726e-14,0
7.008749e-06,0
4.867726e-14,0
4.867726e-14,0
4.867726e-14,0
5.115709e-06,0
0.00484963,0
0.9286486,0
7.008749e-06,0
0.0006776323,0
1.410433e-12,0
0.0006776323,0
0.9286486,0
3.14457e-08,0
4.867726e-14,0
0.0006776323,0
1.410433e-12,0
0.0003891666,0
0.9286486,0
2.970019e-10,0
4.867726e-14,0
0.01751156,0
1.410433e-12,0
4.867726e-14,0
1.981728e-08,0
1.410433e-12,0
3.14457e-08,0
1.410433e-12,0
4.867726e-14,0
1.410433e-12,0
0.0003891666,0
5.115709e-06,0
4.867726e-14,0
4.867726e-14,0
4.867726e-14,0
3.14457e-08,0
5.115709e-06,0
7.008749e-06,0
3.14457e-08,0
2.970019e-10,0
