Score,Label
0.7930303,1
0.9959157,1
0.5136995,1
0.9959157,1
0.9999771,1
0.1625353,1
0.9999996,1
0.9999996,1
1,1
0.3031464,1
0.9999996,1
0.9999996,1
0.9999996,1
0.9999996,1
0.1625353,1
0.9959157,1
0.9347939,1
0.5134457,1
0.9999977,1
0.05784117,1
0.01732414,1
0.003856609,1
0.01732414,1
0.01732414,1
0.9199893,1
0.05448158,1
1.905251e-05,1
0.03780216,1
1,1
1,1
0.6978211,1
1,1
0.1651293,1
0.01161675,1
0.01161675,1
0.9810956,1
0.0003031734,1
0.01161675,1
0.9999969,1
0.9999969,1
0.2617073,1
0.9999969,1
0.8890215,1
0.8890215,1
0.8890215,1
0.6524727,1
0.8890215,1
0.6524727,1
0.8759338,1
1.103021e-05,1
5.776793e-05,1
0.7087045,1
0.001235582,1
0.001235582,1
0.9848059,1
0.08012938,1
0.9466317,1
0.001235582,1
0.006913548,1
0.01424989,1
0.002654895,1
0.0006851507,1
0.9995767,1
0.2740038,1
0.9995767,1
0.9995767,1
0.05422004,1
0.6458566,1
0.9999976,1
0.02367539,1
0.9790709,1
0.02367539,1
0.02367539,1
0.0005699799,1
0.001415971,1
0.001415971,1
0.001415971,1
0.9999998,1
0.001415971,1
0.002375743,1
0.004540627,1
0.7523066,1
0.01834882,0
0.4175781,0
0.0004277525,0
3.807107e-05,0
0.05698811,0
0.9999988,0
0.001379332,0
0.3247267,0
0.03398901,0
0.0210524,0
0.4175781,0
3.807107e-05,0
5.421683e-05,0
0.001379332,0
0.008700364,0
0.9999142,0
0.9999902,0
0.0003138405,0
0.001014472,0
0.004213311,0
0.01834882,0
0.0003246175,0
0.0008583712,0
0.05439873,0
3.807107e-05,0
0.001243681,0
0.000185039,0
5.003333e-05,0
0.00373258,0
0.00483442,0
0.9718884,0
0.007960805,0
0.0007807126,0
0.001646121,0
0.002452833,0
0.0136311,0
0.0006836613,0
0.05404056,0
0.003508609,0
0.00033595,0
9.693241e-05,0
0.002590297,0
0.006090809,0
0.00111712,0
0.006090809,0
0.001379332,0
0.03121049,0
0.009277143,0
0.0009012595,0
0.002727789,0
0.00033595,0
0.004095132,0
0.0005925216,0
0.00010271,0
0.003508609,0
0.07839604,0
0.0005868158,0
0.001646121,0
0.01568814,0
0.1279523,0
0.0003093846,0
0.001304599,0
0.009058432,0
0.9984152,0
3.807107e-05,0
0.0191342,0
0.001206086,0
0.01222645,0
0.001466073,0
0.008857668,0
3.807107e-05,0
0.03121049,0
0.0006836613,0
0.003655655,0
0.6398302,0
0.0007807126,0
0.8066453,0
0.1063783,0
0.007378272,0
0.9999988,0
9.693241e-05,0
0.1285502,0
