Score,Label
0.999297,1
0.6978626,1
0.99335,1
0.01768807,1
0.99335,1
0.999297,1
0.9637819,1
0.99335,1
0.99335,1
0.99335,1
0.5082868,1
0.9895091,1
0.99335,1
0.6798732,1
0.9953739,1
0.0002429388,1
0.00226546,1
0.9999863,1
0.9998242,1
0.9998242,1
3.70871e-06,1
4.66847e-06,1
4.66847e-06,1
0.999718,1
4.66847e-06,1
0.9999999,1
0.9999932,1
0.9999999,1
0.2057545,1
0.9999999,1
4.710531e-06,1
0.8925181,1
0.2057545,1
1,1
1,1
0.9998252,1
1,1
0.7713,1
1,1
1,1
0.0001363922,1
0.9999998,1
0.9999995,1
1,1
1,1
1.697146e-07,1
1,1
1,1
0.9917684,1
1,1
1,1
1,1
4.941788e-05,0
0.1787577,0
0.001477467,0
3.519476e-07,0
5.404288e-08,0
6.2111e-06,0
4.287474e-07,0
0.001477467,0
0.7513241,0
9.676891e-08,0
0.005109331,0
0.002471941,0
0.9911969,0
0.09420913,0
0.2057545,0
4.137675e-06,0
1.4254e-05,0
1.916109e-05,0
3.088205e-05,0
0.9417452,0
2.842195e-07,0
3.007176e-05,0
9.95288e-05,0
5.12841e-05,0
5.609112e-05,0
0.9999958,0
0.005109331,0
0.0003784279,0
9.676891e-08,0
4.287474e-07,0
3.081956e-05,0
0.4814035,0
1.775297e-06,0
0.9999986,0
0.9999784,0
0.9911969,0
5.275625e-07,0
2.210707e-06,0
0.0005660094,0
0.692354,0
0.0001084859,0
0.001703147,0
9.645856e-07,0
0.0002428081,0
3.088205e-05,0
3.451253e-06,0
2.341855e-05,0
0.001703147,0
3.519476e-07,0
3.519476e-07,0
0.0001912297,0
0.08922006,0
