Score,Label
1,1
1,1
0.9999695,1
1,1
0.9998646,1
0.9999347,1
0.9118599,1
0.9118599,1
0.9999347,1
0.9998646,1
0.9955842,1
0.9999994,1
0.9999347,1
0.9999347,1
0.9999347,1
0.9999695,1
0.9061839,1
0.9118599,1
0.9999015,1
0.9797369,1
0.9999999,1
0.9999999,1
0.9797369,1
0.9999999,1
0.9785944,1
2.677704e-05,1
4.047158e-05,1
4.047158e-05,1
1.261859e-05,1
0.1380578,1
1.261859e-05,1
0.9989179,1
0.001583766,1
0.9948264,1
0.9948264,1
0.9811144,1
0.0001762315,1
0.9811144,1
1,1
1,1
1,1
0.9999801,1
1,1
0.0008851552,1
1,1
0.0008851552,1
1,1
0.9999468,1
0.9999999,1
0.9999968,1
0.9993581,1
0.9807108,1
1,1
2.718717e-06,1
1.746101e-06,1
0.0002732286,1
0.9902952,1
0.0001287489,1
0.9902952,1
0.9999992,1
0.000919276,1
0.9986352,1
0.9999999,1
0.9983423,1
0.9995827,1
1,1
1,1
0.8901787,1
0.01417449,1
1,1
0.9999299,1
5.801465e-05,1
0.0003794557,0
0.000578447,0
3.03326e-06,0
1.413252e-05,0
0.9999999,0
0.004316745,0
0.0001353137,0
0.2427435,0
8.700676e-05,0
0.2049583,0
0.001324267,0
0.0003731023,0
0.001053165,0
7.919715e-05,0
0.0007600283,0
0.000737507,0
0.9148523,0
0.0001162512,0
0.3425062,0
7.125548e-05,0
0.001271107,0
0.000114125,0
0.0002105026,0
5.770979e-06,0
0.00294888,0
3.03326e-06,0
0.0004030679,0
0.002245389,0
0.9999156,0
0.007420357,0
0.0004840429,0
0.001190603,0
0.9118599,0
0.0002976444,0
0.0001264436,0
0.001697145,0
0.001613685,0
0.1937439,0
0.004887112,0
0.001053165,0
5.161308e-06,0
5.887871e-06,0
0.9999983,0
0.719651,0
6.501085e-06,0
0.0005905767,0
1,0
0.001324267,0
0.0001579728,0
0.05901882,0
0.0003359373,0
6.092118e-06,0
0.0007600283,0
0.08855349,0
0.007103588,0
0.9999917,0
0.9761949,0
5.311183e-05,0
0.9926312,0
0.01759094,0
0.0003311065,0
5.161308e-06,0
6.092118e-06,0
0.0001353137,0
3.03326e-06,0
4.974494e-05,0
0.5005242,0
6.092118e-06,0
8.799342e-05,0
0.000196667,0
0.0001624594,0
0.001271107,0
