Score,Label
0.9999864,1
0.9999977,1
0.9998509,1
0.9988703,1
0.9999955,1
0.9998509,1
0.9999717,1
0.9997516,1
0.9997516,1
1.328329e-05,1
6.0266e-06,1
0.9999638,1
0.6354517,1
0.9995216,1
0.9999981,1
0.03258457,1
0.9999632,1
0.9999981,0
0.9999696,0
1.252088e-09,0
0.2217494,0
0.0008809856,0
0.0001595542,0
0.03468027,0
6.43965e-05,0
0.005095248,0
0.0008809856,0
0.6625445,0
1.454481e-06,0
9.479279e-06,0
0.0382398,0
0.0002069881,0
0.000649446,0
0.001871403,0
