Score,Label
0.9999999,1
1,1
0.9999988,1
0.9999925,1
1.847424e-05,1
0.9997014,1
0.0001299974,1
0.9997014,1
1,1
0.9999958,1
1,1
1,1
0.9999931,1
1,1
1.006397e-05,1
0.0001320216,1
0.0001385194,1
0.999987,1
0.9995717,1
3.848256e-05,1
0.9979516,1
0.9999684,1
0.008590593,1
0.999976,1
0.01183516,1
0.9979516,1
0.9999684,1
0.008590593,1
0.9865614,1
0.005103168,1
0.9999998,1
0.9999998,1
0.9999684,1
0.002817472,1
0.9934233,1
0.9999986,1
0.009620177,1
0.0001435119,1
0.9923814,1
0.01641532,1
5.040112e-05,1
4.499513e-06,1
0.3295283,1
0.9999825,1
0.9999987,1
0.9999967,1
0.03188026,1
0.9746522,1
0.0009021719,1
0.9999989,1
0.627346,1
0.9995176,1
0.9999925,1
0.02991949,1
0.9999888,1
0.998825,1
0.9877428,1
1,1
0.9999943,1
3.874359e-05,0
4.689234e-05,0
0.4828005,0
0.003896808,0
1,0
0.9994432,0
0.9766878,0
0.94107,0
6.46179e-05,0
1,0
0.9994429,0
0.2663081,0
0.9986872,0
0.94107,0
0.0001281854,0
4.675039e-05,0
0.0001736736,0
6.46179e-05,0
0.9865614,0
0.0001777768,0
3.054228e-05,0
3.566669e-05,0
0.3470928,0
0.001569849,0
0.01932454,0
0.0001281854,0
4.587318e-05,0
6.46179e-05,0
0.001569849,0
0.8760436,0
0.0003994666,0
0.9996315,0
0.9999992,0
0.9999707,0
0.9999996,0
0.9999987,0
0.0001281854,0
0.0001504408,0
0.9999083,0
7.219026e-06,0
8.509116e-06,0
0.0001777768,0
0.000132222,0
0.9996425,0
0.01299166,0
4.499513e-06,0
0.9994432,0
0.003012144,0
0.005103168,0
0.9999484,0
0.01323952,0
0.0001281854,0
0.0001704635,0
9.297732e-05,0
0.2408813,0
2.646035e-05,0
0.9994653,0
0.000188284,0
0.9721201,0
