Score,Label
1,1
1,1
1,1
1,1
0.0003663827,1
1,1
1,1
0.07763321,1
1,1
0.0004159539,1
0.001800888,1
1,1
0.5748192,1
0.006600641,1
0.9927052,1
0.07542262,1
0.5748192,1
0.006600641,1
0.9927052,1
0.9982469,1
0.002628739,1
0.9999974,1
0.0001767089,1
0.0001596975,1
0.04715816,1
0.006552093,1
0.8918258,1
1,1
0.5172035,1
0.002874795,1
0.005717194,1
0.9999628,1
1,1
1,1
1,1
1,1
0.002793744,1
0.0006841397,1
6.940565e-05,1
0.9993513,1
1,1
0.9997361,1
0.0003038426,1
0.3458671,1
0.009103515,1
0.0132699,1
0.4763767,1
0.003389885,1
0.921739,1
0.5319803,1
0.001158772,0
0.9995565,0
0.0002427195,0
0.0002906061,0
0.01174035,0
0.006600641,0
0.005549114,0
0.08803461,0
0.4183518,0
0.03491342,0
0.5621288,0
0.1942191,0
0.3248761,0
0.001902111,0
0.005604661,0
0.009642827,0
0.9720805,0
0.005192328,0
0.9997148,0
0.001036924,0
0.00286369,0
0.9983037,0
0.3555471,0
0.001478204,0
0.9998655,0
0.0006325233,0
0.002628739,0
0.9994468,0
5.844773e-05,0
0.004459455,0
0.001015784,0
0.9805502,0
0.0009917137,0
0.000810253,0
0.9203723,0
3.678571e-05,0
0.02977842,0
0.01163515,0
0.1382583,0
0.9998655,0
0.002755101,0
0.0002022125,0
0.9939525,0
0.1733826,0
0.9999992,0
0.05079244,0
0.005604661,0
0.01717469,0
1,0
0.9203723,0
