Score,Label
1,1
1,1
1.150255e-05,1
0.9999998,1
0.0002639601,1
1,1
8.509028e-05,1
0.934894,1
1,1
0.9950336,1
1,1
0.9999998,1
1,1
1,1
0.9999998,1
1,1
0.9626481,1
8.876937e-05,1
0.0005611741,1
0.000269727,1
6.111278e-05,1
0.9996618,1
0.0005094956,1
0.976548,1
0.001062332,1
0.2940669,1
1,1
0.6690985,1
0.9149356,1
0.0001331033,1
0.08965045,1
1,1
0.1815341,1
1,1
0.2220174,1
0.002323372,1
0.9914925,1
0.003341135,1
0.9939048,1
1,1
6.499457e-05,1
0.00150582,1
0.9976721,1
0.9999926,1
0.003056673,1
0.01083084,1
0.04797853,0
0.9984637,0
0.8603921,0
0.09791461,0
0.9953876,0
0.002180882,0
0.0006268687,0
0.07376531,0
0.999979,0
0.2509613,0
0.4192725,0
0.9987295,0
0.9828622,0
0.001486443,0
0.9999995,0
0.0005392326,0
0.8314137,0
0.0009067355,0
6.337377e-05,0
0.9993958,0
0.991196,0
0.05780616,0
0.002082079,0
0.4977286,0
0.999988,0
0.349916,0
0.7766893,0
0.00112665,0
0.9944313,0
0.4692075,0
0.005788411,0
0.01255918,0
4.08961e-05,0
0.5161265,0
0.9524406,0
0.0001838897,0
0.1109438,0
0.6604437,0
0.0001254628,0
0.9921822,0
0.002082079,0
0.0009404169,0
0.003622019,0
0.04013792,0
5.25281e-05,0
0.07741849,0
