Score,Label
0.9845113,1
0.9999821,1
0.9993379,1
0.99991,1
0.8098371,1
1,1
1,1
0.9999484,1
1,1
0.9999931,1
0.7264247,1
0.9156427,1
0.0004600978,1
7.459668e-06,1
0.9999686,1
0.9987829,1
0.9965311,1
0.0002274993,1
0.9548262,1
3.594604e-05,1
0.9995869,1
0.0240064,0
0.0004788481,0
1.281302e-05,0
0.0004963455,0
0.007555125,0
0.9993992,0
0.9999985,0
0.0003574173,0
0.0002968388,0
0.1257629,0
0.9869989,0
0.1441714,0
0.0009769679,0
0.001040545,0
0.0005720183,0
0.05511696,0
0.0001489437,0
0.9887482,0
0.0004813491,0
0.001217358,0
0.392688,0
