Score,Label
0.9999938,1
1,1
0.9999961,1
3.711321e-07,1
0.9921261,1
2.13138e-06,1
0.9999999,1
0.9991856,1
0.9999914,1
1,1
1,1
1,1
1,1
2.744226e-05,1
1,1
0.9992436,1
0.9865023,1
1,1
0.9938253,1
0.8098275,1
0.9120634,1
0.0001094667,1
0.999091,1
0.3590745,1
1,1
0.8956833,1
1,1
0.3002622,1
6.955422e-08,1
0.9995338,1
0.0005285509,1
0.9483081,1
0.009257318,1
0.9999999,1
0.9999998,1
0.999997,1
3.398121e-05,1
0.8965431,1
0.04253316,1
0.1486945,1
1.456425e-06,1
2.57775e-05,1
0.8107984,0
0.0005395383,0
1.866155e-05,0
0.003016694,0
0.02585314,0
0.0002452881,0
0.05607856,0
0.0614895,0
0.0001183381,0
0.9997674,0
0.01515614,0
0.006789719,0
1.240623e-05,0
8.014426e-08,0
0.02324169,0
3.735011e-06,0
0.9895743,0
0.999998,0
0.0004613313,0
0.995862,0
2.130727e-05,0
0.008074734,0
0.9999946,0
0.9999955,0
0.8997777,0
8.583818e-05,0
1.929237e-05,0
0.0001156213,0
0.9994321,0
0.9999847,0
2.57775e-05,0
0.008434046,0
0.208412,0
0.08997611,0
0.0006403386,0
0.002569472,0
0.2744056,0
6.836005e-07,0
6.802753e-07,0
2.916087e-05,0
0.000363583,0
0.1013733,0
