Score,Label
0.8706499,1
0.05552183,1
0.008849538,1
0.002061922,1
0.004087144,1
0.004087144,1
0.004087144,1
0.004087144,1
0.004087144,1
0.001211067,1
0.06274706,1
0.004087144,1
0.8731236,1
0.9695778,1
0.9999973,1
0.9999973,1
0.9997516,1
0.9982272,1
0.9999995,1
0.9999993,1
0.8723345,1
0.003549637,1
0.007881388,1
0.0792276,1
0.5774688,1
0.009735193,1
0.6177822,1
0.073285,1
0.0006285887,1
0.9999993,1
0.4370001,1
0.0001714164,1
0.01526313,1
0.0007191906,1
0.0007191906,1
0.9991038,1
0.009735193,1
0.6177822,1
0.073285,1
0.0006285887,1
0.9990832,1
0.0003485056,1
0.03523632,1
0.03135834,1
0.999965,1
0.9999139,1
0.9999139,1
0.9999636,1
0.9978616,1
1,1
0.9998704,1
0.9999083,1
0.000503504,1
0.9998158,1
0.9513833,1
0.0008781239,1
0.02638687,1
0.9800163,1
0.9999522,1
0.6422871,1
0.6422871,1
0.9678702,1
0.9997372,1
0.000953217,0
0.1991008,0
0.9999228,0
0.00229065,0
0.1997677,0
0.9999878,0
0.004317481,0
0.007162687,0
0.9513833,0
0.0002999562,0
0.1991008,0
0.0006285887,0
0.7655123,0
0.1991008,0
0.1991008,0
0.9838734,0
0.1991008,0
0.9991038,0
0.2009054,0
0.073285,0
0.9999878,0
0.9998143,0
0.6177822,0
0.06464495,0
0.002805816,0
0.07018722,0
0.9513833,0
0.9991038,0
0.111114,0
0.9999973,0
0.9962955,0
0.0002999562,0
0.9996137,0
0.9999973,0
0.9999878,0
0.1991008,0
0.1991008,0
0.1349076,0
0.02872949,0
0.1991008,0
0.001247238,0
0.9045342,0
0.1991008,0
0.002667174,0
0.1110477,0
0.9972872,0
0.001709012,0
0.07845782,0
0.1991008,0
0.5301729,0
0.007162687,0
0.04703418,0
0.4944187,0
0.9972872,0
0.9999982,0
0.9999878,0
0.6833578,0
0.1991008,0
0.9853818,0
0.9991038,0
0.9999878,0
0.9513833,0
0.9824241,0
