Score,Label
0.9998482,1
0.988636,1
0.988636,1
0.988636,1
0.9998482,1
0.9022328,1
0.9998482,1
0.9978721,1
0.999867,1
0.999867,1
0.999867,1
0.999867,1
0.999867,1
0.999867,1
0.999867,1
0.9597184,1
0.9597184,1
0.9597184,1
0.9597184,1
0.003969843,1
0.9405201,1
0.9909164,1
1.350193e-07,1
0.9405201,1
0.9405201,1
0.9405201,1
0.9994841,1
0.9989417,1
0.9994841,1
0.02458461,1
0.9989417,1
0.9994841,1
0.9998722,1
0.9999233,1
0.9999233,1
0.9999233,1
0.002202655,1
0.0266825,1
0.9999233,1
0.0001040439,1
0.9405201,1
0.9405201,1
0.9405201,1
0.9961455,1
0.9776058,1
0.6904975,1
0.9961455,1
0.990328,1
0.9999454,1
0.9987533,1
0.990328,1
0.990328,1
0.01621804,0
0.0004260524,0
2.156615e-05,0
0.005513962,0
7.463754e-05,0
4.686864e-05,0
0.0003593276,0
7.820309e-06,0
0.9769484,0
0.0002050601,0
6.128682e-05,0
4.167174e-05,0
0.988636,0
0.219851,0
0.006033514,0
2.93718e-07,0
7.7691e-06,0
1.35945e-05,0
3.395166e-05,0
0.100804,0
0.001518113,0
0.0003715182,0
7.166176e-07,0
0.00133031,0
0.9915714,0
7.7691e-06,0
0.9624365,0
7.3986e-07,0
0.007649311,0
3.101543e-05,0
1.800425e-05,0
0.04560186,0
7.044714e-06,0
2.374395e-05,0
0.003969843,0
6.738572e-08,0
0.00133031,0
0.003969843,0
0.0001340698,0
7.463754e-05,0
0.008155786,0
9.888568e-07,0
2.015684e-05,0
0.00043754,0
0.009949895,0
0.006033514,0
0.001081294,0
0.0422627,0
2.374395e-05,0
0.002878975,0
1.042099e-07,0
0.01355657,0
