Score,Label
0.9999998,1
0.9999998,1
0.9996632,1
0.9999998,1
0.9991311,1
0.9895594,1
0.9997754,1
0.9999998,1
0.9991311,1
0.9996632,1
0.9991311,1
1,1
1,1
1,1
1,1
1,1
1,1
1,1
0.5504396,1
1,1
0.9999999,1
0.9999999,1
0.9999999,1
0.9999999,1
0.008610842,1
0.9999999,1
0.9999999,1
0.9999999,1
0.9999999,1
0.961974,1
0.9999999,1
0.9999999,1
0.9999999,1
0.9999999,1
0.008610842,1
0.9999999,1
0.9999999,1
0.9999999,1
0.9999999,1
0.9999999,1
0.9999994,1
0.9999994,1
0.9999994,1
0.9999999,1
0.9999999,1
0.9999999,1
0.9999999,1
0.9999528,1
0.9999999,1
0.9999428,1
0.9999428,1
0.4340305,1
0.003669216,1
0.4340305,1
0.999998,1
0.9972413,1
1,1
0.9999871,1
0.00505816,1
0.00505816,1
0.9980714,1
0.0863711,1
0.984477,1
0.04557787,1
0.00505816,1
0.9992313,1
0.984477,1
1,1
1,1
1,1
1,1
1,1
0.0004867933,1
1,1
0.9999999,1
0.03725074,1
0.9999999,1
0.9999999,1
0.9999999,1
0.999997,1
0.9999994,1
0.9999994,1
0.9999994,1
0.9989642,1
0.01960747,1
1,1
0.09453755,0
0.961974,0
0.009168145,0
0.003615019,0
0.0005062746,0
0.999997,0
0.004363174,0
0.01690778,0
0.001270799,0
0.007179703,0
0.00169809,0
0.0004708291,0
0.01697643,0
0.003615019,0
0.001320971,0
0.0006803913,0
0.0003199711,0
0.1239507,0
3.333035e-05,0
0.01562901,0
0.0004839782,0
0.004751329,0
0.0005420062,0
0.003298952,0
0.0002929321,0
0.001249312,0
0.00149627,0
0.0007831421,0
0.001016494,0
0.0004884586,0
0.001025439,0
0.1239507,0
0.09453755,0
0.002324378,0
0.00319589,0
0.07015423,0
0.09453755,0
0.000381208,0
3.333035e-05,0
7.25924e-05,0
0.01562901,0
9.783101e-05,0
0.0006657277,0
0.003957715,0
7.25924e-05,0
0.003298952,0
0.0002579179,0
0.004751329,0
0.0004216221,0
7.882796e-05,0
0.001156664,0
0.0004425098,0
7.170542e-05,0
0.07015423,0
0.000381208,0
0.0001276568,0
0.0005515542,0
0.02529967,0
7.882796e-05,0
0.4632496,0
0.0004708291,0
0.006238551,0
0.09453755,0
0.0004708291,0
0.0003525893,0
0.0001276568,0
0.1239507,0
8.00048e-05,0
0.00146872,0
0.09453755,0
0.003157101,0
0.0005901114,0
0.005676958,0
0.07015423,0
0.0003937488,0
0.1239507,0
0.0003178332,0
0.0003525893,0
0.0004838044,0
0.0001276568,0
0.0001863222,0
0.001459705,0
0.0001129609,0
0.000381208,0
0.2341454,0
0.09453755,0
