Score,Label
0.9989819,1
0.9975158,1
0.9963233,1
0.9863145,1
0.9898826,1
0.9998388,1
0.9998388,1
0.9998388,1
0.9998388,1
0.9712622,1
0.9712622,1
0.9712622,1
0.009749211,1
0.9621109,1
0.9712622,1
0.9712622,1
0.009749211,1
0.9712622,1
0.9712622,1
0.9712622,1
0.9999522,1
0.9999522,1
0.9999522,1
0.9366667,1
0.9515287,1
0.5172588,1
0.9973025,1
0.9973025,1
0.1257663,1
0.9994028,1
0.9992629,1
0.9992629,1
0.9992629,1
0.9992629,1
0.9366667,1
2.161553e-05,0
0.003583267,0
0.9936638,0
0.1346418,0
8.484423e-10,0
0.0332468,0
2.576962e-08,0
5.104093e-05,0
5.332317e-08,0
4.443483e-05,0
0.4946101,0
0.9660006,0
0.008506899,0
1.088786e-08,0
3.422386e-07,0
2.161553e-05,0
0.348339,0
5.513264e-08,0
5.17995e-05,0
0.3240035,0
0.001916718,0
3.049532e-08,0
0.02633814,0
0.1346418,0
0.0002321025,0
3.637384e-05,0
0.002255351,0
9.198362e-05,0
0.1774959,0
0.0001314997,0
2.161553e-05,0
0.0002321025,0
0.8737753,0
3.166435e-06,0
0.0002321025,0
