Score,Label
0.3034796,1
0.9976144,1
0.9995745,1
0.9995745,1
0.9999999,1
0.9976144,1
0.9999979,1
0.9999007,1
0.9945615,1
0.9997004,1
0.970788,1
0.9999999,1
0.9999818,1
1,1
1,1
0.9999999,1
0.9999732,1
0.9999996,1
0.997313,1
0.9994031,1
1,1
0.9998968,1
0.0205158,1
0.009639036,1
0.8667257,1
0.9528423,1
0.9999986,1
0.9864204,1
0.9999996,1
0.9999778,1
0.9999787,1
0.9999635,1
0.9956445,1
2.931254e-05,1
0.9999964,1
0.9999945,1
0.9999961,1
0.9999971,1
0.9999998,1
0.999833,1
1,1
0.9976923,1
1,1
0.9999998,1
0.8033499,1
0.9998969,1
0.4210627,1
0.5278671,1
0.9998969,1
0.9818975,1
0.9999636,1
0.007832932,1
0.9818975,1
0.352924,1
0.001967355,0
2.059493e-07,0
0.4515077,0
0.3939018,0
0.9999995,0
0.007496395,0
0.02289124,0
0.04571222,0
0.9995095,0
6.081549e-07,0
6.704713e-08,0
1.385792e-05,0
3.634314e-07,0
2.807936e-06,0
0.000443206,0
0.01936753,0
2.572669e-05,0
0.0003934949,0
0.00112794,0
1.799697e-05,0
0.001660522,0
3.02741e-05,0
0.0001610426,0
0.0002362689,0
0.002068495,0
2.343831e-06,0
1.682346e-05,0
5.994832e-05,0
1,0
0.9359943,0
2.355565e-05,0
0.9552529,0
0.0012233,0
5.000647e-06,0
3.996089e-05,0
0.000443206,0
0.000835337,0
3.755105e-07,0
0.004702131,0
4.424337e-05,0
0.01836586,0
0.0004913501,0
2.195443e-05,0
0.002748044,0
0.999449,0
0.0001493198,0
2.518324e-06,0
0.9656244,0
1.264267e-05,0
5.65681e-07,0
9.829174e-07,0
4.495043e-08,0
0.6728393,0
0.0003149874,0
