Score,Label
0.9997107,1
0.9986356,1
0.01782257,1
0.9998978,1
0.9998496,1
0.9995537,1
0.9995537,1
0.9695873,1
0.9995079,1
0.9764573,1
0.9384341,1
0.999877,1
0.9999881,1
0.8995296,1
0.9999932,1
0.9966024,1
0.6833098,0
0.08158256,0
0.01079421,0
0.01259403,0
0.001214248,0
0.0001141338,0
0.0001848804,0
0.001641627,0
0.0003852588,0
0.0003234368,0
0.05528968,0
0.000140527,0
0.8711129,0
0.002326166,0
0.0001361054,0
1.489566e-05,0
