Score,Label
0.9999995,1
0.9981052,1
0.9986726,1
0.9981052,1
0.999995,1
0.9512624,1
4.883494e-06,1
1,1
0.9999977,1
0.9999999,1
0.06245742,1
0.9999937,1
1.296092e-05,1
0.9999995,1
0.9981946,1
0.9999995,1
0.999997,1
1,1
0.9790412,1
0.9999959,1
0.9999999,1
1,1
0.999992,1
0.8896418,1
0.999274,1
0.01939166,1
0.004683494,1
1,1
1,1
1,1
1,1
0.9170673,1
0.9999999,1
0.9998904,1
0.9997674,1
0.9537917,1
0.9532922,1
0.9534649,1
0.9999416,1
0.001038322,1
1,1
1,1
0.002639582,1
0.9999989,1
1,1
0.9950204,1
1,1
0.001986878,1
0.9999999,1
1,1
0.9998386,1
0.9968824,1
0.4585865,1
0.937839,1
0.8018098,1
0.9654615,1
0.5584826,1
0.9999934,1
0.5584826,1
1.120767e-06,1
0.9324134,1
0.0002867414,1
0.4999696,0
0.3455907,0
0.001677607,0
7.533588e-05,0
0.1611174,0
0.0001298239,0
0.0003056209,0
3.418138e-05,0
3.033653e-05,0
4.241561e-06,0
0.1025326,0
0.9853777,0
2.64446e-05,0
0.0001418069,0
0.4145932,0
0.0001078897,0
0.0006962396,0
1.718508e-05,0
0.9817607,0
0.2367872,0
0.9927658,0
0.356196,0
0.1181871,0
1.344054e-05,0
0.0006389876,0
0.9938012,0
0.9975801,0
0.9392977,0
0.01579105,0
0.0003785264,0
0.0003260112,0
0.00162952,0
0.01220101,0
0.0002678807,0
1.703803e-06,0
4.745538e-05,0
0.001728097,0
0.000118065,0
0.8850674,0
3.554164e-05,0
9.343835e-05,0
1.895348e-07,0
3.584208e-05,0
0.0005193974,0
0.00116964,0
0.004500516,0
0.0003260112,0
0.0002778974,0
0.0003782476,0
0.00265381,0
0.01250061,0
0.9969732,0
3.338106e-05,0
6.150385e-07,0
3.528494e-06,0
0.001670097,0
0.001728097,0
0.6925832,0
0.999725,0
0.4429681,0
4.46501e-05,0
1.160306e-05,0
