Score,Label
0.9762877,1
0.9999722,1
0.9884307,1
0.9826357,1
0.9965798,1
0.9988738,1
0.999824,1
0.9992185,1
0.9992185,1
0.9104834,1
0.5600342,1
0.98356,1
0.9999838,1
0.9998791,1
0.1827422,1
1,1
0.9999981,1
1,1
0.9999996,1
1,1
1,1
0.9999996,1
0.9999928,1
0.9999999,1
0.99084,1
0.9988981,1
0.9992753,1
0.6749656,1
1,1
1,1
0.9999995,1
1,1
0.9977632,1
1,1
1,1
1,1
0.9999998,1
0.9999995,1
0.9999917,1
0.9999962,1
0.155412,1
0.08264212,1
0.9331968,1
0.9999995,1
0.9999944,1
0.999313,1
0.9663495,1
0.02480794,1
1,1
0.9999999,1
1,1
0.9998826,1
1,1
0.9999995,1
0.9999933,1
0.9999655,1
0.9999976,1
0.9994622,1
0.9999862,1
0.9995213,1
0.9979057,1
0.9997959,1
0.000236227,1
0.9999993,1
0.000236227,1
0.9993332,1
0.000654507,1
0.9592298,1
0.179564,1
4.185255e-05,0
0.0004049794,0
2.372779e-05,0
8.628282e-05,0
0.008644555,0
9.291343e-05,0
0.0003750915,0
0.0003254839,0
3.664897e-07,0
3.40881e-06,0
0.03993563,0
0.000209519,0
0.9290596,0
1.093715e-05,0
0.000209519,0
0.0837568,0
0.0008347243,0
0.1168118,0
0.822105,0
1.117674e-06,0
0.001555444,0
2.456846e-06,0
0.0866989,0
0.08224567,0
9.393453e-05,0
0.001421173,0
0.000209519,0
2.226932e-05,0
6.967038e-07,0
0.02833782,0
0.01313647,0
2.372779e-05,0
0.06956268,0
0.9184831,0
1.292298e-05,0
0.9996471,0
0.002140251,0
1.134916e-05,0
3.309317e-05,0
0.0001664746,0
0.04253192,0
0.4540798,0
3.340966e-06,0
0.0009385576,0
0.0004784671,0
8.628282e-05,0
2.896246e-06,0
0.1018539,0
0.0005444914,0
0.003452073,0
7.495752e-06,0
0.0001812255,0
2.231533e-06,0
0.08680736,0
0.9884307,0
0.9993458,0
3.175206e-08,0
0.03906817,0
8.628282e-05,0
1.472998e-06,0
1.502773e-05,0
2.063566e-05,0
0.0001411574,0
0.005201908,0
0.0005444914,0
0.0005444914,0
9.373027e-07,0
0.1002931,0
0.001415759,0
