Score,Label
1,1
1,1
1,1
1,1
1,1
1,1
1,1
1,1
1.635002e-07,0
4.585239e-07,0
0.07033705,0
1.635002e-07,0
1.635002e-07,0
4.585239e-07,0
3.765605e-07,0
1.635002e-07,0
