Score,Label
0.9999995,1
0.9999995,1
0.9999995,1
1,1
0.9999999,1
1,1
0.9952832,1
0.99999,1
0.9999999,1
0.9999999,1
0.9999999,1
0.9999999,1
0.9999553,1
4.942623e-05,1
0.9999989,1
0.9999998,1
4.476547e-11,0
3.257197e-07,0
1.189641e-10,0
4.476547e-11,0
5.674528e-10,0
5.510841e-10,0
1.509265e-11,0
4.069434e-14,0
4.816896e-12,0
3.383844e-09,0
2.066372e-10,0
1.509265e-11,0
7.321902e-10,0
6.116225e-08,0
1.470266e-10,0
2.863447e-09,0
