Score,Label
0.01937703,1
0.4603348,1
0.4603348,1
0.9999963,1
0.0270032,1
0.08873788,1
0.9999995,1
1,1
1,1
1,1
0.4500822,1
1,1
1,1
0.9999967,1
1,1
6.338866e-09,0
5.699794e-09,0
0.001304456,0
1.459872e-08,0
0.0019412,0
9.405926e-07,0
8.703245e-08,0
6.580316e-06,0
0.0019412,0
6.894208e-07,0
7.055282e-09,0
6.617254e-07,0
1.130844e-05,0
0.0019412,0
0.0019412,0
