Score,Label
1,1
0.9989315,1
0.9999939,1
1,1
0.9999065,1
0.9999996,1
0.9999936,1
0.6893935,1
0.001615591,1
1,1
0.002308493,1
0.9999993,1
1,1
0.9992821,1
0.9854962,1
0.9996923,1
0.01018272,1
1,1
0.002744023,0
1.549243e-05,0
0.001100774,0
3.296799e-05,0
0.0004414677,0
7.251733e-06,0
0.0004277494,0
1.105377e-05,0
0.0004345808,0
4.492002e-06,0
3.890365e-05,0
0.002246274,0
0.003193969,0
0.0002248492,0
0.0007502447,0
3.242301e-05,0
0.0006657299,0
0.001274786,0
