Score,Label
1,1
0.9919862,1
0.9999975,1
1,1
1,1
1,1
1,1
1,1
0.9999996,1
0.07816477,1
1,1
1.713296e-05,0
0.9848894,0
0.1071988,0
4.160166e-05,0
2.386988e-07,0
1.817371e-07,0
2.018005e-07,0
3.160897e-07,0
2.115276e-06,0
5.452172e-07,0
1.352279e-06,0
