Score,Label
0.9983649,1
0.9748843,1
0.9999999,1
1,1
1,1
1,1
0.9999998,1
0.9999478,1
1,1
0.9820503,1
0.001616372,1
0.925505,1
1,1
0.001616372,1
0.9820503,1
0.001616372,1
0.001616372,1
0.9999996,1
0.925505,1
0.001616372,1
0.9999945,1
0.471696,1
0.9972982,1
0.9998842,1
0.9972982,1
0.9999945,1
0.9972982,1
0.9972982,1
0.9972982,1
0.9748843,1
0.9999478,1
0.9999999,1
1,1
0.9983649,1
1,1
0.9999998,1
1,1
1,1
1,1
0.002985035,1
0.9981713,1
1,1
1,1
0.1332627,1
1,1
0.1332627,1
1,1
0.999992,1
1,1
0.9999999,1
0.1732112,1
0.9999962,1
1,1
0.9999962,1
1,1
0.9999962,1
0.9999962,1
0.9999995,1
1,1
0.9999962,1
1,1
0.9999962,1
0.1332627,0
0.1332627,0
0.1332627,0
0.1332627,0
0.0005446136,0
0.1332627,0
0.1332627,0
0.1332627,0
0.9958667,0
0.1332627,0
0.9677109,0
0.9958667,0
0.0006773536,0
0.1332627,0
0.0004668668,0
0.9958667,0
0.1332627,0
0.0006773536,0
0.1332627,0
0.0004668668,0
0.1332627,0
0.001027664,0
0.9677109,0
0.1332627,0
0.1332627,0
0.9958667,0
0.003072079,0
0.002343515,0
0.0005446136,0
0.1332627,0
0.002343515,0
0.1332627,0
0.1332627,0
0.0004668668,0
0.0004668668,0
0.1332627,0
0.0004668668,0
0.9958667,0
0.0004668668,0
0.0005446136,0
0.001321998,0
0.001616372,0
0.0004668668,0
0.0004668668,0
0.1332627,0
0.0004668668,0
0.1332627,0
0.0004668668,0
0.9958667,0
0.1332627,0
0.001321998,0
0.1332627,0
0.1332627,0
0.001616372,0
0.002669016,0
0.0004668668,0
0.0005446136,0
0.0005446136,0
0.1332627,0
0.1332627,0
0.001321998,0
0.1332627,0
