Score,Label
1,1
1,1
1,1
1,1
1,1
1,1
1,1
1,1
1,1
1.078481e-05,0
9.813328e-05,0
1.078481e-05,0
1.078481e-05,0
1.011392e-08,0
1.078481e-05,0
1.011392e-08,0
3.955499e-05,0
3.955499e-05,0
