Score,Label
0.7703593,1
0.7703593,1
0.7703593,1
0.7703593,1
9.279645e-06,1
9.279645e-06,1
0.0007451621,1
0.0007451621,1
0.9995694,1
0.0007451621,1
0.0007451621,1
0.0007451621,1
0.0007451621,1
0.0006048809,1
0.0006048809,1
0.0001326412,1
0.0001326412,1
0.3490005,1
0.3490005,1
0.0001326412,1
0.3490005,1
0.8329116,1
0.0001326412,1
0.0001326412,1
0.0001326412,1
0.07820953,1
0.07820953,1
0.9929163,1
0.9929163,1
0.07820953,1
0.9929163,1
0.9356612,1
0.07820953,1
0.07820953,1
0.07820953,1
0.9474502,1
0.2805428,1
3.733629e-08,0
3.733629e-08,0
3.733629e-08,0
3.733629e-08,0
0.01211516,0
3.733629e-08,0
0.000135226,0
3.733629e-08,0
3.733629e-08,0
0.0009821042,0
3.733629e-08,0
3.733629e-08,0
3.733629e-08,0
0.000135226,0
0.000135226,0
0.0003652698,0
0.0002692069,0
3.733629e-08,0
3.733629e-08,0
0.000135226,0
3.733629e-08,0
3.733629e-08,0
3.733629e-08,0
3.733629e-08,0
3.733629e-08,0
0.0003652698,0
3.733629e-08,0
3.733629e-08,0
3.733629e-08,0
3.733629e-08,0
3.733629e-08,0
0.000135226,0
3.733629e-08,0
3.733629e-08,0
0.0009821042,0
0.0003652698,0
3.733629e-08,0
