Score,Label
0.01336667,1
0.01336667,1
0.002159783,1
0.002159783,1
0.002159783,1
0.01336667,1
0.002159783,1
0.003875542,1
0.01336667,1
0.01336667,1
0.9993243,1
0.9993243,1
0.9993243,1
0.9993243,1
0.9993243,1
0.9993243,1
0.9930559,1
0.9930559,1
0.9706379,1
0.9999042,1
0.9930559,1
0.9999042,1
0.9930559,1
0.9930559,1
0.02911533,1
0.02911533,1
0.03622924,1
0.9882801,1
0.03622924,1
0.9973869,1
0.03622924,1
0.9075742,1
0.9882801,1
0.9973869,1
0.0120502,1
0.9882801,1
0.0002316727,0
3.177991e-09,0
3.23203e-06,0
3.177991e-09,0
3.177991e-09,0
0.0002316727,0
0.0002316727,0
3.177991e-09,0
0.0009503319,0
3.23203e-06,0
3.177991e-09,0
0.002867483,0
3.177991e-09,0
1.676493e-05,0
3.177991e-09,0
3.177991e-09,0
0.0001841738,0
3.177991e-09,0
3.23203e-06,0
0.0002316727,0
3.177991e-09,0
3.177991e-09,0
3.23203e-06,0
0.0004013735,0
0.9750164,0
3.177991e-09,0
3.177991e-09,0
3.23203e-06,0
3.177991e-09,0
3.177991e-09,0
0.0002316727,0
3.177991e-09,0
3.177991e-09,0
3.177991e-09,0
0.0002316727,0
3.177991e-09,0
