Score,Label
0.1859019,1
0.1859019,1
0.1859019,1
0.04698547,1
0.9557157,1
0.9999889,1
0.9999999,1
0.9980129,1
0.9000356,1
0.9885539,1
0.999945,1
0.9999996,1
0.999945,1
0.999945,1
0.0001321556,0
0.846805,0
4.092876e-06,0
0.846805,0
4.092876e-06,0
4.092876e-06,0
4.092876e-06,0
0.0003814448,0
0.0001321556,0
0.0003814448,0
0.02057987,0
0.0001321556,0
4.092876e-06,0
0.846805,0
