Score,Label
3.321391e-05,1
0.9999255,1
0.9999255,1
0.9997259,1
1,1
0.7217817,1
1,1
0.9986312,1
0.9986312,1
0.7066546,1
0.9999998,1
0.003360345,0
9.236456e-05,0
1.116403e-05,0
0.0004108997,0
0.01083678,0
0.001714275,0
0.009757551,0
0.0002908098,0
0.01152109,0
9.54979e-06,0
0.004160483,0
