Score,Label
1,1
1,1
0.7081506,1
0.9611863,1
0.002293974,1
0.002293974,1
0.08713285,1
0.002293974,1
0.9953994,1
0.01005142,1
0.9999973,1
1.298036e-05,1
1,1
0.0001039878,1
1.661522e-05,1
1,1
0.9991949,1
0.0001563585,1
1,1
8.00906e-05,1
0.999549,1
0.9850612,1
0.7789671,1
0.0005830172,1
0.9998974,1
1,1
0.9999708,1
1,1
0.3085666,1
1,1
0.9994686,1
0.9999913,1
0.9999999,1
0.9999999,1
1.443761e-06,0
0.0109182,0
0.005077483,0
0.001048828,0
0.008005709,0
3.518664e-06,0
0.0001030638,0
0.003765281,0
0.004791257,0
0.805414,0
5.636688e-06,0
0.001048828,0
0.4115117,0
0.9999995,0
5.238425e-07,0
0.05740477,0
4.951634e-05,0
0.00148671,0
9.781282e-05,0
0.001048828,0
0.2006311,0
0.0002315795,0
1.005792e-07,0
0.8778281,0
2.633474e-06,0
3.80034e-06,0
0.9998803,0
0.9998524,0
0.9801107,0
0.007924637,0
5.093746e-05,0
9.219074e-06,0
0.007924637,0
0.2317523,0
