Score,Label
0.9985027,1
0.006892526,1
0.05772396,1
0.9985027,1
0.7264166,1
0.006892526,1
0.9963025,1
0.009065929,1
0.6520597,1
0.993513,1
0.009065929,1
0.9737085,1
0.9996135,1
0.0113731,1
0.0042982,1
0.2061364,1
0.003658835,1
0.09726267,1
0.3068819,1
0.3068819,1
0.03439102,1
0.5004205,1
0.322324,1
0.001626414,1
0.5004205,1
0.8445018,1
0.03439102,1
0.001760926,1
0.4997691,1
0.5004205,1
0.001626414,1
0.02053988,1
0.4065445,1
0.9987054,1
0.01880296,1
0.9693624,1
0.01880296,1
0.01291883,1
0.9693624,1
0.01278906,1
0.002120462,1
0.9693624,1
0.002120462,1
0.9693403,1
0.322324,1
0.001626414,1
0.4997691,1
0.001626414,1
0.02053988,1
0.4997691,1
0.9972886,1
0.02220638,1
0.8350144,1
0.3605413,1
0.0707546,1
0.02220638,1
0.9997973,1
0.9733907,1
0.9995822,1
0.9473559,1
0.9733907,1
0.0707546,1
0.9473559,1
0.03439102,1
0.322324,1
0.001626414,1
0.5004205,1
0.03439102,1
0.5004205,1
0.03439102,1
0.4997691,1
0.5004205,1
0.001626414,1
0.02053988,1
0.4997691,1
0.9985027,1
0.006892526,1
0.9985027,1
0.977895,1
0.8105209,1
0.01278906,1
0.1097602,1
0.4997691,1
0.4997691,1
0.3603546,1
0.4997691,1
0.4997691,1
0.1097602,1
0.002914386,1
0.4997691,1
0.4997691,1
0.4997691,0
0.4997691,0
0.8445018,0
0.5004205,0
0.5004205,0
0.5585847,0
0.4997691,0
0.322324,0
0.9693624,0
0.322324,0
0.05772396,0
0.1097602,0
0.001760926,0
0.7561569,0
0.8105209,0
0.322324,0
0.7601491,0
0.5004205,0
0.5004205,0
0.006892526,0
0.5004205,0
0.03439102,0
0.001760926,0
0.4997691,0
0.4997691,0
0.2959045,0
0.001626414,0
0.9996296,0
0.4997691,0
0.002914386,0
0.4997691,0
0.4997691,0
0.5004205,0
0.4997691,0
0.9733907,0
0.8187585,0
0.4997691,0
0.322324,0
0.4997691,0
0.5004205,0
0.971258,0
0.7924719,0
0.8445018,0
0.03439102,0
0.992718,0
0.8469041,0
0.03439102,0
0.4997691,0
0.9987962,0
0.8187585,0
0.1097602,0
0.5004205,0
0.05446637,0
0.322324,0
0.2659403,0
0.007378862,0
0.9693624,0
0.03439102,0
0.4997691,0
0.4997691,0
0.5004205,0
0.4997691,0
0.5004205,0
0.9716178,0
0.4997691,0
0.9996178,0
0.001626414,0
0.9693624,0
0.4997691,0
0.8187585,0
0.4065445,0
0.5004205,0
0.4997691,0
0.7703471,0
0.4997691,0
0.001418932,0
0.6864719,0
0.5004205,0
0.03439102,0
0.8469041,0
0.9693624,0
0.9551249,0
0.322324,0
0.4997691,0
0.450367,0
0.7546021,0
0.4997691,0
0.9985158,0
0.001626414,0
0.05446637,0
0.4997691,0
