Score,Label
0.9999983,1
0.9999983,1
0.9988776,1
0.9951167,1
0.9999964,1
0.9960812,1
0.004965304,1
0.8728595,1
0.9999998,1
0.8412488,1
0.9999998,1
0.002611388,1
0.9999998,1
0.6956033,1
0.9960812,1
0.9231752,1
0.9194566,1
0.9999864,1
0.9999052,1
1,1
0.9999998,1
1,1
0.9601148,1
0.9571951,1
0.003340787,1
0.6429119,1
0.01577282,1
0.04199311,0
0.02440115,0
0.03185632,0
0.0255085,0
0.00995256,0
0.03185632,0
0.9999998,0
0.8763593,0
0.02440115,0
0.002333134,0
0.001523895,0
0.01084666,0
0.03185632,0
0.9899954,0
1,0
0.09458781,0
0.009596291,0
0.9999998,0
0.1142403,0
0.00196607,0
0.03185632,0
0.0137993,0
0.002565888,0
0.01270058,0
0.9997075,0
0.03185632,0
0.03185632,0
