Score,Label
0.9999762,1
0.9971157,1
1,1
0.9849555,1
0.9954622,1
0.1318167,1
0.9430577,1
0.06993198,1
0.9976529,1
0.002219487,1
0.9999975,1
0.00135768,1
0.9999808,1
0.8012252,1
1,1
0.9999808,1
1,1
0.9999808,1
0.9998845,1
0.9999999,1
0.00182163,1
0.9955668,1
0.7934376,1
0.0008863782,1
0.9999092,1
0.9999989,1
0.2530884,1
0.008015504,1
0.9999911,1
0.9984907,1
0.006370168,1
0.993715,0
0.0509724,0
0.9971157,0
0.0003604019,0
0.02227847,0
0.2202417,0
0.9562111,0
0.001072662,0
0.003129046,0
0.999806,0
0.003348583,0
1,0
0.009940806,0
0.007927337,0
0.001732562,0
0.9971157,0
0.2618268,0
0.000434546,0
0.005248542,0
0.003742096,0
0.0177146,0
0.009940806,0
0.7761841,0
0.01139419,0
0.001622664,0
0.03897942,0
0.00366701,0
0.997499,0
0.03182719,0
0.0008238229,0
0.01343112,0
