Score,Label
0.4375595,1
0.5093738,1
0.9980509,1
0.5995426,1
0.5995426,1
0.5920903,1
0.9909014,1
0.5995426,1
0.5995426,1
0.5995426,1
0.9909014,1
0.5995426,1
0.5995426,1
0.1160726,1
0.06020705,1
0.9990506,1
0.4375595,1
0.3026717,1
0.4375595,1
0.4375595,1
0.4375595,1
0.5995426,1
0.4375595,1
0.5995426,1
0.007460312,1
0.9978729,1
0.5995426,1
0.001433596,1
0.5995426,1
0.5995426,1
0.9909014,1
0.06020705,1
0.9990506,1
0.4375595,1
0.4375595,1
0.3026717,1
0.5995426,1
0.006987455,1
0.4375595,1
0.4375595,1
0.4375595,1
0.5995426,1
0.4375595,1
0.4375595,1
0.5995426,1
0.06020705,1
0.9990506,1
0.4375595,1
0.4375595,1
0.3026717,1
0.5995426,1
0.006987455,1
0.4375595,1
0.4375595,1
0.5995426,1
0.4375595,1
0.5995426,1
0.773353,1
0.9965423,1
0.0197093,1
0.9965423,1
0.4995698,1
0.9965423,1
0.1344409,1
0.0004498966,1
0.0004498966,1
0.9355316,1
0.0004498966,1
0.9997719,1
0.001046936,1
0.001046936,1
0.993162,1
0.001046936,1
0.5995426,1
0.4375595,1
0.5995426,1
0.006987455,1
0.4375595,1
0.4375595,1
0.5995426,1
0.006987455,0
0.4375595,0
0.9909014,0
0.5995426,0
0.4375595,0
0.009940904,0
0.4375595,0
0.4375595,0
0.5995426,0
0.4375595,0
0.5995426,0
0.4375595,0
0.4375595,0
0.999483,0
0.006987455,0
0.5995426,0
0.4375595,0
0.5995426,0
0.0004498966,0
0.5995426,0
0.006987455,0
0.5995426,0
0.4375595,0
0.5995426,0
0.006987455,0
0.4375595,0
0.4375595,0
0.4375595,0
0.006987455,0
0.4375595,0
0.4375595,0
0.006987455,0
0.7957705,0
0.4375595,0
0.4375595,0
0.4375595,0
0.5995426,0
0.4375595,0
0.006987455,0
0.001046936,0
0.006987455,0
0.3026717,0
0.006987455,0
0.006987455,0
0.006987455,0
0.0004498966,0
0.4375595,0
0.9957253,0
0.4375595,0
0.5995426,0
0.006987455,0
0.4375595,0
0.993162,0
0.4375595,0
0.5995426,0
0.006987455,0
0.4375595,0
0.9990506,0
0.06020705,0
0.001046936,0
0.06020705,0
0.4375595,0
0.4547918,0
0.9990506,0
0.0004498966,0
0.4375595,0
0.4375595,0
0.9754633,0
0.5995426,0
0.4375595,0
0.006987455,0
0.5995426,0
0.4375595,0
0.4375595,0
0.3026717,0
0.4375595,0
0.001046936,0
0.4375595,0
0.4375595,0
0.4375595,0
