Score,Label
0.999594,1
0.7731587,1
0.999594,1
0.9631299,1
0.9999937,1
0.958972,1
0.958972,1
0.999787,1
0.5583609,1
0.999787,1
0.9999828,1
0.9999993,1
1,1
1,1
0.9999937,0
5.766517e-05,0
0.9967728,0
0.0001963095,0
0.2592382,0
0.00132369,0
6.118739e-06,0
0.003444334,0
0.001004609,0
0.0002761806,0
6.526591e-05,0
0.01313044,0
0.0001141888,0
0.0004658106,0
