Score,Label
0.9941649,1
0.4138026,1
0.4138026,1
1,1
0.9880038,1
0.003376064,1
0.9880038,1
0.9568679,1
0.9494914,1
0.9999998,1
0.9999989,1
0.9999824,1
0.9999126,1
0.9990277,1
1,1
0.9999961,1
0.001084115,1
0.9999903,1
0.999446,1
0.01905852,0
0.0002662788,0
0.000259472,0
0.002669797,0
0.01905852,0
0.0003066308,0
0.0001317498,0
0.01070774,0
3.490933e-06,0
0.8324563,0
8.691227e-06,0
0.0002145661,0
5.740478e-05,0
0.01905852,0
7.34837e-05,0
0.0002413048,0
0.03169596,0
0.002480202,0
0.0002788135,0
