Score,Label
4.818422e-06,1
0.9998925,1
0.9999993,1
0.9999887,1
0.9997769,1
0.04797225,1
0.01101364,1
0.9999999,1
1,1
0.9999431,1
0.9957739,1
0.9999993,1
0.9999056,1
0.9944335,1
0.9996871,1
0.9999995,1
0.4410263,1
0.9989477,1
0.9999986,1
0.9999986,1
1.671975e-07,1
0.9996871,1
0.9819742,1
0.9999999,1
0.000121669,1
7.361172e-07,1
2.087639e-05,1
2.048232e-06,1
3.205093e-06,1
0.008139289,1
0.9992183,1
1,1
0.9999961,1
3.237135e-06,1
7.377755e-05,1
0.9999645,1
0.9999996,1
0.9301549,1
0.0002243073,1
0.9996706,1
0.9999887,1
0.0001276505,1
0.006134949,1
2.35266e-05,1
6.313551e-05,1
0.999238,1
0.001038023,1
0.5663442,1
0.9999934,1
1.133475e-05,1
0.004881897,1
7.377755e-05,1
0.9482474,1
0.9999999,1
0.9998889,1
0.999994,1
0.9997552,1
0.9987404,1
0.8384949,1
0.5067075,1
0.9999423,1
0.2654302,1
0.9999301,0
0.9999825,0
0.00420528,0
0.006182223,0
7.377755e-05,0
2.535542e-05,0
6.257424e-05,0
0.9999601,0
0.3327163,0
6.257424e-05,0
6.257424e-05,0
0.9660759,0
0.0002927512,0
0.0001766622,0
0.0350605,0
0.5079979,0
0.9640848,0
0.0001161741,0
0.9996871,0
0.999989,0
3.274482e-06,0
0.01161293,0
0.01140198,0
0.1164678,0
0.2211471,0
0.5079979,0
1.339314e-05,0
9.32392e-06,0
0.9992138,0
1.117267e-05,0
6.283128e-06,0
7.281058e-05,0
0.4311891,0
0.9332533,0
8.722042e-05,0
1.384727e-05,0
0.07271674,0
0.006186223,0
0.4692042,0
0.4487475,0
9.783652e-05,0
0.0002206537,0
0.006364056,0
0.0003205411,0
0.9259075,0
0.9908683,0
0.9999353,0
0.0005904766,0
9.473116e-05,0
0.9314626,0
6.257424e-05,0
0.7055929,0
0.0002424251,0
0.3184074,0
0.005902848,0
0.0002424251,0
0.0006431058,0
0.004365293,0
0.005693922,0
0.9060698,0
0.9640848,0
2.937069e-05,0
