Score,Label
0.6565225,1
0.9971824,1
0.9924361,1
0.004099666,1
0.2056986,1
0.9999712,1
0.03577593,1
0.9977722,1
1,1
0.0006992885,1
0.0007731249,1
0.03577593,1
0.04806466,1
0.003889956,1
0.0287888,1
0.001440511,1
0.002097254,1
0.01180527,1
0.02404706,1
0.03069175,1
0.02279763,1
0.002158381,1
0.008780595,1
0.9990319,1
0.2935985,1
1,1
1,1
0.9999955,1
1,1
0.003270953,1
0.007472698,1
0.9999521,1
0.8585572,1
0.9999996,1
0.2587826,1
0.4635044,1
0.01543907,1
0.9999999,1
0.9999999,1
0.06645511,1
0.007124721,1
0.00113007,1
0.02693534,1
0.6467916,1
0.003562523,1
0.7414606,1
0.9318107,1
0.6076021,1
0.9999096,1
0.9318107,1
0.867197,1
0.01099831,1
0.9996386,1
0.008844357,1
0.867197,1
0.9995506,1
0.5125449,1
0.9999901,1
0.9944882,1
1,1
0.9994599,1
0.0006571835,1
1,1
1,1
0.9989736,1
0.007472698,1
0.9999521,1
0.8585572,1
0.9999996,1
0.001336859,1
0.1940427,1
0.7851795,1
0.9987819,1
0.8836361,1
0.9745009,1
0.9998882,1
0.9412882,1
1,1
0.0009101341,1
0.01180527,1
0.2826732,0
0.0009161418,0
0.01180527,0
0.001940359,0
0.2826732,0
0.8094156,0
0.001319065,0
0.0007047249,0
0.2826732,0
0.0009799779,0
0.0007520284,0
0.04761846,0
0.9536187,0
0.8669165,0
0.9318107,0
1,0
0.2826732,0
0.2826732,0
0.2826732,0
0.2826732,0
0.9997342,0
0.0009281673,0
0.04594056,0
0.2826732,0
0.9998035,0
0.003252375,0
0.01748031,0
0.001440511,0
0.999995,0
0.003332868,0
0.00113975,0
0.9805414,0
0.0006588761,0
0.0006856014,0
0.5921873,0
0.0007549127,0
0.02257335,0
0.7764654,0
0.9377279,0
0.9796712,0
0.1223195,0
0.2826732,0
0.1166667,0
0.003252375,0
0.0006588761,0
0.7382962,0
0.003252375,0
0.0004061592,0
0.01180527,0
0.01145481,0
0.005358956,0
0.04958493,0
0.0007520284,0
0.2826732,0
0.0009799779,0
0.0249373,0
0.0005660937,0
0.1798989,0
0.2826732,0
0.9999647,0
0.02899854,0
0.003252375,0
0.9983642,0
0.01180527,0
0.01929847,0
0.006739446,0
0.9659639,0
0.3235986,0
0.9944882,0
0.9804411,0
0.01180527,0
0.000747475,0
1,0
0.003130939,0
0.2826732,0
0.04594056,0
0.2337676,0
0.005358956,0
0.01180527,0
0.2826732,0
