Score,Label
0.3704222,1
0.9996145,1
0.8491857,1
0.8614181,1
0.987265,1
0.3238252,1
0.9910315,1
0.9395241,1
0.9999226,1
0.9988415,1
1.842396e-07,1
0.996608,1
0.999783,1
0.9807804,1
0.5294691,1
0.5860637,1
0.04832207,1
0.9997815,1
0.9998819,1
0.6355346,1
0.9990415,1
0.02203041,1
0.0001987656,1
0.998875,1
0.2674525,1
0.01863016,1
0.9675419,1
0.9999268,1
0.0001121202,0
0.001272791,0
9.597988e-05,0
0.000290863,0
0.04183872,0
6.801083e-05,0
1,0
0.9999943,0
0.01665419,0
0.006348194,0
0.002831687,0
0.9997025,0
0.9997637,0
0.0003269509,0
0.9999988,0
0.0282702,0
1.491972e-05,0
0.003654723,0
0.006315625,0
0.004065529,0
1.915277e-07,0
0.0005436969,0
0.04073108,0
0.002115822,0
0.9792962,0
0.01665419,0
0.0008555941,0
0.002383354,0
