Score,Label
0.4986195,1
0.0009406373,1
0.01408253,1
0.4878218,1
0.9867865,1
0.0005379777,1
0.7150167,1
0.2346433,1
0.05080428,1
0.9998145,1
0.02992388,1
0.9999921,1
0.9999771,1
0.001027314,1
0.9989341,1
0.9999146,1
0.001463563,1
0.9999989,1
0.9999996,1
0.999814,1
0.356429,1
0.1787644,1
0.001463563,1
0.007405544,1
0.001463563,1
0.9999999,1
0.001463563,1
0.9999986,1
0.001463563,1
0.9320489,1
0.1770689,1
0.9999404,1
0.002198607,1
0.02338653,1
0.9997187,1
0.999985,1
0.002198607,1
0.9917076,1
0.1849256,1
0.4854074,1
0.9992416,1
0.9995535,1
0.7793991,1
0.9999706,1
0.9979964,1
0.4730133,1
0.9944248,1
0.009470376,1
0.9969585,1
0.9307076,1
0.0219981,1
0.298052,1
0.9807193,1
0.001820596,1
0.1062576,1
0.003464276,1
0.9989693,1
0.01166869,1
0.06182544,1
0.0009406373,1
0.01408253,1
0.4878218,1
0.9867865,1
0.0005379777,1
0.7150167,1
0.0009406373,1
0.01408253,1
0.4878218,1
0.9867865,1
0.5998104,1
0.0005379777,1
0.2304802,1
0.7150167,1
0.9329314,1
0.5998104,1
0.9329314,1
0.0009406373,1
0.01408253,1
0.4878218,1
0.9867865,1
0.0005379777,1
0.7150167,1
0.9329314,1
0.009470376,1
0.9969585,1
0.9307076,1
0.9807193,1
0.1062576,1
0.0002585546,1
0.001820596,0
0.2304802,0
0.001463563,0
7.609429e-05,0
0.9972256,0
0.2304802,0
0.002083177,0
0.0004172233,0
0.2304802,0
0.002083177,0
0.5998104,0
0.95592,0
0.9999669,0
0.01408253,0
0.0002585546,0
0.2304802,0
0.001744548,0
0.5676945,0
0.0009406373,0
0.5998104,0
0.2304802,0
0.9997118,0
0.001027314,0
0.2304802,0
0.4878218,0
0.008899001,0
0.01491396,0
0.0004172233,0
0.1491155,0
0.4986195,0
0.9989693,0
0.2304802,0
0.9972256,0
0.5998104,0
0.8960132,0
0.2304802,0
0.003653561,0
0.001027314,0
0.5998104,0
0.9329314,0
0.9999058,0
0.002083177,0
0.6402794,0
0.2304802,0
0.4878218,0
0.001820596,0
0.002198607,0
0.000301332,0
0.001820596,0
0.1600246,0
0.0009406373,0
0.7199914,0
0.2304802,0
0.9743329,0
0.07347914,0
0.000301332,0
0.002198607,0
0.0009406373,0
0.2304802,0
0.2304802,0
0.2304802,0
0.8230467,0
0.9809009,0
0.9992008,0
0.0004172233,0
0.000301332,0
0.4878218,0
0.9809009,0
0.01460285,0
5.131365e-06,0
0.2304802,0
0.5998104,0
0.0009406373,0
0.9867865,0
0.9997373,0
0.001820596,0
0.9995075,0
0.2304802,0
0.0004467927,0
0.2304802,0
0.9987418,0
0.4551448,0
0.9809009,0
0.1063318,0
0.0002585546,0
0.0405938,0
0.05761746,0
0.9807193,0
0.4986195,0
