Score,Label
0.9605207,1
0.9971254,1
0.9999498,1
0.9996872,1
0.08296046,1
0.999999,1
0.999999,1
0.9976547,1
0.9999268,1
0.9997149,1
0.9999974,1
0.9996809,1
0.6996045,1
0.6996045,1
0.9999415,1
0.9995922,1
0.9999465,1
0.9999981,1
0.9928418,1
1,1
0.9999999,1
0.9988438,1
0.9999999,1
0.9999999,1
1,1
0.9999999,1
0.8938039,1
0.007149799,1
0.007149799,1
0.0002462462,1
0.9994443,0
2.355882e-05,0
0.9998109,0
0.0004073263,0
0.0001797277,0
0.0004353634,0
1.021037e-05,0
8.464664e-06,0
0.1556482,0
0.0003422044,0
1.026792e-05,0
0.0003348473,0
1.411424e-05,0
0.5420387,0
0.1908411,0
0.001021961,0
0.002064986,0
1.613118e-05,0
0.0004073263,0
0.0002650165,0
8.349899e-05,0
0.0001816507,0
4.947966e-05,0
0.3041893,0
0.6286942,0
0.04037917,0
0.02576252,0
0.001971324,0
3.22866e-05,0
2.162728e-05,0
