Score,Label
0.9994411,1
0.05043571,1
0.0155193,1
0.003296412,1
0.9998926,1
0.951684,1
0.9877051,1
0.007684949,1
1,1
0.002837925,1
2.247941e-05,1
0.9999781,1
0.001523547,1
0.9763332,1
0.002786495,1
0.4918677,1
0.9948618,1
0.0002020129,1
0.9995106,1
0.9902899,1
0.9999993,1
0.9903803,1
0.9999992,1
0.0155193,1
0.002365537,1
1,1
0.9999999,1
0.9999949,1
0.006880818,1
1,1
0.999988,1
0.9999983,1
0.9999814,1
0.9999858,1
0.0007723686,1
0.9251873,1
0.0003139563,1
0.9991917,1
0.9998105,1
0.001193003,1
0.4974239,1
0.9953814,1
0.0004233916,1
0.2346404,0
0.01968971,0
0.9981557,0
0.0001803589,0
0.0001868786,0
0.003729058,0
0.003729058,0
0.0004640553,0
0.1667861,0
0.0002566235,0
0.4808944,0
0.0003356697,0
0.008258715,0
0.0006197684,0
0.9969203,0
0.01052079,0
0.008677889,0
0.001962184,0
0.002108479,0
0.8497317,0
0.001486508,0
0.0006071016,0
6.348258e-05,0
0.0007159799,0
0.004303985,0
0.9998698,0
0.03040183,0
0.0001469705,0
0.0002101721,0
0.01609907,0
0.4091198,0
0.8474925,0
0.9996672,0
0.001760673,0
0.01159922,0
0.002819262,0
0.9999303,0
0.01482913,0
0.006825203,0
0.0003079938,0
0.0002584897,0
0.07083472,0
0.1039604,0
