Score,Label
0.0001286909,1
0.9997807,1
0.9999987,1
0.9999998,1
0.9997807,1
0.9999999,1
0.9999996,1
0.7638026,1
0.9989601,1
0.9987155,1
0.7638026,1
0.04292694,1
0.9998361,1
0.9993243,1
0.9999993,1
0.9667285,1
0.1348656,1
0.9999949,1
1,1
0.0001135175,1
0.9999976,1
0.9553119,1
1,1
0.9998549,1
0.9938362,1
0.9999998,1
1,1
0.9999988,1
0.9938362,1
0.001343866,1
0.000103296,1
0.9948001,1
0.9999988,1
0.002434725,1
0.9972018,1
0.0001429988,1
0.9999999,1
0.9972638,1
0.9995752,1
0.9997568,1
0.5543555,1
0.9999995,1
0.007892996,1
0.8095955,1
9.192576e-05,1
9.054697e-05,1
7.411945e-06,1
0.8658087,1
1.565736e-05,1
0.9917731,0
0.01952027,0
0.9966735,0
0.0425811,0
1,0
0.01952027,0
0.7973627,0
0.9998624,0
0.003429392,0
0.0004390215,0
0.007758854,0
7.653979e-06,0
0.002284376,0
2.405714e-05,0
0.003429392,0
0.001627991,0
0.005271538,0
0.9993523,0
0.0001286909,0
0.001413092,0
0.0001069681,0
0.9931422,0
0.000103296,0
0.7575502,0
0.9997807,0
0.9732849,0
0.04415773,0
0.01749796,0
0.03416143,0
7.117833e-05,0
7.411945e-06,0
1.084339e-05,0
0.0003056691,0
0.03826199,0
0.9980525,0
0.9884073,0
0.9978726,0
0.3586104,0
0.9922367,0
0.0001286909,0
0.1847269,0
0.0001286909,0
3.424873e-05,0
0.9982869,0
0.0005386465,0
0.05232788,0
0.0006138451,0
0.9999356,0
3.424873e-05,0
