Score,Label
0.9999875,1
0.9999954,1
0.9999595,1
0.9977228,1
0.9977228,1
0.01051243,1
0.9977228,1
4.33468e-05,1
0.9997837,1
0.9971949,1
0.9998173,1
0.9998173,1
0.9977376,1
0.9710188,1
0.547679,1
0.9710188,1
0.9999932,1
0.9980326,1
0.9824458,1
0.01707997,1
0.9915582,1
0.04327507,1
0.0006796629,0
8.415032e-07,0
0.002384407,0
0.9974062,0
5.771705e-07,0
5.825961e-06,0
0.09299659,0
0.006012953,0
4.33468e-05,0
0.9855321,0
0.0006796629,0
0.9999995,0
0.01809138,0
7.397158e-06,0
0.001544479,0
0.001021175,0
3.998347e-06,0
1.028391e-06,0
0.9899328,0
1.144973e-06,0
0.1026083,0
8.959069e-07,0
