Score,Label
0.9981118,1
1,1
0.9999841,1
0.01612143,1
0.9999841,1
0.03225504,1
1,1
0.9998901,1
0.09997133,1
0.5003497,1
0.5002156,1
0.09997133,1
0.09997133,1
0.09997133,1
0.5003497,1
0.8093923,1
1,1
0.8093923,1
0.8151497,1
0.9891142,1
0.003200327,1
0.9999723,1
0.0925291,1
0.9999925,1
0.9999999,1
0.0925291,1
0.9986475,1
0.0925291,1
0.9999723,1
0.9999291,1
0.009145398,1
0.0925291,1
0.03497918,1
0.006740435,1
0.006740435,1
0.1480386,1
0.9999908,1
0.006740435,1
0.006740435,1
0.8892808,1
0.006740435,1
0.9824063,1
0.009370154,1
0.006740435,1
0.7616701,1
0.3243015,1
0.9347314,1
0.9828499,1
0.9347314,1
0.9745979,1
0.9999998,1
0.001875174,1
1,1
0.9998419,1
0.9977744,1
0.9998419,1
0.06622878,1
0.9999994,1
0.5003497,1
0.002132631,0
0.09997133,0
0.9959287,0
0.001445258,0
0.09997133,0
0.001850348,0
0.003200327,0
0.004771858,0
0.09997133,0
0.1480386,0
0.01162808,0
0.09997133,0
0.9998419,0
0.01320837,0
0.09997133,0
0.09997133,0
0.09997133,0
0.9903265,0
0.9794577,0
0.09997133,0
0.0925291,0
0.09997133,0
0.09997133,0
0.09997133,0
0.09997133,0
0.5003497,0
0.9959287,0
0.09997133,0
0.09997133,0
0.004771858,0
0.09997133,0
0.8093923,0
0.09997133,0
0.001342133,0
0.09997133,0
0.9979821,0
0.09997133,0
0.006740435,0
0.1384398,0
0.09997133,0
0.9999841,0
0.09997133,0
0.9979821,0
0.5002156,0
0.9794577,0
0.001850348,0
0.9794577,0
0.9987754,0
0.4997281,0
0.01869325,0
0.9979821,0
0.5003497,0
0.9979821,0
0.09997133,0
0.001342133,0
0.003200327,0
0.8093923,0
0.9976752,0
0.998651,0
