Score,Label
0.9994689,1
0.9606956,1
0.0003169142,1
0.9994689,1
0.9606956,1
2.537149e-06,1
0.9975925,1
0.9999874,1
7.020731e-08,1
6.128055e-08,1
7.240678e-05,1
0.9975925,1
0.9999874,1
0.9999989,1
0.0002538408,1
0.6358603,1
7.099155e-08,1
5.655837e-05,1
0.9999989,1
0.0002538408,1
6.414641e-08,1
0.9998709,1
7.196443e-05,1
9.171141e-06,1
2.193862e-08,1
0.9998709,1
7.196443e-05,1
1,1
1,1
1,1
0.9998709,1
7.196443e-05,1
9.171141e-06,1
0.6666836,1
2.193862e-08,1
1.380497e-06,1
0.9998709,1
7.196443e-05,1
0.9999993,1
0.999998,1
0.01025936,1
0.0230158,1
0.922799,1
0.9999993,1
0.999998,1
9.111695e-06,1
1.380497e-06,1
0.6666836,0
2.275214e-09,0
1.378838e-06,0
0.0004172503,0
5.655837e-05,0
5.655837e-05,0
3.944536e-08,0
0.6666836,0
3.435952e-06,0
5.655837e-05,0
1.555385e-05,0
5.655837e-05,0
2.275214e-09,0
8.670123e-05,0
5.574217e-05,0
0.03369548,0
5.655837e-05,0
3.05382e-09,0
0.9997835,0
1.124651e-09,0
0.6666836,0
4.893896e-05,0
4.999757e-05,0
7.240678e-05,0
0.9999992,0
1.380497e-06,0
1.380497e-06,0
8.670123e-05,0
0.6666836,0
1.877864e-05,0
0.6666836,0
3.435952e-06,0
0.6666836,0
1.164048e-06,0
0.002176799,0
0.6666836,0
6.730114e-06,0
0.9999572,0
1.694066e-08,0
0.6666836,0
5.655837e-05,0
0.9199947,0
2.275214e-09,0
0.6666836,0
6.730114e-06,0
1.380497e-06,0
8.670123e-05,0
