Score,Label
1,1
0.3175149,1
0.3175149,1
0.8984823,1
0.00176065,1
0.8984823,1
0.0137571,1
0.002416417,1
0.002416417,1
2.936619e-06,1
0.03888129,1
1,1
0.002835877,1
0.0007417069,1
0.9998056,1
0.3334855,1
0.9999998,1
8.872597e-05,1
0.9999998,1
0.9999998,1
0.9999988,1
0.9999993,1
0.01578747,1
0.9993699,1
0.0003124645,1
0.0003124645,1
0.9994374,1
3.175828e-06,1
1,1
0.999974,1
1,1
1,1
3.175828e-06,1
0.3778278,1
1,1
0.9934201,1
1,1
2.807039e-05,1
0.05471579,1
1.974286e-06,1
0.9999998,1
0.9999999,1
4.642298e-07,1
0.9999999,1
1,1
2.16331e-05,1
0.3334855,1
0.3334855,1
0.9862171,0
8.767406e-07,0
0.3334855,0
0.9893679,0
3.215282e-05,0
0.3334855,0
2.16331e-05,0
0.0001872267,0
0.3334855,0
0.0001872267,0
1,0
0.3334855,0
2.16331e-05,0
0.3334855,0
0.3334855,0
0.9980097,0
0.002466659,0
3.215282e-05,0
6.520751e-05,0
1.278158e-06,0
0.3334855,0
0.3334855,0
1,0
9.105962e-07,0
0.00763454,0
0.3334855,0
0.9989529,0
0.0001180769,0
0.0007798679,0
0.3334855,0
0.0001872267,0
0.9999993,0
0.3334855,0
0.3334855,0
1,0
0.7582827,0
0.3334855,0
0.3334855,0
0.3334855,0
0.3334855,0
0.3334855,0
4.66665e-06,0
0.3334855,0
0.3334855,0
0.3334855,0
0.3334855,0
0.3334855,0
0.3334855,0
