Score,Label
0.0001345517,1
0.9999968,1
0.05279413,1
0.03621589,1
0.6348059,1
1,1
0.9943174,1
0.989514,1
0.968354,1
0.275982,1
0.9999781,1
0.0003462348,1
4.753973e-07,1
0.9116026,1
0.0007902334,1
0.9972937,1
0.9972937,1
0.9999592,1
1,1
0.9995315,1
0.9999869,1
0.99991,1
1,1
1,1
4.61196e-07,1
0.99991,1
0.9999993,1
0.9450711,1
0.9995767,1
1,1
0.9286264,1
0.0004378571,1
0.263778,1
0.3963987,1
0.1693431,1
0.3963987,1
0.8891758,1
5.181442e-05,0
0.1048015,0
5.871011e-06,0
2.175794e-05,0
0.0007902334,0
6.843416e-05,0
2.175794e-05,0
1.956122e-06,0
0.0007902334,0
0.0001607187,0
0.997145,0
0.0007902334,0
0.9482182,0
1.3473e-06,0
2.893422e-07,0
0.9999975,0
9.242351e-05,0
4.969515e-05,0
0.9943174,0
1.330692e-05,0
1.702671e-07,0
1.283413e-05,0
6.843416e-05,0
0.003103157,0
0.07973383,0
0.5586134,0
6.240737e-05,0
0.0003335003,0
0.0007902334,0
0.0005781695,0
0.0007902334,0
0.0007703056,0
7.551236e-06,0
0.0006464814,0
0.1755836,0
3.135272e-05,0
7.225103e-08,0
