Score,Label
0.07260287,1
0.9999942,1
0.9999942,1
0.04988544,1
0.9994662,1
3.97658e-05,1
1,1
0.9999949,1
0.9999074,1
1,1
0.0005289199,1
1,1
0.9994379,1
0.01634027,1
0.9999981,1
1,1
0.9999928,1
1,1
0.9999934,1
0.03750764,0
0.002861455,0
0.9989956,0
0.000781298,0
0.0003786157,0
0.005299954,0
0.0003147322,0
6.850591e-05,0
0.009458601,0
0.0004727285,0
0.8254182,0
0.0001235582,0
0.0002950089,0
6.323095e-05,0
0.665998,0
0.03473677,0
0.005683133,0
0.8680359,0
0.005683133,0
