Score,Label
1.389109e-06,1
0.9972408,1
0.09525138,1
0.5635437,1
0.02305162,1
0.0324855,1
1,1
1,1
1,1
1,1
0.7844018,1
3.140799e-05,1
0.9813532,1
0.09154328,1
0.9999999,1
1,1
0.9999992,1
1,1
0.5348833,1
1,1
0.9999992,1
1,1
1,1
1,1
0.07997159,1
0.99939,1
1,1
0.01863769,1
0.9999903,1
0.01863769,1
1.96266e-05,1
0.0008871102,0
0.005886942,0
1.62395e-05,0
0.9999683,0
0.007344033,0
0.9991987,0
0.0008772709,0
9.388038e-09,0
1.079121e-05,0
9.432995e-05,0
2.414684e-06,0
0.0004472623,0
1.375771e-05,0
0.001039566,0
0.97935,0
0.9997929,0
0.9999995,0
0.9950356,0
0.0005464624,0
3.36257e-05,0
0.0001002295,0
1.384305e-05,0
0.0007939126,0
1.030391e-05,0
1.483103e-07,0
0.02338726,0
0.02338726,0
0.9998987,0
2.937089e-06,0
1.079121e-05,0
0.9985369,0
