Score,Label
0.9918016,1
0.9999985,1
0.9999985,1
0.9999985,1
0.9999985,1
0.9999973,1
0.9999973,1
0.9999875,1
0.9999973,1
0.9999973,1
0.9999973,1
0.4963274,1
0.9978225,1
0.9999998,1
0.9999998,1
0.9999998,1
0.9999976,1
0.001151562,0
3.270857e-05,0
0.0713978,0
0.0001284323,0
0.8790218,0
0.001151562,0
3.44333e-06,0
1.290321e-05,0
0.0002955206,0
3.31574e-07,0
5.198346e-06,0
0.0007528218,0
1.220451e-06,0
0.8790218,0
1.864408e-05,0
0.0009703296,0
0.0001284323,0
