Score,Label
0.9320988,1
0.9082147,1
0.002432202,1
1,1
0.9999875,1
0.8995335,1
0.00119382,1
1,1
1,1
0.999999,1
0.9999431,1
1,1
1,1
0.002649657,1
0.9997017,1
1,1
0.9997676,1
0.006685089,1
1,1
0.9968438,1
0.001111016,1
0.9999999,1
0.747097,1
1,1
0.999318,1
0.9999921,1
0.03481404,1
0.9939927,1
0.980643,1
1,1
1,1
0.003635094,1
0.03464277,1
1,1
1,1
0.03880863,0
0.01086963,0
0.2817194,0
0.0924667,0
0.9699575,0
0.1510191,0
0.005031419,0
0.0924667,0
0.0924667,0
0.9999964,0
0.006876293,0
0.0005275432,0
0.9999627,0
0.002406084,0
0.9673617,0
0.00145921,0
0.001291423,0
0.004378753,0
0.01646245,0
0.003703973,0
0.975806,0
0.0924667,0
0.01351742,0
0.004398563,0
0.0165721,0
0.01328242,0
0.999997,0
0.004220122,0
0.003442627,0
0.0924667,0
0.002250564,0
0.0006985325,0
0.00836764,0
0.004326933,0
0.03644721,0
