Score,Label
0.9998927,1
4.499586e-06,1
0.8938942,1
0.7464715,1
0.9839895,1
0.9351638,1
3.721722e-05,1
1,1
0.0869152,1
1.358182e-06,1
5.190062e-05,1
4.444234e-07,1
0.0002020368,0
5.386418e-05,0
0.6998371,0
0.9992937,0
9.391904e-06,0
0.170406,0
0.0006061049,0
2.501645e-06,0
0.0004227218,0
6.120106e-10,0
0.2208375,0
0.001165102,0
