Score,Label
0.05893007,1
0.04430467,1
0.1772787,1
0.06893412,1
0.04648435,1
0.04648435,1
0.04648435,1
0.04648435,1
0.04648435,1
0.04648435,1
0.04648435,1
0.04648435,1
0.1430146,1
0.04648435,1
0.1067958,1
0.1067958,1
0.1067958,1
0.1067958,1
0.1067958,1
0.1067958,1
0.1067958,1
0.05828865,1
0.1067958,1
0.1960143,1
0.1647709,1
0.1067958,1
0.1535193,1
0.5458013,1
0.04786963,1
0.05241436,1
0.05241436,1
0.05241436,1
0.05241436,1
0.05241436,1
0.05241436,1
0.05241436,1
0.05241436,1
0.1220761,1
0.05241436,1
0.06321375,1
0.06321375,1
0.06321375,1
0.06321375,1
0.06321375,1
0.06321375,1
0.06321375,1
0.1607034,1
0.06321375,1
0.1107614,1
0.06321375,1
0.2464334,1
0.05918111,1
0.05918111,1
0.05918111,1
0.05918111,1
0.7156222,1
0.05918111,1
0.05918111,1
0.05918111,1
0.05918111,1
0.3663481,1
0.03767256,1
0.2986197,1
0.1566192,0
0.09577233,0
0.05241436,0
0.1566192,0
0.8784909,0
0.2217214,0
0.4238788,0
0.03854952,0
0.1037785,0
0.7464358,0
0.8784909,0
0.203362,0
0.04734973,0
0.03854952,0
0.22392,0
0.03939045,0
0.0520156,0
0.05480852,0
0.2217214,0
0.4344097,0
0.0520156,0
0.2190716,0
0.5759504,0
0.4344097,0
0.04734973,0
0.1566192,0
0.03939045,0
0.1566192,0
0.05241436,0
0.2217214,0
0.09530855,0
0.3182809,0
0.07513988,0
0.07933443,0
0.04453873,0
0.0520156,0
0.7882,0
0.03939045,0
0.2930437,0
0.03854952,0
0.05241436,0
0.06260112,0
0.2217214,0
0.1566192,0
0.03939045,0
0.05480852,0
0.0520156,0
0.8784909,0
0.0520156,0
0.8784909,0
0.2217214,0
0.2180789,0
0.05915165,0
0.8784909,0
0.4347181,0
0.0520156,0
0.0520156,0
0.1672827,0
0.0520156,0
0.05158196,0
0.03939045,0
0.2930437,0
0.1022446,0
