Score,Label
1,1
1,1
1,1
1,1
1,1
0.0006741278,1
0.6556956,1
0.9961067,1
0.9999999,1
0.9999946,1
1,1
1,1
1,1
0.9999999,1
0.9991649,1
0.9999617,1
1,1
1,1
0.9997751,1
2.985241e-05,1
0.9999995,1
0.003836729,1
1,1
5.795566e-06,1
0.9999998,1
2.81535e-05,0
0.04675509,0
1.587124e-05,0
3.424569e-05,0
0.001779213,0
1.630362e-05,0
0.001863629,0
0.001863629,0
3.11099e-05,0
0.008075998,0
6.688329e-05,0
0.0005420788,0
0.9025843,0
4.236753e-05,0
0.01326405,0
1.205163e-05,0
0.9482189,0
0.0005425704,0
0.001863629,0
0.0003399821,0
8.304851e-07,0
2.842365e-05,0
0.05443912,0
0.001863629,0
0.1952774,0
