Score,Label
8.676689e-05,1
2.066067e-05,1
1,1
1.045549e-07,0
0.5689864,0
1,0
