Score,Label
0.5723727,1
0.0002084176,1
0.02777607,1
0.2825782,1
0.2825782,1
0.673391,1
0.673391,1
0.0002084176,1
0.0002084176,1
0.02777607,1
0.008340892,1
0.5723727,1
0.007577112,1
0.5723727,1
0.0002084176,1
0.5723727,1
0.01758189,1
0.5723727,1
0.0002084176,1
0.02777607,1
0.3165693,1
0.5723727,0
0.5723727,0
0.5723727,0
0.5723727,0
0.01758189,0
0.3345347,0
0.01758189,0
0.5723727,0
0.02568828,0
0.008340892,0
0.02777607,0
0.5723727,0
0.0002084176,0
0.008340892,0
0.5723727,0
0.007577112,0
0.5723727,0
0.5723727,0
0.006010102,0
0.9980421,0
0.5723727,0
