Score,Label
3.329069e-10,1
3.632886e-07,1
6.181949e-09,1
1.416532e-05,1
0.9999977,1
0.9999989,1
2.847615e-08,1
0.0001255351,1
0.9436679,1
0.9975555,1
4.868818e-08,0
0.0005303468,0
0.0005303468,0
2.298477e-07,0
0.8518733,0
0.9998858,0
0.009403302,0
0.000150436,0
0.1368109,0
1.416532e-05,0
