Score,Label
0.0002239201,1
1.822167e-05,1
0.9999963,1
0.9535958,1
0.0001481306,1
2.787078e-06,1
0.05033718,1
0.9610326,0
1.067027e-06,0
0.000180252,0
0.9995852,0
0.0003459405,0
1.439485e-06,0
2.288615e-06,0
