Score,Label
1,1
0.9999936,1
1,1
1,1
0.003149337,1
1,1
0.9978769,1
0.9783679,1
1,1
0.9971768,1
1,1
1,1
0.9999998,1
1,1
1,1
1,1
1,1
0.04865433,1
0.9999849,1
1,1
0.0002017322,1
0.0001014998,1
0.999988,0
9.018101e-05,0
0.000229707,0
1,0
0.01806823,0
0.9992108,0
0.0003615176,0
1,0
0.1374808,0
0.00175115,0
0.0003408519,0
0.09151984,0
0.7710088,0
0.001385518,0
0.9999952,0
0.9999822,0
0.0005232514,0
0.0006081823,0
0.0002876554,0
0.000893644,0
0.0009812925,0
0.9999981,0
