Score,Label
1,1
0.002998966,1
1,1
0.9986594,1
0.001293531,1
1,1
0.9378153,1
0.994882,1
0.7428279,1
1,1
9.890353e-05,1
0.9999013,1
1,1
1,1
0.1382506,0
0.5732747,0
0.000851553,0
0.0006974071,0
0.9995489,0
1,0
0.0005610781,0
0.01053977,0
0.003303154,0
0.0005610781,0
0.2949156,0
0.002333143,0
0.0002218282,0
0.0005610781,0
