Score,Label
0.1854581,1
0.02842305,1
0.04636357,1
0.02433679,1
0.03777028,1
0.03777028,1
0.03777028,1
0.03777028,1
0.03777028,1
0.03777028,1
0.03777028,1
0.03777028,1
0.1663208,1
0.03777028,1
0.01765214,1
0.01765214,1
0.01765214,1
0.01765214,1
0.01765214,1
0.01765214,1
0.01765214,1
0.1239632,1
0.01765214,1
0.645241,1
0.06612241,1
0.01765214,1
0.03720963,1
0.04857131,1
0.1008086,1
0.04542061,1
0.04542061,1
0.04542061,1
0.04542061,1
0.04542061,1
0.04542061,1
0.04542061,1
0.04542061,1
0.2929426,1
0.04542061,1
0.04624873,1
0.04624873,1
0.04624873,1
0.04624873,1
0.04624873,1
0.04624873,1
0.04624873,1
0.1703763,1
0.04624873,1
0.5133478,1
0.04624873,1
0.05235078,1
0.006210135,1
0.006210135,1
0.006210135,1
0.006210135,1
0.034718,1
0.006210135,1
0.006210135,1
0.006210135,1
0.006210135,1
0.03959313,1
0.1693441,1
0.05702253,1
0.3867513,0
0.2024163,0
0.1579212,0
0.1140508,0
0.3867513,0
0.5283246,0
0.01520046,0
0.2480146,0
0.01784202,0
0.2480146,0
0.2480146,0
0.01520046,0
0.01520046,0
0.8972088,0
0.1209989,0
0.2480146,0
0.03647166,0
0.5283246,0
0.01520046,0
0.1216199,0
0.09294877,0
0.8972088,0
0.5206992,0
0.3550574,0
0.8972088,0
0.04643664,0
0.06081901,0
0.01520046,0
0.06690414,0
0.04386812,0
0.8972088,0
0.01520046,0
0.2480146,0
0.6684963,0
0.05444035,0
0.04379158,0
0.5283246,0
0.8972088,0
0.8972088,0
0.03647166,0
0.01784202,0
0.04379158,0
0.2480146,0
0.08788791,0
0.1286815,0
0.1018389,0
0.8972088,0
0.1008086,0
0.1579212,0
0.04643664,0
0.3867513,0
0.09490416,0
0.5282404,0
0.3867513,0
0.6678076,0
0.06952833,0
0.01520046,0
0.2480146,0
0.8972088,0
0.04379158,0
0.02730224,0
0.02191624,0
0.6087745,0
