Score,Label
0.9977046,1
9.310296e-05,1
0.3742034,1
0.9894789,1
0.004905064,1
0.004905064,1
0.004905064,1
0.004905064,1
0.004905064,1
0.004905064,1
0.004905064,1
0.004905064,1
0.08155289,1
0.004905064,1
0.0974895,1
0.0974895,1
0.0974895,1
0.0974895,1
0.0974895,1
0.0974895,1
0.0974895,1
0.04927684,1
0.0974895,1
0.00294953,1
0.03522836,1
0.0974895,1
0.003301388,1
0.9686665,1
0.0004868319,1
0.001427221,1
0.001427221,1
0.001427221,1
0.001427221,1
0.001427221,1
0.001427221,1
0.001427221,1
0.001427221,1
5.600426e-05,1
0.001427221,1
0.05241725,1
0.05241725,1
0.05241725,1
0.05241725,1
0.05241725,1
0.05241725,1
0.05241725,1
0.1649792,1
0.05241725,1
0.90834,1
0.05241725,1
0.7177928,1
4.715439e-08,1
4.715439e-08,1
4.715439e-08,1
4.715439e-08,1
7.194767e-08,1
4.715439e-08,1
4.715439e-08,1
4.715439e-08,1
4.715439e-08,1
0.4689309,1
0.00368448,1
0.9344989,1
0.9293734,0
0.2291946,0
0.2924709,0
0.01180376,0
0.002871437,0
0.0001172802,0
0.9709781,0
7.898311e-05,0
0.01180376,0
0.002871437,0
5.039223e-06,0
0.2070599,0
0.003622308,0
0.7507026,0
0.0001739222,0
0.9964911,0
0.9746476,0
0.0002226037,0
1.650816e-07,0
0.2070599,0
0.9293734,0
4.061623e-07,0
0.1535279,0
0.04932854,0
5.039223e-06,0
0.9293734,0
0.0001109507,0
0.0002168951,0
4.061623e-07,0
1.650816e-07,0
0.001427221,0
0.001427221,0
0.04932854,0
0.9746476,0
0.9293734,0
0.8800594,0
5.039223e-06,0
0.9293734,0
0.000724085,0
0.002011916,0
5.039223e-06,0
5.039223e-06,0
0.009396287,0
0.8940685,0
0.9293734,0
0.01180376,0
0.9293734,0
0.2070599,0
0.2291946,0
0.0008697808,0
0.04932854,0
0.9950193,0
0.005562005,0
1.650816e-07,0
0.003229786,0
0.6448924,0
5.039223e-06,0
1.650816e-07,0
0.9950193,0
0.002871437,0
0.005562005,0
0.0031897,0
0.0007273029,0
