Score,Label
0.9999981,1
0.9999996,1
0.9992895,1
1,1
0.7841515,1
0.9992895,1
0.0001275616,1
2.526804e-09,1
0.02182535,1
0.999985,1
0.7940507,1
0.1441735,1
1.891819e-07,1
0.9999917,1
1.510536e-07,1
3.586562e-09,1
5.195013e-05,0
0.00254114,0
1.250634e-10,0
0.9909527,0
0.0007739464,0
0.0001193063,0
2.119262e-07,0
0.0007739464,0
0.007130133,0
0.0016168,0
9.52988e-05,0
2.363968e-05,0
4.340273e-05,0
1.044379e-06,0
5.195013e-05,0
0.02446275,0
