Score,Label
0.007317062,1
0.0001328573,1
0.01177642,1
0.01627589,1
1.616668e-05,1
1.616668e-05,1
1.616668e-05,1
1.616668e-05,1
1.616668e-05,1
1.616668e-05,1
1.616668e-05,1
1.616668e-05,1
0.9215872,1
1.616668e-05,1
1.092406e-05,1
1.092406e-05,1
1.092406e-05,1
1.092406e-05,1
1.092406e-05,1
1.092406e-05,1
1.092406e-05,1
0.2498699,1
1.092406e-05,1
0.9281507,1
0.0006711319,1
1.092406e-05,1
0.2148691,1
0.9161381,1
0.001084423,1
0.0003812943,1
0.0003812943,1
0.0003812943,1
0.0003812943,1
0.0003812943,1
0.0003812943,1
0.0003812943,1
0.0003812943,1
0.003275859,1
0.0003812943,1
0.02721793,1
0.02721793,1
0.02721793,1
0.02721793,1
0.02721793,1
0.02721793,1
0.02721793,1
0.007755633,1
0.02721793,1
0.1737476,1
0.02721793,1
0.0008218952,1
2.0782e-05,1
2.0782e-05,1
2.0782e-05,1
2.0782e-05,1
0.001457655,1
2.0782e-05,1
2.0782e-05,1
2.0782e-05,1
2.0782e-05,1
0.02479066,1
0.004773143,1
0.006917062,1
0.0003812943,0
0.0009190601,0
0.0006256978,0
0.0008602938,0
0.0008602938,0
0.06963497,0
0.0106846,0
0.7528037,0
0.0214499,0
0.8933255,0
0.06963497,0
0.002896049,0
0.0008602938,0
4.012165e-05,0
0.002695711,0
0.0008602938,0
0.7614142,0
0.0008602938,0
0.7614142,0
0.0028785,0
0.06963497,0
0.0008602938,0
0.0006980241,0
0.7528037,0
0.0003812943,0
0.0008960595,0
0.0214499,0
0.5568128,0
0.06963497,0
1.092406e-05,0
0.786769,0
0.5568128,0
0.9984953,0
0.0008602938,0
0.0008960595,0
0.0003804499,0
3.655372e-05,0
0.0028785,0
0.06194996,0
0.7528037,0
0.0006980241,0
0.7614142,0
0.01910489,0
0.7528037,0
0.9998912,0
0.0008602938,0
0.001134891,0
0.7614142,0
0.9973617,0
0.005928857,0
0.7614142,0
0.7614142,0
0.0008602938,0
0.0008602938,0
0.0008602938,0
0.001463398,0
0.7614142,0
0.0003812943,0
9.995012e-06,0
0.5568128,0
0.0006970164,0
0.0214499,0
0.6687958,0
