Score,Label
0.9997051,1
0.9999999,1
1,1
0.9994553,1
0.5508469,1
0.9843679,1
0.9989434,1
0.9995146,1
0.9997051,1
0.8162097,1
7.723783e-05,1
0.4958033,1
0.999953,1
0.002677785,0
0.02795371,0
9.672742e-05,0
0.0001013452,0
2.50117e-05,0
0.001586841,0
0.008680814,0
0.0001101496,0
7.768087e-05,0
1.758715e-05,0
0.0006852673,0
0.1414899,0
5.086881e-08,0
