Score,Label
0.9541998,1
0.4309697,1
0.3997946,1
0.003381192,1
0.9999291,1
0.9937906,1
0.9997229,1
0.9992569,1
0.9999998,1
0.4309697,1
0.3997946,1
0.9999841,1
0.1192358,1
5.118229e-05,1
0.9541998,1
0.999982,0
0.9977245,0
0.0007811721,0
0.9994704,0
0.00130241,0
0.0007811721,0
0.0001656605,0
0.9992666,0
0.006479945,0
0.1092184,0
0.9626926,0
0.993962,0
0.9541998,0
0.1538034,0
0.003381192,0
