Score,Label
0.9713771,1
8.037384e-13,1
4.558172e-05,1
0.9999999,1
0.9931037,1
0.9999996,1
0.002648458,1
0.9999958,1
8.588771e-11,1
7.69695e-09,1
0.9510462,1
0.265223,0
3.060779e-11,0
0.08324144,0
0.9994785,0
1.17642e-07,0
4.40737e-07,0
1.230804e-09,0
3.801862e-07,0
2.55886e-07,0
0.5798576,0
0.04758206,0
