Score,Label
1.816596e-05,1
7.342743e-06,1
0.0623455,1
0.9996356,1
1,0
0.0001789483,0
0.9253958,0
0.0006688251,0
