Score,Label
0.002605871,1
0.9999998,1
0.9999999,1
0.00221668,1
0.939375,1
0.00221668,1
0.0002376253,1
1,1
0.9999996,1
0.004188936,1
0.2089482,1
0.004188936,1
0.9999996,1
0.0002376253,1
1,1
0.0002376253,1
0.004188936,1
0.2089482,1
0.004188936,1
0.001210043,1
0.1997031,1
0.9996407,1
0.9999433,1
0.1327508,1
0.003905022,1
0.99551,1
0.09064841,1
0.9999971,1
0.9996648,1
0.9999998,1
0.9999999,1
0.00221668,1
0.939375,1
0.002529766,1
0.0009581275,1
1,1
0.0009581275,1
0.9999944,1
0.7666606,1
0.9750992,1
0.002529766,1
0.0009581275,1
0.0009581275,1
1,1
0.0004572412,1
0.9999944,1
0.0009581275,1
0.9750992,1
0.7414186,1
0.9690345,1
0.1997031,0
0.9995688,0
0.0009534331,0
0.0004572412,0
0.1327508,0
0.003905022,0
0.003905022,0
0.0002376253,0
0.1997031,0
0.1997031,0
0.9995618,0
0.003905022,0
0.003905022,0
0.1997031,0
0.003905022,0
0.9941665,0
0.001210043,0
0.003905022,0
0.9999957,0
0.9949489,0
0.4999187,0
0.9999998,0
0.1997031,0
0.4999187,0
0.5134898,0
0.4999187,0
0.1327508,0
0.0002376253,0
0.9999957,0
0.003905022,0
0.9996407,0
0.1997031,0
0.9999998,0
0.9999998,0
0.1997031,0
0.1997031,0
0.1997031,0
0.1997031,0
0.9999998,0
0.00221668,0
0.001210043,0
0.4999187,0
0.1788335,0
0.1327508,0
0.4999187,0
0.1997031,0
0.7549107,0
0.1997031,0
0.7414186,0
0.9999621,0
