Score,Label
0.9002973,1
0.5300939,1
0.9815107,1
0.8675687,1
0.2061145,1
0.9999998,1
0.9999998,1
0.9999889,1
0.9980174,1
0.8675687,1
0.8675687,1
0.000131342,0
0.0003464152,0
0.003633802,0
0.009419412,0
6.637923e-05,0
0.0003464152,0
0.8352256,0
0.002688286,0
2.186782e-05,0
0.000131342,0
1.380364e-05,0
