Score,Label
0.003647671,1
0.9999675,1
0.1587058,1
0.003647671,1
2.565922e-07,1
0.9991918,1
0.1587058,1
0.9998419,1
0.9999675,1
6.305238e-07,1
0.998214,1
0.9999593,1
8.666379e-05,1
1.640806e-06,0
0.9995906,0
8.573805e-05,0
2.357108e-07,0
5.595001e-09,0
0.9992653,0
0.05735303,0
0.287413,0
3.530979e-05,0
0.9999949,0
1.640806e-06,0
0.9991966,0
0.9819338,0
