Score,Label
1,1
0.001004787,1
1,1
1,1
0.07213326,1
1,1
0.9999998,1
1,1
1.924197e-05,1
0.8847991,1
1,1
9.125408e-06,1
0.4302797,1
0.3985791,1
1,1
0.9984438,1
1,1
1,1
0.000145128,1
1.291938e-05,0
8.538818e-05,0
0.06729874,0
0.001478264,0
0.05822092,0
4.286029e-05,0
0.7725207,0
0.001531629,0
0.0001196042,0
0.01104178,0
0.06729874,0
0.001774324,0
0.9989842,0
0.5060242,0
2.364178e-05,0
0.004164905,0
0.0005733679,0
0.9999992,0
0.909667,0
