Score,Label
0.2498147,1
0.0005990649,1
0.2498147,1
0.4954932,1
0.002162583,1
0.0006396449,1
0.008729827,1
0.0006183791,1
0.002995917,1
0.002995917,1
0.1467388,1
0.4954932,1
0.4954932,1
0.002162583,1
0.0006396449,1
0.004926569,1
0.003196265,1
0.05336897,1
0.003609177,1
0.008729827,0
0.3251638,0
0.6237284,0
0.006608818,0
0.001101262,0
0.6237284,0
0.01832625,0
0.6237284,0
0.982775,0
0.6237284,0
0.6237284,0
0.004711594,0
0.6237284,0
0.6237284,0
0.4954932,0
0.2498147,0
0.001101262,0
0.6237284,0
0.00294934,0
