Score,Label
0.7403342,1
0.999999,1
0.761371,1
0.8680837,1
0.9981006,1
0.9999666,1
0.999989,1
0.9995161,1
0.9999998,1
0.009886108,1
0.544564,0
0.005210772,0
8.080875e-08,0
0.9999857,0
0.0134491,0
1.329133e-07,0
3.056501e-05,0
0.01863583,0
0.0002151311,0
0.3429093,0
