Score,Label
5.026697e-08,1
0.9999996,1
5.021167e-06,1
0.9983932,1
0.9882863,1
0.9999961,1
1,1
0.9999976,1
0.9999987,1
0.9999988,1
1.363275e-05,1
0.9999952,1
0.0003094359,1
2.071356e-06,1
0.01777024,1
1,1
1,1
0.9999623,1
0.03881509,1
0.9999999,1
1,1
0.9999996,1
1.340935e-05,1
0.0002729789,1
0.8327322,1
0.9999359,0
2.355341e-08,0
0.002884615,0
0.001373853,0
6.575665e-07,0
0.5785791,0
0.0005946588,0
2.592972e-06,0
1.562462e-07,0
2.687312e-06,0
0.9999622,0
0.002884615,0
0.01509876,0
1.627915e-06,0
0.0001393948,0
0.9935675,0
1,0
0.9996552,0
6.597937e-05,0
0.008710952,0
0.8586695,0
0.01856566,0
0.001172739,0
3.337877e-05,0
0.0005783885,0
