Score,Label
0.9833697,1
0.8694975,1
0.9999678,1
0.01306229,1
0.9999731,1
3.054605e-06,1
0.9992031,1
3.888381e-07,1
0.9998925,1
0.1269372,1
0.9999176,1
4.603703e-06,1
7.972519e-07,1
0.9999895,1
2.134761e-10,1
0.9956039,1
0.9999815,0
0.6769997,0
0.998733,0
0.01295155,0
6.049664e-08,0
0.999941,0
6.913311e-05,0
0.0007647178,0
0.0006591238,0
0.9538983,0
6.603496e-09,0
0.004174425,0
1.266872e-06,0
0.2465244,0
0.01306229,0
0.9992031,0
