Score,Label
6.747595e-10,1
0.9999996,1
1.012462e-07,1
0.9999644,1
0.4036832,1
0.4389248,1
5.212297e-05,1
0.9999784,1
0.999944,1
1.012462e-07,1
0.09377333,0
0.0004193808,0
7.798054e-09,0
0.0001030832,0
0.9990579,0
0.003987988,0
0.002725589,0
0.2053259,0
2.805639e-06,0
2.11679e-05,0
