Score,Label
0.0001789063,1
0.9700605,1
1,1
0.9969298,1
0.5415535,1
1,1
0.8932357,1
0.998377,1
1,1
0.9998915,1
0.9956056,1
0.9648327,1
1,1
1,1
1,1
1,1
0.9999578,1
1,1
0.9993992,1
0.9985381,1
0.01067109,0
0.8083785,0
0.0007293364,0
7.933164e-06,0
0.9999887,0
0.0008321116,0
1.569266e-05,0
0.001077629,0
0.01270512,0
6.870645e-05,0
0.1653717,0
0.01270512,0
2.277737e-05,0
0.0003756122,0
0.9984328,0
0.001213711,0
0.0001569467,0
0.1653717,0
0.1653717,0
1,0
