Score,Label
0.9999957,1
0.9982272,1
0.0004807979,1
0.4742934,1
0.0004807979,1
0.9785213,1
0.01330724,1
0.009590221,1
0.1166017,1
0.9998724,1
0.0009976916,1
0.002256388,1
0.0008763078,1
0.002256388,1
0.4994379,1
0.04842218,1
0.9999999,1
0.9999381,1
0.0005840008,1
0.0524299,1
0.3854598,1
0.01330724,1
0.0004931566,1
0.1166017,1
0.9785213,1
0.002256388,0
0.002256388,0
0.9962388,0
0.002256388,0
0.9999999,0
0.9887389,0
0.01457674,0
0.002256388,0
0.001397666,0
0.01457658,0
0.1166017,0
0.001769701,0
0.01457658,0
0.007353382,0
0.4994379,0
0.002792791,0
0.01457658,0
0.001881514,0
0.002256388,0
0.002256388,0
0.5146347,0
0.9887389,0
0.0002979016,0
0.002256388,0
0.06620184,0
