Score,Label
0.9992633,1
0.0001654402,1
0.0001654402,1
0.7205105,1
0.002561005,1
3.812237e-05,1
0.0006747243,1
3.352497e-11,1
6.141225e-05,1
0.999998,1
0.9903215,1
0.2510526,1
0.9999907,1
0.351361,1
0.001103052,1
9.482451e-05,1
3.812237e-05,1
0.02438117,1
1,0
0.999999,0
0.0003814115,0
0.998953,0
0.0004012494,0
0.0499866,0
0.9988996,0
0.9999565,0
5.64334e-07,0
0.9999977,0
0.9962852,0
6.141225e-05,0
0.0275794,0
0.4243278,0
0.04074425,0
0.9997479,0
2.200587e-09,0
6.141225e-05,0
