Score,Label
0.5450214,1
0.5450214,1
0.3048704,1
0.5450214,1
0.5450214,1
0.5450214,1
0.5450214,1
0.5450214,1
0.6668841,1
0.6668841,1
0.6514465,1
0.6514465,1
0.6514465,1
0.6514465,1
0.5450214,1
0.5450214,1
0.5450214,1
0.3048704,1
0.5450214,1
0.6668841,1
0.5450214,1
0.5450214,1
0.5450214,1
0.5450214,1
0.3048704,1
0.5450214,1
0.5450214,1
0.6668841,1
0.6668841,1
0.3048704,1
0.6668841,1
0.4264224,1
0.3289387,1
0.5450214,1
0.6668841,1
0.6668841,1
0.5450214,0
0.002829253,0
0.5450214,0
0.5450214,0
0.5450214,0
0.6668841,0
0.5450214,0
0.5450214,0
0.6668841,0
0.6668841,0
0.4767612,0
0.5450214,0
0.5450214,0
0.5450214,0
0.6668841,0
0.5450214,0
0.3048704,0
0.6668841,0
0.5450214,0
0.5450214,0
0.6668841,0
0.5450214,0
0.3048704,0
0.5450214,0
0.002829253,0
0.3048704,0
0.6668841,0
0.6668841,0
0.5450214,0
0.5450214,0
0.5450214,0
0.4767612,0
0.5450214,0
0.001717712,0
0.5450214,0
0.5450214,0
