Score,Label
0.9279245,1
0.9999963,1
0.9279245,1
1,1
0.1732825,1
0.0004258377,1
0.00506067,1
0.0001310648,1
0.0001700568,1
0.07646418,1
0.006406586,1
0.0004292443,1
0.001801072,1
0.0002905251,1
0.2104456,0
0.0002061898,0
0.1158088,0
0.0001701209,0
0.999983,0
0.000207624,0
0.9826338,0
0.001323411,0
0.0004787715,0
0.002138332,0
0.9999998,0
0.04288457,0
0.0004141836,0
1,0
