Score,Label
0.1014483,1
0.9999224,1
0.1014483,1
0.7118585,1
0.4984885,1
0.0005761854,1
6.519177e-05,1
0.001340659,1
0.0002371615,1
0.001340659,1
0.5000763,1
0.5000763,1
0.4333568,1
0.9996227,1
0.9999964,1
0.1831481,1
0.001340659,1
0.9992913,1
0.2182697,1
0.9992913,1
0.4984885,1
0.0005761854,1
0.001340659,1
0.001161082,1
0.4984885,1
0.0005761854,1
0.4984885,1
0.0005761854,1
0.000985526,0
0.4984885,0
0.5000763,0
0.5000763,0
0.4333568,0
0.5000763,0
0.4984885,0
0.0005761854,0
0.0003688617,0
0.07016241,0
0.0008326962,0
0.04781771,0
0.0008326962,0
0.9284979,0
0.4984885,0
0.000985526,0
0.03575562,0
0.5000763,0
0.002650096,0
0.998892,0
0.0001206835,0
0.5000763,0
0.7998595,0
0.09295499,0
0.4984885,0
0.4333568,0
0.9998442,0
0.4984885,0
