Score,Label
0.9999938,1
0.001716567,1
0.9366087,1
0.9999938,1
0.9999894,1
0.1722123,1
0.9499531,1
0.9999999,1
0.9999888,1
0.03854111,1
0.5498038,1
0.9999993,1
0.9999998,1
0.9999555,1
4.875109e-06,0
4.875109e-06,0
0.06064519,0
0.9999998,0
0.998907,0
4.875109e-06,0
0.00010408,0
0.9723189,0
2.390366e-07,0
0.003610889,0
1.107157e-05,0
0.9999993,0
0.9999652,0
7.077334e-06,0
