Score,Label
0.9999852,1
0.999972,1
0.9999154,1
0.00152239,1
0.9999259,1
0.9999921,1
0.04590283,1
1,1
0.0002620484,0
8.412849e-07,0
0.001773901,0
1.239436e-06,0
5.597548e-05,0
0.01966367,0
0.9969517,0
0.9999999,0
