Score,Label
0.06295058,1
0.4000379,1
0.0001117296,1
0.4000379,1
0.0001117296,1
0.6895589,1
2.717771e-07,1
2.717771e-07,1
4.080981e-08,1
0.9712502,1
4.080981e-08,1
0.9712502,1
0.9460385,1
4.080981e-08,1
0.00106111,1
4.080981e-08,1
0.0002286296,1
0.01724391,1
0.06295058,1
0.4000379,1
0.0001117296,1
0.4000379,1
0.4000379,1
0.0001117296,1
0.01724391,1
4.080981e-08,1
4.080981e-08,1
0.9712502,1
4.080981e-08,1
0.9712502,1
0.9460385,1
4.080981e-08,1
4.080981e-08,1
0.00106111,1
0.1091363,1
0.06295058,1
0.4000379,1
0.0001117296,1
0.4000379,1
0.0001117296,1
0.01724391,1
5.537299e-06,0
4.080981e-08,0
0.4000379,0
0.4000379,0
4.080981e-08,0
0.06295058,0
4.080981e-08,0
3.283314e-05,0
3.283314e-05,0
0.4000379,0
4.080981e-08,0
0.9999983,0
0.4000379,0
0.4000379,0
0.4000379,0
0.9999994,0
0.06295058,0
0.4000379,0
0.06295058,0
0.0003433148,0
0.4000379,0
0.4000379,0
0.4000379,0
0.4000379,0
0.9999994,0
3.283314e-05,0
0.4000379,0
0.9999983,0
0.4000379,0
0.4000379,0
0.06295058,0
0.0003433148,0
0.06295058,0
0.4000379,0
0.4000379,0
4.080981e-08,0
4.080981e-08,0
4.080981e-08,0
0.4000379,0
4.080981e-08,0
0.0001117296,0
