Score,Label
0.001158007,1
0.9999778,1
1,1
0.006837246,1
1,1
1,1
1,1
1,1
0.9999778,1
1,1
1,1
1,1
1,1
3.133806e-07,0
3.83583e-10,0
0.079937,0
1.514261e-09,0
1.479512e-06,0
0.001158007,0
5.489819e-06,0
1.514261e-09,0
4.544613e-05,0
2.120329e-08,0
0.001158007,0
1.277436e-06,0
0.9999645,0
