Score,Label
0.8865355,1
0.9999988,1
0.9999998,1
0.9999973,1
1,1
0.6306323,1
0.9999992,1
0.9999999,1
0.9999733,1
0.9999993,1
1,1
0.9999994,1
0.5131698,1
1,1
1,1
1,1
1,1
1,1
0.001685658,0
8.390819e-06,0
0.9989344,0
9.821915e-08,0
0.0003885285,0
0.0005244099,0
1.560488e-05,0
2.370589e-05,0
3.950629e-05,0
9.821915e-08,0
0.0004200123,0
6.573913e-09,0
6.524738e-05,0
0.9999741,0
0.73479,0
6.736085e-06,0
6.630357e-05,0
0.001685658,0
