Score,Label
0.09490028,1
0.6589726,1
0.9999998,1
1.076835e-06,1
0.0001209865,1
0.9879122,1
6.849874e-06,1
1.683346e-06,1
0.0002220407,1
1,1
0.0822145,1
1,1
0.9829825,1
0.9999993,1
0.9042909,1
0.9995502,1
2.260829e-05,1
0.9927748,1
0.20559,1
0.9988939,1
1,1
1.076835e-06,1
0.0001209865,1
0.9879122,1
6.849874e-06,1
1.683346e-06,1
0.0002220407,1
8.970414e-07,1
0.9987243,1
0.9999999,1
0.9526901,1
2.096938e-06,0
0.2493901,0
0.2493901,0
3.553886e-05,0
0.005230411,0
0.0003525957,0
0.5286765,0
0.2493901,0
1.265132e-06,0
0.2493901,0
0.933328,0
1.633764e-05,0
0.2493901,0
0.933328,0
5.185351e-07,0
9.002835e-06,0
0.933328,0
0.1147493,0
0.2493901,0
0.008337004,0
5.01661e-06,0
0.0002431559,0
0.9879122,0
0.0001920396,0
0.06953968,0
6.849874e-06,0
0.001276351,0
0.008337004,0
1.683346e-06,0
0.009410447,0
0.2493901,0
