Score,Label
1,1
0.9995389,1
6.624479e-05,1
0.9990723,1
0.0005199044,1
0.9999988,1
0.9999988,1
0.9999799,1
0.9997767,1
0.9105976,1
0.9997767,1
0.06857424,1
1.351972e-05,1
0.3331815,1
3.758935e-06,1
0.3331815,1
0.06857424,1
0.3331815,1
0.3679881,1
0.9998405,1
0.2060713,1
0.2060713,1
0.9998405,1
0.6688879,1
1,1
0.9990723,1
4.126486e-05,1
0.9995389,1
0.7223729,1
0.06714597,1
0.0002621648,0
0.01442661,0
0.3331815,0
0.05959571,0
0.6147214,0
0.3331815,0
0.05959571,0
0.002331259,0
0.05959571,0
0.0002621648,0
0.0006419124,0
8.648753e-06,0
0.002331259,0
0.3331815,0
0.001881614,0
4.851501e-06,0
8.648753e-06,0
0.001499681,0
0.0006419124,0
0.3331815,0
7.468595e-05,0
0.00224921,0
0.3331815,0
0.3259355,0
0.3331815,0
0.001499681,0
0.01442661,0
0.001499681,0
0.001499681,0
0.01442661,0
