Score,Label
0.1569098,1
0.2496047,1
1,1
1,1
0.9999657,1
1,1
1,1
1,1
0.9999999,1
1,1
0.9963908,1
1,1
1,1
1,1
2.488633e-08,1
0.9963908,1
1,1
1,1
3.780948e-05,1
1,1
1,1
1,1
1.308675e-09,0
0.0005230171,0
7.849488e-10,0
2.679908e-08,0
1.379817e-11,0
2.030588e-09,0
1.405097e-09,0
6.065782e-07,0
0.0005230171,0
0.2496047,0
0.0003887658,0
0.2496047,0
2.516787e-08,0
2.741838e-08,0
0.2496047,0
0.2496047,0
0.2496047,0
1.284999e-10,0
1.158456e-07,0
0.02770114,0
1.565977e-10,0
6.424339e-08,0
