Score,Label
0.7975818,1
0.999869,1
0.009874485,1
1,1
1,1
0.9998842,1
0.9984033,1
0.9999998,1
1,1
1.412419e-09,1
0.9971107,1
0.1289134,1
0.5706937,1
1,1
1,1
1,1
0.007391978,0
8.427297e-10,0
0.003444548,0
9.071606e-10,0
4.572026e-07,0
8.110914e-05,0
1.270708e-08,0
8.15446e-05,0
0.13069,0
1.529547e-07,0
6.75805e-11,0
1.140896e-10,0
0.03571849,0
2.643026e-05,0
1.737192e-06,0
1.834683e-06,0
