Score,Label
0.8882799,1
0.9999992,1
0.0003613699,1
0.9999278,1
0.966927,1
0.9901901,1
0.9999973,1
0.9998037,1
0.0001038507,1
0.9999918,1
0.7994956,1
0.0004642352,1
0.966927,1
0.9901901,1
0.9999973,1
0.1349109,1
0.9149908,1
0.04129953,1
0.9999998,1
0.999842,1
0.9149908,1
3.294596e-07,1
0.0002585807,1
2.454611e-07,1
0.9991358,1
5.574519e-07,1
0.966927,1
0.9901901,1
0.9999973,1
0.9998037,1
0.3852139,1
0.9991106,1
3.435746e-05,1
0.999637,1
0.0002271256,0
0.7253365,0
0.0002426827,0
0.2318565,0
0.0002426827,0
0.9995854,0
0.9995854,0
2.749213e-05,0
7.569088e-06,0
2.559626e-07,0
0.9999994,0
0.9386854,0
0.7253365,0
0.005736808,0
0.9386854,0
0.9386854,0
0.9995854,0
5.610092e-08,0
7.569088e-06,0
3.508482e-06,0
2.060838e-06,0
0.0002426827,0
0.0002426827,0
0.9999994,0
3.508482e-06,0
0.9995854,0
0.001974287,0
0.0002426827,0
1.167906e-08,0
0.7253365,0
7.69401e-06,0
5.610092e-08,0
0.9995854,0
0.9998459,0
