Score,Label
1,1
1,1
1,1
1,1
1,1
1,1
9.667437e-06,0
9.209666e-10,0
0.0002707994,0
4.791467e-09,0
6.47853e-07,0
1.805558e-07,0
