Score,Label
0.0006445568,1
1,1
1,1
0.9996554,1
1.40959e-09,1
1,1
1,1
1,1
1.813536e-10,1
0.9996554,1
1,1
1,1
0.5189715,1
0.5189715,1
0.0006445568,1
1,1
1,1
0.0004392,1
1,1
1,1
3.446884e-07,0
0.0009844459,0
7.651453e-10,0
0.4061061,0
0.4061061,0
1.321005e-08,0
0.0001489132,0
3.969645e-09,0
3.163777e-07,0
9.834231e-12,0
5.289681e-05,0
0.07872342,0
0.0006445568,0
1.490252e-10,0
3.931932e-07,0
5.463457e-08,0
0.0006445568,0
9.834231e-12,0
0.0001489132,0
0.01189467,0
