Score,Label
1,1
1,1
1,1
1,1
1,1
0.02150583,1
1,1
0.9888011,1
0.2058188,1
1,1
1,1
1,1
1,1
6.32e-07,0
1.562558e-07,0
0.0016474,0
0.004707092,0
4.538228e-07,0
0.009245631,0
0.007121098,0
0.002140437,0
6.580981e-06,0
0.000450596,0
2.968574e-05,0
0.9997157,0
1.184409e-06,0
