Score,Label
0.6246876,1
0.9954194,1
0.6246876,1
0.0002993876,1
0.6246876,1
0.00312285,1
0.00312285,1
0.6246876,1
0.00312285,1
0.9973374,1
0.00312285,1
0.002456755,1
0.9982767,1
0.9982767,1
0.5009066,1
0.9995098,1
0.5009066,1
0.002257505,1
0.002257505,1
0.9973374,1
0.00312285,1
0.00312285,1
0.001491848,1
0.9982767,1
0.00312285,1
0.00312285,1
0.6246876,1
0.9954194,1
0.6246876,1
0.0002993876,1
0.00312285,1
0.00312285,1
0.6246876,1
0.00312285,1
0.002620544,1
0.002620544,1
0.04309106,1
0.04309106,1
0.04309106,1
0.00312285,1
0.6246876,0
0.6246876,0
0.6246876,0
0.6246876,0
0.0002993876,0
0.6246876,0
0.6246876,0
0.6246876,0
0.6246876,0
0.6246876,0
0.6246876,0
0.6246876,0
0.5009066,0
0.00312285,0
0.6246876,0
0.6246876,0
0.6246876,0
0.6246876,0
0.9954194,0
0.6246876,0
0.9954194,0
0.6246876,0
0.0002993876,0
0.6246876,0
0.00312285,0
0.6246876,0
0.0002993876,0
0.6246876,0
0.0002993876,0
0.6246876,0
0.00312285,0
0.9954194,0
0.6246876,0
0.00312285,0
0.9954194,0
0.6246876,0
0.5009066,0
0.6246876,0
0.6246876,0
0.6246876,0
