Score,Label
1,1
1,1
1,1
1,1
0.9999985,1
0.0009644493,0
1.442369e-08,0
5.934325e-09,0
1.057539e-07,0
0.003398891,0
