Score,Label
0.9999597,1
1,1
0.9995911,1
0.9999806,1
1,1
0.9998581,1
1,1
0.9998308,1
0.9997882,1
0.9995911,1
0.9857863,1
0.000845927,1
0.000104426,1
0.004645639,1
0.02833305,1
0.990169,1
1,1
1,1
1.522567e-06,1
1,1
0.9997107,1
1,1
1,1
1,1
1,1
8.805528e-05,1
1,1
0.9808401,1
0.7670036,1
4.369185e-05,0
6.317333e-05,0
1.735066e-06,0
0.0001068516,0
0.347131,0
4.292157e-05,0
0.6893697,0
0.5014797,0
1.735066e-06,0
4.369185e-05,0
1.608292e-05,0
0.0008047206,0
7.10613e-06,0
1.608292e-05,0
0.0008047206,0
5.875805e-07,0
0.000261271,0
0.4982717,0
0.0001339914,0
6.75945e-05,0
0.001293269,0
0.9953713,0
0.5014797,0
4.369185e-05,0
0.0001520813,0
0.0001200634,0
0.8840477,0
0.5014797,0
7.10613e-06,0
