Score,Label
0.9962928,1
0.01393393,1
0.9999944,1
1,1
0.9845161,1
0.9999979,1
1,1
0.9983198,1
7.246777e-05,1
1,1
0.9991504,1
1,1
1,1
1,1
1,1
1,1
0.9999996,1
0.008027605,1
0.9999974,1
1,1
1,1
0.9969018,1
1,1
1,1
0.9988492,0
0.001238003,0
0.0004047532,0
0.3968103,0
0.01393393,0
0.01393393,0
0.304143,0
0.01393393,0
0.01393393,0
0.002086346,0
0.001137019,0
0.3527632,0
5.084564e-05,0
0.9999809,0
0.48983,0
0.48983,0
0.002086346,0
0.006763002,0
0.3968103,0
0.0005639556,0
0.304143,0
0.00794157,0
0.0003426399,0
0.01393393,0
