Score,Label
0.9984829,1
0.2409409,1
0.2409409,1
0.001863361,1
1,1
1,1
1,1
0.001450422,1
0.0149961,1
0.001110781,1
0.001110781,1
0.009399181,1
0.9992161,1
0.9936177,1
1,1
1,1
0.9962968,1
1,1
1,1
0.9999702,1
0.9963277,1
1,1
1,1
0.007560743,0
0.2441198,0
0.0001303166,0
3.300042e-07,0
0.007560743,0
0.001689916,0
0.0002369062,0
4.477093e-06,0
0.007560743,0
4.727876e-07,0
0.0001330161,0
0.01212895,0
0.004024493,0
0.004953887,0
4.477093e-06,0
3.18829e-05,0
0.000490111,0
0.000302864,0
0.0003896977,0
0.0003251291,0
0.0001190944,0
1.540993e-05,0
7.317043e-05,0
