Score,Label
1,1
1,1
1,1
1,1
1,1
1,1
0.3728674,1
1,1
1,1
1,1
0.07170767,0
2.657642e-05,0
3.33859e-06,0
1.870007e-06,0
0.2489837,0
1.242677e-07,0
2.734821e-05,0
0.0001377426,0
1.390468e-06,0
0.006849289,0
