Score,Label
0.249987,1
0.249987,1
0.007028329,1
0.1612003,1
0.002090648,1
0.1612003,1
0.00193424,1
0.249987,1
0.249987,1
0.005717818,1
0.007028329,1
0.1612003,1
0.002090648,1
0.1612003,1
0.00193424,1
0.249987,1
0.249987,1
0.249987,1
0.005717818,1
0.005717818,1
0.003103933,1
0.9999933,1
1,1
1,1
1,1
0.005717818,1
0.9999596,1
0.01167031,1
0.9998461,1
1,1
1,1
0.249987,1
0.249987,1
0.7083591,1
0.9999992,1
0.004275412,1
0.004275412,1
0.6269194,1
0.005717818,1
0.249987,0
0.00193424,0
0.249987,0
0.249987,0
0.1612003,0
0.005019904,0
0.005019904,0
0.00193424,0
0.249987,0
0.249987,0
0.249987,0
0.002090648,0
0.005717818,0
0.007028329,0
0.004031076,0
0.007028329,0
0.1612003,0
0.249987,0
0.005717818,0
0.1612003,0
0.249987,0
0.249987,0
0.249987,0
0.007028329,0
0.249987,0
0.00254372,0
0.249987,0
0.9986468,0
0.005717818,0
0.249987,0
0.249987,0
0.249987,0
0.005717818,0
0.007028329,0
0.249987,0
0.249987,0
0.249987,0
0.1612003,0
0.001984774,0
