Score,Label
1,1
0.999998,1
1,1
0.9999772,1
1,1
0.3852735,1
0.9951099,1
0.8684071,1
0.9928766,1
0.9992781,1
0.9999529,1
1,1
1,1
0.9992781,1
0.9998049,1
0.9999971,1
0.9947491,1
0.9999845,1
0.9710888,1
0.9794075,1
0.9999993,1
0.3335138,0
0.3335138,0
8.520441e-10,0
7.762558e-09,0
6.009777e-09,0
1.448963e-06,0
8.220811e-07,0
1.547406e-09,0
6.726976e-08,0
0.4184564,0
6.694168e-09,0
0.00236823,0
1.346753e-08,0
2.858994e-05,0
0.05757544,0
6.285621e-06,0
4.075232e-06,0
0.1703971,0
4.625694e-05,0
1.04672e-06,0
0.3335138,0
