Score,Label
6.066546e-08,1
7.388768e-06,1
1,1
1,1
2.393921e-07,1
1,1
1,1
1.51117e-07,1
0.1121154,1
1,1
0.0006859508,1
0.9999983,1
1,1
1,1
1,1
4.144894e-06,0
7.491464e-06,0
0.0002890175,0
0.0001079689,0
9.97456e-14,0
7.388768e-06,0
0.0006859508,0
1.210173e-12,0
9.672926e-05,0
1.702794e-06,0
4.144894e-06,0
1.308594e-12,0
4.144894e-06,0
5.359241e-07,0
9.97456e-14,0
