Score,Label
0.0001763237,1
0.0001763237,1
0.04101744,1
0.01584899,1
0.01584899,1
0.0001763237,1
0.0001763237,1
2.764346e-05,1
0.9979127,1
0.01597225,1
0.01597225,1
0.9979127,1
0.01597225,1
0.9979127,1
2.764346e-05,1
0.0001763237,1
0.04101744,1
0.01584899,1
0.01584899,1
0.0001763237,1
0.0001763237,1
0.0001763237,1
2.764346e-05,1
0.0232685,1
0.6666904,1
0.0001763237,1
0.0001763237,1
2.764346e-05,1
2.764346e-05,1
0.6666904,1
0.6666904,1
0.04101744,1
0.6666904,1
0.0001763237,1
0.0001763237,1
2.764346e-05,1
2.764346e-05,1
0.6666904,1
0.6666904,1
2.764346e-05,1
0.0001763237,1
0.6666904,0
0.6666904,0
0.6666904,0
0.0001763237,0
0.9979127,0
0.6666904,0
0.6666904,0
0.6666904,0
0.6666904,0
0.0001763237,0
0.0001763237,0
0.0001763237,0
0.6666904,0
0.0001763237,0
2.764346e-05,0
0.0001763237,0
0.6666904,0
0.0001763237,0
0.6666904,0
0.9979127,0
0.0001763237,0
0.6666904,0
2.764346e-05,0
0.6666904,0
0.6666904,0
0.6666904,0
0.9979127,0
2.764346e-05,0
0.0001763237,0
0.0001763237,0
2.526326e-05,0
0.6666904,0
0.0001763237,0
0.6666904,0
0.6666904,0
0.6666904,0
0.0001763237,0
0.6666904,0
0.6666904,0
0.6666904,0
0.6666904,0
