Score,Label
0.9993475,1
0.0003054037,1
0.05256663,1
0.4253472,1
0.988879,1
0.0003054037,1
0.8585157,1
0.3730293,1
9.453137e-05,1
0.9999588,1
0.3730293,1
0.9999963,1
0.9999834,1
0.0001168382,1
1,1
1,1
0.0001168382,1
0.9026591,1
0.9987131,1
0.7921257,1
0.9026591,1
0.0001605451,1
0.9999998,1
0.0006900846,1
2.3688e-05,1
0.0006900846,1
0.02362545,1
0.0003054037,1
0.1747203,1
0.9999856,1
1,1
0.1747203,1
0.9297988,1
0.0003054037,0
0.001085961,0
0.6665454,0
0.0003054037,0
0.6665454,0
0.6665454,0
0.6665454,0
0.01681738,0
0.6665454,0
0.01681738,0
0.0003054037,0
0.0003054037,0
0.0003054037,0
0.0003054037,0
0.0001605451,0
0.0003054037,0
0.001085961,0
0.001085961,0
0.0006900846,0
0.6665454,0
0.01681738,0
0.0001605451,0
5.429536e-06,0
0.6665454,0
0.0003054037,0
5.429536e-06,0
0.0003054037,0
0.001085961,0
0.0930259,0
0.0003054037,0
0.01681738,0
0.03584424,0
0.6665454,0
