Score,Label
0.01786245,1
0.9999952,1
0.9999998,1
0.9999952,1
1,1
0.997606,1
4.75799e-05,1
0.997606,1
1,1
0.9999936,1
1,1
1,1
4.866188e-05,0
0.0005214695,0
0.001391853,0
2.784049e-08,0
5.404705e-10,0
0.9996648,0
0.001387433,0
3.82867e-08,0
2.760931e-06,0
1.300065e-06,0
2.784049e-08,0
0.9996648,0
