Score,Label
1,1
1,1
1,1
0.9998285,1
1,1
1,1
1,1
1,1
1,1
1,1
1,1
0.001301956,0
0.07647786,0
1.729354e-05,0
0.001035547,0
1.020892e-05,0
0.0001131103,0
0.0002877956,0
2.264094e-05,0
0.001893229,0
9.743423e-05,0
1.401795e-05,0
