Score,Label
1,1
0.002600201,1
1,1
0.002600201,1
1,1
0.0001435573,1
0.01585353,1
0.0003717412,1
0.9999969,1
0.0009357638,1
0.8057451,1
0.9999999,1
0.9985794,1
0.9835157,1
0.9998295,1
0.9999909,1
0.9996587,1
0.9961336,1
0.9964632,1
0.8886207,1
0.001469972,1
0.4986884,1
1,1
1,1
1,1
1,1
0.9998283,1
1,1
1,1
1,1
2.582311e-05,0
0.0009028058,0
0.006670438,0
5.511198e-05,0
0.006088056,0
4.92643e-05,0
0.9985221,0
0.05302601,0
0.001130264,0
3.265893e-06,0
0.1265042,0
0.002675753,0
0.0002908291,0
0.0408705,0
1.054063e-06,0
0.9999982,0
0.0005664228,0
0.00112834,0
0.004052798,0
3.419868e-06,0
0.000623077,0
0.9633823,0
0.000623077,0
9.939092e-07,0
9.106048e-06,0
7.245265e-07,0
0.0002550782,0
0.000623077,0
7.416028e-05,0
0.0008984678,0
