Score,Label
1,1
0.001633738,1
1,1
1,1
1,1
1,1
1,1
0.9999878,1
0.9999999,1
0.9999878,1
1,1
1,1
1,1
1,1
0.001633738,0
0.002253376,0
5.655883e-08,0
0.2513359,0
0.04733882,0
1.667816e-07,0
0.001633738,0
4.044549e-10,0
1.825019e-07,0
0.001633738,0
0.6782125,0
0.0005569659,0
8.029365e-06,0
4.044549e-10,0
