Score,Label
1,1
1,1
0.8447737,1
1,1
0.9998679,1
2.7857e-05,0
0.0001998981,0
0.000269419,0
1.360114e-09,0
5.345165e-09,0
