Score,Label
0.6248001,1
0.6248001,1
0.5445117,1
0.5445117,1
0.0003506304,1
0.3585395,1
0.3731153,1
0.004445935,1
0.3999977,1
0.411671,1
0.1724068,1
0.5445117,1
0.5445117,1
0.0003506304,1
0.3585395,1
0.5445117,1
0.5445117,1
0.0003506304,1
0.01383413,1
0.3585395,1
0.6248001,1
0.3999977,1
0.3999977,1
0.002931569,1
0.6248001,1
0.6248001,1
0.749146,1
0.6248001,1
0.0769252,1
0.0769252,1
0.003149982,1
0.003047357,1
0.003149982,1
0.0769252,1
0.0769252,1
0.003047357,1
0.003149982,1
0.004611395,1
0.3731153,1
0.004445935,1
0.3999977,1
0.411671,1
0.1724068,1
0.6248001,1
0.3999977,0
0.0003506304,0
0.6248001,0
0.3999977,0
0.003149982,0
0.6248001,0
0.3999977,0
0.0003506304,0
0.749146,0
0.3999977,0
0.3999977,0
0.6248001,0
0.3999977,0
0.6248001,0
0.6248001,0
0.0003506304,0
0.0003506304,0
0.3999977,0
0.3999977,0
0.3999977,0
0.0003506304,0
0.749146,0
0.6248001,0
0.6248001,0
0.6248001,0
0.003149982,0
0.6248001,0
0.0003506304,0
0.0003506304,0
0.002954311,0
0.002931569,0
0.3999977,0
0.3999977,0
0.003149982,0
0.002931569,0
0.3999977,0
0.002954311,0
0.002954311,0
0.002931569,0
0.6248001,0
0.002954311,0
0.3999977,0
0.003149982,0
0.002954311,0
