Score,Label
0.998274,1
0.0005431592,1
4.611213e-05,1
0.2000061,1
0.2000061,1
4.180683e-05,1
4.820234e-05,1
0.2000061,1
0.9999983,1
0.6496083,1
0.9999969,1
0.9995853,1
0.999898,1
0.9760574,1
0.9999453,1
0.9999987,1
1,1
1,1
0.9999932,1
0.142476,1
0.9999952,1
0.9684725,1
0.9990985,1
0.9999152,1
0.142476,1
0.2000061,1
0.2000061,1
0.998274,1
0.0005431592,1
4.611213e-05,1
0.2000061,1
4.180683e-05,1
4.820234e-05,1
0.142476,1
0.005800948,1
0.2000061,0
0.2000061,0
4.611213e-05,0
0.0005431592,0
0.2000061,0
0.03693304,0
0.2000061,0
0.2000061,0
0.003307505,0
0.9272348,0
0.2000061,0
0.2000061,0
0.2000061,0
0.2000061,0
0.9973797,0
0.2000061,0
0.2000061,0
0.9518329,0
0.9999117,0
0.998274,0
0.6741645,0
0.2000061,0
0.998274,0
0.0005431592,0
0.0005431592,0
0.9999453,0
0.2000061,0
0.2858084,0
0.9684725,0
0.9999453,0
0.9272348,0
0.9684725,0
5.052219e-05,0
0.9999117,0
4.180683e-05,0
