Score,Label
1,1
1,1
1,1
0.9999993,1
1,1
1,1
1,1
1,1
1,1
1,1
0.9999995,1
0.9999987,1
0.9999996,1
0.9999999,1
0.9999715,1
0.05793308,1
1,1
1,1
1,1
0.9999975,1
0.9999983,1
0.9999982,1
0.9998595,1
0.9999986,1
0.999999,1
0.9999998,1
0.05793308,1
1.026845e-05,0
0.0001213542,0
0.0001054887,0
0.05793308,0
0.001392438,0
0.003858423,0
9.298274e-05,0
0.1937874,0
0.0002057711,0
2.991405e-05,0
0.0001174907,0
2.116372e-05,0
0.0003243691,0
0.0007119678,0
0.001117931,0
3.379731e-05,0
0.0008867494,0
2.066483e-05,0
0.0003861604,0
0.0003861604,0
0.0001165713,0
0.0007119678,0
4.222631e-05,0
0.0003720648,0
0.001355197,0
4.457753e-05,0
5.90662e-05,0
0.001099389,0
0.0004652505,0
2.870358e-05,0
2.78719e-05,0
0.0007378816,0
6.675261e-05,0
4.222631e-05,0
1.934713e-05,0
0.0002173808,0
6.976457e-05,0
9.524883e-05,0
2.553766e-05,0
0.0004652505,0
9.13323e-05,0
0.0001611369,0
2.553766e-05,0
0.0002237045,0
0.0004652505,0
0.0001586412,0
0.0002219958,0
0.1937874,0
2.89715e-05,0
2.607244e-05,0
0.0002219958,0
4.35031e-05,0
0.0001015887,0
5.660579e-05,0
