Score,Label
4.680714e-09,1
1,1
0.9999999,1
0.9936027,1
1,1
0.9999965,0
0.9969772,0
6.723422e-12,0
0.0001519451,0
0.02104453,0
