Score,Label
1.916307e-08,1
0.9999324,1
0.9999552,1
0.9992234,1
0.9999655,1
0.9999509,1
7.003142e-09,1
0.9999841,1
0.9999689,1
0.9999807,1
0.9999408,1
0.9999676,1
2.372592e-08,1
0.9998496,1
0.9998176,1
0.9999032,1
0.999895,1
3.91945e-07,1
0.9999765,1
0.9999666,1
0.9986053,1
0.0009881735,1
0.9998972,1
0.1649384,1
0.0172032,1
0.9996849,1
9.093889e-09,1
0.9981028,1
0.9998943,1
0.9999666,1
0.9999679,1
0.9997712,1
0.9999858,1
0.001611048,1
0.9999408,1
0.9999354,1
0.999368,1
0.9999319,1
0.1649384,0
0.003785486,0
0.4870643,0
1.012145e-10,0
0.003785486,0
0.3328267,0
2.127822e-06,0
0.4870643,0
0.06903774,0
2.734118e-06,0
0.003785486,0
0.0004869793,0
4.66175e-05,0
2.734118e-06,0
0.000105586,0
3.946388e-07,0
2.351821e-08,0
5.262309e-08,0
3.91945e-07,0
1.965213e-05,0
0.001418093,0
0.0004869793,0
1.348166e-05,0
0.4870643,0
4.66175e-05,0
0.3328267,0
0.06903774,0
0.999647,0
0.3328267,0
0.06903774,0
0.003785486,0
1.348166e-05,0
0.06903774,0
0.003785486,0
8.034643e-06,0
0.001301745,0
0.001301745,0
7.003142e-09,0
0.001301745,0
2.127822e-06,0
0.1649384,0
1.50376e-11,0
1.916307e-08,0
3.91945e-07,0
0.1649384,0
0.04110721,0
0.001301745,0
1.348166e-05,0
0.949994,0
2.964562e-11,0
2.546683e-06,0
1.707268e-08,0
0.001301745,0
0.04110721,0
0.02007514,0
3.466256e-10,0
0.001301745,0
0.001611048,0
3.249398e-05,0
4.66175e-05,0
0.001301745,0
3.450464e-10,0
1.916307e-08,0
0.3328267,0
0.02007514,0
0.750331,0
0.003785486,0
0.001301745,0
0.1649384,0
5.262309e-08,0
0.001301745,0
0.007463469,0
7.876625e-06,0
1.072215e-11,0
0.08208076,0
1.265901e-06,0
