Score,Label
1,1
1.269098e-05,1
0.9999999,1
0.9929447,1
1,1
9.867487e-08,1
0.9999993,1
0.9999977,1
0.001749282,0
7.2311e-05,0
0.9999999,0
0.0007976092,0
7.2311e-05,0
9.435548e-05,0
0.9999894,0
7.2311e-05,0
