Score,Label
3.715164e-06,1
0.999669,1
7.457888e-10,1
0.9993178,1
7.457888e-10,1
0.9993178,1
0.001519305,1
0.999997,1
0.9993178,1
5.430281e-06,0
5.099771e-06,0
0.0007554661,0
0.0004891753,0
0.0004891753,0
4.162533e-09,0
0.9996936,0
1.154844e-10,0
0.0001224703,0
