Score,Label
1,1
1,1
1,1
1,1
1,1
1,1
1,1
1,1
0.9999999,1
1,1
0.7480277,1
0.1227407,1
1,1
1,1
1,1
1,1
1,1
1,1
1,1
1,1
1,1
1,1
1,1
1,1
1,1
1,1
1,1
1,1
1,1
0.9999979,1
1,1
1,1
1,1
1,1
1,1
1,1
1,1
1,1
1,1
1,1
1,1
1,1
1,1
1,1
1,1
1.494612e-05,1
9.029941e-08,0
2.85627e-07,0
3.717428e-06,0
3.335754e-05,0
1.268462e-06,0
7.106945e-07,0
6.095936e-05,0
5.217774e-07,0
4.596427e-05,0
2.047682e-07,0
2.680964e-06,0
4.43327e-07,0
1.299404e-07,0
0.0003911958,0
1.189148e-07,0
0.0001178758,0
2.895042e-06,0
6.095936e-05,0
2.047682e-07,0
6.176282e-07,0
0.0007008286,0
3.579315e-06,0
2.264306e-07,0
6.467937e-07,0
1.77566e-06,0
0.0007008286,0
3.216172e-07,0
0.0007008286,0
1.172429e-05,0
1.378923e-07,0
4.585791e-06,0
4.304481e-07,0
3.789316e-08,0
7.542906e-07,0
6.222021e-06,0
3.298325e-07,0
2.52318e-06,0
6.467937e-07,0
2.047682e-07,0
0.0003911958,0
9.921838e-05,0
6.095936e-05,0
6.467937e-07,0
7.847951e-07,0
0.0001846153,0
1.438576e-06,0
