Score,Label
0.7073574,1
0.7073574,1
4.616137e-05,1
4.616137e-05,1
1.47228e-06,1
1.47228e-06,1
3.136127e-05,1
3.088332e-05,1
3.088332e-05,1
3.088332e-05,1
0.7073574,1
4.521251e-07,1
3.088332e-05,1
3.088332e-05,1
3.088332e-05,1
4.616137e-05,1
3.088332e-05,0
3.088332e-05,0
4.521251e-07,0
0.0003426314,0
0.0003426314,0
0.0003426314,0
0.0003426314,0
7.409064e-07,0
0.0003426314,0
3.800309e-05,0
4.616137e-05,0
4.616137e-05,0
3.800309e-05,0
5.236051e-05,0
0.0003426314,0
5.236051e-05,0
