Score,Label
0.1487437,1
0.1487437,1
0.9999878,1
0.9970463,1
1,1
1,1
1,1
0.9970463,1
0.9970463,1
1,1
1,1
1,1
1,1
0.001532429,1
0.001532429,1
0.04685699,1
0.02097042,1
0.1680711,1
0.004560959,1
0.02180077,1
0.005681099,1
0.1680711,1
0.7693897,1
0.9999998,1
1,1
1,1
0.9999995,1
1,1
0.9999573,1
0.9966581,1
0.001094505,1
0.001433338,1
1.843916e-05,1
0.9068731,1
0.9887396,1
0.9932784,1
0.1948383,1
0.9999436,1
0.0004373104,1
0.9984546,1
0.999997,1
1,1
0.9999957,1
1,1
1,1
0.9999943,1
0.9999602,1
1,1
1,1
1,1
1,1
1,1
0.1680711,1
0.005681099,1
0.007532188,1
1,1
0.9999915,1
1,1
0.9999915,1
0.9999915,1
0.9979797,1
0.02285308,1
0.9999915,1
1,1
1,1
1,1
0.002430795,1
1,1
0.9996833,1
1,1
0.7947627,1
1,1
0.9999981,1
0.9999943,1
0.9999998,1
1,1
1,1
1,1
1,1
0.9937704,1
0.0002935581,0
4.026675e-06,0
0.02578535,0
0.1882917,0
0.1680711,0
0.009407856,0
0.1680711,0
0.0002077359,0
0.005681099,0
0.950752,0
1.213266e-05,0
0.0002281192,0
0.1680711,0
0.1680711,0
0.007873152,0
0.01240411,0
0.1083783,0
0.0002077359,0
0.0001856699,0
0.0001856699,0
5.127686e-06,0
0.1680711,0
4.026675e-06,0
0.9894419,0
0.1680711,0
0.02578535,0
0.02578535,0
0.02578535,0
0.1680711,0
0.1680711,0
0.009407856,0
4.247454e-06,0
0.1917667,0
0.1680711,0
0.0002281192,0
0.1680711,0
0.000385921,0
0.007613853,0
0.5268707,0
0.0001856699,0
0.0002935581,0
0.0001856699,0
0.009407856,0
3.556459e-06,0
0.005681099,0
0.005681099,0
1.755071e-05,0
0.001857338,0
0.0002077359,0
0.5743855,0
0.1680711,0
0.0004012681,0
0.009407856,0
0.3910325,0
0.005681099,0
3.628671e-05,0
0.0002281192,0
0.1680711,0
0.5980154,0
0.02578535,0
0.1680711,0
0.000385921,0
0.3910325,0
0.009407856,0
0.005681099,0
0.0002281192,0
0.005681099,0
0.1680711,0
0.394695,0
0.1680711,0
0.5980154,0
0.001701984,0
0.007873152,0
0.1882917,0
0.007873152,0
0.02578535,0
0.1882917,0
0.0002281192,0
0.1680711,0
0.8176045,0
