Score,Label
0.9999413,1
0.7744132,1
0.9980621,1
0.9999413,1
0.8724459,1
0.01512874,1
0.01512874,1
0.001034483,0
0.0008433588,0
1.511852e-05,0
1.230942e-05,0
4.667148e-06,0
0.9990043,0
0.8742541,0
