Score,Label
0.09355853,1
0.3343362,1
0.08848613,1
0.9999162,1
0.9993993,1
0.9998971,1
0.9999999,1
0.9998971,1
0.4298025,1
0.9999999,1
0.9999793,1
0.4298025,1
0.9955564,1
0.9995825,0
0.9998729,0
3.878008e-08,0
0.999997,0
0.00898762,0
0.00898762,0
0.3343362,0
2.326622e-08,0
3.878008e-08,0
0.0002422215,0
2.19928e-05,0
3.878008e-08,0
0.3343362,0
