Score,Label
0.001828683,1
0.001828683,1
1,1
0.7025345,1
0.999997,1
0.999997,1
1,1
1,1
1,1
1,1
0.05016319,1
1,1
1,1
1,1
1,1
0.999997,1
0.9990063,1
1.284069e-05,0
1.729228e-09,0
9.946567e-12,0
1.03079e-10,0
1.044751e-05,0
7.306748e-11,0
0.0002132673,0
2.517287e-11,0
8.59449e-11,0
3.138481e-09,0
3.552849e-05,0
2.517287e-11,0
1.729228e-09,0
0.0005876534,0
1.044751e-05,0
5.349018e-10,0
2.517287e-11,0
