Score,Label
0.933323,1
0.9999998,1
0.9999998,1
0.933323,1
0.9999998,1
0.9999998,1
3.058938e-09,0
9.80291e-10,0
6.602003e-11,0
0.00228572,0
0.0002746177,0
2.082633e-11,0
9.945581e-12,0
1.041139e-11,0
6.602003e-11,0
9.945581e-12,0
3.488424e-09,0
0.933323,0
