Score,Label
0.9435403,1
1,1
0.01695775,1
0.004632292,1
0.4001991,1
0.00979232,1
0.0004374486,1
0.0009503582,1
1.464501e-06,1
0.9999995,1
4.248704e-05,1
0.9999872,1
4.248704e-05,1
0.9731198,1
0.004387135,0
7.906449e-07,0
0.0006675841,0
0.0009503582,0
0.4001991,0
0.9999837,0
0.4001991,0
1.464501e-06,0
0.000134009,0
0.04897753,0
0.4001991,0
0.004632292,0
0.001080874,0
0.004632292,0
