Score,Label
0.9994681,1
0.9994517,1
0.9978144,1
0.9994517,1
0.9191633,1
0.004201945,0
5.118253e-10,0
0.00261121,0
0.00261121,0
0.9986627,0
