Score,Label
0.3991933,1
0.8224482,1
0.03441557,1
0.0005342109,1
0.03441557,1
0.0005342109,1
0.9251844,1
0.2094675,1
0.9997385,1
0.873605,1
0.9943525,1
0.9997385,1
0.9943525,1
8.080086e-06,1
0.00328662,1
0.7647607,1
0.7647607,1
0.9952222,1
0.0001403816,1
0.7647607,1
0.9952222,1
0.0007260335,1
0.09629802,1
0.9619668,1
0.006497227,1
0.05453515,1
0.2853842,1
0.05453515,1
0.749401,1
0.749401,1
0.00217986,1
0.9998007,1
0.9998007,1
0.9952222,1
0.03296194,1
0.9998007,1
0.9952222,1
0.0006311061,1
0.0008317715,1
0.001296367,1
0.0002662262,1
0.0002662262,1
0.250113,1
0.0001562856,1
0.0002662262,1
0.250113,1
0.0004364334,1
0.250113,0
1.381189e-05,0
0.9952222,0
0.9943525,0
0.250113,0
1.381189e-05,0
0.05453515,0
0.001296367,0
0.250113,0
5.352143e-05,0
0.0005342109,0
0.9943525,0
0.0008317715,0
0.001296367,0
0.0002662262,0
0.250113,0
0.9943525,0
0.0002662262,0
0.250113,0
6.410253e-05,0
0.0008317715,0
0.0002662262,0
0.05453515,0
0.9943525,0
0.0008317715,0
0.0002662262,0
0.0004364334,0
1.381189e-05,0
0.0002662262,0
0.001296367,0
0.0008317715,0
0.250113,0
0.250113,0
0.001296367,0
0.9952222,0
0.0002662262,0
0.250113,0
0.749401,0
0.0004364334,0
0.250113,0
0.0002662262,0
0.250113,0
0.749401,0
0.0001562856,0
0.250113,0
0.749401,0
0.0002662262,0
0.9952222,0
0.250113,0
0.0002662262,0
0.0002662262,0
0.9952222,0
5.352143e-05,0
0.749401,0
0.001296367,0
0.0001562856,0
7.586388e-05,0
0.250113,0
0.0004364334,0
0.01509981,0
0.04614967,0
0.749401,0
0.0002662262,0
0.250113,0
0.001296367,0
0.05453515,0
0.0008317715,0
0.250113,0
0.0001562856,0
0.0002662262,0
0.0001562856,0
0.749401,0
0.250113,0
6.410253e-05,0
0.0001562856,0
0.250113,0
0.001296367,0
0.0002662262,0
0.0002662262,0
0.05453515,0
0.250113,0
0.749401,0
0.0002662262,0
0.250113,0
0.0004364334,0
0.0002662262,0
5.352143e-05,0
0.749401,0
0.250113,0
0.250113,0
0.250113,0
0.0008317715,0
0.0005342109,0
0.9952222,0
