Score,Label
0.7142552,1
0.7142552,1
0.7142552,1
0.7142552,1
5.431598e-05,1
5.431598e-05,1
0.7142552,1
0.7142552,1
5.431598e-05,1
5.431598e-05,1
0.0002672608,1
5.431598e-05,1
0.7142552,1
0.7142552,1
5.431598e-05,1
5.431598e-05,1
0.7142552,1
0.7142552,1
5.431598e-05,1
5.431598e-05,1
0.7142552,1
5.431598e-05,1
0.0002672608,1
5.431598e-05,1
0.7142552,1
0.7142552,0
5.431598e-05,0
0.7142552,0
5.431598e-05,0
5.431598e-05,0
0.7142552,0
0.7142552,0
0.7142552,0
5.431598e-05,0
0.7142552,0
0.7142552,0
0.7142552,0
5.431598e-05,0
0.7142552,0
5.431598e-05,0
0.7142552,0
5.431598e-05,0
0.7142552,0
0.7142552,0
0.7142552,0
5.431598e-05,0
0.7142552,0
0.7142552,0
5.431598e-05,0
5.431598e-05,0
