Score,Label
0.9997457,1
0.03083134,1
0.9997457,1
0.1315871,1
0.001102941,1
0.962799,1
0.2073921,1
0.9986157,1
0.0002242523,1
0.9986157,1
0.001734132,1
0.00203734,1
2.392753e-06,1
2.392753e-06,1
0.9998894,1
0.9978545,1
1.821685e-05,1
0.9978545,1
0.0001440756,1
1.354389e-05,1
0.3174345,1
0.791216,1
8.925937e-06,1
0.791216,1
4.327642e-05,1
9.305919e-05,1
2.966874e-06,1
9.305919e-05,1
0.000947894,1
0.9997979,1
0.9999598,1
0.9999598,1
1.354389e-05,1
0.0002990362,1
0.0002990362,1
0.9997931,1
2.476965e-06,1
0.001965722,1
7.860304e-06,1
0.00102104,1
7.860304e-06,1
0.0005251997,0
0.5003613,0
0.2480538,0
0.000238953,0
9.920213e-08,0
0.2480538,0
0.5003613,0
0.2480538,0
5.989142e-07,0
6.800711e-06,0
3.704995e-06,0
5.989142e-07,0
0.5003613,0
3.704995e-06,0
4.268709e-06,0
0.5003613,0
9.920213e-08,0
1.181639e-06,0
2.5589e-05,0
0.2480538,0
0.008686454,0
0.006819247,0
6.800711e-06,0
1.761507e-06,0
5.989142e-07,0
0.2480538,0
1.285285e-06,0
2.10667e-07,0
6.800711e-06,0
2.701963e-07,0
6.800711e-06,0
3.704995e-06,0
0.5003613,0
1.181639e-06,0
1.761507e-06,0
0.0005251997,0
6.800711e-06,0
2.5589e-05,0
1.181639e-06,0
3.704995e-06,0
0.008686454,0
0.0005251997,0
1.181639e-06,0
5.989142e-07,0
0.5003613,0
0.01183938,0
0.5003613,0
1.181639e-06,0
1.181639e-06,0
6.800711e-06,0
2.701963e-07,0
0.2480538,0
0.5003613,0
0.5003613,0
1.285285e-06,0
6.800711e-06,0
2.10667e-07,0
4.268709e-06,0
6.800711e-06,0
0.008686454,0
1.761507e-06,0
9.920213e-08,0
6.177119e-07,0
6.177119e-07,0
6.800711e-06,0
1.181639e-06,0
3.103907e-08,0
0.008686454,0
0.0005251997,0
6.800711e-06,0
6.800711e-06,0
3.704995e-06,0
0.2480538,0
1.181639e-06,0
6.177119e-07,0
0.5003613,0
0.2480538,0
3.103907e-08,0
3.827904e-08,0
0.01499187,0
3.704995e-06,0
0.5003613,0
