Score,Label
0.82674,1
0.82674,1
0.82674,1
0.82674,1
0.4403258,1
0.8982629,1
0.9575958,1
0.9575958,1
0.9575958,1
0.9575958,1
0.8982629,1
0.9575958,1
0.9575958,1
0.9575958,1
0.8982629,1
0.8982629,1
0.2134664,1
0.2134664,1
0.9424771,1
0.9424771,1
0.2134664,1
0.82674,1
0.2134664,1
0.2134664,1
0.4403258,1
0.2134664,1
0.5412305,1
0.9424771,1
0.9744936,1
0.2134664,1
0.2134664,1
0.9424771,1
0.9744936,1
0.2134664,1
0.9424771,1
0.9630038,1
0.5412305,1
0.9424771,1
0.9744936,1
0.2134664,1
0.2134664,1
0.9424771,1
0.9744936,1
0.2134664,1
0.9424771,1
0.8073031,1
0.9416063,1
0.804407,1
0.804407,1
0.8073031,1
0.9416063,1
0.804407,1
0.8073031,1
0.8073031,1
0.5412305,1
0.9424771,1
0.2134664,1
0.9744936,1
0.2134664,1
0.2134664,1
0.9744936,1
0.2134664,1
0.9424771,1
0.9424771,1
0.2134664,1
0.4403258,1
0.2134664,1
0.01158319,1
0.9424771,1
0.2134664,1
0.1532354,1
0.9424771,1
0.2134664,1
0.2134664,1
0.2134664,1
0.2134664,1
0.9424771,1
0.9424771,1
0.1532354,1
0.2134664,1
0.9424771,1
0.9424771,1
0.9435353,1
0.5412305,1
0.9744936,1
0.2134664,1
0.2134664,1
0.9424771,1
0.9744936,1
0.2134664,1
0.9424771,1
0.9424771,1
0.003958988,1
0.2134664,1
0.3333729,1
0.82674,1
0.82674,1
0.2134664,1
0.3333729,1
0.82674,1
0.2134664,1
0.2134664,1
0.2134664,0
0.2134664,0
0.2134664,0
0.2134664,0
0.003958988,0
0.3333729,0
0.3333729,0
0.82674,0
0.003958988,0
0.82674,0
0.2134664,0
0.82674,0
0.003800669,0
0.82674,0
0.82674,0
0.2134664,0
0.82674,0
0.82674,0
0.82674,0
0.5972018,0
0.003958988,0
0.82674,0
0.2134664,0
0.2134664,0
0.3333729,0
0.82674,0
0.82674,0
0.5972018,0
0.3333729,0
0.2134664,0
0.003800669,0
0.3333729,0
0.3333729,0
0.2134664,0
0.2134664,0
0.003958988,0
0.2134664,0
0.82674,0
0.82674,0
0.3333729,0
0.2134664,0
0.3333729,0
0.82674,0
0.82674,0
0.82674,0
0.3333729,0
0.3333729,0
0.2134664,0
0.003958988,0
0.82674,0
0.2134664,0
0.82674,0
0.82674,0
0.003958988,0
0.2134664,0
0.82674,0
0.2134664,0
0.2134664,0
0.3333729,0
0.82674,0
0.2134664,0
0.82674,0
0.82674,0
0.2134664,0
0.003958988,0
0.82674,0
0.82674,0
0.2134664,0
0.82674,0
0.2134664,0
0.82674,0
0.2134664,0
0.82674,0
0.3333729,0
0.2134664,0
0.82674,0
0.3333729,0
0.2134664,0
0.2134664,0
0.2134664,0
0.2134664,0
0.2134664,0
0.2134664,0
0.2134664,0
0.82674,0
0.82674,0
0.2134664,0
0.003800669,0
0.2134664,0
0.82674,0
0.3333729,0
0.2134664,0
0.2134664,0
0.82674,0
0.2134664,0
0.82674,0
0.82674,0
0.82674,0
0.82674,0
0.2134664,0
0.82674,0
0.2134664,0
