Score,Label
0.0004238395,1
4.410012e-06,1
0.9980375,1
4.410012e-06,1
0.02642149,1
2.110933e-06,1
0.9444227,1
0.02866314,1
2.110933e-06,1
0.0001621904,1
0.03649892,1
0.0001621904,1
0.0001621904,1
0.0001621904,1
0.0004238395,1
0.5000969,0
4.538831e-06,0
0.0004238395,0
0.0004238395,0
0.0004238395,0
2.225913e-05,0
7.331438e-05,0
0.0006292189,0
2.225913e-05,0
7.331438e-05,0
0.0004238395,0
4.538831e-06,0
0.0004238395,0
6.155473e-05,0
0.9976411,0
