Score,Label
4.245813e-05,1
0.999398,1
1.343936e-05,1
0.9999762,1
0.0003166306,1
1.56031e-06,1
7.72187e-06,1
0.001114056,1
0.002248381,1
0.1997781,0
0.9971264,0
0.000525039,0
0.9830955,0
0.7472849,0
0.0001399648,0
0.9999248,0
0.1997781,0
0.9982885,0
