Score,Label
0.9308832,1
0.9308832,1
0.9308832,1
0.9308832,1
0.9308832,1
0.9308832,1
0.9308832,1
0.6201759,1
0.9996718,1
0.0006820143,1
0.9996718,1
0.9996718,1
0.0006820143,1
0.9996718,1
0.4999339,1
0.4999339,1
0.9996718,1
0.0006820143,1
0.9996718,1
0.9996718,0
0.9996718,0
0.9996718,0
0.9996718,0
0.9996718,0
0.4999339,0
0.002636547,0
0.4999339,0
0.9308832,0
0.4999339,0
0.9996718,0
0.9308832,0
0.9975178,0
0.4999339,0
0.9996718,0
0.4999339,0
0.3062057,0
0.4999339,0
0.9996718,0
