Score,Label
0.0003141959,1
0.0689632,1
0.0689632,1
0.03063373,1
4.716514e-05,1
0.1460485,1
4.788798e-05,1
0.9747888,1
1,1
1,1
0.0006109506,0
0.0004598897,0
0.9999982,0
0.0004049632,0
0.0004598897,0
0.0004049632,0
0.03063373,0
0.0007394035,0
0.9882478,0
0.08607326,0
