Score,Label
0.9998755,1
0.9998755,1
0.9998755,1
0.9441265,1
0.9997733,1
0.9441265,1
0.9999421,1
0.9999421,1
0.9441265,1
0.9441265,1
0.7586054,1
0.9441265,1
0.1402234,1
0.9441265,1
0.9952703,1
0.9967981,1
0.1436625,1
0.9998755,1
0.4999975,1
0.9998755,1
0.9998755,1
0.5058191,1
0.9785661,1
0.1436625,1
0.1436625,1
0.003604557,1
0.1436625,1
0.4999975,1
0.4999975,1
0.0006502443,1
0.1436625,1
0.0006502443,1
0.005525318,1
0.1436625,1
0.4999975,1
0.9996173,1
0.005501484,1
0.9996173,1
0.04852541,1
0.04852541,1
0.0003963876,1
0.9996173,1
0.9987404,1
0.9996173,1
0.9996173,1
0.9996173,1
0.9839262,1
0.9839262,1
0.999169,1
0.9996173,1
0.9987404,1
0.9990594,1
0.9996173,1
0.9996173,1
0.9996173,1
0.9996173,1
0.9839262,1
0.9839262,1
0.999169,1
0.9996173,1
0.9987404,1
0.9990594,1
0.9996173,1
0.1436625,1
0.4999975,1
0.9967981,1
0.9650029,1
0.003789862,1
0.9650029,1
0.9650029,1
0.9650029,1
0.003870391,1
0.9999961,1
0.9999961,1
0.9650029,1
0.9650029,1
0.002450668,1
0.9650029,1
0.9999595,1
0.9650029,1
0.9999961,1
0.3427017,1
0.3427017,1
0.9999692,1
0.9999692,1
0.9995029,1
0.3427017,1
0.3427017,1
0.9998755,1
0.9988233,1
0.9998755,1
0.9999971,1
0.9998755,1
0.9999971,1
0.9999977,1
0.9998755,1
0.9967981,1
0.4999975,0
0.1436625,0
0.1436625,0
0.8810314,0
0.05014598,0
0.005525318,0
0.003604557,0
0.1436625,0
0.0006502443,0
0.1436625,0
0.003604557,0
0.4999975,0
0.4999975,0
0.4999975,0
0.1436625,0
0.0006502443,0
0.1436625,0
0.1436625,0
0.1436625,0
0.0006502443,0
0.003604557,0
0.4999975,0
0.1436625,0
0.4999975,0
0.0006502443,0
0.1436625,0
0.003604557,0
0.0006502443,0
0.0006502443,0
0.4999975,0
0.1436625,0
0.005525318,0
0.1436625,0
0.1436625,0
0.1436625,0
0.4999975,0
0.1436625,0
0.0006502443,0
0.1436625,0
0.0006502443,0
0.4999975,0
0.001908028,0
0.1436625,0
0.001908028,0
0.4999975,0
0.4999975,0
0.1436625,0
0.1436625,0
0.1436625,0
0.0006502443,0
0.1436625,0
0.005525318,0
0.4999975,0
0.1436625,0
0.02112447,0
0.4999975,0
0.1436625,0
0.005525318,0
0.1436625,0
0.4999975,0
0.0006502443,0
0.1436625,0
0.003604557,0
0.1436625,0
0.005525318,0
0.1436625,0
0.1436625,0
0.005525318,0
0.4999975,0
0.0006502443,0
0.1436625,0
0.1436625,0
0.1436625,0
0.1436625,0
0.4999975,0
0.1436625,0
0.003604557,0
0.1436625,0
0.1436625,0
0.1436625,0
0.1436625,0
0.8810314,0
0.1436625,0
0.003604557,0
0.0006502443,0
0.1436625,0
0.1436625,0
0.4999975,0
0.9999658,0
0.1436625,0
0.1436625,0
0.1436625,0
0.1436625,0
0.1436625,0
0.005525318,0
0.1436625,0
0.1436625,0
