Score,Label
0.9999989,1
0.9999845,1
0.9999992,1
1,1
1,1
0.9999987,1
1,1
1,1
1,1
1,1
0.9993352,1
1,1
0.01710977,1
0.9680062,1
0.01571957,1
0.9999977,1
0.004559577,1
0.2251759,1
0.1074585,1
0.1074585,1
1,1
1,1
0.9993867,1
1,1
1,1
0.9999293,1
0.9999912,1
1,1
1,1
0.9522523,1
0.9999999,1
1,1
0.9657948,1
0.9350914,1
0.9428001,1
0.9428001,1
0.01679783,1
0.9937637,1
0.009847773,1
1,1
0.982254,1
0.7678906,1
0.02118076,1
0.007084038,1
1,1
0.5997783,1
0.9998761,1
0.9999954,1
1,1
1,1
1,1
1,1
1,1
1,1
1,1
1,1
1,1
0.01710977,1
0.9680062,1
0.01571957,1
0.9999977,1
0.004559577,1
0.2251759,1
0.1074585,1
0.1074585,1
0.6430784,0
0.007084038,0
0.3921125,0
0.01046051,0
0.007084038,0
0.01571957,0
0.01571957,0
0.9452043,0
0.004559577,0
0.01571957,0
0.9999281,0
0.9680062,0
0.02928066,0
0.02552495,0
0.6430784,0
0.1074585,0
0.007258846,0
0.004425558,0
0.9990852,0
0.3921125,0
0.01190544,0
0.1074585,0
0.007084038,0
0.9999977,0
0.02928066,0
0.01571957,0
0.1074585,0
0.01571957,0
0.004559577,0
0.02928066,0
0.01571957,0
0.9999977,0
0.01571957,0
0.1074585,0
0.1074585,0
0.9999977,0
0.01550245,0
0.9999843,0
0.9680062,0
0.3921125,0
0.01571957,0
0.09807224,0
0.1074585,0
0.9990852,0
0.01571957,0
0.1074585,0
0.007258846,0
0.6430784,0
0.007084038,0
0.1211404,0
0.1074585,0
0.9680062,0
0.9990852,0
0.007084038,0
0.01571957,0
0.007084038,0
0.01571957,0
0.007084038,0
0.1074585,0
0.01571957,0
0.01046051,0
0.3921125,0
0.01710977,0
0.1211404,0
0.9999281,0
