Score,Label
0.9205059,1
0.9999828,1
1,1
1,1
0.9999989,1
0.9999806,1
0.9981377,1
1,1
1,1
1,1
1,1
1,1
0.0002803435,1
1,1
1,1
1,1
1,1
0.1368434,1
1,1
0.9997577,1
1,1
0.999064,1
1,1
0.0005959797,1
1,1
1,1
1,1
0.9846889,1
1,1
1,1
1,1
1,1
0.0008027813,1
1,1
1,1
1,1
1,1
1,1
0.999894,1
0.9999998,1
1,1
0.9999965,1
0.004050139,1
0.001999765,1
0.9972767,1
0.0002107056,1
0.9999981,1
0.3037775,1
0.9999026,1
0.02123148,0
4.083663e-05,0
6.689012e-05,0
0.001274205,0
6.689012e-05,0
0.001300611,0
0.002452968,0
0.9930348,0
0.4995804,0
0.0001420289,0
0.002510872,0
0.002510872,0
0.002510872,0
0.1368434,0
0.002510872,0
0.4995804,0
0.001274205,0
0.6744453,0
0.4995804,0
0.001274205,0
0.0005959797,0
0.04903635,0
7.943738e-05,0
0.9930348,0
0.4995804,0
4.781415e-05,0
0.4995804,0
0.00131949,0
7.660538e-05,0
0.002510872,0
0.002510872,0
0.0002631447,0
7.340666e-05,0
0.0001204292,0
0.0008522341,0
7.660538e-05,0
0.002510872,0
0.0001872503,0
0.002510872,0
0.2225183,0
0.0001254107,0
0.0001558759,0
0.0001102419,0
0.0002250066,0
0.0002454196,0
0.0001514405,0
0.0001558759,0
3.378166e-05,0
1,0
