Score,Label
0.9999884,1
0.9381278,1
0.04526441,1
1,1
1.141484e-06,1
1.441334e-06,1
0.99981,1
1,1
0.0005047793,1
4.418067e-07,1
1.408798e-06,1
0.9997279,1
1.408798e-06,1
6.086444e-05,1
0.9997279,1
0.0005047793,1
4.418067e-07,1
1.408798e-06,1
0.9997279,1
1.408798e-06,1
6.086444e-05,1
0.9997279,1
2.974603e-08,1
2.974603e-08,1
1,1
1,1
7.51888e-09,1
1,1
7.51888e-09,1
3.795337e-05,1
0.9999884,1
1.004006e-05,1
8.158411e-05,1
2.807443e-06,1
0.9992906,1
0.2059519,1
0.0002745167,1
0.9992906,1
8.680632e-06,1
0.2051586,1
1,1
2.690721e-06,1
1,1
0.9959123,1
1.359011e-06,0
1.408445e-07,0
2.52816e-08,0
0.0004893316,0
0.000170807,0
1.845947e-06,0
4.92226e-06,0
5.514262e-05,0
7.51888e-09,0
3.795337e-05,0
2.974603e-08,0
0.0005015829,0
2.974603e-08,0
3.795337e-05,0
1.80957e-06,0
0.000170807,0
5.514262e-05,0
3.795337e-05,0
3.795337e-05,0
3.795337e-05,0
3.14523e-06,0
3.795337e-05,0
2.074165e-05,0
7.427806e-07,0
1.675669e-06,0
3.795337e-05,0
1.408798e-06,0
1.159996e-07,0
1.441334e-06,0
0.000170807,0
0.0004893316,0
1.334372e-05,0
7.51888e-09,0
2.690721e-06,0
3.795337e-05,0
5.41981e-06,0
3.795337e-05,0
7.51888e-09,0
7.800527e-06,0
3.795337e-05,0
1.141484e-06,0
3.795337e-05,0
3.795337e-05,0
5.048739e-07,0
3.795337e-05,0
1.80957e-06,0
2.52816e-08,0
3.795337e-05,0
1.761635e-07,0
1.798177e-05,0
4.92226e-06,0
3.795337e-05,0
2.974603e-08,0
9.560373e-09,0
2.13564e-07,0
3.795337e-05,0
1.18644e-06,0
1.159996e-07,0
0.0005015829,0
1.408798e-06,0
3.795337e-05,0
3.795337e-05,0
0.0005015829,0
3.795337e-05,0
4.635653e-07,0
8.710866e-07,0
0.0001080847,0
1.334693e-06,0
2.690721e-06,0
1.18644e-06,0
3.712256e-07,0
3.795337e-05,0
3.795337e-05,0
5.048739e-07,0
4.635653e-07,0
3.795337e-05,0
0.0004893316,0
0.000170807,0
4.26617e-06,0
3.712484e-05,0
3.795337e-05,0
7.607368e-08,0
0.0004893316,0
0.000170807,0
0.0004893316,0
1.038416e-06,0
4.92226e-06,0
1.441334e-06,0
