Score,Label
0.989707,1
0.989707,1
0.9999985,1
0.9999821,1
0.9999999,1
1,1
0.9999999,1
1.935094e-06,1
1,1
1,1
1.888667e-09,1
1,1
0.9999108,1
0.9999998,1
1,1
0.9492861,1
1.610931e-07,1
0.9999994,1
1,1
0.9999926,1
1,1
1,1
6.284093e-09,1
1,1
1.452899e-09,1
1,1
0.142886,1
0.989707,1
1,1
1,1
1,1
1.670229e-07,1
2.518697e-09,1
1,1
0.0001392954,0
5.890494e-05,0
0.142886,0
5.263478e-10,0
2.752948e-08,0
0.0001392954,0
0.0001392954,0
3.835012e-09,0
0.0001392954,0
3.835012e-09,0
1.87369e-09,0
3.289745e-10,0
0.142886,0
0.0001392954,0
2.752948e-08,0
6.284093e-09,0
0.0001392954,0
0.0001392954,0
2.463511e-09,0
0.9567921,0
4.230683e-08,0
2.798979e-08,0
1.610931e-07,0
1.87369e-09,0
1.687758e-08,0
1.935094e-06,0
4.327786e-10,0
0.5323986,0
0.002341133,0
1.563189e-05,0
1.070127e-07,0
4.538367e-08,0
0.0001392954,0
1.610931e-07,0
0.0001392954,0
0.0007991857,0
2.884359e-09,0
3.06119e-10,0
1.186913e-08,0
2.228516e-08,0
1.610931e-07,0
1.027174e-06,0
5.775069e-10,0
5.890494e-05,0
5.775069e-10,0
4.235154e-09,0
0.0001392954,0
5.771612e-10,0
3.289745e-10,0
2.518697e-09,0
0.0003058766,0
1.935094e-06,0
2.798979e-08,0
0.0001392954,0
0.0001392954,0
0.142886,0
0.0001392954,0
7.383134e-09,0
1.107359e-09,0
6.284093e-09,0
0.002341133,0
0.003654264,0
0.0001392954,0
0.0001392954,0
0.002341133,0
1.186913e-08,0
2.518697e-09,0
1.907281e-07,0
