Score,Label
1,1
1,1
1,1
1,1
1,1
1,1
0.9999999,1
1,1
1,1
1,1
1,1
1,1
1,1
0.9999999,1
1,1
0.9999088,1
1,1
1,1
1,1
1,1
1,1
8.749183e-06,0
0.0001008437,0
7.439223e-06,0
9.408418e-06,0
0.0001411267,0
1.45063e-05,0
2.621005e-05,0
0.0006294892,0
1.45063e-05,0
0.0001490634,0
1.859548e-06,0
0.0002269332,0
0.01027128,0
1.167674e-06,0
0.001475665,0
8.258621e-06,0
2.465858e-05,0
3.192497e-06,0
0.01027128,0
3.03819e-06,0
1.994153e-06,0
8.023296e-06,0
0.03545963,0
1.069436e-05,0
2.465858e-05,0
1.678716e-06,0
0.0001783434,0
9.531633e-07,0
0.0003211425,0
3.552175e-06,0
8.749183e-06,0
2.239651e-05,0
2.551531e-06,0
0.01027128,0
1.45063e-05,0
1.2315e-05,0
0.0002633251,0
0.0003211425,0
0.001683769,0
6.660282e-06,0
2.844111e-05,0
0.001683769,0
