Score,Label
0.9822827,1
1,1
1,1
1,1
1,1
1,1
1,1
1,1
1,1
1,1
0.9987207,1
0.9987207,1
0.9998029,1
0.9999226,1
0.9999915,1
0.9998029,1
0.9907804,1
2.553632e-12,1
2.553632e-12,1
2.923466e-06,0
4.656758e-06,0
0.0002124461,0
9.019699e-08,0
0.004178175,0
6.1288e-09,0
1.640417e-06,0
0.0002124461,0
6.28545e-07,0
3.703889e-07,0
0.01348742,0
1.793688e-08,0
0.01348742,0
0.001716158,0
4.994271e-07,0
2.460438e-07,0
4.994271e-07,0
0.0001017517,0
2.204176e-07,0
