Score,Label
0.0007314835,1
0.9984754,1
0.1249937,1
1,1
4.639558e-05,1
1,1
0.9999988,1
0.1677879,1
1,1
1,1
1,1
1,1
1,1
1,1
1,1
1,1
1,1
1,1
1,1
1,1
1,1
0.9999996,1
1,1
1,1
1,1
1,1
0.9287233,1
0.9968251,1
0.0004374034,1
1,1
0.9997558,1
1.914804e-05,0
3.113357e-06,0
0.1437963,0
9.439244e-06,0
1.543768e-06,0
0.0006810348,0
0.0001045974,0
0.0001915184,0
1.037385e-07,0
2.436935e-05,0
0.1437963,0
1.808006e-05,0
4.116209e-05,0
2.436935e-05,0
1.037385e-07,0
0.0001847597,0
4.116209e-05,0
0.002793186,0
2.282102e-07,0
9.216972e-06,0
1.361458e-06,0
0.000136903,0
7.709279e-05,0
3.07735e-08,0
0.00372086,0
0.001193453,0
3.414278e-05,0
0.0006810348,0
1.269314e-05,0
4.116209e-05,0
0.0001824496,0
5.993883e-05,0
0.0006077865,0
2.511599e-06,0
3.766162e-07,0
4.91233e-09,0
2.216375e-05,0
5.528738e-07,0
1.032047e-07,0
9.306074e-07,0
4.151139e-07,0
0.0009250719,0
8.308907e-07,0
0.0001915184,0
0.0006810348,0
9.439244e-06,0
4.922509e-05,0
9.216972e-06,0
2.794626e-06,0
5.898938e-07,0
3.135323e-08,0
0.0003775001,0
4.922509e-05,0
3.470372e-05,0
0.0001692314,0
0.000755909,0
0.0001520668,0
1.725464e-05,0
8.966471e-07,0
7.624799e-08,0
3.414278e-05,0
2.459741e-06,0
