Score,Label
1.968207e-05,1
8.258763e-06,1
1,1
1,1
0.999733,1
0.0009516693,1
1,1
1,1
1,1
0.0003172795,1
1,1
0.0003172795,1
1,1
1,1
1,1
1,1
0.9999993,1
0.4446737,1
1,1
1,1
0.001275466,0
0.001846077,0
0.01148754,0
0.01328004,0
0.001846077,0
0.01692452,0
0.05307294,0
0.03533737,0
1.707047e-05,0
1.092275e-05,0
9.098095e-05,0
1.51647e-05,0
0.1093181,0
4.627495e-07,0
0.0006104326,0
7.269461e-07,0
5.792814e-07,0
0.0001594167,0
0.001851151,0
0.01148754,0
