Score,Label
9.01179e-12,1
9.01179e-12,1
1,1
1,1
1,1
1,1
1,1
1,1
9.01179e-12,1
1,1
1,1
1,1
0.0001326012,1
9.01179e-12,1
0.4034137,1
4.750601e-12,0
2.507057e-11,0
9.654304e-07,0
0.001499903,0
0.001499903,0
6.633613e-10,0
1.288659e-09,0
9.337277e-11,0
3.366294e-10,0
2.767293e-08,0
1.071857e-09,0
1.183038e-10,0
3.067337e-11,0
9.393945e-10,0
5.101438e-11,0
