Score,Label
0.999962,1
0.9999688,1
1,1
0.996263,1
4.036485e-07,1
0.2749029,1
0.999993,1
4.036485e-07,1
0.9999809,1
0.9910313,1
0.6142605,1
0.9999996,1
0.9999999,1
0.997715,1
0.9999994,1
4.532616e-06,1
0.9999943,1
0.9222211,1
0.9999993,1
0.9999418,1
0.9997355,1
0.9999999,1
0.9999995,1
0.9999803,1
0.9999999,1
0.9999444,1
0.9999999,1
0.9999095,1
2.916371e-05,1
0.9999998,1
0.001607761,1
0.9999994,1
0.2614446,1
0.9999995,1
1.280589e-07,1
0.0005336017,1
0.7841495,1
0.9984339,1
0.9998763,1
0.9979278,1
0.03360375,1
0.902028,1
0.001305509,1
2.068825e-05,1
0.999994,1
1,1
0.9999999,1
0.9999881,1
1,1
0.9999977,1
0.9990118,1
0.9995263,1
0.9999999,1
0.9991996,1
0.9999903,1
0.9999981,1
0.9999979,1
1,1
0.9999993,1
0.0003741751,1
0.7841495,1
0.0005336017,0
0.0005336017,0
0.6382311,0
0.0003580964,0
0.5000773,0
7.890187e-07,0
4.597543e-07,0
0.07690784,0
0.001723363,0
1.311962e-05,0
2.916371e-05,0
1.311962e-05,0
0.001723363,0
1.311962e-05,0
1.311962e-05,0
0.0005336017,0
9.131832e-06,0
2.068825e-05,0
0.004853708,0
0.9999975,0
0.002498167,0
8.247204e-07,0
2.068825e-05,0
0.0005336017,0
3.368146e-06,0
1.142351e-05,0
0.0005336017,0
1.347399e-06,0
0.0005336017,0
0.001723363,0
7.509963e-06,0
6.042255e-07,0
2.068825e-05,0
0.02599589,0
2.916371e-05,0
0.0003741751,0
0.0005336017,0
1.244943e-05,0
0.0005336017,0
6.042255e-07,0
1.311962e-05,0
0.9999968,0
4.240289e-05,0
0.5000773,0
0.005777061,0
0.0005336017,0
1.347399e-06,0
0.0005336017,0
0.5000773,0
1.311962e-05,0
3.33179e-06,0
1.142351e-05,0
1.347399e-06,0
1.142351e-05,0
0.0005336017,0
1.311962e-05,0
1.259025e-06,0
0.9999968,0
1.347399e-06,0
1.311962e-05,0
3.33179e-06,0
