Score,Label
0.9998754,1
0.9998754,1
0.9998754,1
0.9998754,1
0.9998754,1
0.9997221,1
0.9998754,1
0.988677,1
0.9983967,1
0.613634,1
0.9998066,1
0.9994192,1
0.9991208,1
0.9997266,1
0.9970773,1
0.9970773,1
0.9970773,1
0.9970773,1
0.9970773,1
0.9910416,1
0.93199,1
0.9996852,1
0.02749633,1
0.9993078,1
0.9993078,1
0.9993078,1
0.9993078,1
0.9993078,1
0.9993078,1
0.3141349,1
0.939538,1
0.001483992,1
0.200253,1
0.200253,1
0.200253,1
0.200253,1
0.200253,1
0.5063307,1
0.9970773,1
0.9993078,1
0.9993078,1
0.9993078,1
0.9993078,1
0.9993078,1
0.9579196,1
0.9672005,1
0.200253,1
0.613634,1
0.001483992,1
0.200253,1
0.200253,1
0.200253,1
0.200253,1
0.200253,1
0.5063307,1
0.9970773,1
0.613634,1
0.9999,1
0.02359609,1
0.9973052,1
0.9973052,1
0.9973052,1
0.9973052,1
0.9973052,1
0.9997737,1
0.9973052,1
0.9973052,1
0.7640617,1
0.9181024,1
0.001483992,1
0.200253,1
0.200253,1
0.200253,1
0.200253,1
0.200253,1
0.5063307,1
0.9970773,1
0.9972904,1
0.200253,0
0.200253,0
0.9993078,0
0.9973294,0
0.200253,0
0.001483992,0
0.200253,0
0.200253,0
0.200253,0
0.200253,0
0.200253,0
0.200253,0
0.200253,0
0.9756398,0
0.200253,0
0.200253,0
0.9970773,0
0.9970773,0
0.200253,0
0.200253,0
0.200253,0
0.200253,0
0.200253,0
0.001483992,0
0.200253,0
0.5063307,0
0.200253,0
0.200253,0
0.200253,0
0.200253,0
0.9993078,0
0.9970773,0
0.200253,0
0.200253,0
0.200253,0
0.9970773,0
0.001483992,0
0.200253,0
0.9970773,0
0.200253,0
0.200253,0
0.200253,0
0.200253,0
0.200253,0
0.9970773,0
0.200253,0
0.200253,0
0.5063307,0
0.9993078,0
0.200253,0
0.200253,0
0.200253,0
0.200253,0
0.200253,0
0.200253,0
0.9970773,0
0.200253,0
0.200253,0
0.200253,0
0.200253,0
0.5063307,0
0.200253,0
0.200253,0
0.200253,0
0.007938997,0
0.9910416,0
0.200253,0
0.200253,0
0.200253,0
0.001483992,0
0.200253,0
0.9970773,0
0.200253,0
0.200253,0
0.200253,0
0.200253,0
0.200253,0
0.200253,0
