Score,Label
0.9997153,1
0.9997153,1
0.9849774,1
0.000101066,1
0.000101066,1
0.06672071,1
0.06672071,1
0.06672071,1
5.050263e-05,1
0.06672071,1
7.698927e-05,1
0.9997153,1
0.4102623,1
0.4102623,1
0.0001088139,1
0.0001088139,1
0.0001088139,1
0.3697581,1
0.0001088139,1
0.9522755,1
0.9522755,1
0.9522755,1
0.9522755,1
0.6753619,1
0.4102623,1
0.4102623,1
0.0001088139,1
0.0001088139,1
0.0001088139,1
0.3697581,1
0.0001088139,1
0.8708116,1
0.0005181577,1
0.0005181577,1
4.699145e-05,1
4.699145e-05,1
4.699145e-05,1
4.699145e-05,1
0.0002413011,1
0.8945055,1
0.9849774,1
0.000101066,1
0.000101066,1
0.06672071,1
0.06672071,1
5.050263e-05,1
0.06672071,1
7.698927e-05,1
0.9647727,1
2.531702e-05,1
2.531702e-05,1
5.99098e-05,1
2.531702e-05,1
0.01058015,1
0.06672071,0
1.120072e-05,0
0.06672071,0
4.699145e-05,0
7.698927e-05,0
0.06672071,0
4.699145e-05,0
0.0002166171,0
0.0001088139,0
0.06672071,0
0.000101066,0
0.06672071,0
0.06672071,0
0.06672071,0
0.9522755,0
0.06672071,0
0.06672071,0
1.120072e-05,0
2.531702e-05,0
0.06672071,0
7.698927e-05,0
0.06672071,0
7.698927e-05,0
2.462399e-05,0
4.699145e-05,0
0.06672071,0
0.06672071,0
4.699145e-05,0
0.06672071,0
0.06672071,0
0.0002166171,0
0.06672071,0
0.9077985,0
0.000101066,0
4.699145e-05,0
0.004175375,0
0.06672071,0
0.000101066,0
5.050263e-05,0
4.699145e-05,0
0.06672071,0
0.000101066,0
0.06672071,0
0.9849774,0
0.06672071,0
0.0002166171,0
0.000101066,0
0.06672071,0
0.000101066,0
5.68386e-05,0
0.06672071,0
4.699145e-05,0
0.06672071,0
5.050263e-05,0
0.06672071,0
0.000101066,0
0.06672071,0
7.698927e-05,0
0.000101066,0
0.9522755,0
0.06672071,0
5.050263e-05,0
3.03319e-05,0
4.699145e-05,0
0.0001088139,0
2.462399e-05,0
0.9522755,0
0.06672071,0
4.699145e-05,0
4.699145e-05,0
7.698927e-05,0
0.9849774,0
0.004175375,0
0.06672071,0
0.000101066,0
0.06672071,0
0.9849774,0
0.004175375,0
0.06672071,0
4.699145e-05,0
0.06672071,0
0.06672071,0
0.9849774,0
0.06672071,0
0.06672071,0
0.0001088139,0
0.06672071,0
1.120072e-05,0
0.06672071,0
0.06672071,0
0.9849774,0
0.9990897,0
0.0001088139,0
2.531702e-05,0
5.050263e-05,0
7.698927e-05,0
0.000101066,0
0.0002166171,0
0.8945055,0
5.68386e-05,0
0.06672071,0
0.06672071,0
2.531702e-05,0
1.120072e-05,0
0.06672071,0
0.9522755,0
0.06672071,0
0.0001056853,0
