Score,Label
0.3843845,1
0.6693886,1
0.3843845,1
0.004292358,1
0.3843845,1
0.05055828,1
0.001757706,1
0.001867767,1
0.3843845,1
0.005080654,1
0.084337,1
0.005080654,1
0.1857032,1
0.3170034,1
0.005080654,1
0.9999431,1
0.3508646,1
0.9999973,1
0.3508646,1
0.2403781,1
0.3508646,1
0.3508646,1
0.3508646,1
0.6693886,1
0.6693886,1
0.6693886,1
0.01724652,1
0.1263603,1
0.2262098,1
0.6693886,1
0.005080654,1
0.084337,1
0.005080654,1
0.005080654,1
0.1857032,1
0.3170034,1
0.005080654,1
0.3843845,1
0.6693886,1
0.3843845,1
0.3843845,1
0.004292358,1
0.001757706,1
0.001867767,1
0.3843845,1
0.3843845,1
0.3843845,1
0.3843845,1
0.6693886,1
0.3843845,1
0.004292358,1
0.001757706,1
0.001867767,1
0.3843845,1
0.3843845,1
0.04375201,1
0.04375201,1
0.9992427,1
0.04375201,1
0.05541234,1
0.04375201,1
0.9718203,1
0.04375201,1
0.04375201,1
0.04375201,1
0.005080654,1
0.084337,1
0.005080654,1
0.02667229,1
0.001767813,1
0.005080654,1
0.3843845,1
0.3843845,0
0.004292358,0
0.001757706,0
0.001757706,0
0.6693886,0
0.001757706,0
0.3843845,0
0.3843845,0
0.3843845,0
0.3843845,0
0.004292358,0
0.3843845,0
0.3843845,0
0.3843845,0
0.001757706,0
0.3843845,0
0.001867767,0
0.005080654,0
0.6693886,0
0.6693886,0
0.3843845,0
0.3843845,0
0.3843845,0
0.3843845,0
0.004292358,0
0.005080654,0
0.3843845,0
0.005080654,0
0.3843845,0
0.9821593,0
0.001867767,0
0.6693886,0
0.3843845,0
0.001867767,0
0.3843845,0
0.6693886,0
0.6693886,0
0.3843845,0
0.3843845,0
0.004292358,0
0.3843845,0
0.3843845,0
0.3843845,0
0.9979564,0
0.3843845,0
0.3843845,0
0.3843845,0
0.3843845,0
0.6693886,0
0.001867767,0
0.3843845,0
0.001757706,0
0.3843845,0
0.005080654,0
0.005080654,0
0.001757706,0
0.001867767,0
0.3843845,0
0.3843845,0
0.6693886,0
0.004292358,0
0.6693886,0
0.3843845,0
0.3843845,0
0.3843845,0
0.3843845,0
0.004292358,0
0.3843845,0
0.3843845,0
0.3843845,0
0.3843845,0
0.3843845,0
