Score,Label
0.9999413,1
0.9997048,1
0.9997048,1
0.9999803,1
0.9999959,1
0.9999285,1
0.9999795,1
0.9999964,1
0.9992369,1
0.00129398,1
0.9999858,1
0.9994236,1
0.9995863,1
0.9998828,1
0.9999737,1
0.9272286,1
0.9998373,1
0.9349128,1
0.9999148,1
0.9999968,1
0.9999943,1
0.01464943,1
0.9272286,1
0.9999778,1
0.9272286,1
0.9999496,1
1.264899e-06,1
0.0708458,1
0.9999148,1
0.0002075567,1
0.0002299097,1
8.970661e-05,1
1.215589e-05,1
0.125045,1
1.542063e-05,1
0.0001173812,1
0.0001388123,1
9.511676e-05,1
0.9999455,1
0.9999477,1
0.0001140446,1
0.9999965,1
0.9999886,1
1.384297e-09,1
0.9999094,1
0.9999306,1
0.9999787,1
0.999921,1
0.02690713,1
0.999934,1
0.00129398,1
0.8479834,1
0.999705,1
0.9999961,1
0.7386016,1
0.9999802,1
0.7946785,1
0.7386016,1
0.9999249,1
0.9999844,1
0.9999493,1
0.9999671,1
9.511676e-05,1
0.9998924,1
0.0001140446,1
0.9999423,1
0.9999965,1
0.9999869,1
0.00129398,1
0.125045,0
0.125045,0
0.0002299097,0
4.694207e-08,0
0.9995782,0
0.125045,0
0.0002075567,0
1.542063e-05,0
1.433597e-09,0
1.215589e-05,0
0.125045,0
0.0001173812,0
0.125045,0
1.384297e-09,0
0.0002299097,0
1.215589e-05,0
0.125045,0
1.384297e-09,0
0.0002299097,0
0.0001173812,0
0.0002299097,0
0.125045,0
7.160444e-06,0
0.0001140446,0
0.01678735,0
0.0002075567,0
1.131493e-09,0
0.125045,0
0.125045,0
0.0003769822,0
0.125045,0
0.0002075567,0
0.0001173812,0
8.970661e-05,0
0.125045,0
4.694207e-08,0
0.125045,0
2.594194e-07,0
0.0001140446,0
1.542063e-05,0
0.0001388123,0
0.125045,0
0.0001388123,0
0.125045,0
0.125045,0
3.64949e-09,0
0.0002075567,0
0.0002299097,0
0.0001140446,0
1.542063e-05,0
0.125045,0
0.125045,0
0.4908468,0
0.125045,0
0.0001173812,0
1.384297e-09,0
1.824598e-09,0
0.125045,0
0.125045,0
0.125045,0
8.970661e-05,0
1.542063e-05,0
1.215589e-05,0
0.125045,0
0.125045,0
0.9995782,0
0.0001173812,0
0.0002075567,0
1.824598e-09,0
