Score,Label
0.7974383,1
1,1
1,1
4.628311e-08,1
1,1
1,1
1,1
0.9999985,1
1,1
1,1
1,1
1,1
1,1
1,1
1,1
1,1
1,1
1,1
1,1
0.9999778,1
1,1
0.9999999,1
1,1
0.9999999,1
1,1
1,1
1,1
5.524649e-10,0
1.015314e-08,0
2.245036e-11,0
1.679924e-07,0
3.601843e-06,0
1.888264e-12,0
0.0006737566,0
0.007389159,0
8.272187e-13,0
4.959972e-08,0
7.809332e-10,0
5.871501e-09,0
5.871501e-09,0
3.358576e-08,0
5.952655e-13,0
0.007389159,0
0.01283381,0
0.007389159,0
0.0006737566,0
1.070454e-11,0
0.007389159,0
0.2359648,0
1.80311e-13,0
1.888264e-12,0
8.960508e-12,0
6.131006e-14,0
1.622484e-09,0
6.341305e-14,0
8.272187e-13,0
1.020323e-14,0
2.077291e-10,0
2.315857e-13,0
1.831087e-07,0
1.499252e-11,0
9.894565e-13,0
1.547711e-11,0
0.0006737566,0
4.628311e-08,0
3.003112e-12,0
2.041646e-08,0
2.412065e-08,0
3.160334e-13,0
5.969793e-08,0
9.996688e-11,0
3.566986e-11,0
0.007389159,0
5.871501e-09,0
1.956279e-13,0
1.351294e-09,0
3.457777e-10,0
1.547711e-11,0
5.125646e-11,0
1.021065e-09,0
2.064984e-11,0
