Score,Label
0.1997728,1
0.1997728,1
0.9999999,1
0.9998622,1
0.9974286,1
0.9997914,1
0.2657064,1
0.9999741,1
0.9989968,1
0.9999471,1
0.9990566,1
0.000151242,1
0.9975274,1
0.8864495,1
0.3718676,1
4.779704e-06,1
0.0001036528,1
0.9999993,1
0.9998612,1
0.9999999,1
0.5348743,1
0.9999236,1
1,1
0.9907858,1
0.9999883,1
0.001337799,1
0.9999943,1
0.9999993,1
0.9996208,1
1,1
0.9907858,1
0.9999883,1
0.001337799,1
0.9999943,1
0.9999993,1
0.9996208,1
0.000439936,1
0.9999013,1
0.9807421,1
0.9999995,1
0.999999,1
1,1
0.9999974,1
0.999485,1
1,1
0.9999729,1
0.0007674628,1
0.001533412,0
0.0006229375,0
0.0007674628,0
0.0003052715,0
0.0007674628,0
0.0001221907,0
0.0007674628,0
0.999929,0
0.0006229375,0
0.0004263257,0
0.0007674628,0
0.0001221907,0
0.0009313591,0
0.0007674628,0
4.854745e-05,0
0.0006229375,0
2.981046e-06,0
0.001533412,0
8.289821e-06,0
0.0007674628,0
0.0003052715,0
1.985831e-06,0
0.0004097088,0
0.0006229375,0
0.1997728,0
4.198791e-05,0
2.981046e-06,0
0.0009313591,0
0.0007674628,0
0.8482996,0
0.0001206678,0
3.271443e-07,0
0.0001913906,0
0.001337799,0
0.1997728,0
0.0004097088,0
0.0001036528,0
0.07093509,0
0.0003052715,0
0.0001206678,0
0.0003052715,0
0.1997728,0
2.321182e-06,0
0.1997728,0
0.1997728,0
0.0001913906,0
8.289821e-06,0
0.1997728,0
0.0001221907,0
8.289821e-06,0
0.9974286,0
1.645806e-05,0
0.0007674628,0
0.0003231443,0
0.1997728,0
0.001533412,0
0.0004097088,0
0.9866448,0
0.0001221907,0
0.0007674628,0
0.0004097088,0
0.0001569904,0
0.1997728,0
0.001337799,0
0.0007674628,0
0.001337799,0
0.001337799,0
0.0004097088,0
0.1997728,0
0.001533412,0
0.1997728,0
2.981046e-06,0
0.0001221907,0
0.1997728,0
0.1997728,0
0.001337799,0
0.0001206678,0
0.0009313591,0
1.719136e-06,0
0.07093509,0
0.001337799,0
3.271443e-07,0
0.001337799,0
0.1997728,0
0.0004263257,0
0.0004097088,0
0.0003052715,0
2.981046e-06,0
9.935445e-06,0
0.1997728,0
0.0001913906,0
0.0007674628,0
1.180783e-06,0
0.0007674628,0
