Score,Label
0.9986176,1
0.9998595,1
8.061463e-05,1
0.9999588,1
0.9743361,1
0.2792856,1
0.9997612,1
0.3400387,1
0.9998916,1
0.9999702,1
0.9997813,1
0.0001161947,1
0.9998595,1
0.9999291,1
0.9999766,1
0.9323223,1
0.9931431,1
0.9999262,1
0.9998999,1
0.9999161,1
0.9999276,1
9.474788e-05,1
0.3768737,1
0.8665595,1
0.999692,1
0.9999874,1
0.1273026,1
0.9986176,1
0.4634695,1
0.9998022,1
9.474788e-05,1
0.9999766,1
0.9881989,1
8.905759e-09,0
2.817098e-08,0
0.004772184,0
0.9981791,0
3.05952e-18,0
3.874319e-07,0
4.045726e-19,0
9.263153e-21,0
5.687147e-15,0
2.272078e-13,0
0.002117989,0
6.351163e-20,0
8.905759e-09,0
0.004772184,0
6.706051e-17,0
1.257395e-06,0
0.1963958,0
1.034298e-05,0
0.004772184,0
3.607468e-12,0
0.007436869,0
8.519098e-07,0
4.045726e-19,0
3.614685e-13,0
2.554905e-15,0
1.071881e-09,0
6.154229e-05,0
9.570735e-13,0
0.0021373,0
6.154229e-05,0
5.131777e-08,0
6.154229e-05,0
2.817098e-08,0
