Score,Label
1,1
0.5605466,1
0.9995698,1
1,1
1,1
0.9999691,1
1,1
0.9991769,1
0.9991092,1
0.9991092,1
0.9999999,1
0.9999714,1
1,1
0.9793578,1
0.9999824,1
1,1
4.937865e-06,0
0.0006730853,0
0.0002958085,0
0.0009682494,0
2.047037e-06,0
2.52083e-05,0
8.852035e-05,0
0.000275376,0
2.704012e-05,0
7.067936e-05,0
0.000167434,0
3.094599e-05,0
6.277211e-06,0
0.0001082062,0
1.367622e-06,0
0.4543167,0
