Score,Label
0.7987025,1
1,1
0.999894,1
0.9953555,1
0.999894,1
0.9997155,1
0.9999268,1
0.8327729,1
1,1
0.9955706,1
0.9999999,1
1,1
0.9989126,1
0.9955706,1
1,1
0.9885256,1
0.999999,1
0.9885256,1
0.9999946,1
0.999606,1
1,1
0.9999959,1
1,1
0.9999999,1
0.9999999,1
1,1
0.5009367,1
0.7987025,1
0.999998,1
0.9885256,1
0.9999801,1
0.9885256,1
1,1
1,1
0.999998,1
0.9999996,1
1,1
1,1
0.9999816,1
0.9999989,1
0.9999996,1
0.98297,1
0.004527972,0
0.0006584417,0
0.0003744701,0
0.004527972,0
0.002433771,0
0.1993334,0
0.0008176247,0
0.1590025,0
0.003090359,0
0.0002508421,0
0.0008176247,0
0.004923908,0
0.0003744701,0
5.099836e-05,0
0.5009367,0
0.0001536963,0
0.0008176247,0
5.099836e-05,0
0.1590025,0
0.004527972,0
0.9999999,0
3.782903e-05,0
4.461049e-05,0
0.0003744701,0
0.4997953,0
0.004527972,0
0.5009367,0
0.9694911,0
0.0001109803,0
0.5009367,0
0.5009367,0
0.0006463018,0
0.003090359,0
4.461049e-05,0
0.0008176247,0
0.5009367,0
0.000799459,0
0.003090359,0
0.0001031595,0
0.5009367,0
5.099836e-05,0
0.0008176247,0
