Score,Label
0.8779203,1
0.9941654,1
0.4993292,1
0.9994615,1
0.4993292,1
0.9991909,1
0.9991909,1
0.9991909,1
0.9999378,1
0.0008526787,1
0.9996583,1
0.9999999,1
0.9996583,1
0.9712468,1
0.9999987,1
0.9999918,1
0.0008526787,1
0.9996583,1
0.9999999,1
0.9996583,1
0.9712468,1
0.9999987,1
0.9999918,1
0.0005448148,1
0.0005448148,1
0.9977416,1
0.9999974,1
0.9999974,1
0.9999634,1
0.4993292,1
0.2223191,1
0.9954912,1
0.001390328,1
0.9999052,1
0.001390328,1
0.9999236,1
0.9999981,1
0.9999981,1
0.2223191,1
0.0001949601,1
0.0002577465,1
0.4286743,1
0.000266742,1
0.4286743,1
0.4993292,1
0.005018002,1
0.005018002,1
0.005018002,1
0.005018002,0
0.005018002,0
0.4286743,0
0.02650754,0
0.005018002,0
0.001138309,0
0.005018002,0
0.4286743,0
0.4993292,0
0.000266742,0
0.4286743,0
0.0001949601,0
0.0002577465,0
0.4286743,0
0.0001949601,0
0.4286743,0
0.4286743,0
0.005018002,0
0.0001949601,0
0.9995924,0
0.4286743,0
0.003580423,0
0.4286743,0
0.4993292,0
0.4993292,0
0.4993292,0
0.005018002,0
0.4993292,0
0.000266742,0
0.4286743,0
0.4993292,0
0.4993292,0
0.4993292,0
0.02650754,0
0.005018002,0
0.000125526,0
0.005018002,0
0.9996583,0
0.4286743,0
0.005018002,0
0.001138309,0
0.000125526,0
0.4286743,0
0.9996583,0
0.0005448148,0
0.003580423,0
0.005018002,0
0.0001207249,0
