Score,Label
0.04102578,1
1,1
0.9959285,1
1,1
1,1
1,1
1,1
1,1
1,1
0.9076955,1
0.9999996,1
0.9585648,1
0.9999967,1
0.999958,1
1,1
0.9993274,1
0.9998174,1
1,1
1,1
0.0147546,1
0.999933,1
0.2640777,1
0.9999981,1
0.2792681,1
0.3511936,1
0.7181936,1
0.999933,1
0.9956469,1
0.999984,1
1,1
1,1
1,1
1,1
7.111278e-05,1
0.08702461,1
0.495711,1
0.0002161744,1
0.0005480126,1
0.0004232508,1
0.000361665,1
0.0001132607,0
7.111278e-05,0
0.0001521367,0
0.0006922355,0
0.0005253612,0
0.0002589962,0
0.0001386404,0
0.0007619681,0
0.0001216532,0
0.1642565,0
0.0002118377,0
5.905844e-06,0
0.1642565,0
0.0004291289,0
0.9932454,0
0.0001633045,0
0.0002589962,0
0.1642565,0
0.08702461,0
0.0003568645,0
4.828169e-05,0
0.0002715799,0
0.0003097479,0
0.0004154654,0
0.0003568645,0
6.274589e-06,0
0.0006253372,0
4.129553e-05,0
4.395228e-05,0
0.0007619681,0
0.0001851666,0
0.0147546,0
0.0001425329,0
0.495711,0
0.0147546,0
0.0001992135,0
7.259344e-05,0
0.08702461,0
2.958851e-05,0
8.271268e-05,0
