Score,Label
1,1
1,1
1,1
1,1
1,1
0.9876761,1
1,1
0.9999993,1
1,1
1,1
0.005979222,1
0.9726734,1
0.005569568,1
0.9999996,1
1,1
0.9996912,1
0.9999999,1
1,1
0.9999239,1
1,1
1,1
0.002554685,0
0.001158346,0
0.001886127,0
0.03523534,0
0.0009015392,0
0.0002548584,0
0.0003794012,0
0.0001808526,0
0.001886127,0
0.0009015392,0
0.1214119,0
9.921119e-05,0
0.001886127,0
0.0004751939,0
0.004306179,0
4.847619e-05,0
0.0007461954,0
0.0001768502,0
0.0001768502,0
0.0007461954,0
0.004306179,0
