Score,Label
0.9422632,1
0.1891519,1
0.7353593,1
0.1648951,1
0.0005048939,1
0.0330304,1
0.9997781,1
1,1
0.02587233,1
1,1
1,1
0.9999828,1
8.908739e-05,1
1,1
0.9999678,1
0.9525455,1
0.0001754276,1
0.9999938,1
0.0001982207,1
0.007114251,1
0.05171189,1
1,1
0.1428787,1
0.06958767,1
0.0180823,1
0.2097202,1
0.02640215,1
0.9962959,1
0.06958767,1
0.9999903,1
1,1
0.6839533,1
0.1428787,0
5.651545e-05,0
7.827455e-05,0
9.739428e-05,0
0.0009195541,0
0.0009195541,0
0.0009649888,0
0.1428787,0
0.1428787,0
0.1690834,0
0.1428787,0
7.827455e-05,0
0.01615262,0
0.000118268,0
0.0001586273,0
0.1428787,0
0.001041162,0
0.1428787,0
0.0009842311,0
0.02984939,0
2.647529e-05,0
0.1428787,0
0.0001522009,0
0.000144749,0
0.000241488,0
0.0001846567,0
0.01615262,0
0.0005194173,0
0.1428787,0
0.0009649888,0
0.1428787,0
0.001041162,0
