Score,Label
0.166674,1
0.166674,1
0.166674,1
0.166674,1
1,1
0.9999914,1
0.9999821,1
0.9999198,1
0.9999968,1
0.9993943,1
0.9999987,1
0.9993943,1
1,1
1,1
0.01213867,1
0.9999992,1
0.166674,1
0.9725308,1
0.9725308,1
0.9371818,1
0.4527383,1
0.9999937,1
0.001163419,1
0.0902027,1
0.07191452,1
0.9725308,1
0.9999899,1
0.9954814,1
0.9995928,1
0.4991085,1
0.9995083,0
0.006042488,0
0.9725308,0
0.08712541,0
0.166674,0
0.166674,0
0.5000902,0
0.4993076,0
0.166674,0
0.004524573,0
0.4991085,0
0.166674,0
0.9725308,0
0.9999914,0
0.9725308,0
0.166674,0
0.166674,0
0.08712541,0
0.4453716,0
0.4453716,0
0.0007396727,0
0.166674,0
0.9725308,0
0.0008196837,0
0.0902027,0
0.4991085,0
0.166674,0
0.05006087,0
0.166674,0
0.166674,0
