Score,Label
0.999965,1
0.00517976,1
0.01316621,1
0.999965,1
0.3403749,1
0.9999931,1
0.9999987,1
0.9999957,1
0.001940298,1
0.9999957,1
1,1
1,1
0.8764326,1
0.9996284,1
2.241112e-08,1
0.9996284,1
1.951982e-09,0
1.07959e-06,0
0.0001518474,0
0.001150047,0
2.523145e-08,0
5.219522e-13,0
0.03090996,0
1.04477e-05,0
0.502099,0
0.0006545391,0
9.992439e-07,0
1.073384e-15,0
0.9909801,0
1.82825e-07,0
4.309962e-09,0
4.714053e-16,0
1.09968e-09,0
1.82825e-07,0
8.494794e-08,0
8.354644e-12,0
0.001150047,0
0.001150047,0
6.545813e-16,0
6.710516e-06,0
8.6519e-09,0
3.648894e-05,0
0.0005681482,0
5.651035e-14,0
2.523145e-08,0
2.12916e-07,0
1.09968e-09,0
5.219522e-13,0
