Score,Label
1,1
0.1255901,1
0.9948372,1
0.999984,1
0.9998487,1
0.9999906,1
1,1
1,1
0.9960776,1
1,1
1,1
0.999984,1
1,1
0.9999999,1
1,1
0.999984,1
1,1
0.9999999,1
0.9986101,1
3.909977e-05,0
1.308919e-06,0
2.371258e-06,0
0.0005817262,0
3.257403e-09,0
0.00061223,0
1.17542e-05,0
0.2498986,0
9.731667e-05,0
0.2498986,0
3.579429e-08,0
0.001333906,0
8.952355e-09,0
2.271642e-05,0
0.0001236266,0
0.001333906,0
1.066221e-06,0
0.0003437483,0
9.731667e-05,0
