Score,Label
3.861604e-06,1
1,1
0.9856263,1
0.0001448192,1
1,1
1,1
1,1
1,1
1,1
1,1
1.123644e-07,1
5.415209e-07,1
0.9994839,1
0.9473774,1
1,1
1,1
0.0002079513,0
0.0002079513,0
0.01786608,0
1.698182e-08,0
6.63622e-05,0
2.044583e-09,0
2.597528e-05,0
2.418418e-05,0
1.211464e-07,0
0.0005785777,0
1.546256e-08,0
0.0002288987,0
0.0008033201,0
4.894536e-05,0
3.507819e-06,0
0.0002288987,0
