Score,Label
0.9852867,1
0.1513806,1
6.409984e-05,1
0.9999002,1
0.9963987,1
0.002386054,1
0.9993038,1
0.007586842,1
0.9994434,1
0.9995338,1
0.05512981,1
0.7566985,1
0.008162709,1
0.9999983,1
0.000605606,1
0.9500587,1
2.835837e-05,0
0.0196915,0
0.9710916,0
0.0009405199,0
0.7751576,0
0.0002168643,0
1.939013e-05,0
0.0006059224,0
0.9977054,0
0.0196915,0
0.007481962,0
2.156142e-06,0
0.0002422287,0
0.001258096,0
0.9914371,0
0.1282988,0
