Score,Label
0.001143952,1
0.9970933,1
0.8789424,1
0.9970933,1
0.9970933,1
0.0006855035,1
0.0006855035,1
0.9970933,1
0.998973,1
0.9999995,1
1,1
8.250765e-06,1
0.999994,1
0.9999833,1
0.5894524,1
0.9970933,1
0.7786584,1
0.9998796,1
0.9999715,1
0.002872402,1
0.9999993,1
0.9999993,1
0.9994307,1
0.0007208764,1
0.9999858,1
0.01541149,1
0.9999999,1
8.250765e-06,1
0.1961192,1
0.077595,1
0.004744146,1
0.9999492,1
0.9999715,1
0.9999715,1
0.001143952,1
0.9970933,1
0.8789424,1
0.0006855035,1
0.0006855035,1
0.9970933,0
0.01223155,0
0.6302233,0
0.6001932,0
0.9970933,0
0.996878,0
0.9970933,0
0.6001932,0
6.246121e-05,0
0.6302233,0
0.0006855035,0
0.0006855035,0
0.996878,0
0.01223155,0
7.563388e-05,0
0.9999012,0
0.9999695,0
0.9999695,0
0.6001932,0
0.6302233,0
0.996878,0
0.8789424,0
0.9970933,0
0.9970933,0
0.6001932,0
0.0006855035,0
0.9999695,0
0.8789424,0
0.0006855035,0
0.001143952,0
0.0006855035,0
0.6001932,0
0.6302233,0
0.996878,0
0.9999925,0
0.6001932,0
0.001143952,0
4.191722e-06,0
0.9970933,0
