Score,Label
0.9997013,1
0.9997013,1
0.9999915,1
1,1
1,1
1,1
0.9999989,1
0.9999989,1
1,1
1,1
0.6939971,1
0.6939971,1
1,1
0.9999988,1
0.003364263,1
0.003364263,1
0.0007863307,1
0.001364866,1
0.9999996,1
0.003608729,1
0.003608729,1
0.3646788,1
1,1
0.001367613,1
1,1
1,1
0.9867623,1
1,1
0.9999988,1
0.9999988,1
0.7515359,1
0.7515359,1
0.7859182,1
0.999999,1
0.9999996,1
0.7515359,0
0.001664437,0
0.007278699,0
0.007278699,0
0.9968131,0
0.9999969,0
0.9968131,0
0.122955,0
0.9999998,0
0.122955,0
0.001833241,0
0.0007733072,0
0.122955,0
0.001664437,0
0.9864374,0
0.9968131,0
0.7515359,0
0.9990866,0
0.02880039,0
0.003364263,0
0.122955,0
0.7515359,0
0.003608729,0
0.122955,0
0.122955,0
0.0008692647,0
0.001833241,0
0.001356408,0
0.122955,0
0.003053674,0
0.999999,0
0.007278699,0
0.122955,0
0.122955,0
0.001664437,0
