Score,Label
0.005944111,1
0.9981888,1
0.9999998,1
1,1
1,1
1,1
1,1
1,1
1,1
1,1
0.9858758,1
9.822643e-07,0
4.365845e-05,0
1.434482e-07,0
0.8036652,0
2.035706e-10,0
5.308774e-05,0
0.001400341,0
7.862727e-08,0
3.031953e-08,0
0.001675323,0
0.000951508,0
