Score,Label
0.01417341,1
0.3241718,1
2.597201e-05,1
1,1
0.1812098,1
3.650835e-08,1
0.002631236,1
1.258311e-08,0
3.521743e-09,0
0.0002880707,0
7.385897e-08,0
1.227987e-07,0
0.01959064,0
3.332042e-10,0
