Score,Label
0.004110097,1
0.0001574324,1
0.002750429,1
0.03532354,1
0.0003282715,1
0.001703121,1
0.001525428,1
0.0003261116,1
0.004110097,1
0.9999999,1
0.6200413,1
0.6442789,1
0.8302854,1
0.9999902,1
0.7918926,1
0.999708,1
0.9985807,1
0.9999965,1
0.9999996,1
0.9989967,1
0.9998062,1
0.9998153,1
0.9999233,1
0.1619828,1
0.002805996,1
0.9998099,1
0.6427354,1
0.0006916189,1
0.0007476687,1
0.0007297126,0
0.1632972,0
0.03532354,0
0.03532354,0
0.004110097,0
0.0003282715,0
0.002750429,0
0.0001574324,0
0.0003282715,0
0.001282039,0
0.3281232,0
0.0003261116,0
0.0007297126,0
0.1632972,0
9.615035e-05,0
0.002750429,0
0.1632972,0
0.950322,0
0.0003282715,0
0.1632972,0
0.002750429,0
0.002750429,0
0.002750429,0
0.0003282715,0
0.3281232,0
0.002750429,0
0.0001574324,0
0.002750429,0
0.0002603207,0
0.002750429,0
0.0003261116,0
0.001703121,0
0.1632972,0
0.001282039,0
0.002750429,0
0.001525428,0
0.0003282715,0
0.004110097,0
0.004110097,0
0.0007297126,0
0.001525428,0
0.001179421,0
0.03532354,0
0.0001574324,0
0.001525428,0
0.001703121,0
0.03532354,0
0.006889559,0
0.001703121,0
0.002750429,0
0.002750429,0
0.001179421,0
0.004110097,0
0.0007297126,0
0.002750429,0
9.615035e-05,0
0.0001140806,0
0.8420625,0
