Score,Label
0.664871,1
0.664871,1
0.664871,1
0.5449249,1
0.5449249,1
0.5449249,1
0.006239597,1
0.006239597,1
0.5449249,1
0.5449249,1
0.5449249,1
0.5449249,1
0.5449249,1
0.006239597,1
0.006239597,1
0.5449249,1
0.5449249,1
0.5449249,1
0.5449249,1
0.006239597,1
0.006239597,1
0.5449249,1
0.5449249,1
0.5449249,1
0.5449249,1
0.006239597,1
0.006239597,1
0.006369432,1
0.5449249,1
0.5449249,1
0.5449249,1
0.5449249,1
0.5449249,1
0.006239597,1
0.664871,1
0.006239597,1
0.5449249,1
0.6161526,1
0.6161526,1
0.6161526,1
0.664871,1
0.6161526,0
0.5449249,0
0.5449249,0
0.5449249,0
0.5449249,0
0.5449249,0
0.664871,0
0.5449249,0
0.664871,0
0.5449249,0
0.664871,0
0.5449249,0
0.5449249,0
0.5449249,0
0.5449249,0
0.006239597,0
0.5449249,0
0.006239597,0
0.5449249,0
0.5449249,0
0.5449249,0
0.007051181,0
0.5449249,0
0.5449249,0
0.007051181,0
0.01729586,0
0.5449249,0
0.5449249,0
0.5449249,0
0.5449249,0
0.5449249,0
0.5449249,0
0.664871,0
0.5449249,0
0.5449249,0
0.5449249,0
0.664871,0
0.006239597,0
0.5449249,0
0.5449249,0
0.5449249,0
