Score,Label
1,1
1,1
0.9999996,1
1,1
0.9999996,1
1,1
0.004732008,1
9.195086e-07,0
6.796295e-08,0
6.796295e-08,0
2.913155e-07,0
0.002921992,0
0.0005384684,0
2.96512e-08,0
1.624491e-07,0
4.747046e-06,0
2.074715e-08,0
0.001905572,0
1.047049e-05,0
0.002938154,0
4.156113e-05,0
