Score,Label
1,1
0.9999907,1
1,1
1,1
1,1
0.3291147,1
1,1
0.9321058,1
9.884931e-08,0
0.02165005,0
0.0001719503,0
3.745974e-05,0
1.351127e-07,0
5.068875e-06,0
5.525454e-07,0
2.81798e-07,0
