Score,Label
1,1
0.0005177732,1
0.0001677257,1
1,1
1,1
1,1
1,1
0.9933653,1
0.0001056147,0
2.209016e-07,0
2.365343e-06,0
4.681075e-05,0
0.003127347,0
9.258297e-06,0
2.209016e-07,0
0.003127347,0
