Score,Label
0.997863,1
0.9999965,1
1,1
0.997863,1
1,1
1,1
0.5092196,1
1,1
0.000905334,1
0.000905334,1
0.001796933,1
0.001287142,1
0.9999964,1
0.9817196,1
0.5264065,1
0.5264065,1
1,1
0.01174882,1
0.8361729,1
0.9998775,1
0.9998403,1
0.9999999,1
0.9999994,1
0.001247847,1
0.001247847,1
0.004273736,1
0.0002737123,1
0.001955199,1
0.9999964,1
0.5092196,1
1,1
0.000905334,1
0.000905334,1
0.001796933,1
0.001287142,1
0.9999964,1
0.8361729,1
0.9998775,1
0.9998403,1
0.9999999,1
0.5092196,0
0.6664281,0
0.000905334,0
0.5092196,0
0.6664281,0
0.001831742,0
0.0005230735,0
0.9999995,0
1,0
0.000905334,0
0.001955199,0
0.001796933,0
0.001374845,0
0.6664281,0
0.400513,0
1,0
0.001374845,0
0.001955199,0
0.000905334,0
0.001831742,0
0.000905334,0
0.001287142,0
0.001955199,0
0.0008868825,0
0.6664281,0
0.9941792,0
0.000905334,0
0.0008868825,0
0.001287142,0
0.1278451,0
0.001831742,0
0.001831742,0
0.001796933,0
0.001287142,0
0.0003074357,0
0.6664281,0
1,0
0.9980947,0
0.5092196,0
0.6664281,0
