Score,Label
0.9980957,1
5.029952e-05,1
1,1
0.0001440191,1
0.9999992,1
6.829673e-05,1
3.250626e-05,1
1,1
0.9110094,1
0.6096072,1
0.9871745,1
0.9999987,1
0.02930341,1
0.0004427736,1
6.874729e-06,1
0.9999952,1
0.000235557,1
0.9999421,1
1,1
1.637238e-05,1
0.0001682134,0
5.029952e-05,0
2.93935e-05,0
0.001044725,0
0.001236563,0
1.857063e-05,0
5.029952e-05,0
0.00622944,0
5.335505e-05,0
0.0002120452,0
0.00622944,0
0.001044725,0
4.186285e-05,0
0.0006169854,0
7.531121e-06,0
3.962174e-05,0
0.0002688827,0
8.698254e-05,0
0.0002796676,0
4.011194e-05,0
0.0001537524,0
0.7944408,0
0.7944408,0
0.0001473082,0
3.040018e-05,0
0.0001682134,0
0.0001351643,0
0.04613522,0
0.0002987515,0
0.0001473082,0
0.0001537524,0
0.001044725,0
5.412617e-05,0
0.0002688827,0
0.0002688827,0
0.0002688827,0
0.0001727324,0
5.335505e-05,0
0.007530334,0
1.70746e-05,0
