Score,Label
0.0001634144,1
1,1
1,1
1,1
1,1
1,1
0.01812965,1
0.869572,1
0.9999975,1
0.9999975,1
0.9986572,1
0.0001746211,0
0.01812965,0
0.0003770036,0
0.000134384,0
4.951728e-05,0
0.0001634144,0
0.001496023,0
4.951728e-05,0
5.624007e-05,0
0.000260346,0
0.0004410615,0
4.698499e-05,0
0.0001148854,0
0.001477716,0
8.874315e-05,0
0.01812965,0
0.01812965,0
0.006068758,0
0.0001284745,0
0.000730107,0
0.002671118,0
0.0001496375,0
