Score,Label
0.4787317,1
0.6771097,1
0.9030136,1
0.3695951,1
0.6771097,1
0.002363474,1
0.3695951,1
0.6771097,1
0.9229206,1
0.9976012,1
0.9663379,1
0.7690678,1
0.01065101,1
0.9892386,1
0.2859983,1
0.0139142,1
0.0139142,1
0.0072645,1
0.0139142,1
0.9996883,1
0.9802979,1
0.2859983,1
0.005588191,1
0.0139142,1
0.9971933,1
0.4104205,1
0.4456644,1
0.6771097,1
0.9694117,1
0.9988378,1
0.7854069,1
0.3331179,1
0.3695951,1
0.9229206,1
0.9694117,1
0.9988378,1
0.7854069,1
0.3331179,1
0.9384092,1
0.9996727,1
0.008106777,1
0.9030136,1
0.6771097,0
0.3695951,0
0.3695951,0
0.3695951,0
0.6771097,0
0.3695951,0
0.3695951,0
0.9030136,0
0.9030136,0
0.002363474,0
0.3695951,0
0.3695951,0
0.6771097,0
0.9030136,0
0.4787317,0
0.4787317,0
0.6771097,0
0.6771097,0
0.6771097,0
0.6771097,0
0.6771097,0
0.9030136,0
0.008106777,0
0.3331179,0
0.002363474,0
0.4787317,0
0.3695951,0
0.3695951,0
0.9030136,0
0.3695951,0
0.3981455,0
0.4068425,0
0.3695951,0
0.3695951,0
0.9030136,0
0.4787317,0
0.3695951,0
0.008106777,0
0.3695951,0
0.3695951,0
0.3695951,0
0.002363474,0
