Score,Label
0.8774329,1
0.8774329,1
0.8774329,1
0.01204957,1
0.991654,1
0.001629267,1
0.9885782,1
0.01122782,1
0.9999285,1
0.9998882,1
0.9999843,1
1,1
0.9999653,1
0.9952808,1
0.01313097,1
0.002032754,1
0.9999989,1
0.9999996,1
1,1
0.002032754,1
0.0009008302,1
0.0004154146,1
0.003012007,1
0.0004110914,1
0.0003680819,1
0.001161539,0
0.005284521,0
0.8774329,0
0.0004547847,0
0.8774329,0
0.002960819,0
0.2286808,0
0.2286808,0
0.03074207,0
0.03074207,0
0.000207073,0
0.00196757,0
0.2160144,0
0.005284521,0
0.9777458,0
0.2286808,0
0.2286808,0
0.008123522,0
0.0004154146,0
0.2286808,0
0.002128098,0
0.2286808,0
0.0005542038,0
0.8774329,0
0.002112314,0
