Score,Label
1,1
0.9994358,1
1,1
1,1
1,1
1,1
0.9997662,1
1,1
1.118759e-08,1
1,1
0.982138,1
1,1
0.001898791,1
1,1
2.14829e-05,0
0.0002431904,0
0.9838277,0
0.9996114,0
1.299637e-05,0
0.9196178,0
0.9361945,0
9.160845e-07,0
0.001148165,0
3.689807e-07,0
1.299637e-05,0
0.9996114,0
9.627148e-08,0
0.0005478405,0
