Score,Label
0.0009485467,1
1,1
0.0002753873,1
1,1
2.41544e-08,1
0.9925471,1
0.9556814,1
3.163211e-09,1
0.0009485467,1
0.229604,1
1.746256e-07,1
3.045947e-06,1
0.9999853,1
0.9999979,1
1.131343e-07,1
1.268872e-08,1
0.9830974,1
0.9999999,1
5.626066e-09,0
9.207141e-06,0
0.0002655711,0
6.115669e-05,0
0.004643485,0
0.0002655711,0
0.00023079,0
0.002119242,0
1.212063e-07,0
1.212063e-07,0
0.03271278,0
0.0004045914,0
0.9823857,0
2.41544e-08,0
0.0002655711,0
0.01026237,0
0.0004045914,0
4.35148e-08,0
1.268872e-08,0
0.0009485467,0
1.228474e-07,0
7.230522e-08,0
2.614205e-08,0
0.0002655711,0
8.874322e-09,0
0.0002655711,0
2.41544e-08,0
2.220877e-09,0
4.835528e-08,0
1.958159e-07,0
5.651162e-05,0
0.03299551,0
4.731656e-08,0
4.35148e-08,0
0.001147778,0
0.0009485467,0
