Score,Label
0.3512423,1
0.3512423,1
0.8627518,1
0.3512423,1
0.9985422,1
0.3512423,1
0.8627518,1
0.8627518,1
0.3512423,1
0.3512423,1
0.9988481,1
0.9960248,1
0.3512423,1
0.9869851,1
0.03837734,1
0.9869851,1
0.9991221,1
0.03837734,1
8.413023e-05,1
0.9869851,1
0.9869851,1
8.413023e-05,1
8.413023e-05,1
0.9869851,1
0.9869851,1
0.03837734,1
0.1136895,1
0.9869851,1
0.9626119,1
0.3512423,1
0.9626119,1
0.9912855,1
0.3512423,1
0.9626119,1
0.9525478,1
0.9626119,1
0.9626119,1
0.9626119,1
0.3512423,1
0.9985422,1
0.9626119,1
0.5267293,1
0.5267293,1
0.9357281,1
0.9357281,1
0.9357281,1
0.5267293,1
0.5267293,1
0.9357281,1
0.5267293,1
0.8627518,1
0.9999039,1
0.8627518,1
0.9912855,1
0.9999039,1
0.9999565,1
0.8627518,1
0.9525478,1
0.8627518,1
0.9999565,1
0.9999565,1
0.8627518,1
0.8627518,1
0.9999039,1
0.7860115,1
0.9815673,1
0.9652568,1
0.9994276,1
0.7860115,1
0.7860115,1
0.8627518,1
1.059668e-05,0
0.002476119,0
1.672409e-07,0
1.810832e-06,0
1.810832e-06,0
4.72528e-07,0
1.672409e-07,0
1.672409e-07,0
0.006517449,0
0.9357281,0
4.72528e-07,0
1.672409e-07,0
0.0003303397,0
4.72528e-07,0
1.672409e-07,0
1.672409e-07,0
0.003208512,0
0.002476119,0
1.672409e-07,0
0.005399622,0
1.810832e-06,0
0.005399622,0
0.0009897843,0
5.916865e-06,0
1.672409e-07,0
0.0006916852,0
1.672409e-07,0
0.9357281,0
1.672409e-07,0
1.672409e-07,0
1.672409e-07,0
4.72528e-07,0
0.0006916852,0
4.72528e-07,0
1.672409e-07,0
4.72528e-07,0
0.9357281,0
0.0003303397,0
1.672409e-07,0
0.01045121,0
1.672409e-07,0
0.9357281,0
0.9357281,0
1.672409e-07,0
1.672409e-07,0
4.72528e-07,0
1.672409e-07,0
0.0009897843,0
1.672409e-07,0
0.002476119,0
1.672409e-07,0
1.810832e-06,0
0.2602016,0
0.002309617,0
1.672409e-07,0
1.810832e-06,0
0.2602016,0
0.002851987,0
1.672409e-07,0
1.810832e-06,0
1.059668e-05,0
1.810832e-06,0
1.810832e-06,0
0.0006916852,0
0.005399622,0
0.0009897843,0
1.672409e-07,0
0.0006916852,0
0.002851987,0
0.003616709,0
1.672409e-07,0
