Score,Label
0.9992742,1
0.9992742,1
0.9992742,1
0.9899514,1
0.9899514,1
0.9899514,1
0.9992742,1
0.9992742,1
0.9899514,1
0.9935992,1
0.9935992,1
0.9935992,1
0.9935992,1
0.9999993,1
0.9999993,1
0.9999646,1
0.9935992,1
0.9999194,1
0.9999194,1
0.9999194,1
0.9999973,1
0.9999973,1
0.9999194,1
0.995769,1
0.9947766,1
0.995769,1
0.9947766,1
0.995769,1
0.995769,1
0.9999995,1
0.9999995,1
0.999987,1
0.999987,1
0.9980779,1
0.999987,1
0.9998267,1
0.9993555,1
0.9993555,1
0.9993555,1
0.999987,1
0.999987,1
0.9993555,1
0.9996256,1
0.9993555,1
2.189781e-05,0
0.0001714674,0
3.121045e-05,0
1.321715e-12,0
6.561146e-10,0
4.394009e-06,0
1.753019e-09,0
1.321715e-12,0
6.561146e-10,0
0.002506788,0
1.321715e-12,0
9.28729e-08,0
1.321715e-12,0
2.159756e-10,0
1.321715e-12,0
1.321715e-12,0
1.321715e-12,0
2.159756e-10,0
1.321715e-12,0
0.006016286,0
6.46494e-07,0
2.159756e-10,0
1.321715e-12,0
1.753019e-09,0
1.321715e-12,0
1.321715e-12,0
3.121045e-05,0
2.159756e-10,0
2.159756e-10,0
0.002506788,0
3.121045e-05,0
1.321715e-12,0
0.0002409806,0
6.561146e-10,0
0.006016286,0
2.159756e-10,0
4.169114e-05,0
1.321715e-12,0
0.9539476,0
0.01219285,0
0.00700761,0
4.675226e-09,0
1.321715e-12,0
2.159756e-10,0
