Score,Label
1,1
1,1
1,1
1,1
0.9999998,1
0.9807628,1
0.9807628,1
0.01661693,1
0.9999993,1
0.9999704,1
0.9999988,1
0.9999999,1
0.9994561,1
1,1
1,1
0.0003639605,1
1,1
1,1
0.0003396937,1
0.9945221,1
0.003030608,1
0.3167713,1
1,1
0.9995807,1
1,1
1,1
1,1
0.9995807,1
0.001245691,1
1,1
0.0002917553,1
0.005248711,1
0.001245691,1
0.003284695,1
0.0006135766,1
0.005248711,1
0.9999998,1
1,1
1,1
1,1
1,1
0.001861595,1
0.06176871,1
0.2739451,1
1.691627e-05,1
0.0004796369,1
0.2739451,1
0.348047,1
5.678074e-05,1
0.9710428,1
0.9998343,1
0.1877043,1
0.01507036,1
0.0001044936,1
1,1
1,1
1,1
1,1
0.001616881,1
0.007915807,0
0.07290716,0
0.01128662,0
0.00157781,0
2.573047e-05,0
0.01128662,0
0.0002798442,0
0.006824743,0
0.9970451,0
0.01413406,0
0.04108438,0
0.000265272,0
0.1420408,0
0.9679481,0
0.0006499623,0
0.7358016,0
0.030762,0
0.2090138,0
0.07290716,0
0.6751403,0
0.8881907,0
0.0001098738,0
0.03546658,0
0.07290716,0
0.06176871,0
0.00395358,0
0.001861595,0
6.5567e-06,0
0.07290716,0
0.0002353987,0
0.0007452925,0
0.9881417,0
0.7403317,0
0.0008518496,0
2.277783e-05,0
0.003080863,0
0.0008518496,0
0.07290716,0
0.2090138,0
0.09057821,0
0.006890395,0
0.002509574,0
0.0002063046,0
0.007922872,0
0.001285924,0
0.07290716,0
0.0006346457,0
0.04867728,0
0.07290716,0
0.07290716,0
0.002018655,0
0.03741839,0
0.0001221553,0
0.01661693,0
0.0002353987,0
0.0007501838,0
0.0007988019,0
0.001988824,0
0.001285924,0
