Score,Label
0.5242921,1
0.5242921,1
0.9905573,1
0.99936,1
0.9999322,1
0.9999046,1
0.7571279,1
1,1
0.9999974,1
0.9998709,1
1,1
0.9999988,1
0.9991425,1
0.1229235,1
0.9995651,1
0.9999132,1
0.3218296,1
0.999985,1
0.01102668,1
0.01012333,1
0.01012333,1
0.005913263,1
0.1133389,1
0.008169298,1
0.9999999,1
0.01071892,1
0.04203025,1
0.1327754,1
0.9999322,1
0.3302078,1
0.9999989,1
1,1
0.9999989,1
1,1
0.01627544,1
0.01927016,1
0.9759182,1
0.9999998,1
0.006735451,1
0.005775182,1
1,1
1,1
1,1
1,1
0.9999981,1
1,1
0.999739,1
0.9999995,1
0.9999888,1
0.9999999,1
1,1
0.9999999,1
0.9999996,1
0.9999963,1
0.02324506,0
0.03130182,0
0.002509014,0
0.9662206,0
0.2276897,0
0.01695753,0
0.8636465,0
0.02324506,0
0.00894033,0
0.9995493,0
0.6392041,0
0.01050694,0
0.02324506,0
0.02414614,0
0.007522512,0
0.01705549,0
0.02324506,0
0.001215141,0
0.9999971,0
0.8636465,0
0.008497126,0
0.1603183,0
0.008778018,0
0.005668351,0
0.008433943,0
0.006373078,0
0.005462572,0
0.01342217,0
0.9821828,0
0.006127199,0
0.005709996,0
0.01281452,0
0.8636465,0
0.984719,0
0.01213428,0
0.01085835,0
0.008963448,0
0.02324506,0
0.008206065,0
0.008484813,0
0.9999775,0
0.006373078,0
0.008700957,0
0.01475561,0
0.9820234,0
0.006854777,0
0.03130182,0
0.002300083,0
0.007560457,0
0.004479694,0
0.9980431,0
0.007097507,0
0.8044555,0
0.01102611,0
