Score,Label
0.9999957,1
0.9838548,1
8.894461e-05,1
0.02838534,1
0.9987456,1
0.9987456,1
0.9999999,1
0.9997277,1
0.9999999,1
0.9999988,1
0.9999968,1
0.9999826,1
0.9999937,1
0.9973888,1
0.9973888,1
1,1
0.04801849,1
0.9999996,1
0.9446801,1
1.333828e-05,1
0.9999996,1
0.9999996,1
0.9999875,1
0.9999996,1
0.9949784,1
0.9998721,1
0.9999996,1
0.999999,1
0.9999723,1
0.9999822,1
0.9999367,0
0.01857561,0
0.0001321904,0
0.002233637,0
0.01056485,0
0.0007575535,0
0.0001923977,0
0.598232,0
0.2541556,0
9.929733e-06,0
0.001599756,0
0.00043075,0
5.938197e-05,0
0.9998946,0
0.01289982,0
0.0001831614,0
0.9997566,0
0.1118841,0
0.004132585,0
1.419113e-06,0
5.635254e-05,0
0.8839368,0
0.003072411,0
0.05659264,0
0.8917975,0
0.0250221,0
0.0005610256,0
0.9569653,0
0.991212,0
0.7627192,0
