Score,Label
0.9994128,1
0.001040382,1
0.542206,1
0.9991596,1
0.9991596,1
0.9579654,1
0.9996455,1
0.0005834184,1
0.9999996,1
0.9999665,1
0.9999995,1
0.0008757375,1
1,1
0.999999,1
1,1
1,1
0.8176494,1
0.7668649,1
0.004544455,1
0.9961287,1
0.99998,1
0.99998,1
0.9996867,1
0.998189,1
0.9885367,1
0.4700831,1
0.9999998,1
0.9305335,1
1,1
0.01451791,1
0.2472875,1
0.01753771,1
0.9994128,1
0.9769351,1
0.003990702,1
0.06757349,1
0.9985221,0
0.02627166,0
0.9996455,0
0.2410875,0
0.001817309,0
0.0007315463,0
0.001323864,0
0.9999938,0
0.0889535,0
0.8030131,0
0.9997409,0
0.0001975654,0
0.08838297,0
0.001564152,0
0.0008716651,0
0.04189309,0
0.002046805,0
0.003500556,0
0.006358622,0
0.0432738,0
0.4177955,0
0.7625508,0
0.976894,0
0.9814124,0
0.8699879,0
0.001324949,0
0.001000203,0
0.004583122,0
0.003860128,0
0.02807114,0
0.002197975,0
0.0003893197,0
0.0004181233,0
0.932213,0
0.001753804,0
0.001856539,0
