Score,Label
0.01451161,1
0.01656435,1
1.282044e-06,1
0.005277898,1
0.001360428,1
0.0001133376,1
0.6532539,1
3.379277e-05,1
3.379277e-05,1
0.01103426,1
0.9955545,1
3.032184e-06,1
1.70127e-06,1
0.9996978,1
0.9999986,1
0.001166238,1
0.8623496,1
2.825935e-06,1
0.9952716,1
0.6000915,1
0.0004245739,1
8.428734e-07,1
0.0004714781,1
0.02130774,1
0.9241129,1
0.4049394,1
7.463838e-06,1
5.283548e-06,1
0.999773,1
0.1582831,1
0.0009496649,1
0.1190633,1
0.9999989,1
0.9943438,1
3.174914e-06,1
0.9999005,1
1.495322e-05,1
0.03333838,1
0.04765554,1
7.566591e-05,0
0.0001860965,0
0.104495,0
0.9997293,0
0.9998538,0
0.6000915,0
0.9943438,0
0.6012118,0
2.754981e-06,0
0.470191,0
0.4409869,0
0.104495,0
5.08301e-06,0
5.348612e-05,0
2.217366e-05,0
0.999589,0
0.6000915,0
2.194022e-05,0
0.6000915,0
0.0001860965,0
3.187159e-05,0
0.6000915,0
0.6000915,0
0.002910997,0
0.9808643,0
4.26392e-06,0
0.6000915,0
5.348612e-05,0
0.997265,0
1.560328e-07,0
0.001738719,0
2.858762e-05,0
0.02457423,0
0.9990321,0
0.999589,0
1.30903e-06,0
0.001665521,0
0.6645549,0
0.0004245739,0
