Score,Label
0.0105725,1
0.9850494,1
0.9999887,1
1,1
0.9983056,1
0.9998935,1
0.004824628,1
0.004824628,1
1,1
0.003198077,1
0.9850494,1
1,1
0.004824628,1
0.6306567,1
0.9999759,1
0.9994454,1
0.9952526,1
1,1
0.986895,1
0.9354535,1
0.3292668,1
0.982077,1
0.9651859,1
1,1
0.9999963,1
0.9975351,1
0.01067751,1
1,1
0.01100303,1
0.04642565,1
0.790872,1
0.04332297,1
1,1
0.04642565,1
0.790872,1
0.04332297,1
0.9958435,1
0.9998381,1
0.003503798,1
0.9997192,1
0.002694173,1
0.9999735,1
0.8858435,0
0.009849153,0
0.05823229,0
0.3292668,0
0.001046782,0
0.1000974,0
0.007924029,0
0.0005669052,0
0.9999999,0
0.009849153,0
0.1992772,0
0.1992772,0
0.3292668,0
0.1992772,0
0.1992772,0
0.0005928659,0
0.9932563,0
0.8226314,0
0.009849153,0
0.982077,0
0.3292668,0
0.3292668,0
0.001501524,0
0.3292668,0
0.001046782,0
0.6899809,0
0.2514223,0
0.9932563,0
0.000609824,0
0.04491458,0
0.002098809,0
0.001145519,0
0.08693278,0
0.3292668,0
0.3292668,0
0.0007519925,0
0.9651859,0
0.3292668,0
0.9998285,0
0.01067751,0
0.9932563,0
0.3292668,0
