Score,Label
1,1
1,1
1,1
1,1
1,1
0.9953578,1
0.01904385,1
1,1
1,1
0.002777941,1
0.8352407,1
8.623199e-05,1
0.1104909,0
8.637403e-06,0
6.717034e-05,0
0.327757,0
7.00108e-06,0
7.38163e-08,0
0.02413428,0
1.861315e-05,0
0.02143156,0
6.438976e-06,0
0.0001069095,0
0.0002309038,0
