Score,Label
0.9999998,1
1,1
0.9997479,1
0.0008706311,1
0.9995589,1
1,1
0.9997479,1
0.5598873,1
0.9999931,1
0.9891467,1
0.9131326,1
0.9999998,1
0.3026546,1
0.0001070856,1
0.9991316,1
0.006870141,1
0.01011888,1
0.007263184,1
0.0005435479,1
0.06069197,1
0.03271862,1
0.003914924,1
0.000187975,1
0.8220299,1
1,1
0.949506,1
0.01092284,1
0.0001070856,1
0.0217982,1
0.007881989,1
1,1
0.8741464,1
0.9991786,1
0.9992474,0
0.3026546,0
0.0008706311,0
0.03271862,0
0.1379509,0
0.008647701,0
0.3026546,0
0.0007107351,0
0.3026546,0
0.3026546,0
0.02548357,0
0.002631519,0
0.3026546,0
0.06069197,0
0.3026546,0
0.008647701,0
0.000531319,0
0.3026546,0
0.01835311,0
0.3026546,0
0.3026546,0
0.06069197,0
0.0008162002,0
0.00247077,0
0.001607251,0
7.301862e-05,0
0.0007880409,0
0.3026546,0
0.9999634,0
0.02029079,0
0.003032463,0
0.3026546,0
0.5912454,0
