Score,Label
0.9999702,1
1.317554e-05,1
0.9998971,1
0.8961556,1
0.0201807,1
0.002260448,1
0.002931332,1
0.9990959,1
0.002260448,1
0.004994004,1
0.9999999,1
0.0005636681,1
0.9997502,1
0.9997388,1
0.3018965,1
1,1
0.9999158,1
0.6436122,1
0.9992355,1
1,1
0.1343547,1
0.973969,1
0.9678257,1
1.833172e-05,1
0.9999889,1
2.034067e-05,1
0.9997256,1
0.9825007,1
0.0004950771,1
0.0004950771,1
0.0004950771,1
0.0002623634,1
0.9999998,1
0.0007088465,1
0.9997898,1
0.03299899,1
0.03299899,1
0.0001551398,0
0.1001445,0
0.001081073,0
0.0002511521,0
0.001089953,0
0.0005510616,0
0.3328869,0
1.310822e-05,0
8.263188e-05,0
0.8931983,0
0.4994285,0
0.3328869,0
0.3328869,0
0.3328869,0
0.1910201,0
0.001326318,0
0.3328869,0
0.8812616,0
0.0005510616,0
0.005991733,0
0.4617459,0
0.4990417,0
0.03899301,0
0.002299782,0
0.0002623634,0
0.000175564,0
0.9983289,0
0.3328869,0
0.0006709673,0
1.310822e-05,0
0.3328869,0
0.7035048,0
0.00120025,0
0.3328869,0
0.6110979,0
0.3328869,0
0.3328869,0
