Score,Label
2.671654e-05,1
0.5538076,1
0.7561954,1
0.9999999,1
0.9999996,1
4.653521e-07,1
0.00204874,0
0.02465197,0
0.5457225,0
0.8988681,0
0.9904531,0
0.5457225,0
