Score,Label
0.4165213,1
0.9999657,1
0.9998977,1
0.9999657,1
0.9999657,1
0.9999657,1
0.9998099,1
0.9963843,1
0.9963843,1
4.512318e-07,1
0.9963843,1
0.9963843,1
0.9999703,1
0.4165213,1
0.9952993,1
0.4165213,1
0.4165213,1
0.9982648,1
0.4165213,1
0.4165213,1
0.9952993,1
0.4165213,1
0.4165213,1
0.9982648,1
0.4165213,1
0.008123867,1
0.4165213,1
0.4165213,1
0.9952993,1
0.4165213,1
0.4165213,1
0.9982648,1
0.9963843,1
0.4165213,1
0.9952993,1
0.001020344,1
0.4165213,1
0.4165213,1
0.9982648,1
0.4165213,1
0.9952993,1
0.4165213,1
0.4165213,1
0.9982648,1
0.4165213,1
0.4165213,1
0.4165213,1
0.4165213,1
0.1576418,1
0.1576418,1
0.1576418,1
0.1576418,1
0.9488477,1
0.4165213,1
0.4165213,0
0.008123867,0
0.008123867,0
0.9999061,0
0.4165213,0
0.9998099,0
0.4165213,0
0.9998099,0
0.4165213,0
0.4165213,0
9.826774e-07,0
0.4165213,0
0.9998099,0
0.4165213,0
0.4165213,0
0.4165213,0
0.4165213,0
0.4165213,0
0.9963843,0
0.9488477,0
0.4165213,0
0.9963843,0
0.1283567,0
0.4165213,0
0.4165213,0
0.4165213,0
0.001020344,0
0.001020344,0
0.4165213,0
0.9963843,0
0.9963843,0
0.4165213,0
0.4165213,0
0.9963843,0
0.4165213,0
0.4165213,0
0.4165213,0
0.4165213,0
0.4165213,0
0.001020344,0
0.9488477,0
0.001020344,0
0.4165213,0
0.001020344,0
0.9963843,0
0.4165213,0
0.001020344,0
0.4165213,0
1.080983e-05,0
0.4165213,0
0.4165213,0
0.9963843,0
0.4165213,0
0.008123867,0
