Score,Label
0.6664891,1
0.9948682,1
0.9955398,1
0.9986908,1
0.3551043,1
0.9948682,1
3.586448e-05,1
6.563894e-06,1
0.6664891,1
0.2364014,1
0.9999017,1
6.218167e-07,1
0.3416099,1
0.4663505,1
1.55267e-07,1
9.720743e-06,1
0.009363725,1
0.9999897,1
5.508681e-05,1
2.423624e-10,0
0.99898,0
0.8831234,0
0.6664891,0
0.0001487338,0
2.416351e-09,0
2.963417e-09,0
4.196014e-06,0
9.06167e-08,0
4.196014e-06,0
1.17737e-10,0
1.113886e-06,0
4.196014e-06,0
1.527885e-07,0
1.17737e-10,0
6.218167e-07,0
0.0001487338,0
0.99898,0
4.196014e-06,0
