Score,Label
0.4290715,1
0.4290715,1
0.9976186,1
0.4290715,1
0.4290715,1
0.9976186,1
0.9976186,1
0.9976186,1
0.9976186,1
0.4600776,1
0.4600776,1
0.03656518,1
0.03656518,1
0.9938409,1
0.4600776,1
0.03656518,1
0.03656518,1
0.9984871,1
0.03656518,1
0.03656518,1
0.03656518,1
0.9938409,1
0.03656518,1
0.9976186,1
0.4290715,1
0.9976186,1
0.9976186,1
0.4290715,1
0.7975348,1
0.7975348,1
0.4290715,1
0.4290715,0
0.4290715,0
0.4290715,0
0.03656518,0
0.4290715,0
0.4290715,0
0.0230302,0
0.4290715,0
0.4290715,0
0.4290715,0
0.4290715,0
0.4290715,0
0.4290715,0
0.0230302,0
0.4290715,0
0.03656518,0
0.4290715,0
0.4290715,0
0.4290715,0
0.9984871,0
0.7975348,0
0.4290715,0
0.4290715,0
0.4290715,0
0.4290715,0
0.4290715,0
0.4290715,0
0.0230302,0
0.9976186,0
0.4290715,0
0.4290715,0
