Score,Label
0.0006631113,1
0.0001164977,1
0.0001164977,1
1,1
0.007373074,1
1,1
1,1
0.0007572263,0
1.247215e-05,0
4.439113e-05,0
1.29579e-05,0
1,0
3.885133e-05,0
0.0004334139,0
