Score,Label
0.5013288,1
0.002030294,1
0.0001909644,1
0.9992095,1
0.6629975,1
0.9997734,1
4.541702e-06,1
0.9998839,1
0.01252036,1
0.9996494,1
0.9996494,1
0.988221,1
0.797507,1
0.782362,1
0.9657089,1
0.9997734,1
0.9997734,1
0.9995837,1
1.626989e-10,1
0.9657089,1
0.4966602,1
0.5013288,0
1.626989e-10,0
0.9996494,0
0.9995658,0
5.164108e-09,0
1.591357e-07,0
1.591357e-07,0
2.448042e-11,0
0.000435323,0
0.9996494,0
0.4966602,0
0.9992095,0
6.434372e-05,0
0.5013288,0
0.4966602,0
0.9980752,0
0.002030294,0
0.9992095,0
0.6169685,0
0.4966602,0
0.5013288,0
