Score,Label
0.0001143978,1
1.726203e-05,1
1,1
1,1
0.0001443336,1
0.0003433125,1
3.896792e-05,1
0.0001443336,1
1,1
1.986115e-05,1
1,1
0.0001402174,1
3.899978e-05,1
0.1941503,1
0.001089983,0
8.343014e-05,0
0.001698441,0
6.599737e-05,0
1,0
0.3451191,0
0.07228988,0
0.9941042,0
0.4706091,0
0.9993117,0
1.83242e-06,0
8.905833e-05,0
0.9995247,0
0.9316591,0
