Score,Label
0.9999999,1
7.74314e-05,1
0.999999,1
0.9998388,1
0.9498435,1
5.37678e-05,1
1,1
0.9999706,1
0.9982249,1
0.003359732,0
5.712212e-09,0
0.9951142,0
0.9999838,0
3.479778e-09,0
0.0009918367,0
9.238471e-09,0
0.332783,0
2.173376e-05,0
