Score,Label
0.3634655,1
0.3634655,1
0.948172,1
0.999206,1
0.3634655,1
0.948172,1
0.948172,1
0.9999746,1
0.948172,1
0.9953747,1
0.9953747,1
0.9762912,1
0.9762912,1
0.9764566,1
0.02205832,1
0.7861861,1
0.7861861,1
0.7861861,1
0.7861861,1
0.9828041,1
0.02205832,1
0.948172,1
0.008911686,1
0.948172,1
0.008911686,1
0.9667281,1
0.09010968,1
0.3331594,1
0.6666636,0
0.3634655,0
0.3634655,0
0.3634655,0
0.3634655,0
0.3634655,0
0.6666636,0
0.008911686,0
0.3634655,0
0.3331594,0
0.3634655,0
0.3634655,0
0.3634655,0
0.7861861,0
0.9953747,0
0.3634655,0
0.948172,0
0.3634655,0
0.7861861,0
0.9667281,0
0.008911686,0
0.3634655,0
0.9953747,0
0.3331594,0
0.7861861,0
0.3634655,0
0.9762912,0
0.3634655,0
