Score,Label
6.948936e-07,1
1.137434e-06,1
0.9999998,1
0.7969939,1
1.501137e-06,1
0.0004286548,1
0.0003697618,1
0.9999882,1
0.4937932,1
0.9999907,1
0.001444047,1
0.9999996,1
0.9999907,1
0.001972312,1
0.985639,1
0.1604738,1
0.3999285,0
0.001786327,0
0.002603703,0
0.3387577,0
0.01110501,0
0.007338591,0
0.9990845,0
7.381725e-06,0
0.9990795,0
8.784109e-05,0
0.9899302,0
0.9979866,0
0.5998299,0
0.4639339,0
0.004934399,0
0.0001927947,0
