Score,Label
0.0001398394,1
0.9994782,1
1,1
0.9999979,1
0.001039028,0
1.797032e-05,0
0.001600525,0
0.1384831,0
