Score,Label
0.7905983,1
0.9992586,1
0.01729314,1
0.1061199,1
0.9366169,1
0.002150168,1
0.005096195,1
0.0435414,1
0.09962552,1
0.005096195,1
0.9999924,1
0.5084926,1
0.6389012,1
0.5451022,1
7.565177e-05,1
7.565177e-05,1
7.565177e-05,1
0.05620964,1
0.7501877,1
0.005096195,1
0.9999924,1
0.000171995,1
0.9399394,1
0.03249594,1
0.1996867,0
0.9698576,0
0.1996867,0
0.01842253,0
0.001895063,0
0.0008277777,0
0.001895063,0
0.00130728,0
0.1996867,0
0.02816002,0
0.01842253,0
0.1996867,0
0.0003201111,0
0.9503886,0
0.9989403,0
0.9698576,0
0.919275,0
0.1996867,0
0.000171995,0
0.3200841,0
0.0006895264,0
1.291682e-05,0
0.01842253,0
0.001291006,0
