Score,Label
0.0001075886,1
0.9999188,1
0.05493325,1
1.726992e-06,1
2.843992e-06,1
0.01009182,1
0.525245,1
0.8729486,1
1,1
0.9999998,1
0.9999998,1
0.9999834,1
0.001188611,1
0.002381813,1
1.482912e-05,0
0.0006221517,0
1.215981e-06,0
0.9999994,0
0.7678629,0
4.850567e-06,0
2.998468e-05,0
0.0004785598,0
1.236556e-05,0
0.6133927,0
0.01064057,0
0.1449569,0
0.9849195,0
2.805508e-05,0
