Score,Label
0.002573901,1
0.002573901,1
0.5621939,1
0.5621939,1
0.001452765,1
0.002573901,1
0.002573901,1
0.002573901,1
0.002573901,1
0.5621939,1
0.002573901,1
0.5621939,1
0.002573901,1
0.5621939,1
0.5621939,1
0.002573901,1
0.001452765,1
0.002573901,1
0.002573901,1
0.002573901,1
0.002573901,1
0.001452765,1
0.002573901,1
0.002573901,1
0.002573901,1
0.002573901,1
0.002573901,1
0.5621939,1
0.002573901,1
0.5621939,1
0.5621939,1
0.5621939,1
0.002573901,1
0.5621939,1
0.5621939,1
0.002573901,1
0.001452765,0
0.5621939,0
0.002573901,0
0.002573901,0
0.002573901,0
0.002573901,0
0.002573901,0
0.5621939,0
0.002573901,0
0.002573901,0
0.002573901,0
0.5621939,0
0.5621939,0
0.002573901,0
0.002573901,0
0.5621939,0
0.002573901,0
0.5621939,0
0.002573901,0
0.5621939,0
0.5621939,0
0.002573901,0
0.002573901,0
0.5621939,0
0.5621939,0
0.002573901,0
0.5621939,0
0.002573901,0
0.5621939,0
0.5621939,0
0.5621939,0
0.002573901,0
0.5621939,0
0.05884304,0
0.002573901,0
0.002573901,0
