Score,Label
0.9999963,1
0.89536,1
1.5026e-06,1
2.412791e-06,1
0.05526044,1
0.018006,1
0.0003355177,1
0.0003355177,1
0.9999993,1
0.0003355177,1
0.9999999,1
0.0003355177,1
0.03541128,1
0.9982077,1
3.462386e-09,1
0.001012062,1
0.9999899,1
4.503781e-05,1
7.295004e-07,0
8.162631e-09,0
0.9982077,0
2.278438e-07,0
0.1310052,0
2.510246e-06,0
5.465781e-08,0
0.4392618,0
0.9998306,0
0.9588097,0
0.002585147,0
0.002355014,0
0.001332387,0
0.002585147,0
0.1523431,0
0.82508,0
1.918293e-08,0
3.053204e-06,0
