Score,Label
0.001267919,1
1,1
9.776201e-05,1
0.00087983,1
0.7016378,1
0.9999989,1
3.185555e-05,1
0.7016378,1
0.9999989,1
0.9999988,1
0.9999994,1
0.2966866,1
0.9997402,1
0.9997402,1
0.9999999,1
0.0004089273,1
0.8063717,1
0.9972196,1
0.0658208,1
0.4126389,1
0.2205177,0
0.2205177,0
0.2205177,0
2.922524e-05,0
3.191043e-05,0
0.03260607,0
0.9994925,0
5.042333e-05,0
0.0176196,0
0.9595802,0
0.03002841,0
0.9852127,0
0.0004468754,0
0.2205177,0
3.777035e-05,0
0.001267919,0
0.0005957806,0
0.99986,0
0.999542,0
5.042333e-05,0
