Score,Label
0.003183042,1
0.005814248,1
0.5011309,1
0.003955003,1
0.003183042,1
0.005814248,1
0.4002492,1
0.5011309,1
0.003955003,1
0.003183042,1
0.5011309,1
0.003183042,1
0.5011309,1
0.003183042,1
0.5011309,1
0.003955003,1
0.005814248,1
0.005814248,1
0.005814248,1
0.005814248,1
0.005814248,1
0.005814248,1
0.02537744,1
0.005814248,1
0.005814248,1
0.9932335,1
0.9914348,1
0.003955003,1
0.4002492,1
0.003183042,1
0.5011309,1
0.9935422,1
0.4002492,0
0.4002492,0
0.4002492,0
0.4002492,0
0.4002492,0
0.4002492,0
0.4002492,0
0.4002492,0
0.8010826,0
5.335077e-05,0
0.4002492,0
0.4002492,0
0.4002492,0
0.005814248,0
0.4002492,0
0.000244549,0
0.005814248,0
0.99777,0
0.9180453,0
0.5011309,0
0.5011309,0
0.005814248,0
0.4002492,0
0.4002492,0
0.9937727,0
0.9180453,0
0.4986624,0
0.5011309,0
0.005814248,0
0.4002492,0
0.4002492,0
0.4002492,0
