Score,Label
0.6152461,1
0.4747519,1
0.003782844,1
0.003782844,1
0.4341544,1
0.4260094,1
0.4260094,1
0.04115007,1
0.4260094,1
0.4260094,1
0.6152461,1
0.4260094,1
0.6152461,1
0.01529215,1
0.4341544,1
0.4260094,1
0.4260094,1
0.4260094,1
0.4260094,1
0.4341544,1
0.4260094,1
0.4341544,1
0.4260094,1
0.4260094,1
0.03010338,1
0.4260094,1
0.6152461,1
0.4260094,1
0.6152461,1
0.04115007,1
0.003782844,1
0.4747519,1
0.003782844,1
0.01529215,1
0.01529215,0
0.6152461,0
0.6152461,0
0.6152461,0
0.04849024,0
0.4260094,0
0.01529215,0
0.1301756,0
0.1301756,0
0.4260094,0
0.6152461,0
0.6152461,0
0.4260094,0
0.4260094,0
0.003782844,0
0.4341544,0
0.6152461,0
0.1301756,0
0.6152461,0
0.4260094,0
0.6152461,0
0.4747519,0
0.6152461,0
0.4260094,0
0.4260094,0
0.01529215,0
0.4260094,0
0.4260094,0
0.4260094,0
0.4260094,0
0.6152461,0
0.4260094,0
0.6152461,0
0.6152461,0
