Score,Label
0.9998109,1
0.9998109,1
0.6490254,1
0.6490254,1
0.01307876,1
0.7177036,1
0.9999995,1
1,1
0.9999995,1
1,1
0.999999,1
0.9999999,1
1,1
0.9998437,1
0.9997686,1
0.9998437,1
0.9998323,1
0.999979,1
1.411857e-08,0
0.0003561294,0
5.624685e-08,0
0.0001195819,0
3.574212e-06,0
0.0005871131,0
4.386447e-06,0
2.777964e-05,0
0.0001254525,0
1.276744e-07,0
2.906932e-06,0
0.1856511,0
0.9993229,0
1.705881e-06,0
0.000125381,0
0.008217384,0
8.327804e-07,0
0.0001592546,0
