Score,Label
0.0009123207,1
0.0003656397,1
0.9999903,1
0.0003656397,1
0.0005337895,1
0.0003656397,1
0.9999998,1
0.0003656397,1
1,1
0.9999992,1
0.0003656397,1
0.0003656397,1
0.0003656397,1
0.6813695,1
1,1
0.6813695,1
0.994163,1
0.9998413,1
0.6813695,1
0.000320923,1
0.9999998,1
0.000320923,1
1,1
1,1
0.985424,1
0.000320923,1
0.9979565,1
0.4017513,1
0.4017513,1
0.4017513,1
0.0004798972,1
0.9796379,1
0.9942247,1
0.5287455,1
0.9796379,1
1,1
0.6940956,1
0.9882886,1
0.9999959,1
0.9796379,1
0.4017513,1
0.0004798972,1
0.1926863,1
0.9990216,1
0.1926863,1
0.04704493,1
1,1
0.1926863,1
0.9986514,1
1,1
0.9986514,1
0.9986514,1
0.9999993,1
1,1
0.9986514,1
1,1
0.9999992,1
0.9986514,1
0.9986514,1
0.000364063,1
0.4017513,1
0.002453279,1
0.4017513,1
0.5084365,1
0.2891744,1
0.1926863,1
0.4017513,1
0.4017513,1
0.4017513,1
0.002518338,1
0.0009113655,1
0.9999994,1
0.0009113655,1
0.7832425,1
0.0009113655,1
0.999684,1
0.002453279,1
0.4017513,0
0.4017513,0
0.1926863,0
0.002763305,0
0.9999999,0
0.4017513,0
0.9564498,0
0.002453279,0
0.002453279,0
0.9999173,0
0.4017513,0
0.4017513,0
0.4017513,0
0.5084365,0
0.02415828,0
0.9796379,0
0.9999173,0
0.4017513,0
0.9990216,0
0.3592798,0
0.4017513,0
0.4017513,0
0.5084365,0
0.9999932,0
0.1926863,0
0.4017513,0
0.9986514,0
0.0005920649,0
0.9999992,0
1,0
0.4017513,0
0.6813695,0
0.9998653,0
0.5084365,0
0.9986514,0
0.0005920649,0
0.986757,0
0.0005920649,0
0.02415828,0
0.4017513,0
0.1926863,0
0.0005920649,0
0.02415828,0
0.1926863,0
0.002771552,0
0.4017513,0
0.02487412,0
0.4017513,0
0.1926863,0
0.01507831,0
0.4017513,0
0.4017513,0
0.4017513,0
0.1926863,0
0.3592798,0
0.3969971,0
0.4017513,0
0.4017513,0
0.001364801,0
0.4017513,0
0.9999173,0
0.002453279,0
0.4017513,0
0.4017513,0
0.9999173,0
0.003197046,0
0.4017513,0
0.0005920649,0
0.985424,0
0.4017513,0
0.4017513,0
0.4017513,0
0.4017513,0
0.491807,0
1,0
0.4017513,0
0.002453279,0
