Score,Label
0.9996663,1
1,1
0.9999988,1
1,1
0.9996663,1
0.9999977,1
1.091392e-06,1
0.1719707,1
0.9904005,1
0.9996907,1
1,1
1.675907e-06,1
0.4344589,1
0.9999993,1
1,1
0.002302449,1
3.531327e-07,1
0.0001468307,1
1,1
1,1
0.9447809,1
3.84903e-07,1
1,1
1,1
1,1
0.9999992,1
0.6467753,1
0.6467753,1
0.6467753,1
1,1
0.9999998,1
7.623736e-05,1
0.9999971,1
1,1
0.9987767,1
0.9999936,1
0.009539086,1
1,1
4.073777e-07,1
1,1
1,1
3.606876e-05,0
0.9366468,0
3.660574e-05,0
4.519786e-08,0
3.914327e-05,0
0.53053,0
0.9999994,0
1.535806e-05,0
0.0474593,0
0.9882862,0
0.989686,0
0.0004713469,0
0.04518164,0
3.822317e-05,0
4.819043e-05,0
0.0002608578,0
0.007061692,0
9.733801e-05,0
0.3878582,0
0.0120251,0
0.003523809,0
0.9999943,0
8.430739e-05,0
0.0002880166,0
1,0
0.9997823,0
1.927152e-05,0
0.0003252745,0
1,0
0.9998016,0
3.140207e-06,0
1.123541e-05,0
8.430739e-05,0
0.0002942045,0
0.007832925,0
0.0004097034,0
3.808738e-05,0
0.004778505,0
1.131693e-06,0
1.484174e-06,0
1.422052e-06,0
