Score,Label
0.9996575,1
0.9999987,1
0.9978911,1
0.9999577,1
0.9978911,1
0.9956737,1
0.9978911,1
0.1304581,1
0.9991924,1
0.9978911,1
0.9999996,1
0.9999219,1
0.9999853,1
0.9999586,1
0.9986898,1
0.9999919,1
0.9999853,1
0.9736018,1
0.9285953,1
0.9999977,1
0.5007074,1
0.001097773,1
0.9999788,1
0.5007074,1
0.9934282,1
0.001520203,1
0.2856703,1
0.001995247,1
0.9999635,1
0.002595566,1
0.7854252,1
0.999998,1
0.001300117,1
0.001300117,1
0.001300117,1
0.002528552,1
0.001300117,1
0.002396927,1
0.9971757,1
0.002296308,1
0.9628216,1
0.9999977,1
0.6662107,1
0.08262736,1
0.6662107,1
0.9999987,1
0.9998868,1
0.9999732,1
0.9999851,1
0.9999851,1
0.9999999,1
0.9999851,1
0.06740998,1
0.9983566,1
0.9999851,1
1,1
0.9999973,1
0.9997916,1
0.9994276,1
0.04264563,1
0.9951703,1
0.9994276,1
0.000777502,1
0.001995247,1
0.1572745,1
0.9994584,1
0.999994,1
0.05020477,1
0.9919291,1
0.1295128,1
0.05020477,1
0.8399883,1
0.2856703,0
0.002545301,0
0.8010086,0
0.9977822,0
0.02823559,0
0.6662107,0
0.006380496,0
0.2856703,0
0.9999994,0
0.5007074,0
0.002545301,0
0.9964454,0
0.002545301,0
0.9999999,0
0.006380496,0
0.002545301,0
0.001113059,0
0.9999853,0
0.2856703,0
0.001520203,0
0.1133705,0
0.0002239043,0
0.002545301,0
0.5007074,0
0.5007074,0
0.9948354,0
0.2856703,0
0.99994,0
0.4610981,0
0.5007074,0
0.002545301,0
0.3015219,0
0.002545301,0
0.5007074,0
0.9998615,0
0.9999493,0
0.9952951,0
0.9995957,0
0.9999661,0
0.001520203,0
0.9994276,0
0.5007074,0
0.2486077,0
0.2856703,0
0.002545301,0
0.2856703,0
0.993768,0
0.2856703,0
0.002745342,0
0.2856703,0
0.2344221,0
0.002595566,0
0.03139149,0
0.9999853,0
0.9999493,0
0.002214875,0
0.2856703,0
0.719434,0
0.002545301,0
0.001520203,0
0.002745342,0
0.002411479,0
0.002545301,0
0.2856703,0
0.2856703,0
0.9999851,0
0.2856703,0
0.00110735,0
0.002545301,0
0.2856703,0
0.2856703,0
0.001208333,0
