Score,Label
0.9997743,1
0.9997743,1
0.9996666,1
0.9999903,1
0.9999933,1
0.004645172,1
0.004645172,1
0.004645172,1
0.9244351,1
6.005704e-05,1
3.493256e-05,1
1,1
0.0009200923,1
1,1
0.0002253349,1
1,1
0.002593319,1
0.9999999,1
0.9990095,1
0.001508846,1
0.9999998,1
0.9999993,1
0.9999821,1
0.9999993,1
0.9999999,1
0.9999913,1
0.9999999,1
0.9999999,1
0.0003837963,0
1.030695e-06,0
0.00017736,0
0.1328411,0
0.007672661,0
0.9932755,0
0.0001681781,0
0.001389757,0
0.0302361,0
0.5681852,0
0.01235547,0
3.493256e-05,0
0.004645172,0
0.5782517,0
0.04120219,0
0.1376246,0
0.0012011,0
0.0003837963,0
0.0001729715,0
2.438438e-06,0
0.000466424,0
6.84001e-05,0
0.92548,0
0.9932755,0
7.855137e-05,0
3.949878e-06,0
0.1328411,0
0.0003438009,0
