Score,Label
0.03365289,1
0.03365289,1
0.03365289,1
0.599974,1
0.599974,1
0.002300054,1
0.599974,1
0.03365289,1
0.599974,1
0.9498196,1
0.599974,1
0.599974,1
0.599974,1
0.01121141,1
0.0145702,1
0.0145702,1
0.0020874,1
0.0145702,1
0.0020874,1
0.0020874,1
9.470957e-05,1
0.6340731,1
0.4815375,1
0.4815375,1
0.937067,1
0.4815375,1
0.937067,1
0.937067,1
0.02964866,1
0.007388229,1
0.9498196,1
0.0145702,1
0.0145702,1
0.002300054,1
0.0020874,1
0.0020874,1
0.0020874,1
0.0020874,1
0.0020874,1
9.470957e-05,1
0.599974,1
0.0019707,1
0.0019707,1
0.1429844,1
0.0019707,1
0.1429844,1
0.1429844,1
0.3385803,1
0.3385803,1
0.3385803,1
0.599974,1
0.6387593,1
0.6387593,1
0.6387593,1
0.3385803,1
0.6387593,1
0.599974,1
0.6387593,1
0.6387593,1
0.6387593,1
0.01468192,1
0.3385803,1
0.3385803,1
0.3385803,1
0.6387593,1
0.3385803,1
0.6387593,1
0.6387593,1
0.01468192,1
0.599974,1
0.000499559,1
0.3385803,1
0.3385803,1
0.3385803,1
0.6387593,1
0.3385803,1
0.6387593,1
0.6387593,1
0.01468192,1
0.599974,1
0.9337866,1
0.599974,0
0.1510924,0
0.3385803,0
0.9337866,0
0.001903372,0
0.01468192,0
0.3385803,0
0.01027516,0
0.6387593,0
0.0020874,0
0.6387593,0
0.001355878,0
0.3385803,0
0.0001097136,0
0.599974,0
0.6387593,0
0.6387593,0
0.6387593,0
0.3385803,0
0.6387593,0
0.03365289,0
0.3385803,0
0.03365289,0
0.599974,0
0.6387593,0
0.6387593,0
0.0001437474,0
0.0195153,0
0.1429844,0
0.3385803,0
0.3385803,0
0.937067,0
0.6387593,0
0.6387593,0
0.1510924,0
0.6387593,0
0.6387593,0
0.3385803,0
0.599974,0
0.6387593,0
0.6387593,0
0.1429844,0
0.599974,0
0.0020874,0
0.01468192,0
0.6387593,0
0.599974,0
0.599974,0
0.6387593,0
0.3385803,0
0.6387593,0
0.03365289,0
0.0001200874,0
0.0020874,0
0.0020874,0
0.599974,0
0.6387593,0
0.0020874,0
0.3385803,0
0.599974,0
0.599974,0
0.006146047,0
0.07792176,0
0.0020874,0
0.599974,0
0.0020874,0
0.6387593,0
0.599974,0
0.6387593,0
0.3385803,0
0.3385803,0
0.6387593,0
0.0020874,0
0.03365289,0
0.599974,0
0.599974,0
0.3385803,0
0.0020874,0
0.6387593,0
0.599974,0
0.6387593,0
