Score,Label
0.9950955,1
0.9971883,1
0.9971883,1
0.4572254,1
0.9950955,1
0.9999958,1
0.9999958,1
0.9999958,1
1,1
1,1
0.9999999,1
1,1
0.9998889,1
0.9790668,1
0.9999985,1
0.8980304,1
0.01644621,1
0.1123987,1
0.01644621,1
1,1
0.1407024,1
0.9986479,1
0.9972941,1
0.9998183,1
0.9999653,1
0.09038322,1
1,1
0.9975178,1
1,1
1,1
0.9999925,1
0.9999986,1
0.999892,1
0.9973627,1
0.01713021,1
0.0480474,1
0.9991496,0
0.9999949,0
0.0002185832,0
0.0007793431,0
0.995981,0
0.6870332,0
0.001762253,0
0.001782125,0
0.5240687,0
0.8165886,0
0.0001328249,0
0.06152276,0
0.2110059,0
0.6856033,0
0.005689623,0
0.0001364406,0
0.001954244,0
0.2091902,0
0.9212011,0
0.9999949,0
0.05833114,0
0.6300951,0
0.9709679,0
0.01447426,0
0.001638258,0
0.000279306,0
0.02844599,0
0.1060636,0
0.1210028,0
0.0001773224,0
0.04301461,0
0.008228526,0
0.1537075,0
0.0004003438,0
0.00971525,0
0.005445028,0
