Score,Label
1,1
1,1
1,1
0.2924548,1
1,1
0.9999168,1
0.9998829,1
0.9998829,1
0.9998829,1
0.9998829,1
1,1
0.001075596,0
0.0007903896,0
0.3316465,0
0.0004802959,0
0.0002277597,0
0.0007903896,0
0.0007903896,0
0.0002277597,0
0.0001285437,0
0.005536002,0
0.0002277597,0
