Score,Label
0.005497217,1
0.006697697,1
0.006697697,1
0.005497217,1
0.006697697,1
0.006697697,1
0.006697697,1
0.006697697,1
0.006697697,1
0.5550269,1
0.5550269,1
0.5550269,1
0.006697697,1
0.006697697,1
0.006697697,1
0.006697697,1
0.006697697,1
0.006697697,1
0.006697697,1
0.006697697,1
0.006697697,1
0.006697697,1
0.006697697,1
0.006697697,1
0.006697697,1
0.006697697,1
0.006697697,1
0.006697697,1
0.006697697,1
0.006697697,1
0.006697697,1
0.006697697,1
0.006697697,1
0.006697697,1
0.006697697,1
0.006697697,1
0.006697697,1
0.006697697,1
0.006697697,0
0.5550269,0
0.006697697,0
0.006697697,0
0.5550269,0
0.5550269,0
0.006697697,0
0.5550269,0
0.006697697,0
0.5550269,0
0.006697697,0
0.5550269,0
0.006697697,0
0.5550269,0
0.5550269,0
0.5550269,0
0.006697697,0
0.006697697,0
0.5550269,0
0.5550269,0
0.5550269,0
0.006697697,0
0.006697697,0
0.5550269,0
0.5550269,0
0.5550269,0
0.5550269,0
0.5550269,0
0.5550269,0
0.5550269,0
0.006697697,0
0.5550269,0
0.5550269,0
0.5550269,0
0.5550269,0
0.006697697,0
0.5550269,0
0.5550269,0
