Score,Label
7.417952e-05,1
3.726004e-05,1
0.0002029554,1
3.726004e-05,1
0.0002029554,1
6.796408e-05,1
0.8482044,1
0.966396,1
0.0217359,1
8.235458e-05,1
0.6934991,1
0.6934991,1
0.6934991,1
0.6934991,1
0.6934991,1
0.6934991,1
0.6934991,1
0.6934991,1
0.6934991,1
0.0005044129,1
3.726004e-05,1
0.0002029554,1
3.726004e-05,1
0.0002029554,1
3.726004e-05,1
0.0002029554,1
7.417952e-05,0
1.566281e-05,0
7.417952e-05,0
1.566281e-05,0
3.726004e-05,0
0.001062316,0
7.417952e-05,0
7.417952e-05,0
7.417952e-05,0
0.0002029554,0
7.417952e-05,0
1.566281e-05,0
1.566281e-05,0
0.001062316,0
0.0002029554,0
3.726004e-05,0
7.417952e-05,0
7.417952e-05,0
0.0002029554,0
7.417952e-05,0
0.0002029554,0
0.009403266,0
0.0002029554,0
0.009403266,0
1.566281e-05,0
1.566281e-05,0
