Score,Label
0.002509256,1
0.5002361,1
0.1063351,1
0.3185355,1
0.6312788,1
0.9742551,1
0.9742551,1
0.9742551,1
0.002509256,1
0.5002361,1
0.002509256,1
0.5002361,1
0.1063351,1
0.1288918,1
0.9937865,1
0.9982968,1
0.9937865,1
0.9982968,1
0.9982968,1
0.9982968,1
0.9982968,1
0.0138545,1
0.9937865,1
0.9982968,1
0.999359,1
0.9982968,1
0.9982968,1
0.002509256,1
0.5002361,1
0.9937865,1
0.9982968,1
0.002509256,1
0.5002361,1
0.1288918,1
0.002509256,1
0.5002361,1
0.3001883,1
0.9999968,1
0.3001883,1
0.3001883,1
0.3001883,1
0.3001883,1
0.3001883,1
0.9999334,1
0.3001883,1
0.3001883,1
0.9999968,1
0.3001883,1
0.3334412,0
0.3334412,0
0.3331937,0
0.3331937,0
0.3334412,0
0.001596129,0
0.3334412,0
0.3334412,0
0.001596129,0
0.3334412,0
0.3334412,0
0.001596129,0
0.3334412,0
0.3334412,0
0.9519409,0
0.3334412,0
0.3334412,0
0.3334412,0
0.3334412,0
0.3334412,0
0.3334412,0
0.5002361,0
0.3334412,0
0.5002361,0
0.001596129,0
0.3334412,0
0.3334412,0
0.3334412,0
0.3334412,0
0.002509256,0
0.3334412,0
0.001596129,0
0.3334412,0
0.3334412,0
0.002509256,0
0.002509256,0
0.3334412,0
0.5002361,0
0.3334412,0
0.3334412,0
0.3334412,0
0.3334412,0
0.3334412,0
0.3334412,0
0.3334412,0
0.3334412,0
0.002509256,0
0.5002361,0
