Score,Label
1,1
0.003988423,1
0.003988423,1
1,1
1,1
0.9999998,1
0.9999988,1
0.9999988,1
0.9985394,1
1,1
1,1
1,1
0.999801,1
0.999801,1
0.999801,1
0.0003341393,0
0.9987442,0
0.9987442,0
0.9987442,0
0.0003341393,0
0.003606936,0
0.008569297,0
0.0009496305,0
0.0004255256,0
0.0009496305,0
0.0003882352,0
0.0009496305,0
0.0009496305,0
0.0003882352,0
0.0004385202,0
