Score,Label
0.9911542,1
0.9911542,1
0.9911542,1
0.9911542,1
0.9911542,1
0.9911542,1
0.9911542,1
0.9911542,1
0.9911542,1
0.9911542,1
0.7566531,1
0.7566531,1
0.0005484964,1
0.9982544,1
0.9982544,1
0.9911542,1
0.9911542,1
0.9911542,1
0.9911542,1
0.9911542,1
0.9911542,1
0.9911542,1
0.9911542,1
0.9911542,1
0.9911542,1
0.9911542,1
0.9911542,1
0.9911542,1
0.9911542,1
0.9911542,1
0.9911542,1
0.9911542,1
0.2568643,1
0.9911542,1
0.9911542,1
0.9911542,1
0.9927799,1
7.399293e-05,1
0.7566531,1
0.9982544,1
0.9907243,1
0.9907243,1
0.9907243,1
0.9907243,1
0.9907243,1
0.9907243,1
0.9907243,1
0.9907243,1
0.9907243,1
0.9907243,1
7.399293e-05,1
7.399293e-05,1
0.9903348,1
0.7566531,1
0.08145452,1
0.08145452,1
0.08145452,1
0.08145452,1
0.08145452,1
0.08145452,1
0.7566531,1
0.08145452,1
0.08145452,1
0.08145452,1
0.08145452,1
0.9982544,1
0.08145452,1
0.02978941,1
0.5191791,1
7.399293e-05,1
7.399293e-05,1
7.399293e-05,1
0.7566531,0
9.097852e-05,0
0.7566531,0
0.008663994,0
9.097852e-05,0
0.7566531,0
2.734048e-07,0
0.001259992,0
0.7566531,0
0.002109413,0
0.7566531,0
9.097852e-05,0
0.1347288,0
0.002109413,0
2.734048e-07,0
0.1347288,0
0.7566531,0
9.097852e-05,0
0.7566531,0
2.734048e-07,0
0.001544402,0
9.097852e-05,0
1.934931e-05,0
9.097852e-05,0
0.2218128,0
9.097852e-05,0
9.097852e-05,0
0.7566531,0
0.7566531,0
9.097852e-05,0
0.2218128,0
0.7566531,0
0.0001270069,0
0.001259992,0
0.001980055,0
9.097852e-05,0
0.008663994,0
0.2218128,0
2.734048e-07,0
2.734048e-07,0
2.734048e-07,0
2.734048e-07,0
9.097852e-05,0
0.1347288,0
0.2218128,0
0.7566531,0
0.1347288,0
0.001259992,0
0.001544402,0
0.001980055,0
9.097852e-05,0
0.7566531,0
2.734048e-07,0
0.7566531,0
0.001259992,0
9.097852e-05,0
9.097852e-05,0
2.734048e-07,0
2.734048e-07,0
3.715523e-05,0
2.734048e-07,0
0.7566531,0
0.001980055,0
0.7566531,0
0.002109413,0
9.097852e-05,0
0.008663994,0
0.001980055,0
2.734048e-07,0
9.097852e-05,0
0.001980055,0
2.734048e-07,0
