Score,Label
1,1
1,1
1,1
1,1
1,1
1,1
0.7514593,1
0.9999987,1
1,1
1,1
1,1
1,1
1,1
1,1
1,1
1,1
1,1
1,1
0.9999996,1
1,1
1,1
1,1
0.7514593,1
1,1
1,1
1,1
1,1
1,1
1,1
0.9753202,1
0.9753202,1
0.1376478,1
0.7514593,1
0.9999783,1
0.9999999,1
1,1
0.9999335,1
0.9999952,1
0.9987356,1
0.9999783,1
1,1
0.9999783,1
0.9999783,1
1,1
0.9999999,1
0.9753202,1
0.9753202,1
0.7514593,0
0.0002099559,0
0.7514593,0
0.7514593,0
0.0003708089,0
0.7514593,0
0.7514593,0
2.552044e-07,0
0.7514593,0
0.00847738,0
3.325875e-06,0
0.0005884223,0
3.325875e-06,0
0.0006878246,0
2.552044e-07,0
0.0001420005,0
0.004580286,0
0.7514593,0
3.325875e-06,0
3.325875e-06,0
0.7514593,0
0.7514593,0
0.7514593,0
0.004580286,0
0.0003880288,0
0.7514593,0
0.7514593,0
3.325875e-06,0
3.325875e-06,0
0.0003708089,0
0.0003589951,0
3.325875e-06,0
0.7514593,0
3.325875e-06,0
3.325875e-06,0
0.02651708,0
0.006249134,0
0.0006878246,0
2.552044e-07,0
8.815732e-07,0
2.552044e-07,0
3.325875e-06,0
0.0003589951,0
2.552044e-07,0
2.552044e-07,0
0.0006878246,0
0.004580286,0
