Score,Label
0.990213,1
0.5992696,1
0.990213,1
0.9983922,1
0.9983922,1
0.9995746,1
0.001248703,1
0.001248703,1
0.001248703,1
0.9999995,1
0.9979199,1
0.9999995,1
0.9999995,1
0.9642347,1
0.9999999,1
0.9999634,1
0.004091614,1
0.004091614,1
0.9999999,1
0.9999999,1
0.9999634,1
0.7421091,1
0.9999889,1
0.9999634,1
0.9999634,1
0.9999999,1
0.9999995,1
0.999983,1
0.9999838,1
0.9999995,1
0.9982226,1
0.9999328,1
0.01704326,1
0.01704326,1
0.999983,1
2.280194e-07,1
0.9999328,1
0.9999276,1
0.9994951,1
0.9985144,1
0.9995956,1
0.9995956,1
0.9994951,1
0.9994951,1
1,1
0.9994951,1
0.9994951,1
0.734148,1
0.734148,1
0.9994951,1
0.9995956,1
0.9996443,1
0.9994951,1
1,1
0.7293585,1
0.9995183,1
0.7546943,1
0.999988,1
0.9995183,1
0.09166886,1
0.999988,1
0.8411174,1
0.01099027,1
0.9999614,1
6.470743e-05,1
1.630969e-05,1
0.9995183,1
1,1
1,1
1,1
1,1
0.001248703,1
1.280057e-07,1
0.9996101,1
0.7051483,1
0.9999999,1
0.9999999,1
0.9999988,1
0.9999988,1
0.9994491,1
0.9948842,1
0.001157258,1
0.9999987,1
1.379515e-05,1
0.001157258,1
0.9998437,1
0.9999996,1
0.9999996,1
0.7413372,1
0.9999974,1
0.9999996,1
0.9857853,1
0.9997424,1
0.001248703,1
2.551956e-09,0
0.0006545166,0
0.0003177183,0
4.85702e-08,0
3.303485e-06,0
1.10496e-05,0
0.0006320188,0
0.05013294,0
0.0002411452,0
0.01436443,0
5.874876e-06,0
0.7381949,0
0.000556477,0
3.58334e-10,0
4.80207e-13,0
6.016001e-10,0
0.001092906,0
1.871684e-11,0
0.07155783,0
1.809546e-06,0
1.428546e-05,0
2.14962e-07,0
2.942588e-09,0
2.551956e-09,0
3.450065e-06,0
1.430667e-07,0
0.5052416,0
0.3328178,0
4.127237e-05,0
1.25655e-06,0
5.517889e-06,0
0.001051943,0
4.061692e-08,0
0.4509787,0
1.10496e-05,0
1.428546e-05,0
1.169771e-07,0
1.305664e-09,0
3.598347e-06,0
1.10496e-05,0
0.0003177183,0
0.08667037,0
0.000247409,0
2.551956e-09,0
4.99645e-09,0
1.428546e-05,0
0.03144878,0
9.995005e-08,0
9.112282e-05,0
2.979723e-09,0
8.969741e-08,0
0.3328178,0
5.15334e-06,0
0.005003699,0
5.035087e-10,0
1.428546e-05,0
0.1051077,0
2.462386e-07,0
0.001092906,0
1.191072e-09,0
3.14295e-05,0
1.10496e-05,0
5.920223e-06,0
1.353632e-11,0
0.0009867445,0
0.7846647,0
0.001092906,0
3.438024e-06,0
4.773934e-09,0
2.418757e-10,0
0.3328178,0
4.061692e-08,0
9.525613e-06,0
3.198071e-05,0
0.9991511,0
1.10496e-05,0
0.9469527,0
4.759675e-07,0
1.10496e-05,0
1.245807e-16,0
0.006979648,0
0.1092484,0
1.895298e-10,0
2.002574e-07,0
1.428546e-05,0
8.079454e-06,0
0.3328178,0
0.005238332,0
0.9997464,0
1.10496e-05,0
1.037408e-06,0
2.736339e-05,0
0.9921858,0
0.0006545166,0
