Score,Label
0.004912533,1
3.046606e-05,1
3.046606e-05,1
3.046606e-05,1
0.9988514,1
0.9988514,1
0.9999474,1
0.9988514,1
0.9999474,1
0.001632385,1
0.9999493,1
0.001632385,1
1,1
0.001632385,1
1,1
0.9999493,1
0.9999493,1
0.9977334,1
1,1
0.9999998,1
0.9999599,1
1,1
1,1
0.9999987,1
1,1
0.4952366,1
0.9999787,1
0.9999987,1
0.9999987,1
0.9999987,1
0.4952366,1
0.4952366,1
0.4952366,1
0.9999987,1
0.9999988,1
1,1
0.9999987,1
0.9999987,1
1,1
1,1
1,1
0.0005491237,1
0.9999999,1
0.9999835,1
1,1
1,1
1,1
3.046606e-05,1
0.954553,1
0.954553,1
0.954553,1
0.6224059,1
0.0001751433,1
0.9998995,1
0.9859506,1
2.622081e-05,1
1,1
0.597141,1
0.9999992,1
1,1
1,1
0.7226554,1
3.046606e-05,1
6.564345e-06,0
3.398814e-08,0
0.001190087,0
0.002237814,0
0.001632385,0
9.053764e-05,0
1.920928e-05,0
5.045369e-08,0
1.329955e-07,0
2.194742e-05,0
1.221505e-05,0
0.5437182,0
0.01084581,0
0.001632385,0
0.0001814771,0
2.823394e-05,0
0.7734194,0
0.001952559,0
5.814716e-07,0
0.002956747,0
0.002237814,0
0.8385478,0
0.2159,0
2.823394e-05,0
3.438122e-06,0
0.4641249,0
0.0008231425,0
0.0001496374,0
0.05360004,0
0.003859838,0
0.8529516,0
0.01566971,0
4.00734e-05,0
0.0001292735,0
0.9554638,0
1.626743e-08,0
0.9418011,0
2.129478e-06,0
0.00014764,0
0.7599742,0
0.8303546,0
0.9482931,0
0.000404598,0
8.124894e-05,0
0.370629,0
0.9999881,0
0.02746402,0
0.0001079958,0
0.9999987,0
0.004527677,0
0.0005491237,0
6.114252e-09,0
4.611226e-05,0
0.007946493,0
8.477409e-05,0
7.469934e-05,0
0.0008231425,0
8.124894e-05,0
0.001632385,0
0.9922131,0
0.4279135,0
0.9994965,0
0.006099508,0
