Score,Label
0.9805067,1
0.9805067,1
0.9805067,1
0.9805067,1
0.9805067,1
0.9805067,1
0.9805067,1
0.9805067,1
0.9805067,1
0.9805067,1
0.7945974,1
0.7945974,1
0.03707198,1
0.9998529,1
0.9998529,1
0.9805067,1
0.9805067,1
0.9805067,1
0.9805067,1
0.9805067,1
0.9805067,1
0.9805067,1
0.9805067,1
0.9805067,1
0.9805067,1
0.9805067,1
0.9805067,1
0.9805067,1
0.9805067,1
0.9805067,1
0.9805067,1
0.9805067,1
0.7080997,1
0.9805067,1
0.9805067,1
0.9805067,1
0.9787106,1
5.93377e-05,1
0.7945974,1
0.9998529,1
0.9899102,1
0.9899102,1
0.9899102,1
0.9899102,1
0.9899102,1
0.9899102,1
0.9899102,1
0.9899102,1
0.9899102,1
0.9899102,1
5.93377e-05,1
5.93377e-05,1
0.994212,1
0.7945974,1
0.1411621,1
0.1411621,1
0.1411621,1
0.1411621,1
0.1411621,1
0.1411621,1
0.7945974,1
0.1411621,1
0.1411621,1
0.1411621,1
0.1411621,1
0.9998529,1
0.1411621,1
0.1906191,1
0.8420545,1
5.93377e-05,1
5.93377e-05,1
5.93377e-05,1
5.479685e-07,0
0.7945974,0
5.479685e-07,0
5.479685e-07,0
5.479685e-07,0
5.479685e-07,0
3.952855e-07,0
0.0003784798,0
0.002579321,0
5.479685e-07,0
0.004584201,0
5.479685e-07,0
5.479685e-07,0
3.952855e-07,0
0.7945974,0
3.952855e-07,0
5.479685e-07,0
5.479685e-07,0
3.952855e-07,0
5.479685e-07,0
0.004404843,0
5.479685e-07,0
3.952855e-07,0
2.327521e-05,0
5.479685e-07,0
0.1095473,0
5.479685e-07,0
5.479685e-07,0
5.479685e-07,0
3.952855e-07,0
0.1095473,0
3.952855e-07,0
0.7945974,0
5.479685e-07,0
0.7945974,0
1.762824e-05,0
3.952855e-07,0
0.004404843,0
0.3426515,0
3.952855e-07,0
0.7945974,0
0.7945974,0
0.7945974,0
0.7945974,0
3.952855e-07,0
1.53601e-07,0
5.479685e-07,0
0.3426515,0
3.952855e-07,0
3.952855e-07,0
0.0003784798,0
0.002579321,0
1.53601e-07,0
0.7945974,0
0.7945974,0
5.479685e-07,0
0.7945974,0
2.327521e-05,0
0.7945974,0
2.327521e-05,0
5.479685e-07,0
3.952855e-07,0
0.7945974,0
5.479685e-07,0
0.7945974,0
3.952855e-07,0
0.3426515,0
3.952855e-07,0
3.952855e-07,0
5.479685e-07,0
3.952855e-07,0
5.479685e-07,0
