Score,Label
0.008961593,1
0.008961593,1
0.008961593,1
0.008961593,1
0.9998984,1
0.9250656,1
0.9942579,1
0.9539359,1
0.9539359,1
0.9942579,1
0.002945934,1
0.9539359,1
0.9997758,1
0.9997758,1
0.9997758,1
0.9997758,1
0.8489332,1
0.8230146,1
0.9999973,1
0.9999973,1
0.9999973,1
0.3446033,1
0.9959454,1
0.9999973,1
0.9999973,1
0.9999973,1
7.442247e-05,1
2.521604e-07,1
0.8230146,1
0.9983176,1
0.9893709,1
0.9893709,1
0.6987048,1
0.9999995,1
0.6987048,1
0.9999999,1
0.9993762,1
0.9999995,1
0.9983064,1
0.7517596,1
0.9997051,1
0.9970863,1
0.6987048,1
0.9970863,1
0.9970863,1
0.9970863,1
0.9970863,1
0.9993762,1
0.9871483,1
0.9999694,1
0.9509323,1
0.9509323,1
0.9999694,1
1.234365e-07,1
0.9999694,1
0.6721715,1
0.6721715,1
0.9999694,1
0.9921062,1
0.9999694,1
0.9999694,1
0.9999771,1
1,1
1,1
1,1
1,1
1,1
1,1
1.588752e-06,1
1.659023e-08,1
1.368799e-06,1
0.1073954,1
0.1073954,1
0.1073954,1
0.1073954,1
0.1073954,1
0.9999995,1
0.9999418,1
0.9999418,1
1,1
0.9999418,1
0.9999995,1
0.3781909,1
1,1
0.9999995,1
1.033593e-05,1
0.9998541,1
7.376563e-07,0
0.007791137,0
8.262577e-06,0
0.3667866,0
7.376563e-07,0
0.999477,0
2.972347e-05,0
0.4557271,0
0.9970863,0
2.575157e-09,0
0.02153152,0
1.165049e-07,0
0.0002141545,0
6.023252e-08,0
0.01052493,0
3.708038e-07,0
0.005477352,0
7.376563e-07,0
1.394939e-09,0
0.01251094,0
7.376563e-07,0
5.395775e-07,0
1.297898e-08,0
0.01280938,0
2.732897e-05,0
0.001921332,0
0.8800511,0
0.9925507,0
0.5469221,0
2.246515e-05,0
0.03298867,0
9.782671e-08,0
0.9999095,0
4.100933e-06,0
2.084351e-10,0
0.02725771,0
1.399709e-05,0
8.260758e-07,0
0.0003092448,0
2.377473e-10,0
0.003675061,0
7.376563e-07,0
2.812031e-07,0
3.141054e-05,0
2.519758e-09,0
0.3667866,0
0.9962237,0
0.0001853098,0
0.005477352,0
3.141054e-05,0
7.376563e-07,0
0.003630618,0
0.3667866,0
3.141054e-05,0
0.8230146,0
0.8230146,0
7.376563e-07,0
2.208481e-08,0
2.659089e-07,0
0.01052493,0
0.9977813,0
7.376563e-07,0
1.674271e-06,0
0.9987458,0
4.255272e-06,0
0.8230146,0
7.376563e-07,0
0.8230146,0
3.141054e-05,0
8.660371e-07,0
7.376563e-07,0
5.727717e-07,0
8.792265e-07,0
1.589259e-08,0
0.3446033,0
0.6505033,0
7.302021e-08,0
3.141054e-05,0
3.141054e-05,0
0.007381273,0
0.9731532,0
1.394939e-09,0
3.526028e-06,0
5.395775e-07,0
0.4019589,0
0.0001562388,0
2.997836e-07,0
