Score,Label
0.936331,1
0.936331,1
0.936331,1
0.936331,1
0.936331,1
0.936331,1
0.936331,1
0.936331,1
0.936331,1
0.936331,1
0.7602802,1
0.7602802,1
0.000703686,1
0.9997167,1
0.9997167,1
0.936331,1
0.936331,1
0.936331,1
0.936331,1
0.936331,1
0.936331,1
0.936331,1
0.936331,1
0.936331,1
0.936331,1
0.936331,1
0.936331,1
0.936331,1
0.936331,1
0.936331,1
0.936331,1
0.936331,1
0.8922781,1
0.936331,1
0.936331,1
0.936331,1
0.9560121,1
1.937911e-05,1
0.7602802,1
0.9997167,1
0.954429,1
0.954429,1
0.954429,1
0.954429,1
0.954429,1
0.954429,1
0.954429,1
0.954429,1
0.954429,1
0.954429,1
1.937911e-05,1
1.937911e-05,1
0.9672665,1
0.7602802,1
0.5680916,1
0.5680916,1
0.5680916,1
0.5680916,1
0.5680916,1
0.5680916,1
0.7602802,1
0.5680916,1
0.5680916,1
0.5680916,1
0.5680916,1
0.9997167,1
0.5680916,1
0.7850722,1
0.8577952,1
1.937911e-05,1
1.937911e-05,1
1.937911e-05,1
0.008375715,0
0.7602802,0
1.070145e-09,0
0.0001355386,0
1.127085e-06,0
0.02270565,0
0.7602802,0
0.7602802,0
1.127085e-06,0
1.127085e-06,0
0.2503944,0
1.070145e-09,0
4.774717e-05,0
0.7602802,0
1.070145e-09,0
2.254493e-05,0
1.070145e-09,0
0.0001355386,0
0.7602802,0
2.254493e-05,0
0.0001355386,0
1.070145e-09,0
2.254493e-05,0
1.070145e-09,0
1.059009e-05,0
2.254493e-05,0
1.070145e-09,0
1.070145e-09,0
0.0001355386,0
2.254493e-05,0
2.254493e-05,0
1.070145e-09,0
0.7602802,0
0.003436625,0
2.254493e-05,0
0.7602802,0
4.774717e-05,0
2.254493e-05,0
2.254493e-05,0
1.070145e-09,0
1.070145e-09,0
2.254493e-05,0
2.254493e-05,0
1.070145e-09,0
2.254493e-05,0
0.003436625,0
1.070145e-09,0
0.2503944,0
2.254493e-05,0
0.7602802,0
1.070145e-09,0
0.7602802,0
0.1379419,0
1.127085e-06,0
0.7602802,0
0.003436625,0
0.1379419,0
0.001210787,0
1.059009e-05,0
0.2503944,0
2.254493e-05,0
0.7602802,0
0.1379419,0
0.7602802,0
2.254493e-05,0
0.0001355386,0
2.254493e-05,0
0.002485918,0
0.002485918,0
1.070145e-09,0
0.2503944,0
0.7602802,0
