Score,Label
0.9995087,1
0.9995087,1
0.9995087,1
0.998817,1
0.9995087,1
0.9995087,1
0.9995087,1
0.9995087,1
0.8041309,1
0.987664,1
0.9998261,1
0.9998186,1
0.9998186,1
0.9998186,1
0.9995947,1
0.9998186,1
0.9998186,1
0.9998186,1
0.9998186,1
0.9996169,1
0.9998186,1
0.9998186,1
0.9998186,1
0.9998186,1
0.9998186,1
0.9998186,1
0.768945,1
0.9994391,1
0.9998186,1
0.9995947,1
0.9997632,1
0.8041309,1
0.9992051,1
0.9992051,1
0.9992051,1
0.9987747,1
0.9992051,1
0.9992051,1
0.9992051,1
0.9992051,1
0.9980898,1
0.7725781,1
0.7725781,1
0.9965023,1
0.8041309,1
0.9998491,1
0.9998491,1
0.9998491,1
0.9997068,1
0.9998491,1
0.9998491,1
0.8041309,1
0.9998491,1
0.9998491,1
0.9998491,1
0.9998261,1
0.9997068,1
0.9998491,1
0.9924489,1
0.7725781,1
0.7725781,1
0.7725781,1
0.8041309,0
0.0002328815,0
2.386812e-08,0
0.0002328815,0
2.386812e-08,0
0.8041309,0
0.0001922559,0
2.610598e-05,0
2.386812e-08,0
0.8041309,0
0.001098876,0
0.8041309,0
2.610598e-05,0
0.8041309,0
0.0002328815,0
9.820712e-09,0
2.386812e-08,0
0.8041309,0
0.8041309,0
0.0002328815,0
4.776477e-07,0
0.8041309,0
0.8041309,0
0.0006843057,0
0.8041309,0
0.8041309,0
0.0002328815,0
0.0006843057,0
2.386812e-08,0
9.435053e-07,0
0.001011089,0
0.001237526,0
0.8041309,0
2.610598e-05,0
0.8041309,0
9.435053e-07,0
0.0002328815,0
0.0002328815,0
0.0002328815,0
0.8041309,0
0.0002328815,0
0.8041309,0
0.0002328815,0
2.610598e-05,0
0.0006843057,0
0.8041309,0
2.386812e-08,0
0.8041309,0
2.386812e-08,0
0.8041309,0
9.820712e-09,0
0.8041309,0
0.8041309,0
0.0006843057,0
3.011246e-07,0
2.386812e-08,0
0.8041309,0
0.8041309,0
0.8041309,0
0.8041309,0
0.8041309,0
0.001098876,0
