Score,Label
0.7927532,1
0.7927532,1
0.9999896,1
0.06049746,1
0.06049746,1
0.06049746,1
0.06049746,1
0.9868592,1
0.06049746,1
0.7927532,1
0.7927532,1
0.7927532,1
0.6362886,1
0.6362886,1
0.793168,1
0.9936392,1
0.9999552,1
0.03014543,1
0.7927532,1
0.8294104,1
0.9999874,1
0.9999874,1
0.8294104,1
0.7903474,1
0.8370807,1
0.9986699,1
0.9995889,1
0.9953186,1
0.9995889,1
0.8370807,1
0.8370807,1
0.9995889,1
0.9964457,1
0.9998326,1
0.7554329,1
0.7554329,1
0.7554329,1
0.7554329,1
2.183929e-06,1
0.7927532,1
0.7927532,1
0.7927532,1
0.9999988,1
0.9999988,1
0.0001302428,0
4.808095e-05,0
0.7927532,0
0.0002026767,0
1.970599e-05,0
0.7927532,0
0.02178556,0
0.002487129,0
0.0483696,0
6.212214e-05,0
0.0001111379,0
0.7927532,0
0.0001041631,0
6.776925e-06,0
0.9060381,0
1.970599e-05,0
5.440738e-05,0
1.434956e-05,0
5.542721e-05,0
1.635123e-06,0
1.404868e-05,0
0.6812856,0
1.404868e-05,0
0.0002386225,0
1.635123e-06,0
4.808095e-05,0
2.08898e-06,0
1.709059e-06,0
0.9226279,0
5.92875e-07,0
0.00065023,0
0.7927532,0
5.705469e-06,0
0.7927532,0
4.813063e-05,0
0.001972517,0
1,0
0.1884495,0
0.7927532,0
0.001030395,0
4.808095e-05,0
0.0005869746,0
3.893784e-06,0
0.0006492194,0
