Score,Label
0.9999994,1
9.002248e-05,1
0.3979814,1
0.3979814,1
0.9992154,1
0.3979814,1
0.5258119,1
0.5258119,1
0.5258119,1
1,1
0.6484929,1
0.1089771,1
0.9997901,1
0.9997901,1
0.009530823,1
1,1
0.9997901,1
0.9951897,1
0.9951897,1
0.3917609,1
0.6484929,1
0.9136722,1
1,1
0.9999987,1
1,1
1,1
0.9964424,1
0.9999238,1
0.7088808,1
0.7088808,1
0.9999142,1
2.956618e-06,0
0.9999238,0
0.0009002953,0
0.0002441636,0
0.1736885,0
0.01626147,0
0.0002394988,0
0.0003465074,0
0.000343425,0
3.376031e-06,0
0.01718358,0
6.692168e-06,0
1.122802e-05,0
1.553209e-05,0
0.02538799,0
0.0002441636,0
0.0005416408,0
0.1726891,0
3.299896e-06,0
0.7088808,0
2.116024e-06,0
0.264591,0
4.14819e-07,0
0.001350744,0
1.035293e-06,0
0.01590277,0
0.03416928,0
0.7088808,0
0.01652818,0
1.836257e-05,0
8.533678e-07,0
