Score,Label
9.037247e-05,1
9.037247e-05,1
9.037247e-05,1
2.582513e-05,1
0.9994563,1
0.01370758,1
6.443786e-06,1
0.9824226,1
0.4019518,1
0.9982022,1
0.0007786341,1
0.470928,1
0.4019518,1
1,1
0.07768165,1
0.07486873,1
0.9999999,1
0.9999999,1
0.07486873,1
0.9999965,1
0.07768165,1
0.07486873,1
0.07768165,1
0.006352551,1
0.006352551,1
0.9999995,1
0.9998216,1
0.0005860886,1
0.9995054,1
0.002882835,1
0.04367214,1
0.9999982,1
0.002882835,1
0.01657309,1
0.9992642,1
0.9999982,1
0.9999982,1
0.9931923,1
1,1
0.002882835,1
0.02671736,1
0.002882835,1
0.9999988,1
0.9999988,1
0.4214608,1
0.8707464,1
0.1507427,1
1,1
0.5030521,1
0.9621801,1
0.5030521,1
0.9992023,1
0.9988204,1
0.9999985,1
0.9999998,1
0.7757905,1
0.9999998,1
0.9999987,1
0.9988204,1
0.9999949,1
0.9988204,1
0.9998323,1
1,1
0.9988204,1
0.9992023,1
0.002645231,1
0.899437,1
0.899437,1
0.0005860886,1
0.001002648,1
8.098068e-06,1
8.098068e-06,1
8.098068e-06,1
0.9858468,1
8.098068e-06,1
0.0001289799,1
0.5755342,1
0.3255498,1
0.0409802,1
0.9999999,1
9.243749e-06,1
0.9999999,1
0.9508331,1
0.9999999,1
0.9999999,1
0.9999973,1
0.9993755,1
1,1
1,1
0.9999973,1
1,1
0.9951964,0
0.01296511,0
0.3914462,0
9.465053e-05,0
7.493106e-05,0
0.1560247,0
1.230125e-05,0
0.001283403,0
0.003193907,0
6.214355e-07,0
0.1124069,0
3.314151e-06,0
0.01290771,0
0.1560247,0
2.828248e-06,0
0.0004841921,0
0.0320265,0
2.338532e-08,0
0.9990602,0
0.1560247,0
0.006479647,0
2.052046e-06,0
0.002409021,0
0.8570129,0
0.5050122,0
1.812233e-07,0
0.2855455,0
5.529644e-05,0
0.0001643604,0
0.003193907,0
0.0001907557,0
0.0001643604,0
0.1124069,0
0.1560247,0
9.482019e-05,0
6.819565e-06,0
4.461949e-06,0
1.312439e-05,0
0.0005912904,0
0.03656052,0
0.001741224,0
7.345111e-06,0
1.438445e-05,0
0.0005912904,0
0.05574641,0
0.003226267,0
0.02520579,0
0.5528552,0
0.000937839,0
0.1124069,0
0.8570129,0
0.02235444,0
0.02235444,0
0.8570129,0
1.421236e-05,0
0.0006903915,0
8.039577e-05,0
0.003193907,0
0.9997737,0
0.003193907,0
0.1124069,0
0.000143617,0
8.121881e-05,0
0.8570129,0
6.100873e-05,0
0.003193907,0
4.004143e-06,0
0.0001016146,0
0.003193907,0
0.001257629,0
0.1560247,0
0.9997986,0
8.95731e-06,0
1.972316e-06,0
0.0001503238,0
0.0001062187,0
0.000408607,0
0.003193907,0
0.003193907,0
0.0003241156,0
0.02520579,0
3.747857e-05,0
2.832628e-05,0
0.001051389,0
0.0606531,0
0.0007928602,0
0.02520579,0
0.01290771,0
8.768877e-05,0
0.001134452,0
0.003193907,0
