Score,Label
0.008563613,1
0.1170469,1
1.315961e-05,1
0.9079553,1
0.0593141,1
0.0593141,1
0.0593141,1
4.144887e-06,1
0.0593141,1
0.0593141,1
0.9862526,1
0.1111199,1
9.049025e-07,1
4.805721e-05,1
1.087566e-06,1
1.087566e-06,1
1.087566e-06,1
1.087566e-06,1
1.087566e-06,1
4.787468e-08,1
4.787468e-08,1
4.787468e-08,1
0.002702316,1
0.002770182,1
0.002702316,1
4.787468e-08,1
0.867183,1
0.002770182,1
4.787468e-08,1
1.687631e-05,1
4.805721e-05,1
4.805721e-05,1
0.7138323,1
0.001579666,1
0.001579666,1
0.001579666,1
0.9986019,1
0.001579666,1
0.001579666,1
0.001579666,1
2.20916e-05,1
2.20916e-05,1
2.20916e-05,1
2.20916e-05,1
2.20916e-05,1
1.585052e-06,1
1.585052e-06,1
1.585052e-06,1
6.994096e-05,1
1.585052e-06,1
0.9999981,1
4.251014e-05,1
1.585052e-06,1
5.248306e-07,1
5.248306e-07,1
5.248306e-07,1
0.09121858,1
0.9562681,1
5.248306e-07,1
5.248306e-07,1
5.27356e-06,1
0.7138323,1
4.805721e-05,1
0.0001433617,0
0.01877162,0
0.0002547855,0
1.288753e-05,0
0.9994011,0
0.01367504,0
0.5652413,0
0.000119648,0
7.99354e-07,0
0.9769883,0
1.288753e-05,0
0.0002547855,0
7.963872e-06,0
0.9999986,0
0.935799,0
2.962154e-05,0
0.550547,0
2.657346e-05,0
0.000197458,0
0.03858389,0
0.001714007,0
0.4677802,0
0.01701731,0
1.573261e-05,0
0.00698731,0
8.245919e-06,0
0.09004543,0
0.000119648,0
0.002368865,0
0.9989537,0
0.001264668,0
5.325391e-07,0
0.0003123793,0
8.245919e-06,0
8.245919e-06,0
0.1145735,0
0.8252562,0
0.01231898,0
0.001579666,0
0.0006242477,0
0.9543088,0
0.0001545117,0
0.00366593,0
0.004007525,0
0.008936138,0
0.0008240282,0
0.005239967,0
0.9999999,0
1.449786e-05,0
0.7984262,0
0.001614828,0
0.007519956,0
0.9997225,0
0.9936167,0
1.538731e-06,0
0.6727313,0
0.000200244,0
0.5727333,0
0.001216853,0
0.1367908,0
0.9997029,0
0.7862842,0
0.9867358,0
