Score,Label
0.05534196,1
0.05534196,1
0.05534196,1
0.3490701,1
0.9999923,1
1,1
1,1
0.9999994,1
0.001364273,1
1,1
0.2939413,1
1,1
0.2939413,1
1,1
0.8315057,1
0.9999994,1
0.999674,1
0.9999971,1
0.9999998,1
0.99124,1
0.8177576,1
0.8177576,1
0.001400958,1
0.9999876,1
0.9999951,1
0.9999951,1
0.9999951,1
0.6296049,1
0.9999951,1
0.9999876,1
0.999997,1
0.9999737,1
0.9999999,1
0.9999101,1
0.9998637,1
1,1
0.9999999,1
0.9999998,1
0.9999998,1
0.9999999,1
0.9999101,1
0.9999954,1
0.9999999,1
0.9982659,1
0.9982659,1
0.1353873,1
0.001641196,1
0.001641196,1
0.001641196,1
0.001641196,1
0.9972984,1
0.999949,1
0.999949,1
0.1353873,1
0.2717685,1
0.001364273,0
2.742566e-07,0
7.803294e-05,0
0.8315057,0
0.0001290909,0
0.0437195,0
0.8315057,0
0.9999954,0
0.4781442,0
0.06448881,0
0.01283342,0
0.000382621,0
4.260044e-08,0
0.8315057,0
1.457023e-09,0
0.6475534,0
5.910262e-06,0
0.9615585,0
0.3888147,0
9.804609e-05,0
6.495832e-05,0
0.04827192,0
0.9990706,0
0.7920405,0
0.008146179,0
1.04075e-06,0
0.2876748,0
3.111463e-09,0
1.878594e-08,0
2.073856e-08,0
7.803294e-05,0
3.359443e-06,0
8.095057e-05,0
0.002057565,0
5.923284e-06,0
1.631964e-08,0
2.708994e-05,0
0.8899479,0
7.803294e-05,0
0.7920405,0
0.9999973,0
6.964871e-09,0
0.0004841349,0
6.105512e-09,0
0.006984313,0
3.034406e-07,0
2.089313e-07,0
1.169923e-05,0
0.8315057,0
2.067094e-07,0
4.929171e-07,0
7.803294e-05,0
7.803294e-05,0
0.47997,0
6.799397e-05,0
