Score,Label
0.0001867124,1
2.614949e-06,1
0.01305481,1
3.331895e-05,1
0.007551399,1
0.007551399,1
0.007551399,1
0.03449071,1
0.007551399,1
0.007551399,1
0.03592034,1
0.9191284,1
0.9613524,1
0.0001655838,1
7.444561e-09,1
7.444561e-09,1
7.444561e-09,1
7.444561e-09,1
7.444561e-09,1
3.534576e-06,1
3.534576e-06,1
3.534576e-06,1
0.0001376688,1
0.9968293,1
0.0001376688,1
3.534576e-06,1
0.06060669,1
0.9968293,1
3.534576e-06,1
0.3449354,1
0.0001655838,1
0.0001655838,1
0.0001470301,1
0.004685757,1
0.004685757,1
0.004685757,1
0.5097003,1
0.004685757,1
0.004685757,1
0.004685757,1
5.016821e-08,1
5.016821e-08,1
5.016821e-08,1
5.016821e-08,1
5.016821e-08,1
0.9726397,1
0.9726397,1
0.9726397,1
0.0002283429,1
0.9726397,1
0.9999231,1
6.260999e-05,1
0.9726397,1
4.523917e-07,1
4.523917e-07,1
4.523917e-07,1
0.0002268763,1
0.005536593,1
4.523917e-07,1
4.523917e-07,1
0.9967415,1
0.0001470301,1
0.0001655838,1
0.0008178682,0
0.02481754,0
0.001966871,0
1.155506e-06,0
2.579804e-08,0
9.668057e-05,0
4.457938e-06,0
0.001002744,0
1.353734e-06,0
0.001023289,0
0.000273181,0
0.004107221,0
5.577876e-05,0
0.0002683401,0
0.001966871,0
1.437221e-05,0
1.265095e-06,0
0.0004745991,0
0.004533753,0
0.001023289,0
0.3320328,0
6.235759e-05,0
0.0002595081,0
0.003411848,0
0.0002595081,0
0.0008685005,0
0.003218131,0
0.9991037,0
6.162486e-10,0
0.03145632,0
0.001313622,0
1.265095e-06,0
0.001058578,0
0.002430537,0
0.003337249,0
0.860447,0
0.9963312,0
4.979391e-05,0
1.155506e-06,0
3.054056e-05,0
3.744787e-07,0
0.01473759,0
0.9992911,0
0.0001864662,0
2.579804e-08,0
0.006049503,0
0.9999626,0
2.893424e-06,0
4.223564e-07,0
0.9734246,0
0.001310455,0
5.872277e-08,0
0.0107827,0
1.265095e-06,0
0.003337249,0
0.004685757,0
0.2156012,0
1.827449e-05,0
9.090881e-06,0
0.002078196,0
1.273747e-05,0
0.9999995,0
0.5097003,0
