Score,Label
0.0009223225,1
0.8285057,1
0.9983187,1
1,1
0.9995654,1
0.9995654,1
0.9999952,1
4.889279e-05,1
4.889279e-05,1
1,1
0.9999999,1
1,1
1,1
0.999665,1
0.07572591,1
4.889279e-05,1
0.0001763159,0
0.0001148357,0
0.001067518,0
3.35791e-08,0
0.8664688,0
6.794202e-06,0
3.778169e-05,0
0.0003193424,0
3.35791e-08,0
0.004027097,0
1.067972e-05,0
0.9977238,0
2.534708e-07,0
0.000162682,0
1.012879e-07,0
2.773027e-05,0
