Score,Label
0.1616999,1
0.9999859,1
0.9999859,1
0.1616999,1
1,1
1,1
0.999995,1
0.999995,1
0.9992597,1
1,1
0.9996237,1
0.9996237,1
0.9996237,1
0.0006258228,1
0.9996237,1
0.0004747255,1
1,1
1,1
1,1
1,1
0.9999145,1
0.0004747255,1
0.9740955,1
0.9969882,1
1,1
1,1
0.9999878,1
1,1
1,1
1,1
0.0004747255,1
0.0002694278,0
0.0002878272,0
0.0001708778,0
0.001902557,0
0.9870973,0
0.001902557,0
0.0001035578,0
2.746818e-05,0
0.001017557,0
0.02970021,0
0.0006893628,0
0.1429453,0
0.004670464,0
0.0001255104,0
0.001902557,0
0.001902557,0
0.00437693,0
0.001047565,0
0.00167617,0
0.1258254,0
0.07462671,0
0.2311936,0
0.0006367081,0
0.0006893628,0
0.0005784241,0
0.5043407,0
0.9999859,0
0.0003705492,0
0.01307044,0
0.9987811,0
0.1611849,0
