Score,Label
0.007322186,1
0.7142896,1
2.17057e-08,1
0.08630528,1
2.583666e-11,1
2.583666e-11,1
2.583666e-11,1
4.273941e-10,1
4.273941e-10,1
0.01635723,1
0.9992509,1
0.0001692662,1
1.60948e-06,1
2.036684e-11,1
2.036684e-11,1
2.036684e-11,1
1.222682e-06,1
3.472506e-08,1
3.472506e-08,1
3.472506e-08,1
6.656623e-05,1
2.817829e-05,1
0.0283213,1
6.656623e-05,1
6.656623e-05,1
2.349645e-09,1
0.6113537,1
1.60948e-06,1
1.60948e-06,1
1.431567e-06,1
8.278015e-08,1
8.278015e-08,1
8.278015e-08,1
0.168681,1
5.342221e-05,1
0.0002414367,1
0.000305648,1
1.734524e-09,1
1.734524e-09,1
1.734524e-09,1
7.87125e-08,1
3.192678e-11,1
3.192678e-11,1
3.192678e-11,1
1.644731e-06,1
1.635687e-09,1
1.302151e-05,1
0.0003399163,1
7.757862e-06,1
6.873326e-06,1
6.873326e-06,1
6.873326e-06,1
0.0003013662,1
6.873326e-06,1
0.002830968,1
1.60948e-06,1
0.000172379,0
5.882868e-09,0
8.278015e-08,0
8.811097e-05,0
0.0001702764,0
8.64369e-05,0
0.0001837599,0
2.355891e-05,0
0.01127245,0
0.5692525,0
5.683481e-08,0
0.0005924779,0
4.212524e-05,0
0.930852,0
8.606871e-08,0
1.361377e-07,0
0.006267309,0
0.2856527,0
0.9731953,0
0.0003211134,0
6.006718e-05,0
9.428668e-05,0
0.0005924779,0
2.074889e-08,0
0.6597488,0
0.9975442,0
0.004111778,0
2.900262e-05,0
0.08872208,0
6.876123e-05,0
0.5692525,0
0.780004,0
0.9865938,0
1.920364e-09,0
0.9969458,0
4.797204e-05,0
0.780004,0
0.02393821,0
0.0005924779,0
0.9999774,0
0.003522446,0
2.355891e-05,0
0.02076139,0
6.926779e-05,0
0.2186241,0
0.780004,0
0.02393821,0
0.0005924779,0
0.008218211,0
0.2593221,0
1.589159e-05,0
0.0003058953,0
5.882868e-09,0
0.2437768,0
0.003914063,0
3.905657e-09,0
