Score,Label
0.999809,1
0.999809,1
0.9958748,1
0.9958748,1
0.002479806,1
0.999754,1
0.07569946,1
0.001389427,1
0.0005122208,1
0.9999999,1
0.999513,1
0.999513,1
0.9999985,1
0.5308034,1
0.9999985,1
0.9685172,1
0.9685172,1
0.9999985,1
0.0005122208,1
0.8891684,1
0.3086748,1
0.9999608,1
0.9999995,1
0.9999995,1
0.2532245,1
0.9519409,1
0.005328789,1
0.9999995,1
1,1
0.9999368,1
0.9993874,1
0.5164932,1
0.9997231,1
0.9998595,1
0.9999886,1
0.4882076,1
0.5164932,1
0.4882076,1
0.7722937,1
0.9811088,1
0.004806777,1
1,1
0.7722937,1
0.7722937,1
1,1
1,1
0.7722937,1
0.004806777,1
0.9999551,1
0.9993068,1
0.9999551,1
0.9999551,1
0.9999144,1
0.9999682,1
0.0005122208,1
0.5235004,1
0.2503085,1
0.00518488,1
0.00518488,1
0.00518488,1
0.00518488,1
4.911499e-05,1
0.9998565,1
0.9998565,1
0.9999759,1
0.2078077,1
0.99999,1
0.9999914,1
1,1
1,1
1,1
0.0005122208,1
0.0001168239,1
4.250214e-06,0
0.004806777,0
0.9999368,0
9.348014e-09,0
1.121379e-07,0
0.001396606,0
0.6974927,0
0.0001669243,0
2.16997e-07,0
0.8399835,0
1.262527e-06,0
0.0006396403,0
4.052276e-07,0
4.787547e-05,0
0.8399835,0
0.7722937,0
4.656486e-08,0
0.2207274,0
0.2207274,0
0.000700074,0
1.91544e-05,0
0.04642177,0
0.8399835,0
3.136142e-06,0
1.093099e-05,0
2.329732e-06,0
0.9999822,0
1.347916e-05,0
0.09711974,0
6.112432e-05,0
0.3527952,0
0.3971667,0
4.787547e-05,0
0.006088264,0
4.154826e-07,0
0.09711974,0
1.546336e-05,0
0.00129591,0
0.02660006,0
6.372059e-07,0
0.9860822,0
0.01038773,0
0.003793893,0
0.01046827,0
0.597411,0
8.384368e-05,0
4.117151e-05,0
0.6768199,0
0.0002304456,0
0.2207274,0
4.787547e-05,0
0.000114306,0
0.001391485,0
0.6527925,0
3.073625e-06,0
9.042505e-05,0
4.787547e-05,0
4.787547e-05,0
4.787547e-05,0
1.067398e-05,0
0.0001324291,0
9.894653e-06,0
0.0002053455,0
5.936955e-07,0
2.368645e-06,0
0.5445251,0
0.4882076,0
2.048324e-05,0
2.048324e-05,0
0.2207274,0
4.787547e-05,0
0.001934094,0
0.0001749124,0
