Score,Label
0.8159972,1
0.8159972,1
0.8159972,1
7.757343e-06,1
0.8159972,1
0.09920012,1
7.757343e-06,1
0.999896,1
3.79968e-07,1
0.9999951,1
0.9999951,1
0.9999994,1
1,1
1,1
0.007846966,1
0.02800724,1
0.007846966,1
0.9981369,1
0.9981369,1
0.008017647,1
0.008017647,1
6.970047e-05,1
0.007846966,1
5.101256e-05,1
0.006898329,1
0.9981369,1
0.9981369,1
0.980795,1
0.9994857,1
0.00121539,1
0.001566502,1
0.09594121,1
0.9185035,1
0.9185035,1
0.9999681,1
0.9977316,1
0.9977316,1
0.02026484,1
0.02026484,1
0.0009489178,1
0.189542,1
0.9977316,1
0.02026484,1
0.9185035,1
0.006442233,1
0.9976751,1
0.9492878,1
0.05997614,1
0.9999989,1
0.9997322,1
0.9997322,1
0.9999989,1
0.9999989,1
0.9492878,1
0.9999164,1
0.9492878,1
0.9492878,1
0.9976751,1
0.9976751,1
0.996197,1
0.05997614,1
0.9492878,1
0.9999989,1
0.9492878,1
0.9999989,1
0.935122,1
0.9996318,1
0.9996318,1
0.9996318,1
0.9999995,1
0.9999995,1
0.0002094878,1
0.0002094878,1
0.9995176,1
2.183411e-06,1
2.129016e-05,1
0.0002316762,1
0.0002316762,1
9.709681e-06,1
0.0001280642,1
0.0250148,1
2.183411e-06,1
0.9999627,1
0.9988196,1
0.9988196,1
0.9949909,1
0.9949909,1
0.9988196,1
0.01713894,1
0.9949909,1
0.9999996,1
0.9934454,1
0.07826626,1
0.930084,1
8.588207e-05,0
0.0008855976,0
0.001263243,0
6.283266e-06,0
0.003506591,0
6.283266e-06,0
0.0001093748,0
0.7742034,0
0.0151031,0
0.7742034,0
6.283266e-06,0
0.7742034,0
0.009463418,0
0.9974069,0
0.7742034,0
0.7742034,0
1.78519e-08,0
0.7742034,0
1.56258e-05,0
0.0002368535,0
0.0002269044,0
0.0001377329,0
4.453442e-06,0
0.00258668,0
0.0005867279,0
0.6670246,0
8.588207e-05,0
0.0001780343,0
8.588207e-05,0
6.283266e-06,0
0.001256827,0
0.9973774,0
0.999542,0
0.002770954,0
0.9994857,0
0.007225413,0
6.600183e-05,0
7.403097e-10,0
1.469679e-05,0
0.01772198,0
0.0002128845,0
6.283266e-06,0
0.0008556683,0
0.006585103,0
8.588207e-05,0
0.1787561,0
0.004830192,0
0.7742034,0
0.9994857,0
0.0004450623,0
0.0005611797,0
0.005725481,0
0.7742034,0
4.095448e-05,0
0.0002066513,0
6.283266e-06,0
0.251242,0
6.600183e-05,0
0.9970481,0
8.588207e-05,0
0.007846966,0
0.0008953904,0
0.1651177,0
0.0002128845,0
0.0002128845,0
6.283266e-06,0
7.391365e-08,0
0.0002128845,0
0.0006974138,0
0.7742034,0
0.9970481,0
6.600183e-05,0
0.001263243,0
0.0002934092,0
0.1787561,0
0.002512718,0
0.0001278531,0
0.0006821303,0
0.0002368535,0
0.0007894766,0
6.283266e-06,0
0.04985143,0
0.7742034,0
0.0002128845,0
0.0001278531,0
0.9888727,0
0.0002128845,0
4.985245e-05,0
0.003167971,0
0.1787561,0
0.7742034,0
8.588207e-05,0
0.7742034,0
8.189316e-05,0
