Score,Label
4.823761e-05,1
6.435758e-05,1
0.1878781,1
0.0001355346,1
0.007675002,1
0.007675002,1
0.007675002,1
0.9955663,1
0.007675002,1
0.007675002,1
0.00228383,1
0.9879537,1
0.0405544,1
0.001066599,1
0.01131055,1
0.01131055,1
0.01131055,1
0.01131055,1
0.01131055,1
0.9976022,1
0.9976022,1
0.9976022,1
0.9287265,1
1,1
0.9287265,1
0.9976022,1
0.002281879,1
1,1
0.9976022,1
9.210953e-06,1
0.001066599,1
0.001066599,1
0.00202161,1
0.001784521,1
0.001784521,1
0.001784521,1
0.03830208,1
0.001784521,1
0.001784521,1
0.001784521,1
8.816922e-05,1
8.816922e-05,1
8.816922e-05,1
8.816922e-05,1
8.816922e-05,1
0.001404436,1
0.001404436,1
0.001404436,1
0.7434935,1
0.001404436,1
0.9701001,1
0.0005224528,1
0.001404436,1
0.04688698,1
0.04688698,1
0.04688698,1
0.003108061,1
0.9992424,1
0.04688698,1
0.04688698,1
0.1717303,1
0.00202161,1
0.001066599,1
0.4428616,0
0.956723,0
1.617665e-05,0
0.3787982,0
7.305343e-07,0
0.6493443,0
0.003144918,0
0.9539095,0
0.09720041,0
5.402314e-05,0
0.004853266,0
0.005997032,0
3.904899e-06,0
0.09491564,0
0.005876482,0
0.9993283,0
0.006497885,0
0.9999281,0
0.00231003,0
0.1060905,0
0.0004069727,0
0.8681889,0
0.9783424,0
0.9096242,0
0.9560662,0
6.850122e-08,0
0.841553,0
1.562436e-05,0
0.0001418131,0
0.9923464,0
1.964561e-05,0
6.850122e-08,0
0.08929148,0
0.02392647,0
0.0006713568,0
0.002446755,0
0.0001459231,0
1.964561e-05,0
0.0427182,0
0.003982325,0
0.3677927,0
0.939093,0
1.562436e-05,0
0.0001940384,0
0.002704297,0
1.617665e-05,0
7.305343e-07,0
0.03766993,0
0.001784521,0
0.01197223,0
0.005876482,0
0.002704297,0
1.617665e-05,0
0.0002774394,0
1.964561e-05,0
0.9797906,0
0.0001070515,0
0.04690323,0
0.005876482,0
0.6507115,0
0.004580947,0
0.6933943,0
0.001784521,0
