Score,Label
4.624138e-06,1
0.001084315,1
0.001084315,1
0.001084315,1
0.001084315,1
0.001084315,1
2.418981e-08,1
0.09511125,1
0.001084315,1
0.001084315,1
0.02050419,1
0.03741169,1
0.03741169,1
0.03741169,1
0.03741169,1
0.03741169,1
8.389843e-06,1
0.03741169,1
0.03741169,1
0.03741169,1
2.280255e-08,1
2.280255e-08,1
2.280255e-08,1
2.280255e-08,1
2.834296e-06,1
2.280255e-08,1
0.9989123,1
2.280255e-08,1
2.280255e-08,1
4.624138e-06,1
9.796349e-05,1
0.004117395,1
0.6399624,1
0.9998829,1
6.888584e-10,1
6.888584e-10,1
6.888584e-10,1
6.888584e-10,1
0.6399624,1
0.004117395,1
0.1007203,1
6.888584e-10,1
0.1238153,1
0.04355118,1
2.415477e-08,1
6.888584e-10,1
0.6399624,1
0.04355118,1
6.888584e-10,1
4.676923e-08,1
4.624138e-06,1
4.624138e-06,1
0.9246399,1
6.75684e-07,1
9.796349e-05,1
1.527726e-08,1
1.527726e-08,1
1.527726e-08,1
1.527726e-08,1
0.0002885908,1
1.527726e-08,1
0.006110216,1
1.527726e-08,1
1.527726e-08,1
0.005321435,1
6.75684e-07,1
4.624138e-06,1
4.624138e-06,1
2.648727e-07,0
0.003097208,0
9.025447e-12,0
2.232296e-06,0
3.949166e-08,0
5.83655e-07,0
9.025447e-12,0
1.279149e-05,0
7.283743e-07,0
1.279149e-05,0
0.004825181,0
5.349061e-05,0
0.001236451,0
9.802523e-07,0
0.002294674,0
9.738875e-10,0
0.3196243,0
0.06313575,0
0.0002323009,0
3.949166e-08,0
0.005921378,0
0.007994738,0
0.9999747,0
0.2277787,0
0.3196243,0
0.9986314,0
0.004825181,0
3.949166e-08,0
0.5144824,0
0.04718839,0
3.020582e-05,0
5.16219e-08,0
0.0001047097,0
0.005921378,0
1.755741e-07,0
0.000581775,0
0.002294674,0
0.001463231,0
0.6215115,0
3.949166e-08,0
1.139029e-06,0
5.283672e-05,0
1.84855e-10,0
0.0106757,0
0.1200766,0
0.05213645,0
1.120991e-10,0
0.3513275,0
0.03103913,0
2.175117e-07,0
1.120991e-10,0
0.9555976,0
8.945914e-05,0
1.279149e-05,0
9.025447e-12,0
9.738875e-10,0
1.078369e-09,0
0.3196243,0
1.087673e-09,0
2.812647e-06,0
0.02768827,0
0.9997855,0
7.283743e-07,0
0.9944733,0
0.0002317394,0
9.738875e-10,0
0.000581775,0
0.02768827,0
