Score,Label
0.0007490302,1
0.1311001,1
0.1311001,1
0.1311001,1
0.1311001,1
0.1311001,1
4.40706e-05,1
0.001290358,1
0.1311001,1
0.1311001,1
0.9969342,1
0.4066344,1
0.4066344,1
0.4066344,1
0.4066344,1
0.4066344,1
4.680155e-05,1
0.4066344,1
0.4066344,1
0.4066344,1
0.9999996,1
0.9999996,1
0.9999996,1
0.9999996,1
0.00011612,1
0.9999996,1
1,1
0.9999996,1
0.9999996,1
0.0007490302,1
9.014502e-06,1
0.976546,1
0.999418,1
6.172578e-05,1
3.674537e-09,1
3.674537e-09,1
3.674537e-09,1
3.674537e-09,1
0.999418,1
0.976546,1
6.554728e-05,1
3.674537e-09,1
0.982173,1
0.9960874,1
0.5992292,1
3.674537e-09,1
0.999418,1
0.9960874,1
3.674537e-09,1
0.7782986,1
0.0007490302,1
0.0007490302,1
0.6290443,1
0.0006955767,1
9.014502e-06,1
1.023527e-08,1
1.023527e-08,1
1.023527e-08,1
1.023527e-08,1
5.586399e-06,1
1.023527e-08,1
0.9999967,1
1.023527e-08,1
1.023527e-08,1
0.001599315,1
0.0006955767,1
0.0007490302,1
0.0007490302,1
3.046134e-10,0
3.798056e-05,0
0.2306543,0
0.3815195,0
8.611883e-05,0
0.7648751,0
0.0002585131,0
0.0001015391,0
0.0006906909,0
5.418635e-08,0
0.7222992,0
0.0151916,0
0.002680932,0
7.417817e-07,0
0.03833481,0
0.01434118,0
0.03485399,0
0.0737619,0
0.4124668,0
0.2320679,0
0.0003559885,0
0.6793769,0
0.1990569,0
7.417817e-07,0
7.417817e-07,0
6.628637e-06,0
1.161809e-05,0
0.0368045,0
7.417817e-07,0
0.9880185,0
9.045109e-05,0
0.0003559885,0
0.0002842075,0
0.3815195,0
5.418635e-08,0
0.886,0
3.046134e-10,0
0.002990734,0
0.003965727,0
0.0002585131,0
5.26913e-05,0
0.0368045,0
3.046134e-10,0
0.9995847,0
0.004345467,0
0.01622138,0
9.519734e-05,0
0.00067468,0
0.002680932,0
0.2306543,0
4.836437e-06,0
0.2306543,0
0.0002135884,0
0.6869261,0
0.03841576,0
0.9999998,0
0.0202832,0
0.0004554185,0
0.03841576,0
0.0001015391,0
5.418635e-08,0
9.045109e-05,0
0.03485399,0
6.151307e-05,0
0.002543685,0
0.0007717347,0
0.03421735,0
3.046134e-10,0
