Score,Label
0.01178238,1
9.802748e-07,1
9.802748e-07,1
9.802748e-07,1
9.802748e-07,1
9.802748e-07,1
7.339172e-06,1
0.9801016,1
9.802748e-07,1
9.802748e-07,1
0.9665111,1
0.005782519,1
0.005782519,1
0.005782519,1
0.005782519,1
0.005782519,1
0.004807551,1
0.005782519,1
0.005782519,1
0.005782519,1
0.02117806,1
0.02117806,1
0.02117806,1
0.02117806,1
6.968997e-05,1
0.02117806,1
0.9619775,1
0.02117806,1
0.02117806,1
0.01178238,1
0.001672272,1
0.9750025,1
0.9993972,1
0.0001503222,1
2.29351e-05,1
2.29351e-05,1
2.29351e-05,1
2.29351e-05,1
0.9993972,1
0.9750025,1
5.362648e-06,1
2.29351e-05,1
0.3911772,1
0.9981412,1
5.959789e-05,1
2.29351e-05,1
0.9993972,1
0.9981412,1
2.29351e-05,1
5.810923e-05,1
0.01178238,1
0.01178238,1
0.8636575,1
0.001490527,1
0.001672272,1
1.580541e-08,1
1.580541e-08,1
1.580541e-08,1
1.580541e-08,1
2.323142e-06,1
1.580541e-08,1
0.002576555,1
1.580541e-08,1
1.580541e-08,1
0.05455014,1
0.001490527,1
0.01178238,1
0.01178238,1
6.168465e-07,0
0.9853013,0
0.5655224,0
0.0002211529,0
0.9974281,0
0.007836839,0
0.001950451,0
0.0001706714,0
0.1142119,0
2.598319e-05,0
1.437658e-06,0
9.537308e-05,0
0.90499,0
2.831216e-05,0
0.0006438782,0
0.5655224,0
7.645813e-07,0
0.9995908,0
0.008239132,0
9.699871e-06,0
7.645813e-07,0
0.004717424,0
0.043765,0
0.001071267,0
7.645813e-07,0
0.007836839,0
5.289868e-07,0
2.942014e-05,0
0.005280988,0
0.001490527,0
7.645813e-07,0
0.0002589671,0
2.886026e-07,0
5.751514e-05,0
0.0001154522,0
3.968723e-08,0
2.886026e-07,0
0.01211054,0
0.5655224,0
0.271895,0
0.271895,0
6.641101e-07,0
0.3184245,0
9.699871e-06,0
0.03210625,0
0.0002121797,0
1.145412e-05,0
0.001246539,0
0.001950451,0
0.9966511,0
9.699871e-06,0
0.0003957853,0
0.0001168928,0
0.0002925927,0
0.9974281,0
0.3879324,0
7.645813e-07,0
7.100591e-07,0
0.0001705448,0
0.007596913,0
0.04411348,0
1.455315e-06,0
5.88895e-07,0
1.314765e-06,0
0.002006627,0
0.008239132,0
0.03051133,0
0.5655224,0
