Score,Label
0.9997751,1
0.9997751,1
0.5795137,1
0.1534055,1
0.4879299,1
0.117408,1
0.117408,1
4.644905e-05,1
0.117408,1
0.9999897,1
0.9763619,1
0.9999998,1
0.9897404,1
0.9455134,1
0.9999998,1
0.9431987,1
0.2527871,1
1,1
1,1
1,1
1,1
0.7287824,1
0.9431987,1
0.9431987,1
0.9267246,1
0.1369932,1
0.9849929,1
0.9880986,1
1,1
1,1
0.916877,1
0.916877,1
0.9880986,1
0.916877,1
1,1
0.9880986,1
0.9996085,1
0.9996085,1
0.9996085,1
0.9996085,1
0.0002340497,1
0.997263,1
0.6706104,1
0.6706104,1
1,1
0.9999999,1
1,1
0.0002967935,0
3.300544e-06,0
1,0
2.590911e-05,0
0.6706104,0
0.3155837,0
0.000467353,0
0.001228475,0
0.02184433,0
0.001228475,0
3.300544e-06,0
0.000281595,0
0.001228475,0
0.0002348938,0
0.9970823,0
0.1593307,0
4.8585e-05,0
2.616411e-06,0
8.118219e-06,0
3.874599e-05,0
0.0005614664,0
2.616411e-06,0
0.002582153,0
0.001578893,0
0.9999992,0
0.9999713,0
5.682587e-06,0
0.9999516,0
2.616411e-06,0
0.001228475,0
0.6706104,0
4.8585e-05,0
0.5795137,0
1.805534e-06,0
3.300544e-06,0
0.6706104,0
0.0001729856,0
0.0004473127,0
0.9743245,0
0.001228475,0
2.616411e-06,0
4.98491e-06,0
0.006158246,0
0.1593307,0
4.681888e-05,0
0.2164248,0
0.6706104,0
