Score,Label
0.0006881351,1
0.9999312,1
0.9999312,1
0.9999312,1
0.9999312,1
0.9999312,1
4.871309e-05,1
0.1172231,1
0.9999312,1
0.9999312,1
0.9806219,1
0.006872497,1
0.006872497,1
0.006872497,1
0.006872497,1
0.006872497,1
1.047145e-05,1
0.006872497,1
0.006872497,1
0.006872497,1
0.004333135,1
0.004333135,1
0.004333135,1
0.004333135,1
0.002821664,1
0.004333135,1
1,1
0.004333135,1
0.004333135,1
0.0006881351,1
2.52985e-06,1
0.9318556,1
0.9943419,1
0.0005173859,1
4.105125e-07,1
4.105125e-07,1
4.105125e-07,1
4.105125e-07,1
0.9943419,1
0.9318556,1
0.0004219858,1
4.105125e-07,1
0.004045767,1
0.9541502,1
0.999275,1
4.105125e-07,1
0.9943419,1
0.9541502,1
4.105125e-07,1
0.9922594,1
0.0006881351,1
0.0006881351,1
0.5098384,1
7.378951e-06,1
2.52985e-06,1
0.0231062,1
0.0231062,1
0.0231062,1
0.0231062,1
0.0001298969,1
0.0231062,1
0.5342469,1
0.0231062,1
0.0231062,1
0.06672546,1
7.378951e-06,1
0.0006881351,1
0.0006881351,1
7.873635e-07,0
4.664363e-06,0
5.757714e-06,0
1.656595e-05,0
6.930565e-06,0
0.9963905,0
0.009882341,0
0.1279975,0
5.887905e-06,0
0.9751476,0
0.01178865,0
0.4932741,0
7.64753e-06,0
0.0008120397,0
0.0005134845,0
0.003320068,0
0.001115936,0
4.419358e-06,0
0.2001335,0
1.656595e-05,0
1.217158e-07,0
0.9620792,0
0.7899799,0
0.0002171809,0
0.0005217507,0
1.656595e-05,0
7.64753e-06,0
1.817015e-05,0
0.1510902,0
0.0005134845,0
0.001414371,0
0.0006689417,0
1.217158e-07,0
3.775097e-05,0
0.001115159,0
0.9888138,0
0.1992722,0
0.74574,0
4.493451e-05,0
0.1992722,0
8.066605e-07,0
6.014251e-07,0
0.00522626,0
0.1992722,0
0.74574,0
3.775097e-05,0
0.0001088834,0
9.081012e-07,0
0.009882341,0
0.1992722,0
1.466101e-07,0
0.116123,0
1.448349e-05,0
0.001414371,0
0.9809218,0
7.577212e-06,0
0.74574,0
0.9811205,0
0.00175522,0
0.0001083196,0
0.009183831,0
0.0139327,0
0.1992722,0
0.004504893,0
0.2001335,0
0.74574,0
0.9980456,0
0.002310486,0
