Score,Label
0.9889754,1
0.9812501,1
0.9889754,1
0.9889754,1
0.9889754,1
0.9812501,1
0.9889754,1
0.01289397,1
0.9999303,1
0.999229,1
0.005621476,1
0.005621476,1
0.9862802,1
0.9899623,1
0.9306961,1
0.9977565,1
0.02573885,1
0.9306961,1
0.9997388,1
0.9999729,1
0.007739034,1
0.9994073,1
0.02131381,1
0.006174921,1
0.9991701,1
0.4833914,1
0.2463656,1
0.9991701,1
0.2463656,1
0.9991701,1
0.4833914,1
0.9274452,1
0.9274452,1
0.22618,1
0.9274452,1
0.9274452,1
0.9436913,1
0.9274452,1
0.9982515,1
0.999981,1
0.9999673,1
0.9999673,1
0.9959577,1
0.9999536,1
0.9999999,1
0.9999536,1
0.9999868,1
0.9999884,1
0.9964651,1
0.9996893,1
0.9982515,1
0.8143369,1
0.9817551,1
0.9993902,1
0.9999971,1
0.9903812,1
0.9903812,1
0.01627099,1
0.9999815,1
0.9976661,1
0.9910603,1
0.9976661,1
0.8252981,1
0.9999598,1
0.9999598,1
0.9976233,1
0.8252981,1
0.8252981,1
0.9999598,1
0.9999598,1
0.9999598,1
0.8252981,1
0.8252981,1
0.9999598,1
0.9999598,1
0.8252981,1
0.9999676,1
0.9999598,1
2.472768e-08,0
2.472768e-08,0
0.9274452,0
2.472768e-08,0
2.472768e-08,0
2.472768e-08,0
0.01025793,0
2.472768e-08,0
0.000793452,0
2.472768e-08,0
2.472768e-08,0
0.001778583,0
2.472768e-08,0
2.472768e-08,0
2.472768e-08,0
2.472768e-08,0
0.000162976,0
2.472768e-08,0
2.245245e-06,0
0.000162976,0
1.853968e-08,0
0.009300834,0
2.472768e-08,0
0.9561231,0
2.245245e-06,0
2.472768e-08,0
2.245245e-06,0
1.853968e-08,0
2.472768e-08,0
0.0004643179,0
2.472768e-08,0
2.472768e-08,0
0.001778583,0
2.472768e-08,0
2.472768e-08,0
2.245245e-06,0
2.472768e-08,0
2.472768e-08,0
2.472768e-08,0
2.245245e-06,0
0.03484394,0
2.472768e-08,0
0.0004643179,0
2.472768e-08,0
2.245245e-06,0
2.472768e-08,0
1.853968e-08,0
0.001778583,0
2.472768e-08,0
2.472768e-08,0
2.472768e-08,0
2.472768e-08,0
2.472768e-08,0
2.472768e-08,0
2.472768e-08,0
0.03484394,0
2.472768e-08,0
2.472768e-08,0
0.01025793,0
2.472768e-08,0
2.472768e-08,0
0.9561231,0
1.853968e-08,0
1.853968e-08,0
2.472768e-08,0
2.472768e-08,0
2.472768e-08,0
2.472768e-08,0
0.03484394,0
2.472768e-08,0
1.853968e-08,0
2.472768e-08,0
2.472768e-08,0
2.472768e-08,0
0.001778583,0
2.472768e-08,0
2.245245e-06,0
0.03484394,0
