Score,Label
0.01830697,1
1.086323e-05,1
0.0001841533,1
1,1
0.9999998,1
1,1
1,1
0.9999998,1
0.9999994,1
1,1
1,1
1,1
0.9999993,1
0.9999995,1
0.9999993,1
0.9999993,1
0.9999993,1
0.9999993,1
0.09590211,1
0.9999957,1
0.9999992,1
0.09590211,1
0.09590211,1
0.09590211,1
0.9999992,1
0.9999992,1
0.09590211,1
0.0001841533,1
0.989395,1
0.01830697,1
1.086323e-05,1
1,1
1,1
0.9999994,1
0.01830697,1
1.086323e-05,1
0.01830697,1
0.01830697,1
0.989395,1
1,1
0.9303346,1
0.9999988,1
1,1
1,1
1,1
0.9303346,1
1,1
0.9303346,1
1.086323e-05,0
1.086323e-05,0
0.0001841533,0
0.0001841533,0
0.0001841533,0
0.0001841533,0
1.186895e-06,0
0.0001841533,0
0.0001841533,0
0.0001841533,0
1.086323e-05,0
7.08337e-07,0
1.647376e-05,0
0.008501804,0
0.0001841533,0
0.01830697,0
4.678868e-07,0
4.678868e-07,0
0.0001841533,0
0.008501804,0
4.678868e-07,0
0.0001841533,0
0.0001841533,0
0.01830697,0
0.008501804,0
0.01830697,0
1.697841e-05,0
1.086323e-05,0
0.0001841533,0
0.0001841533,0
1.086323e-05,0
0.01106318,0
0.008501804,0
4.678868e-07,0
2.214294e-06,0
1.086323e-05,0
0.0001841533,0
0.0001841533,0
0.0001841533,0
0.0001841533,0
1.883948e-07,0
1.697841e-05,0
0.0001841533,0
0.0001841533,0
8.136273e-08,0
0.008501804,0
1.086323e-05,0
0.0001841533,0
0.0001841533,0
0.0001841533,0
1.086323e-05,0
4.678868e-07,0
1.186895e-06,0
0.0001841533,0
0.0001841533,0
0.0001841533,0
0.0001841533,0
0.01830697,0
0.008501804,0
0.0001841533,0
0.0001841533,0
0.008501804,0
0.0001841533,0
0.0001841533,0
1.086323e-05,0
5.722603e-06,0
0.0001841533,0
1.697841e-05,0
0.0001841533,0
0.01830697,0
0.0001841533,0
0.0001841533,0
0.0001841533,0
4.678868e-07,0
0.0001841533,0
1.647376e-05,0
1.086323e-05,0
1.086323e-05,0
0.01830697,0
8.136273e-08,0
0.008501804,0
4.678868e-07,0
0.008501804,0
1.086323e-05,0
8.136273e-08,0
0.0001841533,0
0.0001841533,0
0.01830697,0
8.136273e-08,0
1.086323e-05,0
0.0001841533,0
0.8416674,0
1.086323e-05,0
0.0001841533,0
0.01830697,0
0.01830697,0
