Score,Label
0.9999084,1
0.001217221,1
1,1
1,1
1,1
0.9999998,1
0.9999998,1
1,1
0.9999945,1
0.9999988,1
1,1
0.9996412,1
0.9996412,1
0.9999988,1
0.9999988,1
0.9999988,1
1,1
1,1
0.9999999,1
0.9999999,1
0.001217221,1
1,1
0.2571068,1
0.9964947,1
0.956634,1
0.9999179,1
0.9999084,1
0.9940377,1
0.9940377,1
0.9997057,1
1,1
0.9993846,1
0.9993846,1
0.9999998,1
1,1
0.9999999,1
0.9997904,1
0.002424432,1
0.002424432,1
0.9999998,1
0.001217221,0
0.0006707148,0
0.0068958,0
0.0005463686,0
0.002305,0
0.001920811,0
0.0004952227,0
0.0009663698,0
0.003960716,0
0.001217221,0
0.002305,0
0.001217221,0
0.003711757,0
0.001217221,0
0.001217221,0
0.001217221,0
0.0004831548,0
0.0004952227,0
0.001217221,0
0.001217221,0
0.001920811,0
0.001217221,0
0.0004831548,0
0.3334383,0
0.003711757,0
0.00269721,0
0.0005302855,0
0.0004831548,0
0.3334383,0
0.3334383,0
0.0004952227,0
0.0004831548,0
0.0004831548,0
0.0005302855,0
0.001217221,0
0.0005302855,0
0.001217221,0
0.0004831548,0
0.001217221,0
0.001217221,0
0.0009952612,0
0.001217221,0
0.00269721,0
0.0005463686,0
0.001920811,0
0.001920811,0
0.0008918908,0
0.0004952227,0
0.001217221,0
0.002305,0
0.3334383,0
0.0004831548,0
0.001217221,0
0.001630805,0
0.0004952227,0
0.00269721,0
0.0007587589,0
0.0004952227,0
0.001217221,0
0.0004952227,0
0.0009718567,0
0.0004952227,0
0.0004831548,0
0.001217221,0
0.002305,0
0.001920811,0
0.0009718567,0
0.0007587589,0
0.002305,0
0.0009663698,0
0.3334383,0
0.002305,0
0.001217221,0
0.001217221,0
0.001920811,0
0.001217221,0
0.0006661644,0
0.001217221,0
0.001920811,0
0.001583182,0
