Score,Label
0.96347,1
0.007943272,1
0.9997826,1
0.9999976,1
0.09308846,1
0.9999992,1
0.9999992,1
0.9999992,1
0.9999992,1
0.96347,1
0.9999993,1
0.4258142,1
0.4258142,1
0.999998,1
0.9999943,1
0.9999995,1
4.612343e-07,0
1.443402e-05,0
0.0003194861,0
4.612343e-07,0
0.0003194861,0
0.2028643,0
0.009550627,0
1.443402e-05,0
0.0003194861,0
4.534716e-05,0
0.0003042638,0
0.0003194861,0
4.534716e-05,0
0.0001665891,0
0.0008871981,0
0.0001725541,0
0.001676484,0
0.0003194861,0
1.443402e-05,0
0.01430447,0
1.443402e-05,0
0.0008871981,0
1.443402e-05,0
5.426471e-06,0
4.572558e-07,0
0.009550627,0
4.534716e-05,0
0.0003194861,0
0.0008871981,0
0.007943272,0
4.612343e-07,0
0.000365582,0
