Score,Label
0.9965306,1
0.9965306,1
0.9965306,1
0.9992365,1
0.9999096,1
0.9999096,1
0.000409203,1
0.0001146441,1
0.0001876734,1
0.9986933,1
0.9995998,1
0.9997981,1
1.993946e-05,0
0.0002561617,0
3.408838e-05,0
0.8115839,0
3.408838e-05,0
3.018263e-06,0
0.8115839,0
0.0009230659,0
0.8115839,0
1.993946e-05,0
2.935213e-05,0
0.8115839,0
0.0001876734,0
0.8115839,0
3.408838e-05,0
0.0003365475,0
3.408838e-05,0
0.0003365475,0
2.161425e-05,0
0.001405297,0
3.408838e-05,0
2.161425e-05,0
0.9515618,0
3.018263e-06,0
