Score,Label
1,1
1,1
0.0004126338,1
0.0004126338,1
0.9999999,1
0.002378477,1
0.002378477,1
0.9999998,1
2.85875e-08,0
1.10503e-07,0
6.138209e-07,0
1.672266e-07,0
0.007924919,0
2.89967e-10,0
6.138209e-07,0
0.007924919,0
1.682534e-09,0
1.243276e-06,0
3.138464e-06,0
1.672266e-07,0
3.828986e-11,0
1.243276e-06,0
6.138209e-07,0
0.0001414534,0
