Score,Label
0.2849701,1
0.005807301,1
6.837226e-06,1
0.9999981,1
1,1
1,1
0.588337,1
1,1
0.9999981,1
1,1
0.03412953,1
0.006161629,1
0.03412953,1
0.9995222,1
0.9995222,1
0.9985173,1
0.9996318,1
0.9995222,1
0.09156608,1
0.005807301,1
0.2923424,1
0.09156608,1
0.09156608,1
0.005807301,1
0.09156608,1
0.09156608,1
0.005807301,1
0.005807301,1
0.9999734,1
1,1
0.9999734,1
1,1
1,1
1,1
6.837226e-06,1
0.2849701,1
0.005807301,1
0.2849701,1
0.005807301,1
0.999994,1
0.9999962,1
0.999994,1
0.9999807,1
0.9999807,1
0.9999807,1
0.2849701,1
0.005807301,1
0.005807301,1
0.005807301,1
0.005807301,1
0.005807301,1
0.9999907,1
0.9999881,1
0.9999907,1
1,1
1,1
0.9999906,1
0.6656742,1
1,1
1,1
0.2849701,0
6.837226e-06,0
8.179834e-05,0
8.747638e-06,0
0.2849701,0
4.510194e-06,0
0.2849701,0
0.2849701,0
0.005807301,0
1.092181e-05,0
8.747638e-06,0
0.2849701,0
0.005807301,0
6.837226e-06,0
2.437172e-05,0
8.747638e-06,0
4.510194e-06,0
0.005807301,0
0.005807301,0
6.837226e-06,0
4.510194e-06,0
4.510194e-06,0
8.747638e-06,0
0.2849701,0
0.00194045,0
1.092181e-05,0
0.2849701,0
1.092181e-05,0
8.747638e-06,0
0.2849701,0
6.837226e-06,0
8.747638e-06,0
0.2849701,0
8.747638e-06,0
0.2849701,0
0.2849701,0
0.2849701,0
8.747638e-06,0
1.092181e-05,0
0.2849701,0
0.005807301,0
0.005807301,0
6.837226e-06,0
0.2849701,0
0.2849701,0
6.837226e-06,0
8.179834e-05,0
0.005807301,0
8.747638e-06,0
0.2849701,0
8.747638e-06,0
0.2849701,0
8.747638e-06,0
8.747638e-06,0
0.2849701,0
8.747638e-06,0
0.005807301,0
8.747638e-06,0
0.005807301,0
0.00194045,0
8.747638e-06,0
0.005807301,0
0.2849701,0
8.747638e-06,0
0.2849701,0
0.2849701,0
4.510194e-06,0
0.2849701,0
0.2849701,0
0.2849701,0
0.005807301,0
0.2849701,0
8.747638e-06,0
0.2849701,0
0.2849701,0
0.2849701,0
0.2849701,0
6.837226e-06,0
4.510194e-06,0
8.747638e-06,0
6.837226e-06,0
0.2849701,0
8.179834e-05,0
8.747638e-06,0
8.747638e-06,0
1.092181e-05,0
6.837226e-06,0
0.2849701,0
0.005807301,0
0.2849701,0
8.747638e-06,0
0.2849701,0
8.179834e-05,0
8.179834e-05,0
8.747638e-06,0
8.747638e-06,0
0.2849701,0
0.2849701,0
0.005807301,0
8.747638e-06,0
8.747638e-06,0
0.2849701,0
0.2849701,0
4.510194e-06,0
0.2849701,0
0.2849701,0
0.005807301,0
8.179834e-05,0
4.510194e-06,0
0.2849701,0
0.2849701,0
0.2849701,0
0.005807301,0
0.005807301,0
0.005807301,0
8.747638e-06,0
0.2849701,0
8.747638e-06,0
0.2849701,0
0.2849701,0
