Score,Label
0.999998,1
0.999998,1
0.999998,1
1,1
0.9999589,1
0.001121815,1
0.9999937,1
0.993614,1
0.7855769,1
0.5238511,1
0.7422476,1
0.5238511,1
0.9483855,1
0.7422476,1
1,1
1,1
0.999999,1
0.9998087,1
0.9998087,1
0.9999881,1
0.9999979,1
0.9999999,1
0.9999998,1
0.9999983,1
0.001121815,1
0.9999919,1
0.9999951,1
0.9999589,1
0.9999995,1
0.9992341,1
1,1
1,1
0.9999987,1
0.9977629,1
0.9999983,1
0.9999509,1
0.9988524,1
0.9999999,1
0.9999999,1
0.9999999,1
1,1
0.9999317,1
0.0002894687,1
8.865815e-06,1
0.9986169,1
0.7422476,1
0.7422476,1
0.9483855,1
1,1
0.9999713,1
1,1
0.9931058,1
0.9999746,1
1,1
0.9444592,1
0.9961565,1
1,1
0.9999983,1
0.9999979,1
0.7416753,1
0.7416753,1
0.7416753,1
0.7416753,1
0.7416753,1
0.7416753,1
0.883287,1
0.9999989,1
0.9999989,1
0.9875817,1
0.7422476,1
0.9977056,1
8.759783e-07,0
3.798903e-09,0
1.428396e-08,0
8.456127e-05,0
4.482048e-15,0
1.092618e-16,0
1.033643e-13,0
1.098964e-07,0
0.006721769,0
3.431204e-06,0
3.605024e-10,0
1.426873e-05,0
1.862913e-10,0
1.762997e-18,0
0.004591461,0
1.421673e-06,0
1.436413e-13,0
1.11088e-14,0
2.095207e-08,0
0.9983651,0
0.9574109,0
1.744024e-14,0
0.6287534,0
0.00300813,0
0.5238511,0
0.9743877,0
0.7422476,0
3.094467e-07,0
1.793659e-10,0
1.101195e-10,0
8.363497e-11,0
0.003982894,0
0.2137169,0
0.9415362,0
1.751395e-09,0
0.7416753,0
1.980271e-06,0
2.355606e-12,0
1.708711e-07,0
6.141095e-10,0
1.497085e-06,0
2.860887e-16,0
6.373551e-09,0
1.30281e-10,0
0.286866,0
1.494264e-08,0
0.7855769,0
9.602152e-12,0
9.634836e-10,0
2.84952e-06,0
2.895791e-17,0
1.076413e-09,0
4.456582e-09,0
9.307524e-12,0
2.018844e-06,0
0.0006484063,0
1.238237e-10,0
0.9857059,0
2.225072e-07,0
1.238237e-10,0
2.520508e-17,0
3.751973e-06,0
0.002111658,0
2.855111e-05,0
2.883766e-08,0
0.9999994,0
1.11088e-14,0
8.363497e-11,0
1.710098e-11,0
3.526594e-05,0
1.007656e-09,0
