Score,Label
0.9999496,1
0.9999496,1
0.9999993,1
0.9916431,1
0.8942044,1
0.9999909,1
1,1
0.9961003,1
0.9933184,1
0.9890371,1
0.9652244,1
0.9999201,1
0.9928527,1
0.0005749525,1
0.935886,1
1,1
1,1
0.9999484,1
0.2385626,1
1,1
0.9999998,1
0.009149888,1
0.9999988,1
0.9999999,1
0.2226572,1
0.9999995,1
0.9999934,1
1,1
1,1
1,1
0.9999999,1
0.9952662,1
0.9996458,1
0.9999998,1
0.9976338,1
0.993648,1
0.9966564,1
0.8406066,1
0.9997174,1
0.9999003,1
0.9999958,1
0.9999701,1
0.9999992,1
0.999999,1
0.9999397,1
0.6531427,1
0.9976023,1
0.9999995,1
1.468506e-06,1
1,1
0.9993994,1
0.9993074,1
0.05609695,1
0.9999999,1
1,1
0.9999996,1
0.6242875,1
0.8112089,1
0.8112089,1
0.9998066,1
1,1
0.9999998,1
0.9999987,1
0.9997664,1
0.9999942,1
0.9973655,1
0.8180889,1
0.9999403,1
0.8180889,1
0.9939989,1
6.198032e-08,1
0.9999757,1
0.004373794,1
1,1
0.9999999,1
0.9999996,1
0.9680811,1
0.9994951,1
0.9976884,1
0.9999993,1
0.9999496,1
0.9999943,1
0.999975,1
0.9988363,1
1,1
0.9818927,1
0.9999993,1
0.9999999,1
0.9999934,1
1,1
0.9258078,1
0.8347147,1
0.8347147,1
0.5121462,1
4.296864e-08,0
0.006636761,0
0.315682,0
0.0004228713,0
0.004450103,0
0.001233009,0
2.44618e-07,0
1.396805e-13,0
0.0004430997,0
0.001467805,0
5.563212e-14,0
1.593585e-07,0
9.467571e-13,0
0.0001016689,0
1.32705e-13,0
6.798304e-07,0
0.006349247,0
1.151213e-14,0
1.027359e-07,0
7.633822e-08,0
5.416885e-13,0
1.227122e-11,0
0.002799444,0
0.7170047,0
0.053434,0
1.66785e-12,0
0.0001114731,0
0.5707982,0
9.829373e-08,0
1.794452e-08,0
0.001527751,0
5.856427e-08,0
0.9999806,0
5.055233e-12,0
6.996589e-08,0
6.308173e-12,0
0.3306299,0
6.550179e-10,0
1.33644e-10,0
2.242995e-14,0
0.0009021015,0
0.0001815533,0
0.4784172,0
1.325001e-05,0
0.004582811,0
0.0003817716,0
0.2691255,0
1.17448e-11,0
0.01167551,0
3.387367e-11,0
0.0001771497,0
2.495742e-05,0
8.983871e-05,0
4.660325e-08,0
2.239804e-08,0
7.786368e-10,0
3.097798e-07,0
4.281727e-09,0
5.336818e-05,0
2.432846e-10,0
4.238811e-06,0
0.3306299,0
0.002961536,0
5.261106e-11,0
0.0009021015,0
6.550179e-10,0
2.048499e-05,0
7.812438e-08,0
1.514985e-05,0
0.5546141,0
0.009553166,0
4.610117e-12,0
2.670362e-11,0
4.752704e-08,0
7.112793e-15,0
1.638292e-06,0
4.381702e-05,0
0.5650551,0
1.179323e-10,0
0.0002101284,0
9.430839e-06,0
0.0005595379,0
9.124006e-11,0
0.001397638,0
8.538194e-09,0
1.372537e-09,0
3.567798e-10,0
0.0003372134,0
0.001315669,0
0.2050633,0
9.752171e-09,0
0.0003127443,0
1.215829e-13,0
2.097792e-06,0
