Score,Label
1,1
1,1
1,1
1,1
1,1
1,1
1,1
1,1
1,1
1,1
1,1
1,1
1,1
1,1
1,1
1,1
1,1
1,1
1,1
1,1
1,1
1,1
1,1
1,1
2.660234e-05,1
0.9999459,1
1,1
1,1
1,1
1,1
1,1
0.9999459,1
0.001851714,1
0.001851714,1
0.9630243,1
0.9969698,1
0.999983,1
0.9999999,1
1,1
1,1
1,1
1,1
1,1
1,1
0.9999999,1
1,1
1,1
1,1
1,1
1,1
1,1
0.999999,1
1,1
1,1
1,1
2.905034e-06,1
0.000329191,0
1.609446e-06,0
1.860098e-07,0
4.729996e-06,0
1.254151e-06,0
7.633311e-07,0
1.717982e-06,0
1.827065e-07,0
0.000329191,0
1.092038e-07,0
6.197938e-07,0
5.953851e-07,0
1.576537e-06,0
2.245984e-06,0
2.144286e-05,0
7.530288e-06,0
3.77707e-05,0
6.238836e-06,0
0.2856915,0
2.947533e-06,0
2.144286e-05,0
2.411936e-06,0
5.171724e-06,0
8.078622e-07,0
0.2856915,0
1.705106e-06,0
1.455012e-05,0
1.215146e-06,0
1.026549e-06,0
0.2856915,0
1.007492e-05,0
0.001776048,0
2.295582e-06,0
5.171724e-06,0
1.253086e-07,0
3.467784e-05,0
8.810135e-07,0
4.329541e-07,0
5.067504e-07,0
1.215146e-06,0
0.2856915,0
0.2856915,0
1.456641e-07,0
1.561644e-06,0
9.526526e-07,0
0.2856915,0
5.540617e-06,0
8.078622e-07,0
4.353192e-06,0
0.4577136,0
2.879623e-07,0
1.350265e-07,0
1.007492e-05,0
2.144286e-05,0
0.2856915,0
6.668461e-07,0
