Score,Label
1,1
0.9472322,1
0.9999999,1
1,1
1,1
0.0001797136,1
0.9999133,1
0.9705697,1
0.001062904,0
0.9976819,0
2.439491e-07,0
1.999993e-07,0
1,0
0.2575873,0
5.798181e-06,0
0.005717034,0
