Score,Label
0.2997844,1
0.9097254,1
0.9999676,1
0.9977481,1
0.9999999,1
0.02440336,1
0.00319073,1
0.9999918,1
0.9999918,1
0.9999695,1
1,1
0.9999695,1
0.9977481,1
0.9097254,1
0.9999676,1
0.001867734,0
0.00070154,0
0.0008522393,0
0.9097254,0
0.2997844,0
0.1999579,0
0.0008291047,0
0.00070154,0
0.001172154,0
0.000444839,0
0.001867734,0
0.9097254,0
0.001172154,0
0.0006005719,0
0.2997844,0
0.001172154,0
0.0006005719,0
0.000444839,0
0.2232052,0
0.0008522393,0
0.1999579,0
0.00070154,0
0.001867734,0
0.000444839,0
0.0008291047,0
0.001172154,0
0.0008522393,0
0.001867734,0
0.2232052,0
0.1999579,0
