Score,Label
0.008851688,1
1,1
1,1
1,1
1,1
1,1
1,1
1,1
1,1
1,1
1,1
1,1
1,1
1,1
1,1
1,1
1,1
1,1
1,1
0.9999999,1
1,1
0.001647564,1
0.006453726,0
0.008851688,0
0.008851688,0
0.04696164,0
0.0002758374,0
0.0003254836,0
1.159031e-05,0
0.1741542,0
1.12003e-08,0
2.900066e-07,0
0.006165211,0
0.0005019648,0
0.008851688,0
3.4443e-08,0
9.683511e-06,0
7.088026e-06,0
0.0006964307,0
9.065904e-06,0
0.1106582,0
0.5542911,0
7.451861e-06,0
0.9999897,0
