Score,Label
7.765199e-05,1
0.9999175,1
0.9998024,1
0.9998523,1
0.9998472,1
0.9998894,1
0.9998024,1
0.9999557,1
0.9999557,1
0.9999876,1
0.9999799,1
0.9999876,1
0.9999799,1
0.9999518,1
0.9999683,1
0.9639849,1
0.9725937,1
0.9979745,1
0.9447786,1
0.9447786,1
0.9447786,1
0.9122518,1
0.9122518,1
0.9999374,1
0.9999374,1
0.0003184379,1
8.697242e-05,0
0.3712561,0
0.9883143,0
0.00348053,0
1.316063e-05,0
0.009352333,0
0.9639069,0
9.431277e-08,0
1.01118e-06,0
0.0001234697,0
1.044431e-06,0
0.3712561,0
1.225518e-05,0
2.692682e-06,0
8.52107e-05,0
0.01235757,0
3.817102e-06,0
3.798775e-07,0
0.005930237,0
0.0001051391,0
0.7673548,0
8.697242e-05,0
0.004192299,0
0.7673548,0
0.000836527,0
2.871137e-08,0
