Score,Label
0.3351128,1
0.9999439,1
0.9999449,1
0.9998283,1
0.9120202,1
0.8268607,1
1,1
0.8918214,1
0.999981,1
1,1
0.4187199,1
0.9999913,1
0.9999913,1
0.9999979,1
0.9999839,1
0.9999875,1
0.999821,1
0.5101694,1
0.9998088,1
0.9999657,1
0.979326,1
0.9999908,1
0.9969376,1
0.9969376,1
0.9998816,1
0.9999608,1
0.3351128,1
0.9999626,1
0.9999875,1
0.999821,1
0.5101694,1
0.9998088,1
0.9999657,1
0.1178637,1
0.00523665,0
1.059583e-09,0
1.273727e-05,0
0.4988887,0
1.273727e-05,0
0.002040685,0
1.370231e-08,0
0.4988887,0
0.3351128,0
0.4988887,0
0.3351128,0
4.470608e-11,0
4.470608e-11,0
5.431481e-10,0
0.00523665,0
1.370167e-05,0
1.273727e-05,0
1.273727e-05,0
0.3351128,0
1.84533e-10,0
0.3351128,0
0.3351128,0
0.3351128,0
0.00523665,0
0.002040685,0
0.01579979,0
0.0003969656,0
4.470608e-11,0
0.3351128,0
4.646164e-10,0
1.273727e-05,0
0.4988887,0
3.387211e-08,0
0.4988887,0
