Score,Label
0.004075611,1
1,1
1,1
1,1
0.0001001543,1
0.9999964,1
1,1
1,1
1,1
1,1
1,1
1,1
1,1
1,1
0.1921621,1
1,1
0.0004133971,1
0.0002355849,0
0.0132781,0
0.7798325,0
0.0001126037,0
0.004075611,0
0.03643213,0
0.005116952,0
0.3758735,0
7.730716e-05,0
0.0132781,0
0.001941148,0
0.007358188,0
0.005116952,0
0.004075611,0
0.0007872641,0
0.004075611,0
0.001773951,0
