Score,Label
1,1
1,1
0.999985,1
4.128845e-06,1
0.005178836,1
0.9999992,1
0.9999992,1
0.1450126,1
5.93566e-05,1
3.991546e-05,1
1,1
0.9999781,1
0.4826781,1
0.9997994,1
1,1
0.9998747,1
1,1
1,1
0.499766,1
0.9999957,1
0.3068073,1
0.9966538,1
0.8637205,1
0.5848395,1
0.9999999,1
0.0001169034,1
0.4556264,1
0.0006462513,1
0.01493462,1
0.01941057,1
0.9997301,1
0.4556264,1
1,1
1,1
1,1
0.9999999,1
1.542505e-06,1
3.967603e-05,0
0.001795679,0
4.647561e-06,0
7.406084e-08,0
0.9973252,0
0.9994055,0
1.301976e-05,0
2.954387e-07,0
0.2266306,0
7.134883e-07,0
0.03249571,0
0.9997461,0
2.155186e-05,0
0.4280147,0
0.9913461,0
0.112358,0
0.9999977,0
2.925534e-07,0
0.9992261,0
0.002584958,0
7.581506e-06,0
0.112358,0
0.02475628,0
4.647561e-06,0
1.144208e-06,0
0.112358,0
0.9999924,0
3.377527e-07,0
0.9999996,0
2.00207e-05,0
0.03249571,0
0.9996356,0
0.112358,0
2.456574e-06,0
0.9999999,0
0.0001169034,0
0.000240213,0
