Score,Label
1,1
1,1
1,1
1,1
1,1
1,1
1,1
1,1
0.001497421,1
2.783657e-07,0
0.02136156,0
2.378842e-05,0
7.815813e-06,0
1.017752e-05,0
2.939105e-07,0
2.019008e-07,0
0.000470551,0
0.003624808,0
