Score,Label
0.3329922,1
0.7682014,1
0.993379,1
0.002211477,1
0.002211477,1
0.002211477,1
0.9659652,1
0.3329922,1
0.3329922,1
0.3329922,1
0.7127484,1
0.9016749,1
0.9016749,1
0.9016749,1
0.9016749,1
0.9016749,1
0.9994187,1
0.001559799,1
0.1562075,1
0.001559799,1
0.001559799,1
0.3329922,1
0.00662701,0
0.3327232,0
0.001559799,0
0.3329922,0
0.00662701,0
0.002211477,0
0.3329922,0
0.3327232,0
0.3329922,0
0.00662701,0
0.3327232,0
0.00662701,0
0.3329922,0
0.3329922,0
0.0002749261,0
0.3327232,0
0.3329922,0
0.3327232,0
0.00067811,0
0.3329922,0
0.0002749261,0
0.001559799,0
0.3329922,0
0.3329922,0
0.3329922,0
0.001559799,0
0.3329922,0
0.3329922,0
0.3329922,0
0.3329922,0
0.3329922,0
0.3329922,0
0.001559799,0
0.001559799,0
0.3329922,0
0.3329922,0
0.3327232,0
0.3329922,0
0.3329922,0
0.3327232,0
0.3327232,0
0.3329922,0
0.3329922,0
0.3329922,0
