Score,Label
0.1332885,1
0.001249281,1
0.0003271692,1
0.001249281,1
0.001249281,1
0.0003271692,1
0.9998314,1
0.1332885,1
0.1332885,1
0.1332885,1
0.002656623,1
0.002656623,1
0.002656623,1
0.002656623,1
0.002656623,1
0.002656623,1
0.009941491,1
0.009941491,1
0.2172357,1
0.009941491,1
0.1332885,1
5.344544e-05,0
0.1332885,0
0.1332885,0
0.1332885,0
0.1332885,0
0.1332885,0
0.1332885,0
0.001249281,0
0.1332885,0
5.344544e-05,0
0.1332885,0
0.1332885,0
5.344544e-05,0
5.344544e-05,0
0.1332885,0
0.0001220332,0
0.1332885,0
4.958211e-05,0
0.1332885,0
0.000147931,0
5.344544e-05,0
0.1332885,0
0.002214194,0
0.1332885,0
0.009941491,0
5.344544e-05,0
0.009941491,0
0.002214194,0
0.1332885,0
0.1332885,0
0.0001220332,0
0.1332885,0
0.0001220332,0
5.344544e-05,0
0.0001220332,0
5.344544e-05,0
0.0001220332,0
0.1332885,0
0.1332885,0
0.1332885,0
0.1332885,0
0.1332885,0
