Score,Label
1,1
0.9967308,1
1,1
4.144493e-05,1
0.0120579,1
0.0002062472,1
0.9995229,1
0.002076837,1
1,1
1,1
0.9971765,1
0.9999994,1
0.9999771,1
1,1
0.9999398,1
1,1
1,1
0.9999963,1
0.9994216,1
0.000237417,0
0.3188394,0
0.008956,0
0.001352887,0
0.001352887,0
5.078424e-05,0
0.4546942,0
0.9564403,0
0.0001686901,0
0.828771,0
0.001352887,0
0.0001700105,0
0.0007982228,0
0.5161771,0
0.9997477,0
0.9997208,0
0.9811687,0
0.9999999,0
6.68047e-05,0
