Score,Label
0.9999852,1
1,1
1,1
1,1
0.0006461873,1
0.0006461873,1
1,1
1,1
1,1
1,1
1,1
1,1
0.1806096,1
0.9999967,1
0.9999987,1
0.9999948,1
0.9999948,1
0.9999948,1
0.0006461873,1
0.0006461873,1
0.0006461873,1
4.59983e-09,0
2.695055e-12,0
4.59983e-09,0
0.0009824085,0
0.0006461873,0
3.18611e-10,0
4.699432e-05,0
5.433255e-09,0
1.445274e-09,0
0.9987912,0
0.009227562,0
2.412057e-06,0
5.208923e-12,0
4.59983e-09,0
1.568413e-10,0
1.269879e-09,0
2.738548e-05,0
9.67292e-09,0
0.02191991,0
0.02191991,0
8.931202e-10,0
