Score,Label
0.999617,1
0.6185495,1
0.999617,1
0.0009026586,0
7.676801e-10,0
0.5385509,0
1.901345e-06,0
7.676801e-10,0
0.697434,0
