Score,Label
0.9874183,1
1,1
1,1
0.999032,1
0.9958816,1
1,1
0.04116031,1
1,1
0.9993126,1
0.4538743,1
0.9993724,1
0.9999542,1
0.001712719,1
0.05614644,1
1,1
0.4226167,1
0.003209104,1
1,1
1,1
0.03216225,1
6.365305e-08,0
0.006204291,0
3.350839e-06,0
2.135354e-08,0
8.688985e-05,0
0.000403949,0
0.4177738,0
0.000403949,0
0.9984466,0
0.003453451,0
0.003352884,0
0.9937449,0
0.003453451,0
0.0004867233,0
0.003453451,0
3.166545e-07,0
0.7777452,0
0.0008139148,0
0.0001340145,0
0.0005020115,0
