Score,Label
0.0006321526,1
0.001082416,1
0.8711794,1
0.9163746,1
0.8711794,1
0.9998727,1
0.5972084,1
0.005693255,1
0.9999993,1
0.9999993,1
0.9990393,1
0.1406321,1
0.9990393,1
0.1341524,1
0.0003081465,1
0.9999999,1
0.001142517,1
0.3635887,0
0.0008016087,0
0.0006321526,0
0.3635887,0
0.0006321526,0
0.0004359205,0
0.0005392144,0
0.0003081465,0
0.0005392144,0
0.01028452,0
0.0002979806,0
0.0006321526,0
0.9982141,0
0.3635887,0
0.0005918999,0
0.3635887,0
0.0008778542,0
0.3635887,0
0.3635887,0
0.0005392144,0
0.001082416,0
0.0008778542,0
0.0008778542,0
0.0002979806,0
0.9982141,0
0.3635887,0
0.9982141,0
0.9982141,0
0.01028452,0
0.0005918999,0
0.0008016087,0
0.0005392144,0
0.9982141,0
0.0006321526,0
