Score,Label
0.0959221,1
0.0959221,1
0.0959221,1
0.8710786,1
0.02799708,1
1,1
0.001933352,1
1,1
1,1
1,1
0.9961861,1
1,1
1,1
1,1
1,1
1,1
1,1
0.002063964,1
0.0008735525,1
0.02955732,1
0.9770169,1
0.005357162,1
0.001427382,0
0.0005162605,0
0.01746793,0
0.06395858,0
0.9999931,0
0.06395858,0
0.0949628,0
0.8710786,0
0.002148199,0
0.006897355,0
0.0229036,0
0.06395858,0
0.003450371,0
0.004526414,0
0.01345875,0
0.02799708,0
0.0008067476,0
0.003307131,0
0.001195114,0
0.06395858,0
0.9999923,0
0.9229352,0
