Score,Label
0.07555322,1
0.07555322,1
0.07555322,1
0.00436562,1
0.3659117,1
0.07555322,1
0.1846392,1
0.9881958,1
0.6360861,1
0.9955782,1
0.3313694,1
0.3313694,1
0.9345614,1
0.3313694,1
0.01288585,1
0.3313694,1
0.6247736,1
0.6360861,1
0.6360861,1
0.6366062,1
0.6360861,1
0.6360861,1
0.8875409,1
0.9511061,1
0.6360861,1
0.9881958,1
0.3313694,1
0.002150836,1
0.3313694,1
0.0001911473,1
0.3313694,1
0.01288585,1
0.2225965,1
0.2225965,1
0.05789891,1
0.2225965,1
0.01417452,1
0.002624817,1
0.2225965,1
0.4370496,1
0.4370496,1
0.4370496,1
0.003900034,1
0.4370496,1
0.01417452,1
0.01417452,1
0.2225965,1
0.05789891,1
0.2225965,1
0.2225965,1
0.01417452,1
0.002624817,1
0.2225965,1
0.01417452,1
0.3313694,1
0.3313694,1
0.002150836,1
0.3313694,1
0.3313694,1
0.01288585,1
0.0001911473,1
0.3313694,1
0.01288585,1
0.2225965,0
0.3313694,0
0.6360861,0
0.2225965,0
0.6360861,0
0.6360861,0
0.6360861,0
0.2225965,0
0.2225965,0
0.6360861,0
0.6360861,0
0.3313694,0
0.01417452,0
0.9368563,0
0.9918461,0
0.3313694,0
0.2225965,0
0.01417452,0
0.2225965,0
0.9472116,0
0.9368563,0
0.6360861,0
0.2225965,0
0.2225965,0
0.6360861,0
0.003900034,0
0.01417452,0
0.3313694,0
0.6360861,0
0.05789891,0
0.2225965,0
0.2225965,0
0.6360861,0
0.01417452,0
0.9968165,0
0.6360861,0
0.3313694,0
0.2225965,0
0.2225965,0
0.9945347,0
0.6360861,0
0.01417452,0
0.1842529,0
0.2225965,0
0.3313694,0
0.2225965,0
0.5314357,0
0.01417452,0
0.8875409,0
0.6360861,0
0.2225965,0
0.2225965,0
0.6360861,0
0.05789891,0
0.2225965,0
0.9940501,0
0.1842529,0
0.01417452,0
0.2225965,0
0.5020518,0
0.6360861,0
0.3313694,0
0.07555322,0
