Score,Label
0.9999998,1
5.217728e-05,1
0.9743429,1
0.00794051,1
0.002129507,1
0.001633714,1
0.9865044,1
0.9999213,1
0.9999974,1
0.999982,1
1,1
0.001838196,1
9.768684e-07,1
0.9999976,1
1,1
0.9999025,1
1,1
0.9999996,1
1,1
1,1
1,1
1,1
0.9998026,1
1,1
1,1
0.9999892,1
0.1639712,0
0.01174568,0
3.290338e-05,0
0.02143056,0
0.9933707,0
0.9643663,0
0.1647437,0
0.9989699,0
0.9103387,0
0.002548361,0
0.01174568,0
0.007542286,0
0.9822584,0
0.7034274,0
0.1035643,0
0.9998814,0
0.9999977,0
0.1668179,0
0.1647437,0
2.9688e-05,0
0.04562167,0
0.005870841,0
0.001411425,0
0.9643663,0
0.005870841,0
0.03048018,0
