Score,Label
1,1
1,1
1,1
1,1
1,1
1,1
1,1
1,1
1,1
0.0003362337,1
1,1
1,1
1,1
0.0002661569,1
0.00180028,0
0.9999982,0
0.9999982,0
5.508909e-06,0
0.9999982,0
0.001450393,0
0.0001809913,0
0.1699769,0
0.000952513,0
2.05336e-06,0
4.625222e-08,0
2.496188e-06,0
2.271699e-07,0
0.0006323176,0
