Score,Label
0.0004116404,1
0.9911115,1
1.940379e-08,1
0.9904022,1
0.9596273,1
0.9898776,1
0.9899474,1
0.9899474,1
0.9902609,1
0.1541493,1
0.01712784,1
0.9899828,1
0.9898787,1
0.9898787,1
6.649143e-05,1
0.9905369,1
0.9898983,1
0.02796115,1
0.9904299,1
0.9904299,1
0.9894036,1
0.1225408,1
3.525224e-06,1
0.9903885,1
0.9899415,1
0.9894036,1
2.396338e-05,1
0.0004116404,1
0.4238937,1
0.9901323,1
0.9901323,1
0.0006906278,1
0.9894036,1
0.9894036,1
0.0001061111,1
0.4238937,1
1.110534e-08,0
0.0004116404,0
0.0004116404,0
3.525224e-06,0
0.0001551106,0
1.728162e-07,0
9.481103e-10,0
0.1960912,0
0.0009951304,0
5.472683e-06,0
0.4980456,0
1.161136e-06,0
0.009628195,0
2.956607e-06,0
0.0003422682,0
0.0003422682,0
0.0006906278,0
0.5675514,0
0.01525932,0
0.003157467,0
0.0004116404,0
5.472683e-06,0
0.0004116404,0
0.0004116404,0
1.057818e-09,0
0.764008,0
0.0004116404,0
2.396338e-05,0
0.0004116404,0
9.481103e-10,0
0.9894036,0
2.396338e-05,0
5.472683e-06,0
6.649143e-05,0
0.9894036,0
0.001250541,0
