Score,Label
0.200095,1
0.1789863,1
0.9999993,1
0.1789863,1
0.117302,1
0.9998073,1
0.9999604,1
0.4695245,1
0.9998073,1
0.4695245,1
0.4695245,1
0.7298521,1
0.3678662,1
0.9999757,1
0.9998941,1
0.200095,1
0.9999813,1
0.200095,1
0.200095,1
0.9856166,1
0.0413325,1
0.8939446,1
0.285655,1
0.02294532,1
0.285655,1
0.9998431,1
0.200095,1
0.0001279302,1
0.004901352,1
0.0002320813,1
0.0002320813,1
0.0002320813,1
0.9999998,1
0.9955572,1
0.200095,1
0.2153779,1
0.2153779,1
0.200095,1
0.2153779,1
0.001076694,1
0.001076694,1
0.9983873,1
0.8181219,1
0.9987207,1
0.285655,0
0.285655,0
0.200095,0
0.285655,0
0.0002320813,0
0.02294532,0
0.200095,0
0.285655,0
0.001076694,0
0.200095,0
0.01129317,0
0.285655,0
0.285655,0
0.285655,0
0.285655,0
0.200095,0
0.0751357,0
0.285655,0
0.285655,0
0.200095,0
0.200095,0
0.4095717,0
0.00155867,0
0.285655,0
0.285655,0
0.285655,0
0.285655,0
0.004901352,0
0.02294532,0
0.285655,0
0.0006328367,0
0.285655,0
0.285655,0
0.285655,0
0.285655,0
0.200095,0
0.285655,0
0.0001279302,0
0.285655,0
0.285655,0
0.005838635,0
0.200095,0
0.9998431,0
0.004901352,0
