Score,Label
4.62166e-05,1
7.518118e-06,1
4.62166e-05,1
7.518118e-06,1
7.518118e-06,1
0.6666278,1
4.62166e-05,1
7.518118e-06,1
0.6666278,1
7.518118e-06,1
7.518118e-06,1
7.518118e-06,1
7.518118e-06,0
0.6666278,0
0.6666278,0
0.6666278,0
7.518118e-06,0
7.518118e-06,0
0.6666278,0
0.6666278,0
7.518118e-06,0
0.6666278,0
0.6666278,0
7.518118e-06,0
0.6666278,0
7.518118e-06,0
0.6666278,0
7.518118e-06,0
7.518118e-06,0
7.518118e-06,0
7.518118e-06,0
7.518118e-06,0
7.518118e-06,0
0.6666278,0
0.6666278,0
0.6666278,0
