Score,Label
0.978812,1
0.5002148,1
0.9751275,1
0.500377,1
0.6670114,1
3.021054e-08,1
5.026927e-07,1
0.1455577,1
0.001254152,1
0.6670114,1
0.001254152,1
0.5002148,0
0.6670114,0
0.6670114,0
0.001254152,0
0.05314443,0
0.6670114,0
0.6670114,0
0.001254152,0
5.026927e-07,0
8.906369e-05,0
0.001254152,0
0.6670114,0
0.6670114,0
4.593353e-07,0
0.001254152,0
0.6670114,0
0.6670114,0
0.001254152,0
0.500377,0
0.6670114,0
0.6670114,0
0.5002148,0
