Score,Label
1,1
0.9999934,1
1,1
1,1
0.9999664,1
0.526381,1
6.766643e-10,0
0.000153051,0
0.1019249,0
0.01149077,0
0.0003768195,0
2.894431e-10,0
