Score,Label
1,1
0.9999999,1
0.9999999,1
3.413111e-06,0
0.004527248,0
0.0007810583,0
