Score,Label
1,1
1,1
1,1
0.9999993,1
1,1
0.9999999,1
0.9999999,1
0.5240687,1
3.101289e-05,1
0.5240687,1
0.9998567,1
0.9877399,1
3.101289e-05,0
2.153268e-08,0
2.716084e-06,0
5.117492e-05,0
2.174409e-06,0
0.0008256748,0
0.9952435,0
6.625122e-07,0
4.536394e-08,0
3.101289e-05,0
3.101289e-05,0
2.716084e-06,0
4.622444e-07,0
0.00152403,0
0.9952435,0
3.101289e-05,0
3.101289e-05,0
5.117492e-05,0
3.101289e-05,0
1.252217e-06,0
3.101289e-05,0
2.242643e-08,0
3.101289e-05,0
2.477596e-06,0
