Score,Label
4.983105e-07,1
1.583522e-08,1
1.583522e-08,1
0.7609082,1
1.150701e-07,1
4.983105e-07,1
1.583522e-08,1
1.583522e-08,1
4.983105e-07,1
4.983105e-07,1
0.875008,1
4.983105e-07,1
4.983105e-07,1
1.583522e-08,1
4.983105e-07,1
1.583522e-08,1
0.7609082,1
1.583522e-08,1
4.983105e-07,1
1.583522e-08,1
4.983105e-07,1
0.875008,0
4.983105e-07,0
4.983105e-07,0
4.983105e-07,0
4.983105e-07,0
4.983105e-07,0
4.983105e-07,0
4.983105e-07,0
4.983105e-07,0
4.983105e-07,0
0.875008,0
4.983105e-07,0
4.983105e-07,0
4.983105e-07,0
0.875008,0
4.983105e-07,0
0.875008,0
4.983105e-07,0
4.983105e-07,0
4.983105e-07,0
4.983105e-07,0
