Score,Label
1,1
0.9995281,1
0.9999948,1
0.9999948,1
0.9999948,1
0.9999948,1
1.689048e-06,0
3.89061e-08,0
0.0007866204,0
4.55127e-10,0
0.000175132,0
4.663766e-07,0
0.003800965,0
4.852834e-06,0
7.698903e-09,0
2.035592e-07,0
4.663766e-07,0
2.630396e-06,0
