Score,Label
1.669152e-06,1
7.050024e-07,1
0.04121325,1
7.050024e-07,1
4.848911e-06,1
0.0001555037,0
3.009704e-05,0
0.0005502179,0
0.0005502179,0
0.0005502179,0
0.003335635,0
0.00661754,0
0.0007954073,0
1.669152e-06,0
0.0002213115,0
