Score,Label
0.9999843,1
0.3296599,1
0.0004515376,1
0.09938668,1
0.2042699,1
1.510607e-05,1
0.9999843,1
0.3296599,1
1.000864e-08,1
0.9998754,1
3.507648e-07,1
6.362165e-06,1
1.40105e-05,0
0.002064104,0
7.780638e-06,0
4.19776e-07,0
2.060001e-05,0
0.9983746,0
0.002064104,0
0.9999456,0
0.001447956,0
0.0003819464,0
0.0006123465,0
0.6608971,0
