Score,Label
1.498065e-05,1
0.9978428,1
0.0001712009,1
0.000429375,1
0.532824,1
0.001742867,1
0.159308,1
0.3677216,1
0.000429375,0
0.001742867,0
0.003128103,0
0.5000252,0
0.9996673,0
0.190404,0
0.3957863,0
0.001742867,0
0.000429375,0
0.9995691,0
0.2291421,0
0.001742867,0
0.1423741,0
0.001742867,0
0.9995691,0
0.001742867,0
