Score,Label
4.18476e-05,1
0.000684025,1
4.18476e-05,1
4.18476e-05,1
0.1052768,1
4.18476e-05,1
0.000684025,1
4.18476e-05,1
4.18476e-05,1
0.1052768,1
0.0001480617,1
0.0001480617,1
0.0001480617,1
0.0003094218,1
4.18476e-05,1
0.000684025,1
4.18476e-05,1
4.18476e-05,1
0.02045164,1
0.000684025,0
0.2489341,0
4.18476e-05,0
5.798352e-05,0
0.000684025,0
4.18476e-05,0
0.5176359,0
0.5176359,0
5.798352e-05,0
0.2489341,0
4.666376e-05,0
4.735177e-05,0
0.2489341,0
0.000684025,0
4.735177e-05,0
0.5176359,0
0.2858307,0
4.735177e-05,0
0.000684025,0
0.2858307,0
0.2858307,0
0.2858307,0
0.0001030743,0
4.18476e-05,0
0.2858307,0
0.2489341,0
0.2489341,0
5.798352e-05,0
0.0001030743,0
0.2858307,0
0.5176359,0
0.000684025,0
4.18476e-05,0
4.666376e-05,0
4.18476e-05,0
4.666376e-05,0
0.2858307,0
0.5176359,0
