Score,Label
0.5711757,1
0.5711757,1
0.5711757,1
0.00245858,1
0.00245858,1
0.5711757,1
0.5711757,1
0.5711757,1
0.5711757,1
0.00245858,1
0.00245858,1
0.00245858,1
0.00245858,1
0.00245858,1
0.5711757,1
0.5711757,1
0.5711757,1
0.00245858,1
0.00245858,1
0.00245858,1
0.5711757,1
0.5711757,1
0.5711757,1
0.00245858,1
0.5711757,0
0.5711757,0
0.5711757,0
0.5711757,0
0.5711757,0
0.00245858,0
0.5711757,0
0.00245858,0
0.5711757,0
0.5711757,0
0.00245858,0
0.5711757,0
0.5711757,0
0.00245858,0
0.5711757,0
0.5711757,0
0.00245858,0
0.5711757,0
0.00245858,0
0.5711757,0
0.5711757,0
0.00245858,0
0.00245858,0
0.5711757,0
