Score,Label
0.01423582,1
0.01423582,1
0.01423582,1
1.481887e-05,1
3.57828e-05,1
3.57828e-05,1
3.57828e-05,1
0.9999998,1
2.105188e-05,1
2.105188e-05,1
2.105188e-05,1
0.9999769,1
1.342563e-07,1
9.422415e-06,1
1.6078e-07,1
1.6078e-07,1
1.6078e-07,1
0.675253,0
9.422415e-06,0
1.6078e-07,0
9.422415e-06,0
0.0001483403,0
1.342563e-07,0
1.208285e-05,0
5.292264e-07,0
1.342563e-07,0
1.342563e-07,0
1.342563e-07,0
0.675253,0
9.73332e-06,0
0.675253,0
1.6078e-07,0
5.292264e-07,0
1.6078e-07,0
