Score,Label
0.0002705395,1
0.9999998,1
0.9999417,1
0.998498,1
0.0002705395,1
0.0002705395,1
0.962447,1
0.9999552,1
0.009474223,1
0.004394297,1
0.001704712,0
0.003046229,0
0.003046229,0
0.000236966,0
3.161621e-05,0
2.940845e-08,0
6.5634e-06,0
0.1255041,0
0.000236966,0
0.9999897,0
1.957582e-06,0
2.940845e-08,0
1.957582e-06,0
0.0001210561,0
2.818689e-06,0
0.1973986,0
2.828766e-07,0
1.957582e-06,0
6.5634e-06,0
6.5634e-06,0
