Score,Label
0.0002997755,1
0.0002997755,1
0.3331912,1
3.978409e-08,1
0.0005265004,1
0.0002997755,1
0.0005265004,1
0.0002997755,1
3.978409e-08,1
3.978409e-08,1
3.978409e-08,0
0.0002997755,0
0.3331912,0
3.978409e-08,0
0.3331912,0
0.3331912,0
0.3331912,0
0.0002997755,0
0.0002997755,0
0.0002997755,0
0.0002997755,0
0.3331912,0
0.3331912,0
0.0002997755,0
0.3331912,0
3.978409e-08,0
0.0002997755,0
0.0002997755,0
0.0002997755,0
0.0002997755,0
