Score,Label
1,1
0.9969128,1
1,1
0.9999992,1
0.9999992,1
1,1
0.9972783,1
0.0005176167,1
0.06084701,1
0.9999979,1
0.9999979,1
0.004210667,1
2.939885e-05,0
0.0005176167,0
0.0002477544,0
0.8879818,0
0.333278,0
0.0001809951,0
0.999999,0
6.031164e-05,0
0.0005176167,0
0.0005176167,0
0.0005176167,0
0.9998253,0
6.031164e-05,0
6.943776e-05,0
6.943776e-05,0
1,0
0.333278,0
0.9999999,0
0.9999999,0
0.9999393,0
0.0005176167,0
0.001238251,0
1,0
4.24389e-05,0
