Score,Label
0.02797376,1
0.001077601,1
0.9995217,1
0.001638818,1
0.02596842,1
0.3233877,1
0.3109964,1
0.07406102,1
0.7002628,1
0.0008701422,1
0.9999418,1
0.9838092,1
0.9936541,1
0.3297216,1
0.0007320695,0
0.001103259,0
0.002229606,0
0.5039744,0
1.737923e-05,0
0.003819037,0
0.0003076865,0
2.956046e-06,0
0.3297216,0
0.9999981,0
0.9939362,0
0.000255839,0
0.0002195905,0
0.002229606,0
0.003819037,0
0.9939362,0
0.002229606,0
0.3297216,0
0.5296347,0
9.923256e-05,0
0.0001363932,0
0.002229606,0
0.002229606,0
0.5039744,0
0.002229606,0
0.002229606,0
5.400951e-06,0
0.9939362,0
