Score,Label
0.1250736,1
0.001545884,1
0.0002864774,1
0.1250736,1
0.0003172598,1
0.0001943888,1
0.2593121,1
0.001875092,1
0.01643904,1
0.002414474,1
0.001545884,1
0.0005131718,1
0.01012214,1
0.001176036,1
0.001875092,1
0.999824,1
0.5627357,1
0.001176261,1
0.0002414129,1
0.001545884,0
0.001545884,0
0.001363131,0
0.001875092,0
0.001545884,0
0.0001899743,0
0.0003172598,0
0.001545884,0
0.1250736,0
0.001363131,0
0.001176036,0
0.004812609,0
0.1250736,0
0.1250736,0
0.1250736,0
0.0001899743,0
0.1250736,0
0.5032021,0
0.1250736,0
0.001545884,0
0.1250736,0
0.0003172598,0
0.001875092,0
0.001545884,0
0.5032021,0
0.0002864774,0
0.0002738222,0
0.1250736,0
0.001875092,0
0.1250736,0
0.001176036,0
0.1250736,0
0.0002864774,0
0.001875092,0
0.001875092,0
0.001545884,0
0.001545884,0
0.1250736,0
