Score,Label
0.999999,1
1,1
0.9999692,1
0.9859001,1
0.9996173,1
0.9996173,1
0.9999906,0
0.007126221,0
0.1672055,0
0.003022547,0
0.007126221,0
0.2265891,0
0.01130462,0
3.893308e-05,0
0.9633718,0
0.003188023,0
6.562605e-06,0
0.01130462,0
