Score,Label
0.8800573,1
1,1
0.8800573,1
0.9996605,1
0.9999771,1
5.277122e-06,1
1.230164e-05,1
0.007265759,1
2.459892e-05,1
0.8800573,1
1,1
0.0001112818,1
1.230164e-05,1
0.05153833,1
0.4015715,1
1.230164e-05,0
0.02683003,0
2.459892e-05,0
3.189567e-05,0
1.096747e-05,0
5.582073e-07,0
0.0001112818,0
0.0001112818,0
6.861132e-06,0
0.002494435,0
1.06968e-06,0
0.6030801,0
0.001953988,0
0.0001112818,0
0.0001112818,0
