Score,Label
0.9999719,1
6.43211e-09,1
0.000190637,0
1.446291e-09,0
3.789604e-05,0
4.901635e-07,0
