Score,Label
0.002066731,1
3.575377e-07,1
0.002066731,1
0.9748589,1
0.9951572,1
3.575377e-07,1
0.9951572,1
0.9748589,1
0.0007990669,1
0.3002278,1
0.0007990669,1
0.0003341715,1
0.0007990669,1
0.3002278,1
0.0007990669,1
0.0003341715,1
0.9983292,1
0.3002278,1
0.9983292,1
0.9983292,1
0.0003341715,1
0.0001344382,1
0.9983292,1
0.9983292,0
0.0003341715,0
0.0003341715,0
0.3002278,0
0.3002278,0
0.3002278,0
0.0007990669,0
0.0003341715,0
0.3002278,0
3.575377e-07,0
0.3002278,0
0.3002278,0
3.575377e-07,0
0.0003341715,0
0.9990397,0
0.0003341715,0
0.3002278,0
3.575377e-07,0
0.3002278,0
0.3002278,0
0.9983292,0
0.3002278,0
0.3002278,0
0.3002278,0
0.3002278,0
0.9983292,0
0.0003341715,0
0.9990397,0
0.3002278,0
0.3002278,0
0.3002278,0
0.3002278,0
0.3002278,0
0.9983292,0
3.575377e-07,0
0.3002278,0
0.0007990669,0
0.9983292,0
0.3002278,0
0.3002278,0
0.3002278,0
0.3002278,0
0.3002278,0
0.3002278,0
0.9983292,0
0.0007990669,0
