Score,Label
0.009747038,1
0.9999989,1
0.9993586,1
0.9993231,1
1,1
0.9999943,1
0.9993256,1
0.1454633,1
1.699671e-06,1
3.934547e-07,0
5.606248e-06,0
0.1783654,0
0.5029057,0
0.0007379991,0
8.03435e-05,0
0.0003779936,0
3.613777e-08,0
0.004312931,0
0.9998043,0
0.001125186,0
0.009236307,0
0.004312931,0
0.004312931,0
1.008293e-06,0
3.85674e-09,0
8.03435e-05,0
0.004312931,0
