Score,Label
0.9999282,1
0.007785901,1
0.0001985171,1
2.322049e-05,0
1.460708e-05,0
0.0004157554,0
0.0001155746,0
0.0003530246,0
0.002620932,0
