Score,Label
0.1935215,1
0.1935215,1
0.1690738,1
0.1935215,1
0.1935215,1
0.1935215,1
0.1935215,1
0.7554791,1
0.7554791,1
0.2098033,1
0.2485813,0
0.7522765,0
0.2485813,0
0.2485813,0
0.7554791,0
0.7554791,0
0.2485813,0
0.2485813,0
0.2485813,0
0.7522765,0
0.2485813,0
0.2485813,0
0.2485813,0
0.7554791,0
0.7554791,0
0.7554791,0
0.7554791,0
0.2485813,0
0.2485813,0
0.2485813,0
