Score,Label
0.0001074472,1
0.9999975,1
0.08682601,1
0.9999907,1
0.9957454,1
0.9999993,1
0.994673,1
0.999993,1
4.923861e-05,1
0.9912313,1
3.648855e-06,1
0.0001074472,1
0.1432037,1
0.9980766,1
0.9742322,1
0.6820595,1
0.0001074472,0
0.0001074472,0
0.0001482131,0
4.923861e-05,0
3.470547e-05,0
8.943073e-06,0
0.0001074472,0
4.923861e-05,0
0.0001074472,0
0.0001074472,0
0.0001074472,0
3.470547e-05,0
1.599726e-05,0
2.759477e-06,0
0.003076107,0
0.003076107,0
0.0001074472,0
0.0001074472,0
0.0005753546,0
2.500798e-06,0
0.0005753546,0
0.0001074472,0
6.229257e-05,0
0.0001074472,0
2.759477e-06,0
2.68555e-05,0
0.004693117,0
0.003076107,0
2.759477e-06,0
1.043842e-05,0
0.00120282,0
0.0009409519,0
