Score,Label
0.0001453368,1
0.0001453368,1
9.496043e-05,1
0.2222762,1
0.9702185,1
0.9702185,1
0.2222762,1
0.0001453368,1
0.2222762,1
0.9702185,1
0.9702185,1
0.2222762,1
0.2222762,1
0.9702185,1
0.9702185,1
0.2222762,1
0.2222762,1
0.0001453368,1
0.0001453368,1
0.2222762,1
0.9702185,1
0.9702185,1
0.2222762,1
0.0001453368,1
0.0009287091,0
0.2222762,0
0.2222762,0
0.9702185,0
5.469629e-08,0
0.2222762,0
0.2222762,0
0.9702185,0
0.2222762,0
0.2222762,0
0.2222762,0
0.0009287091,0
5.469629e-08,0
5.469629e-08,0
0.0001453368,0
5.469629e-08,0
0.9702185,0
0.2222762,0
5.469629e-08,0
0.2222762,0
0.2222762,0
0.2222762,0
0.2222762,0
0.2222762,0
5.469629e-08,0
0.9702185,0
0.2222762,0
0.2222762,0
0.2222762,0
0.2222762,0
0.2222762,0
0.2222762,0
0.2222762,0
0.0001453368,0
0.2222762,0
0.2222762,0
0.0009287091,0
0.2222762,0
0.2222762,0
0.9702185,0
0.2222762,0
5.469629e-08,0
0.2222762,0
0.2222762,0
0.2222762,0
0.9702185,0
0.2222762,0
0.0001453368,0
