Score,Label
0.03738193,1
0.03738193,1
0.3604074,1
0.3604074,1
0.3604074,1
0.03738193,1
0.03738193,1
0.3604074,1
0.3604074,1
0.3604074,1
0.03738193,1
0.3604074,1
0.3604074,1
0.3604074,1
0.03738193,1
0.3604074,1
0.3604074,1
0.3604074,1
0.3604074,1
0.03738193,1
0.03738193,1
0.03738193,1
0.03738193,1
0.03738193,1
0.03738193,1
0.03738193,1
0.3604074,0
0.3604074,0
0.03738193,0
0.3604074,0
0.3604074,0
0.3604074,0
0.03738193,0
0.3604074,0
0.3604074,0
0.3604074,0
0.3604074,0
0.3604074,0
0.3604074,0
0.3604074,0
0.3604074,0
0.03738193,0
0.3604074,0
0.3604074,0
0.03738193,0
0.3604074,0
0.3604074,0
0.3604074,0
0.3604074,0
0.3604074,0
0.3604074,0
0.03738193,0
0.3604074,0
0.3604074,0
0.3604074,0
0.3604074,0
0.3604074,0
0.3604074,0
0.3604074,0
0.3604074,0
0.3604074,0
0.3604074,0
0.3604074,0
0.03738193,0
0.3604074,0
0.3604074,0
0.3604074,0
0.3604074,0
0.3604074,0
0.3604074,0
0.03738193,0
0.3604074,0
0.3604074,0
0.3604074,0
0.3604074,0
0.3604074,0
0.03738193,0
0.3604074,0
