Score,Label
0.9999996,1
0.9999996,1
0.9999996,1
1.475911e-07,1
1.475911e-07,1
0.9998889,1
1.475911e-07,1
0.9999901,1
1.475911e-07,1
0.9998889,1
1.475911e-07,1
1.475911e-07,1
0.9998889,1
1.475911e-07,1
4.453152e-07,1
2.757223e-06,1
0.9999998,1
3.084925e-06,1
2.757223e-06,1
2.178009e-06,0
0.9999996,0
0.9999996,0
3.084925e-06,0
2.757223e-06,0
3.084925e-06,0
2.757223e-06,0
1.475911e-07,0
2.757223e-06,0
0.9999998,0
1.475911e-07,0
0.9999996,0
0.9999998,0
7.324046e-08,0
2.757223e-06,0
2.757223e-06,0
0.9999998,0
1.475911e-07,0
0.9999998,0
