Score,Label
0.9999493,1
0.9999433,1
0.997794,1
0.997794,1
0.9639673,1
7.625892e-06,0
2.555777e-08,0
2.385116e-05,0
3.207178e-06,0
0.9490077,0
1.704622e-07,0
0.001729433,0
2.127113e-05,0
0.0002301101,0
3.616968e-09,0
