Score,Label
1,1
1,1
1,1
0.03006504,1
0.9873887,1
0.7877942,1
1,1
0.1644416,1
0.001160829,0
0.001079627,0
0.8708896,0
0.0003351957,0
0.0005237455,0
0.0001766771,0
7.095165e-05,0
0.0002969364,0
