Score,Label
0.8862966,1
0.003223759,1
0.003223759,1
0.8862966,1
0.8862966,1
0.003223759,1
0.003223759,1
0.8862966,1
0.02085903,1
0.0006563012,1
0.001179113,1
0.0003315621,1
0.0003315621,1
0.001179113,1
0.3331546,1
0.001179113,1
0.001179113,1
0.007449592,1
0.0266447,1
0.0266447,1
0.001179113,1
0.001179113,0
0.3331546,0
0.001179113,0
0.001179113,0
0.0003315621,0
0.3331546,0
0.3331546,0
0.001179113,0
0.001179113,0
0.3331546,0
0.3331546,0
0.0003315621,0
0.3331546,0
0.9951581,0
0.0001872694,0
0.3331546,0
0.3331546,0
0.9999585,0
0.000333038,0
0.3331546,0
0.3331546,0
0.000333038,0
0.000333038,0
0.001179113,0
0.0001872694,0
0.009160136,0
0.0003315621,0
0.001179113,0
0.009160136,0
0.3331546,0
0.001179113,0
0.3331546,0
0.001179113,0
0.0001872694,0
0.3331546,0
0.0006563012,0
0.001179113,0
0.001179113,0
0.3331546,0
0.001179113,0
2.394291e-05,0
0.0003315621,0
