Score,Label
1,1
1,1
1,1
0.9999999,1
1,1
1,1
1,1
1,1
0.0001258663,0
1.122085e-16,0
2.74531e-10,0
0.0005303621,0
1.931766e-10,0
7.833846e-13,0
1.368352e-10,0
4.766648e-07,0
2.527537e-09,0
2.527537e-09,0
3.298356e-15,0
3.6235e-13,0
2.241387e-06,0
2.741499e-11,0
5.997143e-14,0
4.66496e-11,0
