Score,Label
0.998625,1
0.0002838052,1
0.002527327,1
0.9985267,1
0.8706719,1
0.9999739,1
0.9999099,1
0.001333639,1
5.081268e-05,1
0.9999201,1
2.236498e-05,1
0.8648214,1
0.01180472,1
0.6737013,1
0.5562455,1
0.0004397605,1
0.000148181,0
0.0004633018,0
0.008882527,0
1.679848e-05,0
7.398672e-05,0
0.0006890778,0
0.0002522394,0
0.06384566,0
0.8648214,0
7.398672e-05,0
0.003276441,0
0.0004633018,0
3.326599e-05,0
0.0001982367,0
0.0006890778,0
0.998625,0
3.536063e-05,0
0.0004633018,0
1.568202e-05,0
0.001306675,0
0.002698769,0
0.003276441,0
1.320158e-05,0
1.568202e-05,0
0.998625,0
1.428693e-05,0
1.320158e-05,0
1.737093e-05,0
7.245808e-06,0
0.001306675,0
3.326599e-05,0
0.3330619,0
