Score,Label
0.9912894,1
0.7101616,1
0.9999992,1
0.9999994,1
0.9999249,1
0.9984497,1
1,1
0.9999046,1
0.9995804,1
0.09951366,1
0.9999999,1
0.9949508,1
0.08424763,1
0.9833397,1
0.9999959,1
0.0001834348,1
0.9921286,1
0.9624236,1
0.9999884,1
0.9921286,1
0.9624236,1
0.7101616,1
0.9912894,1
0.01342012,1
0.9897261,1
0.9897261,1
0.9912894,1
0.7599367,1
0.0007517472,1
0.0009247019,1
0.0001559181,1
0.0001559181,1
0.0002561544,0
3.402823e-05,0
0.1001185,0
0.1001185,0
0.3343979,0
0.3343979,0
1.267057e-06,0
0.0004232892,0
5.863077e-07,0
5.863077e-07,0
9.781859e-06,0
0.1001185,0
2.88943e-05,0
0.7101616,0
0.1001185,0
0.0001559181,0
0.1001185,0
0.004229213,0
0.1001185,0
8.035116e-05,0
0.7599367,0
8.035116e-05,0
5.863077e-07,0
0.1001185,0
0.06440857,0
9.781859e-06,0
2.290823e-05,0
0.1001185,0
0.0002561544,0
1.494623e-05,0
1.246473e-05,0
8.035116e-05,0
1.457186e-05,0
0.0007517472,0
0.134104,0
9.781859e-06,0
1.494623e-05,0
0.0002561544,0
2.88943e-05,0
1.457186e-05,0
0.0001559181,0
0.1001185,0
0.3343979,0
0.0004232892,0
6.0059e-06,0
0.1001185,0
0.134104,0
0.1001185,0
0.1001185,0
0.1001185,0
0.1001185,0
0.1001185,0
0.1001185,0
0.7599367,0
3.402823e-05,0
2.89492e-06,0
0.0004232892,0
0.0002561544,0
0.0009247019,0
0.1001185,0
0.1001185,0
1.457186e-05,0
0.1001185,0
0.0004081254,0
