Score,Label
0.888846,1
0.0002161521,1
0.5300175,1
0.0003606292,1
0.0001247373,1
0.09994358,1
0.0003606292,1
0.888846,1
0.0001247373,1
0.0003606292,1
0.0001247373,1
0.0003606292,1
0.0004236081,1
0.0004236081,1
0.0003606292,1
0.0001247373,1
0.09994358,1
0.0003606292,1
0.8539366,1
0.9599047,1
0.9599047,1
0.0001247373,1
0.0003606292,1
0.0001247373,1
0.0003606292,1
0.0001247373,0
0.09994358,0
1.97757e-07,0
0.09994358,0
0.0001247373,0
0.09994358,0
0.09994358,0
0.09994358,0
0.09994358,0
0.09994358,0
0.09994358,0
0.0003606292,0
0.0001247373,0
0.09994358,0
0.0001247373,0
0.888846,0
0.888846,0
0.0003606292,0
0.09994358,0
0.0001247373,0
0.09994358,0
0.09994358,0
1.97757e-07,0
0.888846,0
0.09994358,0
0.888846,0
0.888846,0
0.09994358,0
0.09994358,0
0.0001247373,0
0.888846,0
0.8539366,0
0.09994358,0
0.09994358,0
0.0003606292,0
0.09994358,0
0.888846,0
0.0001247373,0
0.0001247373,0
0.8539366,0
0.09994358,0
0.09994358,0
1.97757e-07,0
0.09994358,0
0.888846,0
0.09994358,0
0.09994358,0
0.09994358,0
0.0003606292,0
0.09994358,0
