Score,Label
0.4373015,1
0.0004969211,1
0.0004969211,1
0.0004969211,1
0.0006611935,1
0.0006611935,1
0.4373015,1
0.0006611935,1
0.4373015,1
0.0006611935,1
0.0004969211,1
0.0004969211,1
0.0004969211,1
0.0004969211,1
0.0006611935,1
0.0006611935,1
0.4373015,1
0.0006611935,1
0.0006611935,1
0.0006611935,1
0.0006611935,1
0.0006611935,1
0.0006611935,1
0.0006611935,1
0.0006611935,1
0.0006611935,1
0.0006611935,1
0.4373015,0
0.0006611935,0
0.0006611935,0
0.0006611935,0
0.4373015,0
0.0006611935,0
0.0006611935,0
0.0006611935,0
0.0006611935,0
0.0006611935,0
0.4373015,0
0.0006611935,0
0.0006611935,0
0.4373015,0
0.4373015,0
0.4373015,0
0.0006611935,0
0.4373015,0
0.0006611935,0
0.0006611935,0
0.0006611935,0
0.4373015,0
0.4373015,0
0.4373015,0
0.0006611935,0
0.0006611935,0
0.4373015,0
0.0006611935,0
0.4373015,0
0.4373015,0
0.4373015,0
0.0006611935,0
0.4373015,0
0.0006611935,0
0.4373015,0
0.4373015,0
0.0006611935,0
0.4373015,0
0.4373015,0
0.0006611935,0
0.0006611935,0
0.0006611935,0
0.0006611935,0
0.4373015,0
0.0006611935,0
0.0006611935,0
0.4373015,0
0.0006611935,0
0.0006611935,0
0.4373015,0
0.0006611935,0
0.4373015,0
0.4373015,0
0.4373015,0
