Score,Label
0.111123,1
0.111123,1
0.0001840847,1
0.0001840847,1
0.111123,1
0.111123,1
0.9473152,1
0.111123,1
0.111123,1
0.111123,1
0.000349084,1
0.000349084,1
0.9984204,1
0.9984204,1
0.000349084,1
0.000349084,1
0.000349084,1
0.000349084,1
0.111123,1
0.111123,1
0.000349084,1
0.000349084,1
0.9984204,1
0.000349084,1
0.000349084,1
0.111123,1
0.111123,0
0.111123,0
0.111123,0
0.0001840847,0
0.111123,0
0.0001840847,0
0.111123,0
0.0001840847,0
0.111123,0
0.0001840847,0
0.111123,0
0.111123,0
0.111123,0
0.111123,0
0.0001840847,0
0.111123,0
0.0001840847,0
0.0001840847,0
0.111123,0
0.0001840847,0
0.0001840847,0
0.111123,0
0.0001840847,0
0.111123,0
0.111123,0
0.111123,0
0.111123,0
0.111123,0
0.111123,0
0.111123,0
0.111123,0
0.111123,0
0.111123,0
0.111123,0
0.111123,0
0.111123,0
0.111123,0
0.111123,0
0.111123,0
0.111123,0
0.0001840847,0
0.111123,0
0.0001840847,0
0.111123,0
0.0001840847,0
0.0001840847,0
0.111123,0
0.111123,0
0.111123,0
0.0001840847,0
0.0001840847,0
0.0001840847,0
