Score,Label
1,1
1,1
1,1
0.8659689,1
1,1
1,1
0.003808657,1
0.003808657,1
3.22837e-05,1
0.7306193,1
9.66327e-10,0
0.6440051,0
3.477457e-08,0
1.891151e-12,0
3.449045e-05,0
8.622333e-08,0
3.738219e-11,0
1.070074e-08,0
4.051653e-05,0
2.30451e-06,0
2.609224e-08,0
4.004239e-08,0
1.120095e-10,0
5.969455e-11,0
2.30451e-06,0
2.649191e-05,0
9.538006e-09,0
0.001116246,0
6.781326e-07,0
0.4464147,0
