Score,Label
0.9891303,1
0.153805,1
0.999299,1
5.384764e-05,1
0.2285941,1
5.384764e-05,1
0.2285941,1
0.9990073,1
0.998916,1
0.3630216,1
0.998916,1
0.998916,1
0.3630216,1
0.9990073,1
0.9891303,1
0.153805,1
0.0003543733,1
0.9891303,1
0.153805,1
0.9891303,1
0.9891303,1
0.153805,1
0.0003543733,1
0.9891303,1
0.153805,1
0.9891303,1
0.9871924,1
2.670657e-07,1
0.00261624,1
0.153805,1
0.9891303,1
0.9891303,1
0.0003543733,1
0.9891303,1
0.153805,1
0.9891303,1
0.9891303,1
0.9921049,1
5.384764e-05,1
0.9921049,1
0.9966629,1
0.9987936,0
0.9891303,0
5.384764e-05,0
0.153805,0
0.9891303,0
0.153805,0
0.9891303,0
0.153805,0
0.9891303,0
0.9891303,0
0.153805,0
0.153805,0
0.153805,0
5.384764e-05,0
0.153805,0
0.153805,0
0.153805,0
0.153805,0
0.00261624,0
0.998916,0
0.153805,0
5.384764e-05,0
0.9891303,0
5.384764e-05,0
0.153805,0
0.153805,0
5.384764e-05,0
0.153805,0
0.153805,0
0.9891303,0
0.998916,0
5.384764e-05,0
0.153805,0
0.153805,0
0.0003543733,0
0.153805,0
0.00261624,0
0.153805,0
0.153805,0
6.645656e-05,0
0.153805,0
0.0003543733,0
0.153805,0
0.9891303,0
0.153805,0
0.9891303,0
0.00261624,0
0.00261624,0
0.153805,0
0.153805,0
0.153805,0
0.9891303,0
1.231962e-06,0
0.153805,0
0.153805,0
0.153805,0
0.153805,0
0.153805,0
0.00261624,0
0.998916,0
0.9891303,0
0.153805,0
0.153805,0
0.007586462,0
0.153805,0
0.153805,0
0.9891303,0
0.9891303,0
0.0003543733,0
0.153805,0
0.9891303,0
0.153805,0
0.998916,0
5.384764e-05,0
0.9891303,0
5.384764e-05,0
0.153805,0
0.00261624,0
0.153805,0
0.153805,0
0.9987936,0
0.153805,0
