Score,Label
0.0001977648,1
0.003405676,1
1,1
1,1
0.9999754,1
0.05832125,1
0.01092558,1
0.9999835,1
0.714748,1
0.6223772,1
0.9999882,1
0.9999921,1
0.9999541,1
0.9999946,1
0.00156015,1
0.9920136,1
0.4601281,1
0.9999979,1
1.911448e-05,1
0.9997568,1
0.001574139,1
0.9999962,1
0.9999998,1
0.0001977648,1
0.999817,1
0.9957118,1
0.9973097,1
8.252958e-05,0
8.657805e-05,0
0.0005941831,0
0.03316027,0
8.252958e-05,0
0.03175628,0
0.02866153,0
0.0001100962,0
0.7459607,0
3.016937e-05,0
3.018425e-05,0
3.016937e-05,0
4.550119e-05,0
7.366857e-06,0
0.04195209,0
0.1110133,0
7.366857e-06,0
0.0001526377,0
0.0005941831,0
8.252958e-05,0
0.000604396,0
0.0001100962,0
0.1110133,0
9.112334e-05,0
8.252958e-05,0
0.9930544,0
0.0001100962,0
1.367309e-05,0
0.167035,0
0.001958993,0
0.003405676,0
0.0002015186,0
3.018425e-05,0
1.845155e-06,0
0.1110133,0
0.0002447433,0
7.940317e-06,0
7.940317e-06,0
1.905587e-05,0
0.0599321,0
0.1110133,0
9.112334e-05,0
8.59202e-06,0
9.112334e-05,0
0.0001277279,0
0.1110133,0
0.003405676,0
0.0001100962,0
8.657805e-05,0
0.0001277279,0
0.0001318414,0
0.003405676,0
4.864695e-05,0
0.1110133,0
