Score,Label
1,1
1,1
1,1
0.9999992,1
1,1
1,1
5.661086e-06,0
4.945387e-06,0
7.606861e-06,0
3.253119e-05,0
8.788735e-05,0
5.661086e-06,0
8.788735e-05,0
7.261684e-06,0
4.820147e-05,0
7.606861e-06,0
4.250418e-05,0
3.253119e-05,0
