Score,Label
0.9999533,1
0.0008611414,1
1,1
1,1
1,1
0.9997587,1
0.9997608,1
0.9613795,1
0.1426975,1
0.9924634,1
0.9997608,1
0.9999975,1
0.9999229,1
0.9924634,1
0.9999975,1
0.9999229,1
1,1
0.9999533,1
0.9999975,1
0.0121289,1
0.9997813,1
0.001888105,1
0.1107563,0
3.602343e-10,0
3.502215e-05,0
0.9999439,0
0.1107563,0
0.0005760468,0
3.301868e-07,0
1.897444e-06,0
2.256982e-10,0
0.1107563,0
1.340559e-08,0
0.1107563,0
4.819376e-09,0
0.0005760468,0
3.031872e-07,0
1.133775e-06,0
3.301868e-07,0
0.9999439,0
0.00490285,0
3.884871e-07,0
3.301868e-07,0
3.152645e-10,0
0.1107563,0
1.162173e-08,0
1.340559e-08,0
1.133775e-06,0
7.073124e-08,0
1.133775e-06,0
0.1107563,0
3.50022e-06,0
5.685299e-09,0
1.548305e-05,0
0.1107563,0
1.087892e-07,0
9.665108e-05,0
3.301868e-07,0
0.0008611414,0
1.402231e-07,0
5.685299e-09,0
3.50022e-06,0
2.319177e-09,0
0.7558631,0
1.162173e-08,0
7.073124e-08,0
