Score,Label
0.002545563,1
0.002545563,1
8.098771e-06,1
0.001421534,1
0.002545563,1
0.002545563,1
8.098771e-06,1
0.9372491,1
0.4988961,1
0.428673,1
0.4988961,1
0.9987537,1
0.9987537,1
0.0003172093,1
0.06249122,1
0.4988961,1
5.713183e-05,1
0.8237163,1
0.4988961,1
0.3325494,0
0.3325494,0
0.002312141,0
0.428673,0
3.185175e-05,0
0.001085095,0
0.428673,0
0.4988961,0
3.722151e-05,0
0.002344409,0
0.3325494,0
8.018421e-05,0
0.3325494,0
0.001085095,0
0.000375882,0
0.3325494,0
0.001085095,0
0.002312141,0
3.188733e-06,0
3.185175e-05,0
3.722151e-05,0
0.001085095,0
8.018421e-05,0
0.001085095,0
8.018421e-05,0
0.428673,0
1.301269e-05,0
0.4988961,0
0.000375882,0
0.3325494,0
3.188733e-06,0
0.4988961,0
0.428673,0
0.428673,0
1.301269e-05,0
3.185175e-05,0
0.428673,0
0.000375882,0
