Score,Label
6.597003e-08,1
6.597003e-08,1
0.9940451,1
6.597003e-08,1
2.894184e-05,1
0.0002843653,1
0.0002843653,1
0.002907207,1
0.0002843653,1
0.272531,1
0.272531,1
0.272531,1
0.272531,1
0.272531,1
0.272531,1
0.0002843653,1
0.001848474,1
0.272531,1
0.272531,1
6.597003e-08,1
6.597003e-08,1
0.9940451,1
6.597003e-08,1
0.272531,1
0.272531,0
0.272531,0
0.0002843653,0
0.272531,0
0.272531,0
0.001848474,0
0.001848474,0
0.0002843653,0
0.272531,0
0.272531,0
0.272531,0
0.272531,0
6.597003e-08,0
6.597003e-08,0
0.272531,0
0.272531,0
0.001848474,0
6.597003e-08,0
0.001848474,0
0.272531,0
0.0003187013,0
0.272531,0
0.272531,0
0.272531,0
6.597003e-08,0
0.001848474,0
0.001848474,0
0.272531,0
0.272531,0
0.0002843653,0
0.001848474,0
0.0002843653,0
0.272531,0
0.001848474,0
0.272531,0
0.0003187013,0
0.272531,0
0.272531,0
0.001848474,0
0.0002843653,0
0.272531,0
0.0002843653,0
0.0002843653,0
0.272531,0
0.272531,0
0.0002843653,0
6.597003e-08,0
0.272531,0
