Score,Label
0.9861015,1
0.9904107,1
0.9971216,1
1,1
0.9749812,1
1,1
1,1
1,1
0.9999567,1
1,1
0.9999903,1
1,1
1.182546e-10,0
2.521217e-11,0
4.203707e-06,0
1.089468e-07,0
2.521217e-11,0
1.48124e-07,0
0.0001531588,0
0.9985657,0
1.483023e-09,0
0.0001692246,0
5.494159e-08,0
1.053352e-05,0
4.053804e-09,0
3.006967e-10,0
1.6946e-08,0
0.1149416,0
5.018621e-08,0
1.474553e-06,0
9.553126e-11,0
0.004700445,0
0.1530132,0
0.0001531588,0
0.9985657,0
1.182546e-10,0
