Score,Label
0.0001445487,1
0.7288513,1
0.998867,1
0.999576,1
0.0005390379,1
0.8264121,1
2.846089e-05,1
2.846089e-05,1
2.846089e-05,1
0.9999987,1
0.9999987,1
0.9999994,1
0.0001445487,1
0.7288513,1
0.998867,1
0.985238,1
2.846089e-05,0
6.986726e-07,0
0.0001445487,0
1.746734e-05,0
0.9999163,0
1.068231e-05,0
0.0003226493,0
0.0001445487,0
1.068231e-05,0
2.846089e-05,0
0.0002635098,0
5.342938e-06,0
0.0002635098,0
0.0002635098,0
2.838607e-05,0
1.068231e-05,0
1.746734e-05,0
2.846089e-05,0
2.846089e-05,0
2.846089e-05,0
0.0004186534,0
1.49587e-06,0
0.9999163,0
0.0002635098,0
1.068231e-05,0
0.0005390379,0
0.0002635098,0
0.0002635098,0
2.838607e-05,0
2.846089e-05,0
1.49587e-06,0
0.0002322659,0
