Score,Label
1,1
1,1
1,1
2.022617e-06,1
1,1
0.02737937,1
0.2450926,1
1,1
1,1
0.0001941322,1
2.106219e-06,0
1.700297e-05,0
1.324006e-08,0
2.022617e-06,0
1.700297e-05,0
8.585161e-05,0
0.2306928,0
6.692856e-08,0
1.189296e-05,0
2.40291e-06,0
1.069505e-08,0
4.879612e-07,0
0.0009082136,0
4.879612e-07,0
1.769719e-07,0
0.9999988,0
0.02011032,0
8.585161e-05,0
2.561312e-06,0
0.0002540883,0
