Score,Label
0.1665954,1
0.0005989191,1
0.1665954,1
0.0003263567,1
0.0005989191,1
0.1665954,1
0.0005538545,1
0.0005538545,1
0.09701029,1
0.0005538545,1
0.1665954,1
0.1665954,1
0.1665954,1
0.1665954,1
0.01554711,1
0.01554711,1
0.09701029,1
0.1665954,1
0.9999379,1
0.2638333,1
0.9999379,1
0.2638333,1
0.1665954,1
0.1665954,0
0.0005538545,0
0.1665954,0
0.1665954,0
0.1665954,0
0.1665954,0
0.9999379,0
0.1665954,0
0.1665954,0
0.1665954,0
0.1665954,0
0.0005989191,0
0.1665954,0
0.1665954,0
0.02065372,0
0.1665954,0
0.1665954,0
0.9999379,0
0.003701892,0
0.02065372,0
0.0005989191,0
0.0003263567,0
0.0005989191,0
0.0005538545,0
0.1665954,0
0.0005989191,0
0.1665954,0
0.0005989191,0
0.9999379,0
0.1665954,0
0.1665954,0
0.0005989191,0
0.0003263567,0
0.1665954,0
0.1665954,0
0.0005989191,0
0.9996978,0
0.1665954,0
0.1665954,0
0.001285597,0
0.1665954,0
0.1665954,0
0.1665954,0
0.003701892,0
0.1665954,0
0.1665954,0
