Score,Label
0.9995748,1
1,1
0.9999999,1
1,1
0.9954136,1
1,1
1,1
5.686462e-05,1
1,1
1,1
0.001065205,0
0.0008329886,0
0.0008329886,0
0.0008329886,0
0.0008329886,0
4.543555e-07,0
4.543555e-07,0
2.059809e-06,0
0.0005077079,0
2.067108e-07,0
0.3422008,0
2.067108e-07,0
0.02124271,0
8.510034e-05,0
0.0005077079,0
4.543555e-07,0
0.3422008,0
1.713937e-07,0
7.542482e-07,0
1.417178e-05,0
