Score,Label
0.9996324,1
0.9996324,1
0.004120682,1
1.603667e-06,0
0.0003304916,0
4.838518e-07,0
7.075293e-05,0
5.730325e-06,0
2.839262e-09,0
