Score,Label
1,1
1,1
1,1
1,1
1,1
1,1
1,1
0.003042937,1
0.9999999,1
0.9999999,1
0.9999999,1
1.452939e-08,0
2.785227e-09,0
0.001437944,0
2.375554e-07,0
5.227246e-08,0
9.866048e-10,0
0.9997846,0
2.936075e-08,0
1.15467e-06,0
4.409286e-12,0
3.371509e-07,0
9.866048e-10,0
1.044634e-06,0
1.755668e-10,0
7.49225e-06,0
5.227246e-08,0
1.05999e-06,0
0.9997846,0
1.92469e-06,0
0.0007416525,0
9.866048e-10,0
2.595192e-12,0
