Score,Label
0.5788072,1
0.5788072,1
0.982113,1
0.999998,1
9.867244e-05,1
1,1
0.999998,1
0.001426911,1
0.9941252,1
0.9999962,1
0.999897,1
0.9999652,1
0.999897,1
0.9999652,1
0.0002094547,0
0.3451549,0
0.0001173442,0
0.1507378,0
0.9869754,0
0.0003685484,0
0.001426911,0
0.0003685484,0
3.176654e-05,0
0.0002094547,0
0.0003685484,0
0.0002094547,0
0.0002094547,0
9.933379e-06,0
0.0001173442,0
0.0003685484,0
9.933379e-06,0
0.1087717,0
9.867244e-05,0
9.233991e-05,0
0.001426911,0
0.0001117247,0
2.756287e-06,0
7.486779e-06,0
7.956197e-07,0
0.001426911,0
0.0002094547,0
0.0006891707,0
