Score,Label
0.3990491,1
0.004453616,1
0.3990491,1
0.004453616,1
0.004453616,1
0.004453616,1
0.004453616,1
0.006916947,1
0.004453616,1
0.006916947,1
0.004453616,1
0.3990491,1
0.004453616,1
0.004453616,1
0.3990491,1
0.004453616,1
0.004453616,1
0.3990491,1
0.3990491,1
0.004453616,1
0.3990491,1
0.004453616,1
0.006916947,1
0.004453616,1
0.004453616,1
0.3990491,1
0.004453616,1
0.004453616,1
0.3990491,0
0.3990491,0
0.3990491,0
0.004453616,0
0.3990491,0
0.3990491,0
0.3990491,0
0.004453616,0
0.3990491,0
0.004453616,0
0.3990491,0
0.3990491,0
0.3990491,0
0.3990491,0
0.3990491,0
0.3990491,0
0.3990491,0
0.3990491,0
0.3990491,0
0.3990491,0
0.3990491,0
0.3990491,0
0.3990491,0
0.3990491,0
0.3990491,0
0.004453616,0
0.3990491,0
0.004453616,0
0.3990491,0
0.3990491,0
0.004453616,0
0.3990491,0
0.3990491,0
0.3990491,0
0.004453616,0
0.3990491,0
0.3990491,0
0.3990491,0
0.3990491,0
0.004453616,0
0.3990491,0
0.3990491,0
0.3990491,0
0.3990491,0
0.3990491,0
0.3990491,0
0.3990491,0
0.004453616,0
0.3990491,0
0.004453616,0
0.3990491,0
0.3990491,0
0.3990491,0
0.004453616,0
0.3990491,0
0.3990491,0
