Score,Label
0.02387416,1
0.397903,1
0.0003426741,1
0.9966479,1
5.333467e-07,1
0.0002381647,1
0.01179281,1
8.395441e-07,1
8.395441e-07,1
8.045344e-05,1
0.0002051395,1
0.000206318,1
0.9393063,1
0.2862015,1
0.8194978,1
0.002238331,1
0.01179281,1
8.395441e-07,1
8.045344e-05,1
7.55656e-06,1
0.0755097,1
0.001402761,1
0.5398067,1
0.002043394,1
0.4070097,1
0.9323339,1
4.923594e-07,1
0.2193852,1
0.02387416,1
0.4070097,1
0.9323339,1
4.923594e-07,1
0.2193852,1
0.01143793,1
1.1947e-05,0
5.333467e-07,0
4.422342e-07,0
0.002043394,0
0.01485132,0
0.397903,0
0.397903,0
0.331456,0
0.001402761,0
8.395441e-07,0
0.9699299,0
0.397903,0
0.397903,0
8.395441e-07,0
0.397903,0
0.1306413,0
0.002238331,0
0.001402761,0
4.923594e-07,0
0.3329721,0
0.000169172,0
0.1306413,0
8.395441e-07,0
0.397903,0
0.000169172,0
0.331456,0
0.002238331,0
0.397903,0
0.8230276,0
0.397903,0
0.397903,0
0.397903,0
0.397903,0
1.1947e-05,0
0.397903,0
0.397903,0
8.395441e-07,0
0.000169172,0
4.626445e-05,0
0.397903,0
0.397903,0
0.397903,0
0.3329721,0
4.923594e-07,0
0.002238331,0
0.397903,0
0.8230276,0
0.002238331,0
0.331456,0
0.002238331,0
4.626445e-05,0
0.002238331,0
2.955354e-05,0
0.001402761,0
0.002043394,0
0.002238331,0
0.002238331,0
0.002043394,0
5.333467e-07,0
0.002123342,0
8.395441e-07,0
0.397903,0
0.397903,0
0.6791423,0
0.6791423,0
0.002238331,0
0.01485132,0
0.397903,0
