Score,Label
0.3335589,1
0.3335589,1
0.9882485,1
0.9882485,1
0.9882485,1
0.9945948,1
0.003059438,1
0.9958475,1
4.302549e-05,1
0.002511387,1
0.002511387,1
0.002511387,1
0.002511387,1
0.2513902,1
0.1938565,1
9.593321e-05,1
0.3335589,1
0.3335589,1
0.3335589,1
0.5025455,1
0.002511387,1
9.115237e-05,1
9.115237e-05,1
9.115237e-05,1
0.0008641449,1
9.593321e-05,1
0.3335589,1
0.3335589,1
0.5025455,1
0.002511387,1
0.3335589,1
0.3335589,1
9.593321e-05,1
0.3335589,1
0.3335589,1
0.5025455,1
0.002511387,1
0.3335589,1
9.593321e-05,1
0.3335589,1
0.3335589,1
0.5025455,1
0.002511387,1
0.3335589,1
0.3335589,0
0.3335589,0
9.593321e-05,0
0.3335589,0
0.3335589,0
0.3335589,0
0.3335589,0
0.3335589,0
0.002511387,0
0.3335589,0
0.002511387,0
0.3335589,0
9.115237e-05,0
0.3335589,0
0.3335589,0
0.9882485,0
0.3335589,0
0.9882485,0
0.3335589,0
9.593321e-05,0
0.3335589,0
0.3335589,0
0.3335589,0
0.3335589,0
0.3335589,0
0.5025455,0
0.001261531,0
0.3335589,0
9.115237e-05,0
0.3335589,0
0.3335589,0
0.5025455,0
0.3335589,0
0.3335589,0
0.3335589,0
0.3335589,0
0.3335589,0
0.3335589,0
0.3335589,0
0.002511387,0
0.3335589,0
9.593321e-05,0
0.3335589,0
0.9882485,0
0.3335589,0
0.002511387,0
0.3335589,0
0.002511387,0
0.3335589,0
0.3335589,0
0.3335589,0
0.3335589,0
9.115237e-05,0
9.115237e-05,0
0.3335589,0
0.3335589,0
0.3335589,0
0.3335589,0
0.002511387,0
0.3335589,0
0.3335589,0
0.3335589,0
9.593321e-05,0
0.3335589,0
0.5025455,0
0.9882485,0
0.3335589,0
0.002511387,0
0.001261531,0
0.3335589,0
0.9882485,0
0.3335589,0
0.3335589,0
0.3335589,0
0.5025455,0
0.3335589,0
0.3335589,0
0.3335589,0
0.3335589,0
0.3335589,0
0.3335589,0
0.002511387,0
0.3335589,0
9.115237e-05,0
0.3335589,0
0.3335589,0
0.9882485,0
0.3335589,0
