Score,Label
0.9999979,1
0.9999961,1
0.4217724,1
0.07983717,1
0.00146128,1
0.9783863,1
0.9998584,1
0.9999875,1
0.9999769,1
0.01708023,1
0.9999585,1
0.0001825479,0
1.379814e-08,0
0.1995242,0
0.4217724,0
3.309198e-07,0
0.1278323,0
5.167863e-06,0
2.415681e-06,0
0.9720978,0
3.768457e-05,0
1.546196e-06,0
0.08086695,0
6.926568e-05,0
0.1995242,0
4.081529e-06,0
0.9720978,0
1.985434e-06,0
0.0002777067,0
0.0004373133,0
1.973694e-07,0
2.56821e-05,0
1.296275e-05,0
