Score,Label
0.8450767,1
0.4668487,1
0.9938544,1
0.9938544,1
0.4668487,1
0.9938544,1
0.9938544,1
0.4668487,1
0.9938544,1
0.9938544,1
0.9800063,1
0.8450767,1
0.8450767,1
0.4668487,1
0.9938544,1
0.8450767,1
0.9938544,1
0.6055833,1
0.9938544,1
0.8450767,1
0.9938544,1
0.4668487,0
0.4668487,0
0.003401209,0
0.003401209,0
0.4668487,0
0.4668487,0
0.4668487,0
0.4668487,0
0.003401209,0
0.4668487,0
0.4668487,0
0.003401209,0
0.4668487,0
0.4668487,0
0.4668487,0
0.8450767,0
0.4668487,0
0.4668487,0
0.4668487,0
0.4668487,0
0.4668487,0
