Score,Label
0.3304793,1
0.3304793,1
0.2732624,1
0.3304793,1
0.2732624,1
0.3304793,1
0.2732624,1
0.3304793,1
0.6634688,1
0.6634688,1
0.6634688,1
0.07703854,1
0.0005012065,1
0.2732624,1
0.3304793,1
0.3304793,1
0.2732624,1
0.3304793,1
0.3304793,1
0.3304793,1
0.2732624,1
0.9664735,1
0.9924993,1
0.9664735,1
0.9924993,1
0.2732624,1
0.3304793,1
0.391764,1
0.7523761,1
0.0106418,1
0.3304793,1
0.2732624,1
0.0106418,1
0.3304793,1
0.2732624,1
0.3304793,1
0.3304793,1
0.3304793,1
0.2732624,1
0.0106418,1
0.07703854,0
0.2732624,0
0.0005012065,0
0.6634688,0
0.2732624,0
0.2732624,0
0.9985785,0
0.7523761,0
0.3304793,0
0.3304793,0
0.2732624,0
0.2732624,0
0.2732624,0
0.9987761,0
0.0106418,0
0.2732624,0
0.9987761,0
0.2732624,0
0.6634688,0
0.2732624,0
0.3304793,0
0.2732624,0
0.1261634,0
0.2732624,0
0.005310772,0
0.6634688,0
0.391764,0
0.6634688,0
0.3304793,0
0.6634688,0
0.2732624,0
0.0106418,0
0.9924993,0
0.2732624,0
0.998809,0
0.3304793,0
0.2732624,0
0.9924993,0
0.0005012065,0
0.2732624,0
