Score,Label
1,1
1,1
2.098136e-06,1
1,1
0.9994641,1
2.098136e-06,0
3.291593e-08,0
6.432106e-10,0
2.543192e-12,0
3.291593e-08,0
