Score,Label
0.7999583,1
0.003017977,1
0.3999707,1
0.2865138,1
0.7143306,1
0.3999707,1
0.009457199,1
0.7999583,1
0.3999707,1
0.7999583,1
0.2865138,1
0.003017977,1
0.3999707,1
0.2206745,1
0.0002027634,1
0.2206745,1
0.2206745,1
0.0002027634,1
0.2206745,1
0.7999583,1
0.7999583,1
0.3999707,1
0.009457199,1
0.7999583,1
0.3999707,1
0.7999583,1
0.3999707,0
0.3999707,0
0.3999707,0
0.7999583,0
0.3999707,0
0.3999707,0
0.7999583,0
0.7999583,0
0.7999583,0
0.3999707,0
0.0002027634,0
0.3999707,0
0.7999583,0
0.0002027634,0
0.7999583,0
0.009457199,0
0.3999707,0
0.7999583,0
0.7999583,0
0.7999583,0
0.3999707,0
0.7999583,0
0.7999583,0
0.3999707,0
0.7999583,0
0.7999583,0
