Score,Label
0.9996821,1
3.09431e-05,1
0.08792977,1
0.0003080313,1
0.000126944,1
5.438895e-06,1
1,1
4.249724e-06,0
4.258885e-06,0
1.070521e-05,0
1.759715e-05,0
3.952919e-05,0
8.531651e-07,0
0.006974606,0
