Score,Label
2.253154e-05,1
0.9687601,1
0.9999938,1
0.9999998,1
0.003857171,1
0.7999758,1
0.003857171,1
0.1719335,1
0.0004612465,0
0.0001704203,0
0.1234333,0
3.750678e-06,0
0.0004612465,0
0.1997391,0
0.0001704203,0
0.0001704203,0
