Score,Label
0.7279229,1
0.04712118,1
0.413476,1
2.677155e-06,1
0.9999723,1
2.917255e-05,1
3.258922e-07,1
8.355057e-07,1
0.0001948278,1
1.48874e-07,1
1,1
0.0004018216,1
0.9765753,1
1,0
6.890772e-08,0
0.1859889,0
4.490313e-08,0
8.104465e-05,0
7.183797e-08,0
1.812712e-07,0
3.133249e-08,0
0.999981,0
3.462435e-05,0
0.02852977,0
7.268017e-06,0
3.376355e-07,0
