Score,Label
0.9998247,1
0.0007105976,1
0.8997893,1
0.01687013,1
0.9929699,1
0.9929699,1
0.5578389,1
0.9999969,1
0.9999969,1
1,1
1.462759e-06,1
0.002540126,1
0.5578389,1
0.9875847,1
0.001284205,1
0.001284205,1
6.597804e-05,1
0.0008394539,0
0.002028903,0
0.9999996,0
0.2479618,0
0.001772497,0
0.04449924,0
0.01189868,0
0.2479618,0
0.8341206,0
0.009927562,0
0.2479618,0
0.002268629,0
0.0009007105,0
2.404359e-06,0
6.908453e-05,0
0.9999996,0
5.830619e-06,0
