Score,Label
0.2310869,1
0.9971826,1
0.9976931,1
0.9939272,1
0.9939272,1
0.6273859,1
0.9976931,1
0.003525296,1
0.9976931,1
0.02027623,1
0.9976931,1
0.02027623,1
0.02027623,1
0.02027623,1
0.9966766,1
0.9952981,1
0.02027623,1
0.9983015,1
0.3337578,0
0.3337578,0
0.003525296,0
0.9976931,0
0.4991464,0
0.3337578,0
0.3337578,0
0.3337578,0
0.3337578,0
0.3337578,0
0.3337578,0
0.02027623,0
0.003525296,0
0.3337578,0
0.3337578,0
0.3337578,0
0.4991464,0
0.003525296,0
