Score,Label
0.9999995,1
0.9999979,1
0.0008477628,1
0.9997643,1
1,1
0.9895726,1
0.9999999,1
0.9999994,1
0.3335324,1
0.999999,1
0.9999985,1
0.9999998,1
0.9895726,1
0.9835727,1
0.9999994,1
0.3335324,1
0.999999,1
0.0006432337,0
0.999982,0
0.9950029,0
1.256604e-05,0
0.9915882,0
2.142642e-06,0
1.122102e-07,0
2.286316e-06,0
5.358691e-06,0
0.2670881,0
2.142642e-06,0
0.08615497,0
2.142642e-06,0
2.286316e-06,0
0.9990897,0
0.999982,0
1.494808e-06,0
