Score,Label
0.3823512,1
0.3823512,1
0.5563279,1
0.02523153,1
0.7045051,1
0.02523153,1
0.4898947,1
0.3823512,1
0.3823512,1
0.5563279,1
0.4898947,1
0.3823512,1
0.3823512,1
0.4898947,1
0.3823512,1
0.3823512,1
0.3823512,1
0.5563279,1
0.8304206,1
0.3823512,1
0.3823512,1
0.5563279,1
0.3823512,1
0.3823512,1
0.5563279,1
0.3823512,1
0.3823512,1
0.5563279,1
0.3823512,1
0.4898947,1
0.3823512,1
0.3823512,1
0.5563279,1
0.4898947,1
0.5563279,1
0.5563279,1
0.5563279,1
0.5563279,1
0.5563279,1
0.1730954,1
0.02523153,1
0.02523153,1
0.7784527,1
0.4898947,0
0.3823512,0
0.5563279,0
0.3823512,0
0.5563279,0
0.3823512,0
0.3823512,0
0.4898947,0
0.3823512,0
0.3823512,0
0.3823512,0
0.7784527,0
0.3823512,0
0.3823512,0
0.3823512,0
0.02523153,0
0.7784527,0
0.3823512,0
0.3823512,0
0.08667645,0
0.3823512,0
0.4898947,0
0.7784527,0
0.3823512,0
0.4888488,0
0.3823512,0
0.3823512,0
0.3823512,0
0.3823512,0
0.4898947,0
0.3823512,0
0.3823512,0
0.3823512,0
0.08667645,0
0.3823512,0
0.3823512,0
0.5563279,0
0.4898947,0
0.7784527,0
0.4898947,0
0.7784527,0
0.4898947,0
0.6923218,0
