Score,Label
1.037701e-06,1
0.9999038,1
0.9998984,1
0.9937956,1
0.9999403,1
0.7201418,1
0.9999869,1
0.9999928,1
0.999992,1
0.9997831,1
0.9998984,1
0.9951131,1
0.9999572,1
0.999992,1
0.999933,1
0.1000273,0
1.037701e-06,0
0.1000273,0
0.1000273,0
0.1000273,0
0.9491763,0
0.1000273,0
0.1000273,0
0.538395,0
0.538395,0
1.037701e-06,0
1.037701e-06,0
0.1000273,0
0.1000273,0
0.1000273,0
