Score,Label
1,1
0.9999993,1
0.9448582,1
1,1
1,1
0.9999996,1
0.0002763043,1
0.9230112,1
2.567538e-06,0
1.817853e-06,0
0.9009401,0
1.677095e-06,0
3.152837e-06,0
2.395675e-07,0
0.0009349591,0
0.9895297,0
