Score,Label
0.9999709,1
3.20567e-06,1
0.9999977,1
0.0497974,1
0.8763342,1
0.9999901,1
0.9995866,1
0.01289795,1
0.7507557,1
0.2567382,1
0.0004263361,1
0.1873796,0
1.598507e-05,0
0.1818457,0
0.5342156,0
0.01824552,0
0.9497555,0
6.194354e-06,0
0.1110959,0
0.8186792,0
0.415309,0
0.8603891,0
