Score,Label
1.850369e-05,1
1.427725e-05,1
0.9999074,1
0.9993205,1
0.9993205,1
0.9999074,1
0.9993205,1
0.9997814,1
3.653167e-05,1
0.9999074,1
3.653167e-05,1
9.814794e-09,1
3.251738e-11,1
2.410348e-05,1
9.814794e-09,1
3.653167e-05,1
0.5001032,0
0.5001032,0
0.5001032,0
0.5001032,0
0.9958928,0
0.5001032,0
3.251738e-11,0
0.5001032,0
0.5001032,0
3.251738e-11,0
0.9958928,0
0.5001032,0
0.5001032,0
3.251738e-11,0
3.251738e-11,0
0.5001032,0
