Score,Label
0.333013,1
0.04044853,1
0.9991804,1
0.9035798,1
0.7501329,1
0.001942285,1
0.1998301,1
0.666685,1
0.9657087,1
0.666685,1
0.0513545,1
0.0513545,1
0.008339879,1
0.008339879,1
0.1998301,1
0.666685,1
0.9657087,1
0.1998301,1
0.666685,1
0.9657087,1
0.1998301,1
0.666685,1
0.005404026,1
0.07080867,1
0.666685,1
0.7586188,1
0.9999938,1
0.9999938,1
0.005404026,1
0.0513545,1
0.008339879,1
0.333013,1
0.1998301,0
0.2796355,0
0.3871091,0
0.9964653,0
0.7409471,0
0.3871091,0
0.001677627,0
0.005404026,0
0.7501329,0
0.1998301,0
0.7501329,0
0.7501329,0
0.1998301,0
0.1998301,0
0.1998301,0
0.1998301,0
0.0006561339,0
0.333013,0
0.7501329,0
0.333013,0
0.001056016,0
0.666685,0
0.1998301,0
0.7501329,0
0.0006561339,0
0.1998301,0
0.1998301,0
0.0513545,0
0.01606645,0
0.1998301,0
0.666685,0
0.7501329,0
