Score,Label
0.9711263,1
7.309559e-07,1
0.9711263,1
0.7277513,1
1.128097e-05,1
0.005290074,1
0.9999857,1
0.0005552346,1
0.01859154,1
0.9999998,1
0.9999998,1
1,1
0.999992,1
0.0003377034,1
0.9999857,1
0.003010359,1
1,1
1,1
0.999992,1
0.004315274,0
0.1029264,0
2.506738e-07,0
0.3273065,0
0.001791136,0
0.00283371,0
1.278861e-05,0
6.536034e-05,0
7.6506e-06,0
5.141377e-05,0
0.02359279,0
0.001177486,0
0.3273065,0
0.9880446,0
0.9990034,0
0.3273065,0
0.0006096544,0
5.594929e-08,0
0.9973152,0
