Score,Label
0.9930039,1
1,1
1,1
0.0001712886,0
1.799462e-08,0
1.453061e-08,0
