Score,Label
0.02859553,1
0.9999712,1
1,1
0.918873,1
1,1
0.9999999,1
0.9991555,1
1,1
0.9899539,1
0.007063417,1
0.9999875,1
0.9419483,1
0.000326019,0
0.0003583201,0
0.0003583201,0
0.08110926,0
0.1670668,0
9.447973e-05,0
0.08110926,0
0.001552084,0
0.1867957,0
0.0001035683,0
0.9926288,0
0.01504797,0
