Score,Label
0.9999876,1
0.9950076,1
0.9997732,1
0.971688,1
0.9742292,1
0.001296943,1
0.009122551,1
0.01040919,1
0.999959,1
0.9999018,1
0.9999018,1
0.388131,1
0.9613147,1
0.999988,1
0.999905,1
0.009122551,1
0.01040919,1
0.999959,1
0.006151111,1
0.499908,0
0.0006219557,0
0.0005951544,0
0.001351417,0
0.03079296,0
0.001351417,0
0.0006219557,0
0.001351417,0
0.999905,0
0.005105284,0
0.999905,0
0.002632741,0
0.9999996,0
0.002632741,0
0.499908,0
0.9999996,0
0.0005951544,0
0.0007958574,0
0.0006219557,0
