Score,Label
0.8801564,1
0.8828322,1
0.9996332,1
0.9997923,1
0.9999994,1
0.9999993,1
0.0009830502,1
0.1250048,1
0.9996332,1
0.0009830502,1
0.9949229,1
0.08779751,1
0.06907931,1
0.9999686,1
0.0004415957,0
3.142696e-05,0
0.1250048,0
0.0004415957,0
0.1250048,0
0.1250048,0
0.1250048,0
0.0004415957,0
0.0004415957,0
3.142696e-05,0
3.142696e-05,0
0.1250048,0
0.1250048,0
0.1250048,0
