Score,Label
0.002136216,1
0.5711576,1
0.5711576,1
0.5711576,1
0.002136216,1
0.002136216,1
0.5711576,1
0.002136216,1
0.002136216,1
0.002136216,1
0.5711576,1
0.002136216,1
0.002136216,1
0.5711576,1
0.5711576,1
0.002136216,1
0.002136216,1
0.2025932,1
0.002136216,1
0.002136216,1
0.002136216,1
0.5711576,1
0.5711576,0
0.5711576,0
0.5711576,0
0.5711576,0
0.5711576,0
0.002136216,0
0.5711576,0
0.5711576,0
0.5711576,0
0.5711576,0
0.5711576,0
0.5711576,0
0.002136216,0
0.5711576,0
0.5711576,0
0.5711576,0
0.5711576,0
0.5711576,0
0.5711576,0
0.002136216,0
0.5711576,0
0.5711576,0
