Score,Label
0.0004112847,1
0.624936,1
0.624936,1
0.624936,1
0.0004112847,1
0.0004112847,1
0.0004112847,1
0.0004112847,1
0.0004112847,1
0.0007361892,1
0.624936,1
0.624936,1
0.624936,1
0.0004112847,1
0.624936,1
0.624936,1
0.624936,1
0.0004112847,1
0.624936,1
0.624936,1
0.624936,1
0.0004112847,1
0.0007361892,1
0.0004112847,1
0.0004112847,1
0.0004112847,1
0.410961,1
0.624936,0
0.624936,0
0.624936,0
0.624936,0
0.624936,0
0.624936,0
0.624936,0
0.624936,0
0.624936,0
0.0004112847,0
0.624936,0
0.624936,0
0.0004112847,0
0.0004112847,0
0.0004112847,0
0.624936,0
0.0004112847,0
0.0004112847,0
0.0004112847,0
0.624936,0
0.624936,0
0.624936,0
0.0004112847,0
0.624936,0
0.624936,0
0.624936,0
0.624936,0
