Score,Label
0.9999888,1
1,1
0.0002125288,1
0.99864,1
0.8367587,1
0.999999,1
0.006603734,1
0.8567203,1
0.9999195,1
1,1
0.9889495,1
1,1
0.9999915,1
0.373202,1
0.9997979,1
0.9938042,1
0.001746729,1
0.373202,0
0.000557318,0
0.002972561,0
0.005525029,0
6.449311e-05,0
0.9997979,0
0.9999998,0
0.1583902,0
8.555225e-05,0
0.9999956,0
1.542406e-05,0
0.4974959,0
3.480042e-05,0
0.9997436,0
0.005525029,0
0.006346059,0
7.500585e-05,0
