Score,Label
3.95543e-06,1
0.9999664,1
1,1
0.3025815,1
1,1
1,1
3.102238e-07,1
1,1
4.992622e-06,1
0.944918,1
0.9518384,1
1.444253e-07,1
1.506614e-07,1
1,1
2.133557e-05,0
0.9992234,0
1.17441e-05,0
0.004738471,0
1.006543e-07,0
1.381343e-06,0
0.0112397,0
0.004738471,0
0.9584993,0
1.17441e-05,0
2.403968e-08,0
2.133557e-05,0
2.133557e-05,0
0.9999759,0
