Score,Label
1,1
1,1
1,1
1,1
0.9999976,1
1,1
1.163956e-08,0
9.837012e-11,0
0.003228917,0
5.647001e-08,0
0.9970784,0
0.207657,0
