Score,Label
0.499949,1
0.5000436,1
0.0002516442,1
0.9999932,1
0.9999591,1
0.499949,1
0.0002650915,1
8.573969e-05,1
0.499949,1
9.852314e-05,1
0.8400171,1
0.000299225,1
0.9994574,1
0.9999591,1
0.499949,1
0.0002650915,1
8.573969e-05,1
0.499949,1
0.499949,1
0.9999591,1
0.499949,1
0.0002650915,1
8.573969e-05,1
0.499949,1
0.499949,0
0.5000436,0
0.499949,0
8.573969e-05,0
0.7652436,0
0.499949,0
0.499949,0
0.499949,0
0.499949,0
9.24348e-05,0
0.499949,0
0.499949,0
0.9999591,0
0.9999591,0
0.499949,0
0.499949,0
0.499949,0
0.499949,0
0.0003897376,0
0.0001895148,0
0.499949,0
0.499949,0
0.5000436,0
0.499949,0
