Score,Label
0.9999681,1
0.9999883,1
0.9999968,1
1.637969e-05,0
4.507502e-05,0
0.0003462338,0
