Score,Label
0.9991721,1
0.1401965,1
0.9957052,1
0.9980101,1
0.9980101,1
0.9957052,1
0.9957052,1
0.6624752,1
0.0008563632,0
1.20715e-07,0
4.351521e-12,0
0.008091541,0
2.279891e-06,0
4.351521e-12,0
0.7580935,0
5.809934e-11,0
2.279891e-06,0
3.733388e-11,0
1.66756e-06,0
0.0008563632,0
1.581234e-09,0
1.20715e-07,0
4.351521e-12,0
4.351521e-12,0
