Score,Label
0.8777044,1
0.9999831,1
0.001340283,1
0.001340283,1
0.9904315,1
0.001340283,1
0.001340283,1
0.001340283,1
0.001340283,1
0.001340283,1
0.0002697791,1
0.9999611,1
0.9998997,1
0.999999,1
0.0002697791,1
0.8777044,1
0.9999831,1
0.001729452,0
0.0984754,0
8.834309e-05,0
8.834309e-05,0
8.834309e-05,0
0.0001231416,0
8.834309e-05,0
0.0984754,0
8.834309e-05,0
0.0001062558,0
0.0004078923,0
3.214111e-05,0
0.0004111916,0
0.9968433,0
4.66959e-05,0
0.0001126337,0
8.834309e-05,0
8.834309e-05,0
0.0004565391,0
5.871336e-05,0
4.66959e-05,0
3.266446e-05,0
8.834309e-05,0
0.0984754,0
0.0001181863,0
0.01237004,0
8.834309e-05,0
8.834309e-05,0
8.834309e-05,0
8.834309e-05,0
0.4317767,0
0.0001062558,0
0.0001599356,0
0.0004111916,0
