Score,Label
0.003434714,1
0.9895344,1
0.0005358283,1
0.9996713,1
0.9985248,1
0.9985248,1
0.9985248,1
0.9990613,1
0.9994923,1
0.9996713,1
0.9990613,1
5.740136e-14,0
5.740136e-14,0
5.740136e-14,0
1.900014e-07,0
0.00745077,0
0.0005358283,0
7.650826e-10,0
1.900014e-07,0
1.900014e-07,0
1.900014e-07,0
4.369945e-15,0
4.369945e-15,0
4.369945e-15,0
1.900014e-07,0
1.900014e-07,0
5.810558e-07,0
2.632261e-07,0
4.355345e-10,0
1.900014e-07,0
1.900014e-07,0
3.876621e-10,0
4.369945e-15,0
