Score,Label
0.407279,1
0.8192546,1
1.278854e-06,1
0.9988845,1
0.9988845,1
0.0004708789,1
0.0004708789,1
0.0004708789,1
1.055433e-07,1
1.055433e-07,1
0.001986827,1
1.769751e-08,1
1.769751e-08,1
0.8192546,1
1.278854e-06,1
1.055433e-07,1
1.055433e-07,1
0.407279,1
8.180941e-10,0
1.004533e-11,0
1.136378e-11,0
1.004533e-11,0
8.054361e-08,0
1.004533e-11,0
2.493858e-05,0
0.001986827,0
1.136378e-11,0
1.004533e-11,0
1.004533e-11,0
1.004533e-11,0
0.001986827,0
0.0004708789,0
1.004533e-11,0
1.136378e-11,0
1.004533e-11,0
2.692517e-08,0
1.038655e-05,0
0.0004708789,0
2.235439e-08,0
2.235439e-08,0
1.004533e-11,0
1.769751e-08,0
2.692517e-08,0
2.235439e-08,0
1.004533e-11,0
1.136378e-11,0
2.692517e-08,0
1.004533e-11,0
2.692517e-08,0
8.054361e-08,0
8.59544e-11,0
1.004533e-11,0
2.235439e-08,0
2.235439e-08,0
