Score,Label
0.05328738,1
0.9777647,1
0.001040781,1
0.0005946743,1
0.1997387,1
0.0003998743,1
0.0005097368,1
0.0008910791,1
0.0003998743,1
0.0007195515,1
0.0003998743,1
0.1997387,1
0.0003998743,1
0.0003998743,1
0.0008910791,0
0.1997387,0
0.0007195515,0
0.1997387,0
0.7514125,0
0.1997387,0
0.1997387,0
0.6416209,0
0.999692,0
0.0007195515,0
0.0004677597,0
0.0007195515,0
0.0007195515,0
0.1997387,0
