Score,Label
0.00149905,1
1,1
0.00149905,1
0.0008662096,1
1,1
0.0008662096,1
0.999983,1
0.0009377077,1
0.0009377077,1
0.0001052494,1
0.8859286,1
1,0
1,0
0.999983,0
0.4998102,0
0.0008662096,0
9.700896e-05,0
0.02339179,0
0.4375262,0
1,0
0.0002570152,0
0.0008662096,0
