Score,Label
2.632068e-11,1
0.9997711,1
8.513058e-08,0
1.886144e-12,0
