Score,Label
0.0005629261,1
7.590433e-06,1
0.0005629261,1
0.9617864,1
5.167207e-05,1
7.21719e-14,0
0.9999182,0
0.9379588,0
0.001233402,0
0.9964875,0
