Score,Label
0.9999756,1
0.9997713,1
0.01132999,1
0.0001058345,1
0.1083861,1
0.0001023586,1
2.141254e-05,1
6.004066e-05,1
2.242057e-05,1
2.242057e-05,1
1.430732e-06,0
0.5466542,0
5.948648e-05,0
0.0001103405,0
2.757209e-05,0
0.4997837,0
0.07109187,0
0.5196951,0
0.0001502351,0
0.0007282759,0
