Score,Label
2.77097e-06,1
0.9981834,1
0.427679,1
0.427679,1
3.929845e-05,1
0.9803917,1
0.0002032585,1
0.6670304,1
7.772991e-06,1
0.3219518,1
3.929845e-05,1
0.427679,1
3.929845e-05,1
7.772991e-06,0
0.02723314,0
0.9980162,0
0.427679,0
0.427679,0
0.000107255,0
0.427679,0
0.002033604,0
3.929845e-05,0
0.9981834,0
0.000107255,0
0.8405702,0
2.77097e-06,0
