Score,Label
1.875186e-07,1
4.830205e-06,1
0.9990086,1
0.1374936,1
0.1374936,1
1.892753e-05,1
0.002244563,1
1.985688e-06,0
0.003176191,0
0.1864951,0
3.024421e-07,0
0.9904327,0
0.04523769,0
0.009831926,0
