Score,Label
0.0009130873,1
0.0009130873,1
0.333269,1
8.058642e-05,1
0.333269,1
0.333269,1
0.333269,1
0.333269,1
0.8035944,1
0.0009749922,1
0.0009749922,1
0.333269,1
8.058642e-05,1
0.0009749922,1
0.333269,1
0.333269,1
0.333269,1
0.333269,1
0.0009749922,0
0.0009749922,0
0.333269,0
0.333269,0
0.333269,0
0.0009130873,0
0.333269,0
0.333269,0
0.333269,0
0.333269,0
8.058642e-05,0
8.058642e-05,0
0.333269,0
0.0009749922,0
0.333269,0
0.333269,0
0.0009130873,0
0.9990932,0
