Score,Label
0.9998191,1
0.1199654,1
1.206674e-06,1
0.9999563,1
0.9999999,1
1.828226e-05,1
0.9999563,1
0.0009006771,1
0.9999563,1
0.0001864832,0
0.9999998,0
0.0007896395,0
1.91134e-05,0
1.828226e-05,0
0.8429873,0
9.512647e-05,0
0.0001864832,0
0.9999715,0
