Score,Label
0.9487749,1
0.005470364,1
0.005470364,1
0.005470364,1
0.005470364,1
0.9998212,1
0.0008446045,1
0.9998212,1
0.9682029,1
0.2282598,1
2.734074e-07,1
2.734074e-07,1
0.001639416,1
0.001639416,1
0.9998212,1
0.0004440207,1
2.734074e-07,1
0.001639416,1
0.9998212,1
2.734074e-07,1
0.005470364,1
0.9487749,1
0.001622921,1
0.001622921,1
0.001622921,1
0.9999956,1
0.7986829,1
0.9999956,1
0.9989102,1
0.04275836,1
0.1019836,1
0.1019836,1
0.5583728,1
0.5583728,1
0.9999956,1
0.0006146454,1
0.1019836,1
0.5583728,1
0.9999956,1
0.1019836,1
0.0001668011,0
3.823279e-11,0
1.345389e-05,0
3.823279e-11,0
0.0002289955,0
3.823279e-11,0
4.682766e-06,0
4.298645e-05,0
4.084175e-07,0
3.823279e-11,0
4.084175e-07,0
3.823279e-11,0
0.0001668011,0
4.084175e-07,0
3.823279e-11,0
3.823279e-11,0
3.823279e-11,0
3.823279e-11,0
4.682766e-06,0
4.084175e-07,0
0.9512169,0
3.823279e-11,0
0.0002289955,0
3.823279e-11,0
3.823279e-11,0
3.823279e-11,0
3.823279e-11,0
3.823279e-11,0
4.084175e-07,0
0.9867375,0
3.823279e-11,0
4.298645e-05,0
0.9512169,0
4.682766e-06,0
4.084175e-07,0
3.823279e-11,0
3.823279e-11,0
3.823279e-11,0
4.682766e-06,0
0.0005180259,0
3.823279e-11,0
3.823279e-11,0
4.084175e-07,0
3.823279e-11,0
3.823279e-11,0
3.823279e-11,0
3.823279e-11,0
3.823279e-11,0
3.823279e-11,0
3.823279e-11,0
3.823279e-11,0
3.823279e-11,0
1.345389e-05,0
3.823279e-11,0
1.345389e-05,0
3.823279e-11,0
4.084175e-07,0
4.298645e-05,0
3.823279e-11,0
0.002007111,0
4.682766e-06,0
4.298645e-05,0
3.823279e-11,0
0.02828276,0
3.823279e-11,0
3.823279e-11,0
0.002007111,0
4.682766e-06,0
4.682766e-06,0
3.823279e-11,0
1.345389e-05,0
3.823279e-11,0
3.823279e-11,0
3.823279e-11,0
3.823279e-11,0
3.823279e-11,0
4.298645e-05,0
3.823279e-11,0
4.084175e-07,0
3.823279e-11,0
