Score,Label
0.9907472,1
0.00400012,1
0.00400012,1
0.00400012,1
0.00400012,1
0.00400012,1
0.9988759,1
0.02503417,1
0.9988759,1
0.9942669,1
0.08819588,1
0.02503417,1
0.4879215,1
0.4879215,1
0.4408259,1
0.9988759,1
0.4879215,1
0.4879215,1
0.9988759,1
0.6090495,1
0.4879215,1
0.9991873,1
0.9785823,1
0.9991873,1
0.9991873,1
0.9999231,1
0.5699628,1
0.9999231,1
0.9987923,1
0.7491251,1
0.5699628,1
0.9815253,1
0.9815253,1
0.5699628,1
0.9999231,1
0.9815253,1
0.9815253,1
0.9999231,1
0.8252789,1
0.9815253,1
6.26398e-05,0
1.972965e-10,0
0.002700453,0
6.320225e-05,0
1.972965e-10,0
0.001847225,0
1.972965e-10,0
1.972965e-10,0
1.592713e-08,0
1.972965e-10,0
1.972965e-10,0
1.592713e-08,0
1.972965e-10,0
1.972965e-10,0
1.972965e-10,0
1.972965e-10,0
1.972965e-10,0
1.972965e-10,0
0.9624132,0
1.972965e-10,0
1.972965e-10,0
1.972965e-10,0
1.972965e-10,0
0.06532995,0
1.972965e-10,0
6.26398e-05,0
1.972965e-10,0
0.001872661,0
1.358068e-05,0
1.972965e-10,0
6.320225e-05,0
1.972965e-10,0
1.972965e-10,0
1.972965e-10,0
1.972965e-10,0
1.972965e-10,0
1.972965e-10,0
1.972965e-10,0
1.972965e-10,0
1.972965e-10,0
1.972965e-10,0
1.972965e-10,0
1.972965e-10,0
1.972965e-10,0
0.001847225,0
0.0009347132,0
6.26398e-05,0
6.26398e-05,0
6.320225e-05,0
0.9624132,0
6.26398e-05,0
1.972965e-10,0
0.001847225,0
0.001847225,0
1.972965e-10,0
6.267864e-05,0
1.972965e-10,0
0.001847225,0
0.001847225,0
1.972965e-10,0
1.972965e-10,0
1.592713e-08,0
1.305941e-05,0
1.972965e-10,0
1.592713e-08,0
1.972965e-10,0
1.972965e-10,0
1.972965e-10,0
1.972965e-10,0
6.26398e-05,0
0.001847225,0
1.972965e-10,0
1.972965e-10,0
1.972965e-10,0
1.972965e-10,0
1.972965e-10,0
1.972965e-10,0
1.592713e-08,0
0.0009347132,0
1.972965e-10,0
