Score,Label
0.9890473,1
0.2078055,1
0.2078055,1
0.2078055,1
0.9970091,1
0.06376841,1
0.9970091,1
0.9363257,1
0.968816,1
3.996227e-06,1
3.996227e-06,1
0.1013803,1
0.1013803,1
0.9970091,1
9.179558e-05,1
0.1013803,1
0.1013803,1
0.9970091,1
3.996227e-06,1
0.0140146,1
0.8641889,1
0.0140146,1
0.0140146,1
0.0140146,1
0.0140146,1
0.9999174,1
0.9970816,1
0.9999174,1
0.9987518,1
0.05428051,1
0.1605002,1
0.1605002,1
0.9931816,1
0.9931816,1
0.9999174,1
0.002708567,1
0.9931816,1
0.9931816,1
0.9999174,1
0.1605002,1
5.346195e-06,0
8.607099e-16,0
0.0004062825,0
8.607099e-16,0
8.607099e-16,0
1.282247e-10,0
8.607099e-16,0
7.822726e-06,0
8.607099e-16,0
2.943039e-06,0
7.822726e-06,0
8.607099e-16,0
1.282247e-10,0
1.282247e-10,0
8.607099e-16,0
7.822726e-06,0
8.607099e-16,0
7.822726e-06,0
8.607099e-16,0
7.822726e-06,0
1.282247e-10,0
0.0002193168,0
0.0002193168,0
0.0009484217,0
8.607099e-16,0
1.282247e-10,0
0.9304963,0
2.943039e-06,0
0.0009484217,0
2.704402e-07,0
8.607099e-16,0
8.607099e-16,0
1.282247e-10,0
1.282247e-10,0
2.943039e-06,0
7.822726e-06,0
8.607099e-16,0
7.822726e-06,0
8.607099e-16,0
8.607099e-16,0
1.282247e-10,0
8.607099e-16,0
0.0002193168,0
8.607099e-16,0
1.282247e-10,0
0.8383265,0
1.282247e-10,0
0.0009484217,0
8.607099e-16,0
2.943039e-06,0
1.282247e-10,0
8.607099e-16,0
8.607099e-16,0
8.607099e-16,0
8.607099e-16,0
8.607099e-16,0
8.607099e-16,0
8.607099e-16,0
8.607099e-16,0
8.607099e-16,0
1.282247e-10,0
8.607099e-16,0
8.607099e-16,0
5.346195e-06,0
8.607099e-16,0
2.943039e-06,0
1.282247e-10,0
8.607099e-16,0
8.607099e-16,0
0.0002911429,0
1.282247e-10,0
8.607099e-16,0
2.943039e-06,0
8.607099e-16,0
8.607099e-16,0
8.607099e-16,0
8.607099e-16,0
8.607099e-16,0
8.607099e-16,0
8.607099e-16,0
