Score,Label
0.999997,1
0.9999484,1
0.999997,1
0.9999986,1
0.9233448,1
0.2169465,1
4.469748e-05,1
0.9999757,1
0.9999957,1
0.02317512,1
4.469748e-05,1
0.9999957,1
0.9999957,1
4.469748e-05,1
0.9999983,1
0.9999983,1
0.9999983,1
0.9999454,1
0.998971,1
0.998971,1
0.9999983,1
0.9999983,1
0.9999983,1
0.9999983,1
0.9999983,1
0.9999983,1
0.9999983,1
0.9999864,1
0.9999983,1
0.9973384,1
0.9973384,1
0.9973384,1
0.9973384,1
0.9978436,1
0.9973384,1
0.9978436,1
0.9973384,1
0.9978436,1
0.9973384,1
0.9999933,1
0.9999933,1
0.9999963,1
0.998102,1
0.9985936,1
0.9999933,1
0.9999933,1
0.9999933,1
0.9999758,1
0.9985936,1
0.996953,1
0.9999933,1
0.9999933,1
0.9985936,1
0.9999933,1
0.9999654,1
0.9999933,1
0.9983743,1
0.9989116,1
0.9989116,1
0.9989116,1
0.9989116,1
0.9983743,1
0.9983743,1
0.9989116,1
0.9989116,1
0.9999803,1
0.9999803,1
0.9999803,1
0.9999423,1
0.03170247,1
0.9999803,1
0.9999803,1
0.9999803,1
0.9999803,1
5.33667e-05,1
0.9992113,1
0.9999803,1
0.9997277,1
0.9999803,1
5.33667e-05,1
0.9999803,1
0.9996495,1
0.9997867,1
0.9999803,1
2.540146e-13,0
2.540146e-13,0
8.505741e-06,0
2.540146e-13,0
4.291444e-11,0
2.540146e-13,0
2.540146e-13,0
5.052001e-09,0
2.540146e-13,0
2.540146e-13,0
2.540146e-13,0
5.052001e-09,0
0.0003032875,0
2.540146e-13,0
5.052001e-09,0
1.552729e-05,0
2.540146e-13,0
2.540146e-13,0
8.505741e-06,0
2.540146e-13,0
0.001094551,0
2.540146e-13,0
2.540146e-13,0
2.540146e-13,0
0.0008304949,0
2.540146e-13,0
2.540146e-13,0
2.540146e-13,0
2.010736e-05,0
5.052001e-09,0
8.505741e-06,0
2.540146e-13,0
2.540146e-13,0
8.505741e-06,0
5.052001e-09,0
4.291444e-11,0
2.540146e-13,0
2.540146e-13,0
2.540146e-13,0
2.540146e-13,0
2.540146e-13,0
2.540146e-13,0
2.540146e-13,0
2.540146e-13,0
0.0003032875,0
5.052001e-09,0
2.540146e-13,0
2.540146e-13,0
2.540146e-13,0
2.540146e-13,0
2.540146e-13,0
0.0008304949,0
2.540146e-13,0
4.291444e-11,0
2.540146e-13,0
2.540146e-13,0
0.0003032875,0
0.0003032875,0
2.540146e-13,0
0.0003032875,0
2.540146e-13,0
0.9821647,0
0.001094551,0
0.0008304949,0
8.505741e-06,0
2.540146e-13,0
2.540146e-13,0
2.540146e-13,0
2.540146e-13,0
0.9571372,0
8.505741e-06,0
0.0003032875,0
2.540146e-13,0
2.540146e-13,0
2.540146e-13,0
2.540146e-13,0
2.540146e-13,0
2.540146e-13,0
2.540146e-13,0
4.291444e-11,0
0.0003032875,0
2.540146e-13,0
2.540146e-13,0
5.052001e-09,0
