Score,Label
0.3286135,1
0.3286135,1
0.3286135,1
0.3286135,1
0.3286135,1
0.3286135,1
0.3286135,1
0.3286135,1
0.3286135,1
0.3286135,1
0.3286135,1
0.3286135,1
0.3286135,1
0.3286135,1
0.3286135,1
0.3286135,1
0.3286135,1
0.3286135,1
0.3286135,1
0.3464843,1
0.3286135,1
0.3464843,1
0.3464843,1
0.3286135,1
0.3464843,1
0.3464843,1
0.001588176,1
0.3464843,1
0.3464843,1
0.3464843,1
0.3464843,1
0.3464843,1
0.3464843,1
0.3464843,1
0.3464843,1
0.3286135,1
0.3286135,1
0.3286135,1
0.3286135,1
0.3286135,1
0.3286135,1
0.3286135,1
0.3286135,1
0.3286135,1
0.3286135,1
0.3286135,1
0.3286135,1
0.3286135,1
0.3464843,1
0.3286135,1
0.3286135,1
0.3286135,1
0.3286135,1
0.3286135,1
0.3286135,1
0.3286135,1
0.3286135,1
0.3286135,1
0.3286135,1
0.3286135,1
0.3286135,1
0.3286135,1
0.3286135,1
0.3464843,1
0.3464843,1
0.3464843,1
0.3464843,1
0.3464843,0
0.3464843,0
0.3464843,0
0.3464843,0
0.3464843,0
0.3464843,0
0.3464843,0
0.3464843,0
0.3464843,0
0.3464843,0
0.3464843,0
0.3464843,0
0.3464843,0
0.3464843,0
0.3464843,0
0.3464843,0
0.3464843,0
0.3464843,0
0.3464843,0
0.3464843,0
0.3464843,0
0.3464843,0
0.3464843,0
0.3464843,0
0.3464843,0
0.3464843,0
0.00340273,0
0.3464843,0
0.3464843,0
0.3464843,0
0.3464843,0
0.3464843,0
1.165718e-05,0
0.3464843,0
0.3464843,0
0.3464843,0
0.3464843,0
0.3464843,0
0.3464843,0
0.3464843,0
0.3464843,0
0.3464843,0
0.3464843,0
0.3464843,0
0.3464843,0
0.3464843,0
0.3464843,0
0.3464843,0
0.3464843,0
3.091845e-05,0
0.3464843,0
1.165718e-05,0
0.3464843,0
0.3464843,0
0.3464843,0
3.091845e-05,0
0.3464843,0
0.3464843,0
0.3464843,0
0.3464843,0
0.3464843,0
0.3464843,0
0.3464843,0
0.3464843,0
0.3464843,0
0.3464843,0
0.3464843,0
0.3464843,0
0.3464843,0
0.3464843,0
0.3464843,0
0.3464843,0
0.3464843,0
3.091845e-05,0
0.3464843,0
0.3464843,0
0.3464843,0
0.3464843,0
0.3464843,0
0.3464843,0
0.3464843,0
0.3464843,0
0.3464843,0
0.3464843,0
0.3464843,0
0.3464843,0
0.3464843,0
0.3464843,0
0.3464843,0
0.3464843,0
0.3464843,0
0.3464843,0
0.3464843,0
0.3464843,0
0.3464843,0
0.3464843,0
0.3464843,0
0.3464843,0
0.3464843,0
0.3464843,0
0.3464843,0
0.3464843,0
0.3464843,0
3.091845e-05,0
0.3464843,0
0.3464843,0
0.3464843,0
0.3464843,0
0.3464843,0
0.3464843,0
0.3464843,0
0.3464843,0
0.3464843,0
3.091845e-05,0
0.3464843,0
0.3464843,0
0.3464843,0
0.3464843,0
0.3464843,0
0.3464843,0
0.3464843,0
0.3464843,0
0.3464843,0
0.3464843,0
0.3464843,0
0.3464843,0
0.3464843,0
0.3464843,0
0.3464843,0
0.3464843,0
0.3464843,0
0.3464843,0
0.3464843,0
0.3464843,0
