Score,Label
0.1672275,1
0.1672275,1
0.1672275,1
0.1672275,1
0.1672275,1
0.1672275,1
0.1672275,1
0.1672275,1
0.1672275,1
0.1672275,1
0.1672275,1
0.1672275,1
0.1672275,1
0.1672275,1
0.1672275,1
0.1672275,1
0.1672275,1
0.1672275,1
0.1672275,1
0.3318425,1
0.1672275,1
0.3203166,1
0.3318425,1
0.1672275,1
0.3318425,1
0.3203166,1
0.0009415133,1
0.3203166,1
0.3318425,1
0.3318425,1
0.3318425,1
0.3318425,1
0.3318425,1
0.3318425,1
0.3318425,1
0.1672275,1
0.1672275,1
0.1672275,1
0.1672275,1
0.1672275,1
0.1672275,1
0.1672275,1
0.1672275,1
0.1672275,1
0.1672275,1
0.1672275,1
0.1672275,1
0.1672275,1
0.3318425,1
0.1672275,1
0.1672275,1
0.1672275,1
0.1672275,1
0.1672275,1
0.1672275,1
0.1672275,1
0.1672275,1
0.1672275,1
0.1672275,1
0.1672275,1
0.1672275,1
0.1672275,1
0.1672275,1
0.3318425,1
0.3318425,1
0.3318425,1
0.3318425,1
0.3318425,0
0.3318425,0
0.3318425,0
0.3318425,0
0.3318425,0
0.3318425,0
0.3318425,0
0.3318425,0
0.3318425,0
0.3318425,0
0.3318425,0
0.3318425,0
0.3318425,0
0.3318425,0
0.3318425,0
0.3318425,0
0.3318425,0
0.3318425,0
0.3318425,0
0.3318425,0
0.3318425,0
0.3318425,0
0.3318425,0
0.3318425,0
0.3318425,0
0.3318425,0
0.3318425,0
0.3318425,0
0.3318425,0
0.3318425,0
0.3318425,0
0.3318425,0
0.3318425,0
0.3318425,0
0.3318425,0
0.3318425,0
0.3318425,0
0.3318425,0
0.3318425,0
0.3318425,0
0.3318425,0
0.3318425,0
0.3318425,0
0.3318425,0
0.3318425,0
0.3318425,0
0.3318425,0
0.3318425,0
0.3318425,0
0.3318425,0
0.3318425,0
0.3318425,0
0.3318425,0
0.3318425,0
0.3318425,0
0.3318425,0
0.3318425,0
0.3318425,0
0.3318425,0
0.3318425,0
0.3318425,0
0.3318425,0
0.3318425,0
0.3318425,0
0.3318425,0
0.3318425,0
0.3318425,0
0.3318425,0
0.3318425,0
0.3318425,0
0.3318425,0
0.3318425,0
0.3318425,0
0.3318425,0
0.3318425,0
0.3318425,0
0.3318425,0
0.3318425,0
0.3318425,0
0.3318425,0
0.3318425,0
0.3318425,0
0.3318425,0
0.3318425,0
0.3318425,0
0.3318425,0
0.3318425,0
0.3318425,0
0.3318425,0
0.3318425,0
0.3318425,0
0.3318425,0
0.3318425,0
0.3318425,0
0.3318425,0
0.3318425,0
0.3318425,0
0.3318425,0
0.3318425,0
0.3318425,0
0.3318425,0
0.3318425,0
0.3318425,0
0.3318425,0
0.3318425,0
0.3318425,0
0.3318425,0
0.3318425,0
0.3318425,0
0.3318425,0
0.3318425,0
0.3318425,0
0.3318425,0
0.3318425,0
0.3318425,0
0.3318425,0
0.3318425,0
0.3318425,0
0.3318425,0
0.3318425,0
0.3318425,0
0.3318425,0
0.3318425,0
0.3318425,0
0.3318425,0
0.3318425,0
0.3318425,0
0.3318425,0
0.3318425,0
0.3318425,0
0.3318425,0
0.3318425,0
0.3318425,0
0.3318425,0
