Score,Label
0.8982764,1
6.413167e-14,1
6.413167e-14,1
4.709305e-10,0
2.158396e-11,0
2.055942e-06,0
9.800979e-11,0
1.167078e-11,0
1.041002e-06,0
