Score,Label
0.9093102,1
1.93282e-06,1
1.93282e-06,1
2.642911e-09,0
0.0185323,0
3.253888e-07,0
8.344556e-10,0
7.434857e-07,0
1.583179e-07,0
