Score,Label
0.89936,1
1.658123e-10,1
1.658123e-10,1
4.093021e-06,0
1.211135e-10,0
0.89936,0
9.491856e-07,0
1.571347e-07,0
4.093021e-06,0
