Score,Label
0.9117247,1
9.576602e-23,1
9.576602e-23,1
2.857983e-10,0
8.463959e-18,0
0.002281415,0
2.830905e-14,0
4.304993e-27,0
2.143126e-09,0
