Score,Label
0.9094276,1
4.305723e-16,1
4.305723e-16,1
1.447332e-09,0
4.708788e-08,0
8.901887e-09,0
8.901887e-09,0
4.828662e-06,0
0.9094276,0
