Score,Label
0.00129552,1
0.6664746,1
0.00129552,1
0.00129552,1
0.001351543,1
0.00129552,1
0.00129552,1
0.00129552,1
0.00129552,1
0.001351543,1
0.00129552,1
0.00129552,1
0.00129552,1
0.6664746,1
0.6664746,1
0.00129552,1
0.6664746,1
0.6664746,0
0.6664746,0
0.00129552,0
0.6664746,0
0.00129552,0
0.6664746,0
0.00129552,0
0.6664746,0
0.6664746,0
0.6664746,0
0.6664746,0
0.6664746,0
0.6664746,0
0.6664746,0
0.6664746,0
0.6664746,0
0.00129552,0
