Score,Label
3.453903e-06,1
0.8697221,1
0.9998242,1
1.711894e-10,0
2.720055e-12,0
1.920422e-05,0
