Score,Label
0.9999907,1
0.9999017,1
0.9999017,1
1.378235e-13,1
1.378235e-13,1
1.883666e-09,1
0.9999907,1
8.144412e-05,1
1.156567e-12,1
8.144412e-05,1
1.883666e-09,1
1.378235e-13,1
1.883666e-09,1
1.378235e-13,0
0.9999017,0
0.9999017,0
8.144412e-05,0
8.144412e-05,0
0.9999017,0
0.9999552,0
0.9999017,0
0.9999552,0
1.156567e-12,0
0.9999552,0
1.156567e-12,0
0.9999552,0
