Score,Label
0.01137208,1
0.004639084,1
0.004639084,1
0.9999869,1
0.9999213,1
0.004639084,1
0.001617803,1
0.001412263,1
1,1
0.001728945,0
0.001551631,0
0.004639084,0
0.0003953722,0
0.001412263,0
0.3997056,0
0.0005872558,0
0.004639084,0
0.001412263,0
