Score,Label
0.9999841,1
0.9999841,1
3.937539e-05,1
3.937539e-05,1
3.937539e-05,1
7.516122e-05,1
4.517835e-06,1
0.9999841,1
3.937539e-05,1
0.9999841,1
1.903076e-07,1
0.9999841,1
3.937539e-05,1
8.113281e-06,1
8.113281e-06,1
3.937539e-05,1
0.9999841,0
1.103924e-07,0
3.937539e-05,0
0.9999841,0
1.903076e-07,0
3.937539e-05,0
1.903076e-07,0
0.9999841,0
0.9999841,0
3.937539e-05,0
0.9999841,0
0.9999841,0
1.103924e-07,0
3.937539e-05,0
1.103924e-07,0
0.9999841,0
