Score,Label
0.0001712402,1
0.9926167,1
0.0001712402,1
0.0005164128,1
0.0005164128,1
0.0001712402,1
2.609588e-06,1
2.609588e-06,1
0.0001712402,1
0.2082604,1
0.9999093,1
0.9944693,1
0.0005164128,0
0.998762,0
0.1638641,0
0.0005164128,0
0.0005164128,0
0.0005164128,0
0.4090615,0
0.9926167,0
0.0005164128,0
0.6156979,0
0.0005164128,0
0.0001712402,0
