Score,Label
3.072284e-07,1
1.297824e-06,1
0.9645317,1
0.9645317,1
0.001534304,1
1.297824e-06,1
1.297824e-06,1
2.617869e-07,1
0.001534304,1
0.9970428,1
0.001534304,1
2.617869e-07,1
0.001534304,1
0.001534304,1
0.0003097379,1
0.9999999,1
0.0004757488,1
0.0004757488,1
0.02218233,1
0.02218233,1
0.6109642,1
0.02218233,1
0.02218233,1
0.02218233,1
0.4801214,1
0.4801214,1
0.4801214,1
0.4801214,1
0.4801214,1
0.4801214,1
0.4801214,1
0.4801214,1
0.4801214,1
0.4801214,1
0.4801214,1
0.4801214,1
0.01508338,1
0.9820114,1
1.404979e-05,1
1.404979e-05,1
0.9820114,1
0.9820114,1
0.9999996,1
0.9999996,1
0.9820114,1
0.001044139,1
0.9570598,1
1.236384e-05,1
0.001044139,1
0.001044139,1
0.9917105,1
1.236384e-05,1
1.236384e-05,1
0.9917105,1
1.236384e-05,1
1.236384e-05,1
5.376733e-08,0
5.376733e-08,0
3.780487e-06,0
0.0001796531,0
5.83547e-06,0
0.7431355,0
5.428711e-08,0
0.7431355,0
3.780487e-06,0
3.780487e-06,0
3.780487e-06,0
0.0004659835,0
5.83547e-06,0
2.185359e-08,0
3.780487e-06,0
0.003874611,0
1.203523e-06,0
3.780487e-06,0
0.0004659835,0
3.780487e-06,0
1.203523e-06,0
7.830628e-05,0
0.0001220137,0
2.185359e-08,0
0.002365726,0
5.376733e-08,0
2.185359e-08,0
0.0001220137,0
3.390818e-07,0
5.83547e-06,0
3.780487e-06,0
2.185359e-08,0
0.0004659835,0
3.780487e-06,0
5.83547e-06,0
0.7431355,0
2.185359e-08,0
0.7431355,0
5.376733e-08,0
0.0001220137,0
2.185359e-08,0
3.780487e-06,0
3.780487e-06,0
5.83547e-06,0
0.0004659835,0
3.780487e-06,0
1.203523e-06,0
0.7431355,0
1.203523e-06,0
5.376733e-08,0
5.376733e-08,0
3.780487e-06,0
2.185359e-08,0
5.376733e-08,0
1.203523e-06,0
3.780487e-06,0
5.376733e-08,0
5.83547e-06,0
0.001047997,0
0.7431355,0
7.830628e-05,0
1.203523e-06,0
0.7431355,0
7.830628e-05,0
0.7431355,0
0.0004659835,0
7.830628e-05,0
3.780487e-06,0
2.185359e-08,0
1.203523e-06,0
1.203523e-06,0
2.185359e-08,0
0.001047997,0
7.830628e-05,0
1.203523e-06,0
0.0004659835,0
7.830628e-05,0
5.83547e-06,0
0.0001304908,0
0.0004659835,0
0.0001220137,0
5.83547e-06,0
1.289289e-06,0
2.185359e-08,0
3.780487e-06,0
6.355345e-07,0
5.83547e-06,0
0.001047997,0
3.780487e-06,0
3.780487e-06,0
7.830628e-05,0
5.83547e-06,0
7.830628e-05,0
5.428711e-08,0
5.83547e-06,0
5.83547e-06,0
5.376733e-08,0
2.185359e-08,0
3.780487e-06,0
0.003874611,0
2.185359e-08,0
5.376733e-08,0
1.203523e-06,0
1.203523e-06,0
1.203523e-06,0
3.780487e-06,0
2.185359e-08,0
3.780487e-06,0
2.185359e-08,0
2.185359e-08,0
3.780487e-06,0
3.780487e-06,0
