Score,Label
1,1
1,1
0.9999976,1
1,1
0.9999903,1
0.9999973,1
0.9999903,1
0.9999688,1
1,1
1,1
0.9999903,1
1,1
1,1
1,1
0.9203019,1
0.9203019,1
0.9203019,1
0.9203019,1
0.9203019,1
0.9992028,1
0.9992028,1
1,1
0.9999988,1
0.9999834,1
0.9999988,1
0.9999988,1
1,1
1,1
0.9999834,1
0.9999834,1
1,1
0.9999995,1
0.9858015,1
0.9998528,1
0.9999974,1
0.9999999,1
0.9921662,1
0.9999996,1
1.237746e-06,1
1.237746e-06,1
1.237746e-06,1
1.237746e-06,1
1.237746e-06,1
1.237746e-06,1
1.237746e-06,1
0.9991832,1
0.03249934,1
0.003439478,1
1.598563e-05,1
0.9640682,1
2.203821e-05,1
0.9919877,1
0.001899663,1
0.0001214511,0
3.420596e-05,0
7.048901e-05,0
4.314127e-05,0
1.600337e-06,0
3.271975e-06,0
1.108606e-07,0
2.406823e-06,0
4.314127e-05,0
6.659723e-06,0
0.0001854077,0
5.832215e-07,0
7.048901e-05,0
8.418692e-07,0
4.314127e-05,0
8.301831e-06,0
7.048901e-05,0
7.048901e-05,0
3.543216e-06,0
6.184101e-06,0
7.048901e-05,0
4.718224e-05,0
1.088695e-05,0
4.414207e-06,0
0.0001695835,0
4.314127e-05,0
2.406823e-06,0
1.277281e-07,0
4.314127e-05,0
8.301831e-06,0
1.088695e-05,0
6.62518e-05,0
4.314127e-05,0
1.277281e-07,0
4.314127e-05,0
0.001063459,0
1.600337e-06,0
2.862974e-07,0
3.271975e-06,0
0.0005935039,0
2.460029e-06,0
3.271975e-06,0
4.314127e-05,0
7.048901e-05,0
4.314127e-05,0
4.314127e-05,0
0.0002629865,0
0.0009827155,0
4.314127e-05,0
1.088695e-05,0
1.108606e-07,0
2.460029e-06,0
9.648114e-06,0
4.314127e-05,0
2.460029e-06,0
7.048901e-05,0
1.088695e-05,0
8.301831e-06,0
1.600337e-06,0
8.418692e-07,0
0.0009827155,0
2.862974e-07,0
4.314127e-05,0
9.648114e-06,0
0.001063459,0
4.314127e-05,0
8.56922e-05,0
3.420596e-05,0
1.024028e-06,0
1.868121e-06,0
2.406823e-06,0
0.0001854077,0
6.184101e-06,0
8.301831e-06,0
8.301831e-06,0
4.314127e-05,0
9.648114e-06,0
3.420596e-05,0
0.0001948626,0
0.0001948626,0
0.0001948626,0
7.532893e-08,0
1.088695e-05,0
6.62518e-05,0
5.058309e-06,0
3.271975e-06,0
0.0001713193,0
1.600337e-06,0
4.314127e-05,0
7.532893e-08,0
2.862974e-07,0
0.0009827155,0
4.314127e-05,0
0.001063459,0
2.406823e-06,0
2.406823e-06,0
8.418692e-07,0
1.277281e-07,0
0.0001948626,0
6.62518e-05,0
9.648114e-06,0
0.0001948626,0
1.868121e-06,0
1.108606e-07,0
3.30197e-06,0
2.131585e-06,0
