Score,Label
0.0001631123,1
0.9957872,1
0.8026322,1
0.008382261,1
0.9808756,1
0.008382261,1
0.9957872,1
0.9808756,1
7.264663e-06,1
0.9957872,1
0.967986,1
0.008382261,1
7.264663e-06,1
0.9957872,1
0.9808756,1
0.9999897,1
0.9603997,1
0.9538465,1
0.9603997,1
0.9538465,1
0.9603997,1
0.9603997,1
0.9538465,1
0.999576,1
0.002369543,1
0.002369543,1
0.002369543,1
0.002369543,1
0.002369543,1
0.002369543,1
0.002369543,1
0.002369543,1
0.002369543,1
0.002369543,1
0.002369543,1
0.002369543,1
0.0006146717,1
0.7831438,1
0.6890094,1
0.9633436,1
0.9633436,1
0.7831438,1
0.9998797,1
0.7831438,1
0.9633436,1
0.9998797,1
0.7831438,1
0.7831438,1
0.9633436,1
0.7831438,1
0.9633436,1
0.9997805,1
0.6890094,1
0.05585995,1
0.9997805,1
0.9633436,1
0.781454,0
9.927933e-07,0
2.029823e-06,0
9.927933e-07,0
8.322616e-05,0
1.178838e-06,0
1.178838e-06,0
0.0006139,0
1.195649e-05,0
1.178838e-06,0
1.195649e-05,0
0.0002700676,0
9.303355e-05,0
1.178838e-06,0
9.303355e-05,0
2.484178e-06,0
0.781454,0
1.178838e-06,0
2.484178e-06,0
0.007725885,0
2.484178e-06,0
2.484178e-06,0
0.0006139,0
1.195649e-05,0
0.0006139,0
0.781454,0
2.484178e-06,0
1.195649e-05,0
0.781454,0
1.178838e-06,0
0.781454,0
1.195649e-05,0
2.029823e-06,0
2.96533e-07,0
1.178838e-06,0
1.195649e-05,0
0.0001657373,0
0.0006139,0
0.0006139,0
8.322616e-05,0
2.029823e-06,0
1.178838e-06,0
9.303355e-05,0
0.0006139,0
2.029823e-06,0
1.178838e-06,0
1.178838e-06,0
0.0006139,0
1.195649e-05,0
1.195649e-05,0
1.178838e-06,0
2.029823e-06,0
1.178838e-06,0
0.781454,0
0.0006139,0
2.484178e-06,0
0.781454,0
2.029823e-06,0
2.484178e-06,0
1.195649e-05,0
2.484178e-06,0
1.178838e-06,0
0.0006139,0
3.52894e-08,0
2.029823e-06,0
2.484178e-06,0
1.178838e-06,0
2.029823e-06,0
1.178838e-06,0
1.178838e-06,0
0.0006139,0
9.927933e-07,0
1.056721e-05,0
1.178838e-06,0
3.52894e-08,0
2.484178e-06,0
9.927933e-07,0
2.484178e-06,0
2.029823e-06,0
8.322616e-05,0
2.484178e-06,0
1.178838e-06,0
1.178838e-06,0
1.178838e-06,0
0.0002571675,0
2.484178e-06,0
0.0001657373,0
9.927933e-07,0
0.781454,0
1.178838e-06,0
0.0006139,0
0.0006139,0
2.029823e-06,0
0.781454,0
1.178838e-06,0
0.0001657373,0
1.178838e-06,0
2.484178e-06,0
0.0003801896,0
2.484178e-06,0
0.0006139,0
0.0001657373,0
0.0006139,0
8.322616e-05,0
1.178838e-06,0
0.0002571675,0
0.0001657373,0
0.0001657373,0
1.195649e-05,0
0.0006139,0
8.322616e-05,0
8.322616e-05,0
