Score,Label
7.770351e-07,1
0.3566845,1
0.3566845,1
5.899117e-05,1
5.899117e-05,1
0.3566845,1
0.04981563,1
9.757331e-05,1
0.04981563,1
0.1382656,1
5.899117e-05,1
9.757331e-05,1
0.3566845,1
5.899117e-05,1
0.9556881,1
0.5906945,1
0.5906945,1
0.5906945,1
0.276142,1
0.9999994,1
0.276142,1
0.9999994,1
0.5906945,1
0.5906945,1
0.1157263,1
0.1157263,1
0.1157263,1
0.1157263,1
0.1157263,1
0.1157263,1
0.1157263,1
0.1157263,1
0.1157263,1
0.1157263,1
0.1157263,1
0.1157263,1
0.02202237,1
0.9997383,1
0.9988188,1
0.7951198,1
0.7951198,1
0.04596477,1
0.9999541,1
0.04596477,1
0.7951198,1
0.9999541,1
0.7951198,1
0.7951198,1
0.7951198,1
0.04596477,1
0.04596477,1
0.7951198,1
0.8975071,1
0.09081434,1
0.7951198,1
0.09081434,1
1.267673e-05,0
1.267673e-05,0
2.453702e-05,0
0.76797,0
1.267673e-05,0
4.491771e-05,0
2.453702e-05,0
3.070156e-06,0
2.453702e-05,0
4.491771e-05,0
4.491771e-05,0
0.0001857606,0
1.267673e-05,0
1.318613e-06,0
0.0001857606,0
1.267673e-05,0
4.933629e-06,0
1.267673e-05,0
4.491771e-05,0
9.801656e-06,0
0.0004842022,0
1.267673e-05,0
9.801656e-06,0
4.491771e-05,0
4.933629e-06,0
0.76797,0
9.801656e-06,0
1.267673e-05,0
0.0003439747,0
1.267673e-05,0
9.801656e-06,0
4.491771e-05,0
1.318613e-06,0
9.801656e-06,0
1.267673e-05,0
9.801656e-06,0
1.318613e-06,0
0.003296824,0
4.491771e-05,0
1.318613e-06,0
1.267673e-05,0
1.22141e-06,0
0.76797,0
0.76797,0
1.318613e-06,0
4.491771e-05,0
0.76797,0
4.491771e-05,0
1.267673e-05,0
4.491771e-05,0
1.318613e-06,0
0.0001857606,0
0.0001210253,0
0.0001857606,0
4.491771e-05,0
0.0001857606,0
1.267673e-05,0
2.453702e-05,0
1.267673e-05,0
9.801656e-06,0
1.267673e-05,0
4.491771e-05,0
0.76797,0
9.801656e-06,0
9.801656e-06,0
9.801656e-06,0
1.267673e-05,0
0.0001857606,0
0.76797,0
1.267673e-05,0
1.318613e-06,0
1.267673e-05,0
1.23351e-05,0
4.491771e-05,0
1.22141e-06,0
1.23351e-05,0
9.801656e-06,0
1.267673e-05,0
2.453702e-05,0
0.0001857606,0
1.267673e-05,0
4.491771e-05,0
0.76797,0
0.001139626,0
1.684775e-06,0
0.0001857606,0
2.453702e-05,0
1.267673e-05,0
0.76797,0
0.0001857606,0
4.491771e-05,0
2.453702e-05,0
4.491771e-05,0
1.22141e-06,0
4.491771e-05,0
9.801656e-06,0
1.267673e-05,0
1.267673e-05,0
4.491771e-05,0
3.070156e-06,0
2.453702e-05,0
9.801656e-06,0
4.491771e-05,0
1.22141e-06,0
1.267673e-05,0
1.318613e-06,0
0.76797,0
9.801656e-06,0
9.801656e-06,0
1.267673e-05,0
0.76797,0
1.267673e-05,0
