Score,Label
0.5082324,1
0.5082324,1
0.5082324,1
0.5082324,1
0.5082324,1
0.5082324,1
0.01096489,1
0.01096489,1
0.006689548,1
0.006689548,1
0.8248729,1
0.006689548,1
0.3889825,1
0.1214424,1
0.8248729,1
0.1214424,1
0.1214424,1
1.23216e-11,0
2.324555e-05,0
0.01096489,0
1.23216e-11,0
0.01096489,0
1.23216e-11,0
1.23216e-11,0
1.23216e-11,0
7.516442e-09,0
0.002844082,0
7.516442e-09,0
1.23216e-11,0
0.02088647,0
7.440936e-07,0
1.335445e-08,0
1.23216e-11,0
0.01096489,0
0.0008532697,0
1.23216e-11,0
1.23216e-11,0
1.23216e-11,0
1.23216e-11,0
7.516442e-09,0
1.23216e-11,0
0.002844082,0
1.23216e-11,0
0.9994343,0
7.516442e-09,0
1.23216e-11,0
0.01096489,0
1.23216e-11,0
1.23216e-11,0
1.23216e-11,0
1.23216e-11,0
