Score,Label
6.668033e-05,1
6.668033e-05,1
4.918473e-08,1
4.918473e-08,1
4.918473e-08,1
4.918473e-08,1
4.918473e-08,1
4.918473e-08,1
0.1122495,1
1.288809e-06,1
1.288809e-06,1
1.288809e-06,1
1.288809e-06,1
1.288809e-06,1
0.1122495,1
3.021019e-05,1
1.288809e-06,1
1.756893e-12,0
0.9217188,0
1.090196e-14,0
1.090196e-14,0
1.090196e-14,0
1.756893e-12,0
1.090196e-14,0
0.0009534313,0
0.01467717,0
1.090196e-14,0
1.090196e-14,0
1.090196e-14,0
0.002186227,0
0.000764484,0
1.090196e-14,0
1.090196e-14,0
1.090196e-14,0
0.05227654,0
1.090196e-14,0
1.756893e-12,0
1.756893e-12,0
0.000764484,0
1.090196e-14,0
1.756893e-12,0
1.090196e-14,0
1.090196e-14,0
0.002186227,0
4.132798e-07,0
1.756893e-12,0
0.8637557,0
1.090196e-14,0
1.090196e-14,0
1.996564e-05,0
1.090196e-14,0
