Score,Label
0.001184069,1
0.001184069,1
0.001184069,1
0.001184069,1
0.001184069,1
0.001184069,1
0.001184069,1
0.001184069,1
0.4929731,1
0.9999671,1
0.4929731,1
0.9999671,1
0.1804389,1
0.4929731,1
0.9999671,1
0.4929731,1
0.9999671,1
1.446179e-07,0
1.446179e-07,0
3.934473e-09,0
3.934473e-09,0
0.000143192,0
0.000143192,0
3.934473e-09,0
3.934473e-09,0
3.934473e-09,0
6.374864e-09,0
6.374864e-09,0
1.446179e-07,0
6.374864e-09,0
3.934473e-09,0
3.934473e-09,0
1.739256e-07,0
3.934473e-09,0
4.829933e-06,0
3.934473e-09,0
1.446179e-07,0
3.934473e-09,0
3.934473e-09,0
4.829933e-06,0
2.701105e-06,0
1.739256e-07,0
3.934473e-09,0
2.262923e-06,0
3.934473e-09,0
0.9443663,0
6.374864e-09,0
1.739256e-07,0
0.06793613,0
3.934473e-09,0
3.934473e-09,0
