Score,Label
0.03706309,1
0.9708083,1
0.2194699,1
0.9506752,1
0.9994833,1
0.9994833,1
0.9747123,1
0.9977325,1
0.0003791924,0
0.0003791924,0
0.0003791924,0
0.0001854452,0
0.0003791924,0
2.334234e-10,0
2.334234e-10,0
0.0001854452,0
0.0001854452,0
2.334234e-10,0
0.0001923052,0
2.334234e-10,0
2.334234e-10,0
2.334234e-10,0
0.0001854452,0
1.548732e-06,0
