Score,Label
0.9993525,1
0.04229018,1
0.05562149,1
0.9999968,1
0.9999968,1
0.9999968,1
0.9999968,1
0.9999968,1
0.04229018,1
0.05562149,1
0.1083109,1
0.1083109,1
0.1083109,0
0.1083109,0
0.04229018,0
0.05562149,0
0.9999968,0
0.1083109,0
0.1083109,0
0.9999968,0
0.05562149,0
0.3470462,0
0.1083109,0
0.1083109,0
0.04229018,0
0.1083109,0
0.1083109,0
0.1083109,0
0.1083109,0
0.05562149,0
0.1083109,0
0.1083109,0
0.1083109,0
0.04229018,0
0.1083109,0
0.1083109,0
