Score,Label
0.2391948,1
0.2391948,1
0.2759175,1
0.2419206,1
0.2419206,1
0.2419206,1
0.331559,1
0.331559,1
0.331559,1
0.331559,1
0.331559,1
0.4444946,0
0.4444946,0
0.003437258,0
0.4444946,0
0.4444946,0
0.331559,0
0.003437258,0
0.331559,0
0.331559,0
0.4444946,0
0.2419206,0
0.003437258,0
0.003437258,0
0.4444946,0
0.4444946,0
0.003437258,0
0.4444946,0
0.331559,0
0.331559,0
0.4444946,0
0.331559,0
0.331559,0
