Score,Label
0.001773879,1
0.003196795,1
1.309888e-05,1
0.001286753,1
0.002051394,1
0.002051394,1
0.002051394,1
0.002051394,1
0.002051394,1
0.002051394,1
0.002051394,1
0.002051394,1
1,1
1,1
1,1
0.01573458,1
0.9999998,1
1,1
0.001286753,1
0.000460345,1
0.001589264,1
0.0004970874,0
0.0005324226,0
0.0004045035,0
0.000574984,0
0.0005324226,0
0.0002668211,0
0.0004970874,0
7.71186e-05,0
0.001589264,0
7.71186e-05,0
9.188847e-08,0
0.000574984,0
3.372738e-07,0
9.306034e-05,0
7.71186e-05,0
0.0004970874,0
0.03486226,0
0.000574984,0
0.0005324226,0
0.0004970874,0
0.0002668211,0
7.71186e-05,0
3.352945e-05,0
0.002912029,0
1.208268e-08,0
0.0004045035,0
3.23719e-05,0
0.001277301,0
0.000574984,0
0.0004970874,0
3.541047e-06,0
0.0002062991,0
0.0002668211,0
9.306034e-05,0
0.03486226,0
1.000647e-07,0
0.002912029,0
0.000574984,0
3.23719e-05,0
3.372738e-07,0
0.0002668211,0
8.605955e-05,0
