Score,Label
0.0009145183,1
0.001468808,1
0.03246236,1
0.9929321,1
6.924521e-05,1
0.9929321,1
0.999158,1
0.995464,1
0.999158,1
0.9618682,1
0.999158,1
0.9046292,1
0.9046292,1
0.9046292,1
0.9046292,1
0.9046292,1
0.998938,1
0.9929321,1
0.0005814944,0
5.923601e-06,0
1.751781e-07,0
4.688447e-05,0
0.0005814944,0
0.03246236,0
1.416805e-07,0
2.058951e-07,0
0.0005814944,0
0.0001126515,0
0.0002828139,0
4.446465e-06,0
1.751781e-07,0
1.411761e-05,0
0.03246236,0
0.0002048631,0
0.1613663,0
0.03246236,0
1.083617e-06,0
0.07855839,0
4.175672e-07,0
4.688447e-05,0
0.9997172,0
5.241653e-07,0
0.0003812877,0
3.113352e-07,0
3.473876e-06,0
6.044662e-06,0
7.666398e-06,0
2.021969e-06,0
5.923601e-06,0
7.835201e-07,0
0.001174051,0
4.482357e-05,0
1.083617e-06,0
7.666398e-06,0
