Score,Label
3.305875e-08,1
8.709417e-05,1
7.471548e-07,0
3.295461e-09,0
1.277103e-05,0
1.277103e-05,0
