Score,Label
2.708934e-06,1
5.248694e-06,1
0.9944448,1
0.0002004195,1
5.248694e-06,0
0.5966267,0
0.002272133,0
0.002272133,0
4.505942e-09,0
1.104796e-07,0
1.104796e-07,0
4.505942e-09,0
