Score,Label
0.007499003,1
2.392472e-06,1
0.001274445,1
0.9722625,1
0.9618599,1
0.005672548,1
0.9722625,1
1,1
1,1
1,1
1,1
1,1
1,1
1,1
0.9999975,1
0.9999975,1
0.9999975,1
0.9999975,1
1,1
1,1
1,1
1,1
1,1
0.9618599,1
0.00319505,1
0.0006430835,1
0.001274445,1
0.001274445,1
0.001274445,1
0.9618599,1
0.007964824,0
1.742013e-07,0
1.742013e-07,0
0.007964824,0
1.892546e-06,0
1.892546e-06,0
2.897799e-06,0
1.742013e-07,0
0.0001887566,0
0.0006265467,0
0.9316012,0
0.001274445,0
0.1286615,0
0.004693736,0
1.742013e-07,0
1.739155e-07,0
0.005672548,0
0.9973405,0
0.9986342,0
1.892546e-06,0
0.2330326,0
2.897799e-06,0
1.892546e-06,0
0.4277718,0
1.660543e-05,0
0.2330326,0
0.4277718,0
0.0001887566,0
0.4277718,0
0.4277718,0
1.660543e-05,0
0.001274445,0
0.4277718,0
0.9986342,0
1.742013e-07,0
0.0001887566,0
0.4277718,0
1.362581e-05,0
0.0007666898,0
1.14565e-07,0
0.4277718,0
1.742013e-07,0
2.897799e-06,0
1.739155e-07,0
1.742013e-07,0
1.892546e-06,0
0.0001887566,0
1.892546e-06,0
0.4277718,0
0.4277718,0
2.901881e-07,0
0.005672548,0
2.34697e-05,0
0.1286615,0
1.660543e-05,0
6.162468e-07,0
0.0006430835,0
1.081518e-07,0
0.007964824,0
0.0006430835,0
