Score,Label
9.351011e-05,1
2.060226e-07,1
9.216106e-08,1
2.060226e-07,1
2.060226e-07,1
2.060226e-07,1
2.060226e-07,1
7.245169e-08,1
9.351011e-05,1
1.158279e-07,1
1.158279e-07,1
0.03098376,1
9.351011e-05,1
0.0002407882,1
2.1476e-05,1
2.1476e-05,1
0.4829654,1
2.1476e-05,1
2.1476e-05,1
0.4829654,1
2.1476e-05,1
0.5386125,1
2.1476e-05,1
2.1476e-05,1
0.9999992,1
0.9999133,1
0.0002407882,1
1.584096e-05,1
3.716441e-05,1
3.716441e-05,1
3.716441e-05,1
3.716441e-05,1
3.716441e-05,1
3.716441e-05,1
3.716441e-05,1
9.351011e-05,1
2.060226e-07,1
2.060226e-07,1
2.060226e-07,1
2.060226e-07,1
2.060226e-07,1
7.245169e-08,1
1.158279e-07,1
1.158279e-07,1
9.351011e-05,1
1.527476e-05,1
9.351011e-05,1
2.060226e-07,1
9.216106e-08,1
2.060226e-07,1
2.060226e-07,1
2.060226e-07,1
2.060226e-07,1
7.245169e-08,1
9.351011e-05,1
1.158279e-07,1
1.158279e-07,1
0.03098376,1
9.351011e-05,1
5.087476e-06,1
5.087476e-06,1
5.087476e-06,1
0.1627807,1
9.269328e-08,1
5.242903e-08,1
9.269328e-08,1
9.269328e-08,1
9.269328e-08,1
9.269328e-08,1
2.205705e-07,1
0.1627807,1
9.269328e-08,1
9.269328e-08,1
0.9747263,1
0.1627807,1
9.216106e-08,0
2.245458e-09,0
9.694051e-07,0
9.155363e-08,0
1.093776e-07,0
0.0004845213,0
0.003596889,0
3.256399e-08,0
0.0004845213,0
1.093776e-07,0
0.02295034,0
2.869273e-06,0
2.719254e-05,0
0.9886739,0
0.9978314,0
8.11089e-06,0
3.088352e-07,0
1.845387e-09,0
0.02428823,0
9.694051e-07,0
8.11089e-06,0
3.863626e-07,0
3.256399e-08,0
0.0007445198,0
0.02295034,0
8.54434e-08,0
3.276145e-07,0
7.476733e-05,0
3.863626e-07,0
8.11089e-06,0
0.8579835,0
3.863626e-07,0
0.2714015,0
1.652978e-08,0
0.0007657329,0
4.900242e-08,0
0.8579835,0
8.54434e-08,0
6.9888e-08,0
8.11089e-06,0
8.11089e-06,0
3.863626e-07,0
1.652978e-08,0
3.937463e-08,0
0.0004845213,0
3.256399e-08,0
2.302171e-07,0
1.093776e-07,0
0.0002407882,0
3.256399e-08,0
0.9999869,0
8.11089e-06,0
1.093776e-07,0
3.256399e-08,0
0.8579835,0
8.54434e-08,0
1.775587e-06,0
6.455458e-07,0
0.0004845213,0
0.001216406,0
0.02295034,0
0.02295034,0
8.11089e-06,0
8.11089e-06,0
3.256399e-08,0
1.093776e-07,0
0.0004845213,0
0.1586194,0
5.087476e-06,0
8.11089e-06,0
0.03403264,0
1.652978e-08,0
0.8579835,0
3.863626e-07,0
6.79131e-05,0
