Score,Label
1.999131e-06,1
1.999131e-06,1
1.616627e-06,1
4.744616e-06,1
4.744616e-06,1
4.744616e-06,1
4.744616e-06,1
0.9980046,1
1.999131e-06,1
4.744616e-06,1
4.744616e-06,1
1,1
4.744616e-06,1
0.01314989,1
0.01314989,1
1.207915e-06,1
0.4388273,1
5.003085e-05,1
1.207915e-06,1
0.08477638,1
1.207915e-06,1
0.9727067,1
1.207915e-06,1
1.207915e-06,1
0.9999988,1
1.207915e-06,1
2.354667e-05,1
6.373753e-05,1
6.373753e-05,1
6.373753e-05,1
1.999131e-06,1
1.999131e-06,1
4.744616e-06,1
4.744616e-06,1
4.744616e-06,1
4.744616e-06,1
0.9980046,1
4.744616e-06,1
4.744616e-06,1
4.744616e-06,1
0.00012186,1
0.0003500749,1
0.0003500749,1
7.059201e-07,1
9.881157e-07,1
9.881157e-07,1
9.881157e-07,1
9.881157e-07,1
0.0003500749,1
9.881157e-07,1
9.881157e-07,1
0.9982219,1
1,1
9.881157e-07,1
5.361773e-05,1
5.361773e-05,1
5.361773e-05,1
5.361773e-05,1
5.361773e-05,1
5.361773e-05,1
5.361773e-05,1
0.0002590328,1
0.0002590328,1
3.210348e-06,1
3.8001e-06,1
3.8001e-06,1
3.8001e-06,1
3.8001e-06,1
0.0002590328,1
3.8001e-06,1
3.8001e-06,1
0.02104819,1
0.999998,1
3.8001e-06,1
0.9359869,0
3.51394e-09,0
3.51394e-09,0
0.9984067,0
5.460995e-06,0
0.0008019973,0
2.678889e-06,0
0.0001079065,0
7.41081e-07,0
8.850903e-05,0
0.0003446792,0
4.839348e-06,0
0.0007871411,0
9.646463e-07,0
0.0008019973,0
0.9984067,0
4.78222e-08,0
0.7065182,0
0.7065182,0
0.0001750305,0
0.001281838,0
7.41081e-07,0
0.0001750305,0
5.306172e-07,0
7.41081e-07,0
0.0001555831,0
5.664488e-06,0
3.51394e-09,0
0.001100384,0
9.210878e-05,0
4.315311e-07,0
1.616627e-06,0
7.41081e-07,0
2.678889e-06,0
0.7065182,0
5.664488e-06,0
4.217481e-06,0
9.646463e-07,0
1.474856e-06,0
0.0007871411,0
6.462428e-06,0
1.415603e-05,0
5.306172e-07,0
2.798755e-06,0
1.901573e-07,0
2.418571e-05,0
0.0003446792,0
0.003056939,0
5.306172e-07,0
0.004354666,0
5.306172e-07,0
0.0007027813,0
8.549166e-06,0
2.418571e-05,0
5.306172e-07,0
6.373753e-05,0
0.00379207,0
0.9359869,0
0.0001555831,0
0.0001750305,0
4.78222e-08,0
0.0001750305,0
5.306172e-07,0
7.41081e-07,0
5.306172e-07,0
7.059201e-07,0
0.2453699,0
0.9969,0
7.41081e-07,0
1.474856e-06,0
0.7065182,0
0.9359869,0
0.9855157,0
0.0001079065,0
