Score,Label
0.0003264607,1
1.404939e-08,1
0.0003264607,1
2.708673e-05,1
0.9999964,1
0.9999958,1
0.9999958,1
0.9999964,1
0.9999964,1
0.9999964,1
0.9999964,1
0.9999964,1
0.9999964,1
0.9999964,1
0.9999964,1
0.9999964,1
0.0003264607,1
1.404939e-08,1
0.0003264607,1
3.560106e-08,1
0.9989793,1
0.9999814,1
0.9999814,1
0.9999814,1
0.9999814,1
0.9999814,1
0.9989793,1
3.560106e-08,1
0.9872156,1
1.404939e-08,0
1.404939e-08,0
2.708673e-05,0
4.378237e-08,0
2.708673e-05,0
1.185869e-06,0
1.404939e-08,0
2.708673e-05,0
0.0002037632,0
1.404939e-08,0
2.708673e-05,0
0.0003264607,0
2.708673e-05,0
2.708673e-05,0
0.0002037632,0
1.404939e-08,0
2.708673e-05,0
2.708673e-05,0
2.708673e-05,0
2.708673e-05,0
2.708673e-05,0
0.0003264607,0
1.404939e-08,0
0.0003264607,0
2.708673e-05,0
2.708673e-05,0
2.708673e-05,0
2.708673e-05,0
2.708673e-05,0
0.0002037632,0
2.708673e-05,0
0.0002037632,0
2.708673e-05,0
2.708673e-05,0
2.708673e-05,0
0.0002037632,0
2.708673e-05,0
2.708673e-05,0
2.708673e-05,0
2.708673e-05,0
1.404939e-08,0
2.708673e-05,0
0.9990965,0
4.378237e-08,0
1.404939e-08,0
2.708673e-05,0
1.404939e-08,0
2.708673e-05,0
0.0003264607,0
2.708673e-05,0
2.708673e-05,0
1.404939e-08,0
1.404939e-08,0
1.404939e-08,0
1.404939e-08,0
2.708673e-05,0
2.708673e-05,0
2.708673e-05,0
