Score,Label
0.9991697,1
0.7291018,1
0.5340187,1
0.005813361,1
0.005813361,1
0.9863483,1
0.005813361,1
0.005813361,1
0.005813361,1
0.005813361,1
0.005813361,1
0.005813361,1
0.005813361,1
0.005813361,1
0.005813361,1
0.005813361,1
0.005813361,1
0.005813361,1
0.05561648,1
0.9838341,1
0.002404659,1
0.9977517,1
0.9777942,1
0.9838341,1
0.9838341,1
0.9838341,1
0.9838341,1
0.9838341,1
0.9838341,1
0.9977517,1
0.9910179,1
0.9977517,1
0.9777942,1
0.002404659,0
0.05561648,0
0.05561648,0
0.05561648,0
0.9838341,0
0.05561648,0
0.05561648,0
0.05561648,0
0.05561648,0
0.05561648,0
0.05561648,0
0.05561648,0
0.9838341,0
0.05561648,0
0.002404659,0
0.9991697,0
0.05561648,0
0.05561648,0
0.05561648,0
0.05561648,0
0.05561648,0
0.05561648,0
0.05561648,0
0.9991697,0
0.05561648,0
0.05561648,0
0.9838341,0
0.05561648,0
0.05561648,0
0.05561648,0
0.05561648,0
0.05561648,0
0.05561648,0
0.05561648,0
0.05561648,0
0.05561648,0
0.05561648,0
0.05561648,0
0.05561648,0
0.05561648,0
0.05561648,0
0.05561648,0
0.9991697,0
0.05561648,0
0.05561648,0
0.05561648,0
0.9999505,0
0.05561648,0
0.05561648,0
0.9991697,0
0.05561648,0
0.05561648,0
0.05561648,0
0.05561648,0
0.9991697,0
0.9838341,0
0.05561648,0
0.9991697,0
0.05561648,0
0.05561648,0
0.05561648,0
0.002404659,0
0.05561648,0
0.9991697,0
0.05561648,0
0.05561648,0
