Score,Label
1,1
1,1
1,1
1,1
0.9571051,1
2.666841e-14,0
3.734367e-06,0
3.981876e-13,0
2.666841e-14,0
2.666841e-14,0
2.666841e-14,0
8.793659e-06,0
8.793659e-06,0
2.666841e-14,0
8.793659e-06,0
