Score,Label
1,1
1,1
0.9999956,1
0.9999956,1
0.9920501,1
0.004541076,1
0.3846811,1
0.9950445,1
0.999995,1
0.999995,1
0.01848413,1
0.9985588,1
0.9985588,1
0.9766951,1
1,1
1,1
1,1
0.9999939,1
0.9999939,1
0.9999939,1
0.9999939,1
0.999995,1
0.9999676,1
0.9999987,1
1,1
0.7179453,1
0.9999993,1
0.9999928,1
1,1
0.9994515,1
0.9999993,1
0.9999993,1
0.9999993,1
0.01506944,1
0.9992235,1
1,1
0.8711,0
2.3672e-07,0
0.8711,0
2.249336e-10,0
3.137919e-06,0
0.8711,0
5.632734e-09,0
0.2675959,0
3.575197e-09,0
2.331486e-05,0
0.07503898,0
0.06825221,0
6.040751e-12,0
3.452685e-05,0
0.9896594,0
3.779663e-09,0
0.4823093,0
0.3166196,0
0.0001285167,0
0.07503898,0
1.272952e-07,0
9.369208e-06,0
0.07503898,0
0.01732874,0
0.01069772,0
6.481466e-10,0
0.008085748,0
0.003779219,0
1.254152e-06,0
0.0002031858,0
5.01683e-06,0
0.005432345,0
9.988221e-08,0
1.023142e-08,0
2.360798e-05,0
0.06755774,0
