Score,Label
0.9990708,1
0.9996674,1
0.9999986,1
0.4966286,1
8.33418e-05,1
0.00656746,1
0.001171871,1
1.57941e-06,1
0.645998,1
0.86644,1
0.008164176,1
0.007873279,1
0.9910588,1
0.9999945,1
0.9977561,1
0.9999088,1
0.9999956,1
0.999915,1
0.8798329,1
0.9706017,1
0.005390933,1
0.5252222,1
0.9926812,1
0.9999987,1
5.949162e-06,1
0.9990708,1
0.9999615,1
2.313818e-06,1
0.9492578,1
0.9998602,1
0.9996908,1
0.9996908,1
0.1650209,1
0.9991729,1
1.473301e-05,1
0.01518145,1
1.900913e-05,1
0.9999958,1
0.9999914,1
0.9999487,1
0.9982603,1
0.8692115,1
0.7778383,1
5.16012e-09,1
0.9993874,1
1.663712e-10,1
0.254033,1
0.3947497,1
0.9995531,0
0.9996932,0
2.592918e-05,0
0.00148824,0
4.68004e-05,0
6.468223e-06,0
0.8091795,0
1.435008e-05,0
0.7584457,0
0.0003216649,0
1.031662e-05,0
2.095262e-05,0
1.113471e-05,0
0.4982952,0
2.326546e-08,0
0.001745018,0
0.001026312,0
6.813623e-06,0
1.738415e-06,0
0.09492643,0
5.767194e-06,0
0.0004120466,0
0.0008338904,0
7.183189e-05,0
0.01779707,0
0.000792847,0
1.129782e-08,0
0.7158716,0
9.944147e-06,0
0.01779707,0
2.694778e-06,0
9.689244e-07,0
0.00669319,0
2.995469e-06,0
3.465744e-08,0
0.958479,0
0.5376185,0
0.001838241,0
0.9862937,0
7.665337e-08,0
2.611365e-05,0
6.926388e-07,0
0.9934964,0
0.003576168,0
0.2176899,0
0.0001227573,0
0.001077579,0
0.9992619,0
