Score,Label
0.2112037,1
0.0005031672,1
0.0001360063,1
0.9999188,1
0.9995787,1
0.0001360063,1
0.9999583,1
0.9984881,1
0.9975573,1
0.9999865,1
6.867337e-07,1
0.9976675,1
0.9945914,1
0.9999269,1
0.9935462,1
0.9999542,1
0.999995,1
3.05311e-05,1
0.981052,1
0.999976,1
0.3857086,1
0.9984739,1
0.9999503,1
0.9999983,1
0.9997928,1
0.003030931,1
0.9999809,1
0.999966,1
0.7634777,1
0.3505671,1
0.9362398,1
0.6565687,1
0.03946131,1
0.07607458,1
0.9998984,1
0.9969075,1
0.0970502,1
0.9475859,1
0.9999542,1
0.9997762,1
0.999995,1
0.0008858201,1
5.772339e-05,1
0.9992743,1
0.9633333,1
0.000385423,1
0.9999598,1
0.1706649,1
0.08741663,1
0.9999064,1
0.991919,1
0.9918659,1
0.9282729,1
0.0536692,1
0.9999868,1
3.10648e-05,1
7.437672e-05,1
1.320048e-05,1
0.9998298,1
0.9999976,1
0.9345229,1
0.01055253,1
0.9999403,1
0.9998772,1
0.999941,1
0.0001360994,1
0.9999297,1
0.9935462,1
0.9991375,1
0.9998909,1
0.9984177,1
0.4781787,1
0.999454,1
0.9999876,1
0.9524201,1
0.9870863,1
0.9999384,1
0.9990746,1
0.0536692,1
0.9999868,1
3.10648e-05,1
7.437672e-05,1
0.0001605354,1
0.9820731,1
0.002057108,0
0.9994035,0
0.2079851,0
0.001351332,0
4.228852e-08,0
0.3174597,0
0.0001108297,0
2.084475e-07,0
0.002057108,0
7.092662e-05,0
0.9998555,0
0.0007938808,0
6.899372e-07,0
0.0004135464,0
4.827202e-05,0
0.999995,0
0.9947668,0
0.0007938808,0
0.9998555,0
0.0001605354,0
2.402298e-09,0
3.377607e-10,0
0.0002547768,0
3.340694e-07,0
4.944462e-08,0
0.002057108,0
1.789501e-06,0
0.1369087,0
0.2079851,0
0.2142565,0
0.9965455,0
0.002057108,0
0.001868863,0
0.01100968,0
0.9999547,0
1.320048e-05,0
0.9999937,0
0.003470979,0
0.9668093,0
0.9999704,0
3.150086e-05,0
7.735602e-06,0
0.002057108,0
3.584257e-06,0
5.462753e-10,0
0.9998555,0
2.62425e-07,0
0.0004433482,0
0.002057108,0
0.5188379,0
4.831868e-08,0
1.460459e-05,0
0.9950939,0
0.2568495,0
1.234888e-10,0
0.002057108,0
5.626688e-06,0
2.658201e-06,0
0.9999868,0
2.34462e-07,0
0.9796931,0
0.002057108,0
0.9999491,0
0.02454209,0
0.999604,0
0.008815874,0
0.9999704,0
0.08583308,0
0.9999475,0
0.1072902,0
6.870362e-05,0
3.261351e-05,0
0.9947668,0
0.999604,0
0.999864,0
0.002057108,0
5.772339e-05,0
9.548324e-06,0
0.002057108,0
0.002057108,0
0.0004266877,0
2.464077e-06,0
0.002057108,0
0.002057108,0
