Score,Label
0.9998664,1
3.087951e-06,1
0.9998664,1
0.03087388,1
0.9975047,1
0.9578159,1
0.0001282954,1
1,1
1,1
0.9999701,1
0.2345818,1
0.2345818,1
0.5981745,1
0.9999995,1
0.443559,1
0.9999794,1
0.9948109,1
0.9989339,1
0.9999892,1
1,1
1,1
1,1
0.9279914,1
1,1
0.6542261,1
0.9999998,1
0.6542261,1
1,1
0.9975047,1
0.9578159,1
1,1
0.03653401,1
2.127991e-05,1
1.833214e-05,1
1,1
1,1
1,1
0.0007274128,1
0.0001069697,1
0.0001069697,1
0.9999768,1
0.9970415,1
0.06401704,0
0.0001100903,0
2.289893e-05,0
1.453333e-05,0
0.2522821,0
0.9549946,0
1,0
0.001406346,0
0.003093663,0
0.000211987,0
0.0004230203,0
0.9999914,0
0.0002154447,0
5.20116e-05,0
1.093279e-05,0
0.9999983,0
8.764981e-05,0
0.03281244,0
0.0001655427,0
0.0001277834,0
0.8531989,0
6.968678e-05,0
0.7243332,0
0.0005918674,0
0.001290869,0
3.988795e-05,0
0.0018642,0
0.0003264781,0
0.0002154447,0
0.9379402,0
0.002559316,0
0.07220279,0
0.0002977869,0
2.891306e-05,0
2.891306e-05,0
0.1773993,0
0.0001655427,0
0.4099442,0
0.005621156,0
0.9008525,0
8.887384e-06,0
1.028743e-05,0
