Score,Label
0.9999765,1
0.9999958,1
0.9995643,1
0.9966611,1
0.9999999,1
0.9999964,1
0.7718527,1
0.9999263,1
0.9999998,1
0.9999952,1
0.9999121,1
0.9999813,1
0.9997852,1
2.87193e-07,1
0.9998226,1
0.9999995,1
0.9997807,1
0.9997807,1
0.9979684,1
0.9999943,1
0.9998451,1
0.9574599,1
0.002009993,1
0.4774086,1
0.9999999,1
1,1
0.9999999,1
0.9963799,1
0.9999981,1
0.9999989,1
0.3674797,0
0.001218747,0
2.566189e-09,0
3.991531e-05,0
5.986818e-07,0
0.0006499159,0
0.0001833778,0
0.003266298,0
0.3754428,0
0.0002602864,0
0.9780375,0
1.108583e-08,0
0.003474329,0
9.1489e-09,0
9.006421e-05,0
9.503273e-06,0
0.0008422057,0
0.1193341,0
0.1418353,0
0.001385799,0
1.118337e-06,0
2.636775e-05,0
5.831086e-06,0
0.9997531,0
3.538208e-07,0
1.090154e-08,0
0.9981273,0
3.371825e-05,0
0.0003511539,0
6.416639e-05,0
