Score,Label
1,1
0.9998274,1
0.9999852,1
1,1
0.9999999,1
0.9930321,1
1.039708e-08,1
1,1
0.9997566,1
5.181093e-06,1
2.303061e-05,1
0.9997566,1
0.004852241,1
0.9997306,1
0.9990528,1
0.999974,1
1,1
1,1
0.9999996,1
0.9999998,1
0.9999996,1
0.9999906,1
1,1
0.9999996,1
3.809395e-05,1
2.034284e-05,1
0.04556009,1
0.9999964,1
0.9959039,1
0.9344127,1
1,1
0.9841979,1
0.9996239,1
0.9999981,1
0.9930321,1
0.9990603,1
0.005384624,1
0.999974,1
0.9999988,1
0.9999979,1
0.8743749,1
1,1
0.0002604485,0
2.655936e-06,0
0.5472273,0
0.9991173,0
0.5939469,0
0.00740601,0
0.0001537181,0
8.808087e-06,0
2.932785e-07,0
3.697317e-07,0
0.05558744,0
7.495357e-07,0
0.0003540599,0
0.00740601,0
1.557867e-07,0
1.203762e-07,0
0.004498512,0
0.0003540599,0
1.236049e-10,0
0.1594792,0
2.655936e-06,0
9.837643e-06,0
1.800384e-05,0
0.005297747,0
4.039269e-05,0
6.516288e-09,0
0.2419438,0
1.717425e-05,0
0.0005285718,0
0.0002604485,0
0.9995729,0
0.01514276,0
4.840438e-07,0
1.963991e-10,0
1.034021e-08,0
5.324858e-07,0
0.0007244839,0
0.022217,0
7.784772e-08,0
8.123585e-09,0
8.123184e-06,0
2.655936e-06,0
