Score,Label
0.9999883,1
0.9998643,1
1,1
0.9997372,1
1,1
0.9993344,1
0.9951583,1
0.0004871195,1
0.9997372,1
0.9999924,1
0.7044501,1
1.726976e-07,1
0.08331516,1
0.0838579,1
0.9891243,1
1,1
0.9974688,1
0.9804381,1
0.9931285,1
0.9992944,1
0.05567827,1
0.9931285,1
0.9931285,1
0.9999998,1
1,1
0.9928374,1
0.9999998,1
0.9999999,1
0.008604928,1
1,1
1,1
0.9017057,1
0.03356748,1
0.03356748,1
0.9774832,1
0.03356748,1
0.02465683,1
0.8922203,1
0.03356748,1
1,1
0.9997253,1
0.5324072,1
0.9821634,1
1,1
1,1
0.9989618,1
0.999999,1
0.999999,1
0.9999998,1
1,1
0.1100555,1
1,1
0.9999999,1
0.9999595,1
0.9999824,1
0.1100555,1
0.9998142,1
0.999951,1
0.0003086504,1
1,1
0.999951,1
1,1
0.0001040249,1
0.9998347,1
0.9999509,1
0.999922,1
0.0009461665,1
0.9999719,1
0.9998347,1
0.9998347,1
0.3117476,0
0.02473746,0
0.007206365,0
1.646651e-07,0
1.830185e-07,0
0.003733059,0
5.054691e-09,0
2.606737e-07,0
4.807331e-09,0
0.01377953,0
3.206561e-07,0
0.00297049,0
0.7980146,0
3.324345e-08,0
0.0003075307,0
4.902925e-08,0
1.770823e-06,0
0.05448665,0
5.694092e-08,0
1.830185e-07,0
8.79385e-07,0
0.9998916,0
0.02444141,0
1.16446e-05,0
2.398185e-07,0
1.089458e-05,0
0.9774832,0
7.999847e-06,0
7.166961e-06,0
0.00240757,0
0.000690887,0
3.387674e-06,0
2.640341e-05,0
0.1479345,0
0.0005893204,0
0.9975137,0
4.815051e-08,0
1.606732e-05,0
0.0001545419,0
0.00360939,0
1.67113e-05,0
0.001809362,0
0.9938114,0
1,0
0.01336941,0
5.219117e-08,0
0.999995,0
0.09232217,0
2.73459e-06,0
6.134609e-10,0
0.003044456,0
0.0005425052,0
1.593364e-07,0
7.414295e-05,0
7.169422e-09,0
0.0009410264,0
9.092312e-07,0
6.080093e-05,0
1.830185e-07,0
6.296102e-09,0
1.925115e-05,0
7.856842e-06,0
0.0007772264,0
0.0004022827,0
0.002249243,0
4.86924e-06,0
0.0001956812,0
3.324345e-08,0
3.459072e-06,0
0.9656327,0
