Score,Label
0.01612455,1
0.9999994,1
0.9999993,1
0.9999958,1
1,1
0.9997742,1
0.9999977,1
1,1
0.9949914,1
0.9980306,1
0.9993519,1
1,1
0.00894844,1
0.008734833,1
0.9989167,1
0.9996641,1
0.9999961,1
0.2728614,1
0.9999999,1
5.222058e-06,1
1.874202e-05,1
0.9998251,1
0.9999999,1
0.9955159,1
0.9484663,1
0.9547616,1
1,1
0.003055004,1
0.9992331,1
0.008727768,1
0.001313652,1
1,1
0.9766914,1
1,1
0.9996988,1
0.1751642,1
0.998148,1
0.9999982,1
0.9999954,1
0.931917,1
0.4277894,1
0.9997742,1
0.999926,0
0.001592775,0
0.005451519,0
5.953947e-07,0
2.703981e-05,0
0.09544419,0
0.4277894,0
0.114347,0
0.01279006,0
0.002287759,0
0.2239612,0
0.9999155,0
0.9251538,0
0.9992492,0
0.1654373,0
2.214914e-05,0
0.0005382131,0
0.9959829,0
0.06373973,0
0.001227616,0
7.569888e-06,0
0.9034008,0
0.7330645,0
0.0004403442,0
0.0001630124,0
0.9344932,0
0.0002774831,0
4.495791e-05,0
5.821612e-07,0
0.2326906,0
0.7725716,0
0.0001685629,0
0.006687147,0
1.658408e-05,0
0.9675475,0
0.0001458677,0
0.0003821697,0
0.2133261,0
0.01336112,0
0.002752844,0
0.9957765,0
0.04338932,0
