Score,Label
0.9999315,1
0.0001819723,1
1,1
0.9999838,1
0.9999955,1
0.9999998,1
0.9999998,1
0.001040023,1
0.9999743,1
0.9999999,1
0.9999626,1
0.9408448,1
0.9999988,1
0.964319,1
1,1
0.9997049,1
0.9987146,1
0.9979447,1
1,1
0.9205173,1
1,1
2.817188e-09,0
0.1176712,0
0.02224688,0
0.7886189,0
1.776259e-06,0
4.609036e-07,0
7.60455e-09,0
6.569516e-07,0
1,0
4.249089e-08,0
4.249089e-08,0
0.9999992,0
1.557611e-08,0
5.464998e-07,0
2.894763e-06,0
0.6020405,0
4.829224e-08,0
2.965675e-08,0
6.307863e-06,0
0.06466528,0
1.020809e-07,0
