Score,Label
0.9999998,1
0.9998974,1
6.776457e-05,1
0.9779136,1
1,1
0.9999967,1
0.9999967,1
0.9999967,1
0.9971989,1
0.9999893,1
0.9999999,1
0.9999999,1
0.9969784,1
0.9999952,1
0.9999959,1
0.9998544,1
8.212731e-05,1
0.9999937,1
0.998556,1
1,1
0.9999999,1
0.9998974,1
0.7983798,1
0.0003215494,1
2.635092e-07,1
1,1
0.998556,1
0.9695572,1
0.006733174,1
0.04613563,1
1,1
1,1
2.207071e-06,1
0.993987,1
1,1
1,1
0.9999942,1
0.9850433,1
0.02888968,1
0.9999975,1
0.9999896,1
0.9999998,1
0.9847016,1
0.9850433,1
0.3265554,1
0.9985244,1
1,1
0.2529711,1
0.9991478,1
1,1
0.04155455,1
0.121221,1
1,1
5.765887e-11,1
1.437078e-07,1
0.9561109,1
1.643846e-05,1
1,1
1.060033e-08,1
1,1
0.9985819,1
0.9999999,1
0.2621928,0
1.784763e-06,0
0.01569514,0
0.9999952,0
0.99976,0
3.911357e-05,0
9.954703e-05,0
0.0006251557,0
1.071976e-05,0
1.953723e-07,0
6.177543e-05,0
0.0001759644,0
0.9999858,0
0.9904512,0
9.492453e-09,0
1.784763e-06,0
2.46342e-06,0
0.05170795,0
3.556218e-07,0
3.919327e-07,0
0.2657292,0
0.8324651,0
8.355009e-07,0
1.158739e-05,0
1.458948e-08,0
4.482929e-06,0
0.002039017,0
1.333867e-08,0
5.986064e-08,0
0.07134083,0
0.6486821,0
0.001480473,0
1.060383e-07,0
2.207071e-06,0
0.6440558,0
2.398349e-07,0
0.09889012,0
0.8673429,0
0.4116161,0
0.0007081123,0
0.06015012,0
0.1344791,0
0.001597514,0
0.9915514,0
0.000350131,0
1,0
0.000573761,0
0.0001097663,0
0.001100335,0
4.166126e-07,0
2.774371e-07,0
0.9999967,0
0.007272063,0
9.155974e-08,0
8.102278e-07,0
0.000573761,0
5.581356e-06,0
6.833093e-05,0
5.336687e-10,0
0.00301774,0
0.2854455,0
0.7766559,0
