Score,Label
0.9745191,1
8.595023e-05,1
0.9968941,1
1.321156e-06,1
9.528029e-06,1
1,1
0.07121412,1
0.7697969,1
4.352223e-07,1
4.974287e-07,1
4.352223e-07,1
1,1
0.2462326,1
0.7180634,1
0.9647916,1
0.9999878,1
0.9773222,1
0.02309886,1
0.9922322,1
0.9922322,1
0.02309886,1
0.9647916,1
0.9922322,1
0.9999989,1
0.9647916,1
0.9999077,1
0.9999077,1
1,1
2.677109e-06,1
1.402586e-05,1
5.901521e-07,1
0.9983116,1
0.0102716,1
0.999997,1
1,1
0.9983116,1
0.0102716,1
0.999997,1
0.2462326,1
0.0001001169,1
1,1
1,1
0.01906428,1
1,1
0.7180634,1
0.9999754,1
0.06321688,1
0.8563417,1
0.999959,1
0.9991249,1
5.501493e-05,1
3.753487e-06,1
0.05902724,1
0.8482292,1
2.691457e-05,1
3.919407e-05,1
0.0852464,1
0.0003447689,1
0.9999942,1
0.9925989,1
1,1
0.004588194,1
0.994442,1
0.999998,1
1,1
0.9999999,1
1,1
0.9999355,1
1,1
2.18197e-06,1
0.2462326,1
1,1
0.02572463,1
0.5924677,1
1,1
0.02681042,1
4.84379e-06,1
0.999998,1
0.9745191,1
8.595023e-05,1
0.287823,1
0.9996682,1
0.004038971,1
0.0003059822,0
1.178636e-06,0
0.001380308,0
1.247037e-06,0
1.703088e-06,0
5.238788e-06,0
0.9983116,0
0.7783853,0
0.9999974,0
1.863535e-06,0
8.112051e-06,0
0.0004010595,0
0.008824095,0
2.185423e-05,0
0.9999952,0
0.06930368,0
7.093263e-05,0
2.309621e-06,0
0.0005131811,0
0.3307394,0
0.3307394,0
0.3582914,0
0.000739419,0
8.171222e-06,0
4.370681e-05,0
0.0001706279,0
3.583877e-07,0
0.004969377,0
0.9999355,0
0.3307394,0
0.00083766,0
0.0008995969,0
0.212717,0
8.320617e-06,0
0.9975371,0
2.585273e-06,0
5.661642e-06,0
2.020284e-06,0
1.170604e-06,0
6.192785e-07,0
0.002047729,0
0.9999971,0
1.731154e-05,0
0.3698693,0
2.136175e-05,0
0.3307394,0
0.0001001169,0
0.9999355,0
0.000739419,0
4.96501e-05,0
1.360332e-06,0
0.4520322,0
0.9983116,0
0.0001919374,0
0.0001001821,0
0.9496686,0
0.0002349243,0
0.3573099,0
2.739867e-08,0
0.08416772,0
1.427345e-06,0
5.238788e-06,0
2.777506e-05,0
2.719632e-05,0
0.000739419,0
0.0003956716,0
3.659732e-05,0
1.247037e-06,0
7.43906e-06,0
0.9999983,0
4.368488e-06,0
1.466423e-06,0
0.01453384,0
1.005349e-06,0
6.846818e-06,0
0.0001385366,0
0.3307394,0
9.037744e-06,0
1.034038e-06,0
3.162762e-06,0
0.0002886018,0
0.001060157,0
0.08244534,0
