Score,Label
0.985072,1
0.1478062,1
0.9999911,1
0.9347732,1
0.03715234,1
0.01523012,1
0.9999859,1
0.01523012,1
0.9998507,1
0.9999994,1
0.999904,1
0.68898,1
0.9992474,1
0.9997142,1
0.9998533,1
0.9116172,1
0.0001343954,1
0.01009649,1
0.984031,1
0.8430733,1
0.0007802853,1
0.9999994,1
0.9999975,1
0.9614253,1
0.9999999,1
0.9953616,1
0.9999999,1
0.9998863,1
0.9939157,1
0.9995808,1
0.9981558,1
0.9999955,1
0.9999403,1
0.9998628,1
0.9999995,1
0.0003498548,0
0.001440015,0
0.002819517,0
0.01056261,0
0.07897273,0
0.9992612,0
0.0003248487,0
0.007387879,0
0.001111731,0
0.9782402,0
0.002375018,0
0.03204201,0
0.02422498,0
0.04000787,0
0.001323006,0
0.04263141,0
0.4888358,0
0.00738526,0
0.00170087,0
0.9638624,0
0.8831091,0
0.0004538707,0
0.004896313,0
0.002855589,0
0.01807264,0
0.000647855,0
0.003762996,0
6.469126e-05,0
0.02854897,0
0.0002689571,0
0.006371635,0
0.001693502,0
0.002828621,0
0.02397536,0
0.01795557,0
