Score,Label
1,1
4.100394e-08,1
0.9999893,1
1,1
0.9999994,1
0.999999,1
1,1
1,1
0.9984801,1
0.9999996,1
1.585905e-07,0
0.0001270795,0
0.0005876326,0
2.673241e-07,0
0.7970619,0
1.189764e-06,0
1.997889e-07,0
1.799827e-07,0
1.269913e-08,0
6.834905e-08,0
