Score,Label
0.9999974,1
0.995779,1
0.01345503,1
5.048402e-07,1
1,1
4.297759e-06,1
0.9867954,1
0.9999974,1
0.3331274,1
0.9999988,1
1.603903e-06,1
0.9999912,1
0.9999998,1
0.9996667,1
0.9996738,1
0.9996031,1
0.0133864,1
0.9962923,0
0.9996031,0
0.0003255183,0
0.001254501,0
5.738068e-06,0
3.78474e-10,0
0.9996031,0
6.526133e-11,0
0.9962923,0
0.9998773,0
1.519505e-08,0
3.198077e-05,0
0.0007561421,0
8.549163e-07,0
1.524522e-10,0
7.7369e-08,0
1.519505e-08,0
