Score,Label
0.9946971,1
0.01019598,1
0.9999586,1
0.5431744,1
0.9514734,1
1,1
1,1
1,1
0.000740973,1
0.002151911,1
1,1
0.5404698,1
0.0001629341,1
0.02018539,0
8.200476e-05,0
0.3686995,0
0.0001069293,0
0.0001681123,0
0.001285512,0
0.002198317,0
0.04433202,0
0.9716532,0
0.01360807,0
0.2758732,0
0.9967674,0
0.000740973,0
