Score,Label
0.9999952,1
0.9999998,1
0.9997117,1
0.9994065,1
0.9997345,1
0.9854854,1
3.969628e-06,0
0.001140556,0
0.1110871,0
1.967366e-06,0
0.0005120612,0
0.000282812,0
