Score,Label
0.9999962,1
0.9999888,1
0.9999993,1
4.671339e-06,1
4.94818e-07,0
0.9216017,0
2.250391e-07,0
0.03749418,0
