Iteration,Version,ROC_AUC,PR_AUC,TimeElapsed,K,TrainRatio,ExperimentID,Seed,ThresholdMode,Threshold,Precision,Recall,F1Score,TestTP,TestFP,TestFN,TestTN,TestTPR,TestTNR,TestFPR,TestFNR,TestPrecision,TestRecall,TestF1Score,TestAccuracy,TestExpectedAccuracy,TestKappa,TestMCC,TestTSS,TotalLinks,TrainLinks,TestLinks,BackboneTotal,NonBackboneTotal,BackboneTrainLinks,NonBackboneTrainLinks,BackboneTestLinks,NonBackboneTestLinks,EmpiricalNumSpecies,EmpiricalLinks,EmpiricalConnectance,EmpiricalMeanTrophicLevel,EmpiricalMeanDegree,EmpiricalMeanGenerality,EmpiricalMeanVulnerability,EmpiricalDegreeStd,EmpiricalDegreeCV,EmpiricalDegreeGini,EmpiricalGeneralityStd,EmpiricalGeneralityCV,EmpiricalGeneralityGini,EmpiricalVulnerabilityStd,EmpiricalVulnerabilityCV,EmpiricalVulnerabilityGini,EmpiricalTrophicLevelStd,EmpiricalTrophicLevelCV,EmpiricalTrophicLevelRange,EmpiricalNetworkXMeanTrophicLevel,EmpiricalNetworkXTrophicLevelStd,EmpiricalNetworkXTrophicLevelRange,EmpiricalMeanLocalClustering,EmpiricalTransitivity,EmpiricalNumTriangles,EmpiricalTriangleDensity,EmpiricalMeanDietOverlap,EmpiricalNetworkXTrophicLevelNumSpeciesFull,EmpiricalNetworkXTrophicLevelNumSpeciesLargest,EmpiricalNetworkXTrophicLevelNumSpeciesWithLevel,EmpiricalNetworkXTrophicLevelLargestFraction,EmpiricalNetworkXTrophicLevelStatusCode,EmpiricalPropBasal,EmpiricalPropIntermediate,EmpiricalPropTop,PseudoNumSpecies,PseudoLinks,PseudoConnectance,PseudoMeanTrophicLevel,PseudoMeanDegree,PseudoMeanGenerality,PseudoMeanVulnerability,PseudoDegreeStd,PseudoDegreeCV,PseudoDegreeGini,PseudoGeneralityStd,PseudoGeneralityCV,PseudoGeneralityGini,PseudoVulnerabilityStd,PseudoVulnerabilityCV,PseudoVulnerabilityGini,PseudoTrophicLevelStd,PseudoTrophicLevelCV,PseudoTrophicLevelRange,PseudoNetworkXMeanTrophicLevel,PseudoNetworkXTrophicLevelStd,PseudoNetworkXTrophicLevelRange,PseudoMeanLocalClustering,PseudoTransitivity,PseudoNumTriangles,PseudoTriangleDensity,PseudoMeanDietOverlap,PseudoNetworkXTrophicLevelNumSpeciesFull,PseudoNetworkXTrophicLevelNumSpeciesLargest,PseudoNetworkXTrophicLevelNumSpeciesWithLevel,PseudoNetworkXTrophicLevelLargestFraction,PseudoNetworkXTrophicLevelStatusCode,PseudoPropBasal,PseudoPropIntermediate,PseudoPropTop,DeltaLinks,DeltaConnectance,DeltaMeanTrophicLevel,DeltaMeanDegree,DeltaMeanGenerality,DeltaMeanVulnerability,DeltaDegreeStd,DeltaDegreeCV,DeltaDegreeGini,DeltaGeneralityStd,DeltaGeneralityCV,DeltaGeneralityGini,DeltaVulnerabilityStd,DeltaVulnerabilityCV,DeltaVulnerabilityGini,DeltaTrophicLevelStd,DeltaTrophicLevelCV,DeltaTrophicLevelRange,DeltaNetworkXMeanTrophicLevel,DeltaNetworkXTrophicLevelStd,DeltaNetworkXTrophicLevelRange,DeltaMeanLocalClustering,DeltaTransitivity,DeltaNumTriangles,DeltaTriangleDensity,DeltaMeanDietOverlap,DeltaPropBasal,DeltaPropIntermediate,DeltaPropTop,PseudoTP,PseudoFP,PseudoFN,PseudoTN,PseudoTPR,PseudoTNR,PseudoFPR,PseudoFNR,PseudoPrecision,PseudoRecall,PseudoF1Score,PseudoMCC,PseudoTSS,PseudoJaccardLinks,NumPredictedNovelLinks,NumTrueNovelLinks,EvaluateOnAllUnseen,CvK,FoldID,NumFolds
1,WLNM_dir_neg_kfold,0.257694675285,0.243026852998,00:00:11,10,90,1,13346,fixed,0.5,1,0.105263157895,0.190476190476,6,0,51,114,0.105263157895,1,0,0.894736842105,1,0.105263157895,0.190476190476,0.701754385965,0.654970760234,0.135593220339,0.269679944985,0.105263157895,565,508,57,0,565,0,508,0,57,95,564,0.0631578947368,1.51383458647,11.8736842105,13.756097561,7.83333333333,8.97780016801,0.756109056703,0.427230309817,8.8855734454,1.49668347041,0.722807017544,7.68365289667,1.29423231416,0.646173945502,0.642127178975,0.424172617482,2.16666666667,NaN,NaN,NaN,0.0226317956796,0.00423344420925,14,0.000101145107105,0.206159134324,NaN,NaN,NaN,NaN,NaN,0.568421052632,0.189473684211,0.242105263158,95,513,0.0574468085106,1.51921470343,10.8,12.512195122,7.32857142857,8.27017198617,0.765756665386,0.432153483123,7.9698901458,1.47590558256,0.717431004412,7.14797992591,1.32369998628,0.652467425875,0.652371552898,0.429413664459,2.16666666667,NaN,NaN,NaN,0.0236727621944,0.00509585052172,14,0.000101145107105,0.190574033436,NaN,NaN,NaN,NaN,NaN,0.547368421053,0.189473684211,0.242105263158,-51,-0.0057110862262,0.00538011695906,-1.07368421053,-1.24390243902,-0.504761904762,-0.707628181836,0.00964760868352,0.00492317330592,-0.915683299593,-0.0207778878563,-0.00537601313225,-0.535672970756,0.029467672125,0.00629348037258,0.0102443739225,0.00524104697756,0,NaN,NaN,NaN,0.00104096651482,0.000862406312465,0,0,-0.015585100888,-0.0210526315789,0,0,513,0,51,8366,0.909574468085,1,0,0.0904255319149,1,0.909574468085,0.952646239554,0.950822383738,0.909574468085,0.909574468085,6,57,0,10,1,10
2,WLNM_dir_neg_kfold,0.835872576177,0.488100459482,00:00:11,10,90,2,13347,fixed,0.5,1,0.105263157895,0.190476190476,6,0,51,114,0.105263157895,1,0,0.894736842105,1,0.105263157895,0.190476190476,0.701754385965,0.654970760234,0.135593220339,0.269679944985,0.105263157895,565,508,57,0,565,0,508,0,57,95,564,0.0631578947368,1.51383458647,11.8736842105,13.756097561,7.83333333333,8.97780016801,0.756109056703,0.427230309817,8.8855734454,1.49668347041,0.722807017544,7.68365289667,1.29423231416,0.646173945502,0.642127178975,0.424172617482,2.16666666667,NaN,NaN,NaN,0.0226317956796,0.00423344420925,14,0.000101145107105,0.206159134324,NaN,NaN,NaN,NaN,NaN,0.568421052632,0.189473684211,0.242105263158,95,513,0.0574468085106,1.51921470343,10.8,12.512195122,7.32857142857,8.27017198617,0.765756665386,0.432153483123,7.9698901458,1.47590558256,0.717431004412,7.14797992591,1.32369998628,0.652467425875,0.652371552898,0.429413664459,2.16666666667,NaN,NaN,NaN,0.0236727621944,0.00509585052172,14,0.000101145107105,0.190574033436,NaN,NaN,NaN,NaN,NaN,0.547368421053,0.189473684211,0.242105263158,-51,-0.0057110862262,0.00538011695906,-1.07368421053,-1.24390243902,-0.504761904762,-0.707628181836,0.00964760868352,0.00492317330592,-0.915683299593,-0.0207778878563,-0.00537601313225,-0.535672970756,0.029467672125,0.00629348037258,0.0102443739225,0.00524104697756,0,NaN,NaN,NaN,0.00104096651482,0.000862406312465,0,0,-0.015585100888,-0.0210526315789,0,0,513,0,51,8366,0.909574468085,1,0,0.0904255319149,1,0.909574468085,0.952646239554,0.950822383738,0.909574468085,0.909574468085,6,57,0,10,1,10
3,WLNM_dir_neg_kfold,0.869498307171,0.526337244627,00:00:12,10,90,3,13348,fixed,0.5,0.857142857143,0.105263157895,0.1875,6,1,51,113,0.105263157895,0.991228070175,0.00877192982456,0.894736842105,0.857142857143,0.105263157895,0.1875,0.695906432749,0.653021442495,0.123595505618,0.229565564561,0.0964912280702,565,508,57,0,565,0,508,0,57,95,564,0.0631578947368,1.51383458647,11.8736842105,13.756097561,7.83333333333,8.97780016801,0.756109056703,0.427230309817,8.8855734454,1.49668347041,0.722807017544,7.68365289667,1.29423231416,0.646173945502,0.642127178975,0.424172617482,2.16666666667,NaN,NaN,NaN,0.0226317956796,0.00423344420925,14,0.000101145107105,0.206159134324,NaN,NaN,NaN,NaN,NaN,0.568421052632,0.189473684211,0.242105263158,95,514,0.0575587905935,1.54933368678,10.8210526316,12.2380952381,7.34285714286,8.28736406438,0.765855628517,0.432090927708,7.96333985429,1.47182351393,0.716280974811,7.14812092083,1.32115075385,0.651812410403,0.677919312585,0.437555394534,2.19575757576,NaN,NaN,NaN,0.0236727621944,0.00509585052172,14,0.000101145107105,0.182743479662,NaN,NaN,NaN,NaN,NaN,0.536842105263,0.2,0.242105263158,-50,-0.00559910414334,0.0354991003149,-1.05263157895,-1.51800232288,-0.490476190476,-0.690436103632,0.00974657181447,0.00486061789128,-0.922233591105,-0.0248599564871,-0.00652604273329,-0.535531975843,0.026918439694,0.00563846490139,0.0357921336094,0.0133827770528,0.0290909090909,NaN,NaN,NaN,0.00104096651482,0.000862406312465,0,0,-0.0234156546621,-0.0315789473684,0.0105263157895,0,513,1,51,8365,0.909574468085,0.999880468563,0.000119531436768,0.0904255319149,0.998054474708,0.909574468085,0.951762523191,0.949828603429,0.909454936648,0.90796460177,7,57,0,10,1,10
4,WLNM_dir_neg_kfold,0.789550630963,0.49435520572,00:00:11,10,90,4,13349,fixed,0.5,1,0.105263157895,0.190476190476,6,0,51,114,0.105263157895,1,0,0.894736842105,1,0.105263157895,0.190476190476,0.701754385965,0.654970760234,0.135593220339,0.269679944985,0.105263157895,565,508,57,0,565,0,508,0,57,95,564,0.0631578947368,1.51383458647,11.8736842105,13.756097561,7.83333333333,8.97780016801,0.756109056703,0.427230309817,8.8855734454,1.49668347041,0.722807017544,7.68365289667,1.29423231416,0.646173945502,0.642127178975,0.424172617482,2.16666666667,NaN,NaN,NaN,0.0226317956796,0.00423344420925,14,0.000101145107105,0.206159134324,NaN,NaN,NaN,NaN,NaN,0.568421052632,0.189473684211,0.242105263158,95,513,0.0574468085106,1.51921470343,10.8,12.512195122,7.32857142857,8.27017198617,0.765756665386,0.432153483123,7.9698901458,1.47590558256,0.717431004412,7.14797992591,1.32369998628,0.652467425875,0.652371552898,0.429413664459,2.16666666667,NaN,NaN,NaN,0.0236727621944,0.00509585052172,14,0.000101145107105,0.190574033436,NaN,NaN,NaN,NaN,NaN,0.547368421053,0.189473684211,0.242105263158,-51,-0.0057110862262,0.00538011695906,-1.07368421053,-1.24390243902,-0.504761904762,-0.707628181836,0.00964760868352,0.00492317330592,-0.915683299593,-0.0207778878563,-0.00537601313225,-0.535672970756,0.029467672125,0.00629348037258,0.0102443739225,0.00524104697756,0,NaN,NaN,NaN,0.00104096651482,0.000862406312465,0,0,-0.015585100888,-0.0210526315789,0,0,513,0,51,8366,0.909574468085,1,0,0.0904255319149,1,0.909574468085,0.952646239554,0.950822383738,0.909574468085,0.909574468085,6,57,0,10,1,10
5,WLNM_dir_neg_kfold,0.401815943367,0.273410818108,00:00:11,10,90,5,13350,fixed,0.5,1,0.105263157895,0.190476190476,6,0,51,114,0.105263157895,1,0,0.894736842105,1,0.105263157895,0.190476190476,0.701754385965,0.654970760234,0.135593220339,0.269679944985,0.105263157895,565,508,57,0,565,0,508,0,57,95,564,0.0631578947368,1.51383458647,11.8736842105,13.756097561,7.83333333333,8.97780016801,0.756109056703,0.427230309817,8.8855734454,1.49668347041,0.722807017544,7.68365289667,1.29423231416,0.646173945502,0.642127178975,0.424172617482,2.16666666667,NaN,NaN,NaN,0.0226317956796,0.00423344420925,14,0.000101145107105,0.206159134324,NaN,NaN,NaN,NaN,NaN,0.568421052632,0.189473684211,0.242105263158,95,513,0.0574468085106,1.51921470343,10.8,12.512195122,7.32857142857,8.27017198617,0.765756665386,0.432153483123,7.9698901458,1.47590558256,0.717431004412,7.14797992591,1.32369998628,0.652467425875,0.652371552898,0.429413664459,2.16666666667,NaN,NaN,NaN,0.0236727621944,0.00509585052172,14,0.000101145107105,0.190574033436,NaN,NaN,NaN,NaN,NaN,0.547368421053,0.189473684211,0.242105263158,-51,-0.0057110862262,0.00538011695906,-1.07368421053,-1.24390243902,-0.504761904762,-0.707628181836,0.00964760868352,0.00492317330592,-0.915683299593,-0.0207778878563,-0.00537601313225,-0.535672970756,0.029467672125,0.00629348037258,0.0102443739225,0.00524104697756,0,NaN,NaN,NaN,0.00104096651482,0.000862406312465,0,0,-0.015585100888,-0.0210526315789,0,0,513,0,51,8366,0.909574468085,1,0,0.0904255319149,1,0.909574468085,0.952646239554,0.950822383738,0.909574468085,0.909574468085,6,57,0,10,1,10
6,WLNM_dir_neg_kfold,0.789242843952,0.495738613401,00:00:11,10,90,6,13351,fixed,0.5,1,0.105263157895,0.190476190476,6,0,51,114,0.105263157895,1,0,0.894736842105,1,0.105263157895,0.190476190476,0.701754385965,0.654970760234,0.135593220339,0.269679944985,0.105263157895,565,508,57,0,565,0,508,0,57,95,564,0.0631578947368,1.51383458647,11.8736842105,13.756097561,7.83333333333,8.97780016801,0.756109056703,0.427230309817,8.8855734454,1.49668347041,0.722807017544,7.68365289667,1.29423231416,0.646173945502,0.642127178975,0.424172617482,2.16666666667,NaN,NaN,NaN,0.0226317956796,0.00423344420925,14,0.000101145107105,0.206159134324,NaN,NaN,NaN,NaN,NaN,0.568421052632,0.189473684211,0.242105263158,95,513,0.0574468085106,1.51921470343,10.8,12.512195122,7.32857142857,8.27017198617,0.765756665386,0.432153483123,7.9698901458,1.47590558256,0.717431004412,7.14797992591,1.32369998628,0.652467425875,0.652371552898,0.429413664459,2.16666666667,NaN,NaN,NaN,0.0236727621944,0.00509585052172,14,0.000101145107105,0.190574033436,NaN,NaN,NaN,NaN,NaN,0.547368421053,0.189473684211,0.242105263158,-51,-0.0057110862262,0.00538011695906,-1.07368421053,-1.24390243902,-0.504761904762,-0.707628181836,0.00964760868352,0.00492317330592,-0.915683299593,-0.0207778878563,-0.00537601313225,-0.535672970756,0.029467672125,0.00629348037258,0.0102443739225,0.00524104697756,0,NaN,NaN,NaN,0.00104096651482,0.000862406312465,0,0,-0.015585100888,-0.0210526315789,0,0,513,0,51,8366,0.909574468085,1,0,0.0904255319149,1,0.909574468085,0.952646239554,0.950822383738,0.909574468085,0.909574468085,6,57,0,10,1,10
7,WLNM_dir_neg_kfold,0.714296706679,0.387213029417,00:00:11,10,90,7,13352,fixed,0.5,0.857142857143,0.105263157895,0.1875,6,1,51,113,0.105263157895,0.991228070175,0.00877192982456,0.894736842105,0.857142857143,0.105263157895,0.1875,0.695906432749,0.653021442495,0.123595505618,0.229565564561,0.0964912280702,565,508,57,0,565,0,508,0,57,95,564,0.0631578947368,1.51383458647,11.8736842105,13.756097561,7.83333333333,8.97780016801,0.756109056703,0.427230309817,8.8855734454,1.49668347041,0.722807017544,7.68365289667,1.29423231416,0.646173945502,0.642127178975,0.424172617482,2.16666666667,NaN,NaN,NaN,0.0226317956796,0.00423344420925,14,0.000101145107105,0.206159134324,NaN,NaN,NaN,NaN,NaN,0.568421052632,0.189473684211,0.242105263158,95,514,0.0575587905935,1.54483892441,10.8210526316,12.2380952381,7.34285714286,8.27837344925,0.765024783734,0.431681343436,7.96333985429,1.47182351393,0.716280974811,7.14216538004,1.3200500216,0.651075158714,0.672618256339,0.435397014998,2.16666666667,NaN,NaN,NaN,0.0236727621944,0.00509585052172,14,0.000101145107105,0.181582039477,NaN,NaN,NaN,NaN,NaN,0.536842105263,0.2,0.242105263158,-50,-0.00559910414334,0.0310043379393,-1.05263157895,-1.51800232288,-0.490476190476,-0.699426718754,0.00891572703171,0.00445103361932,-0.922233591105,-0.0248599564871,-0.00652604273329,-0.541487516634,0.0258177074466,0.00490121321185,0.0304910773638,0.0112243975167,0,NaN,NaN,NaN,0.00104096651482,0.000862406312465,0,0,-0.0245770948479,-0.0315789473684,0.0105263157895,0,513,1,51,8365,0.909574468085,0.999880468563,0.000119531436768,0.0904255319149,0.998054474708,0.909574468085,0.951762523191,0.949828603429,0.909454936648,0.90796460177,7,57,0,10,1,10
8,WLNM_dir_neg_kfold,0.874038165589,0.534172698646,00:00:11,10,90,8,13353,fixed,0.5,1,0.105263157895,0.190476190476,6,0,51,114,0.105263157895,1,0,0.894736842105,1,0.105263157895,0.190476190476,0.701754385965,0.654970760234,0.135593220339,0.269679944985,0.105263157895,565,508,57,0,565,0,508,0,57,95,564,0.0631578947368,1.51383458647,11.8736842105,13.756097561,7.83333333333,8.97780016801,0.756109056703,0.427230309817,8.8855734454,1.49668347041,0.722807017544,7.68365289667,1.29423231416,0.646173945502,0.642127178975,0.424172617482,2.16666666667,NaN,NaN,NaN,0.0226317956796,0.00423344420925,14,0.000101145107105,0.206159134324,NaN,NaN,NaN,NaN,NaN,0.568421052632,0.189473684211,0.242105263158,95,513,0.0574468085106,1.51921470343,10.8,12.512195122,7.32857142857,8.27017198617,0.765756665386,0.432153483123,7.9698901458,1.47590558256,0.717431004412,7.14797992591,1.32369998628,0.652467425875,0.652371552898,0.429413664459,2.16666666667,NaN,NaN,NaN,0.0236727621944,0.00509585052172,14,0.000101145107105,0.190574033436,NaN,NaN,NaN,NaN,NaN,0.547368421053,0.189473684211,0.242105263158,-51,-0.0057110862262,0.00538011695906,-1.07368421053,-1.24390243902,-0.504761904762,-0.707628181836,0.00964760868352,0.00492317330592,-0.915683299593,-0.0207778878563,-0.00537601313225,-0.535672970756,0.029467672125,0.00629348037258,0.0102443739225,0.00524104697756,0,NaN,NaN,NaN,0.00104096651482,0.000862406312465,0,0,-0.015585100888,-0.0210526315789,0,0,513,0,51,8366,0.909574468085,1,0,0.0904255319149,1,0.909574468085,0.952646239554,0.950822383738,0.909574468085,0.909574468085,6,57,0,10,1,10
9,WLNM_dir_neg_kfold,0.8080947984,0.504976402239,00:00:11,10,90,9,13354,fixed,0.5,1,0.105263157895,0.190476190476,6,0,51,114,0.105263157895,1,0,0.894736842105,1,0.105263157895,0.190476190476,0.701754385965,0.654970760234,0.135593220339,0.269679944985,0.105263157895,565,508,57,0,565,0,508,0,57,95,564,0.0631578947368,1.51383458647,11.8736842105,13.756097561,7.83333333333,8.97780016801,0.756109056703,0.427230309817,8.8855734454,1.49668347041,0.722807017544,7.68365289667,1.29423231416,0.646173945502,0.642127178975,0.424172617482,2.16666666667,NaN,NaN,NaN,0.0226317956796,0.00423344420925,14,0.000101145107105,0.206159134324,NaN,NaN,NaN,NaN,NaN,0.568421052632,0.189473684211,0.242105263158,95,513,0.0574468085106,1.51921470343,10.8,12.512195122,7.32857142857,8.27017198617,0.765756665386,0.432153483123,7.9698901458,1.47590558256,0.717431004412,7.14797992591,1.32369998628,0.652467425875,0.652371552898,0.429413664459,2.16666666667,NaN,NaN,NaN,0.0236727621944,0.00509585052172,14,0.000101145107105,0.190574033436,NaN,NaN,NaN,NaN,NaN,0.547368421053,0.189473684211,0.242105263158,-51,-0.0057110862262,0.00538011695906,-1.07368421053,-1.24390243902,-0.504761904762,-0.707628181836,0.00964760868352,0.00492317330592,-0.915683299593,-0.0207778878563,-0.00537601313225,-0.535672970756,0.029467672125,0.00629348037258,0.0102443739225,0.00524104697756,0,NaN,NaN,NaN,0.00104096651482,0.000862406312465,0,0,-0.015585100888,-0.0210526315789,0,0,513,0,51,8366,0.909574468085,1,0,0.0904255319149,1,0.909574468085,0.952646239554,0.950822383738,0.909574468085,0.909574468085,6,57,0,10,1,10
10,WLNM_dir_neg_kfold,0.880963373346,0.539967516283,00:00:11,10,90,10,13355,fixed,0.5,1,0.105263157895,0.190476190476,6,0,51,114,0.105263157895,1,0,0.894736842105,1,0.105263157895,0.190476190476,0.701754385965,0.654970760234,0.135593220339,0.269679944985,0.105263157895,565,508,57,0,565,0,508,0,57,95,564,0.0631578947368,1.51383458647,11.8736842105,13.756097561,7.83333333333,8.97780016801,0.756109056703,0.427230309817,8.8855734454,1.49668347041,0.722807017544,7.68365289667,1.29423231416,0.646173945502,0.642127178975,0.424172617482,2.16666666667,NaN,NaN,NaN,0.0226317956796,0.00423344420925,14,0.000101145107105,0.206159134324,NaN,NaN,NaN,NaN,NaN,0.568421052632,0.189473684211,0.242105263158,95,513,0.0574468085106,1.51921470343,10.8,12.512195122,7.32857142857,8.27017198617,0.765756665386,0.432153483123,7.9698901458,1.47590558256,0.717431004412,7.14797992591,1.32369998628,0.652467425875,0.652371552898,0.429413664459,2.16666666667,NaN,NaN,NaN,0.0236727621944,0.00509585052172,14,0.000101145107105,0.190574033436,NaN,NaN,NaN,NaN,NaN,0.547368421053,0.189473684211,0.242105263158,-51,-0.0057110862262,0.00538011695906,-1.07368421053,-1.24390243902,-0.504761904762,-0.707628181836,0.00964760868352,0.00492317330592,-0.915683299593,-0.0207778878563,-0.00537601313225,-0.535672970756,0.029467672125,0.00629348037258,0.0102443739225,0.00524104697756,0,NaN,NaN,NaN,0.00104096651482,0.000862406312465,0,0,-0.015585100888,-0.0210526315789,0,0,513,0,51,8366,0.909574468085,1,0,0.0904255319149,1,0.909574468085,0.952646239554,0.950822383738,0.909574468085,0.909574468085,6,57,0,10,1,10
11,WLNM_dir_neg_kfold,0.362573099415,0.265331079343,00:00:12,10,90,11,13356,fixed,0.5,1,0.105263157895,0.190476190476,6,0,51,114,0.105263157895,1,0,0.894736842105,1,0.105263157895,0.190476190476,0.701754385965,0.654970760234,0.135593220339,0.269679944985,0.105263157895,565,508,57,0,565,0,508,0,57,95,564,0.0631578947368,1.51383458647,11.8736842105,13.756097561,7.83333333333,8.97780016801,0.756109056703,0.427230309817,8.8855734454,1.49668347041,0.722807017544,7.68365289667,1.29423231416,0.646173945502,0.642127178975,0.424172617482,2.16666666667,NaN,NaN,NaN,0.0226317956796,0.00423344420925,14,0.000101145107105,0.206159134324,NaN,NaN,NaN,NaN,NaN,0.568421052632,0.189473684211,0.242105263158,95,513,0.0574468085106,1.51921470343,10.8,12.512195122,7.32857142857,8.27017198617,0.765756665386,0.432153483123,7.9698901458,1.47590558256,0.717431004412,7.14797992591,1.32369998628,0.652467425875,0.652371552898,0.429413664459,2.16666666667,NaN,NaN,NaN,0.0236727621944,0.00509585052172,14,0.000101145107105,0.190574033436,NaN,NaN,NaN,NaN,NaN,0.547368421053,0.189473684211,0.242105263158,-51,-0.0057110862262,0.00538011695906,-1.07368421053,-1.24390243902,-0.504761904762,-0.707628181836,0.00964760868352,0.00492317330592,-0.915683299593,-0.0207778878563,-0.00537601313225,-0.535672970756,0.029467672125,0.00629348037258,0.0102443739225,0.00524104697756,0,NaN,NaN,NaN,0.00104096651482,0.000862406312465,0,0,-0.015585100888,-0.0210526315789,0,0,513,0,51,8366,0.909574468085,1,0,0.0904255319149,1,0.909574468085,0.952646239554,0.950822383738,0.909574468085,0.909574468085,6,57,0,10,1,10
12,WLNM_dir_neg_kfold,0.463296398892,0.283241529987,00:00:11,10,90,12,13357,fixed,0.5,1,0.105263157895,0.190476190476,6,0,51,114,0.105263157895,1,0,0.894736842105,1,0.105263157895,0.190476190476,0.701754385965,0.654970760234,0.135593220339,0.269679944985,0.105263157895,565,508,57,0,565,0,508,0,57,95,564,0.0631578947368,1.51383458647,11.8736842105,13.756097561,7.83333333333,8.97780016801,0.756109056703,0.427230309817,8.8855734454,1.49668347041,0.722807017544,7.68365289667,1.29423231416,0.646173945502,0.642127178975,0.424172617482,2.16666666667,NaN,NaN,NaN,0.0226317956796,0.00423344420925,14,0.000101145107105,0.206159134324,NaN,NaN,NaN,NaN,NaN,0.568421052632,0.189473684211,0.242105263158,95,513,0.0574468085106,1.51921470343,10.8,12.512195122,7.32857142857,8.27017198617,0.765756665386,0.432153483123,7.9698901458,1.47590558256,0.717431004412,7.14797992591,1.32369998628,0.652467425875,0.652371552898,0.429413664459,2.16666666667,NaN,NaN,NaN,0.0236727621944,0.00509585052172,14,0.000101145107105,0.190574033436,NaN,NaN,NaN,NaN,NaN,0.547368421053,0.189473684211,0.242105263158,-51,-0.0057110862262,0.00538011695906,-1.07368421053,-1.24390243902,-0.504761904762,-0.707628181836,0.00964760868352,0.00492317330592,-0.915683299593,-0.0207778878563,-0.00537601313225,-0.535672970756,0.029467672125,0.00629348037258,0.0102443739225,0.00524104697756,0,NaN,NaN,NaN,0.00104096651482,0.000862406312465,0,0,-0.015585100888,-0.0210526315789,0,0,513,0,51,8366,0.909574468085,1,0,0.0904255319149,1,0.909574468085,0.952646239554,0.950822383738,0.909574468085,0.909574468085,6,57,0,10,1,10
13,WLNM_dir_neg_kfold,0.823638042475,0.472789931175,00:00:11,10,90,13,13358,fixed,0.5,1,0.105263157895,0.190476190476,6,0,51,114,0.105263157895,1,0,0.894736842105,1,0.105263157895,0.190476190476,0.701754385965,0.654970760234,0.135593220339,0.269679944985,0.105263157895,565,508,57,0,565,0,508,0,57,95,564,0.0631578947368,1.51383458647,11.8736842105,13.756097561,7.83333333333,8.97780016801,0.756109056703,0.427230309817,8.8855734454,1.49668347041,0.722807017544,7.68365289667,1.29423231416,0.646173945502,0.642127178975,0.424172617482,2.16666666667,NaN,NaN,NaN,0.0226317956796,0.00423344420925,14,0.000101145107105,0.206159134324,NaN,NaN,NaN,NaN,NaN,0.568421052632,0.189473684211,0.242105263158,95,513,0.0574468085106,1.51921470343,10.8,12.512195122,7.32857142857,8.27017198617,0.765756665386,0.432153483123,7.9698901458,1.47590558256,0.717431004412,7.14797992591,1.32369998628,0.652467425875,0.652371552898,0.429413664459,2.16666666667,NaN,NaN,NaN,0.0236727621944,0.00509585052172,14,0.000101145107105,0.190574033436,NaN,NaN,NaN,NaN,NaN,0.547368421053,0.189473684211,0.242105263158,-51,-0.0057110862262,0.00538011695906,-1.07368421053,-1.24390243902,-0.504761904762,-0.707628181836,0.00964760868352,0.00492317330592,-0.915683299593,-0.0207778878563,-0.00537601313225,-0.535672970756,0.029467672125,0.00629348037258,0.0102443739225,0.00524104697756,0,NaN,NaN,NaN,0.00104096651482,0.000862406312465,0,0,-0.015585100888,-0.0210526315789,0,0,513,0,51,8366,0.909574468085,1,0,0.0904255319149,1,0.909574468085,0.952646239554,0.950822383738,0.909574468085,0.909574468085,6,57,0,10,1,10
14,WLNM_dir_neg_kfold,0.823022468452,0.467497343645,00:00:11,10,90,14,13359,fixed,0.5,1,0.105263157895,0.190476190476,6,0,51,114,0.105263157895,1,0,0.894736842105,1,0.105263157895,0.190476190476,0.701754385965,0.654970760234,0.135593220339,0.269679944985,0.105263157895,565,508,57,0,565,0,508,0,57,95,564,0.0631578947368,1.51383458647,11.8736842105,13.756097561,7.83333333333,8.97780016801,0.756109056703,0.427230309817,8.8855734454,1.49668347041,0.722807017544,7.68365289667,1.29423231416,0.646173945502,0.642127178975,0.424172617482,2.16666666667,NaN,NaN,NaN,0.0226317956796,0.00423344420925,14,0.000101145107105,0.206159134324,NaN,NaN,NaN,NaN,NaN,0.568421052632,0.189473684211,0.242105263158,95,513,0.0574468085106,1.51921470343,10.8,12.512195122,7.32857142857,8.27017198617,0.765756665386,0.432153483123,7.9698901458,1.47590558256,0.717431004412,7.14797992591,1.32369998628,0.652467425875,0.652371552898,0.429413664459,2.16666666667,NaN,NaN,NaN,0.0236727621944,0.00509585052172,14,0.000101145107105,0.190574033436,NaN,NaN,NaN,NaN,NaN,0.547368421053,0.189473684211,0.242105263158,-51,-0.0057110862262,0.00538011695906,-1.07368421053,-1.24390243902,-0.504761904762,-0.707628181836,0.00964760868352,0.00492317330592,-0.915683299593,-0.0207778878563,-0.00537601313225,-0.535672970756,0.029467672125,0.00629348037258,0.0102443739225,0.00524104697756,0,NaN,NaN,NaN,0.00104096651482,0.000862406312465,0,0,-0.015585100888,-0.0210526315789,0,0,513,0,51,8366,0.909574468085,1,0,0.0904255319149,1,0.909574468085,0.952646239554,0.950822383738,0.909574468085,0.909574468085,6,57,0,10,1,10
15,WLNM_dir_neg_kfold,0.810787934749,0.458444504965,00:00:11,10,90,15,13360,fixed,0.5,1,0.105263157895,0.190476190476,6,0,51,114,0.105263157895,1,0,0.894736842105,1,0.105263157895,0.190476190476,0.701754385965,0.654970760234,0.135593220339,0.269679944985,0.105263157895,565,508,57,0,565,0,508,0,57,95,564,0.0631578947368,1.51383458647,11.8736842105,13.756097561,7.83333333333,8.97780016801,0.756109056703,0.427230309817,8.8855734454,1.49668347041,0.722807017544,7.68365289667,1.29423231416,0.646173945502,0.642127178975,0.424172617482,2.16666666667,NaN,NaN,NaN,0.0226317956796,0.00423344420925,14,0.000101145107105,0.206159134324,NaN,NaN,NaN,NaN,NaN,0.568421052632,0.189473684211,0.242105263158,95,513,0.0574468085106,1.51921470343,10.8,12.512195122,7.32857142857,8.27017198617,0.765756665386,0.432153483123,7.9698901458,1.47590558256,0.717431004412,7.14797992591,1.32369998628,0.652467425875,0.652371552898,0.429413664459,2.16666666667,NaN,NaN,NaN,0.0236727621944,0.00509585052172,14,0.000101145107105,0.190574033436,NaN,NaN,NaN,NaN,NaN,0.547368421053,0.189473684211,0.242105263158,-51,-0.0057110862262,0.00538011695906,-1.07368421053,-1.24390243902,-0.504761904762,-0.707628181836,0.00964760868352,0.00492317330592,-0.915683299593,-0.0207778878563,-0.00537601313225,-0.535672970756,0.029467672125,0.00629348037258,0.0102443739225,0.00524104697756,0,NaN,NaN,NaN,0.00104096651482,0.000862406312465,0,0,-0.015585100888,-0.0210526315789,0,0,513,0,51,8366,0.909574468085,1,0,0.0904255319149,1,0.909574468085,0.952646239554,0.950822383738,0.909574468085,0.909574468085,6,57,0,10,1,10
16,WLNM_dir_neg_kfold,0.809325946445,0.461334482345,00:00:12,10,90,16,13361,fixed,0.5,1,0.105263157895,0.190476190476,6,0,51,114,0.105263157895,1,0,0.894736842105,1,0.105263157895,0.190476190476,0.701754385965,0.654970760234,0.135593220339,0.269679944985,0.105263157895,565,508,57,0,565,0,508,0,57,95,564,0.0631578947368,1.51383458647,11.8736842105,13.756097561,7.83333333333,8.97780016801,0.756109056703,0.427230309817,8.8855734454,1.49668347041,0.722807017544,7.68365289667,1.29423231416,0.646173945502,0.642127178975,0.424172617482,2.16666666667,NaN,NaN,NaN,0.0226317956796,0.00423344420925,14,0.000101145107105,0.206159134324,NaN,NaN,NaN,NaN,NaN,0.568421052632,0.189473684211,0.242105263158,95,513,0.0574468085106,1.51921470343,10.8,12.512195122,7.32857142857,8.27017198617,0.765756665386,0.432153483123,7.9698901458,1.47590558256,0.717431004412,7.14797992591,1.32369998628,0.652467425875,0.652371552898,0.429413664459,2.16666666667,NaN,NaN,NaN,0.0236727621944,0.00509585052172,14,0.000101145107105,0.190574033436,NaN,NaN,NaN,NaN,NaN,0.547368421053,0.189473684211,0.242105263158,-51,-0.0057110862262,0.00538011695906,-1.07368421053,-1.24390243902,-0.504761904762,-0.707628181836,0.00964760868352,0.00492317330592,-0.915683299593,-0.0207778878563,-0.00537601313225,-0.535672970756,0.029467672125,0.00629348037258,0.0102443739225,0.00524104697756,0,NaN,NaN,NaN,0.00104096651482,0.000862406312465,0,0,-0.015585100888,-0.0210526315789,0,0,513,0,51,8366,0.909574468085,1,0,0.0904255319149,1,0.909574468085,0.952646239554,0.950822383738,0.909574468085,0.909574468085,6,57,0,10,1,10
17,WLNM_dir_neg_kfold,0.758541089566,0.409631752232,00:00:11,10,90,17,13362,fixed,0.5,1,0.105263157895,0.190476190476,6,0,51,114,0.105263157895,1,0,0.894736842105,1,0.105263157895,0.190476190476,0.701754385965,0.654970760234,0.135593220339,0.269679944985,0.105263157895,565,508,57,0,565,0,508,0,57,95,564,0.0631578947368,1.51383458647,11.8736842105,13.756097561,7.83333333333,8.97780016801,0.756109056703,0.427230309817,8.8855734454,1.49668347041,0.722807017544,7.68365289667,1.29423231416,0.646173945502,0.642127178975,0.424172617482,2.16666666667,NaN,NaN,NaN,0.0226317956796,0.00423344420925,14,0.000101145107105,0.206159134324,NaN,NaN,NaN,NaN,NaN,0.568421052632,0.189473684211,0.242105263158,95,513,0.0574468085106,1.51921470343,10.8,12.512195122,7.32857142857,8.27017198617,0.765756665386,0.432153483123,7.9698901458,1.47590558256,0.717431004412,7.14797992591,1.32369998628,0.652467425875,0.652371552898,0.429413664459,2.16666666667,NaN,NaN,NaN,0.0236727621944,0.00509585052172,14,0.000101145107105,0.190574033436,NaN,NaN,NaN,NaN,NaN,0.547368421053,0.189473684211,0.242105263158,-51,-0.0057110862262,0.00538011695906,-1.07368421053,-1.24390243902,-0.504761904762,-0.707628181836,0.00964760868352,0.00492317330592,-0.915683299593,-0.0207778878563,-0.00537601313225,-0.535672970756,0.029467672125,0.00629348037258,0.0102443739225,0.00524104697756,0,NaN,NaN,NaN,0.00104096651482,0.000862406312465,0,0,-0.015585100888,-0.0210526315789,0,0,513,0,51,8366,0.909574468085,1,0,0.0904255319149,1,0.909574468085,0.952646239554,0.950822383738,0.909574468085,0.909574468085,6,57,0,10,1,10
18,WLNM_dir_neg_kfold,0.388042474608,0.306900397225,00:00:13,10,90,18,13363,fixed,0.5,1,0.105263157895,0.190476190476,6,0,51,114,0.105263157895,1,0,0.894736842105,1,0.105263157895,0.190476190476,0.701754385965,0.654970760234,0.135593220339,0.269679944985,0.105263157895,565,508,57,0,565,0,508,0,57,95,564,0.0631578947368,1.51383458647,11.8736842105,13.756097561,7.83333333333,8.97780016801,0.756109056703,0.427230309817,8.8855734454,1.49668347041,0.722807017544,7.68365289667,1.29423231416,0.646173945502,0.642127178975,0.424172617482,2.16666666667,NaN,NaN,NaN,0.0226317956796,0.00423344420925,14,0.000101145107105,0.206159134324,NaN,NaN,NaN,NaN,NaN,0.568421052632,0.189473684211,0.242105263158,95,513,0.0574468085106,1.51921470343,10.8,12.512195122,7.32857142857,8.27017198617,0.765756665386,0.432153483123,7.9698901458,1.47590558256,0.717431004412,7.14797992591,1.32369998628,0.652467425875,0.652371552898,0.429413664459,2.16666666667,NaN,NaN,NaN,0.0236727621944,0.00509585052172,14,0.000101145107105,0.190574033436,NaN,NaN,NaN,NaN,NaN,0.547368421053,0.189473684211,0.242105263158,-51,-0.0057110862262,0.00538011695906,-1.07368421053,-1.24390243902,-0.504761904762,-0.707628181836,0.00964760868352,0.00492317330592,-0.915683299593,-0.0207778878563,-0.00537601313225,-0.535672970756,0.029467672125,0.00629348037258,0.0102443739225,0.00524104697756,0,NaN,NaN,NaN,0.00104096651482,0.000862406312465,0,0,-0.015585100888,-0.0210526315789,0,0,513,0,51,8366,0.909574468085,1,0,0.0904255319149,1,0.909574468085,0.952646239554,0.950822383738,0.909574468085,0.909574468085,6,57,0,10,1,10
19,WLNM_dir_neg_kfold,0.22676208064,0.233899368796,00:00:11,10,90,19,13364,fixed,0.5,1,0.105263157895,0.190476190476,6,0,51,114,0.105263157895,1,0,0.894736842105,1,0.105263157895,0.190476190476,0.701754385965,0.654970760234,0.135593220339,0.269679944985,0.105263157895,565,508,57,0,565,0,508,0,57,95,564,0.0631578947368,1.51383458647,11.8736842105,13.756097561,7.83333333333,8.97780016801,0.756109056703,0.427230309817,8.8855734454,1.49668347041,0.722807017544,7.68365289667,1.29423231416,0.646173945502,0.642127178975,0.424172617482,2.16666666667,NaN,NaN,NaN,0.0226317956796,0.00423344420925,14,0.000101145107105,0.206159134324,NaN,NaN,NaN,NaN,NaN,0.568421052632,0.189473684211,0.242105263158,95,513,0.0574468085106,1.51921470343,10.8,12.512195122,7.32857142857,8.27017198617,0.765756665386,0.432153483123,7.9698901458,1.47590558256,0.717431004412,7.14797992591,1.32369998628,0.652467425875,0.652371552898,0.429413664459,2.16666666667,NaN,NaN,NaN,0.0236727621944,0.00509585052172,14,0.000101145107105,0.190574033436,NaN,NaN,NaN,NaN,NaN,0.547368421053,0.189473684211,0.242105263158,-51,-0.0057110862262,0.00538011695906,-1.07368421053,-1.24390243902,-0.504761904762,-0.707628181836,0.00964760868352,0.00492317330592,-0.915683299593,-0.0207778878563,-0.00537601313225,-0.535672970756,0.029467672125,0.00629348037258,0.0102443739225,0.00524104697756,0,NaN,NaN,NaN,0.00104096651482,0.000862406312465,0,0,-0.015585100888,-0.0210526315789,0,0,513,0,51,8366,0.909574468085,1,0,0.0904255319149,1,0.909574468085,0.952646239554,0.950822383738,0.909574468085,0.909574468085,6,57,0,10,1,10
20,WLNM_dir_neg_kfold,0.505078485688,0.292078300865,00:00:12,10,90,20,13365,fixed,0.5,0.857142857143,0.105263157895,0.1875,6,1,51,113,0.105263157895,0.991228070175,0.00877192982456,0.894736842105,0.857142857143,0.105263157895,0.1875,0.695906432749,0.653021442495,0.123595505618,0.229565564561,0.0964912280702,565,508,57,0,565,0,508,0,57,95,564,0.0631578947368,1.51383458647,11.8736842105,13.756097561,7.83333333333,8.97780016801,0.756109056703,0.427230309817,8.8855734454,1.49668347041,0.722807017544,7.68365289667,1.29423231416,0.646173945502,0.642127178975,0.424172617482,2.16666666667,NaN,NaN,NaN,0.0226317956796,0.00423344420925,14,0.000101145107105,0.206159134324,NaN,NaN,NaN,NaN,NaN,0.568421052632,0.189473684211,0.242105263158,95,514,0.0575587905935,1.59657262414,10.8210526316,12.2380952381,7.34285714286,8.31043812677,0.767987959186,0.433094409175,7.96333985429,1.47182351393,0.716280974811,7.14663250091,1.32087565678,0.651730493549,0.730036692113,0.457252417506,2.29907914412,NaN,NaN,NaN,0.0236727621944,0.00509585052172,14,0.000101145107105,0.182098235115,NaN,NaN,NaN,NaN,NaN,0.536842105263,0.2,0.242105263158,-50,-0.00559910414334,0.0827380376756,-1.05263157895,-1.51800232288,-0.490476190476,-0.667362041235,0.0118789024834,0.00586409935759,-0.922233591105,-0.0248599564871,-0.00652604273329,-0.537020395763,0.026643342627,0.00555654804699,0.0879095131376,0.0330798000246,0.13241247745,NaN,NaN,NaN,0.00104096651482,0.000862406312465,0,0,-0.0240608992098,-0.0315789473684,0.0105263157895,0,513,1,51,8365,0.909574468085,0.999880468563,0.000119531436768,0.0904255319149,0.998054474708,0.909574468085,0.951762523191,0.949828603429,0.909454936648,0.90796460177,7,57,0,10,1,10
21,WLNM_dir_neg_kfold,0.80055401662,0.467265246085,00:00:10,10,90,1,14346,fixed,0.5,1,0.105263157895,0.190476190476,6,0,51,114,0.105263157895,1,0,0.894736842105,1,0.105263157895,0.190476190476,0.701754385965,0.654970760234,0.135593220339,0.269679944985,0.105263157895,565,508,57,0,565,0,508,0,57,95,564,0.0631578947368,1.51383458647,11.8736842105,13.756097561,7.83333333333,8.97780016801,0.756109056703,0.427230309817,8.8855734454,1.49668347041,0.722807017544,7.68365289667,1.29423231416,0.646173945502,0.642127178975,0.424172617482,2.16666666667,NaN,NaN,NaN,0.0226317956796,0.00423344420925,14,0.000101145107105,0.206159134324,NaN,NaN,NaN,NaN,NaN,0.568421052632,0.189473684211,0.242105263158,95,513,0.0574468085106,1.51697705803,10.8,12.512195122,7.32857142857,8.26116266095,0.764922468606,0.430717143737,8.10358470718,1.50066383466,0.723381553298,7.0309346856,1.30202494178,0.64918436442,0.649039721788,0.427850716893,2.17948717949,NaN,NaN,NaN,0.0264484550334,0.00473588342441,13,9.39204565979e-05,0.183400558078,NaN,NaN,NaN,NaN,NaN,0.557894736842,0.178947368421,0.252631578947,-51,-0.0057110862262,0.00314247156352,-1.07368421053,-1.24390243902,-0.504761904762,-0.716637507059,0.00881341190358,0.00348683391944,-0.78198873822,0.00398036424984,0.000574535754591,-0.652718211069,0.0077926276226,0.00301041891777,0.00691254281219,0.00367809941106,0.0128205128205,NaN,NaN,NaN,0.00381665935383,0.000502439215155,-1,-7.22465050753e-06,-0.0227585762467,-0.0105263157895,-0.0105263157895,0.0105263157895,513,0,51,8366,0.909574468085,1,0,0.0904255319149,1,0.909574468085,0.952646239554,0.950822383738,0.909574468085,0.909574468085,6,57,0,10,2,10
22,WLNM_dir_neg_kfold,0.783394890736,0.502807540151,00:00:10,10,90,2,14347,fixed,0.5,1,0.122807017544,0.21875,7,0,50,114,0.122807017544,1,0,0.877192982456,1,0.122807017544,0.21875,0.707602339181,0.653021442495,0.157303370787,0.292174354895,0.122807017544,565,508,57,0,565,0,508,0,57,95,564,0.0631578947368,1.51383458647,11.8736842105,13.756097561,7.83333333333,8.97780016801,0.756109056703,0.427230309817,8.8855734454,1.49668347041,0.722807017544,7.68365289667,1.29423231416,0.646173945502,0.642127178975,0.424172617482,2.16666666667,NaN,NaN,NaN,0.0226317956796,0.00423344420925,14,0.000101145107105,0.206159134324,NaN,NaN,NaN,NaN,NaN,0.568421052632,0.189473684211,0.242105263158,95,514,0.0575587905935,1.51785425101,10.8210526316,12.5365853659,7.34285714286,8.25263200745,0.762645953996,0.429551505222,8.1010831123,1.49728189819,0.722547614172,7.02502326314,1.29839924124,0.647839442965,0.650664365573,0.428673810505,2.17948717949,NaN,NaN,NaN,0.0264484550334,0.00472784579949,13,9.39204565979e-05,0.18306180469,NaN,NaN,NaN,NaN,NaN,0.557894736842,0.178947368421,0.252631578947,-50,-0.00559910414334,0.00401966454598,-1.05263157895,-1.21951219512,-0.490476190476,-0.725168160557,0.00653689729319,0.0023211954051,-0.784490333096,0.000598427775208,-0.000259403372244,-0.658629633527,0.00416692708702,0.00166549746334,0.00853718659737,0.00450119302361,0.0128205128205,NaN,NaN,NaN,0.00381665935383,0.000494401590238,-1,-7.22465050753e-06,-0.0230973296342,-0.0105263157895,-0.0105263157895,0.0105263157895,514,0,50,8366,0.91134751773,1,0,0.0886524822695,1,0.91134751773,0.953617810761,0.951805202349,0.91134751773,0.91134751773,7,57,0,10,2,10
23,WLNM_dir_neg_kfold,0.87242228378,0.61412003384,00:00:11,10,90,3,14348,fixed,0.5,1,0.122807017544,0.21875,7,0,50,114,0.122807017544,1,0,0.877192982456,1,0.122807017544,0.21875,0.707602339181,0.653021442495,0.157303370787,0.292174354895,0.122807017544,565,508,57,0,565,0,508,0,57,95,564,0.0631578947368,1.51383458647,11.8736842105,13.756097561,7.83333333333,8.97780016801,0.756109056703,0.427230309817,8.8855734454,1.49668347041,0.722807017544,7.68365289667,1.29423231416,0.646173945502,0.642127178975,0.424172617482,2.16666666667,NaN,NaN,NaN,0.0226317956796,0.00423344420925,14,0.000101145107105,0.206159134324,NaN,NaN,NaN,NaN,NaN,0.568421052632,0.189473684211,0.242105263158,95,514,0.0575587905935,1.51785425101,10.8210526316,12.5365853659,7.34285714286,8.25263200745,0.762645953996,0.429551505222,8.1010831123,1.49728189819,0.722547614172,7.02502326314,1.29839924124,0.647839442965,0.650664365573,0.428673810505,2.17948717949,NaN,NaN,NaN,0.0264484550334,0.00472784579949,13,9.39204565979e-05,0.18306180469,NaN,NaN,NaN,NaN,NaN,0.557894736842,0.178947368421,0.252631578947,-50,-0.00559910414334,0.00401966454598,-1.05263157895,-1.21951219512,-0.490476190476,-0.725168160557,0.00653689729319,0.0023211954051,-0.784490333096,0.000598427775208,-0.000259403372244,-0.658629633527,0.00416692708702,0.00166549746334,0.00853718659737,0.00450119302361,0.0128205128205,NaN,NaN,NaN,0.00381665935383,0.000494401590238,-1,-7.22465050753e-06,-0.0230973296342,-0.0105263157895,-0.0105263157895,0.0105263157895,514,0,50,8366,0.91134751773,1,0,0.0886524822695,1,0.91134751773,0.953617810761,0.951805202349,0.91134751773,0.91134751773,7,57,0,10,2,10
24,WLNM_dir_neg_kfold,0.780393967375,0.495543302593,00:00:10,10,90,4,14349,fixed,0.5,0.875,0.122807017544,0.215384615385,7,1,50,113,0.122807017544,0.991228070175,0.00877192982456,0.877192982456,0.875,0.122807017544,0.215384615385,0.701754385965,0.651072124756,0.145251396648,0.254559646246,0.114035087719,565,508,57,0,565,0,508,0,57,95,564,0.0631578947368,1.51383458647,11.8736842105,13.756097561,7.83333333333,8.97780016801,0.756109056703,0.427230309817,8.8855734454,1.49668347041,0.722807017544,7.68365289667,1.29423231416,0.646173945502,0.642127178975,0.424172617482,2.16666666667,NaN,NaN,NaN,0.0226317956796,0.00423344420925,14,0.000101145107105,0.206159134324,NaN,NaN,NaN,NaN,NaN,0.568421052632,0.189473684211,0.242105263158,95,515,0.0576707726764,1.52257759784,10.8421052632,12.5609756098,7.25352112676,8.23629201516,0.759658001398,0.427961165049,8.09593928601,1.49342569354,0.721512519162,7.01757512124,1.29450414858,0.645641287685,0.662926958341,0.435397814391,2.41666666667,NaN,NaN,NaN,0.0229039081824,0.00508659319365,14,0.000101145107105,0.18296799606,NaN,NaN,NaN,NaN,NaN,0.557894736842,0.189473684211,0.242105263158,-49,-0.00548712206047,0.00874301137459,-1.03157894737,-1.19512195122,-0.579812206573,-0.741508152845,0.0035489446957,0.000730855231448,-0.789634159388,-0.00325777687695,-0.00129449838188,-0.666077775426,0.000271834423627,-0.000532657816821,0.0207997793656,0.0112251969098,0.25,NaN,NaN,NaN,0.00027211250283,0.000853148984401,0,0,-0.0231911382646,-0.0105263157895,0,0,514,1,50,8365,0.91134751773,0.999880468563,0.000119531436768,0.0886524822695,0.998058252427,0.91134751773,0.952734012975,0.950812444103,0.911227986294,0.909734513274,8,57,0,10,2,10
25,WLNM_dir_neg_kfold,0.787703908895,0.484449097463,00:00:10,10,90,5,14350,fixed,0.5,1,0.122807017544,0.21875,7,0,50,114,0.122807017544,1,0,0.877192982456,1,0.122807017544,0.21875,0.707602339181,0.653021442495,0.157303370787,0.292174354895,0.122807017544,565,508,57,0,565,0,508,0,57,95,564,0.0631578947368,1.51383458647,11.8736842105,13.756097561,7.83333333333,8.97780016801,0.756109056703,0.427230309817,8.8855734454,1.49668347041,0.722807017544,7.68365289667,1.29423231416,0.646173945502,0.642127178975,0.424172617482,2.16666666667,NaN,NaN,NaN,0.0226317956796,0.00423344420925,14,0.000101145107105,0.206159134324,NaN,NaN,NaN,NaN,NaN,0.568421052632,0.189473684211,0.242105263158,95,514,0.0575587905935,1.51785425101,10.8210526316,12.5365853659,7.34285714286,8.25263200745,0.762645953996,0.429551505222,8.1010831123,1.49728189819,0.722547614172,7.02502326314,1.29839924124,0.647839442965,0.650664365573,0.428673810505,2.17948717949,NaN,NaN,NaN,0.0264484550334,0.00472784579949,13,9.39204565979e-05,0.18306180469,NaN,NaN,NaN,NaN,NaN,0.557894736842,0.178947368421,0.252631578947,-50,-0.00559910414334,0.00401966454598,-1.05263157895,-1.21951219512,-0.490476190476,-0.725168160557,0.00653689729319,0.0023211954051,-0.784490333096,0.000598427775208,-0.000259403372244,-0.658629633527,0.00416692708702,0.00166549746334,0.00853718659737,0.00450119302361,0.0128205128205,NaN,NaN,NaN,0.00381665935383,0.000494401590238,-1,-7.22465050753e-06,-0.0230973296342,-0.0105263157895,-0.0105263157895,0.0105263157895,514,0,50,8366,0.91134751773,1,0,0.0886524822695,1,0.91134751773,0.953617810761,0.951805202349,0.91134751773,0.91134751773,7,57,0,10,2,10
26,WLNM_dir_neg_kfold,0.768005540166,0.436408833825,00:00:10,10,90,6,14351,fixed,0.5,0.875,0.122807017544,0.215384615385,7,1,50,113,0.122807017544,0.991228070175,0.00877192982456,0.877192982456,0.875,0.122807017544,0.215384615385,0.701754385965,0.651072124756,0.145251396648,0.254559646246,0.114035087719,565,508,57,0,565,0,508,0,57,95,564,0.0631578947368,1.51383458647,11.8736842105,13.756097561,7.83333333333,8.97780016801,0.756109056703,0.427230309817,8.8855734454,1.49668347041,0.722807017544,7.68365289667,1.29423231416,0.646173945502,0.642127178975,0.424172617482,2.16666666667,NaN,NaN,NaN,0.0226317956796,0.00423344420925,14,0.000101145107105,0.206159134324,NaN,NaN,NaN,NaN,NaN,0.568421052632,0.189473684211,0.242105263158,95,515,0.0576707726764,1.5207219973,10.8421052632,12.5609756098,7.25352112676,8.25177709999,0.761086237378,0.428840061318,8.10381962393,1.4948793481,0.721921308125,7.01757512124,1.29450414858,0.645641287685,0.653406577539,0.429668656532,2.17948717949,NaN,NaN,NaN,0.0262881986232,0.00471641069053,13,9.39204565979e-05,0.182375712227,NaN,NaN,NaN,NaN,NaN,0.557894736842,0.189473684211,0.242105263158,-49,-0.00548712206047,0.00688741083478,-1.03157894737,-1.19512195122,-0.579812206573,-0.726023068015,0.00497718067519,0.00160975150125,-0.781753821466,-0.00180412230878,-0.000885709419179,-0.666077775426,0.000271834423627,-0.000532657816821,0.0112793985635,0.00549603905045,0.0128205128205,NaN,NaN,NaN,0.00365640294357,0.000482966481278,-1,-7.22465050753e-06,-0.0237834220979,-0.0105263157895,0,0,514,1,50,8365,0.91134751773,0.999880468563,0.000119531436768,0.0886524822695,0.998058252427,0.91134751773,0.952734012975,0.950812444103,0.911227986294,0.909734513274,8,57,0,10,2,10
27,WLNM_dir_neg_kfold,0.831871345029,0.498119321492,00:00:10,10,90,7,14352,fixed,0.5,1,0.122807017544,0.21875,7,0,50,114,0.122807017544,1,0,0.877192982456,1,0.122807017544,0.21875,0.707602339181,0.653021442495,0.157303370787,0.292174354895,0.122807017544,565,508,57,0,565,0,508,0,57,95,564,0.0631578947368,1.51383458647,11.8736842105,13.756097561,7.83333333333,8.97780016801,0.756109056703,0.427230309817,8.8855734454,1.49668347041,0.722807017544,7.68365289667,1.29423231416,0.646173945502,0.642127178975,0.424172617482,2.16666666667,NaN,NaN,NaN,0.0226317956796,0.00423344420925,14,0.000101145107105,0.206159134324,NaN,NaN,NaN,NaN,NaN,0.568421052632,0.189473684211,0.242105263158,95,514,0.0575587905935,1.51785425101,10.8210526316,12.5365853659,7.34285714286,8.25263200745,0.762645953996,0.429551505222,8.1010831123,1.49728189819,0.722547614172,7.02502326314,1.29839924124,0.647839442965,0.650664365573,0.428673810505,2.17948717949,NaN,NaN,NaN,0.0264484550334,0.00472784579949,13,9.39204565979e-05,0.18306180469,NaN,NaN,NaN,NaN,NaN,0.557894736842,0.178947368421,0.252631578947,-50,-0.00559910414334,0.00401966454598,-1.05263157895,-1.21951219512,-0.490476190476,-0.725168160557,0.00653689729319,0.0023211954051,-0.784490333096,0.000598427775208,-0.000259403372244,-0.658629633527,0.00416692708702,0.00166549746334,0.00853718659737,0.00450119302361,0.0128205128205,NaN,NaN,NaN,0.00381665935383,0.000494401590238,-1,-7.22465050753e-06,-0.0230973296342,-0.0105263157895,-0.0105263157895,0.0105263157895,514,0,50,8366,0.91134751773,1,0,0.0886524822695,1,0.91134751773,0.953617810761,0.951805202349,0.91134751773,0.91134751773,7,57,0,10,2,10
28,WLNM_dir_neg_kfold,0.81432748538,0.485666591954,00:00:10,10,90,8,14353,fixed,0.5,1,0.122807017544,0.21875,7,0,50,114,0.122807017544,1,0,0.877192982456,1,0.122807017544,0.21875,0.707602339181,0.653021442495,0.157303370787,0.292174354895,0.122807017544,565,508,57,0,565,0,508,0,57,95,564,0.0631578947368,1.51383458647,11.8736842105,13.756097561,7.83333333333,8.97780016801,0.756109056703,0.427230309817,8.8855734454,1.49668347041,0.722807017544,7.68365289667,1.29423231416,0.646173945502,0.642127178975,0.424172617482,2.16666666667,NaN,NaN,NaN,0.0226317956796,0.00423344420925,14,0.000101145107105,0.206159134324,NaN,NaN,NaN,NaN,NaN,0.568421052632,0.189473684211,0.242105263158,95,514,0.0575587905935,1.51785425101,10.8210526316,12.5365853659,7.34285714286,8.25263200745,0.762645953996,0.429551505222,8.1010831123,1.49728189819,0.722547614172,7.02502326314,1.29839924124,0.647839442965,0.650664365573,0.428673810505,2.17948717949,NaN,NaN,NaN,0.0264484550334,0.00472784579949,13,9.39204565979e-05,0.18306180469,NaN,NaN,NaN,NaN,NaN,0.557894736842,0.178947368421,0.252631578947,-50,-0.00559910414334,0.00401966454598,-1.05263157895,-1.21951219512,-0.490476190476,-0.725168160557,0.00653689729319,0.0023211954051,-0.784490333096,0.000598427775208,-0.000259403372244,-0.658629633527,0.00416692708702,0.00166549746334,0.00853718659737,0.00450119302361,0.0128205128205,NaN,NaN,NaN,0.00381665935383,0.000494401590238,-1,-7.22465050753e-06,-0.0230973296342,-0.0105263157895,-0.0105263157895,0.0105263157895,514,0,50,8366,0.91134751773,1,0,0.0886524822695,1,0.91134751773,0.953617810761,0.951805202349,0.91134751773,0.91134751773,7,57,0,10,2,10
29,WLNM_dir_neg_kfold,0.840335487842,0.559871491192,00:00:10,10,90,9,14354,fixed,0.5,1,0.122807017544,0.21875,7,0,50,114,0.122807017544,1,0,0.877192982456,1,0.122807017544,0.21875,0.707602339181,0.653021442495,0.157303370787,0.292174354895,0.122807017544,565,508,57,0,565,0,508,0,57,95,564,0.0631578947368,1.51383458647,11.8736842105,13.756097561,7.83333333333,8.97780016801,0.756109056703,0.427230309817,8.8855734454,1.49668347041,0.722807017544,7.68365289667,1.29423231416,0.646173945502,0.642127178975,0.424172617482,2.16666666667,NaN,NaN,NaN,0.0226317956796,0.00423344420925,14,0.000101145107105,0.206159134324,NaN,NaN,NaN,NaN,NaN,0.568421052632,0.189473684211,0.242105263158,95,514,0.0575587905935,1.51785425101,10.8210526316,12.5365853659,7.34285714286,8.25263200745,0.762645953996,0.429551505222,8.1010831123,1.49728189819,0.722547614172,7.02502326314,1.29839924124,0.647839442965,0.650664365573,0.428673810505,2.17948717949,NaN,NaN,NaN,0.0264484550334,0.00472784579949,13,9.39204565979e-05,0.18306180469,NaN,NaN,NaN,NaN,NaN,0.557894736842,0.178947368421,0.252631578947,-50,-0.00559910414334,0.00401966454598,-1.05263157895,-1.21951219512,-0.490476190476,-0.725168160557,0.00653689729319,0.0023211954051,-0.784490333096,0.000598427775208,-0.000259403372244,-0.658629633527,0.00416692708702,0.00166549746334,0.00853718659737,0.00450119302361,0.0128205128205,NaN,NaN,NaN,0.00381665935383,0.000494401590238,-1,-7.22465050753e-06,-0.0230973296342,-0.0105263157895,-0.0105263157895,0.0105263157895,514,0,50,8366,0.91134751773,1,0,0.0886524822695,1,0.91134751773,0.953617810761,0.951805202349,0.91134751773,0.91134751773,7,57,0,10,2,10
30,WLNM_dir_neg_kfold,0.511695906433,0.367124593857,00:00:10,10,90,10,14355,fixed,0.5,1,0.105263157895,0.190476190476,6,0,51,114,0.105263157895,1,0,0.894736842105,1,0.105263157895,0.190476190476,0.701754385965,0.654970760234,0.135593220339,0.269679944985,0.105263157895,565,508,57,0,565,0,508,0,57,95,564,0.0631578947368,1.51383458647,11.8736842105,13.756097561,7.83333333333,8.97780016801,0.756109056703,0.427230309817,8.8855734454,1.49668347041,0.722807017544,7.68365289667,1.29423231416,0.646173945502,0.642127178975,0.424172617482,2.16666666667,NaN,NaN,NaN,0.0226317956796,0.00423344420925,14,0.000101145107105,0.206159134324,NaN,NaN,NaN,NaN,NaN,0.568421052632,0.189473684211,0.242105263158,95,513,0.0574468085106,1.51697705803,10.8,12.512195122,7.32857142857,8.26116266095,0.764922468606,0.430717143737,8.10358470718,1.50066383466,0.723381553298,7.0309346856,1.30202494178,0.64918436442,0.649039721788,0.427850716893,2.17948717949,NaN,NaN,NaN,0.0264484550334,0.00473588342441,13,9.39204565979e-05,0.183400558078,NaN,NaN,NaN,NaN,NaN,0.557894736842,0.178947368421,0.252631578947,-51,-0.0057110862262,0.00314247156352,-1.07368421053,-1.24390243902,-0.504761904762,-0.716637507059,0.00881341190358,0.00348683391944,-0.78198873822,0.00398036424984,0.000574535754591,-0.652718211069,0.0077926276226,0.00301041891777,0.00691254281219,0.00367809941106,0.0128205128205,NaN,NaN,NaN,0.00381665935383,0.000502439215155,-1,-7.22465050753e-06,-0.0227585762467,-0.0105263157895,-0.0105263157895,0.0105263157895,513,0,51,8366,0.909574468085,1,0,0.0904255319149,1,0.909574468085,0.952646239554,0.950822383738,0.909574468085,0.909574468085,6,57,0,10,2,10
31,WLNM_dir_neg_kfold,0.818790397045,0.472881632797,00:00:10,10,90,11,14356,fixed,0.5,1,0.122807017544,0.21875,7,0,50,114,0.122807017544,1,0,0.877192982456,1,0.122807017544,0.21875,0.707602339181,0.653021442495,0.157303370787,0.292174354895,0.122807017544,565,508,57,0,565,0,508,0,57,95,564,0.0631578947368,1.51383458647,11.8736842105,13.756097561,7.83333333333,8.97780016801,0.756109056703,0.427230309817,8.8855734454,1.49668347041,0.722807017544,7.68365289667,1.29423231416,0.646173945502,0.642127178975,0.424172617482,2.16666666667,NaN,NaN,NaN,0.0226317956796,0.00423344420925,14,0.000101145107105,0.206159134324,NaN,NaN,NaN,NaN,NaN,0.568421052632,0.189473684211,0.242105263158,95,514,0.0575587905935,1.51785425101,10.8210526316,12.5365853659,7.34285714286,8.25263200745,0.762645953996,0.429551505222,8.1010831123,1.49728189819,0.722547614172,7.02502326314,1.29839924124,0.647839442965,0.650664365573,0.428673810505,2.17948717949,NaN,NaN,NaN,0.0264484550334,0.00472784579949,13,9.39204565979e-05,0.18306180469,NaN,NaN,NaN,NaN,NaN,0.557894736842,0.178947368421,0.252631578947,-50,-0.00559910414334,0.00401966454598,-1.05263157895,-1.21951219512,-0.490476190476,-0.725168160557,0.00653689729319,0.0023211954051,-0.784490333096,0.000598427775208,-0.000259403372244,-0.658629633527,0.00416692708702,0.00166549746334,0.00853718659737,0.00450119302361,0.0128205128205,NaN,NaN,NaN,0.00381665935383,0.000494401590238,-1,-7.22465050753e-06,-0.0230973296342,-0.0105263157895,-0.0105263157895,0.0105263157895,514,0,50,8366,0.91134751773,1,0,0.0886524822695,1,0.91134751773,0.953617810761,0.951805202349,0.91134751773,0.91134751773,7,57,0,10,2,10
32,WLNM_dir_neg_kfold,0.752231455833,0.47987337258,00:00:10,10,90,12,14357,fixed,0.5,1,0.122807017544,0.21875,7,0,50,114,0.122807017544,1,0,0.877192982456,1,0.122807017544,0.21875,0.707602339181,0.653021442495,0.157303370787,0.292174354895,0.122807017544,565,508,57,0,565,0,508,0,57,95,564,0.0631578947368,1.51383458647,11.8736842105,13.756097561,7.83333333333,8.97780016801,0.756109056703,0.427230309817,8.8855734454,1.49668347041,0.722807017544,7.68365289667,1.29423231416,0.646173945502,0.642127178975,0.424172617482,2.16666666667,NaN,NaN,NaN,0.0226317956796,0.00423344420925,14,0.000101145107105,0.206159134324,NaN,NaN,NaN,NaN,NaN,0.568421052632,0.189473684211,0.242105263158,95,514,0.0575587905935,1.51873144399,10.8210526316,12.5365853659,7.34285714286,8.26422557849,0.763717344315,0.430063485562,8.09976981134,1.49703916746,0.722465697317,7.0265374434,1.29867909946,0.648167110383,0.651943904854,0.429268721229,2.17948717949,NaN,NaN,NaN,0.0264484550334,0.00472269314604,13,9.39204565979e-05,0.182973728809,NaN,NaN,NaN,NaN,NaN,0.557894736842,0.178947368421,0.252631578947,-50,-0.00559910414334,0.00489685752844,-1.05263157895,-1.21951219512,-0.490476190476,-0.713574589521,0.00760828761259,0.00283317574506,-0.785803634059,0.000355697052489,-0.000341320226637,-0.657115453274,0.00444678530497,0.00199316488091,0.00981672587859,0.00509610374759,0.0128205128205,NaN,NaN,NaN,0.00381665935383,0.000489248936787,-1,-7.22465050753e-06,-0.023185405515,-0.0105263157895,-0.0105263157895,0.0105263157895,514,0,50,8366,0.91134751773,1,0,0.0886524822695,1,0.91134751773,0.953617810761,0.951805202349,0.91134751773,0.91134751773,7,57,0,10,2,10
33,WLNM_dir_neg_kfold,0.447060634041,0.294374710514,00:00:10,10,90,13,14358,fixed,0.5,0.875,0.122807017544,0.215384615385,7,1,50,113,0.122807017544,0.991228070175,0.00877192982456,0.877192982456,0.875,0.122807017544,0.215384615385,0.701754385965,0.651072124756,0.145251396648,0.254559646246,0.114035087719,565,508,57,0,565,0,508,0,57,95,564,0.0631578947368,1.51383458647,11.8736842105,13.756097561,7.83333333333,8.97780016801,0.756109056703,0.427230309817,8.8855734454,1.49668347041,0.722807017544,7.68365289667,1.29423231416,0.646173945502,0.642127178975,0.424172617482,2.16666666667,NaN,NaN,NaN,0.0226317956796,0.00423344420925,14,0.000101145107105,0.206159134324,NaN,NaN,NaN,NaN,NaN,0.568421052632,0.189473684211,0.242105263158,95,515,0.0576707726764,1.52040335882,10.8421052632,12.5609756098,7.25352112676,8.25306621224,0.761205136081,0.428901379663,8.10513226869,1.49512148646,0.722043944813,7.01757512124,1.29450414858,0.645641287685,0.653043378917,0.429519821254,2.17948717949,NaN,NaN,NaN,0.0262881986232,0.00471584038694,13,9.39204565979e-05,0.182293209862,NaN,NaN,NaN,NaN,NaN,0.557894736842,0.189473684211,0.242105263158,-49,-0.00548712206047,0.00656877235825,-1.03157894737,-1.19512195122,-0.579812206573,-0.724733955762,0.00509607937812,0.00167106984565,-0.780441176707,-0.00156198395525,-0.00076307273037,-0.666077775426,0.000271834423627,-0.000532657816821,0.0109161999411,0.00534720377268,0.0128205128205,NaN,NaN,NaN,0.00365640294357,0.000482396177688,-1,-7.22465050753e-06,-0.0238659244623,-0.0105263157895,0,0,514,1,50,8365,0.91134751773,0.999880468563,0.000119531436768,0.0886524822695,0.998058252427,0.91134751773,0.952734012975,0.950812444103,0.911227986294,0.909734513274,8,57,0,10,2,10
34,WLNM_dir_neg_kfold,0.859495229301,0.590648955541,00:00:10,10,90,14,14359,fixed,0.5,1,0.122807017544,0.21875,7,0,50,114,0.122807017544,1,0,0.877192982456,1,0.122807017544,0.21875,0.707602339181,0.653021442495,0.157303370787,0.292174354895,0.122807017544,565,508,57,0,565,0,508,0,57,95,564,0.0631578947368,1.51383458647,11.8736842105,13.756097561,7.83333333333,8.97780016801,0.756109056703,0.427230309817,8.8855734454,1.49668347041,0.722807017544,7.68365289667,1.29423231416,0.646173945502,0.642127178975,0.424172617482,2.16666666667,NaN,NaN,NaN,0.0226317956796,0.00423344420925,14,0.000101145107105,0.206159134324,NaN,NaN,NaN,NaN,NaN,0.568421052632,0.189473684211,0.242105263158,95,514,0.0575587905935,1.51785425101,10.8210526316,12.5365853659,7.34285714286,8.25263200745,0.762645953996,0.429551505222,8.1010831123,1.49728189819,0.722547614172,7.02502326314,1.29839924124,0.647839442965,0.650664365573,0.428673810505,2.17948717949,NaN,NaN,NaN,0.0264484550334,0.00472784579949,13,9.39204565979e-05,0.18306180469,NaN,NaN,NaN,NaN,NaN,0.557894736842,0.178947368421,0.252631578947,-50,-0.00559910414334,0.00401966454598,-1.05263157895,-1.21951219512,-0.490476190476,-0.725168160557,0.00653689729319,0.0023211954051,-0.784490333096,0.000598427775208,-0.000259403372244,-0.658629633527,0.00416692708702,0.00166549746334,0.00853718659737,0.00450119302361,0.0128205128205,NaN,NaN,NaN,0.00381665935383,0.000494401590238,-1,-7.22465050753e-06,-0.0230973296342,-0.0105263157895,-0.0105263157895,0.0105263157895,514,0,50,8366,0.91134751773,1,0,0.0886524822695,1,0.91134751773,0.953617810761,0.951805202349,0.91134751773,0.91134751773,7,57,0,10,2,10
35,WLNM_dir_neg_kfold,0.817867036011,0.536419838254,00:00:10,10,90,15,14360,fixed,0.5,1,0.122807017544,0.21875,7,0,50,114,0.122807017544,1,0,0.877192982456,1,0.122807017544,0.21875,0.707602339181,0.653021442495,0.157303370787,0.292174354895,0.122807017544,565,508,57,0,565,0,508,0,57,95,564,0.0631578947368,1.51383458647,11.8736842105,13.756097561,7.83333333333,8.97780016801,0.756109056703,0.427230309817,8.8855734454,1.49668347041,0.722807017544,7.68365289667,1.29423231416,0.646173945502,0.642127178975,0.424172617482,2.16666666667,NaN,NaN,NaN,0.0226317956796,0.00423344420925,14,0.000101145107105,0.206159134324,NaN,NaN,NaN,NaN,NaN,0.568421052632,0.189473684211,0.242105263158,95,514,0.0575587905935,1.51785425101,10.8210526316,12.5365853659,7.34285714286,8.25263200745,0.762645953996,0.429551505222,8.1010831123,1.49728189819,0.722547614172,7.02502326314,1.29839924124,0.647839442965,0.650664365573,0.428673810505,2.17948717949,NaN,NaN,NaN,0.0264484550334,0.00472784579949,13,9.39204565979e-05,0.18306180469,NaN,NaN,NaN,NaN,NaN,0.557894736842,0.178947368421,0.252631578947,-50,-0.00559910414334,0.00401966454598,-1.05263157895,-1.21951219512,-0.490476190476,-0.725168160557,0.00653689729319,0.0023211954051,-0.784490333096,0.000598427775208,-0.000259403372244,-0.658629633527,0.00416692708702,0.00166549746334,0.00853718659737,0.00450119302361,0.0128205128205,NaN,NaN,NaN,0.00381665935383,0.000494401590238,-1,-7.22465050753e-06,-0.0230973296342,-0.0105263157895,-0.0105263157895,0.0105263157895,514,0,50,8366,0.91134751773,1,0,0.0886524822695,1,0.91134751773,0.953617810761,0.951805202349,0.91134751773,0.91134751773,7,57,0,10,2,10
36,WLNM_dir_neg_kfold,0.784933825793,0.500520721904,00:00:10,10,90,16,14361,fixed,0.5,1,0.122807017544,0.21875,7,0,50,114,0.122807017544,1,0,0.877192982456,1,0.122807017544,0.21875,0.707602339181,0.653021442495,0.157303370787,0.292174354895,0.122807017544,565,508,57,0,565,0,508,0,57,95,564,0.0631578947368,1.51383458647,11.8736842105,13.756097561,7.83333333333,8.97780016801,0.756109056703,0.427230309817,8.8855734454,1.49668347041,0.722807017544,7.68365289667,1.29423231416,0.646173945502,0.642127178975,0.424172617482,2.16666666667,NaN,NaN,NaN,0.0226317956796,0.00423344420925,14,0.000101145107105,0.206159134324,NaN,NaN,NaN,NaN,NaN,0.568421052632,0.189473684211,0.242105263158,95,514,0.0575587905935,1.51785425101,10.8210526316,12.5365853659,7.34285714286,8.25263200745,0.762645953996,0.429551505222,8.1010831123,1.49728189819,0.722547614172,7.02502326314,1.29839924124,0.647839442965,0.650664365573,0.428673810505,2.17948717949,NaN,NaN,NaN,0.0264484550334,0.00472784579949,13,9.39204565979e-05,0.18306180469,NaN,NaN,NaN,NaN,NaN,0.557894736842,0.178947368421,0.252631578947,-50,-0.00559910414334,0.00401966454598,-1.05263157895,-1.21951219512,-0.490476190476,-0.725168160557,0.00653689729319,0.0023211954051,-0.784490333096,0.000598427775208,-0.000259403372244,-0.658629633527,0.00416692708702,0.00166549746334,0.00853718659737,0.00450119302361,0.0128205128205,NaN,NaN,NaN,0.00381665935383,0.000494401590238,-1,-7.22465050753e-06,-0.0230973296342,-0.0105263157895,-0.0105263157895,0.0105263157895,514,0,50,8366,0.91134751773,1,0,0.0886524822695,1,0.91134751773,0.953617810761,0.951805202349,0.91134751773,0.91134751773,7,57,0,10,2,10
37,WLNM_dir_neg_kfold,0.769082794706,0.436378762143,00:00:10,10,90,17,14362,fixed,0.5,1,0.122807017544,0.21875,7,0,50,114,0.122807017544,1,0,0.877192982456,1,0.122807017544,0.21875,0.707602339181,0.653021442495,0.157303370787,0.292174354895,0.122807017544,565,508,57,0,565,0,508,0,57,95,564,0.0631578947368,1.51383458647,11.8736842105,13.756097561,7.83333333333,8.97780016801,0.756109056703,0.427230309817,8.8855734454,1.49668347041,0.722807017544,7.68365289667,1.29423231416,0.646173945502,0.642127178975,0.424172617482,2.16666666667,NaN,NaN,NaN,0.0226317956796,0.00423344420925,14,0.000101145107105,0.206159134324,NaN,NaN,NaN,NaN,NaN,0.568421052632,0.189473684211,0.242105263158,95,514,0.0575587905935,1.51785425101,10.8210526316,12.5365853659,7.34285714286,8.25263200745,0.762645953996,0.429551505222,8.1010831123,1.49728189819,0.722547614172,7.02502326314,1.29839924124,0.647839442965,0.650664365573,0.428673810505,2.17948717949,NaN,NaN,NaN,0.0264484550334,0.00472784579949,13,9.39204565979e-05,0.18306180469,NaN,NaN,NaN,NaN,NaN,0.557894736842,0.178947368421,0.252631578947,-50,-0.00559910414334,0.00401966454598,-1.05263157895,-1.21951219512,-0.490476190476,-0.725168160557,0.00653689729319,0.0023211954051,-0.784490333096,0.000598427775208,-0.000259403372244,-0.658629633527,0.00416692708702,0.00166549746334,0.00853718659737,0.00450119302361,0.0128205128205,NaN,NaN,NaN,0.00381665935383,0.000494401590238,-1,-7.22465050753e-06,-0.0230973296342,-0.0105263157895,-0.0105263157895,0.0105263157895,514,0,50,8366,0.91134751773,1,0,0.0886524822695,1,0.91134751773,0.953617810761,0.951805202349,0.91134751773,0.91134751773,7,57,0,10,2,10
38,WLNM_dir_neg_kfold,0.870036934441,0.548400082148,00:00:10,10,90,18,14363,fixed,0.5,1,0.122807017544,0.21875,7,0,50,114,0.122807017544,1,0,0.877192982456,1,0.122807017544,0.21875,0.707602339181,0.653021442495,0.157303370787,0.292174354895,0.122807017544,565,508,57,0,565,0,508,0,57,95,564,0.0631578947368,1.51383458647,11.8736842105,13.756097561,7.83333333333,8.97780016801,0.756109056703,0.427230309817,8.8855734454,1.49668347041,0.722807017544,7.68365289667,1.29423231416,0.646173945502,0.642127178975,0.424172617482,2.16666666667,NaN,NaN,NaN,0.0226317956796,0.00423344420925,14,0.000101145107105,0.206159134324,NaN,NaN,NaN,NaN,NaN,0.568421052632,0.189473684211,0.242105263158,95,514,0.0575587905935,1.51785425101,10.8210526316,12.5365853659,7.34285714286,8.25263200745,0.762645953996,0.429551505222,8.1010831123,1.49728189819,0.722547614172,7.02502326314,1.29839924124,0.647839442965,0.650664365573,0.428673810505,2.17948717949,NaN,NaN,NaN,0.0264484550334,0.00472784579949,13,9.39204565979e-05,0.18306180469,NaN,NaN,NaN,NaN,NaN,0.557894736842,0.178947368421,0.252631578947,-50,-0.00559910414334,0.00401966454598,-1.05263157895,-1.21951219512,-0.490476190476,-0.725168160557,0.00653689729319,0.0023211954051,-0.784490333096,0.000598427775208,-0.000259403372244,-0.658629633527,0.00416692708702,0.00166549746334,0.00853718659737,0.00450119302361,0.0128205128205,NaN,NaN,NaN,0.00381665935383,0.000494401590238,-1,-7.22465050753e-06,-0.0230973296342,-0.0105263157895,-0.0105263157895,0.0105263157895,514,0,50,8366,0.91134751773,1,0,0.0886524822695,1,0.91134751773,0.953617810761,0.951805202349,0.91134751773,0.91134751773,7,57,0,10,2,10
39,WLNM_dir_neg_kfold,0.340874115112,0.271874142307,00:00:10,10,90,19,14364,fixed,0.5,1,0.122807017544,0.21875,7,0,50,114,0.122807017544,1,0,0.877192982456,1,0.122807017544,0.21875,0.707602339181,0.653021442495,0.157303370787,0.292174354895,0.122807017544,565,508,57,0,565,0,508,0,57,95,564,0.0631578947368,1.51383458647,11.8736842105,13.756097561,7.83333333333,8.97780016801,0.756109056703,0.427230309817,8.8855734454,1.49668347041,0.722807017544,7.68365289667,1.29423231416,0.646173945502,0.642127178975,0.424172617482,2.16666666667,NaN,NaN,NaN,0.0226317956796,0.00423344420925,14,0.000101145107105,0.206159134324,NaN,NaN,NaN,NaN,NaN,0.568421052632,0.189473684211,0.242105263158,95,514,0.0575587905935,1.51785425101,10.8210526316,12.5365853659,7.34285714286,8.25263200745,0.762645953996,0.429551505222,8.1010831123,1.49728189819,0.722547614172,7.02502326314,1.29839924124,0.647839442965,0.650664365573,0.428673810505,2.17948717949,NaN,NaN,NaN,0.0264484550334,0.00472784579949,13,9.39204565979e-05,0.18306180469,NaN,NaN,NaN,NaN,NaN,0.557894736842,0.178947368421,0.252631578947,-50,-0.00559910414334,0.00401966454598,-1.05263157895,-1.21951219512,-0.490476190476,-0.725168160557,0.00653689729319,0.0023211954051,-0.784490333096,0.000598427775208,-0.000259403372244,-0.658629633527,0.00416692708702,0.00166549746334,0.00853718659737,0.00450119302361,0.0128205128205,NaN,NaN,NaN,0.00381665935383,0.000494401590238,-1,-7.22465050753e-06,-0.0230973296342,-0.0105263157895,-0.0105263157895,0.0105263157895,514,0,50,8366,0.91134751773,1,0,0.0886524822695,1,0.91134751773,0.953617810761,0.951805202349,0.91134751773,0.91134751773,7,57,0,10,2,10
40,WLNM_dir_neg_kfold,0.902277623884,0.660539307142,00:00:10,10,90,20,14365,fixed,0.5,1,0.122807017544,0.21875,7,0,50,114,0.122807017544,1,0,0.877192982456,1,0.122807017544,0.21875,0.707602339181,0.653021442495,0.157303370787,0.292174354895,0.122807017544,565,508,57,0,565,0,508,0,57,95,564,0.0631578947368,1.51383458647,11.8736842105,13.756097561,7.83333333333,8.97780016801,0.756109056703,0.427230309817,8.8855734454,1.49668347041,0.722807017544,7.68365289667,1.29423231416,0.646173945502,0.642127178975,0.424172617482,2.16666666667,NaN,NaN,NaN,0.0226317956796,0.00423344420925,14,0.000101145107105,0.206159134324,NaN,NaN,NaN,NaN,NaN,0.568421052632,0.189473684211,0.242105263158,95,514,0.0575587905935,1.51785425101,10.8210526316,12.5365853659,7.34285714286,8.25263200745,0.762645953996,0.429551505222,8.1010831123,1.49728189819,0.722547614172,7.02502326314,1.29839924124,0.647839442965,0.650664365573,0.428673810505,2.17948717949,NaN,NaN,NaN,0.0264484550334,0.00472784579949,13,9.39204565979e-05,0.18306180469,NaN,NaN,NaN,NaN,NaN,0.557894736842,0.178947368421,0.252631578947,-50,-0.00559910414334,0.00401966454598,-1.05263157895,-1.21951219512,-0.490476190476,-0.725168160557,0.00653689729319,0.0023211954051,-0.784490333096,0.000598427775208,-0.000259403372244,-0.658629633527,0.00416692708702,0.00166549746334,0.00853718659737,0.00450119302361,0.0128205128205,NaN,NaN,NaN,0.00381665935383,0.000494401590238,-1,-7.22465050753e-06,-0.0230973296342,-0.0105263157895,-0.0105263157895,0.0105263157895,514,0,50,8366,0.91134751773,1,0,0.0886524822695,1,0.91134751773,0.953617810761,0.951805202349,0.91134751773,0.91134751773,7,57,0,10,2,10
41,WLNM_dir_neg_kfold,0.748845798707,0.45636983137,00:00:10,10,90,1,15346,fixed,0.5,0.909090909091,0.175438596491,0.294117647059,10,1,47,113,0.175438596491,0.991228070175,0.00877192982456,0.824561403509,0.909090909091,0.175438596491,0.294117647059,0.719298245614,0.64522417154,0.208791208791,0.32024493467,0.166666666667,565,508,57,0,565,0,508,0,57,95,564,0.0631578947368,1.51383458647,11.8736842105,13.756097561,7.83333333333,8.97780016801,0.756109056703,0.427230309817,8.8855734454,1.49668347041,0.722807017544,7.68365289667,1.29423231416,0.646173945502,0.642127178975,0.424172617482,2.16666666667,NaN,NaN,NaN,0.0226317956796,0.00423344420925,14,0.000101145107105,0.206159134324,NaN,NaN,NaN,NaN,NaN,0.568421052632,0.189473684211,0.242105263158,95,518,0.058006718925,1.56324239845,10.9052631579,12.3333333333,7.29577464789,8.16332442216,0.748567393924,0.423369233896,7.95702342114,1.45929966218,0.711522048364,7.11720782726,1.30527942778,0.649502133713,0.695424997364,0.444860629454,2.28479532164,NaN,NaN,NaN,0.0209192996745,0.0036443148688,10,7.22465050753e-05,0.182952679613,NaN,NaN,NaN,NaN,NaN,0.547368421053,0.2,0.242105263158,-46,-0.00515117581187,0.0494078119841,-0.968421052632,-1.42276422764,-0.537558685446,-0.814475745843,-0.00754166277839,-0.00386107592155,-0.928550024259,-0.0373838082348,-0.0112849691797,-0.566445069408,0.0110471136243,0.00332818821061,0.0532978183887,0.0206880119727,0.118128654971,NaN,NaN,NaN,-0.00171249600503,-0.000589129340448,-4,-2.88986020301e-05,-0.023206454712,-0.0210526315789,0.0105263157895,0,517,1,47,8365,0.916666666667,0.999880468563,0.000119531436768,0.0833333333333,0.998069498069,0.916666666667,0.955637707948,0.953759275425,0.91654713523,0.915044247788,11,57,0,10,3,10
42,WLNM_dir_neg_kfold,0.885272391505,0.506351183064,00:00:10,10,90,2,15347,fixed,0.5,0.909090909091,0.175438596491,0.294117647059,10,1,47,113,0.175438596491,0.991228070175,0.00877192982456,0.824561403509,0.909090909091,0.175438596491,0.294117647059,0.719298245614,0.64522417154,0.208791208791,0.32024493467,0.166666666667,565,508,57,0,565,0,508,0,57,95,564,0.0631578947368,1.51383458647,11.8736842105,13.756097561,7.83333333333,8.97780016801,0.756109056703,0.427230309817,8.8855734454,1.49668347041,0.722807017544,7.68365289667,1.29423231416,0.646173945502,0.642127178975,0.424172617482,2.16666666667,NaN,NaN,NaN,0.0226317956796,0.00423344420925,14,0.000101145107105,0.206159134324,NaN,NaN,NaN,NaN,NaN,0.568421052632,0.189473684211,0.242105263158,95,518,0.058006718925,1.56227580067,10.9052631579,12.3333333333,7.29577464789,8.16202113608,0.7484478841,0.423287949604,7.95702342114,1.45929966218,0.711522048364,7.11720782726,1.30527942778,0.649502133713,0.694675905776,0.444656382361,2.29974009097,NaN,NaN,NaN,0.0209192996745,0.0036443148688,10,7.22465050753e-05,0.182952679613,NaN,NaN,NaN,NaN,NaN,0.547368421053,0.2,0.242105263158,-46,-0.00515117581187,0.0484412142031,-0.968421052632,-1.42276422764,-0.537558685446,-0.815779031931,-0.00766117260304,-0.00394236021336,-0.928550024259,-0.0373838082348,-0.0112849691797,-0.566445069408,0.0110471136243,0.00332818821061,0.0525487268008,0.0204837648798,0.133073424301,NaN,NaN,NaN,-0.00171249600503,-0.000589129340448,-4,-2.88986020301e-05,-0.023206454712,-0.0210526315789,0.0105263157895,0,517,1,47,8365,0.916666666667,0.999880468563,0.000119531436768,0.0833333333333,0.998069498069,0.916666666667,0.955637707948,0.953759275425,0.91654713523,0.915044247788,11,57,0,10,3,10
43,WLNM_dir_neg_kfold,0.870113881194,0.491310371773,00:00:10,10,90,3,15348,fixed,0.5,1,0.175438596491,0.298507462687,10,0,47,114,0.175438596491,1,0,0.824561403509,1,0.175438596491,0.298507462687,0.72514619883,0.647173489279,0.220994475138,0.352453688425,0.175438596491,565,508,57,0,565,0,508,0,57,95,564,0.0631578947368,1.51383458647,11.8736842105,13.756097561,7.83333333333,8.97780016801,0.756109056703,0.427230309817,8.8855734454,1.49668347041,0.722807017544,7.68365289667,1.29423231416,0.646173945502,0.642127178975,0.424172617482,2.16666666667,NaN,NaN,NaN,0.0226317956796,0.00423344420925,14,0.000101145107105,0.206159134324,NaN,NaN,NaN,NaN,NaN,0.568421052632,0.189473684211,0.242105263158,95,517,0.0578947368421,1.51278195489,10.8842105263,12.6097560976,7.28169014085,8.15000738532,0.74879178105,0.423495877023,7.96363515503,1.46333721417,0.712653975364,7.11413903745,1.30724024866,0.649821846686,0.641237410545,0.42387960041,2.16666666667,NaN,NaN,NaN,0.0209192996745,0.0036443148688,10,7.22465050753e-05,0.189559663187,NaN,NaN,NaN,NaN,NaN,0.557894736842,0.189473684211,0.242105263158,-47,-0.00526315789474,-0.00105263157895,-0.989473684211,-1.14634146341,-0.551643192488,-0.827792782689,-0.00731727565317,-0.00373443279378,-0.921938290367,-0.0333462562388,-0.0101530421799,-0.569513859224,0.013007934505,0.0036479011843,-0.000889768430388,-0.000293017071541,0,NaN,NaN,NaN,-0.00171249600503,-0.000589129340448,-4,-2.88986020301e-05,-0.0165994711378,-0.0105263157895,0,0,517,0,47,8366,0.916666666667,1,0,0.0833333333333,1,0.916666666667,0.95652173913,0.954748984726,0.916666666667,0.916666666667,10,57,0,10,3,10
44,WLNM_dir_neg_kfold,0.816789781471,0.424147431524,00:00:10,10,90,4,15349,fixed,0.5,1,0.175438596491,0.298507462687,10,0,47,114,0.175438596491,1,0,0.824561403509,1,0.175438596491,0.298507462687,0.72514619883,0.647173489279,0.220994475138,0.352453688425,0.175438596491,565,508,57,0,565,0,508,0,57,95,564,0.0631578947368,1.51383458647,11.8736842105,13.756097561,7.83333333333,8.97780016801,0.756109056703,0.427230309817,8.8855734454,1.49668347041,0.722807017544,7.68365289667,1.29423231416,0.646173945502,0.642127178975,0.424172617482,2.16666666667,NaN,NaN,NaN,0.0226317956796,0.00423344420925,14,0.000101145107105,0.206159134324,NaN,NaN,NaN,NaN,NaN,0.568421052632,0.189473684211,0.242105263158,95,517,0.0578947368421,1.51278195489,10.8842105263,12.6097560976,7.28169014085,8.15000738532,0.74879178105,0.423495877023,7.96363515503,1.46333721417,0.712653975364,7.11413903745,1.30724024866,0.649821846686,0.641237410545,0.42387960041,2.16666666667,NaN,NaN,NaN,0.0209192996745,0.0036443148688,10,7.22465050753e-05,0.189559663187,NaN,NaN,NaN,NaN,NaN,0.557894736842,0.189473684211,0.242105263158,-47,-0.00526315789474,-0.00105263157895,-0.989473684211,-1.14634146341,-0.551643192488,-0.827792782689,-0.00731727565317,-0.00373443279378,-0.921938290367,-0.0333462562388,-0.0101530421799,-0.569513859224,0.013007934505,0.0036479011843,-0.000889768430388,-0.000293017071541,0,NaN,NaN,NaN,-0.00171249600503,-0.000589129340448,-4,-2.88986020301e-05,-0.0165994711378,-0.0105263157895,0,0,517,0,47,8366,0.916666666667,1,0,0.0833333333333,1,0.916666666667,0.95652173913,0.954748984726,0.916666666667,0.916666666667,10,57,0,10,3,10
45,WLNM_dir_neg_kfold,0.825176977532,0.482510744204,00:00:10,10,90,5,15350,fixed,0.5,1,0.175438596491,0.298507462687,10,0,47,114,0.175438596491,1,0,0.824561403509,1,0.175438596491,0.298507462687,0.72514619883,0.647173489279,0.220994475138,0.352453688425,0.175438596491,565,508,57,0,565,0,508,0,57,95,564,0.0631578947368,1.51383458647,11.8736842105,13.756097561,7.83333333333,8.97780016801,0.756109056703,0.427230309817,8.8855734454,1.49668347041,0.722807017544,7.68365289667,1.29423231416,0.646173945502,0.642127178975,0.424172617482,2.16666666667,NaN,NaN,NaN,0.0226317956796,0.00423344420925,14,0.000101145107105,0.206159134324,NaN,NaN,NaN,NaN,NaN,0.568421052632,0.189473684211,0.242105263158,95,517,0.0578947368421,1.51278195489,10.8842105263,12.6097560976,7.28169014085,8.15000738532,0.74879178105,0.423495877023,7.96363515503,1.46333721417,0.712653975364,7.11413903745,1.30724024866,0.649821846686,0.641237410545,0.42387960041,2.16666666667,NaN,NaN,NaN,0.0209192996745,0.0036443148688,10,7.22465050753e-05,0.189559663187,NaN,NaN,NaN,NaN,NaN,0.557894736842,0.189473684211,0.242105263158,-47,-0.00526315789474,-0.00105263157895,-0.989473684211,-1.14634146341,-0.551643192488,-0.827792782689,-0.00731727565317,-0.00373443279378,-0.921938290367,-0.0333462562388,-0.0101530421799,-0.569513859224,0.013007934505,0.0036479011843,-0.000889768430388,-0.000293017071541,0,NaN,NaN,NaN,-0.00171249600503,-0.000589129340448,-4,-2.88986020301e-05,-0.0165994711378,-0.0105263157895,0,0,517,0,47,8366,0.916666666667,1,0,0.0833333333333,1,0.916666666667,0.95652173913,0.954748984726,0.916666666667,0.916666666667,10,57,0,10,3,10
46,WLNM_dir_neg_kfold,0.78539550631,0.416186776606,00:00:11,10,90,6,15351,fixed,0.5,0.909090909091,0.175438596491,0.294117647059,10,1,47,113,0.175438596491,0.991228070175,0.00877192982456,0.824561403509,0.909090909091,0.175438596491,0.294117647059,0.719298245614,0.64522417154,0.208791208791,0.32024493467,0.166666666667,565,508,57,0,565,0,508,0,57,95,564,0.0631578947368,1.51383458647,11.8736842105,13.756097561,7.83333333333,8.97780016801,0.756109056703,0.427230309817,8.8855734454,1.49668347041,0.722807017544,7.68365289667,1.29423231416,0.646173945502,0.642127178975,0.424172617482,2.16666666667,NaN,NaN,NaN,0.0226317956796,0.00423344420925,14,0.000101145107105,0.206159134324,NaN,NaN,NaN,NaN,NaN,0.568421052632,0.189473684211,0.242105263158,95,518,0.058006718925,1.51598639456,10.9052631579,12.6341463415,7.19444444444,8.14897681113,0.747251734611,0.422759601707,7.96504119883,1.46077010403,0.712009754115,7.10673702104,1.30335910618,0.647591952855,0.644450663631,0.425103197459,2.16666666667,NaN,NaN,NaN,0.0207690226012,0.00363548230732,10,7.22465050753e-05,0.189172452674,NaN,NaN,NaN,NaN,NaN,0.557894736842,0.2,0.231578947368,-46,-0.00515117581187,0.00215180809166,-0.968421052632,-1.12195121951,-0.638888888889,-0.828823356878,-0.0088573220915,-0.00447070811013,-0.92053224657,-0.0359133663807,-0.0107972634288,-0.57691587563,0.00912679201995,0.00141800735306,0.00232348465548,0.000930579977488,0,NaN,NaN,NaN,-0.00186277307839,-0.000597961901934,-4,-2.88986020301e-05,-0.0169866816501,-0.0105263157895,0.0105263157895,-0.0105263157895,517,1,47,8365,0.916666666667,0.999880468563,0.000119531436768,0.0833333333333,0.998069498069,0.916666666667,0.955637707948,0.953759275425,0.91654713523,0.915044247788,11,57,0,10,3,10
47,WLNM_dir_neg_kfold,0.730686365035,0.355136614039,00:00:10,10,90,7,15352,fixed,0.5,1,0.175438596491,0.298507462687,10,0,47,114,0.175438596491,1,0,0.824561403509,1,0.175438596491,0.298507462687,0.72514619883,0.647173489279,0.220994475138,0.352453688425,0.175438596491,565,508,57,0,565,0,508,0,57,95,564,0.0631578947368,1.51383458647,11.8736842105,13.756097561,7.83333333333,8.97780016801,0.756109056703,0.427230309817,8.8855734454,1.49668347041,0.722807017544,7.68365289667,1.29423231416,0.646173945502,0.642127178975,0.424172617482,2.16666666667,NaN,NaN,NaN,0.0226317956796,0.00423344420925,14,0.000101145107105,0.206159134324,NaN,NaN,NaN,NaN,NaN,0.568421052632,0.189473684211,0.242105263158,95,517,0.0578947368421,1.51278195489,10.8842105263,12.6097560976,7.28169014085,8.15000738532,0.74879178105,0.423495877023,7.96363515503,1.46333721417,0.712653975364,7.11413903745,1.30724024866,0.649821846686,0.641237410545,0.42387960041,2.16666666667,NaN,NaN,NaN,0.0209192996745,0.0036443148688,10,7.22465050753e-05,0.189559663187,NaN,NaN,NaN,NaN,NaN,0.557894736842,0.189473684211,0.242105263158,-47,-0.00526315789474,-0.00105263157895,-0.989473684211,-1.14634146341,-0.551643192488,-0.827792782689,-0.00731727565317,-0.00373443279378,-0.921938290367,-0.0333462562388,-0.0101530421799,-0.569513859224,0.013007934505,0.0036479011843,-0.000889768430388,-0.000293017071541,0,NaN,NaN,NaN,-0.00171249600503,-0.000589129340448,-4,-2.88986020301e-05,-0.0165994711378,-0.0105263157895,0,0,517,0,47,8366,0.916666666667,1,0,0.0833333333333,1,0.916666666667,0.95652173913,0.954748984726,0.916666666667,0.916666666667,10,57,0,10,3,10
48,WLNM_dir_neg_kfold,0.859879963066,0.480144681557,00:00:10,10,90,8,15353,fixed,0.5,1,0.175438596491,0.298507462687,10,0,47,114,0.175438596491,1,0,0.824561403509,1,0.175438596491,0.298507462687,0.72514619883,0.647173489279,0.220994475138,0.352453688425,0.175438596491,565,508,57,0,565,0,508,0,57,95,564,0.0631578947368,1.51383458647,11.8736842105,13.756097561,7.83333333333,8.97780016801,0.756109056703,0.427230309817,8.8855734454,1.49668347041,0.722807017544,7.68365289667,1.29423231416,0.646173945502,0.642127178975,0.424172617482,2.16666666667,NaN,NaN,NaN,0.0226317956796,0.00423344420925,14,0.000101145107105,0.206159134324,NaN,NaN,NaN,NaN,NaN,0.568421052632,0.189473684211,0.242105263158,95,517,0.0578947368421,1.51278195489,10.8842105263,12.6097560976,7.28169014085,8.15000738532,0.74879178105,0.423495877023,7.96363515503,1.46333721417,0.712653975364,7.11413903745,1.30724024866,0.649821846686,0.641237410545,0.42387960041,2.16666666667,NaN,NaN,NaN,0.0209192996745,0.0036443148688,10,7.22465050753e-05,0.189559663187,NaN,NaN,NaN,NaN,NaN,0.557894736842,0.189473684211,0.242105263158,-47,-0.00526315789474,-0.00105263157895,-0.989473684211,-1.14634146341,-0.551643192488,-0.827792782689,-0.00731727565317,-0.00373443279378,-0.921938290367,-0.0333462562388,-0.0101530421799,-0.569513859224,0.013007934505,0.0036479011843,-0.000889768430388,-0.000293017071541,0,NaN,NaN,NaN,-0.00171249600503,-0.000589129340448,-4,-2.88986020301e-05,-0.0165994711378,-0.0105263157895,0,0,517,0,47,8366,0.916666666667,1,0,0.0833333333333,1,0.916666666667,0.95652173913,0.954748984726,0.916666666667,0.916666666667,10,57,0,10,3,10
49,WLNM_dir_neg_kfold,0.805709449061,0.413137680123,00:00:10,10,90,9,15354,fixed,0.5,1,0.175438596491,0.298507462687,10,0,47,114,0.175438596491,1,0,0.824561403509,1,0.175438596491,0.298507462687,0.72514619883,0.647173489279,0.220994475138,0.352453688425,0.175438596491,565,508,57,0,565,0,508,0,57,95,564,0.0631578947368,1.51383458647,11.8736842105,13.756097561,7.83333333333,8.97780016801,0.756109056703,0.427230309817,8.8855734454,1.49668347041,0.722807017544,7.68365289667,1.29423231416,0.646173945502,0.642127178975,0.424172617482,2.16666666667,NaN,NaN,NaN,0.0226317956796,0.00423344420925,14,0.000101145107105,0.206159134324,NaN,NaN,NaN,NaN,NaN,0.568421052632,0.189473684211,0.242105263158,95,517,0.0578947368421,1.51278195489,10.8842105263,12.6097560976,7.28169014085,8.15000738532,0.74879178105,0.423495877023,7.96363515503,1.46333721417,0.712653975364,7.11413903745,1.30724024866,0.649821846686,0.641237410545,0.42387960041,2.16666666667,NaN,NaN,NaN,0.0209192996745,0.0036443148688,10,7.22465050753e-05,0.189559663187,NaN,NaN,NaN,NaN,NaN,0.557894736842,0.189473684211,0.242105263158,-47,-0.00526315789474,-0.00105263157895,-0.989473684211,-1.14634146341,-0.551643192488,-0.827792782689,-0.00731727565317,-0.00373443279378,-0.921938290367,-0.0333462562388,-0.0101530421799,-0.569513859224,0.013007934505,0.0036479011843,-0.000889768430388,-0.000293017071541,0,NaN,NaN,NaN,-0.00171249600503,-0.000589129340448,-4,-2.88986020301e-05,-0.0165994711378,-0.0105263157895,0,0,517,0,47,8366,0.916666666667,1,0,0.0833333333333,1,0.916666666667,0.95652173913,0.954748984726,0.916666666667,0.916666666667,10,57,0,10,3,10
50,WLNM_dir_neg_kfold,0.835180055402,0.550498510976,00:00:10,10,90,10,15355,fixed,0.5,1,0.175438596491,0.298507462687,10,0,47,114,0.175438596491,1,0,0.824561403509,1,0.175438596491,0.298507462687,0.72514619883,0.647173489279,0.220994475138,0.352453688425,0.175438596491,565,508,57,0,565,0,508,0,57,95,564,0.0631578947368,1.51383458647,11.8736842105,13.756097561,7.83333333333,8.97780016801,0.756109056703,0.427230309817,8.8855734454,1.49668347041,0.722807017544,7.68365289667,1.29423231416,0.646173945502,0.642127178975,0.424172617482,2.16666666667,NaN,NaN,NaN,0.0226317956796,0.00423344420925,14,0.000101145107105,0.206159134324,NaN,NaN,NaN,NaN,NaN,0.568421052632,0.189473684211,0.242105263158,95,517,0.0578947368421,1.51278195489,10.8842105263,12.6097560976,7.28169014085,8.15000738532,0.74879178105,0.423495877023,7.96363515503,1.46333721417,0.712653975364,7.11413903745,1.30724024866,0.649821846686,0.641237410545,0.42387960041,2.16666666667,NaN,NaN,NaN,0.0209192996745,0.0036443148688,10,7.22465050753e-05,0.189559663187,NaN,NaN,NaN,NaN,NaN,0.557894736842,0.189473684211,0.242105263158,-47,-0.00526315789474,-0.00105263157895,-0.989473684211,-1.14634146341,-0.551643192488,-0.827792782689,-0.00731727565317,-0.00373443279378,-0.921938290367,-0.0333462562388,-0.0101530421799,-0.569513859224,0.013007934505,0.0036479011843,-0.000889768430388,-0.000293017071541,0,NaN,NaN,NaN,-0.00171249600503,-0.000589129340448,-4,-2.88986020301e-05,-0.0165994711378,-0.0105263157895,0,0,517,0,47,8366,0.916666666667,1,0,0.0833333333333,1,0.916666666667,0.95652173913,0.954748984726,0.916666666667,0.916666666667,10,57,0,10,3,10
51,WLNM_dir_neg_kfold,0.825638658049,0.433388491,00:00:10,10,90,11,15356,fixed,0.5,1,0.175438596491,0.298507462687,10,0,47,114,0.175438596491,1,0,0.824561403509,1,0.175438596491,0.298507462687,0.72514619883,0.647173489279,0.220994475138,0.352453688425,0.175438596491,565,508,57,0,565,0,508,0,57,95,564,0.0631578947368,1.51383458647,11.8736842105,13.756097561,7.83333333333,8.97780016801,0.756109056703,0.427230309817,8.8855734454,1.49668347041,0.722807017544,7.68365289667,1.29423231416,0.646173945502,0.642127178975,0.424172617482,2.16666666667,NaN,NaN,NaN,0.0226317956796,0.00423344420925,14,0.000101145107105,0.206159134324,NaN,NaN,NaN,NaN,NaN,0.568421052632,0.189473684211,0.242105263158,95,517,0.0578947368421,1.51278195489,10.8842105263,12.6097560976,7.28169014085,8.15000738532,0.74879178105,0.423495877023,7.96363515503,1.46333721417,0.712653975364,7.11413903745,1.30724024866,0.649821846686,0.641237410545,0.42387960041,2.16666666667,NaN,NaN,NaN,0.0209192996745,0.0036443148688,10,7.22465050753e-05,0.189559663187,NaN,NaN,NaN,NaN,NaN,0.557894736842,0.189473684211,0.242105263158,-47,-0.00526315789474,-0.00105263157895,-0.989473684211,-1.14634146341,-0.551643192488,-0.827792782689,-0.00731727565317,-0.00373443279378,-0.921938290367,-0.0333462562388,-0.0101530421799,-0.569513859224,0.013007934505,0.0036479011843,-0.000889768430388,-0.000293017071541,0,NaN,NaN,NaN,-0.00171249600503,-0.000589129340448,-4,-2.88986020301e-05,-0.0165994711378,-0.0105263157895,0,0,517,0,47,8366,0.916666666667,1,0,0.0833333333333,1,0.916666666667,0.95652173913,0.954748984726,0.916666666667,0.916666666667,10,57,0,10,3,10
52,WLNM_dir_neg_kfold,0.817943982764,0.424196954952,00:00:10,10,90,12,15357,fixed,0.5,1,0.175438596491,0.298507462687,10,0,47,114,0.175438596491,1,0,0.824561403509,1,0.175438596491,0.298507462687,0.72514619883,0.647173489279,0.220994475138,0.352453688425,0.175438596491,565,508,57,0,565,0,508,0,57,95,564,0.0631578947368,1.51383458647,11.8736842105,13.756097561,7.83333333333,8.97780016801,0.756109056703,0.427230309817,8.8855734454,1.49668347041,0.722807017544,7.68365289667,1.29423231416,0.646173945502,0.642127178975,0.424172617482,2.16666666667,NaN,NaN,NaN,0.0226317956796,0.00423344420925,14,0.000101145107105,0.206159134324,NaN,NaN,NaN,NaN,NaN,0.568421052632,0.189473684211,0.242105263158,95,517,0.0578947368421,1.51278195489,10.8842105263,12.6097560976,7.28169014085,8.15000738532,0.74879178105,0.423495877023,7.96363515503,1.46333721417,0.712653975364,7.11413903745,1.30724024866,0.649821846686,0.641237410545,0.42387960041,2.16666666667,NaN,NaN,NaN,0.0209192996745,0.0036443148688,10,7.22465050753e-05,0.189559663187,NaN,NaN,NaN,NaN,NaN,0.557894736842,0.189473684211,0.242105263158,-47,-0.00526315789474,-0.00105263157895,-0.989473684211,-1.14634146341,-0.551643192488,-0.827792782689,-0.00731727565317,-0.00373443279378,-0.921938290367,-0.0333462562388,-0.0101530421799,-0.569513859224,0.013007934505,0.0036479011843,-0.000889768430388,-0.000293017071541,0,NaN,NaN,NaN,-0.00171249600503,-0.000589129340448,-4,-2.88986020301e-05,-0.0165994711378,-0.0105263157895,0,0,517,0,47,8366,0.916666666667,1,0,0.0833333333333,1,0.916666666667,0.95652173913,0.954748984726,0.916666666667,0.916666666667,10,57,0,10,3,10
53,WLNM_dir_neg_kfold,0.784549092028,0.395912562558,00:00:10,10,90,13,15358,fixed,0.5,1,0.175438596491,0.298507462687,10,0,47,114,0.175438596491,1,0,0.824561403509,1,0.175438596491,0.298507462687,0.72514619883,0.647173489279,0.220994475138,0.352453688425,0.175438596491,565,508,57,0,565,0,508,0,57,95,564,0.0631578947368,1.51383458647,11.8736842105,13.756097561,7.83333333333,8.97780016801,0.756109056703,0.427230309817,8.8855734454,1.49668347041,0.722807017544,7.68365289667,1.29423231416,0.646173945502,0.642127178975,0.424172617482,2.16666666667,NaN,NaN,NaN,0.0226317956796,0.00423344420925,14,0.000101145107105,0.206159134324,NaN,NaN,NaN,NaN,NaN,0.568421052632,0.189473684211,0.242105263158,95,517,0.0578947368421,1.51278195489,10.8842105263,12.6097560976,7.28169014085,8.15000738532,0.74879178105,0.423495877023,7.96363515503,1.46333721417,0.712653975364,7.11413903745,1.30724024866,0.649821846686,0.641237410545,0.42387960041,2.16666666667,NaN,NaN,NaN,0.0209192996745,0.0036443148688,10,7.22465050753e-05,0.189559663187,NaN,NaN,NaN,NaN,NaN,0.557894736842,0.189473684211,0.242105263158,-47,-0.00526315789474,-0.00105263157895,-0.989473684211,-1.14634146341,-0.551643192488,-0.827792782689,-0.00731727565317,-0.00373443279378,-0.921938290367,-0.0333462562388,-0.0101530421799,-0.569513859224,0.013007934505,0.0036479011843,-0.000889768430388,-0.000293017071541,0,NaN,NaN,NaN,-0.00171249600503,-0.000589129340448,-4,-2.88986020301e-05,-0.0165994711378,-0.0105263157895,0,0,517,0,47,8366,0.916666666667,1,0,0.0833333333333,1,0.916666666667,0.95652173913,0.954748984726,0.916666666667,0.916666666667,10,57,0,10,3,10
54,WLNM_dir_neg_kfold,0.858879655279,0.472405306199,00:00:10,10,90,14,15359,fixed,0.5,1,0.175438596491,0.298507462687,10,0,47,114,0.175438596491,1,0,0.824561403509,1,0.175438596491,0.298507462687,0.72514619883,0.647173489279,0.220994475138,0.352453688425,0.175438596491,565,508,57,0,565,0,508,0,57,95,564,0.0631578947368,1.51383458647,11.8736842105,13.756097561,7.83333333333,8.97780016801,0.756109056703,0.427230309817,8.8855734454,1.49668347041,0.722807017544,7.68365289667,1.29423231416,0.646173945502,0.642127178975,0.424172617482,2.16666666667,NaN,NaN,NaN,0.0226317956796,0.00423344420925,14,0.000101145107105,0.206159134324,NaN,NaN,NaN,NaN,NaN,0.568421052632,0.189473684211,0.242105263158,95,517,0.0578947368421,1.51278195489,10.8842105263,12.6097560976,7.28169014085,8.15000738532,0.74879178105,0.423495877023,7.96363515503,1.46333721417,0.712653975364,7.11413903745,1.30724024866,0.649821846686,0.641237410545,0.42387960041,2.16666666667,NaN,NaN,NaN,0.0209192996745,0.0036443148688,10,7.22465050753e-05,0.189559663187,NaN,NaN,NaN,NaN,NaN,0.557894736842,0.189473684211,0.242105263158,-47,-0.00526315789474,-0.00105263157895,-0.989473684211,-1.14634146341,-0.551643192488,-0.827792782689,-0.00731727565317,-0.00373443279378,-0.921938290367,-0.0333462562388,-0.0101530421799,-0.569513859224,0.013007934505,0.0036479011843,-0.000889768430388,-0.000293017071541,0,NaN,NaN,NaN,-0.00171249600503,-0.000589129340448,-4,-2.88986020301e-05,-0.0165994711378,-0.0105263157895,0,0,517,0,47,8366,0.916666666667,1,0,0.0833333333333,1,0.916666666667,0.95652173913,0.954748984726,0.916666666667,0.916666666667,10,57,0,10,3,10
55,WLNM_dir_neg_kfold,0.849569098184,0.456400580943,00:00:10,10,90,15,15360,fixed,0.5,0.909090909091,0.175438596491,0.294117647059,10,1,47,113,0.175438596491,0.991228070175,0.00877192982456,0.824561403509,0.909090909091,0.175438596491,0.294117647059,0.719298245614,0.64522417154,0.208791208791,0.32024493467,0.166666666667,565,508,57,0,565,0,508,0,57,95,564,0.0631578947368,1.51383458647,11.8736842105,13.756097561,7.83333333333,8.97780016801,0.756109056703,0.427230309817,8.8855734454,1.49668347041,0.722807017544,7.68365289667,1.29423231416,0.646173945502,0.642127178975,0.424172617482,2.16666666667,NaN,NaN,NaN,0.0226317956796,0.00423344420925,14,0.000101145107105,0.206159134324,NaN,NaN,NaN,NaN,NaN,0.568421052632,0.189473684211,0.242105263158,95,518,0.058006718925,1.51598639456,10.9052631579,12.6341463415,7.19444444444,8.14897681113,0.747251734611,0.422759601707,7.96504119883,1.46077010403,0.712009754115,7.10673702104,1.30335910618,0.647591952855,0.644450663631,0.425103197459,2.16666666667,NaN,NaN,NaN,0.0207690226012,0.00363548230732,10,7.22465050753e-05,0.189172452674,NaN,NaN,NaN,NaN,NaN,0.557894736842,0.2,0.231578947368,-46,-0.00515117581187,0.00215180809166,-0.968421052632,-1.12195121951,-0.638888888889,-0.828823356878,-0.0088573220915,-0.00447070811013,-0.92053224657,-0.0359133663807,-0.0107972634288,-0.57691587563,0.00912679201995,0.00141800735306,0.00232348465548,0.000930579977488,0,NaN,NaN,NaN,-0.00186277307839,-0.000597961901934,-4,-2.88986020301e-05,-0.0169866816501,-0.0105263157895,0.0105263157895,-0.0105263157895,517,1,47,8365,0.916666666667,0.999880468563,0.000119531436768,0.0833333333333,0.998069498069,0.916666666667,0.955637707948,0.953759275425,0.91654713523,0.915044247788,11,57,0,10,3,10
56,WLNM_dir_neg_kfold,0.750769467528,0.370547219008,00:00:10,10,90,16,15361,fixed,0.5,1,0.175438596491,0.298507462687,10,0,47,114,0.175438596491,1,0,0.824561403509,1,0.175438596491,0.298507462687,0.72514619883,0.647173489279,0.220994475138,0.352453688425,0.175438596491,565,508,57,0,565,0,508,0,57,95,564,0.0631578947368,1.51383458647,11.8736842105,13.756097561,7.83333333333,8.97780016801,0.756109056703,0.427230309817,8.8855734454,1.49668347041,0.722807017544,7.68365289667,1.29423231416,0.646173945502,0.642127178975,0.424172617482,2.16666666667,NaN,NaN,NaN,0.0226317956796,0.00423344420925,14,0.000101145107105,0.206159134324,NaN,NaN,NaN,NaN,NaN,0.568421052632,0.189473684211,0.242105263158,95,517,0.0578947368421,1.51278195489,10.8842105263,12.6097560976,7.28169014085,8.15000738532,0.74879178105,0.423495877023,7.96363515503,1.46333721417,0.712653975364,7.11413903745,1.30724024866,0.649821846686,0.641237410545,0.42387960041,2.16666666667,NaN,NaN,NaN,0.0209192996745,0.0036443148688,10,7.22465050753e-05,0.189559663187,NaN,NaN,NaN,NaN,NaN,0.557894736842,0.189473684211,0.242105263158,-47,-0.00526315789474,-0.00105263157895,-0.989473684211,-1.14634146341,-0.551643192488,-0.827792782689,-0.00731727565317,-0.00373443279378,-0.921938290367,-0.0333462562388,-0.0101530421799,-0.569513859224,0.013007934505,0.0036479011843,-0.000889768430388,-0.000293017071541,0,NaN,NaN,NaN,-0.00171249600503,-0.000589129340448,-4,-2.88986020301e-05,-0.0165994711378,-0.0105263157895,0,0,517,0,47,8366,0.916666666667,1,0,0.0833333333333,1,0.916666666667,0.95652173913,0.954748984726,0.916666666667,0.916666666667,10,57,0,10,3,10
57,WLNM_dir_neg_kfold,0.817328408741,0.428375142134,00:00:10,10,90,17,15362,fixed,0.5,1,0.175438596491,0.298507462687,10,0,47,114,0.175438596491,1,0,0.824561403509,1,0.175438596491,0.298507462687,0.72514619883,0.647173489279,0.220994475138,0.352453688425,0.175438596491,565,508,57,0,565,0,508,0,57,95,564,0.0631578947368,1.51383458647,11.8736842105,13.756097561,7.83333333333,8.97780016801,0.756109056703,0.427230309817,8.8855734454,1.49668347041,0.722807017544,7.68365289667,1.29423231416,0.646173945502,0.642127178975,0.424172617482,2.16666666667,NaN,NaN,NaN,0.0226317956796,0.00423344420925,14,0.000101145107105,0.206159134324,NaN,NaN,NaN,NaN,NaN,0.568421052632,0.189473684211,0.242105263158,95,517,0.0578947368421,1.51278195489,10.8842105263,12.6097560976,7.28169014085,8.15000738532,0.74879178105,0.423495877023,7.96363515503,1.46333721417,0.712653975364,7.11413903745,1.30724024866,0.649821846686,0.641237410545,0.42387960041,2.16666666667,NaN,NaN,NaN,0.0209192996745,0.0036443148688,10,7.22465050753e-05,0.189559663187,NaN,NaN,NaN,NaN,NaN,0.557894736842,0.189473684211,0.242105263158,-47,-0.00526315789474,-0.00105263157895,-0.989473684211,-1.14634146341,-0.551643192488,-0.827792782689,-0.00731727565317,-0.00373443279378,-0.921938290367,-0.0333462562388,-0.0101530421799,-0.569513859224,0.013007934505,0.0036479011843,-0.000889768430388,-0.000293017071541,0,NaN,NaN,NaN,-0.00171249600503,-0.000589129340448,-4,-2.88986020301e-05,-0.0165994711378,-0.0105263157895,0,0,517,0,47,8366,0.916666666667,1,0,0.0833333333333,1,0.916666666667,0.95652173913,0.954748984726,0.916666666667,0.916666666667,10,57,0,10,3,10
58,WLNM_dir_neg_kfold,0.785703293321,0.396542142514,00:00:10,10,90,18,15363,fixed,0.5,1,0.175438596491,0.298507462687,10,0,47,114,0.175438596491,1,0,0.824561403509,1,0.175438596491,0.298507462687,0.72514619883,0.647173489279,0.220994475138,0.352453688425,0.175438596491,565,508,57,0,565,0,508,0,57,95,564,0.0631578947368,1.51383458647,11.8736842105,13.756097561,7.83333333333,8.97780016801,0.756109056703,0.427230309817,8.8855734454,1.49668347041,0.722807017544,7.68365289667,1.29423231416,0.646173945502,0.642127178975,0.424172617482,2.16666666667,NaN,NaN,NaN,0.0226317956796,0.00423344420925,14,0.000101145107105,0.206159134324,NaN,NaN,NaN,NaN,NaN,0.568421052632,0.189473684211,0.242105263158,95,517,0.0578947368421,1.51278195489,10.8842105263,12.6097560976,7.28169014085,8.15000738532,0.74879178105,0.423495877023,7.96363515503,1.46333721417,0.712653975364,7.11413903745,1.30724024866,0.649821846686,0.641237410545,0.42387960041,2.16666666667,NaN,NaN,NaN,0.0209192996745,0.0036443148688,10,7.22465050753e-05,0.189559663187,NaN,NaN,NaN,NaN,NaN,0.557894736842,0.189473684211,0.242105263158,-47,-0.00526315789474,-0.00105263157895,-0.989473684211,-1.14634146341,-0.551643192488,-0.827792782689,-0.00731727565317,-0.00373443279378,-0.921938290367,-0.0333462562388,-0.0101530421799,-0.569513859224,0.013007934505,0.0036479011843,-0.000889768430388,-0.000293017071541,0,NaN,NaN,NaN,-0.00171249600503,-0.000589129340448,-4,-2.88986020301e-05,-0.0165994711378,-0.0105263157895,0,0,517,0,47,8366,0.916666666667,1,0,0.0833333333333,1,0.916666666667,0.95652173913,0.954748984726,0.916666666667,0.916666666667,10,57,0,10,3,10
59,WLNM_dir_neg_kfold,0.58971991382,0.305456295851,00:00:10,10,90,19,15364,fixed,0.5,0.909090909091,0.175438596491,0.294117647059,10,1,47,113,0.175438596491,0.991228070175,0.00877192982456,0.824561403509,0.909090909091,0.175438596491,0.294117647059,0.719298245614,0.64522417154,0.208791208791,0.32024493467,0.166666666667,565,508,57,0,565,0,508,0,57,95,564,0.0631578947368,1.51383458647,11.8736842105,13.756097561,7.83333333333,8.97780016801,0.756109056703,0.427230309817,8.8855734454,1.49668347041,0.722807017544,7.68365289667,1.29423231416,0.646173945502,0.642127178975,0.424172617482,2.16666666667,NaN,NaN,NaN,0.0226317956796,0.00423344420925,14,0.000101145107105,0.206159134324,NaN,NaN,NaN,NaN,NaN,0.568421052632,0.189473684211,0.242105263158,95,518,0.058006718925,1.53698134224,10.9052631579,12.3333333333,7.29577464789,8.15289230001,0.747610780406,0.422840885999,7.95702342114,1.45929966218,0.711522048364,7.11122639729,1.30418244738,0.648892501524,0.662255435225,0.430880594983,2.18518518519,NaN,NaN,NaN,0.0209192996745,0.0036443148688,10,7.22465050753e-05,0.181307306016,NaN,NaN,NaN,NaN,NaN,0.547368421053,0.2,0.242105263158,-46,-0.00515117581187,0.0231467557783,-0.968421052632,-1.42276422764,-0.537558685446,-0.824907867998,-0.00849827629649,-0.00438942381832,-0.928550024259,-0.0373838082348,-0.0112849691797,-0.572426499384,0.00995013322333,0.00271855602203,0.0201282562491,0.00670797750175,0.0185185185185,NaN,NaN,NaN,-0.00171249600503,-0.000589129340448,-4,-2.88986020301e-05,-0.0248518283085,-0.0210526315789,0.0105263157895,0,517,1,47,8365,0.916666666667,0.999880468563,0.000119531436768,0.0833333333333,0.998069498069,0.916666666667,0.955637707948,0.953759275425,0.91654713523,0.915044247788,11,57,0,10,3,10
60,WLNM_dir_neg_kfold,0.802246845183,0.412472755682,00:00:10,10,90,20,15365,fixed,0.5,1,0.175438596491,0.298507462687,10,0,47,114,0.175438596491,1,0,0.824561403509,1,0.175438596491,0.298507462687,0.72514619883,0.647173489279,0.220994475138,0.352453688425,0.175438596491,565,508,57,0,565,0,508,0,57,95,564,0.0631578947368,1.51383458647,11.8736842105,13.756097561,7.83333333333,8.97780016801,0.756109056703,0.427230309817,8.8855734454,1.49668347041,0.722807017544,7.68365289667,1.29423231416,0.646173945502,0.642127178975,0.424172617482,2.16666666667,NaN,NaN,NaN,0.0226317956796,0.00423344420925,14,0.000101145107105,0.206159134324,NaN,NaN,NaN,NaN,NaN,0.568421052632,0.189473684211,0.242105263158,95,517,0.0578947368421,1.51278195489,10.8842105263,12.6097560976,7.28169014085,8.15000738532,0.74879178105,0.423495877023,7.96363515503,1.46333721417,0.712653975364,7.11413903745,1.30724024866,0.649821846686,0.641237410545,0.42387960041,2.16666666667,NaN,NaN,NaN,0.0209192996745,0.0036443148688,10,7.22465050753e-05,0.189559663187,NaN,NaN,NaN,NaN,NaN,0.557894736842,0.189473684211,0.242105263158,-47,-0.00526315789474,-0.00105263157895,-0.989473684211,-1.14634146341,-0.551643192488,-0.827792782689,-0.00731727565317,-0.00373443279378,-0.921938290367,-0.0333462562388,-0.0101530421799,-0.569513859224,0.013007934505,0.0036479011843,-0.000889768430388,-0.000293017071541,0,NaN,NaN,NaN,-0.00171249600503,-0.000589129340448,-4,-2.88986020301e-05,-0.0165994711378,-0.0105263157895,0,0,517,0,47,8366,0.916666666667,1,0,0.0833333333333,1,0.916666666667,0.95652173913,0.954748984726,0.916666666667,0.916666666667,10,57,0,10,3,10
61,WLNM_dir_neg_kfold,0.829255155432,0.436491756889,00:00:11,10,90,1,16346,fixed,0.5,1,0.0877192982456,0.161290322581,5,0,52,114,0.0877192982456,1,0,0.912280701754,1,0.0877192982456,0.161290322581,0.695906432749,0.656920077973,0.113636363636,0.245440346837,0.0877192982456,565,508,57,0,565,0,508,0,57,95,564,0.0631578947368,1.51383458647,11.8736842105,13.756097561,7.83333333333,8.97780016801,0.756109056703,0.427230309817,8.8855734454,1.49668347041,0.722807017544,7.68365289667,1.29423231416,0.646173945502,0.642127178975,0.424172617482,2.16666666667,NaN,NaN,NaN,0.0226317956796,0.00423344420925,14,0.000101145107105,0.206159134324,NaN,NaN,NaN,NaN,NaN,0.568421052632,0.189473684211,0.242105263158,95,512,0.0573348264278,1.51394062078,10.7789473684,12.487804878,7.31428571429,8.15694319488,0.756747659681,0.426295230263,8.06264664962,1.49599889007,0.722121710526,6.96693518631,1.29269305215,0.646833881579,0.642397828723,0.424321680721,2.16666666667,NaN,NaN,NaN,0.0266130334012,0.00516351118761,14,0.000101145107105,0.181979019504,NaN,NaN,NaN,NaN,NaN,0.557894736842,0.178947368421,0.252631578947,-52,-0.00582306830907,0.00010603431656,-1.09473684211,-1.26829268293,-0.519047619048,-0.820856973131,0.000638602978182,-0.000935079553938,-0.822926795775,-0.000684580346107,-0.000685307017544,-0.716717710359,-0.00153926200788,0.000659936076894,0.000270649747483,0.000149063239857,0,NaN,NaN,NaN,0.00398123772163,0.000930066978354,0,0,-0.0241801148203,-0.0105263157895,-0.0105263157895,0.0105263157895,512,0,52,8366,0.90780141844,1,0,0.0921985815603,1,0.90780141844,0.951672862454,0.949838782051,0.90780141844,0.90780141844,5,57,0,10,4,10
62,WLNM_dir_neg_kfold,0.841643582641,0.513794413918,00:00:11,10,90,2,16347,fixed,0.5,1,0.0877192982456,0.161290322581,5,0,52,114,0.0877192982456,1,0,0.912280701754,1,0.0877192982456,0.161290322581,0.695906432749,0.656920077973,0.113636363636,0.245440346837,0.0877192982456,565,508,57,0,565,0,508,0,57,95,564,0.0631578947368,1.51383458647,11.8736842105,13.756097561,7.83333333333,8.97780016801,0.756109056703,0.427230309817,8.8855734454,1.49668347041,0.722807017544,7.68365289667,1.29423231416,0.646173945502,0.642127178975,0.424172617482,2.16666666667,NaN,NaN,NaN,0.0226317956796,0.00423344420925,14,0.000101145107105,0.206159134324,NaN,NaN,NaN,NaN,NaN,0.568421052632,0.189473684211,0.242105263158,95,512,0.0573348264278,1.51394062078,10.7789473684,12.487804878,7.31428571429,8.15694319488,0.756747659681,0.426295230263,8.06264664962,1.49599889007,0.722121710526,6.96693518631,1.29269305215,0.646833881579,0.642397828723,0.424321680721,2.16666666667,NaN,NaN,NaN,0.0266130334012,0.00516351118761,14,0.000101145107105,0.181979019504,NaN,NaN,NaN,NaN,NaN,0.557894736842,0.178947368421,0.252631578947,-52,-0.00582306830907,0.00010603431656,-1.09473684211,-1.26829268293,-0.519047619048,-0.820856973131,0.000638602978182,-0.000935079553938,-0.822926795775,-0.000684580346107,-0.000685307017544,-0.716717710359,-0.00153926200788,0.000659936076894,0.000270649747483,0.000149063239857,0,NaN,NaN,NaN,0.00398123772163,0.000930066978354,0,0,-0.0241801148203,-0.0105263157895,-0.0105263157895,0.0105263157895,512,0,52,8366,0.90780141844,1,0,0.0921985815603,1,0.90780141844,0.951672862454,0.949838782051,0.90780141844,0.90780141844,5,57,0,10,4,10
63,WLNM_dir_neg_kfold,0.817405355494,0.413366463351,00:00:10,10,90,3,16348,fixed,0.5,1,0.0877192982456,0.161290322581,5,0,52,114,0.0877192982456,1,0,0.912280701754,1,0.0877192982456,0.161290322581,0.695906432749,0.656920077973,0.113636363636,0.245440346837,0.0877192982456,565,508,57,0,565,0,508,0,57,95,564,0.0631578947368,1.51383458647,11.8736842105,13.756097561,7.83333333333,8.97780016801,0.756109056703,0.427230309817,8.8855734454,1.49668347041,0.722807017544,7.68365289667,1.29423231416,0.646173945502,0.642127178975,0.424172617482,2.16666666667,NaN,NaN,NaN,0.0226317956796,0.00423344420925,14,0.000101145107105,0.206159134324,NaN,NaN,NaN,NaN,NaN,0.568421052632,0.189473684211,0.242105263158,95,512,0.0573348264278,1.51394062078,10.7789473684,12.487804878,7.31428571429,8.15694319488,0.756747659681,0.426295230263,8.06264664962,1.49599889007,0.722121710526,6.96693518631,1.29269305215,0.646833881579,0.642397828723,0.424321680721,2.16666666667,NaN,NaN,NaN,0.0266130334012,0.00516351118761,14,0.000101145107105,0.181979019504,NaN,NaN,NaN,NaN,NaN,0.557894736842,0.178947368421,0.252631578947,-52,-0.00582306830907,0.00010603431656,-1.09473684211,-1.26829268293,-0.519047619048,-0.820856973131,0.000638602978182,-0.000935079553938,-0.822926795775,-0.000684580346107,-0.000685307017544,-0.716717710359,-0.00153926200788,0.000659936076894,0.000270649747483,0.000149063239857,0,NaN,NaN,NaN,0.00398123772163,0.000930066978354,0,0,-0.0241801148203,-0.0105263157895,-0.0105263157895,0.0105263157895,512,0,52,8366,0.90780141844,1,0,0.0921985815603,1,0.90780141844,0.951672862454,0.949838782051,0.90780141844,0.90780141844,5,57,0,10,4,10
64,WLNM_dir_neg_kfold,0.819482917821,0.478344154697,00:00:10,10,90,4,16349,fixed,0.5,0.833333333333,0.0877192982456,0.15873015873,5,1,52,113,0.0877192982456,0.991228070175,0.00877192982456,0.912280701754,0.833333333333,0.0877192982456,0.15873015873,0.690058479532,0.654970760234,0.101694915254,0.202259958739,0.0789473684211,565,508,57,0,565,0,508,0,57,95,564,0.0631578947368,1.51383458647,11.8736842105,13.756097561,7.83333333333,8.97780016801,0.756109056703,0.427230309817,8.8855734454,1.49668347041,0.722807017544,7.68365289667,1.29423231416,0.646173945502,0.642127178975,0.424172617482,2.16666666667,NaN,NaN,NaN,0.0226317956796,0.00423344420925,14,0.000101145107105,0.206159134324,NaN,NaN,NaN,NaN,NaN,0.568421052632,0.189473684211,0.242105263158,95,513,0.0574468085106,1.51669751301,10.8,12.512195122,7.22535211268,8.14574683435,0.754235817996,0.425033343593,8.06410486254,1.49335275232,0.721452754694,6.95945705879,1.28878834422,0.644629116651,0.645062439711,0.425307244309,2.16666666667,NaN,NaN,NaN,0.0266130334012,0.00515590473852,14,0.000101145107105,0.181605493049,NaN,NaN,NaN,NaN,NaN,0.557894736842,0.189473684211,0.242105263158,-51,-0.0057110862262,0.00286292654714,-1.07368421053,-1.24390243902,-0.607981220657,-0.832053333654,-0.00187323870711,-0.0021969662242,-0.821468582856,-0.00333071809022,-0.00135426285011,-0.724195837876,-0.00544396993439,-0.00154482885078,0.00293526073511,0.00113462682782,0,NaN,NaN,NaN,0.00398123772163,0.000922460529269,0,0,-0.0245536412753,-0.0105263157895,0,0,512,1,52,8365,0.90780141844,0.999880468563,0.000119531436768,0.0921985815603,0.998050682261,0.90780141844,0.950789229341,0.948843976781,0.907681887003,0.906194690265,6,57,0,10,4,10
65,WLNM_dir_neg_kfold,0.783010156971,0.385898740989,00:00:10,10,90,5,16350,fixed,0.5,1,0.0877192982456,0.161290322581,5,0,52,114,0.0877192982456,1,0,0.912280701754,1,0.0877192982456,0.161290322581,0.695906432749,0.656920077973,0.113636363636,0.245440346837,0.0877192982456,565,508,57,0,565,0,508,0,57,95,564,0.0631578947368,1.51383458647,11.8736842105,13.756097561,7.83333333333,8.97780016801,0.756109056703,0.427230309817,8.8855734454,1.49668347041,0.722807017544,7.68365289667,1.29423231416,0.646173945502,0.642127178975,0.424172617482,2.16666666667,NaN,NaN,NaN,0.0226317956796,0.00423344420925,14,0.000101145107105,0.206159134324,NaN,NaN,NaN,NaN,NaN,0.568421052632,0.189473684211,0.242105263158,95,512,0.0573348264278,1.51394062078,10.7789473684,12.487804878,7.31428571429,8.15694319488,0.756747659681,0.426295230263,8.06264664962,1.49599889007,0.722121710526,6.96693518631,1.29269305215,0.646833881579,0.642397828723,0.424321680721,2.16666666667,NaN,NaN,NaN,0.0266130334012,0.00516351118761,14,0.000101145107105,0.181979019504,NaN,NaN,NaN,NaN,NaN,0.557894736842,0.178947368421,0.252631578947,-52,-0.00582306830907,0.00010603431656,-1.09473684211,-1.26829268293,-0.519047619048,-0.820856973131,0.000638602978182,-0.000935079553938,-0.822926795775,-0.000684580346107,-0.000685307017544,-0.716717710359,-0.00153926200788,0.000659936076894,0.000270649747483,0.000149063239857,0,NaN,NaN,NaN,0.00398123772163,0.000930066978354,0,0,-0.0241801148203,-0.0105263157895,-0.0105263157895,0.0105263157895,512,0,52,8366,0.90780141844,1,0,0.0921985815603,1,0.90780141844,0.951672862454,0.949838782051,0.90780141844,0.90780141844,5,57,0,10,4,10
66,WLNM_dir_neg_kfold,0.441366574331,0.235471838629,00:00:10,10,90,6,16351,fixed,0.5,1,0.0877192982456,0.161290322581,5,0,52,114,0.0877192982456,1,0,0.912280701754,1,0.0877192982456,0.161290322581,0.695906432749,0.656920077973,0.113636363636,0.245440346837,0.0877192982456,565,508,57,0,565,0,508,0,57,95,564,0.0631578947368,1.51383458647,11.8736842105,13.756097561,7.83333333333,8.97780016801,0.756109056703,0.427230309817,8.8855734454,1.49668347041,0.722807017544,7.68365289667,1.29423231416,0.646173945502,0.642127178975,0.424172617482,2.16666666667,NaN,NaN,NaN,0.0226317956796,0.00423344420925,14,0.000101145107105,0.206159134324,NaN,NaN,NaN,NaN,NaN,0.568421052632,0.189473684211,0.242105263158,95,512,0.0573348264278,1.51394062078,10.7789473684,12.487804878,7.31428571429,8.15694319488,0.756747659681,0.426295230263,8.06264664962,1.49599889007,0.722121710526,6.96693518631,1.29269305215,0.646833881579,0.642397828723,0.424321680721,2.16666666667,NaN,NaN,NaN,0.0266130334012,0.00516351118761,14,0.000101145107105,0.181979019504,NaN,NaN,NaN,NaN,NaN,0.557894736842,0.178947368421,0.252631578947,-52,-0.00582306830907,0.00010603431656,-1.09473684211,-1.26829268293,-0.519047619048,-0.820856973131,0.000638602978182,-0.000935079553938,-0.822926795775,-0.000684580346107,-0.000685307017544,-0.716717710359,-0.00153926200788,0.000659936076894,0.000270649747483,0.000149063239857,0,NaN,NaN,NaN,0.00398123772163,0.000930066978354,0,0,-0.0241801148203,-0.0105263157895,-0.0105263157895,0.0105263157895,512,0,52,8366,0.90780141844,1,0,0.0921985815603,1,0.90780141844,0.951672862454,0.949838782051,0.90780141844,0.90780141844,5,57,0,10,4,10
67,WLNM_dir_neg_kfold,0.744536780548,0.359954479332,00:00:10,10,90,7,16352,fixed,0.5,0.833333333333,0.0877192982456,0.15873015873,5,1,52,113,0.0877192982456,0.991228070175,0.00877192982456,0.912280701754,0.833333333333,0.0877192982456,0.15873015873,0.690058479532,0.654970760234,0.101694915254,0.202259958739,0.0789473684211,565,508,57,0,565,0,508,0,57,95,564,0.0631578947368,1.51383458647,11.8736842105,13.756097561,7.83333333333,8.97780016801,0.756109056703,0.427230309817,8.8855734454,1.49668347041,0.722807017544,7.68365289667,1.29423231416,0.646173945502,0.642127178975,0.424172617482,2.16666666667,NaN,NaN,NaN,0.0226317956796,0.00423344420925,14,0.000101145107105,0.206159134324,NaN,NaN,NaN,NaN,NaN,0.568421052632,0.189473684211,0.242105263158,95,513,0.0574468085106,1.51669751301,10.8,12.512195122,7.22535211268,8.14574683435,0.754235817996,0.425033343593,8.06410486254,1.49335275232,0.721452754694,6.95945705879,1.28878834422,0.644629116651,0.645062439711,0.425307244309,2.16666666667,NaN,NaN,NaN,0.0266130334012,0.00515590473852,14,0.000101145107105,0.181605493049,NaN,NaN,NaN,NaN,NaN,0.557894736842,0.189473684211,0.242105263158,-51,-0.0057110862262,0.00286292654714,-1.07368421053,-1.24390243902,-0.607981220657,-0.832053333654,-0.00187323870711,-0.0021969662242,-0.821468582856,-0.00333071809022,-0.00135426285011,-0.724195837876,-0.00544396993439,-0.00154482885078,0.00293526073511,0.00113462682782,0,NaN,NaN,NaN,0.00398123772163,0.000922460529269,0,0,-0.0245536412753,-0.0105263157895,0,0,512,1,52,8365,0.90780141844,0.999880468563,0.000119531436768,0.0921985815603,0.998050682261,0.90780141844,0.950789229341,0.948843976781,0.907681887003,0.906194690265,6,57,0,10,4,10
68,WLNM_dir_neg_kfold,0.805170821791,0.422137197686,00:00:10,10,90,8,16353,fixed,0.5,1,0.0877192982456,0.161290322581,5,0,52,114,0.0877192982456,1,0,0.912280701754,1,0.0877192982456,0.161290322581,0.695906432749,0.656920077973,0.113636363636,0.245440346837,0.0877192982456,565,508,57,0,565,0,508,0,57,95,564,0.0631578947368,1.51383458647,11.8736842105,13.756097561,7.83333333333,8.97780016801,0.756109056703,0.427230309817,8.8855734454,1.49668347041,0.722807017544,7.68365289667,1.29423231416,0.646173945502,0.642127178975,0.424172617482,2.16666666667,NaN,NaN,NaN,0.0226317956796,0.00423344420925,14,0.000101145107105,0.206159134324,NaN,NaN,NaN,NaN,NaN,0.568421052632,0.189473684211,0.242105263158,95,512,0.0573348264278,1.51394062078,10.7789473684,12.487804878,7.31428571429,8.15694319488,0.756747659681,0.426295230263,8.06264664962,1.49599889007,0.722121710526,6.96693518631,1.29269305215,0.646833881579,0.642397828723,0.424321680721,2.16666666667,NaN,NaN,NaN,0.0266130334012,0.00516351118761,14,0.000101145107105,0.181979019504,NaN,NaN,NaN,NaN,NaN,0.557894736842,0.178947368421,0.252631578947,-52,-0.00582306830907,0.00010603431656,-1.09473684211,-1.26829268293,-0.519047619048,-0.820856973131,0.000638602978182,-0.000935079553938,-0.822926795775,-0.000684580346107,-0.000685307017544,-0.716717710359,-0.00153926200788,0.000659936076894,0.000270649747483,0.000149063239857,0,NaN,NaN,NaN,0.00398123772163,0.000930066978354,0,0,-0.0241801148203,-0.0105263157895,-0.0105263157895,0.0105263157895,512,0,52,8366,0.90780141844,1,0,0.0921985815603,1,0.90780141844,0.951672862454,0.949838782051,0.90780141844,0.90780141844,5,57,0,10,4,10
69,WLNM_dir_neg_kfold,0.836872883964,0.440665754402,00:00:10,10,90,9,16354,fixed,0.5,1,0.0877192982456,0.161290322581,5,0,52,114,0.0877192982456,1,0,0.912280701754,1,0.0877192982456,0.161290322581,0.695906432749,0.656920077973,0.113636363636,0.245440346837,0.0877192982456,565,508,57,0,565,0,508,0,57,95,564,0.0631578947368,1.51383458647,11.8736842105,13.756097561,7.83333333333,8.97780016801,0.756109056703,0.427230309817,8.8855734454,1.49668347041,0.722807017544,7.68365289667,1.29423231416,0.646173945502,0.642127178975,0.424172617482,2.16666666667,NaN,NaN,NaN,0.0226317956796,0.00423344420925,14,0.000101145107105,0.206159134324,NaN,NaN,NaN,NaN,NaN,0.568421052632,0.189473684211,0.242105263158,95,512,0.0573348264278,1.51394062078,10.7789473684,12.487804878,7.31428571429,8.15694319488,0.756747659681,0.426295230263,8.06264664962,1.49599889007,0.722121710526,6.96693518631,1.29269305215,0.646833881579,0.642397828723,0.424321680721,2.16666666667,NaN,NaN,NaN,0.0266130334012,0.00516351118761,14,0.000101145107105,0.181979019504,NaN,NaN,NaN,NaN,NaN,0.557894736842,0.178947368421,0.252631578947,-52,-0.00582306830907,0.00010603431656,-1.09473684211,-1.26829268293,-0.519047619048,-0.820856973131,0.000638602978182,-0.000935079553938,-0.822926795775,-0.000684580346107,-0.000685307017544,-0.716717710359,-0.00153926200788,0.000659936076894,0.000270649747483,0.000149063239857,0,NaN,NaN,NaN,0.00398123772163,0.000930066978354,0,0,-0.0241801148203,-0.0105263157895,-0.0105263157895,0.0105263157895,512,0,52,8366,0.90780141844,1,0,0.0921985815603,1,0.90780141844,0.951672862454,0.949838782051,0.90780141844,0.90780141844,5,57,0,10,4,10
70,WLNM_dir_neg_kfold,0.801400430902,0.403543534244,00:00:10,10,90,10,16355,fixed,0.5,1,0.0877192982456,0.161290322581,5,0,52,114,0.0877192982456,1,0,0.912280701754,1,0.0877192982456,0.161290322581,0.695906432749,0.656920077973,0.113636363636,0.245440346837,0.0877192982456,565,508,57,0,565,0,508,0,57,95,564,0.0631578947368,1.51383458647,11.8736842105,13.756097561,7.83333333333,8.97780016801,0.756109056703,0.427230309817,8.8855734454,1.49668347041,0.722807017544,7.68365289667,1.29423231416,0.646173945502,0.642127178975,0.424172617482,2.16666666667,NaN,NaN,NaN,0.0226317956796,0.00423344420925,14,0.000101145107105,0.206159134324,NaN,NaN,NaN,NaN,NaN,0.568421052632,0.189473684211,0.242105263158,95,512,0.0573348264278,1.51394062078,10.7789473684,12.487804878,7.31428571429,8.15694319488,0.756747659681,0.426295230263,8.06264664962,1.49599889007,0.722121710526,6.96693518631,1.29269305215,0.646833881579,0.642397828723,0.424321680721,2.16666666667,NaN,NaN,NaN,0.0266130334012,0.00516351118761,14,0.000101145107105,0.181979019504,NaN,NaN,NaN,NaN,NaN,0.557894736842,0.178947368421,0.252631578947,-52,-0.00582306830907,0.00010603431656,-1.09473684211,-1.26829268293,-0.519047619048,-0.820856973131,0.000638602978182,-0.000935079553938,-0.822926795775,-0.000684580346107,-0.000685307017544,-0.716717710359,-0.00153926200788,0.000659936076894,0.000270649747483,0.000149063239857,0,NaN,NaN,NaN,0.00398123772163,0.000930066978354,0,0,-0.0241801148203,-0.0105263157895,-0.0105263157895,0.0105263157895,512,0,52,8366,0.90780141844,1,0,0.0921985815603,1,0.90780141844,0.951672862454,0.949838782051,0.90780141844,0.90780141844,5,57,0,10,4,10
71,WLNM_dir_neg_kfold,0.851261926747,0.512928408649,00:00:11,10,90,11,16356,fixed,0.5,1,0.0877192982456,0.161290322581,5,0,52,114,0.0877192982456,1,0,0.912280701754,1,0.0877192982456,0.161290322581,0.695906432749,0.656920077973,0.113636363636,0.245440346837,0.0877192982456,565,508,57,0,565,0,508,0,57,95,564,0.0631578947368,1.51383458647,11.8736842105,13.756097561,7.83333333333,8.97780016801,0.756109056703,0.427230309817,8.8855734454,1.49668347041,0.722807017544,7.68365289667,1.29423231416,0.646173945502,0.642127178975,0.424172617482,2.16666666667,NaN,NaN,NaN,0.0226317956796,0.00423344420925,14,0.000101145107105,0.206159134324,NaN,NaN,NaN,NaN,NaN,0.568421052632,0.189473684211,0.242105263158,95,512,0.0573348264278,1.51394062078,10.7789473684,12.487804878,7.31428571429,8.15694319488,0.756747659681,0.426295230263,8.06264664962,1.49599889007,0.722121710526,6.96693518631,1.29269305215,0.646833881579,0.642397828723,0.424321680721,2.16666666667,NaN,NaN,NaN,0.0266130334012,0.00516351118761,14,0.000101145107105,0.181979019504,NaN,NaN,NaN,NaN,NaN,0.557894736842,0.178947368421,0.252631578947,-52,-0.00582306830907,0.00010603431656,-1.09473684211,-1.26829268293,-0.519047619048,-0.820856973131,0.000638602978182,-0.000935079553938,-0.822926795775,-0.000684580346107,-0.000685307017544,-0.716717710359,-0.00153926200788,0.000659936076894,0.000270649747483,0.000149063239857,0,NaN,NaN,NaN,0.00398123772163,0.000930066978354,0,0,-0.0241801148203,-0.0105263157895,-0.0105263157895,0.0105263157895,512,0,52,8366,0.90780141844,1,0,0.0921985815603,1,0.90780141844,0.951672862454,0.949838782051,0.90780141844,0.90780141844,5,57,0,10,4,10
72,WLNM_dir_neg_kfold,0.761157279163,0.372797909539,00:00:10,10,90,12,16357,fixed,0.5,0.833333333333,0.0877192982456,0.15873015873,5,1,52,113,0.0877192982456,0.991228070175,0.00877192982456,0.912280701754,0.833333333333,0.0877192982456,0.15873015873,0.690058479532,0.654970760234,0.101694915254,0.202259958739,0.0789473684211,565,508,57,0,565,0,508,0,57,95,564,0.0631578947368,1.51383458647,11.8736842105,13.756097561,7.83333333333,8.97780016801,0.756109056703,0.427230309817,8.8855734454,1.49668347041,0.722807017544,7.68365289667,1.29423231416,0.646173945502,0.642127178975,0.424172617482,2.16666666667,NaN,NaN,NaN,0.0226317956796,0.00423344420925,14,0.000101145107105,0.206159134324,NaN,NaN,NaN,NaN,NaN,0.568421052632,0.189473684211,0.242105263158,95,513,0.0574468085106,1.53832737953,10.8,12.2142857143,7.32857142857,8.15879632341,0.755444104019,0.425525802811,8.05618567683,1.49188623645,0.720960295476,6.96404137986,1.28963729257,0.645901302965,0.66367019789,0.431423250161,2.1862745098,NaN,NaN,NaN,0.0266130334012,0.00516351118761,14,0.000101145107105,0.174087645366,NaN,NaN,NaN,NaN,NaN,0.547368421053,0.189473684211,0.252631578947,-51,-0.0057110862262,0.0244927930686,-1.07368421053,-1.54181184669,-0.504761904762,-0.819003844602,-0.00066495268371,-0.00170450700597,-0.829387768565,-0.0047972339623,-0.00184672206833,-0.719611516808,-0.00459502158844,-0.000272642537038,0.0215430189148,0.00725063267922,0.0196078431373,NaN,NaN,NaN,0.00398123772163,0.000930066978354,0,0,-0.0320714889585,-0.0210526315789,0,0.0105263157895,512,1,52,8365,0.90780141844,0.999880468563,0.000119531436768,0.0921985815603,0.998050682261,0.90780141844,0.950789229341,0.948843976781,0.907681887003,0.906194690265,6,57,0,10,4,10
73,WLNM_dir_neg_kfold,0.823638042475,0.430265916883,00:00:10,10,90,13,16358,fixed,0.5,1,0.0877192982456,0.161290322581,5,0,52,114,0.0877192982456,1,0,0.912280701754,1,0.0877192982456,0.161290322581,0.695906432749,0.656920077973,0.113636363636,0.245440346837,0.0877192982456,565,508,57,0,565,0,508,0,57,95,564,0.0631578947368,1.51383458647,11.8736842105,13.756097561,7.83333333333,8.97780016801,0.756109056703,0.427230309817,8.8855734454,1.49668347041,0.722807017544,7.68365289667,1.29423231416,0.646173945502,0.642127178975,0.424172617482,2.16666666667,NaN,NaN,NaN,0.0226317956796,0.00423344420925,14,0.000101145107105,0.206159134324,NaN,NaN,NaN,NaN,NaN,0.568421052632,0.189473684211,0.242105263158,95,512,0.0573348264278,1.51394062078,10.7789473684,12.487804878,7.31428571429,8.15694319488,0.756747659681,0.426295230263,8.06264664962,1.49599889007,0.722121710526,6.96693518631,1.29269305215,0.646833881579,0.642397828723,0.424321680721,2.16666666667,NaN,NaN,NaN,0.0266130334012,0.00516351118761,14,0.000101145107105,0.181979019504,NaN,NaN,NaN,NaN,NaN,0.557894736842,0.178947368421,0.252631578947,-52,-0.00582306830907,0.00010603431656,-1.09473684211,-1.26829268293,-0.519047619048,-0.820856973131,0.000638602978182,-0.000935079553938,-0.822926795775,-0.000684580346107,-0.000685307017544,-0.716717710359,-0.00153926200788,0.000659936076894,0.000270649747483,0.000149063239857,0,NaN,NaN,NaN,0.00398123772163,0.000930066978354,0,0,-0.0241801148203,-0.0105263157895,-0.0105263157895,0.0105263157895,512,0,52,8366,0.90780141844,1,0,0.0921985815603,1,0.90780141844,0.951672862454,0.949838782051,0.90780141844,0.90780141844,5,57,0,10,4,10
74,WLNM_dir_neg_kfold,0.77054478301,0.375456688493,00:00:10,10,90,14,16359,fixed,0.5,1,0.0877192982456,0.161290322581,5,0,52,114,0.0877192982456,1,0,0.912280701754,1,0.0877192982456,0.161290322581,0.695906432749,0.656920077973,0.113636363636,0.245440346837,0.0877192982456,565,508,57,0,565,0,508,0,57,95,564,0.0631578947368,1.51383458647,11.8736842105,13.756097561,7.83333333333,8.97780016801,0.756109056703,0.427230309817,8.8855734454,1.49668347041,0.722807017544,7.68365289667,1.29423231416,0.646173945502,0.642127178975,0.424172617482,2.16666666667,NaN,NaN,NaN,0.0226317956796,0.00423344420925,14,0.000101145107105,0.206159134324,NaN,NaN,NaN,NaN,NaN,0.568421052632,0.189473684211,0.242105263158,95,512,0.0573348264278,1.51394062078,10.7789473684,12.487804878,7.31428571429,8.15694319488,0.756747659681,0.426295230263,8.06264664962,1.49599889007,0.722121710526,6.96693518631,1.29269305215,0.646833881579,0.642397828723,0.424321680721,2.16666666667,NaN,NaN,NaN,0.0266130334012,0.00516351118761,14,0.000101145107105,0.181979019504,NaN,NaN,NaN,NaN,NaN,0.557894736842,0.178947368421,0.252631578947,-52,-0.00582306830907,0.00010603431656,-1.09473684211,-1.26829268293,-0.519047619048,-0.820856973131,0.000638602978182,-0.000935079553938,-0.822926795775,-0.000684580346107,-0.000685307017544,-0.716717710359,-0.00153926200788,0.000659936076894,0.000270649747483,0.000149063239857,0,NaN,NaN,NaN,0.00398123772163,0.000930066978354,0,0,-0.0241801148203,-0.0105263157895,-0.0105263157895,0.0105263157895,512,0,52,8366,0.90780141844,1,0,0.0921985815603,1,0.90780141844,0.951672862454,0.949838782051,0.90780141844,0.90780141844,5,57,0,10,4,10
75,WLNM_dir_neg_kfold,0.845260080025,0.500441133607,00:00:10,10,90,15,16360,fixed,0.5,1,0.0877192982456,0.161290322581,5,0,52,114,0.0877192982456,1,0,0.912280701754,1,0.0877192982456,0.161290322581,0.695906432749,0.656920077973,0.113636363636,0.245440346837,0.0877192982456,565,508,57,0,565,0,508,0,57,95,564,0.0631578947368,1.51383458647,11.8736842105,13.756097561,7.83333333333,8.97780016801,0.756109056703,0.427230309817,8.8855734454,1.49668347041,0.722807017544,7.68365289667,1.29423231416,0.646173945502,0.642127178975,0.424172617482,2.16666666667,NaN,NaN,NaN,0.0226317956796,0.00423344420925,14,0.000101145107105,0.206159134324,NaN,NaN,NaN,NaN,NaN,0.568421052632,0.189473684211,0.242105263158,95,512,0.0573348264278,1.51394062078,10.7789473684,12.487804878,7.31428571429,8.15694319488,0.756747659681,0.426295230263,8.06264664962,1.49599889007,0.722121710526,6.96693518631,1.29269305215,0.646833881579,0.642397828723,0.424321680721,2.16666666667,NaN,NaN,NaN,0.0266130334012,0.00516351118761,14,0.000101145107105,0.181979019504,NaN,NaN,NaN,NaN,NaN,0.557894736842,0.178947368421,0.252631578947,-52,-0.00582306830907,0.00010603431656,-1.09473684211,-1.26829268293,-0.519047619048,-0.820856973131,0.000638602978182,-0.000935079553938,-0.822926795775,-0.000684580346107,-0.000685307017544,-0.716717710359,-0.00153926200788,0.000659936076894,0.000270649747483,0.000149063239857,0,NaN,NaN,NaN,0.00398123772163,0.000930066978354,0,0,-0.0241801148203,-0.0105263157895,-0.0105263157895,0.0105263157895,512,0,52,8366,0.90780141844,1,0,0.0921985815603,1,0.90780141844,0.951672862454,0.949838782051,0.90780141844,0.90780141844,5,57,0,10,4,10
76,WLNM_dir_neg_kfold,0.770160049246,0.382368595845,00:00:10,10,90,16,16361,fixed,0.5,0.833333333333,0.0877192982456,0.15873015873,5,1,52,113,0.0877192982456,0.991228070175,0.00877192982456,0.912280701754,0.833333333333,0.0877192982456,0.15873015873,0.690058479532,0.654970760234,0.101694915254,0.202259958739,0.0789473684211,565,508,57,0,565,0,508,0,57,95,564,0.0631578947368,1.51383458647,11.8736842105,13.756097561,7.83333333333,8.97780016801,0.756109056703,0.427230309817,8.8855734454,1.49668347041,0.722807017544,7.68365289667,1.29423231416,0.646173945502,0.642127178975,0.424172617482,2.16666666667,NaN,NaN,NaN,0.0226317956796,0.00423344420925,14,0.000101145107105,0.206159134324,NaN,NaN,NaN,NaN,NaN,0.568421052632,0.189473684211,0.242105263158,95,513,0.0574468085106,1.54244564402,10.8,12.2142857143,7.32857142857,8.14835840405,0.754477630005,0.425033343593,8.05618567683,1.49188623645,0.720960295476,6.96251360822,1.28935437189,0.645819226429,0.66917438564,0.433839849224,2.22222222222,NaN,NaN,NaN,0.0266130334012,0.00516351118761,14,0.000101145107105,0.173797285319,NaN,NaN,NaN,NaN,NaN,0.547368421053,0.189473684211,0.252631578947,-51,-0.0057110862262,0.0286110575584,-1.07368421053,-1.54181184669,-0.504761904762,-0.829441763957,-0.00163142669808,-0.0021969662242,-0.829387768565,-0.0047972339623,-0.00184672206833,-0.721139288448,-0.0048779422624,-0.000354719073408,0.0270472066643,0.00966723174238,0.0555555555556,NaN,NaN,NaN,0.00398123772163,0.000930066978354,0,0,-0.032361849005,-0.0210526315789,0,0.0105263157895,512,1,52,8365,0.90780141844,0.999880468563,0.000119531436768,0.0921985815603,0.998050682261,0.90780141844,0.950789229341,0.948843976781,0.907681887003,0.906194690265,6,57,0,10,4,10
77,WLNM_dir_neg_kfold,0.731917513081,0.351550704611,00:00:10,10,90,17,16362,fixed,0.5,1,0.0877192982456,0.161290322581,5,0,52,114,0.0877192982456,1,0,0.912280701754,1,0.0877192982456,0.161290322581,0.695906432749,0.656920077973,0.113636363636,0.245440346837,0.0877192982456,565,508,57,0,565,0,508,0,57,95,564,0.0631578947368,1.51383458647,11.8736842105,13.756097561,7.83333333333,8.97780016801,0.756109056703,0.427230309817,8.8855734454,1.49668347041,0.722807017544,7.68365289667,1.29423231416,0.646173945502,0.642127178975,0.424172617482,2.16666666667,NaN,NaN,NaN,0.0226317956796,0.00423344420925,14,0.000101145107105,0.206159134324,NaN,NaN,NaN,NaN,NaN,0.568421052632,0.189473684211,0.242105263158,95,512,0.0573348264278,1.51394062078,10.7789473684,12.487804878,7.31428571429,8.15694319488,0.756747659681,0.426295230263,8.06264664962,1.49599889007,0.722121710526,6.96693518631,1.29269305215,0.646833881579,0.642397828723,0.424321680721,2.16666666667,NaN,NaN,NaN,0.0266130334012,0.00516351118761,14,0.000101145107105,0.181979019504,NaN,NaN,NaN,NaN,NaN,0.557894736842,0.178947368421,0.252631578947,-52,-0.00582306830907,0.00010603431656,-1.09473684211,-1.26829268293,-0.519047619048,-0.820856973131,0.000638602978182,-0.000935079553938,-0.822926795775,-0.000684580346107,-0.000685307017544,-0.716717710359,-0.00153926200788,0.000659936076894,0.000270649747483,0.000149063239857,0,NaN,NaN,NaN,0.00398123772163,0.000930066978354,0,0,-0.0241801148203,-0.0105263157895,-0.0105263157895,0.0105263157895,512,0,52,8366,0.90780141844,1,0,0.0921985815603,1,0.90780141844,0.951672862454,0.949838782051,0.90780141844,0.90780141844,5,57,0,10,4,10
78,WLNM_dir_neg_kfold,0.849646044937,0.513205106615,00:00:10,10,90,18,16363,fixed,0.5,1,0.0877192982456,0.161290322581,5,0,52,114,0.0877192982456,1,0,0.912280701754,1,0.0877192982456,0.161290322581,0.695906432749,0.656920077973,0.113636363636,0.245440346837,0.0877192982456,565,508,57,0,565,0,508,0,57,95,564,0.0631578947368,1.51383458647,11.8736842105,13.756097561,7.83333333333,8.97780016801,0.756109056703,0.427230309817,8.8855734454,1.49668347041,0.722807017544,7.68365289667,1.29423231416,0.646173945502,0.642127178975,0.424172617482,2.16666666667,NaN,NaN,NaN,0.0226317956796,0.00423344420925,14,0.000101145107105,0.206159134324,NaN,NaN,NaN,NaN,NaN,0.568421052632,0.189473684211,0.242105263158,95,512,0.0573348264278,1.51394062078,10.7789473684,12.487804878,7.31428571429,8.15694319488,0.756747659681,0.426295230263,8.06264664962,1.49599889007,0.722121710526,6.96693518631,1.29269305215,0.646833881579,0.642397828723,0.424321680721,2.16666666667,NaN,NaN,NaN,0.0266130334012,0.00516351118761,14,0.000101145107105,0.181979019504,NaN,NaN,NaN,NaN,NaN,0.557894736842,0.178947368421,0.252631578947,-52,-0.00582306830907,0.00010603431656,-1.09473684211,-1.26829268293,-0.519047619048,-0.820856973131,0.000638602978182,-0.000935079553938,-0.822926795775,-0.000684580346107,-0.000685307017544,-0.716717710359,-0.00153926200788,0.000659936076894,0.000270649747483,0.000149063239857,0,NaN,NaN,NaN,0.00398123772163,0.000930066978354,0,0,-0.0241801148203,-0.0105263157895,-0.0105263157895,0.0105263157895,512,0,52,8366,0.90780141844,1,0,0.0921985815603,1,0.90780141844,0.951672862454,0.949838782051,0.90780141844,0.90780141844,5,57,0,10,4,10
79,WLNM_dir_neg_kfold,0.87242228378,0.50546555429,00:00:10,10,90,19,16364,fixed,0.5,1,0.0877192982456,0.161290322581,5,0,52,114,0.0877192982456,1,0,0.912280701754,1,0.0877192982456,0.161290322581,0.695906432749,0.656920077973,0.113636363636,0.245440346837,0.0877192982456,565,508,57,0,565,0,508,0,57,95,564,0.0631578947368,1.51383458647,11.8736842105,13.756097561,7.83333333333,8.97780016801,0.756109056703,0.427230309817,8.8855734454,1.49668347041,0.722807017544,7.68365289667,1.29423231416,0.646173945502,0.642127178975,0.424172617482,2.16666666667,NaN,NaN,NaN,0.0226317956796,0.00423344420925,14,0.000101145107105,0.206159134324,NaN,NaN,NaN,NaN,NaN,0.568421052632,0.189473684211,0.242105263158,95,512,0.0573348264278,1.51394062078,10.7789473684,12.487804878,7.31428571429,8.15694319488,0.756747659681,0.426295230263,8.06264664962,1.49599889007,0.722121710526,6.96693518631,1.29269305215,0.646833881579,0.642397828723,0.424321680721,2.16666666667,NaN,NaN,NaN,0.0266130334012,0.00516351118761,14,0.000101145107105,0.181979019504,NaN,NaN,NaN,NaN,NaN,0.557894736842,0.178947368421,0.252631578947,-52,-0.00582306830907,0.00010603431656,-1.09473684211,-1.26829268293,-0.519047619048,-0.820856973131,0.000638602978182,-0.000935079553938,-0.822926795775,-0.000684580346107,-0.000685307017544,-0.716717710359,-0.00153926200788,0.000659936076894,0.000270649747483,0.000149063239857,0,NaN,NaN,NaN,0.00398123772163,0.000930066978354,0,0,-0.0241801148203,-0.0105263157895,-0.0105263157895,0.0105263157895,512,0,52,8366,0.90780141844,1,0,0.0921985815603,1,0.90780141844,0.951672862454,0.949838782051,0.90780141844,0.90780141844,5,57,0,10,4,10
80,WLNM_dir_neg_kfold,0.740843336411,0.357844857866,00:00:10,10,90,20,16365,fixed,0.5,1,0.0877192982456,0.161290322581,5,0,52,114,0.0877192982456,1,0,0.912280701754,1,0.0877192982456,0.161290322581,0.695906432749,0.656920077973,0.113636363636,0.245440346837,0.0877192982456,565,508,57,0,565,0,508,0,57,95,564,0.0631578947368,1.51383458647,11.8736842105,13.756097561,7.83333333333,8.97780016801,0.756109056703,0.427230309817,8.8855734454,1.49668347041,0.722807017544,7.68365289667,1.29423231416,0.646173945502,0.642127178975,0.424172617482,2.16666666667,NaN,NaN,NaN,0.0226317956796,0.00423344420925,14,0.000101145107105,0.206159134324,NaN,NaN,NaN,NaN,NaN,0.568421052632,0.189473684211,0.242105263158,95,512,0.0573348264278,1.51394062078,10.7789473684,12.487804878,7.31428571429,8.15694319488,0.756747659681,0.426295230263,8.06264664962,1.49599889007,0.722121710526,6.96693518631,1.29269305215,0.646833881579,0.642397828723,0.424321680721,2.16666666667,NaN,NaN,NaN,0.0266130334012,0.00516351118761,14,0.000101145107105,0.181979019504,NaN,NaN,NaN,NaN,NaN,0.557894736842,0.178947368421,0.252631578947,-52,-0.00582306830907,0.00010603431656,-1.09473684211,-1.26829268293,-0.519047619048,-0.820856973131,0.000638602978182,-0.000935079553938,-0.822926795775,-0.000684580346107,-0.000685307017544,-0.716717710359,-0.00153926200788,0.000659936076894,0.000270649747483,0.000149063239857,0,NaN,NaN,NaN,0.00398123772163,0.000930066978354,0,0,-0.0241801148203,-0.0105263157895,-0.0105263157895,0.0105263157895,512,0,52,8366,0.90780141844,1,0,0.0921985815603,1,0.90780141844,0.951672862454,0.949838782051,0.90780141844,0.90780141844,5,57,0,10,4,10
81,WLNM_dir_neg_kfold,0.799186862245,0.501142152073,00:00:10,10,90,1,17346,fixed,0.5,0.857142857143,0.107142857143,0.190476190476,6,1,50,111,0.107142857143,0.991071428571,0.00892857142857,0.892857142857,0.857142857143,0.107142857143,0.190476190476,0.696428571429,0.652777777778,0.125714285714,0.231694502529,0.0982142857143,565,509,56,0,565,0,509,0,56,95,564,0.0631578947368,1.51383458647,11.8736842105,13.756097561,7.83333333333,8.97780016801,0.756109056703,0.427230309817,8.8855734454,1.49668347041,0.722807017544,7.68365289667,1.29423231416,0.646173945502,0.642127178975,0.424172617482,2.16666666667,NaN,NaN,NaN,0.0226317956796,0.00423344420925,14,0.000101145107105,0.206159134324,NaN,NaN,NaN,NaN,NaN,0.568421052632,0.189473684211,0.242105263158,95,515,0.0576707726764,1.51714125056,10.8421052632,12.5609756098,7.46376811594,8.07585815145,0.74486070329,0.422667347982,7.97279809844,1.47071032884,0.716198262647,7.00543701823,1.29226508103,0.647848748084,0.64871889225,0.427592942983,2.2,NaN,NaN,NaN,0.0237764152112,0.00442586673224,12,8.66958060904e-05,0.184055975056,NaN,NaN,NaN,NaN,NaN,0.536842105263,0.189473684211,0.242105263158,-49,-0.00548712206047,0.00330666409614,-1.03157894737,-1.19512195122,-0.369565217391,-0.901942016552,-0.0112483534132,-0.00456296183549,-0.912775346957,-0.0259731415741,-0.00660875489695,-0.678215878443,-0.0019672331232,0.00167480258175,0.00659171327406,0.00342032550189,0.0333333333333,NaN,NaN,NaN,0.00114461953162,0.000192422522982,-2,-1.44493010151e-05,-0.0221031592687,-0.0315789473684,0,0,514,1,50,8365,0.91134751773,0.999880468563,0.000119531436768,0.0886524822695,0.998058252427,0.91134751773,0.952734012975,0.950812444103,0.911227986294,0.909734513274,7,56,0,10,5,10
82,WLNM_dir_neg_kfold,0.801737882653,0.455789554203,00:00:10,10,90,2,17347,fixed,0.5,0.857142857143,0.107142857143,0.190476190476,6,1,50,111,0.107142857143,0.991071428571,0.00892857142857,0.892857142857,0.857142857143,0.107142857143,0.190476190476,0.696428571429,0.652777777778,0.125714285714,0.231694502529,0.0982142857143,565,509,56,0,565,0,509,0,56,95,564,0.0631578947368,1.51383458647,11.8736842105,13.756097561,7.83333333333,8.97780016801,0.756109056703,0.427230309817,8.8855734454,1.49668347041,0.722807017544,7.68365289667,1.29423231416,0.646173945502,0.642127178975,0.424172617482,2.16666666667,NaN,NaN,NaN,0.0226317956796,0.00423344420925,14,0.000101145107105,0.206159134324,NaN,NaN,NaN,NaN,NaN,0.568421052632,0.189473684211,0.242105263158,95,515,0.0576707726764,1.51466036887,10.8421052632,12.5609756098,7.46376811594,8.0942792899,0.74655974033,0.423546244251,7.97946693064,1.47194050177,0.716566172713,7.00543701823,1.29226508103,0.647848748084,0.6421382176,0.423948649346,2.2,NaN,NaN,NaN,0.0245836494212,0.00699558173785,19,0.000137268359643,0.18387258849,NaN,NaN,NaN,NaN,NaN,0.536842105263,0.189473684211,0.242105263158,-49,-0.00548712206047,0.000825782404729,-1.03157894737,-1.19512195122,-0.369565217391,-0.88352087811,-0.00954931637246,-0.00368406556569,-0.906106514755,-0.0247429686436,-0.00624084483052,-0.678215878443,-0.0019672331232,0.00167480258175,1.1038624837e-05,-0.00022396813584,0.0333333333333,NaN,NaN,NaN,0.0019518537416,0.0027621375286,5,3.61232525377e-05,-0.0222865458341,-0.0315789473684,0,0,514,1,50,8365,0.91134751773,0.999880468563,0.000119531436768,0.0886524822695,0.998058252427,0.91134751773,0.952734012975,0.950812444103,0.911227986294,0.909734513274,7,56,0,10,5,10
83,WLNM_dir_neg_kfold,0.850207270408,0.491596813105,00:00:10,10,90,3,17348,fixed,0.5,1,0.107142857143,0.193548387097,6,0,50,112,0.107142857143,1,0,0.892857142857,1,0.107142857143,0.193548387097,0.702380952381,0.654761904762,0.137931034483,0.272165526976,0.107142857143,565,509,56,0,565,0,509,0,56,95,564,0.0631578947368,1.51383458647,11.8736842105,13.756097561,7.83333333333,8.97780016801,0.756109056703,0.427230309817,8.8855734454,1.49668347041,0.722807017544,7.68365289667,1.29423231416,0.646173945502,0.642127178975,0.424172617482,2.16666666667,NaN,NaN,NaN,0.0226317956796,0.00423344420925,14,0.000101145107105,0.206159134324,NaN,NaN,NaN,NaN,NaN,0.568421052632,0.189473684211,0.242105263158,95,514,0.0575587905935,1.51349077823,10.8210526316,12.5365853659,7.55882352941,8.08199857757,0.746877300456,0.42373540856,7.97535397312,1.47404402227,0.717059184927,7.01289805157,1.29615820019,0.64996928118,0.641140699053,0.423617182395,2.2,NaN,NaN,NaN,0.0208368547716,0.00406504065041,11,7.94711555828e-05,0.184612740445,NaN,NaN,NaN,NaN,NaN,0.536842105263,0.178947368421,0.252631578947,-50,-0.00559910414334,-0.000343808238545,-1.05263157895,-1.21951219512,-0.274509803922,-0.895801590437,-0.00923175624636,-0.00349490125678,-0.910219472271,-0.0226394481423,-0.00574783261656,-0.670754845098,0.00192588603791,0.00379533567755,-0.000986479921986,-0.000555435086638,0.0333333333333,NaN,NaN,NaN,-0.00179494090794,-0.000168403558847,-3,-2.16739515226e-05,-0.0215463938797,-0.0315789473684,-0.0105263157895,0.0105263157895,514,0,50,8366,0.91134751773,1,0,0.0886524822695,1,0.91134751773,0.953617810761,0.951805202349,0.91134751773,0.91134751773,6,56,0,10,5,10
84,WLNM_dir_neg_kfold,0.785634566327,0.437351979814,00:00:10,10,90,4,17349,fixed,0.5,1,0.107142857143,0.193548387097,6,0,50,112,0.107142857143,1,0,0.892857142857,1,0.107142857143,0.193548387097,0.702380952381,0.654761904762,0.137931034483,0.272165526976,0.107142857143,565,509,56,0,565,0,509,0,56,95,564,0.0631578947368,1.51383458647,11.8736842105,13.756097561,7.83333333333,8.97780016801,0.756109056703,0.427230309817,8.8855734454,1.49668347041,0.722807017544,7.68365289667,1.29423231416,0.646173945502,0.642127178975,0.424172617482,2.16666666667,NaN,NaN,NaN,0.0226317956796,0.00423344420925,14,0.000101145107105,0.206159134324,NaN,NaN,NaN,NaN,NaN,0.568421052632,0.189473684211,0.242105263158,95,514,0.0575587905935,1.51349077823,10.8210526316,12.5365853659,7.55882352941,8.08199857757,0.746877300456,0.42373540856,7.97535397312,1.47404402227,0.717059184927,7.01289805157,1.29615820019,0.64996928118,0.641140699053,0.423617182395,2.2,NaN,NaN,NaN,0.0208368547716,0.00406504065041,11,7.94711555828e-05,0.184612740445,NaN,NaN,NaN,NaN,NaN,0.536842105263,0.178947368421,0.252631578947,-50,-0.00559910414334,-0.000343808238545,-1.05263157895,-1.21951219512,-0.274509803922,-0.895801590437,-0.00923175624636,-0.00349490125678,-0.910219472271,-0.0226394481423,-0.00574783261656,-0.670754845098,0.00192588603791,0.00379533567755,-0.000986479921986,-0.000555435086638,0.0333333333333,NaN,NaN,NaN,-0.00179494090794,-0.000168403558847,-3,-2.16739515226e-05,-0.0215463938797,-0.0315789473684,-0.0105263157895,0.0105263157895,514,0,50,8366,0.91134751773,1,0,0.0886524822695,1,0.91134751773,0.953617810761,0.951805202349,0.91134751773,0.91134751773,6,56,0,10,5,10
85,WLNM_dir_neg_kfold,0.768176020408,0.421878189118,00:00:10,10,90,5,17350,fixed,0.5,1,0.107142857143,0.193548387097,6,0,50,112,0.107142857143,1,0,0.892857142857,1,0.107142857143,0.193548387097,0.702380952381,0.654761904762,0.137931034483,0.272165526976,0.107142857143,565,509,56,0,565,0,509,0,56,95,564,0.0631578947368,1.51383458647,11.8736842105,13.756097561,7.83333333333,8.97780016801,0.756109056703,0.427230309817,8.8855734454,1.49668347041,0.722807017544,7.68365289667,1.29423231416,0.646173945502,0.642127178975,0.424172617482,2.16666666667,NaN,NaN,NaN,0.0226317956796,0.00423344420925,14,0.000101145107105,0.206159134324,NaN,NaN,NaN,NaN,NaN,0.568421052632,0.189473684211,0.242105263158,95,514,0.0575587905935,1.51349077823,10.8210526316,12.5365853659,7.55882352941,8.08199857757,0.746877300456,0.42373540856,7.97535397312,1.47404402227,0.717059184927,7.01289805157,1.29615820019,0.64996928118,0.641140699053,0.423617182395,2.2,NaN,NaN,NaN,0.0208368547716,0.00406504065041,11,7.94711555828e-05,0.184612740445,NaN,NaN,NaN,NaN,NaN,0.536842105263,0.178947368421,0.252631578947,-50,-0.00559910414334,-0.000343808238545,-1.05263157895,-1.21951219512,-0.274509803922,-0.895801590437,-0.00923175624636,-0.00349490125678,-0.910219472271,-0.0226394481423,-0.00574783261656,-0.670754845098,0.00192588603791,0.00379533567755,-0.000986479921986,-0.000555435086638,0.0333333333333,NaN,NaN,NaN,-0.00179494090794,-0.000168403558847,-3,-2.16739515226e-05,-0.0215463938797,-0.0315789473684,-0.0105263157895,0.0105263157895,514,0,50,8366,0.91134751773,1,0,0.0886524822695,1,0.91134751773,0.953617810761,0.951805202349,0.91134751773,0.91134751773,6,56,0,10,5,10
86,WLNM_dir_neg_kfold,0.751116071429,0.404852997831,00:00:10,10,90,6,17351,fixed,0.5,0.857142857143,0.107142857143,0.190476190476,6,1,50,111,0.107142857143,0.991071428571,0.00892857142857,0.892857142857,0.857142857143,0.107142857143,0.190476190476,0.696428571429,0.652777777778,0.125714285714,0.231694502529,0.0982142857143,565,509,56,0,565,0,509,0,56,95,564,0.0631578947368,1.51383458647,11.8736842105,13.756097561,7.83333333333,8.97780016801,0.756109056703,0.427230309817,8.8855734454,1.49668347041,0.722807017544,7.68365289667,1.29423231416,0.646173945502,0.642127178975,0.424172617482,2.16666666667,NaN,NaN,NaN,0.0226317956796,0.00423344420925,14,0.000101145107105,0.206159134324,NaN,NaN,NaN,NaN,NaN,0.568421052632,0.189473684211,0.242105263158,95,515,0.0576707726764,1.57381466487,10.8421052632,12.2619047619,7.57352941176,8.08902038815,0.746074695994,0.423423607563,7.96879412027,1.46997173092,0.715912110373,7.00695543101,1.29254517659,0.648625447113,0.739535924613,0.469900262796,2.5,NaN,NaN,NaN,0.0220868547716,0.00442043222004,12,8.66958060904e-05,0.176015230931,NaN,NaN,NaN,NaN,NaN,0.526315789474,0.189473684211,0.252631578947,-49,-0.00548712206047,0.0599800784011,-1.03157894737,-1.49419279907,-0.259803921569,-0.888779779859,-0.0100343607085,-0.0038067022545,-0.916779325126,-0.0267117394889,-0.00689490717084,-0.676697465665,-0.00168713756221,0.00245150161088,0.0974087456378,0.0457276453144,0.333333333333,NaN,NaN,NaN,-0.000544940907944,0.000186988010786,-2,-1.44493010151e-05,-0.0301439033937,-0.0421052631579,0,0.0105263157895,514,1,50,8365,0.91134751773,0.999880468563,0.000119531436768,0.0886524822695,0.998058252427,0.91134751773,0.952734012975,0.950812444103,0.911227986294,0.909734513274,7,56,0,10,5,10
87,WLNM_dir_neg_kfold,0.82102997449,0.481991352733,00:00:10,10,90,7,17352,fixed,0.5,1,0.107142857143,0.193548387097,6,0,50,112,0.107142857143,1,0,0.892857142857,1,0.107142857143,0.193548387097,0.702380952381,0.654761904762,0.137931034483,0.272165526976,0.107142857143,565,509,56,0,565,0,509,0,56,95,564,0.0631578947368,1.51383458647,11.8736842105,13.756097561,7.83333333333,8.97780016801,0.756109056703,0.427230309817,8.8855734454,1.49668347041,0.722807017544,7.68365289667,1.29423231416,0.646173945502,0.642127178975,0.424172617482,2.16666666667,NaN,NaN,NaN,0.0226317956796,0.00423344420925,14,0.000101145107105,0.206159134324,NaN,NaN,NaN,NaN,NaN,0.568421052632,0.189473684211,0.242105263158,95,514,0.0575587905935,1.51349077823,10.8210526316,12.5365853659,7.55882352941,8.08199857757,0.746877300456,0.42373540856,7.97535397312,1.47404402227,0.717059184927,7.01289805157,1.29615820019,0.64996928118,0.641140699053,0.423617182395,2.2,NaN,NaN,NaN,0.0208368547716,0.00406504065041,11,7.94711555828e-05,0.184612740445,NaN,NaN,NaN,NaN,NaN,0.536842105263,0.178947368421,0.252631578947,-50,-0.00559910414334,-0.000343808238545,-1.05263157895,-1.21951219512,-0.274509803922,-0.895801590437,-0.00923175624636,-0.00349490125678,-0.910219472271,-0.0226394481423,-0.00574783261656,-0.670754845098,0.00192588603791,0.00379533567755,-0.000986479921986,-0.000555435086638,0.0333333333333,NaN,NaN,NaN,-0.00179494090794,-0.000168403558847,-3,-2.16739515226e-05,-0.0215463938797,-0.0315789473684,-0.0105263157895,0.0105263157895,514,0,50,8366,0.91134751773,1,0,0.0886524822695,1,0.91134751773,0.953617810761,0.951805202349,0.91134751773,0.91134751773,6,56,0,10,5,10
88,WLNM_dir_neg_kfold,0.836096938776,0.539493889802,00:00:10,10,90,8,17353,fixed,0.5,1,0.107142857143,0.193548387097,6,0,50,112,0.107142857143,1,0,0.892857142857,1,0.107142857143,0.193548387097,0.702380952381,0.654761904762,0.137931034483,0.272165526976,0.107142857143,565,509,56,0,565,0,509,0,56,95,564,0.0631578947368,1.51383458647,11.8736842105,13.756097561,7.83333333333,8.97780016801,0.756109056703,0.427230309817,8.8855734454,1.49668347041,0.722807017544,7.68365289667,1.29423231416,0.646173945502,0.642127178975,0.424172617482,2.16666666667,NaN,NaN,NaN,0.0226317956796,0.00423344420925,14,0.000101145107105,0.206159134324,NaN,NaN,NaN,NaN,NaN,0.568421052632,0.189473684211,0.242105263158,95,514,0.0575587905935,1.51349077823,10.8210526316,12.5365853659,7.55882352941,8.08199857757,0.746877300456,0.42373540856,7.97535397312,1.47404402227,0.717059184927,7.01289805157,1.29615820019,0.64996928118,0.641140699053,0.423617182395,2.2,NaN,NaN,NaN,0.0208368547716,0.00406504065041,11,7.94711555828e-05,0.184612740445,NaN,NaN,NaN,NaN,NaN,0.536842105263,0.178947368421,0.252631578947,-50,-0.00559910414334,-0.000343808238545,-1.05263157895,-1.21951219512,-0.274509803922,-0.895801590437,-0.00923175624636,-0.00349490125678,-0.910219472271,-0.0226394481423,-0.00574783261656,-0.670754845098,0.00192588603791,0.00379533567755,-0.000986479921986,-0.000555435086638,0.0333333333333,NaN,NaN,NaN,-0.00179494090794,-0.000168403558847,-3,-2.16739515226e-05,-0.0215463938797,-0.0315789473684,-0.0105263157895,0.0105263157895,514,0,50,8366,0.91134751773,1,0,0.0886524822695,1,0.91134751773,0.953617810761,0.951805202349,0.91134751773,0.91134751773,6,56,0,10,5,10
89,WLNM_dir_neg_kfold,0.797751913265,0.499629398361,00:00:10,10,90,9,17354,fixed,0.5,1,0.107142857143,0.193548387097,6,0,50,112,0.107142857143,1,0,0.892857142857,1,0.107142857143,0.193548387097,0.702380952381,0.654761904762,0.137931034483,0.272165526976,0.107142857143,565,509,56,0,565,0,509,0,56,95,564,0.0631578947368,1.51383458647,11.8736842105,13.756097561,7.83333333333,8.97780016801,0.756109056703,0.427230309817,8.8855734454,1.49668347041,0.722807017544,7.68365289667,1.29423231416,0.646173945502,0.642127178975,0.424172617482,2.16666666667,NaN,NaN,NaN,0.0226317956796,0.00423344420925,14,0.000101145107105,0.206159134324,NaN,NaN,NaN,NaN,NaN,0.568421052632,0.189473684211,0.242105263158,95,514,0.0575587905935,1.51349077823,10.8210526316,12.5365853659,7.55882352941,8.08199857757,0.746877300456,0.42373540856,7.97535397312,1.47404402227,0.717059184927,7.01289805157,1.29615820019,0.64996928118,0.641140699053,0.423617182395,2.2,NaN,NaN,NaN,0.0208368547716,0.00406504065041,11,7.94711555828e-05,0.184612740445,NaN,NaN,NaN,NaN,NaN,0.536842105263,0.178947368421,0.252631578947,-50,-0.00559910414334,-0.000343808238545,-1.05263157895,-1.21951219512,-0.274509803922,-0.895801590437,-0.00923175624636,-0.00349490125678,-0.910219472271,-0.0226394481423,-0.00574783261656,-0.670754845098,0.00192588603791,0.00379533567755,-0.000986479921986,-0.000555435086638,0.0333333333333,NaN,NaN,NaN,-0.00179494090794,-0.000168403558847,-3,-2.16739515226e-05,-0.0215463938797,-0.0315789473684,-0.0105263157895,0.0105263157895,514,0,50,8366,0.91134751773,1,0,0.0886524822695,1,0.91134751773,0.953617810761,0.951805202349,0.91134751773,0.91134751773,6,56,0,10,5,10
90,WLNM_dir_neg_kfold,0.798150510204,0.484978556894,00:00:10,10,90,10,17355,fixed,0.5,0.857142857143,0.107142857143,0.190476190476,6,1,50,111,0.107142857143,0.991071428571,0.00892857142857,0.892857142857,0.857142857143,0.107142857143,0.190476190476,0.696428571429,0.652777777778,0.125714285714,0.231694502529,0.0982142857143,565,509,56,0,565,0,509,0,56,95,564,0.0631578947368,1.51383458647,11.8736842105,13.756097561,7.83333333333,8.97780016801,0.756109056703,0.427230309817,8.8855734454,1.49668347041,0.722807017544,7.68365289667,1.29423231416,0.646173945502,0.642127178975,0.424172617482,2.16666666667,NaN,NaN,NaN,0.0226317956796,0.00423344420925,14,0.000101145107105,0.206159134324,NaN,NaN,NaN,NaN,NaN,0.568421052632,0.189473684211,0.242105263158,95,515,0.0576707726764,1.51466036887,10.8421052632,12.5609756098,7.46376811594,8.0942792899,0.74655974033,0.423546244251,7.97946693064,1.47194050177,0.716566172713,7.00543701823,1.29226508103,0.647848748084,0.6421382176,0.423948649346,2.2,NaN,NaN,NaN,0.0245836494212,0.00699558173785,19,0.000137268359643,0.18387258849,NaN,NaN,NaN,NaN,NaN,0.536842105263,0.189473684211,0.242105263158,-49,-0.00548712206047,0.000825782404729,-1.03157894737,-1.19512195122,-0.369565217391,-0.88352087811,-0.00954931637246,-0.00368406556569,-0.906106514755,-0.0247429686436,-0.00624084483052,-0.678215878443,-0.0019672331232,0.00167480258175,1.1038624837e-05,-0.00022396813584,0.0333333333333,NaN,NaN,NaN,0.0019518537416,0.0027621375286,5,3.61232525377e-05,-0.0222865458341,-0.0315789473684,0,0,514,1,50,8365,0.91134751773,0.999880468563,0.000119531436768,0.0886524822695,0.998058252427,0.91134751773,0.952734012975,0.950812444103,0.911227986294,0.909734513274,7,56,0,10,5,10
91,WLNM_dir_neg_kfold,0.651865433673,0.346823046397,00:00:10,10,90,11,17356,fixed,0.5,1,0.107142857143,0.193548387097,6,0,50,112,0.107142857143,1,0,0.892857142857,1,0.107142857143,0.193548387097,0.702380952381,0.654761904762,0.137931034483,0.272165526976,0.107142857143,565,509,56,0,565,0,509,0,56,95,564,0.0631578947368,1.51383458647,11.8736842105,13.756097561,7.83333333333,8.97780016801,0.756109056703,0.427230309817,8.8855734454,1.49668347041,0.722807017544,7.68365289667,1.29423231416,0.646173945502,0.642127178975,0.424172617482,2.16666666667,NaN,NaN,NaN,0.0226317956796,0.00423344420925,14,0.000101145107105,0.206159134324,NaN,NaN,NaN,NaN,NaN,0.568421052632,0.189473684211,0.242105263158,95,514,0.0575587905935,1.51349077823,10.8210526316,12.5365853659,7.55882352941,8.08199857757,0.746877300456,0.42373540856,7.97535397312,1.47404402227,0.717059184927,7.01289805157,1.29615820019,0.64996928118,0.641140699053,0.423617182395,2.2,NaN,NaN,NaN,0.0208368547716,0.00406504065041,11,7.94711555828e-05,0.184612740445,NaN,NaN,NaN,NaN,NaN,0.536842105263,0.178947368421,0.252631578947,-50,-0.00559910414334,-0.000343808238545,-1.05263157895,-1.21951219512,-0.274509803922,-0.895801590437,-0.00923175624636,-0.00349490125678,-0.910219472271,-0.0226394481423,-0.00574783261656,-0.670754845098,0.00192588603791,0.00379533567755,-0.000986479921986,-0.000555435086638,0.0333333333333,NaN,NaN,NaN,-0.00179494090794,-0.000168403558847,-3,-2.16739515226e-05,-0.0215463938797,-0.0315789473684,-0.0105263157895,0.0105263157895,514,0,50,8366,0.91134751773,1,0,0.0886524822695,1,0.91134751773,0.953617810761,0.951805202349,0.91134751773,0.91134751773,6,56,0,10,5,10
92,WLNM_dir_neg_kfold,0.936623086735,0.690063075431,00:00:10,10,90,12,17357,fixed,0.5,1,0.107142857143,0.193548387097,6,0,50,112,0.107142857143,1,0,0.892857142857,1,0.107142857143,0.193548387097,0.702380952381,0.654761904762,0.137931034483,0.272165526976,0.107142857143,565,509,56,0,565,0,509,0,56,95,564,0.0631578947368,1.51383458647,11.8736842105,13.756097561,7.83333333333,8.97780016801,0.756109056703,0.427230309817,8.8855734454,1.49668347041,0.722807017544,7.68365289667,1.29423231416,0.646173945502,0.642127178975,0.424172617482,2.16666666667,NaN,NaN,NaN,0.0226317956796,0.00423344420925,14,0.000101145107105,0.206159134324,NaN,NaN,NaN,NaN,NaN,0.568421052632,0.189473684211,0.242105263158,95,514,0.0575587905935,1.51349077823,10.8210526316,12.5365853659,7.55882352941,8.08199857757,0.746877300456,0.42373540856,7.97535397312,1.47404402227,0.717059184927,7.01289805157,1.29615820019,0.64996928118,0.641140699053,0.423617182395,2.2,NaN,NaN,NaN,0.0208368547716,0.00406504065041,11,7.94711555828e-05,0.184612740445,NaN,NaN,NaN,NaN,NaN,0.536842105263,0.178947368421,0.252631578947,-50,-0.00559910414334,-0.000343808238545,-1.05263157895,-1.21951219512,-0.274509803922,-0.895801590437,-0.00923175624636,-0.00349490125678,-0.910219472271,-0.0226394481423,-0.00574783261656,-0.670754845098,0.00192588603791,0.00379533567755,-0.000986479921986,-0.000555435086638,0.0333333333333,NaN,NaN,NaN,-0.00179494090794,-0.000168403558847,-3,-2.16739515226e-05,-0.0215463938797,-0.0315789473684,-0.0105263157895,0.0105263157895,514,0,50,8366,0.91134751773,1,0,0.0886524822695,1,0.91134751773,0.953617810761,0.951805202349,0.91134751773,0.91134751773,6,56,0,10,5,10
93,WLNM_dir_neg_kfold,0.386160714286,0.256604068671,00:00:10,10,90,13,17358,fixed,0.5,0.857142857143,0.107142857143,0.190476190476,6,1,50,111,0.107142857143,0.991071428571,0.00892857142857,0.892857142857,0.857142857143,0.107142857143,0.190476190476,0.696428571429,0.652777777778,0.125714285714,0.231694502529,0.0982142857143,565,509,56,0,565,0,509,0,56,95,564,0.0631578947368,1.51383458647,11.8736842105,13.756097561,7.83333333333,8.97780016801,0.756109056703,0.427230309817,8.8855734454,1.49668347041,0.722807017544,7.68365289667,1.29423231416,0.646173945502,0.642127178975,0.424172617482,2.16666666667,NaN,NaN,NaN,0.0226317956796,0.00423344420925,14,0.000101145107105,0.206159134324,NaN,NaN,NaN,NaN,NaN,0.568421052632,0.189473684211,0.242105263158,95,515,0.0576707726764,1.5148065677,10.8421052632,12.5609756098,7.46376811594,8.07454074773,0.744739195179,0.422708226878,7.97813361015,1.47169454945,0.716443536025,7.00543701823,1.29226508103,0.647848748084,0.642277025256,0.423999366619,2.2,NaN,NaN,NaN,0.0259161092319,0.00627074880118,17,0.000122819058628,0.183937083514,NaN,NaN,NaN,NaN,NaN,0.536842105263,0.189473684211,0.242105263158,-49,-0.00548712206047,0.000971981235139,-1.03157894737,-1.19512195122,-0.369565217391,-0.903259420282,-0.0113698615242,-0.00452208293922,-0.907439835243,-0.0249889209667,-0.00636348151933,-0.678215878443,-0.0019672331232,0.00167480258175,0.000149846280544,-0.000173250862324,0.0333333333333,NaN,NaN,NaN,0.00328431355232,0.00203730459193,3,2.16739515226e-05,-0.0222220508102,-0.0315789473684,0,0,514,1,50,8365,0.91134751773,0.999880468563,0.000119531436768,0.0886524822695,0.998058252427,0.91134751773,0.952734012975,0.950812444103,0.911227986294,0.909734513274,7,56,0,10,5,10
94,WLNM_dir_neg_kfold,0.79225127551,0.442340201726,00:00:10,10,90,14,17359,fixed,0.5,1,0.107142857143,0.193548387097,6,0,50,112,0.107142857143,1,0,0.892857142857,1,0.107142857143,0.193548387097,0.702380952381,0.654761904762,0.137931034483,0.272165526976,0.107142857143,565,509,56,0,565,0,509,0,56,95,564,0.0631578947368,1.51383458647,11.8736842105,13.756097561,7.83333333333,8.97780016801,0.756109056703,0.427230309817,8.8855734454,1.49668347041,0.722807017544,7.68365289667,1.29423231416,0.646173945502,0.642127178975,0.424172617482,2.16666666667,NaN,NaN,NaN,0.0226317956796,0.00423344420925,14,0.000101145107105,0.206159134324,NaN,NaN,NaN,NaN,NaN,0.568421052632,0.189473684211,0.242105263158,95,514,0.0575587905935,1.51349077823,10.8210526316,12.5365853659,7.55882352941,8.08199857757,0.746877300456,0.42373540856,7.97535397312,1.47404402227,0.717059184927,7.01289805157,1.29615820019,0.64996928118,0.641140699053,0.423617182395,2.2,NaN,NaN,NaN,0.0208368547716,0.00406504065041,11,7.94711555828e-05,0.184612740445,NaN,NaN,NaN,NaN,NaN,0.536842105263,0.178947368421,0.252631578947,-50,-0.00559910414334,-0.000343808238545,-1.05263157895,-1.21951219512,-0.274509803922,-0.895801590437,-0.00923175624636,-0.00349490125678,-0.910219472271,-0.0226394481423,-0.00574783261656,-0.670754845098,0.00192588603791,0.00379533567755,-0.000986479921986,-0.000555435086638,0.0333333333333,NaN,NaN,NaN,-0.00179494090794,-0.000168403558847,-3,-2.16739515226e-05,-0.0215463938797,-0.0315789473684,-0.0105263157895,0.0105263157895,514,0,50,8366,0.91134751773,1,0,0.0886524822695,1,0.91134751773,0.953617810761,0.951805202349,0.91134751773,0.91134751773,6,56,0,10,5,10
95,WLNM_dir_neg_kfold,0.871412627551,0.528522067868,00:00:10,10,90,15,17360,fixed,0.5,1,0.107142857143,0.193548387097,6,0,50,112,0.107142857143,1,0,0.892857142857,1,0.107142857143,0.193548387097,0.702380952381,0.654761904762,0.137931034483,0.272165526976,0.107142857143,565,509,56,0,565,0,509,0,56,95,564,0.0631578947368,1.51383458647,11.8736842105,13.756097561,7.83333333333,8.97780016801,0.756109056703,0.427230309817,8.8855734454,1.49668347041,0.722807017544,7.68365289667,1.29423231416,0.646173945502,0.642127178975,0.424172617482,2.16666666667,NaN,NaN,NaN,0.0226317956796,0.00423344420925,14,0.000101145107105,0.206159134324,NaN,NaN,NaN,NaN,NaN,0.568421052632,0.189473684211,0.242105263158,95,514,0.0575587905935,1.51349077823,10.8210526316,12.5365853659,7.55882352941,8.08199857757,0.746877300456,0.42373540856,7.97535397312,1.47404402227,0.717059184927,7.01289805157,1.29615820019,0.64996928118,0.641140699053,0.423617182395,2.2,NaN,NaN,NaN,0.0208368547716,0.00406504065041,11,7.94711555828e-05,0.184612740445,NaN,NaN,NaN,NaN,NaN,0.536842105263,0.178947368421,0.252631578947,-50,-0.00559910414334,-0.000343808238545,-1.05263157895,-1.21951219512,-0.274509803922,-0.895801590437,-0.00923175624636,-0.00349490125678,-0.910219472271,-0.0226394481423,-0.00574783261656,-0.670754845098,0.00192588603791,0.00379533567755,-0.000986479921986,-0.000555435086638,0.0333333333333,NaN,NaN,NaN,-0.00179494090794,-0.000168403558847,-3,-2.16739515226e-05,-0.0215463938797,-0.0315789473684,-0.0105263157895,0.0105263157895,514,0,50,8366,0.91134751773,1,0,0.0886524822695,1,0.91134751773,0.953617810761,0.951805202349,0.91134751773,0.91134751773,6,56,0,10,5,10
96,WLNM_dir_neg_kfold,0.796316964286,0.441336572259,00:00:10,10,90,16,17361,fixed,0.5,1,0.107142857143,0.193548387097,6,0,50,112,0.107142857143,1,0,0.892857142857,1,0.107142857143,0.193548387097,0.702380952381,0.654761904762,0.137931034483,0.272165526976,0.107142857143,565,509,56,0,565,0,509,0,56,95,564,0.0631578947368,1.51383458647,11.8736842105,13.756097561,7.83333333333,8.97780016801,0.756109056703,0.427230309817,8.8855734454,1.49668347041,0.722807017544,7.68365289667,1.29423231416,0.646173945502,0.642127178975,0.424172617482,2.16666666667,NaN,NaN,NaN,0.0226317956796,0.00423344420925,14,0.000101145107105,0.206159134324,NaN,NaN,NaN,NaN,NaN,0.568421052632,0.189473684211,0.242105263158,95,514,0.0575587905935,1.51349077823,10.8210526316,12.5365853659,7.55882352941,8.08199857757,0.746877300456,0.42373540856,7.97535397312,1.47404402227,0.717059184927,7.01289805157,1.29615820019,0.64996928118,0.641140699053,0.423617182395,2.2,NaN,NaN,NaN,0.0208368547716,0.00406504065041,11,7.94711555828e-05,0.184612740445,NaN,NaN,NaN,NaN,NaN,0.536842105263,0.178947368421,0.252631578947,-50,-0.00559910414334,-0.000343808238545,-1.05263157895,-1.21951219512,-0.274509803922,-0.895801590437,-0.00923175624636,-0.00349490125678,-0.910219472271,-0.0226394481423,-0.00574783261656,-0.670754845098,0.00192588603791,0.00379533567755,-0.000986479921986,-0.000555435086638,0.0333333333333,NaN,NaN,NaN,-0.00179494090794,-0.000168403558847,-3,-2.16739515226e-05,-0.0215463938797,-0.0315789473684,-0.0105263157895,0.0105263157895,514,0,50,8366,0.91134751773,1,0,0.0886524822695,1,0.91134751773,0.953617810761,0.951805202349,0.91134751773,0.91134751773,6,56,0,10,5,10
97,WLNM_dir_neg_kfold,0.663743622449,0.352095899969,00:00:10,10,90,17,17362,fixed,0.5,1,0.107142857143,0.193548387097,6,0,50,112,0.107142857143,1,0,0.892857142857,1,0.107142857143,0.193548387097,0.702380952381,0.654761904762,0.137931034483,0.272165526976,0.107142857143,565,509,56,0,565,0,509,0,56,95,564,0.0631578947368,1.51383458647,11.8736842105,13.756097561,7.83333333333,8.97780016801,0.756109056703,0.427230309817,8.8855734454,1.49668347041,0.722807017544,7.68365289667,1.29423231416,0.646173945502,0.642127178975,0.424172617482,2.16666666667,NaN,NaN,NaN,0.0226317956796,0.00423344420925,14,0.000101145107105,0.206159134324,NaN,NaN,NaN,NaN,NaN,0.568421052632,0.189473684211,0.242105263158,95,514,0.0575587905935,1.51349077823,10.8210526316,12.5365853659,7.55882352941,8.08199857757,0.746877300456,0.42373540856,7.97535397312,1.47404402227,0.717059184927,7.01289805157,1.29615820019,0.64996928118,0.641140699053,0.423617182395,2.2,NaN,NaN,NaN,0.0208368547716,0.00406504065041,11,7.94711555828e-05,0.184612740445,NaN,NaN,NaN,NaN,NaN,0.536842105263,0.178947368421,0.252631578947,-50,-0.00559910414334,-0.000343808238545,-1.05263157895,-1.21951219512,-0.274509803922,-0.895801590437,-0.00923175624636,-0.00349490125678,-0.910219472271,-0.0226394481423,-0.00574783261656,-0.670754845098,0.00192588603791,0.00379533567755,-0.000986479921986,-0.000555435086638,0.0333333333333,NaN,NaN,NaN,-0.00179494090794,-0.000168403558847,-3,-2.16739515226e-05,-0.0215463938797,-0.0315789473684,-0.0105263157895,0.0105263157895,514,0,50,8366,0.91134751773,1,0,0.0886524822695,1,0.91134751773,0.953617810761,0.951805202349,0.91134751773,0.91134751773,6,56,0,10,5,10
98,WLNM_dir_neg_kfold,0.702965561224,0.374941467886,00:00:11,10,90,18,17363,fixed,0.5,1,0.107142857143,0.193548387097,6,0,50,112,0.107142857143,1,0,0.892857142857,1,0.107142857143,0.193548387097,0.702380952381,0.654761904762,0.137931034483,0.272165526976,0.107142857143,565,509,56,0,565,0,509,0,56,95,564,0.0631578947368,1.51383458647,11.8736842105,13.756097561,7.83333333333,8.97780016801,0.756109056703,0.427230309817,8.8855734454,1.49668347041,0.722807017544,7.68365289667,1.29423231416,0.646173945502,0.642127178975,0.424172617482,2.16666666667,NaN,NaN,NaN,0.0226317956796,0.00423344420925,14,0.000101145107105,0.206159134324,NaN,NaN,NaN,NaN,NaN,0.568421052632,0.189473684211,0.242105263158,95,514,0.0575587905935,1.51349077823,10.8210526316,12.5365853659,7.55882352941,8.08199857757,0.746877300456,0.42373540856,7.97535397312,1.47404402227,0.717059184927,7.01289805157,1.29615820019,0.64996928118,0.641140699053,0.423617182395,2.2,NaN,NaN,NaN,0.0208368547716,0.00406504065041,11,7.94711555828e-05,0.184612740445,NaN,NaN,NaN,NaN,NaN,0.536842105263,0.178947368421,0.252631578947,-50,-0.00559910414334,-0.000343808238545,-1.05263157895,-1.21951219512,-0.274509803922,-0.895801590437,-0.00923175624636,-0.00349490125678,-0.910219472271,-0.0226394481423,-0.00574783261656,-0.670754845098,0.00192588603791,0.00379533567755,-0.000986479921986,-0.000555435086638,0.0333333333333,NaN,NaN,NaN,-0.00179494090794,-0.000168403558847,-3,-2.16739515226e-05,-0.0215463938797,-0.0315789473684,-0.0105263157895,0.0105263157895,514,0,50,8366,0.91134751773,1,0,0.0886524822695,1,0.91134751773,0.953617810761,0.951805202349,0.91134751773,0.91134751773,6,56,0,10,5,10
99,WLNM_dir_neg_kfold,0.759008290816,0.409214088095,00:00:10,10,90,19,17364,fixed,0.5,1,0.107142857143,0.193548387097,6,0,50,112,0.107142857143,1,0,0.892857142857,1,0.107142857143,0.193548387097,0.702380952381,0.654761904762,0.137931034483,0.272165526976,0.107142857143,565,509,56,0,565,0,509,0,56,95,564,0.0631578947368,1.51383458647,11.8736842105,13.756097561,7.83333333333,8.97780016801,0.756109056703,0.427230309817,8.8855734454,1.49668347041,0.722807017544,7.68365289667,1.29423231416,0.646173945502,0.642127178975,0.424172617482,2.16666666667,NaN,NaN,NaN,0.0226317956796,0.00423344420925,14,0.000101145107105,0.206159134324,NaN,NaN,NaN,NaN,NaN,0.568421052632,0.189473684211,0.242105263158,95,514,0.0575587905935,1.51349077823,10.8210526316,12.5365853659,7.55882352941,8.08199857757,0.746877300456,0.42373540856,7.97535397312,1.47404402227,0.717059184927,7.01289805157,1.29615820019,0.64996928118,0.641140699053,0.423617182395,2.2,NaN,NaN,NaN,0.0208368547716,0.00406504065041,11,7.94711555828e-05,0.184612740445,NaN,NaN,NaN,NaN,NaN,0.536842105263,0.178947368421,0.252631578947,-50,-0.00559910414334,-0.000343808238545,-1.05263157895,-1.21951219512,-0.274509803922,-0.895801590437,-0.00923175624636,-0.00349490125678,-0.910219472271,-0.0226394481423,-0.00574783261656,-0.670754845098,0.00192588603791,0.00379533567755,-0.000986479921986,-0.000555435086638,0.0333333333333,NaN,NaN,NaN,-0.00179494090794,-0.000168403558847,-3,-2.16739515226e-05,-0.0215463938797,-0.0315789473684,-0.0105263157895,0.0105263157895,514,0,50,8366,0.91134751773,1,0,0.0886524822695,1,0.91134751773,0.953617810761,0.951805202349,0.91134751773,0.91134751773,6,56,0,10,5,10
100,WLNM_dir_neg_kfold,0.849330357143,0.495767110708,00:00:10,10,90,20,17365,fixed,0.5,1,0.107142857143,0.193548387097,6,0,50,112,0.107142857143,1,0,0.892857142857,1,0.107142857143,0.193548387097,0.702380952381,0.654761904762,0.137931034483,0.272165526976,0.107142857143,565,509,56,0,565,0,509,0,56,95,564,0.0631578947368,1.51383458647,11.8736842105,13.756097561,7.83333333333,8.97780016801,0.756109056703,0.427230309817,8.8855734454,1.49668347041,0.722807017544,7.68365289667,1.29423231416,0.646173945502,0.642127178975,0.424172617482,2.16666666667,NaN,NaN,NaN,0.0226317956796,0.00423344420925,14,0.000101145107105,0.206159134324,NaN,NaN,NaN,NaN,NaN,0.568421052632,0.189473684211,0.242105263158,95,514,0.0575587905935,1.51349077823,10.8210526316,12.5365853659,7.55882352941,8.08199857757,0.746877300456,0.42373540856,7.97535397312,1.47404402227,0.717059184927,7.01289805157,1.29615820019,0.64996928118,0.641140699053,0.423617182395,2.2,NaN,NaN,NaN,0.0208368547716,0.00406504065041,11,7.94711555828e-05,0.184612740445,NaN,NaN,NaN,NaN,NaN,0.536842105263,0.178947368421,0.252631578947,-50,-0.00559910414334,-0.000343808238545,-1.05263157895,-1.21951219512,-0.274509803922,-0.895801590437,-0.00923175624636,-0.00349490125678,-0.910219472271,-0.0226394481423,-0.00574783261656,-0.670754845098,0.00192588603791,0.00379533567755,-0.000986479921986,-0.000555435086638,0.0333333333333,NaN,NaN,NaN,-0.00179494090794,-0.000168403558847,-3,-2.16739515226e-05,-0.0215463938797,-0.0315789473684,-0.0105263157895,0.0105263157895,514,0,50,8366,0.91134751773,1,0,0.0886524822695,1,0.91134751773,0.953617810761,0.951805202349,0.91134751773,0.91134751773,6,56,0,10,5,10
101,WLNM_dir_neg_kfold,0.947544642857,0.699006726014,00:00:10,10,90,1,18346,fixed,0.5,0.9,0.160714285714,0.272727272727,9,1,47,111,0.160714285714,0.991071428571,0.00892857142857,0.839285714286,0.9,0.160714285714,0.272727272727,0.714285714286,0.646825396825,0.191011235955,0.30241642846,0.151785714286,565,509,56,0,565,0,509,0,56,95,564,0.0631578947368,1.51383458647,11.8736842105,13.756097561,7.83333333333,8.97780016801,0.756109056703,0.427230309817,8.8855734454,1.49668347041,0.722807017544,7.68365289667,1.29423231416,0.646173945502,0.642127178975,0.424172617482,2.16666666667,NaN,NaN,NaN,0.0226317956796,0.00423344420925,14,0.000101145107105,0.206159134324,NaN,NaN,NaN,NaN,NaN,0.568421052632,0.189473684211,0.242105263158,95,518,0.058006718925,1.49516869096,10.9052631579,13.2820512821,7.29577464789,8.2191702281,0.753688389643,0.42670188986,8.088300483,1.48337557121,0.719487908962,7.07823818242,1.29813248519,0.645844340581,0.647386753944,0.432985761312,2.16666666667,NaN,NaN,NaN,0.0298820546949,0.00577895497231,16,0.000115594408121,0.205036595956,NaN,NaN,NaN,NaN,NaN,0.557894736842,0.189473684211,0.221052631579,-46,-0.00515117581187,-0.018665895508,-0.968421052632,-0.474046278924,-0.537558685446,-0.758629939905,-0.00242066706012,-0.000528419957311,-0.797272962399,-0.0133078992065,-0.00331910858227,-0.605414714249,0.00390017103755,-0.00032960492087,0.00525957496828,0.00881314383001,0,NaN,NaN,NaN,0.00725025901535,0.00154551076306,2,1.44493010151e-05,-0.00112253836829,-0.0105263157895,0,-0.0210526315789,517,1,47,8365,0.916666666667,0.999880468563,0.000119531436768,0.0833333333333,0.998069498069,0.916666666667,0.955637707948,0.953759275425,0.91654713523,0.915044247788,10,56,0,10,6,10
102,WLNM_dir_neg_kfold,0.792809311224,0.437766682015,00:00:10,10,90,2,18347,fixed,0.5,1,0.160714285714,0.276923076923,9,0,47,112,0.160714285714,1,0,0.839285714286,1,0.160714285714,0.276923076923,0.720238095238,0.64880952381,0.203389830508,0.336463292455,0.160714285714,565,509,56,0,565,0,509,0,56,95,564,0.0631578947368,1.51383458647,11.8736842105,13.756097561,7.83333333333,8.97780016801,0.756109056703,0.427230309817,8.8855734454,1.49668347041,0.722807017544,7.68365289667,1.29423231416,0.646173945502,0.642127178975,0.424172617482,2.16666666667,NaN,NaN,NaN,0.0226317956796,0.00423344420925,14,0.000101145107105,0.206159134324,NaN,NaN,NaN,NaN,NaN,0.568421052632,0.189473684211,0.242105263158,95,517,0.0578947368421,1.4928879892,10.8842105263,13.2564102564,7.38571428571,8.23312349649,0.756428174242,0.428158403746,8.08954643217,1.48647371578,0.720309477756,7.08566997009,1.3020089887,0.64803013336,0.642510902571,0.430381185472,2.16666666667,NaN,NaN,NaN,0.0231646160155,0.00470106075217,13,9.39204565979e-05,0.205465017437,NaN,NaN,NaN,NaN,NaN,0.557894736842,0.178947368421,0.231578947368,-47,-0.00526315789474,-0.0209465972624,-0.989473684211,-0.499687304565,-0.447619047619,-0.74467667152,0.000319117539292,0.000928093929214,-0.79602701323,-0.0102097546373,-0.00249753978757,-0.597982926585,0.00777667454502,0.00185618785843,0.000383723595176,0.00620856799058,0,NaN,NaN,NaN,0.000532820335887,0.000467616542917,-1,-7.22465050753e-06,-0.000694116887237,-0.0105263157895,-0.0105263157895,-0.0105263157895,517,0,47,8366,0.916666666667,1,0,0.0833333333333,1,0.916666666667,0.95652173913,0.954748984726,0.916666666667,0.916666666667,9,56,0,10,6,10
103,WLNM_dir_neg_kfold,0.699298469388,0.367940269056,00:00:10,10,90,3,18348,fixed,0.5,1,0.160714285714,0.276923076923,9,0,47,112,0.160714285714,1,0,0.839285714286,1,0.160714285714,0.276923076923,0.720238095238,0.64880952381,0.203389830508,0.336463292455,0.160714285714,565,509,56,0,565,0,509,0,56,95,564,0.0631578947368,1.51383458647,11.8736842105,13.756097561,7.83333333333,8.97780016801,0.756109056703,0.427230309817,8.8855734454,1.49668347041,0.722807017544,7.68365289667,1.29423231416,0.646173945502,0.642127178975,0.424172617482,2.16666666667,NaN,NaN,NaN,0.0226317956796,0.00423344420925,14,0.000101145107105,0.206159134324,NaN,NaN,NaN,NaN,NaN,0.568421052632,0.189473684211,0.242105263158,95,517,0.0578947368421,1.4928879892,10.8842105263,13.2564102564,7.38571428571,8.23312349649,0.756428174242,0.428158403746,8.08954643217,1.48647371578,0.720309477756,7.08566997009,1.3020089887,0.64803013336,0.642510902571,0.430381185472,2.16666666667,NaN,NaN,NaN,0.0231646160155,0.00470106075217,13,9.39204565979e-05,0.205465017437,NaN,NaN,NaN,NaN,NaN,0.557894736842,0.178947368421,0.231578947368,-47,-0.00526315789474,-0.0209465972624,-0.989473684211,-0.499687304565,-0.447619047619,-0.74467667152,0.000319117539292,0.000928093929214,-0.79602701323,-0.0102097546373,-0.00249753978757,-0.597982926585,0.00777667454502,0.00185618785843,0.000383723595176,0.00620856799058,0,NaN,NaN,NaN,0.000532820335887,0.000467616542917,-1,-7.22465050753e-06,-0.000694116887237,-0.0105263157895,-0.0105263157895,-0.0105263157895,517,0,47,8366,0.916666666667,1,0,0.0833333333333,1,0.916666666667,0.95652173913,0.954748984726,0.916666666667,0.916666666667,9,56,0,10,6,10
104,WLNM_dir_neg_kfold,0.43431122449,0.267906947748,00:00:10,10,90,4,18349,fixed,0.5,1,0.160714285714,0.276923076923,9,0,47,112,0.160714285714,1,0,0.839285714286,1,0.160714285714,0.276923076923,0.720238095238,0.64880952381,0.203389830508,0.336463292455,0.160714285714,565,509,56,0,565,0,509,0,56,95,564,0.0631578947368,1.51383458647,11.8736842105,13.756097561,7.83333333333,8.97780016801,0.756109056703,0.427230309817,8.8855734454,1.49668347041,0.722807017544,7.68365289667,1.29423231416,0.646173945502,0.642127178975,0.424172617482,2.16666666667,NaN,NaN,NaN,0.0226317956796,0.00423344420925,14,0.000101145107105,0.206159134324,NaN,NaN,NaN,NaN,NaN,0.568421052632,0.189473684211,0.242105263158,95,517,0.0578947368421,1.4928879892,10.8842105263,13.2564102564,7.38571428571,8.23312349649,0.756428174242,0.428158403746,8.08954643217,1.48647371578,0.720309477756,7.08566997009,1.3020089887,0.64803013336,0.642510902571,0.430381185472,2.16666666667,NaN,NaN,NaN,0.0231646160155,0.00470106075217,13,9.39204565979e-05,0.205465017437,NaN,NaN,NaN,NaN,NaN,0.557894736842,0.178947368421,0.231578947368,-47,-0.00526315789474,-0.0209465972624,-0.989473684211,-0.499687304565,-0.447619047619,-0.74467667152,0.000319117539292,0.000928093929214,-0.79602701323,-0.0102097546373,-0.00249753978757,-0.597982926585,0.00777667454502,0.00185618785843,0.000383723595176,0.00620856799058,0,NaN,NaN,NaN,0.000532820335887,0.000467616542917,-1,-7.22465050753e-06,-0.000694116887237,-0.0105263157895,-0.0105263157895,-0.0105263157895,517,0,47,8366,0.916666666667,1,0,0.0833333333333,1,0.916666666667,0.95652173913,0.954748984726,0.916666666667,0.916666666667,9,56,0,10,6,10
105,WLNM_dir_neg_kfold,0.716039540816,0.398683158792,00:00:10,10,90,5,18350,fixed,0.5,1,0.160714285714,0.276923076923,9,0,47,112,0.160714285714,1,0,0.839285714286,1,0.160714285714,0.276923076923,0.720238095238,0.64880952381,0.203389830508,0.336463292455,0.160714285714,565,509,56,0,565,0,509,0,56,95,564,0.0631578947368,1.51383458647,11.8736842105,13.756097561,7.83333333333,8.97780016801,0.756109056703,0.427230309817,8.8855734454,1.49668347041,0.722807017544,7.68365289667,1.29423231416,0.646173945502,0.642127178975,0.424172617482,2.16666666667,NaN,NaN,NaN,0.0226317956796,0.00423344420925,14,0.000101145107105,0.206159134324,NaN,NaN,NaN,NaN,NaN,0.568421052632,0.189473684211,0.242105263158,95,517,0.0578947368421,1.4928879892,10.8842105263,13.2564102564,7.38571428571,8.23312349649,0.756428174242,0.428158403746,8.08954643217,1.48647371578,0.720309477756,7.08566997009,1.3020089887,0.64803013336,0.642510902571,0.430381185472,2.16666666667,NaN,NaN,NaN,0.0231646160155,0.00470106075217,13,9.39204565979e-05,0.205465017437,NaN,NaN,NaN,NaN,NaN,0.557894736842,0.178947368421,0.231578947368,-47,-0.00526315789474,-0.0209465972624,-0.989473684211,-0.499687304565,-0.447619047619,-0.74467667152,0.000319117539292,0.000928093929214,-0.79602701323,-0.0102097546373,-0.00249753978757,-0.597982926585,0.00777667454502,0.00185618785843,0.000383723595176,0.00620856799058,0,NaN,NaN,NaN,0.000532820335887,0.000467616542917,-1,-7.22465050753e-06,-0.000694116887237,-0.0105263157895,-0.0105263157895,-0.0105263157895,517,0,47,8366,0.916666666667,1,0,0.0833333333333,1,0.916666666667,0.95652173913,0.954748984726,0.916666666667,0.916666666667,9,56,0,10,6,10
106,WLNM_dir_neg_kfold,0.901068239796,0.567208060732,00:00:10,10,90,6,18351,fixed,0.5,1,0.160714285714,0.276923076923,9,0,47,112,0.160714285714,1,0,0.839285714286,1,0.160714285714,0.276923076923,0.720238095238,0.64880952381,0.203389830508,0.336463292455,0.160714285714,565,509,56,0,565,0,509,0,56,95,564,0.0631578947368,1.51383458647,11.8736842105,13.756097561,7.83333333333,8.97780016801,0.756109056703,0.427230309817,8.8855734454,1.49668347041,0.722807017544,7.68365289667,1.29423231416,0.646173945502,0.642127178975,0.424172617482,2.16666666667,NaN,NaN,NaN,0.0226317956796,0.00423344420925,14,0.000101145107105,0.206159134324,NaN,NaN,NaN,NaN,NaN,0.568421052632,0.189473684211,0.242105263158,95,517,0.0578947368421,1.4928879892,10.8842105263,13.2564102564,7.38571428571,8.23312349649,0.756428174242,0.428158403746,8.08954643217,1.48647371578,0.720309477756,7.08566997009,1.3020089887,0.64803013336,0.642510902571,0.430381185472,2.16666666667,NaN,NaN,NaN,0.0231646160155,0.00470106075217,13,9.39204565979e-05,0.205465017437,NaN,NaN,NaN,NaN,NaN,0.557894736842,0.178947368421,0.231578947368,-47,-0.00526315789474,-0.0209465972624,-0.989473684211,-0.499687304565,-0.447619047619,-0.74467667152,0.000319117539292,0.000928093929214,-0.79602701323,-0.0102097546373,-0.00249753978757,-0.597982926585,0.00777667454502,0.00185618785843,0.000383723595176,0.00620856799058,0,NaN,NaN,NaN,0.000532820335887,0.000467616542917,-1,-7.22465050753e-06,-0.000694116887237,-0.0105263157895,-0.0105263157895,-0.0105263157895,517,0,47,8366,0.916666666667,1,0,0.0833333333333,1,0.916666666667,0.95652173913,0.954748984726,0.916666666667,0.916666666667,9,56,0,10,6,10
107,WLNM_dir_neg_kfold,0.90943877551,0.603921376243,00:00:10,10,90,7,18352,fixed,0.5,1,0.160714285714,0.276923076923,9,0,47,112,0.160714285714,1,0,0.839285714286,1,0.160714285714,0.276923076923,0.720238095238,0.64880952381,0.203389830508,0.336463292455,0.160714285714,565,509,56,0,565,0,509,0,56,95,564,0.0631578947368,1.51383458647,11.8736842105,13.756097561,7.83333333333,8.97780016801,0.756109056703,0.427230309817,8.8855734454,1.49668347041,0.722807017544,7.68365289667,1.29423231416,0.646173945502,0.642127178975,0.424172617482,2.16666666667,NaN,NaN,NaN,0.0226317956796,0.00423344420925,14,0.000101145107105,0.206159134324,NaN,NaN,NaN,NaN,NaN,0.568421052632,0.189473684211,0.242105263158,95,517,0.0578947368421,1.4928879892,10.8842105263,13.2564102564,7.38571428571,8.23312349649,0.756428174242,0.428158403746,8.08954643217,1.48647371578,0.720309477756,7.08566997009,1.3020089887,0.64803013336,0.642510902571,0.430381185472,2.16666666667,NaN,NaN,NaN,0.0231646160155,0.00470106075217,13,9.39204565979e-05,0.205465017437,NaN,NaN,NaN,NaN,NaN,0.557894736842,0.178947368421,0.231578947368,-47,-0.00526315789474,-0.0209465972624,-0.989473684211,-0.499687304565,-0.447619047619,-0.74467667152,0.000319117539292,0.000928093929214,-0.79602701323,-0.0102097546373,-0.00249753978757,-0.597982926585,0.00777667454502,0.00185618785843,0.000383723595176,0.00620856799058,0,NaN,NaN,NaN,0.000532820335887,0.000467616542917,-1,-7.22465050753e-06,-0.000694116887237,-0.0105263157895,-0.0105263157895,-0.0105263157895,517,0,47,8366,0.916666666667,1,0,0.0833333333333,1,0.916666666667,0.95652173913,0.954748984726,0.916666666667,0.916666666667,9,56,0,10,6,10
108,WLNM_dir_neg_kfold,0.938616071429,0.696324520813,00:00:10,10,90,8,18353,fixed,0.5,1,0.142857142857,0.25,8,0,48,112,0.142857142857,1,0,0.857142857143,1,0.142857142857,0.25,0.714285714286,0.650793650794,0.181818181818,0.316227766017,0.142857142857,565,509,56,0,565,0,509,0,56,95,564,0.0631578947368,1.51383458647,11.8736842105,13.756097561,7.83333333333,8.97780016801,0.756109056703,0.427230309817,8.8855734454,1.49668347041,0.722807017544,7.68365289667,1.29423231416,0.646173945502,0.642127178975,0.424172617482,2.16666666667,NaN,NaN,NaN,0.0226317956796,0.00423344420925,14,0.000101145107105,0.206159134324,NaN,NaN,NaN,NaN,NaN,0.568421052632,0.189473684211,0.242105263158,95,516,0.0577827547592,1.49201079622,10.8631578947,13.2307692308,7.37142857143,8.22762669215,0.757388116041,0.428722970216,8.092093109,1.48982334371,0.721134230926,7.09157821102,1.30562001947,0.649326805386,0.640831052097,0.429508321066,2.16666666667,NaN,NaN,NaN,0.0231646160155,0.00471527022125,13,9.39204565979e-05,0.20600375745,NaN,NaN,NaN,NaN,NaN,0.557894736842,0.178947368421,0.231578947368,-48,-0.0053751399776,-0.0218237902448,-1.01052631579,-0.525328330206,-0.461904761905,-0.750173475853,0.00127905933859,0.00149266039914,-0.7934803364,-0.00686012670198,-0.00167278661771,-0.592074685654,0.0113877053146,0.0031528598835,-0.00129612687797,0.00533570358453,0,NaN,NaN,NaN,0.000532820335887,0.000481826012002,-1,-7.22465050753e-06,-0.000155376874813,-0.0105263157895,-0.0105263157895,-0.0105263157895,516,0,48,8366,0.914893617021,1,0,0.0851063829787,1,0.914893617021,0.955555555556,0.953768500355,0.914893617021,0.914893617021,8,56,0,10,6,10
109,WLNM_dir_neg_kfold,0.323820153061,0.219096491972,00:00:10,10,90,9,18354,fixed,0.5,1,0.160714285714,0.276923076923,9,0,47,112,0.160714285714,1,0,0.839285714286,1,0.160714285714,0.276923076923,0.720238095238,0.64880952381,0.203389830508,0.336463292455,0.160714285714,565,509,56,0,565,0,509,0,56,95,564,0.0631578947368,1.51383458647,11.8736842105,13.756097561,7.83333333333,8.97780016801,0.756109056703,0.427230309817,8.8855734454,1.49668347041,0.722807017544,7.68365289667,1.29423231416,0.646173945502,0.642127178975,0.424172617482,2.16666666667,NaN,NaN,NaN,0.0226317956796,0.00423344420925,14,0.000101145107105,0.206159134324,NaN,NaN,NaN,NaN,NaN,0.568421052632,0.189473684211,0.242105263158,95,517,0.0578947368421,1.4928879892,10.8842105263,13.2564102564,7.38571428571,8.23312349649,0.756428174242,0.428158403746,8.08954643217,1.48647371578,0.720309477756,7.08566997009,1.3020089887,0.64803013336,0.642510902571,0.430381185472,2.16666666667,NaN,NaN,NaN,0.0231646160155,0.00470106075217,13,9.39204565979e-05,0.205465017437,NaN,NaN,NaN,NaN,NaN,0.557894736842,0.178947368421,0.231578947368,-47,-0.00526315789474,-0.0209465972624,-0.989473684211,-0.499687304565,-0.447619047619,-0.74467667152,0.000319117539292,0.000928093929214,-0.79602701323,-0.0102097546373,-0.00249753978757,-0.597982926585,0.00777667454502,0.00185618785843,0.000383723595176,0.00620856799058,0,NaN,NaN,NaN,0.000532820335887,0.000467616542917,-1,-7.22465050753e-06,-0.000694116887237,-0.0105263157895,-0.0105263157895,-0.0105263157895,517,0,47,8366,0.916666666667,1,0,0.0833333333333,1,0.916666666667,0.95652173913,0.954748984726,0.916666666667,0.916666666667,9,56,0,10,6,10
110,WLNM_dir_neg_kfold,0.888313137755,0.558212514074,00:00:10,10,90,10,18355,fixed,0.5,1,0.160714285714,0.276923076923,9,0,47,112,0.160714285714,1,0,0.839285714286,1,0.160714285714,0.276923076923,0.720238095238,0.64880952381,0.203389830508,0.336463292455,0.160714285714,565,509,56,0,565,0,509,0,56,95,564,0.0631578947368,1.51383458647,11.8736842105,13.756097561,7.83333333333,8.97780016801,0.756109056703,0.427230309817,8.8855734454,1.49668347041,0.722807017544,7.68365289667,1.29423231416,0.646173945502,0.642127178975,0.424172617482,2.16666666667,NaN,NaN,NaN,0.0226317956796,0.00423344420925,14,0.000101145107105,0.206159134324,NaN,NaN,NaN,NaN,NaN,0.568421052632,0.189473684211,0.242105263158,95,517,0.0578947368421,1.4928879892,10.8842105263,13.2564102564,7.38571428571,8.23312349649,0.756428174242,0.428158403746,8.08954643217,1.48647371578,0.720309477756,7.08566997009,1.3020089887,0.64803013336,0.642510902571,0.430381185472,2.16666666667,NaN,NaN,NaN,0.0231646160155,0.00470106075217,13,9.39204565979e-05,0.205465017437,NaN,NaN,NaN,NaN,NaN,0.557894736842,0.178947368421,0.231578947368,-47,-0.00526315789474,-0.0209465972624,-0.989473684211,-0.499687304565,-0.447619047619,-0.74467667152,0.000319117539292,0.000928093929214,-0.79602701323,-0.0102097546373,-0.00249753978757,-0.597982926585,0.00777667454502,0.00185618785843,0.000383723595176,0.00620856799058,0,NaN,NaN,NaN,0.000532820335887,0.000467616542917,-1,-7.22465050753e-06,-0.000694116887237,-0.0105263157895,-0.0105263157895,-0.0105263157895,517,0,47,8366,0.916666666667,1,0,0.0833333333333,1,0.916666666667,0.95652173913,0.954748984726,0.916666666667,0.916666666667,9,56,0,10,6,10
111,WLNM_dir_neg_kfold,0.935746173469,0.650369845357,00:00:10,10,90,11,18356,fixed,0.5,1,0.160714285714,0.276923076923,9,0,47,112,0.160714285714,1,0,0.839285714286,1,0.160714285714,0.276923076923,0.720238095238,0.64880952381,0.203389830508,0.336463292455,0.160714285714,565,509,56,0,565,0,509,0,56,95,564,0.0631578947368,1.51383458647,11.8736842105,13.756097561,7.83333333333,8.97780016801,0.756109056703,0.427230309817,8.8855734454,1.49668347041,0.722807017544,7.68365289667,1.29423231416,0.646173945502,0.642127178975,0.424172617482,2.16666666667,NaN,NaN,NaN,0.0226317956796,0.00423344420925,14,0.000101145107105,0.206159134324,NaN,NaN,NaN,NaN,NaN,0.568421052632,0.189473684211,0.242105263158,95,517,0.0578947368421,1.4928879892,10.8842105263,13.2564102564,7.38571428571,8.23312349649,0.756428174242,0.428158403746,8.08954643217,1.48647371578,0.720309477756,7.08566997009,1.3020089887,0.64803013336,0.642510902571,0.430381185472,2.16666666667,NaN,NaN,NaN,0.0231646160155,0.00470106075217,13,9.39204565979e-05,0.205465017437,NaN,NaN,NaN,NaN,NaN,0.557894736842,0.178947368421,0.231578947368,-47,-0.00526315789474,-0.0209465972624,-0.989473684211,-0.499687304565,-0.447619047619,-0.74467667152,0.000319117539292,0.000928093929214,-0.79602701323,-0.0102097546373,-0.00249753978757,-0.597982926585,0.00777667454502,0.00185618785843,0.000383723595176,0.00620856799058,0,NaN,NaN,NaN,0.000532820335887,0.000467616542917,-1,-7.22465050753e-06,-0.000694116887237,-0.0105263157895,-0.0105263157895,-0.0105263157895,517,0,47,8366,0.916666666667,1,0,0.0833333333333,1,0.916666666667,0.95652173913,0.954748984726,0.916666666667,0.916666666667,9,56,0,10,6,10
112,WLNM_dir_neg_kfold,0.917410714286,0.635636974992,00:00:10,10,90,12,18357,fixed,0.5,1,0.160714285714,0.276923076923,9,0,47,112,0.160714285714,1,0,0.839285714286,1,0.160714285714,0.276923076923,0.720238095238,0.64880952381,0.203389830508,0.336463292455,0.160714285714,565,509,56,0,565,0,509,0,56,95,564,0.0631578947368,1.51383458647,11.8736842105,13.756097561,7.83333333333,8.97780016801,0.756109056703,0.427230309817,8.8855734454,1.49668347041,0.722807017544,7.68365289667,1.29423231416,0.646173945502,0.642127178975,0.424172617482,2.16666666667,NaN,NaN,NaN,0.0226317956796,0.00423344420925,14,0.000101145107105,0.206159134324,NaN,NaN,NaN,NaN,NaN,0.568421052632,0.189473684211,0.242105263158,95,517,0.0578947368421,1.4928879892,10.8842105263,13.2564102564,7.38571428571,8.23312349649,0.756428174242,0.428158403746,8.08954643217,1.48647371578,0.720309477756,7.08566997009,1.3020089887,0.64803013336,0.642510902571,0.430381185472,2.16666666667,NaN,NaN,NaN,0.0231646160155,0.00470106075217,13,9.39204565979e-05,0.205465017437,NaN,NaN,NaN,NaN,NaN,0.557894736842,0.178947368421,0.231578947368,-47,-0.00526315789474,-0.0209465972624,-0.989473684211,-0.499687304565,-0.447619047619,-0.74467667152,0.000319117539292,0.000928093929214,-0.79602701323,-0.0102097546373,-0.00249753978757,-0.597982926585,0.00777667454502,0.00185618785843,0.000383723595176,0.00620856799058,0,NaN,NaN,NaN,0.000532820335887,0.000467616542917,-1,-7.22465050753e-06,-0.000694116887237,-0.0105263157895,-0.0105263157895,-0.0105263157895,517,0,47,8366,0.916666666667,1,0,0.0833333333333,1,0.916666666667,0.95652173913,0.954748984726,0.916666666667,0.916666666667,9,56,0,10,6,10
113,WLNM_dir_neg_kfold,0.869499362245,0.519798505024,00:00:10,10,90,13,18358,fixed,0.5,1,0.160714285714,0.276923076923,9,0,47,112,0.160714285714,1,0,0.839285714286,1,0.160714285714,0.276923076923,0.720238095238,0.64880952381,0.203389830508,0.336463292455,0.160714285714,565,509,56,0,565,0,509,0,56,95,564,0.0631578947368,1.51383458647,11.8736842105,13.756097561,7.83333333333,8.97780016801,0.756109056703,0.427230309817,8.8855734454,1.49668347041,0.722807017544,7.68365289667,1.29423231416,0.646173945502,0.642127178975,0.424172617482,2.16666666667,NaN,NaN,NaN,0.0226317956796,0.00423344420925,14,0.000101145107105,0.206159134324,NaN,NaN,NaN,NaN,NaN,0.568421052632,0.189473684211,0.242105263158,95,517,0.0578947368421,1.4928879892,10.8842105263,13.2564102564,7.38571428571,8.23312349649,0.756428174242,0.428158403746,8.08954643217,1.48647371578,0.720309477756,7.08566997009,1.3020089887,0.64803013336,0.642510902571,0.430381185472,2.16666666667,NaN,NaN,NaN,0.0231646160155,0.00470106075217,13,9.39204565979e-05,0.205465017437,NaN,NaN,NaN,NaN,NaN,0.557894736842,0.178947368421,0.231578947368,-47,-0.00526315789474,-0.0209465972624,-0.989473684211,-0.499687304565,-0.447619047619,-0.74467667152,0.000319117539292,0.000928093929214,-0.79602701323,-0.0102097546373,-0.00249753978757,-0.597982926585,0.00777667454502,0.00185618785843,0.000383723595176,0.00620856799058,0,NaN,NaN,NaN,0.000532820335887,0.000467616542917,-1,-7.22465050753e-06,-0.000694116887237,-0.0105263157895,-0.0105263157895,-0.0105263157895,517,0,47,8366,0.916666666667,1,0,0.0833333333333,1,0.916666666667,0.95652173913,0.954748984726,0.916666666667,0.916666666667,9,56,0,10,6,10
114,WLNM_dir_neg_kfold,0.902582908163,0.700359885928,00:00:11,10,90,14,18359,fixed,0.5,1,0.160714285714,0.276923076923,9,0,47,112,0.160714285714,1,0,0.839285714286,1,0.160714285714,0.276923076923,0.720238095238,0.64880952381,0.203389830508,0.336463292455,0.160714285714,565,509,56,0,565,0,509,0,56,95,564,0.0631578947368,1.51383458647,11.8736842105,13.756097561,7.83333333333,8.97780016801,0.756109056703,0.427230309817,8.8855734454,1.49668347041,0.722807017544,7.68365289667,1.29423231416,0.646173945502,0.642127178975,0.424172617482,2.16666666667,NaN,NaN,NaN,0.0226317956796,0.00423344420925,14,0.000101145107105,0.206159134324,NaN,NaN,NaN,NaN,NaN,0.568421052632,0.189473684211,0.242105263158,95,517,0.0578947368421,1.4928879892,10.8842105263,13.2564102564,7.38571428571,8.23312349649,0.756428174242,0.428158403746,8.08954643217,1.48647371578,0.720309477756,7.08566997009,1.3020089887,0.64803013336,0.642510902571,0.430381185472,2.16666666667,NaN,NaN,NaN,0.0231646160155,0.00470106075217,13,9.39204565979e-05,0.205465017437,NaN,NaN,NaN,NaN,NaN,0.557894736842,0.178947368421,0.231578947368,-47,-0.00526315789474,-0.0209465972624,-0.989473684211,-0.499687304565,-0.447619047619,-0.74467667152,0.000319117539292,0.000928093929214,-0.79602701323,-0.0102097546373,-0.00249753978757,-0.597982926585,0.00777667454502,0.00185618785843,0.000383723595176,0.00620856799058,0,NaN,NaN,NaN,0.000532820335887,0.000467616542917,-1,-7.22465050753e-06,-0.000694116887237,-0.0105263157895,-0.0105263157895,-0.0105263157895,517,0,47,8366,0.916666666667,1,0,0.0833333333333,1,0.916666666667,0.95652173913,0.954748984726,0.916666666667,0.916666666667,9,56,0,10,6,10
115,WLNM_dir_neg_kfold,0.929368622449,0.703492362695,00:00:10,10,90,15,18360,fixed,0.5,1,0.142857142857,0.25,8,0,48,112,0.142857142857,1,0,0.857142857143,1,0.142857142857,0.25,0.714285714286,0.650793650794,0.181818181818,0.316227766017,0.142857142857,565,509,56,0,565,0,509,0,56,95,564,0.0631578947368,1.51383458647,11.8736842105,13.756097561,7.83333333333,8.97780016801,0.756109056703,0.427230309817,8.8855734454,1.49668347041,0.722807017544,7.68365289667,1.29423231416,0.646173945502,0.642127178975,0.424172617482,2.16666666667,NaN,NaN,NaN,0.0226317956796,0.00423344420925,14,0.000101145107105,0.206159134324,NaN,NaN,NaN,NaN,NaN,0.568421052632,0.189473684211,0.242105263158,95,516,0.0577827547592,1.49201079622,10.8631578947,13.2307692308,7.37142857143,8.22762669215,0.757388116041,0.428722970216,8.092093109,1.48982334371,0.721134230926,7.09157821102,1.30562001947,0.649326805386,0.640831052097,0.429508321066,2.16666666667,NaN,NaN,NaN,0.0231646160155,0.00471527022125,13,9.39204565979e-05,0.20600375745,NaN,NaN,NaN,NaN,NaN,0.557894736842,0.178947368421,0.231578947368,-48,-0.0053751399776,-0.0218237902448,-1.01052631579,-0.525328330206,-0.461904761905,-0.750173475853,0.00127905933859,0.00149266039914,-0.7934803364,-0.00686012670198,-0.00167278661771,-0.592074685654,0.0113877053146,0.0031528598835,-0.00129612687797,0.00533570358453,0,NaN,NaN,NaN,0.000532820335887,0.000481826012002,-1,-7.22465050753e-06,-0.000155376874813,-0.0105263157895,-0.0105263157895,-0.0105263157895,516,0,48,8366,0.914893617021,1,0,0.0851063829787,1,0.914893617021,0.955555555556,0.953768500355,0.914893617021,0.914893617021,8,56,0,10,6,10
116,WLNM_dir_neg_kfold,0.931760204082,0.647788185234,00:00:10,10,90,16,18361,fixed,0.5,1,0.160714285714,0.276923076923,9,0,47,112,0.160714285714,1,0,0.839285714286,1,0.160714285714,0.276923076923,0.720238095238,0.64880952381,0.203389830508,0.336463292455,0.160714285714,565,509,56,0,565,0,509,0,56,95,564,0.0631578947368,1.51383458647,11.8736842105,13.756097561,7.83333333333,8.97780016801,0.756109056703,0.427230309817,8.8855734454,1.49668347041,0.722807017544,7.68365289667,1.29423231416,0.646173945502,0.642127178975,0.424172617482,2.16666666667,NaN,NaN,NaN,0.0226317956796,0.00423344420925,14,0.000101145107105,0.206159134324,NaN,NaN,NaN,NaN,NaN,0.568421052632,0.189473684211,0.242105263158,95,517,0.0578947368421,1.4928879892,10.8842105263,13.2564102564,7.38571428571,8.23312349649,0.756428174242,0.428158403746,8.08954643217,1.48647371578,0.720309477756,7.08566997009,1.3020089887,0.64803013336,0.642510902571,0.430381185472,2.16666666667,NaN,NaN,NaN,0.0231646160155,0.00470106075217,13,9.39204565979e-05,0.205465017437,NaN,NaN,NaN,NaN,NaN,0.557894736842,0.178947368421,0.231578947368,-47,-0.00526315789474,-0.0209465972624,-0.989473684211,-0.499687304565,-0.447619047619,-0.74467667152,0.000319117539292,0.000928093929214,-0.79602701323,-0.0102097546373,-0.00249753978757,-0.597982926585,0.00777667454502,0.00185618785843,0.000383723595176,0.00620856799058,0,NaN,NaN,NaN,0.000532820335887,0.000467616542917,-1,-7.22465050753e-06,-0.000694116887237,-0.0105263157895,-0.0105263157895,-0.0105263157895,517,0,47,8366,0.916666666667,1,0,0.0833333333333,1,0.916666666667,0.95652173913,0.954748984726,0.916666666667,0.916666666667,9,56,0,10,6,10
117,WLNM_dir_neg_kfold,0.904336734694,0.578820732722,00:00:10,10,90,17,18362,fixed,0.5,1,0.160714285714,0.276923076923,9,0,47,112,0.160714285714,1,0,0.839285714286,1,0.160714285714,0.276923076923,0.720238095238,0.64880952381,0.203389830508,0.336463292455,0.160714285714,565,509,56,0,565,0,509,0,56,95,564,0.0631578947368,1.51383458647,11.8736842105,13.756097561,7.83333333333,8.97780016801,0.756109056703,0.427230309817,8.8855734454,1.49668347041,0.722807017544,7.68365289667,1.29423231416,0.646173945502,0.642127178975,0.424172617482,2.16666666667,NaN,NaN,NaN,0.0226317956796,0.00423344420925,14,0.000101145107105,0.206159134324,NaN,NaN,NaN,NaN,NaN,0.568421052632,0.189473684211,0.242105263158,95,517,0.0578947368421,1.4928879892,10.8842105263,13.2564102564,7.38571428571,8.23312349649,0.756428174242,0.428158403746,8.08954643217,1.48647371578,0.720309477756,7.08566997009,1.3020089887,0.64803013336,0.642510902571,0.430381185472,2.16666666667,NaN,NaN,NaN,0.0231646160155,0.00470106075217,13,9.39204565979e-05,0.205465017437,NaN,NaN,NaN,NaN,NaN,0.557894736842,0.178947368421,0.231578947368,-47,-0.00526315789474,-0.0209465972624,-0.989473684211,-0.499687304565,-0.447619047619,-0.74467667152,0.000319117539292,0.000928093929214,-0.79602701323,-0.0102097546373,-0.00249753978757,-0.597982926585,0.00777667454502,0.00185618785843,0.000383723595176,0.00620856799058,0,NaN,NaN,NaN,0.000532820335887,0.000467616542917,-1,-7.22465050753e-06,-0.000694116887237,-0.0105263157895,-0.0105263157895,-0.0105263157895,517,0,47,8366,0.916666666667,1,0,0.0833333333333,1,0.916666666667,0.95652173913,0.954748984726,0.916666666667,0.916666666667,9,56,0,10,6,10
118,WLNM_dir_neg_kfold,0.74290497449,0.41121714323,00:00:10,10,90,18,18363,fixed,0.5,1,0.160714285714,0.276923076923,9,0,47,112,0.160714285714,1,0,0.839285714286,1,0.160714285714,0.276923076923,0.720238095238,0.64880952381,0.203389830508,0.336463292455,0.160714285714,565,509,56,0,565,0,509,0,56,95,564,0.0631578947368,1.51383458647,11.8736842105,13.756097561,7.83333333333,8.97780016801,0.756109056703,0.427230309817,8.8855734454,1.49668347041,0.722807017544,7.68365289667,1.29423231416,0.646173945502,0.642127178975,0.424172617482,2.16666666667,NaN,NaN,NaN,0.0226317956796,0.00423344420925,14,0.000101145107105,0.206159134324,NaN,NaN,NaN,NaN,NaN,0.568421052632,0.189473684211,0.242105263158,95,517,0.0578947368421,1.4928879892,10.8842105263,13.2564102564,7.38571428571,8.23312349649,0.756428174242,0.428158403746,8.08954643217,1.48647371578,0.720309477756,7.08566997009,1.3020089887,0.64803013336,0.642510902571,0.430381185472,2.16666666667,NaN,NaN,NaN,0.0231646160155,0.00470106075217,13,9.39204565979e-05,0.205465017437,NaN,NaN,NaN,NaN,NaN,0.557894736842,0.178947368421,0.231578947368,-47,-0.00526315789474,-0.0209465972624,-0.989473684211,-0.499687304565,-0.447619047619,-0.74467667152,0.000319117539292,0.000928093929214,-0.79602701323,-0.0102097546373,-0.00249753978757,-0.597982926585,0.00777667454502,0.00185618785843,0.000383723595176,0.00620856799058,0,NaN,NaN,NaN,0.000532820335887,0.000467616542917,-1,-7.22465050753e-06,-0.000694116887237,-0.0105263157895,-0.0105263157895,-0.0105263157895,517,0,47,8366,0.916666666667,1,0,0.0833333333333,1,0.916666666667,0.95652173913,0.954748984726,0.916666666667,0.916666666667,9,56,0,10,6,10
119,WLNM_dir_neg_kfold,0.888392857143,0.545831022626,00:00:10,10,90,19,18364,fixed,0.5,1,0.142857142857,0.25,8,0,48,112,0.142857142857,1,0,0.857142857143,1,0.142857142857,0.25,0.714285714286,0.650793650794,0.181818181818,0.316227766017,0.142857142857,565,509,56,0,565,0,509,0,56,95,564,0.0631578947368,1.51383458647,11.8736842105,13.756097561,7.83333333333,8.97780016801,0.756109056703,0.427230309817,8.8855734454,1.49668347041,0.722807017544,7.68365289667,1.29423231416,0.646173945502,0.642127178975,0.424172617482,2.16666666667,NaN,NaN,NaN,0.0226317956796,0.00423344420925,14,0.000101145107105,0.206159134324,NaN,NaN,NaN,NaN,NaN,0.568421052632,0.189473684211,0.242105263158,95,516,0.0577827547592,1.49201079622,10.8631578947,13.2307692308,7.37142857143,8.22762669215,0.757388116041,0.428722970216,8.092093109,1.48982334371,0.721134230926,7.09157821102,1.30562001947,0.649326805386,0.640831052097,0.429508321066,2.16666666667,NaN,NaN,NaN,0.0231646160155,0.00471527022125,13,9.39204565979e-05,0.20600375745,NaN,NaN,NaN,NaN,NaN,0.557894736842,0.178947368421,0.231578947368,-48,-0.0053751399776,-0.0218237902448,-1.01052631579,-0.525328330206,-0.461904761905,-0.750173475853,0.00127905933859,0.00149266039914,-0.7934803364,-0.00686012670198,-0.00167278661771,-0.592074685654,0.0113877053146,0.0031528598835,-0.00129612687797,0.00533570358453,0,NaN,NaN,NaN,0.000532820335887,0.000481826012002,-1,-7.22465050753e-06,-0.000155376874813,-0.0105263157895,-0.0105263157895,-0.0105263157895,516,0,48,8366,0.914893617021,1,0,0.0851063829787,1,0.914893617021,0.955555555556,0.953768500355,0.914893617021,0.914893617021,8,56,0,10,6,10
120,WLNM_dir_neg_kfold,0.955038265306,0.753573220727,00:00:10,10,90,20,18365,fixed,0.5,1,0.142857142857,0.25,8,0,48,112,0.142857142857,1,0,0.857142857143,1,0.142857142857,0.25,0.714285714286,0.650793650794,0.181818181818,0.316227766017,0.142857142857,565,509,56,0,565,0,509,0,56,95,564,0.0631578947368,1.51383458647,11.8736842105,13.756097561,7.83333333333,8.97780016801,0.756109056703,0.427230309817,8.8855734454,1.49668347041,0.722807017544,7.68365289667,1.29423231416,0.646173945502,0.642127178975,0.424172617482,2.16666666667,NaN,NaN,NaN,0.0226317956796,0.00423344420925,14,0.000101145107105,0.206159134324,NaN,NaN,NaN,NaN,NaN,0.568421052632,0.189473684211,0.242105263158,95,516,0.0577827547592,1.49201079622,10.8631578947,13.2307692308,7.37142857143,8.22762669215,0.757388116041,0.428722970216,8.092093109,1.48982334371,0.721134230926,7.09157821102,1.30562001947,0.649326805386,0.640831052097,0.429508321066,2.16666666667,NaN,NaN,NaN,0.0231646160155,0.00471527022125,13,9.39204565979e-05,0.20600375745,NaN,NaN,NaN,NaN,NaN,0.557894736842,0.178947368421,0.231578947368,-48,-0.0053751399776,-0.0218237902448,-1.01052631579,-0.525328330206,-0.461904761905,-0.750173475853,0.00127905933859,0.00149266039914,-0.7934803364,-0.00686012670198,-0.00167278661771,-0.592074685654,0.0113877053146,0.0031528598835,-0.00129612687797,0.00533570358453,0,NaN,NaN,NaN,0.000532820335887,0.000481826012002,-1,-7.22465050753e-06,-0.000155376874813,-0.0105263157895,-0.0105263157895,-0.0105263157895,516,0,48,8366,0.914893617021,1,0,0.0851063829787,1,0.914893617021,0.955555555556,0.953768500355,0.914893617021,0.914893617021,8,56,0,10,6,10
121,WLNM_dir_neg_kfold,0.766581632653,0.425257394723,00:00:10,10,90,1,19346,fixed,0.5,1,0.142857142857,0.25,8,0,48,112,0.142857142857,1,0,0.857142857143,1,0.142857142857,0.25,0.714285714286,0.650793650794,0.181818181818,0.316227766017,0.142857142857,565,509,56,0,565,0,509,0,56,95,564,0.0631578947368,1.51383458647,11.8736842105,13.756097561,7.83333333333,8.97780016801,0.756109056703,0.427230309817,8.8855734454,1.49668347041,0.722807017544,7.68365289667,1.29423231416,0.646173945502,0.642127178975,0.424172617482,2.16666666667,NaN,NaN,NaN,0.0226317956796,0.00423344420925,14,0.000101145107105,0.206159134324,NaN,NaN,NaN,NaN,NaN,0.568421052632,0.189473684211,0.242105263158,95,516,0.0577827547592,1.51365272155,10.8631578947,12.5853658537,7.37142857143,8.18484656703,0.753450023128,0.425928192574,8.04065816029,1.48035373106,0.718196654427,7.03131692453,1.29452540277,0.646103631171,0.641481871859,0.423797257275,2.16666666667,NaN,NaN,NaN,0.0143120344535,0.00436999271668,12,8.66958060904e-05,0.184343085678,NaN,NaN,NaN,NaN,NaN,0.557894736842,0.178947368421,0.252631578947,-48,-0.0053751399776,-0.000181864918707,-1.01052631579,-1.17073170732,-0.461904761905,-0.792953600974,-0.00265903357469,-0.00130211724264,-0.844915285107,-0.0163297393516,-0.0046103631171,-0.652335972141,0.000293088616409,-7.03143311023e-05,-0.00064530711622,-0.000375360206166,0,NaN,NaN,NaN,-0.00831976122607,0.000136548507426,-2,-1.44493010151e-05,-0.0218160486464,-0.0105263157895,-0.0105263157895,0.0105263157895,516,0,48,8366,0.914893617021,1,0,0.0851063829787,1,0.914893617021,0.955555555556,0.953768500355,0.914893617021,0.914893617021,8,56,0,10,7,10
122,WLNM_dir_neg_kfold,0.824298469388,0.457867844138,00:00:10,10,90,2,19347,fixed,0.5,1,0.142857142857,0.25,8,0,48,112,0.142857142857,1,0,0.857142857143,1,0.142857142857,0.25,0.714285714286,0.650793650794,0.181818181818,0.316227766017,0.142857142857,565,509,56,0,565,0,509,0,56,95,564,0.0631578947368,1.51383458647,11.8736842105,13.756097561,7.83333333333,8.97780016801,0.756109056703,0.427230309817,8.8855734454,1.49668347041,0.722807017544,7.68365289667,1.29423231416,0.646173945502,0.642127178975,0.424172617482,2.16666666667,NaN,NaN,NaN,0.0226317956796,0.00423344420925,14,0.000101145107105,0.206159134324,NaN,NaN,NaN,NaN,NaN,0.568421052632,0.189473684211,0.242105263158,95,516,0.0577827547592,1.51365272155,10.8631578947,12.5853658537,7.37142857143,8.18484656703,0.753450023128,0.425928192574,8.04065816029,1.48035373106,0.718196654427,7.03131692453,1.29452540277,0.646103631171,0.641481871859,0.423797257275,2.16666666667,NaN,NaN,NaN,0.0143120344535,0.00436999271668,12,8.66958060904e-05,0.184343085678,NaN,NaN,NaN,NaN,NaN,0.557894736842,0.178947368421,0.252631578947,-48,-0.0053751399776,-0.000181864918707,-1.01052631579,-1.17073170732,-0.461904761905,-0.792953600974,-0.00265903357469,-0.00130211724264,-0.844915285107,-0.0163297393516,-0.0046103631171,-0.652335972141,0.000293088616409,-7.03143311023e-05,-0.00064530711622,-0.000375360206166,0,NaN,NaN,NaN,-0.00831976122607,0.000136548507426,-2,-1.44493010151e-05,-0.0218160486464,-0.0105263157895,-0.0105263157895,0.0105263157895,516,0,48,8366,0.914893617021,1,0,0.0851063829787,1,0.914893617021,0.955555555556,0.953768500355,0.914893617021,0.914893617021,8,56,0,10,7,10
123,WLNM_dir_neg_kfold,0.794323979592,0.43276595733,00:00:10,10,90,3,19348,fixed,0.5,1,0.142857142857,0.25,8,0,48,112,0.142857142857,1,0,0.857142857143,1,0.142857142857,0.25,0.714285714286,0.650793650794,0.181818181818,0.316227766017,0.142857142857,565,509,56,0,565,0,509,0,56,95,564,0.0631578947368,1.51383458647,11.8736842105,13.756097561,7.83333333333,8.97780016801,0.756109056703,0.427230309817,8.8855734454,1.49668347041,0.722807017544,7.68365289667,1.29423231416,0.646173945502,0.642127178975,0.424172617482,2.16666666667,NaN,NaN,NaN,0.0226317956796,0.00423344420925,14,0.000101145107105,0.206159134324,NaN,NaN,NaN,NaN,NaN,0.568421052632,0.189473684211,0.242105263158,95,516,0.0577827547592,1.51365272155,10.8631578947,12.5853658537,7.37142857143,8.18484656703,0.753450023128,0.425928192574,8.04065816029,1.48035373106,0.718196654427,7.03131692453,1.29452540277,0.646103631171,0.641481871859,0.423797257275,2.16666666667,NaN,NaN,NaN,0.0143120344535,0.00436999271668,12,8.66958060904e-05,0.184343085678,NaN,NaN,NaN,NaN,NaN,0.557894736842,0.178947368421,0.252631578947,-48,-0.0053751399776,-0.000181864918707,-1.01052631579,-1.17073170732,-0.461904761905,-0.792953600974,-0.00265903357469,-0.00130211724264,-0.844915285107,-0.0163297393516,-0.0046103631171,-0.652335972141,0.000293088616409,-7.03143311023e-05,-0.00064530711622,-0.000375360206166,0,NaN,NaN,NaN,-0.00831976122607,0.000136548507426,-2,-1.44493010151e-05,-0.0218160486464,-0.0105263157895,-0.0105263157895,0.0105263157895,516,0,48,8366,0.914893617021,1,0,0.0851063829787,1,0.914893617021,0.955555555556,0.953768500355,0.914893617021,0.914893617021,8,56,0,10,7,10
124,WLNM_dir_neg_kfold,0.423469387755,0.260416336356,00:00:10,10,90,4,19349,fixed,0.5,1,0.142857142857,0.25,8,0,48,112,0.142857142857,1,0,0.857142857143,1,0.142857142857,0.25,0.714285714286,0.650793650794,0.181818181818,0.316227766017,0.142857142857,565,509,56,0,565,0,509,0,56,95,564,0.0631578947368,1.51383458647,11.8736842105,13.756097561,7.83333333333,8.97780016801,0.756109056703,0.427230309817,8.8855734454,1.49668347041,0.722807017544,7.68365289667,1.29423231416,0.646173945502,0.642127178975,0.424172617482,2.16666666667,NaN,NaN,NaN,0.0226317956796,0.00423344420925,14,0.000101145107105,0.206159134324,NaN,NaN,NaN,NaN,NaN,0.568421052632,0.189473684211,0.242105263158,95,516,0.0577827547592,1.51365272155,10.8631578947,12.5853658537,7.37142857143,8.18484656703,0.753450023128,0.425928192574,8.04065816029,1.48035373106,0.718196654427,7.03131692453,1.29452540277,0.646103631171,0.641481871859,0.423797257275,2.16666666667,NaN,NaN,NaN,0.0143120344535,0.00436999271668,12,8.66958060904e-05,0.184343085678,NaN,NaN,NaN,NaN,NaN,0.557894736842,0.178947368421,0.252631578947,-48,-0.0053751399776,-0.000181864918707,-1.01052631579,-1.17073170732,-0.461904761905,-0.792953600974,-0.00265903357469,-0.00130211724264,-0.844915285107,-0.0163297393516,-0.0046103631171,-0.652335972141,0.000293088616409,-7.03143311023e-05,-0.00064530711622,-0.000375360206166,0,NaN,NaN,NaN,-0.00831976122607,0.000136548507426,-2,-1.44493010151e-05,-0.0218160486464,-0.0105263157895,-0.0105263157895,0.0105263157895,516,0,48,8366,0.914893617021,1,0,0.0851063829787,1,0.914893617021,0.955555555556,0.953768500355,0.914893617021,0.914893617021,8,56,0,10,7,10
125,WLNM_dir_neg_kfold,0.857700892857,0.500575380432,00:00:11,10,90,5,19350,fixed,0.5,1,0.142857142857,0.25,8,0,48,112,0.142857142857,1,0,0.857142857143,1,0.142857142857,0.25,0.714285714286,0.650793650794,0.181818181818,0.316227766017,0.142857142857,565,509,56,0,565,0,509,0,56,95,564,0.0631578947368,1.51383458647,11.8736842105,13.756097561,7.83333333333,8.97780016801,0.756109056703,0.427230309817,8.8855734454,1.49668347041,0.722807017544,7.68365289667,1.29423231416,0.646173945502,0.642127178975,0.424172617482,2.16666666667,NaN,NaN,NaN,0.0226317956796,0.00423344420925,14,0.000101145107105,0.206159134324,NaN,NaN,NaN,NaN,NaN,0.568421052632,0.189473684211,0.242105263158,95,516,0.0577827547592,1.51365272155,10.8631578947,12.5853658537,7.37142857143,8.18484656703,0.753450023128,0.425928192574,8.04065816029,1.48035373106,0.718196654427,7.03131692453,1.29452540277,0.646103631171,0.641481871859,0.423797257275,2.16666666667,NaN,NaN,NaN,0.0143120344535,0.00436999271668,12,8.66958060904e-05,0.184343085678,NaN,NaN,NaN,NaN,NaN,0.557894736842,0.178947368421,0.252631578947,-48,-0.0053751399776,-0.000181864918707,-1.01052631579,-1.17073170732,-0.461904761905,-0.792953600974,-0.00265903357469,-0.00130211724264,-0.844915285107,-0.0163297393516,-0.0046103631171,-0.652335972141,0.000293088616409,-7.03143311023e-05,-0.00064530711622,-0.000375360206166,0,NaN,NaN,NaN,-0.00831976122607,0.000136548507426,-2,-1.44493010151e-05,-0.0218160486464,-0.0105263157895,-0.0105263157895,0.0105263157895,516,0,48,8366,0.914893617021,1,0,0.0851063829787,1,0.914893617021,0.955555555556,0.953768500355,0.914893617021,0.914893617021,8,56,0,10,7,10
126,WLNM_dir_neg_kfold,0.886479591837,0.537810452259,00:00:10,10,90,6,19351,fixed,0.5,1,0.142857142857,0.25,8,0,48,112,0.142857142857,1,0,0.857142857143,1,0.142857142857,0.25,0.714285714286,0.650793650794,0.181818181818,0.316227766017,0.142857142857,565,509,56,0,565,0,509,0,56,95,564,0.0631578947368,1.51383458647,11.8736842105,13.756097561,7.83333333333,8.97780016801,0.756109056703,0.427230309817,8.8855734454,1.49668347041,0.722807017544,7.68365289667,1.29423231416,0.646173945502,0.642127178975,0.424172617482,2.16666666667,NaN,NaN,NaN,0.0226317956796,0.00423344420925,14,0.000101145107105,0.206159134324,NaN,NaN,NaN,NaN,NaN,0.568421052632,0.189473684211,0.242105263158,95,516,0.0577827547592,1.51365272155,10.8631578947,12.5853658537,7.37142857143,8.18484656703,0.753450023128,0.425928192574,8.04065816029,1.48035373106,0.718196654427,7.03131692453,1.29452540277,0.646103631171,0.641481871859,0.423797257275,2.16666666667,NaN,NaN,NaN,0.0143120344535,0.00436999271668,12,8.66958060904e-05,0.184343085678,NaN,NaN,NaN,NaN,NaN,0.557894736842,0.178947368421,0.252631578947,-48,-0.0053751399776,-0.000181864918707,-1.01052631579,-1.17073170732,-0.461904761905,-0.792953600974,-0.00265903357469,-0.00130211724264,-0.844915285107,-0.0163297393516,-0.0046103631171,-0.652335972141,0.000293088616409,-7.03143311023e-05,-0.00064530711622,-0.000375360206166,0,NaN,NaN,NaN,-0.00831976122607,0.000136548507426,-2,-1.44493010151e-05,-0.0218160486464,-0.0105263157895,-0.0105263157895,0.0105263157895,516,0,48,8366,0.914893617021,1,0,0.0851063829787,1,0.914893617021,0.955555555556,0.953768500355,0.914893617021,0.914893617021,8,56,0,10,7,10
127,WLNM_dir_neg_kfold,0.796396683673,0.487674078824,00:00:10,10,90,7,19352,fixed,0.5,1,0.142857142857,0.25,8,0,48,112,0.142857142857,1,0,0.857142857143,1,0.142857142857,0.25,0.714285714286,0.650793650794,0.181818181818,0.316227766017,0.142857142857,565,509,56,0,565,0,509,0,56,95,564,0.0631578947368,1.51383458647,11.8736842105,13.756097561,7.83333333333,8.97780016801,0.756109056703,0.427230309817,8.8855734454,1.49668347041,0.722807017544,7.68365289667,1.29423231416,0.646173945502,0.642127178975,0.424172617482,2.16666666667,NaN,NaN,NaN,0.0226317956796,0.00423344420925,14,0.000101145107105,0.206159134324,NaN,NaN,NaN,NaN,NaN,0.568421052632,0.189473684211,0.242105263158,95,516,0.0577827547592,1.51365272155,10.8631578947,12.5853658537,7.37142857143,8.18484656703,0.753450023128,0.425928192574,8.04065816029,1.48035373106,0.718196654427,7.03131692453,1.29452540277,0.646103631171,0.641481871859,0.423797257275,2.16666666667,NaN,NaN,NaN,0.0143120344535,0.00436999271668,12,8.66958060904e-05,0.184343085678,NaN,NaN,NaN,NaN,NaN,0.557894736842,0.178947368421,0.252631578947,-48,-0.0053751399776,-0.000181864918707,-1.01052631579,-1.17073170732,-0.461904761905,-0.792953600974,-0.00265903357469,-0.00130211724264,-0.844915285107,-0.0163297393516,-0.0046103631171,-0.652335972141,0.000293088616409,-7.03143311023e-05,-0.00064530711622,-0.000375360206166,0,NaN,NaN,NaN,-0.00831976122607,0.000136548507426,-2,-1.44493010151e-05,-0.0218160486464,-0.0105263157895,-0.0105263157895,0.0105263157895,516,0,48,8366,0.914893617021,1,0,0.0851063829787,1,0.914893617021,0.955555555556,0.953768500355,0.914893617021,0.914893617021,8,56,0,10,7,10
128,WLNM_dir_neg_kfold,0.823182397959,0.455176693848,00:00:10,10,90,8,19353,fixed,0.5,0.727272727273,0.142857142857,0.238805970149,8,3,48,109,0.142857142857,0.973214285714,0.0267857142857,0.857142857143,0.727272727273,0.142857142857,0.238805970149,0.696428571429,0.644841269841,0.145251396648,0.221198504127,0.116071428571,565,509,56,0,565,0,509,0,56,95,564,0.0631578947368,1.51383458647,11.8736842105,13.756097561,7.83333333333,8.97780016801,0.756109056703,0.427230309817,8.8855734454,1.49668347041,0.722807017544,7.68365289667,1.29423231416,0.646173945502,0.642127178975,0.424172617482,2.16666666667,NaN,NaN,NaN,0.0226317956796,0.00423344420925,14,0.000101145107105,0.206159134324,NaN,NaN,NaN,NaN,NaN,0.568421052632,0.189473684211,0.242105263158,95,519,0.0581187010078,1.65388225598,10.9263157895,12.0697674419,7.30985915493,8.18046727228,0.748694018176,0.423527025657,8.02895097453,1.46965383927,0.715221579961,7.01944188591,1.28486893865,0.642125545077,0.804257047793,0.486284343935,3.07317073171,NaN,NaN,NaN,0.0122940927548,0.00470049415451,13,9.39204565979e-05,0.169066417703,NaN,NaN,NaN,NaN,NaN,0.536842105263,0.210526315789,0.242105263158,-45,-0.005039193729,0.140047669511,-0.947368421053,-1.68633011912,-0.523474178404,-0.797332895727,-0.00741503852685,-0.00370328416047,-0.856622470866,-0.027029631144,-0.0075854375824,-0.664211010758,-0.00936337550098,-0.00404840042549,0.162129868818,0.0621117264531,0.906504065041,NaN,NaN,NaN,-0.0103377029248,0.000467049945261,-1,-7.22465050753e-06,-0.0370927166211,-0.0315789473684,0.0210526315789,0,516,3,48,8363,0.914893617021,0.99964140569,0.000358594310304,0.0851063829787,0.994219653179,0.914893617021,0.952908587258,0.950804718748,0.914535022711,0.910052910053,11,56,0,10,7,10
129,WLNM_dir_neg_kfold,0.478156887755,0.272980388843,00:00:10,10,90,9,19354,fixed,0.5,1,0.142857142857,0.25,8,0,48,112,0.142857142857,1,0,0.857142857143,1,0.142857142857,0.25,0.714285714286,0.650793650794,0.181818181818,0.316227766017,0.142857142857,565,509,56,0,565,0,509,0,56,95,564,0.0631578947368,1.51383458647,11.8736842105,13.756097561,7.83333333333,8.97780016801,0.756109056703,0.427230309817,8.8855734454,1.49668347041,0.722807017544,7.68365289667,1.29423231416,0.646173945502,0.642127178975,0.424172617482,2.16666666667,NaN,NaN,NaN,0.0226317956796,0.00423344420925,14,0.000101145107105,0.206159134324,NaN,NaN,NaN,NaN,NaN,0.568421052632,0.189473684211,0.242105263158,95,516,0.0577827547592,1.51365272155,10.8631578947,12.5853658537,7.37142857143,8.18484656703,0.753450023128,0.425928192574,8.04065816029,1.48035373106,0.718196654427,7.03131692453,1.29452540277,0.646103631171,0.641481871859,0.423797257275,2.16666666667,NaN,NaN,NaN,0.0143120344535,0.00436999271668,12,8.66958060904e-05,0.184343085678,NaN,NaN,NaN,NaN,NaN,0.557894736842,0.178947368421,0.252631578947,-48,-0.0053751399776,-0.000181864918707,-1.01052631579,-1.17073170732,-0.461904761905,-0.792953600974,-0.00265903357469,-0.00130211724264,-0.844915285107,-0.0163297393516,-0.0046103631171,-0.652335972141,0.000293088616409,-7.03143311023e-05,-0.00064530711622,-0.000375360206166,0,NaN,NaN,NaN,-0.00831976122607,0.000136548507426,-2,-1.44493010151e-05,-0.0218160486464,-0.0105263157895,-0.0105263157895,0.0105263157895,516,0,48,8366,0.914893617021,1,0,0.0851063829787,1,0.914893617021,0.955555555556,0.953768500355,0.914893617021,0.914893617021,8,56,0,10,7,10
130,WLNM_dir_neg_kfold,0.476881377551,0.329592561772,00:00:10,10,90,10,19355,fixed,0.5,0.8,0.142857142857,0.242424242424,8,2,48,110,0.142857142857,0.982142857143,0.0178571428571,0.857142857143,0.8,0.142857142857,0.242424242424,0.702380952381,0.646825396825,0.157303370787,0.249048823438,0.125,565,509,56,0,565,0,509,0,56,95,564,0.0631578947368,1.51383458647,11.8736842105,13.756097561,7.83333333333,8.97780016801,0.756109056703,0.427230309817,8.8855734454,1.49668347041,0.722807017544,7.68365289667,1.29423231416,0.646173945502,0.642127178975,0.424172617482,2.16666666667,NaN,NaN,NaN,0.0226317956796,0.00423344420925,14,0.000101145107105,0.206159134324,NaN,NaN,NaN,NaN,NaN,0.568421052632,0.189473684211,0.242105263158,95,518,0.058006718925,1.54056185043,10.9052631579,12.3333333333,7.29577464789,8.19324278437,0.751310873084,0.424690103637,8.03551746146,1.47369528733,0.716399105873,7.02240854156,1.28789345839,0.64308067466,0.666615938376,0.432709623563,2.18181818182,NaN,NaN,NaN,0.0165366265515,0.00508659319365,14,0.000101145107105,0.17585093535,NaN,NaN,NaN,NaN,NaN,0.547368421053,0.2,0.242105263158,-46,-0.00515117581187,0.0267272639641,-0.968421052632,-1.42276422764,-0.537558685446,-0.784557383637,-0.00479818361859,-0.00254020617962,-0.850055983934,-0.0229881830787,-0.00640791167107,-0.661244355114,-0.00633885576187,-0.00309327084243,0.0244887594005,0.00853700608194,0.0151515151515,NaN,NaN,NaN,-0.00609516912806,0.000853148984401,0,0,-0.0303081989747,-0.0210526315789,0.0105263157895,0,516,2,48,8364,0.914893617021,0.999760937126,0.000239062873536,0.0851063829787,0.996138996139,0.914893617021,0.953789279113,0.951789854877,0.914654554148,0.911660777385,10,56,0,10,7,10
131,WLNM_dir_neg_kfold,0.810267857143,0.447100423204,00:00:10,10,90,11,19356,fixed,0.5,1,0.142857142857,0.25,8,0,48,112,0.142857142857,1,0,0.857142857143,1,0.142857142857,0.25,0.714285714286,0.650793650794,0.181818181818,0.316227766017,0.142857142857,565,509,56,0,565,0,509,0,56,95,564,0.0631578947368,1.51383458647,11.8736842105,13.756097561,7.83333333333,8.97780016801,0.756109056703,0.427230309817,8.8855734454,1.49668347041,0.722807017544,7.68365289667,1.29423231416,0.646173945502,0.642127178975,0.424172617482,2.16666666667,NaN,NaN,NaN,0.0226317956796,0.00423344420925,14,0.000101145107105,0.206159134324,NaN,NaN,NaN,NaN,NaN,0.568421052632,0.189473684211,0.242105263158,95,516,0.0577827547592,1.51365272155,10.8631578947,12.5853658537,7.37142857143,8.18484656703,0.753450023128,0.425928192574,8.04065816029,1.48035373106,0.718196654427,7.03131692453,1.29452540277,0.646103631171,0.641481871859,0.423797257275,2.16666666667,NaN,NaN,NaN,0.0143120344535,0.00436999271668,12,8.66958060904e-05,0.184343085678,NaN,NaN,NaN,NaN,NaN,0.557894736842,0.178947368421,0.252631578947,-48,-0.0053751399776,-0.000181864918707,-1.01052631579,-1.17073170732,-0.461904761905,-0.792953600974,-0.00265903357469,-0.00130211724264,-0.844915285107,-0.0163297393516,-0.0046103631171,-0.652335972141,0.000293088616409,-7.03143311023e-05,-0.00064530711622,-0.000375360206166,0,NaN,NaN,NaN,-0.00831976122607,0.000136548507426,-2,-1.44493010151e-05,-0.0218160486464,-0.0105263157895,-0.0105263157895,0.0105263157895,516,0,48,8366,0.914893617021,1,0,0.0851063829787,1,0.914893617021,0.955555555556,0.953768500355,0.914893617021,0.914893617021,8,56,0,10,7,10
132,WLNM_dir_neg_kfold,0.847895408163,0.527020500242,00:00:10,10,90,12,19357,fixed,0.5,1,0.142857142857,0.25,8,0,48,112,0.142857142857,1,0,0.857142857143,1,0.142857142857,0.25,0.714285714286,0.650793650794,0.181818181818,0.316227766017,0.142857142857,565,509,56,0,565,0,509,0,56,95,564,0.0631578947368,1.51383458647,11.8736842105,13.756097561,7.83333333333,8.97780016801,0.756109056703,0.427230309817,8.8855734454,1.49668347041,0.722807017544,7.68365289667,1.29423231416,0.646173945502,0.642127178975,0.424172617482,2.16666666667,NaN,NaN,NaN,0.0226317956796,0.00423344420925,14,0.000101145107105,0.206159134324,NaN,NaN,NaN,NaN,NaN,0.568421052632,0.189473684211,0.242105263158,95,516,0.0577827547592,1.51365272155,10.8631578947,12.5853658537,7.37142857143,8.18484656703,0.753450023128,0.425928192574,8.04065816029,1.48035373106,0.718196654427,7.03131692453,1.29452540277,0.646103631171,0.641481871859,0.423797257275,2.16666666667,NaN,NaN,NaN,0.0143120344535,0.00436999271668,12,8.66958060904e-05,0.184343085678,NaN,NaN,NaN,NaN,NaN,0.557894736842,0.178947368421,0.252631578947,-48,-0.0053751399776,-0.000181864918707,-1.01052631579,-1.17073170732,-0.461904761905,-0.792953600974,-0.00265903357469,-0.00130211724264,-0.844915285107,-0.0163297393516,-0.0046103631171,-0.652335972141,0.000293088616409,-7.03143311023e-05,-0.00064530711622,-0.000375360206166,0,NaN,NaN,NaN,-0.00831976122607,0.000136548507426,-2,-1.44493010151e-05,-0.0218160486464,-0.0105263157895,-0.0105263157895,0.0105263157895,516,0,48,8366,0.914893617021,1,0,0.0851063829787,1,0.914893617021,0.955555555556,0.953768500355,0.914893617021,0.914893617021,8,56,0,10,7,10
133,WLNM_dir_neg_kfold,0.822863520408,0.460846501886,00:00:10,10,90,13,19358,fixed,0.5,1,0.142857142857,0.25,8,0,48,112,0.142857142857,1,0,0.857142857143,1,0.142857142857,0.25,0.714285714286,0.650793650794,0.181818181818,0.316227766017,0.142857142857,565,509,56,0,565,0,509,0,56,95,564,0.0631578947368,1.51383458647,11.8736842105,13.756097561,7.83333333333,8.97780016801,0.756109056703,0.427230309817,8.8855734454,1.49668347041,0.722807017544,7.68365289667,1.29423231416,0.646173945502,0.642127178975,0.424172617482,2.16666666667,NaN,NaN,NaN,0.0226317956796,0.00423344420925,14,0.000101145107105,0.206159134324,NaN,NaN,NaN,NaN,NaN,0.568421052632,0.189473684211,0.242105263158,95,516,0.0577827547592,1.51365272155,10.8631578947,12.5853658537,7.37142857143,8.18484656703,0.753450023128,0.425928192574,8.04065816029,1.48035373106,0.718196654427,7.03131692453,1.29452540277,0.646103631171,0.641481871859,0.423797257275,2.16666666667,NaN,NaN,NaN,0.0143120344535,0.00436999271668,12,8.66958060904e-05,0.184343085678,NaN,NaN,NaN,NaN,NaN,0.557894736842,0.178947368421,0.252631578947,-48,-0.0053751399776,-0.000181864918707,-1.01052631579,-1.17073170732,-0.461904761905,-0.792953600974,-0.00265903357469,-0.00130211724264,-0.844915285107,-0.0163297393516,-0.0046103631171,-0.652335972141,0.000293088616409,-7.03143311023e-05,-0.00064530711622,-0.000375360206166,0,NaN,NaN,NaN,-0.00831976122607,0.000136548507426,-2,-1.44493010151e-05,-0.0218160486464,-0.0105263157895,-0.0105263157895,0.0105263157895,516,0,48,8366,0.914893617021,1,0,0.0851063829787,1,0.914893617021,0.955555555556,0.953768500355,0.914893617021,0.914893617021,8,56,0,10,7,10
134,WLNM_dir_neg_kfold,0.849649234694,0.502252022549,00:00:11,10,90,14,19359,fixed,0.5,1,0.142857142857,0.25,8,0,48,112,0.142857142857,1,0,0.857142857143,1,0.142857142857,0.25,0.714285714286,0.650793650794,0.181818181818,0.316227766017,0.142857142857,565,509,56,0,565,0,509,0,56,95,564,0.0631578947368,1.51383458647,11.8736842105,13.756097561,7.83333333333,8.97780016801,0.756109056703,0.427230309817,8.8855734454,1.49668347041,0.722807017544,7.68365289667,1.29423231416,0.646173945502,0.642127178975,0.424172617482,2.16666666667,NaN,NaN,NaN,0.0226317956796,0.00423344420925,14,0.000101145107105,0.206159134324,NaN,NaN,NaN,NaN,NaN,0.568421052632,0.189473684211,0.242105263158,95,516,0.0577827547592,1.51365272155,10.8631578947,12.5853658537,7.37142857143,8.18484656703,0.753450023128,0.425928192574,8.04065816029,1.48035373106,0.718196654427,7.03131692453,1.29452540277,0.646103631171,0.641481871859,0.423797257275,2.16666666667,NaN,NaN,NaN,0.0143120344535,0.00436999271668,12,8.66958060904e-05,0.184343085678,NaN,NaN,NaN,NaN,NaN,0.557894736842,0.178947368421,0.252631578947,-48,-0.0053751399776,-0.000181864918707,-1.01052631579,-1.17073170732,-0.461904761905,-0.792953600974,-0.00265903357469,-0.00130211724264,-0.844915285107,-0.0163297393516,-0.0046103631171,-0.652335972141,0.000293088616409,-7.03143311023e-05,-0.00064530711622,-0.000375360206166,0,NaN,NaN,NaN,-0.00831976122607,0.000136548507426,-2,-1.44493010151e-05,-0.0218160486464,-0.0105263157895,-0.0105263157895,0.0105263157895,516,0,48,8366,0.914893617021,1,0,0.0851063829787,1,0.914893617021,0.955555555556,0.953768500355,0.914893617021,0.914893617021,8,56,0,10,7,10
135,WLNM_dir_neg_kfold,0.826371173469,0.496298344066,00:00:10,10,90,15,19360,fixed,0.5,1,0.142857142857,0.25,8,0,48,112,0.142857142857,1,0,0.857142857143,1,0.142857142857,0.25,0.714285714286,0.650793650794,0.181818181818,0.316227766017,0.142857142857,565,509,56,0,565,0,509,0,56,95,564,0.0631578947368,1.51383458647,11.8736842105,13.756097561,7.83333333333,8.97780016801,0.756109056703,0.427230309817,8.8855734454,1.49668347041,0.722807017544,7.68365289667,1.29423231416,0.646173945502,0.642127178975,0.424172617482,2.16666666667,NaN,NaN,NaN,0.0226317956796,0.00423344420925,14,0.000101145107105,0.206159134324,NaN,NaN,NaN,NaN,NaN,0.568421052632,0.189473684211,0.242105263158,95,516,0.0577827547592,1.51365272155,10.8631578947,12.5853658537,7.37142857143,8.18484656703,0.753450023128,0.425928192574,8.04065816029,1.48035373106,0.718196654427,7.03131692453,1.29452540277,0.646103631171,0.641481871859,0.423797257275,2.16666666667,NaN,NaN,NaN,0.0143120344535,0.00436999271668,12,8.66958060904e-05,0.184343085678,NaN,NaN,NaN,NaN,NaN,0.557894736842,0.178947368421,0.252631578947,-48,-0.0053751399776,-0.000181864918707,-1.01052631579,-1.17073170732,-0.461904761905,-0.792953600974,-0.00265903357469,-0.00130211724264,-0.844915285107,-0.0163297393516,-0.0046103631171,-0.652335972141,0.000293088616409,-7.03143311023e-05,-0.00064530711622,-0.000375360206166,0,NaN,NaN,NaN,-0.00831976122607,0.000136548507426,-2,-1.44493010151e-05,-0.0218160486464,-0.0105263157895,-0.0105263157895,0.0105263157895,516,0,48,8366,0.914893617021,1,0,0.0851063829787,1,0.914893617021,0.955555555556,0.953768500355,0.914893617021,0.914893617021,8,56,0,10,7,10
136,WLNM_dir_neg_kfold,0.720982142857,0.380561634083,00:00:10,10,90,16,19361,fixed,0.5,1,0.142857142857,0.25,8,0,48,112,0.142857142857,1,0,0.857142857143,1,0.142857142857,0.25,0.714285714286,0.650793650794,0.181818181818,0.316227766017,0.142857142857,565,509,56,0,565,0,509,0,56,95,564,0.0631578947368,1.51383458647,11.8736842105,13.756097561,7.83333333333,8.97780016801,0.756109056703,0.427230309817,8.8855734454,1.49668347041,0.722807017544,7.68365289667,1.29423231416,0.646173945502,0.642127178975,0.424172617482,2.16666666667,NaN,NaN,NaN,0.0226317956796,0.00423344420925,14,0.000101145107105,0.206159134324,NaN,NaN,NaN,NaN,NaN,0.568421052632,0.189473684211,0.242105263158,95,516,0.0577827547592,1.51365272155,10.8631578947,12.5853658537,7.37142857143,8.18484656703,0.753450023128,0.425928192574,8.04065816029,1.48035373106,0.718196654427,7.03131692453,1.29452540277,0.646103631171,0.641481871859,0.423797257275,2.16666666667,NaN,NaN,NaN,0.0143120344535,0.00436999271668,12,8.66958060904e-05,0.184343085678,NaN,NaN,NaN,NaN,NaN,0.557894736842,0.178947368421,0.252631578947,-48,-0.0053751399776,-0.000181864918707,-1.01052631579,-1.17073170732,-0.461904761905,-0.792953600974,-0.00265903357469,-0.00130211724264,-0.844915285107,-0.0163297393516,-0.0046103631171,-0.652335972141,0.000293088616409,-7.03143311023e-05,-0.00064530711622,-0.000375360206166,0,NaN,NaN,NaN,-0.00831976122607,0.000136548507426,-2,-1.44493010151e-05,-0.0218160486464,-0.0105263157895,-0.0105263157895,0.0105263157895,516,0,48,8366,0.914893617021,1,0,0.0851063829787,1,0.914893617021,0.955555555556,0.953768500355,0.914893617021,0.914893617021,8,56,0,10,7,10
137,WLNM_dir_neg_kfold,0.863201530612,0.510866082544,00:00:10,10,90,17,19362,fixed,0.5,1,0.142857142857,0.25,8,0,48,112,0.142857142857,1,0,0.857142857143,1,0.142857142857,0.25,0.714285714286,0.650793650794,0.181818181818,0.316227766017,0.142857142857,565,509,56,0,565,0,509,0,56,95,564,0.0631578947368,1.51383458647,11.8736842105,13.756097561,7.83333333333,8.97780016801,0.756109056703,0.427230309817,8.8855734454,1.49668347041,0.722807017544,7.68365289667,1.29423231416,0.646173945502,0.642127178975,0.424172617482,2.16666666667,NaN,NaN,NaN,0.0226317956796,0.00423344420925,14,0.000101145107105,0.206159134324,NaN,NaN,NaN,NaN,NaN,0.568421052632,0.189473684211,0.242105263158,95,516,0.0577827547592,1.51365272155,10.8631578947,12.5853658537,7.37142857143,8.18484656703,0.753450023128,0.425928192574,8.04065816029,1.48035373106,0.718196654427,7.03131692453,1.29452540277,0.646103631171,0.641481871859,0.423797257275,2.16666666667,NaN,NaN,NaN,0.0143120344535,0.00436999271668,12,8.66958060904e-05,0.184343085678,NaN,NaN,NaN,NaN,NaN,0.557894736842,0.178947368421,0.252631578947,-48,-0.0053751399776,-0.000181864918707,-1.01052631579,-1.17073170732,-0.461904761905,-0.792953600974,-0.00265903357469,-0.00130211724264,-0.844915285107,-0.0163297393516,-0.0046103631171,-0.652335972141,0.000293088616409,-7.03143311023e-05,-0.00064530711622,-0.000375360206166,0,NaN,NaN,NaN,-0.00831976122607,0.000136548507426,-2,-1.44493010151e-05,-0.0218160486464,-0.0105263157895,-0.0105263157895,0.0105263157895,516,0,48,8366,0.914893617021,1,0,0.0851063829787,1,0.914893617021,0.955555555556,0.953768500355,0.914893617021,0.914893617021,8,56,0,10,7,10
138,WLNM_dir_neg_kfold,0.458864795918,0.268341280794,00:00:10,10,90,18,19363,fixed,0.5,1,0.142857142857,0.25,8,0,48,112,0.142857142857,1,0,0.857142857143,1,0.142857142857,0.25,0.714285714286,0.650793650794,0.181818181818,0.316227766017,0.142857142857,565,509,56,0,565,0,509,0,56,95,564,0.0631578947368,1.51383458647,11.8736842105,13.756097561,7.83333333333,8.97780016801,0.756109056703,0.427230309817,8.8855734454,1.49668347041,0.722807017544,7.68365289667,1.29423231416,0.646173945502,0.642127178975,0.424172617482,2.16666666667,NaN,NaN,NaN,0.0226317956796,0.00423344420925,14,0.000101145107105,0.206159134324,NaN,NaN,NaN,NaN,NaN,0.568421052632,0.189473684211,0.242105263158,95,516,0.0577827547592,1.51365272155,10.8631578947,12.5853658537,7.37142857143,8.18484656703,0.753450023128,0.425928192574,8.04065816029,1.48035373106,0.718196654427,7.03131692453,1.29452540277,0.646103631171,0.641481871859,0.423797257275,2.16666666667,NaN,NaN,NaN,0.0143120344535,0.00436999271668,12,8.66958060904e-05,0.184343085678,NaN,NaN,NaN,NaN,NaN,0.557894736842,0.178947368421,0.252631578947,-48,-0.0053751399776,-0.000181864918707,-1.01052631579,-1.17073170732,-0.461904761905,-0.792953600974,-0.00265903357469,-0.00130211724264,-0.844915285107,-0.0163297393516,-0.0046103631171,-0.652335972141,0.000293088616409,-7.03143311023e-05,-0.00064530711622,-0.000375360206166,0,NaN,NaN,NaN,-0.00831976122607,0.000136548507426,-2,-1.44493010151e-05,-0.0218160486464,-0.0105263157895,-0.0105263157895,0.0105263157895,516,0,48,8366,0.914893617021,1,0,0.0851063829787,1,0.914893617021,0.955555555556,0.953768500355,0.914893617021,0.914893617021,8,56,0,10,7,10
139,WLNM_dir_neg_kfold,0.814732142857,0.451777440758,00:00:10,10,90,19,19364,fixed,0.5,1,0.142857142857,0.25,8,0,48,112,0.142857142857,1,0,0.857142857143,1,0.142857142857,0.25,0.714285714286,0.650793650794,0.181818181818,0.316227766017,0.142857142857,565,509,56,0,565,0,509,0,56,95,564,0.0631578947368,1.51383458647,11.8736842105,13.756097561,7.83333333333,8.97780016801,0.756109056703,0.427230309817,8.8855734454,1.49668347041,0.722807017544,7.68365289667,1.29423231416,0.646173945502,0.642127178975,0.424172617482,2.16666666667,NaN,NaN,NaN,0.0226317956796,0.00423344420925,14,0.000101145107105,0.206159134324,NaN,NaN,NaN,NaN,NaN,0.568421052632,0.189473684211,0.242105263158,95,516,0.0577827547592,1.51365272155,10.8631578947,12.5853658537,7.37142857143,8.18484656703,0.753450023128,0.425928192574,8.04065816029,1.48035373106,0.718196654427,7.03131692453,1.29452540277,0.646103631171,0.641481871859,0.423797257275,2.16666666667,NaN,NaN,NaN,0.0143120344535,0.00436999271668,12,8.66958060904e-05,0.184343085678,NaN,NaN,NaN,NaN,NaN,0.557894736842,0.178947368421,0.252631578947,-48,-0.0053751399776,-0.000181864918707,-1.01052631579,-1.17073170732,-0.461904761905,-0.792953600974,-0.00265903357469,-0.00130211724264,-0.844915285107,-0.0163297393516,-0.0046103631171,-0.652335972141,0.000293088616409,-7.03143311023e-05,-0.00064530711622,-0.000375360206166,0,NaN,NaN,NaN,-0.00831976122607,0.000136548507426,-2,-1.44493010151e-05,-0.0218160486464,-0.0105263157895,-0.0105263157895,0.0105263157895,516,0,48,8366,0.914893617021,1,0,0.0851063829787,1,0.914893617021,0.955555555556,0.953768500355,0.914893617021,0.914893617021,8,56,0,10,7,10
140,WLNM_dir_neg_kfold,0.731983418367,0.382642560437,00:00:10,10,90,20,19365,fixed,0.5,1,0.142857142857,0.25,8,0,48,112,0.142857142857,1,0,0.857142857143,1,0.142857142857,0.25,0.714285714286,0.650793650794,0.181818181818,0.316227766017,0.142857142857,565,509,56,0,565,0,509,0,56,95,564,0.0631578947368,1.51383458647,11.8736842105,13.756097561,7.83333333333,8.97780016801,0.756109056703,0.427230309817,8.8855734454,1.49668347041,0.722807017544,7.68365289667,1.29423231416,0.646173945502,0.642127178975,0.424172617482,2.16666666667,NaN,NaN,NaN,0.0226317956796,0.00423344420925,14,0.000101145107105,0.206159134324,NaN,NaN,NaN,NaN,NaN,0.568421052632,0.189473684211,0.242105263158,95,516,0.0577827547592,1.51365272155,10.8631578947,12.5853658537,7.37142857143,8.18484656703,0.753450023128,0.425928192574,8.04065816029,1.48035373106,0.718196654427,7.03131692453,1.29452540277,0.646103631171,0.641481871859,0.423797257275,2.16666666667,NaN,NaN,NaN,0.0143120344535,0.00436999271668,12,8.66958060904e-05,0.184343085678,NaN,NaN,NaN,NaN,NaN,0.557894736842,0.178947368421,0.252631578947,-48,-0.0053751399776,-0.000181864918707,-1.01052631579,-1.17073170732,-0.461904761905,-0.792953600974,-0.00265903357469,-0.00130211724264,-0.844915285107,-0.0163297393516,-0.0046103631171,-0.652335972141,0.000293088616409,-7.03143311023e-05,-0.00064530711622,-0.000375360206166,0,NaN,NaN,NaN,-0.00831976122607,0.000136548507426,-2,-1.44493010151e-05,-0.0218160486464,-0.0105263157895,-0.0105263157895,0.0105263157895,516,0,48,8366,0.914893617021,1,0,0.0851063829787,1,0.914893617021,0.955555555556,0.953768500355,0.914893617021,0.914893617021,8,56,0,10,7,10
141,WLNM_dir_neg_kfold,0.82102997449,0.524825151984,00:00:10,10,90,1,20346,fixed,0.5,1,0.125,0.222222222222,7,0,49,112,0.125,1,0,0.875,1,0.125,0.222222222222,0.708333333333,0.652777777778,0.16,0.29488391231,0.125,565,509,56,0,565,0,509,0,56,95,564,0.0631578947368,1.51383458647,11.8736842105,13.756097561,7.83333333333,8.97780016801,0.756109056703,0.427230309817,8.8855734454,1.49668347041,0.722807017544,7.68365289667,1.29423231416,0.646173945502,0.642127178975,0.424172617482,2.16666666667,NaN,NaN,NaN,0.0226317956796,0.00423344420925,14,0.000101145107105,0.206159134324,NaN,NaN,NaN,NaN,NaN,0.568421052632,0.189473684211,0.242105263158,95,515,0.0576707726764,1.50827260459,10.8421052632,12.5609756098,7.25352112676,8.15190330141,0.751874576344,0.424690853347,8.07620480093,1.48978535163,0.721185487992,7.02363630645,1.29562223129,0.64580480327,0.6352136073,0.421153049766,2.16666666667,NaN,NaN,NaN,0.0253629081041,0.003662109375,10,7.22465050753e-05,0.184668365227,NaN,NaN,NaN,NaN,NaN,0.557894736842,0.189473684211,0.242105263158,-49,-0.00548712206047,-0.00556198187777,-1.03157894737,-1.19512195122,-0.579812206573,-0.825896866592,-0.00423448035866,-0.00253945647014,-0.809368644466,-0.00689811878462,-0.00162152955204,-0.66001659022,0.00138991713151,-0.000369142231741,-0.00691357167525,-0.00301956771602,0,NaN,NaN,NaN,0.00273111242449,-0.000571334834253,-4,-2.88986020301e-05,-0.0214907690978,-0.0105263157895,0,0,515,0,49,8366,0.913120567376,1,0,0.0868794326241,1,0.913120567376,0.954587581094,0.95278724039,0.913120567376,0.913120567376,7,56,0,10,8,10
142,WLNM_dir_neg_kfold,0.771922831633,0.445645415701,00:00:11,10,90,2,20347,fixed,0.5,1,0.142857142857,0.25,8,0,48,112,0.142857142857,1,0,0.857142857143,1,0.142857142857,0.25,0.714285714286,0.650793650794,0.181818181818,0.316227766017,0.142857142857,565,509,56,0,565,0,509,0,56,95,564,0.0631578947368,1.51383458647,11.8736842105,13.756097561,7.83333333333,8.97780016801,0.756109056703,0.427230309817,8.8855734454,1.49668347041,0.722807017544,7.68365289667,1.29423231416,0.646173945502,0.642127178975,0.424172617482,2.16666666667,NaN,NaN,NaN,0.0226317956796,0.00423344420925,14,0.000101145107105,0.206159134324,NaN,NaN,NaN,NaN,NaN,0.568421052632,0.189473684211,0.242105263158,95,516,0.0577827547592,1.51394062078,10.8631578947,12.5853658537,7.2676056338,8.16662972011,0.7517730847,0.424275805794,8.07103124469,1.48594567489,0.72015503876,7.02223312905,1.29285299857,0.645002039984,0.642397828723,0.424321680721,2.16666666667,NaN,NaN,NaN,0.0213292510312,0.0040126459144,11,7.94711555828e-05,0.184948004287,NaN,NaN,NaN,NaN,NaN,0.557894736842,0.189473684211,0.242105263158,-48,-0.0053751399776,0.00010603431656,-1.01052631579,-1.17073170732,-0.565727699531,-0.811170447893,-0.00433597200232,-0.00295450402354,-0.814542200707,-0.0107377955182,-0.00265197878417,-0.661419767622,-0.00137931559036,-0.00117190551837,0.000270649747484,0.000149063239857,0,NaN,NaN,NaN,-0.00130254464841,-0.000220798294856,-3,-2.16739515226e-05,-0.0212111300377,-0.0105263157895,0,0,516,0,48,8366,0.914893617021,1,0,0.0851063829787,1,0.914893617021,0.955555555556,0.953768500355,0.914893617021,0.914893617021,8,56,0,10,8,10
143,WLNM_dir_neg_kfold,0.839285714286,0.508319057212,00:00:11,10,90,3,20348,fixed,0.5,1,0.125,0.222222222222,7,0,49,112,0.125,1,0,0.875,1,0.125,0.222222222222,0.708333333333,0.652777777778,0.16,0.29488391231,0.125,565,509,56,0,565,0,509,0,56,95,564,0.0631578947368,1.51383458647,11.8736842105,13.756097561,7.83333333333,8.97780016801,0.756109056703,0.427230309817,8.8855734454,1.49668347041,0.722807017544,7.68365289667,1.29423231416,0.646173945502,0.642127178975,0.424172617482,2.16666666667,NaN,NaN,NaN,0.0226317956796,0.00423344420925,14,0.000101145107105,0.206159134324,NaN,NaN,NaN,NaN,NaN,0.568421052632,0.189473684211,0.242105263158,95,515,0.0576707726764,1.50827260459,10.8421052632,12.5609756098,7.25352112676,8.15190330141,0.751874576344,0.424690853347,8.07620480093,1.48978535163,0.721185487992,7.02363630645,1.29562223129,0.64580480327,0.6352136073,0.421153049766,2.16666666667,NaN,NaN,NaN,0.0253629081041,0.003662109375,10,7.22465050753e-05,0.184668365227,NaN,NaN,NaN,NaN,NaN,0.557894736842,0.189473684211,0.242105263158,-49,-0.00548712206047,-0.00556198187777,-1.03157894737,-1.19512195122,-0.579812206573,-0.825896866592,-0.00423448035866,-0.00253945647014,-0.809368644466,-0.00689811878462,-0.00162152955204,-0.66001659022,0.00138991713151,-0.000369142231741,-0.00691357167525,-0.00301956771602,0,NaN,NaN,NaN,0.00273111242449,-0.000571334834253,-4,-2.88986020301e-05,-0.0214907690978,-0.0105263157895,0,0,515,0,49,8366,0.913120567376,1,0,0.0868794326241,1,0.913120567376,0.954587581094,0.95278724039,0.913120567376,0.913120567376,7,56,0,10,8,10
144,WLNM_dir_neg_kfold,0.85546875,0.519067389583,00:00:10,10,90,4,20349,fixed,0.5,1,0.125,0.222222222222,7,0,49,112,0.125,1,0,0.875,1,0.125,0.222222222222,0.708333333333,0.652777777778,0.16,0.29488391231,0.125,565,509,56,0,565,0,509,0,56,95,564,0.0631578947368,1.51383458647,11.8736842105,13.756097561,7.83333333333,8.97780016801,0.756109056703,0.427230309817,8.8855734454,1.49668347041,0.722807017544,7.68365289667,1.29423231416,0.646173945502,0.642127178975,0.424172617482,2.16666666667,NaN,NaN,NaN,0.0226317956796,0.00423344420925,14,0.000101145107105,0.206159134324,NaN,NaN,NaN,NaN,NaN,0.568421052632,0.189473684211,0.242105263158,95,515,0.0576707726764,1.50827260459,10.8421052632,12.5609756098,7.25352112676,8.15190330141,0.751874576344,0.424690853347,8.07620480093,1.48978535163,0.721185487992,7.02363630645,1.29562223129,0.64580480327,0.6352136073,0.421153049766,2.16666666667,NaN,NaN,NaN,0.0253629081041,0.003662109375,10,7.22465050753e-05,0.184668365227,NaN,NaN,NaN,NaN,NaN,0.557894736842,0.189473684211,0.242105263158,-49,-0.00548712206047,-0.00556198187777,-1.03157894737,-1.19512195122,-0.579812206573,-0.825896866592,-0.00423448035866,-0.00253945647014,-0.809368644466,-0.00689811878462,-0.00162152955204,-0.66001659022,0.00138991713151,-0.000369142231741,-0.00691357167525,-0.00301956771602,0,NaN,NaN,NaN,0.00273111242449,-0.000571334834253,-4,-2.88986020301e-05,-0.0214907690978,-0.0105263157895,0,0,515,0,49,8366,0.913120567376,1,0,0.0868794326241,1,0.913120567376,0.954587581094,0.95278724039,0.913120567376,0.913120567376,7,56,0,10,8,10
145,WLNM_dir_neg_kfold,0.761160714286,0.427078683055,00:00:10,10,90,5,20350,fixed,0.5,1,0.125,0.222222222222,7,0,49,112,0.125,1,0,0.875,1,0.125,0.222222222222,0.708333333333,0.652777777778,0.16,0.29488391231,0.125,565,509,56,0,565,0,509,0,56,95,564,0.0631578947368,1.51383458647,11.8736842105,13.756097561,7.83333333333,8.97780016801,0.756109056703,0.427230309817,8.8855734454,1.49668347041,0.722807017544,7.68365289667,1.29423231416,0.646173945502,0.642127178975,0.424172617482,2.16666666667,NaN,NaN,NaN,0.0226317956796,0.00423344420925,14,0.000101145107105,0.206159134324,NaN,NaN,NaN,NaN,NaN,0.568421052632,0.189473684211,0.242105263158,95,515,0.0576707726764,1.50827260459,10.8421052632,12.5609756098,7.25352112676,8.15190330141,0.751874576344,0.424690853347,8.07620480093,1.48978535163,0.721185487992,7.02363630645,1.29562223129,0.64580480327,0.6352136073,0.421153049766,2.16666666667,NaN,NaN,NaN,0.0253629081041,0.003662109375,10,7.22465050753e-05,0.184668365227,NaN,NaN,NaN,NaN,NaN,0.557894736842,0.189473684211,0.242105263158,-49,-0.00548712206047,-0.00556198187777,-1.03157894737,-1.19512195122,-0.579812206573,-0.825896866592,-0.00423448035866,-0.00253945647014,-0.809368644466,-0.00689811878462,-0.00162152955204,-0.66001659022,0.00138991713151,-0.000369142231741,-0.00691357167525,-0.00301956771602,0,NaN,NaN,NaN,0.00273111242449,-0.000571334834253,-4,-2.88986020301e-05,-0.0214907690978,-0.0105263157895,0,0,515,0,49,8366,0.913120567376,1,0,0.0868794326241,1,0.913120567376,0.954587581094,0.95278724039,0.913120567376,0.913120567376,7,56,0,10,8,10
146,WLNM_dir_neg_kfold,0.880500637755,0.556190719029,00:00:10,10,90,6,20351,fixed,0.5,1,0.125,0.222222222222,7,0,49,112,0.125,1,0,0.875,1,0.125,0.222222222222,0.708333333333,0.652777777778,0.16,0.29488391231,0.125,565,509,56,0,565,0,509,0,56,95,564,0.0631578947368,1.51383458647,11.8736842105,13.756097561,7.83333333333,8.97780016801,0.756109056703,0.427230309817,8.8855734454,1.49668347041,0.722807017544,7.68365289667,1.29423231416,0.646173945502,0.642127178975,0.424172617482,2.16666666667,NaN,NaN,NaN,0.0226317956796,0.00423344420925,14,0.000101145107105,0.206159134324,NaN,NaN,NaN,NaN,NaN,0.568421052632,0.189473684211,0.242105263158,95,515,0.0576707726764,1.50827260459,10.8421052632,12.5609756098,7.25352112676,8.15190330141,0.751874576344,0.424690853347,8.07620480093,1.48978535163,0.721185487992,7.02363630645,1.29562223129,0.64580480327,0.6352136073,0.421153049766,2.16666666667,NaN,NaN,NaN,0.0253629081041,0.003662109375,10,7.22465050753e-05,0.184668365227,NaN,NaN,NaN,NaN,NaN,0.557894736842,0.189473684211,0.242105263158,-49,-0.00548712206047,-0.00556198187777,-1.03157894737,-1.19512195122,-0.579812206573,-0.825896866592,-0.00423448035866,-0.00253945647014,-0.809368644466,-0.00689811878462,-0.00162152955204,-0.66001659022,0.00138991713151,-0.000369142231741,-0.00691357167525,-0.00301956771602,0,NaN,NaN,NaN,0.00273111242449,-0.000571334834253,-4,-2.88986020301e-05,-0.0214907690978,-0.0105263157895,0,0,515,0,49,8366,0.913120567376,1,0,0.0868794326241,1,0.913120567376,0.954587581094,0.95278724039,0.913120567376,0.913120567376,7,56,0,10,8,10
147,WLNM_dir_neg_kfold,0.86862244898,0.539790032102,00:00:10,10,90,7,20352,fixed,0.5,1,0.125,0.222222222222,7,0,49,112,0.125,1,0,0.875,1,0.125,0.222222222222,0.708333333333,0.652777777778,0.16,0.29488391231,0.125,565,509,56,0,565,0,509,0,56,95,564,0.0631578947368,1.51383458647,11.8736842105,13.756097561,7.83333333333,8.97780016801,0.756109056703,0.427230309817,8.8855734454,1.49668347041,0.722807017544,7.68365289667,1.29423231416,0.646173945502,0.642127178975,0.424172617482,2.16666666667,NaN,NaN,NaN,0.0226317956796,0.00423344420925,14,0.000101145107105,0.206159134324,NaN,NaN,NaN,NaN,NaN,0.568421052632,0.189473684211,0.242105263158,95,515,0.0576707726764,1.50827260459,10.8421052632,12.5609756098,7.25352112676,8.15190330141,0.751874576344,0.424690853347,8.07620480093,1.48978535163,0.721185487992,7.02363630645,1.29562223129,0.64580480327,0.6352136073,0.421153049766,2.16666666667,NaN,NaN,NaN,0.0253629081041,0.003662109375,10,7.22465050753e-05,0.184668365227,NaN,NaN,NaN,NaN,NaN,0.557894736842,0.189473684211,0.242105263158,-49,-0.00548712206047,-0.00556198187777,-1.03157894737,-1.19512195122,-0.579812206573,-0.825896866592,-0.00423448035866,-0.00253945647014,-0.809368644466,-0.00689811878462,-0.00162152955204,-0.66001659022,0.00138991713151,-0.000369142231741,-0.00691357167525,-0.00301956771602,0,NaN,NaN,NaN,0.00273111242449,-0.000571334834253,-4,-2.88986020301e-05,-0.0214907690978,-0.0105263157895,0,0,515,0,49,8366,0.913120567376,1,0,0.0868794326241,1,0.913120567376,0.954587581094,0.95278724039,0.913120567376,0.913120567376,7,56,0,10,8,10
148,WLNM_dir_neg_kfold,0.826211734694,0.488570952857,00:00:10,10,90,8,20353,fixed,0.5,1,0.125,0.222222222222,7,0,49,112,0.125,1,0,0.875,1,0.125,0.222222222222,0.708333333333,0.652777777778,0.16,0.29488391231,0.125,565,509,56,0,565,0,509,0,56,95,564,0.0631578947368,1.51383458647,11.8736842105,13.756097561,7.83333333333,8.97780016801,0.756109056703,0.427230309817,8.8855734454,1.49668347041,0.722807017544,7.68365289667,1.29423231416,0.646173945502,0.642127178975,0.424172617482,2.16666666667,NaN,NaN,NaN,0.0226317956796,0.00423344420925,14,0.000101145107105,0.206159134324,NaN,NaN,NaN,NaN,NaN,0.568421052632,0.189473684211,0.242105263158,95,515,0.0576707726764,1.50827260459,10.8421052632,12.5609756098,7.25352112676,8.15190330141,0.751874576344,0.424690853347,8.07620480093,1.48978535163,0.721185487992,7.02363630645,1.29562223129,0.64580480327,0.6352136073,0.421153049766,2.16666666667,NaN,NaN,NaN,0.0253629081041,0.003662109375,10,7.22465050753e-05,0.184668365227,NaN,NaN,NaN,NaN,NaN,0.557894736842,0.189473684211,0.242105263158,-49,-0.00548712206047,-0.00556198187777,-1.03157894737,-1.19512195122,-0.579812206573,-0.825896866592,-0.00423448035866,-0.00253945647014,-0.809368644466,-0.00689811878462,-0.00162152955204,-0.66001659022,0.00138991713151,-0.000369142231741,-0.00691357167525,-0.00301956771602,0,NaN,NaN,NaN,0.00273111242449,-0.000571334834253,-4,-2.88986020301e-05,-0.0214907690978,-0.0105263157895,0,0,515,0,49,8366,0.913120567376,1,0,0.0868794326241,1,0.913120567376,0.954587581094,0.95278724039,0.913120567376,0.913120567376,7,56,0,10,8,10
149,WLNM_dir_neg_kfold,0.836814413265,0.508486938546,00:00:10,10,90,9,20354,fixed,0.5,1,0.125,0.222222222222,7,0,49,112,0.125,1,0,0.875,1,0.125,0.222222222222,0.708333333333,0.652777777778,0.16,0.29488391231,0.125,565,509,56,0,565,0,509,0,56,95,564,0.0631578947368,1.51383458647,11.8736842105,13.756097561,7.83333333333,8.97780016801,0.756109056703,0.427230309817,8.8855734454,1.49668347041,0.722807017544,7.68365289667,1.29423231416,0.646173945502,0.642127178975,0.424172617482,2.16666666667,NaN,NaN,NaN,0.0226317956796,0.00423344420925,14,0.000101145107105,0.206159134324,NaN,NaN,NaN,NaN,NaN,0.568421052632,0.189473684211,0.242105263158,95,515,0.0576707726764,1.50827260459,10.8421052632,12.5609756098,7.25352112676,8.15190330141,0.751874576344,0.424690853347,8.07620480093,1.48978535163,0.721185487992,7.02363630645,1.29562223129,0.64580480327,0.6352136073,0.421153049766,2.16666666667,NaN,NaN,NaN,0.0253629081041,0.003662109375,10,7.22465050753e-05,0.184668365227,NaN,NaN,NaN,NaN,NaN,0.557894736842,0.189473684211,0.242105263158,-49,-0.00548712206047,-0.00556198187777,-1.03157894737,-1.19512195122,-0.579812206573,-0.825896866592,-0.00423448035866,-0.00253945647014,-0.809368644466,-0.00689811878462,-0.00162152955204,-0.66001659022,0.00138991713151,-0.000369142231741,-0.00691357167525,-0.00301956771602,0,NaN,NaN,NaN,0.00273111242449,-0.000571334834253,-4,-2.88986020301e-05,-0.0214907690978,-0.0105263157895,0,0,515,0,49,8366,0.913120567376,1,0,0.0868794326241,1,0.913120567376,0.954587581094,0.95278724039,0.913120567376,0.913120567376,7,56,0,10,8,10
150,WLNM_dir_neg_kfold,0.407126913265,0.292513537001,00:00:10,10,90,10,20355,fixed,0.5,1,0.142857142857,0.25,8,0,48,112,0.142857142857,1,0,0.857142857143,1,0.142857142857,0.25,0.714285714286,0.650793650794,0.181818181818,0.316227766017,0.142857142857,565,509,56,0,565,0,509,0,56,95,564,0.0631578947368,1.51383458647,11.8736842105,13.756097561,7.83333333333,8.97780016801,0.756109056703,0.427230309817,8.8855734454,1.49668347041,0.722807017544,7.68365289667,1.29423231416,0.646173945502,0.642127178975,0.424172617482,2.16666666667,NaN,NaN,NaN,0.0226317956796,0.00423344420925,14,0.000101145107105,0.206159134324,NaN,NaN,NaN,NaN,NaN,0.568421052632,0.189473684211,0.242105263158,95,516,0.0577827547592,1.51394062078,10.8631578947,12.5853658537,7.2676056338,8.16662972011,0.7517730847,0.424275805794,8.07103124469,1.48594567489,0.72015503876,7.02223312905,1.29285299857,0.645002039984,0.642397828723,0.424321680721,2.16666666667,NaN,NaN,NaN,0.0213292510312,0.0040126459144,11,7.94711555828e-05,0.184948004287,NaN,NaN,NaN,NaN,NaN,0.557894736842,0.189473684211,0.242105263158,-48,-0.0053751399776,0.00010603431656,-1.01052631579,-1.17073170732,-0.565727699531,-0.811170447893,-0.00433597200232,-0.00295450402354,-0.814542200707,-0.0107377955182,-0.00265197878417,-0.661419767622,-0.00137931559036,-0.00117190551837,0.000270649747484,0.000149063239857,0,NaN,NaN,NaN,-0.00130254464841,-0.000220798294856,-3,-2.16739515226e-05,-0.0212111300377,-0.0105263157895,0,0,516,0,48,8366,0.914893617021,1,0,0.0851063829787,1,0.914893617021,0.955555555556,0.953768500355,0.914893617021,0.914893617021,8,56,0,10,8,10
151,WLNM_dir_neg_kfold,0.826610331633,0.483867222056,00:00:11,10,90,11,20356,fixed,0.5,1,0.125,0.222222222222,7,0,49,112,0.125,1,0,0.875,1,0.125,0.222222222222,0.708333333333,0.652777777778,0.16,0.29488391231,0.125,565,509,56,0,565,0,509,0,56,95,564,0.0631578947368,1.51383458647,11.8736842105,13.756097561,7.83333333333,8.97780016801,0.756109056703,0.427230309817,8.8855734454,1.49668347041,0.722807017544,7.68365289667,1.29423231416,0.646173945502,0.642127178975,0.424172617482,2.16666666667,NaN,NaN,NaN,0.0226317956796,0.00423344420925,14,0.000101145107105,0.206159134324,NaN,NaN,NaN,NaN,NaN,0.568421052632,0.189473684211,0.242105263158,95,515,0.0576707726764,1.50827260459,10.8421052632,12.5609756098,7.25352112676,8.15190330141,0.751874576344,0.424690853347,8.07620480093,1.48978535163,0.721185487992,7.02363630645,1.29562223129,0.64580480327,0.6352136073,0.421153049766,2.16666666667,NaN,NaN,NaN,0.0253629081041,0.003662109375,10,7.22465050753e-05,0.184668365227,NaN,NaN,NaN,NaN,NaN,0.557894736842,0.189473684211,0.242105263158,-49,-0.00548712206047,-0.00556198187777,-1.03157894737,-1.19512195122,-0.579812206573,-0.825896866592,-0.00423448035866,-0.00253945647014,-0.809368644466,-0.00689811878462,-0.00162152955204,-0.66001659022,0.00138991713151,-0.000369142231741,-0.00691357167525,-0.00301956771602,0,NaN,NaN,NaN,0.00273111242449,-0.000571334834253,-4,-2.88986020301e-05,-0.0214907690978,-0.0105263157895,0,0,515,0,49,8366,0.913120567376,1,0,0.0868794326241,1,0.913120567376,0.954587581094,0.95278724039,0.913120567376,0.913120567376,7,56,0,10,8,10
152,WLNM_dir_neg_kfold,0.792649872449,0.454123993347,00:00:10,10,90,12,20357,fixed,0.5,1,0.125,0.222222222222,7,0,49,112,0.125,1,0,0.875,1,0.125,0.222222222222,0.708333333333,0.652777777778,0.16,0.29488391231,0.125,565,509,56,0,565,0,509,0,56,95,564,0.0631578947368,1.51383458647,11.8736842105,13.756097561,7.83333333333,8.97780016801,0.756109056703,0.427230309817,8.8855734454,1.49668347041,0.722807017544,7.68365289667,1.29423231416,0.646173945502,0.642127178975,0.424172617482,2.16666666667,NaN,NaN,NaN,0.0226317956796,0.00423344420925,14,0.000101145107105,0.206159134324,NaN,NaN,NaN,NaN,NaN,0.568421052632,0.189473684211,0.242105263158,95,515,0.0576707726764,1.50827260459,10.8421052632,12.5609756098,7.25352112676,8.15190330141,0.751874576344,0.424690853347,8.07620480093,1.48978535163,0.721185487992,7.02363630645,1.29562223129,0.64580480327,0.6352136073,0.421153049766,2.16666666667,NaN,NaN,NaN,0.0253629081041,0.003662109375,10,7.22465050753e-05,0.184668365227,NaN,NaN,NaN,NaN,NaN,0.557894736842,0.189473684211,0.242105263158,-49,-0.00548712206047,-0.00556198187777,-1.03157894737,-1.19512195122,-0.579812206573,-0.825896866592,-0.00423448035866,-0.00253945647014,-0.809368644466,-0.00689811878462,-0.00162152955204,-0.66001659022,0.00138991713151,-0.000369142231741,-0.00691357167525,-0.00301956771602,0,NaN,NaN,NaN,0.00273111242449,-0.000571334834253,-4,-2.88986020301e-05,-0.0214907690978,-0.0105263157895,0,0,515,0,49,8366,0.913120567376,1,0,0.0868794326241,1,0.913120567376,0.954587581094,0.95278724039,0.913120567376,0.913120567376,7,56,0,10,8,10
153,WLNM_dir_neg_kfold,0.758609693878,0.438090735382,00:00:11,10,90,13,20358,fixed,0.5,1,0.125,0.222222222222,7,0,49,112,0.125,1,0,0.875,1,0.125,0.222222222222,0.708333333333,0.652777777778,0.16,0.29488391231,0.125,565,509,56,0,565,0,509,0,56,95,564,0.0631578947368,1.51383458647,11.8736842105,13.756097561,7.83333333333,8.97780016801,0.756109056703,0.427230309817,8.8855734454,1.49668347041,0.722807017544,7.68365289667,1.29423231416,0.646173945502,0.642127178975,0.424172617482,2.16666666667,NaN,NaN,NaN,0.0226317956796,0.00423344420925,14,0.000101145107105,0.206159134324,NaN,NaN,NaN,NaN,NaN,0.568421052632,0.189473684211,0.242105263158,95,515,0.0576707726764,1.50827260459,10.8421052632,12.5609756098,7.25352112676,8.15190330141,0.751874576344,0.424690853347,8.07620480093,1.48978535163,0.721185487992,7.02363630645,1.29562223129,0.64580480327,0.6352136073,0.421153049766,2.16666666667,NaN,NaN,NaN,0.0253629081041,0.003662109375,10,7.22465050753e-05,0.184668365227,NaN,NaN,NaN,NaN,NaN,0.557894736842,0.189473684211,0.242105263158,-49,-0.00548712206047,-0.00556198187777,-1.03157894737,-1.19512195122,-0.579812206573,-0.825896866592,-0.00423448035866,-0.00253945647014,-0.809368644466,-0.00689811878462,-0.00162152955204,-0.66001659022,0.00138991713151,-0.000369142231741,-0.00691357167525,-0.00301956771602,0,NaN,NaN,NaN,0.00273111242449,-0.000571334834253,-4,-2.88986020301e-05,-0.0214907690978,-0.0105263157895,0,0,515,0,49,8366,0.913120567376,1,0,0.0868794326241,1,0.913120567376,0.954587581094,0.95278724039,0.913120567376,0.913120567376,7,56,0,10,8,10
154,WLNM_dir_neg_kfold,0.829719387755,0.496694146536,00:00:10,10,90,14,20359,fixed,0.5,1,0.125,0.222222222222,7,0,49,112,0.125,1,0,0.875,1,0.125,0.222222222222,0.708333333333,0.652777777778,0.16,0.29488391231,0.125,565,509,56,0,565,0,509,0,56,95,564,0.0631578947368,1.51383458647,11.8736842105,13.756097561,7.83333333333,8.97780016801,0.756109056703,0.427230309817,8.8855734454,1.49668347041,0.722807017544,7.68365289667,1.29423231416,0.646173945502,0.642127178975,0.424172617482,2.16666666667,NaN,NaN,NaN,0.0226317956796,0.00423344420925,14,0.000101145107105,0.206159134324,NaN,NaN,NaN,NaN,NaN,0.568421052632,0.189473684211,0.242105263158,95,515,0.0576707726764,1.50827260459,10.8421052632,12.5609756098,7.25352112676,8.15190330141,0.751874576344,0.424690853347,8.07620480093,1.48978535163,0.721185487992,7.02363630645,1.29562223129,0.64580480327,0.6352136073,0.421153049766,2.16666666667,NaN,NaN,NaN,0.0253629081041,0.003662109375,10,7.22465050753e-05,0.184668365227,NaN,NaN,NaN,NaN,NaN,0.557894736842,0.189473684211,0.242105263158,-49,-0.00548712206047,-0.00556198187777,-1.03157894737,-1.19512195122,-0.579812206573,-0.825896866592,-0.00423448035866,-0.00253945647014,-0.809368644466,-0.00689811878462,-0.00162152955204,-0.66001659022,0.00138991713151,-0.000369142231741,-0.00691357167525,-0.00301956771602,0,NaN,NaN,NaN,0.00273111242449,-0.000571334834253,-4,-2.88986020301e-05,-0.0214907690978,-0.0105263157895,0,0,515,0,49,8366,0.913120567376,1,0,0.0868794326241,1,0.913120567376,0.954587581094,0.95278724039,0.913120567376,0.913120567376,7,56,0,10,8,10
155,WLNM_dir_neg_kfold,0.788185586735,0.455546703495,00:00:11,10,90,15,20360,fixed,0.5,1,0.125,0.222222222222,7,0,49,112,0.125,1,0,0.875,1,0.125,0.222222222222,0.708333333333,0.652777777778,0.16,0.29488391231,0.125,565,509,56,0,565,0,509,0,56,95,564,0.0631578947368,1.51383458647,11.8736842105,13.756097561,7.83333333333,8.97780016801,0.756109056703,0.427230309817,8.8855734454,1.49668347041,0.722807017544,7.68365289667,1.29423231416,0.646173945502,0.642127178975,0.424172617482,2.16666666667,NaN,NaN,NaN,0.0226317956796,0.00423344420925,14,0.000101145107105,0.206159134324,NaN,NaN,NaN,NaN,NaN,0.568421052632,0.189473684211,0.242105263158,95,515,0.0576707726764,1.50827260459,10.8421052632,12.5609756098,7.25352112676,8.15190330141,0.751874576344,0.424690853347,8.07620480093,1.48978535163,0.721185487992,7.02363630645,1.29562223129,0.64580480327,0.6352136073,0.421153049766,2.16666666667,NaN,NaN,NaN,0.0253629081041,0.003662109375,10,7.22465050753e-05,0.184668365227,NaN,NaN,NaN,NaN,NaN,0.557894736842,0.189473684211,0.242105263158,-49,-0.00548712206047,-0.00556198187777,-1.03157894737,-1.19512195122,-0.579812206573,-0.825896866592,-0.00423448035866,-0.00253945647014,-0.809368644466,-0.00689811878462,-0.00162152955204,-0.66001659022,0.00138991713151,-0.000369142231741,-0.00691357167525,-0.00301956771602,0,NaN,NaN,NaN,0.00273111242449,-0.000571334834253,-4,-2.88986020301e-05,-0.0214907690978,-0.0105263157895,0,0,515,0,49,8366,0.913120567376,1,0,0.0868794326241,1,0.913120567376,0.954587581094,0.95278724039,0.913120567376,0.913120567376,7,56,0,10,8,10
156,WLNM_dir_neg_kfold,0.734933035714,0.414373517362,00:00:10,10,90,16,20361,fixed,0.5,0.875,0.125,0.21875,7,1,49,111,0.125,0.991071428571,0.00892857142857,0.875,0.875,0.125,0.21875,0.702380952381,0.650793650794,0.147727272727,0.256935059889,0.116071428571,565,509,56,0,565,0,509,0,56,95,564,0.0631578947368,1.51383458647,11.8736842105,13.756097561,7.83333333333,8.97780016801,0.756109056703,0.427230309817,8.8855734454,1.49668347041,0.722807017544,7.68365289667,1.29423231416,0.646173945502,0.642127178975,0.424172617482,2.16666666667,NaN,NaN,NaN,0.0226317956796,0.00423344420925,14,0.000101145107105,0.206159134324,NaN,NaN,NaN,NaN,NaN,0.568421052632,0.189473684211,0.242105263158,95,516,0.0577827547592,1.56328490214,10.8631578947,12.2857142857,7.2676056338,8.16011384766,0.75117327086,0.424357405141,8.06971305295,1.48570298456,0.720032639739,7.02677649466,1.29368947092,0.645491636067,0.708513539658,0.453220995538,3,NaN,NaN,NaN,0.0253380880495,0.00365007908505,10,7.22465050753e-05,0.178294300603,NaN,NaN,NaN,NaN,NaN,0.547368421053,0.2,0.242105263158,-48,-0.0053751399776,0.0494503156757,-1.01052631579,-1.47038327526,-0.565727699531,-0.81768632035,-0.00493578584283,-0.00287290467634,-0.815860392443,-0.0109804858572,-0.00277437780498,-0.656876402008,-0.000542843238955,-0.000682309435142,0.0663863606827,0.0290483780564,0.833333333333,NaN,NaN,NaN,0.00270629236988,-0.000583365124206,-4,-2.88986020301e-05,-0.0278648337215,-0.0210526315789,0.0105263157895,0,515,1,49,8365,0.913120567376,0.999880468563,0.000119531436768,0.0868794326241,0.998062015504,0.913120567376,0.953703703704,0.951795501324,0.913001035939,0.911504424779,8,56,0,10,8,10
157,WLNM_dir_neg_kfold,0.841916454082,0.498257362155,00:00:10,10,90,17,20362,fixed,0.5,0.875,0.125,0.21875,7,1,49,111,0.125,0.991071428571,0.00892857142857,0.875,0.875,0.125,0.21875,0.702380952381,0.650793650794,0.147727272727,0.256935059889,0.116071428571,565,509,56,0,565,0,509,0,56,95,564,0.0631578947368,1.51383458647,11.8736842105,13.756097561,7.83333333333,8.97780016801,0.756109056703,0.427230309817,8.8855734454,1.49668347041,0.722807017544,7.68365289667,1.29423231416,0.646173945502,0.642127178975,0.424172617482,2.16666666667,NaN,NaN,NaN,0.0226317956796,0.00423344420925,14,0.000101145107105,0.206159134324,NaN,NaN,NaN,NaN,NaN,0.568421052632,0.189473684211,0.242105263158,95,516,0.0577827547592,1.51389563653,10.8631578947,12.5853658537,7.16666666667,8.14445448497,0.74973175976,0.423561811506,8.07234922117,1.4861883256,0.720236638107,7.01617073165,1.29173685951,0.643574051408,0.646352660833,0.426946643638,2.16666666667,NaN,NaN,NaN,0.0304030156758,0.00402095771902,11,7.94711555828e-05,0.183930850709,NaN,NaN,NaN,NaN,NaN,0.557894736842,0.2,0.231578947368,-48,-0.0053751399776,6.10500610498e-05,-1.01052631579,-1.17073170732,-0.666666666667,-0.833345683035,-0.00637729694267,-0.00366849831159,-0.813224224228,-0.0104951448099,-0.00257037943696,-0.667482165016,-0.00249545464542,-0.00259989409446,0.00422548185793,0.00277402615636,0,NaN,NaN,NaN,0.00777121999624,-0.000212486490233,-3,-2.16739515226e-05,-0.0222282836158,-0.0105263157895,0.0105263157895,-0.0105263157895,515,1,49,8365,0.913120567376,0.999880468563,0.000119531436768,0.0868794326241,0.998062015504,0.913120567376,0.953703703704,0.951795501324,0.913001035939,0.911504424779,8,56,0,10,8,10
158,WLNM_dir_neg_kfold,0.618702168367,0.356558794016,00:00:10,10,90,18,20363,fixed,0.5,1,0.125,0.222222222222,7,0,49,112,0.125,1,0,0.875,1,0.125,0.222222222222,0.708333333333,0.652777777778,0.16,0.29488391231,0.125,565,509,56,0,565,0,509,0,56,95,564,0.0631578947368,1.51383458647,11.8736842105,13.756097561,7.83333333333,8.97780016801,0.756109056703,0.427230309817,8.8855734454,1.49668347041,0.722807017544,7.68365289667,1.29423231416,0.646173945502,0.642127178975,0.424172617482,2.16666666667,NaN,NaN,NaN,0.0226317956796,0.00423344420925,14,0.000101145107105,0.206159134324,NaN,NaN,NaN,NaN,NaN,0.568421052632,0.189473684211,0.242105263158,95,515,0.0576707726764,1.50827260459,10.8421052632,12.5609756098,7.25352112676,8.15190330141,0.751874576344,0.424690853347,8.07620480093,1.48978535163,0.721185487992,7.02363630645,1.29562223129,0.64580480327,0.6352136073,0.421153049766,2.16666666667,NaN,NaN,NaN,0.0253629081041,0.003662109375,10,7.22465050753e-05,0.184668365227,NaN,NaN,NaN,NaN,NaN,0.557894736842,0.189473684211,0.242105263158,-49,-0.00548712206047,-0.00556198187777,-1.03157894737,-1.19512195122,-0.579812206573,-0.825896866592,-0.00423448035866,-0.00253945647014,-0.809368644466,-0.00689811878462,-0.00162152955204,-0.66001659022,0.00138991713151,-0.000369142231741,-0.00691357167525,-0.00301956771602,0,NaN,NaN,NaN,0.00273111242449,-0.000571334834253,-4,-2.88986020301e-05,-0.0214907690978,-0.0105263157895,0,0,515,0,49,8366,0.913120567376,1,0,0.0868794326241,1,0.913120567376,0.954587581094,0.95278724039,0.913120567376,0.913120567376,7,56,0,10,8,10
159,WLNM_dir_neg_kfold,0.795998086735,0.455158259698,00:00:10,10,90,19,20364,fixed,0.5,1,0.125,0.222222222222,7,0,49,112,0.125,1,0,0.875,1,0.125,0.222222222222,0.708333333333,0.652777777778,0.16,0.29488391231,0.125,565,509,56,0,565,0,509,0,56,95,564,0.0631578947368,1.51383458647,11.8736842105,13.756097561,7.83333333333,8.97780016801,0.756109056703,0.427230309817,8.8855734454,1.49668347041,0.722807017544,7.68365289667,1.29423231416,0.646173945502,0.642127178975,0.424172617482,2.16666666667,NaN,NaN,NaN,0.0226317956796,0.00423344420925,14,0.000101145107105,0.206159134324,NaN,NaN,NaN,NaN,NaN,0.568421052632,0.189473684211,0.242105263158,95,515,0.0576707726764,1.50827260459,10.8421052632,12.5609756098,7.25352112676,8.15190330141,0.751874576344,0.424690853347,8.07620480093,1.48978535163,0.721185487992,7.02363630645,1.29562223129,0.64580480327,0.6352136073,0.421153049766,2.16666666667,NaN,NaN,NaN,0.0253629081041,0.003662109375,10,7.22465050753e-05,0.184668365227,NaN,NaN,NaN,NaN,NaN,0.557894736842,0.189473684211,0.242105263158,-49,-0.00548712206047,-0.00556198187777,-1.03157894737,-1.19512195122,-0.579812206573,-0.825896866592,-0.00423448035866,-0.00253945647014,-0.809368644466,-0.00689811878462,-0.00162152955204,-0.66001659022,0.00138991713151,-0.000369142231741,-0.00691357167525,-0.00301956771602,0,NaN,NaN,NaN,0.00273111242449,-0.000571334834253,-4,-2.88986020301e-05,-0.0214907690978,-0.0105263157895,0,0,515,0,49,8366,0.913120567376,1,0,0.0868794326241,1,0.913120567376,0.954587581094,0.95278724039,0.913120567376,0.913120567376,7,56,0,10,8,10
160,WLNM_dir_neg_kfold,0.837133290816,0.496376391466,00:00:10,10,90,20,20365,fixed,0.5,1,0.125,0.222222222222,7,0,49,112,0.125,1,0,0.875,1,0.125,0.222222222222,0.708333333333,0.652777777778,0.16,0.29488391231,0.125,565,509,56,0,565,0,509,0,56,95,564,0.0631578947368,1.51383458647,11.8736842105,13.756097561,7.83333333333,8.97780016801,0.756109056703,0.427230309817,8.8855734454,1.49668347041,0.722807017544,7.68365289667,1.29423231416,0.646173945502,0.642127178975,0.424172617482,2.16666666667,NaN,NaN,NaN,0.0226317956796,0.00423344420925,14,0.000101145107105,0.206159134324,NaN,NaN,NaN,NaN,NaN,0.568421052632,0.189473684211,0.242105263158,95,515,0.0576707726764,1.50827260459,10.8421052632,12.5609756098,7.25352112676,8.15190330141,0.751874576344,0.424690853347,8.07620480093,1.48978535163,0.721185487992,7.02363630645,1.29562223129,0.64580480327,0.6352136073,0.421153049766,2.16666666667,NaN,NaN,NaN,0.0253629081041,0.003662109375,10,7.22465050753e-05,0.184668365227,NaN,NaN,NaN,NaN,NaN,0.557894736842,0.189473684211,0.242105263158,-49,-0.00548712206047,-0.00556198187777,-1.03157894737,-1.19512195122,-0.579812206573,-0.825896866592,-0.00423448035866,-0.00253945647014,-0.809368644466,-0.00689811878462,-0.00162152955204,-0.66001659022,0.00138991713151,-0.000369142231741,-0.00691357167525,-0.00301956771602,0,NaN,NaN,NaN,0.00273111242449,-0.000571334834253,-4,-2.88986020301e-05,-0.0214907690978,-0.0105263157895,0,0,515,0,49,8366,0.913120567376,1,0,0.0868794326241,1,0.913120567376,0.954587581094,0.95278724039,0.913120567376,0.913120567376,7,56,0,10,8,10
161,WLNM_dir_neg_kfold,0.853714923469,0.521813399827,00:00:10,10,90,1,21346,fixed,0.5,1,0.196428571429,0.328358208955,11,0,45,112,0.196428571429,1,0,0.803571428571,1,0.196428571429,0.328358208955,0.732142857143,0.644841269841,0.245810055866,0.374335930062,0.196428571429,565,509,56,0,565,0,509,0,56,95,564,0.0631578947368,1.51383458647,11.8736842105,13.756097561,7.83333333333,8.97780016801,0.756109056703,0.427230309817,8.8855734454,1.49668347041,0.722807017544,7.68365289667,1.29423231416,0.646173945502,0.642127178975,0.424172617482,2.16666666667,NaN,NaN,NaN,0.0226317956796,0.00423344420925,14,0.000101145107105,0.206159134324,NaN,NaN,NaN,NaN,NaN,0.568421052632,0.189473684211,0.242105263158,95,519,0.0581187010078,1.51360066834,10.9263157895,12.6585365854,7.41428571429,8.22068240847,0.752374594224,0.424358584322,8.09230068319,1.48124964336,0.718953452997,7.06626767521,1.29344013323,0.645289524389,0.641516290557,0.423834571414,2.16666666667,NaN,NaN,NaN,0.0234217679132,0.00504322766571,14,0.000101145107105,0.186338932143,NaN,NaN,NaN,NaN,NaN,0.557894736842,0.178947368421,0.252631578947,-45,-0.005039193729,-0.000233918128655,-0.947368421053,-1.09756097561,-0.419047619048,-0.757117759537,-0.00373446247862,-0.00287172549502,-0.793272762207,-0.0154338270541,-0.00385356454721,-0.617385221455,-0.000792180927311,-0.000884421113046,-0.000610888418479,-0.000338046067417,0,NaN,NaN,NaN,0.000789972233637,0.000809783456453,0,0,-0.0198202021817,-0.0105263157895,-0.0105263157895,0.0105263157895,519,0,45,8366,0.920212765957,1,0,0.0797872340426,1,0.920212765957,0.958448753463,0.956707636555,0.920212765957,0.920212765957,11,56,0,10,9,10
162,WLNM_dir_neg_kfold,0.820153061224,0.445264118967,00:00:10,10,90,2,21347,fixed,0.5,1,0.196428571429,0.328358208955,11,0,45,112,0.196428571429,1,0,0.803571428571,1,0.196428571429,0.328358208955,0.732142857143,0.644841269841,0.245810055866,0.374335930062,0.196428571429,565,509,56,0,565,0,509,0,56,95,564,0.0631578947368,1.51383458647,11.8736842105,13.756097561,7.83333333333,8.97780016801,0.756109056703,0.427230309817,8.8855734454,1.49668347041,0.722807017544,7.68365289667,1.29423231416,0.646173945502,0.642127178975,0.424172617482,2.16666666667,NaN,NaN,NaN,0.0226317956796,0.00423344420925,14,0.000101145107105,0.206159134324,NaN,NaN,NaN,NaN,NaN,0.568421052632,0.189473684211,0.242105263158,95,519,0.0581187010078,1.51360066834,10.9263157895,12.6585365854,7.41428571429,8.22068240847,0.752374594224,0.424358584322,8.09230068319,1.48124964336,0.718953452997,7.06626767521,1.29344013323,0.645289524389,0.641516290557,0.423834571414,2.16666666667,NaN,NaN,NaN,0.0234217679132,0.00504322766571,14,0.000101145107105,0.186338932143,NaN,NaN,NaN,NaN,NaN,0.557894736842,0.178947368421,0.252631578947,-45,-0.005039193729,-0.000233918128655,-0.947368421053,-1.09756097561,-0.419047619048,-0.757117759537,-0.00373446247862,-0.00287172549502,-0.793272762207,-0.0154338270541,-0.00385356454721,-0.617385221455,-0.000792180927311,-0.000884421113046,-0.000610888418479,-0.000338046067417,0,NaN,NaN,NaN,0.000789972233637,0.000809783456453,0,0,-0.0198202021817,-0.0105263157895,-0.0105263157895,0.0105263157895,519,0,45,8366,0.920212765957,1,0,0.0797872340426,1,0.920212765957,0.958448753463,0.956707636555,0.920212765957,0.920212765957,11,56,0,10,9,10
163,WLNM_dir_neg_kfold,0.848931760204,0.624081098269,00:00:10,10,90,3,21348,fixed,0.5,1,0.196428571429,0.328358208955,11,0,45,112,0.196428571429,1,0,0.803571428571,1,0.196428571429,0.328358208955,0.732142857143,0.644841269841,0.245810055866,0.374335930062,0.196428571429,565,509,56,0,565,0,509,0,56,95,564,0.0631578947368,1.51383458647,11.8736842105,13.756097561,7.83333333333,8.97780016801,0.756109056703,0.427230309817,8.8855734454,1.49668347041,0.722807017544,7.68365289667,1.29423231416,0.646173945502,0.642127178975,0.424172617482,2.16666666667,NaN,NaN,NaN,0.0226317956796,0.00423344420925,14,0.000101145107105,0.206159134324,NaN,NaN,NaN,NaN,NaN,0.568421052632,0.189473684211,0.242105263158,95,519,0.0581187010078,1.51360066834,10.9263157895,12.6585365854,7.41428571429,8.22068240847,0.752374594224,0.424358584322,8.09230068319,1.48124964336,0.718953452997,7.06626767521,1.29344013323,0.645289524389,0.641516290557,0.423834571414,2.16666666667,NaN,NaN,NaN,0.0234217679132,0.00504322766571,14,0.000101145107105,0.186338932143,NaN,NaN,NaN,NaN,NaN,0.557894736842,0.178947368421,0.252631578947,-45,-0.005039193729,-0.000233918128655,-0.947368421053,-1.09756097561,-0.419047619048,-0.757117759537,-0.00373446247862,-0.00287172549502,-0.793272762207,-0.0154338270541,-0.00385356454721,-0.617385221455,-0.000792180927311,-0.000884421113046,-0.000610888418479,-0.000338046067417,0,NaN,NaN,NaN,0.000789972233637,0.000809783456453,0,0,-0.0198202021817,-0.0105263157895,-0.0105263157895,0.0105263157895,519,0,45,8366,0.920212765957,1,0,0.0797872340426,1,0.920212765957,0.958448753463,0.956707636555,0.920212765957,0.920212765957,11,56,0,10,9,10
164,WLNM_dir_neg_kfold,0.810666454082,0.579666005553,00:00:10,10,90,4,21349,fixed,0.5,1,0.196428571429,0.328358208955,11,0,45,112,0.196428571429,1,0,0.803571428571,1,0.196428571429,0.328358208955,0.732142857143,0.644841269841,0.245810055866,0.374335930062,0.196428571429,565,509,56,0,565,0,509,0,56,95,564,0.0631578947368,1.51383458647,11.8736842105,13.756097561,7.83333333333,8.97780016801,0.756109056703,0.427230309817,8.8855734454,1.49668347041,0.722807017544,7.68365289667,1.29423231416,0.646173945502,0.642127178975,0.424172617482,2.16666666667,NaN,NaN,NaN,0.0226317956796,0.00423344420925,14,0.000101145107105,0.206159134324,NaN,NaN,NaN,NaN,NaN,0.568421052632,0.189473684211,0.242105263158,95,519,0.0581187010078,1.51360066834,10.9263157895,12.6585365854,7.41428571429,8.22068240847,0.752374594224,0.424358584322,8.09230068319,1.48124964336,0.718953452997,7.06626767521,1.29344013323,0.645289524389,0.641516290557,0.423834571414,2.16666666667,NaN,NaN,NaN,0.0234217679132,0.00504322766571,14,0.000101145107105,0.186338932143,NaN,NaN,NaN,NaN,NaN,0.557894736842,0.178947368421,0.252631578947,-45,-0.005039193729,-0.000233918128655,-0.947368421053,-1.09756097561,-0.419047619048,-0.757117759537,-0.00373446247862,-0.00287172549502,-0.793272762207,-0.0154338270541,-0.00385356454721,-0.617385221455,-0.000792180927311,-0.000884421113046,-0.000610888418479,-0.000338046067417,0,NaN,NaN,NaN,0.000789972233637,0.000809783456453,0,0,-0.0198202021817,-0.0105263157895,-0.0105263157895,0.0105263157895,519,0,45,8366,0.920212765957,1,0,0.0797872340426,1,0.920212765957,0.958448753463,0.956707636555,0.920212765957,0.920212765957,11,56,0,10,9,10
165,WLNM_dir_neg_kfold,0.748644770408,0.413403091262,00:00:10,10,90,5,21350,fixed,0.5,1,0.160714285714,0.276923076923,9,0,47,112,0.160714285714,1,0,0.839285714286,1,0.160714285714,0.276923076923,0.720238095238,0.64880952381,0.203389830508,0.336463292455,0.160714285714,565,509,56,0,565,0,509,0,56,95,564,0.0631578947368,1.51383458647,11.8736842105,13.756097561,7.83333333333,8.97780016801,0.756109056703,0.427230309817,8.8855734454,1.49668347041,0.722807017544,7.68365289667,1.29423231416,0.646173945502,0.642127178975,0.424172617482,2.16666666667,NaN,NaN,NaN,0.0226317956796,0.00423344420925,14,0.000101145107105,0.206159134324,NaN,NaN,NaN,NaN,NaN,0.568421052632,0.189473684211,0.242105263158,95,517,0.0578947368421,1.50833751044,10.8842105263,12.6097560976,7.38571428571,8.22795333758,0.755953159642,0.426264888527,8.10268643325,1.48888822274,0.720961009875,7.06461935171,1.29814088668,0.646197699277,0.635359048166,0.421231351582,2.16666666667,NaN,NaN,NaN,0.0214826682127,0.00434153400868,12,8.66958060904e-05,0.18369665572,NaN,NaN,NaN,NaN,NaN,0.557894736842,0.178947368421,0.252631578947,-47,-0.00526315789474,-0.00549707602339,-0.989473684211,-1.14634146341,-0.447619047619,-0.749846830425,-0.000155897060292,-0.000965421290169,-0.782887012144,-0.00779524766784,-0.00184600766908,-0.619033544961,0.00390857252232,2.37537751535e-05,-0.00676813080974,-0.0029412658995,0,NaN,NaN,NaN,-0.00114912746693,0.00010808979943,-2,-1.44493010151e-05,-0.0224624786044,-0.0105263157895,-0.0105263157895,0.0105263157895,517,0,47,8366,0.916666666667,1,0,0.0833333333333,1,0.916666666667,0.95652173913,0.954748984726,0.916666666667,0.916666666667,9,56,0,10,9,10
166,WLNM_dir_neg_kfold,0.841039540816,0.516899772157,00:00:10,10,90,6,21351,fixed,0.5,1,0.196428571429,0.328358208955,11,0,45,112,0.196428571429,1,0,0.803571428571,1,0.196428571429,0.328358208955,0.732142857143,0.644841269841,0.245810055866,0.374335930062,0.196428571429,565,509,56,0,565,0,509,0,56,95,564,0.0631578947368,1.51383458647,11.8736842105,13.756097561,7.83333333333,8.97780016801,0.756109056703,0.427230309817,8.8855734454,1.49668347041,0.722807017544,7.68365289667,1.29423231416,0.646173945502,0.642127178975,0.424172617482,2.16666666667,NaN,NaN,NaN,0.0226317956796,0.00423344420925,14,0.000101145107105,0.206159134324,NaN,NaN,NaN,NaN,NaN,0.568421052632,0.189473684211,0.242105263158,95,519,0.0581187010078,1.51360066834,10.9263157895,12.6585365854,7.41428571429,8.22068240847,0.752374594224,0.424358584322,8.09230068319,1.48124964336,0.718953452997,7.06626767521,1.29344013323,0.645289524389,0.641516290557,0.423834571414,2.16666666667,NaN,NaN,NaN,0.0234217679132,0.00504322766571,14,0.000101145107105,0.186338932143,NaN,NaN,NaN,NaN,NaN,0.557894736842,0.178947368421,0.252631578947,-45,-0.005039193729,-0.000233918128655,-0.947368421053,-1.09756097561,-0.419047619048,-0.757117759537,-0.00373446247862,-0.00287172549502,-0.793272762207,-0.0154338270541,-0.00385356454721,-0.617385221455,-0.000792180927311,-0.000884421113046,-0.000610888418479,-0.000338046067417,0,NaN,NaN,NaN,0.000789972233637,0.000809783456453,0,0,-0.0198202021817,-0.0105263157895,-0.0105263157895,0.0105263157895,519,0,45,8366,0.920212765957,1,0,0.0797872340426,1,0.920212765957,0.958448753463,0.956707636555,0.920212765957,0.920212765957,11,56,0,10,9,10
167,WLNM_dir_neg_kfold,0.854671556122,0.547434509501,00:00:10,10,90,7,21352,fixed,0.5,1,0.196428571429,0.328358208955,11,0,45,112,0.196428571429,1,0,0.803571428571,1,0.196428571429,0.328358208955,0.732142857143,0.644841269841,0.245810055866,0.374335930062,0.196428571429,565,509,56,0,565,0,509,0,56,95,564,0.0631578947368,1.51383458647,11.8736842105,13.756097561,7.83333333333,8.97780016801,0.756109056703,0.427230309817,8.8855734454,1.49668347041,0.722807017544,7.68365289667,1.29423231416,0.646173945502,0.642127178975,0.424172617482,2.16666666667,NaN,NaN,NaN,0.0226317956796,0.00423344420925,14,0.000101145107105,0.206159134324,NaN,NaN,NaN,NaN,NaN,0.568421052632,0.189473684211,0.242105263158,95,519,0.0581187010078,1.51360066834,10.9263157895,12.6585365854,7.41428571429,8.22068240847,0.752374594224,0.424358584322,8.09230068319,1.48124964336,0.718953452997,7.06626767521,1.29344013323,0.645289524389,0.641516290557,0.423834571414,2.16666666667,NaN,NaN,NaN,0.0234217679132,0.00504322766571,14,0.000101145107105,0.186338932143,NaN,NaN,NaN,NaN,NaN,0.557894736842,0.178947368421,0.252631578947,-45,-0.005039193729,-0.000233918128655,-0.947368421053,-1.09756097561,-0.419047619048,-0.757117759537,-0.00373446247862,-0.00287172549502,-0.793272762207,-0.0154338270541,-0.00385356454721,-0.617385221455,-0.000792180927311,-0.000884421113046,-0.000610888418479,-0.000338046067417,0,NaN,NaN,NaN,0.000789972233637,0.000809783456453,0,0,-0.0198202021817,-0.0105263157895,-0.0105263157895,0.0105263157895,519,0,45,8366,0.920212765957,1,0,0.0797872340426,1,0.920212765957,0.958448753463,0.956707636555,0.920212765957,0.920212765957,11,56,0,10,9,10
168,WLNM_dir_neg_kfold,0.790258290816,0.563115703725,00:00:10,10,90,8,21353,fixed,0.5,1,0.178571428571,0.30303030303,10,0,46,112,0.178571428571,1,0,0.821428571429,1,0.178571428571,0.30303030303,0.72619047619,0.646825396825,0.224719101124,0.355784033482,0.178571428571,565,509,56,0,565,0,509,0,56,95,564,0.0631578947368,1.51383458647,11.8736842105,13.756097561,7.83333333333,8.97780016801,0.756109056703,0.427230309817,8.8855734454,1.49668347041,0.722807017544,7.68365289667,1.29423231416,0.646173945502,0.642127178975,0.424172617482,2.16666666667,NaN,NaN,NaN,0.0226317956796,0.00423344420925,14,0.000101145107105,0.206159134324,NaN,NaN,NaN,NaN,NaN,0.568421052632,0.189473684211,0.242105263158,95,518,0.058006718925,1.51360066834,10.9052631579,12.6341463415,7.4,8.22175847553,0.753925728934,0.425177809388,8.09750213791,1.4850631334,0.719975614712,7.06469860683,1.2956493584,0.645681771998,0.641516290557,0.423834571414,2.16666666667,NaN,NaN,NaN,0.02121413486,0.00433317284545,12,8.66958060904e-05,0.184791313095,NaN,NaN,NaN,NaN,NaN,0.557894736842,0.178947368421,0.252631578947,-46,-0.00515117581187,-0.000233918128655,-0.968421052632,-1.12195121951,-0.433333333333,-0.756041692473,-0.00218332776862,-0.00205250042876,-0.788071307486,-0.0116203370119,-0.0028314028314,-0.618954289838,0.00141704424043,-0.000492173504492,-0.000610888418479,-0.000338046067417,0,NaN,NaN,NaN,-0.00141766081958,9.97286361971e-05,-2,-1.44493010151e-05,-0.0213678212293,-0.0105263157895,-0.0105263157895,0.0105263157895,518,0,46,8366,0.918439716312,1,0,0.0815602836879,1,0.918439716312,0.957486136784,0.955728695974,0.918439716312,0.918439716312,10,56,0,10,9,10
169,WLNM_dir_neg_kfold,0.843989158163,0.506775694078,00:00:10,10,90,9,21354,fixed,0.5,1,0.160714285714,0.276923076923,9,0,47,112,0.160714285714,1,0,0.839285714286,1,0.160714285714,0.276923076923,0.720238095238,0.64880952381,0.203389830508,0.336463292455,0.160714285714,565,509,56,0,565,0,509,0,56,95,564,0.0631578947368,1.51383458647,11.8736842105,13.756097561,7.83333333333,8.97780016801,0.756109056703,0.427230309817,8.8855734454,1.49668347041,0.722807017544,7.68365289667,1.29423231416,0.646173945502,0.642127178975,0.424172617482,2.16666666667,NaN,NaN,NaN,0.0226317956796,0.00423344420925,14,0.000101145107105,0.206159134324,NaN,NaN,NaN,NaN,NaN,0.568421052632,0.189473684211,0.242105263158,95,517,0.0578947368421,1.50833751044,10.8842105263,12.6097560976,7.38571428571,8.22795333758,0.755953159642,0.426264888527,8.10268643325,1.48888822274,0.720961009875,7.06461935171,1.29814088668,0.646197699277,0.635359048166,0.421231351582,2.16666666667,NaN,NaN,NaN,0.0214826682127,0.00434153400868,12,8.66958060904e-05,0.18369665572,NaN,NaN,NaN,NaN,NaN,0.557894736842,0.178947368421,0.252631578947,-47,-0.00526315789474,-0.00549707602339,-0.989473684211,-1.14634146341,-0.447619047619,-0.749846830425,-0.000155897060292,-0.000965421290169,-0.782887012144,-0.00779524766784,-0.00184600766908,-0.619033544961,0.00390857252232,2.37537751535e-05,-0.00676813080974,-0.0029412658995,0,NaN,NaN,NaN,-0.00114912746693,0.00010808979943,-2,-1.44493010151e-05,-0.0224624786044,-0.0105263157895,-0.0105263157895,0.0105263157895,517,0,47,8366,0.916666666667,1,0,0.0833333333333,1,0.916666666667,0.95652173913,0.954748984726,0.916666666667,0.916666666667,9,56,0,10,9,10
170,WLNM_dir_neg_kfold,0.746970663265,0.491188671784,00:00:10,10,90,10,21355,fixed,0.5,1,0.178571428571,0.30303030303,10,0,46,112,0.178571428571,1,0,0.821428571429,1,0.178571428571,0.30303030303,0.72619047619,0.646825396825,0.224719101124,0.355784033482,0.178571428571,565,509,56,0,565,0,509,0,56,95,564,0.0631578947368,1.51383458647,11.8736842105,13.756097561,7.83333333333,8.97780016801,0.756109056703,0.427230309817,8.8855734454,1.49668347041,0.722807017544,7.68365289667,1.29423231416,0.646173945502,0.642127178975,0.424172617482,2.16666666667,NaN,NaN,NaN,0.0226317956796,0.00423344420925,14,0.000101145107105,0.206159134324,NaN,NaN,NaN,NaN,NaN,0.568421052632,0.189473684211,0.242105263158,95,518,0.058006718925,1.51360066834,10.9052631579,12.6341463415,7.4,8.22175847553,0.753925728934,0.425177809388,8.09750213791,1.4850631334,0.719975614712,7.06469860683,1.2956493584,0.645681771998,0.641516290557,0.423834571414,2.16666666667,NaN,NaN,NaN,0.02121413486,0.00433317284545,12,8.66958060904e-05,0.184791313095,NaN,NaN,NaN,NaN,NaN,0.557894736842,0.178947368421,0.252631578947,-46,-0.00515117581187,-0.000233918128655,-0.968421052632,-1.12195121951,-0.433333333333,-0.756041692473,-0.00218332776862,-0.00205250042876,-0.788071307486,-0.0116203370119,-0.0028314028314,-0.618954289838,0.00141704424043,-0.000492173504492,-0.000610888418479,-0.000338046067417,0,NaN,NaN,NaN,-0.00141766081958,9.97286361971e-05,-2,-1.44493010151e-05,-0.0213678212293,-0.0105263157895,-0.0105263157895,0.0105263157895,518,0,46,8366,0.918439716312,1,0,0.0815602836879,1,0.918439716312,0.957486136784,0.955728695974,0.918439716312,0.918439716312,10,56,0,10,9,10
171,WLNM_dir_neg_kfold,0.826211734694,0.471780274808,00:00:10,10,90,11,21356,fixed,0.5,1,0.178571428571,0.30303030303,10,0,46,112,0.178571428571,1,0,0.821428571429,1,0.178571428571,0.30303030303,0.72619047619,0.646825396825,0.224719101124,0.355784033482,0.178571428571,565,509,56,0,565,0,509,0,56,95,564,0.0631578947368,1.51383458647,11.8736842105,13.756097561,7.83333333333,8.97780016801,0.756109056703,0.427230309817,8.8855734454,1.49668347041,0.722807017544,7.68365289667,1.29423231416,0.646173945502,0.642127178975,0.424172617482,2.16666666667,NaN,NaN,NaN,0.0226317956796,0.00423344420925,14,0.000101145107105,0.206159134324,NaN,NaN,NaN,NaN,NaN,0.568421052632,0.189473684211,0.242105263158,95,518,0.058006718925,1.50833751044,10.9052631579,12.6341463415,7.4,8.22563931967,0.754281597846,0.425421662264,8.09750213791,1.4850631334,0.719975614712,7.06469860683,1.2956493584,0.645681771998,0.635359048166,0.421231351582,2.16666666667,NaN,NaN,NaN,0.0237430660427,0.00505354349657,14,0.000101145107105,0.184837770703,NaN,NaN,NaN,NaN,NaN,0.557894736842,0.178947368421,0.252631578947,-46,-0.00515117581187,-0.00549707602339,-0.968421052632,-1.12195121951,-0.433333333333,-0.75216084834,-0.00182745885682,-0.00180864755333,-0.788071307486,-0.0116203370119,-0.0028314028314,-0.618954289838,0.00141704424043,-0.000492173504492,-0.00676813080974,-0.0029412658995,0,NaN,NaN,NaN,0.00111127036309,0.000820099287318,0,0,-0.0213213636218,-0.0105263157895,-0.0105263157895,0.0105263157895,518,0,46,8366,0.918439716312,1,0,0.0815602836879,1,0.918439716312,0.957486136784,0.955728695974,0.918439716312,0.918439716312,10,56,0,10,9,10
172,WLNM_dir_neg_kfold,0.596301020408,0.338604126512,00:00:10,10,90,12,21357,fixed,0.5,1,0.196428571429,0.328358208955,11,0,45,112,0.196428571429,1,0,0.803571428571,1,0.196428571429,0.328358208955,0.732142857143,0.644841269841,0.245810055866,0.374335930062,0.196428571429,565,509,56,0,565,0,509,0,56,95,564,0.0631578947368,1.51383458647,11.8736842105,13.756097561,7.83333333333,8.97780016801,0.756109056703,0.427230309817,8.8855734454,1.49668347041,0.722807017544,7.68365289667,1.29423231416,0.646173945502,0.642127178975,0.424172617482,2.16666666667,NaN,NaN,NaN,0.0226317956796,0.00423344420925,14,0.000101145107105,0.206159134324,NaN,NaN,NaN,NaN,NaN,0.568421052632,0.189473684211,0.242105263158,95,519,0.0581187010078,1.51360066834,10.9263157895,12.6585365854,7.41428571429,8.22068240847,0.752374594224,0.424358584322,8.09230068319,1.48124964336,0.718953452997,7.06626767521,1.29344013323,0.645289524389,0.641516290557,0.423834571414,2.16666666667,NaN,NaN,NaN,0.0234217679132,0.00504322766571,14,0.000101145107105,0.186338932143,NaN,NaN,NaN,NaN,NaN,0.557894736842,0.178947368421,0.252631578947,-45,-0.005039193729,-0.000233918128655,-0.947368421053,-1.09756097561,-0.419047619048,-0.757117759537,-0.00373446247862,-0.00287172549502,-0.793272762207,-0.0154338270541,-0.00385356454721,-0.617385221455,-0.000792180927311,-0.000884421113046,-0.000610888418479,-0.000338046067417,0,NaN,NaN,NaN,0.000789972233637,0.000809783456453,0,0,-0.0198202021817,-0.0105263157895,-0.0105263157895,0.0105263157895,519,0,45,8366,0.920212765957,1,0,0.0797872340426,1,0.920212765957,0.958448753463,0.956707636555,0.920212765957,0.920212765957,11,56,0,10,9,10
173,WLNM_dir_neg_kfold,0.810507015306,0.453301885072,00:00:10,10,90,13,21358,fixed,0.5,0.9,0.160714285714,0.272727272727,9,1,47,111,0.160714285714,0.991071428571,0.00892857142857,0.839285714286,0.9,0.160714285714,0.272727272727,0.714285714286,0.646825396825,0.191011235955,0.30241642846,0.151785714286,565,509,56,0,565,0,509,0,56,95,564,0.0631578947368,1.51383458647,11.8736842105,13.756097561,7.83333333333,8.97780016801,0.756109056703,0.427230309817,8.8855734454,1.49668347041,0.722807017544,7.68365289667,1.29423231416,0.646173945502,0.642127178975,0.424172617482,2.16666666667,NaN,NaN,NaN,0.0226317956796,0.00423344420925,14,0.000101145107105,0.206159134324,NaN,NaN,NaN,NaN,NaN,0.568421052632,0.189473684211,0.242105263158,95,518,0.058006718925,1.53146676214,10.9052631579,12.3333333333,7.4,8.23210332758,0.754874339884,0.425584230847,8.09618825607,1.48482217051,0.719813046129,7.05867268135,1.29454421762,0.644828286934,0.654606372508,0.42743753158,2.16666666667,NaN,NaN,NaN,0.0214826682127,0.00434153400868,12,8.66958060904e-05,0.175032155937,NaN,NaN,NaN,NaN,NaN,0.547368421053,0.189473684211,0.252631578947,-46,-0.00515117581187,0.0176321756773,-0.968421052632,-1.42276422764,-0.433333333333,-0.745696840426,-0.00123471681835,-0.00164607896971,-0.789385189327,-0.0118612998978,-0.00299397141502,-0.624980215323,0.000311903466162,-0.0013456585685,0.0124791935322,0.00326491409858,0,NaN,NaN,NaN,-0.00114912746693,0.00010808979943,-2,-1.44493010151e-05,-0.0311269783873,-0.0210526315789,0,0.0105263157895,517,1,47,8365,0.916666666667,0.999880468563,0.000119531436768,0.0833333333333,0.998069498069,0.916666666667,0.955637707948,0.953759275425,0.91654713523,0.915044247788,10,56,0,10,9,10
174,WLNM_dir_neg_kfold,0.851482780612,0.515359104924,00:00:10,10,90,14,21359,fixed,0.5,1,0.196428571429,0.328358208955,11,0,45,112,0.196428571429,1,0,0.803571428571,1,0.196428571429,0.328358208955,0.732142857143,0.644841269841,0.245810055866,0.374335930062,0.196428571429,565,509,56,0,565,0,509,0,56,95,564,0.0631578947368,1.51383458647,11.8736842105,13.756097561,7.83333333333,8.97780016801,0.756109056703,0.427230309817,8.8855734454,1.49668347041,0.722807017544,7.68365289667,1.29423231416,0.646173945502,0.642127178975,0.424172617482,2.16666666667,NaN,NaN,NaN,0.0226317956796,0.00423344420925,14,0.000101145107105,0.206159134324,NaN,NaN,NaN,NaN,NaN,0.568421052632,0.189473684211,0.242105263158,95,519,0.0581187010078,1.51360066834,10.9263157895,12.6585365854,7.41428571429,8.22068240847,0.752374594224,0.424358584322,8.09230068319,1.48124964336,0.718953452997,7.06626767521,1.29344013323,0.645289524389,0.641516290557,0.423834571414,2.16666666667,NaN,NaN,NaN,0.0234217679132,0.00504322766571,14,0.000101145107105,0.186338932143,NaN,NaN,NaN,NaN,NaN,0.557894736842,0.178947368421,0.252631578947,-45,-0.005039193729,-0.000233918128655,-0.947368421053,-1.09756097561,-0.419047619048,-0.757117759537,-0.00373446247862,-0.00287172549502,-0.793272762207,-0.0154338270541,-0.00385356454721,-0.617385221455,-0.000792180927311,-0.000884421113046,-0.000610888418479,-0.000338046067417,0,NaN,NaN,NaN,0.000789972233637,0.000809783456453,0,0,-0.0198202021817,-0.0105263157895,-0.0105263157895,0.0105263157895,519,0,45,8366,0.920212765957,1,0,0.0797872340426,1,0.920212765957,0.958448753463,0.956707636555,0.920212765957,0.920212765957,11,56,0,10,9,10
175,WLNM_dir_neg_kfold,0.935267857143,0.769986677467,00:00:10,10,90,15,21360,fixed,0.5,1,0.196428571429,0.328358208955,11,0,45,112,0.196428571429,1,0,0.803571428571,1,0.196428571429,0.328358208955,0.732142857143,0.644841269841,0.245810055866,0.374335930062,0.196428571429,565,509,56,0,565,0,509,0,56,95,564,0.0631578947368,1.51383458647,11.8736842105,13.756097561,7.83333333333,8.97780016801,0.756109056703,0.427230309817,8.8855734454,1.49668347041,0.722807017544,7.68365289667,1.29423231416,0.646173945502,0.642127178975,0.424172617482,2.16666666667,NaN,NaN,NaN,0.0226317956796,0.00423344420925,14,0.000101145107105,0.206159134324,NaN,NaN,NaN,NaN,NaN,0.568421052632,0.189473684211,0.242105263158,95,519,0.0581187010078,1.51360066834,10.9263157895,12.6585365854,7.41428571429,8.22068240847,0.752374594224,0.424358584322,8.09230068319,1.48124964336,0.718953452997,7.06626767521,1.29344013323,0.645289524389,0.641516290557,0.423834571414,2.16666666667,NaN,NaN,NaN,0.0234217679132,0.00504322766571,14,0.000101145107105,0.186338932143,NaN,NaN,NaN,NaN,NaN,0.557894736842,0.178947368421,0.252631578947,-45,-0.005039193729,-0.000233918128655,-0.947368421053,-1.09756097561,-0.419047619048,-0.757117759537,-0.00373446247862,-0.00287172549502,-0.793272762207,-0.0154338270541,-0.00385356454721,-0.617385221455,-0.000792180927311,-0.000884421113046,-0.000610888418479,-0.000338046067417,0,NaN,NaN,NaN,0.000789972233637,0.000809783456453,0,0,-0.0198202021817,-0.0105263157895,-0.0105263157895,0.0105263157895,519,0,45,8366,0.920212765957,1,0,0.0797872340426,1,0.920212765957,0.958448753463,0.956707636555,0.920212765957,0.920212765957,11,56,0,10,9,10
176,WLNM_dir_neg_kfold,0.863759566327,0.511478779483,00:00:10,10,90,16,21361,fixed,0.5,1,0.196428571429,0.328358208955,11,0,45,112,0.196428571429,1,0,0.803571428571,1,0.196428571429,0.328358208955,0.732142857143,0.644841269841,0.245810055866,0.374335930062,0.196428571429,565,509,56,0,565,0,509,0,56,95,564,0.0631578947368,1.51383458647,11.8736842105,13.756097561,7.83333333333,8.97780016801,0.756109056703,0.427230309817,8.8855734454,1.49668347041,0.722807017544,7.68365289667,1.29423231416,0.646173945502,0.642127178975,0.424172617482,2.16666666667,NaN,NaN,NaN,0.0226317956796,0.00423344420925,14,0.000101145107105,0.206159134324,NaN,NaN,NaN,NaN,NaN,0.568421052632,0.189473684211,0.242105263158,95,519,0.0581187010078,1.51360066834,10.9263157895,12.6585365854,7.41428571429,8.22068240847,0.752374594224,0.424358584322,8.09230068319,1.48124964336,0.718953452997,7.06626767521,1.29344013323,0.645289524389,0.641516290557,0.423834571414,2.16666666667,NaN,NaN,NaN,0.0234217679132,0.00504322766571,14,0.000101145107105,0.186338932143,NaN,NaN,NaN,NaN,NaN,0.557894736842,0.178947368421,0.252631578947,-45,-0.005039193729,-0.000233918128655,-0.947368421053,-1.09756097561,-0.419047619048,-0.757117759537,-0.00373446247862,-0.00287172549502,-0.793272762207,-0.0154338270541,-0.00385356454721,-0.617385221455,-0.000792180927311,-0.000884421113046,-0.000610888418479,-0.000338046067417,0,NaN,NaN,NaN,0.000789972233637,0.000809783456453,0,0,-0.0198202021817,-0.0105263157895,-0.0105263157895,0.0105263157895,519,0,45,8366,0.920212765957,1,0,0.0797872340426,1,0.920212765957,0.958448753463,0.956707636555,0.920212765957,0.920212765957,11,56,0,10,9,10
177,WLNM_dir_neg_kfold,0.7890625,0.454010323349,00:00:10,10,90,17,21362,fixed,0.5,0.846153846154,0.196428571429,0.31884057971,11,2,45,110,0.196428571429,0.982142857143,0.0178571428571,0.803571428571,0.846153846154,0.196428571429,0.31884057971,0.720238095238,0.640873015873,0.220994475138,0.315048540905,0.178571428571,565,509,56,0,565,0,509,0,56,95,564,0.0631578947368,1.51383458647,11.8736842105,13.756097561,7.83333333333,8.97780016801,0.756109056703,0.427230309817,8.8855734454,1.49668347041,0.722807017544,7.68365289667,1.29423231416,0.646173945502,0.642127178975,0.424172617482,2.16666666667,NaN,NaN,NaN,0.0226317956796,0.00423344420925,14,0.000101145107105,0.206159134324,NaN,NaN,NaN,NaN,NaN,0.568421052632,0.189473684211,0.242105263158,95,521,0.0583426651736,1.56494403111,10.9684210526,12.4047619048,7.33802816901,8.25066423062,0.752219867475,0.424042832609,8.08842508655,1.47485678162,0.717203757955,7.05881546011,1.28711606278,0.642569956561,0.694486271068,0.443777066313,2.29811196363,NaN,NaN,NaN,0.0232752477667,0.00503054257995,14,0.000101145107105,0.178111521985,NaN,NaN,NaN,NaN,NaN,0.547368421053,0.2,0.242105263158,-43,-0.00481522956327,0.0511094446397,-0.905263157895,-1.35133565621,-0.495305164319,-0.727135937391,-0.00388918922814,-0.00318747720774,-0.797148358846,-0.0218266887958,-0.00560325958851,-0.62483743656,-0.00711625137144,-0.00360398894078,0.0523590920927,0.0196044488314,0.131445296959,NaN,NaN,NaN,0.000643452087117,0.000797098370697,0,0,-0.0280476123399,-0.0210526315789,0.0105263157895,0,519,2,45,8364,0.920212765957,0.999760937126,0.000239062873536,0.0797872340426,0.996161228407,0.920212765957,0.95668202765,0.954735030479,0.919973703084,0.916961130742,13,56,0,10,9,10
178,WLNM_dir_neg_kfold,0.864317602041,0.530518986346,00:00:11,10,90,18,21363,fixed,0.5,0.909090909091,0.178571428571,0.298507462687,10,1,46,111,0.178571428571,0.991071428571,0.00892857142857,0.821428571429,0.909090909091,0.178571428571,0.298507462687,0.720238095238,0.644841269841,0.212290502793,0.323290121417,0.169642857143,565,509,56,0,565,0,509,0,56,95,564,0.0631578947368,1.51383458647,11.8736842105,13.756097561,7.83333333333,8.97780016801,0.756109056703,0.427230309817,8.8855734454,1.49668347041,0.722807017544,7.68365289667,1.29423231416,0.646173945502,0.642127178975,0.424172617482,2.16666666667,NaN,NaN,NaN,0.0226317956796,0.00423344420925,14,0.000101145107105,0.206159134324,NaN,NaN,NaN,NaN,NaN,0.568421052632,0.189473684211,0.242105263158,95,519,0.0581187010078,1.51440625373,10.9263157895,12.6585365854,7.30985915493,8.20773131282,0.751189282002,0.423729844843,8.09887111429,1.48245232342,0.719318527533,7.05722886715,1.29178563079,0.643504715546,0.643649654379,0.425017826488,2.2380952381,NaN,NaN,NaN,0.0259971862384,0.00504929069488,14,0.000101145107105,0.184471575444,NaN,NaN,NaN,NaN,NaN,0.557894736842,0.189473684211,0.242105263158,-45,-0.005039193729,0.000571667263396,-0.947368421053,-1.09756097561,-0.523474178404,-0.770068855185,-0.00491977470073,-0.00350046497377,-0.786702331107,-0.0142311469877,-0.00348849001116,-0.626424029522,-0.00244668336715,-0.00266922995596,0.00152247540391,0.000845209006049,0.0714285714286,NaN,NaN,NaN,0.00336539055886,0.000815846485625,0,0,-0.0216875588804,-0.0105263157895,0,0,518,1,46,8365,0.918439716312,0.999880468563,0.000119531436768,0.0815602836879,0.998073217726,0.918439716312,0.956602031394,0.954739997286,0.918320184875,0.916814159292,11,56,0,10,9,10
179,WLNM_dir_neg_kfold,0.85475127551,0.505187605498,00:00:10,10,90,19,21364,fixed,0.5,1,0.178571428571,0.30303030303,10,0,46,112,0.178571428571,1,0,0.821428571429,1,0.178571428571,0.30303030303,0.72619047619,0.646825396825,0.224719101124,0.355784033482,0.178571428571,565,509,56,0,565,0,509,0,56,95,564,0.0631578947368,1.51383458647,11.8736842105,13.756097561,7.83333333333,8.97780016801,0.756109056703,0.427230309817,8.8855734454,1.49668347041,0.722807017544,7.68365289667,1.29423231416,0.646173945502,0.642127178975,0.424172617482,2.16666666667,NaN,NaN,NaN,0.0226317956796,0.00423344420925,14,0.000101145107105,0.206159134324,NaN,NaN,NaN,NaN,NaN,0.568421052632,0.189473684211,0.242105263158,95,518,0.058006718925,1.50833751044,10.9052631579,12.6341463415,7.4,8.22563931967,0.754281597846,0.425421662264,8.09750213791,1.4850631334,0.719975614712,7.06469860683,1.2956493584,0.645681771998,0.635359048166,0.421231351582,2.16666666667,NaN,NaN,NaN,0.0237430660427,0.00505354349657,14,0.000101145107105,0.184837770703,NaN,NaN,NaN,NaN,NaN,0.557894736842,0.178947368421,0.252631578947,-46,-0.00515117581187,-0.00549707602339,-0.968421052632,-1.12195121951,-0.433333333333,-0.75216084834,-0.00182745885682,-0.00180864755333,-0.788071307486,-0.0116203370119,-0.0028314028314,-0.618954289838,0.00141704424043,-0.000492173504492,-0.00676813080974,-0.0029412658995,0,NaN,NaN,NaN,0.00111127036309,0.000820099287318,0,0,-0.0213213636218,-0.0105263157895,-0.0105263157895,0.0105263157895,518,0,46,8366,0.918439716312,1,0,0.0815602836879,1,0.918439716312,0.957486136784,0.955728695974,0.918439716312,0.918439716312,10,56,0,10,9,10
180,WLNM_dir_neg_kfold,0.810507015306,0.475155654352,00:00:10,10,90,20,21365,fixed,0.5,1,0.196428571429,0.328358208955,11,0,45,112,0.196428571429,1,0,0.803571428571,1,0.196428571429,0.328358208955,0.732142857143,0.644841269841,0.245810055866,0.374335930062,0.196428571429,565,509,56,0,565,0,509,0,56,95,564,0.0631578947368,1.51383458647,11.8736842105,13.756097561,7.83333333333,8.97780016801,0.756109056703,0.427230309817,8.8855734454,1.49668347041,0.722807017544,7.68365289667,1.29423231416,0.646173945502,0.642127178975,0.424172617482,2.16666666667,NaN,NaN,NaN,0.0226317956796,0.00423344420925,14,0.000101145107105,0.206159134324,NaN,NaN,NaN,NaN,NaN,0.568421052632,0.189473684211,0.242105263158,95,519,0.0581187010078,1.51360066834,10.9263157895,12.6585365854,7.41428571429,8.22068240847,0.752374594224,0.424358584322,8.09230068319,1.48124964336,0.718953452997,7.06626767521,1.29344013323,0.645289524389,0.641516290557,0.423834571414,2.16666666667,NaN,NaN,NaN,0.0234217679132,0.00504322766571,14,0.000101145107105,0.186338932143,NaN,NaN,NaN,NaN,NaN,0.557894736842,0.178947368421,0.252631578947,-45,-0.005039193729,-0.000233918128655,-0.947368421053,-1.09756097561,-0.419047619048,-0.757117759537,-0.00373446247862,-0.00287172549502,-0.793272762207,-0.0154338270541,-0.00385356454721,-0.617385221455,-0.000792180927311,-0.000884421113046,-0.000610888418479,-0.000338046067417,0,NaN,NaN,NaN,0.000789972233637,0.000809783456453,0,0,-0.0198202021817,-0.0105263157895,-0.0105263157895,0.0105263157895,519,0,45,8366,0.920212765957,1,0,0.0797872340426,1,0.920212765957,0.958448753463,0.956707636555,0.920212765957,0.920212765957,11,56,0,10,9,10
181,WLNM_dir_neg_kfold,0.804049744898,0.47379901665,00:00:10,10,90,1,22346,fixed,0.5,1,0.107142857143,0.193548387097,6,0,50,112,0.107142857143,1,0,0.892857142857,1,0.107142857143,0.193548387097,0.702380952381,0.654761904762,0.137931034483,0.272165526976,0.107142857143,565,509,56,0,565,0,509,0,56,95,564,0.0631578947368,1.51383458647,11.8736842105,13.756097561,7.83333333333,8.97780016801,0.756109056703,0.427230309817,8.8855734454,1.49668347041,0.722807017544,7.68365289667,1.29423231416,0.646173945502,0.642127178975,0.424172617482,2.16666666667,NaN,NaN,NaN,0.0226317956796,0.00423344420925,14,0.000101145107105,0.206159134324,NaN,NaN,NaN,NaN,NaN,0.568421052632,0.189473684211,0.242105263158,95,514,0.0575587905935,1.51421052632,10.8210526316,12.5365853659,7.55882352941,8.06486858313,0.745294275678,0.421728445628,8.03647898031,1.48534144578,0.719680524268,6.93970190181,1.28262972893,0.647593692402,0.643093736026,0.424705630327,2.16666666667,NaN,NaN,NaN,0.0206812370915,0.00407156076496,11,7.94711555828e-05,0.179528741269,NaN,NaN,NaN,NaN,NaN,0.557894736842,0.157894736842,0.273684210526,-50,-0.00559910414334,0.000375939849624,-1.05263157895,-1.21951219512,-0.274509803922,-0.912931584877,-0.0108147810243,-0.00550186418941,-0.84909446509,-0.0113420246361,-0.00312649327599,-0.743950994859,-0.0116025852214,0.00141974690016,0.000966557050577,0.000533012844991,0,NaN,NaN,NaN,-0.00195055858809,-0.000161883444293,-3,-2.16739515226e-05,-0.0266303930553,-0.0105263157895,-0.0315789473684,0.0315789473684,514,0,50,8366,0.91134751773,1,0,0.0886524822695,1,0.91134751773,0.953617810761,0.951805202349,0.91134751773,0.91134751773,6,56,0,10,10,10
182,WLNM_dir_neg_kfold,0.778619260204,0.388634445078,00:00:10,10,90,2,22347,fixed,0.5,1,0.107142857143,0.193548387097,6,0,50,112,0.107142857143,1,0,0.892857142857,1,0.107142857143,0.193548387097,0.702380952381,0.654761904762,0.137931034483,0.272165526976,0.107142857143,565,509,56,0,565,0,509,0,56,95,564,0.0631578947368,1.51383458647,11.8736842105,13.756097561,7.83333333333,8.97780016801,0.756109056703,0.427230309817,8.8855734454,1.49668347041,0.722807017544,7.68365289667,1.29423231416,0.646173945502,0.642127178975,0.424172617482,2.16666666667,NaN,NaN,NaN,0.0226317956796,0.00423344420925,14,0.000101145107105,0.206159134324,NaN,NaN,NaN,NaN,NaN,0.568421052632,0.189473684211,0.242105263158,95,514,0.0575587905935,1.51421052632,10.8210526316,12.5365853659,7.55882352941,8.06486858313,0.745294275678,0.421728445628,8.03647898031,1.48534144578,0.719680524268,6.93970190181,1.28262972893,0.647593692402,0.643093736026,0.424705630327,2.16666666667,NaN,NaN,NaN,0.0206812370915,0.00407156076496,11,7.94711555828e-05,0.179528741269,NaN,NaN,NaN,NaN,NaN,0.557894736842,0.157894736842,0.273684210526,-50,-0.00559910414334,0.000375939849624,-1.05263157895,-1.21951219512,-0.274509803922,-0.912931584877,-0.0108147810243,-0.00550186418941,-0.84909446509,-0.0113420246361,-0.00312649327599,-0.743950994859,-0.0116025852214,0.00141974690016,0.000966557050577,0.000533012844991,0,NaN,NaN,NaN,-0.00195055858809,-0.000161883444293,-3,-2.16739515226e-05,-0.0266303930553,-0.0105263157895,-0.0315789473684,0.0315789473684,514,0,50,8366,0.91134751773,1,0,0.0886524822695,1,0.91134751773,0.953617810761,0.951805202349,0.91134751773,0.91134751773,6,56,0,10,10,10
183,WLNM_dir_neg_kfold,0.739556760204,0.403885802783,00:00:11,10,90,3,22348,fixed,0.5,1,0.107142857143,0.193548387097,6,0,50,112,0.107142857143,1,0,0.892857142857,1,0.107142857143,0.193548387097,0.702380952381,0.654761904762,0.137931034483,0.272165526976,0.107142857143,565,509,56,0,565,0,509,0,56,95,564,0.0631578947368,1.51383458647,11.8736842105,13.756097561,7.83333333333,8.97780016801,0.756109056703,0.427230309817,8.8855734454,1.49668347041,0.722807017544,7.68365289667,1.29423231416,0.646173945502,0.642127178975,0.424172617482,2.16666666667,NaN,NaN,NaN,0.0226317956796,0.00423344420925,14,0.000101145107105,0.206159134324,NaN,NaN,NaN,NaN,NaN,0.568421052632,0.189473684211,0.242105263158,95,514,0.0575587905935,1.51421052632,10.8210526316,12.5365853659,7.55882352941,8.06486858313,0.745294275678,0.421728445628,8.03647898031,1.48534144578,0.719680524268,6.93970190181,1.28262972893,0.647593692402,0.643093736026,0.424705630327,2.16666666667,NaN,NaN,NaN,0.0206812370915,0.00407156076496,11,7.94711555828e-05,0.179528741269,NaN,NaN,NaN,NaN,NaN,0.557894736842,0.157894736842,0.273684210526,-50,-0.00559910414334,0.000375939849624,-1.05263157895,-1.21951219512,-0.274509803922,-0.912931584877,-0.0108147810243,-0.00550186418941,-0.84909446509,-0.0113420246361,-0.00312649327599,-0.743950994859,-0.0116025852214,0.00141974690016,0.000966557050577,0.000533012844991,0,NaN,NaN,NaN,-0.00195055858809,-0.000161883444293,-3,-2.16739515226e-05,-0.0266303930553,-0.0105263157895,-0.0315789473684,0.0315789473684,514,0,50,8366,0.91134751773,1,0,0.0886524822695,1,0.91134751773,0.953617810761,0.951805202349,0.91134751773,0.91134751773,6,56,0,10,10,10
184,WLNM_dir_neg_kfold,0.855070153061,0.46695618286,00:00:10,10,90,4,22349,fixed,0.5,1,0.107142857143,0.193548387097,6,0,50,112,0.107142857143,1,0,0.892857142857,1,0.107142857143,0.193548387097,0.702380952381,0.654761904762,0.137931034483,0.272165526976,0.107142857143,565,509,56,0,565,0,509,0,56,95,564,0.0631578947368,1.51383458647,11.8736842105,13.756097561,7.83333333333,8.97780016801,0.756109056703,0.427230309817,8.8855734454,1.49668347041,0.722807017544,7.68365289667,1.29423231416,0.646173945502,0.642127178975,0.424172617482,2.16666666667,NaN,NaN,NaN,0.0226317956796,0.00423344420925,14,0.000101145107105,0.206159134324,NaN,NaN,NaN,NaN,NaN,0.568421052632,0.189473684211,0.242105263158,95,514,0.0575587905935,1.51421052632,10.8210526316,12.5365853659,7.55882352941,8.06486858313,0.745294275678,0.421728445628,8.03647898031,1.48534144578,0.719680524268,6.93970190181,1.28262972893,0.647593692402,0.643093736026,0.424705630327,2.16666666667,NaN,NaN,NaN,0.0206812370915,0.00407156076496,11,7.94711555828e-05,0.179528741269,NaN,NaN,NaN,NaN,NaN,0.557894736842,0.157894736842,0.273684210526,-50,-0.00559910414334,0.000375939849624,-1.05263157895,-1.21951219512,-0.274509803922,-0.912931584877,-0.0108147810243,-0.00550186418941,-0.84909446509,-0.0113420246361,-0.00312649327599,-0.743950994859,-0.0116025852214,0.00141974690016,0.000966557050577,0.000533012844991,0,NaN,NaN,NaN,-0.00195055858809,-0.000161883444293,-3,-2.16739515226e-05,-0.0266303930553,-0.0105263157895,-0.0315789473684,0.0315789473684,514,0,50,8366,0.91134751773,1,0,0.0886524822695,1,0.91134751773,0.953617810761,0.951805202349,0.91134751773,0.91134751773,6,56,0,10,10,10
185,WLNM_dir_neg_kfold,0.761080994898,0.393233870203,00:00:10,10,90,5,22350,fixed,0.5,1,0.107142857143,0.193548387097,6,0,50,112,0.107142857143,1,0,0.892857142857,1,0.107142857143,0.193548387097,0.702380952381,0.654761904762,0.137931034483,0.272165526976,0.107142857143,565,509,56,0,565,0,509,0,56,95,564,0.0631578947368,1.51383458647,11.8736842105,13.756097561,7.83333333333,8.97780016801,0.756109056703,0.427230309817,8.8855734454,1.49668347041,0.722807017544,7.68365289667,1.29423231416,0.646173945502,0.642127178975,0.424172617482,2.16666666667,NaN,NaN,NaN,0.0226317956796,0.00423344420925,14,0.000101145107105,0.206159134324,NaN,NaN,NaN,NaN,NaN,0.568421052632,0.189473684211,0.242105263158,95,514,0.0575587905935,1.51421052632,10.8210526316,12.5365853659,7.55882352941,8.06486858313,0.745294275678,0.421728445628,8.03647898031,1.48534144578,0.719680524268,6.93970190181,1.28262972893,0.647593692402,0.643093736026,0.424705630327,2.16666666667,NaN,NaN,NaN,0.0206812370915,0.00407156076496,11,7.94711555828e-05,0.179528741269,NaN,NaN,NaN,NaN,NaN,0.557894736842,0.157894736842,0.273684210526,-50,-0.00559910414334,0.000375939849624,-1.05263157895,-1.21951219512,-0.274509803922,-0.912931584877,-0.0108147810243,-0.00550186418941,-0.84909446509,-0.0113420246361,-0.00312649327599,-0.743950994859,-0.0116025852214,0.00141974690016,0.000966557050577,0.000533012844991,0,NaN,NaN,NaN,-0.00195055858809,-0.000161883444293,-3,-2.16739515226e-05,-0.0266303930553,-0.0105263157895,-0.0315789473684,0.0315789473684,514,0,50,8366,0.91134751773,1,0,0.0886524822695,1,0.91134751773,0.953617810761,0.951805202349,0.91134751773,0.91134751773,6,56,0,10,10,10
186,WLNM_dir_neg_kfold,0.792889030612,0.415785219077,00:00:10,10,90,6,22351,fixed,0.5,1,0.107142857143,0.193548387097,6,0,50,112,0.107142857143,1,0,0.892857142857,1,0.107142857143,0.193548387097,0.702380952381,0.654761904762,0.137931034483,0.272165526976,0.107142857143,565,509,56,0,565,0,509,0,56,95,564,0.0631578947368,1.51383458647,11.8736842105,13.756097561,7.83333333333,8.97780016801,0.756109056703,0.427230309817,8.8855734454,1.49668347041,0.722807017544,7.68365289667,1.29423231416,0.646173945502,0.642127178975,0.424172617482,2.16666666667,NaN,NaN,NaN,0.0226317956796,0.00423344420925,14,0.000101145107105,0.206159134324,NaN,NaN,NaN,NaN,NaN,0.568421052632,0.189473684211,0.242105263158,95,514,0.0575587905935,1.51421052632,10.8210526316,12.5365853659,7.55882352941,8.06486858313,0.745294275678,0.421728445628,8.03647898031,1.48534144578,0.719680524268,6.93970190181,1.28262972893,0.647593692402,0.643093736026,0.424705630327,2.16666666667,NaN,NaN,NaN,0.0206812370915,0.00407156076496,11,7.94711555828e-05,0.179528741269,NaN,NaN,NaN,NaN,NaN,0.557894736842,0.157894736842,0.273684210526,-50,-0.00559910414334,0.000375939849624,-1.05263157895,-1.21951219512,-0.274509803922,-0.912931584877,-0.0108147810243,-0.00550186418941,-0.84909446509,-0.0113420246361,-0.00312649327599,-0.743950994859,-0.0116025852214,0.00141974690016,0.000966557050577,0.000533012844991,0,NaN,NaN,NaN,-0.00195055858809,-0.000161883444293,-3,-2.16739515226e-05,-0.0266303930553,-0.0105263157895,-0.0315789473684,0.0315789473684,514,0,50,8366,0.91134751773,1,0,0.0886524822695,1,0.91134751773,0.953617810761,0.951805202349,0.91134751773,0.91134751773,6,56,0,10,10,10
187,WLNM_dir_neg_kfold,0.391183035714,0.276715405943,00:00:10,10,90,7,22352,fixed,0.5,1,0.107142857143,0.193548387097,6,0,50,112,0.107142857143,1,0,0.892857142857,1,0.107142857143,0.193548387097,0.702380952381,0.654761904762,0.137931034483,0.272165526976,0.107142857143,565,509,56,0,565,0,509,0,56,95,564,0.0631578947368,1.51383458647,11.8736842105,13.756097561,7.83333333333,8.97780016801,0.756109056703,0.427230309817,8.8855734454,1.49668347041,0.722807017544,7.68365289667,1.29423231416,0.646173945502,0.642127178975,0.424172617482,2.16666666667,NaN,NaN,NaN,0.0226317956796,0.00423344420925,14,0.000101145107105,0.206159134324,NaN,NaN,NaN,NaN,NaN,0.568421052632,0.189473684211,0.242105263158,95,514,0.0575587905935,1.51421052632,10.8210526316,12.5365853659,7.55882352941,8.06486858313,0.745294275678,0.421728445628,8.03647898031,1.48534144578,0.719680524268,6.93970190181,1.28262972893,0.647593692402,0.643093736026,0.424705630327,2.16666666667,NaN,NaN,NaN,0.0206812370915,0.00407156076496,11,7.94711555828e-05,0.179528741269,NaN,NaN,NaN,NaN,NaN,0.557894736842,0.157894736842,0.273684210526,-50,-0.00559910414334,0.000375939849624,-1.05263157895,-1.21951219512,-0.274509803922,-0.912931584877,-0.0108147810243,-0.00550186418941,-0.84909446509,-0.0113420246361,-0.00312649327599,-0.743950994859,-0.0116025852214,0.00141974690016,0.000966557050577,0.000533012844991,0,NaN,NaN,NaN,-0.00195055858809,-0.000161883444293,-3,-2.16739515226e-05,-0.0266303930553,-0.0105263157895,-0.0315789473684,0.0315789473684,514,0,50,8366,0.91134751773,1,0,0.0886524822695,1,0.91134751773,0.953617810761,0.951805202349,0.91134751773,0.91134751773,6,56,0,10,10,10
188,WLNM_dir_neg_kfold,0.781887755102,0.44630339707,00:00:10,10,90,8,22353,fixed,0.5,1,0.107142857143,0.193548387097,6,0,50,112,0.107142857143,1,0,0.892857142857,1,0.107142857143,0.193548387097,0.702380952381,0.654761904762,0.137931034483,0.272165526976,0.107142857143,565,509,56,0,565,0,509,0,56,95,564,0.0631578947368,1.51383458647,11.8736842105,13.756097561,7.83333333333,8.97780016801,0.756109056703,0.427230309817,8.8855734454,1.49668347041,0.722807017544,7.68365289667,1.29423231416,0.646173945502,0.642127178975,0.424172617482,2.16666666667,NaN,NaN,NaN,0.0226317956796,0.00423344420925,14,0.000101145107105,0.206159134324,NaN,NaN,NaN,NaN,NaN,0.568421052632,0.189473684211,0.242105263158,95,514,0.0575587905935,1.51421052632,10.8210526316,12.5365853659,7.55882352941,8.06486858313,0.745294275678,0.421728445628,8.03647898031,1.48534144578,0.719680524268,6.93970190181,1.28262972893,0.647593692402,0.643093736026,0.424705630327,2.16666666667,NaN,NaN,NaN,0.0206812370915,0.00407156076496,11,7.94711555828e-05,0.179528741269,NaN,NaN,NaN,NaN,NaN,0.557894736842,0.157894736842,0.273684210526,-50,-0.00559910414334,0.000375939849624,-1.05263157895,-1.21951219512,-0.274509803922,-0.912931584877,-0.0108147810243,-0.00550186418941,-0.84909446509,-0.0113420246361,-0.00312649327599,-0.743950994859,-0.0116025852214,0.00141974690016,0.000966557050577,0.000533012844991,0,NaN,NaN,NaN,-0.00195055858809,-0.000161883444293,-3,-2.16739515226e-05,-0.0266303930553,-0.0105263157895,-0.0315789473684,0.0315789473684,514,0,50,8366,0.91134751773,1,0,0.0886524822695,1,0.91134751773,0.953617810761,0.951805202349,0.91134751773,0.91134751773,6,56,0,10,10,10
189,WLNM_dir_neg_kfold,0.600924744898,0.288503901388,00:00:10,10,90,9,22354,fixed,0.5,1,0.107142857143,0.193548387097,6,0,50,112,0.107142857143,1,0,0.892857142857,1,0.107142857143,0.193548387097,0.702380952381,0.654761904762,0.137931034483,0.272165526976,0.107142857143,565,509,56,0,565,0,509,0,56,95,564,0.0631578947368,1.51383458647,11.8736842105,13.756097561,7.83333333333,8.97780016801,0.756109056703,0.427230309817,8.8855734454,1.49668347041,0.722807017544,7.68365289667,1.29423231416,0.646173945502,0.642127178975,0.424172617482,2.16666666667,NaN,NaN,NaN,0.0226317956796,0.00423344420925,14,0.000101145107105,0.206159134324,NaN,NaN,NaN,NaN,NaN,0.568421052632,0.189473684211,0.242105263158,95,514,0.0575587905935,1.51421052632,10.8210526316,12.5365853659,7.55882352941,8.06486858313,0.745294275678,0.421728445628,8.03647898031,1.48534144578,0.719680524268,6.93970190181,1.28262972893,0.647593692402,0.643093736026,0.424705630327,2.16666666667,NaN,NaN,NaN,0.0206812370915,0.00407156076496,11,7.94711555828e-05,0.179528741269,NaN,NaN,NaN,NaN,NaN,0.557894736842,0.157894736842,0.273684210526,-50,-0.00559910414334,0.000375939849624,-1.05263157895,-1.21951219512,-0.274509803922,-0.912931584877,-0.0108147810243,-0.00550186418941,-0.84909446509,-0.0113420246361,-0.00312649327599,-0.743950994859,-0.0116025852214,0.00141974690016,0.000966557050577,0.000533012844991,0,NaN,NaN,NaN,-0.00195055858809,-0.000161883444293,-3,-2.16739515226e-05,-0.0266303930553,-0.0105263157895,-0.0315789473684,0.0315789473684,514,0,50,8366,0.91134751773,1,0,0.0886524822695,1,0.91134751773,0.953617810761,0.951805202349,0.91134751773,0.91134751773,6,56,0,10,10,10
190,WLNM_dir_neg_kfold,0.87962372449,0.583314778985,00:00:10,10,90,10,22355,fixed,0.5,1,0.107142857143,0.193548387097,6,0,50,112,0.107142857143,1,0,0.892857142857,1,0.107142857143,0.193548387097,0.702380952381,0.654761904762,0.137931034483,0.272165526976,0.107142857143,565,509,56,0,565,0,509,0,56,95,564,0.0631578947368,1.51383458647,11.8736842105,13.756097561,7.83333333333,8.97780016801,0.756109056703,0.427230309817,8.8855734454,1.49668347041,0.722807017544,7.68365289667,1.29423231416,0.646173945502,0.642127178975,0.424172617482,2.16666666667,NaN,NaN,NaN,0.0226317956796,0.00423344420925,14,0.000101145107105,0.206159134324,NaN,NaN,NaN,NaN,NaN,0.568421052632,0.189473684211,0.242105263158,95,514,0.0575587905935,1.51421052632,10.8210526316,12.5365853659,7.55882352941,8.06486858313,0.745294275678,0.421728445628,8.03647898031,1.48534144578,0.719680524268,6.93970190181,1.28262972893,0.647593692402,0.643093736026,0.424705630327,2.16666666667,NaN,NaN,NaN,0.0206812370915,0.00407156076496,11,7.94711555828e-05,0.179528741269,NaN,NaN,NaN,NaN,NaN,0.557894736842,0.157894736842,0.273684210526,-50,-0.00559910414334,0.000375939849624,-1.05263157895,-1.21951219512,-0.274509803922,-0.912931584877,-0.0108147810243,-0.00550186418941,-0.84909446509,-0.0113420246361,-0.00312649327599,-0.743950994859,-0.0116025852214,0.00141974690016,0.000966557050577,0.000533012844991,0,NaN,NaN,NaN,-0.00195055858809,-0.000161883444293,-3,-2.16739515226e-05,-0.0266303930553,-0.0105263157895,-0.0315789473684,0.0315789473684,514,0,50,8366,0.91134751773,1,0,0.0886524822695,1,0.91134751773,0.953617810761,0.951805202349,0.91134751773,0.91134751773,6,56,0,10,10,10
191,WLNM_dir_neg_kfold,0.833705357143,0.537822624251,00:00:10,10,90,11,22356,fixed,0.5,1,0.107142857143,0.193548387097,6,0,50,112,0.107142857143,1,0,0.892857142857,1,0.107142857143,0.193548387097,0.702380952381,0.654761904762,0.137931034483,0.272165526976,0.107142857143,565,509,56,0,565,0,509,0,56,95,564,0.0631578947368,1.51383458647,11.8736842105,13.756097561,7.83333333333,8.97780016801,0.756109056703,0.427230309817,8.8855734454,1.49668347041,0.722807017544,7.68365289667,1.29423231416,0.646173945502,0.642127178975,0.424172617482,2.16666666667,NaN,NaN,NaN,0.0226317956796,0.00423344420925,14,0.000101145107105,0.206159134324,NaN,NaN,NaN,NaN,NaN,0.568421052632,0.189473684211,0.242105263158,95,514,0.0575587905935,1.51421052632,10.8210526316,12.5365853659,7.55882352941,8.06486858313,0.745294275678,0.421728445628,8.03647898031,1.48534144578,0.719680524268,6.93970190181,1.28262972893,0.647593692402,0.643093736026,0.424705630327,2.16666666667,NaN,NaN,NaN,0.0206812370915,0.00407156076496,11,7.94711555828e-05,0.179528741269,NaN,NaN,NaN,NaN,NaN,0.557894736842,0.157894736842,0.273684210526,-50,-0.00559910414334,0.000375939849624,-1.05263157895,-1.21951219512,-0.274509803922,-0.912931584877,-0.0108147810243,-0.00550186418941,-0.84909446509,-0.0113420246361,-0.00312649327599,-0.743950994859,-0.0116025852214,0.00141974690016,0.000966557050577,0.000533012844991,0,NaN,NaN,NaN,-0.00195055858809,-0.000161883444293,-3,-2.16739515226e-05,-0.0266303930553,-0.0105263157895,-0.0315789473684,0.0315789473684,514,0,50,8366,0.91134751773,1,0,0.0886524822695,1,0.91134751773,0.953617810761,0.951805202349,0.91134751773,0.91134751773,6,56,0,10,10,10
192,WLNM_dir_neg_kfold,0.846141581633,0.455497522892,00:00:10,10,90,12,22357,fixed,0.5,0.857142857143,0.107142857143,0.190476190476,6,1,50,111,0.107142857143,0.991071428571,0.00892857142857,0.892857142857,0.857142857143,0.107142857143,0.190476190476,0.696428571429,0.652777777778,0.125714285714,0.231694502529,0.0982142857143,565,509,56,0,565,0,509,0,56,95,564,0.0631578947368,1.51383458647,11.8736842105,13.756097561,7.83333333333,8.97780016801,0.756109056703,0.427230309817,8.8855734454,1.49668347041,0.722807017544,7.68365289667,1.29423231416,0.646173945502,0.642127178975,0.424172617482,2.16666666667,NaN,NaN,NaN,0.0226317956796,0.00423344420925,14,0.000101145107105,0.206159134324,NaN,NaN,NaN,NaN,NaN,0.568421052632,0.189473684211,0.242105263158,95,515,0.0576707726764,1.51719298246,10.8421052632,12.5609756098,7.46376811594,8.05607447497,0.743035995264,0.420521205927,8.03526661154,1.48223364679,0.718855390904,6.93216208845,1.27874834641,0.6454777721,0.649510875394,0.428100368842,2.16666666667,NaN,NaN,NaN,0.0243747171008,0.00480354723488,13,9.39204565979e-05,0.17913612237,NaN,NaN,NaN,NaN,NaN,0.557894736842,0.168421052632,0.263157894737,-49,-0.00548712206047,0.00335839598997,-1.03157894737,-1.19512195122,-0.369565217391,-0.921725693038,-0.0130730614386,-0.00670910388966,-0.850306833859,-0.0144498236241,-0.00395162663941,-0.751490808216,-0.0154839677415,-0.0006961734019,0.00738369641864,0.00392775136053,0,NaN,NaN,NaN,0.00174292142118,0.000570103025628,-1,-7.22465050753e-06,-0.027023011954,-0.0105263157895,-0.0210526315789,0.0210526315789,514,1,50,8365,0.91134751773,0.999880468563,0.000119531436768,0.0886524822695,0.998058252427,0.91134751773,0.952734012975,0.950812444103,0.911227986294,0.909734513274,7,56,0,10,10,10
193,WLNM_dir_neg_kfold,0.720982142857,0.39961295432,00:00:10,10,90,13,22358,fixed,0.5,1,0.107142857143,0.193548387097,6,0,50,112,0.107142857143,1,0,0.892857142857,1,0.107142857143,0.193548387097,0.702380952381,0.654761904762,0.137931034483,0.272165526976,0.107142857143,565,509,56,0,565,0,509,0,56,95,564,0.0631578947368,1.51383458647,11.8736842105,13.756097561,7.83333333333,8.97780016801,0.756109056703,0.427230309817,8.8855734454,1.49668347041,0.722807017544,7.68365289667,1.29423231416,0.646173945502,0.642127178975,0.424172617482,2.16666666667,NaN,NaN,NaN,0.0226317956796,0.00423344420925,14,0.000101145107105,0.206159134324,NaN,NaN,NaN,NaN,NaN,0.568421052632,0.189473684211,0.242105263158,95,514,0.0575587905935,1.51421052632,10.8210526316,12.5365853659,7.55882352941,8.06486858313,0.745294275678,0.421728445628,8.03647898031,1.48534144578,0.719680524268,6.93970190181,1.28262972893,0.647593692402,0.643093736026,0.424705630327,2.16666666667,NaN,NaN,NaN,0.0206812370915,0.00407156076496,11,7.94711555828e-05,0.179528741269,NaN,NaN,NaN,NaN,NaN,0.557894736842,0.157894736842,0.273684210526,-50,-0.00559910414334,0.000375939849624,-1.05263157895,-1.21951219512,-0.274509803922,-0.912931584877,-0.0108147810243,-0.00550186418941,-0.84909446509,-0.0113420246361,-0.00312649327599,-0.743950994859,-0.0116025852214,0.00141974690016,0.000966557050577,0.000533012844991,0,NaN,NaN,NaN,-0.00195055858809,-0.000161883444293,-3,-2.16739515226e-05,-0.0266303930553,-0.0105263157895,-0.0315789473684,0.0315789473684,514,0,50,8366,0.91134751773,1,0,0.0886524822695,1,0.91134751773,0.953617810761,0.951805202349,0.91134751773,0.91134751773,6,56,0,10,10,10
194,WLNM_dir_neg_kfold,0.709741709184,0.39791947497,00:00:10,10,90,14,22359,fixed,0.5,1,0.107142857143,0.193548387097,6,0,50,112,0.107142857143,1,0,0.892857142857,1,0.107142857143,0.193548387097,0.702380952381,0.654761904762,0.137931034483,0.272165526976,0.107142857143,565,509,56,0,565,0,509,0,56,95,564,0.0631578947368,1.51383458647,11.8736842105,13.756097561,7.83333333333,8.97780016801,0.756109056703,0.427230309817,8.8855734454,1.49668347041,0.722807017544,7.68365289667,1.29423231416,0.646173945502,0.642127178975,0.424172617482,2.16666666667,NaN,NaN,NaN,0.0226317956796,0.00423344420925,14,0.000101145107105,0.206159134324,NaN,NaN,NaN,NaN,NaN,0.568421052632,0.189473684211,0.242105263158,95,514,0.0575587905935,1.51421052632,10.8210526316,12.5365853659,7.55882352941,8.06486858313,0.745294275678,0.421728445628,8.03647898031,1.48534144578,0.719680524268,6.93970190181,1.28262972893,0.647593692402,0.643093736026,0.424705630327,2.16666666667,NaN,NaN,NaN,0.0206812370915,0.00407156076496,11,7.94711555828e-05,0.179528741269,NaN,NaN,NaN,NaN,NaN,0.557894736842,0.157894736842,0.273684210526,-50,-0.00559910414334,0.000375939849624,-1.05263157895,-1.21951219512,-0.274509803922,-0.912931584877,-0.0108147810243,-0.00550186418941,-0.84909446509,-0.0113420246361,-0.00312649327599,-0.743950994859,-0.0116025852214,0.00141974690016,0.000966557050577,0.000533012844991,0,NaN,NaN,NaN,-0.00195055858809,-0.000161883444293,-3,-2.16739515226e-05,-0.0266303930553,-0.0105263157895,-0.0315789473684,0.0315789473684,514,0,50,8366,0.91134751773,1,0,0.0886524822695,1,0.91134751773,0.953617810761,0.951805202349,0.91134751773,0.91134751773,6,56,0,10,10,10
195,WLNM_dir_neg_kfold,0.783322704082,0.454525516792,00:00:10,10,90,15,22360,fixed,0.5,1,0.107142857143,0.193548387097,6,0,50,112,0.107142857143,1,0,0.892857142857,1,0.107142857143,0.193548387097,0.702380952381,0.654761904762,0.137931034483,0.272165526976,0.107142857143,565,509,56,0,565,0,509,0,56,95,564,0.0631578947368,1.51383458647,11.8736842105,13.756097561,7.83333333333,8.97780016801,0.756109056703,0.427230309817,8.8855734454,1.49668347041,0.722807017544,7.68365289667,1.29423231416,0.646173945502,0.642127178975,0.424172617482,2.16666666667,NaN,NaN,NaN,0.0226317956796,0.00423344420925,14,0.000101145107105,0.206159134324,NaN,NaN,NaN,NaN,NaN,0.568421052632,0.189473684211,0.242105263158,95,514,0.0575587905935,1.51421052632,10.8210526316,12.5365853659,7.55882352941,8.06486858313,0.745294275678,0.421728445628,8.03647898031,1.48534144578,0.719680524268,6.93970190181,1.28262972893,0.647593692402,0.643093736026,0.424705630327,2.16666666667,NaN,NaN,NaN,0.0206812370915,0.00407156076496,11,7.94711555828e-05,0.179528741269,NaN,NaN,NaN,NaN,NaN,0.557894736842,0.157894736842,0.273684210526,-50,-0.00559910414334,0.000375939849624,-1.05263157895,-1.21951219512,-0.274509803922,-0.912931584877,-0.0108147810243,-0.00550186418941,-0.84909446509,-0.0113420246361,-0.00312649327599,-0.743950994859,-0.0116025852214,0.00141974690016,0.000966557050577,0.000533012844991,0,NaN,NaN,NaN,-0.00195055858809,-0.000161883444293,-3,-2.16739515226e-05,-0.0266303930553,-0.0105263157895,-0.0315789473684,0.0315789473684,514,0,50,8366,0.91134751773,1,0,0.0886524822695,1,0.91134751773,0.953617810761,0.951805202349,0.91134751773,0.91134751773,6,56,0,10,10,10
196,WLNM_dir_neg_kfold,0.879942602041,0.533909384899,00:00:10,10,90,16,22361,fixed,0.5,1,0.107142857143,0.193548387097,6,0,50,112,0.107142857143,1,0,0.892857142857,1,0.107142857143,0.193548387097,0.702380952381,0.654761904762,0.137931034483,0.272165526976,0.107142857143,565,509,56,0,565,0,509,0,56,95,564,0.0631578947368,1.51383458647,11.8736842105,13.756097561,7.83333333333,8.97780016801,0.756109056703,0.427230309817,8.8855734454,1.49668347041,0.722807017544,7.68365289667,1.29423231416,0.646173945502,0.642127178975,0.424172617482,2.16666666667,NaN,NaN,NaN,0.0226317956796,0.00423344420925,14,0.000101145107105,0.206159134324,NaN,NaN,NaN,NaN,NaN,0.568421052632,0.189473684211,0.242105263158,95,514,0.0575587905935,1.51421052632,10.8210526316,12.5365853659,7.55882352941,8.06486858313,0.745294275678,0.421728445628,8.03647898031,1.48534144578,0.719680524268,6.93970190181,1.28262972893,0.647593692402,0.643093736026,0.424705630327,2.16666666667,NaN,NaN,NaN,0.0206812370915,0.00407156076496,11,7.94711555828e-05,0.179528741269,NaN,NaN,NaN,NaN,NaN,0.557894736842,0.157894736842,0.273684210526,-50,-0.00559910414334,0.000375939849624,-1.05263157895,-1.21951219512,-0.274509803922,-0.912931584877,-0.0108147810243,-0.00550186418941,-0.84909446509,-0.0113420246361,-0.00312649327599,-0.743950994859,-0.0116025852214,0.00141974690016,0.000966557050577,0.000533012844991,0,NaN,NaN,NaN,-0.00195055858809,-0.000161883444293,-3,-2.16739515226e-05,-0.0266303930553,-0.0105263157895,-0.0315789473684,0.0315789473684,514,0,50,8366,0.91134751773,1,0,0.0886524822695,1,0.91134751773,0.953617810761,0.951805202349,0.91134751773,0.91134751773,6,56,0,10,10,10
197,WLNM_dir_neg_kfold,0.847018494898,0.520697235272,00:00:10,10,90,17,22362,fixed,0.5,1,0.107142857143,0.193548387097,6,0,50,112,0.107142857143,1,0,0.892857142857,1,0.107142857143,0.193548387097,0.702380952381,0.654761904762,0.137931034483,0.272165526976,0.107142857143,565,509,56,0,565,0,509,0,56,95,564,0.0631578947368,1.51383458647,11.8736842105,13.756097561,7.83333333333,8.97780016801,0.756109056703,0.427230309817,8.8855734454,1.49668347041,0.722807017544,7.68365289667,1.29423231416,0.646173945502,0.642127178975,0.424172617482,2.16666666667,NaN,NaN,NaN,0.0226317956796,0.00423344420925,14,0.000101145107105,0.206159134324,NaN,NaN,NaN,NaN,NaN,0.568421052632,0.189473684211,0.242105263158,95,514,0.0575587905935,1.51421052632,10.8210526316,12.5365853659,7.55882352941,8.06486858313,0.745294275678,0.421728445628,8.03647898031,1.48534144578,0.719680524268,6.93970190181,1.28262972893,0.647593692402,0.643093736026,0.424705630327,2.16666666667,NaN,NaN,NaN,0.0206812370915,0.00407156076496,11,7.94711555828e-05,0.179528741269,NaN,NaN,NaN,NaN,NaN,0.557894736842,0.157894736842,0.273684210526,-50,-0.00559910414334,0.000375939849624,-1.05263157895,-1.21951219512,-0.274509803922,-0.912931584877,-0.0108147810243,-0.00550186418941,-0.84909446509,-0.0113420246361,-0.00312649327599,-0.743950994859,-0.0116025852214,0.00141974690016,0.000966557050577,0.000533012844991,0,NaN,NaN,NaN,-0.00195055858809,-0.000161883444293,-3,-2.16739515226e-05,-0.0266303930553,-0.0105263157895,-0.0315789473684,0.0315789473684,514,0,50,8366,0.91134751773,1,0,0.0886524822695,1,0.91134751773,0.953617810761,0.951805202349,0.91134751773,0.91134751773,6,56,0,10,10,10
198,WLNM_dir_neg_kfold,0.788424744898,0.45352109501,00:00:10,10,90,18,22363,fixed,0.5,1,0.107142857143,0.193548387097,6,0,50,112,0.107142857143,1,0,0.892857142857,1,0.107142857143,0.193548387097,0.702380952381,0.654761904762,0.137931034483,0.272165526976,0.107142857143,565,509,56,0,565,0,509,0,56,95,564,0.0631578947368,1.51383458647,11.8736842105,13.756097561,7.83333333333,8.97780016801,0.756109056703,0.427230309817,8.8855734454,1.49668347041,0.722807017544,7.68365289667,1.29423231416,0.646173945502,0.642127178975,0.424172617482,2.16666666667,NaN,NaN,NaN,0.0226317956796,0.00423344420925,14,0.000101145107105,0.206159134324,NaN,NaN,NaN,NaN,NaN,0.568421052632,0.189473684211,0.242105263158,95,514,0.0575587905935,1.51421052632,10.8210526316,12.5365853659,7.55882352941,8.06486858313,0.745294275678,0.421728445628,8.03647898031,1.48534144578,0.719680524268,6.93970190181,1.28262972893,0.647593692402,0.643093736026,0.424705630327,2.16666666667,NaN,NaN,NaN,0.0206812370915,0.00407156076496,11,7.94711555828e-05,0.179528741269,NaN,NaN,NaN,NaN,NaN,0.557894736842,0.157894736842,0.273684210526,-50,-0.00559910414334,0.000375939849624,-1.05263157895,-1.21951219512,-0.274509803922,-0.912931584877,-0.0108147810243,-0.00550186418941,-0.84909446509,-0.0113420246361,-0.00312649327599,-0.743950994859,-0.0116025852214,0.00141974690016,0.000966557050577,0.000533012844991,0,NaN,NaN,NaN,-0.00195055858809,-0.000161883444293,-3,-2.16739515226e-05,-0.0266303930553,-0.0105263157895,-0.0315789473684,0.0315789473684,514,0,50,8366,0.91134751773,1,0,0.0886524822695,1,0.91134751773,0.953617810761,0.951805202349,0.91134751773,0.91134751773,6,56,0,10,10,10
199,WLNM_dir_neg_kfold,0.610012755102,0.330344059156,00:00:10,10,90,19,22364,fixed,0.5,1,0.107142857143,0.193548387097,6,0,50,112,0.107142857143,1,0,0.892857142857,1,0.107142857143,0.193548387097,0.702380952381,0.654761904762,0.137931034483,0.272165526976,0.107142857143,565,509,56,0,565,0,509,0,56,95,564,0.0631578947368,1.51383458647,11.8736842105,13.756097561,7.83333333333,8.97780016801,0.756109056703,0.427230309817,8.8855734454,1.49668347041,0.722807017544,7.68365289667,1.29423231416,0.646173945502,0.642127178975,0.424172617482,2.16666666667,NaN,NaN,NaN,0.0226317956796,0.00423344420925,14,0.000101145107105,0.206159134324,NaN,NaN,NaN,NaN,NaN,0.568421052632,0.189473684211,0.242105263158,95,514,0.0575587905935,1.51421052632,10.8210526316,12.5365853659,7.55882352941,8.06486858313,0.745294275678,0.421728445628,8.03647898031,1.48534144578,0.719680524268,6.93970190181,1.28262972893,0.647593692402,0.643093736026,0.424705630327,2.16666666667,NaN,NaN,NaN,0.0206812370915,0.00407156076496,11,7.94711555828e-05,0.179528741269,NaN,NaN,NaN,NaN,NaN,0.557894736842,0.157894736842,0.273684210526,-50,-0.00559910414334,0.000375939849624,-1.05263157895,-1.21951219512,-0.274509803922,-0.912931584877,-0.0108147810243,-0.00550186418941,-0.84909446509,-0.0113420246361,-0.00312649327599,-0.743950994859,-0.0116025852214,0.00141974690016,0.000966557050577,0.000533012844991,0,NaN,NaN,NaN,-0.00195055858809,-0.000161883444293,-3,-2.16739515226e-05,-0.0266303930553,-0.0105263157895,-0.0315789473684,0.0315789473684,514,0,50,8366,0.91134751773,1,0,0.0886524822695,1,0.91134751773,0.953617810761,0.951805202349,0.91134751773,0.91134751773,6,56,0,10,10,10
200,WLNM_dir_neg_kfold,0.770806760204,0.45365607327,00:00:10,10,90,20,22365,fixed,0.5,1,0.107142857143,0.193548387097,6,0,50,112,0.107142857143,1,0,0.892857142857,1,0.107142857143,0.193548387097,0.702380952381,0.654761904762,0.137931034483,0.272165526976,0.107142857143,565,509,56,0,565,0,509,0,56,95,564,0.0631578947368,1.51383458647,11.8736842105,13.756097561,7.83333333333,8.97780016801,0.756109056703,0.427230309817,8.8855734454,1.49668347041,0.722807017544,7.68365289667,1.29423231416,0.646173945502,0.642127178975,0.424172617482,2.16666666667,NaN,NaN,NaN,0.0226317956796,0.00423344420925,14,0.000101145107105,0.206159134324,NaN,NaN,NaN,NaN,NaN,0.568421052632,0.189473684211,0.242105263158,95,514,0.0575587905935,1.51421052632,10.8210526316,12.5365853659,7.55882352941,8.06486858313,0.745294275678,0.421728445628,8.03647898031,1.48534144578,0.719680524268,6.93970190181,1.28262972893,0.647593692402,0.643093736026,0.424705630327,2.16666666667,NaN,NaN,NaN,0.0206812370915,0.00407156076496,11,7.94711555828e-05,0.179528741269,NaN,NaN,NaN,NaN,NaN,0.557894736842,0.157894736842,0.273684210526,-50,-0.00559910414334,0.000375939849624,-1.05263157895,-1.21951219512,-0.274509803922,-0.912931584877,-0.0108147810243,-0.00550186418941,-0.84909446509,-0.0113420246361,-0.00312649327599,-0.743950994859,-0.0116025852214,0.00141974690016,0.000966557050577,0.000533012844991,0,NaN,NaN,NaN,-0.00195055858809,-0.000161883444293,-3,-2.16739515226e-05,-0.0266303930553,-0.0105263157895,-0.0315789473684,0.0315789473684,514,0,50,8366,0.91134751773,1,0,0.0886524822695,1,0.91134751773,0.953617810761,0.951805202349,0.91134751773,0.91134751773,6,56,0,10,10,10
