Iteration,Version,ROC_AUC,PR_AUC,TimeElapsed,K,TrainRatio,ExperimentID,Seed,ThresholdMode,Threshold,Precision,Recall,F1Score,TestTP,TestFP,TestFN,TestTN,TestTPR,TestTNR,TestFPR,TestFNR,TestPrecision,TestRecall,TestF1Score,TestAccuracy,TestExpectedAccuracy,TestKappa,TestMCC,TestTSS,TotalLinks,TrainLinks,TestLinks,BackboneTotal,NonBackboneTotal,BackboneTrainLinks,NonBackboneTrainLinks,BackboneTestLinks,NonBackboneTestLinks,EmpiricalNumSpecies,EmpiricalLinks,EmpiricalConnectance,EmpiricalMeanTrophicLevel,EmpiricalMeanDegree,EmpiricalMeanGenerality,EmpiricalMeanVulnerability,EmpiricalDegreeStd,EmpiricalDegreeCV,EmpiricalDegreeGini,EmpiricalGeneralityStd,EmpiricalGeneralityCV,EmpiricalGeneralityGini,EmpiricalVulnerabilityStd,EmpiricalVulnerabilityCV,EmpiricalVulnerabilityGini,EmpiricalTrophicLevelStd,EmpiricalTrophicLevelCV,EmpiricalTrophicLevelRange,EmpiricalNetworkXMeanTrophicLevel,EmpiricalNetworkXTrophicLevelStd,EmpiricalNetworkXTrophicLevelRange,EmpiricalMeanLocalClustering,EmpiricalTransitivity,EmpiricalNumTriangles,EmpiricalTriangleDensity,EmpiricalMeanDietOverlap,EmpiricalNetworkXTrophicLevelNumSpeciesFull,EmpiricalNetworkXTrophicLevelNumSpeciesLargest,EmpiricalNetworkXTrophicLevelNumSpeciesWithLevel,EmpiricalNetworkXTrophicLevelLargestFraction,EmpiricalNetworkXTrophicLevelStatusCode,EmpiricalPropBasal,EmpiricalPropIntermediate,EmpiricalPropTop,PseudoNumSpecies,PseudoLinks,PseudoConnectance,PseudoMeanTrophicLevel,PseudoMeanDegree,PseudoMeanGenerality,PseudoMeanVulnerability,PseudoDegreeStd,PseudoDegreeCV,PseudoDegreeGini,PseudoGeneralityStd,PseudoGeneralityCV,PseudoGeneralityGini,PseudoVulnerabilityStd,PseudoVulnerabilityCV,PseudoVulnerabilityGini,PseudoTrophicLevelStd,PseudoTrophicLevelCV,PseudoTrophicLevelRange,PseudoNetworkXMeanTrophicLevel,PseudoNetworkXTrophicLevelStd,PseudoNetworkXTrophicLevelRange,PseudoMeanLocalClustering,PseudoTransitivity,PseudoNumTriangles,PseudoTriangleDensity,PseudoMeanDietOverlap,PseudoNetworkXTrophicLevelNumSpeciesFull,PseudoNetworkXTrophicLevelNumSpeciesLargest,PseudoNetworkXTrophicLevelNumSpeciesWithLevel,PseudoNetworkXTrophicLevelLargestFraction,PseudoNetworkXTrophicLevelStatusCode,PseudoPropBasal,PseudoPropIntermediate,PseudoPropTop,DeltaLinks,DeltaConnectance,DeltaMeanTrophicLevel,DeltaMeanDegree,DeltaMeanGenerality,DeltaMeanVulnerability,DeltaDegreeStd,DeltaDegreeCV,DeltaDegreeGini,DeltaGeneralityStd,DeltaGeneralityCV,DeltaGeneralityGini,DeltaVulnerabilityStd,DeltaVulnerabilityCV,DeltaVulnerabilityGini,DeltaTrophicLevelStd,DeltaTrophicLevelCV,DeltaTrophicLevelRange,DeltaNetworkXMeanTrophicLevel,DeltaNetworkXTrophicLevelStd,DeltaNetworkXTrophicLevelRange,DeltaMeanLocalClustering,DeltaTransitivity,DeltaNumTriangles,DeltaTriangleDensity,DeltaMeanDietOverlap,DeltaPropBasal,DeltaPropIntermediate,DeltaPropTop,PseudoTP,PseudoFP,PseudoFN,PseudoTN,PseudoTPR,PseudoTNR,PseudoFPR,PseudoFNR,PseudoPrecision,PseudoRecall,PseudoF1Score,PseudoMCC,PseudoTSS,PseudoJaccardLinks,NumPredictedNovelLinks,NumTrueNovelLinks,EvaluateOnAllUnseen,CvK,FoldID,NumFolds
1,WLNM_dir_neg_kfold,0.861495844875,0.661354663521,00:00:11,10,66.6666666667,1,13346,fixed,0.5,0.916666666667,0.578947368421,0.709677419355,11,1,8,37,0.578947368421,0.973684210526,0.0263157894737,0.421052631579,0.916666666667,0.578947368421,0.709677419355,0.842105263158,0.59649122807,0.608695652174,0.639009650423,0.552631578947,57,38,19,0,57,0,38,0,19,22,55,0.119047619048,1.81168831169,5,3.92857142857,2.61904761905,3.47782088314,0.695564176629,0.351239669421,3.6351459,1.45405836,0.66694214876,2.24138562586,0.896554250344,0.384297520661,0.780765321429,0.430960069892,2.92857142857,NaN,NaN,NaN,0.168968253968,0.0778097982709,9,0.00584415584416,0.320983778127,NaN,NaN,NaN,NaN,NaN,0.363636363636,0.590909090909,0.0454545454545,22,48,0.103896103896,1.91051136364,4.36363636364,3.69230769231,2.4,2.80383163929,0.64254475067,0.344696969697,3.0179836163,1.3832424908,0.660984848485,2.01509455376,0.923585003808,0.433712121212,1.08095386525,0.565792952516,4.09375,NaN,NaN,NaN,0.24873015873,0.0737704918033,6,0.0038961038961,0.253205128205,NaN,NaN,NaN,NaN,NaN,0.409090909091,0.5,0.0909090909091,-7,-0.0151515151515,0.0988230519481,-0.636363636364,-0.236263736264,-0.219047619048,-0.673989243857,-0.0530194259588,-0.00654269972452,-0.617162283705,-0.0708158691981,-0.00595730027548,-0.226291072096,0.0270307534643,0.049414600551,0.300188543819,0.134832882624,1.16517857143,NaN,NaN,NaN,0.0797619047619,-0.00403930646761,-3,-0.00194805194805,-0.0677786499215,0.0454545454545,-0.0909090909091,0.0454545454545,47,1,8,406,0.854545454545,0.997542997543,0.002457002457,0.145454545455,0.979166666667,0.854545454545,0.912621359223,0.904362279179,0.852088452088,0.839285714286,12,19,0,3,1,3
2,WLNM_dir_neg_kfold,0.950138504155,0.831018279966,00:00:11,10,66.6666666667,2,13347,fixed,0.5,1,0.842105263158,0.914285714286,16,0,3,38,0.842105263158,1,0,0.157894736842,1,0.842105263158,0.914285714286,0.947368421053,0.573099415205,0.876712328767,0.883452208599,0.842105263158,57,38,19,0,57,0,38,0,19,22,55,0.119047619048,1.81168831169,5,3.92857142857,2.61904761905,3.47782088314,0.695564176629,0.351239669421,3.6351459,1.45405836,0.66694214876,2.24138562586,0.896554250344,0.384297520661,0.780765321429,0.430960069892,2.92857142857,NaN,NaN,NaN,0.168968253968,0.0778097982709,9,0.00584415584416,0.320983778127,NaN,NaN,NaN,NaN,NaN,0.363636363636,0.590909090909,0.0454545454545,22,52,0.112554112554,1.69480519481,4.72727272727,4.33333333333,2.47619047619,3.46660006596,0.733319244722,0.374125874126,3.69743095554,1.56429771196,0.704545454545,1.91598425646,0.810608723886,0.375874125874,0.763084540932,0.450249116105,2.76785714286,NaN,NaN,NaN,0.194903926483,0.075,8,0.00519480519481,0.301587301587,NaN,NaN,NaN,NaN,NaN,0.454545454545,0.5,0.0454545454545,-3,-0.00649350649351,-0.116883116883,-0.272727272727,0.404761904762,-0.142857142857,-0.0112208171845,0.0377550680934,0.0228862047044,0.0622850555415,0.11023935196,0.0376033057851,-0.325401369401,-0.0859455264576,-0.00842339478703,-0.0176807804967,0.0192890462129,-0.160714285714,NaN,NaN,NaN,0.0259356725146,-0.00280979827089,-1,-0.000649350649351,-0.0193964765393,0.0909090909091,-0.0909090909091,0,52,0,3,407,0.945454545455,1,0,0.0545454545455,1,0.945454545455,0.971962616822,0.968780979048,0.945454545455,0.945454545455,16,19,0,3,1,3
3,WLNM_dir_neg_kfold,0.941828254848,0.688052183274,00:00:11,10,66.6666666667,3,13348,fixed,0.5,0.928571428571,0.684210526316,0.787878787879,13,1,6,37,0.684210526316,0.973684210526,0.0263157894737,0.315789473684,0.928571428571,0.684210526316,0.787878787879,0.877192982456,0.584795321637,0.704225352113,0.72048802213,0.657894736842,57,38,19,0,57,0,38,0,19,22,55,0.119047619048,1.81168831169,5,3.92857142857,2.61904761905,3.47782088314,0.695564176629,0.351239669421,3.6351459,1.45405836,0.66694214876,2.24138562586,0.896554250344,0.384297520661,0.780765321429,0.430960069892,2.92857142857,NaN,NaN,NaN,0.168968253968,0.0778097982709,9,0.00584415584416,0.320983778127,NaN,NaN,NaN,NaN,NaN,0.363636363636,0.590909090909,0.0454545454545,22,50,0.108225108225,1.86363636364,4.54545454545,3.33333333333,2.63157894737,3.08185585286,0.67800828763,0.359090909091,2.96297498795,1.3037089947,0.623636363636,2.56685499956,1.1294161998,0.489090909091,0.774317182792,0.415487268815,3,NaN,NaN,NaN,0.0852130325815,0.0541516245487,5,0.00324675324675,0.378571428571,NaN,NaN,NaN,NaN,NaN,0.318181818182,0.545454545455,0.136363636364,-5,-0.0108225108225,0.0519480519481,-0.454545454545,-0.595238095238,0.0125313283208,-0.39596503028,-0.0175558889988,0.00785123966942,-0.672170912049,-0.150349365302,-0.043305785124,0.325469373696,0.232861949461,0.10479338843,-0.0064481386365,-0.0154728010772,0.0714285714286,NaN,NaN,NaN,-0.0837552213868,-0.0236581737222,-4,-0.0025974025974,0.0575876504448,-0.0454545454545,-0.0454545454545,0.0909090909091,49,1,6,406,0.890909090909,0.997542997543,0.002457002457,0.109090909091,0.98,0.890909090909,0.933333333333,0.926144926043,0.888452088452,0.875,14,19,0,3,1,3
4,WLNM_dir_neg_kfold,0.860110803324,0.733560891619,00:00:11,10,66.6666666667,4,13349,fixed,0.5,0.846153846154,0.578947368421,0.6875,11,2,8,36,0.578947368421,0.947368421053,0.0526315789474,0.421052631579,0.846153846154,0.578947368421,0.6875,0.824561403509,0.590643274854,0.571428571429,0.591312395989,0.526315789474,57,38,19,0,57,0,38,0,19,22,55,0.119047619048,1.81168831169,5,3.92857142857,2.61904761905,3.47782088314,0.695564176629,0.351239669421,3.6351459,1.45405836,0.66694214876,2.24138562586,0.896554250344,0.384297520661,0.780765321429,0.430960069892,2.92857142857,NaN,NaN,NaN,0.168968253968,0.0778097982709,9,0.00584415584416,0.320983778127,NaN,NaN,NaN,NaN,NaN,0.363636363636,0.590909090909,0.0454545454545,22,49,0.106060606061,2.20292207792,4.45454545455,3.5,2.45,2.72077147195,0.610785432479,0.32560296846,2.99096764374,1.34288343188,0.642857142857,1.998375964,0.897230024655,0.423933209647,1.45917002364,0.662379318025,4.67857142857,NaN,NaN,NaN,0.269690098262,0.085020242915,7,0.00454545454545,0.228021978022,NaN,NaN,NaN,NaN,NaN,0.363636363636,0.545454545455,0.0909090909091,-6,-0.012987012987,0.391233766234,-0.545454545455,-0.428571428571,-0.169047619048,-0.757049411191,-0.0847787441495,-0.0256367009614,-0.644178256262,-0.111174928118,-0.0240850059032,-0.243009661856,0.00067577431079,0.0396356889863,0.678404702207,0.231419248132,1.75,NaN,NaN,NaN,0.100721844293,0.00721044464409,-2,-0.0012987012987,-0.0929618001047,0,-0.0454545454545,0.0454545454545,47,2,8,405,0.854545454545,0.995085995086,0.004914004914,0.145454545455,0.959183673469,0.854545454545,0.903846153846,0.893585397655,0.849631449631,0.824561403509,13,19,0,3,1,3
5,WLNM_dir_neg_kfold,0.958448753463,0.855142011038,00:00:11,10,66.6666666667,5,13350,fixed,0.5,1,0.842105263158,0.914285714286,16,0,3,38,0.842105263158,1,0,0.157894736842,1,0.842105263158,0.914285714286,0.947368421053,0.573099415205,0.876712328767,0.883452208599,0.842105263158,57,38,19,0,57,0,38,0,19,22,55,0.119047619048,1.81168831169,5,3.92857142857,2.61904761905,3.47782088314,0.695564176629,0.351239669421,3.6351459,1.45405836,0.66694214876,2.24138562586,0.896554250344,0.384297520661,0.780765321429,0.430960069892,2.92857142857,NaN,NaN,NaN,0.168968253968,0.0778097982709,9,0.00584415584416,0.320983778127,NaN,NaN,NaN,NaN,NaN,0.363636363636,0.590909090909,0.0454545454545,22,52,0.112554112554,1.69480519481,4.72727272727,4.33333333333,2.47619047619,3.46660006596,0.733319244722,0.374125874126,3.69743095554,1.56429771196,0.704545454545,1.91598425646,0.810608723886,0.375874125874,0.763084540932,0.450249116105,2.76785714286,NaN,NaN,NaN,0.194903926483,0.075,8,0.00519480519481,0.301587301587,NaN,NaN,NaN,NaN,NaN,0.454545454545,0.5,0.0454545454545,-3,-0.00649350649351,-0.116883116883,-0.272727272727,0.404761904762,-0.142857142857,-0.0112208171845,0.0377550680934,0.0228862047044,0.0622850555415,0.11023935196,0.0376033057851,-0.325401369401,-0.0859455264576,-0.00842339478703,-0.0176807804967,0.0192890462129,-0.160714285714,NaN,NaN,NaN,0.0259356725146,-0.00280979827089,-1,-0.000649350649351,-0.0193964765393,0.0909090909091,-0.0909090909091,0,52,0,3,407,0.945454545455,1,0,0.0545454545455,1,0.945454545455,0.971962616822,0.968780979048,0.945454545455,0.945454545455,16,19,0,3,1,3
6,WLNM_dir_neg_kfold,0.961218836565,0.913285693257,00:00:11,10,66.6666666667,6,13351,fixed,0.5,0.857142857143,0.947368421053,0.9,18,3,1,35,0.947368421053,0.921052631579,0.0789473684211,0.0526315789474,0.857142857143,0.947368421053,0.9,0.929824561404,0.543859649123,0.846153846154,0.848668424792,0.868421052632,57,38,19,0,57,0,38,0,19,22,55,0.119047619048,1.81168831169,5,3.92857142857,2.61904761905,3.47782088314,0.695564176629,0.351239669421,3.6351459,1.45405836,0.66694214876,2.24138562586,0.896554250344,0.384297520661,0.780765321429,0.430960069892,2.92857142857,NaN,NaN,NaN,0.168968253968,0.0778097982709,9,0.00584415584416,0.320983778127,NaN,NaN,NaN,NaN,NaN,0.363636363636,0.590909090909,0.0454545454545,22,57,0.123376623377,1,5.18181818182,3.35294117647,2.71428571429,3.82518426119,0.738193453913,0.379585326954,3.56783368859,1.37705861665,0.614832535885,2.26061708619,0.872518875373,0.385167464115,0,0,0,NaN,NaN,NaN,0.27295511506,0.15306122449,20,0.012987012987,0.260679271709,NaN,NaN,NaN,NaN,NaN,0.227272727273,0.727272727273,0.0454545454545,2,0.004329004329,-0.811688311688,0.181818181818,-0.575630252101,0.0952380952381,0.347363378042,0.0426292772844,0.0283456575323,-0.0673122114099,-0.0769997433512,-0.0521096128752,0.0192314603339,-0.0240353749709,0.000869943453676,-0.780765321429,-0.430960069892,-2.92857142857,NaN,NaN,NaN,0.103986861092,0.0752514262189,11,0.00714285714286,-0.060304506418,-0.136363636364,0.136363636364,0,54,3,1,404,0.981818181818,0.992628992629,0.00737100737101,0.0181818181818,0.947368421053,0.981818181818,0.964285714286,0.959559502402,0.974447174447,0.931034482759,21,19,0,3,1,3
7,WLNM_dir_neg_kfold,0.959833795014,0.884576637673,00:00:11,10,66.6666666667,7,13352,fixed,0.5,0.818181818182,0.947368421053,0.878048780488,18,4,1,34,0.947368421053,0.894736842105,0.105263157895,0.0526315789474,0.818181818182,0.947368421053,0.878048780488,0.912280701754,0.538011695906,0.810126582278,0.8154355063,0.842105263158,57,38,19,0,57,0,38,0,19,22,55,0.119047619048,1.81168831169,5,3.92857142857,2.61904761905,3.47782088314,0.695564176629,0.351239669421,3.6351459,1.45405836,0.66694214876,2.24138562586,0.896554250344,0.384297520661,0.780765321429,0.430960069892,2.92857142857,NaN,NaN,NaN,0.168968253968,0.0778097982709,9,0.00584415584416,0.320983778127,NaN,NaN,NaN,NaN,NaN,0.363636363636,0.590909090909,0.0454545454545,22,58,0.125541125541,2.83580705009,5.27272727273,3.22222222222,2.7619047619,3.78193473014,0.717263483302,0.368338557994,3.53951105778,1.34257315985,0.594043887147,2.30000941086,0.87241736274,0.3934169279,1.3119476102,0.462636416027,3.69387755102,NaN,NaN,NaN,0.208186813187,0.113065326633,15,0.00974025974026,0.251789604731,NaN,NaN,NaN,NaN,NaN,0.181818181818,0.772727272727,0.0454545454545,3,0.00649350649351,1.0241187384,0.272727272727,-0.706349206349,0.142857142857,0.304113846994,0.0216993066732,0.0170988885722,-0.095634842221,-0.111485200153,-0.072898261613,0.0586237850002,-0.0241368876039,0.00911940723853,0.531182288772,0.031676346135,0.765306122449,NaN,NaN,NaN,0.0392185592186,0.0352555283623,6,0.0038961038961,-0.0691941733959,-0.181818181818,0.181818181818,0,54,4,1,403,0.981818181818,0.990171990172,0.00982800982801,0.0181818181818,0.931034482759,0.981818181818,0.955752212389,0.950026552659,0.97199017199,0.915254237288,22,19,0,3,1,3
8,WLNM_dir_neg_kfold,0.945983379501,0.822177946379,00:00:11,10,66.6666666667,8,13353,fixed,0.5,0.941176470588,0.842105263158,0.888888888889,16,1,3,37,0.842105263158,0.973684210526,0.0263157894737,0.157894736842,0.941176470588,0.842105263158,0.888888888889,0.929824561404,0.567251461988,0.837837837838,0.840605524047,0.815789473684,57,38,19,0,57,0,38,0,19,22,55,0.119047619048,1.81168831169,5,3.92857142857,2.61904761905,3.47782088314,0.695564176629,0.351239669421,3.6351459,1.45405836,0.66694214876,2.24138562586,0.896554250344,0.384297520661,0.780765321429,0.430960069892,2.92857142857,NaN,NaN,NaN,0.168968253968,0.0778097982709,9,0.00584415584416,0.320983778127,NaN,NaN,NaN,NaN,NaN,0.363636363636,0.590909090909,0.0454545454545,22,53,0.114718614719,1.83766233766,4.81818181818,4.07692307692,2.52380952381,3.48652321889,0.723618026562,0.367924528302,3.67305621946,1.52466484582,0.688679245283,1.89382683648,0.786116800049,0.362778730703,0.895318191393,0.487204952207,2.96428571429,NaN,NaN,NaN,0.234523809524,0.0818181818182,9,0.00584415584416,0.256105006105,NaN,NaN,NaN,NaN,NaN,0.409090909091,0.545454545455,0.0454545454545,-2,-0.004329004329,0.025974025974,-0.181818181818,0.148351648352,-0.0952380952381,0.00870233574306,0.0280538499327,0.0166848588804,0.037910319464,0.0706064858152,0.0217370965227,-0.347558789377,-0.110437450295,-0.0215187899579,0.114552869965,0.0562448823144,0.0357142857143,NaN,NaN,NaN,0.0655555555556,0.00400838354729,0,0,-0.0648787720216,0.0454545454545,-0.0454545454545,0,52,1,3,406,0.945454545455,0.997542997543,0.002457002457,0.0545454545455,0.981132075472,0.945454545455,0.962962962963,0.958273595656,0.942997542998,0.928571428571,17,19,0,3,1,3
9,WLNM_dir_neg_kfold,0.929362880886,0.838926747855,00:00:11,10,66.6666666667,9,13354,fixed,0.5,0.846153846154,0.578947368421,0.6875,11,2,8,36,0.578947368421,0.947368421053,0.0526315789474,0.421052631579,0.846153846154,0.578947368421,0.6875,0.824561403509,0.590643274854,0.571428571429,0.591312395989,0.526315789474,57,38,19,0,57,0,38,0,19,22,55,0.119047619048,1.81168831169,5,3.92857142857,2.61904761905,3.47782088314,0.695564176629,0.351239669421,3.6351459,1.45405836,0.66694214876,2.24138562586,0.896554250344,0.384297520661,0.780765321429,0.430960069892,2.92857142857,NaN,NaN,NaN,0.168968253968,0.0778097982709,9,0.00584415584416,0.320983778127,NaN,NaN,NaN,NaN,NaN,0.363636363636,0.590909090909,0.0454545454545,22,49,0.106060606061,2.20292207792,4.45454545455,3.5,2.45,2.72077147195,0.610785432479,0.32560296846,2.99096764374,1.34288343188,0.642857142857,1.998375964,0.897230024655,0.423933209647,1.45917002364,0.662379318025,4.67857142857,NaN,NaN,NaN,0.269690098262,0.085020242915,7,0.00454545454545,0.228021978022,NaN,NaN,NaN,NaN,NaN,0.363636363636,0.545454545455,0.0909090909091,-6,-0.012987012987,0.391233766234,-0.545454545455,-0.428571428571,-0.169047619048,-0.757049411191,-0.0847787441495,-0.0256367009614,-0.644178256262,-0.111174928118,-0.0240850059032,-0.243009661856,0.00067577431079,0.0396356889863,0.678404702207,0.231419248132,1.75,NaN,NaN,NaN,0.100721844293,0.00721044464409,-2,-0.0012987012987,-0.0929618001047,0,-0.0454545454545,0.0454545454545,47,2,8,405,0.854545454545,0.995085995086,0.004914004914,0.145454545455,0.959183673469,0.854545454545,0.903846153846,0.893585397655,0.849631449631,0.824561403509,13,19,0,3,1,3
10,WLNM_dir_neg_kfold,0.919667590028,0.793226139934,00:00:11,10,66.6666666667,10,13355,fixed,0.5,0.916666666667,0.578947368421,0.709677419355,11,1,8,37,0.578947368421,0.973684210526,0.0263157894737,0.421052631579,0.916666666667,0.578947368421,0.709677419355,0.842105263158,0.59649122807,0.608695652174,0.639009650423,0.552631578947,57,38,19,0,57,0,38,0,19,22,55,0.119047619048,1.81168831169,5,3.92857142857,2.61904761905,3.47782088314,0.695564176629,0.351239669421,3.6351459,1.45405836,0.66694214876,2.24138562586,0.896554250344,0.384297520661,0.780765321429,0.430960069892,2.92857142857,NaN,NaN,NaN,0.168968253968,0.0778097982709,9,0.00584415584416,0.320983778127,NaN,NaN,NaN,NaN,NaN,0.363636363636,0.590909090909,0.0454545454545,22,48,0.103896103896,1.91051136364,4.36363636364,3.69230769231,2.4,2.80383163929,0.64254475067,0.344696969697,3.0179836163,1.3832424908,0.660984848485,2.01509455376,0.923585003808,0.433712121212,1.08095386525,0.565792952516,4.09375,NaN,NaN,NaN,0.24873015873,0.0737704918033,6,0.0038961038961,0.253205128205,NaN,NaN,NaN,NaN,NaN,0.409090909091,0.5,0.0909090909091,-7,-0.0151515151515,0.0988230519481,-0.636363636364,-0.236263736264,-0.219047619048,-0.673989243857,-0.0530194259588,-0.00654269972452,-0.617162283705,-0.0708158691981,-0.00595730027548,-0.226291072096,0.0270307534643,0.049414600551,0.300188543819,0.134832882624,1.16517857143,NaN,NaN,NaN,0.0797619047619,-0.00403930646761,-3,-0.00194805194805,-0.0677786499215,0.0454545454545,-0.0909090909091,0.0454545454545,47,1,8,406,0.854545454545,0.997542997543,0.002457002457,0.145454545455,0.979166666667,0.854545454545,0.912621359223,0.904362279179,0.852088452088,0.839285714286,12,19,0,3,1,3
11,WLNM_dir_neg_kfold,0.896121883657,0.463431576692,00:00:11,10,66.6666666667,11,13356,fixed,0.5,0.842105263158,0.842105263158,0.842105263158,16,3,3,35,0.842105263158,0.921052631579,0.0789473684211,0.157894736842,0.842105263158,0.842105263158,0.842105263158,0.894736842105,0.555555555556,0.763157894737,0.763157894737,0.763157894737,57,38,19,0,57,0,38,0,19,22,55,0.119047619048,1.81168831169,5,3.92857142857,2.61904761905,3.47782088314,0.695564176629,0.351239669421,3.6351459,1.45405836,0.66694214876,2.24138562586,0.896554250344,0.384297520661,0.780765321429,0.430960069892,2.92857142857,NaN,NaN,NaN,0.168968253968,0.0778097982709,9,0.00584415584416,0.320983778127,NaN,NaN,NaN,NaN,NaN,0.363636363636,0.590909090909,0.0454545454545,22,55,0.119047619048,5.59956709957,5,3.66666666667,2.61904761905,3.74165738677,0.748331477355,0.389256198347,3.62202258677,1.44880903471,0.653719008264,1.92106121466,0.768424485865,0.364462809917,3.4452748539,0.615275215501,8.33333333333,NaN,NaN,NaN,0.30708589656,0.147138964578,18,0.0116883116883,0.220181405896,NaN,NaN,NaN,NaN,NaN,0.318181818182,0.636363636364,0.0454545454545,0,0,3.78787878788,0,-0.261904761905,0,0.263836503629,0.0527673007258,0.0380165289256,-0.0131233132332,-0.00524932529329,-0.0132231404959,-0.320324411198,-0.128129764479,-0.0198347107438,2.66450953247,0.184315145608,5.40476190476,NaN,NaN,NaN,0.138117642591,0.0693291663068,9,0.00584415584416,-0.100802372231,-0.0454545454545,0.0454545454545,0,52,3,3,404,0.945454545455,0.992628992629,0.00737100737101,0.0545454545455,0.945454545455,0.945454545455,0.945454545455,0.938083538084,0.938083538084,0.896551724138,19,19,0,3,1,3
12,WLNM_dir_neg_kfold,0.973684210526,0.751327791575,00:00:11,10,66.6666666667,12,13357,fixed,0.5,1,0.789473684211,0.882352941176,15,0,4,38,0.789473684211,1,0,0.210526315789,1,0.789473684211,0.882352941176,0.929824561404,0.578947368421,0.833333333333,0.845154254729,0.789473684211,57,38,19,0,57,0,38,0,19,22,55,0.119047619048,1.81168831169,5,3.92857142857,2.61904761905,3.47782088314,0.695564176629,0.351239669421,3.6351459,1.45405836,0.66694214876,2.24138562586,0.896554250344,0.384297520661,0.780765321429,0.430960069892,2.92857142857,NaN,NaN,NaN,0.168968253968,0.0778097982709,9,0.00584415584416,0.320983778127,NaN,NaN,NaN,NaN,NaN,0.363636363636,0.590909090909,0.0454545454545,22,51,0.11038961039,1.69480519481,4.63636363636,4.25,2.42857142857,3.44404876003,0.742834046281,0.376114081996,3.65651881851,1.57732184328,0.708556149733,1.88695682532,0.813981375626,0.373440285205,0.763084540932,0.450249116105,2.76785714286,NaN,NaN,NaN,0.195530492899,0.0774193548387,8,0.00519480519481,0.296536796537,NaN,NaN,NaN,NaN,NaN,0.454545454545,0.5,0.0454545454545,-4,-0.00865800865801,-0.116883116883,-0.363636363636,0.321428571429,-0.190476190476,-0.0337721231137,0.0472698696523,0.0248744125749,0.0213729185118,0.12326348328,0.0416140009723,-0.354428800544,-0.0825728747174,-0.0108572354562,-0.0176807804967,0.0192890462129,-0.160714285714,NaN,NaN,NaN,0.0265622389307,-0.000390443432184,-1,-0.000649350649351,-0.0244469815898,0.0909090909091,-0.0909090909091,0,51,0,4,407,0.927272727273,1,0,0.0727272727273,1,0.927272727273,0.962264150943,0.958252667715,0.927272727273,0.927272727273,15,19,0,3,1,3
13,WLNM_dir_neg_kfold,0.905817174515,0.738433004157,00:00:11,10,66.6666666667,13,13358,fixed,0.5,1,0.526315789474,0.689655172414,10,0,9,38,0.526315789474,1,0,0.473684210526,1,0.526315789474,0.689655172414,0.842105263158,0.608187134503,0.597014925373,0.652328073053,0.526315789474,57,38,19,0,57,0,38,0,19,22,55,0.119047619048,1.81168831169,5,3.92857142857,2.61904761905,3.47782088314,0.695564176629,0.351239669421,3.6351459,1.45405836,0.66694214876,2.24138562586,0.896554250344,0.384297520661,0.780765321429,0.430960069892,2.92857142857,NaN,NaN,NaN,0.168968253968,0.0778097982709,9,0.00584415584416,0.320983778127,NaN,NaN,NaN,NaN,NaN,0.363636363636,0.590909090909,0.0454545454545,22,46,0.0995670995671,1.68308080808,4.18181818182,3.83333333333,2.42105263158,2.85584386055,0.682919184045,0.368577075099,2.99060578207,1.43028972186,0.681818181818,2.02152914562,0.966818287034,0.458498023715,0.738305807396,0.438663315422,2.63888888889,NaN,NaN,NaN,0.164682539683,0.0646551724138,5,0.00324675324675,0.294191919192,NaN,NaN,NaN,NaN,NaN,0.454545454545,0.409090909091,0.136363636364,-9,-0.0194805194805,-0.128607503608,-0.818181818182,-0.0952380952381,-0.197994987469,-0.621977022594,-0.0126449925843,0.0173374056773,-0.644540117934,-0.0237686381426,0.0148760330579,-0.219856480242,0.0702640366906,0.0742005030543,-0.0424595140328,0.00770324552947,-0.289682539683,NaN,NaN,NaN,-0.00428571428571,-0.0131546258571,-4,-0.0025974025974,-0.0267918589347,0.0909090909091,-0.181818181818,0.0909090909091,46,0,9,407,0.836363636364,1,0,0.163636363636,1,0.836363636364,0.910891089109,0.904582351569,0.836363636364,0.836363636364,10,19,0,3,1,3
14,WLNM_dir_neg_kfold,0.919667590028,0.857976356673,00:00:11,10,66.6666666667,14,13359,fixed,0.5,1,0.473684210526,0.642857142857,9,0,10,38,0.473684210526,1,0,0.526315789474,1,0.473684210526,0.642857142857,0.824561403509,0.614035087719,0.545454545455,0.612372435696,0.473684210526,57,38,19,0,57,0,38,0,19,22,55,0.119047619048,1.81168831169,5,3.92857142857,2.61904761905,3.47782088314,0.695564176629,0.351239669421,3.6351459,1.45405836,0.66694214876,2.24138562586,0.896554250344,0.384297520661,0.780765321429,0.430960069892,2.92857142857,NaN,NaN,NaN,0.168968253968,0.0778097982709,9,0.00584415584416,0.320983778127,NaN,NaN,NaN,NaN,NaN,0.363636363636,0.590909090909,0.0454545454545,22,45,0.0974025974026,1.67045454545,4.09090909091,3.75,2.5,2.6887612816,0.657252757725,0.357575757576,2.88637641883,1.41111736032,0.675757575758,2.05813768634,1.00620064665,0.483838383838,0.712918062965,0.426780881231,2.5,NaN,NaN,NaN,0,0,0,0,0.29476584022,NaN,NaN,NaN,NaN,NaN,0.454545454545,0.363636363636,0.181818181818,-10,-0.021645021645,-0.141233766234,-0.909090909091,-0.178571428571,-0.119047619048,-0.789059601544,-0.0383114189042,0.00633608815427,-0.748769481171,-0.0429409996838,0.00881542699725,-0.18324793952,0.109646396311,0.0995408631772,-0.0678472584633,-0.00417918866157,-0.428571428571,NaN,NaN,NaN,-0.168968253968,-0.0778097982709,-9,-0.00584415584416,-0.0262179379062,0.0909090909091,-0.227272727273,0.136363636364,45,0,10,407,0.818181818182,1,0,0.181818181818,1,0.818181818182,0.9,0.893622488011,0.818181818182,0.818181818182,9,19,0,3,1,3
15,WLNM_dir_neg_kfold,0.912742382271,0.78718327134,00:00:11,10,66.6666666667,15,13360,fixed,0.5,0.8,0.842105263158,0.820512820513,16,4,3,34,0.842105263158,0.894736842105,0.105263157895,0.157894736842,0.8,0.842105263158,0.820512820513,0.877192982456,0.549707602339,0.727272727273,0.727825342874,0.736842105263,57,38,19,0,57,0,38,0,19,22,55,0.119047619048,1.81168831169,5,3.92857142857,2.61904761905,3.47782088314,0.695564176629,0.351239669421,3.6351459,1.45405836,0.66694214876,2.24138562586,0.896554250344,0.384297520661,0.780765321429,0.430960069892,2.92857142857,NaN,NaN,NaN,0.168968253968,0.0778097982709,9,0.00584415584416,0.320983778127,NaN,NaN,NaN,NaN,NaN,0.363636363636,0.590909090909,0.0454545454545,22,56,0.121212121212,2.35581027668,5.09090909091,3.73333333333,2.54545454545,3.39339822525,0.666560365675,0.332792207792,3.60855165151,1.41764529167,0.649350649351,1.81861466709,0.714455762072,0.326298701299,1.33261426203,0.565671300113,4.49739130435,NaN,NaN,NaN,0.287012987013,0.111428571429,13,0.00844155844156,0.200408163265,NaN,NaN,NaN,NaN,NaN,0.318181818182,0.681818181818,0,1,0.0021645021645,0.544121964992,0.0909090909091,-0.195238095238,-0.0735930735931,-0.0844226578916,-0.0290038109542,-0.0184474616293,-0.0265942484858,-0.0364130683337,-0.0175914994097,-0.422770958768,-0.182098488272,-0.0579988193625,0.551848940601,0.134711230221,1.56881987578,NaN,NaN,NaN,0.118044733045,0.0336187731577,4,0.0025974025974,-0.120575614861,-0.0454545454545,0.0909090909091,-0.0454545454545,52,4,3,403,0.945454545455,0.990171990172,0.00982800982801,0.0545454545455,0.928571428571,0.945454545455,0.936936936937,0.9283763096,0.935626535627,0.881355932203,20,19,0,3,1,3
16,WLNM_dir_neg_kfold,0.813019390582,0.663841984237,00:00:11,10,66.6666666667,16,13361,fixed,0.5,0.916666666667,0.578947368421,0.709677419355,11,1,8,37,0.578947368421,0.973684210526,0.0263157894737,0.421052631579,0.916666666667,0.578947368421,0.709677419355,0.842105263158,0.59649122807,0.608695652174,0.639009650423,0.552631578947,57,38,19,0,57,0,38,0,19,22,55,0.119047619048,1.81168831169,5,3.92857142857,2.61904761905,3.47782088314,0.695564176629,0.351239669421,3.6351459,1.45405836,0.66694214876,2.24138562586,0.896554250344,0.384297520661,0.780765321429,0.430960069892,2.92857142857,NaN,NaN,NaN,0.168968253968,0.0778097982709,9,0.00584415584416,0.320983778127,NaN,NaN,NaN,NaN,NaN,0.363636363636,0.590909090909,0.0454545454545,22,48,0.103896103896,1.76452020202,4.36363636364,3.69230769231,2.52631578947,2.87096225026,0.657928849018,0.359848484848,3.0179836163,1.3832424908,0.660984848485,2.06181528054,0.944998670249,0.458333333333,0.74977310492,0.424916135311,2.68055555556,NaN,NaN,NaN,0.126984126984,0.0604838709677,5,0.00324675324675,0.256232193732,NaN,NaN,NaN,NaN,NaN,0.409090909091,0.454545454545,0.136363636364,-7,-0.0151515151515,-0.0471681096681,-0.636363636364,-0.236263736264,-0.0927318295739,-0.606858632884,-0.0376353276108,0.008608815427,-0.617162283705,-0.0708158691981,-0.00595730027548,-0.179570345316,0.0484444199053,0.0740358126722,-0.0309922165088,-0.00604393458194,-0.248015873016,NaN,NaN,NaN,-0.0419841269841,-0.0173259273032,-4,-0.0025974025974,-0.0647515843944,0.0454545454545,-0.136363636364,0.0909090909091,47,1,8,406,0.854545454545,0.997542997543,0.002457002457,0.145454545455,0.979166666667,0.854545454545,0.912621359223,0.904362279179,0.852088452088,0.839285714286,12,19,0,3,1,3
17,WLNM_dir_neg_kfold,0.932132963989,0.806166788195,00:00:11,10,66.6666666667,17,13362,fixed,0.5,0.842105263158,0.842105263158,0.842105263158,16,3,3,35,0.842105263158,0.921052631579,0.0789473684211,0.157894736842,0.842105263158,0.842105263158,0.842105263158,0.894736842105,0.555555555556,0.763157894737,0.763157894737,0.763157894737,57,38,19,0,57,0,38,0,19,22,55,0.119047619048,1.81168831169,5,3.92857142857,2.61904761905,3.47782088314,0.695564176629,0.351239669421,3.6351459,1.45405836,0.66694214876,2.24138562586,0.896554250344,0.384297520661,0.780765321429,0.430960069892,2.92857142857,NaN,NaN,NaN,0.168968253968,0.0778097982709,9,0.00584415584416,0.320983778127,NaN,NaN,NaN,NaN,NaN,0.363636363636,0.590909090909,0.0454545454545,22,55,0.119047619048,3.79090909091,5,3.92857142857,2.5,3.54562104171,0.709124208342,0.359504132231,3.6351459,1.45405836,0.66694214876,1.87082869339,0.748331477355,0.351239669421,2.57855793787,0.680195139487,6.35,NaN,NaN,NaN,0.272033257748,0.083850931677,9,0.00584415584416,0.223050758765,NaN,NaN,NaN,NaN,NaN,0.363636363636,0.636363636364,0,0,0,1.97922077922,0,0,-0.119047619048,0.0678001585669,0.0135600317134,0.00826446280992,0,0,0,-0.370556932473,-0.148222772989,-0.0330578512397,1.79779261644,0.249235069594,3.42142857143,NaN,NaN,NaN,0.103065003779,0.00604113340613,0,0,-0.0979330193616,0,0.0454545454545,-0.0454545454545,52,3,3,404,0.945454545455,0.992628992629,0.00737100737101,0.0545454545455,0.945454545455,0.945454545455,0.945454545455,0.938083538084,0.938083538084,0.896551724138,19,19,0,3,1,3
18,WLNM_dir_neg_kfold,0.962603878116,0.730173156786,00:00:11,10,66.6666666667,18,13363,fixed,0.5,1,0.789473684211,0.882352941176,15,0,4,38,0.789473684211,1,0,0.210526315789,1,0.789473684211,0.882352941176,0.929824561404,0.578947368421,0.833333333333,0.845154254729,0.789473684211,57,38,19,0,57,0,38,0,19,22,55,0.119047619048,1.81168831169,5,3.92857142857,2.61904761905,3.47782088314,0.695564176629,0.351239669421,3.6351459,1.45405836,0.66694214876,2.24138562586,0.896554250344,0.384297520661,0.780765321429,0.430960069892,2.92857142857,NaN,NaN,NaN,0.168968253968,0.0778097982709,9,0.00584415584416,0.320983778127,NaN,NaN,NaN,NaN,NaN,0.363636363636,0.590909090909,0.0454545454545,22,51,0.11038961039,1.69480519481,4.63636363636,4.25,2.42857142857,3.44404876003,0.742834046281,0.376114081996,3.65651881851,1.57732184328,0.708556149733,1.88695682532,0.813981375626,0.373440285205,0.763084540932,0.450249116105,2.76785714286,NaN,NaN,NaN,0.195530492899,0.0774193548387,8,0.00519480519481,0.296536796537,NaN,NaN,NaN,NaN,NaN,0.454545454545,0.5,0.0454545454545,-4,-0.00865800865801,-0.116883116883,-0.363636363636,0.321428571429,-0.190476190476,-0.0337721231137,0.0472698696523,0.0248744125749,0.0213729185118,0.12326348328,0.0416140009723,-0.354428800544,-0.0825728747174,-0.0108572354562,-0.0176807804967,0.0192890462129,-0.160714285714,NaN,NaN,NaN,0.0265622389307,-0.000390443432184,-1,-0.000649350649351,-0.0244469815898,0.0909090909091,-0.0909090909091,0,51,0,4,407,0.927272727273,1,0,0.0727272727273,1,0.927272727273,0.962264150943,0.958252667715,0.927272727273,0.927272727273,15,19,0,3,1,3
19,WLNM_dir_neg_kfold,0.939058171745,0.742295902761,00:00:11,10,66.6666666667,19,13364,fixed,0.5,0.909090909091,0.526315789474,0.666666666667,10,1,9,37,0.526315789474,0.973684210526,0.0263157894737,0.473684210526,0.909090909091,0.526315789474,0.666666666667,0.824561403509,0.602339181287,0.558823529412,0.597259882789,0.5,57,38,19,0,57,0,38,0,19,22,55,0.119047619048,1.81168831169,5,3.92857142857,2.61904761905,3.47782088314,0.695564176629,0.351239669421,3.6351459,1.45405836,0.66694214876,2.24138562586,0.896554250344,0.384297520661,0.780765321429,0.430960069892,2.92857142857,NaN,NaN,NaN,0.168968253968,0.0778097982709,9,0.00584415584416,0.320983778127,NaN,NaN,NaN,NaN,NaN,0.363636363636,0.590909090909,0.0454545454545,22,47,0.101731601732,1.91051136364,4.27272727273,3.61538461538,2.35,2.76339711883,0.646752517173,0.345261121857,2.96480071675,1.3877790589,0.664410058027,1.98315416267,0.928284927205,0.432301740812,1.08095386525,0.565792952516,4.09375,NaN,NaN,NaN,0.249325396825,0.0769230769231,6,0.0038961038961,0.248931623932,NaN,NaN,NaN,NaN,NaN,0.409090909091,0.5,0.0909090909091,-8,-0.017316017316,0.0988230519481,-0.727272727273,-0.313186813187,-0.269047619048,-0.714423764314,-0.0488116594557,-0.00597854756462,-0.67034518325,-0.0662793010955,-0.00253209073325,-0.258231463193,0.0317306768617,0.0480042201512,0.300188543819,0.134832882624,1.16517857143,NaN,NaN,NaN,0.0803571428571,-0.000886721347816,-3,-0.00194805194805,-0.072052154195,0.0454545454545,-0.0909090909091,0.0454545454545,46,1,9,406,0.836363636364,0.997542997543,0.002457002457,0.163636363636,0.978723404255,0.836363636364,0.901960784314,0.893352795589,0.833906633907,0.821428571429,11,19,0,3,1,3
20,WLNM_dir_neg_kfold,0.887811634349,0.722895073361,00:00:11,10,66.6666666667,20,13365,fixed,0.5,0.909090909091,0.526315789474,0.666666666667,10,1,9,37,0.526315789474,0.973684210526,0.0263157894737,0.473684210526,0.909090909091,0.526315789474,0.666666666667,0.824561403509,0.602339181287,0.558823529412,0.597259882789,0.5,57,38,19,0,57,0,38,0,19,22,55,0.119047619048,1.81168831169,5,3.92857142857,2.61904761905,3.47782088314,0.695564176629,0.351239669421,3.6351459,1.45405836,0.66694214876,2.24138562586,0.896554250344,0.384297520661,0.780765321429,0.430960069892,2.92857142857,NaN,NaN,NaN,0.168968253968,0.0778097982709,9,0.00584415584416,0.320983778127,NaN,NaN,NaN,NaN,NaN,0.363636363636,0.590909090909,0.0454545454545,22,47,0.101731601732,1.91051136364,4.27272727273,3.61538461538,2.35,2.76339711883,0.646752517173,0.345261121857,2.96480071675,1.3877790589,0.664410058027,1.98315416267,0.928284927205,0.432301740812,1.08095386525,0.565792952516,4.09375,NaN,NaN,NaN,0.249325396825,0.0769230769231,6,0.0038961038961,0.248931623932,NaN,NaN,NaN,NaN,NaN,0.409090909091,0.5,0.0909090909091,-8,-0.017316017316,0.0988230519481,-0.727272727273,-0.313186813187,-0.269047619048,-0.714423764314,-0.0488116594557,-0.00597854756462,-0.67034518325,-0.0662793010955,-0.00253209073325,-0.258231463193,0.0317306768617,0.0480042201512,0.300188543819,0.134832882624,1.16517857143,NaN,NaN,NaN,0.0803571428571,-0.000886721347816,-3,-0.00194805194805,-0.072052154195,0.0454545454545,-0.0909090909091,0.0454545454545,46,1,9,406,0.836363636364,0.997542997543,0.002457002457,0.163636363636,0.978723404255,0.836363636364,0.901960784314,0.893352795589,0.833906633907,0.821428571429,11,19,0,3,1,3
21,WLNM_dir_neg_kfold,0.974537037037,0.790362754189,00:00:05,10,66.6666666667,1,14346,fixed,0.5,0.933333333333,0.777777777778,0.848484848485,14,1,4,35,0.777777777778,0.972222222222,0.0277777777778,0.222222222222,0.933333333333,0.777777777778,0.848484848485,0.907407407407,0.574074074074,0.782608695652,0.789352217376,0.75,57,39,18,0,57,0,39,0,18,22,55,0.119047619048,1.81168831169,5,3.92857142857,2.61904761905,3.47782088314,0.695564176629,0.351239669421,3.6351459,1.45405836,0.66694214876,2.24138562586,0.896554250344,0.384297520661,0.780765321429,0.430960069892,2.92857142857,NaN,NaN,NaN,0.168968253968,0.0778097982709,9,0.00584415584416,0.320983778127,NaN,NaN,NaN,NaN,NaN,0.363636363636,0.590909090909,0.0454545454545,22,52,0.112554112554,1.72727272727,4.72727272727,3.71428571429,2.6,3.43901727632,0.727484423837,0.368881118881,3.47159157332,1.46875028102,0.662587412587,2.51747141745,1.06508406123,0.454545454545,0.631085095901,0.365365055522,2,NaN,NaN,NaN,0.117652189081,0.0566037735849,6,0.0038961038961,0.397383568812,NaN,NaN,NaN,NaN,NaN,0.318181818182,0.590909090909,0.0454545454545,-3,-0.00649350649351,-0.0844155844156,-0.272727272727,-0.214285714286,-0.0190476190476,-0.038803606823,0.0319202472083,0.0176414494596,-0.16355432668,0.0146919210202,-0.00435473617292,0.276085791587,0.168529810884,0.0702479338843,-0.149680225528,-0.0655950143708,-0.928571428571,NaN,NaN,NaN,-0.0513160648875,-0.021206024686,-3,-0.00194805194805,0.0763997906855,-0.0454545454545,0,0,51,1,4,406,0.927272727273,0.997542997543,0.002457002457,0.0727272727273,0.980769230769,0.927272727273,0.953271028037,0.947632953518,0.924815724816,0.910714285714,15,18,0,3,2,3
22,WLNM_dir_neg_kfold,0.912808641975,0.448033910534,00:00:05,10,66.6666666667,2,14347,fixed,0.5,0.777777777778,0.777777777778,0.777777777778,14,4,4,32,0.777777777778,0.888888888889,0.111111111111,0.222222222222,0.777777777778,0.777777777778,0.777777777778,0.851851851852,0.555555555556,0.666666666667,0.666666666667,0.666666666667,57,39,18,0,57,0,39,0,18,22,55,0.119047619048,1.81168831169,5,3.92857142857,2.61904761905,3.47782088314,0.695564176629,0.351239669421,3.6351459,1.45405836,0.66694214876,2.24138562586,0.896554250344,0.384297520661,0.780765321429,0.430960069892,2.92857142857,NaN,NaN,NaN,0.168968253968,0.0778097982709,9,0.00584415584416,0.320983778127,NaN,NaN,NaN,NaN,NaN,0.363636363636,0.590909090909,0.0454545454545,22,55,0.119047619048,1.95714285714,5,3.66666666667,2.75,3.45032779671,0.690065559342,0.35867768595,3.43303281163,1.37321312465,0.633884297521,2.54015372613,1.01606149045,0.45041322314,0.781002321284,0.399052280948,2.4,NaN,NaN,NaN,0.123844409559,0.0630630630631,7,0.00454545454545,0.311638321995,NaN,NaN,NaN,NaN,NaN,0.272727272727,0.636363636364,0.0454545454545,0,0,0.145454545455,0,-0.261904761905,0.130952380952,-0.027493086433,-0.00549861728661,0.00743801652893,-0.202113088372,-0.0808452353487,-0.0330578512397,0.298768100272,0.119507240109,0.0661157024793,0.000236999854978,-0.0319077889447,-0.528571428571,NaN,NaN,NaN,-0.0451238444096,-0.0147467352078,-2,-0.0012987012987,-0.00934545613117,-0.0909090909091,0.0454545454545,0,51,4,4,403,0.927272727273,0.990171990172,0.00982800982801,0.0727272727273,0.927272727273,0.927272727273,0.927272727273,0.917444717445,0.917444717445,0.864406779661,18,18,0,3,2,3
23,WLNM_dir_neg_kfold,0.921296296296,0.739204545455,00:00:04,10,66.6666666667,3,14348,fixed,0.5,1,0.777777777778,0.875,14,0,4,36,0.777777777778,1,0,0.222222222222,1,0.777777777778,0.875,0.925925925926,0.58024691358,0.823529411765,0.836660026534,0.777777777778,57,39,18,0,57,0,39,0,18,22,55,0.119047619048,1.81168831169,5,3.92857142857,2.61904761905,3.47782088314,0.695564176629,0.351239669421,3.6351459,1.45405836,0.66694214876,2.24138562586,0.896554250344,0.384297520661,0.780765321429,0.430960069892,2.92857142857,NaN,NaN,NaN,0.168968253968,0.0778097982709,9,0.00584415584416,0.320983778127,NaN,NaN,NaN,NaN,NaN,0.363636363636,0.590909090909,0.0454545454545,22,51,0.11038961039,1.67857142857,4.63636363636,3.92307692308,2.55,3.38829152827,0.730807976685,0.376114081996,3.49675173944,1.50840271113,0.680035650624,2.33781264548,1.00846820001,0.444741532977,0.63954171517,0.381003574995,2,NaN,NaN,NaN,0.123534798535,0.0588235294118,6,0.0038961038961,0.371733821734,NaN,NaN,NaN,NaN,NaN,0.363636363636,0.545454545455,0.0454545454545,-4,-0.00865800865801,-0.133116883117,-0.363636363636,-0.00549450549451,-0.0690476190476,-0.0895293548788,0.0352438000559,0.0248744125749,-0.13839416056,0.0543443511308,0.0130935018636,0.0964270196209,0.111913949667,0.0604440123157,-0.141223606259,-0.0499564948978,-0.928571428571,NaN,NaN,NaN,-0.0454334554335,-0.0189862688591,-3,-0.00194805194805,0.0507500436072,0,-0.0454545454545,0,51,0,4,407,0.927272727273,1,0,0.0727272727273,1,0.927272727273,0.962264150943,0.958252667715,0.927272727273,0.927272727273,14,18,0,3,2,3
24,WLNM_dir_neg_kfold,0.914351851852,0.737072621923,00:00:04,10,66.6666666667,4,14349,fixed,0.5,1,0.777777777778,0.875,14,0,4,36,0.777777777778,1,0,0.222222222222,1,0.777777777778,0.875,0.925925925926,0.58024691358,0.823529411765,0.836660026534,0.777777777778,57,39,18,0,57,0,39,0,18,22,55,0.119047619048,1.81168831169,5,3.92857142857,2.61904761905,3.47782088314,0.695564176629,0.351239669421,3.6351459,1.45405836,0.66694214876,2.24138562586,0.896554250344,0.384297520661,0.780765321429,0.430960069892,2.92857142857,NaN,NaN,NaN,0.168968253968,0.0778097982709,9,0.00584415584416,0.320983778127,NaN,NaN,NaN,NaN,NaN,0.363636363636,0.590909090909,0.0454545454545,22,51,0.11038961039,1.67857142857,4.63636363636,3.92307692308,2.55,3.38829152827,0.730807976685,0.376114081996,3.49675173944,1.50840271113,0.680035650624,2.33781264548,1.00846820001,0.444741532977,0.63954171517,0.381003574995,2,NaN,NaN,NaN,0.123534798535,0.0588235294118,6,0.0038961038961,0.371733821734,NaN,NaN,NaN,NaN,NaN,0.363636363636,0.545454545455,0.0454545454545,-4,-0.00865800865801,-0.133116883117,-0.363636363636,-0.00549450549451,-0.0690476190476,-0.0895293548788,0.0352438000559,0.0248744125749,-0.13839416056,0.0543443511308,0.0130935018636,0.0964270196209,0.111913949667,0.0604440123157,-0.141223606259,-0.0499564948978,-0.928571428571,NaN,NaN,NaN,-0.0454334554335,-0.0189862688591,-3,-0.00194805194805,0.0507500436072,0,-0.0454545454545,0,51,0,4,407,0.927272727273,1,0,0.0727272727273,1,0.927272727273,0.962264150943,0.958252667715,0.927272727273,0.927272727273,14,18,0,3,2,3
25,WLNM_dir_neg_kfold,0.98225308642,0.635294834308,00:00:05,10,66.6666666667,5,14350,fixed,0.5,0.933333333333,0.777777777778,0.848484848485,14,1,4,35,0.777777777778,0.972222222222,0.0277777777778,0.222222222222,0.933333333333,0.777777777778,0.848484848485,0.907407407407,0.574074074074,0.782608695652,0.789352217376,0.75,57,39,18,0,57,0,39,0,18,22,55,0.119047619048,1.81168831169,5,3.92857142857,2.61904761905,3.47782088314,0.695564176629,0.351239669421,3.6351459,1.45405836,0.66694214876,2.24138562586,0.896554250344,0.384297520661,0.780765321429,0.430960069892,2.92857142857,NaN,NaN,NaN,0.168968253968,0.0778097982709,9,0.00584415584416,0.320983778127,NaN,NaN,NaN,NaN,NaN,0.363636363636,0.590909090909,0.0454545454545,22,52,0.112554112554,1.87337662338,4.72727272727,3.71428571429,2.6,3.43901727632,0.727484423837,0.379370629371,3.47159157332,1.46875028102,0.662587412587,2.34105093505,0.990444626369,0.444055944056,0.777798536107,0.415185353763,2.4,NaN,NaN,NaN,0.123534798535,0.0588235294118,6,0.0038961038961,0.321611721612,NaN,NaN,NaN,NaN,NaN,0.318181818182,0.590909090909,0.0454545454545,-3,-0.00649350649351,0.0616883116883,-0.272727272727,-0.214285714286,-0.0190476190476,-0.038803606823,0.0319202472083,0.0281309599491,-0.16355432668,0.0146919210202,-0.00435473617292,0.099665309195,0.0938903760254,0.0597584233948,-0.00296678532136,-0.0157747161299,-0.528571428571,NaN,NaN,NaN,-0.0454334554335,-0.0189862688591,-3,-0.00194805194805,0.000627943485086,-0.0454545454545,0,0,51,1,4,406,0.927272727273,0.997542997543,0.002457002457,0.0727272727273,0.980769230769,0.927272727273,0.953271028037,0.947632953518,0.924815724816,0.910714285714,15,18,0,3,2,3
26,WLNM_dir_neg_kfold,0.942901234568,0.812361447481,00:00:04,10,66.6666666667,6,14351,fixed,0.5,1,0.777777777778,0.875,14,0,4,36,0.777777777778,1,0,0.222222222222,1,0.777777777778,0.875,0.925925925926,0.58024691358,0.823529411765,0.836660026534,0.777777777778,57,39,18,0,57,0,39,0,18,22,55,0.119047619048,1.81168831169,5,3.92857142857,2.61904761905,3.47782088314,0.695564176629,0.351239669421,3.6351459,1.45405836,0.66694214876,2.24138562586,0.896554250344,0.384297520661,0.780765321429,0.430960069892,2.92857142857,NaN,NaN,NaN,0.168968253968,0.0778097982709,9,0.00584415584416,0.320983778127,NaN,NaN,NaN,NaN,NaN,0.363636363636,0.590909090909,0.0454545454545,22,51,0.11038961039,1.67857142857,4.63636363636,3.92307692308,2.55,3.38829152827,0.730807976685,0.376114081996,3.49675173944,1.50840271113,0.680035650624,2.33781264548,1.00846820001,0.444741532977,0.63954171517,0.381003574995,2,NaN,NaN,NaN,0.123534798535,0.0588235294118,6,0.0038961038961,0.371733821734,NaN,NaN,NaN,NaN,NaN,0.363636363636,0.545454545455,0.0454545454545,-4,-0.00865800865801,-0.133116883117,-0.363636363636,-0.00549450549451,-0.0690476190476,-0.0895293548788,0.0352438000559,0.0248744125749,-0.13839416056,0.0543443511308,0.0130935018636,0.0964270196209,0.111913949667,0.0604440123157,-0.141223606259,-0.0499564948978,-0.928571428571,NaN,NaN,NaN,-0.0454334554335,-0.0189862688591,-3,-0.00194805194805,0.0507500436072,0,-0.0454545454545,0,51,0,4,407,0.927272727273,1,0,0.0727272727273,1,0.927272727273,0.962264150943,0.958252667715,0.927272727273,0.927272727273,14,18,0,3,2,3
27,WLNM_dir_neg_kfold,0.989197530864,0.763074712644,00:00:05,10,66.6666666667,7,14352,fixed,0.5,1,0.944444444444,0.971428571429,17,0,1,36,0.944444444444,1,0,0.0555555555556,1,0.944444444444,0.971428571429,0.981481481481,0.561728395062,0.957746478873,0.958602586539,0.944444444444,57,39,18,0,57,0,39,0,18,22,55,0.119047619048,1.81168831169,5,3.92857142857,2.61904761905,3.47782088314,0.695564176629,0.351239669421,3.6351459,1.45405836,0.66694214876,2.24138562586,0.896554250344,0.384297520661,0.780765321429,0.430960069892,2.92857142857,NaN,NaN,NaN,0.168968253968,0.0778097982709,9,0.00584415584416,0.320983778127,NaN,NaN,NaN,NaN,NaN,0.363636363636,0.590909090909,0.0454545454545,22,54,0.116883116883,1.67857142857,4.90909090909,4.15384615385,2.7,3.40740217914,0.694100443898,0.357744107744,3.66095580451,1.49150051295,0.683501683502,2.28300705477,0.930113985276,0.407407407407,0.63954171517,0.381003574995,2,NaN,NaN,NaN,0.169627594628,0.0810810810811,9,0.00584415584416,0.374481074481,NaN,NaN,NaN,NaN,NaN,0.363636363636,0.545454545455,0.0454545454545,-1,-0.0021645021645,-0.133116883117,-0.0909090909091,0.225274725275,0.0809523809524,-0.0704187040075,-0.00146373273062,0.00650443832262,0.0258099045131,0.0374421529498,0.0165595347414,0.0416214289087,0.0335597349321,0.0231098867463,-0.141223606259,-0.0499564948978,-0.928571428571,NaN,NaN,NaN,0.000659340659341,0.00327128281019,0,0,0.0534972963544,0,-0.0454545454545,0,54,0,1,407,0.981818181818,1,0,0.0181818181818,1,0.981818181818,0.990825688073,0.989652345375,0.981818181818,0.981818181818,17,18,0,3,2,3
28,WLNM_dir_neg_kfold,0.901234567901,0.769108981977,00:00:05,10,66.6666666667,8,14353,fixed,0.5,0.875,0.777777777778,0.823529411765,14,2,4,34,0.777777777778,0.944444444444,0.0555555555556,0.222222222222,0.875,0.777777777778,0.823529411765,0.888888888889,0.567901234568,0.742857142857,0.745601135079,0.722222222222,57,39,18,0,57,0,39,0,18,22,55,0.119047619048,1.81168831169,5,3.92857142857,2.61904761905,3.47782088314,0.695564176629,0.351239669421,3.6351459,1.45405836,0.66694214876,2.24138562586,0.896554250344,0.384297520661,0.780765321429,0.430960069892,2.92857142857,NaN,NaN,NaN,0.168968253968,0.0778097982709,9,0.00584415584416,0.320983778127,NaN,NaN,NaN,NaN,NaN,0.363636363636,0.590909090909,0.0454545454545,22,53,0.114718614719,1.92207792208,4.81818181818,3.53333333333,2.65,3.36135408708,0.697639527506,0.360205831904,3.44561959193,1.4302571891,0.644082332762,2.34336125925,0.972715994405,0.441680960549,0.75842103987,0.394583919392,2.4,NaN,NaN,NaN,0.149921507064,0.0679611650485,7,0.00454545454545,0.284172335601,NaN,NaN,NaN,NaN,NaN,0.272727272727,0.636363636364,0.0454545454545,-2,-0.004329004329,0.11038961039,-0.181818181818,-0.395238095238,0.0309523809524,-0.116466796069,0.00207535087734,0.00896616248246,-0.189526308069,-0.0238011708968,-0.0228598159988,0.101975633388,0.0761617440608,0.0573834398877,-0.0223442815591,-0.0363761505009,-0.528571428571,NaN,NaN,NaN,-0.0190467469039,-0.00984863322235,-2,-0.0012987012987,-0.0368114425257,-0.0909090909091,0.0454545454545,0,51,2,4,405,0.927272727273,0.995085995086,0.004914004914,0.0727272727273,0.962264150943,0.927272727273,0.944444444444,0.937300437231,0.922358722359,0.894736842105,16,18,0,3,2,3
29,WLNM_dir_neg_kfold,0.936728395062,0.521750952075,00:00:05,10,66.6666666667,9,14354,fixed,0.5,0.823529411765,0.777777777778,0.8,14,3,4,33,0.777777777778,0.916666666667,0.0833333333333,0.222222222222,0.823529411765,0.777777777778,0.8,0.87037037037,0.561728395062,0.704225352113,0.704854843043,0.694444444444,57,39,18,0,57,0,39,0,18,22,55,0.119047619048,1.81168831169,5,3.92857142857,2.61904761905,3.47782088314,0.695564176629,0.351239669421,3.6351459,1.45405836,0.66694214876,2.24138562586,0.896554250344,0.384297520661,0.780765321429,0.430960069892,2.92857142857,NaN,NaN,NaN,0.168968253968,0.0778097982709,9,0.00584415584416,0.320983778127,NaN,NaN,NaN,NaN,NaN,0.363636363636,0.590909090909,0.0454545454545,22,54,0.116883116883,2.37987012987,4.90909090909,3.375,2.7,3.37933623955,0.688383308056,0.362794612795,3.41881729379,1.39285149006,0.624579124579,2.34474636109,0.955267035999,0.43771043771,1.16013151537,0.487476816828,4,NaN,NaN,NaN,0.115201465201,0.0575079872204,6,0.0038961038961,0.248412698413,NaN,NaN,NaN,NaN,NaN,0.227272727273,0.681818181818,0.0454545454545,-1,-0.0021645021645,0.568181818182,-0.0909090909091,-0.553571428571,0.0809523809524,-0.0984846435981,-0.00718086857316,0.0115549433731,-0.216328606211,-0.0612068699377,-0.0423630241812,0.103360735229,0.058712785655,0.0534129170493,0.379366193945,0.0565167469356,1.07142857143,NaN,NaN,NaN,-0.0537667887668,-0.0203018110504,-3,-0.00194805194805,-0.0725710797139,-0.136363636364,0.0909090909091,0,51,3,4,404,0.927272727273,0.992628992629,0.00737100737101,0.0727272727273,0.944444444444,0.927272727273,0.935779816514,0.927241837108,0.919901719902,0.879310344828,17,18,0,3,2,3
30,WLNM_dir_neg_kfold,0.89274691358,0.724626068376,00:00:05,10,66.6666666667,10,14355,fixed,0.5,1,0.777777777778,0.875,14,0,4,36,0.777777777778,1,0,0.222222222222,1,0.777777777778,0.875,0.925925925926,0.58024691358,0.823529411765,0.836660026534,0.777777777778,57,39,18,0,57,0,39,0,18,22,55,0.119047619048,1.81168831169,5,3.92857142857,2.61904761905,3.47782088314,0.695564176629,0.351239669421,3.6351459,1.45405836,0.66694214876,2.24138562586,0.896554250344,0.384297520661,0.780765321429,0.430960069892,2.92857142857,NaN,NaN,NaN,0.168968253968,0.0778097982709,9,0.00584415584416,0.320983778127,NaN,NaN,NaN,NaN,NaN,0.363636363636,0.590909090909,0.0454545454545,22,51,0.11038961039,1.67857142857,4.63636363636,3.92307692308,2.55,3.38829152827,0.730807976685,0.376114081996,3.49675173944,1.50840271113,0.680035650624,2.33781264548,1.00846820001,0.444741532977,0.63954171517,0.381003574995,2,NaN,NaN,NaN,0.123534798535,0.0588235294118,6,0.0038961038961,0.371733821734,NaN,NaN,NaN,NaN,NaN,0.363636363636,0.545454545455,0.0454545454545,-4,-0.00865800865801,-0.133116883117,-0.363636363636,-0.00549450549451,-0.0690476190476,-0.0895293548788,0.0352438000559,0.0248744125749,-0.13839416056,0.0543443511308,0.0130935018636,0.0964270196209,0.111913949667,0.0604440123157,-0.141223606259,-0.0499564948978,-0.928571428571,NaN,NaN,NaN,-0.0454334554335,-0.0189862688591,-3,-0.00194805194805,0.0507500436072,0,-0.0454545454545,0,51,0,4,407,0.927272727273,1,0,0.0727272727273,1,0.927272727273,0.962264150943,0.958252667715,0.927272727273,0.927272727273,14,18,0,3,2,3
31,WLNM_dir_neg_kfold,0.922839506173,0.687121212121,00:00:05,10,66.6666666667,11,14356,fixed,0.5,1,0.777777777778,0.875,14,0,4,36,0.777777777778,1,0,0.222222222222,1,0.777777777778,0.875,0.925925925926,0.58024691358,0.823529411765,0.836660026534,0.777777777778,57,39,18,0,57,0,39,0,18,22,55,0.119047619048,1.81168831169,5,3.92857142857,2.61904761905,3.47782088314,0.695564176629,0.351239669421,3.6351459,1.45405836,0.66694214876,2.24138562586,0.896554250344,0.384297520661,0.780765321429,0.430960069892,2.92857142857,NaN,NaN,NaN,0.168968253968,0.0778097982709,9,0.00584415584416,0.320983778127,NaN,NaN,NaN,NaN,NaN,0.363636363636,0.590909090909,0.0454545454545,22,51,0.11038961039,1.67857142857,4.63636363636,3.92307692308,2.55,3.38829152827,0.730807976685,0.376114081996,3.49675173944,1.50840271113,0.680035650624,2.33781264548,1.00846820001,0.444741532977,0.63954171517,0.381003574995,2,NaN,NaN,NaN,0.123534798535,0.0588235294118,6,0.0038961038961,0.371733821734,NaN,NaN,NaN,NaN,NaN,0.363636363636,0.545454545455,0.0454545454545,-4,-0.00865800865801,-0.133116883117,-0.363636363636,-0.00549450549451,-0.0690476190476,-0.0895293548788,0.0352438000559,0.0248744125749,-0.13839416056,0.0543443511308,0.0130935018636,0.0964270196209,0.111913949667,0.0604440123157,-0.141223606259,-0.0499564948978,-0.928571428571,NaN,NaN,NaN,-0.0454334554335,-0.0189862688591,-3,-0.00194805194805,0.0507500436072,0,-0.0454545454545,0,51,0,4,407,0.927272727273,1,0,0.0727272727273,1,0.927272727273,0.962264150943,0.958252667715,0.927272727273,0.927272727273,14,18,0,3,2,3
32,WLNM_dir_neg_kfold,0.905864197531,0.71666290885,00:00:05,10,66.6666666667,12,14357,fixed,0.5,0.933333333333,0.777777777778,0.848484848485,14,1,4,35,0.777777777778,0.972222222222,0.0277777777778,0.222222222222,0.933333333333,0.777777777778,0.848484848485,0.907407407407,0.574074074074,0.782608695652,0.789352217376,0.75,57,39,18,0,57,0,39,0,18,22,55,0.119047619048,1.81168831169,5,3.92857142857,2.61904761905,3.47782088314,0.695564176629,0.351239669421,3.6351459,1.45405836,0.66694214876,2.24138562586,0.896554250344,0.384297520661,0.780765321429,0.430960069892,2.92857142857,NaN,NaN,NaN,0.168968253968,0.0778097982709,9,0.00584415584416,0.320983778127,NaN,NaN,NaN,NaN,NaN,0.363636363636,0.590909090909,0.0454545454545,22,52,0.112554112554,1.82467532468,4.72727272727,3.71428571429,2.6,3.36907247631,0.712688408451,0.36451048951,3.47159157332,1.46875028102,0.662587412587,2.32062090512,0.981801152166,0.433566433566,0.805631078569,0.44152023523,3,NaN,NaN,NaN,0.163526949241,0.0670926517572,7,0.00454545454545,0.319413919414,NaN,NaN,NaN,NaN,NaN,0.318181818182,0.590909090909,0.0454545454545,-3,-0.00649350649351,0.012987012987,-0.272727272727,-0.214285714286,-0.0190476190476,-0.108748406832,0.0171242318219,0.013270820089,-0.16355432668,0.0146919210202,-0.00435473617292,0.0792352792608,0.0852469018225,0.0492689129053,0.0248657571401,0.0105601653373,0.0714285714286,NaN,NaN,NaN,-0.00544130472702,-0.0107171465137,-2,-0.0012987012987,-0.00156985871272,-0.0454545454545,0,0,51,1,4,406,0.927272727273,0.997542997543,0.002457002457,0.0727272727273,0.980769230769,0.927272727273,0.953271028037,0.947632953518,0.924815724816,0.910714285714,15,18,0,3,2,3
33,WLNM_dir_neg_kfold,0.909722222222,0.784292814348,00:00:04,10,66.6666666667,13,14358,fixed,0.5,0.875,0.777777777778,0.823529411765,14,2,4,34,0.777777777778,0.944444444444,0.0555555555556,0.222222222222,0.875,0.777777777778,0.823529411765,0.888888888889,0.567901234568,0.742857142857,0.745601135079,0.722222222222,57,39,18,0,57,0,39,0,18,22,55,0.119047619048,1.81168831169,5,3.92857142857,2.61904761905,3.47782088314,0.695564176629,0.351239669421,3.6351459,1.45405836,0.66694214876,2.24138562586,0.896554250344,0.384297520661,0.780765321429,0.430960069892,2.92857142857,NaN,NaN,NaN,0.168968253968,0.0778097982709,9,0.00584415584416,0.320983778127,NaN,NaN,NaN,NaN,NaN,0.363636363636,0.590909090909,0.0454545454545,22,53,0.114718614719,2.09601113173,4.81818181818,3.53333333333,2.65,3.40358863325,0.706405188034,0.366209262436,3.44561959193,1.4302571891,0.644082332762,2.32295154838,0.964244038949,0.433104631218,0.999653651227,0.476931460953,3.21428571429,NaN,NaN,NaN,0.176452119309,0.0833333333333,9,0.00584415584416,0.287029478458,NaN,NaN,NaN,NaN,NaN,0.272727272727,0.636363636364,0.0454545454545,-2,-0.004329004329,0.284322820037,-0.181818181818,-0.395238095238,0.0309523809524,-0.0742322498908,0.0108410114049,0.0149695930142,-0.189526308069,-0.0238011708968,-0.0228598159988,0.0815659225168,0.0676897886049,0.0488071105567,0.218888329799,0.0459713910605,0.285714285714,NaN,NaN,NaN,0.00748386534101,0.00552353506244,0,0,-0.0339542996686,-0.0909090909091,0.0454545454545,0,51,2,4,405,0.927272727273,0.995085995086,0.004914004914,0.0727272727273,0.962264150943,0.927272727273,0.944444444444,0.937300437231,0.922358722359,0.894736842105,16,18,0,3,2,3
34,WLNM_dir_neg_kfold,0.909722222222,0.715107659225,00:00:04,10,66.6666666667,14,14359,fixed,0.5,0.875,0.777777777778,0.823529411765,14,2,4,34,0.777777777778,0.944444444444,0.0555555555556,0.222222222222,0.875,0.777777777778,0.823529411765,0.888888888889,0.567901234568,0.742857142857,0.745601135079,0.722222222222,57,39,18,0,57,0,39,0,18,22,55,0.119047619048,1.81168831169,5,3.92857142857,2.61904761905,3.47782088314,0.695564176629,0.351239669421,3.6351459,1.45405836,0.66694214876,2.24138562586,0.896554250344,0.384297520661,0.780765321429,0.430960069892,2.92857142857,NaN,NaN,NaN,0.168968253968,0.0778097982709,9,0.00584415584416,0.320983778127,NaN,NaN,NaN,NaN,NaN,0.363636363636,0.590909090909,0.0454545454545,22,53,0.114718614719,1.80844155844,4.81818181818,3.53333333333,2.65,3.54073389805,0.734869299595,0.373070325901,3.44561959193,1.4302571891,0.644082332762,2.70201143611,1.12158965272,0.46397941681,0.638044354113,0.352814472292,2.06666666667,NaN,NaN,NaN,0.147078318507,0.0898203592814,10,0.00649350649351,0.422176870748,NaN,NaN,NaN,NaN,NaN,0.272727272727,0.636363636364,0.0454545454545,-2,-0.004329004329,-0.00324675324675,-0.181818181818,-0.395238095238,0.0309523809524,0.0629130149047,0.0393051229662,0.021830656479,-0.189526308069,-0.0238011708968,-0.0228598159988,0.46062581025,0.225035402381,0.0796818961484,-0.142720967316,-0.0781455976005,-0.861904761905,NaN,NaN,NaN,-0.0218899354614,0.0120105610105,1,0.000649350649351,0.101193092622,-0.0909090909091,0.0454545454545,0,51,2,4,405,0.927272727273,0.995085995086,0.004914004914,0.0727272727273,0.962264150943,0.927272727273,0.944444444444,0.937300437231,0.922358722359,0.894736842105,16,18,0,3,2,3
35,WLNM_dir_neg_kfold,0.98225308642,0.690850389864,00:00:05,10,66.6666666667,15,14360,fixed,0.5,0.875,0.777777777778,0.823529411765,14,2,4,34,0.777777777778,0.944444444444,0.0555555555556,0.222222222222,0.875,0.777777777778,0.823529411765,0.888888888889,0.567901234568,0.742857142857,0.745601135079,0.722222222222,57,39,18,0,57,0,39,0,18,22,55,0.119047619048,1.81168831169,5,3.92857142857,2.61904761905,3.47782088314,0.695564176629,0.351239669421,3.6351459,1.45405836,0.66694214876,2.24138562586,0.896554250344,0.384297520661,0.780765321429,0.430960069892,2.92857142857,NaN,NaN,NaN,0.168968253968,0.0778097982709,9,0.00584415584416,0.320983778127,NaN,NaN,NaN,NaN,NaN,0.363636363636,0.590909090909,0.0454545454545,22,53,0.114718614719,1.84261790841,4.81818181818,3.78571428571,2.65,3.36135408708,0.697639527506,0.362778730703,3.45941215635,1.43598240452,0.656089193825,2.36359473823,0.981114797,0.441680960549,0.775120835296,0.420662814444,2.21052631579,NaN,NaN,NaN,0.107417582418,0.0747663551402,8,0.00519480519481,0.325641025641,NaN,NaN,NaN,NaN,NaN,0.318181818182,0.590909090909,0.0454545454545,-2,-0.004329004329,0.0309295967191,-0.181818181818,-0.142857142857,0.0309523809524,-0.116466796069,0.00207535087734,0.0115390612818,-0.175733743645,-0.0180759554755,-0.0108529549353,0.122209112369,0.0845605466566,0.0573834398877,-0.00564448613224,-0.0102972554481,-0.718045112782,NaN,NaN,NaN,-0.0615506715507,-0.00304344313071,-1,-0.000649350649351,0.00465724751439,-0.0454545454545,0,0,51,2,4,405,0.927272727273,0.995085995086,0.004914004914,0.0727272727273,0.962264150943,0.927272727273,0.944444444444,0.937300437231,0.922358722359,0.894736842105,16,18,0,3,2,3
36,WLNM_dir_neg_kfold,0.916666666667,0.792079116593,00:00:04,10,66.6666666667,16,14361,fixed,0.5,1,0.777777777778,0.875,14,0,4,36,0.777777777778,1,0,0.222222222222,1,0.777777777778,0.875,0.925925925926,0.58024691358,0.823529411765,0.836660026534,0.777777777778,57,39,18,0,57,0,39,0,18,22,55,0.119047619048,1.81168831169,5,3.92857142857,2.61904761905,3.47782088314,0.695564176629,0.351239669421,3.6351459,1.45405836,0.66694214876,2.24138562586,0.896554250344,0.384297520661,0.780765321429,0.430960069892,2.92857142857,NaN,NaN,NaN,0.168968253968,0.0778097982709,9,0.00584415584416,0.320983778127,NaN,NaN,NaN,NaN,NaN,0.363636363636,0.590909090909,0.0454545454545,22,51,0.11038961039,1.67857142857,4.63636363636,3.92307692308,2.55,3.38829152827,0.730807976685,0.376114081996,3.49675173944,1.50840271113,0.680035650624,2.33781264548,1.00846820001,0.444741532977,0.63954171517,0.381003574995,2,NaN,NaN,NaN,0.123534798535,0.0588235294118,6,0.0038961038961,0.371733821734,NaN,NaN,NaN,NaN,NaN,0.363636363636,0.545454545455,0.0454545454545,-4,-0.00865800865801,-0.133116883117,-0.363636363636,-0.00549450549451,-0.0690476190476,-0.0895293548788,0.0352438000559,0.0248744125749,-0.13839416056,0.0543443511308,0.0130935018636,0.0964270196209,0.111913949667,0.0604440123157,-0.141223606259,-0.0499564948978,-0.928571428571,NaN,NaN,NaN,-0.0454334554335,-0.0189862688591,-3,-0.00194805194805,0.0507500436072,0,-0.0454545454545,0,51,0,4,407,0.927272727273,1,0,0.0727272727273,1,0.927272727273,0.962264150943,0.958252667715,0.927272727273,0.927272727273,14,18,0,3,2,3
37,WLNM_dir_neg_kfold,0.950617283951,0.762037037037,00:00:05,10,66.6666666667,17,14362,fixed,0.5,1,0.611111111111,0.758620689655,11,0,7,36,0.611111111111,1,0,0.388888888889,1,0.611111111111,0.758620689655,0.87037037037,0.598765432099,0.676923076923,0.715281697639,0.611111111111,57,39,18,0,57,0,39,0,18,22,55,0.119047619048,1.81168831169,5,3.92857142857,2.61904761905,3.47782088314,0.695564176629,0.351239669421,3.6351459,1.45405836,0.66694214876,2.24138562586,0.896554250344,0.384297520661,0.780765321429,0.430960069892,2.92857142857,NaN,NaN,NaN,0.168968253968,0.0778097982709,9,0.00584415584416,0.320983778127,NaN,NaN,NaN,NaN,NaN,0.363636363636,0.590909090909,0.0454545454545,22,48,0.103896103896,1.68181818182,4.36363636364,3.69230769231,2.66666666667,3.0165488724,0.691292449925,0.366477272727,3.0493771985,1.39763121598,0.662878787879,2.42283508934,1.11046608261,0.503787878788,0.646334988801,0.384307290639,2,NaN,NaN,NaN,0.119664502165,0.0583657587549,5,0.00324675324675,0.371642246642,NaN,NaN,NaN,NaN,NaN,0.318181818182,0.5,0.0909090909091,-7,-0.0151515151515,-0.12987012987,-0.636363636364,-0.236263736264,0.047619047619,-0.461272010747,-0.00427172670436,0.0152376033058,-0.585768701505,-0.0564271440231,-0.00406336088154,0.181449463479,0.21391183227,0.119490358127,-0.134430332627,-0.0466527792538,-0.928571428571,NaN,NaN,NaN,-0.0493037518038,-0.019444039516,-4,-0.0025974025974,0.0506584685156,-0.0454545454545,-0.0909090909091,0.0454545454545,48,0,7,407,0.872727272727,1,0,0.127272727273,1,0.872727272727,0.932038834951,0.926267247879,0.872727272727,0.872727272727,11,18,0,3,2,3
38,WLNM_dir_neg_kfold,0.96450617284,0.494651610644,00:00:05,10,66.6666666667,18,14363,fixed,0.5,0.777777777778,0.777777777778,0.777777777778,14,4,4,32,0.777777777778,0.888888888889,0.111111111111,0.222222222222,0.777777777778,0.777777777778,0.777777777778,0.851851851852,0.555555555556,0.666666666667,0.666666666667,0.666666666667,57,39,18,0,57,0,39,0,18,22,55,0.119047619048,1.81168831169,5,3.92857142857,2.61904761905,3.47782088314,0.695564176629,0.351239669421,3.6351459,1.45405836,0.66694214876,2.24138562586,0.896554250344,0.384297520661,0.780765321429,0.430960069892,2.92857142857,NaN,NaN,NaN,0.168968253968,0.0778097982709,9,0.00584415584416,0.320983778127,NaN,NaN,NaN,NaN,NaN,0.363636363636,0.590909090909,0.0454545454545,22,55,0.119047619048,2.82861781076,5,3.23529411765,2.75,3.35232683939,0.670465367878,0.352892561983,3.39116499156,1.35646599663,0.604132231405,2.385471901,0.954188760401,0.440495867769,1.45618074246,0.514802931989,4,NaN,NaN,NaN,0.172370486656,0.0818181818182,9,0.00584415584416,0.241771708683,NaN,NaN,NaN,NaN,NaN,0.181818181818,0.727272727273,0.0454545454545,0,0,1.01692949907,0,-0.693277310924,0.130952380952,-0.125494043755,-0.0250988087509,0.00165289256198,-0.243980908437,-0.0975923633749,-0.0628099173554,0.144086275144,0.0576345100575,0.0561983471074,0.675415421028,0.0838428620967,1.07142857143,NaN,NaN,NaN,0.00340223268795,0.00400838354729,0,0,-0.0792120694432,-0.181818181818,0.136363636364,0,51,4,4,403,0.927272727273,0.990171990172,0.00982800982801,0.0727272727273,0.927272727273,0.927272727273,0.927272727273,0.917444717445,0.917444717445,0.864406779661,18,18,0,3,2,3
39,WLNM_dir_neg_kfold,0.921296296296,0.683648989899,00:00:04,10,66.6666666667,19,14364,fixed,0.5,0.933333333333,0.777777777778,0.848484848485,14,1,4,35,0.777777777778,0.972222222222,0.0277777777778,0.222222222222,0.933333333333,0.777777777778,0.848484848485,0.907407407407,0.574074074074,0.782608695652,0.789352217376,0.75,57,39,18,0,57,0,39,0,18,22,55,0.119047619048,1.81168831169,5,3.92857142857,2.61904761905,3.47782088314,0.695564176629,0.351239669421,3.6351459,1.45405836,0.66694214876,2.24138562586,0.896554250344,0.384297520661,0.780765321429,0.430960069892,2.92857142857,NaN,NaN,NaN,0.168968253968,0.0778097982709,9,0.00584415584416,0.320983778127,NaN,NaN,NaN,NaN,NaN,0.363636363636,0.590909090909,0.0454545454545,22,52,0.112554112554,1.93831168831,4.72727272727,3.71428571429,2.6,3.38317712304,0.715672083721,0.368881118881,3.47159157332,1.46875028102,0.662587412587,2.32062090512,0.981801152166,0.433566433566,0.966858751592,0.498814900319,3.33333333333,NaN,NaN,NaN,0.132417582418,0.0764331210191,8,0.00519480519481,0.319413919414,NaN,NaN,NaN,NaN,NaN,0.318181818182,0.590909090909,0.0454545454545,-3,-0.00649350649351,0.126623376623,-0.272727272727,-0.214285714286,-0.0190476190476,-0.0946437601009,0.0201079070919,0.0176414494596,-0.16355432668,0.0146919210202,-0.00435473617292,0.0792352792608,0.0852469018225,0.0492689129053,0.186093430163,0.0678548304264,0.404761904762,NaN,NaN,NaN,-0.0365506715507,-0.00137667725179,-1,-0.000649350649351,-0.00156985871272,-0.0454545454545,0,0,51,1,4,406,0.927272727273,0.997542997543,0.002457002457,0.0727272727273,0.980769230769,0.927272727273,0.953271028037,0.947632953518,0.924815724816,0.910714285714,15,18,0,3,2,3
40,WLNM_dir_neg_kfold,0.967592592593,0.779894179894,00:00:05,10,66.6666666667,20,14365,fixed,0.5,0.933333333333,0.777777777778,0.848484848485,14,1,4,35,0.777777777778,0.972222222222,0.0277777777778,0.222222222222,0.933333333333,0.777777777778,0.848484848485,0.907407407407,0.574074074074,0.782608695652,0.789352217376,0.75,57,39,18,0,57,0,39,0,18,22,55,0.119047619048,1.81168831169,5,3.92857142857,2.61904761905,3.47782088314,0.695564176629,0.351239669421,3.6351459,1.45405836,0.66694214876,2.24138562586,0.896554250344,0.384297520661,0.780765321429,0.430960069892,2.92857142857,NaN,NaN,NaN,0.168968253968,0.0778097982709,9,0.00584415584416,0.320983778127,NaN,NaN,NaN,NaN,NaN,0.363636363636,0.590909090909,0.0454545454545,22,52,0.112554112554,1.75649350649,4.72727272727,3.71428571429,2.6,3.3549085316,0.709692189377,0.368006993007,3.47159157332,1.46875028102,0.662587412587,2.38138524204,1.00750914086,0.452797202797,0.663434496284,0.377703927644,2.1,NaN,NaN,NaN,0.0902014652015,0.0576923076923,6,0.0038961038961,0.325954997384,NaN,NaN,NaN,NaN,NaN,0.318181818182,0.590909090909,0.0454545454545,-3,-0.00649350649351,-0.0551948051948,-0.272727272727,-0.214285714286,-0.0190476190476,-0.122912351543,0.0141280127482,0.0167673235855,-0.16355432668,0.0146919210202,-0.00435473617292,0.139999616178,0.110954890518,0.068499682136,-0.117330825145,-0.0532561422484,-0.828571428571,NaN,NaN,NaN,-0.0787667887668,-0.0201174905786,-3,-0.00194805194805,0.00497121925693,-0.0454545454545,0,0,51,1,4,406,0.927272727273,0.997542997543,0.002457002457,0.0727272727273,0.980769230769,0.927272727273,0.953271028037,0.947632953518,0.924815724816,0.910714285714,15,18,0,3,2,3
41,WLNM_dir_neg_kfold,0.97299382716,0.783730176535,00:00:03,10,66.6666666667,1,15346,fixed,0.5,1,0.666666666667,0.8,12,0,6,36,0.666666666667,1,0,0.333333333333,1,0.666666666667,0.8,0.888888888889,0.592592592593,0.727272727273,0.755928946018,0.666666666667,57,39,18,0,57,0,39,0,18,22,55,0.119047619048,1.81168831169,5,3.92857142857,2.61904761905,3.47782088314,0.695564176629,0.351239669421,3.6351459,1.45405836,0.66694214876,2.24138562586,0.896554250344,0.384297520661,0.780765321429,0.430960069892,2.92857142857,NaN,NaN,NaN,0.168968253968,0.0778097982709,9,0.00584415584416,0.320983778127,NaN,NaN,NaN,NaN,NaN,0.363636363636,0.590909090909,0.0454545454545,22,49,0.106060606061,1.63852813853,4.45454545455,4.45454545455,2.33333333333,3.26200745565,0.732287388002,0.363636363636,3.59803938915,1.61544625635,0.713358070501,1.63100372782,0.732287388002,0.364564007421,0.752910214676,0.459503988349,2.69047619048,NaN,NaN,NaN,0.248496240602,0.0747330960854,7,0.00454545454545,0.209090909091,NaN,NaN,NaN,NaN,NaN,0.5,0.454545454545,0.0454545454545,-6,-0.012987012987,-0.17316017316,-0.545454545455,0.525974025974,-0.285714285714,-0.215813427498,0.0367232113733,0.0123966942149,-0.0371065108481,0.161387896354,0.0464159217406,-0.610381898036,-0.164266862342,-0.01973351324,-0.0278551067525,0.0285439184567,-0.238095238095,NaN,NaN,NaN,0.0795279866332,-0.00307670218548,-2,-0.0012987012987,-0.111892869036,0.136363636364,-0.136363636364,0,49,0,6,407,0.890909090909,1,0,0.109090909091,1,0.890909090909,0.942307692308,0.936998453411,0.890909090909,0.890909090909,12,18,0,3,3,3
42,WLNM_dir_neg_kfold,0.963734567901,0.663058572357,00:00:03,10,66.6666666667,2,15347,fixed,0.5,1,0.666666666667,0.8,12,0,6,36,0.666666666667,1,0,0.333333333333,1,0.666666666667,0.8,0.888888888889,0.592592592593,0.727272727273,0.755928946018,0.666666666667,57,39,18,0,57,0,39,0,18,22,55,0.119047619048,1.81168831169,5,3.92857142857,2.61904761905,3.47782088314,0.695564176629,0.351239669421,3.6351459,1.45405836,0.66694214876,2.24138562586,0.896554250344,0.384297520661,0.780765321429,0.430960069892,2.92857142857,NaN,NaN,NaN,0.168968253968,0.0778097982709,9,0.00584415584416,0.320983778127,NaN,NaN,NaN,NaN,NaN,0.363636363636,0.590909090909,0.0454545454545,22,49,0.106060606061,1.64545454545,4.45454545455,4.45454545455,2.33333333333,3.30551159829,0.742053624105,0.372912801484,3.54470521552,1.59150030085,0.711502782931,1.79766563398,0.807115182604,0.386827458256,0.763904302612,0.464251233632,2.7,NaN,NaN,NaN,0.190343915344,0.0633802816901,6,0.0038961038961,0.245367965368,NaN,NaN,NaN,NaN,NaN,0.5,0.454545454545,0.0454545454545,-6,-0.012987012987,-0.166233766234,-0.545454545455,0.525974025974,-0.285714285714,-0.172309284858,0.0464894474762,0.0216731320627,-0.0904406844798,0.137441940846,0.044560634171,-0.443719991877,-0.0894390677394,0.00252993759487,-0.0168610188162,0.0332911637394,-0.228571428571,NaN,NaN,NaN,0.0213756613757,-0.0144295165808,-3,-0.00194805194805,-0.0756158127587,0.136363636364,-0.136363636364,0,49,0,6,407,0.890909090909,1,0,0.109090909091,1,0.890909090909,0.942307692308,0.936998453411,0.890909090909,0.890909090909,12,18,0,3,3,3
43,WLNM_dir_neg_kfold,0.9375,0.5686612904,00:00:03,10,66.6666666667,3,15348,fixed,0.5,1,0.666666666667,0.8,12,0,6,36,0.666666666667,1,0,0.333333333333,1,0.666666666667,0.8,0.888888888889,0.592592592593,0.727272727273,0.755928946018,0.666666666667,57,39,18,0,57,0,39,0,18,22,55,0.119047619048,1.81168831169,5,3.92857142857,2.61904761905,3.47782088314,0.695564176629,0.351239669421,3.6351459,1.45405836,0.66694214876,2.24138562586,0.896554250344,0.384297520661,0.780765321429,0.430960069892,2.92857142857,NaN,NaN,NaN,0.168968253968,0.0778097982709,9,0.00584415584416,0.320983778127,NaN,NaN,NaN,NaN,NaN,0.363636363636,0.590909090909,0.0454545454545,22,49,0.106060606061,1.63852813853,4.45454545455,4.45454545455,2.33333333333,3.26200745565,0.732287388002,0.363636363636,3.59803938915,1.61544625635,0.713358070501,1.63100372782,0.732287388002,0.364564007421,0.752910214676,0.459503988349,2.69047619048,NaN,NaN,NaN,0.248496240602,0.0747330960854,7,0.00454545454545,0.209090909091,NaN,NaN,NaN,NaN,NaN,0.5,0.454545454545,0.0454545454545,-6,-0.012987012987,-0.17316017316,-0.545454545455,0.525974025974,-0.285714285714,-0.215813427498,0.0367232113733,0.0123966942149,-0.0371065108481,0.161387896354,0.0464159217406,-0.610381898036,-0.164266862342,-0.01973351324,-0.0278551067525,0.0285439184567,-0.238095238095,NaN,NaN,NaN,0.0795279866332,-0.00307670218548,-2,-0.0012987012987,-0.111892869036,0.136363636364,-0.136363636364,0,49,0,6,407,0.890909090909,1,0,0.109090909091,1,0.890909090909,0.942307692308,0.936998453411,0.890909090909,0.890909090909,12,18,0,3,3,3
44,WLNM_dir_neg_kfold,0.9375,0.464450010774,00:00:03,10,66.6666666667,4,15349,fixed,0.5,0.923076923077,0.666666666667,0.774193548387,12,1,6,35,0.666666666667,0.972222222222,0.0277777777778,0.333333333333,0.923076923077,0.666666666667,0.774193548387,0.87037037037,0.586419753086,0.686567164179,0.704448475606,0.638888888889,57,39,18,0,57,0,39,0,18,22,55,0.119047619048,1.81168831169,5,3.92857142857,2.61904761905,3.47782088314,0.695564176629,0.351239669421,3.6351459,1.45405836,0.66694214876,2.24138562586,0.896554250344,0.384297520661,0.780765321429,0.430960069892,2.92857142857,NaN,NaN,NaN,0.168968253968,0.0778097982709,9,0.00584415584416,0.320983778127,NaN,NaN,NaN,NaN,NaN,0.363636363636,0.590909090909,0.0454545454545,22,50,0.108225108225,1.84498834499,4.54545454545,4.16666666667,2.27272727273,3.17321037268,0.698106281989,0.34,3.57480360009,1.57291358404,0.698181818182,1.5790840679,0.694796989878,0.338181818182,1.06032553477,0.574705817327,3.97435897436,NaN,NaN,NaN,0.32052154195,0.0848056537102,8,0.00519480519481,0.174242424242,NaN,NaN,NaN,NaN,NaN,0.454545454545,0.545454545455,0,-5,-0.0108225108225,0.0333000333,-0.454545454545,0.238095238095,-0.34632034632,-0.304610510468,0.00254210535995,-0.0112396694215,-0.0603422999092,0.11885522404,0.0312396694215,-0.662301557956,-0.201757260466,-0.0461157024793,0.279560213336,0.143745747434,1.04578754579,NaN,NaN,NaN,0.151553287982,0.00699585543935,-1,-0.000649350649351,-0.146741353884,0.0909090909091,-0.0454545454545,-0.0454545454545,49,1,6,406,0.890909090909,0.997542997543,0.002457002457,0.109090909091,0.98,0.890909090909,0.933333333333,0.926144926043,0.888452088452,0.875,13,18,0,3,3,3
45,WLNM_dir_neg_kfold,0.923611111111,0.445324087945,00:00:04,10,66.6666666667,5,15350,fixed,0.5,0.764705882353,0.722222222222,0.742857142857,13,4,5,32,0.722222222222,0.888888888889,0.111111111111,0.277777777778,0.764705882353,0.722222222222,0.742857142857,0.833333333333,0.561728395062,0.619718309859,0.620272261878,0.611111111111,57,39,18,0,57,0,39,0,18,22,55,0.119047619048,1.81168831169,5,3.92857142857,2.61904761905,3.47782088314,0.695564176629,0.351239669421,3.6351459,1.45405836,0.66694214876,2.24138562586,0.896554250344,0.384297520661,0.780765321429,0.430960069892,2.92857142857,NaN,NaN,NaN,0.168968253968,0.0778097982709,9,0.00584415584416,0.320983778127,NaN,NaN,NaN,NaN,NaN,0.363636363636,0.590909090909,0.0454545454545,22,54,0.116883116883,1.96176046176,4.90909090909,3.85714285714,2.57142857143,3.16090841236,0.643888750666,0.327441077441,3.50139118919,1.42649270671,0.653198653199,1.94513490112,0.792462367122,0.395622895623,0.862469187159,0.439640416845,3.00992063492,NaN,NaN,NaN,0.196547619048,0.0759493670886,8,0.00519480519481,0.178597592883,NaN,NaN,NaN,NaN,NaN,0.363636363636,0.590909090909,0.0454545454545,-1,-0.0021645021645,0.150072150072,-0.0909090909091,-0.0714285714286,-0.047619047619,-0.316912470783,-0.0516754259626,-0.0237985919804,-0.133754710809,-0.0275656532927,-0.0137434955617,-0.296250724741,-0.104091883221,0.0113253749617,0.0817038657307,0.00868034695297,0.0813492063492,NaN,NaN,NaN,0.0275793650794,-0.00186043118229,-1,-0.000649350649351,-0.142386185243,0,0,0,50,4,5,403,0.909090909091,0.990171990172,0.00982800982801,0.0909090909091,0.925925925926,0.909090909091,0.917431192661,0.906438334352,0.899262899263,0.847457627119,17,18,0,3,3,3
46,WLNM_dir_neg_kfold,0.905092592593,0.774476627602,00:00:03,10,66.6666666667,6,15351,fixed,0.5,0.928571428571,0.722222222222,0.8125,13,1,5,35,0.722222222222,0.972222222222,0.0277777777778,0.277777777778,0.928571428571,0.722222222222,0.8125,0.888888888889,0.58024691358,0.735294117647,0.747017880834,0.694444444444,57,39,18,0,57,0,39,0,18,22,55,0.119047619048,1.81168831169,5,3.92857142857,2.61904761905,3.47782088314,0.695564176629,0.351239669421,3.6351459,1.45405836,0.66694214876,2.24138562586,0.896554250344,0.384297520661,0.780765321429,0.430960069892,2.92857142857,NaN,NaN,NaN,0.168968253968,0.0778097982709,9,0.00584415584416,0.320983778127,NaN,NaN,NaN,NaN,NaN,0.363636363636,0.590909090909,0.0454545454545,22,51,0.11038961039,1.70037105751,4.63636363636,4.25,2.42857142857,3.31727734812,0.715491192731,0.362745098039,3.6303792749,1.56604596172,0.701426024955,1.67293194682,0.721656918237,0.362745098039,0.771931448015,0.45397823293,2.77551020408,NaN,NaN,NaN,0.213909774436,0.0797342192691,8,0.00519480519481,0.185425685426,NaN,NaN,NaN,NaN,NaN,0.454545454545,0.5,0.0454545454545,-4,-0.00865800865801,-0.111317254174,-0.363636363636,0.321428571429,-0.190476190476,-0.160543535028,0.0199270161021,0.0115054286177,-0.00476662509569,0.111987601723,0.0344838761951,-0.568453679036,-0.174897332106,-0.0215524226219,-0.00883387341356,0.0230181630372,-0.15306122449,NaN,NaN,NaN,0.0449415204678,0.00192442099821,-1,-0.000649350649351,-0.135558092701,0.0909090909091,-0.0909090909091,0,50,1,5,406,0.909090909091,0.997542997543,0.002457002457,0.0909090909091,0.980392156863,0.909090909091,0.943396226415,0.936924309451,0.906633906634,0.892857142857,14,18,0,3,3,3
47,WLNM_dir_neg_kfold,0.939814814815,0.751397792023,00:00:03,10,66.6666666667,7,15352,fixed,0.5,0.923076923077,0.666666666667,0.774193548387,12,1,6,35,0.666666666667,0.972222222222,0.0277777777778,0.333333333333,0.923076923077,0.666666666667,0.774193548387,0.87037037037,0.586419753086,0.686567164179,0.704448475606,0.638888888889,57,39,18,0,57,0,39,0,18,22,55,0.119047619048,1.81168831169,5,3.92857142857,2.61904761905,3.47782088314,0.695564176629,0.351239669421,3.6351459,1.45405836,0.66694214876,2.24138562586,0.896554250344,0.384297520661,0.780765321429,0.430960069892,2.92857142857,NaN,NaN,NaN,0.168968253968,0.0778097982709,9,0.00584415584416,0.320983778127,NaN,NaN,NaN,NaN,NaN,0.363636363636,0.590909090909,0.0454545454545,22,50,0.108225108225,1.69047619048,4.54545454545,4.16666666667,2.38095238095,3.21791521874,0.707941348122,0.351818181818,3.57480360009,1.57291358404,0.698181818182,1.69542291906,0.745986084384,0.374545454545,0.756607149435,0.447570426427,2.7619047619,NaN,NaN,NaN,0.236071428571,0.0734265734266,7,0.00454545454545,0.184343434343,NaN,NaN,NaN,NaN,NaN,0.454545454545,0.5,0.0454545454545,-5,-0.0108225108225,-0.121212121212,-0.454545454545,0.238095238095,-0.238095238095,-0.259905664408,0.0123771714932,0.000578512396694,-0.0603422999092,0.11885522404,0.0312396694215,-0.545962706804,-0.150568165959,-0.0097520661157,-0.0241581719932,0.0166103565341,-0.166666666667,NaN,NaN,NaN,0.0671031746032,-0.00438322484432,-2,-0.0012987012987,-0.136640343783,0.0909090909091,-0.0909090909091,0,49,1,6,406,0.890909090909,0.997542997543,0.002457002457,0.109090909091,0.98,0.890909090909,0.933333333333,0.926144926043,0.888452088452,0.875,13,18,0,3,3,3
48,WLNM_dir_neg_kfold,0.986111111111,0.638779956427,00:00:04,10,66.6666666667,8,15353,fixed,0.5,0.9,1,0.947368421053,18,2,0,34,1,0.944444444444,0.0555555555556,0,0.9,1,0.947368421053,0.962962962963,0.543209876543,0.918918918919,0.921954445729,0.944444444444,57,39,18,0,57,0,39,0,18,22,55,0.119047619048,1.81168831169,5,3.92857142857,2.61904761905,3.47782088314,0.695564176629,0.351239669421,3.6351459,1.45405836,0.66694214876,2.24138562586,0.896554250344,0.384297520661,0.780765321429,0.430960069892,2.92857142857,NaN,NaN,NaN,0.168968253968,0.0778097982709,9,0.00584415584416,0.320983778127,NaN,NaN,NaN,NaN,NaN,0.363636363636,0.590909090909,0.0454545454545,22,57,0.123376623377,1.97510822511,5.18181818182,3.5625,2.71428571429,3.62052829132,0.698698442184,0.350877192982,3.5811555851,1.38220040127,0.630781499203,2.61240795525,1.00829780729,0.404306220096,0.790653333069,0.40030886562,3.09077380952,NaN,NaN,NaN,0.192173382173,0.11170212766,14,0.00909090909091,0.37119047619,NaN,NaN,NaN,NaN,NaN,0.272727272727,0.681818181818,0.0454545454545,2,0.004329004329,0.16341991342,0.181818181818,-0.366071428571,0.0952380952381,0.142707408172,0.00313426555498,-0.000362476439032,-0.0539903149023,-0.0718579587342,-0.0361606495578,0.371022329395,0.111743556947,0.0200086994345,0.00988801164062,-0.0306512042728,0.162202380952,NaN,NaN,NaN,0.0232051282051,0.0338923293887,5,0.00324675324675,0.0502066980638,-0.0909090909091,0.0909090909091,0,55,2,0,405,1,0.995085995086,0.004914004914,0,0.964912280702,1,0.982142857143,0.979883001696,0.995085995086,0.964912280702,20,18,0,3,3,3
49,WLNM_dir_neg_kfold,0.970679012346,0.556491563357,00:00:03,10,66.6666666667,9,15354,fixed,0.5,0.8,0.888888888889,0.842105263158,16,4,2,32,0.888888888889,0.888888888889,0.111111111111,0.111111111111,0.8,0.888888888889,0.842105263158,0.888888888889,0.543209876543,0.756756756757,0.759256602365,0.777777777778,57,39,18,0,57,0,39,0,18,22,55,0.119047619048,1.81168831169,5,3.92857142857,2.61904761905,3.47782088314,0.695564176629,0.351239669421,3.6351459,1.45405836,0.66694214876,2.24138562586,0.896554250344,0.384297520661,0.780765321429,0.430960069892,2.92857142857,NaN,NaN,NaN,0.168968253968,0.0778097982709,9,0.00584415584416,0.320983778127,NaN,NaN,NaN,NaN,NaN,0.363636363636,0.590909090909,0.0454545454545,22,57,0.123376623377,2.11260755705,5.18181818182,3.35294117647,2.59090909091,3.40358863325,0.656832894137,0.318979266348,3.41786749038,1.31917692611,0.597288676236,2.64861313052,1.02227173459,0.412280701754,0.868541934621,0.411123178899,3.27983539095,NaN,NaN,NaN,0.221528471528,0.108333333333,13,0.00844155844156,0.330672268908,NaN,NaN,NaN,NaN,NaN,0.227272727273,0.772727272727,0,2,0.004329004329,0.300919245364,0.181818181818,-0.575630252101,-0.0281385281385,-0.0742322498908,-0.0387312824922,-0.0322604030738,-0.217278409617,-0.134881433887,-0.0696534725243,0.407227504658,0.125717484242,0.0279831810932,0.0877766131921,-0.0198368909938,0.351263962375,NaN,NaN,NaN,0.0525602175602,0.0305235350624,4,0.0025974025974,0.00968849078093,-0.136363636364,0.181818181818,-0.0454545454545,53,4,2,403,0.963636363636,0.990171990172,0.00982800982801,0.0363636363636,0.929824561404,0.963636363636,0.946428571429,0.939236003107,0.953808353808,0.898305084746,20,18,0,3,3,3
50,WLNM_dir_neg_kfold,0.891203703704,0.617428754071,00:00:03,10,66.6666666667,10,15355,fixed,0.5,0.722222222222,0.722222222222,0.722222222222,13,5,5,31,0.722222222222,0.861111111111,0.138888888889,0.277777777778,0.722222222222,0.722222222222,0.722222222222,0.814814814815,0.555555555556,0.583333333333,0.583333333333,0.583333333333,57,39,18,0,57,0,39,0,18,22,55,0.119047619048,1.81168831169,5,3.92857142857,2.61904761905,3.47782088314,0.695564176629,0.351239669421,3.6351459,1.45405836,0.66694214876,2.24138562586,0.896554250344,0.384297520661,0.780765321429,0.430960069892,2.92857142857,NaN,NaN,NaN,0.168968253968,0.0778097982709,9,0.00584415584416,0.320983778127,NaN,NaN,NaN,NaN,NaN,0.363636363636,0.590909090909,0.0454545454545,22,55,0.119047619048,1.77272727273,5,4.23076923077,2.61904761905,3.14718316988,0.629436633976,0.320661157025,3.51527279982,1.40610911993,0.657024793388,2.08737702803,0.834950811212,0.414049586777,0.785505186659,0.44310548991,2.875,NaN,NaN,NaN,0.177738095238,0.0648148148148,7,0.00454545454545,0.225213675214,NaN,NaN,NaN,NaN,NaN,0.409090909091,0.545454545455,0.0454545454545,0,0,-0.038961038961,0,0.302197802198,0,-0.330637713267,-0.0661275426534,-0.0305785123967,-0.119873100181,-0.0479492400726,-0.0099173553719,-0.154008597831,-0.0616034391322,0.0297520661157,0.00473986523053,0.0121454200178,-0.0535714285714,NaN,NaN,NaN,0.00876984126984,-0.0129949834561,-2,-0.0012987012987,-0.095770102913,0.0454545454545,-0.0454545454545,0,50,5,5,402,0.909090909091,0.987714987715,0.012285012285,0.0909090909091,0.909090909091,0.909090909091,0.909090909091,0.896805896806,0.896805896806,0.833333333333,18,18,0,3,3,3
51,WLNM_dir_neg_kfold,0.97299382716,0.777487409105,00:00:04,10,66.6666666667,11,15356,fixed,0.5,0.833333333333,0.833333333333,0.833333333333,15,3,3,33,0.833333333333,0.916666666667,0.0833333333333,0.166666666667,0.833333333333,0.833333333333,0.833333333333,0.888888888889,0.555555555556,0.75,0.75,0.75,57,39,18,0,57,0,39,0,18,22,55,0.119047619048,1.81168831169,5,3.92857142857,2.61904761905,3.47782088314,0.695564176629,0.351239669421,3.6351459,1.45405836,0.66694214876,2.24138562586,0.896554250344,0.384297520661,0.780765321429,0.430960069892,2.92857142857,NaN,NaN,NaN,0.168968253968,0.0778097982709,9,0.00584415584416,0.320983778127,NaN,NaN,NaN,NaN,NaN,0.363636363636,0.590909090909,0.0454545454545,22,55,0.119047619048,1.88047138047,5,4.23076923077,2.5,3.20713490295,0.64142698059,0.321487603306,3.64822200661,1.45928880264,0.676859504132,1.73891044157,0.695564176629,0.338016528926,0.94572298039,0.502918039706,3.02314814815,NaN,NaN,NaN,0.272940287226,0.100609756098,11,0.00714285714286,0.186589336589,NaN,NaN,NaN,NaN,NaN,0.409090909091,0.590909090909,0,0,0,0.0687830687831,0,0.302197802198,-0.119047619048,-0.270685980196,-0.0541371960391,-0.0297520661157,0.0130761066116,0.00523044264463,0.0099173553719,-0.502475184287,-0.200990073715,-0.0462809917355,0.164957658962,0.0719579698137,0.0945767195767,NaN,NaN,NaN,0.103972033258,0.0227999578267,2,0.0012987012987,-0.134394441537,0.0454545454545,0,-0.0454545454545,52,3,3,404,0.945454545455,0.992628992629,0.00737100737101,0.0545454545455,0.945454545455,0.945454545455,0.945454545455,0.938083538084,0.938083538084,0.896551724138,18,18,0,3,3,3
52,WLNM_dir_neg_kfold,0.950617283951,0.818353174603,00:00:03,10,66.6666666667,12,15357,fixed,0.5,1,0.722222222222,0.838709677419,13,0,5,36,0.722222222222,1,0,0.277777777778,1,0.722222222222,0.838709677419,0.907407407407,0.586419753086,0.776119402985,0.796333059381,0.722222222222,57,39,18,0,57,0,39,0,18,22,55,0.119047619048,1.81168831169,5,3.92857142857,2.61904761905,3.47782088314,0.695564176629,0.351239669421,3.6351459,1.45405836,0.66694214876,2.24138562586,0.896554250344,0.384297520661,0.780765321429,0.430960069892,2.92857142857,NaN,NaN,NaN,0.168968253968,0.0778097982709,9,0.00584415584416,0.320983778127,NaN,NaN,NaN,NaN,NaN,0.363636363636,0.590909090909,0.0454545454545,22,50,0.108225108225,1.63852813853,4.54545454545,4.54545454545,2.38095238095,3.29107411511,0.724036305325,0.362727272727,3.5880996188,1.57876383227,0.707272727273,1.7776875879,0.782182538676,0.376363636364,0.752910214676,0.459503988349,2.69047619048,NaN,NaN,NaN,0.230952380952,0.0721649484536,7,0.00454545454545,0.246666666667,NaN,NaN,NaN,NaN,NaN,0.5,0.454545454545,0.0454545454545,-5,-0.0108225108225,-0.17316017316,-0.454545454545,0.616883116883,-0.238095238095,-0.186746768031,0.028472128696,0.0114876033058,-0.0470462811962,0.124705472274,0.0403305785124,-0.46369803796,-0.114371711668,-0.00793388429752,-0.0278551067525,0.0285439184567,-0.238095238095,NaN,NaN,NaN,0.0619841269841,-0.00564484981729,-2,-0.0012987012987,-0.07431711146,0.136363636364,-0.136363636364,0,50,0,5,407,0.909090909091,1,0,0.0909090909091,1,0.909090909091,0.952380952381,0.947659354635,0.909090909091,0.909090909091,13,18,0,3,3,3
53,WLNM_dir_neg_kfold,0.961419753086,0.603272762096,00:00:03,10,66.6666666667,13,15358,fixed,0.5,0.882352941176,0.833333333333,0.857142857143,15,2,3,34,0.833333333333,0.944444444444,0.0555555555556,0.166666666667,0.882352941176,0.833333333333,0.857142857143,0.907407407407,0.561728395062,0.788732394366,0.789437424208,0.777777777778,57,39,18,0,57,0,39,0,18,22,55,0.119047619048,1.81168831169,5,3.92857142857,2.61904761905,3.47782088314,0.695564176629,0.351239669421,3.6351459,1.45405836,0.66694214876,2.24138562586,0.896554250344,0.384297520661,0.780765321429,0.430960069892,2.92857142857,NaN,NaN,NaN,0.168968253968,0.0778097982709,9,0.00584415584416,0.320983778127,NaN,NaN,NaN,NaN,NaN,0.363636363636,0.590909090909,0.0454545454545,22,54,0.116883116883,1.77597402597,4.90909090909,4.15384615385,2.57142857143,3.32249319622,0.676804169601,0.34595959596,3.66095580451,1.49150051295,0.683501683502,1.87025011638,0.76195375112,0.37037037037,0.790173931012,0.444924260972,2.87946428571,NaN,NaN,NaN,0.202301587302,0.0825688073394,9,0.00584415584416,0.205677655678,NaN,NaN,NaN,NaN,NaN,0.409090909091,0.545454545455,0.0454545454545,-1,-0.0021645021645,-0.0357142857143,-0.0909090909091,0.225274725275,-0.047619047619,-0.15532768692,-0.0187600070276,-0.00528007346189,0.0258099045131,0.0374421529498,0.0165595347414,-0.371135509475,-0.134600499224,-0.0139271502908,0.0094086095837,0.0139641910797,-0.0491071428571,NaN,NaN,NaN,0.0333333333333,0.00475900906856,0,0,-0.115306122449,0.0454545454545,-0.0454545454545,0,52,2,3,405,0.945454545455,0.995085995086,0.004914004914,0.0545454545455,0.962962962963,0.945454545455,0.954128440367,0.948045339864,0.940540540541,0.912280701754,17,18,0,3,3,3
54,WLNM_dir_neg_kfold,0.946759259259,0.590158966991,00:00:03,10,66.6666666667,14,15359,fixed,0.5,0.9375,0.833333333333,0.882352941176,15,1,3,35,0.833333333333,0.972222222222,0.0277777777778,0.166666666667,0.9375,0.833333333333,0.882352941176,0.925925925926,0.567901234568,0.828571428571,0.831632035281,0.805555555556,57,39,18,0,57,0,39,0,18,22,55,0.119047619048,1.81168831169,5,3.92857142857,2.61904761905,3.47782088314,0.695564176629,0.351239669421,3.6351459,1.45405836,0.66694214876,2.24138562586,0.896554250344,0.384297520661,0.780765321429,0.430960069892,2.92857142857,NaN,NaN,NaN,0.168968253968,0.0778097982709,9,0.00584415584416,0.320983778127,NaN,NaN,NaN,NaN,NaN,0.363636363636,0.590909090909,0.0454545454545,22,53,0.114718614719,1.88095238095,4.81818181818,4.41666666667,2.52380952381,3.43145621783,0.712189026342,0.36192109777,3.68599784137,1.53003683981,0.69897084048,1.70877541529,0.709303002575,0.33704974271,1.01400196174,0.539089650543,3.02380952381,NaN,NaN,NaN,0.25730994152,0.101226993865,11,0.00714285714286,0.208802308802,NaN,NaN,NaN,NaN,NaN,0.454545454545,0.5,0.0454545454545,-2,-0.004329004329,0.0692640692641,-0.181818181818,0.488095238095,-0.0952380952381,-0.0463646653137,0.0166248497133,0.0106814283487,0.0508519413696,0.0759784798138,0.0320286917199,-0.532610210565,-0.187251247769,-0.047247777951,0.233236640307,0.108129580651,0.0952380952381,NaN,NaN,NaN,0.0883416875522,0.0234171955941,2,0.0012987012987,-0.112181469324,0.0909090909091,-0.0909090909091,0,52,1,3,406,0.945454545455,0.997542997543,0.002457002457,0.0545454545455,0.981132075472,0.945454545455,0.962962962963,0.958273595656,0.942997542998,0.928571428571,16,18,0,3,3,3
55,WLNM_dir_neg_kfold,0.976851851852,0.732308201058,00:00:04,10,66.6666666667,15,15360,fixed,0.5,1,0.722222222222,0.838709677419,13,0,5,36,0.722222222222,1,0,0.277777777778,1,0.722222222222,0.838709677419,0.907407407407,0.586419753086,0.776119402985,0.796333059381,0.722222222222,57,39,18,0,57,0,39,0,18,22,55,0.119047619048,1.81168831169,5,3.92857142857,2.61904761905,3.47782088314,0.695564176629,0.351239669421,3.6351459,1.45405836,0.66694214876,2.24138562586,0.896554250344,0.384297520661,0.780765321429,0.430960069892,2.92857142857,NaN,NaN,NaN,0.168968253968,0.0778097982709,9,0.00584415584416,0.320983778127,NaN,NaN,NaN,NaN,NaN,0.363636363636,0.590909090909,0.0454545454545,22,50,0.108225108225,1.63852813853,4.54545454545,4.54545454545,2.38095238095,3.29107411511,0.724036305325,0.362727272727,3.5880996188,1.57876383227,0.707272727273,1.7776875879,0.782182538676,0.376363636364,0.752910214676,0.459503988349,2.69047619048,NaN,NaN,NaN,0.230952380952,0.0721649484536,7,0.00454545454545,0.246666666667,NaN,NaN,NaN,NaN,NaN,0.5,0.454545454545,0.0454545454545,-5,-0.0108225108225,-0.17316017316,-0.454545454545,0.616883116883,-0.238095238095,-0.186746768031,0.028472128696,0.0114876033058,-0.0470462811962,0.124705472274,0.0403305785124,-0.46369803796,-0.114371711668,-0.00793388429752,-0.0278551067525,0.0285439184567,-0.238095238095,NaN,NaN,NaN,0.0619841269841,-0.00564484981729,-2,-0.0012987012987,-0.07431711146,0.136363636364,-0.136363636364,0,50,0,5,407,0.909090909091,1,0,0.0909090909091,1,0.909090909091,0.952380952381,0.947659354635,0.909090909091,0.909090909091,13,18,0,3,3,3
56,WLNM_dir_neg_kfold,0.965277777778,0.552403083028,00:00:03,10,66.6666666667,16,15361,fixed,0.5,0.933333333333,0.777777777778,0.848484848485,14,1,4,35,0.777777777778,0.972222222222,0.0277777777778,0.222222222222,0.933333333333,0.777777777778,0.848484848485,0.907407407407,0.574074074074,0.782608695652,0.789352217376,0.75,57,39,18,0,57,0,39,0,18,22,55,0.119047619048,1.81168831169,5,3.92857142857,2.61904761905,3.47782088314,0.695564176629,0.351239669421,3.6351459,1.45405836,0.66694214876,2.24138562586,0.896554250344,0.384297520661,0.780765321429,0.430960069892,2.92857142857,NaN,NaN,NaN,0.168968253968,0.0778097982709,9,0.00584415584416,0.320983778127,NaN,NaN,NaN,NaN,NaN,0.363636363636,0.590909090909,0.0454545454545,22,52,0.112554112554,1.69480519481,4.72727272727,4.33333333333,2.47619047619,3.32639971515,0.703661478204,0.356643356643,3.69743095554,1.56429771196,0.704545454545,1.64882222165,0.697578632238,0.34965034965,0.763084540932,0.450249116105,2.76785714286,NaN,NaN,NaN,0.252301587302,0.0870967741935,9,0.00584415584416,0.186507936508,NaN,NaN,NaN,NaN,NaN,0.454545454545,0.5,0.0454545454545,-3,-0.00649350649351,-0.116883116883,-0.272727272727,0.404761904762,-0.142857142857,-0.151421167997,0.00809730157537,0.00540368722187,0.0622850555415,0.11023935196,0.0376033057851,-0.592563404207,-0.198975618106,-0.0346471710108,-0.0176807804967,0.0192890462129,-0.160714285714,NaN,NaN,NaN,0.0833333333333,0.00928697592266,0,0,-0.134475841619,0.0909090909091,-0.0909090909091,0,51,1,4,406,0.927272727273,0.997542997543,0.002457002457,0.0727272727273,0.980769230769,0.927272727273,0.953271028037,0.947632953518,0.924815724816,0.910714285714,15,18,0,3,3,3
57,WLNM_dir_neg_kfold,0.978395061728,0.566719951588,00:00:03,10,66.6666666667,17,15362,fixed,0.5,0.857142857143,1,0.923076923077,18,3,0,33,1,0.916666666667,0.0833333333333,0,0.857142857143,1,0.923076923077,0.944444444444,0.537037037037,0.88,0.886405260428,0.916666666667,57,39,18,0,57,0,39,0,18,22,55,0.119047619048,1.81168831169,5,3.92857142857,2.61904761905,3.47782088314,0.695564176629,0.351239669421,3.6351459,1.45405836,0.66694214876,2.24138562586,0.896554250344,0.384297520661,0.780765321429,0.430960069892,2.92857142857,NaN,NaN,NaN,0.168968253968,0.0778097982709,9,0.00584415584416,0.320983778127,NaN,NaN,NaN,NaN,NaN,0.363636363636,0.590909090909,0.0454545454545,22,58,0.125541125541,1.98701298701,5.27272727273,3.625,2.7619047619,3.5880996188,0.680501651842,0.344043887147,3.56631668793,1.35274081266,0.62539184953,2.6103357665,0.990127359706,0.404388714734,0.789577110117,0.397368872412,3.07589285714,NaN,NaN,NaN,0.187784173498,0.109660574413,14,0.00909090909091,0.341322751323,NaN,NaN,NaN,NaN,NaN,0.272727272727,0.681818181818,0.0454545454545,3,0.00649350649351,0.175324675325,0.272727272727,-0.303571428571,0.142857142857,0.110278735659,-0.0150625247869,-0.00719578227415,-0.0688292120689,-0.101317547336,-0.0415502992306,0.368950140637,0.0935731093619,0.0200911940724,0.00881178868881,-0.0335911974805,0.147321428571,NaN,NaN,NaN,0.0188159195302,0.0318507761416,5,0.00324675324675,0.0203389731961,-0.0909090909091,0.0909090909091,0,55,3,0,404,1,0.992628992629,0.00737100737101,0,0.948275862069,1,0.973451327434,0.970199007266,0.992628992629,0.948275862069,21,18,0,3,3,3
58,WLNM_dir_neg_kfold,0.974537037037,0.837332683656,00:00:04,10,66.6666666667,18,15363,fixed,0.5,0.916666666667,0.611111111111,0.733333333333,11,1,7,35,0.611111111111,0.972222222222,0.0277777777778,0.388888888889,0.916666666667,0.611111111111,0.733333333333,0.851851851852,0.592592592593,0.636363636364,0.661437827766,0.583333333333,57,39,18,0,57,0,39,0,18,22,55,0.119047619048,1.81168831169,5,3.92857142857,2.61904761905,3.47782088314,0.695564176629,0.351239669421,3.6351459,1.45405836,0.66694214876,2.24138562586,0.896554250344,0.384297520661,0.780765321429,0.430960069892,2.92857142857,NaN,NaN,NaN,0.168968253968,0.0778097982709,9,0.00584415584416,0.320983778127,NaN,NaN,NaN,NaN,NaN,0.363636363636,0.590909090909,0.0454545454545,22,49,0.106060606061,1.85244755245,4.45454545455,4.08333333333,2.22727272727,3.1881816392,0.715714245534,0.351576994434,3.53124580987,1.58545730239,0.702226345083,1.60154146526,0.71905943338,0.347866419295,1.06853519516,0.576823453788,3.98461538462,NaN,NaN,NaN,0.288452380952,0.0760869565217,7,0.00454545454545,0.17316017316,NaN,NaN,NaN,NaN,NaN,0.454545454545,0.545454545455,0,-6,-0.012987012987,0.0407592407592,-0.545454545455,0.154761904762,-0.391774891775,-0.289639243949,0.0201500689047,0.00033732501265,-0.103900090134,0.131398942389,0.0352841963232,-0.639844160603,-0.177494816963,-0.0364311013662,0.287769873736,0.145863383896,1.05604395604,NaN,NaN,NaN,0.119484126984,-0.00172284174915,-2,-0.0012987012987,-0.147823604966,0.0909090909091,-0.0454545454545,-0.0454545454545,48,1,7,406,0.872727272727,0.997542997543,0.002457002457,0.127272727273,0.979591836735,0.872727272727,0.923076923077,0.915291925533,0.87027027027,0.857142857143,12,18,0,3,3,3
59,WLNM_dir_neg_kfold,0.945216049383,0.85410844602,00:00:04,10,66.6666666667,19,15364,fixed,0.5,0.882352941176,0.833333333333,0.857142857143,15,2,3,34,0.833333333333,0.944444444444,0.0555555555556,0.166666666667,0.882352941176,0.833333333333,0.857142857143,0.907407407407,0.561728395062,0.788732394366,0.789437424208,0.777777777778,57,39,18,0,57,0,39,0,18,22,55,0.119047619048,1.81168831169,5,3.92857142857,2.61904761905,3.47782088314,0.695564176629,0.351239669421,3.6351459,1.45405836,0.66694214876,2.24138562586,0.896554250344,0.384297520661,0.780765321429,0.430960069892,2.92857142857,NaN,NaN,NaN,0.168968253968,0.0778097982709,9,0.00584415584416,0.320983778127,NaN,NaN,NaN,NaN,NaN,0.363636363636,0.590909090909,0.0454545454545,22,54,0.116883116883,2.01981351981,4.90909090909,4.15384615385,2.45454545455,3.27921435,0.667988108333,0.337542087542,3.66095580451,1.49150051295,0.683501683502,1.68260774727,0.685506859998,0.328282828283,1.1176364738,0.553336465391,4.08974358974,NaN,NaN,NaN,0.312169312169,0.0925925925926,10,0.00649350649351,0.178281440781,NaN,NaN,NaN,NaN,NaN,0.409090909091,0.590909090909,0,-1,-0.0021645021645,0.208125208125,-0.0909090909091,0.225274725275,-0.164502164502,-0.198606533145,-0.0275760682956,-0.0136975818794,0.0258099045131,0.0374421529498,0.0165595347414,-0.558777878591,-0.211047390345,-0.0560146923783,0.336871152374,0.122376395498,1.16117216117,NaN,NaN,NaN,0.143201058201,0.0147827943217,1,0.000649350649351,-0.142702337345,0.0454545454545,0,-0.0454545454545,52,2,3,405,0.945454545455,0.995085995086,0.004914004914,0.0545454545455,0.962962962963,0.945454545455,0.954128440367,0.948045339864,0.940540540541,0.912280701754,17,18,0,3,3,3
60,WLNM_dir_neg_kfold,0.94212962963,0.539127837515,00:00:04,10,66.6666666667,20,15365,fixed,0.5,1,0.666666666667,0.8,12,0,6,36,0.666666666667,1,0,0.333333333333,1,0.666666666667,0.8,0.888888888889,0.592592592593,0.727272727273,0.755928946018,0.666666666667,57,39,18,0,57,0,39,0,18,22,55,0.119047619048,1.81168831169,5,3.92857142857,2.61904761905,3.47782088314,0.695564176629,0.351239669421,3.6351459,1.45405836,0.66694214876,2.24138562586,0.896554250344,0.384297520661,0.780765321429,0.430960069892,2.92857142857,NaN,NaN,NaN,0.168968253968,0.0778097982709,9,0.00584415584416,0.320983778127,NaN,NaN,NaN,NaN,NaN,0.363636363636,0.590909090909,0.0454545454545,22,49,0.106060606061,1.63852813853,4.45454545455,4.45454545455,2.33333333333,3.26200745565,0.732287388002,0.363636363636,3.59803938915,1.61544625635,0.713358070501,1.63100372782,0.732287388002,0.364564007421,0.752910214676,0.459503988349,2.69047619048,NaN,NaN,NaN,0.248496240602,0.0747330960854,7,0.00454545454545,0.209090909091,NaN,NaN,NaN,NaN,NaN,0.5,0.454545454545,0.0454545454545,-6,-0.012987012987,-0.17316017316,-0.545454545455,0.525974025974,-0.285714285714,-0.215813427498,0.0367232113733,0.0123966942149,-0.0371065108481,0.161387896354,0.0464159217406,-0.610381898036,-0.164266862342,-0.01973351324,-0.0278551067525,0.0285439184567,-0.238095238095,NaN,NaN,NaN,0.0795279866332,-0.00307670218548,-2,-0.0012987012987,-0.111892869036,0.136363636364,-0.136363636364,0,49,0,6,407,0.890909090909,1,0,0.109090909091,1,0.890909090909,0.942307692308,0.936998453411,0.890909090909,0.890909090909,12,18,0,3,3,3
