Prey,Predator,PreyMass,PredatorMass
Bacteria,Diosaccuss tenuicornis,6.8e-21,2.51e-05
Nitzschia closterium,Oikopleura dioica,9.76e-17,4.01e-05
Phaeocystis pouchetii,Oikopleura dioica,4.37e-19,4.01e-05
Skeletonema costatum,Oikopleura dioica,3.16e-20,4.01e-05
Bacteria,Tigriopus californicus,6.8e-21,4.9e-05
Detritus,Tigriopus californicus,-999,4.9e-05
Gelidium spp.,Tigriopus californicus,5.35e-10,4.9e-05
Microphytobenthos,Tigriopus californicus,5.04e-17,4.9e-05
Acartia clausi,Podon intermedius,0.00017189,5.88e-05
Bacteria,Tigriopus brevicornis,6.8e-21,5.88e-05
Calanus helgolandicus,Podon intermedius,0.00020998,5.88e-05
Detritus,Tigriopus brevicornis,-999,5.88e-05
Diatoms,Podon intermedius,1.8e-17,5.88e-05
Eutemora hirundoides,Podon intermedius,6.96e-05,5.88e-05
Gelidium spp.,Tigriopus brevicornis,5.35e-10,5.88e-05
Metridia lucens,Podon intermedius,0.00094371,5.88e-05
Microcalanus pusillis,Podon intermedius,3.21e-05,5.88e-05
Microphytobenthos,Tigriopus brevicornis,5.04e-17,5.88e-05
Bacteria,Zaus spinatus,6.8e-21,8.13e-05
Detritus,Zaus spinatus,-999,8.13e-05
Gelidium spp.,Pseudocalanus elongatus,5.35e-10,8.13e-05
Gelidium spp.,Zaus spinatus,5.35e-10,8.13e-05
Microphytobenthos,Zaus spinatus,5.04e-17,8.13e-05
Oikopleura dioica,Pseudocalanus elongatus,4.01e-05,8.13e-05
Calanus elongatus,Evadne nordmanni,0.00013777,9.39e-05
Calanus helgolandicus,Evadne nordmanni,0.00020998,9.39e-05
Eutemora hirundoides,Evadne nordmanni,6.96e-05,9.39e-05
Gelidium spp.,Evadne nordmanni,5.35e-10,9.39e-05
Metridia lucens,Evadne nordmanni,0.00094371,9.39e-05
Paracalanus parvus,Evadne nordmanni,0.00019044,9.39e-05
Pseudocalanus elongatus,Evadne nordmanni,8.13e-05,9.39e-05
Detritus,Liljeborgia kinahani,-999,0.00013777
Calanus helgolandicus,Paracalanus parvus,0.00020998,0.00019044
Diatoms,Paracalanus parvus,1.8e-17,0.00019044
Microcalanus pusillis,Paracalanus parvus,3.21e-05,0.00019044
Bacteria,Thalestris rufovalescans,6.8e-21,0.00020998
Detritus,Thalestris rufovalescans,-999,0.00020998
Gelidium spp.,Thalestris rufovalescans,5.35e-10,0.00020998
Microphytobenthos,Thalestris rufovalescans,5.04e-17,0.00020998
Microphytobenthos,Janua pagenstecheri,5.04e-17,0.00023053
Centropages typicus,Oithona nana,0.00010758,0.00037
Gelidium spp.,Oithona nana,5.35e-10,0.00037
Acartia clausi,Gitana sarsi,0.00017189,0.00043147
Calanus elongatus,Gitana sarsi,0.00013777,0.00043147
Calanus helgolandicus,Gitana sarsi,0.00020998,0.00043147
Eutemora hirundoides,Gitana sarsi,6.96e-05,0.00043147
Microcalanus pusillis,Gitana sarsi,3.21e-05,0.00043147
Paracalanus parvus,Gitana sarsi,0.00019044,0.00043147
Detritus,Leptocheirus hirsutimanus,-999,0.00073691
Detritus,Leptocheirus pectinatus,-999,0.00073691
Detritus,Orchestia mediterranea,-999,0.00077613
Microphytobenthos,Urothoe elegans,5.04e-17,0.00081642
Gelidium spp.,Metridia lucens,5.35e-10,0.00094371
Oikopleura dioica,Metridia lucens,4.01e-05,0.00094371
Detritus,Orchestia gammarellus,-999,0.00094371
POM,Spirobis cuneatus,-999,0.0010339
Microphytobenthos,Spirobis spirobis,5.04e-17,0.0011285
Bacteria,Hymedesmia paupertas,6.8e-21,0.0011774
Cliona celata,Colomastix pusilla,18.661,0.0011774
Detritus,Leptocheirus tricristatus,-999,0.0011774
Haliclona rosea,Colomastix pusilla,6.3833,0.0011774
Phorbas dives,Colomastix pusilla,0.011827,0.0011774
Phorbas plumosum,Colomastix pusilla,0.9319,0.0011774
Plakortis simplex,Colomastix pusilla,1.9366,0.0011774
Antho involvens,Iphimedia minuta,0.63546,0.0017267
Asparagopsis armata,Apherusa jurinei,0.28161,0.0017267
Ceramium diaphanum,Apherusa jurinei,0.032716,0.0017267
Ceramium rubrum,Apherusa jurinei,0.5051,0.0017267
Cladophora dalmatica,Apherusa jurinei,0.10288,0.0017267
Cliona celata,Iphimedia minuta,18.661,0.0017267
Codium vermilara,Apherusa jurinei,0.62352,0.0017267
Dercitus bucklandi,Iphimedia minuta,0.14823,0.0017267
Dysidea pallescens,Iphimedia minuta,0.0027588,0.0017267
Halichondria bowerbanki,Iphimedia minuta,4.3528,0.0017267
Haliclona angulata,Iphimedia minuta,6.3833,0.0017267
Haliclona cinerea,Iphimedia minuta,1.9366,0.0017267
Haliclona rosea,Iphimedia minuta,6.3833,0.0017267
Haliclona simulans,Iphimedia minuta,6.3833,0.0017267
Hymedesmia paupertas,Iphimedia minuta,0.0011774,0.0017267
Mycale contareni,Iphimedia minuta,18.661,0.0017267
Mycale macilenta,Iphimedia minuta,25.485,0.0017267
Mycale rotalis,Iphimedia minuta,18.661,0.0017267
Myxilla rosacea,Iphimedia minuta,27.366,0.0017267
Nitzschia closterium,Abra alba,9.76e-17,0.0017267
Pachymatisma johnstonia,Iphimedia minuta,0.63546,0.0017267
Phaeophila leptochaete,Apherusa jurinei,0.060571,0.0017267
Phorbas dives,Iphimedia minuta,0.011827,0.0017267
Plakortis simplex,Iphimedia minuta,1.9366,0.0017267
Podosira stelliger,Abra alba,5.8e-16,0.0017267
Prosuberites epiphytum,Iphimedia minuta,1.489,0.0017267
Skeletonema costatum,Abra alba,3.16e-20,0.0017267
Terpios fugax,Iphimedia minuta,0.14823,0.0017267
Thalassiosira,Abra alba,3.03e-18,0.0017267
Detritus,Jassa marmorata,-999,0.0023157
Microphytobenthos,Jassa marmorata,5.04e-17,0.0023157
Detritus,Jassa falcata,-999,0.0023867
Gelidium spp.,Jassa falcata,5.35e-10,0.0023867
Pachymatisma johnstonia,Cerithiopsis tubercularis,0.63546,0.0023867
Terpios fugax,Cerithiopsis tubercularis,0.14823,0.0023867
Gelidium spp.,Microdeutopus chelifer,5.35e-10,0.0025321
Bacteria,Dysidea pallescens,6.8e-21,0.0027588
Asparagopsis armata,Hyale prevostii,0.28161,0.0029956
Feldmannia globifera,Hyale prevostii,0.020359,0.0029956
Fucus vesiculosus,Hyale prevostii,27,0.0029956
Laurencia platycephala,Hyale prevostii,0.011836,0.0029956
Polysiphonia fruticulosa,Hyale prevostii,0.04987,0.0029956
Ulva lactuca,Hyale prevostii,0.28161,0.0029956
Antho involvens,Iphimedia perplexa,0.63546,0.0031592
Dercitus bucklandi,Iphimedia perplexa,0.14823,0.0031592
Dysidea pallescens,Iphimedia perplexa,0.0027588,0.0031592
Halichondria bowerbanki,Iphimedia perplexa,4.3528,0.0031592
Haliclona cinerea,Iphimedia perplexa,1.9366,0.0031592
Hymedesmia paupertas,Iphimedia perplexa,0.0011774,0.0031592
Mycale macilenta,Iphimedia perplexa,25.485,0.0031592
Mycale rotalis,Iphimedia perplexa,18.661,0.0031592
Myxilla rosacea,Iphimedia perplexa,27.366,0.0031592
Pachymatisma johnstonia,Iphimedia perplexa,0.63546,0.0031592
Prosuberites epiphytum,Iphimedia perplexa,1.489,0.0031592
Calanus elongatus,Palaemon serratus,0.00013777,0.0033409
Calanus helgolandicus,Palaemon serratus,0.00020998,0.0033409
Detritus,Palaemon serratus,-999,0.0033409
Eutemora hirundoides,Palaemon serratus,6.96e-05,0.0033409
Gobiusculus flavescens,Palaemon serratus,2.27,0.0033409
Metridia lucens,Palaemon serratus,0.00094371,0.0033409
Microcalanus pusillis,Palaemon serratus,3.21e-05,0.0033409
Paracalanus parvus,Palaemon serratus,0.00019044,0.0033409
Pseudocalanus elongatus,Palaemon serratus,8.13e-05,0.0033409
Ascophyllum,Hyale stebbingi,373.48,0.0034131
Microphytobenthos,Hyale stebbingi,5.04e-17,0.0034131
Bacteria,Littorina neritoides,6.8e-21,0.0040458
Detritus,Callopora auriata,-999,0.0040458
Microphytobenthos,Littorina neritoides,5.04e-17,0.0040458
Gelidium spp.,Hyale perieri,5.35e-10,0.0043342
Acartia clausi,Gammaropsis maculata,0.00017189,0.0050477
Calanus helgolandicus,Gammaropsis maculata,0.00020998,0.0050477
Detritus,Gammarus salinus,-999,0.0050477
Detritus,Melita hergensis,-999,0.0050477
Detritus,Thyasira flexuosa,-999,0.0050477
Detritus,Umbonua ovicellata,-999,0.0050477
Eutemora hirundoides,Gammaropsis maculata,6.96e-05,0.0050477
Gelidium spp.,Gammaropsis maculata,5.35e-10,0.0050477
Metridia lucens,Gammaropsis maculata,0.00094371,0.0050477
Microphytobenthos,Thyasira flexuosa,5.04e-17,0.0050477
Paracalanus parvus,Gammaropsis maculata,0.00019044,0.0050477
Bacteria,Leucosolenia complicata,6.8e-21,0.0050477
Detritus,Ampelisca diadema,-999,0.0061662
Gelidium spp.,Ampelisca diadema,5.35e-10,0.0061662
Acartia clausi,Bougainvillea ramosa,0.00017189,0.0074024
Calanus elongatus,Bougainvillea ramosa,0.00013777,0.0074024
Calanus helgolandicus,Bougainvillea ramosa,0.00020998,0.0074024
Diatoms,Bougainvillea ramosa,1.8e-17,0.0074024
Eutemora hirundoides,Bougainvillea ramosa,6.96e-05,0.0074024
Metridia lucens,Bougainvillea ramosa,0.00094371,0.0074024
POM,Bougainvillea ramosa,-999,0.0074024
Paracalanus parvus,Bougainvillea ramosa,0.00019044,0.0074024
Calanus elongatus,Hyperia galba,0.00013777,0.0074024
Calanus helgolandicus,Hyperia galba,0.00020998,0.0074024
Detritus,Celleporella hyalina,-999,0.0074024
Detritus,Electra pilosa,-999,0.0074024
Detritus,Leucothoe lilljeborgi,-999,0.0074024
Eutemora hirundoides,Hyperia galba,6.96e-05,0.0074024
Gelidium spp.,Gammarus insensiblis,5.35e-10,0.0074024
Metridia lucens,Hyperia galba,0.00094371,0.0074024
Microcalanus pusillis,Hyperia galba,3.21e-05,0.0074024
Pagurus bernhardus,Hinia incrassata,0.070086,0.0074024
Paracalanus parvus,Hyperia galba,0.00019044,0.0074024
Pseudocalanus elongatus,Hyperia galba,8.13e-05,0.0074024
Gelidium spp.,Ampelisca brevicornis,5.35e-10,0.0074024
Detritus,Chorizopora brongniartii,-999,0.0077963
Detritus,Callopora lineata,-999,0.0080649
Acartia clausi,Caprella fretensis,0.00017189,0.0087573
Antho involvens,Iphimedia nexa,0.63546,0.0087573
Anthopleura ballii,Dicata odhneri,0.63546,0.0087573
Bougainvillea ramosa,Dicata odhneri,0.0074024,0.0087573
Calanus elongatus,Caprella fretensis,0.00013777,0.0087573
Calanus helgolandicus,Caprella fretensis,0.00020998,0.0087573
Calycella syringa,Dicata odhneri,0.0011285,0.0087573
Cliona celata,Iphimedia nexa,18.661,0.0087573
Corynactis viridis,Dicata odhneri,0.011827,0.0087573
Dercitus bucklandi,Iphimedia nexa,0.14823,0.0087573
Detritus,Caprella acanthifera,-999,0.0087573
Dysidea pallescens,Iphimedia nexa,0.0027588,0.0087573
Fritillaria borealis,Caprella fretensis,0.092772,0.0087573
Halichondria bowerbanki,Iphimedia nexa,4.3528,0.0087573
Haliclona angulata,Iphimedia nexa,6.3833,0.0087573
Haliclona cinerea,Iphimedia nexa,1.9366,0.0087573
Hymedesmia paupertas,Iphimedia nexa,0.0011774,0.0087573
Leucosolenia complicata,Iphimedia nexa,0.0050477,0.0087573
Lovenella producta,Dicata odhneri,3.21e-05,0.0087573
Metridia lucens,Caprella fretensis,0.00094371,0.0087573
Metridium senile,Dicata odhneri,3.0182,0.0087573
Microphytobenthos,Caprella acanthifera,5.04e-17,0.0087573
Mycale macilenta,Iphimedia nexa,25.485,0.0087573
Mycale rotalis,Iphimedia nexa,18.661,0.0087573
Myxilla rosacea,Iphimedia nexa,27.366,0.0087573
Obelia geniculata,Dicata odhneri,0.14823,0.0087573
Pachymatisma johnstonia,Iphimedia nexa,0.63546,0.0087573
Phorbas plumosum,Iphimedia nexa,0.9319,0.0087573
Plakortis simplex,Iphimedia nexa,1.9366,0.0087573
Plumularia setacea,Dicata odhneri,0.30047,0.0087573
Prosuberites epiphytum,Iphimedia nexa,1.489,0.0087573
Terpios fugax,Iphimedia nexa,0.14823,0.0087573
Detritus,Scrupocellaria reptans,-999,0.0093328
Detritus,Callopora dumerlii,-999,0.0099274
Bacteria,Littorina saxatilis,6.8e-21,0.010232
Detritus,Pagurus prideauxi,-999,0.010232
Microphytobenthos,Littorina saxatilis,5.04e-17,0.010232
Nitzschia closterium,Chthamalus stellatus,9.76e-17,0.010232
Phaeocystis pouchetii,Chthamalus stellatus,4.37e-19,0.010232
Podosira stelliger,Chthamalus stellatus,5.8e-16,0.010232
Skeletonema costatum,Chthamalus stellatus,3.16e-20,0.010232
Thalassiosira,Chthamalus stellatus,3.03e-18,0.010232
Asparagopsis armata,Gammarellus angulosus,0.28161,0.011827
Bacteria,Littorina obtusata,6.8e-21,0.011827
Bacteria,Phorbas dives,6.8e-21,0.011827
Cladophora albida,Gammarellus angulosus,0.020359,0.011827
Codium fragile,Gammarellus angulosus,0.83786,0.011827
Detritus,Asterina phylactica,-999,0.011827
Detritus,Circeis armoricana,-999,0.011827
Escharella variolosa,Coryphella pedata,0.043865,0.011827
Fucus vesiculosus,Gammarellus angulosus,27,0.011827
Gelidium spp.,Corynactis viridis,5.35e-10,0.011827
Laurencia platycephala,Gammarellus angulosus,0.011836,0.011827
Metridia lucens,Gammarellus angulosus,0.00094371,0.011827
Microphytobenthos,Circeis armoricana,5.04e-17,0.011827
Microphytobenthos,Littorina obtusata,5.04e-17,0.011827
Paracalanus parvus,Gammarellus angulosus,0.00019044,0.011827
Polysiphonia fruticulosa,Gammarellus angulosus,0.04987,0.011827
Stilophora rhizodes,Gammarellus angulosus,0.072874,0.011827
Nitzschia closterium,Oithona helgolandica,9.76e-17,0.012329
Podosira stelliger,Oithona helgolandica,5.8e-16,0.012329
Skeletonema costatum,Oithona helgolandica,3.16e-20,0.012329
Thalassiosira,Oithona helgolandica,3.03e-18,0.012329
Detritus,Melita palmata,-999,0.013544
Microphytobenthos,Melita palmata,5.04e-17,0.013544
Electra pilosa,Adalaria proximata,0.0074024,0.015383
Detritus,Menmbraiporella nitida,-999,0.017345
Nitzschia closterium,Corophium acutum,9.76e-17,0.017345
Phaeocystis pouchetii,Corophium acutum,4.37e-19,0.017345
Skeletonema costatum,Corophium acutum,3.16e-20,0.017345
Detritus,Cribrilina punctata,-999,0.021188
Calanus elongatus,Caryophyllia smithii,0.00013777,0.02164
Calanus helgolandicus,Caryophyllia smithii,0.00020998,0.02164
Ceramium rubrum,Helcion pellucidum,0.5051,0.02164
Cerastoderma edule,Lepsiella albomarginata,0.050704,0.02164
Chaetomorpha linum,Helcion pellucidum,0.28161,0.02164
Codium vermilara,Helcion pellucidum,0.62352,0.02164
Ectocarpus confervoides,Helcion pellucidum,0.020359,0.02164
Eutemora hirundoides,Caryophyllia smithii,6.96e-05,0.02164
Feldmannia globifera,Helcion pellucidum,0.020359,0.02164
Fucus vesiculosus,Helcion pellucidum,27,0.02164
Gelidium spp.,Caryophyllia smithii,5.35e-10,0.02164
Jania rubens,Helcion pellucidum,2.29e-05,0.02164
Laurencia platycephala,Helcion pellucidum,0.011836,0.02164
Littorina littorea,Lepsiella albomarginata,0.050704,0.02164
Littorina neritoides,Lepsiella albomarginata,0.0040458,0.02164
Littorina obtusata,Lepsiella albomarginata,0.011827,0.02164
Littorina saxatilis,Lepsiella albomarginata,0.010232,0.02164
Metridia lucens,Caryophyllia smithii,0.00094371,0.02164
Microcalanus pusillis,Caryophyllia smithii,3.21e-05,0.02164
Paracalanus parvus,Caryophyllia smithii,0.00019044,0.02164
Pecten maximus,Lepsiella albomarginata,1.1025,0.02164
Polysiphonia fruticulosa,Helcion pellucidum,0.04987,0.02164
Pseudocalanus elongatus,Caryophyllia smithii,8.13e-05,0.02164
Stilophora rhizodes,Helcion pellucidum,0.072874,0.02164
Electra pilosa,Limacia clavigeria,0.0074024,0.02164
Detritus,Callophora rylandi,-999,0.023975
Detritus,Smittoidea amplissima,-999,0.023975
Detritus,Cribrilina cryptooecium,-999,0.024944
Calanus helgolandicus,Caprella linearis,0.00020998,0.026435
Microcalanus pusillis,Caprella linearis,3.21e-05,0.026435
Oithona nana,Caprella linearis,0.00037,0.026435
Paracentrotus lividus,Xantho incisus,0.26729,0.026435
Acartia clausi,Caprella penantis,0.00017189,0.029021
Calanus helgolandicus,Caprella penantis,0.00020998,0.029021
Eutemora hirundoides,Caprella penantis,6.96e-05,0.029021
Microcalanus pusillis,Caprella penantis,3.21e-05,0.029021
Paracalanus parvus,Caprella penantis,0.00019044,0.029021
Bacteria,Botryllus schlosseri,6.8e-21,0.031735
Microphytobenthos,Botryllus schlosseri,5.04e-17,0.031735
Calanus elongatus,Semibalanus balanoides,0.00013777,0.034575
Calanus helgolandicus,Semibalanus balanoides,0.00020998,0.034575
Detritus,Crisia denticula,-999,0.034575
Detritus,Podocerus variegatus,-999,0.034575
Escharella variolosa,Coryphella pellucida,0.043865,0.034575
Eutemora hirundoides,Semibalanus balanoides,6.96e-05,0.034575
Gelidium spp.,Coryphella pellucida,5.35e-10,0.034575
Metridia lucens,Semibalanus balanoides,0.00094371,0.034575
Microcalanus pusillis,Semibalanus balanoides,3.21e-05,0.034575
Microphytobenthos,Phtisica marina,5.04e-17,0.034575
Microphytobenthos,Pseudoprotella phasma,5.04e-17,0.034575
Paracalanus parvus,Semibalanus balanoides,0.00019044,0.034575
Pseudocalanus elongatus,Semibalanus balanoides,8.13e-05,0.034575
Turbularia indivisa,Coryphella pellucida,1.489,0.034575
Detritus,Escharella variolosa,-999,0.043865
Bacteria,Lissoclinum perforatum,6.8e-21,0.050704
Fish eggs/larvae,Cerastoderma edule,0.00023,0.050704
Microphytobenthos,Lissoclinum perforatum,5.04e-17,0.050704
POM,Cerastoderma edule,-999,0.050704
Phaeocystis pouchetii,Cerastoderma edule,4.37e-19,0.050704
Podosira stelliger,Cerastoderma edule,5.8e-16,0.050704
Skeletonema costatum,Cerastoderma edule,3.16e-20,0.050704
Thalassiosira,Cerastoderma edule,3.03e-18,0.050704
Ascophyllum,Littorina littorea,373.48,0.050704
Asparagopsis armata,Liocarcinus arcuatus,0.28161,0.050704
Ceramium rubrum,Littorina littorea,0.5051,0.050704
Cladophora dalmatica,Littorina littorea,0.10288,0.050704
Diatoms,Glycimeris glycimeris,1.8e-17,0.050704
Ectocarpus confervoides,Littorina littorea,0.020359,0.050704
Enteromorpha compressa,Liocarcinus arcuatus,0.28161,0.050704
Evadne nordmanni,Liocarcinus arcuatus,9.39e-05,0.050704
Gelidium spp.,Patella vulgata,5.35e-10,0.050704
Himanthalia lorea,Liocarcinus arcuatus,0.020359,0.050704
Microphytobenthos,Patella vulgata,5.04e-17,0.050704
Microphytobenthos,Philine aperta,5.04e-17,0.050704
POM,Glycimeris glycimeris,-999,0.050704
Bacteria,Botrylloides leachii,6.8e-21,0.054319
Microphytobenthos,Botrylloides leachii,5.04e-17,0.054319
Detritus,Schizoporella unicornis,-999,0.054319
Anomia ephippium,Carcinus maenas,0.21737,0.059727
Asterias rubens,Carcinus maenas,3.0182,0.059727
Asterina gibbosa,Carcinus maenas,0.14823,0.059727
Asterina phylactica,Carcinus maenas,0.011827,0.059727
Chthamalus stellatus,Carcinus maenas,0.010232,0.059727
Henricia oculata,Carcinus maenas,0.77627,0.059727
Luidia ciliaris,Carcinus maenas,6.3833,0.059727
Marthasterias glacialis,Carcinus maenas,0.27284,0.059727
Semibalanus balanoides,Carcinus maenas,0.034575,0.059727
Detritus,Pagurus bernhardus,-999,0.070086
Chthamalus stellatus,Necora puber,0.010232,0.080569
Liocarcinus depurator,Necora puber,0.63546,0.080569
Littorina littorea,Necora puber,0.050704,0.080569
Marthasterias glacialis,Necora puber,0.27284,0.080569
Acartia clausi,Anemonia sulcata,0.00017189,0.092772
Calanus elongatus,Anemonia sulcata,0.00013777,0.092772
Calanus helgolandicus,Anemonia sulcata,0.00020998,0.092772
Eutemora hirundoides,Anemonia sulcata,6.96e-05,0.092772
Gobiusculus flavescens,Anemonia sulcata,2.27,0.092772
Metridia lucens,Anemonia sulcata,0.00094371,0.092772
Microcalanus pusillis,Anemonia sulcata,3.21e-05,0.092772
Palaemon serratus,Anemonia sulcata,0.0033409,0.092772
Elminius modestus,Onchidoris bilamellata,0.011827,0.092772
Semibalanus balanoides,Onchidoris bilamellata,0.034575,0.092772
Verruca stroemia,Onchidoris bilamellata,0.0031592,0.092772
Elminius modestus,Liocarcinus corrugatus,0.011827,0.10799
Fish eggs/larvae,Liocarcinus corrugatus,0.00023,0.10799
Hediste diversicolor,Liocarcinus corrugatus,2.7243,0.10799
Microphytobenthos,Liocarcinus corrugatus,5.04e-17,0.10799
Palaemon serratus,Liocarcinus corrugatus,0.0033409,0.10799
Semibalanus balanoides,Liocarcinus corrugatus,0.034575,0.10799
Verruca stroemia,Liocarcinus corrugatus,0.0031592,0.10799
Menmbraiporella nitida,Polycera quadrilineata,0.017345,0.11881
Akera bullata,Ocenebra erinacea,0.18107,0.14823
Asterina phylactica,Asterina gibbosa,0.011827,0.14823
Bacteria,Dercitus bucklandi,6.8e-21,0.14823
Bacteria,Terpios fugax,6.8e-21,0.14823
Bonnemaisonia hamifera,Asterina gibbosa,0.5051,0.14823
Ceramium rubrum,Asterina gibbosa,0.5051,0.14823
Chthamalus stellatus,Ocenebra erinacea,0.010232,0.14823
Cladophora dalmatica,Asterina gibbosa,0.10288,0.14823
Cladophora rupestris,Asterina gibbosa,0.0043789,0.14823
Detritus,Lepidonotos squamatus,-999,0.14823
Fucus vesiculosus,Asterina gibbosa,27,0.14823
Gobiusculus flavescens,Asterina gibbosa,2.27,0.14823
Laurencia platycephala,Asterina gibbosa,0.011836,0.14823
Littorina littorea,Asterina gibbosa,0.050704,0.14823
Littorina littorea,Ocenebra erinacea,0.050704,0.14823
Patella vulgata,Ocenebra erinacea,0.050704,0.14823
Pecten maximus,Ocenebra erinacea,1.1025,0.14823
Polysiphonia fruticulosa,Asterina gibbosa,0.04987,0.14823
Asparagopsis armata,Akera bullata,0.28161,0.18107
Enteromorpha clathrata,Akera bullata,1.008,0.18107
Enteromorpha intestinalis,Akera bullata,0.31888,0.18107
Fucus vesiculosus,Akera bullata,27,0.18107
Laurencia platycephala,Akera bullata,0.011836,0.18107
Polysiphonia fruticulosa,Akera bullata,0.04987,0.18107
Nitzschia closterium,Anomia ephippium,9.76e-17,0.21737
POM,Anomia ephippium,-999,0.21737
Phaeocystis pouchetii,Anomia ephippium,4.37e-19,0.21737
Podosira stelliger,Anomia ephippium,5.8e-16,0.21737
Thalassiosira,Anomia ephippium,3.03e-18,0.21737
Botryllus schlosseri,Hyas coarctatus,0.031735,0.22505
Echinocardium cordatum,Hyas coarctatus,0.25716,0.22505
Echinus esculentus,Hyas coarctatus,0.63546,0.22505
Lissoclinum perforatum,Hyas coarctatus,0.050704,0.22505
Lumbrinereis,Hyas coarctatus,3.0182,0.22505
Nereis virens,Hyas coarctatus,0.37713,0.22505
Paracentrotus lividus,Hyas coarctatus,0.26729,0.22505
Psammechinus miliaris,Hyas coarctatus,0.63546,0.22505
Detritus,Echinocardium cordatum,-999,0.25716
Detritus,Galathea squamifera,-999,0.25716
Detritus,Mytilus galloprovincialis,-999,0.25716
Microphytobenthos,Mytilus galloprovincialis,5.04e-17,0.25716
Asparagopsis armata,Paracentrotus lividus,0.28161,0.26729
Enteromorpha intestinalis,Paracentrotus lividus,0.31888,0.26729
Polysiphonia urceolata,Paracentrotus lividus,0.020359,0.26729
Akera bullata,Marthasterias glacialis,0.18107,0.27284
Anomia ephippium,Marthasterias glacialis,0.21737,0.27284
Carcinus maenas,Marthasterias glacialis,0.059727,0.27284
Gobiusculus flavescens,Marthasterias glacialis,2.27,0.27284
Limacia clavigeria,Marthasterias glacialis,0.02164,0.27284
Littorina littorea,Marthasterias glacialis,0.050704,0.27284
Polycera quadrilineata,Marthasterias glacialis,0.11881,0.27284
Semibalanus balanoides,Marthasterias glacialis,0.034575,0.27284
Venus striatula,Marthasterias glacialis,0.092772,0.27284
Fucus serratus,Crangon crangon,27,0.28272
Fucus vesiculosus,Crangon crangon,27,0.28272
Laurencia platycephala,Crangon crangon,0.011836,0.28272
Palaemon serratus,Crangon crangon,0.0033409,0.28272
Polysiphonia fruticulosa,Crangon crangon,0.04987,0.28272
Detritus,Eumida sanguinea,-999,0.30047
Escharella variolosa,Acanthodoris pilosa,0.043865,0.30047
Gelidium spp.,Acanthodoris pilosa,5.35e-10,0.30047
Microphytobenthos,Eumida sanguinea,5.04e-17,0.30047
Carcinus maenas,Nereis virens,0.059727,0.37713
Detritus,Nereis virens,-999,0.37713
Gobiusculus flavescens,Nereis virens,2.27,0.37713
Limacia clavigeria,Nereis virens,0.02164,0.37713
Littorina littorea,Nereis virens,0.050704,0.37713
Asterias rubens,Cancer pagurus,3.0182,0.53339
Echinus esculentus,Cancer pagurus,0.63546,0.53339
Semibalanus balanoides,Cancer pagurus,0.034575,0.53339
Acartia clausi,Cordylophora caspia,0.00017189,0.63546
Aphrodite aculeata,Liocarcinus depurator,0.63546,0.63546
Asparagopsis armata,Echinus esculentus,0.28161,0.63546
Bacteria,Antho involvens,6.8e-21,0.63546
Bacteria,Pachymatisma johnstonia,6.8e-21,0.63546
Bugula flabellata,Echinus esculentus,0.63546,0.63546
Calanus helgolandicus,Cordylophora caspia,0.00020998,0.63546
Callophora rylandi,Echinus esculentus,0.023975,0.63546
Callopora auriata,Psammechinus miliaris,0.0040458,0.63546
Callopora craticula,Echinus esculentus,0.00793,0.63546
Callopora dumerlii,Echinus esculentus,0.0099274,0.63546
Callopora lineata,Echinus esculentus,0.0080649,0.63546
Carcinus maenas,Polynoidae,0.059727,0.63546
Caryophyllia smithii,Echinus esculentus,0.02164,0.63546
Celleporella hyalina,Echinus esculentus,0.0074024,0.63546
Chorizopora brongniartii,Echinus esculentus,0.0077963,0.63546
Chthamalus stellatus,Echinus esculentus,0.010232,0.63546
Cirratulus cirratus,Aphrodite aculeata,0.9319,0.63546
Cliona celata,Psammechinus miliaris,18.661,0.63546
Codium vermilara,Psammechinus miliaris,0.62352,0.63546
Corynactis viridis,Echinus esculentus,0.011827,0.63546
Cribrilina cryptooecium,Echinus esculentus,0.024944,0.63546
Cribrilina punctata,Echinus esculentus,0.021188,0.63546
Detritus,Polynoidae,-999,0.63546
Escharella variolosa,Echinus esculentus,0.043865,0.63546
Escharella ventricosa,Echinus esculentus,0.054319,0.63546
Eulalia virdis,Aphrodite aculeata,1.489,0.63546
Eulalia virdis,Liocarcinus depurator,1.489,0.63546
Eumida sanguinea,Aphrodite aculeata,0.30047,0.63546
Eutemora hirundoides,Cordylophora caspia,6.96e-05,0.63546
Feldmannia globifera,Psammechinus miliaris,0.020359,0.63546
Filicrisia geniculata,Echinus esculentus,0.02164,0.63546
Fucus vesiculosus,Echinus esculentus,27,0.63546
Gobiusculus flavescens,Anthopleura ballii,2.27,0.63546
Gobiusculus flavescens,Liocarcinus depurator,2.27,0.63546
Gobiusculus flavescens,Polynoidae,2.27,0.63546
Haliclona angulata,Psammechinus miliaris,6.3833,0.63546
Hediste diversicolor,Aphrodite aculeata,2.7243,0.63546
Janua pagenstecheri,Aphrodite aculeata,0.00023053,0.63546
Lanice conchilega,Aphrodite aculeata,4.3528,0.63546
Laurencia platycephala,Echinus esculentus,0.011836,0.63546
Lepidonotos squamatus,Polynoidae,0.14823,0.63546
Limacia clavigeria,Polynoidae,0.02164,0.63546
Littorina littorea,Polynoidae,0.050704,0.63546
Lumbrinereis,Aphrodite aculeata,3.0182,0.63546
Lumbrinereis,Liocarcinus depurator,3.0182,0.63546
Menmbraiporella nitida,Echinus esculentus,0.017345,0.63546
Metridia lucens,Cordylophora caspia,0.00094371,0.63546
Microphytobenthos,Polynoidae,5.04e-17,0.63546
Nereis virens,Aphrodite aculeata,0.37713,0.63546
Nereis virens,Liocarcinus depurator,0.37713,0.63546
Ophiothrix fragilis,Liocarcinus depurator,0.77627,0.63546
POM,Cordylophora caspia,-999,0.63546
Pagurus prideauxi,Aphrodite aculeata,0.010232,0.63546
Paracalanus parvus,Cordylophora caspia,0.00019044,0.63546
Pecten maximus,Aphrodite aculeata,1.1025,0.63546
Phorbas plumosum,Psammechinus miliaris,0.9319,0.63546
Polynoidae,Aphrodite aculeata,0.63546,0.63546
Polysiphonia fruticulosa,Echinus esculentus,0.04987,0.63546
Sabellidae,Aphrodite aculeata,0.63546,0.63546
Sabellidae,Liocarcinus depurator,0.63546,0.63546
Scrupocellaria reptans,Echinus esculentus,0.0093328,0.63546
Semibalanus balanoides,Echinus esculentus,0.034575,0.63546
Semibalanus balanoides,Psammechinus miliaris,0.034575,0.63546
Smittoidea amplissima,Echinus esculentus,0.023975,0.63546
Spirobis cuneatus,Aphrodite aculeata,0.0010339,0.63546
Spirobis cuneatus,Liocarcinus depurator,0.0010339,0.63546
Stilophora rhizodes,Psammechinus miliaris,0.072874,0.63546
Umbonua ovicellata,Echinus esculentus,0.0050477,0.63546
Botryllus schlosseri,Hyas araneus,0.031735,0.70402
Cirratulus cirratus,Hyas araneus,0.9319,0.70402
Detritus,Hyas araneus,-999,0.70402
Echinocardium cordatum,Hyas araneus,0.25716,0.70402
Echinus esculentus,Hyas araneus,0.63546,0.70402
Lissoclinum perforatum,Hyas araneus,0.050704,0.70402
Lumbrinereis,Hyas araneus,3.0182,0.70402
Nereis virens,Hyas araneus,0.37713,0.70402
Paracentrotus lividus,Hyas araneus,0.26729,0.70402
Polynoidae,Hyas araneus,0.63546,0.70402
Psammechinus miliaris,Hyas araneus,0.63546,0.70402
Antho involvens,Henricia oculata,0.63546,0.77627
Calanus elongatus,Mytilus edulis,0.00013777,0.77627
Calanus helgolandicus,Mytilus edulis,0.00020998,0.77627
Cliona celata,Henricia oculata,18.661,0.77627
Dercitus bucklandi,Henricia oculata,0.14823,0.77627
Detritus,Henricia oculata,-999,0.77627
Diosaccuss tenuicornis,Mytilus edulis,2.51e-05,0.77627
Dysidea pallescens,Henricia oculata,0.0027588,0.77627
Halichondria bowerbanki,Henricia oculata,4.3528,0.77627
Haliclona angulata,Henricia oculata,6.3833,0.77627
Haliclona cinerea,Henricia oculata,1.9366,0.77627
Haliclona rosea,Henricia oculata,6.3833,0.77627
Haliclona simulans,Henricia oculata,6.3833,0.77627
Hymedesmia paupertas,Henricia oculata,0.0011774,0.77627
Leucosolenia complicata,Henricia oculata,0.0050477,0.77627
Metridia lucens,Mytilus edulis,0.00094371,0.77627
Microphytobenthos,Mytilus edulis,5.04e-17,0.77627
Mycale macilenta,Henricia oculata,25.485,0.77627
Mycale rotalis,Henricia oculata,18.661,0.77627
Myxilla rosacea,Henricia oculata,27.366,0.77627
Pachymatisma johnstonia,Henricia oculata,0.63546,0.77627
Palaemon serratus,Mytilus edulis,0.0033409,0.77627
Phaeocystis pouchetii,Mytilus edulis,4.37e-19,0.77627
Phaeocystis pouchetii,Ophiothrix fragilis,4.37e-19,0.77627
Phorbas dives,Henricia oculata,0.011827,0.77627
Phorbas plumosum,Henricia oculata,0.9319,0.77627
Podon intermedius,Mytilus edulis,5.88e-05,0.77627
Podosira stelliger,Mytilus edulis,5.8e-16,0.77627
Podosira stelliger,Ophiothrix fragilis,5.8e-16,0.77627
Prosuberites epiphytum,Henricia oculata,1.489,0.77627
Skeletonema costatum,Mytilus edulis,3.16e-20,0.77627
Skeletonema costatum,Ophiothrix fragilis,3.16e-20,0.77627
Thalassiosira,Mytilus edulis,3.03e-18,0.77627
Thalassiosira,Ophiothrix fragilis,3.03e-18,0.77627
Thalestris rufovalescans,Mytilus edulis,0.00020998,0.77627
Tigriopus brevicornis,Mytilus edulis,5.88e-05,0.77627
Tigriopus californicus,Mytilus edulis,4.9e-05,0.77627
Turbularia indivisa,Henricia oculata,1.489,0.77627
Zaus spinatus,Mytilus edulis,8.13e-05,0.77627
Detritus,Cirratulus cirratus,-999,0.9319
Microphytobenthos,Cirratulus cirratus,5.04e-17,0.9319
Bacteria,Phorbas plumosum,6.8e-21,0.9319
Ceramium rubrum,Galathea strigosa,0.5051,0.9319
Chaetomorpha linum,Galathea strigosa,0.28161,0.9319
Fucus vesiculosus,Galathea strigosa,27,0.9319
Haliclona cinerea,Archidoris pseudoargus,1.9366,0.9319
Hymedesmia paupertas,Archidoris pseudoargus,0.0011774,0.9319
Jania rubens,Galathea strigosa,2.29e-05,0.9319
Laurencia platycephala,Galathea strigosa,0.011836,0.9319
Lumbrinereis,Galathea strigosa,3.0182,0.9319
Polysiphonia fruticulosa,Galathea strigosa,0.04987,0.9319
Spirobis cuneatus,Galathea strigosa,0.0010339,0.9319
Acartia clausi,Aphia minuta,0.00017189,1.08
Calanus elongatus,Aphia minuta,0.00013777,1.08
Calanus elongatus,Crystallogobius linearis,0.00013777,1.08
Calanus helgolandicus,Crystallogobius linearis,0.00020998,1.08
Centropages typicus,Aphia minuta,0.00010758,1.08
Elminius modestus,Aphia minuta,0.011827,1.08
Eutemora hirundoides,Crystallogobius linearis,6.96e-05,1.08
Metridia lucens,Aphia minuta,0.00094371,1.08
Metridia lucens,Crystallogobius linearis,0.00094371,1.08
Microcalanus pusillis,Crystallogobius linearis,3.21e-05,1.08
Paracalanus parvus,Crystallogobius linearis,0.00019044,1.08
Pseudocalanus elongatus,Crystallogobius linearis,8.13e-05,1.08
Semibalanus balanoides,Aphia minuta,0.034575,1.08
Verruca stroemia,Aphia minuta,0.0031592,1.08
Bacteria,Pecten maximus,6.8e-21,1.1025
Nitzschia closterium,Pecten maximus,9.76e-17,1.1025
Phaeocystis pouchetii,Pecten maximus,4.37e-19,1.1025
Podosira stelliger,Pecten maximus,5.8e-16,1.1025
Skeletonema costatum,Pecten maximus,3.16e-20,1.1025
Thalassiosira,Pecten maximus,3.03e-18,1.1025
Calanus elongatus,Turbularia indivisa,0.00013777,1.489
Calanus helgolandicus,Turbularia indivisa,0.00020998,1.489
Detritus,Eulalia virdis,-999,1.489
Eutemora hirundoides,Turbularia indivisa,6.96e-05,1.489
Metridia lucens,Turbularia indivisa,0.00094371,1.489
Microcalanus pusillis,Turbularia indivisa,3.21e-05,1.489
Microphytobenthos,Eulalia virdis,5.04e-17,1.489
Nitzschia closterium,Aslia lefevrei,9.76e-17,1.489
Paracalanus parvus,Turbularia indivisa,0.00019044,1.489
Phaeocystis pouchetii,Aslia lefevrei,4.37e-19,1.489
Podosira stelliger,Aslia lefevrei,5.8e-16,1.489
Pseudocalanus elongatus,Turbularia indivisa,8.13e-05,1.489
Skeletonema costatum,Aslia lefevrei,3.16e-20,1.489
Thalassiosira,Aslia lefevrei,3.03e-18,1.489
Bacteria,Prosuberites epiphytum,6.8e-21,1.489
Calanus elongatus,Pandalus montagui,0.00013777,1.7051
Calanus helgolandicus,Pandalus montagui,0.00020998,1.7051
Diosaccuss tenuicornis,Pandalus montagui,2.51e-05,1.7051
Eutemora hirundoides,Pandalus montagui,6.96e-05,1.7051
Fritillaria borealis,Pandalus montagui,0.092772,1.7051
Metridia lucens,Pandalus montagui,0.00094371,1.7051
Microcalanus pusillis,Pandalus montagui,3.21e-05,1.7051
Oikopleura dioica,Pandalus montagui,4.01e-05,1.7051
Oithona helgolandica,Pandalus montagui,0.012329,1.7051
Oithona nana,Pandalus montagui,0.00037,1.7051
Podon intermedius,Pandalus montagui,5.88e-05,1.7051
Thalestris rufovalescans,Pandalus montagui,0.00020998,1.7051
Tigriopus brevicornis,Pandalus montagui,5.88e-05,1.7051
Turbularia indivisa,Pandalus montagui,1.489,1.7051
Zaus spinatus,Pandalus montagui,8.13e-05,1.7051
Bacteria,Haliclona cinerea,6.8e-21,1.9366
Bacteria,Plakortis simplex,6.8e-21,1.9366
Acartia clausi,Gobiusculus flavescens,0.00017189,2.27
Eutemora hirundoides,Gobiusculus flavescens,6.96e-05,2.27
Metridia lucens,Gobiusculus flavescens,0.00094371,2.27
Microcalanus pusillis,Gobiusculus flavescens,3.21e-05,2.27
Tigriopus brevicornis,Gobiusculus flavescens,5.88e-05,2.27
Tigriopus californicus,Gobiusculus flavescens,4.9e-05,2.27
Calanus elongatus,Syngnathus rostellatus,0.00013777,2.69
Eutemora hirundoides,Syngnathus rostellatus,6.96e-05,2.69
Microcalanus pusillis,Syngnathus rostellatus,3.21e-05,2.69
Antho involvens,Maja squinado,0.63546,2.7243
Asterina phylactica,Maja squinado,0.011827,2.7243
Chaetomorpha linum,Maja squinado,0.28161,2.7243
Codium fragile,Maja squinado,0.83786,2.7243
Dercitus bucklandi,Maja squinado,0.14823,2.7243
Dysidea pallescens,Maja squinado,0.0027588,2.7243
Ectocarpus siliculosus,Maja squinado,0.28161,2.7243
Enteromorpha intestinalis,Maja squinado,0.31888,2.7243
Feldmannia globifera,Maja squinado,0.020359,2.7243
Fucus vesiculosus,Maja squinado,27,2.7243
Halichondria bowerbanki,Maja squinado,4.3528,2.7243
Haliclona cinerea,Maja squinado,1.9366,2.7243
Hymedesmia paupertas,Maja squinado,0.0011774,2.7243
Laurencia platycephala,Maja squinado,0.011836,2.7243
Leucosolenia complicata,Maja squinado,0.0050477,2.7243
Luidia ciliaris,Maja squinado,6.3833,2.7243
Lumbrinereis,Maja squinado,3.0182,2.7243
Mycale macilenta,Maja squinado,25.485,2.7243
Mycale rotalis,Maja squinado,18.661,2.7243
Myxilla rosacea,Maja squinado,27.366,2.7243
Podosira stelliger,Hediste diversicolor,5.8e-16,2.7243
Polysiphonia fruticulosa,Maja squinado,0.04987,2.7243
Polysiphonia urceolata,Maja squinado,0.020359,2.7243
Prosuberites epiphytum,Maja squinado,1.489,2.7243
Skeletonema costatum,Hediste diversicolor,3.16e-20,2.7243
Thalassiosira,Hediste diversicolor,3.03e-18,2.7243
Aphrodite aculeata,Nephrops norvegicus,0.63546,3.0182
Carcinus maenas,Nephrops norvegicus,0.059727,3.0182
Circeis armoricana,Nephrops norvegicus,0.011827,3.0182
Eulalia virdis,Nephrops norvegicus,1.489,3.0182
Gammarellus angulosus,Nephrops norvegicus,0.011827,3.0182
Lepidonotos squamatus,Nephrops norvegicus,0.14823,3.0182
Nereis virens,Nephrops norvegicus,0.37713,3.0182
Palaemon serratus,Nephrops norvegicus,0.0033409,3.0182
Polynoidae,Nephrops norvegicus,0.63546,3.0182
Sabellidae,Nephrops norvegicus,0.63546,3.0182
Abra alba,Asterias rubens,0.0017267,3.0182
Crangon crangon,Asterias rubens,0.28272,3.0182
Elminius modestus,Asterias rubens,0.011827,3.0182
Metridia lucens,Metridium senile,0.00094371,3.0182
Microcalanus pusillis,Metridium senile,3.21e-05,3.0182
Palaemon serratus,Asterias rubens,0.0033409,3.0182
Paracentrotus lividus,Asterias rubens,0.26729,3.0182
Pecten maximus,Asterias rubens,1.1025,3.0182
Verruca stroemia,Asterias rubens,0.0031592,3.0182
Aphrodite aculeata,Lumbrinereis,0.63546,3.0182
Circeis armoricana,Lumbrinereis,0.011827,3.0182
Janua pagenstecheri,Lumbrinereis,0.00023053,3.0182
Nereis virens,Lumbrinereis,0.37713,3.0182
Spirobis cuneatus,Lumbrinereis,0.0010339,3.0182
Ampelisca diadema,Coryphoblennius galerita,0.0061662,3.92
Amphilochus neopolitanus,Coryphoblennius galerita,0.0012274,3.92
Apherusa bispinosa,Coryphoblennius galerita,0.0014938,3.92
Caprella penantis,Coryphoblennius galerita,0.029021,3.92
Cheirocratus sundevalli,Coryphoblennius galerita,4.01e-05,3.92
Colomastix pusilla,Coryphoblennius galerita,0.0011774,3.92
Elminius modestus,Coryphoblennius galerita,0.011827,3.92
Gammarellus angulosus,Coryphoblennius galerita,0.011827,3.92
Gammarus salinus,Coryphoblennius galerita,0.0050477,3.92
Hyale prevostii,Coryphoblennius galerita,0.0029956,3.92
Iphimedia minuta,Coryphoblennius galerita,0.0017267,3.92
Jassa falcata,Coryphoblennius galerita,0.0023867,3.92
Metaphoxus fultoni,Coryphoblennius galerita,0.00069876,3.92
Orchestia gammarellus,Coryphoblennius galerita,0.00094371,3.92
Orchestia mediterranea,Coryphoblennius galerita,0.00077613,3.92
Orchomene humilis,Coryphoblennius galerita,0.0031592,3.92
Parajassa pelagica,Coryphoblennius galerita,0.0011774,3.92
Phtisica marina,Coryphoblennius galerita,0.034575,3.92
Tritaeta gibbosa,Coryphoblennius galerita,0.0061662,3.92
Tryphosella sarsi,Coryphoblennius galerita,0.00034844,3.92
Bacteria,Halichondria bowerbanki,6.8e-21,4.3528
Detritus,Lanice conchilega,-999,4.3528
Microphytobenthos,Lanice conchilega,5.04e-17,4.3528
Calanus elongatus,Hippocampus hippocampus,0.00013777,5.06
Calanus helgolandicus,Hippocampus hippocampus,0.00020998,5.06
Crangon crangon,Hippocampus hippocampus,0.28272,5.06
Diosaccuss tenuicornis,Hippocampus hippocampus,2.51e-05,5.06
Eutemora hirundoides,Hippocampus hippocampus,6.96e-05,5.06
Fish eggs/larvae,Hippocampus hippocampus,0.00023,5.06
Metridia lucens,Hippocampus hippocampus,0.00094371,5.06
Microcalanus pusillis,Hippocampus hippocampus,3.21e-05,5.06
Palaemon serratus,Hippocampus hippocampus,0.0033409,5.06
Paracalanus parvus,Hippocampus hippocampus,0.00019044,5.06
Podon intermedius,Hippocampus hippocampus,5.88e-05,5.06
Pseudocalanus elongatus,Hippocampus hippocampus,8.13e-05,5.06
Thalestris rufovalescans,Hippocampus hippocampus,0.00020998,5.06
Tigriopus californicus,Hippocampus hippocampus,4.9e-05,5.06
Fucus vesiculosus,Gobius couchi,27,5.39
Gammaropsis maculata,Gobius couchi,0.0050477,5.39
Gammarus salinus,Gobius couchi,0.0050477,5.39
Laurencia platycephala,Gobius couchi,0.011836,5.39
Polysiphonia fruticulosa,Gobius couchi,0.04987,5.39
Bacteria,Haliclona angulata,6.8e-21,6.3833
Bacteria,Haliclona rosea,6.8e-21,6.3833
Bacteria,Haliclona simulans,6.8e-21,6.3833
Detritus,Luidia ciliaris,-999,6.3833
Marthasterias glacialis,Luidia ciliaris,0.27284,6.3833
Lumbrinereis,Lepadogaster candolii,3.0182,12.11
Polynoidae,Lepadogaster candolii,0.63546,12.11
Aphrodite aculeata,Callionymus lyra,0.63546,14.78
Cirratulus cirratus,Callionymus lyra,0.9319,14.78
Eulalia virdis,Callionymus lyra,1.489,14.78
Eumida sanguinea,Callionymus lyra,0.30047,14.78
Gammaropsis maculata,Callionymus lyra,0.0050477,14.78
Gammarus insensiblis,Callionymus lyra,0.0074024,14.78
Gammarus salinus,Callionymus lyra,0.0050477,14.78
Hediste diversicolor,Callionymus lyra,2.7243,14.78
Janua pagenstecheri,Callionymus lyra,0.00023053,14.78
Lanice conchilega,Callionymus lyra,4.3528,14.78
Lumbrinereis,Callionymus lyra,3.0182,14.78
Nereis virens,Callionymus lyra,0.37713,14.78
Polynoidae,Callionymus lyra,0.63546,14.78
Sabellidae,Callionymus lyra,0.63546,14.78
Spirobis cuneatus,Callionymus lyra,0.0010339,14.78
Asterina phylactica,Homarus gammarus,0.011827,18.661
Bacteria,Cliona celata,6.8e-21,18.661
Bacteria,Mycale contareni,6.8e-21,18.661
Bacteria,Mycale rotalis,6.8e-21,18.661
Carcinus maenas,Homarus gammarus,0.059727,18.661
Chthamalus stellatus,Homarus gammarus,0.010232,18.661
Luidia ciliaris,Homarus gammarus,6.3833,18.661
Aphrodite aculeata,Lesueurigobius friesii,0.63546,21.4
Cirratulus cirratus,Lesueurigobius friesii,0.9319,21.4
Eulalia virdis,Lesueurigobius friesii,1.489,21.4
Eumida sanguinea,Lesueurigobius friesii,0.30047,21.4
Hediste diversicolor,Lesueurigobius friesii,2.7243,21.4
Janua pagenstecheri,Lesueurigobius friesii,0.00023053,21.4
Lanice conchilega,Lesueurigobius friesii,4.3528,21.4
Lumbrinereis,Lesueurigobius friesii,3.0182,21.4
Nereis virens,Lesueurigobius friesii,0.37713,21.4
Polynoidae,Lesueurigobius friesii,0.63546,21.4
Sabellidae,Lesueurigobius friesii,0.63546,21.4
Spirobis cuneatus,Lesueurigobius friesii,0.0010339,21.4
Acartia clausi,Spinachia spinachia,0.00017189,22.36
Crangon crangon,Spinachia spinachia,0.28272,22.36
Eutemora hirundoides,Spinachia spinachia,6.96e-05,22.36
Fish eggs/larvae,Spinachia spinachia,0.00023,22.36
Metridia lucens,Spinachia spinachia,0.00094371,22.36
Microcalanus pusillis,Spinachia spinachia,3.21e-05,22.36
Palaemon serratus,Spinachia spinachia,0.0033409,22.36
Podon intermedius,Spinachia spinachia,5.88e-05,22.36
Carcinus maenas,Gobius paganellus,0.059727,23.06
Gammaropsis maculata,Gobius paganellus,0.0050477,23.06
Lumbrinereis,Gobius paganellus,3.0182,23.06
Polynoidae,Gobius paganellus,0.63546,23.06
Bonnemaisonia hamifera,Thorogobius ephippiatus,0.5051,23.56
Ceramium diaphanum,Thorogobius ephippiatus,0.032716,23.56
Ceramium rubrum,Thorogobius ephippiatus,0.5051,23.56
Chaetomorpha linum,Thorogobius ephippiatus,0.28161,23.56
Cladophora dalmatica,Thorogobius ephippiatus,0.10288,23.56
Dictyota dichotoma,Thorogobius ephippiatus,0.28161,23.56
Enteromorpha clathrata,Thorogobius ephippiatus,1.008,23.56
Fucus vesiculosus,Thorogobius ephippiatus,27,23.56
Gammaropsis maculata,Thorogobius ephippiatus,0.0050477,23.56
Jania rubens,Thorogobius ephippiatus,2.29e-05,23.56
Janua pagenstecheri,Thorogobius ephippiatus,0.00023053,23.56
Lanice conchilega,Thorogobius ephippiatus,4.3528,23.56
Laurencia platycephala,Thorogobius ephippiatus,0.011836,23.56
Lumbrinereis,Thorogobius ephippiatus,3.0182,23.56
Polynoidae,Thorogobius ephippiatus,0.63546,23.56
Polysiphonia fruticulosa,Thorogobius ephippiatus,0.04987,23.56
Thalestris rufovalescans,Thorogobius ephippiatus,0.00020998,23.56
Bacteria,Mycale macilenta,6.8e-21,25.485
Aphia minuta,Phrynorhombus norvegicus,1.08,27.29
Aphrodite aculeata,Phrynorhombus norvegicus,0.63546,27.29
Cirratulus cirratus,Phrynorhombus norvegicus,0.9319,27.29
Crystallogobius linearis,Phrynorhombus norvegicus,1.08,27.29
Eulalia virdis,Phrynorhombus norvegicus,1.489,27.29
Eumida sanguinea,Phrynorhombus norvegicus,0.30047,27.29
Gobius couchi,Phrynorhombus norvegicus,5.39,27.29
Gobius cruentatus,Phrynorhombus norvegicus,70.19,27.29
Gobius niger,Phrynorhombus norvegicus,78.15,27.29
Gobius paganellus,Phrynorhombus norvegicus,23.06,27.29
Gobiusculus flavescens,Phrynorhombus norvegicus,2.27,27.29
Hediste diversicolor,Phrynorhombus norvegicus,2.7243,27.29
Janua pagenstecheri,Phrynorhombus norvegicus,0.00023053,27.29
Lanice conchilega,Phrynorhombus norvegicus,4.3528,27.29
Lesueurigobius friesii,Phrynorhombus norvegicus,21.4,27.29
Lumbrinereis,Phrynorhombus norvegicus,3.0182,27.29
Nereis virens,Phrynorhombus norvegicus,0.37713,27.29
Polynoidae,Phrynorhombus norvegicus,0.63546,27.29
Sabellidae,Phrynorhombus norvegicus,0.63546,27.29
Spirobis cuneatus,Phrynorhombus norvegicus,0.0010339,27.29
Thorogobius ephippiatus,Phrynorhombus norvegicus,23.56,27.29
Bacteria,Myxilla rosacea,6.8e-21,27.366
Calanus elongatus,Sprattus sprattus,0.00013777,33.63
Calanus helgolandicus,Sprattus sprattus,0.00020998,33.63
Centropages typicus,Sprattus sprattus,0.00010758,33.63
Eutemora hirundoides,Sprattus sprattus,6.96e-05,33.63
Evadne nordmanni,Sprattus sprattus,9.39e-05,33.63
Fish eggs/larvae,Sprattus sprattus,0.00023,33.63
Metridia lucens,Sprattus sprattus,0.00094371,33.63
Microcalanus pusillis,Sprattus sprattus,3.21e-05,33.63
Palaemon serratus,Sprattus sprattus,0.0033409,33.63
Paracalanus parvus,Sprattus sprattus,0.00019044,33.63
Podon intermedius,Sprattus sprattus,5.88e-05,33.63
Pseudocalanus elongatus,Sprattus sprattus,8.13e-05,33.63
Ampelisca diadema,Cepola macrophthalma,0.0061662,34.32
Amphilochus neopolitanus,Cepola macrophthalma,0.0012274,34.32
Apherusa bispinosa,Cepola macrophthalma,0.0014938,34.32
Calanus elongatus,Cepola macrophthalma,0.00013777,34.32
Calanus helgolandicus,Cepola macrophthalma,0.00020998,34.32
Caprella acanthifera,Cepola macrophthalma,0.0087573,34.32
Caprella fretensis,Cepola macrophthalma,0.0087573,34.32
Caprella penantis,Cepola macrophthalma,0.029021,34.32
Corophium acutum,Cepola macrophthalma,0.017345,34.32
Evadne nordmanni,Cepola macrophthalma,9.39e-05,34.32
Fish eggs/larvae,Cepola macrophthalma,0.00023,34.32
Gammarus salinus,Cepola macrophthalma,0.0050477,34.32
Gitana sarsi,Cepola macrophthalma,0.00043147,34.32
Hyale pontica,Cepola macrophthalma,0.0028366,34.32
Iphimedia minuta,Cepola macrophthalma,0.0017267,34.32
Jassa falcata,Cepola macrophthalma,0.0023867,34.32
Jassa marmorata,Cepola macrophthalma,0.0023157,34.32
Liljeborgia kinahani,Cepola macrophthalma,0.00013777,34.32
Metaphoxus fultoni,Cepola macrophthalma,0.00069876,34.32
Microdeutopus chelifer,Cepola macrophthalma,0.0025321,34.32
Orchestia gammarellus,Cepola macrophthalma,0.00094371,34.32
Orchestia mediterranea,Cepola macrophthalma,0.00077613,34.32
Orchomene humilis,Cepola macrophthalma,0.0031592,34.32
Parajassa pelagica,Cepola macrophthalma,0.0011774,34.32
Phtisica marina,Cepola macrophthalma,0.034575,34.32
Podon intermedius,Cepola macrophthalma,5.88e-05,34.32
Tritaeta gibbosa,Cepola macrophthalma,0.0061662,34.32
Tryphosella sarsi,Cepola macrophthalma,0.00034844,34.32
Aphrodite aculeata,Ctenolabrus rupestris,0.63546,47.15
Asterias rubens,Ctenolabrus rupestris,3.0182,47.15
Asterina gibbosa,Ctenolabrus rupestris,0.14823,47.15
Asterina phylactica,Ctenolabrus rupestris,0.011827,47.15
Cancer pagurus,Centrolabrus exoletus,0.53339,47.15
Cancer pagurus,Ctenolabrus rupestris,0.53339,47.15
Carcinus maenas,Centrolabrus exoletus,0.059727,47.15
Diosaccuss tenuicornis,Ctenolabrus rupestris,2.51e-05,47.15
Eulalia virdis,Ctenolabrus rupestris,1.489,47.15
Eumida sanguinea,Ctenolabrus rupestris,0.30047,47.15
Galathea squamifera,Ctenolabrus rupestris,0.25716,47.15
Hyas araneus,Centrolabrus exoletus,0.70402,47.15
Janua pagenstecheri,Ctenolabrus rupestris,0.00023053,47.15
Lanice conchilega,Ctenolabrus rupestris,4.3528,47.15
Lepadogaster candolii,Ctenolabrus rupestris,12.11,47.15
Liocarcinus corrugatus,Centrolabrus exoletus,0.10799,47.15
Liocarcinus depurator,Centrolabrus exoletus,0.63546,47.15
Littorina littorea,Ctenolabrus rupestris,0.050704,47.15
Littorina neritoides,Ctenolabrus rupestris,0.0040458,47.15
Littorina obtusata,Ctenolabrus rupestris,0.011827,47.15
Littorina saxatilis,Ctenolabrus rupestris,0.010232,47.15
Maja squinado,Centrolabrus exoletus,2.7243,47.15
Marthasterias glacialis,Ctenolabrus rupestris,0.27284,47.15
Necora puber,Centrolabrus exoletus,0.080569,47.15
Necora puber,Ctenolabrus rupestris,0.080569,47.15
Nereis virens,Ctenolabrus rupestris,0.37713,47.15
Pagurus bernhardus,Ctenolabrus rupestris,0.070086,47.15
Pagurus prideauxi,Centrolabrus exoletus,0.010232,47.15
Polynoidae,Ctenolabrus rupestris,0.63546,47.15
Sabellidae,Ctenolabrus rupestris,0.63546,47.15
Spirobis cuneatus,Ctenolabrus rupestris,0.0010339,47.15
Thalestris rufovalescans,Ctenolabrus rupestris,0.00020998,47.15
Tigriopus californicus,Ctenolabrus rupestris,4.9e-05,47.15
Xantho incisus,Centrolabrus exoletus,0.026435,47.15
Zaus spinatus,Ctenolabrus rupestris,8.13e-05,47.15
Fish eggs/larvae,Liparis montagui,0.00023,52.19
Gammaropsis maculata,Liparis montagui,0.0050477,52.19
Gammarus insensiblis,Liparis montagui,0.0074024,52.19
Gammarus salinus,Liparis montagui,0.0050477,52.19
Palaemon serratus,Liparis montagui,0.0033409,52.19
Callionymus lyra,Zeus faber,14.78,58.518
Gobius niger,Zeus faber,78.15,58.518
Hyperoplus immaculatus,Zeus faber,132.91,58.518
Hyperoplus lanceolatus,Zeus faber,166.84,58.518
Paracentrotus lividus,Zeus faber,0.26729,58.518
Sardina pilchardus,Zeus faber,76.65,58.518
Trachurus trachurus,Zeus faber,2000,58.518
Calanus elongatus,Atherina presbyter,0.00013777,60.92
Calanus helgolandicus,Atherina presbyter,0.00020998,60.92
Eutemora hirundoides,Atherina presbyter,6.96e-05,60.92
Fish eggs/larvae,Atherina presbyter,0.00023,60.92
Metridia lucens,Atherina presbyter,0.00094371,60.92
Microcalanus pusillis,Atherina presbyter,3.21e-05,60.92
Nitzschia closterium,Atherina presbyter,9.76e-17,60.92
Paracalanus parvus,Atherina presbyter,0.00019044,60.92
Phaeocystis pouchetii,Atherina presbyter,4.37e-19,60.92
Podosira stelliger,Atherina presbyter,5.8e-16,60.92
Pseudocalanus elongatus,Atherina presbyter,8.13e-05,60.92
Skeletonema costatum,Atherina presbyter,3.16e-20,60.92
Thalassiosira,Atherina presbyter,3.03e-18,60.92
Aphrodite aculeata,Gobius cruentatus,0.63546,70.19
Asterias rubens,Gobius cruentatus,3.0182,70.19
Asterina gibbosa,Gobius cruentatus,0.14823,70.19
Asterina phylactica,Gobius cruentatus,0.011827,70.19
Cirratulus cirratus,Gobius cruentatus,0.9319,70.19
Eulalia virdis,Gobius cruentatus,1.489,70.19
Eumida sanguinea,Gobius cruentatus,0.30047,70.19
Hediste diversicolor,Gobius cruentatus,2.7243,70.19
Henricia oculata,Gobius cruentatus,0.77627,70.19
Janua pagenstecheri,Gobius cruentatus,0.00023053,70.19
Lanice conchilega,Gobius cruentatus,4.3528,70.19
Luidia ciliaris,Gobius cruentatus,6.3833,70.19
Lumbrinereis,Gobius cruentatus,3.0182,70.19
Marthasterias glacialis,Gobius cruentatus,0.27284,70.19
Nereis virens,Gobius cruentatus,0.37713,70.19
Polynoidae,Gobius cruentatus,0.63546,70.19
Sabellidae,Gobius cruentatus,0.63546,70.19
Spirobis cuneatus,Gobius cruentatus,0.0010339,70.19
Abra alba,Pholis gunnellus,0.0017267,71.2
Akera bullata,Pholis gunnellus,0.18107,71.2
Ampelisca diadema,Pholis gunnellus,0.0061662,71.2
Amphilochus neopolitanus,Pholis gunnellus,0.0012274,71.2
Apherusa bispinosa,Pholis gunnellus,0.0014938,71.2
Archidoris pseudoargus,Pholis gunnellus,0.9319,71.2
Caprella penantis,Pholis gunnellus,0.029021,71.2
Cerithiopsis tubercularis,Pholis gunnellus,0.0023867,71.2
Chthamalus stellatus,Pholis gunnellus,0.010232,71.2
Corophium acutum,Pholis gunnellus,0.017345,71.2
Gammarus salinus,Pholis gunnellus,0.0050477,71.2
Gitana sarsi,Pholis gunnellus,0.00043147,71.2
Glycimeris glycimeris,Pholis gunnellus,0.050704,71.2
Helcion pellucidum,Pholis gunnellus,0.02164,71.2
Hinia incrassata,Pholis gunnellus,0.0074024,71.2
Hyale pontica,Pholis gunnellus,0.0028366,71.2
Iphimedia minuta,Pholis gunnellus,0.0017267,71.2
Jassa falcata,Pholis gunnellus,0.0023867,71.2
Jassa marmorata,Pholis gunnellus,0.0023157,71.2
Leucothoe incisa,Pholis gunnellus,0.0023867,71.2
Limacia clavigeria,Pholis gunnellus,0.02164,71.2
Littorina littorea,Pholis gunnellus,0.050704,71.2
Littorina neritoides,Pholis gunnellus,0.0040458,71.2
Metaphoxus fultoni,Pholis gunnellus,0.00069876,71.2
Mytilus edulis,Pholis gunnellus,0.77627,71.2
Onchidoris bilamellata,Pholis gunnellus,0.092772,71.2
Orchestia gammarellus,Pholis gunnellus,0.00094371,71.2
Orchestia mediterranea,Pholis gunnellus,0.00077613,71.2
Orchomene humilis,Pholis gunnellus,0.0031592,71.2
Parajassa pelagica,Pholis gunnellus,0.0011774,71.2
Pecten maximus,Pholis gunnellus,1.1025,71.2
Phtisica marina,Pholis gunnellus,0.034575,71.2
Polycera quadrilineata,Pholis gunnellus,0.11881,71.2
Sabellidae,Pholis gunnellus,0.63546,71.2
Tritaeta gibbosa,Pholis gunnellus,0.0061662,71.2
Tryphosella sarsi,Pholis gunnellus,0.00034844,71.2
Acartia clausi,Sardina pilchardus,0.00017189,76.65
Asparagopsis armata,Sardina pilchardus,0.28161,76.65
Fucus vesiculosus,Sardina pilchardus,27,76.65
Laurencia platycephala,Sardina pilchardus,0.011836,76.65
Podosira stelliger,Sardina pilchardus,5.8e-16,76.65
Polysiphonia fruticulosa,Sardina pilchardus,0.04987,76.65
Skeletonema costatum,Sardina pilchardus,3.16e-20,76.65
Ulva lactuca,Sardina pilchardus,0.28161,76.65
Carcinus maenas,Gobius niger,0.059727,78.15
Nereis virens,Gobius niger,0.37713,78.15
Polynoidae,Gobius niger,0.63546,78.15
Diosaccuss tenuicornis,Ciliata mustela,2.51e-05,100
Eutemora hirundoides,Ciliata mustela,6.96e-05,100
Gammaropsis maculata,Ciliata mustela,0.0050477,100
Gammarus salinus,Ciliata mustela,0.0050477,100
Metridia lucens,Ciliata mustela,0.00094371,100
Microcalanus pusillis,Ciliata mustela,3.21e-05,100
Zaus spinatus,Ciliata mustela,8.13e-05,100
Ampelisca diadema,Arnoglossus laterna,0.0061662,131.17
Amphilochus neopolitanus,Arnoglossus laterna,0.0012274,131.17
Apherusa bispinosa,Arnoglossus laterna,0.0014938,131.17
Aphia minuta,Arnoglossus laterna,1.08,131.17
Asterias rubens,Arnoglossus laterna,3.0182,131.17
Asterina phylactica,Arnoglossus laterna,0.011827,131.17
Caprella penantis,Arnoglossus laterna,0.029021,131.17
Cheirocratus sundevalli,Arnoglossus laterna,4.01e-05,131.17
Colomastix pusilla,Arnoglossus laterna,0.0011774,131.17
Corophium acutum,Arnoglossus laterna,0.017345,131.17
Corophium bonnellii,Arnoglossus laterna,0.0014383,131.17
Corophium sextonae,Arnoglossus laterna,0.00094371,131.17
Crystallogobius linearis,Arnoglossus laterna,1.08,131.17
Gammarellus angulosus,Arnoglossus laterna,0.011827,131.17
Gammarus salinus,Arnoglossus laterna,0.0050477,131.17
Gitana sarsi,Arnoglossus laterna,0.00043147,131.17
Gobius couchi,Arnoglossus laterna,5.39,131.17
Gobius cruentatus,Arnoglossus laterna,70.19,131.17
Gobius niger,Arnoglossus laterna,78.15,131.17
Gobiusculus flavescens,Arnoglossus laterna,2.27,131.17
Hyale pontica,Arnoglossus laterna,0.0028366,131.17
Hyale prevostii,Arnoglossus laterna,0.0029956,131.17
Iphimedia minuta,Arnoglossus laterna,0.0017267,131.17
Jassa falcata,Arnoglossus laterna,0.0023867,131.17
Jassa marmorata,Arnoglossus laterna,0.0023157,131.17
Lanice conchilega,Arnoglossus laterna,4.3528,131.17
Leptocheirus pectinatus,Arnoglossus laterna,0.00073691,131.17
Lesueurigobius friesii,Arnoglossus laterna,21.4,131.17
Melita hergensis,Arnoglossus laterna,0.0050477,131.17
Metaphoxus fultoni,Arnoglossus laterna,0.00069876,131.17
Ophiothrix fragilis,Arnoglossus laterna,0.77627,131.17
Orchestia gammarellus,Arnoglossus laterna,0.00094371,131.17
Orchestia mediterranea,Arnoglossus laterna,0.00077613,131.17
Orchomene humilis,Arnoglossus laterna,0.0031592,131.17
Parajassa pelagica,Arnoglossus laterna,0.0011774,131.17
Phtisica marina,Arnoglossus laterna,0.034575,131.17
Polynoidae,Arnoglossus laterna,0.63546,131.17
Thorogobius ephippiatus,Arnoglossus laterna,23.56,131.17
Tritaeta gibbosa,Arnoglossus laterna,0.0061662,131.17
Tryphosella sarsi,Arnoglossus laterna,0.00034844,131.17
Hyperoplus lanceolatus,Hyperoplus immaculatus,166.84,132.91
Sprattus sprattus,Hyperoplus immaculatus,33.63,132.91
Centropages typicus,Hyperoplus lanceolatus,0.00010758,166.84
Clupea harengus,Hyperoplus lanceolatus,1050,166.84
Hyperoplus immaculatus,Hyperoplus lanceolatus,132.91,166.84
Metridia lucens,Hyperoplus lanceolatus,0.00094371,166.84
Calanus elongatus,Ammodytes tobianus,0.00013777,199.09
Centropages typicus,Ammodytes tobianus,0.00010758,199.09
Evadne nordmanni,Ammodytes tobianus,9.39e-05,199.09
Metridia lucens,Ammodytes tobianus,0.00094371,199.09
Acartia clausi,Syngnathus acus,0.00017189,216.5
Calanus helgolandicus,Syngnathus acus,0.00020998,216.5
Hyperoplus immaculatus,Syngnathus acus,132.91,216.5
Hyperoplus lanceolatus,Syngnathus acus,166.84,216.5
Cancer pagurus,Symphodus melops,0.53339,235.21
Carcinus maenas,Symphodus melops,0.059727,235.21
Circeis armoricana,Symphodus melops,0.011827,235.21
Cliona celata,Symphodus melops,18.661,235.21
Diosaccuss tenuicornis,Symphodus melops,2.51e-05,235.21
Haliclona angulata,Symphodus melops,6.3833,235.21
Lumbrinereis,Symphodus melops,3.0182,235.21
Nereis virens,Symphodus melops,0.37713,235.21
Pachymatisma johnstonia,Symphodus melops,0.63546,235.21
Phorbas plumosum,Symphodus melops,0.9319,235.21
Plakortis simplex,Symphodus melops,1.9366,235.21
Polynoidae,Symphodus melops,0.63546,235.21
Terpios fugax,Symphodus melops,0.14823,235.21
Aphrodite aculeata,Taurulus bubalis,0.63546,240.63
Eulalia virdis,Taurulus bubalis,1.489,240.63
Fish eggs/larvae,Taurulus bubalis,0.00023,240.63
Gammaropsis maculata,Taurulus bubalis,0.0050477,240.63
Gammarus insensiblis,Taurulus bubalis,0.0074024,240.63
Gammarus salinus,Taurulus bubalis,0.0050477,240.63
Hediste diversicolor,Taurulus bubalis,2.7243,240.63
Janua pagenstecheri,Taurulus bubalis,0.00023053,240.63
Lumbrinereis,Taurulus bubalis,3.0182,240.63
Nereis virens,Taurulus bubalis,0.37713,240.63
Ophiothrix fragilis,Taurulus bubalis,0.77627,240.63
Polynoidae,Taurulus bubalis,0.63546,240.63
Sabellidae,Taurulus bubalis,0.63546,240.63
Spirobis cuneatus,Taurulus bubalis,0.0010339,240.63
Ascophyllum,Lipophrys pholis,373.48,251.1
Asparagopsis armata,Lipophrys pholis,0.28161,251.1
Cladophora albida,Lipophrys pholis,0.020359,251.1
Cladophora dalmatica,Lipophrys pholis,0.10288,251.1
Cladophora sericea,Lipophrys pholis,0.008739,251.1
Fucus vesiculosus,Lipophrys pholis,27,251.1
Laurencia platycephala,Lipophrys pholis,0.011836,251.1
Polysiphonia fruticulosa,Lipophrys pholis,0.04987,251.1
Ulva lactuca,Lipophrys pholis,0.28161,251.1
Apherusa jurinei,Zeugopterus punctatus,0.0017267,347.48
Corophium bonnellii,Zeugopterus punctatus,0.0014383,347.48
Gammaropsis maculata,Zeugopterus punctatus,0.0050477,347.48
Gobius paganellus,Zeugopterus punctatus,23.06,347.48
Hyale stebbingi,Zeugopterus punctatus,0.0034131,347.48
Iphimedia nexa,Zeugopterus punctatus,0.0087573,347.48
Leptocheirus tricristatus,Zeugopterus punctatus,0.0011774,347.48
Podocerus variegatus,Zeugopterus punctatus,0.034575,347.48
Pseudoprotella phasma,Zeugopterus punctatus,0.034575,347.48
Stenula rubrovittata,Zeugopterus punctatus,0.0011774,347.48
Calanus elongatus,Belone belone,0.00013777,429.24
Calanus helgolandicus,Belone belone,0.00020998,429.24
Eutemora hirundoides,Belone belone,6.96e-05,429.24
Metridia lucens,Belone belone,0.00094371,429.24
Microcalanus pusillis,Belone belone,3.21e-05,429.24
Paracalanus parvus,Belone belone,0.00019044,429.24
Podon intermedius,Belone belone,5.88e-05,429.24
Calanus elongatus,Entelurus aequoreus,0.00013777,432
Calanus helgolandicus,Entelurus aequoreus,0.00020998,432
Eutemora hirundoides,Entelurus aequoreus,6.96e-05,432
Fish eggs/larvae,Entelurus aequoreus,0.00023,432
Metridia lucens,Entelurus aequoreus,0.00094371,432
Microcalanus pusillis,Entelurus aequoreus,3.21e-05,432
Palaemon serratus,Entelurus aequoreus,0.0033409,432
Paracalanus parvus,Entelurus aequoreus,0.00019044,432
Pseudocalanus elongatus,Entelurus aequoreus,8.13e-05,432
Asparagopsis armata,Parablennius gattorugine,0.28161,514.79
Chondrus crispus,Parablennius gattorugine,0.060571,514.79
Cirratulus cirratus,Parablennius gattorugine,0.9319,514.79
Cladophora albida,Parablennius gattorugine,0.020359,514.79
Codium fragile,Parablennius gattorugine,0.83786,514.79
Ectocarpus siliculosus,Parablennius gattorugine,0.28161,514.79
Enteromorpha compressa,Parablennius gattorugine,0.28161,514.79
Fucus serratus,Parablennius gattorugine,27,514.79
Hediste diversicolor,Parablennius gattorugine,2.7243,514.79
Himanthalia lorea,Parablennius gattorugine,0.020359,514.79
Lumbrinereis,Parablennius gattorugine,3.0182,514.79
Mycale contareni,Parablennius gattorugine,18.661,514.79
Plakortis simplex,Parablennius gattorugine,1.9366,514.79
Spirobis cuneatus,Parablennius gattorugine,0.0010339,514.79
Terpios fugax,Parablennius gattorugine,0.14823,514.79
Ampelisca diadema,Gaidropsarus mediterraneus,0.0061662,555.32
Amphilochus neopolitanus,Gaidropsarus mediterraneus,0.0012274,555.32
Apherusa bispinosa,Gaidropsarus mediterraneus,0.0014938,555.32
Caprella penantis,Gaidropsarus mediterraneus,0.029021,555.32
Cirratulus cirratus,Gaidropsarus mediterraneus,0.9319,555.32
Corophium acutum,Gaidropsarus mediterraneus,0.017345,555.32
Gammaropsis maculata,Gaidropsarus mediterraneus,0.0050477,555.32
Gammarus salinus,Gaidropsarus mediterraneus,0.0050477,555.32
Gitana sarsi,Gaidropsarus mediterraneus,0.00043147,555.32
Hyale perieri,Gaidropsarus mediterraneus,0.0043342,555.32
Hyale pontica,Gaidropsarus mediterraneus,0.0028366,555.32
Hyale prevostii,Gaidropsarus mediterraneus,0.0029956,555.32
Hyperoplus immaculatus,Gaidropsarus mediterraneus,132.91,555.32
Hyperoplus lanceolatus,Gaidropsarus mediterraneus,166.84,555.32
Iphimedia minuta,Gaidropsarus mediterraneus,0.0017267,555.32
Iphimedia nexa,Gaidropsarus mediterraneus,0.0087573,555.32
Janua pagenstecheri,Gaidropsarus mediterraneus,0.00023053,555.32
Jassa falcata,Gaidropsarus mediterraneus,0.0023867,555.32
Jassa marmorata,Gaidropsarus mediterraneus,0.0023157,555.32
Leptocheirus tricristatus,Gaidropsarus mediterraneus,0.0011774,555.32
Liljeborgia kinahani,Gaidropsarus mediterraneus,0.00013777,555.32
Lumbrinereis,Gaidropsarus mediterraneus,3.0182,555.32
Melita palmata,Gaidropsarus mediterraneus,0.013544,555.32
Metaphoxus fultoni,Gaidropsarus mediterraneus,0.00069876,555.32
Orchestia gammarellus,Gaidropsarus mediterraneus,0.00094371,555.32
Orchestia mediterranea,Gaidropsarus mediterraneus,0.00077613,555.32
Orchomene humilis,Gaidropsarus mediterraneus,0.0031592,555.32
Parajassa pelagica,Gaidropsarus mediterraneus,0.0011774,555.32
Phtisica marina,Gaidropsarus mediterraneus,0.034575,555.32
Polynoidae,Gaidropsarus mediterraneus,0.63546,555.32
Stenothoe monoculoides,Gaidropsarus mediterraneus,0.0014383,555.32
Stenula rubrovittata,Gaidropsarus mediterraneus,0.0011774,555.32
Temora longicornis,Gaidropsarus mediterraneus,9.39e-05,555.32
Tritaeta gibbosa,Gaidropsarus mediterraneus,0.0061662,555.32
Urothoe elegans,Gaidropsarus mediterraneus,0.00081642,555.32
Callionymus lyra,Trisopterus minutus,14.78,648.07
Cerastoderma edule,Trisopterus minutus,0.050704,648.07
Clupea harengus,Trisopterus minutus,1050,648.07
Evadne nordmanni,Trisopterus minutus,9.39e-05,648.07
Fish eggs/larvae,Trisopterus minutus,0.00023,648.07
Gaidropsarus mediterraneus,Trisopterus minutus,555.32,648.07
Galathea strigosa,Trisopterus minutus,0.9319,648.07
Gobius niger,Trisopterus minutus,78.15,648.07
Hediste diversicolor,Trisopterus minutus,2.7243,648.07
Hyale perieri,Trisopterus minutus,0.0043342,648.07
Hyale pontica,Trisopterus minutus,0.0028366,648.07
Jassa marmorata,Trisopterus minutus,0.0023157,648.07
Liocarcinus depurator,Trisopterus minutus,0.63546,648.07
Marthasterias glacialis,Trisopterus minutus,0.27284,648.07
Nereis virens,Trisopterus minutus,0.37713,648.07
Pagurus bernhardus,Trisopterus minutus,0.070086,648.07
Palaemon serratus,Trisopterus minutus,0.0033409,648.07
Pandalus montagui,Trisopterus minutus,1.7051,648.07
Patella vulgata,Trisopterus minutus,0.050704,648.07
Pecten maximus,Trisopterus minutus,1.1025,648.07
Podon intermedius,Trisopterus minutus,5.88e-05,648.07
Asterina gibbosa,Eutrigla gurnardus,0.14823,956
Carcinus maenas,Eutrigla gurnardus,0.059727,956
Janua pagenstecheri,Eutrigla gurnardus,0.00023053,956
Liocarcinus arcuatus,Eutrigla gurnardus,0.050704,956
Marthasterias glacialis,Eutrigla gurnardus,0.27284,956
Pagellus bogaraveo,Eutrigla gurnardus,4000,956
Sabellidae,Eutrigla gurnardus,0.63546,956
Cancer pagurus,Corvus corone,0.53339,989.11
Carcinus maenas,Corvus corone,0.059727,989.11
Cerastoderma edule,Corvus corone,0.050704,989.11
Fish eggs/larvae,Corvus corone,0.00023,989.11
Littorina obtusata,Corvus corone,0.011827,989.11
Littorina saxatilis,Corvus corone,0.010232,989.11
Paracentrotus lividus,Corvus corone,0.26729,989.11
Patella vulgata,Corvus corone,0.050704,989.11
Semibalanus balanoides,Corvus corone,0.034575,989.11
Akera bullata,Labrus mixtus,0.18107,992.83
Archidoris pseudoargus,Labrus mixtus,0.9319,992.83
Asterina phylactica,Labrus mixtus,0.011827,992.83
Cerithiopsis tubercularis,Labrus mixtus,0.0023867,992.83
Chthamalus stellatus,Labrus mixtus,0.010232,992.83
Galathea squamifera,Labrus mixtus,0.25716,992.83
Glycimeris glycimeris,Labrus mixtus,0.050704,992.83
Helcion pellucidum,Labrus mixtus,0.02164,992.83
Limacia clavigeria,Labrus mixtus,0.02164,992.83
Littorina littorea,Labrus mixtus,0.050704,992.83
Littorina neritoides,Labrus mixtus,0.0040458,992.83
Pagurus bernhardus,Labrus mixtus,0.070086,992.83
Polycera quadrilineata,Labrus mixtus,0.11881,992.83
Abra alba,Limanda limanda,0.0017267,1000
Acanthodoris pilosa,Limanda limanda,0.30047,1000
Akera bullata,Limanda limanda,0.18107,1000
Ampelisca diadema,Limanda limanda,0.0061662,1000
Ampelisca diadema,Mullus surmuletus,0.0061662,1000
Amphilochus neopolitanus,Limanda limanda,0.0012274,1000
Amphilochus neopolitanus,Mullus surmuletus,0.0012274,1000
Apherusa bispinosa,Limanda limanda,0.0014938,1000
Apherusa bispinosa,Mullus surmuletus,0.0014938,1000
Aphrodite aculeata,Mullus surmuletus,0.63546,1000
Archidoris pseudoargus,Limanda limanda,0.9319,1000
Ascophyllum,Mullus surmuletus,373.48,1000
Aslia lefevrei,Limanda limanda,1.489,1000
Asparagopsis armata,Mullus surmuletus,0.28161,1000
Asterias rubens,Mullus surmuletus,3.0182,1000
Asterina gibbosa,Mullus surmuletus,0.14823,1000
Asterina phylactica,Mullus surmuletus,0.011827,1000
Cancer pagurus,Mullus surmuletus,0.53339,1000
Caprella acanthifera,Limanda limanda,0.0087573,1000
Caprella penantis,Limanda limanda,0.029021,1000
Caprella penantis,Mullus surmuletus,0.029021,1000
Carcinus maenas,Mullus surmuletus,0.059727,1000
Ceramium rubrum,Mullus surmuletus,0.5051,1000
Cerastoderma edule,Limanda limanda,0.050704,1000
Cerithiopsis tubercularis,Limanda limanda,0.0023867,1000
Chaetomorpha linum,Mullus surmuletus,0.28161,1000
Cheirocratus sundevalli,Mullus surmuletus,4.01e-05,1000
Chthamalus stellatus,Limanda limanda,0.010232,1000
Codium fragile,Mullus surmuletus,0.83786,1000
Colomastix pusilla,Mullus surmuletus,0.0011774,1000
Corophium acutum,Limanda limanda,0.017345,1000
Corophium acutum,Mullus surmuletus,0.017345,1000
Corophium bonnellii,Mullus surmuletus,0.0014383,1000
Corophium sextonae,Mullus surmuletus,0.00094371,1000
Dicata odhneri,Limanda limanda,0.0087573,1000
Feldmannia globifera,Mullus surmuletus,0.020359,1000
Fucus vesiculosus,Mullus surmuletus,27,1000
Galathea squamifera,Limanda limanda,0.25716,1000
Galathea squamifera,Mullus surmuletus,0.25716,1000
Galathea strigosa,Mullus surmuletus,0.9319,1000
Gammarellus angulosus,Mullus surmuletus,0.011827,1000
Gammaropsis maculata,Mullus surmuletus,0.0050477,1000
Gammarus salinus,Limanda limanda,0.0050477,1000
Gammarus salinus,Mullus surmuletus,0.0050477,1000
Gitana sarsi,Limanda limanda,0.00043147,1000
Gitana sarsi,Mullus surmuletus,0.00043147,1000
Glycimeris glycimeris,Limanda limanda,0.050704,1000
Helcion pellucidum,Limanda limanda,0.02164,1000
Hinia incrassata,Limanda limanda,0.0074024,1000
Homarus gammarus,Mullus surmuletus,18.661,1000
Hyale pontica,Limanda limanda,0.0028366,1000
Hyale pontica,Mullus surmuletus,0.0028366,1000
Hyale prevostii,Limanda limanda,0.0029956,1000
Hyas araneus,Mullus surmuletus,0.70402,1000
Hyas coarctatus,Mullus surmuletus,0.22505,1000
Hyperoplus immaculatus,Limanda limanda,132.91,1000
Hyperoplus lanceolatus,Limanda limanda,166.84,1000
Iphimedia minuta,Limanda limanda,0.0017267,1000
Iphimedia minuta,Mullus surmuletus,0.0017267,1000
Iphimedia nexa,Mullus surmuletus,0.0087573,1000
Iphimedia perplexa,Mullus surmuletus,0.0031592,1000
Jania rubens,Mullus surmuletus,2.29e-05,1000
Janua pagenstecheri,Mullus surmuletus,0.00023053,1000
Jassa falcata,Limanda limanda,0.0023867,1000
Jassa falcata,Mullus surmuletus,0.0023867,1000
Jassa marmorata,Limanda limanda,0.0023157,1000
Jassa marmorata,Mullus surmuletus,0.0023157,1000
Lanice conchilega,Mullus surmuletus,4.3528,1000
Laurencia platycephala,Mullus surmuletus,0.011836,1000
Lepsiella albomarginata,Limanda limanda,0.02164,1000
Leptocheirus pectinatus,Mullus surmuletus,0.00073691,1000
Leucothoe lilljeborgi,Limanda limanda,0.0074024,1000
Limacia clavigeria,Limanda limanda,0.02164,1000
Littorina littorea,Limanda limanda,0.050704,1000
Littorina littorea,Mullus surmuletus,0.050704,1000
Littorina neritoides,Limanda limanda,0.0040458,1000
Littorina neritoides,Mullus surmuletus,0.0040458,1000
Littorina obtusata,Mullus surmuletus,0.011827,1000
Littorina saxatilis,Mullus surmuletus,0.010232,1000
Luidia ciliaris,Mullus surmuletus,6.3833,1000
Lumbrinereis,Mullus surmuletus,3.0182,1000
Maja squinado,Mullus surmuletus,2.7243,1000
Marthasterias glacialis,Mullus surmuletus,0.27284,1000
Melita hergensis,Limanda limanda,0.0050477,1000
Metaphoxus fultoni,Limanda limanda,0.00069876,1000
Metaphoxus fultoni,Mullus surmuletus,0.00069876,1000
Microdeutopus chelifer,Limanda limanda,0.0025321,1000
Microjassa cumbrensis,Mullus surmuletus,0.00037508,1000
Mytilus galloprovincialis,Limanda limanda,0.25716,1000
Necora puber,Mullus surmuletus,0.080569,1000
Onchidoris bilamellata,Limanda limanda,0.092772,1000
Orchestia gammarellus,Limanda limanda,0.00094371,1000
Orchestia gammarellus,Mullus surmuletus,0.00094371,1000
Orchestia mediterranea,Limanda limanda,0.00077613,1000
Orchestia mediterranea,Mullus surmuletus,0.00077613,1000
Orchomene humilis,Limanda limanda,0.0031592,1000
Orchomene humilis,Mullus surmuletus,0.0031592,1000
Pagurus bernhardus,Limanda limanda,0.070086,1000
Pagurus bernhardus,Mullus surmuletus,0.070086,1000
Parajassa pelagica,Limanda limanda,0.0011774,1000
Parajassa pelagica,Mullus surmuletus,0.0011774,1000
Pecten maximus,Limanda limanda,1.1025,1000
Phtisica marina,Limanda limanda,0.034575,1000
Phtisica marina,Mullus surmuletus,0.034575,1000
Podocerus variegatus,Limanda limanda,0.034575,1000
Polycera quadrilineata,Limanda limanda,0.11881,1000
Polynoidae,Mullus surmuletus,0.63546,1000
Polysiphonia fruticulosa,Mullus surmuletus,0.04987,1000
Psammechinus miliaris,Limanda limanda,0.63546,1000
Spirobis cuneatus,Mullus surmuletus,0.0010339,1000
Thalestris rufovalescans,Mullus surmuletus,0.00020998,1000
Themisto gracilipes,Mullus surmuletus,0.0080649,1000
Tigriopus californicus,Mullus surmuletus,4.9e-05,1000
Tritaeta gibbosa,Limanda limanda,0.0061662,1000
Tritaeta gibbosa,Mullus surmuletus,0.0061662,1000
Tryphosella sarsi,Limanda limanda,0.00034844,1000
Tryphosella sarsi,Mullus surmuletus,0.00034844,1000
Xantho incisus,Limanda limanda,0.026435,1000
Xantho incisus,Mullus surmuletus,0.026435,1000
Acartia clausi,Clupea harengus,0.00017189,1050
Calanus helgolandicus,Clupea harengus,0.00020998,1050
Gammarellus angulosus,Clupea harengus,0.011827,1050
Gammaropsis maculata,Clupea harengus,0.0050477,1050
Gammarus insensiblis,Clupea harengus,0.0074024,1050
Gammarus salinus,Clupea harengus,0.0050477,1050
Gobius niger,Clupea harengus,78.15,1050
Gobius paganellus,Clupea harengus,23.06,1050
Hyperoplus immaculatus,Clupea harengus,132.91,1050
Sprattus sprattus,Clupea harengus,33.63,1050
Aphrodite aculeata,Scyliorhinus canicula,0.63546,1360
Circeis armoricana,Scyliorhinus canicula,0.011827,1360
Clupea harengus,Scyliorhinus canicula,1050,1360
Eulalia virdis,Scyliorhinus canicula,1.489,1360
Gaidropsarus mediterraneus,Scyliorhinus canicula,555.32,1360
Liocarcinus arcuatus,Scyliorhinus canicula,0.050704,1360
Lumbrinereis,Scyliorhinus canicula,3.0182,1360
Nereis virens,Scyliorhinus canicula,0.37713,1360
Ophiothrix fragilis,Scyliorhinus canicula,0.77627,1360
Pagurus bernhardus,Scyliorhinus canicula,0.070086,1360
Sabellidae,Scyliorhinus canicula,0.63546,1360
Callionymus lyra,Trisopterus luscus,14.78,1501.9
Clupea harengus,Trisopterus luscus,1050,1501.9
Gammaropsis maculata,Trisopterus luscus,0.0050477,1501.9
Gammarus salinus,Trisopterus luscus,0.0050477,1501.9
Hyperoplus immaculatus,Trisopterus luscus,132.91,1501.9
Hyperoplus lanceolatus,Trisopterus luscus,166.84,1501.9
Sprattus sprattus,Trisopterus luscus,33.63,1501.9
Lumbrinereis,Gaidropsarus vulgaris,3.0182,1972.3
Polynoidae,Gaidropsarus vulgaris,0.63546,1972.3
Ampelisca diadema,Trachurus trachurus,0.0061662,2000
Amphilochus neopolitanus,Trachurus trachurus,0.0012274,2000
Anomia ephippium,Larus marinus,0.21737,2000
Apherusa bispinosa,Trachurus trachurus,0.0014938,2000
Aphia minuta,Trachurus trachurus,1.08,2000
Asparagopsis armata,Trachurus trachurus,0.28161,2000
Botryllus schlosseri,Trachurus trachurus,0.031735,2000
Calanus elongatus,Trachurus trachurus,0.00013777,2000
Callionymus lyra,Trachurus trachurus,14.78,2000
Cancer pagurus,Larus marinus,0.53339,2000
Caprella penantis,Trachurus trachurus,0.029021,2000
Carcinus maenas,Larus marinus,0.059727,2000
Chaetomorpha linum,Trachurus trachurus,0.28161,2000
Cheirocratus sundevalli,Trachurus trachurus,4.01e-05,2000
Clupea harengus,Larus marinus,1050,2000
Codium fragile,Trachurus trachurus,0.83786,2000
Colomastix pusilla,Trachurus trachurus,0.0011774,2000
Corophium acutum,Trachurus trachurus,0.017345,2000
Fucus vesiculosus,Trachurus trachurus,27,2000
Gammarus insensiblis,Trachurus trachurus,0.0074024,2000
Gammarus salinus,Trachurus trachurus,0.0050477,2000
Himanthalia lorea,Trachurus trachurus,0.020359,2000
Homarus gammarus,Trachurus trachurus,18.661,2000
Hyale pontica,Trachurus trachurus,0.0028366,2000
Hyale prevostii,Trachurus trachurus,0.0029956,2000
Iphimedia minuta,Trachurus trachurus,0.0017267,2000
Iphimedia perplexa,Trachurus trachurus,0.0031592,2000
Jania rubens,Trachurus trachurus,2.29e-05,2000
Jassa falcata,Trachurus trachurus,0.0023867,2000
Jassa marmorata,Trachurus trachurus,0.0023157,2000
Lanice conchilega,Trachurus trachurus,4.3528,2000
Laurencia platycephala,Trachurus trachurus,0.011836,2000
Liocarcinus corrugatus,Larus marinus,0.10799,2000
Lissoclinum perforatum,Trachurus trachurus,0.050704,2000
Littorina littorea,Trachurus trachurus,0.050704,2000
Littorina neritoides,Trachurus trachurus,0.0040458,2000
Littorina obtusata,Trachurus trachurus,0.011827,2000
Littorina saxatilis,Trachurus trachurus,0.010232,2000
Melita hergensis,Trachurus trachurus,0.0050477,2000
Metaphoxus fultoni,Trachurus trachurus,0.00069876,2000
Microjassa cumbrensis,Trachurus trachurus,0.00037508,2000
Necora puber,Larus marinus,0.080569,2000
Orchestia gammarellus,Trachurus trachurus,0.00094371,2000
Orchestia mediterranea,Trachurus trachurus,0.00077613,2000
Orchomene humilis,Trachurus trachurus,0.0031592,2000
Paracentrotus lividus,Larus marinus,0.26729,2000
Parajassa pelagica,Trachurus trachurus,0.0011774,2000
Patella vulgata,Larus marinus,0.050704,2000
Phtisica marina,Trachurus trachurus,0.034575,2000
Polynoidae,Trachurus trachurus,0.63546,2000
Polysiphonia fruticulosa,Trachurus trachurus,0.04987,2000
Spirobis cuneatus,Trachurus trachurus,0.0010339,2000
Stilophora rhizodes,Trachurus trachurus,0.072874,2000
Themisto gracilipes,Trachurus trachurus,0.0080649,2000
Tritaeta gibbosa,Trachurus trachurus,0.0061662,2000
Tryphosella sarsi,Trachurus trachurus,0.00034844,2000
Xantho incisus,Larus marinus,0.026435,2000
Asparagopsis armata,Raja clavata,0.28161,2014.8
Asterina phylactica,Raja clavata,0.011827,2014.8
Cancer pagurus,Raja clavata,0.53339,2014.8
Carcinus maenas,Raja clavata,0.059727,2014.8
Ceramium rubrum,Raja clavata,0.5051,2014.8
Ciliata mustela,Raja clavata,100,2014.8
Clupea harengus,Raja clavata,1050,2014.8
Codium fragile,Raja clavata,0.83786,2014.8
Codium vermilara,Raja clavata,0.62352,2014.8
Crangon crangon,Raja clavata,0.28272,2014.8
Enteromorpha compressa,Raja clavata,0.28161,2014.8
Fucus serratus,Raja clavata,27,2014.8
Fucus vesiculosus,Raja clavata,27,2014.8
Galathea squamifera,Raja clavata,0.25716,2014.8
Henricia oculata,Raja clavata,0.77627,2014.8
Himanthalia lorea,Raja clavata,0.020359,2014.8
Hyperoplus immaculatus,Raja clavata,132.91,2014.8
Laurencia platycephala,Raja clavata,0.011836,2014.8
Luidia ciliaris,Raja clavata,6.3833,2014.8
Pagurus bernhardus,Raja clavata,0.070086,2014.8
Palaemon serratus,Raja clavata,0.0033409,2014.8
Pandalus montagui,Raja clavata,1.7051,2014.8
Phaeophila leptochaete,Raja clavata,0.060571,2014.8
Polysiphonia fruticulosa,Raja clavata,0.04987,2014.8
Sardina pilchardus,Raja clavata,76.65,2014.8
Solea solea,Raja clavata,4667.8,2014.8
Sprattus sprattus,Raja clavata,33.63,2014.8
Taurulus bubalis,Raja clavata,240.63,2014.8
Trisopterus luscus,Raja clavata,1501.9,2014.8
Anomia ephippium,Larus argentatus,0.21737,2367
Cancer pagurus,Larus argentatus,0.53339,2367
Carcinus maenas,Larus argentatus,0.059727,2367
Clupea harengus,Larus argentatus,1050,2367
Liocarcinus corrugatus,Larus argentatus,0.10799,2367
Marthasterias glacialis,Larus argentatus,0.27284,2367
Necora puber,Larus argentatus,0.080569,2367
Paracentrotus lividus,Larus argentatus,0.26729,2367
Patella vulgata,Larus argentatus,0.050704,2367
Xantho incisus,Larus argentatus,0.026435,2367
Callionymus lyra,Phalacrocorax aristotelis,14.78,2568.7
Carcinus maenas,Phalacrocorax aristotelis,0.059727,2568.7
Clupea harengus,Phalacrocorax aristotelis,1050,2568.7
Ctenolabrus rupestris,Phalacrocorax aristotelis,47.15,2568.7
Labrus bergylta,Phalacrocorax aristotelis,4350,2568.7
Nereis virens,Phalacrocorax aristotelis,0.37713,2568.7
Palaemon serratus,Phalacrocorax aristotelis,0.0033409,2568.7
Pandalus montagui,Phalacrocorax aristotelis,1.7051,2568.7
Pholis gunnellus,Phalacrocorax aristotelis,71.2,2568.7
Platichthys flesus,Phalacrocorax aristotelis,14000,2568.7
Spinachia spinachia,Phalacrocorax aristotelis,22.36,2568.7
Syngnathus rostellatus,Phalacrocorax aristotelis,2.69,2568.7
Asterina phylactica,Microstomus kitt,0.011827,2950
Luidia ciliaris,Microstomus kitt,6.3833,2950
Lumbrinereis,Microstomus kitt,3.0182,2950
Pecten maximus,Microstomus kitt,1.1025,2950
Evadne nordmanni,Merlangius merlangius,9.39e-05,3110
Fucus vesiculosus,Merlangius merlangius,27,3110
Gadhus morhua,Merlangius merlangius,96000,3110
Hyperoplus immaculatus,Merlangius merlangius,132.91,3110
Laurencia platycephala,Merlangius merlangius,0.011836,3110
Limanda limanda,Merlangius merlangius,1000,3110
Lumbrinereis,Merlangius merlangius,3.0182,3110
Pagurus bernhardus,Merlangius merlangius,0.070086,3110
Polysiphonia fruticulosa,Merlangius merlangius,0.04987,3110
Trisopterus luscus,Merlangius merlangius,1501.9,3110
Calanus elongatus,Scomber scombrus,0.00013777,3400
Calycella syringa,Scomber scombrus,0.0011285,3400
Clupea harengus,Scomber scombrus,1050,3400
Hyperoplus immaculatus,Scomber scombrus,132.91,3400
Hyperoplus lanceolatus,Scomber scombrus,166.84,3400
Aphia minuta,Pagellus bogaraveo,1.08,4000
Aphrodite aculeata,Pagellus bogaraveo,0.63546,4000
Asparagopsis armata,Pagellus bogaraveo,0.28161,4000
Cerastoderma edule,Pagellus bogaraveo,0.050704,4000
Cladophora rupestris,Pagellus bogaraveo,0.0043789,4000
Codium vermilara,Pagellus bogaraveo,0.62352,4000
Cordylophora caspia,Pagellus bogaraveo,0.63546,4000
Crystallogobius linearis,Pagellus bogaraveo,1.08,4000
Diosaccuss tenuicornis,Pagellus bogaraveo,2.51e-05,4000
Ectocarpus siliculosus,Pagellus bogaraveo,0.28161,4000
Evadne nordmanni,Pagellus bogaraveo,9.39e-05,4000
Fucus vesiculosus,Pagellus bogaraveo,27,4000
Gobius couchi,Pagellus bogaraveo,5.39,4000
Gobius niger,Pagellus bogaraveo,78.15,4000
Gobius paganellus,Pagellus bogaraveo,23.06,4000
Gobiusculus flavescens,Pagellus bogaraveo,2.27,4000
Laurencia platycephala,Pagellus bogaraveo,0.011836,4000
Lumbrinereis,Pagellus bogaraveo,3.0182,4000
Nereis virens,Pagellus bogaraveo,0.37713,4000
Ophiothrix fragilis,Pagellus bogaraveo,0.77627,4000
Polysiphonia fruticulosa,Pagellus bogaraveo,0.04987,4000
Sphacelaria cirrosa,Pagellus bogaraveo,0.020359,4000
Thorogobius ephippiatus,Pagellus bogaraveo,23.56,4000
Tigriopus californicus,Pagellus bogaraveo,4.9e-05,4000
Hyperoplus immaculatus,Ardea cinera,132.91,4009.7
Aphia minuta,Phalacrocorax carbo,1.08,4290.4
Crystallogobius linearis,Phalacrocorax carbo,1.08,4290.4
Gobius niger,Phalacrocorax carbo,78.15,4290.4
Gobius paganellus,Phalacrocorax carbo,23.06,4290.4
Gobiusculus flavescens,Phalacrocorax carbo,2.27,4290.4
Hyperoplus immaculatus,Phalacrocorax carbo,132.91,4290.4
Limanda limanda,Phalacrocorax carbo,1000,4290.4
Microstomus kitt,Phalacrocorax carbo,2950,4290.4
Platichthys flesus,Phalacrocorax carbo,14000,4290.4
Pleuronectes platessa,Phalacrocorax carbo,7000,4290.4
Thorogobius ephippiatus,Phalacrocorax carbo,23.56,4290.4
Ampelisca brevicornis,Labrus bergylta,0.0074024,4350
Ampelisca diadema,Labrus bergylta,0.0061662,4350
Amphilochus neopolitanus,Labrus bergylta,0.0012274,4350
Apherusa bispinosa,Labrus bergylta,0.0014938,4350
Asparagopsis armata,Labrus bergylta,0.28161,4350
Botrylloides leachii,Labrus bergylta,0.054319,4350
Botryllus schlosseri,Labrus bergylta,0.031735,4350
Bugula flabellata,Labrus bergylta,0.63546,4350
Callophora rylandi,Labrus bergylta,0.023975,4350
Callopora craticula,Labrus bergylta,0.00793,4350
Callopora dumerlii,Labrus bergylta,0.0099274,4350
Callopora lineata,Labrus bergylta,0.0080649,4350
Calycella syringa,Labrus bergylta,0.0011285,4350
Cancer pagurus,Labrus bergylta,0.53339,4350
Caprella fretensis,Labrus bergylta,0.0087573,4350
Caprella linearis,Labrus bergylta,0.026435,4350
Caprella penantis,Labrus bergylta,0.029021,4350
Carcinus maenas,Labrus bergylta,0.059727,4350
Celleporella hyalina,Labrus bergylta,0.0074024,4350
Ceramium rubrum,Labrus bergylta,0.5051,4350
Chaetomorpha linum,Labrus bergylta,0.28161,4350
Cheirocratus sundevalli,Labrus bergylta,4.01e-05,4350
Chondrus crispus,Labrus bergylta,0.060571,4350
Chorizopora brongniartii,Labrus bergylta,0.0077963,4350
Cladophora albida,Labrus bergylta,0.020359,4350
Cladophora dalmatica,Labrus bergylta,0.10288,4350
Colomastix pusilla,Labrus bergylta,0.0011774,4350
Corophium acutum,Labrus bergylta,0.017345,4350
Corophium bonnellii,Labrus bergylta,0.0014383,4350
Corophium sextonae,Labrus bergylta,0.00094371,4350
Cribrilina cryptooecium,Labrus bergylta,0.024944,4350
Cribrilina punctata,Labrus bergylta,0.021188,4350
Crisia denticula,Labrus bergylta,0.034575,4350
Echinocardium cordatum,Labrus bergylta,0.25716,4350
Escharella variolosa,Labrus bergylta,0.043865,4350
Escharella ventricosa,Labrus bergylta,0.054319,4350
Eulalia virdis,Labrus bergylta,1.489,4350
Feldmannia globifera,Labrus bergylta,0.020359,4350
Filicrisia geniculata,Labrus bergylta,0.02164,4350
Fucus serratus,Labrus bergylta,27,4350
Fucus vesiculosus,Labrus bergylta,27,4350
Gammarellus angulosus,Labrus bergylta,0.011827,4350
Gammaropsis maculata,Labrus bergylta,0.0050477,4350
Gammarus salinus,Labrus bergylta,0.0050477,4350
Gitana sarsi,Labrus bergylta,0.00043147,4350
Himanthalia lorea,Labrus bergylta,0.020359,4350
Homarus gammarus,Labrus bergylta,18.661,4350
Hyale perieri,Labrus bergylta,0.0043342,4350
Hyale pontica,Labrus bergylta,0.0028366,4350
Hyale prevostii,Labrus bergylta,0.0029956,4350
Iphimedia minuta,Labrus bergylta,0.0017267,4350
Iphimedia nexa,Labrus bergylta,0.0087573,4350
Jania rubens,Labrus bergylta,2.29e-05,4350
Jassa falcata,Labrus bergylta,0.0023867,4350
Jassa marmorata,Labrus bergylta,0.0023157,4350
Lanice conchilega,Labrus bergylta,4.3528,4350
Laurencia platycephala,Labrus bergylta,0.011836,4350
Leptocheirus pectinatus,Labrus bergylta,0.00073691,4350
Liljeborgia kinahani,Labrus bergylta,0.00013777,4350
Lissoclinum perforatum,Labrus bergylta,0.050704,4350
Lumbrinereis,Labrus bergylta,3.0182,4350
Melita hergensis,Labrus bergylta,0.0050477,4350
Menmbraiporella nitida,Labrus bergylta,0.017345,4350
Metaphoxus fultoni,Labrus bergylta,0.00069876,4350
Nereis virens,Labrus bergylta,0.37713,4350
Ophiothrix fragilis,Labrus bergylta,0.77627,4350
Orchestia gammarellus,Labrus bergylta,0.00094371,4350
Orchestia mediterranea,Labrus bergylta,0.00077613,4350
Orchomene humilis,Labrus bergylta,0.0031592,4350
Paracentrotus lividus,Labrus bergylta,0.26729,4350
Parajassa pelagica,Labrus bergylta,0.0011774,4350
Phtisica marina,Labrus bergylta,0.034575,4350
Polynoidae,Labrus bergylta,0.63546,4350
Polysiphonia fruticulosa,Labrus bergylta,0.04987,4350
Psammechinus miliaris,Labrus bergylta,0.63546,4350
Scrupocellaria reptans,Labrus bergylta,0.0093328,4350
Smittoidea amplissima,Labrus bergylta,0.023975,4350
Spirobis cuneatus,Labrus bergylta,0.0010339,4350
Stenothoe monoculoides,Labrus bergylta,0.0014383,4350
Stilophora rhizodes,Labrus bergylta,0.072874,4350
Tritaeta gibbosa,Labrus bergylta,0.0061662,4350
Tryphosella sarsi,Labrus bergylta,0.00034844,4350
Umbonua ovicellata,Labrus bergylta,0.0050477,4350
Ampelisca diadema,Chelon labrosus,0.0061662,4500
Amphilochus neopolitanus,Chelon labrosus,0.0012274,4500
Apherusa bispinosa,Chelon labrosus,0.0014938,4500
Caprella fretensis,Chelon labrosus,0.0087573,4500
Caprella penantis,Chelon labrosus,0.029021,4500
Ceramium diaphanum,Chelon labrosus,0.032716,4500
Chaetomorpha linum,Chelon labrosus,0.28161,4500
Cladophora dalmatica,Chelon labrosus,0.10288,4500
Cladophora rupestris,Chelon labrosus,0.0043789,4500
Corophium acutum,Chelon labrosus,0.017345,4500
Corophium bonnellii,Chelon labrosus,0.0014383,4500
Ectocarpus siliculosus,Chelon labrosus,0.28161,4500
Feldmannia globifera,Chelon labrosus,0.020359,4500
Fucus vesiculosus,Chelon labrosus,27,4500
Gammarellus angulosus,Chelon labrosus,0.011827,4500
Gammaropsis maculata,Chelon labrosus,0.0050477,4500
Gammarus salinus,Chelon labrosus,0.0050477,4500
Gitana sarsi,Chelon labrosus,0.00043147,4500
Hyale pontica,Chelon labrosus,0.0028366,4500
Iphimedia minuta,Chelon labrosus,0.0017267,4500
Iphimedia nexa,Chelon labrosus,0.0087573,4500
Jassa falcata,Chelon labrosus,0.0023867,4500
Jassa marmorata,Chelon labrosus,0.0023157,4500
Laurencia platycephala,Chelon labrosus,0.011836,4500
Leptocheirus pectinatus,Chelon labrosus,0.00073691,4500
Metaphoxus fultoni,Chelon labrosus,0.00069876,4500
Orchestia gammarellus,Chelon labrosus,0.00094371,4500
Orchestia mediterranea,Chelon labrosus,0.00077613,4500
Orchomene humilis,Chelon labrosus,0.0031592,4500
Parajassa pelagica,Chelon labrosus,0.0011774,4500
Phaeocystis pouchetii,Chelon labrosus,4.37e-19,4500
Phtisica marina,Chelon labrosus,0.034575,4500
Podosira stelliger,Chelon labrosus,5.8e-16,4500
Polysiphonia fruticulosa,Chelon labrosus,0.04987,4500
Skeletonema costatum,Chelon labrosus,3.16e-20,4500
Tritaeta gibbosa,Chelon labrosus,0.0061662,4500
Tryphosella sarsi,Chelon labrosus,0.00034844,4500
Abra alba,Solea solea,0.0017267,4667.8
Acanthodoris pilosa,Solea solea,0.30047,4667.8
Adalaria proximata,Solea solea,0.015383,4667.8
Akera bullata,Solea solea,0.18107,4667.8
Ampelisca diadema,Solea solea,0.0061662,4667.8
Amphilochus neopolitanus,Solea solea,0.0012274,4667.8
Apherusa bispinosa,Solea solea,0.0014938,4667.8
Aphrodite aculeata,Solea solea,0.63546,4667.8
Archidoris pseudoargus,Solea solea,0.9319,4667.8
Calanus helgolandicus,Solea solea,0.00020998,4667.8
Cancer pagurus,Solea solea,0.53339,4667.8
Caprella penantis,Solea solea,0.029021,4667.8
Cerastoderma edule,Solea solea,0.050704,4667.8
Cerithiopsis tubercularis,Solea solea,0.0023867,4667.8
Cheirocratus sundevalli,Solea solea,4.01e-05,4667.8
Chthamalus stellatus,Solea solea,0.010232,4667.8
Circeis armoricana,Solea solea,0.011827,4667.8
Colomastix pusilla,Solea solea,0.0011774,4667.8
Corophium acutum,Solea solea,0.017345,4667.8
Coryphella pellucida,Solea solea,0.034575,4667.8
Dicata odhneri,Solea solea,0.0087573,4667.8
Galathea squamifera,Solea solea,0.25716,4667.8
Galathea strigosa,Solea solea,0.9319,4667.8
Gammarus salinus,Solea solea,0.0050477,4667.8
Gitana sarsi,Solea solea,0.00043147,4667.8
Glycimeris glycimeris,Solea solea,0.050704,4667.8
Helcion pellucidum,Solea solea,0.02164,4667.8
Hinia incrassata,Solea solea,0.0074024,4667.8
Homarus gammarus,Solea solea,18.661,4667.8
Hyale pontica,Solea solea,0.0028366,4667.8
Hyale prevostii,Solea solea,0.0029956,4667.8
Hyas coarctatus,Solea solea,0.22505,4667.8
Hyperoplus immaculatus,Solea solea,132.91,4667.8
Hyperoplus lanceolatus,Solea solea,166.84,4667.8
Iphimedia minuta,Solea solea,0.0017267,4667.8
Jassa falcata,Solea solea,0.0023867,4667.8
Jassa marmorata,Solea solea,0.0023157,4667.8
Lanice conchilega,Solea solea,4.3528,4667.8
Lepsiella albomarginata,Solea solea,0.02164,4667.8
Limacia clavigeria,Solea solea,0.02164,4667.8
Littorina littorea,Solea solea,0.050704,4667.8
Littorina neritoides,Solea solea,0.0040458,4667.8
Littorina obtusata,Solea solea,0.011827,4667.8
Littorina saxatilis,Solea solea,0.010232,4667.8
Maja squinado,Solea solea,2.7243,4667.8
Melita hergensis,Solea solea,0.0050477,4667.8
Metaphoxus fultoni,Solea solea,0.00069876,4667.8
Microjassa cumbrensis,Solea solea,0.00037508,4667.8
Mytilus edulis,Solea solea,0.77627,4667.8
Mytilus galloprovincialis,Solea solea,0.25716,4667.8
Necora puber,Solea solea,0.080569,4667.8
Ocenebra erinacea,Solea solea,0.14823,4667.8
Onchidoris bilamellata,Solea solea,0.092772,4667.8
Orchestia gammarellus,Solea solea,0.00094371,4667.8
Orchestia mediterranea,Solea solea,0.00077613,4667.8
Orchomene humilis,Solea solea,0.0031592,4667.8
Pagurus bernhardus,Solea solea,0.070086,4667.8
Palaemon serratus,Solea solea,0.0033409,4667.8
Parajassa pelagica,Solea solea,0.0011774,4667.8
Pecten maximus,Solea solea,1.1025,4667.8
Philine aperta,Solea solea,0.050704,4667.8
Phtisica marina,Solea solea,0.034575,4667.8
Polycera quadrilineata,Solea solea,0.11881,4667.8
Polynoidae,Solea solea,0.63546,4667.8
Themisto gracilipes,Solea solea,0.0080649,4667.8
Tritaeta gibbosa,Solea solea,0.0061662,4667.8
Anomia ephippium,Balistes carolinensis,0.21737,6150
Caprella acanthifera,Balistes carolinensis,0.0087573,6150
Gammaropsis maculata,Balistes carolinensis,0.0050477,6150
Hyale stebbingi,Balistes carolinensis,0.0034131,6150
Iphimedia nexa,Balistes carolinensis,0.0087573,6150
Luidia ciliaris,Balistes carolinensis,6.3833,6150
Mytilus edulis,Balistes carolinensis,0.77627,6150
Podocerus variegatus,Balistes carolinensis,0.034575,6150
Stenothoe monoculoides,Balistes carolinensis,0.0014383,6150
Venus fasciata,Balistes carolinensis,0.034575,6150
Cerastoderma edule,Anguilla anguilla,0.050704,6599
Gammaropsis maculata,Anguilla anguilla,0.0050477,6599
Gammarus insensiblis,Anguilla anguilla,0.0074024,6599
Gobius paganellus,Anguilla anguilla,23.06,6599
Lumbrinereis,Anguilla anguilla,3.0182,6599
Merlangius merlangius,Anguilla anguilla,3110,6599
Palaemon serratus,Anguilla anguilla,0.0033409,6599
Pandalus montagui,Anguilla anguilla,1.7051,6599
Pholis gunnellus,Anguilla anguilla,71.2,6599
Trisopterus minutus,Anguilla anguilla,648.07,6599
Adalaria proximata,Pleuronectes platessa,0.015383,7000
Cerastoderma edule,Pleuronectes platessa,0.050704,7000
Venus fasciata,Pleuronectes platessa,0.034575,7000
Venus striatula,Pleuronectes platessa,0.092772,7000
Gobius niger,Scophthalmus rhombus,78.15,8000
Gobius paganellus,Scophthalmus rhombus,23.06,8000
Liocarcinus depurator,Scophthalmus rhombus,0.63546,8000
Ascophyllum,Cyclopterus lumpus,373.48,9500
Asparagopsis armata,Cyclopterus lumpus,0.28161,9500
Bougainvillea ramosa,Cyclopterus lumpus,0.0074024,9500
Calanus elongatus,Cyclopterus lumpus,0.00013777,9500
Ceramium diaphanum,Cyclopterus lumpus,0.032716,9500
Chaetomorpha linum,Cyclopterus lumpus,0.28161,9500
Chondrus crispus,Cyclopterus lumpus,0.060571,9500
Cladophora albida,Cyclopterus lumpus,0.020359,9500
Codium fragile,Cyclopterus lumpus,0.83786,9500
Diosaccuss tenuicornis,Cyclopterus lumpus,2.51e-05,9500
Ectocarpus siliculosus,Cyclopterus lumpus,0.28161,9500
Enteromorpha compressa,Cyclopterus lumpus,0.28161,9500
Evadne nordmanni,Cyclopterus lumpus,9.39e-05,9500
Feldmannia globifera,Cyclopterus lumpus,0.020359,9500
Fucus serratus,Cyclopterus lumpus,27,9500
Fucus vesiculosus,Cyclopterus lumpus,27,9500
Gammarus insensiblis,Cyclopterus lumpus,0.0074024,9500
Gammarus salinus,Cyclopterus lumpus,0.0050477,9500
Himanthalia lorea,Cyclopterus lumpus,0.020359,9500
Jania rubens,Cyclopterus lumpus,2.29e-05,9500
Laurencia platycephala,Cyclopterus lumpus,0.011836,9500
Palaemon serratus,Cyclopterus lumpus,0.0033409,9500
Phaeophila leptochaete,Cyclopterus lumpus,0.060571,9500
Polysiphonia fruticulosa,Cyclopterus lumpus,0.04987,9500
Polysiphonia urceolata,Cyclopterus lumpus,0.020359,9500
Sphacelaria cirrosa,Cyclopterus lumpus,0.020359,9500
Stilophora rhizodes,Cyclopterus lumpus,0.072874,9500
Thalestris rufovalescans,Cyclopterus lumpus,0.00020998,9500
Tigriopus californicus,Cyclopterus lumpus,4.9e-05,9500
Zaus spinatus,Cyclopterus lumpus,8.13e-05,9500
Anguilla anguilla,Lutra lutra,6599,10100
Callionymus lyra,Conger conger,14.78,10100
Carcinus maenas,Conger conger,0.059727,10100
Coryphoblennius galerita,Conger conger,3.92,10100
Galathea strigosa,Conger conger,0.9319,10100
Hediste diversicolor,Conger conger,2.7243,10100
Homarus gammarus,Lutra lutra,18.661,10100
Hyperoplus immaculatus,Conger conger,132.91,10100
Lepidonotos squamatus,Conger conger,0.14823,10100
Limanda limanda,Conger conger,1000,10100
Liocarcinus arcuatus,Conger conger,0.050704,10100
Liocarcinus depurator,Conger conger,0.63546,10100
Lipophrys pholis,Conger conger,251.1,10100
Lumbrinereis,Conger conger,3.0182,10100
Mullus surmuletus,Conger conger,1000,10100
Necora puber,Conger conger,0.080569,10100
Nephrops norvegicus,Conger conger,3.0182,10100
Nephrops norvegicus,Lutra lutra,3.0182,10100
Nereis virens,Conger conger,0.37713,10100
Paracentrotus lividus,Lutra lutra,0.26729,10100
Platichthys flesus,Conger conger,14000,10100
Polynoidae,Conger conger,0.63546,10100
Salmo salar,Lutra lutra,46800,10100
Salmo trutta,Lutra lutra,50000,10100
Spinachia spinachia,Lutra lutra,22.36,10100
Trisopterus luscus,Conger conger,1501.9,10100
Trisopterus minutus,Conger conger,648.07,10100
Arnoglossus laterna,Scyliorhinus stellaris,131.17,12091
Limanda limanda,Scyliorhinus stellaris,1000,12091
Microstomus kitt,Scyliorhinus stellaris,2950,12091
Platichthys flesus,Scyliorhinus stellaris,14000,12091
Scyliorhinus canicula,Scyliorhinus stellaris,1360,12091
Abra alba,Platichthys flesus,0.0017267,14000
Akera bullata,Platichthys flesus,0.18107,14000
Anomia ephippium,Platichthys flesus,0.21737,14000
Aphrodite aculeata,Platichthys flesus,0.63546,14000
Archidoris pseudoargus,Platichthys flesus,0.9319,14000
Cerithiopsis tubercularis,Platichthys flesus,0.0023867,14000
Chthamalus stellatus,Platichthys flesus,0.010232,14000
Circeis armoricana,Platichthys flesus,0.011827,14000
Eulalia virdis,Platichthys flesus,1.489,14000
Fish eggs/larvae,Platichthys flesus,0.00023,14000
Gammaropsis maculata,Platichthys flesus,0.0050477,14000
Glycimeris glycimeris,Platichthys flesus,0.050704,14000
Hediste diversicolor,Platichthys flesus,2.7243,14000
Helcion pellucidum,Platichthys flesus,0.02164,14000
Janua pagenstecheri,Platichthys flesus,0.00023053,14000
Limacia clavigeria,Platichthys flesus,0.02164,14000
Littorina littorea,Platichthys flesus,0.050704,14000
Littorina neritoides,Platichthys flesus,0.0040458,14000
Lumbrinereis,Platichthys flesus,3.0182,14000
Nereis virens,Platichthys flesus,0.37713,14000
Palaemon serratus,Platichthys flesus,0.0033409,14000
Polycera quadrilineata,Platichthys flesus,0.11881,14000
Sabellidae,Platichthys flesus,0.63546,14000
Callionymus lyra,Myoxocephalus scorpius,14.78,16048
Clupea harengus,Myoxocephalus scorpius,1050,16048
Fish eggs/larvae,Myoxocephalus scorpius,0.00023,16048
Gadhus morhua,Myoxocephalus scorpius,96000,16048
Gaidropsarus vulgaris,Myoxocephalus scorpius,1972.3,16048
Galathea strigosa,Myoxocephalus scorpius,0.9319,16048
Hediste diversicolor,Myoxocephalus scorpius,2.7243,16048
Hyas araneus,Myoxocephalus scorpius,0.70402,16048
Hyas coarctatus,Myoxocephalus scorpius,0.22505,16048
Lumbrinereis,Myoxocephalus scorpius,3.0182,16048
Nephrops norvegicus,Myoxocephalus scorpius,3.0182,16048
Palaemon serratus,Myoxocephalus scorpius,0.0033409,16048
Polynoidae,Myoxocephalus scorpius,0.63546,16048
Spinachia spinachia,Myoxocephalus scorpius,22.36,16048
Sprattus sprattus,Myoxocephalus scorpius,33.63,16048
Acartia clausi,Pollachius pollachius,0.00017189,18100
Aphrodite aculeata,Pollachius pollachius,0.63546,18100
Cirratulus cirratus,Pollachius pollachius,0.9319,18100
Clupea harengus,Pollachius pollachius,1050,18100
Diosaccuss tenuicornis,Pollachius pollachius,2.51e-05,18100
Eumida sanguinea,Pollachius pollachius,0.30047,18100
Eutemora hirundoides,Pollachius pollachius,6.96e-05,18100
Fish eggs/larvae,Pollachius pollachius,0.00023,18100
Lumbrinereis,Pollachius pollachius,3.0182,18100
Metridia lucens,Pollachius pollachius,0.00094371,18100
Nereis virens,Pollachius pollachius,0.37713,18100
Semibalanus balanoides,Pollachius pollachius,0.034575,18100
Spirobis cuneatus,Pollachius pollachius,0.0010339,18100
Verruca stroemia,Pollachius pollachius,0.0031592,18100
Aphia minuta,Squatina squatina,1.08,20325
Arnoglossus laterna,Squatina squatina,131.17,20325
Atherina presbyter,Squatina squatina,60.92,20325
Balistes carolinensis,Squatina squatina,6150,20325
Belone belone,Squatina squatina,429.24,20325
Callionymus lyra,Squatina squatina,14.78,20325
Centrolabrus exoletus,Squatina squatina,47.15,20325
Cepola macrophthalma,Squatina squatina,34.32,20325
Chelon labrosus,Squatina squatina,4500,20325
Ciliata mustela,Squatina squatina,100,20325
Conger conger,Squatina squatina,10100,20325
Coryphoblennius galerita,Squatina squatina,3.92,20325
Crystallogobius linearis,Squatina squatina,1.08,20325
Ctenolabrus rupestris,Squatina squatina,47.15,20325
Cyclopterus lumpus,Squatina squatina,9500,20325
Entelurus aequoreus,Squatina squatina,432,20325
Eutrigla gurnardus,Squatina squatina,956,20325
Gadhus morhua,Squatina squatina,96000,20325
Gaidropsarus vulgaris,Squatina squatina,1972.3,20325
Gobius couchi,Squatina squatina,5.39,20325
Gobius niger,Squatina squatina,78.15,20325
Gobiusculus flavescens,Squatina squatina,2.27,20325
Hyperoplus immaculatus,Squatina squatina,132.91,20325
Labrus bergylta,Squatina squatina,4350,20325
Labrus mixtus,Squatina squatina,992.83,20325
Lepadogaster candolii,Squatina squatina,12.11,20325
Limanda limanda,Squatina squatina,1000,20325
Liparis montagui,Squatina squatina,52.19,20325
Lipophrys pholis,Squatina squatina,251.1,20325
Molva molva,Squatina squatina,45000,20325
Mullus surmuletus,Squatina squatina,1000,20325
Myoxocephalus scorpius,Squatina squatina,16048,20325
Parablennius gattorugine,Squatina squatina,514.79,20325
Pholis gunnellus,Squatina squatina,71.2,20325
Phrynorhombus norvegicus,Squatina squatina,27.29,20325
Platichthys flesus,Squatina squatina,14000,20325
Pollachius pollachius,Squatina squatina,18100,20325
Psetta maxima,Squatina squatina,25000,20325
Raja clavata,Squatina squatina,2014.8,20325
Salmo trutta,Squatina squatina,50000,20325
Sardina pilchardus,Squatina squatina,76.65,20325
Scyliorhinus canicula,Squatina squatina,1360,20325
Scyliorhinus stellaris,Squatina squatina,12091,20325
Solea solea,Squatina squatina,4667.8,20325
Spinachia spinachia,Squatina squatina,22.36,20325
Taurulus bubalis,Squatina squatina,240.63,20325
Thorogobius ephippiatus,Squatina squatina,23.56,20325
Trisopterus luscus,Squatina squatina,1501.9,20325
Zeugopterus punctatus,Squatina squatina,347.48,20325
Zeus faber,Squatina squatina,58.518,20325
Ascophyllum,Psetta maxima,373.48,25000
Asparagopsis armata,Psetta maxima,0.28161,25000
Ceramium rubrum,Psetta maxima,0.5051,25000
Chaetomorpha linum,Psetta maxima,0.28161,25000
Cladophora dalmatica,Psetta maxima,0.10288,25000
Cladophora rupestris,Psetta maxima,0.0043789,25000
Dictyota dichotoma,Psetta maxima,0.28161,25000
Ectocarpus confervoides,Psetta maxima,0.020359,25000
Ectocarpus siliculosus,Psetta maxima,0.28161,25000
Feldmannia globifera,Psetta maxima,0.020359,25000
Gammarellus angulosus,Psetta maxima,0.011827,25000
Gammaropsis maculata,Psetta maxima,0.0050477,25000
Gammarus salinus,Psetta maxima,0.0050477,25000
Himanthalia lorea,Psetta maxima,0.020359,25000
Jania rubens,Psetta maxima,2.29e-05,25000
Semibalanus balanoides,Psetta maxima,0.034575,25000
Sphacelaria cirrosa,Psetta maxima,0.020359,25000
Stilophora rhizodes,Psetta maxima,0.072874,25000
Thalestris rufovalescans,Psetta maxima,0.00020998,25000
Tigriopus californicus,Psetta maxima,4.9e-05,25000
Verruca stroemia,Psetta maxima,0.0031592,25000
Acartia clausi,Pollachius virens,0.00017189,32000
Ampelisca brevicornis,Pollachius virens,0.0074024,32000
Ampelisca diadema,Pollachius virens,0.0061662,32000
Amphilochus neopolitanus,Pollachius virens,0.0012274,32000
Apherusa bispinosa,Pollachius virens,0.0014938,32000
Apherusa jurinei,Pollachius virens,0.0017267,32000
Calanus helgolandicus,Pollachius virens,0.00020998,32000
Caprella acanthifera,Pollachius virens,0.0087573,32000
Caprella fretensis,Pollachius virens,0.0087573,32000
Caprella penantis,Pollachius virens,0.029021,32000
Centropages typicus,Pollachius virens,0.00010758,32000
Clupea harengus,Pollachius virens,1050,32000
Corophium acutum,Pollachius virens,0.017345,32000
Corophium bonnellii,Pollachius virens,0.0014383,32000
Evadne nordmanni,Pollachius virens,9.39e-05,32000
Fish eggs/larvae,Pollachius virens,0.00023,32000
Gammaropsis maculata,Pollachius virens,0.0050477,32000
Gitana sarsi,Pollachius virens,0.00043147,32000
Hyale perieri,Pollachius virens,0.0043342,32000
Hyale pontica,Pollachius virens,0.0028366,32000
Hyale stebbingi,Pollachius virens,0.0034131,32000
Hyperia galba,Pollachius virens,0.0074024,32000
Hyperoplus immaculatus,Pollachius virens,132.91,32000
Iphimedia minuta,Pollachius virens,0.0017267,32000
Iphimedia nexa,Pollachius virens,0.0087573,32000
Jassa falcata,Pollachius virens,0.0023867,32000
Jassa marmorata,Pollachius virens,0.0023157,32000
Leptocheirus pectinatus,Pollachius virens,0.00073691,32000
Leptocheirus tricristatus,Pollachius virens,0.0011774,32000
Merlangius merlangius,Pollachius virens,3110,32000
Metaphoxus fultoni,Pollachius virens,0.00069876,32000
Microdeutopus chelifer,Pollachius virens,0.0025321,32000
Orchestia gammarellus,Pollachius virens,0.00094371,32000
Orchestia mediterranea,Pollachius virens,0.00077613,32000
Orchomene humilis,Pollachius virens,0.0031592,32000
Parajassa pelagica,Pollachius virens,0.0011774,32000
Phtisica marina,Pollachius virens,0.034575,32000
Podocerus variegatus,Pollachius virens,0.034575,32000
Pseudoprotella phasma,Pollachius virens,0.034575,32000
Stenothoe monoculoides,Pollachius virens,0.0014383,32000
Stenula rubrovittata,Pollachius virens,0.0011774,32000
Trisopterus luscus,Pollachius virens,1501.9,32000
Tritaeta gibbosa,Pollachius virens,0.0061662,32000
Urothoe elegans,Pollachius virens,0.00081642,32000
Coryphella pedata,Molva molva,0.011827,45000
Thyasira flexuosa,Molva molva,0.0050477,45000
Venus fasciata,Molva molva,0.034575,45000
Clupea harengus,Salmo salar,1050,46800
Crangon crangon,Salmo salar,0.28272,46800
Gasterosteus aculeatus,Salmo salar,20,46800
Hyperia galba,Salmo salar,0.0074024,46800
Hyperoplus immaculatus,Salmo salar,132.91,46800
Hyperoplus lanceolatus,Salmo salar,166.84,46800
Palaemon serratus,Salmo salar,0.0033409,46800
Spinachia spinachia,Salmo salar,22.36,46800
Gammaropsis maculata,Salmo trutta,0.0050477,50000
Gobius paganellus,Salmo trutta,23.06,50000
Hyperoplus lanceolatus,Salmo trutta,166.84,50000
Ampelisca diadema,Gadhus morhua,0.0061662,96000
Amphilochus neopolitanus,Gadhus morhua,0.0012274,96000
Apherusa bispinosa,Gadhus morhua,0.0014938,96000
Aslia lefevrei,Gadhus morhua,1.489,96000
Asterias rubens,Gadhus morhua,3.0182,96000
Asterina phylactica,Gadhus morhua,0.011827,96000
Calanus elongatus,Gadhus morhua,0.00013777,96000
Calanus helgolandicus,Gadhus morhua,0.00020998,96000
Callionymus lyra,Gadhus morhua,14.78,96000
Caprella penantis,Gadhus morhua,0.029021,96000
Carcinus maenas,Gadhus morhua,0.059727,96000
Corophium acutum,Gadhus morhua,0.017345,96000
Corophium bonnellii,Gadhus morhua,0.0014383,96000
Echinus esculentus,Gadhus morhua,0.63546,96000
Galathea strigosa,Gadhus morhua,0.9319,96000
Gammarellus angulosus,Gadhus morhua,0.011827,96000
Gammaropsis maculata,Gadhus morhua,0.0050477,96000
Gammarus salinus,Gadhus morhua,0.0050477,96000
Gitana sarsi,Gadhus morhua,0.00043147,96000
Hyale pontica,Gadhus morhua,0.0028366,96000
Hyale prevostii,Gadhus morhua,0.0029956,96000
Hyas araneus,Gadhus morhua,0.70402,96000
Iphimedia minuta,Gadhus morhua,0.0017267,96000
Iphimedia nexa,Gadhus morhua,0.0087573,96000
Jassa falcata,Gadhus morhua,0.0023867,96000
Jassa marmorata,Gadhus morhua,0.0023157,96000
Leptocheirus pectinatus,Gadhus morhua,0.00073691,96000
Leucothoe incisa,Gadhus morhua,0.0023867,96000
Limanda limanda,Gadhus morhua,1000,96000
Melita hergensis,Gadhus morhua,0.0050477,96000
Metaphoxus fultoni,Gadhus morhua,0.00069876,96000
Myoxocephalus scorpius,Gadhus morhua,16048,96000
Orchestia gammarellus,Gadhus morhua,0.00094371,96000
Orchestia mediterranea,Gadhus morhua,0.00077613,96000
Orchomene humilis,Gadhus morhua,0.0031592,96000
Pagurus bernhardus,Gadhus morhua,0.070086,96000
Parajassa pelagica,Gadhus morhua,0.0011774,96000
Pholis gunnellus,Gadhus morhua,71.2,96000
Phrynorhombus norvegicus,Gadhus morhua,27.29,96000
Phtisica marina,Gadhus morhua,0.034575,96000
Pollachius pollachius,Gadhus morhua,18100,96000
Psammechinus miliaris,Gadhus morhua,0.63546,96000
Scyliorhinus canicula,Gadhus morhua,1360,96000
Solea solea,Gadhus morhua,4667.8,96000
Spinachia spinachia,Gadhus morhua,22.36,96000
Taurulus bubalis,Gadhus morhua,240.63,96000
Thalestris rufovalescans,Gadhus morhua,0.00020998,96000
Tigriopus brevicornis,Gadhus morhua,5.88e-05,96000
Tigriopus californicus,Gadhus morhua,4.9e-05,96000
Tritaeta gibbosa,Gadhus morhua,0.0061662,96000
Tryphosella sarsi,Gadhus morhua,0.00034844,96000
Ammodytes tobianus,Halichoerus grypus,199.09,173000
Clupea harengus,Halichoerus grypus,1050,173000
Conger conger,Halichoerus grypus,10100,173000
Gadhus morhua,Halichoerus grypus,96000,173000
Hyperoplus immaculatus,Halichoerus grypus,132.91,173000
Hyperoplus lanceolatus,Halichoerus grypus,166.84,173000
Merlangius merlangius,Halichoerus grypus,3110,173000
Molva molva,Halichoerus grypus,45000,173000
Pleuronectes platessa,Halichoerus grypus,7000,173000
Pollachius pollachius,Halichoerus grypus,18100,173000
Pollachius virens,Halichoerus grypus,32000,173000
Scomber scombrus,Halichoerus grypus,3400,173000
Trisopterus luscus,Halichoerus grypus,1501.9,173000
Elminius modestus,Cetorhinus maximus,0.011827,4000000
Metridia lucens,Cetorhinus maximus,0.00094371,4000000
Semibalanus balanoides,Cetorhinus maximus,0.034575,4000000
