Score,Label
0.486113,1
2.205138e-16,1
0.8357643,1
5.760921e-25,1
1,1
1,1
1,1
0.999738,1
0.9966312,1
1,1
1,1
0.9992182,1
0.9983063,1
0.9759759,1
0.8814576,1
0.9999293,1
0.9968971,1
0.0268706,1
0.9999844,1
0.6111358,1
0.5053326,1
0.9988598,1
0.9999985,1
0.9996654,1
0.9999996,1
0.9910631,1
1,1
0.9999998,1
1,1
1,1
1,1
1,1
0.9998368,1
0.4795196,1
0.0803297,1
1,1
0.9214403,1
0.0007245154,1
0.994607,1
0.9999999,1
0.9985119,1
1,1
0.9999999,1
0.02492054,1
0.9999977,1
0.9997429,1
0.999995,1
0.9999983,1
0.999998,1
0.9766765,1
0.999907,1
0.9123935,1
0.999998,1
0.2720704,1
0.2720704,1
0.2720704,1
0.9999977,1
0.9999977,1
0.9932727,1
0.999994,1
1,1
0.5014992,1
0.7755361,1
0.7755361,1
0.7755361,1
0.9999593,1
0.9999998,1
0.9718691,1
0.9999983,1
0.7755361,1
0.7755361,1
0.7755361,1
0.4515675,1
0.7755361,1
0.3834614,1
0.9999988,1
0.3426619,1
0.9999994,1
0.9998451,1
0.4515675,1
0.6111358,1
0.9999992,1
1,1
3.964721e-19,1
0.1496105,1
0.9968149,1
4.951505e-11,1
0.6111358,1
1,1
1,1
0.9820619,1
0.9999945,1
0.5946128,1
1,1
0.955406,1
0.9945437,1
0.3577955,1
0.5230899,1
0.3577955,1
0.5946128,1
0.0001366616,1
0.998884,1
2.557211e-06,1
1,1
2.749076e-07,1
1,1
0.9988585,1
0.0001198628,1
0.9997508,1
3.552239e-06,1
0.9999949,1
2.557211e-06,1
1,1
1,1
0.9999601,1
1,1
0.9999998,1
0.9561285,1
0.9995937,1
1,1
0.06588721,1
0.9999958,1
2.230962e-05,1
0.9369332,1
0.9999968,1
0.8845625,1
0.9994824,1
1,1
0.9992737,1
0.8845625,1
0.9999865,1
0.8845625,1
1,1
1,1
0.486113,1
0.486113,1
0.001055979,1
1,1
1,1
1,1
1,1
0.9999994,1
1,1
1,1
6.533322e-07,1
1,1
1,1
1,1
0.91649,1
1.57135e-11,1
1.33341e-09,1
0.9844925,1
0.9996684,1
0.9999796,1
0.08298983,1
0.9999989,1
0.9999994,1
0.9999992,1
0.9999895,1
0.9999988,1
1,1
7.296093e-15,1
8.784957e-18,1
4.9698e-20,1
0.01169598,1
0.9017185,1
0.486113,1
0.006435745,1
1,1
0.9737296,1
1,1
0.5217696,1
1,1
0.6066791,1
0.5217696,1
0.5217696,1
0.5217696,1
0.1909349,1
0.847785,1
0.5217696,1
0.9908166,1
0.9898083,1
0.5217696,1
0.1239629,1
1,1
1,1
0.9999994,1
1,1
0.827716,1
0.5217696,1
1,1
1,1
0.6743379,1
0.6066791,1
0.8540058,1
0.3843521,1
7.418723e-05,1
0.999984,1
1,1
0.3843521,1
1,1
0.3843521,1
0.999984,1
0.9997031,1
0.3843521,1
0.9960167,1
0.9998864,1
0.03948422,1
0.9872584,1
1,1
0.3843521,1
0.3843521,1
0.9990889,1
0.9756008,1
0.9999907,1
0.9998887,1
0.9878767,1
1,1
0.9999999,1
0.9999292,1
0.486113,1
0.486113,1
1,1
0.9997483,1
0.9922616,1
1,1
0.9999806,1
1,1
0.9996301,1
1,1
1,1
0.9999995,1
0.9597459,1
0.9999992,1
0.9997188,1
1,1
1,1
0.04607034,1
0.007606341,1
1,1
0.9999989,1
1,1
1.338742e-12,1
0.999993,1
0.9999998,1
0.9978883,1
1,1
1,1
0.3675971,1
0.01427587,1
0.9958872,1
0.9999994,1
0.9943208,1
0.9999502,1
0.999992,1
0.9999328,1
0.9870585,1
0.3675971,1
0.9998581,1
0.9999994,1
1,1
0.3675971,1
0.9995849,1
1,1
0.9991606,1
0.3675971,1
0.9999987,1
0.002376608,1
0.9998211,1
0.9929926,1
0.002376608,1
0.9972063,1
0.9999427,1
0.007279916,1
0.8458213,1
0.001603635,1
5.404436e-07,1
0.9999663,1
5.478747e-11,1
0.9999887,1
0.6200364,1
6.047511e-06,1
1.268886e-06,1
0.8709992,1
0.486113,1
0.486113,1
0.9918487,1
0.486113,1
2.60016e-10,1
1.268886e-06,1
0.999828,1
0.7985051,1
1,1
0.9999996,1
1,1
0.9999998,1
0.7985051,1
1,1
0.9999996,1
0.7985051,1
0.7985051,1
0.7985051,1
0.7985051,1
0.996375,1
1,1
0.9999993,1
1,1
0.9986458,1
0.7985051,1
0.9999998,1
0.7985051,1
0.9804806,1
0.7985051,1
1,1
0.2163557,1
0.9999928,1
0.9566554,1
1,1
0.5759289,1
0.5759289,1
0.5759289,1
0.5759289,1
0.5584173,1
0.2163557,1
0.9999999,1
0.9999928,1
0.4992746,1
1,1
0.9948264,1
0.5759289,1
0.5759289,1
1,1
0.9999928,1
0.5759289,1
0.999546,1
0.5759289,1
0.6049016,1
0.2163557,1
0.5861751,1
0.9925823,1
0.5861751,1
0.5861751,1
0.5861751,1
0.5861751,1
0.5861751,1
0.9998092,1
0.5861751,1
0.572998,1
0.5861751,1
1,1
0.9998092,1
0.5861751,1
0.9989906,1
0.5861751,1
0.9348121,1
0.9999985,1
0.5861751,1
0.5861751,1
0.9998092,1
0.9998092,1
0.9999999,1
1,1
0.999995,1
0.08561868,1
0.5759289,1
0.5759289,1
0.5759289,1
0.5759289,1
0.5759289,1
0.5759289,1
0.5759289,1
0.08561868,1
0.5759289,1
0.5584173,1
0.5759289,1
0.999995,1
0.6816599,1
0.5759289,1
0.5759289,1
0.5584173,1
0.5759289,1
0.6816599,1
0.5759289,1
0.5759289,1
0.5759289,1
0.5759289,1
0.9999945,1
0.9999998,1
0.9999998,1
1,1
2.64856e-06,1
0.9943421,1
0.9943421,1
0.9955627,1
1,1
0.9999962,1
0.9989478,1
2.64856e-06,1
0.999965,1
0.9999962,1
2.64856e-06,1
0.9999999,1
0.3575455,1
0.3575455,1
0.3575455,1
0.3575455,1
0.3575455,1
0.3575455,1
0.3575455,1
1,1
1,1
0.3575455,1
1,1
0.3575455,1
0.3575455,1
0.8453715,1
1,1
0.9999368,1
0.9999995,1
0.9999999,1
0.6016243,1
8.430769e-10,1
9.771808e-06,1
0.06668112,1
0.5949465,1
0.3714588,1
1,1
0.450781,1
0.9999999,1
0.8919601,1
0.000289784,1
9.82213e-06,1
0.9997752,1
0.9997752,1
0.1226185,1
0.7929343,1
1,1
0.1226185,1
1,1
0.9999995,1
1,1
0.9488626,1
0.9771131,1
0.9999965,1
0.9679365,1
1,1
0.983825,1
1,1
1,1
0.003849312,1
0.5859893,1
0.9902925,1
0.9999982,1
5.094591e-08,1
1,1
0.9999982,1
1,1
0.6506565,1
0.6506565,1
0.3113654,1
0.981196,1
0.01196762,1
0.8370456,1
0.8169219,1
0.9017185,1
5.346735e-09,1
1,1
0.9998441,1
0.9154174,1
0.9999255,1
0.9116149,1
0.9402736,1
1,1
1,1
4.544415e-11,1
1.16036e-10,1
0.258354,1
0.9999942,1
0.4053187,1
0.9999996,1
0.9998622,1
0.9999721,1
0.4053187,1
0.9999996,1
0.9998622,1
0.9999145,1
1,1
0.4053187,1
0.4053187,1
1,1
0.9999981,1
0.4053187,1
0.9998622,1
1,1
0.4053187,1
0.4053187,1
0.9999981,1
0.9998752,1
0.9999145,1
0.9998318,1
1,1
1,1
0.9996744,1
0.2582221,1
1,1
0.9999996,1
3.042009e-08,1
0.9999944,1
1,1
0.9999944,1
0.01725958,1
0.006655495,1
1,1
1,1
1,1
0.9303094,1
0.9999998,1
0.5544532,1
0.9993005,1
1,1
0.5822204,1
1.255804e-05,1
1,1
0.8440393,1
0.9990135,1
1,1
0.9990135,1
1,1
0.4791502,1
1.967608e-08,1
4.411265e-06,1
0.7274545,1
1,1
1,1
0.001124225,1
0.5759289,1
0.5759289,1
0.5759289,1
0.5759289,1
0.999995,1
0.999995,1
0.5759289,1
0.5759289,1
0.5759289,1
0.5584173,1
0.9864551,1
0.9999667,1
0.9992087,1
0.3014036,1
0.9999983,1
1,1
0.9999952,1
0.9927037,1
1,1
0.9999999,1
0.9999826,1
0.3014036,1
0.99951,1
0.9999987,1
0.9999998,1
0.5759289,1
0.8458213,1
0.5861751,1
1,1
0.5067049,1
0.1828179,1
0.3329145,1
0.9993274,1
0.05154192,1
1.560652e-05,1
1.558033e-08,1
0.3927476,1
0.006435745,1
0.1870396,1
0.000456177,1
0.1743381,1
0.4938879,1
0.9999971,1
0.9999998,1
0.03290122,1
0.9999788,1
0.3111816,1
0.9998828,1
1,1
0.9986227,1
0.02255948,1
0.9999788,1
1,1
0.3111816,1
0.0003163739,1
0.9996789,1
0.9998398,1
2.356718e-05,1
0.99831,1
0.9999994,1
1,1
0.9998752,1
1,1
1,1
1,1
2.356718e-05,1
0.001108445,1
0.9999973,1
1,1
1.828098e-06,1
1,1
0.09673312,1
0.999952,1
0.9999996,1
1.162598e-05,1
0.0001470904,1
1,1
0.0002271148,1
1.828098e-06,1
1.828098e-06,1
0.02793776,1
1.828098e-06,1
0.9999989,1
0.513172,1
0.513172,1
0.9996356,1
0.9997726,1
0.513172,1
0.513172,1
1,1
0.9999723,1
0.513172,1
0.513172,1
0.513172,1
0.9999998,1
0.7422211,1
1,1
0.513172,1
0.9967609,1
0.9999567,1
1,1
0.513172,1
1,1
0.513172,1
0.9999994,1
0.999602,1
5.142614e-08,1
0.9865344,1
0.9987256,1
0.9253637,1
0.995513,1
0.7289991,1
0.004359743,1
1,1
0.9999924,1
0.8935128,1
1,1
6.519032e-07,1
0.7218869,1
0.004359743,1
0.99756,1
1,1
0.9437789,1
0.004359743,1
1,1
1,1
0.4675463,1
0.004847993,1
0.4659486,1
0.9999998,1
0.4659486,1
0.4659486,1
0.4659486,1
0.4659486,1
1,1
0.4659486,1
0.9999998,1
0.8074051,1
1,1
1,1
1,1
0.9999992,1
1,1
0.9448047,1
0.9999667,1
1,1
0.1710548,1
0.9999995,1
0.9448047,1
0.7739277,1
0.9953269,1
0.1759179,1
1.458486e-09,1
0.9999707,1
0.9968149,1
0.6506565,1
0.9968149,1
0.9999652,1
0.9999759,1
0.3868292,1
5.844982e-14,1
0.9999974,1
0.2736525,1
0.9997476,1
0.7135777,1
1,1
0.9999999,1
1,1
0.5492585,1
0.2702332,1
0.9960942,1
1,1
0.9999996,1
0.8546814,1
1.418577e-06,1
0.9999999,1
1,1
1,1
0.9999533,1
0.1085797,1
1,1
0.6116162,1
0.811,1
1,1
1,1
0.9999819,1
0.0004955059,1
3.744766e-06,1
1,1
0.9999102,1
1,1
1,1
0.9999949,1
1,1
0.9999999,1
0.1794534,1
0.002889334,1
1.300301e-05,1
0.6506565,1
0.6506565,1
0.3113654,1
1,1
0.2973632,1
0.9988528,1
0.9958456,1
1,1
4.003499e-08,1
1,1
1,1
1,1
0.9816273,1
0.9156306,1
0.004745382,1
0.3861381,1
0.4727161,1
0.4727161,1
0.05994521,1
0.1574673,1
0.9172604,1
0.9172604,1
0.1574673,1
0.4287198,1
0.4908455,1
0.006769187,1
0.05731921,1
0.486113,1
0.486113,1
0.486113,1
0.486113,1
0.9918487,1
0.486113,1
0.9996167,1
0.9996167,1
0.486113,1
0.486113,1
0.486113,1
0.486113,1
0.9918487,1
0.5759289,1
0.5759289,1
0.5759289,1
0.999995,1
0.999995,1
0.5759289,1
0.999995,1
0.5759289,1
0.5759289,1
0.08561868,1
1,1
0.9956736,1
0.9992087,1
0.9999261,1
0.9603515,1
0.2223458,1
0.9999979,1
0.9999999,1
0.999965,1
0.9999741,1
0.9999999,1
0.311786,1
0.311786,1
0.311786,1
0.9999896,1
0.02592894,1
0.9845296,1
0.9999896,1
0.9999896,1
0.9999896,1
0.9999896,1
0.9999669,1
0.9999896,1
0.8661401,1
0.9999994,1
0.9999943,1
0.1646613,1
0.06929055,1
1,1
0.1646613,1
0.9636987,1
0.5759289,1
0.03587088,1
0.2087058,1
2.022753e-16,1
0.9999818,1
0.9677435,1
0.9999818,1
0.3976593,1
1,1
0.01884196,1
5.566744e-11,1
1.531473e-18,1
1.932452e-24,0
9.104076e-13,0
5.679562e-29,0
2.651248e-12,0
9.559759e-19,0
2.899183e-10,0
2.899183e-10,0
1.468563e-06,0
0.6425171,0
4.441176e-06,0
2.004109e-19,0
4.342145e-30,0
1.117683e-25,0
2.899183e-10,0
7.355449e-15,0
8.855087e-15,0
3.814145e-19,0
2.28974e-10,0
2.899183e-10,0
2.149119e-12,0
0.001008621,0
1.533317e-14,0
2.339383e-16,0
8.30242e-07,0
2.373949e-09,0
1.117683e-25,0
1.095002e-13,0
2.825922e-13,0
1.54498e-11,0
6.090882e-23,0
4.173609e-08,0
2.10816e-22,0
4.721919e-05,0
6.646234e-23,0
1.369835e-28,0
2.029257e-12,0
2.26953e-11,0
6.195566e-14,0
1.282143e-12,0
2.891465e-12,0
2.474513e-12,0
8.12426e-18,0
0.001623311,0
2.899183e-10,0
1.595354e-05,0
1.302692e-07,0
4.33457e-09,0
1.43782e-09,0
0.0001821429,0
1.268454e-05,0
2.899183e-10,0
1.062431e-12,0
7.819585e-18,0
4.647551e-07,0
2.195548e-05,0
1.117683e-25,0
2.046305e-26,0
0.001008621,0
6.34722e-11,0
0.003359786,0
1.379341e-15,0
6.195566e-14,0
6.195566e-14,0
1.117683e-25,0
1.482487e-10,0
2.940756e-15,0
1.587643e-13,0
6.616566e-14,0
1.841157e-06,0
3.023178e-10,0
6.434552e-09,0
8.197418e-07,0
0.0001108276,0
7.376538e-11,0
6.866447e-08,0
3.050291e-10,0
1.125632e-07,0
4.173609e-08,0
2.899183e-10,0
7.351406e-07,0
6.69444e-19,0
4.186195e-17,0
1.195528e-10,0
1.600492e-10,0
0.003707239,0
9.963677e-23,0
1.423862e-10,0
4.02596e-26,0
7.966721e-07,0
0.0001273761,0
5.075772e-20,0
0.0001335924,0
2.10891e-09,0
1.262646e-12,0
1.579275e-06,0
1.093996e-10,0
0.01053497,0
1.101058e-06,0
4.241589e-09,0
2.640722e-18,0
3.84126e-11,0
1.817088e-18,0
1.723141e-20,0
1.130627e-08,0
1.85055e-06,0
4.676471e-05,0
1.360596e-07,0
5.803157e-11,0
4.178402e-13,0
0.486113,0
0.486113,0
0.486113,0
4.407898e-16,0
0.5759289,0
0.486113,0
7.167449e-10,0
4.951505e-11,0
0.00242036,0
4.616998e-12,0
0.6111358,0
0.486113,0
3.877866e-09,0
5.128954e-10,0
8.047973e-12,0
9.310115e-16,0
1.369112e-06,0
1.209147e-15,0
5.792427e-27,0
5.792427e-27,0
0.0001146427,0
5.090127e-10,0
9.335629e-13,0
3.287249e-17,0
2.484245e-16,0
1.173685e-23,0
5.792427e-27,0
1.712814e-05,0
1.615927e-21,0
3.25377e-13,0
2.72184e-08,0
4.14113e-12,0
5.792427e-27,0
3.155869e-18,0
5.688514e-15,0
0.03319606,0
2.019217e-21,0
1.1152e-11,0
5.107165e-10,0
8.78739e-21,0
6.131543e-06,0
3.228089e-15,0
4.082725e-12,0
8.923883e-17,0
2.44348e-18,0
1.289953e-27,0
2.904581e-13,0
3.074745e-16,0
2.546218e-14,0
1.997404e-16,0
3.423374e-12,0
4.166101e-12,0
6.773187e-05,0
1.040186e-08,0
3.219266e-26,0
2.45542e-05,0
2.937968e-20,0
4.145161e-05,0
2.370325e-12,0
6.735124e-17,0
6.721984e-09,0
2.134902e-27,0
9.070607e-09,0
8.199925e-17,0
3.153334e-15,0
5.419691e-11,0
1.173685e-23,0
2.321429e-21,0
2.268181e-13,0
3.876451e-10,0
4.167287e-15,0
2.771749e-21,0
1.997404e-16,0
1.173685e-23,0
1.997404e-16,0
2.049867e-12,0
6.704172e-13,0
1.152996e-16,0
1.261552e-13,0
3.611588e-18,0
1.999238e-11,0
0.02058248,0
0.01480064,0
6.954442e-15,0
5.657627e-05,0
3.860519e-11,0
2.44348e-18,0
7.969616e-06,0
5.444053e-13,0
4.975059e-18,0
3.017092e-16,0
2.542954e-16,0
1.112488e-13,0
3.380945e-37,0
7.058214e-17,0
5.018432e-22,0
5.39882e-22,0
1.381151e-09,0
5.018432e-22,0
1.779252e-11,0
7.640309e-18,0
3.29804e-16,0
3.374041e-13,0
7.15678e-10,0
9.813568e-11,0
2.994421e-10,0
7.32902e-07,0
1.838305e-13,0
8.131849e-20,0
4.904054e-13,0
2.2131e-10,0
2.802107e-17,0
2.64911e-08,0
0.002799678,0
0.6506565,0
0.3113654,0
0.609939,0
0.003326287,0
0.6506565,0
0.1630991,0
0.6506565,0
1.107008e-17,0
3.056362e-08,0
7.402306e-14,0
1.314745e-06,0
0.009079343,0
4.806298e-07,0
0.1630991,0
6.881246e-13,0
2.368994e-14,0
4.363949e-22,0
5.236446e-05,0
4.584905e-16,0
4.584905e-16,0
1.236073e-10,0
2.053812e-19,0
7.842754e-10,0
3.875306e-17,0
8.920293e-28,0
4.584905e-16,0
1.510624e-12,0
1.661067e-25,0
3.918703e-15,0
1.256084e-19,0
8.631095e-10,0
4.584905e-16,0
3.316205e-17,0
4.323717e-22,0
5.235286e-09,0
4.584905e-16,0
6.773921e-19,0
4.864295e-20,0
7.151134e-13,0
0.0117562,0
6.403859e-12,0
1.280197e-14,0
2.671944e-13,0
2.399345e-20,0
4.608638e-09,0
1.45827e-11,0
1.672005e-14,0
1.926617e-15,0
3.812283e-11,0
5.84907e-12,0
1.162753e-17,0
8.492821e-06,0
7.20631e-14,0
5.631935e-18,0
4.676878e-12,0
6.355472e-14,0
4.584905e-16,0
2.480153e-10,0
1.094458e-15,0
2.493271e-11,0
2.716982e-18,0
3.259254e-17,0
2.378484e-21,0
1.644636e-18,0
4.424775e-10,0
1.995961e-12,0
1.217134e-15,0
8.920293e-28,0
1.206879e-12,0
1.697138e-13,0
1.048617e-19,0
2.955446e-21,0
1.162753e-17,0
8.920293e-28,0
1.162753e-17,0
8.920293e-28,0
1.804606e-17,0
1.098489e-10,0
1.584052e-11,0
2.161923e-11,0
4.02911e-18,0
1.112004e-14,0
1.455973e-13,0
1.920796e-16,0
1.197936e-20,0
1.43682e-07,0
8.228579e-21,0
1.911568e-12,0
3.109184e-13,0
4.584905e-16,0
2.1846e-16,0
3.494298e-16,0
5.852266e-18,0
4.790294e-10,0
1.045908e-08,0
4.416524e-12,0
3.179331e-35,0
1.738317e-07,0
2.93565e-19,0
2.348083e-23,0
1.746999e-15,0
2.691181e-20,0
2.93565e-19,0
4.3707e-13,0
2.420492e-18,0
5.517255e-18,0
1.380322e-19,0
2.006232e-08,0
2.626761e-07,0
1.004742e-14,0
2.475767e-10,0
8.706398e-16,0
2.931135e-15,0
1.35518e-11,0
5.316443e-12,0
1.123237e-15,0
3.929417e-17,0
3.884657e-07,0
0.006982471,0
3.884657e-07,0
0.006982471,0
0.006982471,0
0.006982471,0
3.884657e-07,0
0.006982471,0
1.95165e-14,0
1.781036e-06,0
2.340385e-14,0
0.001624023,0
1.763488e-10,0
5.615241e-07,0
0.006982471,0
0.01010178,0
0.0268706,0
0.9759759,0
0.0268706,0
0.0268706,0
0.0268706,0
0.0268706,0
0.0268706,0
0.9991139,0
0.0268706,0
0.01010178,0
0.0268706,0
0.0268706,0
0.01010178,0
0.0006092952,0
0.0268706,0
0.0268706,0
0.1181793,0
0.01010178,0
0.0268706,0
0.0268706,0
0.0006092952,0
0.01010178,0
0.9090883,0
0.0268706,0
0.0268706,0
0.0006092952,0
0.0006092952,0
0.0268706,0
0.1181793,0
0.0268706,0
0.0006092952,0
0.02128973,0
0.9826061,0
0.9934723,0
0.0268706,0
0.9997362,0
0.0268706,0
0.0268706,0
0.0268706,0
0.0268706,0
0.0268706,0
0.0268706,0
0.0268706,0
1,0
0.0268706,0
0.9934723,0
0.0268706,0
0.1181793,0
0.01010178,0
0.0268706,0
0.0268706,0
0.0268706,0
0.0268706,0
0.9826061,0
0.0006092952,0
0.0268706,0
0.1201696,0
0.9995252,0
0.0268706,0
0.0268706,0
0.0268706,0
0.9826061,0
0.0006092952,0
0.1181793,0
0.9826061,0
0.1181793,0
0.997969,0
0.9934723,0
0.9826061,0
0.0268706,0
0.0268706,0
0.0268706,0
0.0268706,0
0.0268706,0
0.0268706,0
0.0268706,0
0.0268706,0
0.0268706,0
0.0006092952,0
0.0268706,0
0.0006092952,0
0.0006092952,0
1.806723e-06,0
1.728378e-24,0
1.940619e-20,0
6.955613e-29,0
3.435427e-17,0
2.899183e-10,0
2.899183e-10,0
2.873958e-09,0
3.838e-08,0
6.807533e-05,0
0.3431786,0
2.117672e-36,0
8.27049e-30,0
2.899183e-10,0
1.986549e-12,0
0.0005586239,0
1.672754e-14,0
7.185049e-06,0
8.418255e-13,0
4.738596e-14,0
2.899183e-10,0
1.437933e-12,0
1.024799e-10,0
0.9874493,0
8.27049e-30,0
1.960966e-34,0
9.454851e-07,0
2.36387e-19,0
1.857486e-09,0
4.007292e-21,0
2.617379e-11,0
2.347626e-08,0
1.778044e-11,0
1.282143e-12,0
6.433694e-16,0
8.872334e-05,0
7.149314e-05,0
0.001623311,0
2.899183e-10,0
3.352701e-07,0
0.06212953,0
2.127132e-10,0
0.003793629,0
1.892062e-14,0
3.219241e-11,0
4.647551e-07,0
8.27049e-30,0
8.153072e-18,0
0.001008621,0
5.988383e-07,0
1.598574e-05,0
6.250708e-23,0
6.195566e-14,0
8.27049e-30,0
6.195566e-14,0
1.482487e-10,0
3.230115e-11,0
0.005868732,0
3.588519e-09,0
0.007227331,0
1.142388e-08,0
3.759447e-08,0
6.434552e-09,0
0.0004613932,0
7.376538e-11,0
1.63261e-10,0
3.050291e-10,0
7.370611e-09,0
9.454851e-07,0
0.5798488,0
6.091646e-09,0
8.77871e-14,0
0.03329002,0
3.656662e-15,0
1.933671e-29,0
8.808121e-08,0
1.646959e-18,0
4.613671e-12,0
7.472873e-16,0
1.646959e-18,0
2.749244e-06,0
1.061471e-09,0
1.959678e-20,0
1.065155e-05,0
0.0001032271,0
0.000232219,0
2.078471e-22,0
4.210318e-15,0
3.84126e-11,0
2.325724e-09,0
1.85055e-06,0
2.850338e-08,0
1.902412e-10,0
4.176754e-16,0
0.486113,0
0.486113,0
0.5759289,0
0.5759289,0
0.486113,0
0.486113,0
0.486113,0
7.167449e-10,0
4.951505e-11,0
0.00242036,0
0.3976593,0
2.384201e-11,0
1.484714e-21,0
1.173352e-26,0
2.696283e-16,0
5.73941e-15,0
1.441298e-13,0
5.557557e-11,0
5.25459e-18,0
1.901401e-20,0
1.383754e-19,0
3.705315e-12,0
5.338069e-11,0
1.20402e-14,0
4.312748e-10,0
1.441298e-13,0
9.50683e-11,0
2.8875e-14,0
9.05805e-14,0
5.470886e-14,0
7.574e-11,0
6.637074e-12,0
2.616059e-17,0
8.039888e-08,0
1.901401e-20,0
8.781725e-10,0
0.0009070734,0
1.127572e-09,0
7.596724e-16,0
1.555334e-12,0
6.825357e-19,0
1.9544e-13,0
5.582917e-11,0
7.229913e-20,0
5.031075e-10,0
2.437865e-12,0
2.282433e-13,0
2.818845e-38,0
5.331787e-05,0
2.668166e-16,0
2.650079e-17,0
9.174032e-12,0
1.957506e-14,0
1.383754e-19,0
4.955475e-10,0
1.950673e-16,0
2.015629e-15,0
9.21577e-16,0
1.002808e-14,0
4.612256e-11,0
3.915043e-22,0
2.938481e-14,0
1.901401e-20,0
1.874799e-16,0
2.8875e-14,0
2.095575e-11,0
4.713541e-12,0
2.268664e-07,0
1.901401e-20,0
1.901401e-20,0
9.146785e-21,0
1.572225e-15,0
2.696952e-12,0
1.789253e-16,0
1.2042e-12,0
4.466891e-15,0
5.793974e-12,0
1.474116e-13,0
0.000117473,0
2.72543e-19,0
1.729548e-13,0
1.11764e-12,0
1.555334e-12,0
1.383754e-19,0
2.131412e-11,0
3.779742e-13,0
9.288658e-15,0
3.588989e-14,0
6.180917e-11,0
1.088741e-11,0
4.032383e-19,0
2.048409e-09,0
7.351295e-12,0
3.210383e-21,0
6.116093e-17,0
2.583438e-12,0
1.2534e-17,0
3.210383e-21,0
5.090575e-17,0
2.413061e-18,0
1.196605e-16,0
4.975029e-15,0
1.205592e-20,0
4.69988e-11,0
3.422287e-14,0
1.060617e-12,0
1.396584e-17,0
3.573887e-17,0
5.664089e-15,0
4.034442e-13,0
2.707025e-14,0
8.19221e-15,0
1.084077e-11,0
1.05074e-09,0
5.85866e-16,0
0.8788498,0
0.9999017,0
0.9975469,0
0.8716689,0
0.0002793441,0
0.0002878686,0
2.056511e-06,0
0.0001472861,0
0.3982952,0
1.31277e-10,0
1.540971e-05,0
0.0803297,0
0.0803297,0
0.0803297,0
0.0803297,0
0.0803297,0
0.0803297,0
0.0803297,0
0.0803297,0
0.0803297,0
0.0803297,0
0.0803297,0
0.0819322,0
0.0803297,0
0.0803297,0
0.9999548,0
0.0803297,0
0.0803297,0
7.301199e-07,0
0.0803297,0
0.0803297,0
0.8641832,0
0.0803297,0
0.0803297,0
0.9999998,0
0.0803297,0
0.0803297,0
0.0803297,0
0.0803297,0
0.0803297,0
0.0803297,0
7.301199e-07,0
0.0803297,0
0.0803297,0
0.9457506,0
7.301199e-07,0
0.0803297,0
0.0803297,0
0.4231395,0
0.0803297,0
0.0803297,0
0.0803297,0
0.0803297,0
0.0803297,0
0.0803297,0
0.0803297,0
0.008702548,0
0.0803297,0
0.0803297,0
0.9999975,0
0.0803297,0
0.0803297,0
0.0803297,0
0.0803297,0
0.0803297,0
7.301199e-07,0
0.9999975,0
0.9971167,0
0.0803297,0
0.0803297,0
0.0803297,0
0.9999548,0
0.9999548,0
7.301199e-07,0
0.0803297,0
0.0803297,0
7.301199e-07,0
0.9999903,0
0.0803297,0
0.0803297,0
0.0803297,0
0.0803297,0
0.0803297,0
0.0803297,0
0.0803297,0
0.0803297,0
0.0803297,0
0.0803297,0
0.0803297,0
0.0803297,0
0.0803297,0
0.0803297,0
0.0803297,0
0.0803297,0
0.0803297,0
2.700252e-06,0
5.670158e-17,0
4.963726e-17,0
9.319908e-19,0
1.420908e-13,0
1.093381e-08,0
0.8163936,0
2.593333e-11,0
1.582421e-19,0
9.200159e-12,0
2.582363e-20,0
6.698879e-21,0
1.536073e-12,0
1.559965e-08,0
1.20204e-05,0
1.948526e-21,0
8.97137e-15,0
6.345899e-15,0
1.083915e-20,0
1.782455e-06,0
5.032742e-11,0
2.700252e-06,0
4.926013e-08,0
2.510828e-22,0
8.058571e-08,0
1.948526e-21,0
8.181529e-15,0
7.526688e-07,0
1.490802e-13,0
1.20204e-05,0
1.781672e-16,0
1.686608e-06,0
2.700252e-06,0
1.497285e-12,0
1.083915e-20,0
1.160216e-13,0
7.896589e-19,0
3.967877e-11,0
1.420908e-13,0
4.550859e-15,0
1.155376e-19,0
2.357224e-19,0
5.207831e-07,0
2.177821e-10,0
2.403781e-07,0
8.181529e-15,0
1.497285e-12,0
6.698879e-21,0
1.948526e-21,0
4.728033e-14,0
6.698879e-21,0
9.409289e-11,0
9.702604e-11,0
2.700252e-06,0
1.497285e-12,0
1.20204e-05,0
4.926013e-08,0
4.109387e-13,0
1.047569e-11,0
2.700252e-06,0
2.177821e-10,0
1.20204e-05,0
2.177821e-10,0
1.20204e-05,0
9.354782e-11,0
8.058571e-08,0
1.047569e-11,0
2.357224e-19,0
8.97137e-15,0
2.952231e-12,0
5.84631e-07,0
5.963052e-05,0
1.155294e-17,0
1.420908e-13,0
3.151124e-10,0
1.637122e-10,0
1.083915e-20,0
2.700252e-06,0
1.160216e-13,0
9.440201e-20,0
9.54002e-14,0
9.319908e-19,0
1.093381e-08,0
1.683228e-08,0
8.063805e-18,0
2.431778e-14,0
1.373337e-11,0
6.901635e-16,0
1.497285e-12,0
1.160216e-13,0
4.211776e-24,0
1.160216e-13,0
2.497385e-09,0
2.288061e-16,0
4.728033e-14,0
6.698879e-21,0
1.160216e-13,0
4.963726e-17,0
1.155376e-19,0
1.062786e-22,0
5.239584e-08,0
1.992232e-13,0
6.020196e-16,0
0.9969448,0
0.535051,0
0.7813951,0
0.4761432,0
0.2176766,0
0.8246613,0
1.152407e-09,0
0.1799368,0
2.631701e-07,0
1,0
8.215325e-07,0
0.1799368,0
8.20732e-11,0
1.484714e-21,0
3.194213e-11,0
5.621118e-14,0
4.15265e-10,0
4.364296e-16,0
1.93186e-06,0
5.165609e-19,0
4.290523e-09,0
7.696304e-09,0
2.148937e-21,0
7.907695e-08,0
2.43135e-15,0
1.839317e-15,0
1.383754e-19,0
2.704565e-16,0
1.20402e-14,0
5.915099e-14,0
9.285661e-12,0
1.397891e-15,0
2.8875e-14,0
7.708648e-23,0
7.652846e-12,0
1.383754e-19,0
3.103304e-11,0
5.387357e-16,0
2.738096e-16,0
9.05323e-14,0
1.839317e-15,0
1.217895e-08,0
1.784673e-15,0
1.764916e-09,0
7.596724e-16,0
1.555334e-12,0
6.825357e-19,0
4.603112e-09,0
9.00046e-14,0
6.11319e-13,0
6.433226e-09,0
6.296057e-07,0
5.331787e-05,0
1.792031e-18,0
2.650079e-17,0
9.174032e-12,0
1.957506e-14,0
1.383754e-19,0
2.141144e-13,0
1.467988e-13,0
5.32413e-14,0
1.872463e-15,0
8.287614e-21,0
1.93186e-06,0
1.002808e-14,0
4.612256e-11,0
2.938481e-14,0
1.839317e-15,0
2.227195e-08,0
2.8875e-14,0
7.672521e-19,0
2.702246e-06,0
6.296057e-07,0
1.839317e-15,0
6.296057e-07,0
1.839317e-15,0
4.414576e-17,0
6.965737e-12,0
2.017978e-13,0
5.421476e-16,0
2.046016e-12,0
4.466891e-15,0
2.991951e-20,0
2.230684e-13,0
2.119192e-20,0
4.168812e-08,0
1.11764e-12,0
1.555334e-12,0
1.383754e-19,0
1.818712e-16,0
2.524187e-14,0
1.758876e-14,0
1.774646e-11,0
2.293658e-13,0
3.096773e-13,0
2.03966e-16,0
7.351295e-12,0
2.662464e-15,0
3.802833e-16,0
7.632654e-24,0
9.71551e-15,0
1.341297e-13,0
2.413061e-18,0
1.289687e-20,0
4.975029e-15,0
1.205592e-20,0
2.945902e-09,0
1.43098e-16,0
3.422287e-14,0
1.060617e-12,0
5.664089e-15,0
4.025481e-12,0
2.707025e-14,0
1.246615e-15,0
4.311896e-12,0
3.231043e-09,0
0.5053326,0
1.268886e-06,0
0.0007245154,0
0.0007245154,0
3.48554e-15,0
2.536746e-05,0
0.9999528,0
1.148811e-11,0
0.0005589232,0
0.0005589232,0
6.291783e-07,0
0.0005589232,0
0.0005589232,0
0.0005589232,0
0.0005589232,0
0.0005589232,0
0.0005589232,0
0.0005589232,0
0.0005589232,0
0.01808276,0
0.003660424,0
0.995643,0
0.995643,0
0.0005589232,0
0.8183444,0
0.0005589232,0
0.0005589232,0
0.0005589232,0
0.0005589232,0
0.0005589232,0
0.9997391,0
0.9991705,0
0.0005589232,0
0.0005589232,0
0.02492054,0
0.0005589232,0
0.995643,0
0.9997391,0
4.171453e-08,0
0.4003963,0
0.0005589232,0
1.065167e-07,0
1.572431e-06,0
7.291425e-05,0
0.0005589232,0
0.995643,0
0.0005589232,0
0.995643,0
1,0
0.0005589232,0
1,0
0.02492054,0
0.1431837,0
0.999384,0
0.0005589232,0
0.0005589232,0
1,0
0.0005589232,0
0.0005589232,0
0.0005589232,0
0.4176877,0
0.9846305,0
0.0005589232,0
0.0005589232,0
0.0005589232,0
0.0005589232,0
0.0005589232,0
0.0005589232,0
0.0005589232,0
0.9987819,0
0.995643,0
0.0005589232,0
1.114858e-07,0
0.0005589232,0
0.0005589232,0
0.0005589232,0
1,0
0.995643,0
0.6800618,0
0.9997391,0
0.0005589232,0
4.171453e-08,0
0.9991919,0
0.9808734,0
1.114858e-07,0
1.114858e-07,0
0.0005589232,0
7.291425e-05,0
0.0005589232,0
1.865438e-05,0
0.9991903,0
0.0005589232,0
0.1431837,0
0.9997391,0
0.995643,0
0.9897549,0
1,0
0.9997391,0
0.0005589232,0
0.6800618,0
0.995643,0
0.6800618,0
0.6800618,0
0.02492054,0
0.9985119,0
1.114858e-07,0
0.0005589232,0
0.0005589232,0
0.0005589232,0
0.005259645,0
0.001857268,0
0.0005589232,0
0.006195477,0
0.995643,0
0.0005589232,0
0.006195477,0
1,0
0.0003820937,0
0.1766324,0
0.1766324,0
0.05946112,0
0.1766324,0
0.1766324,0
0.6892665,0
0.1766324,0
0.1766324,0
0.2720704,0
0.2720704,0
0.1766324,0
0.2720704,0
0.2720704,0
0.1766324,0
0.1766324,0
0.9992794,0
0.9909049,0
0.9999977,0
0.999998,0
0.1766324,0
0.05946112,0
0.1766324,0
0.1766324,0
0.1766324,0
0.1766324,0
0.9352341,0
0.2720704,0
0.1766324,0
0.2720704,0
0.1766324,0
0.999998,0
0.002284022,0
9.894466e-05,0
0.1766324,0
0.1766324,0
0.9997831,0
0.9909049,0
0.002284022,0
0.1766324,0
0.1766324,0
0.1766324,0
0.9999977,0
0.1766324,0
0.5814832,0
0.9997831,0
0.1766324,0
0.2720704,0
0.1766324,0
0.1766324,0
0.05946112,0
0.934264,0
0.1766324,0
0.1766324,0
0.2720704,0
0.9992794,0
0.9998448,0
0.9992794,0
0.009610615,0
0.005179762,0
0.9932727,0
0.9932727,0
0.0009747833,0
0.1766324,0
0.2720704,0
0.1766324,0
0.9932727,0
0.9987643,0
0.999998,0
0.1766324,0
0.6892665,0
0.6892665,0
0.9721676,0
0.6892665,0
0.8700149,0
0.9998448,0
0.1766324,0
0.2720704,0
0.2720704,0
0.9909049,0
0.1766324,0
0.9909049,0
0.1196219,0
0.5652946,0
0.1766324,0
0.01651465,0
0.1196219,0
0.1766324,0
0.1196219,0
0.9154261,0
0.1766324,0
0.002750151,0
0.9997429,0
0.9999987,0
0.1196219,0
0.9999987,0
0.1196219,0
2.290552e-22,0
2.19752e-25,0
1.550445e-21,0
2.014212e-11,0
2.726475e-23,0
3.852387e-17,0
2.899183e-10,0
2.899183e-10,0
0.5521513,0
0.9912615,0
1.604978e-11,0
5.323708e-05,0
1.523232e-36,0
3.605462e-26,0
2.760199e-11,0
0.0005298664,0
1.605765e-07,0
1.558234e-13,0
2.899183e-10,0
1.174293e-09,0
0.001008621,0
0.0005508622,0
8.421758e-20,0
2.899183e-10,0
3.74441e-20,0
0.01518988,0
0.37023,0
3.605462e-26,0
1.282183e-18,0
2.13899e-15,0
5.972498e-25,0
8.572804e-13,0
8.467709e-32,0
1.746738e-05,0
3.288727e-26,0
1.816013e-26,0
7.319256e-08,0
5.458009e-12,0
3.446479e-10,0
6.808804e-23,0
6.905078e-18,0
2.202177e-25,0
0.001616191,0
5.163713e-13,0
2.037409e-27,0
2.899183e-10,0
2.522651e-11,0
4.417696e-23,0
9.094517e-16,0
1.107564e-07,0
2.899183e-10,0
1.831519e-13,0
2.157853e-11,0
1.836829e-13,0
3.427051e-09,0
3.605462e-26,0
3.219054e-13,0
9.803077e-05,0
1.825935e-24,0
6.808804e-23,0
3.605462e-26,0
6.808804e-23,0
3.605462e-26,0
1.482487e-10,0
1.628204e-13,0
0.006861357,0
1.345809e-18,0
3.705831e-12,0
7.997613e-08,0
5.053479e-08,0
1.333886e-24,0
1.336852e-05,0
1.125632e-07,0
3.748278e-06,0
2.899183e-10,0
0.0001356212,0
2.87091e-06,0
0.5701786,0
1.374535e-14,0
0.9880013,0
2.637082e-08,0
3.031302e-10,0
5.131718e-08,0
4.903924e-20,0
6.276199e-09,0
2.804815e-15,0
1.88015e-07,0
2.775281e-15,0
7.512302e-12,0
2.313211e-07,0
5.117365e-07,0
1.837401e-16,0
1.778433e-09,0
8.148689e-14,0
1.320585e-18,0
1.445702e-15,0
0.07841575,0
4.910038e-07,0
1.242255e-11,0
1.689552e-05,0
5.884194e-12,0
4.399419e-14,0
0.486113,0
0.486113,0
4.407898e-16,0
0.5759289,0
0.486113,0
0.486113,0
0.2087058,0
7.167449e-10,0
0.8961426,0
0.00242036,0
4.616998e-12,0
0.3976593,0
0.2087058,0
0.4515675,0
0.4515675,0
0.4515675,0
8.885808e-06,0
0.4515675,0
0.4515675,0
0.4515675,0
0.4515675,0
0.7755361,0
0.7755361,0
0.7755361,0
0.4515675,0
0.4515675,0
0.7755361,0
0.4515675,0
0.4515675,0
0.4515675,0
8.885808e-06,0
0.4515675,0
0.7755361,0
0.4515675,0
0.4515675,0
0.4515675,0
0.4515675,0
0.0002859184,0
0.7755361,0
0.4515675,0
0.4515675,0
0.4515675,0
0.4515675,0
0.4515675,0
0.4515675,0
8.885808e-06,0
8.885808e-06,0
0.4515675,0
0.7755361,0
0.7755361,0
0.4515675,0
0.4515675,0
0.9999907,0
8.885808e-06,0
0.4515675,0
0.7755361,0
0.4515675,0
0.4515675,0
0.7755361,0
0.0002859184,0
0.7755361,0
0.7755361,0
0.7755361,0
0.002472595,0
0.4515675,0
0.9999998,0
0.4515675,0
0.7755361,0
1,0
0.4515675,0
0.4515675,0
0.0002859184,0
0.8035128,0
0.4515675,0
0.6580061,0
0.7755361,0
8.885808e-06,0
0.4515675,0
0.4515675,0
0.0002859184,0
0.9249367,0
0.4515675,0
0.4515675,0
0.4515675,0
0.4515675,0
0.946515,0
0.0005050448,0
0.0005050448,0
0.4515675,0
0.0005050448,0
0.9999833,0
0.0005050448,0
0.4515675,0
0.4515675,0
0.946515,0
2.924537e-21,0
3.154661e-28,0
2.792016e-05,0
1.987038e-16,0
1.221792e-06,0
2.899183e-10,0
4.934276e-09,0
3.707448e-17,0
2.899183e-10,0
9.835085e-10,0
5.96878e-12,0
3.128516e-10,0
1.104996e-08,0
2.899183e-10,0
1.056453e-05,0
0.001008621,0
1.533317e-14,0
3.369988e-29,0
2.899183e-10,0
5.668373e-21,0
1.637155e-19,0
1.024799e-10,0
1.780774e-06,0
8.27049e-30,0
9.607514e-17,0
0.3251818,0
2.864568e-08,0
1.54498e-11,0
1.387047e-11,0
9.454851e-07,0
1.393743e-23,0
0.1463088,0
6.742623e-19,0
3.92832e-26,0
2.240576e-10,0
6.195566e-14,0
1.282143e-12,0
1.282802e-21,0
2.474513e-12,0
7.149314e-05,0
0.001623311,0
2.899183e-10,0
1.239897e-12,0
1.302692e-07,0
0.0002478189,0
8.218577e-07,0
2.192657e-08,0
2.899183e-10,0
1.892062e-14,0
9.71235e-17,0
4.647551e-07,0
2.195548e-05,0
8.27049e-30,0
4.262792e-15,0
0.001008621,0
1.198844e-08,0
1.914087e-05,0
2.380115e-12,0
6.195566e-14,0
8.27049e-30,0
6.195566e-14,0
8.27049e-30,0
1.482487e-10,0
1.889294e-16,0
6.50431e-19,0
0.007227331,0
1.142388e-08,0
3.759447e-08,0
2.708049e-13,0
1.836342e-17,0
7.66295e-05,0
1.63261e-10,0
3.050291e-10,0
7.370611e-09,0
9.454851e-07,0
0.2045831,0
3.018198e-08,0
8.006708e-07,0
1.846215e-28,0
0.03329002,0
1.068595e-09,0
1.952087e-12,0
4.317332e-25,0
5.536484e-10,0
1.646959e-18,0
4.02596e-26,0
6.359095e-26,0
6.72333e-09,0
1.767679e-08,0
8.093499e-14,0
1.394673e-09,0
1.959678e-20,0
1.065155e-05,0
4.210318e-15,0
3.84126e-11,0
1.039124e-19,0
2.292836e-20,0
1.130627e-08,0
1.85055e-06,0
4.676471e-05,0
3.599055e-09,0
3.245194e-12,0
4.178402e-13,0
0.486113,0
0.486113,0
4.407898e-16,0
0.5759289,0
0.5759289,0
0.486113,0
0.486113,0
7.167449e-10,0
4.951505e-11,0
0.00242036,0
4.616998e-12,0
0.3976593,0
0.486113,0
4.461202e-12,0
1.644632e-07,0
6.470243e-16,0
1.105734e-15,0
1.336163e-08,0
2.392641e-09,0
8.362169e-08,0
1.87064e-25,0
2.185211e-13,0
1.889209e-14,0
1.715542e-13,0
2.079867e-14,0
8.812505e-07,0
1.867038e-07,0
7.142379e-14,0
1.910096e-08,0
1.804245e-09,0
1.341888e-10,0
2.252659e-14,0
5.866614e-11,0
1.87064e-25,0
2.057918e-06,0
1.508256e-07,0
1.268666e-12,0
1.579105e-14,0
1.405258e-12,0
2.287993e-05,0
0.006344511,0
1.05245e-15,0
1.709479e-14,0
1.274431e-09,0
1.301658e-13,0
1.137052e-11,0
4.800286e-12,0
1.805641e-15,0
2.377496e-09,0
1.090583e-07,0
1.015331e-06,0
8.854774e-17,0
6.447059e-16,0
1.311889e-09,0
4.176607e-10,0
1.87064e-25,0
1.375305e-08,0
9.36323e-10,0
6.52337e-11,0
8.413024e-09,0
2.76715e-16,0
4.97768e-14,0
3.856789e-10,0
8.446442e-11,0
4.192742e-12,0
3.10776e-10,0
1.405258e-12,0
1.383924e-11,0
1.341888e-10,0
4.047369e-16,0
6.06699e-06,0
2.079867e-14,0
8.854774e-17,0
1.405258e-12,0
5.866614e-11,0
4.569298e-15,0
1.301268e-09,0
3.140956e-08,0
2.471126e-09,0
2.628445e-07,0
2.175668e-12,0
1.574829e-16,0
5.365136e-12,0
2.785864e-09,0
0.8248224,0
2.175668e-12,0
6.13148e-12,0
1.205912e-09,0
1.274431e-09,0
4.686573e-13,0
2.23903e-07,0
2.290118e-12,0
5.67821e-17,0
2.654191e-06,0
9.944711e-19,0
2.261763e-12,0
3.152785e-05,0
5.247099e-25,0
5.168482e-28,0
1.210376e-12,0
1.454986e-15,0
7.005016e-19,0
9.762619e-15,0
1.566712e-14,0
3.592532e-17,0
1.218888e-18,0
3.857729e-11,0
1.779087e-06,0
3.247798e-14,0
8.808835e-10,0
5.438296e-12,0
5.436531e-09,0
3.703517e-10,0
3.115387e-13,0
3.617348e-09,0
3.168363e-08,0
3.580218e-10,0
3.998766e-16,0
1,0
0.9999989,0
0.006099788,0
0.005924974,0
0.9997241,0
0.9999989,0
0.01133123,0
3.403042e-06,0
0.1924477,0
3.033127e-08,0
0.9999998,0
4.518494e-15,0
2.121545e-06,0
1.836538e-25,0
2.676526e-23,0
4.932058e-07,0
1.699601e-08,0
2.506098e-17,0
1.115242e-26,0
8.640365e-22,0
2.087758e-32,0
1.115242e-26,0
0.00251796,0
2.277682e-07,0
2.676526e-23,0
8.593692e-21,0
1.202494e-05,0
4.744466e-07,0
0.8465856,0
4.518494e-15,0
4.71801e-09,0
2.506098e-17,0
4.518494e-15,0
1.01327e-09,0
1.822773e-11,0
1.822773e-11,0
2.676526e-23,0
1.175818e-08,0
1.115242e-26,0
1.459308e-05,0
6.366049e-22,0
2.957052e-18,0
0.005126111,0
3.825989e-28,0
2.676526e-23,0
4.518494e-15,0
3.825989e-28,0
4.518494e-15,0
1.21514e-13,0
4.756065e-13,0
1.822773e-11,0
3.825989e-28,0
0.9984288,0
1.01327e-09,0
2.506098e-17,0
3.56271e-18,0
8.127108e-19,0
1.115242e-26,0
5.924445e-15,0
3.825989e-28,0
1.699601e-08,0
0.03699335,0
6.771488e-13,0
3.395575e-15,0
2.318462e-08,0
0.001248464,0
1.588416e-17,0
4.71801e-09,0
2.506098e-17,0
1.836538e-25,0
0.002344271,0
0.2338251,0
5.689122e-15,0
1.175818e-08,0
0.006478916,0
4.518494e-15,0
2.295168e-31,0
1.115242e-26,0
0.01087527,0
0.9957688,0
0.02103834,0
6.080643e-31,0
1.836538e-25,0
8.593692e-21,0
2.676526e-23,0
0.02026141,0
7.048317e-05,0
0.0007716524,0
3.196774e-06,0
2.277682e-07,0
1.115242e-26,0
3.825989e-28,0
4.518494e-15,0
2.676526e-23,0
3.019077e-20,0
1.467738e-26,0
3.825989e-28,0
1.822773e-11,0
4.518494e-15,0
6.462523e-05,0
6.298245e-15,0
3.825989e-28,0
3.076388e-23,0
3.75404e-14,0
1.9791e-18,0
4.802326e-28,0
8.533953e-26,0
8.103948e-05,0
0.009573952,0
1.699244e-19,0
2.676526e-23,0
3.237506e-10,0
4.12048e-23,0
3.56271e-18,0
7.354534e-07,0
0.8703194,0
5.106042e-11,0
3.955256e-16,0
3.575219e-27,0
5.710428e-12,0
0.7082293,0
0.9994968,0
1,0
0.005390286,0
6.188811e-05,0
6.188811e-05,0
0.9999776,0
0.9718076,0
3.877866e-09,0
3.990073e-12,0
3.205049e-13,0
2.422219e-10,0
5.792427e-27,0
5.792427e-27,0
0.9719968,0
1.850694e-05,0
5.821957e-08,0
9.335629e-13,0
1.874431e-12,0
6.565893e-24,0
1.506494e-25,0
3.055454e-15,0
6.192999e-19,0
3.25377e-13,0
4.47265e-06,0
4.14113e-12,0
5.015242e-12,0
1.278367e-13,0
2.307617e-16,0
5.617109e-18,0
5.792427e-27,0
1.397681e-07,0
9.356555e-21,0
5.410692e-07,0
5.485193e-09,0
3.218813e-25,0
8.78739e-21,0
2.425799e-06,0
2.511396e-12,0
4.082725e-12,0
1.379469e-20,0
2.44348e-18,0
1.220125e-27,0
1.687881e-18,0
1.250373e-08,0
1.374992e-14,0
2.546218e-14,0
9.318515e-13,0
1.150918e-15,0
8.212931e-36,0
3.423374e-12,0
7.397691e-05,0
4.166101e-12,0
6.773187e-05,0
4.847921e-12,0
5.792427e-27,0
2.400313e-06,0
2.937968e-20,0
7.367296e-07,0
5.53376e-10,0
2.091204e-14,0
6.721984e-09,0
5.792427e-27,0
9.070607e-09,0
8.199925e-17,0
5.741324e-12,0
5.419691e-11,0
3.218813e-25,0
1.56747e-07,0
1.34519e-08,0
4.167287e-15,0
3.298052e-06,0
8.373487e-40,0
1.506494e-25,0
8.212931e-36,0
3.218813e-25,0
1.428307e-18,0
6.704172e-13,0
1.205282e-08,0
4.253744e-15,0
1.152996e-16,0
1.309437e-09,0
3.611588e-18,0
1.999238e-11,0
7.050347e-05,0
8.827748e-12,0
8.802427e-06,0
6.954442e-15,0
5.657627e-05,0
3.860519e-11,0
2.134902e-27,0
4.888656e-16,0
4.975059e-18,0
3.017092e-16,0
6.993164e-11,0
5.110885e-11,0
4.716418e-20,0
6.218098e-17,0
9.450628e-17,0
1.381151e-09,0
4.7121e-13,0
1.523002e-26,0
1.901917e-19,0
7.640309e-18,0
4.146492e-18,0
3.374041e-13,0
7.15678e-10,0
6.713578e-09,0
9.285141e-17,0
2.994421e-10,0
7.32902e-07,0
8.131849e-20,0
4.904054e-13,0
2.802107e-17,0
2.290387e-14,0
3.273566e-13,0
0.6506565,0
0.9968149,0
0.3113654,0
0.609939,0
0.1870396,0
0.8815887,0
0.6506565,0
2.239725e-14,0
4.364713e-05,0
0.002684691,0
2.136081e-06,0
0.999958,0
4.121816e-38,0
2.837127e-14,0
5.009506e-12,0
2.403292e-21,0
2.972748e-12,0
2.899183e-10,0
2.899183e-10,0
5.301705e-14,0
1.501028e-09,0
1.143254e-06,0
0.03972181,0
5.553848e-11,0
3.028173e-23,0
8.27049e-30,0
4.666495e-24,0
3.149536e-11,0
1.104996e-08,0
1.425841e-17,0
0.001008621,0
3.915186e-05,0
2.879115e-13,0
2.899183e-10,0
6.191672e-13,0
7.352085e-22,0
1.024799e-10,0
1.020984e-06,0
8.27049e-30,0
1.297015e-18,0
0.1350575,0
1.542182e-13,0
1.54498e-11,0
1.387047e-11,0
9.454851e-07,0
1.223721e-23,0
4.387758e-05,0
1.566235e-20,0
1.985494e-14,0
3.139909e-11,0
8.005968e-18,0
6.195566e-14,0
1.282143e-12,0
2.598104e-20,0
4.407007e-16,0
7.149314e-05,0
0.001623311,0
2.899183e-10,0
1.47932e-07,0
1.302692e-07,0
1.548934e-14,0
1.981193e-10,0
6.662765e-14,0
6.271086e-14,0
2.899183e-10,0
1.892062e-14,0
4.647551e-07,0
2.195548e-05,0
8.27049e-30,0
4.498831e-17,0
0.001008621,0
2.922488e-19,0
4.190925e-09,0
1.571246e-07,0
6.195566e-14,0
8.27049e-30,0
6.195566e-14,0
8.27049e-30,0
1.482487e-10,0
1.900381e-07,0
0.0006446909,0
2.457056e-08,0
0.007227331,0
1.142388e-08,0
3.759447e-08,0
2.708049e-13,0
2.045963e-05,0
2.043826e-17,0
4.165448e-20,0
7.376538e-11,0
1.63261e-10,0
3.050291e-10,0
7.370611e-09,0
9.454851e-07,0
2.899183e-10,0
1.0418e-05,0
2.467553e-06,0
5.491702e-25,0
0.03329002,0
1.600492e-10,0
1.151369e-11,0
1.21388e-20,0
4.483706e-23,0
1.646959e-18,0
4.02596e-26,0
8.628428e-10,0
6.828487e-10,0
1.646959e-18,0
1.072458e-13,0
8.093499e-14,0
1.394673e-09,0
1.959678e-20,0
1.065155e-05,0
4.705695e-10,0
0.09347908,0
6.672214e-10,0
4.210318e-15,0
3.84126e-11,0
1.039124e-19,0
2.325724e-09,0
0.9619132,0
7.891739e-05,0
0.0001566921,0
4.178402e-13,0
0.486113,0
0.486113,0
0.486113,0
4.407898e-16,0
0.5759289,0
0.5759289,0
0.486113,0
0.486113,0
7.167449e-10,0
0.00242036,0
0.486113,0
0.0001366616,0
0.5230899,0
5.44823e-05,0
0.0001366616,0
0.5230899,0
1,0
0.5230899,0
0.5230899,0
0.5230899,0
0.5230899,0
0.5230899,0
0.9999998,0
0.02079391,0
0.02079391,0
0.5230899,0
0.9950004,0
0.5230899,0
0.5230899,0
0.5230899,0
0.0001366616,0
0.0001366616,0
0.5230899,0
0.5230899,0
0.0001366616,0
0.02079391,0
0.02079391,0
0.02079391,0
0.0001366616,0
0.5230899,0
0.9503906,0
1.083066e-07,0
0.5230899,0
0.5230899,0
0.5230899,0
0.2166528,0
0.8583539,0
0.5230899,0
0.02079391,0
0.2166528,0
0.5230899,0
0.5230899,0
0.5230899,0
0.0001366616,0
0.5230899,0
0.5230899,0
4.400173e-05,0
4.400173e-05,0
4.400173e-05,0
4.400173e-05,0
0.4201815,0
0.5230899,0
0.5230899,0
0.998884,0
0.7402682,0
0.0001366616,0
0.0001366616,0
0.02079391,0
0.5230899,0
0.2166528,0
0.02079391,0
0.5230899,0
1,0
0.999998,0
0.0001366616,0
0.0002301611,0
0.5230899,0
0.854786,0
0.2166528,0
0.02079391,0
0.5230899,0
0.9999233,0
0.2166528,0
0.2166528,0
0.5951144,0
0.5230899,0
0.02079391,0
0.5951144,0
0.02079391,0
0.5230899,0
0.5230899,0
0.5951144,0
0.02079391,0
2.557211e-06,0
2.557211e-06,0
2.557211e-06,0
0.00233998,0
2.557211e-06,0
1,0
2.557211e-06,0
2.557211e-06,0
2.557211e-06,0
2.557211e-06,0
2.557211e-06,0
0.9997475,0
0.9997475,0
2.557211e-06,0
2.557211e-06,0
2.557211e-06,0
2.557211e-06,0
0.9876772,0
2.557211e-06,0
2.557211e-06,0
0.9999998,0
2.557211e-06,0
0.0002090897,0
0.0002090897,0
0.9997475,0
1,0
2.557211e-06,0
0.9988409,0
2.557211e-06,0
2.557211e-06,0
2.557211e-06,0
3.433655e-07,0
3.433655e-07,0
2.557211e-06,0
1,0
0.9999843,0
1,0
0.9997475,0
0.9999944,0
0.9999977,0
2.557211e-06,0
2.557211e-06,0
2.557211e-06,0
2.557211e-06,0
2.557211e-06,0
2.557211e-06,0
2.557211e-06,0
2.557211e-06,0
8.310007e-05,0
0.9999957,0
2.557211e-06,0
2.557211e-06,0
0.01123665,0
0.0002090897,0
2.557211e-06,0
0.9999944,0
0.9997475,0
2.557211e-06,0
1,0
0.9997812,0
2.557211e-06,0
0.9999994,0
2.557211e-06,0
2.557211e-06,0
0.9999996,0
0.9999944,0
0.9997475,0
0.0007619058,0
2.557211e-06,0
0.6653648,0
1,0
1,0
0.9999957,0
1,0
0.01123665,0
2.557211e-06,0
2.557211e-06,0
2.557211e-06,0
2.557211e-06,0
0.01123665,0
2.557211e-06,0
2.557211e-06,0
2.557211e-06,0
3.433655e-07,0
0.01123665,0
0.999997,0
0.01123665,0
5.506359e-07,0
4.980699e-14,0
4.889693e-19,0
1.18417e-20,0
5.162773e-11,0
4.185056e-05,0
1.139868e-16,0
1.766307e-20,0
3.864539e-12,0
4.314345e-13,0
1.530718e-12,0
1.308501e-13,0
0.294343,0
5.340901e-18,0
7.173821e-18,0
1.506496e-15,0
7.924511e-17,0
4.029115e-23,0
0.4415605,0
1.335772e-14,0
2.243104e-09,0
2.289753e-18,0
9.268726e-16,0
1.243507e-11,0
1.035203e-26,0
2.252987e-07,0
4.533574e-05,0
9.529436e-14,0
1.863487e-20,0
1.341092e-14,0
0.3325644,0
5.393107e-11,0
2.635287e-05,0
1.626488e-08,0
2.817775e-12,0
2.323248e-11,0
8.253719e-16,0
1.023054e-17,0
5.470076e-20,0
3.654631e-20,0
0.0003942857,0
2.106702e-10,0
7.968165e-16,0
5.278928e-15,0
9.685449e-14,0
5.55789e-13,0
2.621617e-14,0
1.049526e-10,0
1.301571e-06,0
3.787289e-21,0
1.842691e-08,0
1.18417e-20,0
1.140272e-17,0
0.005957699,0
7.946649e-22,0
9.26052e-10,0
6.283384e-17,0
1.863487e-20,0
5.954833e-06,0
2.289753e-18,0
3.383769e-08,0
1.25897e-13,0
2.243104e-09,0
0.01438256,0
5.340901e-18,0
1.863487e-20,0
2.082066e-06,0
1.25897e-13,0
3.654631e-20,0
8.511954e-08,0
6.049198e-17,0
9.529436e-14,0
6.50795e-14,0
0.9873534,0
3.414825e-08,0
1.213254e-15,0
8.39813e-05,0
7.173821e-18,0
1.194324e-11,0
2.243104e-09,0
2.343753e-06,0
1.427336e-08,0
1.18417e-20,0
1.863368e-10,0
1.133912e-10,0
2.764696e-09,0
2.409968e-12,0
3.384265e-12,0
5.552135e-10,0
2.764696e-09,0
9.685449e-14,0
5.849179e-13,0
1.052039e-10,0
1.934091e-08,0
5.807854e-06,0
0.0004139462,0
7.014757e-17,0
5.849179e-13,0
4.03267e-14,0
6.40196e-10,0
1.049526e-10,0
4.358744e-10,0
0.001123743,0
8.684101e-10,0
7.761226e-07,0
8.002417e-09,0
1,0
0.4391984,0
1,0
4.332936e-08,0
0.002512151,0
0.3811408,0
1,0
0.0006871926,0
0.744357,0
0.003220971,0
4.963726e-17,0
9.319908e-19,0
1.900283e-14,0
0.8163936,0
2.754652e-21,0
2.973697e-22,0
5.099354e-08,0
8.044627e-12,0
1.575136e-15,0
6.698879e-21,0
1.536073e-12,0
3.286339e-10,0
0.08331876,0
4.920451e-28,0
8.97137e-15,0
1.598164e-18,0
1.083915e-20,0
0.05490652,0
5.283929e-28,0
2.700252e-06,0
1.283972e-15,0
3.641453e-12,0
8.058571e-08,0
4.920451e-28,0
5.26247e-19,0
0.3121416,0
0.08331876,0
1.781672e-16,0
0.01429093,0
4.827122e-09,0
5.862412e-06,0
7.004559e-06,0
7.896589e-19,0
3.967877e-11,0
1.420908e-13,0
4.550859e-15,0
1.155376e-19,0
2.357224e-19,0
0.4085869,0
9.511483e-07,0
5.26247e-19,0
1.497285e-12,0
7.156994e-15,0
4.920451e-28,0
2.195349e-05,0
1.014474e-11,0
8.779782e-14,0
6.698879e-21,0
0.001087838,0
9.319908e-19,0
5.148609e-06,0
7.672692e-20,0
4.658744e-15,0
0.08331876,0
0.007762695,0
1.283972e-15,0
4.739494e-09,0
1.047569e-11,0
3.097159e-06,0
0.4085869,0
0.08331876,0
0.4085869,0
0.08331876,0
2.345552e-10,0
8.058571e-08,0
1.047569e-11,0
2.357224e-19,0
1.756644e-06,0
1.878902e-08,0
6.047249e-13,0
2.251317e-16,0
2.952231e-12,0
2.815236e-14,0
5.248435e-12,0
2.360277e-09,0
1.574317e-10,0
7.164154e-07,0
4.757919e-07,0
1.637122e-10,0
1.083915e-20,0
2.700252e-06,0
1.301942e-11,0
5.390395e-10,0
8.15443e-13,0
1.683228e-08,0
4.886026e-09,0
1.157527e-11,0
1.373337e-11,0
7.108948e-13,0
4.886026e-09,0
2.161429e-14,0
7.946483e-18,0
2.806699e-08,0
1.050971e-06,0
0.02736899,0
4.525374e-16,0
2.578258e-21,0
1.567962e-05,0
1.047578e-17,0
2.149849e-12,0
4.931255e-13,0
2.994562e-15,0
2.168929e-06,0
8.779477e-11,0
1.194293e-09,0
3.58507e-07,0
0.7962016,0
0.9160464,0
2.515323e-08,0
0.003089137,0
0.08021951,0
0.001952634,0
0.2378761,0
8.20732e-11,0
1.484714e-21,0
3.194213e-11,0
5.621118e-14,0
8.273459e-22,0
9.985698e-10,0
4.364296e-16,0
1.954099e-12,0
6.276359e-19,0
2.017243e-17,0
1.138213e-14,0
2.566881e-08,0
2.148937e-21,0
5.19107e-27,0
5.650338e-13,0
7.693911e-13,0
2.704565e-16,0
5.915099e-14,0
9.285661e-12,0
2.8875e-14,0
9.132919e-19,0
7.652846e-12,0
6.276359e-19,0
3.951411e-08,0
9.518772e-14,0
2.725668e-20,0
9.05323e-14,0
1.901401e-20,0
1.576249e-14,0
1.764916e-09,0
1.555334e-12,0
6.825357e-19,0
4.603112e-09,0
5.582917e-11,0
9.00046e-14,0
6.190575e-16,0
6.11319e-13,0
6.433226e-09,0
5.331787e-05,0
1.510541e-15,0
2.650079e-17,0
9.174032e-12,0
1.957506e-14,0
6.276359e-19,0
8.785583e-09,0
1.467988e-13,0
1.750241e-15,0
5.32413e-14,0
1.967239e-17,0
1.002808e-14,0
4.612256e-11,0
8.412471e-22,0
2.938481e-14,0
1.901401e-20,0
2.377879e-07,0
2.8875e-14,0
2.381795e-13,0
7.672521e-19,0
2.702246e-06,0
1.755357e-29,0
5.650338e-13,0
1.901401e-20,0
1.08394e-19,0
3.734957e-10,0
6.965737e-12,0
2.017978e-13,0
1.789253e-16,0
5.421476e-16,0
1.2042e-12,0
4.466891e-15,0
2.991951e-20,0
3.722312e-10,0
2.119192e-20,0
0.8923275,0
2.72543e-19,0
1.729548e-13,0
1.11764e-12,0
1.555334e-12,0
1.626694e-14,0
5.886775e-16,0
2.524187e-14,0
1.689046e-19,0
6.55305e-11,0
3.649471e-07,0
3.096773e-13,0
2.807224e-30,0
1.872171e-21,0
3.802833e-16,0
2.325122e-16,0
2.807224e-30,0
1.341297e-13,0
2.413061e-18,0
1.339327e-23,0
4.975029e-15,0
1.205592e-20,0
4.992329e-05,0
1.43098e-16,0
3.422287e-14,0
1.060617e-12,0
3.573887e-17,0
5.664089e-15,0
1.605007e-10,0
2.707025e-14,0
5.849365e-14,0
7.253735e-10,0
6.673433e-11,0
1.159412e-12,0
0.01169598,0
0.9989325,0
0.5053326,0
0.8716689,0
1,0
0.5949465,0
5.395363e-05,0
3.415013e-12,0
1.107491e-14,0
0.9998816,0
4.207304e-05,0
0.0007133561,0
0.0007133561,0
0.0007133561,0
0.2100846,0
0.0007133561,0
0.0007133561,0
4.207304e-05,0
0.0007133561,0
0.0007133561,0
0.006134524,0
0.006134524,0
0.0007133561,0
0.0007133561,0
0.0007133561,0
0.0007133561,0
4.207304e-05,0
4.207304e-05,0
1.456724e-07,0
0.0007133561,0
2.230962e-05,0
4.207304e-05,0
0.0007133561,0
0.0007133561,0
0.006134524,0
0.9905376,0
0.9999995,0
4.207304e-05,0
0.0007133561,0
0.1821194,0
0.0007133561,0
0.0007133561,0
0.006134524,0
0.006134524,0
0.0007133561,0
0.0007133561,0
0.0007133561,0
0.006134524,0
5.349168e-06,0
0.006134524,0
0.5964162,0
0.0007133561,0
0.00346014,0
0.0007133561,0
4.207304e-05,0
0.0007133561,0
0.0007133561,0
0.0007133561,0
0.0007133561,0
0.0007133561,0
0.05156262,0
0.0007133561,0
0.5964162,0
4.207304e-05,0
4.207304e-05,0
2.230962e-05,0
0.0007133561,0
0.006134524,0
0.006134524,0
0.0007133561,0
0.8910225,0
1,0
4.207304e-05,0
1,0
0.0007133561,0
0.0007133561,0
0.9999999,0
0.006134524,0
0.006134524,0
4.207304e-05,0
0.0007133561,0
0.006134524,0
0.0007133561,0
0.0007133561,0
0.3509085,0
0.5964162,0
2.230962e-05,0
0.0007133561,0
0.0007133561,0
0.0007133561,0
0.0007133561,0
2.230962e-05,0
0.0007133561,0
0.0007133561,0
2.230962e-05,0
0.006134524,0
0.0007133561,0
0.006134524,0
2.230962e-05,0
1.932452e-24,0
9.104076e-13,0
4.977829e-11,0
8.719624e-24,0
3.181962e-21,0
2.899183e-10,0
2.899183e-10,0
0.0001707287,0
3.514114e-06,0
1.143254e-06,0
4.441176e-06,0
6.781479e-13,0
3.028173e-23,0
8.27049e-30,0
2.899183e-10,0
1.155985e-19,0
1.152637e-14,0
1.104996e-08,0
1.672754e-14,0
2.899183e-10,0
0.9983987,0
5.083566e-11,0
8.067762e-21,0
2.899183e-10,0
7.367911e-06,0
9.365261e-11,0
8.27049e-30,0
1.095002e-13,0
0.1350575,0
6.262818e-20,0
1.54498e-11,0
1.387047e-11,0
9.454851e-07,0
2.10816e-22,0
4.721919e-05,0
3.036877e-09,0
3.429382e-22,0
0.0001687399,0
2.523872e-08,0
5.657627e-17,0
6.195566e-14,0
1.282143e-12,0
3.96454e-07,0
4.407007e-16,0
7.149314e-05,0
0.001623311,0
2.899183e-10,0
1.595354e-05,0
1.302692e-07,0
1.43782e-09,0
3.015018e-10,0
2.899183e-10,0
1.892062e-14,0
4.088593e-12,0
4.647551e-07,0
2.195548e-05,0
8.27049e-30,0
0.009897989,0
2.922488e-19,0
6.366355e-05,0
1.620461e-10,0
6.195566e-14,0
8.27049e-30,0
6.195566e-14,0
8.27049e-30,0
1.482487e-10,0
1.313507e-08,0
1.113877e-08,0
0.007227331,0
1.142388e-08,0
3.759447e-08,0
2.708049e-13,0
0.0004745837,0
2.99263e-16,0
2.495985e-17,0
7.376538e-11,0
1.63261e-10,0
3.050291e-10,0
7.370611e-09,0
9.454851e-07,0
2.899183e-10,0
1.060251e-06,0
2.467452e-09,0
2.467553e-06,0
0.03329002,0
1.600492e-10,0
1.423862e-10,0
1.646959e-18,0
4.02596e-26,0
5.82149e-12,0
4.304723e-08,0
1.646959e-18,0
8.883903e-10,0
1.394673e-09,0
1.959678e-20,0
0.001660705,0
1.532416e-11,0
6.672214e-10,0
4.210318e-15,0
1.039124e-19,0
1.85055e-06,0
4.676471e-05,0
4.178402e-13,0
0.486113,0
0.486113,0
0.486113,0
4.407898e-16,0
0.5759289,0
0.5759289,0
0.486113,0
7.167449e-10,0
4.951505e-11,0
0.00242036,0
4.616998e-12,0
0.3976593,0
0.6111358,0
4.872247e-26,0
5.744496e-36,0
4.534664e-19,0
3.312609e-09,0
0.0001611867,0
7.785535e-18,0
2.42385e-06,0
2.899183e-10,0
2.899183e-10,0
6.694832e-05,0
0.04730476,0
7.910039e-05,0
1.555311e-10,0
1.027778e-33,0
2.899183e-10,0
2.307546e-17,0
4.708183e-05,0
2.095583e-19,0
5.374333e-12,0
7.781007e-14,0
2.899183e-10,0
1.824971e-08,0
9.4662e-13,0
2.899183e-10,0
7.477329e-42,0
0.007430788,0
1.027778e-33,0
6.654836e-15,0
4.446865e-14,0
2.622827e-22,0
8.310958e-26,0
4.365861e-16,0
1.254978e-25,0
1.317702e-14,0
3.409355e-25,0
1.374831e-26,0
2.581886e-16,0
1.451478e-13,0
3.446479e-10,0
4.167587e-16,0
1.259323e-13,0
3.399056e-14,0
7.149314e-05,0
1.471363e-43,0
2.899183e-10,0
7.554203e-19,0
3.537889e-31,0
0.002005453,0
5.154567e-11,0
4.998022e-13,0
2.899183e-10,0
1.892062e-14,0
5.360994e-08,0
1.836829e-13,0
2.195548e-05,0
1.027778e-33,0
4.388422e-22,0
0.001008621,0
1.045088e-09,0
1.634543e-08,0
3.676269e-16,0
4.167587e-16,0
1.027778e-33,0
4.167587e-16,0
1.027778e-33,0
1.482487e-10,0
1.718434e-13,0
1.020791e-05,0
5.798922e-06,0
0.5051243,0
3.173177e-12,0
8.286998e-17,0
3.366359e-17,0
3.778321e-05,0
1.413133e-12,0
1.691378e-14,0
1.615391e-21,0
2.916633e-09,0
7.370611e-09,0
4.365861e-16,0
2.899183e-10,0
7.184502e-14,0
2.261284e-05,0
6.82736e-12,0
5.65988e-29,0
0.04669319,0
3.809104e-09,0
1.146835e-21,0
1.068161e-19,0
1.691139e-06,0
1.646959e-18,0
4.02596e-26,0
3.100563e-06,0
1.646959e-18,0
1.369157e-12,0
6.344031e-09,0
4.935784e-06,0
2.470517e-21,0
1.065155e-05,0
6.858842e-12,0
5.899355e-19,0
1.160501e-33,0
8.148689e-14,0
2.292836e-20,0
4.083956e-08,0
0.7484611,0
2.083719e-10,0
2.420376e-14,0
0.486113,0
0.486113,0
0.486113,0
4.407898e-16,0
0.0005941925,0
0.5759289,0
0.486113,0
0.2087058,0
7.167449e-10,0
1.022403e-16,0
4.616998e-12,0
0.3976593,0
0.2087058,0
6.7827e-15,0
1.085639e-23,0
1.576145e-31,0
8.209636e-15,0
6.026721e-16,0
6.575945e-24,0
6.575945e-24,0
1.02807e-08,0
1.858662e-06,0
3.153763e-14,0
1.07239e-13,0
1.253672e-17,0
1.173685e-23,0
6.815164e-25,0
2.037122e-12,0
3.446909e-12,0
7.811476e-14,0
2.72184e-08,0
4.14113e-12,0
6.815164e-25,0
4.194623e-07,0
3.481087e-23,0
1.045165e-21,0
6.575945e-24,0
5.703285e-42,0
1.173685e-23,0
2.30236e-15,0
1.379469e-20,0
2.44348e-18,0
1.082053e-17,0
8.071329e-07,0
1.194211e-24,0
9.717974e-19,0
2.561981e-06,0
0.0003700721,0
1.163242e-14,0
1.997404e-16,0
3.423374e-12,0
2.230651e-19,0
6.773187e-05,0
4.847921e-12,0
6.575945e-24,0
4.229394e-22,0
7.488271e-19,0
3.208976e-13,0
5.53376e-10,0
2.091204e-14,0
6.721984e-09,0
6.575945e-24,0
8.199925e-17,0
5.419691e-11,0
1.173685e-23,0
3.481087e-23,0
2.813077e-15,0
1.177629e-08,0
1.997404e-16,0
1.997404e-16,0
8.195326e-10,0
0.772274,0
4.69241e-11,0
7.338288e-10,0
4.253744e-15,0
1.261552e-13,0
1.258542e-08,0
1.534182e-08,0
4.287444e-05,0
6.954442e-15,0
2.44348e-18,0
6.815164e-25,0
2.185851e-08,0
4.888656e-16,0
4.071629e-19,0
1.578837e-14,0
4.115602e-12,0
1.387273e-14,0
5.018432e-22,0
1.997404e-16,0
5.570719e-10,0
5.990572e-17,0
5.018432e-22,0
4.146492e-18,0
3.374041e-13,0
7.15678e-10,0
3.03774e-16,0
8.934737e-12,0
2.994421e-10,0
7.32902e-07,0
1.838305e-13,0
8.131849e-20,0
4.904054e-13,0
1.193441e-09,0
2.290387e-14,0
3.963276e-16,0
6.205092e-16,0
0.1630991,0
0.1630991,0
0.1295675,0
0.1630991,0
0.1630991,0
0.8815887,0
1.107008e-17,0
7.402306e-14,0
0.6657757,0
0.00386642,0
0.6506565,0
6.533322e-07,0
0.8790734,0
0.9999999,0
0.0005008519,0
0.0002069642,0
6.533322e-07,0
0.4421191,0
0.001155845,0
0.9991024,0
0.9044864,0
6.533322e-07,0
6.533322e-07,0
6.533322e-07,0
0.9991024,0
4.945007e-13,0
6.533322e-07,0
6.533322e-07,0
6.533322e-07,0
6.533322e-07,0
0.1804596,0
8.36504e-05,0
6.533322e-07,0
6.533322e-07,0
0.008649586,0
6.533322e-07,0
9.032978e-11,0
0.9974254,0
6.533322e-07,0
6.533322e-07,0
1,0
0.8790734,0
6.533322e-07,0
1,0
0.9999999,0
6.533322e-07,0
0.0005008519,0
6.533322e-07,0
6.533322e-07,0
6.533322e-07,0
0.9998178,0
6.533322e-07,0
1,0
0.9999999,0
0.4421191,0
0.2242384,0
6.533322e-07,0
6.533322e-07,0
6.533322e-07,0
6.533322e-07,0
6.533322e-07,0
6.533322e-07,0
0.9991024,0
0.9947766,0
6.533322e-07,0
6.533322e-07,0
6.533322e-07,0
6.533322e-07,0
3.600641e-09,0
1,0
6.533322e-07,0
6.533322e-07,0
6.533322e-07,0
6.533322e-07,0
0.9998178,0
0.9974254,0
6.533322e-07,0
6.533322e-07,0
6.533322e-07,0
6.533322e-07,0
6.533322e-07,0
6.533322e-07,0
0.008649586,0
1,0
6.533322e-07,0
4.945007e-13,0
1,0
0.9974254,0
6.533322e-07,0
6.533322e-07,0
0.9971799,0
0.02051251,0
6.533322e-07,0
1,0
6.533322e-07,0
6.533322e-07,0
6.533322e-07,0
6.533322e-07,0
6.533322e-07,0
6.533322e-07,0
6.533322e-07,0
6.533322e-07,0
6.533322e-07,0
6.533322e-07,0
0.9998178,0
0.008649586,0
0.485988,0
6.533322e-07,0
6.533322e-07,0
1.938883e-05,0
6.533322e-07,0
6.533322e-07,0
6.533322e-07,0
6.533322e-07,0
6.533322e-07,0
1.938883e-05,0
6.533322e-07,0
6.533322e-07,0
6.533322e-07,0
6.533322e-07,0
0.9999809,0
1.938883e-05,0
0.1407626,0
1.343566e-13,0
0.07932305,0
8.253719e-16,0
6.129988e-06,0
2.97648e-20,0
9.998149e-20,0
3.864539e-12,0
4.314345e-13,0
1.530718e-12,0
1.308501e-13,0
4.381221e-11,0
4.551864e-12,0
2.413912e-15,0
3.903713e-09,0
7.924511e-17,0
4.029115e-23,0
2.97129e-16,0
6.274989e-13,0
1.299253e-11,0
2.214812e-12,0
9.268726e-16,0
7.732414e-16,0
5.278677e-11,0
0.003236016,0
2.163581e-07,0
4.881091e-08,0
0.0001139306,0
0.002260984,0
2.834518e-07,0
9.685449e-14,0
4.38959e-24,0
2.121147e-15,0
3.189857e-09,0
3.899733e-16,0
3.517282e-11,0
6.283384e-17,0
9.899588e-20,0
3.654631e-20,0
4.881278e-06,0
6.044497e-08,0
3.594295e-12,0
2.455875e-08,0
9.685449e-14,0
5.470076e-20,0
7.483519e-22,0
9.998149e-20,0
7.439372e-11,0
7.014757e-17,0
1.301571e-06,0
3.787289e-21,0
7.227119e-15,0
1.18417e-20,0
2.159107e-09,0
9.685449e-14,0
8.650549e-16,0
1.023054e-17,0
1.048855e-14,0
3.383769e-08,0
1.25897e-13,0
0.0002480158,0
2.572262e-08,0
4.551864e-12,0
6.044497e-08,0
0.0001139306,0
2.883338e-15,0
7.732414e-16,0
1.25897e-13,0
3.654631e-20,0
1.194324e-11,0
6.283386e-24,0
9.529436e-14,0
0.002691018,0
4.881091e-08,0
0.6137551,0
6.340242e-21,0
8.253719e-16,0
1.813148e-10,0
2.121147e-15,0
2.413912e-15,0
1.194324e-11,0
4.99006e-24,0
2.243104e-09,0
3.879392e-15,0
9.364989e-12,0
1.427336e-08,0
1.18417e-20,0
0.9134116,0
4.439177e-11,0
5.552135e-10,0
4.439177e-11,0
7.946649e-22,0
2.121147e-15,0
5.470076e-20,0
0.0002919835,0
1.442296e-17,0
1.129828e-17,0
3.787289e-21,0
2.121147e-15,0
4.889693e-19,0
5.470076e-20,0
6.921578e-13,0
3.270458e-13,0
3.632655e-06,0
8.002417e-09,0
0.9831719,0
0.9935721,0
0.4261191,0
0.9999852,0
0.9421222,0
0.09440678,0
4.332936e-08,0
4.967269e-05,0
0.2375542,0
0.0001002418,0
0.005924882,0
0.01487849,0
0.744357,0
0.07278046,0
1.644632e-07,0
6.470243e-16,0
4.760988e-15,0
4.615288e-13,0
5.060703e-12,0
1.830055e-10,0
8.362169e-08,0
1.87064e-25,0
2.185211e-13,0
1.889209e-14,0
1.462256e-18,0
2.497355e-14,0
1.797455e-09,0
2.079867e-14,0
8.812505e-07,0
5.334591e-10,0
7.142379e-14,0
1.910096e-08,0
1.804245e-09,0
1.831228e-10,0
1.341888e-10,0
1.998331e-18,0
1.87064e-25,0
5.945713e-06,0
4.859518e-13,0
9.686886e-11,0
1.405258e-12,0
2.287993e-05,0
0.999796,0
1.05245e-15,0
1.709479e-14,0
1.274431e-09,0
1.137052e-11,0
1.292623e-05,0
2.369056e-15,0
1.090583e-07,0
1.359534e-06,0
8.854774e-17,0
9.933041e-10,0
2.051208e-09,0
4.176607e-10,0
8.713547e-11,0
1.375305e-08,0
9.36323e-10,0
6.52337e-11,0
8.413024e-09,0
2.76715e-16,0
4.97768e-14,0
3.856789e-10,0
8.446442e-11,0
4.192742e-12,0
3.10776e-10,0
1.405258e-12,0
1.383924e-11,0
1.341888e-10,0
2.334652e-14,0
6.215076e-09,0
2.932022e-13,0
2.079867e-14,0
8.854774e-17,0
1.681522e-15,0
2.763611e-12,0
6.471385e-14,0
3.140956e-08,0
2.471126e-09,0
2.628445e-07,0
2.175668e-12,0
0.004804157,0
0.8248224,0
2.175668e-12,0
6.13148e-12,0
1.205912e-09,0
1.274431e-09,0
4.686573e-13,0
1.149899e-09,0
1.067965e-12,0
1.565482e-13,0
2.654191e-06,0
9.944711e-19,0
7.516066e-10,0
3.152785e-05,0
3.059494e-12,0
5.168482e-28,0
1.210376e-12,0
2.465758e-17,0
8.209156e-10,0
1.566712e-14,0
3.592532e-17,0
1.218888e-18,0
3.857729e-11,0
1.161477e-15,0
6.862319e-13,0
8.808835e-10,0
5.438296e-12,0
5.436531e-09,0
1.63261e-10,0
3.703517e-10,0
3.115387e-13,0
3.617348e-09,0
3.580218e-10,0
2.761764e-14,0
1,0
0.9999989,0
0.005924974,0
0.9997241,0
0.9999989,0
7.877708e-05,0
0.01133123,0
3.403042e-06,0
0.1924477,0
3.033127e-08,0
0.9999998,0
1.805757e-09,0
0.01150563,0
5.690712e-13,0
2.859045e-11,0
4.106777e-17,0
2.027644e-16,0
1.01215e-12,0
1.862503e-12,0
8.527693e-21,0
8.527693e-21,0
1.151951e-07,0
1.378713e-14,0
5.766638e-10,0
1.791846e-11,0
4.827966e-10,0
3.808171e-18,0
3.819369e-20,0
5.640636e-05,0
1.464262e-12,0
6.040534e-15,0
0.6907331,0
8.527693e-21,0
3.000334e-09,0
3.771257e-10,0
8.629826e-14,0
1.866363e-10,0
8.527693e-21,0
1.090023e-06,0
4.060174e-08,0
3.819369e-20,0
1.194993e-06,0
0.1468665,0
4.478731e-07,0
1.331962e-19,0
8.924071e-13,0
5.77159e-06,0
2.556694e-11,0
2.72906e-12,0
5.443148e-10,0
3.810919e-10,0
2.179784e-06,0
0.005054348,0
1.433589e-13,0
0.2736162,0
2.654097e-12,0
6.859987e-10,0
0.3468446,0
9.859055e-09,0
8.527693e-21,0
5.602144e-13,0
1.374162e-06,0
4.431198e-12,0
8.931338e-10,0
9.625e-12,0
1.353002e-15,0
8.527693e-21,0
1.117762e-07,0
6.188243e-06,0
0.02693682,0
2.017212e-24,0
9.280804e-13,0
3.771257e-10,0
1.339752e-15,0
4.630693e-09,0
3.819369e-20,0
0.1878271,0
3.302306e-13,0
0.9687243,0
1.866363e-10,0
3.27962e-10,0
2.096537e-09,0
0.0007109349,0
0.4868516,0
3.690753e-05,0
0.00197921,0
3.141598e-07,0
5.556627e-10,0
1.175517e-06,0
9.263545e-07,0
8.714311e-15,0
1.603515e-08,0
5.153848e-07,0
8.527693e-21,0
1.477056e-11,0
5.565345e-10,0
5.770612e-13,0
4.437038e-10,0
2.541812e-10,0
4.607325e-18,0
9.79116e-13,0
3.373231e-13,0
6.592122e-12,0
1.164618e-15,0
4.114679e-06,0
2.354587e-15,0
0.03515822,0
0.007683542,0
3.608106e-06,0
0.6174189,0
1.094687e-09,0
1.793923e-10,0
0.0009382014,0
0.004558671,0
2.582661e-11,0
1.090888e-11,0
5.924997e-07,0
2.267901e-16,0
0.0009689656,0
0.0009689656,0
0.872572,0
0.0009689656,0
0.8201647,0
0.8872178,0
7.843651e-06,0
6.99536e-06,0
0.8201647,0
1.383885e-14,0
3.324939e-13,0
3.324939e-13,0
8.361135e-19,0
3.324939e-13,0
0.6217192,0
3.324939e-13,0
3.324939e-13,0
3.324939e-13,0
1.383885e-14,0
0.2426308,0
3.324939e-13,0
3.324939e-13,0
3.067872e-13,0
0.2426308,0
0.2426308,0
3.324939e-13,0
1.424744e-05,0
3.324939e-13,0
3.324939e-13,0
3.324939e-13,0
3.324939e-13,0
1.383885e-14,0
3.324939e-13,0
1.130646e-08,0
1.383885e-14,0
1.57135e-11,0
0.2426308,0
0.9999989,0
0.004712502,0
0.8185039,0
3.324939e-13,0
3.324939e-13,0
0.6217192,0
0.3172174,0
1.57135e-11,0
1.57135e-11,0
3.324939e-13,0
1.383885e-14,0
0.9844925,0
3.324939e-13,0
0.0008378133,0
0.2917284,0
1.33341e-09,0
3.324939e-13,0
1.383885e-14,0
0.9999994,0
3.324939e-13,0
3.324939e-13,0
3.324939e-13,0
1.57135e-11,0
0.2426308,0
3.324939e-13,0
1.085145e-10,0
2.099114e-09,0
0.2426308,0
0.9999981,0
0.2426308,0
0.01325919,0
3.324939e-13,0
0.2426308,0
3.324939e-13,0
0.9999989,0
1.57135e-11,0
0.8926076,0
0.9999989,0
3.324939e-13,0
0.9970016,0
0.003792942,0
7.573478e-19,0
0.9954599,0
1.57135e-11,0
0.02768016,0
1.383885e-14,0
3.324939e-13,0
1.383885e-14,0
0.2353881,0
3.324939e-13,0
0.004436262,0
0.2426308,0
0.9999578,0
0.8285724,0
2.952887e-06,0
0.004436262,0
6.38534e-21,0
3.324939e-13,0
3.324939e-13,0
3.324939e-13,0
3.731695e-14,0
3.324939e-13,0
3.324939e-13,0
3.731695e-14,0
3.324939e-13,0
3.324939e-13,0
3.324939e-13,0
3.324939e-13,0
3.324939e-13,0
0.0008170094,0
2.206904e-09,0
3.324939e-13,0
1.496886e-11,0
1.119533e-15,0
1.17269e-25,0
9.76884e-30,0
6.005753e-21,0
1.368914e-16,0
1.860983e-08,0
5.942515e-20,0
5.354317e-28,0
3.83342e-23,0
2.540398e-28,0
9.528465e-23,0
7.299324e-22,0
0.09916981,0
2.111853e-16,0
5.942515e-20,0
1.59594e-26,0
2.384279e-22,0
2.98961e-29,0
2.373071e-23,0
2.373071e-23,0
8.245914e-16,0
8.780735e-18,0
2.323321e-09,0
2.996504e-15,0
5.942515e-20,0
7.376968e-24,0
1.671096e-10,0
0.999965,0
4.254082e-24,0
1.559221e-16,0
1,0
2.918647e-17,0
1.935443e-14,0
9.45541e-20,0
1.566749e-19,0
1.865425e-16,0
9.932748e-23,0
6.005753e-21,0
7.058297e-24,0
1.20631e-27,0
7.092305e-09,0
3.263253e-14,0
7.376968e-24,0
1.698669e-25,0
4.148354e-20,0
5.942515e-20,0
1.6295e-23,0
9.608066e-24,0
1.880025e-26,0
1.105188e-26,0
9.76884e-30,0
8.245914e-16,0
0.06282095,0
1.83479e-22,0
9.283569e-20,0
0.02317351,0
9.95427e-20,0
6.136133e-13,0
6.745964e-20,0
1.271796e-20,0
8.780735e-18,0
4.708526e-20,0
2.372879e-17,0
2.111853e-16,0
0.00590955,0
2.996504e-15,0
1.20631e-27,0
5.359418e-16,0
7.859385e-19,0
1.59703e-18,0
1.463361e-25,0
3.35829e-18,0
1.220212e-22,0
0.290843,0
5.634293e-20,0
1.125756e-21,0
7.472106e-23,0
1.941398e-19,0
2.98961e-29,0
8.780735e-18,0
2.465816e-23,0
1.689687e-09,0
5.968106e-24,0
9.76884e-30,0
7.815358e-16,0
6.400557e-21,0
1.058814e-20,0
5.045612e-22,0
7.84235e-25,0
1.504642e-28,0
1.058814e-20,0
1.698669e-25,0
3.464349e-27,0
1.312775e-25,0
6.002664e-20,0
7.08662e-18,0
1.848182e-26,0
6.028699e-16,0
1.143635e-16,0
3.721772e-18,0
3.232804e-18,0
8.245358e-21,0
5.374854e-06,0
3.089427e-10,0
9.177473e-21,0
2.242381e-20,0
0.0001564207,0
0.004837856,0
0.0006661863,0
0.9045843,0
0.9835458,0
2.483248e-10,0
0.05668873,0
1,0
8.20732e-11,0
1.484714e-21,0
3.194213e-11,0
2.580498e-16,0
1.425333e-13,0
1.121592e-17,0
9.147741e-07,0
1.138213e-14,0
2.566881e-08,0
5.25459e-18,0
2.666997e-15,0
2.43135e-15,0
2.269538e-15,0
1.411986e-15,0
4.625914e-14,0
1.181066e-12,0
1.121592e-17,0
9.319361e-07,0
9.132919e-19,0
6.746518e-16,0
3.14839e-10,0
7.084027e-10,0
2.725668e-20,0
9.567417e-08,0
1.127572e-09,0
1.764916e-09,0
7.596724e-16,0
1.555334e-12,0
8.785119e-19,0
2.753833e-13,0
5.582917e-11,0
1.770044e-12,0
1.427398e-13,0
2.282433e-13,0
3.84299e-11,0
5.454957e-05,0
3.855154e-07,0
9.174032e-12,0
3.14839e-10,0
2.720626e-08,0
3.882611e-12,0
3.518542e-12,0
5.32413e-14,0
1.967239e-17,0
8.287614e-21,0
1.002808e-14,0
3.915043e-22,0
2.938481e-14,0
1.839317e-15,0
1.549989e-11,0
2.140592e-10,0
4.402669e-17,0
2.363764e-09,0
3.84299e-11,0
1.839317e-15,0
3.84299e-11,0
1.839317e-15,0
9.580727e-07,0
1.325811e-15,0
1.572225e-15,0
2.696952e-12,0
1.789253e-16,0
5.421476e-16,0
1.26495e-12,0
4.466891e-15,0
2.991951e-20,0
3.227084e-12,0
6.459684e-17,0
1.095044e-05,0
2.72543e-19,0
1.11764e-12,0
1.121592e-17,0
3.045112e-13,0
5.886775e-16,0
9.288658e-15,0
7.926137e-11,0
1.531356e-11,0
4.032383e-19,0
2.03966e-16,0
2.933607e-08,0
9.71551e-15,0
2.032216e-12,0
2.583438e-12,0
4.738483e-16,0
2.413061e-18,0
1.339327e-23,0
4.450529e-15,0
5.38382e-17,0
3.422287e-14,0
1.060617e-12,0
1.396584e-17,0
3.573887e-17,0
5.664089e-15,0
2.707025e-14,0
7.948907e-11,0
9.930151e-12,0
2.60016e-10,0
1.268886e-06,0
1.268886e-06,0
1.268886e-06,0
1.268886e-06,0
0.0007245154,0
1.268886e-06,0
3.48554e-15,0
8.161206e-15,0
6.067755e-10,0
2.298342e-11,0
0.0007245154,0
1.317978e-10,0
3.970788e-09,0
0.9951879,0
4.680427e-13,0
1.317978e-10,0
3.669767e-24,0
1.470187e-26,0
5.676458e-09,0
4.680427e-13,0
1.317978e-10,0
4.680427e-13,0
2.68517e-14,0
4.185955e-17,0
1.006173e-13,0
1.317978e-10,0
3.702443e-14,0
4.680427e-13,0
1.383796e-13,0
2.333403e-16,0
0.001832888,0
5.676458e-09,0
1.317978e-10,0
1.006173e-13,0
2.68517e-14,0
2.68517e-14,0
5.676458e-09,0
1.317978e-10,0
4.185955e-17,0
4.680427e-13,0
4.680427e-13,0
1.317978e-10,0
3.970788e-09,0
1.317978e-10,0
1.317978e-10,0
1.317978e-10,0
4.680427e-13,0
4.680427e-13,0
1.317978e-10,0
0.001832888,0
4.41155e-15,0
3.970788e-09,0
1.317978e-10,0
4.680427e-13,0
1.006173e-13,0
5.676458e-09,0
4.680427e-13,0
4.447082e-23,0
1.317978e-10,0
4.680427e-13,0
1.131893e-12,0
4.185955e-17,0
0.00120077,0
0.001832888,0
5.676458e-09,0
4.680427e-13,0
0.001832888,0
4.185955e-17,0
0.001832888,0
4.185955e-17,0
2.68517e-14,0
1.317978e-10,0
1.317978e-10,0
4.680427e-13,0
4.680427e-13,0
1.317978e-10,0
4.41155e-15,0
2.68517e-14,0
4.680427e-13,0
0.005831514,0
4.680427e-13,0
1.317978e-10,0
3.970788e-09,0
1.317978e-10,0
1.317978e-10,0
1.317978e-10,0
2.040187e-07,0
4.680427e-13,0
1.317978e-10,0
0.001832888,0
1.363712e-05,0
4.680427e-13,0
3.970788e-09,0
0.001832888,0
4.680427e-13,0
1.317978e-10,0
5.676458e-09,0
3.970788e-09,0
1.317978e-10,0
4.185955e-17,0
1.317978e-10,0
6.598538e-08,0
3.970788e-09,0
6.598538e-08,0
3.970788e-09,0
1.317978e-10,0
6.598538e-08,0
5.676458e-09,0
1.358032e-06,0
2.146294e-18,0
2.68517e-14,0
1.317978e-10,0
4.804854e-21,0
5.676458e-09,0
4.224768e-21,0
2.146294e-18,0
5.676458e-09,0
3.173172e-30,0
6.51521e-27,0
6.201833e-14,0
2.733962e-13,0
1.413243e-13,0
1.015588e-17,0
1.015588e-17,0
1.138213e-14,0
2.566881e-08,0
5.25459e-18,0
9.428541e-20,0
1.43871e-11,0
2.704565e-16,0
6.498566e-16,0
8.712212e-16,0
8.124348e-12,0
4.436963e-17,0
4.794296e-11,0
4.515338e-16,0
1.154182e-20,0
1.426023e-14,0
1.015588e-17,0
2.807369e-11,0
2.156373e-17,0
2.725668e-20,0
7.497112e-09,0
5.855915e-05,0
1.764916e-09,0
2.720409e-15,0
5.155284e-15,0
7.328902e-10,0
4.603112e-09,0
4.559233e-08,0
1.452546e-15,0
4.407482e-14,0
0.0003977862,0
2.818845e-38,0
1.187213e-14,0
1.04909e-10,0
1.957506e-14,0
2.720626e-08,0
3.518542e-12,0
5.32413e-14,0
1.967239e-17,0
8.287614e-21,0
1.015588e-17,0
1.232363e-10,0
8.412471e-22,0
2.938481e-14,0
9.74237e-17,0
4.515338e-16,0
1.681498e-13,0
1.589823e-16,0
6.647879e-09,0
3.913126e-41,0
2.818845e-38,0
1.860042e-13,0
1.987998e-11,0
1.042213e-09,0
1.161764e-16,0
2.750464e-20,0
3.57069e-14,0
1.800736e-12,0
2.448695e-08,0
2.470348e-13,0
1.420089e-15,0
7.497874e-12,0
0.9868762,0
3.522062e-11,0
1.729548e-13,0
3.283718e-11,0
5.155284e-15,0
4.436963e-17,0
1.544979e-12,0
9.82629e-14,0
2.025743e-15,0
6.55305e-11,0
2.249117e-11,0
1.548835e-17,0
4.478275e-21,0
7.351295e-12,0
3.286461e-16,0
2.569665e-22,0
2.583438e-12,0
3.286461e-16,0
1.228779e-14,0
2.564173e-21,0
5.921379e-13,0
1.415834e-09,0
4.675036e-14,0
3.867006e-14,0
1.361362e-13,0
1.396584e-17,0
6.804314e-11,0
1.890585e-12,0
1.605007e-10,0
2.707025e-14,0
5.849365e-14,0
3.880476e-21,0
3.248159e-09,0
0.06668112,0
0.9552361,0
0.06668112,0
0.01261294,0
1.148617e-06,0
0.000849435,0
1.493837e-12,0
3.219701e-08,0
0.0001472861,0
0.0002655344,0
1.887406e-06,0
0.9998816,0
1.932452e-24,0
9.104076e-13,0
8.224075e-10,0
4.977829e-11,0
8.719624e-24,0
3.181962e-21,0
2.899183e-10,0
2.899183e-10,0
1.725099e-22,0
3.514114e-06,0
1.143254e-06,0
6.781479e-13,0
3.028173e-23,0
1.027778e-33,0
2.899183e-10,0
1.155985e-19,0
7.432053e-06,0
1.152637e-14,0
1.231338e-19,0
2.252479e-14,0
0.9983987,0
6.784279e-15,0
7.367911e-06,0
6.652509e-20,0
1.115282e-23,0
0.0008525853,0
1.027778e-33,0
1.095002e-13,0
0.1350575,0
6.262818e-20,0
2.238797e-23,0
2.352781e-08,0
2.10816e-22,0
4.721919e-05,0
3.036877e-09,0
3.429382e-22,0
0.0001687399,0
2.523872e-08,0
5.657627e-17,0
2.63961e-21,0
3.96454e-07,0
4.973489e-06,0
7.540994e-25,0
2.899183e-10,0
6.382023e-15,0
4.33457e-09,0
1.43782e-09,0
0.0001821429,0
7.961599e-13,0
2.899183e-10,0
6.716933e-13,0
1.548631e-13,0
3.706758e-08,0
1.027778e-33,0
2.046305e-26,0
0.001008621,0
2.922488e-19,0
6.366355e-05,0
1.620461e-10,0
4.167587e-16,0
1.027778e-33,0
4.167587e-16,0
1.027778e-33,0
4.13793e-09,0
1.313507e-08,0
1.113877e-08,0
3.233135e-08,0
5.932913e-27,0
3.366359e-17,0
0.0004745837,0
2.99263e-16,0
0.001035768,0
3.445946e-14,0
2.140959e-05,0
8.936107e-06,0
2.352781e-08,0
2.899183e-10,0
1.060251e-06,0
2.467452e-09,0
5.533697e-10,0
4.186195e-17,0
0.001855979,0
2.085294e-13,0
9.322293e-11,0
1.506389e-19,0
1.423862e-10,0
1.646959e-18,0
7.389314e-29,0
5.82149e-12,0
4.304723e-08,0
1.646959e-18,0
8.883903e-10,0
3.074777e-10,0
1.177912e-12,0
9.578333e-09,0
6.192682e-11,0
9.165646e-10,0
1.532416e-11,0
1.484681e-07,0
4.754882e-11,0
8.148689e-14,0
4.457349e-12,0
0.0002769119,0
1.632317e-06,0
1.619974e-05,0
0.01296876,0
4.178402e-13,0
0.486113,0
0.486113,0
0.486113,0
4.407898e-16,0
0.5759289,0
0.5759289,0
0.486113,0
0.486113,0
0.4352191,0
4.616998e-12,0
0.3976593,0
0.6111358,0
0.486113,0
1.075177e-11,0
2.956157e-13,0
1.612576e-15,0
5.184591e-11,0
9.310115e-16,0
1.369112e-06,0
8.739223e-20,0
5.792427e-27,0
5.792427e-27,0
0.0001146427,0
5.090127e-10,0
6.832705e-11,0
9.335629e-13,0
9.631944e-19,0
6.403087e-24,0
5.792427e-27,0
3.055454e-15,0
1.615927e-21,0
3.25377e-13,0
1.342717e-07,0
9.481103e-10,0
5.792427e-27,0
2.205138e-16,0
1.397681e-07,0
8.232412e-28,0
3.445876e-09,0
2.581821e-13,0
6.403087e-24,0
8.78739e-21,0
4.164612e-10,0
7.501492e-07,0
6.513805e-16,0
1.687881e-18,0
1.358918e-10,0
1.374992e-14,0
9.318515e-13,0
1.579522e-16,0
3.419774e-18,0
1.000098e-06,0
4.166101e-12,0
7.993103e-15,0
8.644282e-06,0
2.45542e-05,0
8.705233e-13,0
4.145161e-05,0
6.735124e-17,0
2.298043e-11,0
2.134902e-27,0
1.714736e-18,0
4.073936e-15,0
1.917771e-14,0
5.419691e-11,0
6.403087e-24,0
2.268181e-13,0
3.876451e-10,0
4.167287e-15,0
3.857356e-05,0
3.419774e-18,0
6.403087e-24,0
3.419774e-18,0
6.403087e-24,0
0.01180975,0
6.704172e-13,0
1.205282e-08,0
1.074033e-11,0
9.889804e-06,0
7.560413e-16,0
1.999238e-11,0
7.050347e-05,0
6.666853e-06,0
0.01480064,0
3.439806e-10,0
1.67337e-11,0
5.792427e-27,0
4.888656e-16,0
4.153194e-15,0
3.017092e-16,0
2.18314e-06,0
1.112488e-13,0
8.598853e-18,0
1.683014e-07,0
4.239497e-19,0
5.749129e-26,0
1.381151e-09,0
8.247204e-16,0
1.160279e-12,0
7.108491e-12,0
8.019286e-07,0
7.239868e-06,0
9.285141e-17,0
2.994421e-10,0
5.10926e-10,0
5.215397e-15,0
4.00467e-06,0
7.818748e-11,0
2.2131e-10,0
5.88544e-07,0
0.8357643,0
6.316842e-12,0
0.002799678,0
8.668047e-18,0
0.1630991,0
0.609939,0
0.003326287,0
0.6506565,0
0.1630991,0
0.6506565,0
2.646947e-09,0
3.056362e-08,0
7.402306e-14,0
1.314745e-06,0
0.009079343,0
4.806298e-07,0
0.1630991,0
1.119533e-15,0
1.17269e-25,0
9.76884e-30,0
6.005753e-21,0
5.927042e-16,0
1.860983e-08,0
4.428325e-16,0
4.428325e-16,0
2.95573e-27,0
1.271796e-20,0
1.105188e-26,0
9.528465e-23,0
7.299324e-22,0
1.24121e-05,0
6.361931e-07,0
1.59594e-26,0
2.98961e-29,0
3.034054e-11,0
3.034054e-11,0
4.428325e-16,0
8.780735e-18,0
0.0007828855,0
9.76884e-30,0
2.996504e-15,0
4.428325e-16,0
1.496886e-11,0
1.495169e-11,0
4.254082e-24,0
2.372879e-17,0
1.559221e-16,0
0.9999994,0
2.918647e-17,0
7.026443e-22,0
9.932748e-23,0
8.980775e-25,0
7.092305e-09,0
1.512163e-05,0
7.801333e-15,0
5.139614e-23,0
1.698669e-25,0
9.006054e-11,0
4.428325e-16,0
5.139614e-23,0
1.848182e-26,0
1.105188e-26,0
1.00634e-25,0
9.76884e-30,0
4.428325e-16,0
2.550679e-22,0
0.9999833,0
9.95427e-20,0
1.161635e-17,0
1.941398e-19,0
1.271796e-20,0
8.780735e-18,0
4.708526e-20,0
6.361931e-07,0
2.111853e-16,0
0.9999651,0
2.996504e-15,0
1.164402e-21,0
1.20631e-27,0
1.905032e-07,0
0.0009619957,0
3.702733e-21,0
4.254082e-24,0
7.628456e-18,0
1.220212e-22,0
7.128762e-08,0
1.172003e-11,0
8.556685e-08,0
0.8291959,0
3.449229e-09,0
4.428325e-16,0
1.941398e-19,0
2.98961e-29,0
8.780735e-18,0
2.465816e-23,0
2.454256e-22,0
2.465816e-23,0
9.76884e-30,0
7.826721e-17,0
1.524574e-07,0
5.057806e-24,0
7.84235e-25,0
1.058814e-20,0
1.698669e-25,0
1.444759e-16,0
6.488257e-25,0
1.593965e-06,0
1.425672e-10,0
1.00634e-25,0
1.848182e-26,0
6.699779e-08,0
9.185608e-05,0
3.431363e-12,0
3.804193e-18,0
6.601659e-16,0
0.0008012174,0
1.00634e-25,0
1.271796e-20,0
4.672338e-24,0
2.996504e-15,0
0.0008356535,0
2.145917e-08,0
0.0008356535,0
8.566611e-09,0
0.0008356535,0
8.566611e-09,0
0.0008584064,0
8.566611e-09,0
0.006446047,0
2.145917e-08,0
0.0008584064,0
0.5217696,0
0.5217696,0
0.5217696,0
0.5217696,0
0.5217696,0
0.5217696,0
0.5217696,0
0.6743379,0
0.6743379,0
0.5217696,0
0.5217696,0
0.9879968,0
0.6743379,0
0.5217696,0
0.1239629,0
0.5217696,0
0.5217696,0
0.6743379,0
0.5217696,0
0.6743379,0
0.6743379,0
0.5217696,0
0.1239629,0
0.5217696,0
0.6743379,0
0.6743379,0
0.9999684,0
0.9999766,0
0.8668285,0
0.5217696,0
0.5217696,0
0.5217696,0
0.5217696,0
0.9999766,0
0.5217696,0
0.5217696,0
0.5217696,0
0.5217696,0
0.9999684,0
0.6743379,0
0.5217696,0
0.5217696,0
0.5217696,0
0.5217696,0
0.5217696,0
0.5217696,0
0.9999684,0
0.6743379,0
0.1239629,0
0.5217696,0
0.9999684,0
0.1239629,0
0.1239629,0
0.9999766,0
0.9999684,0
0.5217696,0
0.001515501,0
0.5217696,0
0.5217696,0
0.5217696,0
0.5217696,0
0.5217696,0
0.6743379,0
0.5217696,0
0.5217696,0
0.6743379,0
0.001515501,0
0.001515501,0
0.3843521,0
0.3843521,0
0.3843521,0
0.3843521,0
0.3843521,0
0.3843521,0
0.3843521,0
0.3843521,0
0.02254531,0
0.3843521,0
1,0
0.3843521,0
0.3843521,0
0.3843521,0
0.9995785,0
0.3843521,0
0.3843521,0
0.3843521,0
0.3843521,0
0.3843521,0
2.10891e-09,0
0.3843521,0
0.3843521,0
0.3843521,0
2.10891e-09,0
0.004542268,0
0.9996463,0
0.3843521,0
0.3843521,0
0.3843521,0
0.3843521,0
0.3843521,0
0.004542268,0
0.3843521,0
2.10891e-09,0
0.02254531,0
0.3843521,0
2.10891e-09,0
0.3843521,0
0.3843521,0
1,0
0.9998829,0
1,0
0.3843521,0
0.3843521,0
0.3843521,0
0.02254531,0
2.10891e-09,0
0.3843521,0
2.10891e-09,0
0.3843521,0
2.10891e-09,0
0.004542268,0
1,0
0.02254531,0
0.3843521,0
0.3843521,0
0.3843521,0
0.3843521,0
0.02254531,0
0.3843521,0
0.3843521,0
0.3843521,0
0.02254531,0
0.3843521,0
0.3843521,0
0.3843521,0
0.3843521,0
0.02254531,0
7.975622e-22,0
1.949811e-30,0
5.737558e-12,0
2.94524e-08,0
1.820639e-08,0
8.719624e-24,0
9.718398e-12,0
2.899183e-10,0
2.899183e-10,0
1.468563e-06,0
0.6425171,0
4.441176e-06,0
2.810461e-14,0
5.690286e-25,0
8.27049e-30,0
2.899183e-10,0
1.371741e-10,0
4.637924e-16,0
1.104996e-08,0
2.899183e-10,0
1.648403e-08,0
0.001008621,0
1.148705e-19,0
2.899183e-10,0
1.610714e-21,0
7.262798e-30,0
9.365261e-11,0
1.085856e-11,0
8.27049e-30,0
1.095002e-13,0
0.3251818,0
2.571532e-06,0
1.387047e-11,0
9.454851e-07,0
6.757921e-26,0
6.696102e-11,0
4.129687e-22,0
3.208074e-18,0
5.072249e-20,0
6.195566e-14,0
1.282143e-12,0
3.96454e-07,0
2.474513e-12,0
7.149314e-05,0
0.001623311,0
1.302692e-07,0
4.33457e-09,0
6.018199e-07,0
0.0001821429,0
3.015018e-10,0
2.899183e-10,0
1.892062e-14,0
2.56059e-10,0
4.647551e-07,0
2.195548e-05,0
8.27049e-30,0
1.159253e-18,0
0.001008621,0
6.34722e-11,0
0.9971682,0
1.825935e-24,0
8.27049e-30,0
6.195566e-14,0
8.27049e-30,0
1.482487e-10,0
1.718434e-13,0
1.587643e-13,0
1.668113e-06,0
0.007227331,0
1.142388e-08,0
3.759447e-08,0
6.434552e-09,0
0.0009756553,0
9.14294e-23,0
1.157184e-20,0
7.376538e-11,0
1.63261e-10,0
3.050291e-10,0
7.370611e-09,0
9.454851e-07,0
2.899183e-10,0
2.069431e-05,0
1.283719e-12,0
0.02622886,0
4.186195e-17,0
0.03329002,0
1.600492e-10,0
0.003707239,0
1.03986e-21,0
2.406717e-11,0
1.646959e-18,0
7.966721e-07,0
4.304723e-08,0
1.646959e-18,0
6.874034e-08,0
1,0
1.061471e-09,0
1.959678e-20,0
1.065155e-05,0
9.917371e-09,0
2.267112e-10,0
4.241589e-09,0
4.210318e-15,0
3.84126e-11,0
1.039124e-19,0
2.292836e-20,0
1.130627e-08,0
1.85055e-06,0
4.676471e-05,0
5.803157e-11,0
4.178402e-13,0
0.486113,0
0.486113,0
0.486113,0
4.407898e-16,0
0.5759289,0
0.486113,0
0.486113,0
7.167449e-10,0
4.951505e-11,0
4.616998e-12,0
0.3976593,0
0.6111358,0
0.486113,0
1.613453e-18,0
1.932452e-24,0
9.104076e-13,0
1.192045e-23,0
1.886987e-11,0
8.154291e-24,0
2.332367e-12,0
2.899183e-10,0
2.899183e-10,0
3.599637e-10,0
2.194122e-05,0
9.936223e-14,0
6.846781e-11,0
3.028173e-23,0
8.27049e-30,0
2.899183e-10,0
8.855087e-15,0
4.637924e-16,0
1.104996e-08,0
1.672754e-14,0
2.899183e-10,0
1.249106e-07,0
6.288461e-19,0
2.899183e-10,0
7.289407e-10,0
1.024799e-10,0
8.27049e-30,0
0.1350575,0
1.54498e-11,0
1.387047e-11,0
9.454851e-07,0
2.10816e-22,0
2.712592e-17,0
1.437859e-15,0
3.557175e-06,0
2.910177e-12,0
6.195566e-14,0
1.282143e-12,0
3.399056e-14,0
2.474513e-12,0
7.149314e-05,0
2.899183e-10,0
4.265044e-07,0
1.302692e-07,0
5.161707e-12,0
6.419914e-09,0
0.0001821429,0
1.268454e-05,0
2.899183e-10,0
9.71235e-17,0
4.647551e-07,0
2.195548e-05,0
8.27049e-30,0
2.046305e-26,0
0.001008621,0
5.243532e-12,0
1.193573e-05,0
1.477699e-18,0
6.195566e-14,0
8.27049e-30,0
6.195566e-14,0
8.27049e-30,0
1.482487e-10,0
6.898345e-16,0
6.50431e-19,0
0.007227331,0
1.142388e-08,0
3.759447e-08,0
2.708049e-13,0
0.05052659,0
7.66295e-05,0
2.122906e-13,0
3.050291e-10,0
7.370611e-09,0
9.454851e-07,0
2.899183e-10,0
1.169155e-06,0
6.69444e-19,0
8.006708e-07,0
1.984489e-27,0
0.03329002,0
1.068595e-09,0
4.219205e-13,0
1.707713e-32,0
1.423862e-10,0
1.646959e-18,0
4.02596e-26,0
6.053995e-11,0
4.304723e-08,0
1.646959e-18,0
4.925196e-15,0
8.093499e-14,0
1.394673e-09,0
1.065155e-05,0
6.672214e-10,0
3.84126e-11,0
1.039124e-19,0
1.130627e-08,0
4.676471e-05,0
1.619974e-05,0
3.245194e-12,0
4.178402e-13,0
0.486113,0
0.486113,0
0.486113,0
4.407898e-16,0
0.5759289,0
0.5759289,0
0.486113,0
0.486113,0
7.167449e-10,0
4.951505e-11,0
0.00242036,0
4.616998e-12,0
0.3976593,0
2.302411e-05,0
2.302411e-05,0
4.249516e-09,0
2.302411e-05,0
0.0005812953,0
2.302411e-05,0
2.302411e-05,0
2.302411e-05,0
2.302411e-05,0
2.302411e-05,0
2.302411e-05,0
2.302411e-05,0
0.001074316,0
0.001074316,0
2.302411e-05,0
0.0006324231,0
2.302411e-05,0
2.302411e-05,0
2.302411e-05,0
2.302411e-05,0
2.302411e-05,0
0.9999995,0
2.302411e-05,0
2.302411e-05,0
1,0
2.302411e-05,0
2.302411e-05,0
2.302411e-05,0
0.001074316,0
0.5172473,0
2.302411e-05,0
0.04529089,0
2.302411e-05,0
2.302411e-05,0
2.302411e-05,0
0.001074316,0
0.001074316,0
2.302411e-05,0
0.7703383,0
2.302411e-05,0
0.001074316,0
5.649415e-06,0
2.302411e-05,0
0.02551288,0
2.302411e-05,0
2.302411e-05,0
2.302411e-05,0
2.302411e-05,0
2.302411e-05,0
2.302411e-05,0
2.302411e-05,0
1.865321e-06,0
2.302411e-05,0
0.001074316,0
2.302411e-05,0
0.7703383,0
2.302411e-05,0
2.302411e-05,0
2.302411e-05,0
2.302411e-05,0
5.649415e-06,0
0.001074316,0
2.302411e-05,0
0.9283733,0
0.2623005,0
0.003942403,0
2.302411e-05,0
1,0
2.302411e-05,0
2.302411e-05,0
2.302411e-05,0
8.434358e-05,0
5.649415e-06,0
0.7703383,0
2.302411e-05,0
0.7703383,0
0.7703383,0
0.001074316,0
8.434358e-05,0
2.302411e-05,0
2.302411e-05,0
2.302411e-05,0
2.302411e-05,0
8.434358e-05,0
2.302411e-05,0
2.302411e-05,0
2.302411e-05,0
0.001074316,0
8.434358e-05,0
0.001074316,0
2.302411e-05,0
0.001074316,0
8.434358e-05,0
8.434358e-05,0
0.09404217,0
0.09404217,0
0.09404217,0
1.290177e-09,0
0.09404217,0
0.09404217,0
0.4390941,0
0.09404217,0
0.09404217,0
0.09404217,0
0.0001781772,0
0.09404217,0
0.000326574,0
0.975458,0
0.001769483,0
0.09404217,0
1.996926e-06,0
0.09404217,0
0.09404217,0
0.09404217,0
0.0001781772,0
0.09404217,0
0.09404217,0
0.9998036,0
0.9998036,0
0.001769483,0
0.0004968245,0
0.9582718,0
0.09404217,0
0.09404217,0
1,0
7.947872e-08,0
0.0001781772,0
0.0001781772,0
0.09404217,0
5.703746e-15,0
0.6898975,0
0.09404217,0
0.009826886,0
1,0
0.09404217,0
3.461761e-05,0
0.001769483,0
5.703746e-15,0
0.0001781772,0
0.09404217,0
0.09404217,0
0.0001781772,0
0.0001781772,0
0.0001781772,0
0.09404217,0
3.770434e-07,0
1.27447e-06,0
0.001769483,0
0.0001781772,0
1,0
0.0001697519,0
0.09404217,0
0.0001781772,0
8.536766e-06,0
0.009826886,0
0.9999999,0
0.001769483,0
0.8286504,0
0.03450724,0
1,0
0.004200737,0
1.344393e-07,0
0.09404217,0
0.09404217,0
0.09404217,0
1,0
1,0
0.9994312,0
1.27447e-06,0
3.602966e-06,0
0.9998036,0
1.458463e-05,0
0.9951004,0
1.018627e-07,0
0.6616737,0
0.09404217,0
0.09404217,0
0.09404217,0
0.09404217,0
0.09404217,0
0.09404217,0
0.09404217,0
0.09404217,0
0.09404217,0
0.09404217,0
5.703746e-15,0
5.583202e-12,0
0.09404217,0
0.3675971,0
0.3675971,0
0.3675971,0
0.3675971,0
0.3675971,0
0.3675971,0
1.23087e-08,0
1.23087e-08,0
0.3675971,0
0.3675971,0
0.1823198,0
0.3675971,0
0.9999983,0
0.3675971,0
0.9998488,0
0.3675971,0
0.3675971,0
0.3675971,0
0.3675971,0
0.3675971,0
1.23087e-08,0
0.3675971,0
6.764652e-11,0
0.9921159,0
0.04719602,0
1.23087e-08,0
0.0009527321,0
1.23087e-08,0
0.3675971,0
0.3675971,0
0.3675971,0
0.3675971,0
0.3675971,0
0.3675971,0
0.3675971,0
0.3675971,0
6.764652e-11,0
0.5223972,0
0.3675971,0
0.3675971,0
0.0009527321,0
1.23087e-08,0
0.3675971,0
0.9999703,0
0.9943208,0
0.3675971,0
0.3675971,0
0.3675971,0
0.3675971,0
0.5223972,0
0.0009527321,0
1.23087e-08,0
6.764652e-11,0
0.3675971,0
0.0009527321,0
6.764652e-11,0
0.7332801,0
1.23087e-08,0
0.9999703,0
0.5223972,0
0.3675971,0
0.3675971,0
0.3675971,0
0.5223972,0
0.3675971,0
0.3675971,0
1.23087e-08,0
0.5223972,0
1.23087e-08,0
0.3675971,0
1.23087e-08,0
0.5223972,0
0.5223972,0
2.945818e-16,0
2.420021e-10,0
9.769232e-11,0
4.363949e-22,0
7.630147e-10,0
6.892472e-18,0
1.073938e-20,0
1.073938e-20,0
7.959703e-20,0
2.84932e-09,0
2.185836e-21,0
7.842754e-10,0
3.875306e-17,0
1.871916e-19,0
1.073938e-20,0
6.586943e-16,0
2.38857e-27,0
3.918703e-15,0
1.241355e-12,0
3.795725e-12,0
1.073938e-20,0
3.316205e-17,0
4.348392e-16,0
5.235286e-09,0
1.073938e-20,0
2.970464e-12,0
6.773921e-19,0
1.222371e-11,0
7.151134e-13,0
3.737084e-23,0
1.099272e-11,0
0.9999282,0
2.190948e-33,0
2.965279e-15,0
1.5631e-14,0
2.080628e-07,0
4.696015e-16,0
1.672005e-14,0
1.926617e-15,0
3.812283e-11,0
1.613981e-20,0
1.119893e-27,0
7.20631e-14,0
2.000636e-17,0
1.161191e-12,0
1.073938e-20,0
1.808531e-13,0
5.140359e-08,0
1.953816e-08,0
8.066955e-15,0
1.053091e-17,0
5.104315e-20,0
1.073938e-20,0
3.381614e-08,0
6.621215e-13,0
4.095648e-12,0
1.457324e-08,0
8.381048e-22,0
3.356564e-06,0
4.348392e-16,0
1.048617e-19,0
9.938157e-10,0
6.902272e-22,0
3.705537e-18,0
1.079138e-25,0
8.381048e-22,0
0.001373861,0
1.307318e-10,0
4.956e-12,0
2.927743e-12,0
2.069278e-07,0
1.113481e-14,0
2.663978e-06,0
5.31337e-09,0
3.829832e-19,0
1.43656e-11,0
5.95767e-15,0
9.514656e-17,0
1.89851e-11,0
2.636753e-07,0
6.228384e-15,0
1.073938e-20,0
2.1846e-16,0
4.344945e-15,0
3.494298e-16,0
5.852266e-18,0
2.517613e-11,0
4.416524e-12,0
1.650835e-16,0
2.416989e-08,0
6.637698e-22,0
1.37367e-22,0
4.474585e-14,0
4.3707e-13,0
2.348989e-22,0
6.33214e-15,0
7.475226e-12,0
3.123058e-16,0
3.311392e-15,0
2.939412e-14,0
2.038656e-17,0
3.314867e-15,0
3.85742e-15,0
4.91354e-16,0
1.758652e-09,0
3.512498e-17,0
4.580749e-14,0
3.324617e-12,0
6.253803e-05,0
4.44816e-05,0
3.884657e-07,0
0.0005162887,0
0.006982471,0
4.44816e-05,0
1.167361e-07,0
3.392508e-06,0
2.859045e-11,0
1.059855e-15,0
1.01215e-12,0
2.173295e-09,0
1.528261e-07,0
1.972064e-15,0
1.106222e-10,0
7.967917e-17,0
2.487115e-11,0
1.372446e-12,0
8.916845e-08,0
1.603344e-16,0
1.005051e-09,0
9.749974e-13,0
6.040534e-15,0
8.979537e-11,0
1.203733e-09,0
3.000334e-09,0
4.261334e-09,0
7.087577e-15,0
1.866363e-10,0
2.413133e-08,0
8.95902e-12,0
2.467201e-14,0
6.104408e-08,0
8.916845e-08,0
1.194993e-06,0
4.720627e-10,0
1.529433e-14,0
8.739691e-12,0
2.556694e-11,0
2.72906e-12,0
5.443148e-10,0
6.143692e-15,0
2.179784e-06,0
1.715733e-16,0
1.160632e-14,0
1.133352e-10,0
1.070649e-09,0
1.358466e-12,0
1.603344e-16,0
2.058575e-06,0
1.240248e-18,0
1.664258e-13,0
8.900252e-14,0
2.693012e-10,0
0.9998036,0
4.046161e-10,0
3.590106e-10,0
9.156843e-13,0
6.310375e-12,0
0.007238916,0
2.88718e-14,0
1.339752e-15,0
2.872591e-10,0
1.715733e-16,0
8.916845e-08,0
1.715733e-16,0
8.916845e-08,0
3.527653e-20,0
1.866363e-10,0
6.699973e-15,0
2.096537e-09,0
1.40244e-18,0
1.039122e-11,0
3.144796e-13,0
7.596613e-11,0
2.293549e-16,0
8.98205e-06,0
2.359924e-11,0
3.487746e-12,0
1.796896e-06,0
8.739691e-12,0
1.603344e-16,0
7.735342e-14,0
5.770612e-13,0
1.576872e-10,0
7.857824e-12,0
4.607325e-18,0
3.399679e-10,0
9.79116e-13,0
2.154776e-07,0
4.303008e-19,0
1.883513e-11,0
1.032926e-13,0
2.154776e-07,0
3.028323e-16,0
2.522482e-15,0
1.594834e-09,0
3.856313e-13,0
8.0124e-14,0
1.380888e-08,0
1.75082e-09,0
2.549462e-12,0
9.934599e-09,0
6.197593e-16,0
1.63469e-11,0
1.120721e-07,0
1.999271e-09,0
7.778538e-08,0
3.293847e-12,0
2.463299e-13,0
0.000131016,0
0.8273634,0
0.0002696572,0
0.9283881,0
1.970556e-08,0
0.8273634,0
2.859045e-11,0
1.059855e-15,0
2.675424e-15,0
1.725826e-07,0
1.864961e-10,0
1.100822e-17,0
8.25019e-13,0
4.568227e-11,0
5.798072e-17,0
2.487115e-11,0
4.827966e-10,0
1.138139e-12,0
1.228752e-20,0
4.010393e-15,0
0.003256716,0
2.088963e-07,0
1.81291e-10,0
1.845824e-09,0
9.5121e-09,0
3.771257e-10,0
1.700982e-12,0
5.765857e-06,0
3.078716e-21,0
0.999999,0
0.6909055,0
9.320217e-14,0
3.50554e-08,0
0.9999995,0
0.000671801,0
1.564597e-15,0
7.438112e-14,0
3.986724e-13,0
3.699366e-14,0
2.117572e-09,0
6.002179e-10,0
5.443148e-10,0
5.385909e-08,0
4.738576e-11,0
0.9999775,0
7.009021e-09,0
2.324014e-12,0
1.133352e-10,0
2.747031e-12,0
3.078716e-21,0
1.352998e-07,0
1.065767e-10,0
8.931338e-10,0
2.32166e-13,0
2.693012e-10,0
1.100822e-17,0
4.046161e-10,0
3.590106e-10,0
1.706505e-13,0
6.310375e-12,0
4.126659e-13,0
2.669271e-12,0
3.771257e-10,0
3.370724e-12,0
1.339752e-15,0
2.583932e-11,0
9.032102e-33,0
1.228752e-20,0
4.126659e-13,0
1.223102e-20,0
5.765857e-06,0
6.699973e-15,0
2.096537e-09,0
1.608512e-11,0
2.496604e-13,0
8.490907e-08,0
8.828564e-14,0
7.522049e-13,0
3.750279e-16,0
2.914865e-09,0
0.9995022,0
1.756588e-15,0
3.972678e-11,0
1.796896e-06,0
3.699366e-14,0
4.010393e-15,0
6.844929e-14,0
1.477056e-11,0
1.170579e-13,0
6.601066e-20,0
3.001589e-08,0
8.973643e-12,0
4.607325e-18,0
0.0006864792,0
7.77806e-09,0
1.093765e-15,0
2.786087e-17,0
1.883513e-11,0
2.442051e-14,0
1.093765e-15,0
2.354587e-15,0
2.434354e-10,0
1.432602e-09,0
2.434354e-10,0
8.0124e-14,0
0.006628975,0
5.232426e-11,0
1.99517e-11,0
5.621515e-14,0
1.214179e-09,0
1.9357e-11,0
4.656655e-07,0
1.999271e-09,0
0.0003101116,0
0.0001267038,0
9.740554e-16,0
2.972722e-10,0
0.8961042,0
1,0
0.9939856,0
0.1068626,0
1.291829e-06,0
0.2550626,0
4.299604e-05,0
0.999998,0
5.080739e-07,0
0.02290402,0
1.438781e-08,0
2.274298e-21,0
5.154793e-11,0
0.0001706209,0
3.825299e-07,0
1.458388e-21,0
6.575945e-24,0
6.575945e-24,0
2.399434e-06,0
1.839634e-13,0
1.713216e-06,0
0.01161699,0
1.261368e-12,0
8.882044e-24,0
8.766304e-12,0
0.0004402448,0
2.630999e-06,0
4.804058e-13,0
3.214283e-19,0
6.815164e-25,0
1.042683e-06,0
3.481087e-23,0
1.379883e-08,0
3.087032e-06,0
1.041024e-27,0
8.914601e-08,0
2.488436e-17,0
4.323613e-09,0
0.0001688932,0
2.135745e-23,0
7.703378e-14,0
2.98669e-07,0
2.076121e-19,0
2.938046e-09,0
7.966169e-21,0
3.220973e-11,0
4.078523e-15,0
9.485044e-18,0
8.020646e-09,0
3.790754e-08,0
2.048988e-15,0
2.753228e-25,0
0.006616928,0
1.930478e-16,0
4.602816e-12,0
1.20644e-06,0
6.575945e-24,0
4.053461e-14,0
8.256908e-14,0
4.71069e-09,0
4.291681e-11,0
8.317278e-09,0
6.575945e-24,0
1.330408e-13,0
2.330219e-08,0
1.735095e-10,0
5.037364e-14,0
2.135745e-23,0
1.277764e-26,0
3.481087e-23,0
0.0002021252,0
4.977874e-16,0
2.753228e-25,0
2.135745e-23,0
2.753228e-25,0
2.135745e-23,0
8.195326e-10,0
1.320044e-21,0
0.9178928,0
2.012875e-05,0
6.461814e-14,0
1.047946e-10,0
7.217112e-09,0
0.0001409782,0
7.828366e-09,0
1.641022e-11,0
7.505289e-11,0
5.657627e-05,0
1.81627e-11,0
3.220973e-11,0
6.815164e-25,0
7.554101e-12,0
0.9875067,0
2.028276e-33,0
3.434723e-11,0
1.579063e-10,0
1.609296e-20,0
4.239497e-19,0
1.997404e-16,0
2.291017e-07,0
9.780541e-09,0
4.239497e-19,0
6.272821e-10,0
2.974697e-13,0
7.831741e-09,0
2.278269e-11,0
5.567662e-05,0
8.318328e-08,0
3.527822e-05,0
1.742803e-07,0
4.087759e-08,0
2.767978e-13,0
1.328214e-18,0
2.368193e-11,0
4.008619e-07,0
4.914329e-08,0
7.363705e-22,0
2.080867e-06,0
4.178766e-14,0
7.408818e-10,0
0.1630991,0
0.1630991,0
0.1630991,0
0.1295675,0
0.06213212,0
0.1630991,0
0.1630991,0
0.1630991,0
0.8815887,0
0.8034003,0
7.402306e-14,0
0.6657757,0
0.00386642,0
0.6506565,0
7.291434e-06,0
3.459329e-13,0
7.624876e-26,0
2.623802e-11,0
0.0006607295,0
2.076268e-29,0
1.470106e-22,0
6.208478e-16,0
4.671396e-23,0
1.467331e-16,0
1.185451e-09,0
4.06927e-11,0
2.076268e-29,0
2.421706e-22,0
1.592365e-17,0
2.010641e-12,0
2.010641e-12,0
2.076268e-29,0
8.204827e-12,0
1.058669e-06,0
7.624876e-26,0
3.513891e-10,0
2.076268e-29,0
7.291434e-06,0
4.121798e-13,0
1.065549e-18,0
1.943709e-12,0
2.593702e-16,0
0.958363,0
1.321998e-12,0
2.083705e-08,0
0.0001867362,0
1.689646e-11,0
8.809703e-15,0
1.592365e-17,0
2.855476e-18,0
3.14735e-22,0
9.432042e-25,0
0.8891923,0
8.840619e-20,0
1.883255e-18,0
6.61143e-18,0
2.076268e-29,0
8.840619e-20,0
5.036969e-18,0
4.915981e-22,0
5.997753e-24,0
3.083904e-18,0
7.624876e-26,0
0.1360883,0
1.810515e-25,0
5.833398e-05,0
3.058197e-09,0
4.660907e-10,0
1.058669e-06,0
1.339655e-11,0
6.208478e-16,0
8.204827e-12,0
8.428566e-14,0
3.273283e-10,0
6.792291e-27,0
3.058197e-09,0
3.513891e-10,0
6.208478e-16,0
9.432042e-25,0
4.988461e-09,0
6.654041e-10,0
1.516193e-22,0
1.065549e-18,0
2.130546e-11,0
0.9249517,0
1.2358e-10,0
4.37822e-08,0
2.521124e-09,0
2.076268e-29,0
1.339655e-11,0
4.555019e-26,0
1.033049e-18,0
3.510294e-21,0
1.033049e-18,0
7.624876e-26,0
0.9989931,0
5.027542e-11,0
2.054885e-20,0
5.29689e-05,0
3.022065e-18,0
4.048237e-22,0
0.02323466,0
1.883255e-18,0
0.0003433929,0
6.126294e-18,0
5.380101e-18,0
4.915981e-22,0
1.225529e-15,0
5.930151e-20,0
5.924239e-16,0
5.380101e-18,0
6.208478e-16,0
1.033049e-18,0
1.57873e-08,0
0.01647521,0
3.441897e-08,0
0.05476708,0
1.02843e-06,0
0.09748834,0
0.01647521,0
5.702774e-09,0
0.01647521,0
0.09748834,0
3.877866e-09,0
2.956157e-13,0
1.612576e-15,0
5.184591e-11,0
9.310115e-16,0
1.369112e-06,0
8.739223e-20,0
5.792427e-27,0
5.792427e-27,0
0.0001146427,0
5.090127e-10,0
6.832705e-11,0
9.335629e-13,0
2.484245e-16,0
1.459977e-25,0
5.792427e-27,0
3.055454e-15,0
1.615927e-21,0
3.25377e-13,0
5.774213e-09,0
5.738975e-14,0
5.015242e-12,0
2.205138e-16,0
1.528424e-14,0
5.617109e-18,0
5.792427e-27,0
1.397681e-07,0
2.019217e-21,0
5.485193e-09,0
1.459977e-25,0
8.78739e-21,0
1.925823e-15,0
4.84948e-25,0
7.254541e-09,0
6.17302e-12,0
6.513805e-16,0
1.687881e-18,0
1.358918e-10,0
1.374992e-14,0
2.546218e-14,0
9.318515e-13,0
1.579522e-16,0
3.419774e-18,0
1.023786e-20,0
1.000098e-06,0
4.166101e-12,0
0.0001608908,0
3.219266e-26,0
2.45542e-05,0
6.471651e-08,0
4.145161e-05,0
5.53376e-10,0
1.62035e-09,0
6.721984e-09,0
2.134902e-27,0
0.9895024,0
1.464791e-14,0
2.051404e-08,0
1.459977e-25,0
8.90416e-17,0
2.268181e-13,0
3.876451e-10,0
4.167287e-15,0
3.857356e-05,0
3.419774e-18,0
1.459977e-25,0
3.419774e-18,0
1.459977e-25,0
1.000089e-05,0
6.704172e-13,0
1.205282e-08,0
9.964758e-12,0
1.060519e-13,0
2.340018e-15,0
7.967838e-14,0
7.050347e-05,0
3.158681e-05,0
0.01480064,0
1.388994e-13,0
6.787803e-14,0
2.419001e-14,0
6.17302e-12,0
7.969616e-06,0
4.153194e-15,0
3.017092e-16,0
1.434313e-10,0
2.542954e-16,0
1.112488e-13,0
8.598853e-18,0
1.683014e-07,0
5.018432e-22,0
1.381151e-09,0
8.247204e-16,0
5.018432e-22,0
1.901917e-19,0
6.769941e-08,0
2.038416e-16,0
1.635474e-14,0
2.228546e-08,0
1.849614e-11,0
9.285141e-17,0
6.537453e-16,0
1.309571e-21,0
3.185753e-13,0
1.748187e-14,0
9.9881e-17,0
1.421605e-09,0
6.316842e-12,0
8.668047e-18,0
0.3113654,0
0.006408365,0
0.609939,0
0.003326287,0
0.6506565,0
0.1630991,0
0.6506565,0
0.0001578216,0
1.314745e-06,0
0.5745775,0
4.806298e-07,0
0.1630991,0
1.484714e-21,0
3.194213e-11,0
5.621118e-14,0
8.273459e-22,0
4.15265e-10,0
4.364296e-16,0
0.8886698,0
0.8886698,0
5.165609e-19,0
4.290523e-09,0
7.696304e-09,0
2.148937e-21,0
7.907695e-08,0
2.43135e-15,0
0.8886698,0
2.704565e-16,0
6.596886e-28,0
1.181066e-12,0
0.8886698,0
1.397891e-15,0
0.8886698,0
3.103304e-11,0
5.387357e-16,0
9.05323e-14,0
1.839317e-15,0
1.217895e-08,0
6.047511e-06,0
1.784673e-15,0
1.764916e-09,0
7.596724e-16,0
1.555334e-12,0
6.825357e-19,0
4.603112e-09,0
5.582917e-11,0
6.190575e-16,0
6.11319e-13,0
6.433226e-09,0
3.84299e-11,0
5.454957e-05,0
1.792031e-18,0
2.650079e-17,0
2.141144e-13,0
1.264389e-10,0
5.32413e-14,0
1.872463e-15,0
8.287614e-21,0
0.8886698,0
1.002808e-14,0
4.612256e-11,0
3.915043e-22,0
2.938481e-14,0
2.227195e-08,0
9.018068e-15,0
7.672521e-19,0
2.702246e-06,0
1.839317e-15,0
3.84299e-11,0
1.839317e-15,0
9.580727e-07,0
3.734957e-10,0
6.965737e-12,0
2.017978e-13,0
5.421476e-16,0
1.26495e-12,0
4.466891e-15,0
2.991951e-20,0
2.230684e-13,0
2.119192e-20,0
0.0001021509,0
2.72543e-19,0
1.729548e-13,0
1.11764e-12,0
1.555334e-12,0
0.8886698,0
1.818712e-16,0
5.886775e-16,0
2.524187e-14,0
1.758876e-14,0
1.774646e-11,0
3.096773e-13,0
7.351295e-12,0
9.71551e-15,0
2.032216e-12,0
3.802833e-16,0
7.632654e-24,0
9.71551e-15,0
1.341297e-13,0
2.413061e-18,0
1.289687e-20,0
1.205592e-20,0
2.945902e-09,0
1.43098e-16,0
3.422287e-14,0
1.060617e-12,0
1.396584e-17,0
3.573887e-17,0
4.025481e-12,0
8.840666e-17,0
1.246615e-15,0
4.311896e-12,0
2.931249e-14,0
1.268886e-06,0
1.268886e-06,0
1.268886e-06,0
1.268886e-06,0
1.268886e-06,0
5.4695e-05,0
8.720924e-16,0
0.0004040655,0
1.148811e-11,0
0.486113,0
0.486113,0
0.486113,0
0.486113,0
0.3731763,0
0.486113,0
0.486113,0
0.486113,0
0.8634938,0
0.486113,0
0.486113,0
0.486113,0
0.486113,0
0.486113,0
0.486113,0
0.3731763,0
0.486113,0
0.486113,0
0.486113,0
0.486113,0
0.486113,0
0.8634938,0
0.486113,0
0.486113,0
0.486113,0
0.486113,0
0.486113,0
0.486113,0
0.3731763,0
0.3731763,0
0.486113,0
0.486113,0
0.486113,0
0.486113,0
0.486113,0
0.486113,0
0.3731763,0
0.8634938,0
0.486113,0
0.486113,0
0.486113,0
0.486113,0
0.486113,0
0.8634938,0
0.486113,0
0.486113,0
0.486113,0
0.486113,0
0.486113,0
0.486113,0
0.3731763,0
0.9918487,0
0.3731763,0
0.486113,0
0.486113,0
0.486113,0
0.486113,0
0.486113,0
0.8634938,0
0.8634938,0
0.3731763,0
0.8634938,0
0.486113,0
0.486113,0
0.486113,0
0.486113,0
0.3731763,0
0.8634938,0
0.486113,0
0.486113,0
0.486113,0
0.486113,0
0.3731763,0
0.486113,0
0.172974,0
0.9996167,0
0.9996167,0
0.486113,0
0.9996167,0
0.172974,0
0.9996167,0
0.9996167,0
0.486113,0
0.9996167,0
0.9996167,0
0.486113,0
0.172974,0
0.172974,0
8.20732e-11,0
1.484714e-21,0
3.194213e-11,0
5.621118e-14,0
8.273459e-22,0
4.15265e-10,0
4.364296e-16,0
1.121592e-17,0
2.017243e-17,0
1.138213e-14,0
2.566881e-08,0
7.907695e-08,0
2.43135e-15,0
1.121592e-17,0
1.74981e-27,0
1.20402e-14,0
9.113879e-08,0
1.397891e-15,0
9.132919e-19,0
1.047953e-08,0
3.14839e-10,0
3.103304e-11,0
9.05323e-14,0
2.143998e-23,0
3.105409e-13,0
0.0196901,0
1.784673e-15,0
4.403322e-18,0
6.825357e-19,0
4.603112e-09,0
5.582917e-11,0
9.00046e-14,0
6.190575e-16,0
6.11319e-13,0
6.433226e-09,0
3.42392e-10,0
3.375013e-13,0
7.526974e-16,0
4.463411e-10,0
4.610631e-14,0
3.14839e-10,0
8.785583e-09,0
5.32413e-14,0
1.967239e-17,0
1.45819e-25,0
1.121592e-17,0
1.013702e-06,0
0.0003763448,0
9.898075e-13,0
2.143998e-23,0
0.0005757522,0
1.549989e-11,0
2.381795e-13,0
7.672521e-19,0
2.143998e-23,0
3.42392e-10,0
2.143998e-23,0
9.580727e-07,0
6.965737e-12,0
2.017978e-13,0
2.53063e-12,0
3.362625e-13,0
5.474017e-14,0
1.076094e-10,0
2.991951e-20,0
2.230684e-13,0
1.232844e-15,0
2.682521e-19,0
2.959194e-19,0
4.403322e-18,0
1.121592e-17,0
5.886775e-16,0
2.524187e-14,0
1.758876e-14,0
3.649471e-07,0
3.096773e-13,0
3.444669e-15,0
2.032216e-12,0
7.44643e-18,0
9.71551e-15,0
1.341297e-13,0
9.513436e-14,0
3.363495e-18,0
3.272444e-12,0
7.419048e-16,0
3.308348e-08,0
0.0005271671,0
8.511986e-08,0
3.144009e-14,0
1.033638e-15,0
4.430142e-12,0
1.072159e-10,0
1.607938e-15,0
7.253735e-10,0
6.673433e-11,0
1.268886e-06,0
1.268886e-06,0
1.268886e-06,0
1.268886e-06,0
0.0007245154,0
1.268886e-06,0
1.268886e-06,0
0.0006603528,0
9.731427e-14,0
8.161206e-15,0
6.067755e-10,0
2.298342e-11,0
0.0007245154,0
0.7985051,0
0.7985051,0
0.7985051,0
0.7985051,0
0.7985051,0
0.7985051,0
0.7985051,0
0.7985051,0
0.7985051,0
0.7985051,0
0.7985051,0
0.8762559,0
0.7985051,0
0.7985051,0
0.7985051,0
0.7985051,0
0.7985051,0
0.7985051,0
0.9485937,0
0.7985051,0
0.7985051,0
0.7985051,0
0.7985051,0
1,0
0.7985051,0
0.7985051,0
0.7985051,0
0.7985051,0
0.7985051,0
0.974694,0
0.7985051,0
0.7985051,0
0.7985051,0
0.7985051,0
0.7985051,0
0.7985051,0
0.8464219,0
0.7985051,0
0.7985051,0
0.7985051,0
0.7985051,0
0.7985051,0
0.7985051,0
0.7985051,0
0.7985051,0
0.7985051,0
0.7409921,0
0.9885592,0
0.7985051,0
0.7985051,0
0.7985051,0
0.7985051,0
0.7985051,0
0.7985051,0
0.7985051,0
0.7985051,0
0.7985051,0
0.7985051,0
0.003672952,0
0.7985051,0
0.7985051,0
0.003672952,0
0.7312317,0
0.7985051,0
0.7985051,0
0.7985051,0
0.7985051,0
0.7985051,0
0.7985051,0
0.7312317,0
0.5759289,0
0.5759289,0
0.5759289,0
0.5759289,0
0.5759289,0
0.5759289,0
0.2163557,0
0.2163557,0
0.5759289,0
0.5759289,0
0.5759289,0
0.5759289,0
0.2163557,0
0.5759289,0
0.5759289,0
0.2163557,0
0.9955223,0
0.422268,0
0.9955223,0
0.5759289,0
0.2163557,0
0.2163557,0
0.5759289,0
0.5759289,0
0.2163557,0
0.2163557,0
0.2163557,0
0.5759289,0
0.422268,0
0.5759289,0
0.5759289,0
0.5759289,0
0.5759289,0
0.5759289,0
0.2163557,0
0.5759289,0
0.5759289,0
0.2163557,0
0.5759289,0
0.5759289,0
0.2163557,0
0.5759289,0
0.5759289,0
0.6146041,0
0.8770535,0
0.5759289,0
0.5759289,0
0.2163557,0
0.2163557,0
0.2163557,0
0.5759289,0
0.5759289,0
0.2163557,0
0.6146041,0
0.2163557,0
0.5759289,0
0.2163557,0
0.5759289,0
0.5759289,0
0.2163557,0
0.5759289,0
0.5759289,0
0.5759289,0
0.2163557,0
0.2163557,0
0.2163557,0
0.5759289,0
0.2163557,0
0.2163557,0
0.6146041,0
0.5861751,0
0.5861751,0
0.9969525,0
0.5861751,0
0.5861751,0
0.5861751,0
0.5861751,0
0.5861751,0
0.5861751,0
0.1828179,0
0.5861751,0
0.9998092,0
0.1316766,0
0.1828179,0
0.5861751,0
0.5861751,0
0.9969525,0
0.5861751,0
0.14736,0
0.5861751,0
0.5861751,0
0.3329145,0
0.2549708,0
1,0
0.5861751,0
0.5861751,0
0.5861751,0
0.9969525,0
0.5861751,0
0.5861751,0
0.02713386,0
0.14736,0
0.5861751,0
0.5861751,0
0.9969525,0
0.5067049,0
0.9999998,0
0.1828179,0
0.5861751,0
0.5067049,0
0.5861751,0
0.9998092,0
0.5861751,0
0.05154192,0
1.708659e-05,0
0.5861751,0
1.708659e-05,0
1.708659e-05,0
0.05154192,0
0.5861751,0
0.5861751,0
1.708659e-05,0
0.5861751,0
0.05154192,0
0.5861751,0
0.9284893,0
0.5759289,0
0.5759289,0
0.5759289,0
0.5759289,0
0.5759289,0
0.5759289,0
0.6816599,0
0.6816599,0
0.6816599,0
0.5759289,0
0.5759289,0
0.5759289,0
0.5759289,0
0.5759289,0
0.5759289,0
0.4907439,0
0.4992746,0
0.5759289,0
0.4714735,0
0.5759289,0
0.4714735,0
0.5759289,0
0.5759289,0
0.9955223,0
0.08561868,0
0.5759289,0
0.5759289,0
0.5759289,0
0.5759289,0
0.5759289,0
0.5759289,0
0.6816599,0
0.4714735,0
0.5759289,0
0.5759289,0
0.5759289,0
0.4714735,0
0.6816599,0
0.5759289,0
0.6816599,0
0.5759289,0
0.6146041,0
0.2163557,0
0.2163557,0
0.6146041,0
0.2163557,0
0.5759289,0
0.5759289,0
0.2607883,0
0.5759289,0
0.5759289,0
0.2163557,0
0.5759289,0
0.2163557,0
0.5759289,0
0.9149567,0
2.331219e-08,0
2.644666e-06,0
1.950713e-28,0
2.152128e-21,0
1.580964e-14,0
2.331219e-08,0
2.744006e-14,0
1.323355e-15,0
7.524982e-19,0
5.276772e-23,0
4.11198e-18,0
5.332843e-24,0
5.276772e-23,0
1.053527e-05,0
3.482403e-07,0
1.170472e-13,0
2.152128e-21,0
3.248453e-26,0
5.332843e-24,0
1.47227e-25,0
1.47227e-25,0
2.101994e-13,0
2.331219e-08,0
1.668684e-11,0
7.524982e-19,0
2.331219e-08,0
1.170472e-13,0
1.580964e-14,0
4.718364e-05,0
2.152128e-21,0
3.482403e-07,0
5.276772e-23,0
8.407423e-17,0
2.152128e-21,0
5.332843e-24,0
1.717758e-29,0
1.097544e-22,0
5.332843e-24,0
1.033406e-14,0
2.152128e-21,0
2.331219e-08,0
5.332843e-24,0
5.276772e-23,0
1.47227e-25,0
5.332843e-24,0
1.097544e-22,0
1.113266e-18,0
1.170472e-13,0
7.524982e-19,0
5.276772e-23,0
2.028647e-18,0
5.276772e-23,0
5.276772e-23,0
5.332843e-24,0
2.152128e-21,0
5.332843e-24,0
3.248453e-26,0
5.276772e-23,0
3.482403e-07,0
0.01375222,0
4.698552e-07,0
7.524982e-19,0
1.097544e-22,0
2.152128e-21,0
8.409239e-07,0
3.482403e-07,0
8.409239e-07,0
3.482403e-07,0
3.248453e-26,0
2.331219e-08,0
5.276772e-23,0
5.276772e-23,0
1.033406e-14,0
2.331219e-08,0
6.362154e-18,0
5.276772e-23,0
1.097544e-22,0
4.26949e-26,0
2.152128e-21,0
6.583358e-10,0
5.332843e-24,0
2.152128e-21,0
2.152128e-21,0
1.097544e-22,0
1.170472e-13,0
5.332843e-24,0
2.152128e-21,0
1.506923e-27,0
5.524889e-22,0
5.332843e-24,0
1.580964e-14,0
3.670241e-10,0
5.332843e-24,0
0.002433611,0
1.033406e-14,0
2.152128e-21,0
4.11198e-18,0
2.152128e-21,0
2.152128e-21,0
6.208822e-27,0
2.152128e-21,0
5.276772e-23,0
1.097544e-22,0
2.331219e-08,0
0.06482763,0
3.943636e-18,0
0.9996258,0
0.04765915,0
1.580964e-14,0
0.04765915,0
1.243888e-05,0
4.718364e-05,0
1.221488e-11,0
0.9999667,0
4.718364e-05,0
2.64856e-06,0
2.64856e-06,0
2.64856e-06,0
2.64856e-06,0
2.64856e-06,0
2.64856e-06,0
2.64856e-06,0
2.64856e-06,0
0.99761,0
2.64856e-06,0
0.0009899396,0
2.64856e-06,0
2.64856e-06,0
0.02508812,0
2.64856e-06,0
2.64856e-06,0
2.64856e-06,0
2.64856e-06,0
2.64856e-06,0
2.64856e-06,0
2.64856e-06,0
2.64856e-06,0
2.64856e-06,0
2.64856e-06,0
0.02508812,0
2.64856e-06,0
0.02508812,0
2.64856e-06,0
2.64856e-06,0
2.64856e-06,0
2.64856e-06,0
2.64856e-06,0
2.64856e-06,0
2.64856e-06,0
2.64856e-06,0
2.64856e-06,0
2.64856e-06,0
2.64856e-06,0
2.64856e-06,0
0.1054144,0
2.64856e-06,0
2.64856e-06,0
2.64856e-06,0
0.9526792,0
0.9999521,0
2.64856e-06,0
0.9999995,0
0.02508812,0
2.64856e-06,0
2.64856e-06,0
2.64856e-06,0
2.64856e-06,0
2.64856e-06,0
2.64856e-06,0
0.02508812,0
2.64856e-06,0
0.02508812,0
0.02508812,0
2.409163e-06,0
2.64856e-06,0
0.02508812,0
2.64856e-06,0
2.64856e-06,0
2.64856e-06,0
0.02508812,0
2.64856e-06,0
2.64856e-06,0
2.64856e-06,0
2.64856e-06,0
2.64856e-06,0
2.64856e-06,0
2.64856e-06,0
2.64856e-06,0
2.64856e-06,0
2.64856e-06,0
2.64856e-06,0
2.64856e-06,0
2.64856e-06,0
0.02508812,0
0.02508812,0
2.64856e-06,0
2.64856e-06,0
2.64856e-06,0
2.64856e-06,0
2.64856e-06,0
0.02508812,0
0.9999845,0
2.64856e-06,0
2.64856e-06,0
0.9999937,0
2.64856e-06,0
0.005216368,0
0.9392049,0
0.005216368,0
2.64856e-06,0
0.005216368,0
0.005216368,0
2.64856e-06,0
2.64856e-06,0
2.64856e-06,0
2.64856e-06,0
0.3575455,0
0.3575455,0
0.3575455,0
0.3575455,0
0.3575455,0
0.3575455,0
0.3575455,0
0.3575455,0
0.8453715,0
1,0
0.9990324,0
0.3575455,0
0.3575455,0
0.3575455,0
0.3575455,0
0.3575455,0
0.3575455,0
0.3575455,0
0.3575455,0
0.3575455,0
0.3575455,0
0.3575455,0
0.3575455,0
0.3575455,0
0.3575455,0
0.2432692,0
0.3575455,0
0.3575455,0
0.3575455,0
0.3575455,0
0.3575455,0
0.3575455,0
0.3575455,0
0.3575455,0
0.3575455,0
0.3575455,0
0.3575455,0
0.3575455,0
0.3575455,0
0.3575455,0
0.9999579,0
0.2432692,0
0.999977,0
0.9990324,0
0.3575455,0
0.3575455,0
0.3575455,0
0.3575455,0
0.2432692,0
0.3575455,0
0.3575455,0
0.3575455,0
0.3575455,0
0.3575455,0
1,0
0.3575455,0
0.3575455,0
0.3575455,0
0.3575455,0
0.3575455,0
0.3575455,0
0.999999,0
0.3575455,0
0.3575455,0
0.3575455,0
0.3575455,0
0.3575455,0
0.3575455,0
0.9996961,0
0.3575455,0
0.3575455,0
0.3575455,0
0.3575455,0
0.3575455,0
0.3575455,0
1,0
0.3575455,0
0.9999368,0
0.1047969,0
0.4221224,0
0.3575455,0
0.3575455,0
0.1047969,0
0.4221224,0
0.3575455,0
0.1047969,0
8.20732e-11,0
1.484714e-21,0
3.194213e-11,0
5.621118e-14,0
8.273459e-22,0
4.15265e-10,0
7.92386e-21,0
7.92386e-21,0
1.134588e-17,0
5.557557e-11,0
7.700474e-09,0
7.907695e-08,0
5.874678e-18,0
2.20588e-14,0
5.134502e-22,0
2.704565e-16,0
8.2341e-30,0
1.20402e-14,0
6.357082e-11,0
0.006305766,0
5.134502e-22,0
1.397891e-15,0
2.744786e-18,0
2.637426e-21,0
7.652846e-12,0
1.091516e-09,0
2.193023e-14,0
9.05323e-14,0
2.143998e-23,0
1.217895e-08,0
0.9944639,0
1.576249e-14,0
4.685202e-11,0
1.169226e-14,0
9.271424e-10,0
6.825357e-19,0
4.603112e-09,0
5.582917e-11,0
9.00046e-14,0
6.190575e-16,0
6.11319e-13,0
6.433226e-09,0
1.5769e-28,0
8.623052e-13,0
7.544661e-14,0
4.213979e-16,0
3.324524e-11,0
6.914535e-12,0
1.708061e-22,0
9.789657e-11,0
0.984796,0
5.090471e-12,0
5.32413e-14,0
2.838299e-08,0
7.92386e-21,0
5.002279e-07,0
1.494834e-16,0
6.336717e-12,0
2.143998e-23,0
2.744786e-18,0
1.079024e-16,0
7.672521e-19,0
1.202523e-29,0
2.20588e-14,0
1.5769e-28,0
2.143998e-23,0
5.400028e-17,0
3.734957e-10,0
2.017978e-13,0
2.53063e-12,0
7.393998e-13,0
1.135036e-13,0
1.076094e-10,0
2.991951e-20,0
3.505067e-11,0
4.700818e-16,0
1.417675e-07,0
2.682521e-19,0
2.493938e-10,0
1.700224e-11,0
9.271424e-10,0
5.134502e-22,0
5.886775e-16,0
2.524187e-14,0
1.758876e-14,0
3.062016e-12,0
1.487488e-11,0
3.096773e-13,0
1.036986e-11,0
3.210383e-21,0
1.872171e-21,0
3.802833e-16,0
3.210383e-21,0
1.341297e-13,0
2.621763e-17,0
1.23981e-08,0
9.621912e-13,0
1.647682e-17,0
1.43098e-16,0
3.252613e-15,0
1.401993e-07,0
1.083459e-11,0
3.144009e-14,0
1.033638e-15,0
2.200891e-11,0
6.439903e-17,0
5.075039e-19,0
1.084077e-11,0
1.66174e-16,0
4.793615e-20,0
0.000849435,0
0.9999171,0
1.148617e-06,0
0.1259665,0
2.056511e-06,0
9.593334e-11,0
1.142908e-07,0
2.751888e-07,0
6.189549e-08,0
1.105968e-12,0
2.631706e-15,0
4.251374e-16,0
2.342313e-15,0
6.229919e-14,0
2.737727e-11,0
4.779865e-13,0
4.779865e-13,0
1.689473e-17,0
1.7987e-12,0
7.877925e-14,0
9.149745e-15,0
5.067055e-17,0
5.025543e-28,0
4.779865e-13,0
3.896707e-12,0
1.127285e-14,0
5.295509e-14,0
3.615043e-13,0
2.812806e-17,0
4.779865e-13,0
1.343025e-10,0
1.435986e-09,0
4.192932e-13,0
2.965196e-14,0
4.779865e-13,0
8.834009e-13,0
5.514591e-15,0
7.812302e-20,0
0.03722778,0
0.9374782,0
1.523351e-25,0
1.130651e-11,0
9.113181e-20,0
3.45761e-15,0
1.647378e-12,0
9.827554e-16,0
1.753443e-14,0
2.078948e-13,0
4.487767e-09,0
2.798192e-13,0
0.0110521,0
9.706101e-15,0
7.443864e-13,0
4.779865e-13,0
6.677001e-10,0
6.866689e-14,0
3.176715e-11,0
3.045172e-12,0
7.60299e-11,0
8.073475e-13,0
1.659223e-11,0
2.71643e-20,0
7.812302e-20,0
1.860862e-12,0
1.435986e-09,0
7.006844e-16,0
1.796422e-14,0
6.157744e-12,0
5.025543e-28,0
2.381634e-22,0
0.1326209,0
2.965196e-14,0
2.410032e-12,0
5.638073e-10,0
2.180243e-11,0
2.282624e-10,0
2.957197e-11,0
1.451588e-11,0
0.8648195,0
0.001288075,0
0.9899559,0
3.077584e-16,0
4.779865e-13,0
5.675194e-07,0
1.286591e-13,0
9.958587e-15,0
2.789289e-16,0
8.731727e-12,0
5.169838e-15,0
1.221988e-19,0
9.869759e-13,0
5.019519e-16,0
1.402171e-12,0
1.712675e-13,0
8.674025e-20,0
1.451515e-16,0
4.90274e-15,0
1.622813e-15,0
2.125081e-13,0
8.197998e-14,0
2.520945e-13,0
3.96164e-14,0
9.980983e-16,0
2.605619e-07,0
2.123699e-13,0
8.74642e-14,0
1.095439e-16,0
1.71819e-06,0
6.202636e-06,0
0.004767329,0
6.202636e-06,0
6.202636e-06,0
0.000467769,0
0.09949084,0
0.001727125,0
4.791277e-07,0
0.000467769,0
0.09949084,0
7.023014e-14,0
2.945818e-16,0
2.420021e-10,0
4.363949e-22,0
3.734973e-09,0
6.892472e-18,0
2.815555e-24,0
9.4236e-23,0
1.479262e-17,0
2.209948e-11,0
1.597331e-08,0
1.006564e-22,0
7.842754e-10,0
4.571491e-24,0
2.35341e-23,0
6.586943e-16,0
8.037748e-29,0
3.918703e-15,0
2.618311e-09,0
7.9914e-10,0
2.815555e-24,0
3.316205e-17,0
3.157414e-23,0
5.235286e-09,0
9.4236e-23,0
9.563622e-12,0
7.852093e-14,0
4.423368e-09,0
2.35341e-23,0
1.206682e-14,0
0.9999945,0
1.916278e-08,0
3.997101e-25,0
5.523394e-14,0
2.228217e-13,0
9.875557e-21,0
2.080628e-07,0
4.696015e-16,0
1.672005e-14,0
1.926617e-15,0
3.812283e-11,0
7.790461e-27,0
1.213771e-13,0
2.075874e-13,0
2.000636e-17,0
2.516781e-16,0
9.4236e-23,0
2.480153e-10,0
4.047666e-14,0
5.669067e-09,0
5.104315e-20,0
2.815555e-24,0
4.722712e-08,0
3.31107e-11,0
1.197391e-16,0
7.316303e-14,0
1.804437e-21,0
3.157414e-23,0
4.059246e-15,0
1.048617e-19,0
6.001621e-39,0
1.121865e-18,0
7.790461e-27,0
1.121865e-18,0
1.307318e-10,0
4.956e-12,0
7.483836e-14,0
4.014117e-13,0
3.829832e-19,0
3.663906e-09,0
2.064003e-08,0
1.003332e-15,0
9.4236e-23,0
2.1846e-16,0
4.344945e-15,0
3.494298e-16,0
1.324449e-19,0
5.129716e-14,0
1.045908e-08,0
1.036634e-13,0
3.427368e-22,0
8.599242e-19,0
1.746999e-15,0
2.54166e-19,0
1.90064e-19,0
4.3707e-13,0
5.962047e-11,0
3.953562e-18,0
1.741284e-11,0
7.24767e-12,0
2.105893e-07,0
3.123058e-16,0
1.426768e-15,0
1.145344e-21,0
6.89603e-16,0
7.405829e-12,0
5.809892e-14,0
4.344709e-17,0
1.422091e-12,0
1.123237e-15,0
2.447424e-13,0
0.9880719,0
0.8249502,0
0.9994936,0
0.9993767,0
0.8249502,0
0.1794534,0
7.810531e-08,0
0.001555185,0
2.210859e-05,0
0.1226185,0
0.1226185,0
0.1226185,0
0.1226185,0
0.1226185,0
0.9999993,0
0.9997752,0
0.9999754,0
0.9999993,0
0.1226185,0
0.1226185,0
0.1226185,0
0.9999999,0
0.1226185,0
0.1226185,0
0.1226185,0
0.65044,0
0.2495956,0
0.1226185,0
0.1226185,0
0.65044,0
0.1226185,0
0.1226185,0
0.1226185,0
0.1226185,0
0.1226185,0
0.1226185,0
0.1226185,0
0.1226185,0
0.65044,0
0.1226185,0
0.1226185,0
0.9999888,0
0.9999456,0
0.9999456,0
0.9999456,0
0.1226185,0
0.1226185,0
0.1226185,0
0.1226185,0
0.9999754,0
0.9999754,0
0.1226185,0
0.1226185,0
0.1226185,0
0.1226185,0
0.1226185,0
0.65044,0
0.1226185,0
0.1226185,0
0.1226185,0
0.1226185,0
0.1226185,0
0.1226185,0
0.1226185,0
0.1226185,0
0.1226185,0
0.1226185,0
0.9997752,0
0.1226185,0
0.1226185,0
0.1226185,0
0.1226185,0
0.1226185,0
0.1226185,0
0.9999456,0
0.9999754,0
0.1226185,0
0.1226185,0
0.1226185,0
0.1226185,0
0.1226185,0
0.9997752,0
0.65044,0
0.1226185,0
0.1226185,0
0.1226185,0
0.1226185,0
0.1226185,0
0.1226185,0
0.9999888,0
0.1226185,0
0.1226185,0
0.002602766,0
0.1226185,0
0.1226185,0
0.1226185,0
0.1226185,0
0.1226185,0
0.1226185,0
0.1226185,0
0.1226185,0
0.1226185,0
0.1226185,0
0.002602766,0
6.200549e-16,0
8.005412e-12,0
8.273459e-22,0
4.364296e-16,0
5.654009e-22,0
5.654009e-22,0
1.134588e-17,0
5.557557e-11,0
7.700474e-09,0
2.148937e-21,0
2.43135e-15,0
1.839317e-15,0
2.704565e-16,0
8.2341e-30,0
1.20402e-14,0
4.625914e-14,0
1.181066e-12,0
1.397891e-15,0
5.930232e-12,0
2.637426e-21,0
7.652846e-12,0
5.654009e-22,0
1.091516e-09,0
5.387357e-16,0
1.839317e-15,0
6.352609e-06,0
1.927309e-06,0
1.784673e-15,0
1.764916e-09,0
2.233457e-15,0
1.555334e-12,0
1.837744e-17,0
4.603112e-09,0
5.505012e-13,0
9.00046e-14,0
6.190575e-16,0
6.11319e-13,0
8.192294e-10,0
3.84299e-11,0
5.454957e-05,0
1.792031e-18,0
2.650079e-17,0
9.174032e-12,0
5.654009e-22,0
9.789657e-11,0
1.189562e-13,0
5.090471e-12,0
5.32413e-14,0
9.21577e-16,0
8.287614e-21,0
1.002808e-14,0
4.612256e-11,0
3.915043e-22,0
2.938481e-14,0
1.839317e-15,0
1.079024e-16,0
7.672521e-19,0
3.84299e-11,0
1.839317e-15,0
3.84299e-11,0
1.839317e-15,0
3.734957e-10,0
6.965737e-12,0
2.017978e-13,0
1.789253e-16,0
5.421476e-16,0
1.26495e-12,0
4.466891e-15,0
2.991951e-20,0
2.119192e-20,0
2.72543e-19,0
1.729548e-13,0
1.11764e-12,0
5.654009e-22,0
1.818712e-16,0
5.886775e-16,0
2.524187e-14,0
1.758876e-14,0
3.251478e-11,0
2.03966e-16,0
0.9939319,0
9.71551e-15,0
4.625086e-21,0
3.802833e-16,0
9.71551e-15,0
1.341297e-13,0
2.413061e-18,0
1.196605e-16,0
4.975029e-15,0
1.205592e-20,0
1.43098e-16,0
3.422287e-14,0
1.060617e-12,0
1.396584e-17,0
3.573887e-17,0
5.664089e-15,0
4.034442e-13,0
2.707025e-14,0
1.016116e-14,0
1.084077e-11,0
1.268886e-06,0
0.000849435,0
1.268886e-06,0
0.000849435,0
0.000849435,0
0.000849435,0
1.268886e-06,0
0.000849435,0
3.48554e-15,0
8.161206e-15,0
0.9973673,0
1.148811e-11,0
0.0001034805,0
0.000849435,0
1.984086e-06,0
9.237276e-05,0
1.984086e-06,0
1.984086e-06,0
1.651105e-07,0
0.0324801,0
1.984086e-06,0
1.984086e-06,0
0.0004740224,0
6.370412e-05,0
0.9488626,0
0.9488626,0
0.001875447,0
1.984086e-06,0
1.984086e-06,0
1.984086e-06,0
1.651105e-07,0
0.9999992,0
0.0324801,0
1.984086e-06,0
0.9998844,0
1.651105e-07,0
0.9999995,0
0.983825,0
0.9488626,0
8.223736e-07,0
6.410813e-07,0
1.984086e-06,0
1.984086e-06,0
3.600492e-08,0
7.031718e-09,0
4.339595e-15,0
3.198368e-13,0
1.984086e-06,0
0.9999989,0
0.9999979,0
0.9999961,0
3.170308e-09,0
1.277479e-11,0
1.984086e-06,0
1,0
0.9999908,0
1,0
0.0324801,0
1.984086e-06,0
1.984086e-06,0
1,0
1.984086e-06,0
3.198368e-13,0
0.0324801,0
3.198368e-13,0
0.0324801,0
1.984086e-06,0
0.004139313,0
0.05290562,0
0.0324801,0
1,0
0.0324801,0
1.951611e-08,0
1.984086e-06,0
0.0324801,0
1.984086e-06,0
0.983825,0
3.198368e-13,0
1,0
0.9488626,0
1.984086e-06,0
2.012792e-10,0
0.002001099,0
0.004652881,0
3.198368e-13,0
0.003423309,0
1.984086e-06,0
1.651105e-07,0
8.926015e-06,0
1,0
0.9965977,0
0.9994024,0
0.9771131,0
6.370412e-05,0
1.984086e-06,0
1.984086e-06,0
1.984086e-06,0
1.984086e-06,0
1.984086e-06,0
1.984086e-06,0
1.984086e-06,0
1.984086e-06,0
1.984086e-06,0
0.9639717,0
1.984086e-06,0
0.9639717,0
1.984086e-06,0
0.9639717,0
1.984086e-06,0
1.724337e-09,0
2.659606e-06,0
2.659606e-06,0
2.659606e-06,0
2.659606e-06,0
2.659606e-06,0
2.659606e-06,0
1.724337e-09,0
0.0002144131,0
2.659606e-06,0
1.83688e-05,0
0.9970854,0
0.002949139,0
2.659606e-06,0
2.659606e-06,0
2.659606e-06,0
2.659606e-06,0
1.724337e-09,0
2.830103e-09,0
0.0002144131,0
0.9922917,0
1.724337e-09,0
0.9999998,0
0.9999982,0
0.002949139,0
0.1172019,0
1.210677e-05,0
2.659606e-06,0
7.669779e-09,0
7.684466e-09,0
7.707766e-08,0
0.5859893,0
0.5859893,0
2.659606e-06,0
0.7629429,0
1,0
2.659606e-06,0
0.9999064,0
3.645489e-09,0
2.659606e-06,0
0.4200108,0
8.389004e-09,0
0.0002144131,0
2.659606e-06,0
2.659606e-06,0
2.659606e-06,0
0.5859893,0
0.5859893,0
0.0002144131,0
2.659606e-06,0
2.874256e-07,0
4.464367e-09,0
0.0002144131,0
0.002949139,0
1.025951e-05,0
2.659606e-06,0
2.659606e-06,0
0.9999982,0
0.5859893,0
0.9977884,0
2.659606e-06,0
2.548292e-05,0
0.864545,0
1,0
0.5859893,0
4.939443e-10,0
1.724337e-09,0
1.724337e-09,0
1.104128e-06,0
0.994501,0
2.659606e-06,0
0.0002144131,0
0.07635207,0
0.9999999,0
0.9999987,0
0.9970854,0
2.659606e-06,0
2.659606e-06,0
0.000132857,0
2.659606e-06,0
2.659606e-06,0
0.000132857,0
2.659606e-06,0
2.659606e-06,0
8.389004e-09,0
2.659606e-06,0
8.389004e-09,0
2.659606e-06,0
0.9762926,0
1.66664e-10,0
1.085639e-23,0
1.576145e-31,0
1.057639e-13,0
1.335725e-15,0
5.792427e-27,0
5.792427e-27,0
4.867731e-12,0
9.103018e-09,0
1.07239e-13,0
2.862522e-10,0
5.150413e-21,0
1.173685e-23,0
2.018075e-12,0
3.801231e-12,0
5.439102e-17,0
2.72184e-08,0
6.959548e-07,0
5.792427e-27,0
4.503332e-08,0
1.278367e-13,0
2.038813e-08,0
3.219266e-26,0
8.701779e-32,0
3.373906e-13,0
2.658779e-06,0
1.173685e-23,0
6.17345e-25,0
9.03235e-07,0
1.481722e-13,0
4.082725e-12,0
1.379469e-20,0
2.44348e-18,0
8.197502e-28,0
1.782309e-18,0
1.658452e-11,0
1.045126e-13,0
2.917675e-12,0
5.491198e-18,0
5.39882e-22,0
3.423374e-12,0
3.792394e-13,0
4.166101e-12,0
6.773187e-05,0
5.792427e-27,0
1.336079e-09,0
2.937968e-20,0
7.32613e-15,0
5.53376e-10,0
6.735124e-17,0
6.721984e-09,0
5.792427e-27,0
9.070607e-09,0
2.060205e-14,0
5.419691e-11,0
1.173685e-23,0
1.56747e-07,0
1.278367e-13,0
7.970731e-13,0
9.934763e-06,0
5.39882e-22,0
1.173685e-23,0
5.39882e-22,0
1.173685e-23,0
2.049867e-12,0
1.000096e-13,0
1.241094e-13,0
2.503892e-08,0
4.253744e-15,0
1.309437e-09,0
3.056118e-15,0
4.135408e-08,0
0.9570988,0
1.16344e-06,0
5.974665e-17,0
6.954442e-15,0
5.657627e-05,0
3.860519e-11,0
2.44348e-18,0
5.792427e-27,0
3.764263e-11,0
1.298204e-17,0
3.342146e-27,0
9.344451e-16,0
3.515447e-17,0
2.015487e-19,0
6.218098e-17,0
5.018432e-22,0
3.428095e-10,0
2.506444e-08,0
8.247204e-16,0
5.018432e-22,0
1.421848e-18,0
1.363223e-17,0
8.164635e-14,0
3.374041e-13,0
7.15678e-10,0
9.813568e-11,0
1.527665e-08,0
4.731798e-09,0
7.32902e-07,0
1.838305e-13,0
4.904054e-13,0
2.2131e-10,0
2.802107e-17,0
2.910822e-15,0
2.228272e-17,0
8.668047e-18,0
0.6506565,0
0.4000697,0
0.5265025,0
0.6506565,0
0.1630991,0
8.533241e-06,0
7.402306e-14,0
1.17758e-12,0
4.806298e-07,0
1.484714e-21,0
3.194213e-11,0
5.621118e-14,0
8.273459e-22,0
4.15265e-10,0
4.364296e-16,0
1.708061e-22,0
1.134588e-17,0
5.557557e-11,0
2.148937e-21,0
7.907695e-08,0
5.874678e-18,0
1.341644e-11,0
5.134502e-22,0
2.704565e-16,0
8.2341e-30,0
1.20402e-14,0
1.347691e-16,0
5.134502e-22,0
1.397891e-15,0
2.744786e-18,0
2.637426e-21,0
1.708061e-22,0
1.091516e-09,0
2.193023e-14,0
2.665586e-13,0
9.05323e-14,0
3.57453e-16,0
1.576249e-14,0
6.589611e-15,0
4.461437e-17,0
5.708333e-17,0
6.825357e-19,0
4.603112e-09,0
5.582917e-11,0
9.00046e-14,0
6.190575e-16,0
6.433226e-09,0
7.459087e-24,0
1.121928e-12,0
7.544661e-14,0
2.650079e-17,0
1.065035e-14,0
1.708061e-22,0
9.789657e-11,0
2.862022e-16,0
5.090471e-12,0
5.32413e-14,0
9.21577e-16,0
8.287614e-21,0
1.708061e-22,0
2.907461e-14,0
4.612256e-11,0
1.594746e-19,0
6.106401e-15,0
1.714313e-16,0
2.744786e-18,0
1.079024e-16,0
7.672521e-19,0
2.702246e-06,0
3.57453e-16,0
6.098888e-28,0
3.57453e-16,0
8.783978e-12,0
3.734957e-10,0
6.965737e-12,0
2.017978e-13,0
6.482988e-17,0
7.590799e-20,0
1.721791e-16,0
1.182727e-10,0
2.991951e-20,0
3.505067e-11,0
4.700818e-16,0
0.0007045181,0
2.918289e-11,0
3.256852e-12,0
2.068095e-14,0
5.134502e-22,0
1.818712e-16,0
5.886775e-16,0
2.524187e-14,0
1.758876e-14,0
6.180917e-11,0
1.487488e-11,0
3.096773e-13,0
1.036986e-11,0
7.351295e-12,0
7.843317e-30,0
6.499333e-24,0
3.802833e-16,0
1.2534e-17,0
1.341297e-13,0
7.357756e-21,0
6.4249e-09,0
1.43098e-16,0
1.186218e-13,0
2.51913e-19,0
8.406204e-17,0
3.371968e-14,0
2.707025e-14,0
1.084077e-11,0
7.896025e-17,0
2.697673e-08,0
0.000849435,0
0.9999967,0
0.06668112,0
0.9988598,0
0.9542505,0
0.000849435,0
0.9509336,0
6.266202e-05,0
9.474851e-05,0
5.586635e-11,0
2.739612e-11,0
4.871974e-24,0
1.346424e-20,0
2.284137e-16,0
5.586635e-11,0
6.102044e-16,0
5.492512e-20,0
2.522074e-18,0
4.871974e-24,0
5.932795e-21,0
4.839184e-26,0
4.871974e-24,0
6.102044e-16,0
1.346424e-20,0
1.148457e-16,0
2.493825e-16,0
1.407884e-06,0
2.522074e-18,0
5.586635e-11,0
5.492512e-20,0
7.371955e-18,0
7.371955e-18,0
0.9999911,0
1.346424e-20,0
4.871974e-24,0
8.165551e-26,0
1.809257e-12,0
6.862736e-21,0
2.069896e-27,0
2.15656e-19,0
1.346424e-20,0
5.586635e-11,0
2.069896e-27,0
1.462654e-05,0
2.102625e-16,0
7.371955e-18,0
2.069896e-27,0
0.001210849,0
4.034246e-11,0
5.492512e-20,0
2.522074e-18,0
1.309794e-17,0
3.480024e-16,0
3.537793e-17,0
2.069896e-27,0
6.102044e-16,0
0.00102752,0
1.409769e-15,0
4.044523e-19,0
6.853772e-11,0
2.293602e-23,0
2.115958e-07,0
1.407884e-06,0
2.522074e-18,0
7.69742e-24,0
1.346424e-20,0
1.635592e-14,0
0.9993047,0
5.586635e-11,0
9.392783e-28,0
4.871974e-24,0
0.9986076,0
7.455085e-07,0
8.490846e-22,0
9.273832e-28,0
1.346424e-20,0
0.3945178,0
1.293164e-21,0
4.378914e-07,0
2.528231e-09,0
4.871974e-24,0
2.069896e-27,0
5.586635e-11,0
1.346424e-20,0
2.18984e-23,0
3.82013e-26,0
2.069896e-27,0
5.586635e-11,0
3.884096e-10,0
1.525778e-22,0
2.069896e-27,0
6.462524e-23,0
2.921061e-08,0
2.15656e-19,0
6.278347e-26,0
1.854319e-26,0
1.254615e-09,0
5.793519e-09,0
1.346424e-20,0
4.383297e-17,0
8.842748e-19,0
1.791182e-12,0
4.216852e-11,0
2.478317e-26,0
5.896845e-12,0
0.9650694,0
1.460475e-14,0
1.206839e-13,0
6.462524e-23,0
9.074356e-14,0
6.554205e-06,0
0.9999433,0
0.9769406,0
1,0
6.554205e-06,0
0.003933098,0
0.003933098,0
0.9999993,0
0.998526,0
3.708696e-15,0
7.278631e-16,0
1.127352e-26,0
3.708696e-15,0
6.99025e-09,0
5.728007e-25,0
1.125237e-27,0
1.395532e-21,0
4.992714e-21,0
1.127352e-26,0
2.594613e-08,0
1.849925e-11,0
6.99025e-09,0
2.449328e-21,0
2.461693e-21,0
5.647716e-29,0
1.079369e-09,0
1.079369e-09,0
6.99025e-09,0
3.708696e-15,0
2.73542e-11,0
5.728007e-25,0
6.99025e-09,0
3.708696e-15,0
3.708696e-15,0
5.71728e-13,0
3.543268e-10,0
1.127352e-26,0
2.449328e-21,0
1.008815e-18,0
2.451834e-28,0
1.896458e-07,0
2.367995e-26,0
1.278044e-23,0
3.708696e-15,0
5.647716e-29,0
1.127352e-26,0
3.708696e-15,0
0.001792606,0
1.273907e-14,0
3.708696e-15,0
0.9992543,0
2.371725e-10,0
6.99025e-09,0
5.728007e-25,0
5.478713e-23,0
1.127352e-26,0
1.783985e-15,0
2.367995e-26,0
6.99025e-09,0
9.469021e-12,0
2.741745e-15,0
1.391211e-13,0
7.184313e-17,0
2.111885e-12,0
2.505801e-10,0
2.73542e-11,0
5.728007e-25,0
5.592931e-24,0
2.449328e-21,0
3.110195e-15,0
3.597274e-11,0
2.57647e-12,0
1,0
9.500861e-12,0
1.127352e-26,0
1.125237e-27,0
4.650384e-05,0
0.000401179,0
4.957566e-13,0
5.592931e-24,0
2.449328e-21,0
2.449328e-21,0
9.954222e-06,0
8.744894e-27,0
0.09018296,0
9.558957e-19,0
1.152094e-10,0
6.99025e-09,0
1.127352e-26,0
5.647716e-29,0
3.708696e-15,0
2.449328e-21,0
6.074018e-29,0
6.708415e-29,0
3.708696e-15,0
1.903306e-09,0
3.63629e-19,0
5.647716e-29,0
4.676673e-23,0
1.278044e-23,0
1.403071e-26,0
6.941224e-13,0
1.255323e-10,0
1.783985e-15,0
5.595505e-12,0
3.107548e-24,0
3.50399e-23,0
0.000160851,0
1.391211e-13,0
2.9436e-27,0
0.6714547,0
0.0008240549,0
0.0008240549,0
5.552611e-14,0
0.0006941735,0
3.708696e-15,0
0.06577818,0
0.0004108981,0
2.433567e-16,0
5.050161e-13,0
7.871044e-22,0
4.423686e-29,0
3.794727e-26,0
4.965228e-22,0
2.433567e-16,0
6.103181e-17,0
2.220267e-13,0
2.593605e-30,0
2.452552e-15,0
4.423686e-29,0
1.949542e-05,0
2.220267e-13,0
1.544269e-31,0
1.443033e-18,0
1.443033e-18,0
6.103181e-17,0
2.433567e-16,0
8.489121e-09,0
1.210799e-08,0
2.433567e-16,0
2.220267e-13,0
4.965228e-22,0
4.965228e-22,0
0.01630015,0
3.794727e-26,0
2.576265e-05,0
4.423686e-29,0
3.794727e-26,0
9.335581e-23,0
4.381398e-05,0
1.880579e-24,0
4.02625e-19,0
2.433567e-16,0
2.192197e-30,0
7.432955e-09,0
1.304087e-15,0
4.965228e-22,0
1.880579e-24,0
1.725351e-13,0
8.707419e-18,0
1.210799e-08,0
6.863274e-17,0
1.415887e-13,0
4.423686e-29,0
1.771127e-25,0
1.880579e-24,0
6.103181e-17,0
0.0198927,0
1.810627e-16,0
5.365283e-18,0
1.210799e-08,0
3.439906e-28,0
3.794727e-26,0
5.471743e-05,0
5.351841e-15,0
1.047357e-13,0
1.60447e-08,0
1.185917e-16,0
6.64719e-25,0
2.593605e-30,0
0.9999963,0
3.855257e-05,0
0.001500572,0
3.439906e-28,0
3.794727e-26,0
0.0001096363,0
1.425998e-18,0
0.005332132,0
2.489524e-20,0
2.351304e-13,0
2.220267e-13,0
2.192197e-30,0
5.151403e-26,0
3.234328e-21,0
2.034859e-30,0
4.965228e-22,0
2.433567e-16,0
1.107048e-06,0
2.192197e-30,0
1.970129e-14,0
3.494468e-18,0
5.294102e-19,0
8.160563e-20,0
4.636803e-19,0
4.313972e-06,0
3.718927e-29,0
3.794727e-26,0
5.967556e-10,0
2.51553e-11,0
2.765168e-15,0
8.185394e-24,0
3.202089e-06,0
1.810627e-16,0
0.0007528139,0
4.897336e-23,0
0.9998945,0
0.05046065,0
0.1735979,0
0.2750149,0
1,0
2.079937e-05,0
0.5733663,0
0.9402736,0
0.01369978,0
2.125857e-19,0
2.766563e-21,0
1.694953e-14,0
1.694953e-14,0
4.516463e-10,0
4.388332e-10,0
3.239029e-38,0
1.384146e-14,0
8.673118e-08,0
4.388332e-10,0
1.404743e-17,0
1.694953e-14,0
2.123679e-13,0
2.296102e-08,0
1.832856e-11,0
4.388332e-10,0
0.01452657,0
1.694953e-14,0
9.971578e-17,0
1.582474e-20,0
2.406605e-09,0
4.388332e-10,0
1.206134e-10,0
1.384146e-14,0
4.388332e-10,0
2.165633e-30,0
6.202667e-12,0
2.123679e-13,0
0.3513474,0
4.388332e-10,0
4.172371e-18,0
1.694953e-14,0
1.251048e-08,0
1.694953e-14,0
5.474195e-10,0
4.388332e-10,0
4.388332e-10,0
4.388332e-10,0
1.694953e-14,0
1.694953e-14,0
6.965113e-08,0
3.205817e-14,0
2.125857e-19,0
5.710757e-15,0
6.178586e-10,0
2.165633e-30,0
2.018243e-17,0
1.694953e-14,0
1.694953e-14,0
1.694953e-14,0
1.694953e-14,0
1.489559e-29,0
5.474195e-10,0
1.121322e-17,0
5.710757e-15,0
3.205817e-14,0
1.116355e-09,0
1.206134e-10,0
1.384146e-14,0
1.694953e-14,0
1.694953e-14,0
1.269031e-10,0
2.296102e-08,0
9.109119e-05,0
1.19004e-17,0
8.673118e-08,0
1.774323e-13,0
5.710757e-15,0
6.120847e-12,0
1.404743e-17,0
1.694953e-14,0
6.202667e-12,0
3.640889e-13,0
0.0002265642,0
1.770498e-07,0
2.044254e-14,0
4.235125e-15,0
1.694953e-14,0
1.694953e-14,0
4.388332e-10,0
4.388332e-10,0
4.024783e-08,0
8.673118e-08,0
6.202667e-12,0
4.388332e-10,0
9.109119e-05,0
2.125857e-19,0
4.290519e-11,0
1.694953e-14,0
9.959049e-10,0
1.770498e-07,0
2.923778e-10,0
4.388332e-10,0
9.015421e-15,0
1.867219e-09,0
9.015421e-15,0
2.018243e-17,0
5.474195e-10,0
2.018243e-17,0
1.384146e-14,0
9.865755e-16,0
1.241467e-10,0
0.003095343,0
1.398749e-16,0
0.003095343,0
4.388332e-10,0
1.384146e-14,0
8.106553e-05,0
0.4053187,0
0.4053187,0
0.4053187,0
0.4053187,0
0.4053187,0
1.984812e-05,0
1.984812e-05,0
0.4053187,0
0.4053187,0
0.4053187,0
0.6346844,0
0.4053187,0
1.984812e-05,0
0.4053187,0
0.4053187,0
0.4053187,0
1.984812e-05,0
0.4053187,0
0.9990183,0
0.4053187,0
1.984812e-05,0
0.4053187,0
0.9999999,0
0.9999721,0
0.4053187,0
1.984812e-05,0
1.984812e-05,0
0.4053187,0
0.1057622,0
0.4053187,0
0.4053187,0
0.4053187,0
0.4053187,0
0.4053187,0
1.984812e-05,0
0.4053187,0
0.4053187,0
0.4053187,0
0.4053187,0
0.4053187,0
0.4053187,0
1.984812e-05,0
1.984812e-05,0
0.4053187,0
1.984812e-05,0
0.4053187,0
0.4053187,0
0.4053187,0
0.4053187,0
0.4053187,0
0.4053187,0
0.4053187,0
1.984812e-05,0
1.984812e-05,0
0.4053187,0
0.4053187,0
1.984812e-05,0
0.4053187,0
0.4053187,0
1.984812e-05,0
1.984812e-05,0
0.4053187,0
0.4053187,0
0.4053187,0
0.4053187,0
0.4053187,0
0.4053187,0
0.6801819,0
1.984812e-05,0
0.4053187,0
1.984812e-05,0
0.4053187,0
1.984812e-05,0
6.040294e-06,0
0.0003278471,0
4.764085e-06,0
4.764085e-06,0
7.548945e-08,0
4.764085e-06,0
4.764085e-06,0
6.709145e-10,0
4.764085e-06,0
4.764085e-06,0
0.9997019,0
3.042009e-08,0
4.764085e-06,0
3.042009e-08,0
4.764085e-06,0
4.764085e-06,0
0.3386376,0
4.764085e-06,0
7.548945e-08,0
4.764085e-06,0
0.0005899292,0
4.764085e-06,0
4.764085e-06,0
4.764085e-06,0
0.0003278471,0
4.746815e-07,0
3.042009e-08,0
4.764085e-06,0
4.764085e-06,0
0.0003278471,0
0.0005899292,0
3.042009e-08,0
6.195453e-05,0
0.002090589,0
4.764085e-06,0
4.764085e-06,0
0.001786491,0
3.595588e-05,0
6.195453e-05,0
0.0005899292,0
0.0005899292,0
4.764085e-06,0
1,0
4.764085e-06,0
0.9584556,0
3.042009e-08,0
4.764085e-06,0
0.9988932,0
0.9818803,0
4.764085e-06,0
0.0005899292,0
3.042009e-08,0
0.0005899292,0
4.764085e-06,0
0.000781286,0
0.9999944,0
3.042009e-08,0
1.168349e-06,0
4.764085e-06,0
3.042009e-08,0
0.2582221,0
4.764085e-06,0
3.573936e-06,0
5.276843e-07,0
2.16491e-08,0
3.573936e-06,0
0.002175505,0
0.0005899292,0
4.61366e-09,0
4.764085e-06,0
0.001191573,0
0.9950981,0
0.0003278471,0
0.3386376,0
4.764085e-06,0
0.3386376,0
4.764085e-06,0
4.764085e-06,0
4.764085e-06,0
4.764085e-06,0
4.764085e-06,0
0.9996165,0
4.764085e-06,0
4.764085e-06,0
4.764085e-06,0
1.432573e-12,0
4.764085e-06,0
0.4791502,0
0.4791502,0
0.9200042,0
0.4791502,0
0.9999998,0
0.4791502,0
0.4791502,0
0.4791502,0
0.4791502,0
0.4791502,0
0.4791502,0
0.4791502,0
1.255804e-05,0
1.255804e-05,0
0.4791502,0
0.9430999,0
0.4791502,0
0.4791502,0
0.4791502,0
0.4791502,0
0.4791502,0
0.4791502,0
0.4791502,0
0.4791502,0
1.255804e-05,0
0.9200042,0
0.9942489,0
0.4791502,0
0.4791502,0
0.999941,0
0.934,0
0.4791502,0
0.4791502,0
0.4791502,0
1.255804e-05,0
1.255804e-05,0
0.4791502,0
0.5544532,0
0.4791502,0
1.255804e-05,0
0.0295096,0
0.999997,0
0.4791502,0
0.4791502,0
0.4791502,0
0.4791502,0
0.4791502,0
0.4791502,0
0.4791502,0
0.4791502,0
0.6822205,0
0.4791502,0
0.999997,0
0.4791502,0
0.5544532,0
0.2707959,0
0.9993005,0
0.4791502,0
0.4791502,0
0.0295096,0
1.255804e-05,0
0.4791502,0
1,0
0.9999948,0
0.999963,0
0.999941,0
0.4791502,0
0.3584318,0
0.4791502,0
0.4791502,0
0.4371915,0
0.9993005,0
0.0295096,0
1.255804e-05,0
0.4791502,0
0.0295096,0
0.5544532,0
0.999997,0
0.9993005,0
0.4791502,0
0.4791502,0
0.4791502,0
0.4791502,0
0.9993005,0
0.4791502,0
0.006683775,0
0.9993005,0
0.9993005,0
1.255804e-05,0
0.4791502,0
1.255804e-05,0
0.9993005,0
0.9993005,0
9.14596e-11,0
1.206264e-13,0
1.206264e-13,0
1.206264e-13,0
1.206264e-13,0
9.14596e-11,0
9.14596e-11,0
4.124649e-22,0
1.206264e-13,0
9.14596e-11,0
3.596729e-09,0
1.206264e-13,0
4.705495e-11,0
4.124649e-22,0
9.14596e-11,0
9.14596e-11,0
1.206264e-13,0
4.124649e-22,0
9.14596e-11,0
7.67137e-07,0
9.14596e-11,0
9.14596e-11,0
4.124649e-22,0
9.14596e-11,0
9.14596e-11,0
3.496743e-13,0
1.501031e-09,0
1.206264e-13,0
1.206264e-13,0
9.14596e-11,0
7.902354e-13,0
7.902354e-13,0
2.931454e-07,0
1.206264e-13,0
9.14596e-11,0
9.14596e-11,0
1.206264e-13,0
1.206264e-13,0
9.14596e-11,0
4.792438e-08,0
9.14596e-11,0
1.206264e-13,0
6.248425e-07,0
9.14596e-11,0
1.206264e-13,0
1.206264e-13,0
0.005568385,0
0.0003275631,0
4.124649e-22,0
2.945983e-11,0
2.382012e-10,0
2.349723e-15,0
3.251146e-05,0
8.045444e-11,0
7.67137e-07,0
9.14596e-11,0
1.206264e-13,0
1.206264e-13,0
3.510202e-06,0
0.08649115,0
1.921967e-18,0
1.516369e-11,0
9.14596e-11,0
6.394754e-12,0
1.206264e-13,0
3.251146e-05,0
0.1444966,0
1.206264e-13,0
9.14596e-11,0
0.1784859,0
0.0006229039,0
3.863276e-10,0
2.804318e-11,0
1.206264e-13,0
1.206264e-13,0
9.14596e-11,0
9.14596e-11,0
1.206264e-13,0
1.206264e-13,0
9.14596e-11,0
9.14596e-11,0
3.175472e-07,0
2.520611e-19,0
1.206264e-13,0
1.206264e-13,0
2.016067e-16,0
6.725539e-08,0
2.91508e-10,0
6.514656e-14,0
1.206264e-13,0
9.14596e-11,0
1.530992e-05,0
3.512825e-14,0
4.977353e-08,0
1.212217e-05,0
0.006261168,0
1.315593e-09,0
1.444879e-10,0
9.14596e-11,0
9.14596e-11,0
9.018707e-07,0
0.3363948,0
3.86282e-05,0
1.549123e-11,0
3.86282e-05,0
9.14596e-11,0
0.8983815,0
9.14596e-11,0
0.0001521529,0
0.0001521529,0
1.044097e-06,0
3.596001e-13,0
4.251374e-16,0
2.342313e-15,0
6.229919e-14,0
2.737727e-11,0
4.779865e-13,0
4.779865e-13,0
1.689473e-17,0
1.7987e-12,0
7.877925e-14,0
1.330819e-13,0
9.149745e-15,0
1.058582e-16,0
4.369217e-20,0
3.896707e-12,0
1.127285e-14,0
5.295509e-14,0
0.01411598,0
2.727191e-09,0
4.779865e-13,0
1.435986e-09,0
4.192932e-13,0
2.965196e-14,0
4.779865e-13,0
8.834009e-13,0
1.291302e-12,0
1.29666e-08,0
5.181344e-24,0
0.03722778,0
0.9374782,0
4.125692e-09,0
2.47195e-13,0
1.615926e-07,0
0.2239155,0
3.45761e-15,0
1.647378e-12,0
9.827554e-16,0
2.798192e-13,0
1.289088e-11,0
9.706101e-15,0
0.0001622316,0
3.044689e-09,0
4.779865e-13,0
2.725957e-10,0
3.176715e-11,0
3.045172e-12,0
7.60299e-11,0
8.073475e-13,0
4.779865e-13,0
0.9996506,0
1.232156e-11,0
0.0002652533,0
5.181344e-24,0
1.435986e-09,0
7.006844e-16,0
1.796422e-14,0
6.157744e-12,0
2.871606e-28,0
4.369217e-20,0
3.111353e-18,0
1.293386e-21,0
0.1326209,0
2.965196e-14,0
2.410032e-12,0
5.638073e-10,0
1.943002e-07,0
2.957197e-11,0
5.750126e-15,0
2.637459e-19,0
2.719002e-06,0
4.800067e-08,0
2.605055e-09,0
0.0006690111,0
1.886139e-07,0
4.779865e-13,0
5.675194e-07,0
1.286591e-13,0
9.958587e-15,0
2.789289e-16,0
8.731727e-12,0
5.169838e-15,0
1.221988e-19,0
1.091371e-11,0
5.019519e-16,0
8.62139e-17,0
1.402171e-12,0
1.712675e-13,0
2.568108e-21,0
5.994635e-19,0
6.501189e-10,0
2.283435e-20,0
2.107472e-07,0
2.125081e-13,0
1.138088e-14,0
4.569859e-10,0
2.416927e-07,0
0.04299152,0
1.114117e-08,0
1.584558e-13,0
2.471466e-05,0
8.74642e-14,0
8.416389e-14,0
1.095439e-16,0
1.71819e-06,0
6.202636e-06,0
0.004767329,0
6.202636e-06,0
0.0001834162,0
0.000467769,0
0.001727125,0
4.791277e-07,0
0.000467769,0
0.09949084,0
3.540396e-11,0
1.129461e-07,0
5.267659e-24,0
9.590887e-25,0
2.238338e-21,0
4.862466e-17,0
3.540396e-11,0
0.4004316,0
0.4004316,0
9.590887e-25,0
9.710335e-20,0
6.810864e-28,0
9.590887e-25,0
0.1896509,0
1.164949e-12,0
2.346924e-19,0
2.238338e-21,0
6.810864e-28,0
8.910874e-20,0
3.540396e-11,0
7.023347e-11,0
7.493489e-22,0
3.540396e-11,0
0.0001134408,0
3.5669e-17,0
2.454462e-14,0
3.432077e-08,0
2.238338e-21,0
0.5470179,0
9.590887e-25,0
6.908097e-21,0
1.365977e-17,0
1.365977e-17,0
1.628351e-15,0
6.810864e-28,0
1.63111e-17,0
2.238338e-21,0
3.540396e-11,0
6.810864e-28,0
9.590887e-25,0
3.540396e-11,0
1.276737e-09,0
3.5669e-17,0
6.810864e-28,0
2.093494e-15,0
1.331062e-14,0
0.0001134408,0
7.493489e-22,0
1.628351e-15,0
1.982294e-20,0
9.590887e-25,0
9.590887e-25,0
0.9408755,0
1.252565e-11,0
6.810864e-28,0
2.496115e-19,0
9.590887e-25,0
0.5470179,0
1.191151e-09,0
7.493489e-22,0
5.267659e-24,0
2.970391e-26,0
3.032285e-06,0
1.276737e-09,0
0.5470179,0
0.3285411,0
3.540396e-11,0
9.590887e-25,0
9.590887e-25,0
3.540396e-11,0
9.590887e-25,0
2.802635e-29,0
2.238338e-21,0
2.072784e-16,0
1.252565e-11,0
2.238338e-21,0
1.628351e-15,0
2.346924e-19,0
9.590887e-25,0
3.540396e-11,0
2.238338e-21,0
2.246938e-26,0
1.088602e-19,0
6.810864e-28,0
2.454462e-14,0
3.540396e-11,0
1.097604e-08,0
6.810864e-28,0
1.18401e-23,0
1.097604e-08,0
2.238338e-21,0
9.710335e-20,0
1.252565e-11,0
2.970391e-26,0
2.238338e-21,0
5.539294e-25,0
1.628351e-15,0
1.628351e-15,0
9.590887e-25,0
3.540396e-11,0
2.238338e-21,0
2.67832e-18,0
1.18401e-23,0
0.2240382,0
1.335077e-13,0
0.9999943,0
0.0001579403,0
5.750626e-09,0
3.432077e-08,0
0.0001090974,0
2.018518e-12,0
0.4998353,0
0.5759289,0
0.5759289,0
0.5759289,0
0.5759289,0
0.5759289,0
0.5759289,0
0.5759289,0
0.5759289,0
0.08561868,0
0.5759289,0
0.8707098,0
0.5759289,0
0.5759289,0
0.5759289,0
0.5759289,0
0.5759289,0
0.5759289,0
0.5759289,0
0.5759289,0
0.5759289,0
0.5759289,0
0.5759289,0
0.5759289,0
0.5759289,0
0.5759289,0
0.5759289,0
0.5759289,0
0.5759289,0
0.5759289,0
0.5759289,0
0.5759289,0
0.5759289,0
0.5759289,0
0.5759289,0
0.5759289,0
0.5759289,0
0.8707098,0
0.5759289,0
0.5759289,0
0.9993246,0
0.9642677,0
0.9993246,0
0.5759289,0
0.5759289,0
0.5759289,0
0.5759289,0
0.5759289,0
0.5759289,0
0.5759289,0
0.5759289,0
0.5759289,0
0.5759289,0
0.06703427,0
0.5759289,0
0.5759289,0
0.5759289,0
0.5759289,0
0.5759289,0
0.08561868,0
0.5759289,0
0.5759289,0
0.5759289,0
0.5759289,0
0.5759289,0
0.5759289,0
0.5759289,0
0.5759289,0
0.5759289,0
0.5759289,0
0.5759289,0
0.5759289,0
0.9955223,0
0.5759289,0
0.5759289,0
0.3368556,0
0.5759289,0
0.6146041,0
0.2163557,0
0.2163557,0
0.5759289,0
0.5759289,0
0.2163557,0
0.2163557,0
0.5759289,0
0.2163557,0
0.3014036,0
0.3014036,0
0.6029701,0
0.99951,0
0.3014036,0
0.3014036,0
0.3014036,0
0.3014036,0
0.3014036,0
0.3014036,0
0.3014036,0
0.3014036,0
0.3014036,0
0.9999912,0
0.3014036,0
0.3014036,0
0.3014036,0
0.3014036,0
0.4010231,0
0.3014036,0
0.3014036,0
1,0
0.3014036,0
0.3014036,0
0.3014036,0
0.3014036,0
0.9741397,0
0.3014036,0
0.3014036,0
0.3014036,0
0.3014036,0
0.3014036,0
0.6396393,0
0.3014036,0
0.6396393,0
0.3014036,0
0.3014036,0
0.6535468,0
0.3014036,0
0.3014036,0
0.3014036,0
0.3014036,0
0.3014036,0
0.6535468,0
0.3014036,0
0.3014036,0
0.3014036,0
0.4010231,0
0.3014036,0
0.3014036,0
0.6396393,0
0.3014036,0
0.3014036,0
0.9999167,0
1,0
0.3014036,0
0.9971698,0
0.3014036,0
0.3014036,0
0.3014036,0
0.3014036,0
0.4010231,0
0.6396393,0
0.3014036,0
0.6396393,0
0.3014036,0
0.6396393,0
0.6396393,0
0.6396393,0
0.9999987,0
0.3014036,0
0.4010231,0
0.3014036,0
0.02203093,0
0.3014036,0
0.3014036,0
0.3014036,0
0.02203093,0
0.9426869,0
0.3014036,0
0.4010231,0
0.3014036,0
0.3014036,0
0.3014036,0
0.9281611,0
8.122749e-09,0
1.342917e-10,0
6.283386e-24,0
7.576614e-15,0
1.429075e-11,0
7.699882e-06,0
1.463752e-32,0
9.396895e-30,0
3.864539e-12,0
4.314345e-13,0
1.530718e-12,0
3.787289e-21,0
3.903713e-09,0
4.381221e-11,0
4.551864e-12,0
9.288278e-28,0
1.506496e-15,0
1.254805e-12,0
4.99006e-24,0
2.97129e-16,0
9.772567e-30,0
1.299253e-11,0
2.214812e-12,0
1.794543e-17,0
0.7831332,0
6.114975e-09,0
3.679658e-05,0
2.163581e-07,0
1.144132e-17,0
0.0001139306,0
3.739067e-15,0
9.57864e-06,0
9.685449e-14,0
4.38959e-24,0
2.121147e-15,0
4.56346e-16,0
1.150788e-06,0
3.840842e-07,0
2.192047e-15,0
1.735769e-19,0
0.01524719,0
3.594295e-12,0
7.987224e-14,0
9.685449e-14,0
7.483519e-22,0
9.396895e-30,0
1.561549e-12,0
7.014757e-17,0
1.301571e-06,0
3.787289e-21,0
7.227119e-15,0
1.18417e-20,0
3.49446e-22,0
2.243104e-09,0
9.685449e-14,0
8.650549e-16,0
1.023054e-17,0
0.0001139306,0
3.559934e-13,0
1.048855e-14,0
1.105144e-14,0
3.903713e-09,0
0.000511847,0
2.572262e-08,0
6.044497e-08,0
0.0001139306,0
2.883338e-15,0
3.488886e-11,0
4.675015e-15,0
1.735769e-19,0
1.506496e-15,0
1.194324e-11,0
4.096687e-16,0
4.675015e-15,0
5.047937e-09,0
0.6137551,0
6.340242e-21,0
8.253719e-16,0
1.813148e-10,0
2.121147e-15,0
9.288278e-28,0
6.283384e-17,0
4.029115e-23,0
2.287107e-11,0
3.879392e-15,0
9.364989e-12,0
4.720011e-05,0
1.133912e-10,0
4.439177e-11,0
7.946649e-22,0
3.879392e-15,0
5.734924e-11,0
2.121147e-15,0
5.470076e-20,0
0.0002919835,0
3.817278e-13,0
3.787289e-21,0
2.121147e-15,0
4.889693e-19,0
5.470076e-20,0
1.378544e-11,0
3.270458e-13,0
8.728029e-07,0
0.9831719,0
0.9935721,0
0.4261191,0
0.9999852,0
0.9421222,0
4.332936e-08,0
4.967269e-05,0
0.2375542,0
0.0001002418,0
0.744357,0
7.924444e-11,0
9.909095e-38,0
5.161757e-23,0
4.941763e-13,0
6.767566e-08,0
8.154291e-24,0
2.899183e-10,0
2.899183e-10,0
4.520764e-10,0
2.888813e-09,0
1.143254e-06,0
2.06779e-05,0
1.220032e-12,0
1.083355e-23,0
4.366106e-33,0
2.899183e-10,0
2.212014e-22,0
5.65803e-12,0
3.650882e-13,0
2.899183e-10,0
1.685094e-13,0
1.903937e-13,0
2.899183e-10,0
2.24332e-22,0
4.382865e-31,0
1.865405e-14,0
2.373949e-09,0
4.366106e-33,0
0.1350575,0
4.698723e-15,0
2.622827e-22,0
3.140568e-18,0
3.748278e-06,0
4.898542e-19,0
6.683923e-09,0
2.39541e-22,0
1.00946e-28,0
1.053109e-14,0
5.237708e-22,0
1.765439e-08,0
1.259323e-13,0
3.399056e-14,0
1.637719e-16,0
1.471363e-43,0
2.899183e-10,0
4.265044e-07,0
3.537889e-31,0
5.161707e-12,0
6.419914e-09,0
0.0001821429,0
1.268454e-05,0
2.899183e-10,0
2.053967e-06,0
1.836829e-13,0
2.195548e-05,0
4.366106e-33,0
1.149733e-24,0
0.001008621,0
2.466132e-26,0
3.352278e-12,0
8.213662e-06,0
4.167587e-16,0
4.366106e-33,0
4.366106e-33,0
1.482487e-10,0
9.297324e-19,0
0.003359646,0
8.415707e-12,0
0.006861357,0
3.705831e-12,0
5.475404e-11,0
3.394472e-09,0
1.336852e-05,0
1.125632e-07,0
3.748278e-06,0
2.00086e-05,0
6.69444e-19,0
0.0002373355,0
1.984489e-27,0
1.195528e-10,0
1.068595e-09,0
7.49123e-11,0
1.083451e-14,0
1.423862e-10,0
5.075772e-20,0
4.02596e-26,0
0.01313559,0
0.0001273761,0
5.075772e-20,0
0.0001335924,0
9.204518e-18,0
2.775281e-15,0
1.093996e-10,0
1.092057e-13,0
1.382992e-07,0
4.241589e-09,0
2.998898e-13,0
8.148689e-14,0
1.007446e-17,0
1.445702e-15,0
2.325724e-09,0
1.85055e-06,0
4.676471e-05,0
1.360596e-07,0
4.178402e-13,0
0.486113,0
0.486113,0
0.486113,0
4.407898e-16,0
0.5759289,0
0.486113,0
0.486113,0
7.167449e-10,0
0.00242036,0
0.3976593,0
0.6111358,0
0.486113,0
3.392508e-06,0
2.859045e-11,0
1.059855e-15,0
2.027644e-16,0
3.560328e-09,0
2.173295e-09,0
1.603344e-16,0
0.0006018273,0
9.367543e-08,0
0.002356139,0
2.487115e-11,0
1.372446e-12,0
1.138139e-12,0
1.228752e-20,0
1.200404e-07,0
1.005051e-09,0
3.873827e-10,0
2.088963e-07,0
1.626096e-13,0
0.7874665,0
3.000334e-09,0
1.745873e-08,0
1.866363e-10,0
3.545347e-08,0
2.051131e-06,0
3.571432e-11,0
0.001172058,0
6.104408e-08,0
4.126659e-13,0
1.194993e-06,0
7.009505e-12,0
2.28562e-15,0
2.72906e-12,0
6.143692e-15,0
3.810919e-10,0
2.179784e-06,0
0.005054348,0
7.009021e-09,0
6.559189e-15,0
1.133352e-10,0
2.747031e-12,0
3.810919e-10,0
1.603344e-16,0
2.488525e-06,0
2.018995e-12,0
8.193048e-09,0
8.931338e-10,0
3.035425e-07,0
2.693012e-10,0
1.203733e-09,0
4.046161e-10,0
3.590106e-10,0
5.756814e-17,0
4.126659e-13,0
4.012216e-14,0
8.503781e-05,0
1.339752e-15,0
7.205483e-11,0
1.228752e-20,0
4.126659e-13,0
1.223102e-20,0
1.866363e-10,0
6.699973e-15,0
2.096537e-09,0
9.549573e-15,0
2.496604e-13,0
8.490907e-08,0
8.572547e-08,0
7.596613e-11,0
3.750279e-16,0
1.838702e-12,0
2.577823e-07,0
3.487746e-12,0
1.546735e-07,0
1.200404e-07,0
7.200094e-08,0
1.170579e-13,0
5.770612e-13,0
0.00022843,0
0.01148531,0
4.607325e-18,0
1.046951e-10,0
9.79116e-13,0
2.786087e-17,0
1.883513e-11,0
1.408763e-08,0
1.093765e-15,0
3.028323e-16,0
2.434354e-10,0
2.434354e-10,0
8.0124e-14,0
7.840379e-05,0
4.664113e-08,0
1.647129e-10,0
4.732482e-10,0
1.9357e-11,0
1.63469e-11,0
1.695406e-10,0
2.353166e-09,0
1.020983e-07,0
0.0008902865,0
6.047077e-09,0
0.0002857301,0
0.8961042,0
0.0117186,0
1,0
0.0004187779,0
0.007279916,0
0.1068626,0
0.0007255864,0
0.004023705,0
4.299604e-05,0
0.999998,0
5.080739e-07,0
0.9999106,0
0.5861751,0
0.5861751,0
0.5861751,0
0.5861751,0
0.5861751,0
0.5861751,0
0.5861751,0
0.5861751,0
0.2549708,0
0.5861751,0
0.5861751,0
0.5861751,0
0.5861751,0
0.5861751,0
0.5861751,0
0.5861751,0
0.5861751,0
0.5861751,0
0.5861751,0
0.5861751,0
0.5861751,0
0.5861751,0
0.5861751,0
0.5861751,0
0.5646886,0
0.5861751,0
1.708659e-05,0
0.5861751,0
0.3329145,0
0.5861751,0
0.5861751,0
0.5861751,0
0.5861751,0
0.3329145,0
0.5861751,0
0.5861751,0
0.5861751,0
0.5861751,0
0.572998,0
0.5861751,0
0.5861751,0
0.5861751,0
0.9048868,0
0.9993223,0
0.5861751,0
0.9348121,0
0.6615669,0
0.3329145,0
0.3329145,0
0.5861751,0
0.5861751,0
0.5861751,0
0.5861751,0
0.5861751,0
0.9348121,0
0.3329145,0
0.5861751,0
0.5861751,0
0.3329145,0
0.1828179,0
0.5861751,0
0.5861751,0
0.5861751,0
0.5861751,0
0.3329145,0
0.5861751,0
0.5861751,0
0.5861751,0
0.5861751,0
0.5861751,0
0.5861751,0
0.5861751,0
0.5861751,0
0.3329145,0
0.5861751,0
0.5861751,0
0.5861751,0
0.5861751,0
0.5861751,0
0.3329145,0
0.9348121,0
0.5861751,0
0.5646886,0
0.5861751,0
0.5861751,0
0.9348121,0
0.02713386,0
0.9048868,0
0.5861751,0
0.5861751,0
0.572998,0
1.708659e-05,0
0.1565691,0
0.1565691,0
1.708659e-05,0
0.1565691,0
0.06266205,0
1.708659e-05,0
0.5861751,0
0.5480115,0
9.158285e-06,0
4.980699e-14,0
4.889693e-19,0
1.18417e-20,0
8.253719e-16,0
1.378544e-11,0
8.514807e-13,0
8.514807e-13,0
2.473871e-16,0
1.25897e-13,0
3.787289e-21,0
1.308501e-13,0
0.002820052,0
8.514807e-13,0
1.506496e-15,0
8.253719e-16,0
4.029115e-23,0
1.719631e-09,0
1.719631e-09,0
8.514807e-13,0
0.001431179,0
1.243507e-11,0
8.514807e-13,0
1.066409e-15,0
9.158285e-06,0
7.599747e-10,0
9.529436e-14,0
0.002820052,0
0.005240519,0
0.9652659,0
0.9248803,0
0.0006683946,0
3.88029e-06,0
2.817775e-12,0
8.253719e-16,0
1.023054e-17,0
5.470076e-20,0
3.654631e-20,0
0.0003942857,0
1.63431e-05,0
1.066409e-15,0
9.685449e-14,0
2.519906e-10,0
7.660961e-21,0
1.066409e-15,0
4.951036e-17,0
3.787289e-21,0
5.278928e-15,0
6.066746e-22,0
8.514807e-13,0
2.307871e-17,0
9.685449e-14,0
1.977358e-17,0
0.002820052,0
4.993286e-05,0
0.001431179,0
1.194324e-11,0
1.25897e-13,0
2.243104e-09,0
1.63431e-05,0
0.002820052,0
1.040236e-07,0
5.361752e-05,0
9.111001e-18,0
1.243507e-11,0
1.25897e-13,0
3.654631e-20,0
1.13231e-07,0
1.949745e-14,0
5.106226e-19,0
9.529436e-14,0
1.813148e-10,0
6.151739e-14,0
0.6164532,0
2.813541e-13,0
1.502742e-08,0
6.774831e-10,0
8.514807e-13,0
1.194324e-11,0
4.029115e-23,0
2.243104e-09,0
2.121147e-15,0
2.320342e-12,0
7.105227e-15,0
1.133912e-10,0
8.976001e-09,0
0.01349317,0
3.384265e-12,0
1.64286e-19,0
1.113211e-10,0
9.685449e-14,0
5.572227e-18,0
1.718293e-17,0
5.262561e-15,0
4.516357e-15,0
1.066409e-15,0
4.951036e-17,0
5.579843e-10,0
6.169145e-24,0
5.697996e-18,0
3.799502e-10,0
3.752131e-13,0
5.035218e-08,0
1.25897e-13,0
1.243507e-11,0
0.2705988,0
0.2705988,0
0.984217,0
0.06443138,0
0.3264236,0
0.06443138,0
0.836946,0
0.06443138,0
0.8096427,0
0.06443138,0
0.836946,0
1.496886e-11,0
1.119533e-15,0
9.76884e-30,0
6.005753e-21,0
5.927042e-16,0
1.860983e-08,0
2.14771e-12,0
2.14771e-12,0
2.95573e-27,0
1.271796e-20,0
1.105188e-26,0
1.600471e-16,0
1.24121e-05,0
5.402999e-07,0
2.14771e-12,0
1.59594e-26,0
6.005753e-21,0
2.98961e-29,0
7.195772e-11,0
7.195772e-11,0
8.780735e-18,0
0.0007828855,0
9.76884e-30,0
2.14771e-12,0
5.139614e-23,0
1.496886e-11,0
1.495169e-11,0
4.254082e-24,0
5.75288e-11,0
1.559221e-16,0
4.310719e-06,0
1.688888e-23,0
8.876515e-05,0
1.865425e-16,0
9.932748e-23,0
6.005753e-21,0
7.058297e-24,0
8.980775e-25,0
7.092305e-09,0
2.974258e-11,0
8.220209e-08,0
5.139614e-23,0
9.300418e-25,0
4.21729e-13,0
7.02538e-12,0
1.105188e-26,0
1.00634e-25,0
4.885129e-25,0
2.14771e-12,0
0.4434257,0
2.550679e-22,0
0.9971026,0
0.1104824,0
1.161635e-17,0
1.941398e-19,0
1.271796e-20,0
8.780735e-18,0
1.138053e-14,0
5.402999e-07,0
4.262248e-26,0
5.365573e-17,0
1,0
2.996504e-15,0
1.164402e-21,0
1.22423e-08,0
1.192274e-09,0
3.702203e-25,0
4.254082e-24,0
1.271796e-20,0
1.067964e-07,0
9.952154e-18,0
0.001669252,0
3.92886e-11,0
2.14771e-12,0
1.941398e-19,0
2.98961e-29,0
8.780735e-18,0
2.465816e-23,0
2.743294e-22,0
2.465816e-23,0
9.76884e-30,0
5.927042e-16,0
2.032802e-23,0
7.84235e-25,0
2.529209e-29,0
1.058814e-20,0
1.698669e-25,0
6.488257e-25,0
1.693668e-06,0
1.848182e-26,0
3.773529e-15,0
1.92421e-13,0
1.301645e-05,0
4.18202e-14,0
2.654431e-16,0
0.0008012174,0
5.655137e-20,0
1.271796e-20,0
4.672338e-24,0
2.996504e-15,0
0.0008356535,0
2.145917e-08,0
0.0008356535,0
8.566611e-09,0
0.0008356535,0
8.566611e-09,0
0.0008584064,0
8.566611e-09,0
0.006446047,0
2.145917e-08,0
3.990073e-12,0
3.205049e-13,0
2.422219e-10,0
9.310115e-16,0
5.195377e-09,0
5.792427e-27,0
0.0001146427,0
5.090127e-10,0
9.335629e-13,0
6.403087e-24,0
5.792427e-27,0
3.055454e-15,0
1.615927e-21,0
3.25377e-13,0
0.0001318971,0
0.9442356,0
5.792427e-27,0
5.015242e-12,0
1.278367e-13,0
1.528424e-14,0
5.617109e-18,0
5.792427e-27,0
1.863033e-11,0
8.232412e-28,0
0.00167462,0
2.581821e-13,0
6.403087e-24,0
0.0009401517,0
4.164612e-10,0
1.064272e-20,0
9.280117e-16,0
0.1238779,0
1.220125e-27,0
1.250373e-08,0
2.546218e-14,0
9.318515e-13,0
1.796224e-13,0
4.166101e-12,0
1.253687e-09,0
0.0008210039,0
5.792427e-27,0
2.45542e-05,0
8.485742e-08,0
4.145161e-05,0
5.53376e-10,0
1.62035e-09,0
0.04466884,0
3.608712e-17,0
3.286669e-19,0
8.90416e-17,0
1.278367e-13,0
4.167287e-15,0
3.298052e-06,0
3.286669e-19,0
1.796224e-13,0
3.286669e-19,0
1.855736e-09,0
0.01180975,0
6.704172e-13,0
1.205282e-08,0
0.9709122,0
0.3697678,0
1.90809e-15,0
8.368065e-10,0
1.999238e-11,0
3.367531e-08,0
6.666853e-06,0
6.482584e-07,0
0.3742401,0
1.797995e-14,0
7.969616e-06,0
4.888656e-16,0
4.153194e-15,0
3.017092e-16,0
1.614192e-14,0
2.542954e-16,0
1.112488e-13,0
1.265406e-16,0
6.218098e-17,0
1.379185e-20,0
3.864782e-16,0
1.381151e-09,0
8.247204e-16,0
4.239497e-19,0
1.901917e-19,0
0.8003526,0
1.470178e-07,0
0.0003052244,0
2.070437e-05,0
1.557559e-13,0
9.285141e-17,0
7.911176e-13,0
0.001861826,0
5.49443e-16,0
9.455647e-08,0
3.592466e-05,0
1.287903e-05,0
8.131274e-09,0
6.316842e-12,0
0.002799678,0
8.668047e-18,0
0.1630991,0
0.1630991,0
0.609939,0
0.003326287,0
0.1630991,0
0.1630991,0
1.314745e-06,0
4.806298e-07,0
0.6758615,0
8.20732e-11,0
1.484714e-21,0
3.194213e-11,0
5.621118e-14,0
8.273459e-22,0
4.15265e-10,0
4.364296e-16,0
3.335504e-12,0
5.796062e-16,0
2.017243e-17,0
1.138213e-14,0
2.148937e-21,0
7.907695e-08,0
5.19107e-27,0
1.901401e-20,0
1.09787e-09,0
2.704565e-16,0
1.74981e-27,0
1.20402e-14,0
1.09787e-09,0
1.397891e-15,0
2.8875e-14,0
7.652846e-12,0
5.796062e-16,0
1.091516e-09,0
9.518772e-14,0
9.05323e-14,0
1.217895e-08,0
1.553341e-06,0
1.576249e-14,0
1.764916e-09,0
7.596724e-16,0
1.555334e-12,0
6.825357e-19,0
5.582917e-11,0
9.00046e-14,0
6.11319e-13,0
6.433226e-09,0
7.544661e-14,0
9.174032e-12,0
1.957506e-14,0
5.796062e-16,0
8.785583e-09,0
1.467988e-13,0
1.750241e-15,0
5.32413e-14,0
1.967239e-17,0
8.287614e-21,0
5.796062e-16,0
1.002808e-14,0
4.612256e-11,0
8.412471e-22,0
2.938481e-14,0
1.839317e-15,0
0.0005757522,0
2.8875e-14,0
2.381795e-13,0
7.672521e-19,0
2.702246e-06,0
3.913126e-41,0
1.901401e-20,0
2.818845e-38,0
1.839317e-15,0
5.09352e-20,0
3.734957e-10,0
6.965737e-12,0
2.017978e-13,0
1.789253e-16,0
5.421476e-16,0
1.2042e-12,0
2.991951e-20,0
3.505067e-11,0
2.119192e-20,0
0.9868762,0
2.72543e-19,0
1.729548e-13,0
1.11764e-12,0
1.555334e-12,0
1.818712e-16,0
2.524187e-14,0
1.758876e-14,0
1.531356e-11,0
1.182977e-05,0
3.096773e-13,0
2.232989e-15,0
7.351295e-12,0
7.843317e-30,0
2.733919e-25,0
2.325122e-16,0
5.993121e-28,0
1.341297e-13,0
2.413061e-18,0
1.339327e-23,0
4.975029e-15,0
1.205592e-20,0
3.308348e-08,0
1.43098e-16,0
3.422287e-14,0
1.060617e-12,0
1.396584e-17,0
3.573887e-17,0
5.664089e-15,0
1.605007e-10,0
5.849365e-14,0
7.253735e-10,0
6.673433e-11,0
3.276367e-19,0
0.9552361,0
0.000849435,0
1.148617e-06,0
0.000849435,0
3.48554e-15,0
6.292527e-08,0
0.0001472861,0
1.694075e-09,0
1.887406e-06,0
0.001281663,0
0.0003163739,0
0.0003163739,0
0.0003163739,0
0.9743609,0
0.0003163739,0
0.9999974,0
0.0003163739,0
0.0003163739,0
0.0003163739,0
0.0003163739,0
0.0003163739,0
0.0003163739,0
0.0003163739,0
0.8660401,0
0.0003163739,0
0.0003163739,0
0.0003163739,0
0.0003163739,0
0.0003163739,0
0.9999996,0
0.0003163739,0
0.0003163739,0
0.9999996,0
0.0003163739,0
0.0003163739,0
0.0003163739,0
0.0003163739,0
0.9999993,0
0.0003163739,0
0.0003163739,0
0.0003163739,0
0.0003163739,0
0.03290122,0
0.0003163739,0
0.0003163739,0
0.03290122,0
0.0003163739,0
0.8950154,0
0.0003163739,0
0.0003163739,0
0.0003163739,0
0.0003163739,0
0.8762281,0
0.0003163739,0
0.0003163739,0
0.0003163739,0
0.9999999,0
0.0003163739,0
0.0003163739,0
0.3111816,0
0.0003163739,0
0.0003163739,0
0.03290122,0
0.0003163739,0
0.0003163739,0
1,0
0.9999996,0
0.0003163739,0
0.9034632,0
0.0003163739,0
0.0003163739,0
0.0003163739,0
0.9995086,0
0.9999996,0
0.0003163739,0
0.03290122,0
0.0003163739,0
0.03290122,0
0.03290122,0
0.03290122,0
1,0
0.0003163739,0
0.9999996,0
0.0003163739,0
0.0003163739,0
0.0003163739,0
0.0003163739,0
0.0003163739,0
0.3111816,0
0.0003163739,0
0.3111816,0
0.0003163739,0
0.0003163739,0
0.0003163739,0
0.3111816,0
0.3111816,0
0.001108445,0
7.522564e-06,0
0.9999962,0
0.001108445,0
0.9966297,0
7.522564e-06,0
7.522564e-06,0
7.522564e-06,0
0.001108445,0
2.356718e-05,0
7.522564e-06,0
7.522564e-06,0
1,0
0.9167748,0
0.9999914,0
0.9999914,0
7.522564e-06,0
0.9249666,0
7.522564e-06,0
7.522564e-06,0
7.522564e-06,0
0.001108445,0
2.356718e-05,0
7.522564e-06,0
7.522564e-06,0
0.9999914,0
0.9999914,0
0.9999914,0
6.107795e-05,0
1,0
0.001108445,0
7.522564e-06,0
0.8246514,0
0.7593074,0
2.356718e-05,0
2.356718e-05,0
7.522564e-06,0
7.522564e-06,0
2.356718e-05,0
7.522564e-06,0
0.9999914,0
0.9960822,0
7.522564e-06,0
8.154824e-08,0
0.9999914,0
9.998999e-05,0
2.356718e-05,0
7.522564e-06,0
7.522564e-06,0
0.001108445,0
2.356718e-05,0
2.356718e-05,0
2.356718e-05,0
2.356718e-05,0
7.522564e-06,0
0.1108682,0
0.9999985,0
2.356718e-05,0
0.6763988,0
0.001211413,0
7.522564e-06,0
0.9999914,0
2.356718e-05,0
0.9999914,0
7.522564e-06,0
0.9970217,0
0.9939175,0
0.001211413,0
1.186263e-12,0
7.522564e-06,0
7.522564e-06,0
7.522564e-06,0
0.9737954,0
0.9999914,0
8.154824e-08,0
0.001108445,0
2.356718e-05,0
2.356718e-05,0
0.9999914,0
0.9950727,0
7.522564e-06,0
0.9167748,0
7.522564e-06,0
7.522564e-06,0
7.440175e-05,0
7.522564e-06,0
7.522564e-06,0
7.522564e-06,0
7.440175e-05,0
7.522564e-06,0
7.522564e-06,0
7.522564e-06,0
7.522564e-06,0
7.522564e-06,0
7.522564e-06,0
7.440175e-05,0
0.0002111992,0
7.522564e-06,0
1.162598e-05,0
1.162598e-05,0
2.517396e-08,0
1.162598e-05,0
1.162598e-05,0
1.162598e-05,0
1.162598e-05,0
1.162598e-05,0
1.828098e-06,0
1.162598e-05,0
1.162598e-05,0
0.000186733,0
5.559224e-07,0
1.828098e-06,0
1.828098e-06,0
1.162598e-05,0
5.917755e-09,0
1.162598e-05,0
1.828098e-06,0
1.162598e-05,0
1.162598e-05,0
1.370597e-08,0
1.828098e-06,0
1.162598e-05,0
0.0002271148,0
1.162598e-05,0
1.828098e-06,0
1.828098e-06,0
1.828098e-06,0
0.5579714,0
1.375915e-06,0
1.162598e-05,0
1.162598e-05,0
9.427946e-09,0
3.598474e-07,0
3.880135e-05,0
1.828098e-06,0
1.828098e-06,0
1.162598e-05,0
1.162598e-05,0
1.828098e-06,0
1.162598e-05,0
0.02793776,0
3.598474e-07,0
4.557442e-08,0
1.162598e-05,0
1.162598e-05,0
1.828098e-06,0
1.162598e-05,0
1.162598e-05,0
0.5260311,0
1.18431e-06,0
1.162598e-05,0
1.828098e-06,0
1.828098e-06,0
1.828098e-06,0
1.191506e-06,0
1.828098e-06,0
1.828098e-06,0
0.5579714,0
1.162598e-05,0
1.162598e-05,0
1.828098e-06,0
1.828098e-06,0
0.0002271148,0
1.828098e-06,0
1.162598e-05,0
1.375915e-06,0
2.864098e-08,0
5.559224e-07,0
2.016741e-07,0
2.517396e-08,0
1.162598e-05,0
1.162598e-05,0
0.01665574,0
1.162598e-05,0
4.232294e-05,0
1.162598e-05,0
0.0002271148,0
1.828098e-06,0
0.02793776,0
0.0002271148,0
0.0002271148,0
5.559224e-07,0
1.162598e-05,0
0.9999999,0
0.03979487,0
1.162598e-05,0
0.00704176,0
1.162598e-05,0
0.03979487,0
1.162598e-05,0
0.3982897,0
1.399762e-10,0
1.162598e-05,0
0.00704176,0
0.9843391,0
0.4036663,0
1.162598e-05,0
0.513172,0
0.513172,0
0.513172,0
0.513172,0
0.513172,0
0.513172,0
0.513172,0
0.513172,0
0.513172,0
0.513172,0
0.005021412,0
0.9999597,0
0.513172,0
0.08103707,0
0.513172,0
0.9999982,0
0.513172,0
0.513172,0
0.513172,0
0.513172,0
0.08103707,0
0.513172,0
0.513172,0
0.9753268,0
0.08103707,0
0.3897441,0
0.513172,0
0.513172,0
0.513172,0
0.513172,0
0.513172,0
0.513172,0
0.513172,0
0.513172,0
0.3897441,0
0.9702708,0
0.513172,0
0.513172,0
0.513172,0
0.08103707,0
0.513172,0
0.513172,0
0.9999312,0
0.9999914,0
0.513172,0
0.513172,0
0.513172,0
0.9999597,0
0.9999597,0
0.08103707,0
0.513172,0
0.513172,0
0.08103707,0
0.08103707,0
0.08103707,0
0.9999689,0
0.08103707,0
0.513172,0
0.513172,0
0.513172,0
0.513172,0
0.513172,0
3.714476e-06,0
0.513172,0
0.513172,0
0.513172,0
3.714476e-06,0
0.513172,0
0.513172,0
0.513172,0
0.513172,0
0.513172,0
3.714476e-06,0
1.129461e-07,0
9.590887e-25,0
2.238338e-21,0
2.454462e-14,0
3.540396e-11,0
8.783918e-18,0
2.35632e-16,0
1.118119e-09,0
1.795141e-21,0
1,0
5.539294e-25,0
9.590887e-25,0
0.01472722,0
1.992957e-06,0
1.69084e-14,0
2.238338e-21,0
4.335732e-26,0
6.810864e-28,0
1.546946e-16,0
5.459053e-11,0
6.569262e-13,0
3.540396e-11,0
3.368653e-13,0
1.118119e-09,0
4.862466e-17,0
2.35632e-16,0
9.182548e-14,0
4.882525e-08,0
2.238338e-21,0
4.403773e-08,0
1.309196e-29,0
1,0
5.925913e-23,0
5.539294e-25,0
1.331062e-14,0
6.810864e-28,0
1.63111e-17,0
2.238338e-21,0
3.540396e-11,0
6.810864e-28,0
9.590887e-25,0
3.540396e-11,0
2.395444e-24,0
9.182548e-14,0
8.335011e-29,0
1.628351e-15,0
2.35632e-16,0
1.118119e-09,0
6.754745e-20,0
5.459776e-06,0
9.590887e-25,0
1.795141e-21,0
5.539294e-25,0
8.783918e-18,0
1.421729e-05,0
5.539294e-25,0
0.002404168,0
8.264893e-06,0
4.403773e-08,0
2.44825e-13,0
3.368653e-13,0
1.118119e-09,0
5.267659e-24,0
3.410707e-18,0
1.992957e-06,0
2.917156e-13,0
4.403773e-08,0
5.925913e-23,0
3.540396e-11,0
2.093494e-15,0
9.590887e-25,0
1.628351e-15,0
1.092864e-06,0
2.858499e-15,0
2.093494e-15,0
5.267659e-24,0
5.925913e-23,0
2.238338e-21,0
0.9999999,0
1.365977e-17,0
1.252565e-11,0
1.421729e-05,0
1.69084e-14,0
9.590887e-25,0
6.810864e-28,0
3.228993e-08,0
0.9999985,0
6.810864e-28,0
9.182548e-14,0
3.540396e-11,0
0.6999542,0
2.38922e-24,0
6.810864e-28,0
0.9999963,0
0.6999542,0
1.63111e-17,0
7.413942e-12,0
5.903236e-05,0
1.421729e-05,0
1.421729e-05,0
5.269852e-23,0
2.238338e-21,0
7.413942e-12,0
1.331062e-14,0
1.365977e-17,0
1.331062e-14,0
1.761144e-08,0
8.264893e-06,0
1.092864e-06,0
6.49624e-06,0
0.9998816,0
0.9999963,0
0.9999794,0
0.9999794,0
0.9999999,0
0.9999794,0
9.182548e-14,0
0.8642392,0
4.302722e-05,0
3.322359e-09,0
0.005050614,0
5.670158e-17,0
2.519757e-18,0
4.687865e-11,0
4.966276e-06,0
3.851122e-10,0
6.460924e-06,0
3.993629e-12,0
4.657925e-08,0
6.291188e-14,0
2.711862e-14,0
0.3459702,0
1.776838e-18,0
3.567414e-07,0
2.932319e-09,0
1.668644e-17,0
1.068271e-12,0
3.567414e-07,0
7.086155e-08,0
4.077444e-14,0
8.602603e-16,0
4.331413e-13,0
1.72475e-08,0
3.323364e-11,0
0.002100842,0
0.02573336,0
1.194278e-11,0
1.738697e-06,0
1.307208e-18,0
5.175853e-09,0
7.320534e-05,0
3.497514e-11,0
3.612271e-10,0
7.268963e-12,0
7.896589e-19,0
3.967877e-11,0
1.312902e-14,0
1.633265e-08,0
2.193771e-11,0
9.290689e-07,0
3.417333e-05,0
2.890014e-13,0
1.323815e-15,0
4.322971e-16,0
3.163223e-24,0
9.375334e-07,0
5.528432e-14,0
4.336229e-18,0
2.934197e-10,0
4.088932e-14,0
1.72475e-08,0
4.506625e-06,0
1.273873e-14,0
5.90819e-17,0
1.738697e-06,0
4.077444e-14,0
2.732239e-11,0
2.711862e-14,0
1,0
1.776838e-18,0
3.417333e-05,0
8.714297e-18,0
1.213201e-10,0
2.651965e-07,0
2.193771e-11,0
1.94471e-09,0
1.878902e-08,0
4.154266e-10,0
2.149849e-12,0
2.952231e-12,0
8.015633e-08,0
2.612382e-06,0
4.708707e-12,0
1.574317e-10,0
7.268963e-12,0
1.267508e-05,0
5.90819e-17,0
7.270833e-16,0
5.148609e-06,0
6.291188e-14,0
1.033294e-17,0
8.452564e-19,0
2.840433e-08,0
1.683228e-08,0
3.602071e-16,0
1.205758e-20,0
8.602603e-16,0
1.074904e-14,0
2.519757e-18,0
0.00254012,0
2.161429e-14,0
4.906231e-18,0
7.268963e-12,0
4.931255e-13,0
3.163223e-24,0
2.149849e-12,0
4.931255e-13,0
6.862153e-12,0
2.781317e-07,0
0.1820233,0
0.3663297,0
0.2378761,0
0.4761432,0
0.3663297,0
8.550091e-09,0
0.9717687,0
0.4376039,0
0.004359743,0
0.004359743,0
0.9980495,0
0.004359743,0
0.9999967,0
0.004359743,0
0.004359743,0
0.004359743,0
0.004359743,0
0.004359743,0
0.004359743,0
0.004359743,0
0.2465961,0
6.519032e-07,0
6.519032e-07,0
0.004359743,0
0.3038857,0
0.004359743,0
0.004359743,0
0.004359743,0
0.004359743,0
0.004359743,0
6.519032e-07,0
0.9980495,0
0.9993356,0
0.004359743,0
0.004359743,0
0.3416426,0
0.004359743,0
0.004359743,0
6.519032e-07,0
6.519032e-07,0
0.004359743,0
0.004359743,0
6.519032e-07,0
0.9999973,0
6.519032e-07,0
0.004359743,0
0.004359743,0
0.004359743,0
0.004359743,0
0.004359743,0
0.004359743,0
0.004359743,0
0.004359743,0
0.9912274,0
0.004359743,0
6.519032e-07,0
0.004359743,0
0.5938848,0
0.004359743,0
0.4675463,0
0.004359743,0
0.004359743,0
0.9999973,0
6.519032e-07,0
0.004359743,0
0.9993356,0
0.9999967,0
1,0
0.004359743,0
0.745577,0
0.004359743,0
0.004359743,0
0.004359743,0
0.4675463,0
0.9999973,0
0.3835737,0
0.004359743,0
0.9999973,0
0.3835737,0
0.3835737,0
6.519032e-07,0
0.4675463,0
0.1749894,0
6.61221e-06,0
0.004359743,0
6.61221e-06,0
0.06442206,0
0.1400067,0
6.519032e-07,0
0.4675463,0
6.519032e-07,0
0.004359743,0
0.999987,0
0.4675463,0
2.937561e-15,0
3.173172e-30,0
6.51521e-27,0
6.201833e-14,0
2.873721e-13,0
1.750129e-10,0
4.187067e-05,0
1.954099e-12,0
6.276359e-19,0
2.017243e-17,0
1.138213e-14,0
2.566881e-08,0
2.148937e-21,0
4.305413e-15,0
7.976587e-09,0
1.341644e-11,0
7.693911e-13,0
2.055432e-14,0
1.516774e-12,0
8.832846e-17,0
4.950227e-12,0
5.924414e-18,0
2.672079e-07,0
8.768341e-20,0
2.8875e-14,0
3.59901e-15,0
1.469457e-08,0
1.718162e-06,0
2.457984e-08,0
1.50288e-15,0
3.57453e-16,0
2.596272e-12,0
0.00187359,0
5.222505e-11,0
1.294481e-23,0
2.068095e-14,0
7.328902e-10,0
4.559233e-08,0
7.33949e-18,0
5.145202e-09,0
4.111267e-14,0
4.213594e-08,0
8.096196e-19,0
6.31588e-15,0
9.389189e-23,0
2.823556e-17,0
9.174032e-12,0
4.610631e-14,0
6.276359e-19,0
8.785583e-09,0
1.750241e-15,0
5.32413e-14,0
1.967239e-17,0
8.287614e-21,0
1.954099e-12,0
1.002808e-14,0
1.232363e-10,0
1.594746e-19,0
2.938481e-14,0
2.8875e-14,0
6.938695e-13,0
6.429905e-19,0
1.341644e-11,0
8.096196e-19,0
3.57453e-16,0
1.08394e-19,0
2.073426e-15,0
1.021587e-17,0
5.366678e-17,0
2.868199e-15,0
1.29247e-12,0
5.289455e-13,0
2.316769e-19,0
0.8923275,0
2.154091e-14,0
1.387911e-17,0
1.11764e-12,0
2.068095e-14,0
1.626694e-14,0
4.134532e-12,0
1.260657e-21,0
6.55305e-11,0
3.649471e-07,0
1.072649e-11,0
7.351295e-12,0
2.807224e-30,0
1.872171e-21,0
3.802833e-16,0
2.325122e-16,0
2.807224e-30,0
9.726652e-19,0
1.279588e-19,0
3.629419e-10,0
1.205592e-20,0
1.725912e-07,0
4.596373e-17,0
3.867006e-14,0
2.783559e-17,0
1.054018e-13,0
5.664089e-15,0
1.605007e-10,0
2.707025e-14,0
5.849365e-14,0
3.880476e-21,0
2.233534e-15,0
1.159412e-12,0
0.01169598,0
0.9989325,0
0.5053326,0
0.8716689,0
1,0
5.395363e-05,0
0.5053326,0
0.0006778254,0
0.002957667,0
0.9998816,0
0.4659486,0
0.4659486,0
0.4659486,0
0.4659486,0
0.4659486,0
1.091807e-06,0
0.4659486,0
0.4659486,0
0.4659486,0
1.091807e-06,0
0.4659486,0
0.003448431,0
0.4659486,0
0.4659486,0
1.091807e-06,0
0.4659486,0
0.4659486,0
1.091807e-06,0
1.091807e-06,0
0.003448431,0
0.4659486,0
1.091807e-06,0
1,0
1,0
0.4659486,0
0.6162797,0
0.4659486,0
0.4659486,0
0.4659486,0
0.4659486,0
0.4659486,0
0.4659486,0
1,0
0.4659486,0
0.003448431,0
0.4659486,0
0.4659486,0
0.4659486,0
1,0
1.091807e-06,0
0.4659486,0
0.9999876,0
0.4659486,0
0.4659486,0
0.4659486,0
0.4659486,0
1,0
1.091807e-06,0
1,0
0.003448431,0
0.003448431,0
0.9999876,0
1,0
0.4659486,0
0.4659486,0
0.4659486,0
0.4659486,0
0.4659486,0
0.4659486,0
0.4659486,0
0.233203,0
0.4659486,0
1.091807e-06,0
1.091807e-06,0
0.4659486,0
1.091807e-06,0
0.4659486,0
0.4659486,0
6.676609e-13,0
7.938233e-09,0
1.887566e-15,0
4.615288e-13,0
2.975784e-07,0
9.638482e-07,0
4.138557e-34,0
3.828346e-17,0
6.357606e-14,0
8.465747e-15,0
6.047956e-12,0
1.715542e-13,0
2.201143e-11,0
4.138557e-34,0
2.167524e-09,0
1.695156e-15,0
3.711501e-14,0
1.886242e-15,0
4.138557e-34,0
2.448887e-08,0
2.154546e-19,0
4.450951e-16,0
5.866614e-11,0
1.186184e-09,0
2.497833e-09,0
1.265485e-14,0
2.932114e-19,0
2.287993e-05,0
9.350118e-07,0
6.729686e-15,0
1.804703e-13,0
6.603328e-14,0
1.125226e-09,0
1.805641e-15,0
8.713547e-11,0
1.090583e-07,0
1.015331e-06,0
5.952322e-18,0
2.448895e-09,0
1.579434e-13,0
3.12916e-05,0
4.138557e-34,0
4.700682e-06,0
1.777691e-12,0
3.652999e-13,0
9.9285e-09,0
4.138557e-34,0
2.369036e-17,0
1.090789e-17,0
2.03773e-10,0
8.084089e-21,0
1.148461e-07,0
2.154546e-19,0
4.297966e-14,0
4.047369e-16,0
2.246334e-11,0
2.556294e-11,0
2.003911e-11,0
4.569298e-15,0
1.696158e-05,0
1.60278e-10,0
1.334635e-16,0
3.136766e-15,0
1.796808e-19,0
2.315639e-11,0
1.517939e-17,0
1.092591e-20,0
0.001134974,0
7.015858e-16,0
1.054029e-12,0
1.015802e-14,0
4.138557e-34,0
2.23903e-07,0
1.565482e-13,0
5.67821e-17,0
8.432341e-11,0
2.593592e-17,0
1.077048e-13,0
0.006362148,0
3.995105e-17,0
2.871912e-14,0
1.168418e-15,0
3.316005e-12,0
1.059207e-17,0
9.731082e-09,0
6.102689e-18,0
7.207314e-10,0
2.027063e-09,0
1.493757e-05,0
1.127246e-15,0
8.804474e-07,0
2.005258e-18,0
3.953066e-10,0
2.051893e-12,0
2.603413e-05,0
2.242206e-09,0
1.184059e-13,0
5.051466e-15,0
0.01236908,0
0.00363159,0
0.004654085,0
0.03023946,0
0.00587236,0
0.00363159,0
0.004654085,0
0.01497029,0
1.254985e-05,0
0.09914362,0
3.877866e-09,0
3.990073e-12,0
3.205049e-13,0
9.310115e-16,0
5.195377e-09,0
8.739223e-20,0
5.792427e-27,0
0.9719968,0
9.335629e-13,0
1.874431e-12,0
6.565893e-24,0
1.506494e-25,0
2.134902e-27,0
3.055454e-15,0
6.192999e-19,0
3.25377e-13,0
2.384688e-06,0
2.134902e-27,0
1.278367e-13,0
2.307617e-16,0
5.617109e-18,0
5.792427e-27,0
9.356555e-21,0
5.410692e-07,0
5.485193e-09,0
3.218813e-25,0
8.78739e-21,0
2.425799e-06,0
2.511396e-12,0
4.082725e-12,0
1.379469e-20,0
2.44348e-18,0
1.220125e-27,0
1.687881e-18,0
1.250373e-08,0
1.374992e-14,0
2.546218e-14,0
9.318515e-13,0
1.150918e-15,0
8.212931e-36,0
3.423374e-12,0
7.397691e-05,0
4.166101e-12,0
6.773187e-05,0
4.351382e-11,0
5.792427e-27,0
2.400313e-06,0
2.937968e-20,0
7.367296e-07,0
5.53376e-10,0
2.091204e-14,0
6.721984e-09,0
5.792427e-27,0
9.070607e-09,0
8.199925e-17,0
5.741324e-12,0
5.419691e-11,0
3.218813e-25,0
1.56747e-07,0
1.278367e-13,0
1.34519e-08,0
3.298052e-06,0
8.373487e-40,0
1.506494e-25,0
8.212931e-36,0
3.218813e-25,0
1.270284e-12,0
0.01180975,0
6.704172e-13,0
1.205282e-08,0
4.253744e-15,0
1.309437e-09,0
3.611588e-18,0
1.999238e-11,0
7.050347e-05,0
8.827748e-12,0
8.802427e-06,0
6.954442e-15,0
3.188855e-12,0
3.860519e-11,0
2.44348e-18,0
2.134902e-27,0
7.969616e-06,0
4.888656e-16,0
3.017092e-16,0
6.993164e-11,0
5.110885e-11,0
4.716418e-20,0
6.218098e-17,0
1.523002e-26,0
1.381151e-09,0
4.7121e-13,0
1.523002e-26,0
1.901917e-19,0
7.640309e-18,0
4.146492e-18,0
3.374041e-13,0
6.713578e-09,0
9.285141e-17,0
2.994421e-10,0
7.32902e-07,0
8.131849e-20,0
4.904054e-13,0
4.474579e-13,0
2.290387e-14,0
1.004971e-09,0
3.964721e-19,0
0.6506565,0
0.3113654,0
0.609939,0
0.8815887,0
2.239725e-14,0
8.438522e-07,0
0.002684691,0
2.136081e-06,0
0.999958,0
1.123914e-15,0
8.255828e-16,0
3.446859e-14,0
3.446859e-14,0
3.446859e-14,0
1,0
3.446859e-14,0
1.123914e-15,0
0.9999652,0
3.446859e-14,0
8.404858e-17,0
0.9999652,0
0.9999652,0
3.446859e-14,0
5.805969e-11,0
3.446859e-14,0
0.0006779869,0
3.446859e-14,0
3.446859e-14,0
3.446859e-14,0
1.123914e-15,0
2.072146e-05,0
0.9999652,0
3.446859e-14,0
1.123914e-15,0
0.0006779869,0
0.9999652,0
1,0
6.937464e-21,0
4.065631e-22,0
3.446859e-14,0
3.446859e-14,0
2.935957e-16,0
6.189086e-13,0
3.959161e-18,0
0.0006779869,0
0.0006779869,0
3.446859e-14,0
1.123914e-15,0
0.2094263,0
3.446859e-14,0
0.5386709,0
6.189086e-13,0
4.777497e-12,0
3.446859e-14,0
1.123914e-15,0
0.9999652,0
3.446859e-14,0
3.446859e-14,0
0.9999999,0
3.139503e-10,0
3.446859e-14,0
0.0006779869,0
0.9999652,0
0.0006779869,0
0.9999652,0
3.446859e-14,0
2.593949e-13,0
6.737116e-13,0
0.9999652,0
0.9999652,0
3.383263e-17,0
3.446859e-14,0
0.9999652,0
1,0
0.05910735,0
1,0
3.446859e-14,0
4.050637e-19,0
2.173044e-11,0
3.383263e-17,0
0.0006779869,0
5.81181e-14,0
1.123914e-15,0
3.446859e-14,0
1.123914e-15,0
1.207062e-17,0
3.446859e-14,0
0.002136592,0
0.9999652,0
0.7699011,0
0.6284598,0
8.404858e-17,0
5.34658e-10,0
3.446859e-14,0
3.446859e-14,0
0.9418576,0
3.446859e-14,0
3.446859e-14,0
0.9418576,0
3.446859e-14,0
5.34658e-10,0
3.446859e-14,0
3.446859e-14,0
0.3635968,0
5.34658e-10,0
0.6036054,0
5.34658e-10,0
1.259949e-16,0
8.273808e-14,0
8.273808e-14,0
7.347885e-13,0
8.273808e-14,0
8.273808e-14,0
1.561583e-18,0
8.273808e-14,0
8.273808e-14,0
4.328827e-17,0
3.345977e-17,0
1.259949e-16,0
8.273808e-14,0
1.259949e-16,0
8.273808e-14,0
8.273808e-14,0
1.330594e-11,0
3.949024e-11,0
1,0
0.9999999,0
8.273808e-14,0
7.413341e-14,0
8.273808e-14,0
8.273808e-14,0
8.273808e-14,0
8.273808e-14,0
8.273808e-14,0
1.259949e-16,0
8.923352e-14,0
1.259949e-16,0
8.273808e-14,0
1.259949e-16,0
0.7564308,0
1,0
0.9999999,0
5.810009e-12,0
1.400602e-16,0
8.273808e-14,0
8.273808e-14,0
3.490194e-09,0
3.949024e-11,0
8.273808e-14,0
8.273808e-14,0
8.273808e-14,0
1.661805e-14,0
3.810572e-09,0
8.273808e-14,0
8.273808e-14,0
8.273808e-14,0
3.129809e-08,0
1.4036e-06,0
8.273808e-14,0
8.273808e-14,0
1.259949e-16,0
8.273808e-14,0
1.259949e-16,0
8.273808e-14,0
8.014658e-15,0
6.281366e-11,0
0.8745531,0
0.01911149,0
2.159373e-14,0
8.273808e-14,0
0.004241385,0
0.999989,0
0.004241385,0
0.9999999,0
8.273808e-14,0
1.561583e-18,0
7.038211e-13,0
1.930147e-16,0
8.273808e-14,0
5.810009e-12,0
1.259949e-16,0
8.273808e-14,0
1.09558e-11,0
1.259949e-16,0
8.273808e-14,0
0.004241385,0
0.9993643,0
0.8546814,0
3.949024e-11,0
8.273808e-14,0
8.273808e-14,0
8.273808e-14,0
5.128716e-11,0
8.273808e-14,0
8.273808e-14,0
0.9981541,0
0.9993643,0
1,0
8.273808e-14,0
1.156137e-06,0
0.9981782,0
1.075177e-11,0
3.990073e-12,0
3.205049e-13,0
2.422219e-10,0
9.310115e-16,0
5.195377e-09,0
8.739223e-20,0
1.740161e-16,0
1.358146e-25,0
0.9719968,0
1.850694e-05,0
5.821957e-08,0
9.335629e-13,0
1.874431e-12,0
1.330962e-12,0
2.928032e-20,0
1.358146e-25,0
3.055454e-15,0
6.192999e-19,0
1.909136e-10,0
1.358146e-25,0
1.278367e-13,0
2.307617e-16,0
5.617109e-18,0
1.358146e-25,0
1.863033e-11,0
8.082583e-06,0
2.581821e-13,0
2.928032e-20,0
8.78739e-21,0
4.164612e-10,0
4.082725e-12,0
2.873938e-15,0
1.250373e-08,0
1.374992e-14,0
2.546218e-14,0
9.318515e-13,0
3.423374e-12,0
1.000098e-06,0
4.166101e-12,0
4.602816e-12,0
4.847921e-12,0
1.358146e-25,0
2.400313e-06,0
2.937968e-20,0
7.367296e-07,0
5.53376e-10,0
2.091204e-14,0
6.721984e-09,0
1.358146e-25,0
8.199925e-17,0
3.153334e-15,0
5.419691e-11,0
2.928032e-20,0
8.90416e-17,0
1.278367e-13,0
1.34519e-08,0
1.997404e-16,0
2.928032e-20,0
1.997404e-16,0
2.928032e-20,0
1.866673e-13,0
0.01180975,0
6.704172e-13,0
1.205282e-08,0
4.393049e-13,0
1.307828e-15,0
1.999238e-11,0
3.367531e-08,0
2.529796e-15,0
4.287444e-05,0
2.419882e-14,0
5.657627e-05,0
4.195958e-12,0
2.873938e-15,0
2.746724e-18,0
7.969616e-06,0
4.888656e-16,0
4.975059e-18,0
3.017092e-16,0
3.118252e-10,0
5.110885e-11,0
1.112488e-13,0
5.551118e-10,0
6.218098e-17,0
4.064436e-15,0
3.428095e-10,0
1.901917e-19,0
6.774226e-13,0
1.407306e-14,0
1.047489e-12,0
6.713578e-09,0
9.285141e-17,0
2.994421e-10,0
4.087759e-08,0
1.73081e-06,0
2.493089e-12,0
2.802107e-17,0
2.290387e-14,0
1.004971e-09,0
3.273566e-13,0
5.010342e-14,0
0.6506565,0
0.1630991,0
0.1295675,0
0.6506565,0
0.1630991,0
0.1630991,0
0.3113654,0
1.107008e-17,0
0.02586356,0
7.402306e-14,0
0.000150605,0
0.009079343,0
0.2099956,0
0.1085797,0
0.1085797,0
0.9574835,0
0.1085797,0
0.02639643,0
0.1085797,0
0.1085797,0
0.1085797,0
0.1085797,0
0.1085797,0
0.1085797,0
0.822357,0
0.4815743,0
0.1085797,0
1.854377e-06,0
0.1085797,0
0.1085797,0
0.1085797,0
0.1085797,0
0.1085797,0
0.1085797,0
0.1085797,0
0.07615785,0
0.1085797,0
0.01695117,0
0.01695117,0
0.4815743,0
0.9574835,0
1,0
0.1085797,0
0.1085797,0
0.9336444,0
0.9999844,0
0.1085797,0
0.1085797,0
0.1085797,0
0.0287543,0
0.0287543,0
0.1085797,0
0.1085797,0
0.4815743,0
0.4815743,0
0.1085797,0
0.1085797,0
0.1085797,0
0.1085797,0
0.1085797,0
0.1085797,0
0.1085797,0
0.771384,0
0.002299979,0
0.1085797,0
3.744766e-06,0
0.6739289,0
0.1085797,0
0.1085797,0
0.01695117,0
0.1085797,0
0.4815743,0
0.4815743,0
0.1085797,0
0.9987038,0
0.9336444,0
0.1085797,0
1,0
0.1085797,0
0.1085797,0
0.934298,0
1,0
0.4815743,0
0.4815743,0
0.1085797,0
0.1085797,0
0.0287543,0
0.01695117,0
0.01695117,0
0.002299979,0
0.9877461,0
0.07615785,0
0.1085797,0
0.1085797,0
0.1085797,0
0.1085797,0
0.07615785,0
0.1085797,0
0.1085797,0
0.1085797,0
0.07615785,0
0.0287543,0
0.07615785,0
0.0287543,0
0.1085797,0
0.0287543,0
0.9976235,0
0.07615785,0
6.049439e-10,0
1.105968e-12,0
8.953985e-11,0
4.251374e-16,0
2.342313e-15,0
4.779865e-13,0
9.786077e-14,0
6.398771e-11,0
2.631706e-15,0
1.330819e-13,0
4.273635e-23,0
1.043158e-21,0
4.779865e-13,0
3.896707e-12,0
1.127285e-14,0
5.295509e-14,0
3.865388e-08,0
4.779865e-13,0
1.231941e-09,0
1.435986e-09,0
4.192932e-13,0
2.965196e-14,0
4.779865e-13,0
1.141868e-11,0
5.164909e-08,0
3.61462e-18,0
6.240942e-22,0
0.03722778,0
0.9374782,0
1.714488e-10,0
1.705538e-18,0
1.615926e-07,0
1.795328e-08,0
3.45761e-15,0
1.647378e-12,0
1.993963e-16,0
1.753443e-14,0
4.512322e-10,0
4.487767e-09,0
2.798192e-13,0
3.392538e-12,0
0.132148,0
9.706101e-15,0
0.9992639,0
2.503124e-11,0
6.677001e-10,0
7.925738e-07,0
3.176715e-11,0
3.045172e-12,0
1.579455e-17,0
4.779865e-13,0
3.293268e-13,0
1.071998e-19,0
2.463341e-10,0
9.910376e-07,0
6.240942e-22,0
1.860862e-12,0
1.435986e-09,0
7.006844e-16,0
1.796422e-14,0
7.179438e-09,0
9.544156e-28,0
5.19432e-19,0
2.835491e-19,0
0.1326209,0
1.283635e-09,0
5.638073e-10,0
5.523152e-10,0
1.039814e-05,0
5.418919e-21,0
2.721963e-07,0
7.884469e-09,0
4.800067e-08,0
2.305315e-10,0
4.642439e-08,0
8.657657e-10,0
4.779865e-13,0
5.675194e-07,0
1.286591e-13,0
3.445673e-12,0
2.789289e-16,0
1.010373e-20,0
1.575937e-13,0
1.221988e-19,0
1.23339e-07,0
5.019519e-16,0
5.085872e-19,0
3.297434e-25,0
5.121555e-13,0
1.712675e-13,0
1.464618e-14,0
2.750805e-16,0
0.000833915,0
1.247155e-12,0
9.935645e-12,0
9.402457e-14,0
4.28745e-15,0
7.047309e-07,0
2.124148e-10,0
1.305021e-13,0
0.04299152,0
3.246204e-15,0
1.114305e-07,0
1.13434e-11,0
1.891614e-14,0
1.71819e-06,0
6.202636e-06,0
0.004767329,0
6.202636e-06,0
0.0001834162,0
6.202636e-06,0
0.000467769,0
0.09949084,0
0.001727125,0
4.791277e-07,0
0.000467769,0
0.09949084,0
1.297035e-10,0
6.391635e-26,0
1.11038e-29,0
3.378173e-22,0
5.136065e-16,0
5.06901e-16,0
5.86985e-22,0
5.113715e-25,0
6.497112e-21,0
3.867257e-25,0
2.368388e-22,0
2.024383e-15,0
5.86985e-22,0
3.184203e-25,0
3.378173e-22,0
8.81416e-18,0
8.81416e-18,0
5.86985e-22,0
1.575589e-13,0
3.592342e-31,0
8.333508e-16,0
5.86985e-22,0
3.911595e-22,0
1.407866e-08,0
5.029563e-16,0
1.335486e-15,0
0.9999797,0
1.407866e-08,0
3.27583e-11,0
1.163955e-18,0
3.852897e-19,0
8.473923e-11,0
4.181107e-23,0
4.422261e-25,0
1.494883e-27,0
1.128148e-06,0
2.181969e-15,0
0.9990205,0
8.017103e-23,0
3.592342e-31,0
4.754027e-06,0
7.07548e-21,0
1.254147e-15,0
4.941087e-27,0
1.391524e-28,0
8.443012e-22,0
1.11038e-29,0
0.9818847,0
1.658994e-21,0
2.004713e-20,0
0.9940403,0
3.01696e-12,0
1.575589e-13,0
1.40543e-23,0
1.474396e-23,0
3.670854e-12,0
7.945162e-15,0
8.750042e-10,0
8.413592e-06,0
0.1098701,0
8.333508e-16,0
4.133465e-24,0
1.494883e-27,0
5.223141e-07,0
2.088973e-20,0
2.963445e-17,0
2.781605e-10,0
1.474396e-23,0
4.11794e-20,0
2.126481e-20,0
5.683997e-17,0
3.708417e-13,0
6.832564e-14,0
7.348135e-21,0
1.932825e-20,0
1.995985e-18,0
5.796324e-32,0
5.06901e-16,0
4.630025e-30,0
1.352536e-18,0
1.11038e-29,0
6.689381e-13,0
3.592342e-31,0
8.157906e-15,0
8.259995e-29,0
2.547534e-18,0
1.758006e-12,0
8.443012e-22,0
1.331614e-24,0
2.912182e-05,0
3.110345e-18,0
2.391678e-13,0
5.652161e-20,0
2.567417e-25,0
1.494068e-11,0
2.366852e-15,0
4.848783e-15,0
6.373292e-29,0
1.310368e-06,0
2.636498e-08,0
5.782509e-10,0
0.002277919,0
2.636498e-08,0
0.3888858,0
0.02713875,0
0.6980576,0
7.023014e-14,0
2.945818e-16,0
2.420021e-10,0
9.769232e-11,0
4.363949e-22,0
7.630147e-10,0
6.892472e-18,0
7.768484e-31,0
7.768484e-31,0
2.84932e-09,0
2.283496e-09,0
1.384409e-26,0
3.329785e-22,0
5.445205e-17,0
7.768484e-31,0
6.586943e-16,0
3.918703e-15,0
0.0002082144,0
1.140303e-11,0
7.768484e-31,0
3.316205e-17,0
7.004868e-23,0
5.235286e-09,0
7.768484e-31,0
2.970464e-12,0
5.832354e-14,0
2.027959e-10,0
4.423368e-09,0
1.662384e-20,0
1.099272e-11,0
0.004043428,0
1.916278e-08,0
5.625842e-16,0
1.421167e-16,0
6.745953e-05,0
2.080628e-07,0
1.672005e-14,0
1.926617e-15,0
3.812283e-11,0
1.613981e-20,0
1.35693e-24,0
1.959887e-28,0
7.20631e-14,0
2.975262e-15,0
0.9300503,0
1.808531e-13,0
0.0008170347,0
1.953816e-08,0
8.066955e-15,0
7.282489e-05,0
7.332156e-26,0
7.768484e-31,0
6.168249e-17,0
5.510751e-05,0
1.202368e-13,0
1.843496e-22,0
3.356564e-06,0
4.748705e-24,0
1.479829e-14,0
1.048617e-19,0
9.938157e-10,0
1.84805e-17,0
5.445205e-17,0
1.35693e-24,0
1.662384e-20,0
0.1066964,0
1.307318e-10,0
1.005902e-10,0
2.927743e-12,0
0.04831793,0
1.230552e-14,0
6.278967e-12,0
3.829832e-19,0
1.43656e-11,0
2.064003e-08,0
1.44698e-11,0
1.10821e-09,0
3.78266e-18,0
9.618376e-06,0
2.1846e-16,0
4.344945e-15,0
5.852266e-18,0
2.117688e-14,0
2.517613e-11,0
4.416524e-12,0
1.650835e-16,0
2.416989e-08,0
3.657962e-21,0
1.51695e-23,0
1.746999e-15,0
6.550984e-16,0
4.3707e-13,0
2.057186e-13,0
1.02178e-13,0
4.797145e-13,0
3.123058e-16,0
1.327596e-10,0
0.9997904,0
2.772265e-06,0
0.008434697,0
0.0008378145,0
4.158976e-10,0
3.336394e-09,0
6.234394e-16,0
4.580749e-14,0
3.324617e-12,0
4.44816e-05,0
3.884657e-07,0
0.002322081,0
0.0005657678,0
4.44816e-05,0
3.884657e-07,0
0.0005657678,0
0.5663369,0
1.09325e-07,0
4.775525e-07,0
0.0005657678,0
7.023014e-14,0
2.945818e-16,0
2.420021e-10,0
9.769232e-11,0
7.630147e-10,0
1.871396e-25,0
1.871396e-25,0
7.959703e-20,0
2.84932e-09,0
2.283496e-09,0
4.0211e-23,0
7.842754e-10,0
4.049571e-19,0
6.586943e-16,0
2.38857e-27,0
3.918703e-15,0
2.646796e-16,0
1.871396e-25,0
3.316205e-17,0
1.925689e-17,0
7.004868e-23,0
5.235286e-09,0
1.871396e-25,0
2.970464e-12,0
5.832354e-14,0
1.416595e-20,0
2.308087e-21,0
0.9980329,0
1.916278e-08,0
1.816541e-13,0
0.000355064,0
2.080628e-07,0
4.696015e-16,0
1.672005e-14,0
1.926617e-15,0
3.812283e-11,0
1.613981e-20,0
2.401396e-28,0
3.45044e-05,0
1.916631e-05,0
1.37806e-11,0
1.871396e-25,0
1.808531e-13,0
6.300513e-12,0
1.953816e-08,0
7.282489e-05,0
5.104315e-20,0
2.26094e-07,0
6.168249e-17,0
4.162985e-13,0
1.314566e-07,0
1.513941e-20,0
1.925689e-17,0
1.048617e-19,0
9.938157e-10,0
2.401396e-28,0
4.049571e-19,0
3.952724e-30,0
4.049571e-19,0
2.330031e-05,0
1.307318e-10,0
1.005902e-10,0
2.927743e-12,0
6.791182e-18,0
3.17278e-18,0
4.359956e-22,0
3.829832e-19,0
1.43656e-11,0
8.8197e-09,0
1.678132e-07,0
0.999948,0
3.301043e-08,0
1.871396e-25,0
2.1846e-16,0
4.344945e-15,0
5.852266e-18,0
1.473192e-09,0
2.517613e-11,0
4.146681e-18,0
2.416989e-08,0
1.440245e-18,0
1.746999e-15,0
1.37367e-22,0
3.305013e-11,0
4.3707e-13,0
1.392871e-16,0
5.104627e-20,0
4.797145e-13,0
3.123058e-16,0
5.911973e-11,0
0.7231885,0
1.005187e-14,0
1.697884e-06,0
2.918467e-11,0
1.739137e-10,0
6.446721e-14,0
1.819197e-10,0
2.037375e-05,0
3.884657e-07,0
0.0005657678,0
0.006982471,0
4.44816e-05,0
3.884657e-07,0
0.002376608,0
1.19574e-10,0
0.003971376,0
4.775525e-07,0
2.754617e-12,0
6.380629e-17,0
2.976315e-13,0
2.012362e-10,0
1.879536e-05,0
1.130941e-09,0
4.043324e-13,0
0.0002319883,0
4.430844e-07,0
2.798562e-08,0
2.282426e-08,0
1.623942e-06,0
5.165463e-22,0
2.017212e-24,0
2.708877e-19,0
0.0004817422,0
7.291363e-15,0
1.859638e-12,0
1.545195e-08,0
4.043324e-13,0
3.168868e-10,0
6.939586e-08,0
1.731638e-09,0
8.147019e-12,0
6.888485e-08,0
6.391376e-08,0
1.693067e-06,0
2.017212e-24,0
3.086956e-12,0
1.169979e-09,0
4.944811e-12,0
9.270838e-18,0
6.961763e-09,0
1.980032e-15,0
5.464716e-20,0
5.615189e-15,0
2.241181e-05,0
3.888388e-05,0
0.0002213773,0
1.715733e-16,0
1.552625e-12,0
8.030269e-14,0
8.49279e-11,0
1.871434e-05,0
2.708877e-19,0
1.178771e-06,0
1.240248e-18,0
7.120878e-09,0
1.72611e-10,0
3.730924e-06,0
0.003961439,0
5.02304e-05,0
4.159065e-13,0
9.27051e-07,0
2.017212e-24,0
1.176578e-12,0
1.095273e-07,0
1.144179e-07,0
7.205483e-11,0
1.715733e-16,0
2.017212e-24,0
4.347532e-15,0
1.572671e-08,0
0.002072849,0
8.286586e-10,0
1.992504e-07,0
2.76897e-13,0
9.200444e-11,0
3.239807e-16,0
4.618784e-09,0
3.277269e-10,0
6.961763e-09,0
2.708877e-19,0
5.284862e-05,0
2.064207e-09,0
1.170579e-13,0
2.96163e-14,0
5.72419e-12,0
1.740678e-13,0
0.0001434448,0
4.623808e-09,0
4.823188e-18,0
2.609201e-10,0
1.158328e-13,0
3.759336e-10,0
7.33946e-11,0
6.534587e-07,0
7.390178e-09,0
6.958821e-15,0
8.854459e-12,0
2.683914e-06,0
2.398033e-15,0
1.35447e-10,0
0.1114689,0
1.604161e-07,0
2.488742e-08,0
0.007279916,0
0.711754,0
1,0
8.082838e-06,0
0.007279916,0
0.000131016,0
1.088135e-08,0
0.0180919,0
0.9929276,0
5.368914e-08,0
1.981984e-13,0
2.496336e-25,0
5.025148e-25,0
2.655385e-22,0
0.02022582,0
0.002946646,0
6.789493e-12,0
5.792427e-27,0
5.792427e-27,0
4.867731e-12,0
4.843004e-05,0
8.891253e-19,0
2.974506e-12,0
1.173685e-23,0
5.792427e-27,0
6.612538e-11,0
3.801231e-12,0
2.443102e-15,0
2.72184e-08,0
6.959548e-07,0
5.792427e-27,0
2.509908e-07,0
2.852867e-15,0
1.065174e-09,0
3.219266e-26,0
8.134349e-08,0
1.375566e-25,0
3.373906e-13,0
1.173685e-23,0
2.845301e-24,0
9.03235e-07,0
5.119185e-08,0
4.082725e-12,0
1.379469e-20,0
2.44348e-18,0
1.220125e-27,0
3.857507e-08,0
2.273034e-19,0
2.103473e-18,0
1.009834e-20,0
5.39882e-22,0
3.423374e-12,0
9.826234e-10,0
1.178709e-18,0
6.773187e-05,0
4.847921e-12,0
5.792427e-27,0
6.735863e-11,0
2.937968e-20,0
1.865161e-09,0
1.60806e-16,0
1.763191e-12,0
5.792427e-27,0
9.070607e-09,0
3.153334e-15,0
5.419691e-11,0
1.173685e-23,0
1.278367e-13,0
3.123355e-09,0
8.719642e-07,0
5.39882e-22,0
1.173685e-23,0
5.39882e-22,0
1.173685e-23,0
2.973452e-11,0
1.213622e-07,0
7.426208e-17,0
4.253744e-15,0
1.152996e-16,0
1.309437e-09,0
1.938528e-10,0
7.575746e-05,0
5.974665e-17,0
6.954442e-15,0
5.657627e-05,0
3.860519e-11,0
2.44348e-18,0
5.792427e-27,0
3.764263e-11,0
8.61779e-13,0
1.986206e-06,0
9.344451e-16,0
4.923074e-15,0
8.238998e-12,0
2.861271e-22,0
6.218098e-17,0
5.018432e-22,0
1.379423e-11,0
1.39086e-14,0
5.018432e-22,0
1.363223e-17,0
8.164635e-14,0
3.374041e-13,0
1.838305e-13,0
8.131849e-20,0
2.2131e-10,0
2.802107e-17,0
2.910822e-15,0
3.827328e-15,0
0.6506565,0
0.4000697,0
0.5265025,0
0.003326287,0
0.6506565,0
0.1630991,0
1.107008e-17,0
8.533241e-06,0
7.402306e-14,0
0.009079343,0
4.806298e-07,0
5.990349e-15,0
9.091673e-12,0
3.956008e-17,0
1.571708e-16,0
2.722199e-07,0
1.394608e-26,0
1.394608e-26,0
4.768776e-19,0
3.141496e-15,0
4.708074e-10,0
2.831627e-15,0
1.764537e-26,0
4.945322e-30,0
1.394608e-26,0
1.699183e-15,0
8.012742e-09,0
1.394608e-26,0
3.994464e-10,0
4.482247e-14,0
2.746383e-14,0
5.292399e-14,0
1.394608e-26,0
8.30328e-13,0
0.02882819,0
2.242494e-26,0
5.317139e-10,0
0.999997,0
1.756516e-21,0
4.622395e-14,0
1.005343e-06,0
6.58786e-20,0
5.688213e-14,0
3.296232e-14,0
1.49889e-14,0
5.848214e-11,0
2.238249e-09,0
3.123823e-14,0
2.000655e-28,0
0.001308296,0
5.321262e-16,0
6.623611e-14,0
2.637758e-05,0
0.9998312,0
1.394608e-26,0
1.539531e-09,0
2.124421e-13,0
2.295747e-15,0
7.787633e-13,0
1.394608e-26,0
7.055573e-18,0
4.441195e-10,0
4.623137e-05,0
0.0001141889,0
1.49423e-15,0
3.747463e-08,0
6.965214e-17,0
1.08094e-08,0
5.147851e-32,0
4.945322e-30,0
4.169384e-38,0
0.000959949,0
5.292399e-14,0
9.650595e-18,0
5.284663e-10,0
0.06473077,0
2.033113e-15,0
0.02023423,0
2.432065e-06,0
1.96419e-21,0
2.125764e-08,0
1.481323e-10,0
3.559558e-11,0
7.698209e-10,0
0.02823664,0
0.9998204,0
8.012742e-09,0
1.394608e-26,0
2.242693e-07,0
1.53015e-15,0
4.742135e-16,0
1.136008e-17,0
6.455218e-08,0
3.270961e-14,0
1.342065e-20,0
2.780244e-12,0
8.690305e-16,0
9.843515e-28,0
4.793096e-23,0
8.928659e-15,0
4.065817e-15,0
4.681952e-14,0
4.695851e-17,0
1.584493e-18,0
1.144469e-09,0
2.135448e-08,0
5.323016e-13,0
3.117871e-14,0
0.002954267,0
0.8203475,0
4.429154e-08,0
0.02955232,0
6.058391e-09,0
0.3729898,0
2.552644e-12,0
1.861614e-07,0
7.856943e-15,0
4.692685e-08,0
0.000195361,0
0.0006022861,0
0.000195361,0
0.00167113,0
0.001547909,0
0.0006022861,0
0.9302704,0
0.02505527,0
2.020244e-07,0
0.9302704,0
6.17269e-12,0
1.484714e-21,0
3.194213e-11,0
5.621118e-14,0
8.273459e-22,0
6.276359e-19,0
4.290523e-09,0
7.696304e-09,0
7.907695e-08,0
3.211301e-14,0
1.040435e-10,0
6.276359e-19,0
2.704565e-16,0
6.596886e-28,0
1.20402e-14,0
4.273211e-23,0
0.3683561,0
6.276359e-19,0
8.376512e-14,0
6.276359e-19,0
3.103304e-11,0
5.551086e-14,0
4.780075e-09,0
1.720973e-20,0
1.040435e-10,0
1.217895e-08,0
3.462444e-07,0
2.896243e-10,0
5.035844e-22,0
1.278896e-14,0
1.264604e-13,0
4.603112e-09,0
9.00046e-14,0
6.190575e-16,0
6.11319e-13,0
6.433226e-09,0
7.287952e-20,0
6.660962e-21,0
1.792031e-18,0
2.650079e-17,0
0.6428906,0
6.276359e-19,0
2.141144e-13,0
1.194935e-10,0
1.264389e-10,0
5.32413e-14,0
2.051921e-16,0
8.287614e-21,0
6.276359e-19,0
1.752973e-08,0
1.222217e-12,0
2.427872e-10,0
3.169135e-09,0
6.110005e-25,0
2.227195e-08,0
7.672521e-19,0
2.702246e-06,0
1.244843e-37,0
4.6674e-18,0
1.244843e-37,0
1.040435e-10,0
3.734957e-10,0
1.93769e-12,0
2.017978e-13,0
7.905251e-07,0
8.153081e-08,0
3.042845e-11,0
2.991951e-20,0
2.230684e-13,0
7.332786e-11,0
6.026389e-07,0
4.277474e-13,0
1.02067e-10,0
6.276359e-19,0
5.886775e-16,0
2.524187e-14,0
1.758876e-14,0
2.293658e-13,0
3.096773e-13,0
3.444669e-15,0
7.351295e-12,0
6.628446e-12,0
6.53469e-22,0
7.632654e-24,0
6.628446e-12,0
1.341297e-13,0
2.774998e-13,0
5.823023e-12,0
8.693298e-14,0
2.650501e-11,0
1.816622e-12,0
6.834191e-11,0
0.003112553,0
7.07083e-16,0
1.082835e-14,0
9.767705e-11,0
1.101906e-16,0
1.246615e-15,0
2.70413e-14,0
1.268886e-06,0
5.4695e-05,0
0.0007245154,0
0.000849435,0
1.268886e-06,0
1.268886e-06,0
0.0007245154,0
0.4122995,0
0.9710396,0
0.005685869,0
0.0007245154,0
8.257796e-20,0
1.321402e-17,0
1.781913e-28,0
6.90387e-32,0
1.287483e-23,0
2.026898e-19,0
1.133837e-14,0
3.469808e-29,0
6.831258e-30,0
5.167431e-23,0
4.833407e-12,0
2.061395e-26,0
4.825474e-09,0
7.207613e-11,0
3.469808e-29,0
9.083408e-34,0
2.848776e-24,0
3.469808e-29,0
8.257796e-20,0
4.126922e-07,0
6.90387e-32,0
8.142318e-18,0
3.469808e-29,0
4.487568e-25,0
8.257796e-20,0
3.051742e-20,0
6.959764e-26,0
0.0003259417,0
4.55718e-16,0
3.243025e-06,0
8.257796e-20,0
2.373041e-11,0
1.469909e-30,0
1.757263e-18,0
1.600371e-27,0
1.287483e-23,0
3.638483e-26,0
1.71118e-27,0
4.799318e-30,0
5.615152e-06,0
1.610533e-10,0
0.0002906254,0
9.324479e-30,0
0.9987069,0
9.292641e-12,0
3.469808e-29,0
4.487568e-25,0
1.536264e-12,0
9.967415e-28,0
7.80913e-31,0
4.589822e-24,0
3.469808e-29,0
1,0
3.70574e-23,0
0.9998974,0
1.432734e-08,0
3.242813e-15,0
4.126922e-07,0
1.196397e-21,0
7.145475e-17,0
1.444456e-12,0
1.32455e-07,0
9.280217e-10,0
0.01206066,0
8.142318e-18,0
5.167431e-23,0
4.799318e-30,0
1.525315e-11,0
2.178103e-22,0
1.583425e-16,0
2.918122e-26,0
6.959764e-26,0
1.01302e-21,0
7.059852e-26,0
2.53754e-10,0
0.001299303,0
9.24199e-18,0
3.469808e-29,0
9.083408e-34,0
8.257796e-20,0
2.240664e-26,0
2.848776e-24,0
2.240664e-26,0
6.90387e-32,0
1.381612e-20,0
1.388787e-21,0
6.151827e-16,0
5.583469e-23,0
1.213756e-27,0
8.482932e-33,0
9.500782e-21,0
3.950691e-29,0
2.136678e-27,0
2.285241e-26,0
8.273002e-18,0
4.017429e-26,0
4.589822e-24,0
9.967415e-28,0
8.162814e-10,0
0.006751798,0
2.203876e-24,0
1.660448e-15,0
5.226673e-21,0
1.655654e-23,0
5.167431e-23,0
8.564356e-24,0
2.477828e-06,0
0.003199887,0
0.0009432638,0
0.003199887,0
5.36324e-13,0
0.0004804218,0
0.9992937,0
0.0009432638,0
5.799818e-06,0
5.36324e-13,0
0.9992937,0
0.4727161,0
0.4727161,0
0.4727161,0
0.4727161,0
0.4727161,0
0.4727161,0
0.4727161,0
0.4727161,0
0.4727161,0
0.4727161,0
0.4727161,0
0.4727161,0
0.955377,0
0.4727161,0
0.4727161,0
0.4727161,0
0.4727161,0
0.4727161,0
0.4727161,0
0.4727161,0
0.4727161,0
0.4727161,0
0.4727161,0
0.4727161,0
0.4727161,0
0.4727161,0
0.4727161,0
0.4727161,0
0.4727161,0
0.4727161,0
0.4727161,0
0.9283313,0
0.4727161,0
0.4727161,0
0.4727161,0
0.4727161,0
0.4727161,0
0.4727161,0
0.4727161,0
0.4727161,0
0.4727161,0
0.4727161,0
0.4727161,0
0.7691207,0
0.4727161,0
0.4727161,0
0.9992493,0
0.5023614,0
0.4727161,0
0.3208947,0
0.4727161,0
0.4727161,0
0.4727161,0
0.4727161,0
0.4727161,0
0.4727161,0
0.4727161,0
0.4727161,0
0.4727161,0
0.4727161,0
0.7691207,0
0.4727161,0
0.4727161,0
0.05994521,0
0.4727161,0
0.4727161,0
0.4727161,0
0.4727161,0
0.4727161,0
0.4727161,0
0.4727161,0
0.4727161,0
0.4727161,0
0.4727161,0
0.4727161,0
0.4727161,0
0.4727161,0
0.4727161,0
0.4727161,0
0.4727161,0
0.4727161,0
0.4727161,0
0.4727161,0
0.4727161,0
0.4727161,0
0.4727161,0
0.4727161,0
0.4727161,0
0.4727161,0
0.3208947,0
0.8247854,0
0.4727161,0
0.4727161,0
0.7960164,0
0.4727161,0
0.04796048,0
0.04796048,0
0.9283313,0
0.1064951,0
0.4727161,0
0.4727161,0
0.4727161,0
0.9858778,0
0.1574673,0
0.1574673,0
0.1574673,0
0.1574673,0
0.1574673,0
0.1574673,0
0.1574673,0
0.1574673,0
0.1574673,0
0.1574673,0
0.0001944989,0
0.1574673,0
0.1574673,0
0.1574673,0
0.1574673,0
0.1574673,0
0.1574673,0
0.1574673,0
0.1574673,0
0.1574673,0
0.1574673,0
0.1574673,0
0.1574673,0
0.1574673,0
0.1574673,0
0.1574673,0
0.1574673,0
0.1574673,0
0.1574673,0
0.1574673,0
0.1574673,0
0.1574673,0
0.1574673,0
0.1574673,0
0.1574673,0
0.1574673,0
0.1574673,0
0.1574673,0
0.1574673,0
0.1574673,0
0.9343558,0
0.1574673,0
0.1574673,0
0.1574673,0
0.9999692,0
0.9985375,0
0.1574673,0
1.513121e-05,0
0.1574673,0
0.1574673,0
0.1574673,0
0.1574673,0
0.1574673,0
0.1574673,0
0.1574673,0
0.1574673,0
0.1574673,0
0.1574673,0
0.1574673,0
0.1574673,0
0.1976468,0
0.1574673,0
0.1574673,0
2.600902e-06,0
0.1574673,0
0.1574673,0
0.1574673,0
0.1574673,0
0.1574673,0
0.1574673,0
0.1574673,0
0.1574673,0
0.1574673,0
0.1574673,0
0.1574673,0
0.1574673,0
0.1574673,0
0.1574673,0
0.1574673,0
0.1574673,0
0.1574673,0
0.1574673,0
0.1574673,0
0.1574673,0
0.1574673,0
0.1574673,0
0.1574673,0
0.9997862,0
0.999995,0
0.9583148,0
0.1574673,0
0.9999028,0
0.008002033,0
0.9999028,0
0.008002033,0
0.0003983619,0
0.1574673,0
0.1574673,0
9.195223e-05,0
0.486113,0
0.486113,0
0.486113,0
0.486113,0
0.486113,0
0.486113,0
0.486113,0
0.486113,0
0.486113,0
0.486113,0
0.9941226,0
0.486113,0
0.486113,0
0.486113,0
0.486113,0
0.486113,0
0.486113,0
0.486113,0
0.486113,0
0.486113,0
0.486113,0
0.486113,0
0.486113,0
0.486113,0
0.486113,0
0.486113,0
0.486113,0
0.486113,0
0.486113,0
0.486113,0
0.486113,0
0.486113,0
0.486113,0
0.486113,0
0.486113,0
0.486113,0
0.486113,0
0.486113,0
0.486113,0
0.486113,0
0.9918487,0
0.486113,0
0.486113,0
0.9774653,0
0.8709992,0
0.486113,0
0.486113,0
0.486113,0
0.486113,0
0.486113,0
0.486113,0
0.486113,0
0.486113,0
0.486113,0
0.486113,0
0.8634938,0
0.486113,0
0.486113,0
0.486113,0
0.486113,0
0.486113,0
0.486113,0
0.486113,0
0.486113,0
0.486113,0
0.486113,0
0.3731763,0
0.486113,0
0.486113,0
0.486113,0
0.486113,0
0.486113,0
0.486113,0
0.8709992,0
0.486113,0
0.9976768,0
0.9996167,0
0.172974,0
0.486113,0
0.9996167,0
0.9996167,0
0.9996167,0
0.486113,0
0.9976768,0
0.5759289,0
0.5759289,0
0.5759289,0
0.5759289,0
0.5759289,0
0.5759289,0
0.5759289,0
0.5584173,0
0.08561868,0
0.5759289,0
0.8770535,0
0.5759289,0
0.5759289,0
0.5759289,0
0.5759289,0
0.5759289,0
0.5759289,0
0.5759289,0
0.5759289,0
0.5759289,0
0.5759289,0
0.5759289,0
0.5759289,0
0.5759289,0
0.5759289,0
0.5759289,0
0.5759289,0
0.5759289,0
0.5759289,0
0.5759289,0
0.5759289,0
0.5759289,0
0.5759289,0
0.5759289,0
0.5759289,0
0.5759289,0
0.5759289,0
0.5759289,0
0.5759289,0
0.5759289,0
0.8770535,0
0.5759289,0
0.5759289,0
0.9993246,0
0.4992746,0
0.5759289,0
0.9955223,0
0.5759289,0
0.5759289,0
0.5759289,0
0.5759289,0
0.5759289,0
0.5759289,0
0.5759289,0
0.5759289,0
0.5759289,0
0.5759289,0
0.5759289,0
0.08561868,0
0.5759289,0
0.978754,0
0.5759289,0
0.5759289,0
0.5759289,0
0.5759289,0
0.5759289,0
0.5759289,0
0.5584173,0
0.5759289,0
0.5759289,0
0.5759289,0
0.5759289,0
0.5759289,0
0.5759289,0
0.5584173,0
0.4907439,0
0.5759289,0
0.5759289,0
0.5759289,0
0.5759289,0
0.5759289,0
0.5759289,0
0.5759289,0
0.5759289,0
0.9955223,0
0.5759289,0
0.5759289,0
0.5759289,0
0.5759289,0
0.2163557,0
0.6146041,0
0.2163557,0
0.5759289,0
0.2163557,0
0.6146041,0
3.877866e-09,0
4.88916e-23,0
1.086759e-13,0
8.047973e-12,0
9.310115e-16,0
8.430772e-06,0
3.391867e-18,0
1.062624e-15,0
1.062624e-15,0
1.778839e-10,0
3.198522e-08,0
7.986326e-25,0
1.874431e-12,0
2.484245e-16,0
1.659972e-24,0
1.430672e-06,0
9.294825e-15,0
3.25377e-13,0
6.268049e-10,0
1.062624e-15,0
1.275628e-23,0
1.419461e-14,0
5.688514e-15,0
1.062624e-15,0
5.471186e-11,0
2.019217e-21,0
1.95962e-06,0
5.485193e-09,0
1.659972e-24,0
8.78739e-21,0
0.9332064,0
3.228089e-15,0
1.153201e-19,0
8.923883e-17,0
1.799287e-16,0
7.263644e-26,0
7.303597e-19,0
1.181185e-13,0
1.374992e-14,0
2.546218e-14,0
9.318515e-13,0
5.557978e-12,0
2.753228e-25,0
0.006616928,0
1.000098e-06,0
1.119155e-10,0
5.846059e-08,0
1.277121e-07,0
2.128245e-17,0
3.051222e-10,0
1.037323e-12,0
2.331753e-19,0
1.60806e-16,0
3.560498e-09,0
2.363835e-10,0
1.350378e-15,0
0.9895024,0
1.464791e-14,0
4.433296e-15,0
1.794114e-10,0
1.724371e-19,0
1.366478e-08,0
4.167287e-15,0
2.771749e-21,0
2.753228e-25,0
1.659972e-24,0
2.753228e-25,0
1.659972e-24,0
2.049867e-12,0
3.106103e-12,0
6.704172e-13,0
1.205282e-08,0
4.253744e-15,0
1.256278e-14,0
1.261552e-13,0
5.987653e-15,0
1.999238e-11,0
0.01442153,0
1.841007e-16,0
5.657627e-05,0
1.799287e-16,0
1.062624e-15,0
7.969616e-06,0
3.017092e-16,0
2.226774e-12,0
1.112488e-13,0
3.380945e-37,0
0.9160848,0
5.018432e-22,0
5.39882e-22,0
1.381151e-09,0
3.862778e-16,0
5.018432e-22,0
1.901917e-19,0
4.259866e-15,0
7.966953e-15,0
1.556953e-13,0
2.228546e-08,0
3.974709e-11,0
0.003252985,0
7.32902e-07,0
1.714913e-11,0
3.900836e-15,0
1.004051e-12,0
3.126369e-17,0
2.846465e-07,0
2.256211e-10,0
1.78376e-12,0
0.6506565,0
0.3113654,0
0.609939,0
0.1276316,0
0.6506565,0
0.1843153,0
9.769428e-09,0
3.131312e-09,0
2.482499e-05,0
0.0001639267,0
0.006408365,0
0.06587366,0
0.06587366,0
0.06587366,0
0.6750222,0
0.06587366,0
0.202143,0
0.06587366,0
0.06587366,0
0.06587366,0
0.06587366,0
0.06587366,0
0.06587366,0
0.971814,0
0.9999261,0
1,0
0.06587366,0
0.06587366,0
0.06587366,0
0.06587366,0
0.06587366,0
0.06587366,0
0.06587366,0
0.06587366,0
0.03342462,0
0.03342462,0
1,0
0.6750222,0
0.2711875,0
0.06587366,0
0.06587366,0
0.1039855,0
0.6996785,0
0.8453467,0
0.06587366,0
0.06587366,0
0.9999741,0
0.9999741,0
0.9948409,0
0.915213,0
1,0
0.9999726,0
0.06587366,0
0.9999261,0
0.02912981,0
0.9953068,0
0.06587366,0
0.06587366,0
0.06587366,0
0.06587366,0
0.06587366,0
0.06587366,0
0.06587366,0
0.9999999,0
0.2110141,0
0.9999461,0
0.9999995,0
0.06587366,0
0.003502105,0
0.06587366,0
0.06587366,0
0.9999461,0
0.999965,0
0.9999461,0
0.02912981,0
1,0
0.06587366,0
0.202143,0
0.9999878,0
0.9991925,0
0.06587366,0
0.1888018,0
0.06587366,0
0.06587366,0
0.06587366,0
0.9999284,0
0.9999261,0
0.9999461,0
0.001292993,0
0.001292993,0
0.9999995,0
0.9196611,0
0.06587366,0
0.06587366,0
0.06587366,0
0.06587366,0
0.06587366,0
0.06587366,0
0.06587366,0
0.07813659,0
0.06587366,0
0.07813659,0
0.06587366,0
0.9999741,0
0.001224441,0
0.06587366,0
0.1646613,0
0.1646613,0
0.0004888072,0
0.1646613,0
0.1646613,0
0.0004888072,0
0.1646613,0
0.4054097,0
0.1458671,0
0.311786,0
0.1646613,0
0.1646613,0
0.311786,0
0.1646613,0
0.1646613,0
0.0004888072,0
0.0001824997,0
0.1646613,0
0.0004888072,0
0.1646613,0
0.311786,0
0.1646613,0
0.1646613,0
0.1646613,0
0.1646613,0
0.311786,0
0.1646613,0
0.1646613,0
0.1646613,0
0.1646613,0
0.1646613,0
0.001327899,0
0.001327899,0
0.1646613,0
0.311786,0
0.311786,0
0.1646613,0
0.1646613,0
0.1646613,0
0.3355882,0
0.001327899,0
0.001327899,0
0.1646613,0
0.311786,0
0.1646613,0
0.1646613,0
0.8580759,0
0.001327899,0
0.1646613,0
0.311786,0
0.311786,0
0.9999943,0
0.1646613,0
0.9698595,0
0.0004888072,0
0.311786,0
0.1646613,0
0.1646613,0
0.311786,0
0.9999669,0
1,0
0.1646613,0
0.311786,0
0.1646613,0
0.1646613,0
0.311786,0
0.0004888072,0
0.1646613,0
0.1646613,0
0.0001824997,0
0.1646613,0
0.311786,0
0.1646613,0
0.0001824997,0
0.1646613,0
0.01201783,0
0.01201783,0
0.01201783,0
0.1646613,0
0.01201783,0
0.01201783,0
6.833141e-13,0
1.932452e-24,0
9.104076e-13,0
8.224075e-10,0
4.977829e-11,0
8.719624e-24,0
3.181962e-21,0
2.899183e-10,0
2.184156e-10,0
6.406868e-05,0
4.441176e-06,0
3.028173e-23,0
8.27049e-30,0
2.899183e-10,0
1.155985e-19,0
7.432053e-06,0
1.152637e-14,0
1.104996e-08,0
1.672754e-14,0
2.899183e-10,0
0.9983987,0
0.001008621,0
5.600974e-11,0
8.067762e-21,0
2.899183e-10,0
7.367911e-06,0
6.652509e-20,0
8.232561e-15,0
0.0008525853,0
8.27049e-30,0
6.262818e-20,0
1.54498e-11,0
1.387047e-11,0
2.10816e-22,0
4.721919e-05,0
3.036877e-09,0
3.429382e-22,0
0.0001687399,0
2.523872e-08,0
5.657627e-17,0
6.195566e-14,0
1.282143e-12,0
3.96454e-07,0
4.407007e-16,0
7.149314e-05,0
2.899183e-10,0
3.937252e-08,0
1.302692e-07,0
2.10107e-08,0
1.43782e-09,0
0.0001201351,0
3.015018e-10,0
2.899183e-10,0
1.892062e-14,0
4.088593e-12,0
4.647551e-07,0
2.195548e-05,0
8.27049e-30,0
2.046305e-26,0
0.001008621,0
1.351334e-08,0
1.620461e-10,0
6.195566e-14,0
8.27049e-30,0
6.195566e-14,0
8.27049e-30,0
1.313507e-08,0
1.113877e-08,0
0.007227331,0
3.759447e-08,0
2.708049e-13,0
0.0004745837,0
2.99263e-16,0
2.495985e-17,0
3.901974e-19,0
7.370611e-09,0
9.454851e-07,0
2.899183e-10,0
1.060251e-06,0
2.467553e-06,0
4.186195e-17,0
0.04669319,0
2.05688e-10,0
9.322293e-11,0
6.942981e-14,0
1.423862e-10,0
1.646959e-18,0
4.02596e-26,0
5.82149e-12,0
1.867169e-09,0
1.646959e-18,0
8.883903e-10,0
8.093499e-14,0
1.959678e-20,0
1.065155e-05,0
5.760344e-12,0
1.532416e-11,0
6.672214e-10,0
4.210318e-15,0
3.84126e-11,0
1.039124e-19,0
2.292836e-20,0
2.500509e-07,0
1.85055e-06,0
4.328716e-15,0
1.349318e-06,0
4.843028e-10,0
0.2087058,0
0.486113,0
0.486113,0
3.280098e-16,0
0.0005941925,0
0.486113,0
0.486113,0
0.2087058,0
7.167449e-10,0
3.023568e-08,0
0.00242036,0
3.075062e-12,0
0.3976593,0
0.005463882,0
6.833141e-13,0
1.932452e-24,0
9.104076e-13,0
8.224075e-10,0
8.719624e-24,0
3.181962e-21,0
2.899183e-10,0
0.0001707287,0
3.514114e-06,0
1.143254e-06,0
4.441176e-06,0
6.781479e-13,0
3.028173e-23,0
1.155985e-19,0
7.432053e-06,0
1.152637e-14,0
1.104996e-08,0
1.672754e-14,0
0.9983987,0
0.001008621,0
5.083566e-11,0
8.067762e-21,0
2.899183e-10,0
7.367911e-06,0
6.652509e-20,0
9.365261e-11,0
8.27049e-30,0
1.095002e-13,0
0.1350575,0
1.54498e-11,0
1.387047e-11,0
9.454851e-07,0
2.10816e-22,0
4.721919e-05,0
3.429382e-22,0
0.0001687399,0
2.523872e-08,0
5.657627e-17,0
8.969823e-24,0
1.282143e-12,0
3.96454e-07,0
4.407007e-16,0
7.149314e-05,0
0.001623311,0
2.899183e-10,0
1.595354e-05,0
4.33457e-09,0
0.0001821429,0
3.015018e-10,0
2.899183e-10,0
1.892062e-14,0
4.088593e-12,0
4.647551e-07,0
2.195548e-05,0
8.27049e-30,0
2.046305e-26,0
0.001008621,0
2.922488e-19,0
6.366355e-05,0
1.620461e-10,0
8.969823e-24,0
8.27049e-30,0
8.969823e-24,0
8.27049e-30,0
0.0006446909,0
1.113877e-08,0
0.007227331,0
1.142388e-08,0
3.759447e-08,0
2.708049e-13,0
0.0004745837,0
2.99263e-16,0
2.495985e-17,0
5.649937e-10,0
1.63261e-10,0
3.050291e-10,0
7.370611e-09,0
9.454851e-07,0
2.899183e-10,0
2.467452e-09,0
2.467553e-06,0
4.186195e-17,0
0.03329002,0
1.600492e-10,0
9.322293e-11,0
6.942981e-14,0
1.423862e-10,0
1.754928e-29,0
1.641909e-25,0
5.82149e-12,0
1.754928e-29,0
8.883903e-10,0
8.093499e-14,0
1.394673e-09,0
1.959678e-20,0
1.065155e-05,0
4.210318e-15,0
3.84126e-11,0
1.039124e-19,0
2.325724e-09,0
4.676471e-05,0
1.619974e-05,0
0.002701031,0
1.255791e-20,0
0.486113,0
1.890249e-05,0
0.4999052,0
0.7547104,0
0.486113,0
0.2087058,0
0.2087058,0
7.167449e-10,0
4.951505e-11,0
0.00242036,0
4.382226e-10,0
0.3976593,0
0.6111358,0
0.8091526,0
5.278157e-17,0
9.104076e-13,0
8.224075e-10,0
4.977829e-11,0
8.719624e-24,0
3.181962e-21,0
2.899183e-10,0
2.899183e-10,0
1.143254e-06,0
4.441176e-06,0
6.781479e-13,0
3.028173e-23,0
8.27049e-30,0
1.155985e-19,0
7.432053e-06,0
1.152637e-14,0
1.672754e-14,0
0.9983987,0
0.001008621,0
8.067762e-21,0
2.899183e-10,0
7.367911e-06,0
6.652509e-20,0
9.365261e-11,0
0.0008525853,0
8.27049e-30,0
1.589374e-24,0
0.1350575,0
1.387047e-11,0
9.454851e-07,0
2.10816e-22,0
4.721919e-05,0
3.036877e-09,0
7.574452e-21,0
0.0001687399,0
2.523872e-08,0
1.669925e-08,0
2.09089e-24,0
1.282143e-12,0
3.96454e-07,0
4.407007e-16,0
7.149314e-05,0
0.001623311,0
2.899183e-10,0
1.595354e-05,0
1.302692e-07,0
4.33457e-09,0
1.43782e-09,0
0.0001821429,0
3.015018e-10,0
2.899183e-10,0
1.892062e-14,0
4.088593e-12,0
4.647551e-07,0
2.195548e-05,0
8.27049e-30,0
2.611683e-31,0
0.001008621,0
2.922488e-19,0
6.366355e-05,0
1.620461e-10,0
2.09089e-24,0
8.27049e-30,0
2.09089e-24,0
8.27049e-30,0
1.313507e-08,0
0.0006446909,0
1.113877e-08,0
0.007227331,0
1.142388e-08,0
2.708049e-13,0
0.0004745837,0
2.99263e-16,0
2.495985e-17,0
5.649937e-10,0
1.63261e-10,0
7.370611e-09,0
2.899183e-10,0
1.060251e-06,0
2.467452e-09,0
2.467553e-06,0
2.201948e-20,0
0.03329002,0
1.600492e-10,0
9.322293e-11,0
6.942981e-14,0
5.83333e-30,0
1.031097e-25,0
5.82149e-12,0
5.83333e-30,0
8.883903e-10,0
8.093499e-14,0
1.394673e-09,0
1.959678e-20,0
1.065155e-05,0
0.001660705,0
1.532416e-11,0
6.672214e-10,0
4.210318e-15,0
3.84126e-11,0
1.039124e-19,0
2.292836e-20,0
1.85055e-06,0
0.002701031,0
4.178402e-13,0
0.2087058,0
0.486113,0
7.69916e-22,0
0.4999052,0
0.486113,0
0.9636987,0
0.2087058,0
7.167449e-10,0
4.951505e-11,0
0.00242036,0
0.3976593,0
0.9636987,0
7.271538e-13,0
3.990073e-12,0
3.205049e-13,0
2.422219e-10,0
9.310115e-16,0
8.739223e-20,0
5.792427e-27,0
5.792427e-27,0
0.0001146427,0
5.090127e-10,0
6.832705e-11,0
9.335629e-13,0
1.874431e-12,0
2.484245e-16,0
1.173685e-23,0
5.792427e-27,0
3.055454e-15,0
1.615927e-21,0
3.25377e-13,0
9.848478e-12,0
6.959548e-07,0
5.792427e-27,0
5.015242e-12,0
1.278367e-13,0
5.617109e-18,0
3.219266e-26,0
2.019217e-21,0
1.1152e-11,0
5.485193e-09,0
1.173685e-23,0
3.614281e-15,0
1.925823e-15,0
5.960413e-25,0
1.859281e-07,0
2.44348e-18,0
1.220125e-27,0
1.687881e-18,0
1.250373e-08,0
1.374992e-14,0
2.546218e-14,0
9.318515e-13,0
2.106587e-20,0
6.542132e-27,0
3.895593e-19,0
7.397691e-05,0
4.166101e-12,0
4.78487e-10,0
5.792427e-27,0
2.45542e-05,0
3.887433e-09,0
4.145161e-05,0
5.53376e-10,0
6.735124e-17,0
6.721984e-09,0
9.070607e-09,0
8.199925e-17,0
3.153334e-15,0
2.686124e-13,0
1.173685e-23,0
1.56747e-07,0
4.167287e-15,0
2.02673e-10,0
6.542132e-27,0
1.173685e-23,0
6.542132e-27,0
1.173685e-23,0
1.000089e-05,0
0.01180975,0
1.205282e-08,0
1.161169e-11,0
1.152996e-16,0
3.23639e-13,0
3.611588e-18,0
1.999238e-11,0
8.827748e-12,0
5.974665e-17,0
4.670102e-20,0
1.129844e-05,0
2.44348e-18,0
5.792427e-27,0
7.969616e-06,0
4.975059e-18,0
1.209664e-14,0
9.344451e-16,0
2.542954e-16,0
1.112488e-13,0
6.218098e-17,0
2.129943e-24,0
7.500522e-15,0
1.381151e-09,0
8.247204e-16,0
2.129943e-24,0
1.901917e-19,0
7.640309e-18,0
3.29804e-16,0
3.374041e-13,0
7.15678e-10,0
9.813568e-11,0
2.994421e-10,0
0.0002536493,0
9.278473e-12,0
1.05672e-08,0
9.9881e-17,0
2.2131e-10,0
2.802107e-17,0
2.910822e-15,0
0.002799678,0
1.740274e-16,0
0.9226632,0
0.003326287,0
0.1843153,0
0.0005470974,0
0.6506565,0
0.1843153,0
2.122895e-07,0
1.624566e-08,0
1.972952e-06,0
9.665217e-19,0
0.08635737,0
0.4673505,0
7.271538e-13,0
3.990073e-12,0
3.205049e-13,0
2.422219e-10,0
9.310115e-16,0
8.739223e-20,0
1.267577e-21,0
1.267577e-21,0
0.0001146427,0
6.832705e-11,0
9.335629e-13,0
2.484245e-16,0
1.173685e-23,0
1.267577e-21,0
3.055454e-15,0
1.615927e-21,0
3.25377e-13,0
2.72184e-08,0
6.959548e-07,0
5.015242e-12,0
5.617109e-18,0
1.397681e-07,0
2.019217e-21,0
1.1152e-11,0
5.485193e-09,0
1.173685e-23,0
3.614281e-15,0
9.03235e-07,0
1.925823e-15,0
4.082725e-12,0
1.379469e-20,0
2.44348e-18,0
1.687881e-18,0
1.250373e-08,0
1.374992e-14,0
9.318515e-13,0
2.106587e-20,0
3.423374e-12,0
7.397691e-05,0
4.166101e-12,0
6.773187e-05,0
4.847921e-12,0
1.267577e-21,0
2.45542e-05,0
2.937968e-20,0
4.145161e-05,0
5.53376e-10,0
6.721984e-09,0
1.267577e-21,0
9.070607e-09,0
8.199925e-17,0
3.153334e-15,0
5.419691e-11,0
1.56747e-07,0
1.372796e-21,0
3.876451e-10,0
4.167287e-15,0
2.02673e-10,0
2.034226e-19,0
1.173685e-23,0
2.034226e-19,0
1.173685e-23,0
0.002262106,0
0.01180975,0
6.704172e-13,0
1.205282e-08,0
4.253744e-15,0
1.152996e-16,0
1.309437e-09,0
3.611588e-18,0
1.999238e-11,0
7.050347e-05,0
8.827748e-12,0
8.12906e-08,0
6.954442e-15,0
5.657627e-05,0
3.860519e-11,0
2.44348e-18,0
1.267577e-21,0
4.888656e-16,0
4.975059e-18,0
1.209664e-14,0
9.344451e-16,0
2.542954e-16,0
1.112488e-13,0
5.551118e-10,0
6.218098e-17,0
5.018432e-22,0
6.164882e-18,0
1.381151e-09,0
5.018432e-22,0
7.640309e-18,0
3.29804e-16,0
3.374041e-13,0
7.15678e-10,0
9.813568e-11,0
7.138392e-13,0
2.994421e-10,0
7.32902e-07,0
1.838305e-13,0
8.131849e-20,0
4.904054e-13,0
2.2131e-10,0
2.802107e-17,0
2.910822e-15,0
6.316842e-12,0
0.002799678,0
5.846827e-16,0
0.8712124,0
0.4000697,0
0.003326287,0
0.1630991,0
0.1843153,0
0.6506565,0
1.107008e-17,0
8.533241e-06,0
7.402306e-14,0
8.419777e-14,0
0.009079343,0
0.0002184173,0
6.833141e-13,0
1.932452e-24,0
9.104076e-13,0
4.977829e-11,0
3.181962e-21,0
2.899183e-10,0
2.899183e-10,0
1.568546e-08,0
2.184156e-10,0
6.406868e-05,0
4.441176e-06,0
6.781479e-13,0
3.028173e-23,0
4.711054e-37,0
2.899183e-10,0
1.155985e-19,0
7.432053e-06,0
1.152637e-14,0
1.104996e-08,0
1.672754e-14,0
0.9983987,0
0.001008621,0
5.600974e-11,0
8.067762e-21,0
2.899183e-10,0
7.367911e-06,0
6.652509e-20,0
0.0008525853,0
4.711054e-37,0
1.095002e-13,0
4.278601e-05,0
6.262818e-20,0
1.54498e-11,0
9.454851e-07,0
2.10816e-22,0
4.721919e-05,0
3.429382e-22,0
0.0001687399,0
2.523872e-08,0
5.657627e-17,0
6.195566e-14,0
3.96454e-07,0
0.001623311,0
2.899183e-10,0
3.937252e-08,0
1.302692e-07,0
2.10107e-08,0
1.43782e-09,0
3.015018e-10,0
2.899183e-10,0
1.892062e-14,0
4.088593e-12,0
4.647551e-07,0
2.195548e-05,0
4.711054e-37,0
2.046305e-26,0
0.001008621,0
1.351334e-08,0
6.366355e-05,0
1.620461e-10,0
6.195566e-14,0
4.711054e-37,0
6.195566e-14,0
1.482487e-10,0
0.0006446909,0
1.113877e-08,0
0.007227331,0
1.142388e-08,0
3.759447e-08,0
2.708049e-13,0
0.0004745837,0
2.99263e-16,0
2.495985e-17,0
3.901974e-19,0
1.63261e-10,0
3.050291e-10,0
7.370611e-09,0
9.454851e-07,0
2.899183e-10,0
2.467553e-06,0
0.04669319,0
2.05688e-10,0
9.322293e-11,0
1.423862e-10,0
5.83333e-30,0
2.200386e-27,0
5.82149e-12,0
1.867169e-09,0
5.83333e-30,0
8.883903e-10,0
8.093499e-14,0
4.726864e-09,0
1.959678e-20,0
1.065155e-05,0
5.760344e-12,0
6.672214e-10,0
4.210318e-15,0
3.84126e-11,0
1.039124e-19,0
2.292836e-20,0
2.500509e-07,0
1.85055e-06,0
4.328716e-15,0
1.349318e-06,0
4.843028e-10,0
2.420376e-14,0
0.2087058,0
0.486113,0
4.407898e-16,0
0.4999052,0
0.486113,0
0.486113,0
0.8091526,0
7.167449e-10,0
1.022403e-16,0
0.00242036,0
1.377475e-13,0
0.3976593,0
0.8091526,0
6.833141e-13,0
1.932452e-24,0
9.104076e-13,0
8.224075e-10,0
8.719624e-24,0
2.899183e-10,0
2.899183e-10,0
0.0001707287,0
3.514114e-06,0
1.143254e-06,0
4.441176e-06,0
6.781479e-13,0
3.028173e-23,0
2.945551e-22,0
2.899183e-10,0
1.155985e-19,0
7.432053e-06,0
1.152637e-14,0
1.104996e-08,0
1.672754e-14,0
2.899183e-10,0
0.9983987,0
0.001008621,0
5.083566e-11,0
8.067762e-21,0
2.899183e-10,0
6.652509e-20,0
9.365261e-11,0
0.0008525853,0
8.27049e-30,0
1.095002e-13,0
0.1350575,0
6.262818e-20,0
1.54498e-11,0
1.387047e-11,0
4.721919e-05,0
3.036877e-09,0
3.429382e-22,0
0.0001687399,0
2.523872e-08,0
5.657627e-17,0
1.282143e-12,0
3.96454e-07,0
4.407007e-16,0
7.149314e-05,0
0.001623311,0
2.899183e-10,0
1.302692e-07,0
4.33457e-09,0
1.43782e-09,0
0.0001821429,0
3.015018e-10,0
2.899183e-10,0
1.892062e-14,0
4.088593e-12,0
4.647551e-07,0
2.195548e-05,0
2.046305e-26,0
0.001008621,0
2.922488e-19,0
6.366355e-05,0
1.620461e-10,0
2.09089e-24,0
8.27049e-30,0
8.27049e-30,0
0.0006446909,0
1.113877e-08,0
0.007227331,0
1.142388e-08,0
3.759447e-08,0
2.708049e-13,0
2.99263e-16,0
2.495985e-17,0
7.376538e-11,0
1.63261e-10,0
3.050291e-10,0
7.370611e-09,0
1.060251e-06,0
2.467452e-09,0
2.467553e-06,0
4.186195e-17,0
0.03329002,0
1.600492e-10,0
9.322293e-11,0
6.942981e-14,0
1.423862e-10,0
5.83333e-30,0
1.641909e-25,0
5.82149e-12,0
4.304723e-08,0
8.883903e-10,0
8.093499e-14,0
1.394673e-09,0
1.065155e-05,0
0.001660705,0
1.532416e-11,0
6.672214e-10,0
4.210318e-15,0
3.84126e-11,0
1.039124e-19,0
2.325724e-09,0
1.85055e-06,0
4.676471e-05,0
1.619974e-05,0
0.918748,0
0.486113,0
5.704112e-24,0
0.4999052,0
0.486113,0
0.2087058,0
7.167449e-10,0
1.681138e-14,0
0.00242036,0
2.066437e-23,0
0.3976593,0
0.6111358,0
0.9636987,0
3.194213e-11,0
5.621118e-14,0
8.273459e-22,0
9.985698e-10,0
4.364296e-16,0
1.954099e-12,0
6.276359e-19,0
2.017243e-17,0
1.138213e-14,0
2.566881e-08,0
7.907695e-08,0
5.19107e-27,0
5.650338e-13,0
7.693911e-13,0
2.704565e-16,0
1.74981e-27,0
1.20402e-14,0
1.7879e-10,0
2.672079e-07,0
1.397891e-15,0
9.132919e-19,0
7.652846e-12,0
6.276359e-19,0
2.725668e-20,0
9.05323e-14,0
1.901401e-20,0
2.596272e-12,0
0.0001605565,0
1.576249e-14,0
2.547032e-15,0
6.825357e-19,0
5.582917e-11,0
9.00046e-14,0
6.11319e-13,0
6.433226e-09,0
9.763783e-28,0
1.510541e-15,0
2.650079e-17,0
5.068144e-05,0
5.710653e-13,0
6.276359e-19,0
8.785583e-09,0
1.721495e-17,0
1.750241e-15,0
5.32413e-14,0
8.287614e-21,0
1.954099e-12,0
4.133532e-15,0
4.612256e-11,0
1.901401e-20,0
2.377879e-07,0
2.8875e-14,0
7.672521e-19,0
2.702246e-06,0
1.755357e-29,0
9.763783e-28,0
1.901401e-20,0
1.774326e-17,0
3.734957e-10,0
6.965737e-12,0
2.259737e-19,0
2.457944e-17,0
4.466891e-15,0
2.991951e-20,0
3.722312e-10,0
0.8923275,0
2.72543e-19,0
1.679922e-07,0
1.11764e-12,0
1.555334e-12,0
1.626694e-14,0
1.818712e-16,0
5.886775e-16,0
2.524187e-14,0
1.689046e-19,0
6.55305e-11,0
4.495987e-15,0
7.351295e-12,0
2.807224e-30,0
1.095651e-26,0
2.325122e-16,0
2.807224e-30,0
2.413061e-18,0
1.339327e-23,0
4.975029e-15,0
1.205592e-20,0
4.992329e-05,0
1.43098e-16,0
3.422287e-14,0
1.800877e-12,0
1.605007e-10,0
2.707025e-14,0
5.849365e-14,0
7.253735e-10,0
6.673433e-11,0
1.159412e-12,0
0.01169598,0
0.9989325,0
0.9731845,0
1,0
0.5949465,0
0.5053326,0
9.915564e-11,0
3.219701e-08,0
0.0001879836,0
0.002957667,0
6.869866e-06,0
0.9998816,0
6.833141e-13,0
5.998195e-14,0
2.565483e-14,0
4.977829e-11,0
9.876042e-22,0
9.292889e-27,0
2.899183e-10,0
2.899183e-10,0
0.0001707287,0
3.514114e-06,0
1.143254e-06,0
4.441176e-06,0
8.27049e-30,0
1.155985e-19,0
7.432053e-06,0
1.152637e-14,0
1.104996e-08,0
2.899183e-10,0
0.9983987,0
2.18384e-17,0
5.083566e-11,0
8.067762e-21,0
2.899183e-10,0
7.367911e-06,0
6.652509e-20,0
9.365261e-11,0
8.27049e-30,0
1.095002e-13,0
0.1350575,0
0.000207198,0
1.54498e-11,0
9.454851e-07,0
2.054688e-21,0
3.831922e-07,0
3.429382e-22,0
0.0001687399,0
3.814882e-14,0
6.195566e-14,0
1.282143e-12,0
3.96454e-07,0
4.407007e-16,0
7.149314e-05,0
0.001623311,0
2.899183e-10,0
1.595354e-05,0
1.302692e-07,0
4.33457e-09,0
1.43782e-09,0
0.0001821429,0
3.015018e-10,0
2.899183e-10,0
1.892062e-14,0
4.088593e-12,0
4.647551e-07,0
2.195548e-05,0
2.046305e-26,0
0.001008621,0
6.366355e-05,0
6.195566e-14,0
8.27049e-30,0
5.332429e-12,0
0.970335,0
0.0006446909,0
1.113877e-08,0
0.007227331,0
1.142388e-08,0
3.759447e-08,0
0.0004745837,0
2.99263e-16,0
2.495985e-17,0
7.376538e-11,0
1.63261e-10,0
3.050291e-10,0
7.370611e-09,0
2.899183e-10,0
1.060251e-06,0
2.467452e-09,0
2.467553e-06,0
0.03329002,0
1.600492e-10,0
9.322293e-11,0
2.435302e-10,0
7.759384e-14,0
1.646959e-18,0
1.471054e-37,0
5.82149e-12,0
4.304723e-08,0
1.646959e-18,0
8.883903e-10,0
8.093499e-14,0
1.394673e-09,0
1.959678e-20,0
1.065155e-05,0
0.001660705,0
1.532416e-11,0
6.672214e-10,0
4.210318e-15,0
3.84126e-11,0
2.325724e-09,0
1.85055e-06,0
1.619974e-05,0
0.002701031,0
4.178402e-13,0
0.2087058,0
0.9636987,0
0.486113,0
7.548129e-18,0
0.5759289,0
0.4999052,0
0.486113,0
0.2087058,0
7.167449e-10,0
1.681138e-14,0
0.00242036,0
4.616998e-12,0
0.3976593,0
0.6111358,0
0.486113,0
3.877866e-09,0
3.990073e-12,0
3.205049e-13,0
2.422219e-10,0
9.310115e-16,0
5.195377e-09,0
8.739223e-20,0
4.311021e-21,0
4.311021e-21,0
1.42026e-07,0
9.335629e-13,0
1.874431e-12,0
2.484245e-16,0
3.579124e-26,0
4.311021e-21,0
3.055454e-15,0
6.192999e-19,0
2.72184e-08,0
4.14113e-12,0
4.311021e-21,0
5.015242e-12,0
1.372796e-21,0
5.49827e-15,0
1.863033e-11,0
2.019217e-21,0
2.272797e-10,0
5.485193e-09,0
3.579124e-26,0
4.726918e-20,0
1.599316e-07,0
4.082725e-12,0
2.44348e-18,0
1.687881e-18,0
1.250373e-08,0
1.374992e-14,0
9.318515e-13,0
1.150918e-15,0
4.339603e-19,0
3.423374e-12,0
1.000098e-06,0
7.11881e-10,0
6.773187e-05,0
4.847921e-12,0
4.311021e-21,0
7.026482e-11,0
7.488271e-19,0
2.348159e-19,0
5.53376e-10,0
7.399521e-15,0
6.721984e-09,0
4.311021e-21,0
9.070607e-09,0
8.199925e-17,0
3.153334e-15,0
5.419691e-11,0
3.579124e-26,0
3.454322e-18,0
1.372796e-21,0
1.158003e-09,0
4.167287e-15,0
3.298052e-06,0
4.339603e-19,0
3.579124e-26,0
4.339603e-19,0
3.579124e-26,0
1.274415e-07,0
0.01180975,0
6.704172e-13,0
1.205282e-08,0
4.253744e-15,0
1.152996e-16,0
3.611588e-18,0
3.367531e-08,0
8.827748e-12,0
1.031039e-15,0
6.954442e-15,0
5.657627e-05,0
3.860519e-11,0
2.44348e-18,0
4.311021e-21,0
7.969616e-06,0
4.888656e-16,0
4.975059e-18,0
3.017092e-16,0
3.298984e-12,0
7.146018e-10,0
1.112488e-13,0
6.218098e-17,0
1.229875e-31,0
8.142343e-12,0
1.381151e-09,0
1.229875e-31,0
7.640309e-18,0
7.541801e-17,0
3.374041e-13,0
2.693597e-18,0
9.285141e-17,0
2.994421e-10,0
7.32902e-07,0
1.838305e-13,0
8.131849e-20,0
4.904054e-13,0
2.802107e-17,0
3.798409e-13,0
5.13692e-11,0
0.006408365,0
0.05562031,0
0.008101872,0
0.02218683,0
0.9999996,0
0.0005470974,0
0.006408365,0
1.107008e-17,0
2.976408e-08,0
7.173094e-11,0
0.8712124,0
0.3976593,0
0.3976593,0
0.3976593,0
0.3976593,0
0.3976593,0
0.3976593,0
0.01788169,0
0.3976593,0
0.3976593,0
0.3976593,0
0.003168918,0
0.009715837,0
0.023484,0
0.3976593,0
0.5181619,0
0.3976593,0
0.8347144,0
0.3976593,0
0.3976593,0
0.3976593,0
0.3976593,0
0.3976593,0
0.3976593,0
0.023484,0
0.023484,0
0.003787573,0
0.3976593,0
0.023484,0
0.9192291,0
0.4847875,0
0.3976593,0
0.3976593,0
3.60202e-05,0
0.3976593,0
0.3976593,0
0.3976593,0
0.3976593,0
0.3976593,0
0.3976593,0
0.1714993,0
0.023484,0
0.3976593,0
0.1714993,0
0.3976593,0
0.3976593,0
0.3976593,0
0.3976593,0
0.3976593,0
0.01788169,0
3.60202e-05,0
0.1714993,0
0.023484,0
0.003168918,0
0.3976593,0
0.3976593,0
0.023484,0
0.3976593,0
0.3976593,0
0.8347144,0
0.02257798,0
0.003787573,0
0.02257798,0
0.3976593,0
0.01788169,0
0.3976593,0
0.003168918,0
0.8347144,0
0.003168918,0
0.3976593,0
0.023484,0
0.3976593,0
0.023484,0
0.1714993,0
0.01788169,0
0.3976593,0
0.023484,0
0.3976593,0
0.3976593,0
0.3976593,0
0.3976593,0
0.5181619,0
0.4847875,0
0.3976593,0
0.3976593,0
0.1714993,0
0.023484,0
0.3976593,0
0.3976593,0
0.3976593,0
0.3976593,0
0.003168918,0
0.003787573,0
0.003168918,0
0.01788169,0
0.3976593,0
0.3976593,0
0.003168918,0
0.003787573,0
0.003168918,0
3.60202e-05,0
0.3976593,0
3.60202e-05,0
0.003168918,0
0.3976593,0
0.3976593,0
0.3976593,0
6.833141e-13,0
1.932452e-24,0
9.104076e-13,0
8.224075e-10,0
4.977829e-11,0
3.181962e-21,0
1.568546e-08,0
2.184156e-10,0
6.406868e-05,0
4.441176e-06,0
6.781479e-13,0
3.028173e-23,0
8.27049e-30,0
1.155985e-19,0
7.432053e-06,0
1.152637e-14,0
1.104996e-08,0
1.672754e-14,0
2.899183e-10,0
0.9983987,0
2.18384e-17,0
5.600974e-11,0
8.067762e-21,0
2.899183e-10,0
7.367911e-06,0
6.652509e-20,0
0.0008525853,0
9.619633e-06,0
6.262818e-20,0
1.54498e-11,0
1.387047e-11,0
9.454851e-07,0
2.10816e-22,0
4.721919e-05,0
3.429382e-22,0
0.0001687399,0
2.523872e-08,0
6.195566e-14,0
1.282143e-12,0
4.407007e-16,0
7.149314e-05,0
0.001623311,0
2.899183e-10,0
3.937252e-08,0
1.302692e-07,0
1.43782e-09,0
0.0001201351,0
2.899183e-10,0
1.892062e-14,0
4.088593e-12,0
4.647551e-07,0
2.195548e-05,0
8.27049e-30,0
2.046305e-26,0
0.001008621,0
1.351334e-08,0
6.366355e-05,0
1.620461e-10,0
6.195566e-14,0
8.27049e-30,0
6.195566e-14,0
1.482487e-10,0
1.313507e-08,0
0.0006446909,0
1.113877e-08,0
0.007227331,0
1.142388e-08,0
3.759447e-08,0
0.0004745837,0
2.99263e-16,0
2.495985e-17,0
3.901974e-19,0
1.63261e-10,0
3.050291e-10,0
7.370611e-09,0
1.060251e-06,0
2.467452e-09,0
2.467553e-06,0
4.186195e-17,0
0.04669319,0
2.05688e-10,0
9.322293e-11,0
6.942981e-14,0
1.423862e-10,0
1.646959e-18,0
4.02596e-26,0
5.82149e-12,0
1.867169e-09,0
1.646959e-18,0
8.883903e-10,0
8.093499e-14,0
1.959678e-20,0
5.760344e-12,0
1.532416e-11,0
3.84126e-11,0
1.039124e-19,0
2.292836e-20,0
2.500509e-07,0
1.85055e-06,0
4.328716e-15,0
1.349318e-06,0
4.843028e-10,0
5.660866e-09,0
0.486113,0
0.486113,0
4.407898e-16,0
0.0005941925,0
0.0005941925,0
0.486113,0
0.2087058,0
7.167449e-10,0
0.00242036,0
1.53754e-14,0
0.5190659,0
0.2087058,0
1.317978e-10,0
4.680427e-13,0
4.680427e-13,0
4.680427e-13,0
1.317978e-10,0
1.317978e-10,0
5.436816e-11,0
1.317978e-10,0
4.680427e-13,0
4.680427e-13,0
1.317978e-10,0
3.24128e-15,0
5.461701e-10,0
1.317978e-10,0
1.317978e-10,0
4.680427e-13,0
2.732498e-12,0
5.461701e-10,0
1.317978e-10,0
1.317978e-10,0
1.317978e-10,0
1.317978e-10,0
1.291448e-08,0
1.317978e-10,0
3.24128e-15,0
4.680427e-13,0
4.41155e-15,0
1.317978e-10,0
4.680427e-13,0
4.680427e-13,0
4.680427e-13,0
1.317978e-10,0
1.317978e-10,0
1.317978e-10,0
4.680427e-13,0
4.680427e-13,0
1.317978e-10,0
0.3592167,0
4.044274e-20,0
1.317978e-10,0
4.680427e-13,0
2.920162e-13,0
1.874282e-11,0
5.461701e-10,0
1.317978e-10,0
4.680427e-13,0
4.680427e-13,0
4.680427e-13,0
1.846562e-10,0
1.258808e-12,0
3.579048e-15,0
2.732498e-12,0
4.185955e-17,0
0.001832888,0
1.317978e-10,0
4.680427e-13,0
4.680427e-13,0
0.3592167,0
3.24128e-15,0
0.6346794,0
4.41155e-15,0
0.997842,0
1.317978e-10,0
2.68517e-14,0
4.680427e-13,0
3.24128e-15,0
2.732498e-12,0
4.41155e-15,0
3.24128e-15,0
1.317978e-10,0
6.598538e-08,0
4.185955e-17,0
4.915625e-11,0
2.920162e-13,0
4.680427e-13,0
1.317978e-10,0
4.680427e-13,0
4.680427e-13,0
1.317978e-10,0
1.317978e-10,0
0.3592167,0
1.036628e-07,0
4.680427e-13,0
4.680427e-13,0
0.001832888,0
4.680427e-13,0
3.702443e-14,0
1.383796e-13,0
5.00696e-10,0
2.74942e-09,0
4.680427e-13,0
1.317978e-10,0
2.68517e-14,0
3.24128e-15,0
8.704622e-12,0
1.383796e-13,0
4.41155e-15,0
1.317978e-10,0
3.766702e-20,0
0.6047643,0
3.900715e-16,0
1.317978e-10,0
0.01839228,0
1.317978e-10,0
2.413145e-17,0
8.897656e-10,0
5.021392e-05,0
6.833141e-13,0
1.932452e-24,0
8.224075e-10,0
4.977829e-11,0
8.719624e-24,0
3.181962e-21,0
2.899183e-10,0
2.899183e-10,0
0.0001707287,0
3.514114e-06,0
1.143254e-06,0
4.441176e-06,0
6.781479e-13,0
8.27049e-30,0
2.899183e-10,0
1.155985e-19,0
7.432053e-06,0
1.152637e-14,0
1.104996e-08,0
1.672754e-14,0
2.899183e-10,0
0.9983987,0
0.001008621,0
5.083566e-11,0
8.067762e-21,0
2.899183e-10,0
7.367911e-06,0
9.365261e-11,0
0.0008525853,0
1.095002e-13,0
0.1350575,0
6.262818e-20,0
1.387047e-11,0
9.454851e-07,0
2.10816e-22,0
4.721919e-05,0
3.429382e-22,0
0.0001687399,0
5.657627e-17,0
6.195566e-14,0
1.282143e-12,0
3.96454e-07,0
7.149314e-05,0
0.001623311,0
2.899183e-10,0
1.595354e-05,0
1.302692e-07,0
4.33457e-09,0
1.43782e-09,0
0.0001821429,0
3.015018e-10,0
2.899183e-10,0
1.892062e-14,0
4.647551e-07,0
2.195548e-05,0
8.27049e-30,0
2.046305e-26,0
0.001008621,0
2.922488e-19,0
6.366355e-05,0
1.620461e-10,0
6.195566e-14,0
8.27049e-30,0
6.195566e-14,0
8.27049e-30,0
1.313507e-08,0
0.0006446909,0
0.007227331,0
1.142388e-08,0
3.759447e-08,0
0.0004745837,0
2.99263e-16,0
2.495985e-17,0
7.376538e-11,0
1.63261e-10,0
3.050291e-10,0
7.370611e-09,0
9.454851e-07,0
2.899183e-10,0
1.060251e-06,0
4.186195e-17,0
0.03329002,0
1.600492e-10,0
9.322293e-11,0
6.942981e-14,0
1.423862e-10,0
1.646959e-18,0
4.02596e-26,0
5.82149e-12,0
4.304723e-08,0
8.883903e-10,0
8.093499e-14,0
1.394673e-09,0
1.959678e-20,0
1.065155e-05,0
0.001660705,0
1.532416e-11,0
6.672214e-10,0
4.210318e-15,0
3.84126e-11,0
1.039124e-19,0
2.292836e-20,0
2.325724e-09,0
1.85055e-06,0
4.676471e-05,0
1.619974e-05,0
0.002701031,0
2.146227e-12,0
0.2087058,0
1.380356e-16,0
0.0005941925,0
0.008878519,0
0.486113,0
0.486113,0
0.486113,0
0.00242036,0
0.3976593,0
0.03970458,0
0.486113,0
3.877866e-09,0
2.422219e-10,0
9.310115e-16,0
5.195377e-09,0
8.739223e-20,0
2.232708e-22,0
2.232708e-22,0
0.9719968,0
1.850694e-05,0
5.821957e-08,0
9.335629e-13,0
1.874431e-12,0
2.484245e-16,0
1.173685e-23,0
2.232708e-22,0
6.192999e-19,0
3.25377e-13,0
0.003780602,0
1.40974e-18,0
2.232708e-22,0
5.015242e-12,0
1.278367e-13,0
2.307617e-16,0
8.430573e-26,0
1.863033e-11,0
2.019217e-21,0
1.884893e-08,0
5.485193e-09,0
1.173685e-23,0
4.726918e-20,0
1.680744e-06,0
1.925823e-15,0
5.960413e-25,0
1.379469e-20,0
4.574644e-11,0
1.220125e-27,0
1.687881e-18,0
1.250373e-08,0
1.374992e-14,0
2.546218e-14,0
9.318515e-13,0
1.150918e-15,0
3.52908e-20,0
1.000098e-06,0
7.11881e-10,0
1.100071e-08,0
1.552793e-05,0
2.400313e-06,0
7.367296e-07,0
5.53376e-10,0
1.522368e-07,0
6.721984e-09,0
0.4193728,0
7.374108e-14,0
5.39186e-08,0
1.173685e-23,0
1.56747e-07,0
1.278367e-13,0
1.34519e-08,0
3.298052e-06,0
3.52908e-20,0
1.173685e-23,0
0.4162817,0
0.01180975,0
6.704172e-13,0
1.205282e-08,0
2.092307e-09,0
1.256278e-14,0
0.0001550598,0
5.377006e-13,0
1.999238e-11,0
3.367531e-08,0
8.827748e-12,0
4.287444e-05,0
3.267443e-11,0
1.795254e-10,0
2.419001e-14,0
4.574644e-11,0
2.232708e-22,0
7.969616e-06,0
4.888656e-16,0
4.975059e-18,0
3.017092e-16,0
1.112488e-13,0
5.551118e-10,0
6.218098e-17,0
1.617363e-15,0
4.7121e-13,0
1.901917e-19,0
4.259866e-15,0
4.146492e-18,0
9.953286e-12,0
2.228546e-08,0
5.351675e-16,0
6.537453e-16,0
5.038826e-21,0
3.631066e-11,0
6.422055e-21,0
5.502461e-13,0
2.836638e-06,0
2.846465e-07,0
7.003903e-09,0
1.004971e-09,0
3.273566e-13,0
4.199372e-18,0
0.1630991,0
0.1630991,0
0.9483231,0
0.02218683,0
0.006408365,0
0.0005470974,0
0.1630991,0
0.5740359,0
0.0002430676,0
6.228878e-06,0
5.914777e-05,0
0.1843153,0
1.932452e-24,0
9.104076e-13,0
8.224075e-10,0
4.977829e-11,0
8.719624e-24,0
3.181962e-21,0
2.899183e-10,0
2.899183e-10,0
1.568546e-08,0
6.406868e-05,0
6.781479e-13,0
8.27049e-30,0
1.155985e-19,0
7.432053e-06,0
1.152637e-14,0
1.104996e-08,0
1.672754e-14,0
2.899183e-10,0
0.9983987,0
0.001008621,0
5.600974e-11,0
8.067762e-21,0
2.899183e-10,0
7.367911e-06,0
6.652509e-20,0
8.232561e-15,0
0.0008525853,0
8.27049e-30,0
1.095002e-13,0
9.619633e-06,0
6.262818e-20,0
1.54498e-11,0
1.387047e-11,0
9.454851e-07,0
2.10816e-22,0
4.721919e-05,0
3.036877e-09,0
3.429382e-22,0
0.0001687399,0
2.523872e-08,0
5.657627e-17,0
6.195566e-14,0
1.282143e-12,0
3.96454e-07,0
4.407007e-16,0
7.149314e-05,0
0.001623311,0
2.899183e-10,0
3.937252e-08,0
1.302692e-07,0
1.43782e-09,0
0.0001201351,0
3.015018e-10,0
2.899183e-10,0
1.892062e-14,0
4.088593e-12,0
4.647551e-07,0
2.195548e-05,0
8.27049e-30,0
5.342933e-35,0
0.001008621,0
1.351334e-08,0
6.366355e-05,0
1.620461e-10,0
8.27049e-30,0
6.195566e-14,0
8.27049e-30,0
1.482487e-10,0
1.313507e-08,0
0.0006446909,0
1.113877e-08,0
0.007227331,0
2.708049e-13,0
0.0004745837,0
2.495985e-17,0
3.901974e-19,0
1.63261e-10,0
3.050291e-10,0
9.454851e-07,0
2.899183e-10,0
1.060251e-06,0
2.467452e-09,0
2.467553e-06,0
4.186195e-17,0
0.04669319,0
2.05688e-10,0
1.646959e-18,0
4.02596e-26,0
5.82149e-12,0
1.867169e-09,0
8.093499e-14,0
1.959678e-20,0
1.065155e-05,0
1.532416e-11,0
6.672214e-10,0
4.210318e-15,0
3.84126e-11,0
1.039124e-19,0
2.292836e-20,0
2.500509e-07,0
1.85055e-06,0
4.328716e-15,0
4.142972e-07,0
0.486113,0
4.407898e-16,0
0.9996595,0
0.5759289,0
0.486113,0
0.486113,0
7.167449e-10,0
1.21436e-08,0
0.00242036,0
1.583303e-18,0
0.3976593,0
0.2087058,0
2.765284e-15,0
3.990073e-12,0
3.205049e-13,0
2.422219e-10,0
9.310115e-16,0
5.195377e-09,0
8.739223e-20,0
1.120707e-12,0
1.534556e-16,0
1.065579e-16,0
1.42026e-07,0
5.187319e-08,0
1.874431e-12,0
6.565893e-24,0
3.039347e-19,0
1.534556e-16,0
3.055454e-15,0
6.192999e-19,0
3.25377e-13,0
2.72184e-08,0
4.14113e-12,0
1.534556e-16,0
5.015242e-12,0
0.9992653,0
1.430128e-18,0
5.617109e-18,0
1.534556e-16,0
9.356555e-21,0
2.272797e-10,0
5.485193e-09,0
3.039347e-19,0
5.245203e-12,0
2.653421e-14,0
1.925823e-15,0
1.379469e-20,0
2.44348e-18,0
1.220125e-27,0
1.687881e-18,0
1.250373e-08,0
1.374992e-14,0
2.546218e-14,0
9.318515e-13,0
1.945848e-25,0
1.000098e-06,0
4.166101e-12,0
6.773187e-05,0
4.847921e-12,0
1.534556e-16,0
7.026482e-11,0
2.937968e-20,0
2.348159e-19,0
5.53376e-10,0
7.399521e-15,0
6.721984e-09,0
1.534556e-16,0
9.070607e-09,0
8.199925e-17,0
5.419691e-11,0
3.039347e-19,0
0.9992653,0
1.158003e-09,0
4.167287e-15,0
3.298052e-06,0
1.945848e-25,0
1.945848e-25,0
3.039347e-19,0
2.133697e-07,0
0.01180975,0
6.704172e-13,0
1.205282e-08,0
4.253744e-15,0
1.261552e-13,0
1.999238e-11,0
8.827748e-12,0
2.314289e-10,0
6.954442e-15,0
5.657627e-05,0
7.885821e-13,0
7.969616e-06,0
4.888656e-16,0
8.775647e-10,0
3.688056e-15,0
1.112488e-13,0
5.551118e-10,0
6.218098e-17,0
2.509384e-28,0
1.381151e-09,0
1.674372e-15,0
1.657544e-22,0
1.901917e-19,0
7.640309e-18,0
7.541801e-17,0
3.374041e-13,0
7.15678e-10,0
2.693597e-18,0
9.285141e-17,0
2.994421e-10,0
7.32902e-07,0
1.838305e-13,0
8.131849e-20,0
4.904054e-13,0
4.939256e-13,0
2.802107e-17,0
1.647912e-13,0
5.537385e-05,0
3.798409e-13,0
0.01981076,0
0.9756767,0
0.9483231,0
0.008101872,0
0.003060152,0
0.9593433,0
0.008101872,0
0.008101872,0
0.9751256,0
8.22764e-05,0
7.173094e-11,0
6.734511e-08,0
8.68676e-06,0
0.03788005,0
