Iteration,Version,ROC_AUC,PR_AUC,TimeElapsed,K,TrainRatio,ExperimentID,Seed,ThresholdMode,Threshold,Precision,Recall,F1Score,TestTP,TestFP,TestFN,TestTN,TestTPR,TestTNR,TestFPR,TestFNR,TestPrecision,TestRecall,TestF1Score,TestAccuracy,TestExpectedAccuracy,TestKappa,TestMCC,TestTSS,TotalLinks,TrainLinks,TestLinks,BackboneTotal,NonBackboneTotal,BackboneTrainLinks,NonBackboneTrainLinks,BackboneTestLinks,NonBackboneTestLinks,EmpiricalNumSpecies,EmpiricalLinks,EmpiricalConnectance,EmpiricalMeanTrophicLevel,EmpiricalMeanDegree,EmpiricalMeanGenerality,EmpiricalMeanVulnerability,EmpiricalDegreeStd,EmpiricalDegreeCV,EmpiricalDegreeGini,EmpiricalGeneralityStd,EmpiricalGeneralityCV,EmpiricalGeneralityGini,EmpiricalVulnerabilityStd,EmpiricalVulnerabilityCV,EmpiricalVulnerabilityGini,EmpiricalTrophicLevelStd,EmpiricalTrophicLevelCV,EmpiricalTrophicLevelRange,EmpiricalMeanLocalClustering,EmpiricalTransitivity,EmpiricalNumTriangles,EmpiricalTriangleDensity,EmpiricalMeanDietOverlap,EmpiricalPropBasal,EmpiricalPropIntermediate,EmpiricalPropTop,PseudoNumSpecies,PseudoLinks,PseudoConnectance,PseudoMeanTrophicLevel,PseudoMeanDegree,PseudoMeanGenerality,PseudoMeanVulnerability,PseudoDegreeStd,PseudoDegreeCV,PseudoDegreeGini,PseudoGeneralityStd,PseudoGeneralityCV,PseudoGeneralityGini,PseudoVulnerabilityStd,PseudoVulnerabilityCV,PseudoVulnerabilityGini,PseudoTrophicLevelStd,PseudoTrophicLevelCV,PseudoTrophicLevelRange,PseudoMeanLocalClustering,PseudoTransitivity,PseudoNumTriangles,PseudoTriangleDensity,PseudoMeanDietOverlap,PseudoPropBasal,PseudoPropIntermediate,PseudoPropTop,DeltaLinks,DeltaConnectance,DeltaMeanTrophicLevel,DeltaMeanDegree,DeltaMeanGenerality,DeltaMeanVulnerability,DeltaDegreeStd,DeltaDegreeCV,DeltaDegreeGini,DeltaGeneralityStd,DeltaGeneralityCV,DeltaGeneralityGini,DeltaVulnerabilityStd,DeltaVulnerabilityCV,DeltaVulnerabilityGini,DeltaTrophicLevelStd,DeltaTrophicLevelCV,DeltaTrophicLevelRange,DeltaMeanLocalClustering,DeltaTransitivity,DeltaNumTriangles,DeltaTriangleDensity,DeltaMeanDietOverlap,DeltaPropBasal,DeltaPropIntermediate,DeltaPropTop,PseudoTP,PseudoFP,PseudoFN,PseudoTN,PseudoTPR,PseudoTNR,PseudoFPR,PseudoFNR,PseudoPrecision,PseudoRecall,PseudoF1Score,PseudoMCC,PseudoTSS,PseudoJaccardLinks,NumPredictedNovelLinks,NumTrueNovelLinks,EvaluateOnAllUnseen,CvK,FoldID,NumFolds
1,WLNM_original,0.5679,0.3926,00:00:07,10,10,1,1281943580,fixed,0.5000,0.4301,0.1735,0.2473,80,106,381,816,0.1735,0.8850,0.1150,0.8265,0.4301,0.1735,0.2473,0.6479,0.6218,0.0688,0.0809,0.0586,1364,442,922,0,1364,0,442,0,922,NaN,NaN,NaN,NaN,NaN,NaN,NaN,NaN,NaN,NaN,NaN,NaN,NaN,NaN,NaN,NaN,NaN,NaN,NaN,NaN,NaN,NaN,NaN,NaN,NaN,NaN,NaN,NaN,NaN,NaN,NaN,NaN,NaN,NaN,NaN,NaN,NaN,NaN,NaN,NaN,NaN,NaN,NaN,NaN,NaN,NaN,NaN,NaN,NaN,NaN,NaN,NaN,NaN,NaN,NaN,NaN,NaN,NaN,NaN,NaN,NaN,NaN,NaN,NaN,NaN,NaN,NaN,NaN,NaN,NaN,NaN,NaN,NaN,NaN,NaN,NaN,NaN,NaN,NaN,NaN,602,212,762,14300,0.4413,0.9854,0.0146,0.5587,0.7396,0.4413,0.5528,0.5422,0.4267,0.3820,186,461,0,0,0,0
2,WLNM_original,0.5951,0.4133,00:00:09,10,10,2,1281943581,fixed,0.5000,0.4887,0.2820,0.3576,130,136,331,786,0.2820,0.8525,0.1475,0.7180,0.4887,0.2820,0.3576,0.6623,0.6026,0.1504,0.1609,0.1345,1364,442,922,0,1364,0,442,0,922,NaN,NaN,NaN,NaN,NaN,NaN,NaN,NaN,NaN,NaN,NaN,NaN,NaN,NaN,NaN,NaN,NaN,NaN,NaN,NaN,NaN,NaN,NaN,NaN,NaN,NaN,NaN,NaN,NaN,NaN,NaN,NaN,NaN,NaN,NaN,NaN,NaN,NaN,NaN,NaN,NaN,NaN,NaN,NaN,NaN,NaN,NaN,NaN,NaN,NaN,NaN,NaN,NaN,NaN,NaN,NaN,NaN,NaN,NaN,NaN,NaN,NaN,NaN,NaN,NaN,NaN,NaN,NaN,NaN,NaN,NaN,NaN,NaN,NaN,NaN,NaN,NaN,NaN,NaN,NaN,702,272,662,14240,0.5147,0.9813,0.0187,0.4853,0.7207,0.5147,0.6005,0.5791,0.4959,0.4291,266,461,0,0,0,0
3,WLNM_original,0.5741,0.3891,00:00:09,10,10,3,1281943582,fixed,0.5000,0.3350,0.1432,0.2006,66,131,395,791,0.1432,0.8579,0.1421,0.8568,0.3350,0.1432,0.2006,0.6197,0.6192,0.0013,0.0015,0.0011,1364,442,922,0,1364,0,442,0,922,NaN,NaN,NaN,NaN,NaN,NaN,NaN,NaN,NaN,NaN,NaN,NaN,NaN,NaN,NaN,NaN,NaN,NaN,NaN,NaN,NaN,NaN,NaN,NaN,NaN,NaN,NaN,NaN,NaN,NaN,NaN,NaN,NaN,NaN,NaN,NaN,NaN,NaN,NaN,NaN,NaN,NaN,NaN,NaN,NaN,NaN,NaN,NaN,NaN,NaN,NaN,NaN,NaN,NaN,NaN,NaN,NaN,NaN,NaN,NaN,NaN,NaN,NaN,NaN,NaN,NaN,NaN,NaN,NaN,NaN,NaN,NaN,NaN,NaN,NaN,NaN,NaN,NaN,NaN,NaN,574,262,790,14250,0.4208,0.9819,0.0181,0.5792,0.6866,0.4208,0.5218,0.5054,0.4028,0.3530,197,461,0,0,0,0
4,WLNM_original,0.5838,0.4217,00:00:09,10,10,4,1281943583,fixed,0.5000,0.5023,0.2386,0.3235,110,109,351,813,0.2386,0.8818,0.1182,0.7614,0.5023,0.2386,0.3235,0.6674,0.6139,0.1386,0.1555,0.1204,1364,442,922,0,1364,0,442,0,922,NaN,NaN,NaN,NaN,NaN,NaN,NaN,NaN,NaN,NaN,NaN,NaN,NaN,NaN,NaN,NaN,NaN,NaN,NaN,NaN,NaN,NaN,NaN,NaN,NaN,NaN,NaN,NaN,NaN,NaN,NaN,NaN,NaN,NaN,NaN,NaN,NaN,NaN,NaN,NaN,NaN,NaN,NaN,NaN,NaN,NaN,NaN,NaN,NaN,NaN,NaN,NaN,NaN,NaN,NaN,NaN,NaN,NaN,NaN,NaN,NaN,NaN,NaN,NaN,NaN,NaN,NaN,NaN,NaN,NaN,NaN,NaN,NaN,NaN,NaN,NaN,NaN,NaN,NaN,NaN,662,218,702,14294,0.4853,0.9850,0.0150,0.5147,0.7523,0.4853,0.5900,0.5760,0.4703,0.4185,219,461,0,0,0,0
5,WLNM_original,0.5719,0.4157,00:00:09,10,10,5,1281943584,fixed,0.5000,0.4620,0.1844,0.2636,85,99,376,823,0.1844,0.8926,0.1074,0.8156,0.4620,0.1844,0.2636,0.6565,0.6223,0.0906,0.1069,0.0770,1364,442,922,0,1364,0,442,0,922,NaN,NaN,NaN,NaN,NaN,NaN,NaN,NaN,NaN,NaN,NaN,NaN,NaN,NaN,NaN,NaN,NaN,NaN,NaN,NaN,NaN,NaN,NaN,NaN,NaN,NaN,NaN,NaN,NaN,NaN,NaN,NaN,NaN,NaN,NaN,NaN,NaN,NaN,NaN,NaN,NaN,NaN,NaN,NaN,NaN,NaN,NaN,NaN,NaN,NaN,NaN,NaN,NaN,NaN,NaN,NaN,NaN,NaN,NaN,NaN,NaN,NaN,NaN,NaN,NaN,NaN,NaN,NaN,NaN,NaN,NaN,NaN,NaN,NaN,NaN,NaN,NaN,NaN,NaN,NaN,612,198,752,14314,0.4487,0.9864,0.0136,0.5513,0.7556,0.4487,0.5630,0.5541,0.4350,0.3918,184,461,0,0,0,0
6,WLNM_original,0.6368,0.4504,00:00:09,10,10,6,1281943585,fixed,0.5000,0.4928,0.2972,0.3708,137,141,324,781,0.2972,0.8471,0.1529,0.7028,0.4928,0.2972,0.3708,0.6638,0.5997,0.1601,0.1697,0.1443,1364,442,922,0,1364,0,442,0,922,NaN,NaN,NaN,NaN,NaN,NaN,NaN,NaN,NaN,NaN,NaN,NaN,NaN,NaN,NaN,NaN,NaN,NaN,NaN,NaN,NaN,NaN,NaN,NaN,NaN,NaN,NaN,NaN,NaN,NaN,NaN,NaN,NaN,NaN,NaN,NaN,NaN,NaN,NaN,NaN,NaN,NaN,NaN,NaN,NaN,NaN,NaN,NaN,NaN,NaN,NaN,NaN,NaN,NaN,NaN,NaN,NaN,NaN,NaN,NaN,NaN,NaN,NaN,NaN,NaN,NaN,NaN,NaN,NaN,NaN,NaN,NaN,NaN,NaN,NaN,NaN,NaN,NaN,NaN,NaN,716,282,648,14230,0.5249,0.9806,0.0194,0.4751,0.7174,0.5249,0.6063,0.5836,0.5055,0.4350,278,461,0,0,0,0
7,WLNM_original,0.5956,0.4549,00:00:09,10,10,7,1281943586,fixed,0.5000,0.5362,0.2408,0.3323,111,96,350,826,0.2408,0.8959,0.1041,0.7592,0.5362,0.2408,0.3323,0.6775,0.6168,0.1585,0.1806,0.1367,1364,442,922,0,1364,0,442,0,922,NaN,NaN,NaN,NaN,NaN,NaN,NaN,NaN,NaN,NaN,NaN,NaN,NaN,NaN,NaN,NaN,NaN,NaN,NaN,NaN,NaN,NaN,NaN,NaN,NaN,NaN,NaN,NaN,NaN,NaN,NaN,NaN,NaN,NaN,NaN,NaN,NaN,NaN,NaN,NaN,NaN,NaN,NaN,NaN,NaN,NaN,NaN,NaN,NaN,NaN,NaN,NaN,NaN,NaN,NaN,NaN,NaN,NaN,NaN,NaN,NaN,NaN,NaN,NaN,NaN,NaN,NaN,NaN,NaN,NaN,NaN,NaN,NaN,NaN,NaN,NaN,NaN,NaN,NaN,NaN,664,192,700,14320,0.4868,0.9868,0.0132,0.5132,0.7757,0.4868,0.5982,0.5876,0.4736,0.4267,207,461,0,0,0,0
8,WLNM_original,0.5843,0.4414,00:00:09,10,10,8,1281943587,fixed,0.5000,0.4795,0.2278,0.3088,105,114,356,808,0.2278,0.8764,0.1236,0.7722,0.4795,0.2278,0.3088,0.6602,0.6139,0.1199,0.1344,0.1041,1364,442,922,0,1364,0,442,0,922,NaN,NaN,NaN,NaN,NaN,NaN,NaN,NaN,NaN,NaN,NaN,NaN,NaN,NaN,NaN,NaN,NaN,NaN,NaN,NaN,NaN,NaN,NaN,NaN,NaN,NaN,NaN,NaN,NaN,NaN,NaN,NaN,NaN,NaN,NaN,NaN,NaN,NaN,NaN,NaN,NaN,NaN,NaN,NaN,NaN,NaN,NaN,NaN,NaN,NaN,NaN,NaN,NaN,NaN,NaN,NaN,NaN,NaN,NaN,NaN,NaN,NaN,NaN,NaN,NaN,NaN,NaN,NaN,NaN,NaN,NaN,NaN,NaN,NaN,NaN,NaN,NaN,NaN,NaN,NaN,652,228,712,14284,0.4780,0.9843,0.0157,0.5220,0.7409,0.4780,0.5811,0.5662,0.4623,0.4095,219,461,0,0,0,0
9,WLNM_original,0.6167,0.4201,00:00:10,10,10,9,1281943588,fixed,0.5000,0.4682,0.1757,0.2555,81,92,380,830,0.1757,0.9002,0.0998,0.8243,0.4682,0.1757,0.2555,0.6587,0.6250,0.0900,0.1082,0.0759,1364,442,922,0,1364,0,442,0,922,NaN,NaN,NaN,NaN,NaN,NaN,NaN,NaN,NaN,NaN,NaN,NaN,NaN,NaN,NaN,NaN,NaN,NaN,NaN,NaN,NaN,NaN,NaN,NaN,NaN,NaN,NaN,NaN,NaN,NaN,NaN,NaN,NaN,NaN,NaN,NaN,NaN,NaN,NaN,NaN,NaN,NaN,NaN,NaN,NaN,NaN,NaN,NaN,NaN,NaN,NaN,NaN,NaN,NaN,NaN,NaN,NaN,NaN,NaN,NaN,NaN,NaN,NaN,NaN,NaN,NaN,NaN,NaN,NaN,NaN,NaN,NaN,NaN,NaN,NaN,NaN,NaN,NaN,NaN,NaN,604,184,760,14328,0.4428,0.9873,0.0127,0.5572,0.7665,0.4428,0.5613,0.5550,0.4301,0.3902,173,461,0,0,0,0
10,WLNM_original,0.5803,0.4117,00:00:09,10,10,10,1281943589,fixed,0.5000,0.4495,0.2126,0.2887,98,120,363,802,0.2126,0.8698,0.1302,0.7874,0.4495,0.2126,0.2887,0.6508,0.6141,0.0949,0.1066,0.0824,1364,442,922,0,1364,0,442,0,922,NaN,NaN,NaN,NaN,NaN,NaN,NaN,NaN,NaN,NaN,NaN,NaN,NaN,NaN,NaN,NaN,NaN,NaN,NaN,NaN,NaN,NaN,NaN,NaN,NaN,NaN,NaN,NaN,NaN,NaN,NaN,NaN,NaN,NaN,NaN,NaN,NaN,NaN,NaN,NaN,NaN,NaN,NaN,NaN,NaN,NaN,NaN,NaN,NaN,NaN,NaN,NaN,NaN,NaN,NaN,NaN,NaN,NaN,NaN,NaN,NaN,NaN,NaN,NaN,NaN,NaN,NaN,NaN,NaN,NaN,NaN,NaN,NaN,NaN,NaN,NaN,NaN,NaN,NaN,NaN,638,240,726,14272,0.4677,0.9835,0.0165,0.5323,0.7267,0.4677,0.5691,0.5532,0.4512,0.3978,218,461,0,0,0,0
11,WLNM_original,0.6063,0.4498,00:00:09,10,10,11,1281943590,fixed,0.5000,0.4612,0.2321,0.3088,107,125,354,797,0.2321,0.8644,0.1356,0.7679,0.4612,0.2321,0.3088,0.6537,0.6107,0.1102,0.1218,0.0965,1364,442,922,0,1364,0,442,0,922,NaN,NaN,NaN,NaN,NaN,NaN,NaN,NaN,NaN,NaN,NaN,NaN,NaN,NaN,NaN,NaN,NaN,NaN,NaN,NaN,NaN,NaN,NaN,NaN,NaN,NaN,NaN,NaN,NaN,NaN,NaN,NaN,NaN,NaN,NaN,NaN,NaN,NaN,NaN,NaN,NaN,NaN,NaN,NaN,NaN,NaN,NaN,NaN,NaN,NaN,NaN,NaN,NaN,NaN,NaN,NaN,NaN,NaN,NaN,NaN,NaN,NaN,NaN,NaN,NaN,NaN,NaN,NaN,NaN,NaN,NaN,NaN,NaN,NaN,NaN,NaN,NaN,NaN,NaN,NaN,656,250,708,14262,0.4809,0.9828,0.0172,0.5191,0.7241,0.4809,0.5780,0.5602,0.4637,0.4064,232,461,0,0,0,0
12,WLNM_original,0.5849,0.4333,00:00:09,10,10,12,1281943591,fixed,0.5000,0.5000,0.2364,0.3211,109,109,352,813,0.2364,0.8818,0.1182,0.7636,0.5000,0.2364,0.3211,0.6667,0.6141,0.1362,0.1529,0.1182,1364,442,922,0,1364,0,442,0,922,NaN,NaN,NaN,NaN,NaN,NaN,NaN,NaN,NaN,NaN,NaN,NaN,NaN,NaN,NaN,NaN,NaN,NaN,NaN,NaN,NaN,NaN,NaN,NaN,NaN,NaN,NaN,NaN,NaN,NaN,NaN,NaN,NaN,NaN,NaN,NaN,NaN,NaN,NaN,NaN,NaN,NaN,NaN,NaN,NaN,NaN,NaN,NaN,NaN,NaN,NaN,NaN,NaN,NaN,NaN,NaN,NaN,NaN,NaN,NaN,NaN,NaN,NaN,NaN,NaN,NaN,NaN,NaN,NaN,NaN,NaN,NaN,NaN,NaN,NaN,NaN,NaN,NaN,NaN,NaN,660,218,704,14294,0.4839,0.9850,0.0150,0.5161,0.7517,0.4839,0.5888,0.5748,0.4688,0.4172,218,461,0,0,0,0
13,WLNM_original,0.5644,0.4078,00:00:09,10,10,13,1281943592,fixed,0.5000,0.4868,0.2408,0.3222,111,117,350,805,0.2408,0.8731,0.1269,0.7592,0.4868,0.2408,0.3222,0.6623,0.6117,0.1304,0.1447,0.1139,1364,442,922,0,1364,0,442,0,922,NaN,NaN,NaN,NaN,NaN,NaN,NaN,NaN,NaN,NaN,NaN,NaN,NaN,NaN,NaN,NaN,NaN,NaN,NaN,NaN,NaN,NaN,NaN,NaN,NaN,NaN,NaN,NaN,NaN,NaN,NaN,NaN,NaN,NaN,NaN,NaN,NaN,NaN,NaN,NaN,NaN,NaN,NaN,NaN,NaN,NaN,NaN,NaN,NaN,NaN,NaN,NaN,NaN,NaN,NaN,NaN,NaN,NaN,NaN,NaN,NaN,NaN,NaN,NaN,NaN,NaN,NaN,NaN,NaN,NaN,NaN,NaN,NaN,NaN,NaN,NaN,NaN,NaN,NaN,NaN,664,234,700,14278,0.4868,0.9839,0.0161,0.5132,0.7394,0.4868,0.5871,0.5710,0.4707,0.4155,228,461,0,0,0,0
14,WLNM_original,0.6021,0.4437,00:00:09,10,10,14,1281943593,fixed,0.5000,0.4841,0.2646,0.3422,122,130,339,792,0.2646,0.8590,0.1410,0.7354,0.4841,0.2646,0.3422,0.6609,0.6059,0.1394,0.1510,0.1236,1364,442,922,0,1364,0,442,0,922,NaN,NaN,NaN,NaN,NaN,NaN,NaN,NaN,NaN,NaN,NaN,NaN,NaN,NaN,NaN,NaN,NaN,NaN,NaN,NaN,NaN,NaN,NaN,NaN,NaN,NaN,NaN,NaN,NaN,NaN,NaN,NaN,NaN,NaN,NaN,NaN,NaN,NaN,NaN,NaN,NaN,NaN,NaN,NaN,NaN,NaN,NaN,NaN,NaN,NaN,NaN,NaN,NaN,NaN,NaN,NaN,NaN,NaN,NaN,NaN,NaN,NaN,NaN,NaN,NaN,NaN,NaN,NaN,NaN,NaN,NaN,NaN,NaN,NaN,NaN,NaN,NaN,NaN,NaN,NaN,686,260,678,14252,0.5029,0.9821,0.0179,0.4971,0.7252,0.5029,0.5939,0.5742,0.4850,0.4224,252,461,0,0,0,0
15,WLNM_original,0.5459,0.3787,00:00:09,10,10,15,1281943594,fixed,0.5000,0.4129,0.1800,0.2508,83,118,378,804,0.1800,0.8720,0.1280,0.8200,0.4129,0.1800,0.2508,0.6414,0.6182,0.0606,0.0696,0.0521,1364,442,922,0,1364,0,442,0,922,NaN,NaN,NaN,NaN,NaN,NaN,NaN,NaN,NaN,NaN,NaN,NaN,NaN,NaN,NaN,NaN,NaN,NaN,NaN,NaN,NaN,NaN,NaN,NaN,NaN,NaN,NaN,NaN,NaN,NaN,NaN,NaN,NaN,NaN,NaN,NaN,NaN,NaN,NaN,NaN,NaN,NaN,NaN,NaN,NaN,NaN,NaN,NaN,NaN,NaN,NaN,NaN,NaN,NaN,NaN,NaN,NaN,NaN,NaN,NaN,NaN,NaN,NaN,NaN,NaN,NaN,NaN,NaN,NaN,NaN,NaN,NaN,NaN,NaN,NaN,NaN,NaN,NaN,NaN,NaN,608,236,756,14276,0.4457,0.9837,0.0163,0.5543,0.7204,0.4457,0.5507,0.5365,0.4295,0.3800,201,461,0,0,0,0
16,WLNM_original,0.5673,0.4326,00:00:09,10,10,16,1281943595,fixed,0.5000,0.4866,0.2364,0.3182,109,115,352,807,0.2364,0.8753,0.1247,0.7636,0.4866,0.2364,0.3182,0.6623,0.6127,0.1282,0.1429,0.1117,1364,442,922,0,1364,0,442,0,922,NaN,NaN,NaN,NaN,NaN,NaN,NaN,NaN,NaN,NaN,NaN,NaN,NaN,NaN,NaN,NaN,NaN,NaN,NaN,NaN,NaN,NaN,NaN,NaN,NaN,NaN,NaN,NaN,NaN,NaN,NaN,NaN,NaN,NaN,NaN,NaN,NaN,NaN,NaN,NaN,NaN,NaN,NaN,NaN,NaN,NaN,NaN,NaN,NaN,NaN,NaN,NaN,NaN,NaN,NaN,NaN,NaN,NaN,NaN,NaN,NaN,NaN,NaN,NaN,NaN,NaN,NaN,NaN,NaN,NaN,NaN,NaN,NaN,NaN,NaN,NaN,NaN,NaN,NaN,NaN,660,230,704,14282,0.4839,0.9842,0.0158,0.5161,0.7416,0.4839,0.5856,0.5702,0.4680,0.4141,224,461,0,0,0,0
17,WLNM_original,0.5932,0.4220,00:00:09,10,10,17,1281943596,fixed,0.5000,0.4961,0.2755,0.3543,127,129,334,793,0.2755,0.8601,0.1399,0.7245,0.4961,0.2755,0.3543,0.6652,0.6050,0.1525,0.1646,0.1356,1364,442,922,0,1364,0,442,0,922,NaN,NaN,NaN,NaN,NaN,NaN,NaN,NaN,NaN,NaN,NaN,NaN,NaN,NaN,NaN,NaN,NaN,NaN,NaN,NaN,NaN,NaN,NaN,NaN,NaN,NaN,NaN,NaN,NaN,NaN,NaN,NaN,NaN,NaN,NaN,NaN,NaN,NaN,NaN,NaN,NaN,NaN,NaN,NaN,NaN,NaN,NaN,NaN,NaN,NaN,NaN,NaN,NaN,NaN,NaN,NaN,NaN,NaN,NaN,NaN,NaN,NaN,NaN,NaN,NaN,NaN,NaN,NaN,NaN,NaN,NaN,NaN,NaN,NaN,NaN,NaN,NaN,NaN,NaN,NaN,696,258,668,14254,0.5103,0.9822,0.0178,0.4897,0.7296,0.5103,0.6005,0.5807,0.4925,0.4291,256,461,0,0,0,0
18,WLNM_original,0.5826,0.4083,00:00:09,10,10,18,1281943597,fixed,0.5000,0.4545,0.1302,0.2024,60,72,401,850,0.1302,0.9219,0.0781,0.8698,0.4545,0.1302,0.2024,0.6580,0.6349,0.0634,0.0835,0.0521,1364,442,922,0,1364,0,442,0,922,NaN,NaN,NaN,NaN,NaN,NaN,NaN,NaN,NaN,NaN,NaN,NaN,NaN,NaN,NaN,NaN,NaN,NaN,NaN,NaN,NaN,NaN,NaN,NaN,NaN,NaN,NaN,NaN,NaN,NaN,NaN,NaN,NaN,NaN,NaN,NaN,NaN,NaN,NaN,NaN,NaN,NaN,NaN,NaN,NaN,NaN,NaN,NaN,NaN,NaN,NaN,NaN,NaN,NaN,NaN,NaN,NaN,NaN,NaN,NaN,NaN,NaN,NaN,NaN,NaN,NaN,NaN,NaN,NaN,NaN,NaN,NaN,NaN,NaN,NaN,NaN,NaN,NaN,NaN,NaN,562,144,802,14368,0.4120,0.9901,0.0099,0.5880,0.7960,0.4120,0.5430,0.5467,0.4021,0.3727,132,461,0,0,0,0
19,WLNM_original,0.5766,0.4252,00:00:09,10,10,19,1281943598,fixed,0.5000,0.4531,0.1887,0.2665,87,105,374,817,0.1887,0.8861,0.1139,0.8113,0.4531,0.1887,0.2665,0.6537,0.6204,0.0876,0.1020,0.0748,1364,442,922,0,1364,0,442,0,922,NaN,NaN,NaN,NaN,NaN,NaN,NaN,NaN,NaN,NaN,NaN,NaN,NaN,NaN,NaN,NaN,NaN,NaN,NaN,NaN,NaN,NaN,NaN,NaN,NaN,NaN,NaN,NaN,NaN,NaN,NaN,NaN,NaN,NaN,NaN,NaN,NaN,NaN,NaN,NaN,NaN,NaN,NaN,NaN,NaN,NaN,NaN,NaN,NaN,NaN,NaN,NaN,NaN,NaN,NaN,NaN,NaN,NaN,NaN,NaN,NaN,NaN,NaN,NaN,NaN,NaN,NaN,NaN,NaN,NaN,NaN,NaN,NaN,NaN,NaN,NaN,NaN,NaN,NaN,NaN,616,210,748,14302,0.4516,0.9855,0.0145,0.5484,0.7458,0.4516,0.5626,0.5516,0.4371,0.3914,192,461,0,0,0,0
20,WLNM_original,0.5842,0.4166,00:00:09,10,10,20,1281943599,fixed,0.5000,0.4608,0.2169,0.2950,100,117,361,805,0.2169,0.8731,0.1269,0.7831,0.4608,0.2169,0.2950,0.6544,0.6144,0.1038,0.1167,0.0900,1364,442,922,0,1364,0,442,0,922,NaN,NaN,NaN,NaN,NaN,NaN,NaN,NaN,NaN,NaN,NaN,NaN,NaN,NaN,NaN,NaN,NaN,NaN,NaN,NaN,NaN,NaN,NaN,NaN,NaN,NaN,NaN,NaN,NaN,NaN,NaN,NaN,NaN,NaN,NaN,NaN,NaN,NaN,NaN,NaN,NaN,NaN,NaN,NaN,NaN,NaN,NaN,NaN,NaN,NaN,NaN,NaN,NaN,NaN,NaN,NaN,NaN,NaN,NaN,NaN,NaN,NaN,NaN,NaN,NaN,NaN,NaN,NaN,NaN,NaN,NaN,NaN,NaN,NaN,NaN,NaN,NaN,NaN,NaN,NaN,642,234,722,14278,0.4707,0.9839,0.0161,0.5293,0.7329,0.4707,0.5732,0.5579,0.4545,0.4018,217,461,0,0,0,0
21,WLNM_original,0.5961,0.4310,00:00:07,10,20,1,1282860880,fixed,0.5000,0.4080,0.2213,0.2869,102,148,359,774,0.2213,0.8395,0.1605,0.7787,0.4080,0.2213,0.2869,0.6334,0.6064,0.0686,0.0744,0.0607,1364,442,922,0,1364,0,442,0,922,NaN,NaN,NaN,NaN,NaN,NaN,NaN,NaN,NaN,NaN,NaN,NaN,NaN,NaN,NaN,NaN,NaN,NaN,NaN,NaN,NaN,NaN,NaN,NaN,NaN,NaN,NaN,NaN,NaN,NaN,NaN,NaN,NaN,NaN,NaN,NaN,NaN,NaN,NaN,NaN,NaN,NaN,NaN,NaN,NaN,NaN,NaN,NaN,NaN,NaN,NaN,NaN,NaN,NaN,NaN,NaN,NaN,NaN,NaN,NaN,NaN,NaN,NaN,NaN,NaN,NaN,NaN,NaN,NaN,NaN,NaN,NaN,NaN,NaN,NaN,NaN,NaN,NaN,NaN,NaN,646,296,718,14216,0.4736,0.9796,0.0204,0.5264,0.6858,0.4736,0.5603,0.5376,0.4532,0.3892,250,461,0,0,0,0
22,WLNM_original,0.5862,0.4104,00:00:09,10,20,2,1282860881,fixed,0.5000,0.4831,0.1866,0.2692,86,92,375,830,0.1866,0.9002,0.0998,0.8134,0.4831,0.1866,0.2692,0.6623,0.6238,0.1025,0.1221,0.0868,1364,442,922,0,1364,0,442,0,922,NaN,NaN,NaN,NaN,NaN,NaN,NaN,NaN,NaN,NaN,NaN,NaN,NaN,NaN,NaN,NaN,NaN,NaN,NaN,NaN,NaN,NaN,NaN,NaN,NaN,NaN,NaN,NaN,NaN,NaN,NaN,NaN,NaN,NaN,NaN,NaN,NaN,NaN,NaN,NaN,NaN,NaN,NaN,NaN,NaN,NaN,NaN,NaN,NaN,NaN,NaN,NaN,NaN,NaN,NaN,NaN,NaN,NaN,NaN,NaN,NaN,NaN,NaN,NaN,NaN,NaN,NaN,NaN,NaN,NaN,NaN,NaN,NaN,NaN,NaN,NaN,NaN,NaN,NaN,NaN,614,184,750,14328,0.4501,0.9873,0.0127,0.5499,0.7694,0.4501,0.5680,0.5611,0.4375,0.3966,178,461,0,0,0,0
23,WLNM_original,0.5685,0.4156,00:00:09,10,20,3,1282860882,fixed,0.5000,0.4688,0.2278,0.3066,105,119,356,803,0.2278,0.8709,0.1291,0.7722,0.4688,0.2278,0.3066,0.6565,0.6127,0.1133,0.1263,0.0987,1364,442,922,0,1364,0,442,0,922,NaN,NaN,NaN,NaN,NaN,NaN,NaN,NaN,NaN,NaN,NaN,NaN,NaN,NaN,NaN,NaN,NaN,NaN,NaN,NaN,NaN,NaN,NaN,NaN,NaN,NaN,NaN,NaN,NaN,NaN,NaN,NaN,NaN,NaN,NaN,NaN,NaN,NaN,NaN,NaN,NaN,NaN,NaN,NaN,NaN,NaN,NaN,NaN,NaN,NaN,NaN,NaN,NaN,NaN,NaN,NaN,NaN,NaN,NaN,NaN,NaN,NaN,NaN,NaN,NaN,NaN,NaN,NaN,NaN,NaN,NaN,NaN,NaN,NaN,NaN,NaN,NaN,NaN,NaN,NaN,652,238,712,14274,0.4780,0.9836,0.0164,0.5220,0.7326,0.4780,0.5785,0.5623,0.4616,0.4070,224,461,0,0,0,0
24,WLNM_original,0.5711,0.4174,00:00:09,10,20,4,1282860883,fixed,0.5000,0.4802,0.2104,0.2926,97,105,364,817,0.2104,0.8861,0.1139,0.7896,0.4802,0.2104,0.2926,0.6609,0.6180,0.1123,0.1288,0.0965,1364,442,922,0,1364,0,442,0,922,NaN,NaN,NaN,NaN,NaN,NaN,NaN,NaN,NaN,NaN,NaN,NaN,NaN,NaN,NaN,NaN,NaN,NaN,NaN,NaN,NaN,NaN,NaN,NaN,NaN,NaN,NaN,NaN,NaN,NaN,NaN,NaN,NaN,NaN,NaN,NaN,NaN,NaN,NaN,NaN,NaN,NaN,NaN,NaN,NaN,NaN,NaN,NaN,NaN,NaN,NaN,NaN,NaN,NaN,NaN,NaN,NaN,NaN,NaN,NaN,NaN,NaN,NaN,NaN,NaN,NaN,NaN,NaN,NaN,NaN,NaN,NaN,NaN,NaN,NaN,NaN,NaN,NaN,NaN,NaN,636,210,728,14302,0.4663,0.9855,0.0145,0.5337,0.7518,0.4663,0.5756,0.5637,0.4518,0.4041,202,461,0,0,0,0
25,WLNM_original,0.5787,0.3921,00:00:09,10,20,5,1282860884,fixed,0.5000,0.4363,0.1931,0.2677,89,115,372,807,0.1931,0.8753,0.1247,0.8069,0.4363,0.1931,0.2677,0.6479,0.6175,0.0794,0.0908,0.0683,1364,442,922,0,1364,0,442,0,922,NaN,NaN,NaN,NaN,NaN,NaN,NaN,NaN,NaN,NaN,NaN,NaN,NaN,NaN,NaN,NaN,NaN,NaN,NaN,NaN,NaN,NaN,NaN,NaN,NaN,NaN,NaN,NaN,NaN,NaN,NaN,NaN,NaN,NaN,NaN,NaN,NaN,NaN,NaN,NaN,NaN,NaN,NaN,NaN,NaN,NaN,NaN,NaN,NaN,NaN,NaN,NaN,NaN,NaN,NaN,NaN,NaN,NaN,NaN,NaN,NaN,NaN,NaN,NaN,NaN,NaN,NaN,NaN,NaN,NaN,NaN,NaN,NaN,NaN,NaN,NaN,NaN,NaN,NaN,NaN,620,230,744,14282,0.4545,0.9842,0.0158,0.5455,0.7294,0.4545,0.5601,0.5461,0.4387,0.3890,204,461,0,0,0,0
26,WLNM_original,0.5836,0.4404,00:00:08,10,20,6,1282860885,fixed,0.5000,0.5433,0.2451,0.3378,113,95,348,827,0.2451,0.8970,0.1030,0.7549,0.5433,0.2451,0.3378,0.6797,0.6165,0.1647,0.1874,0.1421,1364,442,922,0,1364,0,442,0,922,NaN,NaN,NaN,NaN,NaN,NaN,NaN,NaN,NaN,NaN,NaN,NaN,NaN,NaN,NaN,NaN,NaN,NaN,NaN,NaN,NaN,NaN,NaN,NaN,NaN,NaN,NaN,NaN,NaN,NaN,NaN,NaN,NaN,NaN,NaN,NaN,NaN,NaN,NaN,NaN,NaN,NaN,NaN,NaN,NaN,NaN,NaN,NaN,NaN,NaN,NaN,NaN,NaN,NaN,NaN,NaN,NaN,NaN,NaN,NaN,NaN,NaN,NaN,NaN,NaN,NaN,NaN,NaN,NaN,NaN,NaN,NaN,NaN,NaN,NaN,NaN,NaN,NaN,NaN,NaN,668,190,696,14322,0.4897,0.9869,0.0131,0.5103,0.7786,0.4897,0.6013,0.5908,0.4766,0.4299,208,461,0,0,0,0
27,WLNM_original,0.6269,0.4536,00:00:09,10,20,7,1282860886,fixed,0.5000,0.5310,0.2603,0.3493,120,106,341,816,0.2603,0.8850,0.1150,0.7397,0.5310,0.2603,0.3493,0.6768,0.6122,0.1666,0.1853,0.1453,1364,442,922,0,1364,0,442,0,922,NaN,NaN,NaN,NaN,NaN,NaN,NaN,NaN,NaN,NaN,NaN,NaN,NaN,NaN,NaN,NaN,NaN,NaN,NaN,NaN,NaN,NaN,NaN,NaN,NaN,NaN,NaN,NaN,NaN,NaN,NaN,NaN,NaN,NaN,NaN,NaN,NaN,NaN,NaN,NaN,NaN,NaN,NaN,NaN,NaN,NaN,NaN,NaN,NaN,NaN,NaN,NaN,NaN,NaN,NaN,NaN,NaN,NaN,NaN,NaN,NaN,NaN,NaN,NaN,NaN,NaN,NaN,NaN,NaN,NaN,NaN,NaN,NaN,NaN,NaN,NaN,NaN,NaN,NaN,NaN,682,212,682,14300,0.5000,0.9854,0.0146,0.5000,0.7629,0.5000,0.6041,0.5901,0.4854,0.4327,226,461,0,0,0,0
28,WLNM_original,0.5896,0.4040,00:00:09,10,20,8,1282860887,fixed,0.5000,0.4141,0.2039,0.2733,94,133,367,789,0.2039,0.8557,0.1443,0.7961,0.4141,0.2039,0.2733,0.6385,0.6120,0.0683,0.0759,0.0597,1364,442,922,0,1364,0,442,0,922,NaN,NaN,NaN,NaN,NaN,NaN,NaN,NaN,NaN,NaN,NaN,NaN,NaN,NaN,NaN,NaN,NaN,NaN,NaN,NaN,NaN,NaN,NaN,NaN,NaN,NaN,NaN,NaN,NaN,NaN,NaN,NaN,NaN,NaN,NaN,NaN,NaN,NaN,NaN,NaN,NaN,NaN,NaN,NaN,NaN,NaN,NaN,NaN,NaN,NaN,NaN,NaN,NaN,NaN,NaN,NaN,NaN,NaN,NaN,NaN,NaN,NaN,NaN,NaN,NaN,NaN,NaN,NaN,NaN,NaN,NaN,NaN,NaN,NaN,NaN,NaN,NaN,NaN,NaN,NaN,630,266,734,14246,0.4619,0.9817,0.0183,0.5381,0.7031,0.4619,0.5575,0.5386,0.4435,0.3865,227,461,0,0,0,0
29,WLNM_original,0.5488,0.4039,00:00:09,10,20,9,1282860888,fixed,0.5000,0.4183,0.1887,0.2601,87,121,374,801,0.1887,0.8688,0.1312,0.8113,0.4183,0.1887,0.2601,0.6421,0.6165,0.0666,0.0758,0.0575,1364,442,922,0,1364,0,442,0,922,NaN,NaN,NaN,NaN,NaN,NaN,NaN,NaN,NaN,NaN,NaN,NaN,NaN,NaN,NaN,NaN,NaN,NaN,NaN,NaN,NaN,NaN,NaN,NaN,NaN,NaN,NaN,NaN,NaN,NaN,NaN,NaN,NaN,NaN,NaN,NaN,NaN,NaN,NaN,NaN,NaN,NaN,NaN,NaN,NaN,NaN,NaN,NaN,NaN,NaN,NaN,NaN,NaN,NaN,NaN,NaN,NaN,NaN,NaN,NaN,NaN,NaN,NaN,NaN,NaN,NaN,NaN,NaN,NaN,NaN,NaN,NaN,NaN,NaN,NaN,NaN,NaN,NaN,NaN,NaN,616,242,748,14270,0.4516,0.9833,0.0167,0.5484,0.7179,0.4516,0.5545,0.5391,0.4349,0.3836,208,461,0,0,0,0
30,WLNM_original,0.6260,0.4489,00:00:09,10,20,10,1282860889,fixed,0.5000,0.5385,0.2278,0.3201,105,90,356,832,0.2278,0.9024,0.0976,0.7722,0.5385,0.2278,0.3201,0.6775,0.6197,0.1521,0.1763,0.1302,1364,442,922,0,1364,0,442,0,922,NaN,NaN,NaN,NaN,NaN,NaN,NaN,NaN,NaN,NaN,NaN,NaN,NaN,NaN,NaN,NaN,NaN,NaN,NaN,NaN,NaN,NaN,NaN,NaN,NaN,NaN,NaN,NaN,NaN,NaN,NaN,NaN,NaN,NaN,NaN,NaN,NaN,NaN,NaN,NaN,NaN,NaN,NaN,NaN,NaN,NaN,NaN,NaN,NaN,NaN,NaN,NaN,NaN,NaN,NaN,NaN,NaN,NaN,NaN,NaN,NaN,NaN,NaN,NaN,NaN,NaN,NaN,NaN,NaN,NaN,NaN,NaN,NaN,NaN,NaN,NaN,NaN,NaN,NaN,NaN,652,180,712,14332,0.4780,0.9876,0.0124,0.5220,0.7837,0.4780,0.5938,0.5855,0.4656,0.4223,195,461,0,0,0,0
31,WLNM_original,0.6571,0.4749,00:00:09,10,20,11,1282860890,fixed,0.5000,0.5502,0.2733,0.3652,126,103,335,819,0.2733,0.8883,0.1117,0.7267,0.5502,0.2733,0.3652,0.6833,0.6115,0.1849,0.2050,0.1616,1364,442,922,0,1364,0,442,0,922,NaN,NaN,NaN,NaN,NaN,NaN,NaN,NaN,NaN,NaN,NaN,NaN,NaN,NaN,NaN,NaN,NaN,NaN,NaN,NaN,NaN,NaN,NaN,NaN,NaN,NaN,NaN,NaN,NaN,NaN,NaN,NaN,NaN,NaN,NaN,NaN,NaN,NaN,NaN,NaN,NaN,NaN,NaN,NaN,NaN,NaN,NaN,NaN,NaN,NaN,NaN,NaN,NaN,NaN,NaN,NaN,NaN,NaN,NaN,NaN,NaN,NaN,NaN,NaN,NaN,NaN,NaN,NaN,NaN,NaN,NaN,NaN,NaN,NaN,NaN,NaN,NaN,NaN,NaN,NaN,694,206,670,14306,0.5088,0.9858,0.0142,0.4912,0.7711,0.5088,0.6131,0.5994,0.4946,0.4420,229,461,0,0,0,0
32,WLNM_original,0.5787,0.4054,00:00:09,10,20,12,1282860891,fixed,0.5000,0.4511,0.2299,0.3046,106,129,355,793,0.2299,0.8601,0.1399,0.7701,0.4511,0.2299,0.3046,0.6500,0.6100,0.1026,0.1130,0.0900,1364,442,922,0,1364,0,442,0,922,NaN,NaN,NaN,NaN,NaN,NaN,NaN,NaN,NaN,NaN,NaN,NaN,NaN,NaN,NaN,NaN,NaN,NaN,NaN,NaN,NaN,NaN,NaN,NaN,NaN,NaN,NaN,NaN,NaN,NaN,NaN,NaN,NaN,NaN,NaN,NaN,NaN,NaN,NaN,NaN,NaN,NaN,NaN,NaN,NaN,NaN,NaN,NaN,NaN,NaN,NaN,NaN,NaN,NaN,NaN,NaN,NaN,NaN,NaN,NaN,NaN,NaN,NaN,NaN,NaN,NaN,NaN,NaN,NaN,NaN,NaN,NaN,NaN,NaN,NaN,NaN,NaN,NaN,NaN,NaN,654,258,710,14254,0.4795,0.9822,0.0178,0.5205,0.7171,0.4795,0.5747,0.5560,0.4617,0.4032,235,461,0,0,0,0
33,WLNM_original,0.5624,0.4111,00:00:09,10,20,13,1282860892,fixed,0.5000,0.4383,0.1540,0.2279,71,91,390,831,0.1540,0.9013,0.0987,0.8460,0.4383,0.1540,0.2279,0.6522,0.6276,0.0660,0.0811,0.0553,1364,442,922,0,1364,0,442,0,922,NaN,NaN,NaN,NaN,NaN,NaN,NaN,NaN,NaN,NaN,NaN,NaN,NaN,NaN,NaN,NaN,NaN,NaN,NaN,NaN,NaN,NaN,NaN,NaN,NaN,NaN,NaN,NaN,NaN,NaN,NaN,NaN,NaN,NaN,NaN,NaN,NaN,NaN,NaN,NaN,NaN,NaN,NaN,NaN,NaN,NaN,NaN,NaN,NaN,NaN,NaN,NaN,NaN,NaN,NaN,NaN,NaN,NaN,NaN,NaN,NaN,NaN,NaN,NaN,NaN,NaN,NaN,NaN,NaN,NaN,NaN,NaN,NaN,NaN,NaN,NaN,NaN,NaN,NaN,NaN,584,182,780,14330,0.4282,0.9875,0.0125,0.5718,0.7624,0.4282,0.5484,0.5435,0.4156,0.3777,162,461,0,0,0,0
34,WLNM_original,0.5910,0.4291,00:00:09,10,20,14,1282860893,fixed,0.5000,0.5127,0.2191,0.3070,101,96,360,826,0.2191,0.8959,0.1041,0.7809,0.5127,0.2191,0.3070,0.6703,0.6192,0.1342,0.1551,0.1150,1364,442,922,0,1364,0,442,0,922,NaN,NaN,NaN,NaN,NaN,NaN,NaN,NaN,NaN,NaN,NaN,NaN,NaN,NaN,NaN,NaN,NaN,NaN,NaN,NaN,NaN,NaN,NaN,NaN,NaN,NaN,NaN,NaN,NaN,NaN,NaN,NaN,NaN,NaN,NaN,NaN,NaN,NaN,NaN,NaN,NaN,NaN,NaN,NaN,NaN,NaN,NaN,NaN,NaN,NaN,NaN,NaN,NaN,NaN,NaN,NaN,NaN,NaN,NaN,NaN,NaN,NaN,NaN,NaN,NaN,NaN,NaN,NaN,NaN,NaN,NaN,NaN,NaN,NaN,NaN,NaN,NaN,NaN,NaN,NaN,644,192,720,14320,0.4721,0.9868,0.0132,0.5279,0.7703,0.4721,0.5855,0.5758,0.4589,0.4139,197,461,0,0,0,0
35,WLNM_original,0.5724,0.4281,00:00:10,10,20,15,1282860894,fixed,0.5000,0.5000,0.2495,0.3329,115,115,346,807,0.2495,0.8753,0.1247,0.7505,0.5000,0.2495,0.3329,0.6667,0.6112,0.1426,0.1579,0.1247,1364,442,922,0,1364,0,442,0,922,NaN,NaN,NaN,NaN,NaN,NaN,NaN,NaN,NaN,NaN,NaN,NaN,NaN,NaN,NaN,NaN,NaN,NaN,NaN,NaN,NaN,NaN,NaN,NaN,NaN,NaN,NaN,NaN,NaN,NaN,NaN,NaN,NaN,NaN,NaN,NaN,NaN,NaN,NaN,NaN,NaN,NaN,NaN,NaN,NaN,NaN,NaN,NaN,NaN,NaN,NaN,NaN,NaN,NaN,NaN,NaN,NaN,NaN,NaN,NaN,NaN,NaN,NaN,NaN,NaN,NaN,NaN,NaN,NaN,NaN,NaN,NaN,NaN,NaN,NaN,NaN,NaN,NaN,NaN,NaN,672,230,692,14282,0.4927,0.9842,0.0158,0.5073,0.7450,0.4927,0.5931,0.5772,0.4768,0.4216,230,461,0,0,0,0
36,WLNM_original,0.5646,0.3788,00:00:09,10,20,16,1282860895,fixed,0.5000,0.3550,0.1540,0.2148,71,129,390,793,0.1540,0.8601,0.1399,0.8460,0.3550,0.1540,0.2148,0.6247,0.6185,0.0164,0.0189,0.0141,1364,442,922,0,1364,0,442,0,922,NaN,NaN,NaN,NaN,NaN,NaN,NaN,NaN,NaN,NaN,NaN,NaN,NaN,NaN,NaN,NaN,NaN,NaN,NaN,NaN,NaN,NaN,NaN,NaN,NaN,NaN,NaN,NaN,NaN,NaN,NaN,NaN,NaN,NaN,NaN,NaN,NaN,NaN,NaN,NaN,NaN,NaN,NaN,NaN,NaN,NaN,NaN,NaN,NaN,NaN,NaN,NaN,NaN,NaN,NaN,NaN,NaN,NaN,NaN,NaN,NaN,NaN,NaN,NaN,NaN,NaN,NaN,NaN,NaN,NaN,NaN,NaN,NaN,NaN,NaN,NaN,NaN,NaN,NaN,NaN,584,258,780,14254,0.4282,0.9822,0.0178,0.5718,0.6936,0.4282,0.5295,0.5132,0.4104,0.3600,200,461,0,0,0,0
37,WLNM_original,0.6054,0.4440,00:00:09,10,20,17,1282860896,fixed,0.5000,0.4433,0.1866,0.2626,86,108,375,814,0.1866,0.8829,0.1171,0.8134,0.4433,0.1866,0.2626,0.6508,0.6199,0.0812,0.0942,0.0694,1364,442,922,0,1364,0,442,0,922,NaN,NaN,NaN,NaN,NaN,NaN,NaN,NaN,NaN,NaN,NaN,NaN,NaN,NaN,NaN,NaN,NaN,NaN,NaN,NaN,NaN,NaN,NaN,NaN,NaN,NaN,NaN,NaN,NaN,NaN,NaN,NaN,NaN,NaN,NaN,NaN,NaN,NaN,NaN,NaN,NaN,NaN,NaN,NaN,NaN,NaN,NaN,NaN,NaN,NaN,NaN,NaN,NaN,NaN,NaN,NaN,NaN,NaN,NaN,NaN,NaN,NaN,NaN,NaN,NaN,NaN,NaN,NaN,NaN,NaN,NaN,NaN,NaN,NaN,NaN,NaN,NaN,NaN,NaN,NaN,614,216,750,14296,0.4501,0.9851,0.0149,0.5499,0.7398,0.4501,0.5597,0.5480,0.4353,0.3886,194,461,0,0,0,0
38,WLNM_original,0.5790,0.3979,00:00:09,10,20,18,1282860897,fixed,0.5000,0.4727,0.2256,0.3054,104,116,357,806,0.2256,0.8742,0.1258,0.7744,0.4727,0.2256,0.3054,0.6580,0.6136,0.1148,0.1286,0.0998,1364,442,922,0,1364,0,442,0,922,NaN,NaN,NaN,NaN,NaN,NaN,NaN,NaN,NaN,NaN,NaN,NaN,NaN,NaN,NaN,NaN,NaN,NaN,NaN,NaN,NaN,NaN,NaN,NaN,NaN,NaN,NaN,NaN,NaN,NaN,NaN,NaN,NaN,NaN,NaN,NaN,NaN,NaN,NaN,NaN,NaN,NaN,NaN,NaN,NaN,NaN,NaN,NaN,NaN,NaN,NaN,NaN,NaN,NaN,NaN,NaN,NaN,NaN,NaN,NaN,NaN,NaN,NaN,NaN,NaN,NaN,NaN,NaN,NaN,NaN,NaN,NaN,NaN,NaN,NaN,NaN,NaN,NaN,NaN,NaN,650,232,714,14280,0.4765,0.9840,0.0160,0.5235,0.7370,0.4765,0.5788,0.5635,0.4606,0.4073,220,461,0,0,0,0
39,WLNM_original,0.5818,0.4419,00:00:09,10,20,19,1282860898,fixed,0.5000,0.5067,0.2473,0.3324,114,111,347,811,0.2473,0.8796,0.1204,0.7527,0.5067,0.2473,0.3324,0.6688,0.6124,0.1455,0.1621,0.1269,1364,442,922,0,1364,0,442,0,922,NaN,NaN,NaN,NaN,NaN,NaN,NaN,NaN,NaN,NaN,NaN,NaN,NaN,NaN,NaN,NaN,NaN,NaN,NaN,NaN,NaN,NaN,NaN,NaN,NaN,NaN,NaN,NaN,NaN,NaN,NaN,NaN,NaN,NaN,NaN,NaN,NaN,NaN,NaN,NaN,NaN,NaN,NaN,NaN,NaN,NaN,NaN,NaN,NaN,NaN,NaN,NaN,NaN,NaN,NaN,NaN,NaN,NaN,NaN,NaN,NaN,NaN,NaN,NaN,NaN,NaN,NaN,NaN,NaN,NaN,NaN,NaN,NaN,NaN,NaN,NaN,NaN,NaN,NaN,NaN,670,222,694,14290,0.4912,0.9847,0.0153,0.5088,0.7511,0.4912,0.5940,0.5792,0.4759,0.4224,225,461,0,0,0,0
40,WLNM_original,0.5448,0.3869,00:00:09,10,20,20,1282860899,fixed,0.5000,0.4454,0.2299,0.3033,106,132,355,790,0.2299,0.8568,0.1432,0.7701,0.4454,0.2299,0.3033,0.6479,0.6093,0.0987,0.1084,0.0868,1364,442,922,0,1364,0,442,0,922,NaN,NaN,NaN,NaN,NaN,NaN,NaN,NaN,NaN,NaN,NaN,NaN,NaN,NaN,NaN,NaN,NaN,NaN,NaN,NaN,NaN,NaN,NaN,NaN,NaN,NaN,NaN,NaN,NaN,NaN,NaN,NaN,NaN,NaN,NaN,NaN,NaN,NaN,NaN,NaN,NaN,NaN,NaN,NaN,NaN,NaN,NaN,NaN,NaN,NaN,NaN,NaN,NaN,NaN,NaN,NaN,NaN,NaN,NaN,NaN,NaN,NaN,NaN,NaN,NaN,NaN,NaN,NaN,NaN,NaN,NaN,NaN,NaN,NaN,NaN,NaN,NaN,NaN,NaN,NaN,654,264,710,14248,0.4795,0.9818,0.0182,0.5205,0.7124,0.4795,0.5732,0.5538,0.4613,0.4017,238,461,0,0,0,0
41,WLNM_original,0.5614,0.4096,00:00:07,10,30,1,1283778180,fixed,0.5000,0.4810,0.2473,0.3266,114,123,347,799,0.2473,0.8666,0.1334,0.7527,0.4810,0.2473,0.3266,0.6602,0.6095,0.1296,0.1425,0.1139,1364,442,922,0,1364,0,442,0,922,NaN,NaN,NaN,NaN,NaN,NaN,NaN,NaN,NaN,NaN,NaN,NaN,NaN,NaN,NaN,NaN,NaN,NaN,NaN,NaN,NaN,NaN,NaN,NaN,NaN,NaN,NaN,NaN,NaN,NaN,NaN,NaN,NaN,NaN,NaN,NaN,NaN,NaN,NaN,NaN,NaN,NaN,NaN,NaN,NaN,NaN,NaN,NaN,NaN,NaN,NaN,NaN,NaN,NaN,NaN,NaN,NaN,NaN,NaN,NaN,NaN,NaN,NaN,NaN,NaN,NaN,NaN,NaN,NaN,NaN,NaN,NaN,NaN,NaN,NaN,NaN,NaN,NaN,NaN,NaN,670,246,694,14266,0.4912,0.9830,0.0170,0.5088,0.7314,0.4912,0.5877,0.5700,0.4743,0.4161,237,461,0,0,0,0
42,WLNM_original,0.6056,0.4355,00:00:09,10,30,2,1283778181,fixed,0.5000,0.5249,0.2061,0.2960,95,86,366,836,0.2061,0.9067,0.0933,0.7939,0.5249,0.2061,0.2960,0.6732,0.6230,0.1330,0.1577,0.1128,1364,442,922,0,1364,0,442,0,922,NaN,NaN,NaN,NaN,NaN,NaN,NaN,NaN,NaN,NaN,NaN,NaN,NaN,NaN,NaN,NaN,NaN,NaN,NaN,NaN,NaN,NaN,NaN,NaN,NaN,NaN,NaN,NaN,NaN,NaN,NaN,NaN,NaN,NaN,NaN,NaN,NaN,NaN,NaN,NaN,NaN,NaN,NaN,NaN,NaN,NaN,NaN,NaN,NaN,NaN,NaN,NaN,NaN,NaN,NaN,NaN,NaN,NaN,NaN,NaN,NaN,NaN,NaN,NaN,NaN,NaN,NaN,NaN,NaN,NaN,NaN,NaN,NaN,NaN,NaN,NaN,NaN,NaN,NaN,NaN,632,172,732,14340,0.4633,0.9881,0.0119,0.5367,0.7861,0.4633,0.5830,0.5770,0.4515,0.4115,181,461,0,0,0,0
43,WLNM_original,0.5935,0.4664,00:00:08,10,30,3,1283778182,fixed,0.5000,0.5587,0.2993,0.3898,138,109,323,813,0.2993,0.8818,0.1182,0.7007,0.5587,0.2993,0.3898,0.6876,0.6071,0.2049,0.2229,0.1811,1364,442,922,0,1364,0,442,0,922,NaN,NaN,NaN,NaN,NaN,NaN,NaN,NaN,NaN,NaN,NaN,NaN,NaN,NaN,NaN,NaN,NaN,NaN,NaN,NaN,NaN,NaN,NaN,NaN,NaN,NaN,NaN,NaN,NaN,NaN,NaN,NaN,NaN,NaN,NaN,NaN,NaN,NaN,NaN,NaN,NaN,NaN,NaN,NaN,NaN,NaN,NaN,NaN,NaN,NaN,NaN,NaN,NaN,NaN,NaN,NaN,NaN,NaN,NaN,NaN,NaN,NaN,NaN,NaN,NaN,NaN,NaN,NaN,NaN,NaN,NaN,NaN,NaN,NaN,NaN,NaN,NaN,NaN,NaN,NaN,718,218,646,14294,0.5264,0.9850,0.0150,0.4736,0.7671,0.5264,0.6243,0.6084,0.5114,0.4539,247,461,0,0,0,0
44,WLNM_original,0.5899,0.4376,00:00:09,10,30,4,1283778183,fixed,0.5000,0.5172,0.2603,0.3463,120,112,341,810,0.2603,0.8785,0.1215,0.7397,0.5172,0.2603,0.3463,0.6725,0.6107,0.1585,0.1752,0.1388,1364,442,922,0,1364,0,442,0,922,NaN,NaN,NaN,NaN,NaN,NaN,NaN,NaN,NaN,NaN,NaN,NaN,NaN,NaN,NaN,NaN,NaN,NaN,NaN,NaN,NaN,NaN,NaN,NaN,NaN,NaN,NaN,NaN,NaN,NaN,NaN,NaN,NaN,NaN,NaN,NaN,NaN,NaN,NaN,NaN,NaN,NaN,NaN,NaN,NaN,NaN,NaN,NaN,NaN,NaN,NaN,NaN,NaN,NaN,NaN,NaN,NaN,NaN,NaN,NaN,NaN,NaN,NaN,NaN,NaN,NaN,NaN,NaN,NaN,NaN,NaN,NaN,NaN,NaN,NaN,NaN,NaN,NaN,NaN,NaN,682,224,682,14288,0.5000,0.9846,0.0154,0.5000,0.7528,0.5000,0.6009,0.5854,0.4846,0.4295,232,461,0,0,0,0
45,WLNM_original,0.5679,0.4225,00:00:09,10,30,5,1283778184,fixed,0.5000,0.4910,0.1779,0.2611,82,85,379,837,0.1779,0.9078,0.0922,0.8221,0.4910,0.1779,0.2611,0.6645,0.6264,0.1019,0.1240,0.0857,1364,442,922,0,1364,0,442,0,922,NaN,NaN,NaN,NaN,NaN,NaN,NaN,NaN,NaN,NaN,NaN,NaN,NaN,NaN,NaN,NaN,NaN,NaN,NaN,NaN,NaN,NaN,NaN,NaN,NaN,NaN,NaN,NaN,NaN,NaN,NaN,NaN,NaN,NaN,NaN,NaN,NaN,NaN,NaN,NaN,NaN,NaN,NaN,NaN,NaN,NaN,NaN,NaN,NaN,NaN,NaN,NaN,NaN,NaN,NaN,NaN,NaN,NaN,NaN,NaN,NaN,NaN,NaN,NaN,NaN,NaN,NaN,NaN,NaN,NaN,NaN,NaN,NaN,NaN,NaN,NaN,NaN,NaN,NaN,NaN,606,170,758,14342,0.4443,0.9883,0.0117,0.5557,0.7809,0.4443,0.5664,0.5622,0.4326,0.3950,167,461,0,0,0,0
46,WLNM_original,0.5595,0.4336,00:00:09,10,30,6,1283778185,fixed,0.5000,0.4902,0.2169,0.3008,100,104,361,818,0.2169,0.8872,0.1128,0.7831,0.4902,0.2169,0.3008,0.6638,0.6175,0.1210,0.1384,0.1041,1364,442,922,0,1364,0,442,0,922,NaN,NaN,NaN,NaN,NaN,NaN,NaN,NaN,NaN,NaN,NaN,NaN,NaN,NaN,NaN,NaN,NaN,NaN,NaN,NaN,NaN,NaN,NaN,NaN,NaN,NaN,NaN,NaN,NaN,NaN,NaN,NaN,NaN,NaN,NaN,NaN,NaN,NaN,NaN,NaN,NaN,NaN,NaN,NaN,NaN,NaN,NaN,NaN,NaN,NaN,NaN,NaN,NaN,NaN,NaN,NaN,NaN,NaN,NaN,NaN,NaN,NaN,NaN,NaN,NaN,NaN,NaN,NaN,NaN,NaN,NaN,NaN,NaN,NaN,NaN,NaN,NaN,NaN,NaN,NaN,642,208,722,14304,0.4707,0.9857,0.0143,0.5293,0.7553,0.4707,0.5799,0.5681,0.4563,0.4084,204,461,0,0,0,0
47,WLNM_original,0.5368,0.3970,00:00:09,10,30,7,1283778186,fixed,0.5000,0.4279,0.1866,0.2598,86,115,375,807,0.1866,0.8753,0.1247,0.8134,0.4279,0.1866,0.2598,0.6457,0.6182,0.0720,0.0827,0.0618,1364,442,922,0,1364,0,442,0,922,NaN,NaN,NaN,NaN,NaN,NaN,NaN,NaN,NaN,NaN,NaN,NaN,NaN,NaN,NaN,NaN,NaN,NaN,NaN,NaN,NaN,NaN,NaN,NaN,NaN,NaN,NaN,NaN,NaN,NaN,NaN,NaN,NaN,NaN,NaN,NaN,NaN,NaN,NaN,NaN,NaN,NaN,NaN,NaN,NaN,NaN,NaN,NaN,NaN,NaN,NaN,NaN,NaN,NaN,NaN,NaN,NaN,NaN,NaN,NaN,NaN,NaN,NaN,NaN,NaN,NaN,NaN,NaN,NaN,NaN,NaN,NaN,NaN,NaN,NaN,NaN,NaN,NaN,NaN,NaN,614,230,750,14282,0.4501,0.9842,0.0158,0.5499,0.7275,0.4501,0.5562,0.5425,0.4343,0.3852,201,461,0,0,0,0
48,WLNM_original,0.5394,0.3881,00:00:09,10,30,8,1283778187,fixed,0.5000,0.4508,0.1887,0.2661,87,106,374,816,0.1887,0.8850,0.1150,0.8113,0.4508,0.1887,0.2661,0.6529,0.6201,0.0863,0.1003,0.0738,1364,442,922,0,1364,0,442,0,922,NaN,NaN,NaN,NaN,NaN,NaN,NaN,NaN,NaN,NaN,NaN,NaN,NaN,NaN,NaN,NaN,NaN,NaN,NaN,NaN,NaN,NaN,NaN,NaN,NaN,NaN,NaN,NaN,NaN,NaN,NaN,NaN,NaN,NaN,NaN,NaN,NaN,NaN,NaN,NaN,NaN,NaN,NaN,NaN,NaN,NaN,NaN,NaN,NaN,NaN,NaN,NaN,NaN,NaN,NaN,NaN,NaN,NaN,NaN,NaN,NaN,NaN,NaN,NaN,NaN,NaN,NaN,NaN,NaN,NaN,NaN,NaN,NaN,NaN,NaN,NaN,NaN,NaN,NaN,NaN,616,212,748,14300,0.4516,0.9854,0.0146,0.5484,0.7440,0.4516,0.5620,0.5508,0.4370,0.3909,193,461,0,0,0,0
49,WLNM_original,0.5916,0.4269,00:00:09,10,30,9,1283778188,fixed,0.5000,0.4699,0.1866,0.2671,86,97,375,825,0.1866,0.8948,0.1052,0.8134,0.4699,0.1866,0.2671,0.6587,0.6226,0.0958,0.1132,0.0813,1364,442,922,0,1364,0,442,0,922,NaN,NaN,NaN,NaN,NaN,NaN,NaN,NaN,NaN,NaN,NaN,NaN,NaN,NaN,NaN,NaN,NaN,NaN,NaN,NaN,NaN,NaN,NaN,NaN,NaN,NaN,NaN,NaN,NaN,NaN,NaN,NaN,NaN,NaN,NaN,NaN,NaN,NaN,NaN,NaN,NaN,NaN,NaN,NaN,NaN,NaN,NaN,NaN,NaN,NaN,NaN,NaN,NaN,NaN,NaN,NaN,NaN,NaN,NaN,NaN,NaN,NaN,NaN,NaN,NaN,NaN,NaN,NaN,NaN,NaN,NaN,NaN,NaN,NaN,NaN,NaN,NaN,NaN,NaN,NaN,614,194,750,14318,0.4501,0.9866,0.0134,0.5499,0.7599,0.4501,0.5654,0.5569,0.4368,0.3941,183,461,0,0,0,0
50,WLNM_original,0.5622,0.3970,00:00:09,10,30,10,1283778189,fixed,0.5000,0.4894,0.2495,0.3305,115,120,346,802,0.2495,0.8698,0.1302,0.7505,0.4894,0.2495,0.3305,0.6631,0.6100,0.1360,0.1498,0.1193,1364,442,922,0,1364,0,442,0,922,NaN,NaN,NaN,NaN,NaN,NaN,NaN,NaN,NaN,NaN,NaN,NaN,NaN,NaN,NaN,NaN,NaN,NaN,NaN,NaN,NaN,NaN,NaN,NaN,NaN,NaN,NaN,NaN,NaN,NaN,NaN,NaN,NaN,NaN,NaN,NaN,NaN,NaN,NaN,NaN,NaN,NaN,NaN,NaN,NaN,NaN,NaN,NaN,NaN,NaN,NaN,NaN,NaN,NaN,NaN,NaN,NaN,NaN,NaN,NaN,NaN,NaN,NaN,NaN,NaN,NaN,NaN,NaN,NaN,NaN,NaN,NaN,NaN,NaN,NaN,NaN,NaN,NaN,NaN,NaN,672,240,692,14272,0.4927,0.9835,0.0165,0.5073,0.7368,0.4927,0.5905,0.5734,0.4761,0.4190,235,461,0,0,0,0
51,WLNM_original,0.5765,0.4241,00:00:09,10,30,11,1283778190,fixed,0.5000,0.4670,0.1844,0.2644,85,97,376,825,0.1844,0.8948,0.1052,0.8156,0.4670,0.1844,0.2644,0.6580,0.6228,0.0933,0.1104,0.0792,1364,442,922,0,1364,0,442,0,922,NaN,NaN,NaN,NaN,NaN,NaN,NaN,NaN,NaN,NaN,NaN,NaN,NaN,NaN,NaN,NaN,NaN,NaN,NaN,NaN,NaN,NaN,NaN,NaN,NaN,NaN,NaN,NaN,NaN,NaN,NaN,NaN,NaN,NaN,NaN,NaN,NaN,NaN,NaN,NaN,NaN,NaN,NaN,NaN,NaN,NaN,NaN,NaN,NaN,NaN,NaN,NaN,NaN,NaN,NaN,NaN,NaN,NaN,NaN,NaN,NaN,NaN,NaN,NaN,NaN,NaN,NaN,NaN,NaN,NaN,NaN,NaN,NaN,NaN,NaN,NaN,NaN,NaN,NaN,NaN,612,194,752,14318,0.4487,0.9866,0.0134,0.5513,0.7593,0.4487,0.5641,0.5557,0.4353,0.3928,182,461,0,0,0,0
52,WLNM_original,0.5390,0.3888,00:00:09,10,30,12,1283778191,fixed,0.5000,0.4765,0.1757,0.2567,81,89,380,833,0.1757,0.9035,0.0965,0.8243,0.4765,0.1757,0.2567,0.6609,0.6257,0.0940,0.1137,0.0792,1364,442,922,0,1364,0,442,0,922,NaN,NaN,NaN,NaN,NaN,NaN,NaN,NaN,NaN,NaN,NaN,NaN,NaN,NaN,NaN,NaN,NaN,NaN,NaN,NaN,NaN,NaN,NaN,NaN,NaN,NaN,NaN,NaN,NaN,NaN,NaN,NaN,NaN,NaN,NaN,NaN,NaN,NaN,NaN,NaN,NaN,NaN,NaN,NaN,NaN,NaN,NaN,NaN,NaN,NaN,NaN,NaN,NaN,NaN,NaN,NaN,NaN,NaN,NaN,NaN,NaN,NaN,NaN,NaN,NaN,NaN,NaN,NaN,NaN,NaN,NaN,NaN,NaN,NaN,NaN,NaN,NaN,NaN,NaN,NaN,604,178,760,14334,0.4428,0.9877,0.0123,0.5572,0.7724,0.4428,0.5629,0.5576,0.4305,0.3917,170,461,0,0,0,0
53,WLNM_original,0.5590,0.3921,00:00:09,10,30,13,1283778192,fixed,0.5000,0.4192,0.2082,0.2783,96,133,365,789,0.2082,0.8557,0.1443,0.7918,0.4192,0.2082,0.2783,0.6399,0.6115,0.0732,0.0812,0.0640,1364,442,922,0,1364,0,442,0,922,NaN,NaN,NaN,NaN,NaN,NaN,NaN,NaN,NaN,NaN,NaN,NaN,NaN,NaN,NaN,NaN,NaN,NaN,NaN,NaN,NaN,NaN,NaN,NaN,NaN,NaN,NaN,NaN,NaN,NaN,NaN,NaN,NaN,NaN,NaN,NaN,NaN,NaN,NaN,NaN,NaN,NaN,NaN,NaN,NaN,NaN,NaN,NaN,NaN,NaN,NaN,NaN,NaN,NaN,NaN,NaN,NaN,NaN,NaN,NaN,NaN,NaN,NaN,NaN,NaN,NaN,NaN,NaN,NaN,NaN,NaN,NaN,NaN,NaN,NaN,NaN,NaN,NaN,NaN,NaN,634,266,730,14246,0.4648,0.9817,0.0183,0.5352,0.7044,0.4648,0.5601,0.5411,0.4465,0.3890,229,461,0,0,0,0
54,WLNM_original,0.5932,0.4172,00:00:09,10,30,14,1283778193,fixed,0.5000,0.5074,0.2234,0.3102,103,100,358,822,0.2234,0.8915,0.1085,0.7766,0.5074,0.2234,0.3102,0.6688,0.6177,0.1337,0.1531,0.1150,1364,442,922,0,1364,0,442,0,922,NaN,NaN,NaN,NaN,NaN,NaN,NaN,NaN,NaN,NaN,NaN,NaN,NaN,NaN,NaN,NaN,NaN,NaN,NaN,NaN,NaN,NaN,NaN,NaN,NaN,NaN,NaN,NaN,NaN,NaN,NaN,NaN,NaN,NaN,NaN,NaN,NaN,NaN,NaN,NaN,NaN,NaN,NaN,NaN,NaN,NaN,NaN,NaN,NaN,NaN,NaN,NaN,NaN,NaN,NaN,NaN,NaN,NaN,NaN,NaN,NaN,NaN,NaN,NaN,NaN,NaN,NaN,NaN,NaN,NaN,NaN,NaN,NaN,NaN,NaN,NaN,NaN,NaN,NaN,NaN,648,200,716,14312,0.4751,0.9862,0.0138,0.5249,0.7642,0.4751,0.5859,0.5749,0.4613,0.4143,203,461,0,0,0,0
55,WLNM_original,0.5944,0.4149,00:00:09,10,30,15,1283778194,fixed,0.5000,0.4971,0.1887,0.2736,87,88,374,834,0.1887,0.9046,0.0954,0.8113,0.4971,0.1887,0.2736,0.6659,0.6245,0.1104,0.1323,0.0933,1364,442,922,0,1364,0,442,0,922,NaN,NaN,NaN,NaN,NaN,NaN,NaN,NaN,NaN,NaN,NaN,NaN,NaN,NaN,NaN,NaN,NaN,NaN,NaN,NaN,NaN,NaN,NaN,NaN,NaN,NaN,NaN,NaN,NaN,NaN,NaN,NaN,NaN,NaN,NaN,NaN,NaN,NaN,NaN,NaN,NaN,NaN,NaN,NaN,NaN,NaN,NaN,NaN,NaN,NaN,NaN,NaN,NaN,NaN,NaN,NaN,NaN,NaN,NaN,NaN,NaN,NaN,NaN,NaN,NaN,NaN,NaN,NaN,NaN,NaN,NaN,NaN,NaN,NaN,NaN,NaN,NaN,NaN,NaN,NaN,616,176,748,14336,0.4516,0.9879,0.0121,0.5484,0.7778,0.4516,0.5714,0.5657,0.4395,0.4000,175,461,0,0,0,0
56,WLNM_original,0.6500,0.4850,00:00:09,10,30,16,1283778195,fixed,0.5000,0.5349,0.2495,0.3402,115,100,346,822,0.2495,0.8915,0.1085,0.7505,0.5349,0.2495,0.3402,0.6775,0.6148,0.1627,0.1834,0.1410,1364,442,922,0,1364,0,442,0,922,NaN,NaN,NaN,NaN,NaN,NaN,NaN,NaN,NaN,NaN,NaN,NaN,NaN,NaN,NaN,NaN,NaN,NaN,NaN,NaN,NaN,NaN,NaN,NaN,NaN,NaN,NaN,NaN,NaN,NaN,NaN,NaN,NaN,NaN,NaN,NaN,NaN,NaN,NaN,NaN,NaN,NaN,NaN,NaN,NaN,NaN,NaN,NaN,NaN,NaN,NaN,NaN,NaN,NaN,NaN,NaN,NaN,NaN,NaN,NaN,NaN,NaN,NaN,NaN,NaN,NaN,NaN,NaN,NaN,NaN,NaN,NaN,NaN,NaN,NaN,NaN,NaN,NaN,NaN,NaN,672,200,692,14312,0.4927,0.9862,0.0138,0.5073,0.7706,0.4927,0.6011,0.5890,0.4789,0.4297,215,461,0,0,0,0
57,WLNM_original,0.6287,0.4388,00:00:09,10,30,17,1283778196,fixed,0.5000,0.5228,0.2733,0.3590,126,115,335,807,0.2733,0.8753,0.1247,0.7267,0.5228,0.2733,0.3590,0.6746,0.6086,0.1687,0.1847,0.1486,1364,442,922,0,1364,0,442,0,922,NaN,NaN,NaN,NaN,NaN,NaN,NaN,NaN,NaN,NaN,NaN,NaN,NaN,NaN,NaN,NaN,NaN,NaN,NaN,NaN,NaN,NaN,NaN,NaN,NaN,NaN,NaN,NaN,NaN,NaN,NaN,NaN,NaN,NaN,NaN,NaN,NaN,NaN,NaN,NaN,NaN,NaN,NaN,NaN,NaN,NaN,NaN,NaN,NaN,NaN,NaN,NaN,NaN,NaN,NaN,NaN,NaN,NaN,NaN,NaN,NaN,NaN,NaN,NaN,NaN,NaN,NaN,NaN,NaN,NaN,NaN,NaN,NaN,NaN,NaN,NaN,NaN,NaN,NaN,NaN,694,230,670,14282,0.5088,0.9842,0.0158,0.4912,0.7511,0.5088,0.6066,0.5900,0.4929,0.4354,241,461,0,0,0,0
58,WLNM_original,0.6259,0.4293,00:00:09,10,30,18,1283778197,fixed,0.5000,0.5167,0.2690,0.3538,124,116,337,806,0.2690,0.8742,0.1258,0.7310,0.5167,0.2690,0.3538,0.6725,0.6088,0.1627,0.1782,0.1432,1364,442,922,0,1364,0,442,0,922,NaN,NaN,NaN,NaN,NaN,NaN,NaN,NaN,NaN,NaN,NaN,NaN,NaN,NaN,NaN,NaN,NaN,NaN,NaN,NaN,NaN,NaN,NaN,NaN,NaN,NaN,NaN,NaN,NaN,NaN,NaN,NaN,NaN,NaN,NaN,NaN,NaN,NaN,NaN,NaN,NaN,NaN,NaN,NaN,NaN,NaN,NaN,NaN,NaN,NaN,NaN,NaN,NaN,NaN,NaN,NaN,NaN,NaN,NaN,NaN,NaN,NaN,NaN,NaN,NaN,NaN,NaN,NaN,NaN,NaN,NaN,NaN,NaN,NaN,NaN,NaN,NaN,NaN,NaN,NaN,690,232,674,14280,0.5059,0.9840,0.0160,0.4941,0.7484,0.5059,0.6037,0.5870,0.4899,0.4323,240,461,0,0,0,0
59,WLNM_original,0.5902,0.4031,00:00:10,10,30,19,1283778198,fixed,0.5000,0.4381,0.1844,0.2595,85,109,376,813,0.1844,0.8818,0.1182,0.8156,0.4381,0.1844,0.2595,0.6493,0.6199,0.0774,0.0898,0.0662,1364,442,922,0,1364,0,442,0,922,NaN,NaN,NaN,NaN,NaN,NaN,NaN,NaN,NaN,NaN,NaN,NaN,NaN,NaN,NaN,NaN,NaN,NaN,NaN,NaN,NaN,NaN,NaN,NaN,NaN,NaN,NaN,NaN,NaN,NaN,NaN,NaN,NaN,NaN,NaN,NaN,NaN,NaN,NaN,NaN,NaN,NaN,NaN,NaN,NaN,NaN,NaN,NaN,NaN,NaN,NaN,NaN,NaN,NaN,NaN,NaN,NaN,NaN,NaN,NaN,NaN,NaN,NaN,NaN,NaN,NaN,NaN,NaN,NaN,NaN,NaN,NaN,NaN,NaN,NaN,NaN,NaN,NaN,NaN,NaN,612,218,752,14294,0.4487,0.9850,0.0150,0.5513,0.7373,0.4487,0.5579,0.5460,0.4337,0.3869,194,461,0,0,0,0
60,WLNM_original,0.5781,0.4306,00:00:08,10,30,20,1283778199,fixed,0.5000,0.5180,0.2495,0.3367,115,107,346,815,0.2495,0.8839,0.1161,0.7505,0.5180,0.2495,0.3367,0.6725,0.6132,0.1533,0.1713,0.1334,1364,442,922,0,1364,0,442,0,922,NaN,NaN,NaN,NaN,NaN,NaN,NaN,NaN,NaN,NaN,NaN,NaN,NaN,NaN,NaN,NaN,NaN,NaN,NaN,NaN,NaN,NaN,NaN,NaN,NaN,NaN,NaN,NaN,NaN,NaN,NaN,NaN,NaN,NaN,NaN,NaN,NaN,NaN,NaN,NaN,NaN,NaN,NaN,NaN,NaN,NaN,NaN,NaN,NaN,NaN,NaN,NaN,NaN,NaN,NaN,NaN,NaN,NaN,NaN,NaN,NaN,NaN,NaN,NaN,NaN,NaN,NaN,NaN,NaN,NaN,NaN,NaN,NaN,NaN,NaN,NaN,NaN,NaN,NaN,NaN,672,214,692,14298,0.4927,0.9853,0.0147,0.5073,0.7585,0.4927,0.5973,0.5835,0.4779,0.4259,222,461,0,0,0,0
61,WLNM_original,0.8529,0.7343,00:00:08,10,40,1,1284695480,fixed,0.5000,0.6550,0.7317,0.6912,300,158,110,662,0.7317,0.8073,0.1927,0.2683,0.6550,0.7317,0.6912,0.7821,0.5425,0.5237,0.5256,0.5390,1364,544,820,0,1364,0,544,0,820,NaN,NaN,NaN,NaN,NaN,NaN,NaN,NaN,NaN,NaN,NaN,NaN,NaN,NaN,NaN,NaN,NaN,NaN,NaN,NaN,NaN,NaN,NaN,NaN,NaN,NaN,NaN,NaN,NaN,NaN,NaN,NaN,NaN,NaN,NaN,NaN,NaN,NaN,NaN,NaN,NaN,NaN,NaN,NaN,NaN,NaN,NaN,NaN,NaN,NaN,NaN,NaN,NaN,NaN,NaN,NaN,NaN,NaN,NaN,NaN,NaN,NaN,NaN,NaN,NaN,NaN,NaN,NaN,NaN,NaN,NaN,NaN,NaN,NaN,NaN,NaN,NaN,NaN,NaN,NaN,1144,316,220,14196,0.8387,0.9782,0.0218,0.1613,0.7836,0.8387,0.8102,0.7922,0.8169,0.6810,458,410,0,0,0,0
62,WLNM_original,0.7862,0.6255,00:00:09,10,40,2,1284695481,fixed,0.5000,0.6128,0.6293,0.6209,258,163,152,657,0.6293,0.8012,0.1988,0.3707,0.6128,0.6293,0.6209,0.7439,0.5526,0.4276,0.4277,0.4305,1364,544,820,0,1364,0,544,0,820,NaN,NaN,NaN,NaN,NaN,NaN,NaN,NaN,NaN,NaN,NaN,NaN,NaN,NaN,NaN,NaN,NaN,NaN,NaN,NaN,NaN,NaN,NaN,NaN,NaN,NaN,NaN,NaN,NaN,NaN,NaN,NaN,NaN,NaN,NaN,NaN,NaN,NaN,NaN,NaN,NaN,NaN,NaN,NaN,NaN,NaN,NaN,NaN,NaN,NaN,NaN,NaN,NaN,NaN,NaN,NaN,NaN,NaN,NaN,NaN,NaN,NaN,NaN,NaN,NaN,NaN,NaN,NaN,NaN,NaN,NaN,NaN,NaN,NaN,NaN,NaN,NaN,NaN,NaN,NaN,1060,326,304,14186,0.7771,0.9775,0.0225,0.2229,0.7648,0.7771,0.7709,0.7492,0.7547,0.6272,421,410,0,0,0,0
63,WLNM_original,0.7987,0.6652,00:00:09,10,40,3,1284695482,fixed,0.5000,0.6455,0.5951,0.6193,244,134,166,686,0.5951,0.8366,0.1634,0.4049,0.6455,0.5951,0.6193,0.7561,0.5642,0.4403,0.4411,0.4317,1364,544,820,0,1364,0,544,0,820,NaN,NaN,NaN,NaN,NaN,NaN,NaN,NaN,NaN,NaN,NaN,NaN,NaN,NaN,NaN,NaN,NaN,NaN,NaN,NaN,NaN,NaN,NaN,NaN,NaN,NaN,NaN,NaN,NaN,NaN,NaN,NaN,NaN,NaN,NaN,NaN,NaN,NaN,NaN,NaN,NaN,NaN,NaN,NaN,NaN,NaN,NaN,NaN,NaN,NaN,NaN,NaN,NaN,NaN,NaN,NaN,NaN,NaN,NaN,NaN,NaN,NaN,NaN,NaN,NaN,NaN,NaN,NaN,NaN,NaN,NaN,NaN,NaN,NaN,NaN,NaN,NaN,NaN,NaN,NaN,1032,268,332,14244,0.7566,0.9815,0.0185,0.2434,0.7938,0.7566,0.7748,0.7544,0.7381,0.6324,378,410,0,0,0,0
64,WLNM_original,0.8123,0.6914,00:00:10,10,40,4,1284695483,fixed,0.5000,0.6953,0.6122,0.6511,251,110,159,710,0.6122,0.8659,0.1341,0.3878,0.6953,0.6122,0.6511,0.7813,0.5688,0.4928,0.4949,0.4780,1364,544,820,0,1364,0,544,0,820,NaN,NaN,NaN,NaN,NaN,NaN,NaN,NaN,NaN,NaN,NaN,NaN,NaN,NaN,NaN,NaN,NaN,NaN,NaN,NaN,NaN,NaN,NaN,NaN,NaN,NaN,NaN,NaN,NaN,NaN,NaN,NaN,NaN,NaN,NaN,NaN,NaN,NaN,NaN,NaN,NaN,NaN,NaN,NaN,NaN,NaN,NaN,NaN,NaN,NaN,NaN,NaN,NaN,NaN,NaN,NaN,NaN,NaN,NaN,NaN,NaN,NaN,NaN,NaN,NaN,NaN,NaN,NaN,NaN,NaN,NaN,NaN,NaN,NaN,NaN,NaN,NaN,NaN,NaN,NaN,1046,220,318,14292,0.7669,0.9848,0.0152,0.2331,0.8262,0.7669,0.7954,0.7776,0.7517,0.6604,361,410,0,0,0,0
65,WLNM_original,0.7963,0.6357,00:00:10,10,40,5,1284695484,fixed,0.5000,0.6571,0.6122,0.6338,251,131,159,689,0.6122,0.8402,0.1598,0.3878,0.6571,0.6122,0.6338,0.7642,0.5631,0.4603,0.4609,0.4524,1364,544,820,0,1364,0,544,0,820,NaN,NaN,NaN,NaN,NaN,NaN,NaN,NaN,NaN,NaN,NaN,NaN,NaN,NaN,NaN,NaN,NaN,NaN,NaN,NaN,NaN,NaN,NaN,NaN,NaN,NaN,NaN,NaN,NaN,NaN,NaN,NaN,NaN,NaN,NaN,NaN,NaN,NaN,NaN,NaN,NaN,NaN,NaN,NaN,NaN,NaN,NaN,NaN,NaN,NaN,NaN,NaN,NaN,NaN,NaN,NaN,NaN,NaN,NaN,NaN,NaN,NaN,NaN,NaN,NaN,NaN,NaN,NaN,NaN,NaN,NaN,NaN,NaN,NaN,NaN,NaN,NaN,NaN,NaN,NaN,1046,262,318,14250,0.7669,0.9819,0.0181,0.2331,0.7997,0.7669,0.7829,0.7632,0.7488,0.6433,382,410,0,0,0,0
66,WLNM_original,0.7332,0.5854,00:00:11,10,40,6,1284695485,fixed,0.5000,0.6449,0.5049,0.5663,207,114,203,706,0.5049,0.8610,0.1390,0.4951,0.6449,0.5049,0.5663,0.7423,0.5797,0.3868,0.3927,0.3659,1364,544,820,0,1364,0,544,0,820,NaN,NaN,NaN,NaN,NaN,NaN,NaN,NaN,NaN,NaN,NaN,NaN,NaN,NaN,NaN,NaN,NaN,NaN,NaN,NaN,NaN,NaN,NaN,NaN,NaN,NaN,NaN,NaN,NaN,NaN,NaN,NaN,NaN,NaN,NaN,NaN,NaN,NaN,NaN,NaN,NaN,NaN,NaN,NaN,NaN,NaN,NaN,NaN,NaN,NaN,NaN,NaN,NaN,NaN,NaN,NaN,NaN,NaN,NaN,NaN,NaN,NaN,NaN,NaN,NaN,NaN,NaN,NaN,NaN,NaN,NaN,NaN,NaN,NaN,NaN,NaN,NaN,NaN,NaN,NaN,958,228,406,14284,0.7023,0.9843,0.0157,0.2977,0.8078,0.7023,0.7514,0.7319,0.6866,0.6018,321,410,0,0,0,0
67,WLNM_original,0.7989,0.6456,00:00:10,10,40,7,1284695486,fixed,0.5000,0.6522,0.6220,0.6367,255,136,155,684,0.6220,0.8341,0.1659,0.3780,0.6522,0.6220,0.6367,0.7634,0.5607,0.4614,0.4617,0.4561,1364,544,820,0,1364,0,544,0,820,NaN,NaN,NaN,NaN,NaN,NaN,NaN,NaN,NaN,NaN,NaN,NaN,NaN,NaN,NaN,NaN,NaN,NaN,NaN,NaN,NaN,NaN,NaN,NaN,NaN,NaN,NaN,NaN,NaN,NaN,NaN,NaN,NaN,NaN,NaN,NaN,NaN,NaN,NaN,NaN,NaN,NaN,NaN,NaN,NaN,NaN,NaN,NaN,NaN,NaN,NaN,NaN,NaN,NaN,NaN,NaN,NaN,NaN,NaN,NaN,NaN,NaN,NaN,NaN,NaN,NaN,NaN,NaN,NaN,NaN,NaN,NaN,NaN,NaN,NaN,NaN,NaN,NaN,NaN,NaN,1054,272,310,14240,0.7727,0.9813,0.0187,0.2273,0.7949,0.7727,0.7836,0.7637,0.7540,0.6443,391,410,0,0,0,0
68,WLNM_original,0.8107,0.6405,00:00:10,10,40,8,1284695487,fixed,0.5000,0.6625,0.6512,0.6568,267,136,143,684,0.6512,0.8341,0.1659,0.3488,0.6625,0.6512,0.6568,0.7732,0.5575,0.4874,0.4875,0.4854,1364,544,820,0,1364,0,544,0,820,NaN,NaN,NaN,NaN,NaN,NaN,NaN,NaN,NaN,NaN,NaN,NaN,NaN,NaN,NaN,NaN,NaN,NaN,NaN,NaN,NaN,NaN,NaN,NaN,NaN,NaN,NaN,NaN,NaN,NaN,NaN,NaN,NaN,NaN,NaN,NaN,NaN,NaN,NaN,NaN,NaN,NaN,NaN,NaN,NaN,NaN,NaN,NaN,NaN,NaN,NaN,NaN,NaN,NaN,NaN,NaN,NaN,NaN,NaN,NaN,NaN,NaN,NaN,NaN,NaN,NaN,NaN,NaN,NaN,NaN,NaN,NaN,NaN,NaN,NaN,NaN,NaN,NaN,NaN,NaN,1078,272,286,14240,0.7903,0.9813,0.0187,0.2097,0.7985,0.7903,0.7944,0.7752,0.7716,0.6589,403,410,0,0,0,0
69,WLNM_original,0.7951,0.6283,00:00:10,10,40,9,1284695488,fixed,0.5000,0.6233,0.5488,0.5837,225,136,185,684,0.5488,0.8341,0.1659,0.4512,0.6233,0.5488,0.5837,0.7390,0.5688,0.3947,0.3964,0.3829,1364,544,820,0,1364,0,544,0,820,NaN,NaN,NaN,NaN,NaN,NaN,NaN,NaN,NaN,NaN,NaN,NaN,NaN,NaN,NaN,NaN,NaN,NaN,NaN,NaN,NaN,NaN,NaN,NaN,NaN,NaN,NaN,NaN,NaN,NaN,NaN,NaN,NaN,NaN,NaN,NaN,NaN,NaN,NaN,NaN,NaN,NaN,NaN,NaN,NaN,NaN,NaN,NaN,NaN,NaN,NaN,NaN,NaN,NaN,NaN,NaN,NaN,NaN,NaN,NaN,NaN,NaN,NaN,NaN,NaN,NaN,NaN,NaN,NaN,NaN,NaN,NaN,NaN,NaN,NaN,NaN,NaN,NaN,NaN,NaN,994,272,370,14240,0.7287,0.9813,0.0187,0.2713,0.7852,0.7287,0.7559,0.7345,0.7100,0.6076,361,410,0,0,0,0
70,WLNM_original,0.8093,0.6905,00:00:10,10,40,10,1284695489,fixed,0.5000,0.6960,0.5976,0.6430,245,107,165,713,0.5976,0.8695,0.1305,0.4024,0.6960,0.5976,0.6430,0.7789,0.5713,0.4842,0.4872,0.4671,1364,544,820,0,1364,0,544,0,820,NaN,NaN,NaN,NaN,NaN,NaN,NaN,NaN,NaN,NaN,NaN,NaN,NaN,NaN,NaN,NaN,NaN,NaN,NaN,NaN,NaN,NaN,NaN,NaN,NaN,NaN,NaN,NaN,NaN,NaN,NaN,NaN,NaN,NaN,NaN,NaN,NaN,NaN,NaN,NaN,NaN,NaN,NaN,NaN,NaN,NaN,NaN,NaN,NaN,NaN,NaN,NaN,NaN,NaN,NaN,NaN,NaN,NaN,NaN,NaN,NaN,NaN,NaN,NaN,NaN,NaN,NaN,NaN,NaN,NaN,NaN,NaN,NaN,NaN,NaN,NaN,NaN,NaN,NaN,NaN,1034,214,330,14298,0.7581,0.9853,0.0147,0.2419,0.8285,0.7581,0.7917,0.7740,0.7433,0.6553,352,410,0,0,0,0
71,WLNM_original,0.7422,0.6170,00:00:10,10,40,11,1284695490,fixed,0.5000,0.6385,0.5341,0.5817,219,124,191,696,0.5341,0.8488,0.1512,0.4659,0.6385,0.5341,0.5817,0.7439,0.5737,0.3992,0.4025,0.3829,1364,544,820,0,1364,0,544,0,820,NaN,NaN,NaN,NaN,NaN,NaN,NaN,NaN,NaN,NaN,NaN,NaN,NaN,NaN,NaN,NaN,NaN,NaN,NaN,NaN,NaN,NaN,NaN,NaN,NaN,NaN,NaN,NaN,NaN,NaN,NaN,NaN,NaN,NaN,NaN,NaN,NaN,NaN,NaN,NaN,NaN,NaN,NaN,NaN,NaN,NaN,NaN,NaN,NaN,NaN,NaN,NaN,NaN,NaN,NaN,NaN,NaN,NaN,NaN,NaN,NaN,NaN,NaN,NaN,NaN,NaN,NaN,NaN,NaN,NaN,NaN,NaN,NaN,NaN,NaN,NaN,NaN,NaN,NaN,NaN,982,248,382,14264,0.7199,0.9829,0.0171,0.2801,0.7984,0.7199,0.7571,0.7368,0.7029,0.6092,343,410,0,0,0,0
72,WLNM_original,0.8007,0.6372,00:00:10,10,40,12,1284695491,fixed,0.5000,0.6342,0.6512,0.6426,267,154,143,666,0.6512,0.8122,0.1878,0.3488,0.6342,0.6512,0.6426,0.7585,0.5526,0.4603,0.4604,0.4634,1364,544,820,0,1364,0,544,0,820,NaN,NaN,NaN,NaN,NaN,NaN,NaN,NaN,NaN,NaN,NaN,NaN,NaN,NaN,NaN,NaN,NaN,NaN,NaN,NaN,NaN,NaN,NaN,NaN,NaN,NaN,NaN,NaN,NaN,NaN,NaN,NaN,NaN,NaN,NaN,NaN,NaN,NaN,NaN,NaN,NaN,NaN,NaN,NaN,NaN,NaN,NaN,NaN,NaN,NaN,NaN,NaN,NaN,NaN,NaN,NaN,NaN,NaN,NaN,NaN,NaN,NaN,NaN,NaN,NaN,NaN,NaN,NaN,NaN,NaN,NaN,NaN,NaN,NaN,NaN,NaN,NaN,NaN,NaN,NaN,1078,308,286,14204,0.7903,0.9788,0.0212,0.2097,0.7778,0.7903,0.7840,0.7635,0.7691,0.6447,421,410,0,0,0,0
73,WLNM_original,0.8112,0.6250,00:00:09,10,40,13,1284695492,fixed,0.5000,0.6253,0.6268,0.6261,257,154,153,666,0.6268,0.8122,0.1878,0.3732,0.6253,0.6268,0.6261,0.7504,0.5553,0.4388,0.4388,0.4390,1364,544,820,0,1364,0,544,0,820,NaN,NaN,NaN,NaN,NaN,NaN,NaN,NaN,NaN,NaN,NaN,NaN,NaN,NaN,NaN,NaN,NaN,NaN,NaN,NaN,NaN,NaN,NaN,NaN,NaN,NaN,NaN,NaN,NaN,NaN,NaN,NaN,NaN,NaN,NaN,NaN,NaN,NaN,NaN,NaN,NaN,NaN,NaN,NaN,NaN,NaN,NaN,NaN,NaN,NaN,NaN,NaN,NaN,NaN,NaN,NaN,NaN,NaN,NaN,NaN,NaN,NaN,NaN,NaN,NaN,NaN,NaN,NaN,NaN,NaN,NaN,NaN,NaN,NaN,NaN,NaN,NaN,NaN,NaN,NaN,1058,308,306,14204,0.7757,0.9788,0.0212,0.2243,0.7745,0.7757,0.7751,0.7539,0.7544,0.6328,411,410,0,0,0,0
74,WLNM_original,0.7562,0.6169,00:00:10,10,40,14,1284695493,fixed,0.5000,0.6554,0.5195,0.5796,213,112,197,708,0.5195,0.8634,0.1366,0.4805,0.6554,0.5195,0.5796,0.7488,0.5786,0.4039,0.4094,0.3829,1364,544,820,0,1364,0,544,0,820,NaN,NaN,NaN,NaN,NaN,NaN,NaN,NaN,NaN,NaN,NaN,NaN,NaN,NaN,NaN,NaN,NaN,NaN,NaN,NaN,NaN,NaN,NaN,NaN,NaN,NaN,NaN,NaN,NaN,NaN,NaN,NaN,NaN,NaN,NaN,NaN,NaN,NaN,NaN,NaN,NaN,NaN,NaN,NaN,NaN,NaN,NaN,NaN,NaN,NaN,NaN,NaN,NaN,NaN,NaN,NaN,NaN,NaN,NaN,NaN,NaN,NaN,NaN,NaN,NaN,NaN,NaN,NaN,NaN,NaN,NaN,NaN,NaN,NaN,NaN,NaN,NaN,NaN,NaN,NaN,970,224,394,14288,0.7111,0.9846,0.0154,0.2889,0.8124,0.7111,0.7584,0.7393,0.6957,0.6108,325,410,0,0,0,0
75,WLNM_original,0.7822,0.6375,00:00:10,10,40,15,1284695494,fixed,0.5000,0.6676,0.5585,0.6082,229,114,181,706,0.5585,0.8610,0.1390,0.4415,0.6676,0.5585,0.6082,0.7602,0.5737,0.4374,0.4410,0.4195,1364,544,820,0,1364,0,544,0,820,NaN,NaN,NaN,NaN,NaN,NaN,NaN,NaN,NaN,NaN,NaN,NaN,NaN,NaN,NaN,NaN,NaN,NaN,NaN,NaN,NaN,NaN,NaN,NaN,NaN,NaN,NaN,NaN,NaN,NaN,NaN,NaN,NaN,NaN,NaN,NaN,NaN,NaN,NaN,NaN,NaN,NaN,NaN,NaN,NaN,NaN,NaN,NaN,NaN,NaN,NaN,NaN,NaN,NaN,NaN,NaN,NaN,NaN,NaN,NaN,NaN,NaN,NaN,NaN,NaN,NaN,NaN,NaN,NaN,NaN,NaN,NaN,NaN,NaN,NaN,NaN,NaN,NaN,NaN,NaN,1002,228,362,14284,0.7346,0.9843,0.0157,0.2654,0.8146,0.7346,0.7726,0.7536,0.7189,0.6294,343,410,0,0,0,0
76,WLNM_original,0.8047,0.6466,00:00:10,10,40,16,1284695495,fixed,0.5000,0.6479,0.6732,0.6603,276,150,134,670,0.6732,0.8171,0.1829,0.3268,0.6479,0.6732,0.6603,0.7691,0.5512,0.4855,0.4857,0.4902,1364,544,820,0,1364,0,544,0,820,NaN,NaN,NaN,NaN,NaN,NaN,NaN,NaN,NaN,NaN,NaN,NaN,NaN,NaN,NaN,NaN,NaN,NaN,NaN,NaN,NaN,NaN,NaN,NaN,NaN,NaN,NaN,NaN,NaN,NaN,NaN,NaN,NaN,NaN,NaN,NaN,NaN,NaN,NaN,NaN,NaN,NaN,NaN,NaN,NaN,NaN,NaN,NaN,NaN,NaN,NaN,NaN,NaN,NaN,NaN,NaN,NaN,NaN,NaN,NaN,NaN,NaN,NaN,NaN,NaN,NaN,NaN,NaN,NaN,NaN,NaN,NaN,NaN,NaN,NaN,NaN,NaN,NaN,NaN,NaN,1096,300,268,14212,0.8035,0.9793,0.0207,0.1965,0.7851,0.8035,0.7942,0.7747,0.7828,0.6587,426,410,0,0,0,0
77,WLNM_original,0.7935,0.6376,00:00:09,10,40,17,1284695496,fixed,0.5000,0.6434,0.6293,0.6363,258,143,152,677,0.6293,0.8256,0.1744,0.3707,0.6434,0.6293,0.6363,0.7602,0.5580,0.4574,0.4575,0.4549,1364,544,820,0,1364,0,544,0,820,NaN,NaN,NaN,NaN,NaN,NaN,NaN,NaN,NaN,NaN,NaN,NaN,NaN,NaN,NaN,NaN,NaN,NaN,NaN,NaN,NaN,NaN,NaN,NaN,NaN,NaN,NaN,NaN,NaN,NaN,NaN,NaN,NaN,NaN,NaN,NaN,NaN,NaN,NaN,NaN,NaN,NaN,NaN,NaN,NaN,NaN,NaN,NaN,NaN,NaN,NaN,NaN,NaN,NaN,NaN,NaN,NaN,NaN,NaN,NaN,NaN,NaN,NaN,NaN,NaN,NaN,NaN,NaN,NaN,NaN,NaN,NaN,NaN,NaN,NaN,NaN,NaN,NaN,NaN,NaN,1060,286,304,14226,0.7771,0.9803,0.0197,0.2229,0.7875,0.7771,0.7823,0.7620,0.7574,0.6424,401,410,0,0,0,0
78,WLNM_original,0.8066,0.6605,00:00:10,10,40,18,1284695497,fixed,0.5000,0.6368,0.6244,0.6305,256,146,154,674,0.6244,0.8220,0.1780,0.3756,0.6368,0.6244,0.6305,0.7561,0.5577,0.4485,0.4486,0.4463,1364,544,820,0,1364,0,544,0,820,NaN,NaN,NaN,NaN,NaN,NaN,NaN,NaN,NaN,NaN,NaN,NaN,NaN,NaN,NaN,NaN,NaN,NaN,NaN,NaN,NaN,NaN,NaN,NaN,NaN,NaN,NaN,NaN,NaN,NaN,NaN,NaN,NaN,NaN,NaN,NaN,NaN,NaN,NaN,NaN,NaN,NaN,NaN,NaN,NaN,NaN,NaN,NaN,NaN,NaN,NaN,NaN,NaN,NaN,NaN,NaN,NaN,NaN,NaN,NaN,NaN,NaN,NaN,NaN,NaN,NaN,NaN,NaN,NaN,NaN,NaN,NaN,NaN,NaN,NaN,NaN,NaN,NaN,NaN,NaN,1056,292,308,14220,0.7742,0.9799,0.0201,0.2258,0.7834,0.7742,0.7788,0.7581,0.7541,0.6377,402,410,0,0,0,0
79,WLNM_original,0.8004,0.6532,00:00:10,10,40,19,1284695498,fixed,0.5000,0.6347,0.5976,0.6156,245,141,165,679,0.5976,0.8280,0.1720,0.4024,0.6347,0.5976,0.6156,0.7512,0.5621,0.4319,0.4324,0.4256,1364,544,820,0,1364,0,544,0,820,NaN,NaN,NaN,NaN,NaN,NaN,NaN,NaN,NaN,NaN,NaN,NaN,NaN,NaN,NaN,NaN,NaN,NaN,NaN,NaN,NaN,NaN,NaN,NaN,NaN,NaN,NaN,NaN,NaN,NaN,NaN,NaN,NaN,NaN,NaN,NaN,NaN,NaN,NaN,NaN,NaN,NaN,NaN,NaN,NaN,NaN,NaN,NaN,NaN,NaN,NaN,NaN,NaN,NaN,NaN,NaN,NaN,NaN,NaN,NaN,NaN,NaN,NaN,NaN,NaN,NaN,NaN,NaN,NaN,NaN,NaN,NaN,NaN,NaN,NaN,NaN,NaN,NaN,NaN,NaN,1034,282,330,14230,0.7581,0.9806,0.0194,0.2419,0.7857,0.7581,0.7716,0.7507,0.7386,0.6282,386,410,0,0,0,0
80,WLNM_original,0.7951,0.6588,00:00:09,10,40,20,1284695499,fixed,0.5000,0.6441,0.6268,0.6354,257,142,153,678,0.6268,0.8268,0.1732,0.3732,0.6441,0.6268,0.6354,0.7602,0.5585,0.4567,0.4568,0.4537,1364,544,820,0,1364,0,544,0,820,NaN,NaN,NaN,NaN,NaN,NaN,NaN,NaN,NaN,NaN,NaN,NaN,NaN,NaN,NaN,NaN,NaN,NaN,NaN,NaN,NaN,NaN,NaN,NaN,NaN,NaN,NaN,NaN,NaN,NaN,NaN,NaN,NaN,NaN,NaN,NaN,NaN,NaN,NaN,NaN,NaN,NaN,NaN,NaN,NaN,NaN,NaN,NaN,NaN,NaN,NaN,NaN,NaN,NaN,NaN,NaN,NaN,NaN,NaN,NaN,NaN,NaN,NaN,NaN,NaN,NaN,NaN,NaN,NaN,NaN,NaN,NaN,NaN,NaN,NaN,NaN,NaN,NaN,NaN,NaN,1058,284,306,14228,0.7757,0.9804,0.0196,0.2243,0.7884,0.7757,0.7820,0.7617,0.7561,0.6420,399,410,0,0,0,0
81,WLNM_original,0.8455,0.7304,00:00:09,10,50,1,1285612780,fixed,0.5000,0.7076,0.7097,0.7086,242,100,99,582,0.7097,0.8534,0.1466,0.2903,0.7076,0.7097,0.7086,0.8055,0.5552,0.5626,0.5626,0.5630,1364,682,682,0,1364,0,682,0,682,NaN,NaN,NaN,NaN,NaN,NaN,NaN,NaN,NaN,NaN,NaN,NaN,NaN,NaN,NaN,NaN,NaN,NaN,NaN,NaN,NaN,NaN,NaN,NaN,NaN,NaN,NaN,NaN,NaN,NaN,NaN,NaN,NaN,NaN,NaN,NaN,NaN,NaN,NaN,NaN,NaN,NaN,NaN,NaN,NaN,NaN,NaN,NaN,NaN,NaN,NaN,NaN,NaN,NaN,NaN,NaN,NaN,NaN,NaN,NaN,NaN,NaN,NaN,NaN,NaN,NaN,NaN,NaN,NaN,NaN,NaN,NaN,NaN,NaN,NaN,NaN,NaN,NaN,NaN,NaN,1166,200,198,14312,0.8548,0.9862,0.0138,0.1452,0.8536,0.8548,0.8542,0.8405,0.8411,0.7455,342,341,0,0,0,0
82,WLNM_original,0.8634,0.7133,00:00:11,10,50,2,1285612781,fixed,0.5000,0.7067,0.7419,0.7239,253,105,88,577,0.7419,0.8460,0.1540,0.2581,0.7067,0.7419,0.7239,0.8113,0.5500,0.5807,0.5811,0.5880,1364,682,682,0,1364,0,682,0,682,NaN,NaN,NaN,NaN,NaN,NaN,NaN,NaN,NaN,NaN,NaN,NaN,NaN,NaN,NaN,NaN,NaN,NaN,NaN,NaN,NaN,NaN,NaN,NaN,NaN,NaN,NaN,NaN,NaN,NaN,NaN,NaN,NaN,NaN,NaN,NaN,NaN,NaN,NaN,NaN,NaN,NaN,NaN,NaN,NaN,NaN,NaN,NaN,NaN,NaN,NaN,NaN,NaN,NaN,NaN,NaN,NaN,NaN,NaN,NaN,NaN,NaN,NaN,NaN,NaN,NaN,NaN,NaN,NaN,NaN,NaN,NaN,NaN,NaN,NaN,NaN,NaN,NaN,NaN,NaN,1188,210,176,14302,0.8710,0.9855,0.0145,0.1290,0.8498,0.8710,0.8602,0.8470,0.8565,0.7548,358,341,0,0,0,0
83,WLNM_original,0.8573,0.6370,00:00:10,10,50,3,1285612782,fixed,0.5000,0.6930,0.6950,0.6940,237,105,104,577,0.6950,0.8460,0.1540,0.3050,0.6930,0.6950,0.6940,0.7957,0.5552,0.5407,0.5407,0.5411,1364,682,682,0,1364,0,682,0,682,NaN,NaN,NaN,NaN,NaN,NaN,NaN,NaN,NaN,NaN,NaN,NaN,NaN,NaN,NaN,NaN,NaN,NaN,NaN,NaN,NaN,NaN,NaN,NaN,NaN,NaN,NaN,NaN,NaN,NaN,NaN,NaN,NaN,NaN,NaN,NaN,NaN,NaN,NaN,NaN,NaN,NaN,NaN,NaN,NaN,NaN,NaN,NaN,NaN,NaN,NaN,NaN,NaN,NaN,NaN,NaN,NaN,NaN,NaN,NaN,NaN,NaN,NaN,NaN,NaN,NaN,NaN,NaN,NaN,NaN,NaN,NaN,NaN,NaN,NaN,NaN,NaN,NaN,NaN,NaN,1156,210,208,14302,0.8475,0.9855,0.0145,0.1525,0.8463,0.8475,0.8469,0.8325,0.8330,0.7344,342,341,0,0,0,0
84,WLNM_original,0.8429,0.6788,00:00:11,10,50,4,1285612783,fixed,0.5000,0.7240,0.6540,0.6872,223,85,118,597,0.6540,0.8754,0.1246,0.3460,0.7240,0.6540,0.6872,0.8016,0.5663,0.5424,0.5440,0.5293,1364,682,682,0,1364,0,682,0,682,NaN,NaN,NaN,NaN,NaN,NaN,NaN,NaN,NaN,NaN,NaN,NaN,NaN,NaN,NaN,NaN,NaN,NaN,NaN,NaN,NaN,NaN,NaN,NaN,NaN,NaN,NaN,NaN,NaN,NaN,NaN,NaN,NaN,NaN,NaN,NaN,NaN,NaN,NaN,NaN,NaN,NaN,NaN,NaN,NaN,NaN,NaN,NaN,NaN,NaN,NaN,NaN,NaN,NaN,NaN,NaN,NaN,NaN,NaN,NaN,NaN,NaN,NaN,NaN,NaN,NaN,NaN,NaN,NaN,NaN,NaN,NaN,NaN,NaN,NaN,NaN,NaN,NaN,NaN,NaN,1128,170,236,14342,0.8270,0.9883,0.0117,0.1730,0.8690,0.8270,0.8475,0.8338,0.8153,0.7353,308,341,0,0,0,0
85,WLNM_original,0.8445,0.6952,00:00:11,10,50,5,1285612784,fixed,0.5000,0.6751,0.7067,0.6905,241,116,100,566,0.7067,0.8299,0.1701,0.2933,0.6751,0.7067,0.6905,0.7889,0.5503,0.5304,0.5308,0.5367,1364,682,682,0,1364,0,682,0,682,NaN,NaN,NaN,NaN,NaN,NaN,NaN,NaN,NaN,NaN,NaN,NaN,NaN,NaN,NaN,NaN,NaN,NaN,NaN,NaN,NaN,NaN,NaN,NaN,NaN,NaN,NaN,NaN,NaN,NaN,NaN,NaN,NaN,NaN,NaN,NaN,NaN,NaN,NaN,NaN,NaN,NaN,NaN,NaN,NaN,NaN,NaN,NaN,NaN,NaN,NaN,NaN,NaN,NaN,NaN,NaN,NaN,NaN,NaN,NaN,NaN,NaN,NaN,NaN,NaN,NaN,NaN,NaN,NaN,NaN,NaN,NaN,NaN,NaN,NaN,NaN,NaN,NaN,NaN,NaN,1164,232,200,14280,0.8534,0.9840,0.0160,0.1466,0.8338,0.8534,0.8435,0.8286,0.8374,0.7293,357,341,0,0,0,0
86,WLNM_original,0.8207,0.6533,00:00:11,10,50,6,1285612785,fixed,0.5000,0.6467,0.6979,0.6714,238,130,103,552,0.6979,0.8094,0.1906,0.3021,0.6467,0.6979,0.6714,0.7722,0.5468,0.4975,0.4983,0.5073,1364,682,682,0,1364,0,682,0,682,NaN,NaN,NaN,NaN,NaN,NaN,NaN,NaN,NaN,NaN,NaN,NaN,NaN,NaN,NaN,NaN,NaN,NaN,NaN,NaN,NaN,NaN,NaN,NaN,NaN,NaN,NaN,NaN,NaN,NaN,NaN,NaN,NaN,NaN,NaN,NaN,NaN,NaN,NaN,NaN,NaN,NaN,NaN,NaN,NaN,NaN,NaN,NaN,NaN,NaN,NaN,NaN,NaN,NaN,NaN,NaN,NaN,NaN,NaN,NaN,NaN,NaN,NaN,NaN,NaN,NaN,NaN,NaN,NaN,NaN,NaN,NaN,NaN,NaN,NaN,NaN,NaN,NaN,NaN,NaN,1158,260,206,14252,0.8490,0.9821,0.0179,0.1510,0.8166,0.8490,0.8325,0.8166,0.8311,0.7131,368,341,0,0,0,0
87,WLNM_original,0.8147,0.6522,00:00:11,10,50,7,1285612786,fixed,0.5000,0.6831,0.6510,0.6667,222,103,119,579,0.6510,0.8490,0.1510,0.3490,0.6831,0.6510,0.6667,0.7830,0.5608,0.5059,0.5063,0.5000,1364,682,682,0,1364,0,682,0,682,NaN,NaN,NaN,NaN,NaN,NaN,NaN,NaN,NaN,NaN,NaN,NaN,NaN,NaN,NaN,NaN,NaN,NaN,NaN,NaN,NaN,NaN,NaN,NaN,NaN,NaN,NaN,NaN,NaN,NaN,NaN,NaN,NaN,NaN,NaN,NaN,NaN,NaN,NaN,NaN,NaN,NaN,NaN,NaN,NaN,NaN,NaN,NaN,NaN,NaN,NaN,NaN,NaN,NaN,NaN,NaN,NaN,NaN,NaN,NaN,NaN,NaN,NaN,NaN,NaN,NaN,NaN,NaN,NaN,NaN,NaN,NaN,NaN,NaN,NaN,NaN,NaN,NaN,NaN,NaN,1126,206,238,14306,0.8255,0.9858,0.0142,0.1745,0.8453,0.8255,0.8353,0.8201,0.8113,0.7172,325,341,0,0,0,0
88,WLNM_original,0.8373,0.6235,00:00:11,10,50,8,1285612787,fixed,0.5000,0.6597,0.7449,0.6997,254,131,87,551,0.7449,0.8079,0.1921,0.2551,0.6597,0.7449,0.6997,0.7869,0.5412,0.5355,0.5379,0.5528,1364,682,682,0,1364,0,682,0,682,NaN,NaN,NaN,NaN,NaN,NaN,NaN,NaN,NaN,NaN,NaN,NaN,NaN,NaN,NaN,NaN,NaN,NaN,NaN,NaN,NaN,NaN,NaN,NaN,NaN,NaN,NaN,NaN,NaN,NaN,NaN,NaN,NaN,NaN,NaN,NaN,NaN,NaN,NaN,NaN,NaN,NaN,NaN,NaN,NaN,NaN,NaN,NaN,NaN,NaN,NaN,NaN,NaN,NaN,NaN,NaN,NaN,NaN,NaN,NaN,NaN,NaN,NaN,NaN,NaN,NaN,NaN,NaN,NaN,NaN,NaN,NaN,NaN,NaN,NaN,NaN,NaN,NaN,NaN,NaN,1190,262,174,14250,0.8724,0.9819,0.0181,0.1276,0.8196,0.8724,0.8452,0.8306,0.8544,0.7319,385,341,0,0,0,0
89,WLNM_original,0.8261,0.6952,00:00:11,10,50,9,1285612788,fixed,0.5000,0.6907,0.6745,0.6825,230,103,111,579,0.6745,0.8490,0.1510,0.3255,0.6907,0.6745,0.6825,0.7908,0.5582,0.5265,0.5266,0.5235,1364,682,682,0,1364,0,682,0,682,NaN,NaN,NaN,NaN,NaN,NaN,NaN,NaN,NaN,NaN,NaN,NaN,NaN,NaN,NaN,NaN,NaN,NaN,NaN,NaN,NaN,NaN,NaN,NaN,NaN,NaN,NaN,NaN,NaN,NaN,NaN,NaN,NaN,NaN,NaN,NaN,NaN,NaN,NaN,NaN,NaN,NaN,NaN,NaN,NaN,NaN,NaN,NaN,NaN,NaN,NaN,NaN,NaN,NaN,NaN,NaN,NaN,NaN,NaN,NaN,NaN,NaN,NaN,NaN,NaN,NaN,NaN,NaN,NaN,NaN,NaN,NaN,NaN,NaN,NaN,NaN,NaN,NaN,NaN,NaN,1142,206,222,14306,0.8372,0.9858,0.0142,0.1628,0.8472,0.8372,0.8422,0.8275,0.8230,0.7274,333,341,0,0,0,0
90,WLNM_original,0.8447,0.6457,00:00:10,10,50,10,1285612789,fixed,0.5000,0.6756,0.7390,0.7059,252,121,89,561,0.7390,0.8226,0.1774,0.2610,0.6756,0.7390,0.7059,0.7947,0.5451,0.5487,0.5500,0.5616,1364,682,682,0,1364,0,682,0,682,NaN,NaN,NaN,NaN,NaN,NaN,NaN,NaN,NaN,NaN,NaN,NaN,NaN,NaN,NaN,NaN,NaN,NaN,NaN,NaN,NaN,NaN,NaN,NaN,NaN,NaN,NaN,NaN,NaN,NaN,NaN,NaN,NaN,NaN,NaN,NaN,NaN,NaN,NaN,NaN,NaN,NaN,NaN,NaN,NaN,NaN,NaN,NaN,NaN,NaN,NaN,NaN,NaN,NaN,NaN,NaN,NaN,NaN,NaN,NaN,NaN,NaN,NaN,NaN,NaN,NaN,NaN,NaN,NaN,NaN,NaN,NaN,NaN,NaN,NaN,NaN,NaN,NaN,NaN,NaN,1186,242,178,14270,0.8695,0.9833,0.0167,0.1305,0.8305,0.8695,0.8496,0.8353,0.8528,0.7385,373,341,0,0,0,0
91,WLNM_original,0.8425,0.6737,00:00:11,10,50,11,1285612790,fixed,0.5000,0.6802,0.7361,0.7070,251,118,90,564,0.7361,0.8270,0.1730,0.2639,0.6802,0.7361,0.7070,0.7967,0.5464,0.5517,0.5527,0.5630,1364,682,682,0,1364,0,682,0,682,NaN,NaN,NaN,NaN,NaN,NaN,NaN,NaN,NaN,NaN,NaN,NaN,NaN,NaN,NaN,NaN,NaN,NaN,NaN,NaN,NaN,NaN,NaN,NaN,NaN,NaN,NaN,NaN,NaN,NaN,NaN,NaN,NaN,NaN,NaN,NaN,NaN,NaN,NaN,NaN,NaN,NaN,NaN,NaN,NaN,NaN,NaN,NaN,NaN,NaN,NaN,NaN,NaN,NaN,NaN,NaN,NaN,NaN,NaN,NaN,NaN,NaN,NaN,NaN,NaN,NaN,NaN,NaN,NaN,NaN,NaN,NaN,NaN,NaN,NaN,NaN,NaN,NaN,NaN,NaN,1184,236,180,14276,0.8680,0.9837,0.0163,0.1320,0.8338,0.8680,0.8506,0.8364,0.8518,0.7400,369,341,0,0,0,0
92,WLNM_original,0.8556,0.6705,00:00:11,10,50,12,1285612791,fixed,0.5000,0.7108,0.7713,0.7398,263,107,78,575,0.7713,0.8431,0.1569,0.2287,0.7108,0.7713,0.7398,0.8192,0.5461,0.6016,0.6028,0.6144,1364,682,682,0,1364,0,682,0,682,NaN,NaN,NaN,NaN,NaN,NaN,NaN,NaN,NaN,NaN,NaN,NaN,NaN,NaN,NaN,NaN,NaN,NaN,NaN,NaN,NaN,NaN,NaN,NaN,NaN,NaN,NaN,NaN,NaN,NaN,NaN,NaN,NaN,NaN,NaN,NaN,NaN,NaN,NaN,NaN,NaN,NaN,NaN,NaN,NaN,NaN,NaN,NaN,NaN,NaN,NaN,NaN,NaN,NaN,NaN,NaN,NaN,NaN,NaN,NaN,NaN,NaN,NaN,NaN,NaN,NaN,NaN,NaN,NaN,NaN,NaN,NaN,NaN,NaN,NaN,NaN,NaN,NaN,NaN,NaN,1208,214,156,14298,0.8856,0.9853,0.0147,0.1144,0.8495,0.8856,0.8672,0.8546,0.8709,0.7655,370,341,0,0,0,0
93,WLNM_original,0.8397,0.6752,00:00:10,10,50,13,1285612792,fixed,0.5000,0.7021,0.6979,0.7000,238,101,103,581,0.6979,0.8519,0.1481,0.3021,0.7021,0.6979,0.7000,0.8006,0.5562,0.5507,0.5507,0.5499,1364,682,682,0,1364,0,682,0,682,NaN,NaN,NaN,NaN,NaN,NaN,NaN,NaN,NaN,NaN,NaN,NaN,NaN,NaN,NaN,NaN,NaN,NaN,NaN,NaN,NaN,NaN,NaN,NaN,NaN,NaN,NaN,NaN,NaN,NaN,NaN,NaN,NaN,NaN,NaN,NaN,NaN,NaN,NaN,NaN,NaN,NaN,NaN,NaN,NaN,NaN,NaN,NaN,NaN,NaN,NaN,NaN,NaN,NaN,NaN,NaN,NaN,NaN,NaN,NaN,NaN,NaN,NaN,NaN,NaN,NaN,NaN,NaN,NaN,NaN,NaN,NaN,NaN,NaN,NaN,NaN,NaN,NaN,NaN,NaN,1158,202,206,14310,0.8490,0.9861,0.0139,0.1510,0.8515,0.8490,0.8502,0.8362,0.8351,0.7395,339,341,0,0,0,0
94,WLNM_original,0.8101,0.5816,00:00:11,10,50,14,1285612793,fixed,0.5000,0.6601,0.6833,0.6715,233,120,108,562,0.6833,0.8240,0.1760,0.3167,0.6601,0.6833,0.6715,0.7771,0.5516,0.5029,0.5031,0.5073,1364,682,682,0,1364,0,682,0,682,NaN,NaN,NaN,NaN,NaN,NaN,NaN,NaN,NaN,NaN,NaN,NaN,NaN,NaN,NaN,NaN,NaN,NaN,NaN,NaN,NaN,NaN,NaN,NaN,NaN,NaN,NaN,NaN,NaN,NaN,NaN,NaN,NaN,NaN,NaN,NaN,NaN,NaN,NaN,NaN,NaN,NaN,NaN,NaN,NaN,NaN,NaN,NaN,NaN,NaN,NaN,NaN,NaN,NaN,NaN,NaN,NaN,NaN,NaN,NaN,NaN,NaN,NaN,NaN,NaN,NaN,NaN,NaN,NaN,NaN,NaN,NaN,NaN,NaN,NaN,NaN,NaN,NaN,NaN,NaN,1148,240,216,14272,0.8416,0.9835,0.0165,0.1584,0.8271,0.8416,0.8343,0.8186,0.8251,0.7157,353,341,0,0,0,0
95,WLNM_original,0.8351,0.6808,00:00:11,10,50,15,1285612794,fixed,0.5000,0.6427,0.7331,0.6849,250,139,91,543,0.7331,0.7962,0.2038,0.2669,0.6427,0.7331,0.6849,0.7752,0.5399,0.5113,0.5140,0.5293,1364,682,682,0,1364,0,682,0,682,NaN,NaN,NaN,NaN,NaN,NaN,NaN,NaN,NaN,NaN,NaN,NaN,NaN,NaN,NaN,NaN,NaN,NaN,NaN,NaN,NaN,NaN,NaN,NaN,NaN,NaN,NaN,NaN,NaN,NaN,NaN,NaN,NaN,NaN,NaN,NaN,NaN,NaN,NaN,NaN,NaN,NaN,NaN,NaN,NaN,NaN,NaN,NaN,NaN,NaN,NaN,NaN,NaN,NaN,NaN,NaN,NaN,NaN,NaN,NaN,NaN,NaN,NaN,NaN,NaN,NaN,NaN,NaN,NaN,NaN,NaN,NaN,NaN,NaN,NaN,NaN,NaN,NaN,NaN,NaN,1182,278,182,14234,0.8666,0.9808,0.0192,0.1334,0.8096,0.8666,0.8371,0.8218,0.8474,0.7199,389,341,0,0,0,0
96,WLNM_original,0.8457,0.7168,00:00:10,10,50,16,1285612795,fixed,0.5000,0.7147,0.7126,0.7137,243,97,98,585,0.7126,0.8578,0.1422,0.2874,0.7147,0.7126,0.7137,0.8094,0.5559,0.5708,0.5708,0.5704,1364,682,682,0,1364,0,682,0,682,NaN,NaN,NaN,NaN,NaN,NaN,NaN,NaN,NaN,NaN,NaN,NaN,NaN,NaN,NaN,NaN,NaN,NaN,NaN,NaN,NaN,NaN,NaN,NaN,NaN,NaN,NaN,NaN,NaN,NaN,NaN,NaN,NaN,NaN,NaN,NaN,NaN,NaN,NaN,NaN,NaN,NaN,NaN,NaN,NaN,NaN,NaN,NaN,NaN,NaN,NaN,NaN,NaN,NaN,NaN,NaN,NaN,NaN,NaN,NaN,NaN,NaN,NaN,NaN,NaN,NaN,NaN,NaN,NaN,NaN,NaN,NaN,NaN,NaN,NaN,NaN,NaN,NaN,NaN,NaN,1168,194,196,14318,0.8563,0.9866,0.0134,0.1437,0.8576,0.8563,0.8569,0.8435,0.8429,0.7497,340,341,0,0,0,0
97,WLNM_original,0.8535,0.6730,00:00:10,10,50,17,1285612796,fixed,0.5000,0.6885,0.7390,0.7129,252,114,89,568,0.7390,0.8328,0.1672,0.2610,0.6885,0.7390,0.7129,0.8016,0.5474,0.5616,0.5624,0.5718,1364,682,682,0,1364,0,682,0,682,NaN,NaN,NaN,NaN,NaN,NaN,NaN,NaN,NaN,NaN,NaN,NaN,NaN,NaN,NaN,NaN,NaN,NaN,NaN,NaN,NaN,NaN,NaN,NaN,NaN,NaN,NaN,NaN,NaN,NaN,NaN,NaN,NaN,NaN,NaN,NaN,NaN,NaN,NaN,NaN,NaN,NaN,NaN,NaN,NaN,NaN,NaN,NaN,NaN,NaN,NaN,NaN,NaN,NaN,NaN,NaN,NaN,NaN,NaN,NaN,NaN,NaN,NaN,NaN,NaN,NaN,NaN,NaN,NaN,NaN,NaN,NaN,NaN,NaN,NaN,NaN,NaN,NaN,NaN,NaN,1186,228,178,14284,0.8695,0.9843,0.0157,0.1305,0.8388,0.8695,0.8539,0.8400,0.8538,0.7450,366,341,0,0,0,0
98,WLNM_original,0.8735,0.6044,00:00:11,10,50,18,1285612797,fixed,0.5000,0.7461,0.7067,0.7259,241,82,100,600,0.7067,0.8798,0.1202,0.2933,0.7461,0.7067,0.7259,0.8221,0.5614,0.5944,0.5948,0.5865,1364,682,682,0,1364,0,682,0,682,NaN,NaN,NaN,NaN,NaN,NaN,NaN,NaN,NaN,NaN,NaN,NaN,NaN,NaN,NaN,NaN,NaN,NaN,NaN,NaN,NaN,NaN,NaN,NaN,NaN,NaN,NaN,NaN,NaN,NaN,NaN,NaN,NaN,NaN,NaN,NaN,NaN,NaN,NaN,NaN,NaN,NaN,NaN,NaN,NaN,NaN,NaN,NaN,NaN,NaN,NaN,NaN,NaN,NaN,NaN,NaN,NaN,NaN,NaN,NaN,NaN,NaN,NaN,NaN,NaN,NaN,NaN,NaN,NaN,NaN,NaN,NaN,NaN,NaN,NaN,NaN,NaN,NaN,NaN,NaN,1164,164,200,14348,0.8534,0.9887,0.0113,0.1466,0.8765,0.8534,0.8648,0.8524,0.8421,0.7618,323,341,0,0,0,0
99,WLNM_original,0.8440,0.6704,00:00:10,10,50,19,1285612798,fixed,0.5000,0.6768,0.7185,0.6970,245,117,96,565,0.7185,0.8284,0.1716,0.2815,0.6768,0.7185,0.6970,0.7918,0.5487,0.5386,0.5392,0.5469,1364,682,682,0,1364,0,682,0,682,NaN,NaN,NaN,NaN,NaN,NaN,NaN,NaN,NaN,NaN,NaN,NaN,NaN,NaN,NaN,NaN,NaN,NaN,NaN,NaN,NaN,NaN,NaN,NaN,NaN,NaN,NaN,NaN,NaN,NaN,NaN,NaN,NaN,NaN,NaN,NaN,NaN,NaN,NaN,NaN,NaN,NaN,NaN,NaN,NaN,NaN,NaN,NaN,NaN,NaN,NaN,NaN,NaN,NaN,NaN,NaN,NaN,NaN,NaN,NaN,NaN,NaN,NaN,NaN,NaN,NaN,NaN,NaN,NaN,NaN,NaN,NaN,NaN,NaN,NaN,NaN,NaN,NaN,NaN,NaN,1172,234,192,14278,0.8592,0.9839,0.0161,0.1408,0.8336,0.8592,0.8462,0.8316,0.8431,0.7334,362,341,0,0,0,0
100,WLNM_original,0.8627,0.6750,00:00:12,10,50,20,1285612799,fixed,0.5000,0.6865,0.7449,0.7145,254,116,87,566,0.7449,0.8299,0.1701,0.2551,0.6865,0.7449,0.7145,0.8016,0.5461,0.5628,0.5639,0.5748,1364,682,682,0,1364,0,682,0,682,NaN,NaN,NaN,NaN,NaN,NaN,NaN,NaN,NaN,NaN,NaN,NaN,NaN,NaN,NaN,NaN,NaN,NaN,NaN,NaN,NaN,NaN,NaN,NaN,NaN,NaN,NaN,NaN,NaN,NaN,NaN,NaN,NaN,NaN,NaN,NaN,NaN,NaN,NaN,NaN,NaN,NaN,NaN,NaN,NaN,NaN,NaN,NaN,NaN,NaN,NaN,NaN,NaN,NaN,NaN,NaN,NaN,NaN,NaN,NaN,NaN,NaN,NaN,NaN,NaN,NaN,NaN,NaN,NaN,NaN,NaN,NaN,NaN,NaN,NaN,NaN,NaN,NaN,NaN,NaN,1190,232,174,14280,0.8724,0.9840,0.0160,0.1276,0.8368,0.8724,0.8543,0.8405,0.8564,0.7456,370,341,0,0,0,0
101,WLNM_original,0.8715,0.7657,00:00:11,10,60,1,1286530080,fixed,0.5000,0.7305,0.7546,0.7423,206,76,67,470,0.7546,0.8608,0.1392,0.2454,0.7305,0.7546,0.7423,0.8254,0.5519,0.6104,0.6105,0.6154,1364,818,546,0,1364,0,818,0,546,NaN,NaN,NaN,NaN,NaN,NaN,NaN,NaN,NaN,NaN,NaN,NaN,NaN,NaN,NaN,NaN,NaN,NaN,NaN,NaN,NaN,NaN,NaN,NaN,NaN,NaN,NaN,NaN,NaN,NaN,NaN,NaN,NaN,NaN,NaN,NaN,NaN,NaN,NaN,NaN,NaN,NaN,NaN,NaN,NaN,NaN,NaN,NaN,NaN,NaN,NaN,NaN,NaN,NaN,NaN,NaN,NaN,NaN,NaN,NaN,NaN,NaN,NaN,NaN,NaN,NaN,NaN,NaN,NaN,NaN,NaN,NaN,NaN,NaN,NaN,NaN,NaN,NaN,NaN,NaN,1230,152,134,14360,0.9018,0.9895,0.0105,0.0982,0.8900,0.9018,0.8958,0.8860,0.8913,0.8113,282,273,0,0,0,0
102,WLNM_original,0.8745,0.6798,00:00:13,10,60,2,1286530081,fixed,0.5000,0.7133,0.7473,0.7299,204,82,69,464,0.7473,0.8498,0.1502,0.2527,0.7133,0.7473,0.7299,0.8156,0.5503,0.5900,0.5904,0.5971,1364,818,546,0,1364,0,818,0,546,NaN,NaN,NaN,NaN,NaN,NaN,NaN,NaN,NaN,NaN,NaN,NaN,NaN,NaN,NaN,NaN,NaN,NaN,NaN,NaN,NaN,NaN,NaN,NaN,NaN,NaN,NaN,NaN,NaN,NaN,NaN,NaN,NaN,NaN,NaN,NaN,NaN,NaN,NaN,NaN,NaN,NaN,NaN,NaN,NaN,NaN,NaN,NaN,NaN,NaN,NaN,NaN,NaN,NaN,NaN,NaN,NaN,NaN,NaN,NaN,NaN,NaN,NaN,NaN,NaN,NaN,NaN,NaN,NaN,NaN,NaN,NaN,NaN,NaN,NaN,NaN,NaN,NaN,NaN,NaN,1226,164,138,14348,0.8988,0.9887,0.0113,0.1012,0.8820,0.8988,0.8903,0.8800,0.8875,0.8024,286,273,0,0,0,0
103,WLNM_original,0.8831,0.7070,00:00:12,10,60,3,1286530082,fixed,0.5000,0.7234,0.7473,0.7351,204,78,69,468,0.7473,0.8571,0.1429,0.2527,0.7234,0.7473,0.7351,0.8205,0.5519,0.5995,0.5996,0.6044,1364,818,546,0,1364,0,818,0,546,NaN,NaN,NaN,NaN,NaN,NaN,NaN,NaN,NaN,NaN,NaN,NaN,NaN,NaN,NaN,NaN,NaN,NaN,NaN,NaN,NaN,NaN,NaN,NaN,NaN,NaN,NaN,NaN,NaN,NaN,NaN,NaN,NaN,NaN,NaN,NaN,NaN,NaN,NaN,NaN,NaN,NaN,NaN,NaN,NaN,NaN,NaN,NaN,NaN,NaN,NaN,NaN,NaN,NaN,NaN,NaN,NaN,NaN,NaN,NaN,NaN,NaN,NaN,NaN,NaN,NaN,NaN,NaN,NaN,NaN,NaN,NaN,NaN,NaN,NaN,NaN,NaN,NaN,NaN,NaN,1226,156,138,14356,0.8988,0.9893,0.0107,0.1012,0.8871,0.8988,0.8929,0.8828,0.8881,0.8066,282,273,0,0,0,0
104,WLNM_original,0.8796,0.6121,00:00:13,10,60,4,1286530083,fixed,0.5000,0.7345,0.7802,0.7567,213,77,60,469,0.7802,0.8590,0.1410,0.2198,0.7345,0.7802,0.7567,0.8327,0.5486,0.6294,0.6301,0.6392,1364,818,546,0,1364,0,818,0,546,NaN,NaN,NaN,NaN,NaN,NaN,NaN,NaN,NaN,NaN,NaN,NaN,NaN,NaN,NaN,NaN,NaN,NaN,NaN,NaN,NaN,NaN,NaN,NaN,NaN,NaN,NaN,NaN,NaN,NaN,NaN,NaN,NaN,NaN,NaN,NaN,NaN,NaN,NaN,NaN,NaN,NaN,NaN,NaN,NaN,NaN,NaN,NaN,NaN,NaN,NaN,NaN,NaN,NaN,NaN,NaN,NaN,NaN,NaN,NaN,NaN,NaN,NaN,NaN,NaN,NaN,NaN,NaN,NaN,NaN,NaN,NaN,NaN,NaN,NaN,NaN,NaN,NaN,NaN,NaN,1244,154,120,14358,0.9120,0.9894,0.0106,0.0880,0.8898,0.9120,0.9008,0.8914,0.9014,0.8195,290,273,0,0,0,0
105,WLNM_original,0.8758,0.6838,00:00:13,10,60,5,1286530084,fixed,0.5000,0.7552,0.7912,0.7728,216,70,57,476,0.7912,0.8718,0.1282,0.2088,0.7552,0.7912,0.7728,0.8449,0.5503,0.6552,0.6556,0.6630,1364,818,546,0,1364,0,818,0,546,NaN,NaN,NaN,NaN,NaN,NaN,NaN,NaN,NaN,NaN,NaN,NaN,NaN,NaN,NaN,NaN,NaN,NaN,NaN,NaN,NaN,NaN,NaN,NaN,NaN,NaN,NaN,NaN,NaN,NaN,NaN,NaN,NaN,NaN,NaN,NaN,NaN,NaN,NaN,NaN,NaN,NaN,NaN,NaN,NaN,NaN,NaN,NaN,NaN,NaN,NaN,NaN,NaN,NaN,NaN,NaN,NaN,NaN,NaN,NaN,NaN,NaN,NaN,NaN,NaN,NaN,NaN,NaN,NaN,NaN,NaN,NaN,NaN,NaN,NaN,NaN,NaN,NaN,NaN,NaN,1250,140,114,14372,0.9164,0.9904,0.0096,0.0836,0.8993,0.9164,0.9078,0.8991,0.9068,0.8311,286,273,0,0,0,0
106,WLNM_original,0.8842,0.6077,00:00:12,10,60,6,1286530085,fixed,0.5000,0.7053,0.8242,0.7601,225,94,48,452,0.8242,0.8278,0.1722,0.1758,0.7053,0.8242,0.7601,0.8266,0.5368,0.6257,0.6303,0.6520,1364,818,546,0,1364,0,818,0,546,NaN,NaN,NaN,NaN,NaN,NaN,NaN,NaN,NaN,NaN,NaN,NaN,NaN,NaN,NaN,NaN,NaN,NaN,NaN,NaN,NaN,NaN,NaN,NaN,NaN,NaN,NaN,NaN,NaN,NaN,NaN,NaN,NaN,NaN,NaN,NaN,NaN,NaN,NaN,NaN,NaN,NaN,NaN,NaN,NaN,NaN,NaN,NaN,NaN,NaN,NaN,NaN,NaN,NaN,NaN,NaN,NaN,NaN,NaN,NaN,NaN,NaN,NaN,NaN,NaN,NaN,NaN,NaN,NaN,NaN,NaN,NaN,NaN,NaN,NaN,NaN,NaN,NaN,NaN,NaN,1268,188,96,14324,0.9296,0.9870,0.0130,0.0704,0.8709,0.9296,0.8993,0.8901,0.9167,0.8170,319,273,0,0,0,0
107,WLNM_original,0.8986,0.6931,00:00:13,10,60,7,1286530086,fixed,0.5000,0.7566,0.7399,0.7481,202,65,71,481,0.7399,0.8810,0.1190,0.2601,0.7566,0.7399,0.7481,0.8339,0.5580,0.6243,0.6244,0.6209,1364,818,546,0,1364,0,818,0,546,NaN,NaN,NaN,NaN,NaN,NaN,NaN,NaN,NaN,NaN,NaN,NaN,NaN,NaN,NaN,NaN,NaN,NaN,NaN,NaN,NaN,NaN,NaN,NaN,NaN,NaN,NaN,NaN,NaN,NaN,NaN,NaN,NaN,NaN,NaN,NaN,NaN,NaN,NaN,NaN,NaN,NaN,NaN,NaN,NaN,NaN,NaN,NaN,NaN,NaN,NaN,NaN,NaN,NaN,NaN,NaN,NaN,NaN,NaN,NaN,NaN,NaN,NaN,NaN,NaN,NaN,NaN,NaN,NaN,NaN,NaN,NaN,NaN,NaN,NaN,NaN,NaN,NaN,NaN,NaN,1222,130,142,14382,0.8959,0.9910,0.0090,0.1041,0.9038,0.8959,0.8999,0.8905,0.8869,0.8179,267,273,0,0,0,0
108,WLNM_original,0.8775,0.6864,00:00:13,10,60,8,1286530087,fixed,0.5000,0.7852,0.7766,0.7808,212,58,61,488,0.7766,0.8938,0.1062,0.2234,0.7852,0.7766,0.7808,0.8547,0.5568,0.6722,0.6722,0.6703,1364,818,546,0,1364,0,818,0,546,NaN,NaN,NaN,NaN,NaN,NaN,NaN,NaN,NaN,NaN,NaN,NaN,NaN,NaN,NaN,NaN,NaN,NaN,NaN,NaN,NaN,NaN,NaN,NaN,NaN,NaN,NaN,NaN,NaN,NaN,NaN,NaN,NaN,NaN,NaN,NaN,NaN,NaN,NaN,NaN,NaN,NaN,NaN,NaN,NaN,NaN,NaN,NaN,NaN,NaN,NaN,NaN,NaN,NaN,NaN,NaN,NaN,NaN,NaN,NaN,NaN,NaN,NaN,NaN,NaN,NaN,NaN,NaN,NaN,NaN,NaN,NaN,NaN,NaN,NaN,NaN,NaN,NaN,NaN,NaN,1242,116,122,14396,0.9106,0.9920,0.0080,0.0894,0.9146,0.9106,0.9126,0.9044,0.9026,0.8392,270,273,0,0,0,0
109,WLNM_original,0.8806,0.7399,00:00:13,10,60,9,1286530088,fixed,0.5000,0.7372,0.7399,0.7386,202,72,71,474,0.7399,0.8681,0.1319,0.2601,0.7372,0.7399,0.7386,0.8254,0.5551,0.6075,0.6075,0.6081,1364,818,546,0,1364,0,818,0,546,NaN,NaN,NaN,NaN,NaN,NaN,NaN,NaN,NaN,NaN,NaN,NaN,NaN,NaN,NaN,NaN,NaN,NaN,NaN,NaN,NaN,NaN,NaN,NaN,NaN,NaN,NaN,NaN,NaN,NaN,NaN,NaN,NaN,NaN,NaN,NaN,NaN,NaN,NaN,NaN,NaN,NaN,NaN,NaN,NaN,NaN,NaN,NaN,NaN,NaN,NaN,NaN,NaN,NaN,NaN,NaN,NaN,NaN,NaN,NaN,NaN,NaN,NaN,NaN,NaN,NaN,NaN,NaN,NaN,NaN,NaN,NaN,NaN,NaN,NaN,NaN,NaN,NaN,NaN,NaN,1222,144,142,14368,0.8959,0.9901,0.0099,0.1041,0.8946,0.8959,0.8952,0.8854,0.8860,0.8103,274,273,0,0,0,0
110,WLNM_original,0.9097,0.7717,00:00:13,10,60,10,1286530089,fixed,0.5000,0.7950,0.8095,0.8022,221,57,52,489,0.8095,0.8956,0.1044,0.1905,0.7950,0.8095,0.8022,0.8669,0.5535,0.7019,0.7020,0.7051,1364,818,546,0,1364,0,818,0,546,NaN,NaN,NaN,NaN,NaN,NaN,NaN,NaN,NaN,NaN,NaN,NaN,NaN,NaN,NaN,NaN,NaN,NaN,NaN,NaN,NaN,NaN,NaN,NaN,NaN,NaN,NaN,NaN,NaN,NaN,NaN,NaN,NaN,NaN,NaN,NaN,NaN,NaN,NaN,NaN,NaN,NaN,NaN,NaN,NaN,NaN,NaN,NaN,NaN,NaN,NaN,NaN,NaN,NaN,NaN,NaN,NaN,NaN,NaN,NaN,NaN,NaN,NaN,NaN,NaN,NaN,NaN,NaN,NaN,NaN,NaN,NaN,NaN,NaN,NaN,NaN,NaN,NaN,NaN,NaN,1260,114,104,14398,0.9238,0.9921,0.0079,0.0762,0.9170,0.9238,0.9204,0.9129,0.9159,0.8525,278,273,0,0,0,0
111,WLNM_original,0.8339,0.5547,00:00:13,10,60,11,1286530090,fixed,0.5000,0.6756,0.7399,0.7063,202,97,71,449,0.7399,0.8223,0.1777,0.2601,0.6756,0.7399,0.7063,0.7949,0.5450,0.5492,0.5505,0.5623,1364,818,546,0,1364,0,818,0,546,NaN,NaN,NaN,NaN,NaN,NaN,NaN,NaN,NaN,NaN,NaN,NaN,NaN,NaN,NaN,NaN,NaN,NaN,NaN,NaN,NaN,NaN,NaN,NaN,NaN,NaN,NaN,NaN,NaN,NaN,NaN,NaN,NaN,NaN,NaN,NaN,NaN,NaN,NaN,NaN,NaN,NaN,NaN,NaN,NaN,NaN,NaN,NaN,NaN,NaN,NaN,NaN,NaN,NaN,NaN,NaN,NaN,NaN,NaN,NaN,NaN,NaN,NaN,NaN,NaN,NaN,NaN,NaN,NaN,NaN,NaN,NaN,NaN,NaN,NaN,NaN,NaN,NaN,NaN,NaN,1222,194,142,14318,0.8959,0.9866,0.0134,0.1041,0.8630,0.8959,0.8791,0.8677,0.8825,0.7843,299,273,0,0,0,0
112,WLNM_original,0.8596,0.5408,00:00:13,10,60,12,1286530091,fixed,0.5000,0.7318,0.6996,0.7154,191,70,82,476,0.6996,0.8718,0.1282,0.3004,0.7318,0.6996,0.7154,0.8144,0.5604,0.5778,0.5781,0.5714,1364,818,546,0,1364,0,818,0,546,NaN,NaN,NaN,NaN,NaN,NaN,NaN,NaN,NaN,NaN,NaN,NaN,NaN,NaN,NaN,NaN,NaN,NaN,NaN,NaN,NaN,NaN,NaN,NaN,NaN,NaN,NaN,NaN,NaN,NaN,NaN,NaN,NaN,NaN,NaN,NaN,NaN,NaN,NaN,NaN,NaN,NaN,NaN,NaN,NaN,NaN,NaN,NaN,NaN,NaN,NaN,NaN,NaN,NaN,NaN,NaN,NaN,NaN,NaN,NaN,NaN,NaN,NaN,NaN,NaN,NaN,NaN,NaN,NaN,NaN,NaN,NaN,NaN,NaN,NaN,NaN,NaN,NaN,NaN,NaN,1200,140,164,14372,0.8798,0.9904,0.0096,0.1202,0.8955,0.8798,0.8876,0.8772,0.8701,0.7979,261,273,0,0,0,0
113,WLNM_original,0.8952,0.6837,00:00:14,10,60,13,1286530092,fixed,0.5000,0.7577,0.8132,0.7845,222,71,51,475,0.8132,0.8700,0.1300,0.1868,0.7577,0.8132,0.7845,0.8510,0.5474,0.6709,0.6718,0.6832,1364,818,546,0,1364,0,818,0,546,NaN,NaN,NaN,NaN,NaN,NaN,NaN,NaN,NaN,NaN,NaN,NaN,NaN,NaN,NaN,NaN,NaN,NaN,NaN,NaN,NaN,NaN,NaN,NaN,NaN,NaN,NaN,NaN,NaN,NaN,NaN,NaN,NaN,NaN,NaN,NaN,NaN,NaN,NaN,NaN,NaN,NaN,NaN,NaN,NaN,NaN,NaN,NaN,NaN,NaN,NaN,NaN,NaN,NaN,NaN,NaN,NaN,NaN,NaN,NaN,NaN,NaN,NaN,NaN,NaN,NaN,NaN,NaN,NaN,NaN,NaN,NaN,NaN,NaN,NaN,NaN,NaN,NaN,NaN,NaN,1262,142,102,14370,0.9252,0.9902,0.0098,0.0748,0.8989,0.9252,0.9118,0.9035,0.9154,0.8380,293,273,0,0,0,0
114,WLNM_original,0.9055,0.6420,00:00:13,10,60,14,1286530093,fixed,0.5000,0.7244,0.8278,0.7726,226,86,47,460,0.8278,0.8425,0.1575,0.1722,0.7244,0.8278,0.7726,0.8376,0.5397,0.6472,0.6507,0.6703,1364,818,546,0,1364,0,818,0,546,NaN,NaN,NaN,NaN,NaN,NaN,NaN,NaN,NaN,NaN,NaN,NaN,NaN,NaN,NaN,NaN,NaN,NaN,NaN,NaN,NaN,NaN,NaN,NaN,NaN,NaN,NaN,NaN,NaN,NaN,NaN,NaN,NaN,NaN,NaN,NaN,NaN,NaN,NaN,NaN,NaN,NaN,NaN,NaN,NaN,NaN,NaN,NaN,NaN,NaN,NaN,NaN,NaN,NaN,NaN,NaN,NaN,NaN,NaN,NaN,NaN,NaN,NaN,NaN,NaN,NaN,NaN,NaN,NaN,NaN,NaN,NaN,NaN,NaN,NaN,NaN,NaN,NaN,NaN,NaN,1270,172,94,14340,0.9311,0.9881,0.0119,0.0689,0.8807,0.9311,0.9052,0.8964,0.9192,0.8268,312,273,0,0,0,0
115,WLNM_original,0.8858,0.7132,00:00:13,10,60,15,1286530094,fixed,0.5000,0.7357,0.7546,0.7450,206,74,67,472,0.7546,0.8645,0.1355,0.2454,0.7357,0.7546,0.7450,0.8278,0.5527,0.6151,0.6152,0.6190,1364,818,546,0,1364,0,818,0,546,NaN,NaN,NaN,NaN,NaN,NaN,NaN,NaN,NaN,NaN,NaN,NaN,NaN,NaN,NaN,NaN,NaN,NaN,NaN,NaN,NaN,NaN,NaN,NaN,NaN,NaN,NaN,NaN,NaN,NaN,NaN,NaN,NaN,NaN,NaN,NaN,NaN,NaN,NaN,NaN,NaN,NaN,NaN,NaN,NaN,NaN,NaN,NaN,NaN,NaN,NaN,NaN,NaN,NaN,NaN,NaN,NaN,NaN,NaN,NaN,NaN,NaN,NaN,NaN,NaN,NaN,NaN,NaN,NaN,NaN,NaN,NaN,NaN,NaN,NaN,NaN,NaN,NaN,NaN,NaN,1230,148,134,14364,0.9018,0.9898,0.0102,0.0982,0.8926,0.9018,0.8972,0.8874,0.8916,0.8135,280,273,0,0,0,0
116,WLNM_original,0.8807,0.6837,00:00:12,10,60,16,1286530095,fixed,0.5000,0.7482,0.7619,0.7550,208,70,65,476,0.7619,0.8718,0.1282,0.2381,0.7482,0.7619,0.7550,0.8352,0.5535,0.6308,0.6309,0.6337,1364,818,546,0,1364,0,818,0,546,NaN,NaN,NaN,NaN,NaN,NaN,NaN,NaN,NaN,NaN,NaN,NaN,NaN,NaN,NaN,NaN,NaN,NaN,NaN,NaN,NaN,NaN,NaN,NaN,NaN,NaN,NaN,NaN,NaN,NaN,NaN,NaN,NaN,NaN,NaN,NaN,NaN,NaN,NaN,NaN,NaN,NaN,NaN,NaN,NaN,NaN,NaN,NaN,NaN,NaN,NaN,NaN,NaN,NaN,NaN,NaN,NaN,NaN,NaN,NaN,NaN,NaN,NaN,NaN,NaN,NaN,NaN,NaN,NaN,NaN,NaN,NaN,NaN,NaN,NaN,NaN,NaN,NaN,NaN,NaN,1234,140,130,14372,0.9047,0.9904,0.0096,0.0953,0.8981,0.9047,0.9014,0.8921,0.8950,0.8205,278,273,0,0,0,0
117,WLNM_original,0.8921,0.7890,00:00:12,10,60,17,1286530096,fixed,0.5000,0.6911,0.7949,0.7394,217,97,56,449,0.7949,0.8223,0.1777,0.2051,0.6911,0.7949,0.7394,0.8132,0.5389,0.5949,0.5984,0.6172,1364,818,546,0,1364,0,818,0,546,NaN,NaN,NaN,NaN,NaN,NaN,NaN,NaN,NaN,NaN,NaN,NaN,NaN,NaN,NaN,NaN,NaN,NaN,NaN,NaN,NaN,NaN,NaN,NaN,NaN,NaN,NaN,NaN,NaN,NaN,NaN,NaN,NaN,NaN,NaN,NaN,NaN,NaN,NaN,NaN,NaN,NaN,NaN,NaN,NaN,NaN,NaN,NaN,NaN,NaN,NaN,NaN,NaN,NaN,NaN,NaN,NaN,NaN,NaN,NaN,NaN,NaN,NaN,NaN,NaN,NaN,NaN,NaN,NaN,NaN,NaN,NaN,NaN,NaN,NaN,NaN,NaN,NaN,NaN,NaN,1252,194,112,14318,0.9179,0.9866,0.0134,0.0821,0.8658,0.9179,0.8911,0.8810,0.9045,0.8036,314,273,0,0,0,0
118,WLNM_original,0.8779,0.7085,00:00:13,10,60,18,1286530097,fixed,0.5000,0.7529,0.7253,0.7388,198,65,75,481,0.7253,0.8810,0.1190,0.2747,0.7529,0.7253,0.7388,0.8291,0.5596,0.6118,0.6121,0.6062,1364,818,546,0,1364,0,818,0,546,NaN,NaN,NaN,NaN,NaN,NaN,NaN,NaN,NaN,NaN,NaN,NaN,NaN,NaN,NaN,NaN,NaN,NaN,NaN,NaN,NaN,NaN,NaN,NaN,NaN,NaN,NaN,NaN,NaN,NaN,NaN,NaN,NaN,NaN,NaN,NaN,NaN,NaN,NaN,NaN,NaN,NaN,NaN,NaN,NaN,NaN,NaN,NaN,NaN,NaN,NaN,NaN,NaN,NaN,NaN,NaN,NaN,NaN,NaN,NaN,NaN,NaN,NaN,NaN,NaN,NaN,NaN,NaN,NaN,NaN,NaN,NaN,NaN,NaN,NaN,NaN,NaN,NaN,NaN,NaN,1214,130,150,14382,0.8900,0.9910,0.0090,0.1100,0.9033,0.8900,0.8966,0.8870,0.8811,0.8126,263,273,0,0,0,0
119,WLNM_original,0.8849,0.6550,00:00:13,10,60,19,1286530098,fixed,0.5000,0.7117,0.7326,0.7220,200,81,73,465,0.7326,0.8516,0.1484,0.2674,0.7117,0.7326,0.7220,0.8120,0.5523,0.5800,0.5801,0.5842,1364,818,546,0,1364,0,818,0,546,NaN,NaN,NaN,NaN,NaN,NaN,NaN,NaN,NaN,NaN,NaN,NaN,NaN,NaN,NaN,NaN,NaN,NaN,NaN,NaN,NaN,NaN,NaN,NaN,NaN,NaN,NaN,NaN,NaN,NaN,NaN,NaN,NaN,NaN,NaN,NaN,NaN,NaN,NaN,NaN,NaN,NaN,NaN,NaN,NaN,NaN,NaN,NaN,NaN,NaN,NaN,NaN,NaN,NaN,NaN,NaN,NaN,NaN,NaN,NaN,NaN,NaN,NaN,NaN,NaN,NaN,NaN,NaN,NaN,NaN,NaN,NaN,NaN,NaN,NaN,NaN,NaN,NaN,NaN,NaN,1218,162,146,14350,0.8930,0.9888,0.0112,0.1070,0.8826,0.8930,0.8878,0.8772,0.8818,0.7982,281,273,0,0,0,0
120,WLNM_original,0.8606,0.6544,00:00:12,10,60,20,1286530099,fixed,0.5000,0.7642,0.6886,0.7245,188,58,85,488,0.6886,0.8938,0.1062,0.3114,0.7642,0.6886,0.7245,0.8254,0.5665,0.5972,0.5989,0.5824,1364,818,546,0,1364,0,818,0,546,NaN,NaN,NaN,NaN,NaN,NaN,NaN,NaN,NaN,NaN,NaN,NaN,NaN,NaN,NaN,NaN,NaN,NaN,NaN,NaN,NaN,NaN,NaN,NaN,NaN,NaN,NaN,NaN,NaN,NaN,NaN,NaN,NaN,NaN,NaN,NaN,NaN,NaN,NaN,NaN,NaN,NaN,NaN,NaN,NaN,NaN,NaN,NaN,NaN,NaN,NaN,NaN,NaN,NaN,NaN,NaN,NaN,NaN,NaN,NaN,NaN,NaN,NaN,NaN,NaN,NaN,NaN,NaN,NaN,NaN,NaN,NaN,NaN,NaN,NaN,NaN,NaN,NaN,NaN,NaN,1194,116,170,14396,0.8754,0.9920,0.0080,0.1246,0.9115,0.8754,0.8930,0.8834,0.8674,0.8068,246,273,0,0,0,0
121,WLNM_original,0.8913,0.6749,00:00:12,10,70,1,1287447380,fixed,0.5000,0.8377,0.7805,0.8081,160,31,45,379,0.7805,0.9244,0.0756,0.2195,0.8377,0.7805,0.8081,0.8764,0.5631,0.7171,0.7181,0.7049,1364,954,410,0,1364,0,954,0,410,NaN,NaN,NaN,NaN,NaN,NaN,NaN,NaN,NaN,NaN,NaN,NaN,NaN,NaN,NaN,NaN,NaN,NaN,NaN,NaN,NaN,NaN,NaN,NaN,NaN,NaN,NaN,NaN,NaN,NaN,NaN,NaN,NaN,NaN,NaN,NaN,NaN,NaN,NaN,NaN,NaN,NaN,NaN,NaN,NaN,NaN,NaN,NaN,NaN,NaN,NaN,NaN,NaN,NaN,NaN,NaN,NaN,NaN,NaN,NaN,NaN,NaN,NaN,NaN,NaN,NaN,NaN,NaN,NaN,NaN,NaN,NaN,NaN,NaN,NaN,NaN,NaN,NaN,NaN,NaN,1274,62,90,14450,0.9340,0.9957,0.0043,0.0660,0.9536,0.9340,0.9437,0.9385,0.9297,0.8934,191,205,0,0,0,0
122,WLNM_original,0.8983,0.6473,00:00:15,10,70,2,1287447381,fixed,0.5000,0.7816,0.7854,0.7835,161,45,44,365,0.7854,0.8902,0.1098,0.2146,0.7816,0.7854,0.7835,0.8553,0.5550,0.6748,0.6748,0.6756,1364,954,410,0,1364,0,954,0,410,NaN,NaN,NaN,NaN,NaN,NaN,NaN,NaN,NaN,NaN,NaN,NaN,NaN,NaN,NaN,NaN,NaN,NaN,NaN,NaN,NaN,NaN,NaN,NaN,NaN,NaN,NaN,NaN,NaN,NaN,NaN,NaN,NaN,NaN,NaN,NaN,NaN,NaN,NaN,NaN,NaN,NaN,NaN,NaN,NaN,NaN,NaN,NaN,NaN,NaN,NaN,NaN,NaN,NaN,NaN,NaN,NaN,NaN,NaN,NaN,NaN,NaN,NaN,NaN,NaN,NaN,NaN,NaN,NaN,NaN,NaN,NaN,NaN,NaN,NaN,NaN,NaN,NaN,NaN,NaN,1276,90,88,14422,0.9355,0.9938,0.0062,0.0645,0.9341,0.9355,0.9348,0.9287,0.9293,0.8776,206,205,0,0,0,0
123,WLNM_original,0.8951,0.7023,00:00:15,10,70,3,1287447382,fixed,0.5000,0.7895,0.8049,0.7971,165,44,40,366,0.8049,0.8927,0.1073,0.1951,0.7895,0.8049,0.7971,0.8634,0.5534,0.6942,0.6942,0.6976,1364,954,410,0,1364,0,954,0,410,NaN,NaN,NaN,NaN,NaN,NaN,NaN,NaN,NaN,NaN,NaN,NaN,NaN,NaN,NaN,NaN,NaN,NaN,NaN,NaN,NaN,NaN,NaN,NaN,NaN,NaN,NaN,NaN,NaN,NaN,NaN,NaN,NaN,NaN,NaN,NaN,NaN,NaN,NaN,NaN,NaN,NaN,NaN,NaN,NaN,NaN,NaN,NaN,NaN,NaN,NaN,NaN,NaN,NaN,NaN,NaN,NaN,NaN,NaN,NaN,NaN,NaN,NaN,NaN,NaN,NaN,NaN,NaN,NaN,NaN,NaN,NaN,NaN,NaN,NaN,NaN,NaN,NaN,NaN,NaN,1284,88,80,14424,0.9413,0.9939,0.0061,0.0587,0.9359,0.9413,0.9386,0.9328,0.9353,0.8843,209,205,0,0,0,0
124,WLNM_original,0.9030,0.6573,00:00:16,10,70,4,1287447383,fixed,0.5000,0.7602,0.8195,0.7887,168,53,37,357,0.8195,0.8707,0.1293,0.1805,0.7602,0.8195,0.7887,0.8537,0.5469,0.6770,0.6782,0.6902,1364,954,410,0,1364,0,954,0,410,NaN,NaN,NaN,NaN,NaN,NaN,NaN,NaN,NaN,NaN,NaN,NaN,NaN,NaN,NaN,NaN,NaN,NaN,NaN,NaN,NaN,NaN,NaN,NaN,NaN,NaN,NaN,NaN,NaN,NaN,NaN,NaN,NaN,NaN,NaN,NaN,NaN,NaN,NaN,NaN,NaN,NaN,NaN,NaN,NaN,NaN,NaN,NaN,NaN,NaN,NaN,NaN,NaN,NaN,NaN,NaN,NaN,NaN,NaN,NaN,NaN,NaN,NaN,NaN,NaN,NaN,NaN,NaN,NaN,NaN,NaN,NaN,NaN,NaN,NaN,NaN,NaN,NaN,NaN,NaN,1290,106,74,14406,0.9457,0.9927,0.0073,0.0543,0.9241,0.9457,0.9348,0.9286,0.9384,0.8776,221,205,0,0,0,0
125,WLNM_original,0.8863,0.7436,00:00:16,10,70,5,1287447384,fixed,0.5000,0.7488,0.7561,0.7524,155,52,50,358,0.7561,0.8732,0.1268,0.2439,0.7488,0.7561,0.7524,0.8341,0.5545,0.6277,0.6278,0.6293,1364,954,410,0,1364,0,954,0,410,NaN,NaN,NaN,NaN,NaN,NaN,NaN,NaN,NaN,NaN,NaN,NaN,NaN,NaN,NaN,NaN,NaN,NaN,NaN,NaN,NaN,NaN,NaN,NaN,NaN,NaN,NaN,NaN,NaN,NaN,NaN,NaN,NaN,NaN,NaN,NaN,NaN,NaN,NaN,NaN,NaN,NaN,NaN,NaN,NaN,NaN,NaN,NaN,NaN,NaN,NaN,NaN,NaN,NaN,NaN,NaN,NaN,NaN,NaN,NaN,NaN,NaN,NaN,NaN,NaN,NaN,NaN,NaN,NaN,NaN,NaN,NaN,NaN,NaN,NaN,NaN,NaN,NaN,NaN,NaN,1264,104,100,14408,0.9267,0.9928,0.0072,0.0733,0.9240,0.9267,0.9253,0.9183,0.9195,0.8610,207,205,0,0,0,0
126,WLNM_original,0.8648,0.7296,00:00:15,10,70,6,1287447385,fixed,0.5000,0.7395,0.7756,0.7571,159,56,46,354,0.7756,0.8634,0.1366,0.2244,0.7395,0.7756,0.7571,0.8341,0.5501,0.6313,0.6317,0.6390,1364,954,410,0,1364,0,954,0,410,NaN,NaN,NaN,NaN,NaN,NaN,NaN,NaN,NaN,NaN,NaN,NaN,NaN,NaN,NaN,NaN,NaN,NaN,NaN,NaN,NaN,NaN,NaN,NaN,NaN,NaN,NaN,NaN,NaN,NaN,NaN,NaN,NaN,NaN,NaN,NaN,NaN,NaN,NaN,NaN,NaN,NaN,NaN,NaN,NaN,NaN,NaN,NaN,NaN,NaN,NaN,NaN,NaN,NaN,NaN,NaN,NaN,NaN,NaN,NaN,NaN,NaN,NaN,NaN,NaN,NaN,NaN,NaN,NaN,NaN,NaN,NaN,NaN,NaN,NaN,NaN,NaN,NaN,NaN,NaN,1272,112,92,14400,0.9326,0.9923,0.0077,0.0674,0.9191,0.9326,0.9258,0.9188,0.9248,0.8618,215,205,0,0,0,0
127,WLNM_original,0.8850,0.6361,00:00:15,10,70,7,1287447386,fixed,0.5000,0.7465,0.7756,0.7608,159,54,46,356,0.7756,0.8683,0.1317,0.2244,0.7465,0.7756,0.7608,0.8374,0.5512,0.6377,0.6379,0.6439,1364,954,410,0,1364,0,954,0,410,NaN,NaN,NaN,NaN,NaN,NaN,NaN,NaN,NaN,NaN,NaN,NaN,NaN,NaN,NaN,NaN,NaN,NaN,NaN,NaN,NaN,NaN,NaN,NaN,NaN,NaN,NaN,NaN,NaN,NaN,NaN,NaN,NaN,NaN,NaN,NaN,NaN,NaN,NaN,NaN,NaN,NaN,NaN,NaN,NaN,NaN,NaN,NaN,NaN,NaN,NaN,NaN,NaN,NaN,NaN,NaN,NaN,NaN,NaN,NaN,NaN,NaN,NaN,NaN,NaN,NaN,NaN,NaN,NaN,NaN,NaN,NaN,NaN,NaN,NaN,NaN,NaN,NaN,NaN,NaN,1272,108,92,14404,0.9326,0.9926,0.0074,0.0674,0.9217,0.9326,0.9271,0.9202,0.9251,0.8641,213,205,0,0,0,0
128,WLNM_original,0.9012,0.5908,00:00:17,10,70,8,1287447387,fixed,0.5000,0.8051,0.7659,0.7850,157,38,48,372,0.7659,0.9073,0.0927,0.2341,0.8051,0.7659,0.7850,0.8602,0.5610,0.6815,0.6819,0.6732,1364,954,410,0,1364,0,954,0,410,NaN,NaN,NaN,NaN,NaN,NaN,NaN,NaN,NaN,NaN,NaN,NaN,NaN,NaN,NaN,NaN,NaN,NaN,NaN,NaN,NaN,NaN,NaN,NaN,NaN,NaN,NaN,NaN,NaN,NaN,NaN,NaN,NaN,NaN,NaN,NaN,NaN,NaN,NaN,NaN,NaN,NaN,NaN,NaN,NaN,NaN,NaN,NaN,NaN,NaN,NaN,NaN,NaN,NaN,NaN,NaN,NaN,NaN,NaN,NaN,NaN,NaN,NaN,NaN,NaN,NaN,NaN,NaN,NaN,NaN,NaN,NaN,NaN,NaN,NaN,NaN,NaN,NaN,NaN,NaN,1268,76,96,14436,0.9296,0.9948,0.0052,0.0704,0.9435,0.9296,0.9365,0.9306,0.9244,0.8806,195,205,0,0,0,0
129,WLNM_original,0.8727,0.6844,00:00:16,10,70,9,1287447388,fixed,0.5000,0.7207,0.7805,0.7494,160,62,45,348,0.7805,0.8488,0.1512,0.2195,0.7207,0.7805,0.7494,0.8260,0.5463,0.6165,0.6176,0.6293,1364,954,410,0,1364,0,954,0,410,NaN,NaN,NaN,NaN,NaN,NaN,NaN,NaN,NaN,NaN,NaN,NaN,NaN,NaN,NaN,NaN,NaN,NaN,NaN,NaN,NaN,NaN,NaN,NaN,NaN,NaN,NaN,NaN,NaN,NaN,NaN,NaN,NaN,NaN,NaN,NaN,NaN,NaN,NaN,NaN,NaN,NaN,NaN,NaN,NaN,NaN,NaN,NaN,NaN,NaN,NaN,NaN,NaN,NaN,NaN,NaN,NaN,NaN,NaN,NaN,NaN,NaN,NaN,NaN,NaN,NaN,NaN,NaN,NaN,NaN,NaN,NaN,NaN,NaN,NaN,NaN,NaN,NaN,NaN,NaN,1274,124,90,14388,0.9340,0.9915,0.0085,0.0660,0.9113,0.9340,0.9225,0.9152,0.9255,0.8562,222,205,0,0,0,0
130,WLNM_original,0.9077,0.7683,00:00:15,10,70,10,1287447389,fixed,0.5000,0.8325,0.8000,0.8159,164,33,41,377,0.8000,0.9195,0.0805,0.2000,0.8325,0.8000,0.8159,0.8797,0.5599,0.7266,0.7269,0.7195,1364,954,410,0,1364,0,954,0,410,NaN,NaN,NaN,NaN,NaN,NaN,NaN,NaN,NaN,NaN,NaN,NaN,NaN,NaN,NaN,NaN,NaN,NaN,NaN,NaN,NaN,NaN,NaN,NaN,NaN,NaN,NaN,NaN,NaN,NaN,NaN,NaN,NaN,NaN,NaN,NaN,NaN,NaN,NaN,NaN,NaN,NaN,NaN,NaN,NaN,NaN,NaN,NaN,NaN,NaN,NaN,NaN,NaN,NaN,NaN,NaN,NaN,NaN,NaN,NaN,NaN,NaN,NaN,NaN,NaN,NaN,NaN,NaN,NaN,NaN,NaN,NaN,NaN,NaN,NaN,NaN,NaN,NaN,NaN,NaN,1282,66,82,14446,0.9399,0.9955,0.0045,0.0601,0.9510,0.9399,0.9454,0.9404,0.9353,0.8965,197,205,0,0,0,0
131,WLNM_original,0.8911,0.6513,00:00:16,10,70,11,1287447390,fixed,0.5000,0.7756,0.7756,0.7756,159,46,46,364,0.7756,0.8878,0.1122,0.2244,0.7756,0.7756,0.7756,0.8504,0.5556,0.6634,0.6634,0.6634,1364,954,410,0,1364,0,954,0,410,NaN,NaN,NaN,NaN,NaN,NaN,NaN,NaN,NaN,NaN,NaN,NaN,NaN,NaN,NaN,NaN,NaN,NaN,NaN,NaN,NaN,NaN,NaN,NaN,NaN,NaN,NaN,NaN,NaN,NaN,NaN,NaN,NaN,NaN,NaN,NaN,NaN,NaN,NaN,NaN,NaN,NaN,NaN,NaN,NaN,NaN,NaN,NaN,NaN,NaN,NaN,NaN,NaN,NaN,NaN,NaN,NaN,NaN,NaN,NaN,NaN,NaN,NaN,NaN,NaN,NaN,NaN,NaN,NaN,NaN,NaN,NaN,NaN,NaN,NaN,NaN,NaN,NaN,NaN,NaN,1272,92,92,14420,0.9326,0.9937,0.0063,0.0674,0.9326,0.9326,0.9326,0.9262,0.9262,0.8736,205,205,0,0,0,0
132,WLNM_original,0.8506,0.6449,00:00:15,10,70,12,1287447391,fixed,0.5000,0.7225,0.7366,0.7295,151,58,54,352,0.7366,0.8585,0.1415,0.2634,0.7225,0.7366,0.7295,0.8179,0.5534,0.5922,0.5923,0.5951,1364,954,410,0,1364,0,954,0,410,NaN,NaN,NaN,NaN,NaN,NaN,NaN,NaN,NaN,NaN,NaN,NaN,NaN,NaN,NaN,NaN,NaN,NaN,NaN,NaN,NaN,NaN,NaN,NaN,NaN,NaN,NaN,NaN,NaN,NaN,NaN,NaN,NaN,NaN,NaN,NaN,NaN,NaN,NaN,NaN,NaN,NaN,NaN,NaN,NaN,NaN,NaN,NaN,NaN,NaN,NaN,NaN,NaN,NaN,NaN,NaN,NaN,NaN,NaN,NaN,NaN,NaN,NaN,NaN,NaN,NaN,NaN,NaN,NaN,NaN,NaN,NaN,NaN,NaN,NaN,NaN,NaN,NaN,NaN,NaN,1256,116,108,14396,0.9208,0.9920,0.0080,0.0792,0.9155,0.9208,0.9181,0.9104,0.9128,0.8486,209,205,0,0,0,0
133,WLNM_original,0.9091,0.6756,00:00:15,10,70,13,1287447392,fixed,0.5000,0.8113,0.8390,0.8249,172,40,33,370,0.8390,0.9024,0.0976,0.1610,0.8113,0.8390,0.8249,0.8813,0.5518,0.7352,0.7354,0.7415,1364,954,410,0,1364,0,954,0,410,NaN,NaN,NaN,NaN,NaN,NaN,NaN,NaN,NaN,NaN,NaN,NaN,NaN,NaN,NaN,NaN,NaN,NaN,NaN,NaN,NaN,NaN,NaN,NaN,NaN,NaN,NaN,NaN,NaN,NaN,NaN,NaN,NaN,NaN,NaN,NaN,NaN,NaN,NaN,NaN,NaN,NaN,NaN,NaN,NaN,NaN,NaN,NaN,NaN,NaN,NaN,NaN,NaN,NaN,NaN,NaN,NaN,NaN,NaN,NaN,NaN,NaN,NaN,NaN,NaN,NaN,NaN,NaN,NaN,NaN,NaN,NaN,NaN,NaN,NaN,NaN,NaN,NaN,NaN,NaN,1298,80,66,14432,0.9516,0.9945,0.0055,0.0484,0.9419,0.9516,0.9468,0.9417,0.9461,0.8989,212,205,0,0,0,0
134,WLNM_original,0.9125,0.6562,00:00:16,10,70,14,1287447393,fixed,0.5000,0.7844,0.8341,0.8085,171,47,34,363,0.8341,0.8854,0.1146,0.1659,0.7844,0.8341,0.8085,0.8683,0.5485,0.7083,0.7091,0.7195,1364,954,410,0,1364,0,954,0,410,NaN,NaN,NaN,NaN,NaN,NaN,NaN,NaN,NaN,NaN,NaN,NaN,NaN,NaN,NaN,NaN,NaN,NaN,NaN,NaN,NaN,NaN,NaN,NaN,NaN,NaN,NaN,NaN,NaN,NaN,NaN,NaN,NaN,NaN,NaN,NaN,NaN,NaN,NaN,NaN,NaN,NaN,NaN,NaN,NaN,NaN,NaN,NaN,NaN,NaN,NaN,NaN,NaN,NaN,NaN,NaN,NaN,NaN,NaN,NaN,NaN,NaN,NaN,NaN,NaN,NaN,NaN,NaN,NaN,NaN,NaN,NaN,NaN,NaN,NaN,NaN,NaN,NaN,NaN,NaN,1296,94,68,14418,0.9501,0.9935,0.0065,0.0499,0.9324,0.9501,0.9412,0.9356,0.9437,0.8889,218,205,0,0,0,0
135,WLNM_original,0.9262,0.7930,00:00:15,10,70,15,1287447394,fixed,0.5000,0.8100,0.8732,0.8404,179,42,26,368,0.8732,0.8976,0.1024,0.1268,0.8100,0.8732,0.8404,0.8894,0.5469,0.7560,0.7572,0.7707,1364,954,410,0,1364,0,954,0,410,NaN,NaN,NaN,NaN,NaN,NaN,NaN,NaN,NaN,NaN,NaN,NaN,NaN,NaN,NaN,NaN,NaN,NaN,NaN,NaN,NaN,NaN,NaN,NaN,NaN,NaN,NaN,NaN,NaN,NaN,NaN,NaN,NaN,NaN,NaN,NaN,NaN,NaN,NaN,NaN,NaN,NaN,NaN,NaN,NaN,NaN,NaN,NaN,NaN,NaN,NaN,NaN,NaN,NaN,NaN,NaN,NaN,NaN,NaN,NaN,NaN,NaN,NaN,NaN,NaN,NaN,NaN,NaN,NaN,NaN,NaN,NaN,NaN,NaN,NaN,NaN,NaN,NaN,NaN,NaN,1312,84,52,14428,0.9619,0.9942,0.0058,0.0381,0.9398,0.9619,0.9507,0.9461,0.9561,0.9061,221,205,0,0,0,0
136,WLNM_original,0.8696,0.6098,00:00:15,10,70,16,1287447395,fixed,0.5000,0.7487,0.6829,0.7143,140,47,65,363,0.6829,0.8854,0.1146,0.3171,0.7487,0.6829,0.7143,0.8179,0.5653,0.5810,0.5824,0.5683,1364,954,410,0,1364,0,954,0,410,NaN,NaN,NaN,NaN,NaN,NaN,NaN,NaN,NaN,NaN,NaN,NaN,NaN,NaN,NaN,NaN,NaN,NaN,NaN,NaN,NaN,NaN,NaN,NaN,NaN,NaN,NaN,NaN,NaN,NaN,NaN,NaN,NaN,NaN,NaN,NaN,NaN,NaN,NaN,NaN,NaN,NaN,NaN,NaN,NaN,NaN,NaN,NaN,NaN,NaN,NaN,NaN,NaN,NaN,NaN,NaN,NaN,NaN,NaN,NaN,NaN,NaN,NaN,NaN,NaN,NaN,NaN,NaN,NaN,NaN,NaN,NaN,NaN,NaN,NaN,NaN,NaN,NaN,NaN,NaN,1234,94,130,14418,0.9047,0.9935,0.0065,0.0953,0.9292,0.9047,0.9168,0.9092,0.8982,0.8464,187,205,0,0,0,0
137,WLNM_original,0.8940,0.7267,00:00:15,10,70,17,1287447396,fixed,0.5000,0.7794,0.7756,0.7775,159,45,46,365,0.7756,0.8902,0.1098,0.2244,0.7794,0.7756,0.7775,0.8520,0.5561,0.6667,0.6667,0.6659,1364,954,410,0,1364,0,954,0,410,NaN,NaN,NaN,NaN,NaN,NaN,NaN,NaN,NaN,NaN,NaN,NaN,NaN,NaN,NaN,NaN,NaN,NaN,NaN,NaN,NaN,NaN,NaN,NaN,NaN,NaN,NaN,NaN,NaN,NaN,NaN,NaN,NaN,NaN,NaN,NaN,NaN,NaN,NaN,NaN,NaN,NaN,NaN,NaN,NaN,NaN,NaN,NaN,NaN,NaN,NaN,NaN,NaN,NaN,NaN,NaN,NaN,NaN,NaN,NaN,NaN,NaN,NaN,NaN,NaN,NaN,NaN,NaN,NaN,NaN,NaN,NaN,NaN,NaN,NaN,NaN,NaN,NaN,NaN,NaN,1272,90,92,14422,0.9326,0.9938,0.0062,0.0674,0.9339,0.9326,0.9332,0.9270,0.9263,0.8748,204,205,0,0,0,0
138,WLNM_original,0.8984,0.6803,00:00:16,10,70,18,1287447397,fixed,0.5000,0.7925,0.8195,0.8058,168,44,37,366,0.8195,0.8927,0.1073,0.1805,0.7925,0.8195,0.8058,0.8683,0.5518,0.7062,0.7064,0.7122,1364,954,410,0,1364,0,954,0,410,NaN,NaN,NaN,NaN,NaN,NaN,NaN,NaN,NaN,NaN,NaN,NaN,NaN,NaN,NaN,NaN,NaN,NaN,NaN,NaN,NaN,NaN,NaN,NaN,NaN,NaN,NaN,NaN,NaN,NaN,NaN,NaN,NaN,NaN,NaN,NaN,NaN,NaN,NaN,NaN,NaN,NaN,NaN,NaN,NaN,NaN,NaN,NaN,NaN,NaN,NaN,NaN,NaN,NaN,NaN,NaN,NaN,NaN,NaN,NaN,NaN,NaN,NaN,NaN,NaN,NaN,NaN,NaN,NaN,NaN,NaN,NaN,NaN,NaN,NaN,NaN,NaN,NaN,NaN,NaN,1290,88,74,14424,0.9457,0.9939,0.0061,0.0543,0.9361,0.9457,0.9409,0.9353,0.9397,0.8884,212,205,0,0,0,0
139,WLNM_original,0.8744,0.7285,00:00:15,10,70,19,1287447398,fixed,0.5000,0.6930,0.7707,0.7298,158,70,47,340,0.7707,0.8293,0.1707,0.2293,0.6930,0.7707,0.7298,0.8098,0.5431,0.5836,0.5856,0.6000,1364,954,410,0,1364,0,954,0,410,NaN,NaN,NaN,NaN,NaN,NaN,NaN,NaN,NaN,NaN,NaN,NaN,NaN,NaN,NaN,NaN,NaN,NaN,NaN,NaN,NaN,NaN,NaN,NaN,NaN,NaN,NaN,NaN,NaN,NaN,NaN,NaN,NaN,NaN,NaN,NaN,NaN,NaN,NaN,NaN,NaN,NaN,NaN,NaN,NaN,NaN,NaN,NaN,NaN,NaN,NaN,NaN,NaN,NaN,NaN,NaN,NaN,NaN,NaN,NaN,NaN,NaN,NaN,NaN,NaN,NaN,NaN,NaN,NaN,NaN,NaN,NaN,NaN,NaN,NaN,NaN,NaN,NaN,NaN,NaN,1270,140,94,14372,0.9311,0.9904,0.0096,0.0689,0.9007,0.9311,0.9156,0.9077,0.9214,0.8444,228,205,0,0,0,0
140,WLNM_original,0.9219,0.6393,00:00:14,10,70,20,1287447399,fixed,0.5000,0.8000,0.8390,0.8190,172,43,33,367,0.8390,0.8951,0.1049,0.1610,0.8000,0.8390,0.8190,0.8764,0.5501,0.7253,0.7258,0.7341,1364,954,410,0,1364,0,954,0,410,NaN,NaN,NaN,NaN,NaN,NaN,NaN,NaN,NaN,NaN,NaN,NaN,NaN,NaN,NaN,NaN,NaN,NaN,NaN,NaN,NaN,NaN,NaN,NaN,NaN,NaN,NaN,NaN,NaN,NaN,NaN,NaN,NaN,NaN,NaN,NaN,NaN,NaN,NaN,NaN,NaN,NaN,NaN,NaN,NaN,NaN,NaN,NaN,NaN,NaN,NaN,NaN,NaN,NaN,NaN,NaN,NaN,NaN,NaN,NaN,NaN,NaN,NaN,NaN,NaN,NaN,NaN,NaN,NaN,NaN,NaN,NaN,NaN,NaN,NaN,NaN,NaN,NaN,NaN,NaN,1298,86,66,14426,0.9516,0.9941,0.0059,0.0484,0.9379,0.9516,0.9447,0.9395,0.9457,0.8952,215,205,0,0,0,0
141,WLNM_original,0.9288,0.8082,00:00:14,10,80,1,1288364680,fixed,0.5000,0.8421,0.8175,0.8296,112,21,25,253,0.8175,0.9234,0.0766,0.1825,0.8421,0.8175,0.8296,0.8881,0.5588,0.7463,0.7465,0.7409,1364,1090,274,0,1364,0,1090,0,274,NaN,NaN,NaN,NaN,NaN,NaN,NaN,NaN,NaN,NaN,NaN,NaN,NaN,NaN,NaN,NaN,NaN,NaN,NaN,NaN,NaN,NaN,NaN,NaN,NaN,NaN,NaN,NaN,NaN,NaN,NaN,NaN,NaN,NaN,NaN,NaN,NaN,NaN,NaN,NaN,NaN,NaN,NaN,NaN,NaN,NaN,NaN,NaN,NaN,NaN,NaN,NaN,NaN,NaN,NaN,NaN,NaN,NaN,NaN,NaN,NaN,NaN,NaN,NaN,NaN,NaN,NaN,NaN,NaN,NaN,NaN,NaN,NaN,NaN,NaN,NaN,NaN,NaN,NaN,NaN,1314,42,50,14470,0.9633,0.9971,0.0029,0.0367,0.9690,0.9633,0.9662,0.9630,0.9604,0.9346,133,137,0,0,0,0
142,WLNM_original,0.9340,0.7467,00:00:16,10,80,2,1288364681,fixed,0.5000,0.7613,0.8613,0.8082,118,37,19,237,0.8613,0.8650,0.1350,0.1387,0.7613,0.8613,0.8082,0.8637,0.5410,0.7032,0.7064,0.7263,1364,1090,274,0,1364,0,1090,0,274,NaN,NaN,NaN,NaN,NaN,NaN,NaN,NaN,NaN,NaN,NaN,NaN,NaN,NaN,NaN,NaN,NaN,NaN,NaN,NaN,NaN,NaN,NaN,NaN,NaN,NaN,NaN,NaN,NaN,NaN,NaN,NaN,NaN,NaN,NaN,NaN,NaN,NaN,NaN,NaN,NaN,NaN,NaN,NaN,NaN,NaN,NaN,NaN,NaN,NaN,NaN,NaN,NaN,NaN,NaN,NaN,NaN,NaN,NaN,NaN,NaN,NaN,NaN,NaN,NaN,NaN,NaN,NaN,NaN,NaN,NaN,NaN,NaN,NaN,NaN,NaN,NaN,NaN,NaN,NaN,1326,74,38,14438,0.9721,0.9949,0.0051,0.0279,0.9471,0.9721,0.9595,0.9557,0.9670,0.9221,155,137,0,0,0,0
143,WLNM_original,0.9225,0.7703,00:00:16,10,80,3,1288364682,fixed,0.5000,0.8071,0.8248,0.8159,113,27,24,247,0.8248,0.9015,0.0985,0.1752,0.8071,0.8248,0.8159,0.8759,0.5531,0.7223,0.7224,0.7263,1364,1090,274,0,1364,0,1090,0,274,NaN,NaN,NaN,NaN,NaN,NaN,NaN,NaN,NaN,NaN,NaN,NaN,NaN,NaN,NaN,NaN,NaN,NaN,NaN,NaN,NaN,NaN,NaN,NaN,NaN,NaN,NaN,NaN,NaN,NaN,NaN,NaN,NaN,NaN,NaN,NaN,NaN,NaN,NaN,NaN,NaN,NaN,NaN,NaN,NaN,NaN,NaN,NaN,NaN,NaN,NaN,NaN,NaN,NaN,NaN,NaN,NaN,NaN,NaN,NaN,NaN,NaN,NaN,NaN,NaN,NaN,NaN,NaN,NaN,NaN,NaN,NaN,NaN,NaN,NaN,NaN,NaN,NaN,NaN,NaN,1316,54,48,14458,0.9648,0.9963,0.0037,0.0352,0.9606,0.9648,0.9627,0.9592,0.9611,0.9281,140,137,0,0,0,0
144,WLNM_original,0.8973,0.7323,00:00:17,10,80,4,1288364683,fixed,0.5000,0.7817,0.8102,0.7957,111,31,26,243,0.8102,0.8869,0.1131,0.1898,0.7817,0.8102,0.7957,0.8613,0.5515,0.6908,0.6910,0.6971,1364,1090,274,0,1364,0,1090,0,274,NaN,NaN,NaN,NaN,NaN,NaN,NaN,NaN,NaN,NaN,NaN,NaN,NaN,NaN,NaN,NaN,NaN,NaN,NaN,NaN,NaN,NaN,NaN,NaN,NaN,NaN,NaN,NaN,NaN,NaN,NaN,NaN,NaN,NaN,NaN,NaN,NaN,NaN,NaN,NaN,NaN,NaN,NaN,NaN,NaN,NaN,NaN,NaN,NaN,NaN,NaN,NaN,NaN,NaN,NaN,NaN,NaN,NaN,NaN,NaN,NaN,NaN,NaN,NaN,NaN,NaN,NaN,NaN,NaN,NaN,NaN,NaN,NaN,NaN,NaN,NaN,NaN,NaN,NaN,NaN,1312,62,52,14450,0.9619,0.9957,0.0043,0.0381,0.9549,0.9619,0.9584,0.9544,0.9576,0.9201,142,137,0,0,0,0
145,WLNM_original,0.8868,0.7397,00:00:17,10,80,5,1288364684,fixed,0.5000,0.8306,0.7518,0.7893,103,21,34,253,0.7518,0.9234,0.0766,0.2482,0.8306,0.7518,0.7893,0.8662,0.5661,0.6916,0.6934,0.6752,1364,1090,274,0,1364,0,1090,0,274,NaN,NaN,NaN,NaN,NaN,NaN,NaN,NaN,NaN,NaN,NaN,NaN,NaN,NaN,NaN,NaN,NaN,NaN,NaN,NaN,NaN,NaN,NaN,NaN,NaN,NaN,NaN,NaN,NaN,NaN,NaN,NaN,NaN,NaN,NaN,NaN,NaN,NaN,NaN,NaN,NaN,NaN,NaN,NaN,NaN,NaN,NaN,NaN,NaN,NaN,NaN,NaN,NaN,NaN,NaN,NaN,NaN,NaN,NaN,NaN,NaN,NaN,NaN,NaN,NaN,NaN,NaN,NaN,NaN,NaN,NaN,NaN,NaN,NaN,NaN,NaN,NaN,NaN,NaN,NaN,1296,42,68,14470,0.9501,0.9971,0.0029,0.0499,0.9686,0.9501,0.9593,0.9556,0.9473,0.9218,124,137,0,0,0,0
146,WLNM_original,0.9066,0.7126,00:00:16,10,80,6,1288364685,fixed,0.5000,0.8099,0.8394,0.8244,115,27,22,247,0.8394,0.9015,0.0985,0.1606,0.8099,0.8394,0.8244,0.8808,0.5515,0.7342,0.7344,0.7409,1364,1090,274,0,1364,0,1090,0,274,NaN,NaN,NaN,NaN,NaN,NaN,NaN,NaN,NaN,NaN,NaN,NaN,NaN,NaN,NaN,NaN,NaN,NaN,NaN,NaN,NaN,NaN,NaN,NaN,NaN,NaN,NaN,NaN,NaN,NaN,NaN,NaN,NaN,NaN,NaN,NaN,NaN,NaN,NaN,NaN,NaN,NaN,NaN,NaN,NaN,NaN,NaN,NaN,NaN,NaN,NaN,NaN,NaN,NaN,NaN,NaN,NaN,NaN,NaN,NaN,NaN,NaN,NaN,NaN,NaN,NaN,NaN,NaN,NaN,NaN,NaN,NaN,NaN,NaN,NaN,NaN,NaN,NaN,NaN,NaN,1320,54,44,14458,0.9677,0.9963,0.0037,0.0323,0.9607,0.9677,0.9642,0.9608,0.9640,0.9309,142,137,0,0,0,0
147,WLNM_original,0.9207,0.7584,00:00:16,10,80,7,1288364686,fixed,0.5000,0.8392,0.8759,0.8571,120,23,17,251,0.8759,0.9161,0.0839,0.1241,0.8392,0.8759,0.8571,0.9027,0.5507,0.7834,0.7838,0.7920,1364,1090,274,0,1364,0,1090,0,274,NaN,NaN,NaN,NaN,NaN,NaN,NaN,NaN,NaN,NaN,NaN,NaN,NaN,NaN,NaN,NaN,NaN,NaN,NaN,NaN,NaN,NaN,NaN,NaN,NaN,NaN,NaN,NaN,NaN,NaN,NaN,NaN,NaN,NaN,NaN,NaN,NaN,NaN,NaN,NaN,NaN,NaN,NaN,NaN,NaN,NaN,NaN,NaN,NaN,NaN,NaN,NaN,NaN,NaN,NaN,NaN,NaN,NaN,NaN,NaN,NaN,NaN,NaN,NaN,NaN,NaN,NaN,NaN,NaN,NaN,NaN,NaN,NaN,NaN,NaN,NaN,NaN,NaN,NaN,NaN,1330,46,34,14466,0.9751,0.9968,0.0032,0.0249,0.9666,0.9751,0.9708,0.9681,0.9719,0.9433,143,137,0,0,0,0
148,WLNM_original,0.9241,0.7622,00:00:16,10,80,8,1288364687,fixed,0.5000,0.8380,0.8686,0.8530,119,23,18,251,0.8686,0.9161,0.0839,0.1314,0.8380,0.8686,0.8530,0.9002,0.5515,0.7776,0.7779,0.7847,1364,1090,274,0,1364,0,1090,0,274,NaN,NaN,NaN,NaN,NaN,NaN,NaN,NaN,NaN,NaN,NaN,NaN,NaN,NaN,NaN,NaN,NaN,NaN,NaN,NaN,NaN,NaN,NaN,NaN,NaN,NaN,NaN,NaN,NaN,NaN,NaN,NaN,NaN,NaN,NaN,NaN,NaN,NaN,NaN,NaN,NaN,NaN,NaN,NaN,NaN,NaN,NaN,NaN,NaN,NaN,NaN,NaN,NaN,NaN,NaN,NaN,NaN,NaN,NaN,NaN,NaN,NaN,NaN,NaN,NaN,NaN,NaN,NaN,NaN,NaN,NaN,NaN,NaN,NaN,NaN,NaN,NaN,NaN,NaN,NaN,1328,46,36,14466,0.9736,0.9968,0.0032,0.0264,0.9665,0.9736,0.9701,0.9672,0.9704,0.9418,142,137,0,0,0,0
149,WLNM_original,0.9220,0.6656,00:00:17,10,80,9,1288364688,fixed,0.5000,0.7677,0.8686,0.8151,119,36,18,238,0.8686,0.8686,0.1314,0.1314,0.7677,0.8686,0.8151,0.8686,0.5410,0.7138,0.7171,0.7372,1364,1090,274,0,1364,0,1090,0,274,NaN,NaN,NaN,NaN,NaN,NaN,NaN,NaN,NaN,NaN,NaN,NaN,NaN,NaN,NaN,NaN,NaN,NaN,NaN,NaN,NaN,NaN,NaN,NaN,NaN,NaN,NaN,NaN,NaN,NaN,NaN,NaN,NaN,NaN,NaN,NaN,NaN,NaN,NaN,NaN,NaN,NaN,NaN,NaN,NaN,NaN,NaN,NaN,NaN,NaN,NaN,NaN,NaN,NaN,NaN,NaN,NaN,NaN,NaN,NaN,NaN,NaN,NaN,NaN,NaN,NaN,NaN,NaN,NaN,NaN,NaN,NaN,NaN,NaN,NaN,NaN,NaN,NaN,NaN,NaN,1328,72,36,14440,0.9736,0.9950,0.0050,0.0264,0.9486,0.9736,0.9609,0.9573,0.9686,0.9248,155,137,0,0,0,0
150,WLNM_original,0.9002,0.7252,00:00:17,10,80,10,1288364689,fixed,0.5000,0.7862,0.8321,0.8085,114,31,23,243,0.8321,0.8869,0.1131,0.1679,0.7862,0.8321,0.8085,0.8686,0.5491,0.7086,0.7093,0.7190,1364,1090,274,0,1364,0,1090,0,274,NaN,NaN,NaN,NaN,NaN,NaN,NaN,NaN,NaN,NaN,NaN,NaN,NaN,NaN,NaN,NaN,NaN,NaN,NaN,NaN,NaN,NaN,NaN,NaN,NaN,NaN,NaN,NaN,NaN,NaN,NaN,NaN,NaN,NaN,NaN,NaN,NaN,NaN,NaN,NaN,NaN,NaN,NaN,NaN,NaN,NaN,NaN,NaN,NaN,NaN,NaN,NaN,NaN,NaN,NaN,NaN,NaN,NaN,NaN,NaN,NaN,NaN,NaN,NaN,NaN,NaN,NaN,NaN,NaN,NaN,NaN,NaN,NaN,NaN,NaN,NaN,NaN,NaN,NaN,NaN,1318,62,46,14450,0.9663,0.9957,0.0043,0.0337,0.9551,0.9663,0.9606,0.9569,0.9620,0.9243,145,137,0,0,0,0
151,WLNM_original,0.9013,0.7124,00:00:17,10,80,11,1288364690,fixed,0.5000,0.7703,0.8321,0.8000,114,34,23,240,0.8321,0.8759,0.1241,0.1679,0.7703,0.8321,0.8000,0.8613,0.5466,0.6941,0.6953,0.7080,1364,1090,274,0,1364,0,1090,0,274,NaN,NaN,NaN,NaN,NaN,NaN,NaN,NaN,NaN,NaN,NaN,NaN,NaN,NaN,NaN,NaN,NaN,NaN,NaN,NaN,NaN,NaN,NaN,NaN,NaN,NaN,NaN,NaN,NaN,NaN,NaN,NaN,NaN,NaN,NaN,NaN,NaN,NaN,NaN,NaN,NaN,NaN,NaN,NaN,NaN,NaN,NaN,NaN,NaN,NaN,NaN,NaN,NaN,NaN,NaN,NaN,NaN,NaN,NaN,NaN,NaN,NaN,NaN,NaN,NaN,NaN,NaN,NaN,NaN,NaN,NaN,NaN,NaN,NaN,NaN,NaN,NaN,NaN,NaN,NaN,1318,68,46,14444,0.9663,0.9953,0.0047,0.0337,0.9509,0.9663,0.9585,0.9547,0.9616,0.9204,148,137,0,0,0,0
152,WLNM_original,0.9167,0.6635,00:00:16,10,80,12,1288364691,fixed,0.5000,0.7867,0.8613,0.8223,118,32,19,242,0.8613,0.8832,0.1168,0.1387,0.7867,0.8613,0.8223,0.8759,0.5450,0.7273,0.7290,0.7445,1364,1090,274,0,1364,0,1090,0,274,NaN,NaN,NaN,NaN,NaN,NaN,NaN,NaN,NaN,NaN,NaN,NaN,NaN,NaN,NaN,NaN,NaN,NaN,NaN,NaN,NaN,NaN,NaN,NaN,NaN,NaN,NaN,NaN,NaN,NaN,NaN,NaN,NaN,NaN,NaN,NaN,NaN,NaN,NaN,NaN,NaN,NaN,NaN,NaN,NaN,NaN,NaN,NaN,NaN,NaN,NaN,NaN,NaN,NaN,NaN,NaN,NaN,NaN,NaN,NaN,NaN,NaN,NaN,NaN,NaN,NaN,NaN,NaN,NaN,NaN,NaN,NaN,NaN,NaN,NaN,NaN,NaN,NaN,NaN,NaN,1326,64,38,14448,0.9721,0.9956,0.0044,0.0279,0.9540,0.9721,0.9630,0.9595,0.9677,0.9286,150,137,0,0,0,0
153,WLNM_original,0.9206,0.5287,00:00:19,10,80,13,1288364692,fixed,0.5000,0.8298,0.8540,0.8417,117,24,20,250,0.8540,0.9124,0.0876,0.1460,0.8298,0.8540,0.8417,0.8929,0.5523,0.7609,0.7610,0.7664,1364,1090,274,0,1364,0,1090,0,274,NaN,NaN,NaN,NaN,NaN,NaN,NaN,NaN,NaN,NaN,NaN,NaN,NaN,NaN,NaN,NaN,NaN,NaN,NaN,NaN,NaN,NaN,NaN,NaN,NaN,NaN,NaN,NaN,NaN,NaN,NaN,NaN,NaN,NaN,NaN,NaN,NaN,NaN,NaN,NaN,NaN,NaN,NaN,NaN,NaN,NaN,NaN,NaN,NaN,NaN,NaN,NaN,NaN,NaN,NaN,NaN,NaN,NaN,NaN,NaN,NaN,NaN,NaN,NaN,NaN,NaN,NaN,NaN,NaN,NaN,NaN,NaN,NaN,NaN,NaN,NaN,NaN,NaN,NaN,NaN,1324,48,40,14464,0.9707,0.9967,0.0033,0.0293,0.9650,0.9707,0.9678,0.9648,0.9674,0.9377,141,137,0,0,0,0
154,WLNM_original,0.9398,0.8418,00:00:16,10,80,14,1288364693,fixed,0.5000,0.8299,0.8905,0.8592,122,25,15,249,0.8905,0.9088,0.0912,0.1095,0.8299,0.8905,0.8592,0.9027,0.5474,0.7849,0.7861,0.7993,1364,1090,274,0,1364,0,1090,0,274,NaN,NaN,NaN,NaN,NaN,NaN,NaN,NaN,NaN,NaN,NaN,NaN,NaN,NaN,NaN,NaN,NaN,NaN,NaN,NaN,NaN,NaN,NaN,NaN,NaN,NaN,NaN,NaN,NaN,NaN,NaN,NaN,NaN,NaN,NaN,NaN,NaN,NaN,NaN,NaN,NaN,NaN,NaN,NaN,NaN,NaN,NaN,NaN,NaN,NaN,NaN,NaN,NaN,NaN,NaN,NaN,NaN,NaN,NaN,NaN,NaN,NaN,NaN,NaN,NaN,NaN,NaN,NaN,NaN,NaN,NaN,NaN,NaN,NaN,NaN,NaN,NaN,NaN,NaN,NaN,1334,50,30,14462,0.9780,0.9966,0.0034,0.0220,0.9639,0.9780,0.9709,0.9682,0.9746,0.9434,147,137,0,0,0,0
155,WLNM_original,0.9616,0.8099,00:00:16,10,80,15,1288364694,fixed,0.5000,0.8643,0.8832,0.8736,121,19,16,255,0.8832,0.9307,0.0693,0.1168,0.8643,0.8832,0.8736,0.9148,0.5531,0.8094,0.8095,0.8139,1364,1090,274,0,1364,0,1090,0,274,NaN,NaN,NaN,NaN,NaN,NaN,NaN,NaN,NaN,NaN,NaN,NaN,NaN,NaN,NaN,NaN,NaN,NaN,NaN,NaN,NaN,NaN,NaN,NaN,NaN,NaN,NaN,NaN,NaN,NaN,NaN,NaN,NaN,NaN,NaN,NaN,NaN,NaN,NaN,NaN,NaN,NaN,NaN,NaN,NaN,NaN,NaN,NaN,NaN,NaN,NaN,NaN,NaN,NaN,NaN,NaN,NaN,NaN,NaN,NaN,NaN,NaN,NaN,NaN,NaN,NaN,NaN,NaN,NaN,NaN,NaN,NaN,NaN,NaN,NaN,NaN,NaN,NaN,NaN,NaN,1332,38,32,14474,0.9765,0.9974,0.0026,0.0235,0.9723,0.9765,0.9744,0.9720,0.9739,0.9501,140,137,0,0,0,0
156,WLNM_original,0.8882,0.6813,00:00:16,10,80,16,1288364695,fixed,0.5000,0.7737,0.7737,0.7737,106,31,31,243,0.7737,0.8869,0.1131,0.2263,0.7737,0.7737,0.7737,0.8491,0.5556,0.6606,0.6606,0.6606,1364,1090,274,0,1364,0,1090,0,274,NaN,NaN,NaN,NaN,NaN,NaN,NaN,NaN,NaN,NaN,NaN,NaN,NaN,NaN,NaN,NaN,NaN,NaN,NaN,NaN,NaN,NaN,NaN,NaN,NaN,NaN,NaN,NaN,NaN,NaN,NaN,NaN,NaN,NaN,NaN,NaN,NaN,NaN,NaN,NaN,NaN,NaN,NaN,NaN,NaN,NaN,NaN,NaN,NaN,NaN,NaN,NaN,NaN,NaN,NaN,NaN,NaN,NaN,NaN,NaN,NaN,NaN,NaN,NaN,NaN,NaN,NaN,NaN,NaN,NaN,NaN,NaN,NaN,NaN,NaN,NaN,NaN,NaN,NaN,NaN,1302,62,62,14450,0.9545,0.9957,0.0043,0.0455,0.9545,0.9545,0.9545,0.9503,0.9503,0.9130,137,137,0,0,0,0
157,WLNM_original,0.9369,0.8113,00:00:16,10,80,17,1288364696,fixed,0.5000,0.8369,0.8613,0.8489,118,23,19,251,0.8613,0.9161,0.0839,0.1387,0.8369,0.8613,0.8489,0.8978,0.5523,0.7717,0.7719,0.7774,1364,1090,274,0,1364,0,1090,0,274,NaN,NaN,NaN,NaN,NaN,NaN,NaN,NaN,NaN,NaN,NaN,NaN,NaN,NaN,NaN,NaN,NaN,NaN,NaN,NaN,NaN,NaN,NaN,NaN,NaN,NaN,NaN,NaN,NaN,NaN,NaN,NaN,NaN,NaN,NaN,NaN,NaN,NaN,NaN,NaN,NaN,NaN,NaN,NaN,NaN,NaN,NaN,NaN,NaN,NaN,NaN,NaN,NaN,NaN,NaN,NaN,NaN,NaN,NaN,NaN,NaN,NaN,NaN,NaN,NaN,NaN,NaN,NaN,NaN,NaN,NaN,NaN,NaN,NaN,NaN,NaN,NaN,NaN,NaN,NaN,1326,46,38,14466,0.9721,0.9968,0.0032,0.0279,0.9665,0.9721,0.9693,0.9664,0.9690,0.9404,141,137,0,0,0,0
158,WLNM_original,0.8974,0.7406,00:00:17,10,80,18,1288364697,fixed,0.5000,0.7386,0.8248,0.7793,113,40,24,234,0.8248,0.8540,0.1460,0.1752,0.7386,0.8248,0.7793,0.8443,0.5426,0.6596,0.6620,0.6788,1364,1090,274,0,1364,0,1090,0,274,NaN,NaN,NaN,NaN,NaN,NaN,NaN,NaN,NaN,NaN,NaN,NaN,NaN,NaN,NaN,NaN,NaN,NaN,NaN,NaN,NaN,NaN,NaN,NaN,NaN,NaN,NaN,NaN,NaN,NaN,NaN,NaN,NaN,NaN,NaN,NaN,NaN,NaN,NaN,NaN,NaN,NaN,NaN,NaN,NaN,NaN,NaN,NaN,NaN,NaN,NaN,NaN,NaN,NaN,NaN,NaN,NaN,NaN,NaN,NaN,NaN,NaN,NaN,NaN,NaN,NaN,NaN,NaN,NaN,NaN,NaN,NaN,NaN,NaN,NaN,NaN,NaN,NaN,NaN,NaN,1316,80,48,14432,0.9648,0.9945,0.0055,0.0352,0.9427,0.9648,0.9536,0.9493,0.9593,0.9114,153,137,0,0,0,0
159,WLNM_original,0.9284,0.8161,00:00:16,10,80,19,1288364698,fixed,0.5000,0.8561,0.8248,0.8401,113,19,24,255,0.8248,0.9307,0.0693,0.1752,0.8561,0.8248,0.8401,0.8954,0.5596,0.7624,0.7627,0.7555,1364,1090,274,0,1364,0,1090,0,274,NaN,NaN,NaN,NaN,NaN,NaN,NaN,NaN,NaN,NaN,NaN,NaN,NaN,NaN,NaN,NaN,NaN,NaN,NaN,NaN,NaN,NaN,NaN,NaN,NaN,NaN,NaN,NaN,NaN,NaN,NaN,NaN,NaN,NaN,NaN,NaN,NaN,NaN,NaN,NaN,NaN,NaN,NaN,NaN,NaN,NaN,NaN,NaN,NaN,NaN,NaN,NaN,NaN,NaN,NaN,NaN,NaN,NaN,NaN,NaN,NaN,NaN,NaN,NaN,NaN,NaN,NaN,NaN,NaN,NaN,NaN,NaN,NaN,NaN,NaN,NaN,NaN,NaN,NaN,NaN,1316,38,48,14474,0.9648,0.9974,0.0026,0.0352,0.9719,0.9648,0.9684,0.9654,0.9622,0.9387,132,137,0,0,0,0
160,WLNM_original,0.9163,0.6329,00:00:15,10,80,20,1288364699,fixed,0.5000,0.7852,0.8540,0.8182,117,32,20,242,0.8540,0.8832,0.1168,0.1460,0.7852,0.8540,0.8182,0.8735,0.5458,0.7214,0.7229,0.7372,1364,1090,274,0,1364,0,1090,0,274,NaN,NaN,NaN,NaN,NaN,NaN,NaN,NaN,NaN,NaN,NaN,NaN,NaN,NaN,NaN,NaN,NaN,NaN,NaN,NaN,NaN,NaN,NaN,NaN,NaN,NaN,NaN,NaN,NaN,NaN,NaN,NaN,NaN,NaN,NaN,NaN,NaN,NaN,NaN,NaN,NaN,NaN,NaN,NaN,NaN,NaN,NaN,NaN,NaN,NaN,NaN,NaN,NaN,NaN,NaN,NaN,NaN,NaN,NaN,NaN,NaN,NaN,NaN,NaN,NaN,NaN,NaN,NaN,NaN,NaN,NaN,NaN,NaN,NaN,NaN,NaN,NaN,NaN,NaN,NaN,1324,64,40,14448,0.9707,0.9956,0.0044,0.0293,0.9539,0.9707,0.9622,0.9587,0.9663,0.9272,149,137,0,0,0,0
161,WLNM_original,0.8913,0.7245,00:00:15,10,90,1,1289281980,fixed,0.5000,0.8028,0.8261,0.8143,57,14,12,124,0.8261,0.8986,0.1014,0.1739,0.8028,0.8261,0.8143,0.8744,0.5523,0.7194,0.7196,0.7246,1364,1226,138,0,1364,0,1226,0,138,NaN,NaN,NaN,NaN,NaN,NaN,NaN,NaN,NaN,NaN,NaN,NaN,NaN,NaN,NaN,NaN,NaN,NaN,NaN,NaN,NaN,NaN,NaN,NaN,NaN,NaN,NaN,NaN,NaN,NaN,NaN,NaN,NaN,NaN,NaN,NaN,NaN,NaN,NaN,NaN,NaN,NaN,NaN,NaN,NaN,NaN,NaN,NaN,NaN,NaN,NaN,NaN,NaN,NaN,NaN,NaN,NaN,NaN,NaN,NaN,NaN,NaN,NaN,NaN,NaN,NaN,NaN,NaN,NaN,NaN,NaN,NaN,NaN,NaN,NaN,NaN,NaN,NaN,NaN,NaN,1340,28,24,14484,0.9824,0.9981,0.0019,0.0176,0.9795,0.9824,0.9810,0.9792,0.9805,0.9626,71,69,0,0,0,0
162,WLNM_original,0.9624,0.8178,00:00:18,10,90,2,1289281981,fixed,0.5000,0.8750,0.9130,0.8936,63,9,6,129,0.9130,0.9348,0.0652,0.0870,0.8750,0.9130,0.8936,0.9275,0.5507,0.8387,0.8391,0.8478,1364,1226,138,0,1364,0,1226,0,138,NaN,NaN,NaN,NaN,NaN,NaN,NaN,NaN,NaN,NaN,NaN,NaN,NaN,NaN,NaN,NaN,NaN,NaN,NaN,NaN,NaN,NaN,NaN,NaN,NaN,NaN,NaN,NaN,NaN,NaN,NaN,NaN,NaN,NaN,NaN,NaN,NaN,NaN,NaN,NaN,NaN,NaN,NaN,NaN,NaN,NaN,NaN,NaN,NaN,NaN,NaN,NaN,NaN,NaN,NaN,NaN,NaN,NaN,NaN,NaN,NaN,NaN,NaN,NaN,NaN,NaN,NaN,NaN,NaN,NaN,NaN,NaN,NaN,NaN,NaN,NaN,NaN,NaN,NaN,NaN,1352,18,12,14494,0.9912,0.9988,0.0012,0.0088,0.9869,0.9912,0.9890,0.9880,0.9900,0.9783,72,69,0,0,0,0
163,WLNM_original,0.9118,0.7358,00:00:18,10,90,3,1289281982,fixed,0.5000,0.8143,0.8261,0.8201,57,13,12,125,0.8261,0.9058,0.0942,0.1739,0.8143,0.8261,0.8201,0.8792,0.5539,0.7292,0.7293,0.7319,1364,1226,138,0,1364,0,1226,0,138,NaN,NaN,NaN,NaN,NaN,NaN,NaN,NaN,NaN,NaN,NaN,NaN,NaN,NaN,NaN,NaN,NaN,NaN,NaN,NaN,NaN,NaN,NaN,NaN,NaN,NaN,NaN,NaN,NaN,NaN,NaN,NaN,NaN,NaN,NaN,NaN,NaN,NaN,NaN,NaN,NaN,NaN,NaN,NaN,NaN,NaN,NaN,NaN,NaN,NaN,NaN,NaN,NaN,NaN,NaN,NaN,NaN,NaN,NaN,NaN,NaN,NaN,NaN,NaN,NaN,NaN,NaN,NaN,NaN,NaN,NaN,NaN,NaN,NaN,NaN,NaN,NaN,NaN,NaN,NaN,1340,26,24,14486,0.9824,0.9982,0.0018,0.0176,0.9810,0.9824,0.9817,0.9800,0.9806,0.9640,70,69,0,0,0,0
164,WLNM_original,0.9430,0.7895,00:00:18,10,90,4,1289281983,fixed,0.5000,0.8169,0.8406,0.8286,58,13,11,125,0.8406,0.9058,0.0942,0.1594,0.8169,0.8406,0.8286,0.8841,0.5523,0.7410,0.7412,0.7464,1364,1226,138,0,1364,0,1226,0,138,NaN,NaN,NaN,NaN,NaN,NaN,NaN,NaN,NaN,NaN,NaN,NaN,NaN,NaN,NaN,NaN,NaN,NaN,NaN,NaN,NaN,NaN,NaN,NaN,NaN,NaN,NaN,NaN,NaN,NaN,NaN,NaN,NaN,NaN,NaN,NaN,NaN,NaN,NaN,NaN,NaN,NaN,NaN,NaN,NaN,NaN,NaN,NaN,NaN,NaN,NaN,NaN,NaN,NaN,NaN,NaN,NaN,NaN,NaN,NaN,NaN,NaN,NaN,NaN,NaN,NaN,NaN,NaN,NaN,NaN,NaN,NaN,NaN,NaN,NaN,NaN,NaN,NaN,NaN,NaN,1342,26,22,14486,0.9839,0.9982,0.0018,0.0161,0.9810,0.9839,0.9824,0.9808,0.9821,0.9655,71,69,0,0,0,0
165,WLNM_original,0.8949,0.7708,00:00:18,10,90,5,1289281984,fixed,0.5000,0.8310,0.8551,0.8429,59,12,10,126,0.8551,0.9130,0.0870,0.1449,0.8310,0.8551,0.8429,0.8937,0.5523,0.7626,0.7628,0.7681,1364,1226,138,0,1364,0,1226,0,138,NaN,NaN,NaN,NaN,NaN,NaN,NaN,NaN,NaN,NaN,NaN,NaN,NaN,NaN,NaN,NaN,NaN,NaN,NaN,NaN,NaN,NaN,NaN,NaN,NaN,NaN,NaN,NaN,NaN,NaN,NaN,NaN,NaN,NaN,NaN,NaN,NaN,NaN,NaN,NaN,NaN,NaN,NaN,NaN,NaN,NaN,NaN,NaN,NaN,NaN,NaN,NaN,NaN,NaN,NaN,NaN,NaN,NaN,NaN,NaN,NaN,NaN,NaN,NaN,NaN,NaN,NaN,NaN,NaN,NaN,NaN,NaN,NaN,NaN,NaN,NaN,NaN,NaN,NaN,NaN,1344,24,20,14488,0.9853,0.9983,0.0017,0.0147,0.9825,0.9853,0.9839,0.9824,0.9837,0.9683,71,69,0,0,0,0
166,WLNM_original,0.9022,0.7906,00:00:18,10,90,6,1289281985,fixed,0.5000,0.7761,0.7536,0.7647,52,15,17,123,0.7536,0.8913,0.1087,0.2464,0.7761,0.7536,0.7647,0.8454,0.5588,0.6496,0.6498,0.6449,1364,1226,138,0,1364,0,1226,0,138,NaN,NaN,NaN,NaN,NaN,NaN,NaN,NaN,NaN,NaN,NaN,NaN,NaN,NaN,NaN,NaN,NaN,NaN,NaN,NaN,NaN,NaN,NaN,NaN,NaN,NaN,NaN,NaN,NaN,NaN,NaN,NaN,NaN,NaN,NaN,NaN,NaN,NaN,NaN,NaN,NaN,NaN,NaN,NaN,NaN,NaN,NaN,NaN,NaN,NaN,NaN,NaN,NaN,NaN,NaN,NaN,NaN,NaN,NaN,NaN,NaN,NaN,NaN,NaN,NaN,NaN,NaN,NaN,NaN,NaN,NaN,NaN,NaN,NaN,NaN,NaN,NaN,NaN,NaN,NaN,1330,30,34,14482,0.9751,0.9979,0.0021,0.0249,0.9779,0.9751,0.9765,0.9743,0.9730,0.9541,67,69,0,0,0,0
167,WLNM_original,0.9361,0.8040,00:00:19,10,90,7,1289281986,fixed,0.5000,0.8429,0.8551,0.8489,59,11,10,127,0.8551,0.9203,0.0797,0.1449,0.8429,0.8551,0.8489,0.8986,0.5539,0.7726,0.7726,0.7754,1364,1226,138,0,1364,0,1226,0,138,NaN,NaN,NaN,NaN,NaN,NaN,NaN,NaN,NaN,NaN,NaN,NaN,NaN,NaN,NaN,NaN,NaN,NaN,NaN,NaN,NaN,NaN,NaN,NaN,NaN,NaN,NaN,NaN,NaN,NaN,NaN,NaN,NaN,NaN,NaN,NaN,NaN,NaN,NaN,NaN,NaN,NaN,NaN,NaN,NaN,NaN,NaN,NaN,NaN,NaN,NaN,NaN,NaN,NaN,NaN,NaN,NaN,NaN,NaN,NaN,NaN,NaN,NaN,NaN,NaN,NaN,NaN,NaN,NaN,NaN,NaN,NaN,NaN,NaN,NaN,NaN,NaN,NaN,NaN,NaN,1344,22,20,14490,0.9853,0.9985,0.0015,0.0147,0.9839,0.9853,0.9846,0.9832,0.9838,0.9697,70,69,0,0,0,0
168,WLNM_original,0.9228,0.7911,00:00:18,10,90,8,1289281987,fixed,0.5000,0.8451,0.8696,0.8571,60,11,9,127,0.8696,0.9203,0.0797,0.1304,0.8451,0.8696,0.8571,0.9034,0.5523,0.7842,0.7844,0.7899,1364,1226,138,0,1364,0,1226,0,138,NaN,NaN,NaN,NaN,NaN,NaN,NaN,NaN,NaN,NaN,NaN,NaN,NaN,NaN,NaN,NaN,NaN,NaN,NaN,NaN,NaN,NaN,NaN,NaN,NaN,NaN,NaN,NaN,NaN,NaN,NaN,NaN,NaN,NaN,NaN,NaN,NaN,NaN,NaN,NaN,NaN,NaN,NaN,NaN,NaN,NaN,NaN,NaN,NaN,NaN,NaN,NaN,NaN,NaN,NaN,NaN,NaN,NaN,NaN,NaN,NaN,NaN,NaN,NaN,NaN,NaN,NaN,NaN,NaN,NaN,NaN,NaN,NaN,NaN,NaN,NaN,NaN,NaN,NaN,NaN,1346,22,18,14490,0.9868,0.9985,0.0015,0.0132,0.9839,0.9868,0.9854,0.9840,0.9853,0.9711,71,69,0,0,0,0
169,WLNM_original,0.9105,0.7576,00:00:18,10,90,9,1289281988,fixed,0.5000,0.8182,0.7826,0.8000,54,12,15,126,0.7826,0.9130,0.0870,0.2174,0.8182,0.7826,0.8000,0.8696,0.5604,0.7033,0.7037,0.6957,1364,1226,138,0,1364,0,1226,0,138,NaN,NaN,NaN,NaN,NaN,NaN,NaN,NaN,NaN,NaN,NaN,NaN,NaN,NaN,NaN,NaN,NaN,NaN,NaN,NaN,NaN,NaN,NaN,NaN,NaN,NaN,NaN,NaN,NaN,NaN,NaN,NaN,NaN,NaN,NaN,NaN,NaN,NaN,NaN,NaN,NaN,NaN,NaN,NaN,NaN,NaN,NaN,NaN,NaN,NaN,NaN,NaN,NaN,NaN,NaN,NaN,NaN,NaN,NaN,NaN,NaN,NaN,NaN,NaN,NaN,NaN,NaN,NaN,NaN,NaN,NaN,NaN,NaN,NaN,NaN,NaN,NaN,NaN,NaN,NaN,1334,24,30,14488,0.9780,0.9983,0.0017,0.0220,0.9823,0.9780,0.9802,0.9783,0.9764,0.9611,66,69,0,0,0,0
170,WLNM_original,0.9388,0.8814,00:00:19,10,90,10,1289281989,fixed,0.5000,0.8406,0.8406,0.8406,58,11,11,127,0.8406,0.9203,0.0797,0.1594,0.8406,0.8406,0.8406,0.8937,0.5556,0.7609,0.7609,0.7609,1364,1226,138,0,1364,0,1226,0,138,NaN,NaN,NaN,NaN,NaN,NaN,NaN,NaN,NaN,NaN,NaN,NaN,NaN,NaN,NaN,NaN,NaN,NaN,NaN,NaN,NaN,NaN,NaN,NaN,NaN,NaN,NaN,NaN,NaN,NaN,NaN,NaN,NaN,NaN,NaN,NaN,NaN,NaN,NaN,NaN,NaN,NaN,NaN,NaN,NaN,NaN,NaN,NaN,NaN,NaN,NaN,NaN,NaN,NaN,NaN,NaN,NaN,NaN,NaN,NaN,NaN,NaN,NaN,NaN,NaN,NaN,NaN,NaN,NaN,NaN,NaN,NaN,NaN,NaN,NaN,NaN,NaN,NaN,NaN,NaN,1342,22,22,14490,0.9839,0.9985,0.0015,0.0161,0.9839,0.9839,0.9839,0.9824,0.9824,0.9683,69,69,0,0,0,0
171,WLNM_original,0.9020,0.6904,00:00:18,10,90,11,1289281990,fixed,0.5000,0.7308,0.8261,0.7755,57,21,12,117,0.8261,0.8478,0.1522,0.1739,0.7308,0.8261,0.7755,0.8406,0.5411,0.6526,0.6556,0.6739,1364,1226,138,0,1364,0,1226,0,138,NaN,NaN,NaN,NaN,NaN,NaN,NaN,NaN,NaN,NaN,NaN,NaN,NaN,NaN,NaN,NaN,NaN,NaN,NaN,NaN,NaN,NaN,NaN,NaN,NaN,NaN,NaN,NaN,NaN,NaN,NaN,NaN,NaN,NaN,NaN,NaN,NaN,NaN,NaN,NaN,NaN,NaN,NaN,NaN,NaN,NaN,NaN,NaN,NaN,NaN,NaN,NaN,NaN,NaN,NaN,NaN,NaN,NaN,NaN,NaN,NaN,NaN,NaN,NaN,NaN,NaN,NaN,NaN,NaN,NaN,NaN,NaN,NaN,NaN,NaN,NaN,NaN,NaN,NaN,NaN,1340,42,24,14470,0.9824,0.9971,0.0029,0.0176,0.9696,0.9824,0.9760,0.9737,0.9795,0.9531,78,69,0,0,0,0
172,WLNM_original,0.8862,0.7079,00:00:18,10,90,12,1289281991,fixed,0.5000,0.7703,0.8261,0.7972,57,17,12,121,0.8261,0.8768,0.1232,0.1739,0.7703,0.8261,0.7972,0.8599,0.5475,0.6904,0.6914,0.7029,1364,1226,138,0,1364,0,1226,0,138,NaN,NaN,NaN,NaN,NaN,NaN,NaN,NaN,NaN,NaN,NaN,NaN,NaN,NaN,NaN,NaN,NaN,NaN,NaN,NaN,NaN,NaN,NaN,NaN,NaN,NaN,NaN,NaN,NaN,NaN,NaN,NaN,NaN,NaN,NaN,NaN,NaN,NaN,NaN,NaN,NaN,NaN,NaN,NaN,NaN,NaN,NaN,NaN,NaN,NaN,NaN,NaN,NaN,NaN,NaN,NaN,NaN,NaN,NaN,NaN,NaN,NaN,NaN,NaN,NaN,NaN,NaN,NaN,NaN,NaN,NaN,NaN,NaN,NaN,NaN,NaN,NaN,NaN,NaN,NaN,1340,34,24,14478,0.9824,0.9977,0.0023,0.0176,0.9753,0.9824,0.9788,0.9768,0.9801,0.9585,74,69,0,0,0,0
173,WLNM_original,0.9200,0.8427,00:00:18,10,90,13,1289281992,fixed,0.5000,0.8548,0.7681,0.8092,53,9,16,129,0.7681,0.9348,0.0652,0.2319,0.8548,0.7681,0.8092,0.8792,0.5668,0.7212,0.7234,0.7029,1364,1226,138,0,1364,0,1226,0,138,NaN,NaN,NaN,NaN,NaN,NaN,NaN,NaN,NaN,NaN,NaN,NaN,NaN,NaN,NaN,NaN,NaN,NaN,NaN,NaN,NaN,NaN,NaN,NaN,NaN,NaN,NaN,NaN,NaN,NaN,NaN,NaN,NaN,NaN,NaN,NaN,NaN,NaN,NaN,NaN,NaN,NaN,NaN,NaN,NaN,NaN,NaN,NaN,NaN,NaN,NaN,NaN,NaN,NaN,NaN,NaN,NaN,NaN,NaN,NaN,NaN,NaN,NaN,NaN,NaN,NaN,NaN,NaN,NaN,NaN,NaN,NaN,NaN,NaN,NaN,NaN,NaN,NaN,NaN,NaN,1332,18,32,14494,0.9765,0.9988,0.0012,0.0235,0.9867,0.9765,0.9816,0.9799,0.9753,0.9638,62,69,0,0,0,0
174,WLNM_original,0.9279,0.8679,00:00:18,10,90,14,1289281993,fixed,0.5000,0.7973,0.8551,0.8252,59,15,10,123,0.8551,0.8913,0.1087,0.1449,0.7973,0.8551,0.8252,0.8792,0.5475,0.7331,0.7341,0.7464,1364,1226,138,0,1364,0,1226,0,138,NaN,NaN,NaN,NaN,NaN,NaN,NaN,NaN,NaN,NaN,NaN,NaN,NaN,NaN,NaN,NaN,NaN,NaN,NaN,NaN,NaN,NaN,NaN,NaN,NaN,NaN,NaN,NaN,NaN,NaN,NaN,NaN,NaN,NaN,NaN,NaN,NaN,NaN,NaN,NaN,NaN,NaN,NaN,NaN,NaN,NaN,NaN,NaN,NaN,NaN,NaN,NaN,NaN,NaN,NaN,NaN,NaN,NaN,NaN,NaN,NaN,NaN,NaN,NaN,NaN,NaN,NaN,NaN,NaN,NaN,NaN,NaN,NaN,NaN,NaN,NaN,NaN,NaN,NaN,NaN,1344,30,20,14482,0.9853,0.9979,0.0021,0.0147,0.9782,0.9853,0.9817,0.9800,0.9833,0.9641,74,69,0,0,0,0
175,WLNM_original,0.9105,0.7697,00:00:18,10,90,15,1289281994,fixed,0.5000,0.8235,0.8116,0.8175,56,12,13,126,0.8116,0.9130,0.0870,0.1884,0.8235,0.8116,0.8175,0.8792,0.5572,0.7273,0.7273,0.7246,1364,1226,138,0,1364,0,1226,0,138,NaN,NaN,NaN,NaN,NaN,NaN,NaN,NaN,NaN,NaN,NaN,NaN,NaN,NaN,NaN,NaN,NaN,NaN,NaN,NaN,NaN,NaN,NaN,NaN,NaN,NaN,NaN,NaN,NaN,NaN,NaN,NaN,NaN,NaN,NaN,NaN,NaN,NaN,NaN,NaN,NaN,NaN,NaN,NaN,NaN,NaN,NaN,NaN,NaN,NaN,NaN,NaN,NaN,NaN,NaN,NaN,NaN,NaN,NaN,NaN,NaN,NaN,NaN,NaN,NaN,NaN,NaN,NaN,NaN,NaN,NaN,NaN,NaN,NaN,NaN,NaN,NaN,NaN,NaN,NaN,1338,24,26,14488,0.9809,0.9983,0.0017,0.0191,0.9824,0.9809,0.9817,0.9799,0.9793,0.9640,68,69,0,0,0,0
176,WLNM_original,0.9374,0.8490,00:00:17,10,90,16,1289281995,fixed,0.5000,0.8676,0.8551,0.8613,59,9,10,129,0.8551,0.9348,0.0652,0.1449,0.8676,0.8551,0.8613,0.9082,0.5572,0.7927,0.7928,0.7899,1364,1226,138,0,1364,0,1226,0,138,NaN,NaN,NaN,NaN,NaN,NaN,NaN,NaN,NaN,NaN,NaN,NaN,NaN,NaN,NaN,NaN,NaN,NaN,NaN,NaN,NaN,NaN,NaN,NaN,NaN,NaN,NaN,NaN,NaN,NaN,NaN,NaN,NaN,NaN,NaN,NaN,NaN,NaN,NaN,NaN,NaN,NaN,NaN,NaN,NaN,NaN,NaN,NaN,NaN,NaN,NaN,NaN,NaN,NaN,NaN,NaN,NaN,NaN,NaN,NaN,NaN,NaN,NaN,NaN,NaN,NaN,NaN,NaN,NaN,NaN,NaN,NaN,NaN,NaN,NaN,NaN,NaN,NaN,NaN,NaN,1344,18,20,14494,0.9853,0.9988,0.0012,0.0147,0.9868,0.9853,0.9861,0.9848,0.9841,0.9725,68,69,0,0,0,0
177,WLNM_original,0.9394,0.8857,00:00:18,10,90,17,1289281996,fixed,0.5000,0.8594,0.7971,0.8271,55,9,14,129,0.7971,0.9348,0.0652,0.2029,0.8594,0.7971,0.8271,0.8889,0.5636,0.7454,0.7465,0.7319,1364,1226,138,0,1364,0,1226,0,138,NaN,NaN,NaN,NaN,NaN,NaN,NaN,NaN,NaN,NaN,NaN,NaN,NaN,NaN,NaN,NaN,NaN,NaN,NaN,NaN,NaN,NaN,NaN,NaN,NaN,NaN,NaN,NaN,NaN,NaN,NaN,NaN,NaN,NaN,NaN,NaN,NaN,NaN,NaN,NaN,NaN,NaN,NaN,NaN,NaN,NaN,NaN,NaN,NaN,NaN,NaN,NaN,NaN,NaN,NaN,NaN,NaN,NaN,NaN,NaN,NaN,NaN,NaN,NaN,NaN,NaN,NaN,NaN,NaN,NaN,NaN,NaN,NaN,NaN,NaN,NaN,NaN,NaN,NaN,NaN,1336,18,28,14494,0.9795,0.9988,0.0012,0.0205,0.9867,0.9795,0.9831,0.9815,0.9782,0.9667,64,69,0,0,0,0
178,WLNM_original,0.9042,0.7338,00:00:18,10,90,18,1289281997,fixed,0.5000,0.8235,0.8116,0.8175,56,12,13,126,0.8116,0.9130,0.0870,0.1884,0.8235,0.8116,0.8175,0.8792,0.5572,0.7273,0.7273,0.7246,1364,1226,138,0,1364,0,1226,0,138,NaN,NaN,NaN,NaN,NaN,NaN,NaN,NaN,NaN,NaN,NaN,NaN,NaN,NaN,NaN,NaN,NaN,NaN,NaN,NaN,NaN,NaN,NaN,NaN,NaN,NaN,NaN,NaN,NaN,NaN,NaN,NaN,NaN,NaN,NaN,NaN,NaN,NaN,NaN,NaN,NaN,NaN,NaN,NaN,NaN,NaN,NaN,NaN,NaN,NaN,NaN,NaN,NaN,NaN,NaN,NaN,NaN,NaN,NaN,NaN,NaN,NaN,NaN,NaN,NaN,NaN,NaN,NaN,NaN,NaN,NaN,NaN,NaN,NaN,NaN,NaN,NaN,NaN,NaN,NaN,1338,24,26,14488,0.9809,0.9983,0.0017,0.0191,0.9824,0.9809,0.9817,0.9799,0.9793,0.9640,68,69,0,0,0,0
179,WLNM_original,0.9537,0.8745,00:00:21,10,90,19,1289281998,fixed,0.5000,0.8472,0.8841,0.8652,61,11,8,127,0.8841,0.9203,0.0797,0.1159,0.8472,0.8841,0.8652,0.9082,0.5507,0.7957,0.7961,0.8043,1364,1226,138,0,1364,0,1226,0,138,NaN,NaN,NaN,NaN,NaN,NaN,NaN,NaN,NaN,NaN,NaN,NaN,NaN,NaN,NaN,NaN,NaN,NaN,NaN,NaN,NaN,NaN,NaN,NaN,NaN,NaN,NaN,NaN,NaN,NaN,NaN,NaN,NaN,NaN,NaN,NaN,NaN,NaN,NaN,NaN,NaN,NaN,NaN,NaN,NaN,NaN,NaN,NaN,NaN,NaN,NaN,NaN,NaN,NaN,NaN,NaN,NaN,NaN,NaN,NaN,NaN,NaN,NaN,NaN,NaN,NaN,NaN,NaN,NaN,NaN,NaN,NaN,NaN,NaN,NaN,NaN,NaN,NaN,NaN,NaN,1348,22,16,14490,0.9883,0.9985,0.0015,0.0117,0.9839,0.9883,0.9861,0.9848,0.9868,0.9726,72,69,0,0,0,0
180,WLNM_original,0.9228,0.8042,00:00:17,10,90,20,1289281999,fixed,0.5000,0.8382,0.8261,0.8321,57,11,12,127,0.8261,0.9203,0.0797,0.1739,0.8382,0.8261,0.8321,0.8889,0.5572,0.7491,0.7491,0.7464,1364,1226,138,0,1364,0,1226,0,138,NaN,NaN,NaN,NaN,NaN,NaN,NaN,NaN,NaN,NaN,NaN,NaN,NaN,NaN,NaN,NaN,NaN,NaN,NaN,NaN,NaN,NaN,NaN,NaN,NaN,NaN,NaN,NaN,NaN,NaN,NaN,NaN,NaN,NaN,NaN,NaN,NaN,NaN,NaN,NaN,NaN,NaN,NaN,NaN,NaN,NaN,NaN,NaN,NaN,NaN,NaN,NaN,NaN,NaN,NaN,NaN,NaN,NaN,NaN,NaN,NaN,NaN,NaN,NaN,NaN,NaN,NaN,NaN,NaN,NaN,NaN,NaN,NaN,NaN,NaN,NaN,NaN,NaN,NaN,NaN,1340,22,24,14490,0.9824,0.9985,0.0015,0.0176,0.9838,0.9824,0.9831,0.9815,0.9809,0.9668,68,69,0,0,0,0
