Iteration,Version,ROC_AUC,PR_AUC,TimeElapsed,K,TrainRatio,ExperimentID,Seed,ThresholdMode,Threshold,Precision,Recall,F1Score,TestTP,TestFP,TestFN,TestTN,TestTPR,TestTNR,TestFPR,TestFNR,TestPrecision,TestRecall,TestF1Score,TestAccuracy,TestExpectedAccuracy,TestKappa,TestMCC,TestTSS,TotalLinks,TrainLinks,TestLinks,BackboneTotal,NonBackboneTotal,BackboneTrainLinks,NonBackboneTrainLinks,BackboneTestLinks,NonBackboneTestLinks,EmpiricalNumSpecies,EmpiricalLinks,EmpiricalConnectance,EmpiricalMeanTrophicLevel,EmpiricalMeanDegree,EmpiricalMeanGenerality,EmpiricalMeanVulnerability,EmpiricalDegreeStd,EmpiricalDegreeCV,EmpiricalDegreeGini,EmpiricalGeneralityStd,EmpiricalGeneralityCV,EmpiricalGeneralityGini,EmpiricalVulnerabilityStd,EmpiricalVulnerabilityCV,EmpiricalVulnerabilityGini,EmpiricalTrophicLevelStd,EmpiricalTrophicLevelCV,EmpiricalTrophicLevelRange,EmpiricalNetworkXMeanTrophicLevel,EmpiricalNetworkXTrophicLevelStd,EmpiricalNetworkXTrophicLevelRange,EmpiricalMeanLocalClustering,EmpiricalTransitivity,EmpiricalNumTriangles,EmpiricalTriangleDensity,EmpiricalMeanDietOverlap,EmpiricalNetworkXTrophicLevelNumSpeciesFull,EmpiricalNetworkXTrophicLevelNumSpeciesLargest,EmpiricalNetworkXTrophicLevelNumSpeciesWithLevel,EmpiricalNetworkXTrophicLevelLargestFraction,EmpiricalNetworkXTrophicLevelStatusCode,EmpiricalPropBasal,EmpiricalPropIntermediate,EmpiricalPropTop,PseudoNumSpecies,PseudoLinks,PseudoConnectance,PseudoMeanTrophicLevel,PseudoMeanDegree,PseudoMeanGenerality,PseudoMeanVulnerability,PseudoDegreeStd,PseudoDegreeCV,PseudoDegreeGini,PseudoGeneralityStd,PseudoGeneralityCV,PseudoGeneralityGini,PseudoVulnerabilityStd,PseudoVulnerabilityCV,PseudoVulnerabilityGini,PseudoTrophicLevelStd,PseudoTrophicLevelCV,PseudoTrophicLevelRange,PseudoNetworkXMeanTrophicLevel,PseudoNetworkXTrophicLevelStd,PseudoNetworkXTrophicLevelRange,PseudoMeanLocalClustering,PseudoTransitivity,PseudoNumTriangles,PseudoTriangleDensity,PseudoMeanDietOverlap,PseudoNetworkXTrophicLevelNumSpeciesFull,PseudoNetworkXTrophicLevelNumSpeciesLargest,PseudoNetworkXTrophicLevelNumSpeciesWithLevel,PseudoNetworkXTrophicLevelLargestFraction,PseudoNetworkXTrophicLevelStatusCode,PseudoPropBasal,PseudoPropIntermediate,PseudoPropTop,DeltaLinks,DeltaConnectance,DeltaMeanTrophicLevel,DeltaMeanDegree,DeltaMeanGenerality,DeltaMeanVulnerability,DeltaDegreeStd,DeltaDegreeCV,DeltaDegreeGini,DeltaGeneralityStd,DeltaGeneralityCV,DeltaGeneralityGini,DeltaVulnerabilityStd,DeltaVulnerabilityCV,DeltaVulnerabilityGini,DeltaTrophicLevelStd,DeltaTrophicLevelCV,DeltaTrophicLevelRange,DeltaNetworkXMeanTrophicLevel,DeltaNetworkXTrophicLevelStd,DeltaNetworkXTrophicLevelRange,DeltaMeanLocalClustering,DeltaTransitivity,DeltaNumTriangles,DeltaTriangleDensity,DeltaMeanDietOverlap,DeltaPropBasal,DeltaPropIntermediate,DeltaPropTop,PseudoTP,PseudoFP,PseudoFN,PseudoTN,PseudoTPR,PseudoTNR,PseudoFPR,PseudoFNR,PseudoPrecision,PseudoRecall,PseudoF1Score,PseudoMCC,PseudoTSS,PseudoJaccardLinks,NumPredictedNovelLinks,NumTrueNovelLinks,EvaluateOnAllUnseen,CvK,FoldID,NumFolds
1,WLNM_dir_neg_kfold,0.878361466378,0.672098691764,00:00:39,10,90,1,13346,fixed,0.5,0.873417721519,0.762430939227,0.814159292035,138,20,43,342,0.762430939227,0.944751381215,0.0552486187845,0.237569060773,0.873417721519,0.762430939227,0.814159292035,0.883977900552,0.569674647023,0.730385164051,0.733949297699,0.707182320442,1841,1660,181,0,1841,0,1660,0,181,121,1806,0.124380165289,3.42170224172,29.8512396694,15.7043478261,15.4358974359,21.5018065741,0.72029861447,0.402313683498,17.1134281045,1.14658073125,0.582246506137,10.7712311965,0.721660561889,0.40886667948,1.17927586475,0.344645963161,4.31726830233,NaN,NaN,NaN,0.517601693121,0.603545816733,15149,0.0526043475241,0.132564397549,NaN,NaN,NaN,NaN,NaN,0.0495867768595,0.917355371901,0.0330578512397,121,1783,0.122796143251,3.46674886223,29.4710743802,15.6403508772,15.3706896552,21.0812216519,0.715319074559,0.400638722925,16.6722167068,1.1314291764,0.577427772859,10.8249469553,0.734615020519,0.416421390265,1.2191641869,0.351673638717,4.30257410651,NaN,NaN,NaN,0.511482437737,0.591533742331,14463,0.0502222376554,0.131263682875,NaN,NaN,NaN,NaN,NaN,0.0578512396694,0.900826446281,0.0413223140496,-23,-0.00158402203857,0.0450466205176,-0.380165289256,-0.063996948894,-0.065207780725,-0.42058492222,-0.0049795399111,-0.00167496057265,-0.441211397726,-0.0151515548547,-0.0048187332772,0.0537157587916,0.01295445863,0.00755471078548,0.0398883221547,0.0070276755564,-0.0146941958227,NaN,NaN,NaN,-0.00611925538418,-0.0120120744018,-686,-0.00238210986874,-0.00130071467492,0.00826446280992,-0.0165289256198,0.00826446280992,1763,20,43,12694,0.97619047619,0.998426930942,0.00157306905773,0.0238095238095,0.988782950084,0.97619047619,0.98244636389,0.979997334298,0.974617407133,0.965498357065,158,181,0,10,1,10
2,WLNM_dir_neg_kfold,0.882466957663,0.70869394201,00:00:37,10,90,2,13347,fixed,0.5,0.891025641026,0.767955801105,0.824925816024,139,17,42,345,0.767955801105,0.953038674033,0.0469613259669,0.232044198895,0.891025641026,0.767955801105,0.824925816024,0.891344383057,0.570902394107,0.74678111588,0.751117235835,0.720994475138,1841,1660,181,0,1841,0,1660,0,181,121,1806,0.124380165289,3.42170224172,29.8512396694,15.7043478261,15.4358974359,21.5018065741,0.72029861447,0.402313683498,17.1134281045,1.14658073125,0.582246506137,10.7712311965,0.721660561889,0.40886667948,1.17927586475,0.344645963161,4.31726830233,NaN,NaN,NaN,0.517601693121,0.603545816733,15149,0.0526043475241,0.132564397549,NaN,NaN,NaN,NaN,NaN,0.0495867768595,0.917355371901,0.0330578512397,121,1781,0.122658402204,3.56755203562,29.4380165289,15.4869565217,15.3534482759,20.9494998198,0.711647804098,0.398360100417,16.5787128272,1.12634713762,0.574243274973,10.7464902336,0.730109667754,0.413742859662,1.20826666805,0.338682282974,4.58456901204,NaN,NaN,NaN,0.502130883959,0.590084278145,14330,0.0497604000278,0.12857397282,NaN,NaN,NaN,NaN,NaN,0.0495867768595,0.909090909091,0.0413223140496,-25,-0.0017217630854,0.145849793901,-0.413223140496,-0.217391304348,-0.0824491600354,-0.552306754311,-0.00865081037286,-0.00395358308045,-0.534715277246,-0.0202335936359,-0.00800323116337,-0.0247409628262,0.00844910586483,0.00487618018212,0.0289908033076,-0.0059636801862,0.267300709708,NaN,NaN,NaN,-0.0154708091617,-0.0134615385877,-819,-0.00284394749635,-0.00399042472912,0,-0.00826446280992,0.00826446280992,1764,17,42,12697,0.976744186047,0.998662891301,0.00133710869907,0.0232558139535,0.990454800674,0.976744186047,0.983551714525,0.981264868534,0.975407077347,0.967635765222,156,181,0,10,1,10
3,WLNM_dir_neg_kfold,0.911365648179,0.703763672127,00:00:40,10,90,3,13348,fixed,0.5,0.907894736842,0.762430939227,0.828828828829,138,14,43,348,0.762430939227,0.961325966851,0.0386740331492,0.237569060773,0.907894736842,0.762430939227,0.828828828829,0.895027624309,0.573357888275,0.753956834532,0.759934429092,0.723756906077,1841,1660,181,0,1841,0,1660,0,181,121,1806,0.124380165289,3.42170224172,29.8512396694,15.7043478261,15.4358974359,21.5018065741,0.72029861447,0.402313683498,17.1134281045,1.14658073125,0.582246506137,10.7712311965,0.721660561889,0.40886667948,1.17927586475,0.344645963161,4.31726830233,NaN,NaN,NaN,0.517601693121,0.603545816733,15149,0.0526043475241,0.132564397549,NaN,NaN,NaN,NaN,NaN,0.0495867768595,0.917355371901,0.0330578512397,121,1777,0.12238292011,3.40726475093,29.3719008264,15.5877192982,15.3189655172,20.924519999,0.712399245887,0.398573136078,16.5665491568,1.12805427573,0.575480078319,10.7935420954,0.734957002554,0.415818284136,1.16636806373,0.342318002559,4.22753938677,NaN,NaN,NaN,0.505367529841,0.589611103477,14302,0.0496631710535,0.130912506696,NaN,NaN,NaN,NaN,NaN,0.0578512396694,0.900826446281,0.0413223140496,-29,-0.00199724517906,-0.0144374907825,-0.479338842975,-0.116628527841,-0.116931918656,-0.577286575073,-0.00789936858315,-0.00374054742,-0.546878947706,-0.018526455524,-0.00676642781718,0.0223108988939,0.0132964406646,0.00695160465589,-0.0129078010163,-0.00232796060177,-0.0897289155644,NaN,NaN,NaN,-0.0122341632802,-0.0139347132564,-847,-0.00294117647059,-0.00165189085336,0.00826446280992,-0.0165289256198,0.00826446280992,1763,14,43,12700,0.97619047619,0.99889885166,0.00110114834041,0.0238095238095,0.99212155318,0.97619047619,0.984091543399,0.981894493016,0.97508932785,0.968681318681,152,181,0,10,1,10
4,WLNM_dir_neg_kfold,0.897004059705,0.823168678485,00:00:39,10,90,4,13349,fixed,0.5,0.918367346939,0.745856353591,0.823170731707,135,12,46,350,0.745856353591,0.966850828729,0.0331491712707,0.254143646409,0.918367346939,0.745856353591,0.823170731707,0.893186003683,0.576427255985,0.747826086957,0.756133444587,0.71270718232,1841,1660,181,0,1841,0,1660,0,181,121,1806,0.124380165289,3.42170224172,29.8512396694,15.7043478261,15.4358974359,21.5018065741,0.72029861447,0.402313683498,17.1134281045,1.14658073125,0.582246506137,10.7712311965,0.721660561889,0.40886667948,1.17927586475,0.344645963161,4.31726830233,NaN,NaN,NaN,0.517601693121,0.603545816733,15149,0.0526043475241,0.132564397549,NaN,NaN,NaN,NaN,NaN,0.0495867768595,0.917355371901,0.0330578512397,121,1772,0.122038567493,3.42856157355,29.2892561983,15.5438596491,15.275862069,20.9866775267,0.716531597271,0.40073316792,16.5553916213,1.13047538724,0.577383728523,10.7972677903,0.737285215929,0.417028897636,1.17787078123,0.343546632008,4.32335540811,NaN,NaN,NaN,0.502043247477,0.589723788905,14255,0.0494999652754,0.131696258092,NaN,NaN,NaN,NaN,NaN,0.0578512396694,0.900826446281,0.0413223140496,-34,-0.00234159779614,0.00685933183482,-0.561983471074,-0.160488176964,-0.160035366932,-0.51512904743,-0.00376701719951,-0.00158051557791,-0.558036483164,-0.0161053440182,-0.00486277761391,0.0260365938436,0.0156246540402,0.00816221815654,-0.0014050835181,-0.00109933115217,0.00608710577468,NaN,NaN,NaN,-0.0155584456436,-0.0138220278284,-894,-0.00310438224877,-0.000868139457797,0.00826446280992,-0.0165289256198,0.00826446280992,1760,12,46,12702,0.974529346622,0.999056158565,0.000943841434639,0.0254706533776,0.993227990971,0.974529346622,0.983789826719,0.981569804191,0.973585505188,0.968096809681,147,181,0,10,1,10
5,WLNM_dir_neg_kfold,0.915120112329,0.58539155926,00:00:38,10,90,5,13350,fixed,0.5,0.893081761006,0.78453038674,0.835294117647,142,17,39,345,0.78453038674,0.953038674033,0.0469613259669,0.21546961326,0.893081761006,0.78453038674,0.835294117647,0.896869244936,0.569060773481,0.760683760684,0.764068136965,0.737569060773,1841,1660,181,0,1841,0,1660,0,181,121,1806,0.124380165289,3.42170224172,29.8512396694,15.7043478261,15.4358974359,21.5018065741,0.72029861447,0.402313683498,17.1134281045,1.14658073125,0.582246506137,10.7712311965,0.721660561889,0.40886667948,1.17927586475,0.344645963161,4.31726830233,NaN,NaN,NaN,0.517601693121,0.603545816733,15149,0.0526043475241,0.132564397549,NaN,NaN,NaN,NaN,NaN,0.0495867768595,0.917355371901,0.0330578512397,121,1784,0.122865013774,3.39565703622,29.4876033058,15.649122807,15.3793103448,21.1963501978,0.718822414219,0.40203090835,16.7419278687,1.13552313459,0.578781084386,10.8016425646,0.732622617891,0.415039098692,1.17126361533,0.344929892164,4.22066863495,NaN,NaN,NaN,0.509940955106,0.590261040075,14449,0.0501736231683,0.132004988008,NaN,NaN,NaN,NaN,NaN,0.0578512396694,0.900826446281,0.0413223140496,-22,-0.00151515151515,-0.026045205493,-0.363636363636,-0.0552250190694,-0.0565870910699,-0.305456376304,-0.00147620025116,-0.000282775147914,-0.371500235804,-0.0110575966619,-0.0034654217501,0.0304113681527,0.0109620560023,0.00617241921198,-0.0080122494157,0.000283929003092,-0.0965996673891,NaN,NaN,NaN,-0.0076607380154,-0.0132847766579,-700,-0.00243072435586,-0.000559409541165,0.00826446280992,-0.0165289256198,0.00826446280992,1767,17,39,12697,0.978405315615,0.998662891301,0.00133710869907,0.0215946843854,0.990470852018,0.978405315615,0.984401114206,0.982224829083,0.977068206916,0.969281404279,159,181,0,10,1,10
6,WLNM_dir_neg_kfold,0.890349806172,0.75544777223,00:00:37,10,90,6,13351,fixed,0.5,0.901315789474,0.756906077348,0.822822822823,137,15,44,347,0.756906077348,0.958563535912,0.0414364640884,0.243093922652,0.901315789474,0.756906077348,0.822822822823,0.891344383057,0.573357888275,0.745323741007,0.751232889827,0.71546961326,1841,1660,181,0,1841,0,1660,0,181,121,1806,0.124380165289,3.42170224172,29.8512396694,15.7043478261,15.4358974359,21.5018065741,0.72029861447,0.402313683498,17.1134281045,1.14658073125,0.582246506137,10.7712311965,0.721660561889,0.40886667948,1.17927586475,0.344645963161,4.31726830233,NaN,NaN,NaN,0.517601693121,0.603545816733,15149,0.0526043475241,0.132564397549,NaN,NaN,NaN,NaN,NaN,0.0495867768595,0.917355371901,0.0330578512397,121,1777,0.12238292011,3.43183607803,29.3719008264,15.5877192982,15.3189655172,21.1112656463,0.718757215309,0.402451899152,16.7082978676,1.1377062701,0.580279698815,10.8112850438,0.736165160549,0.416915871768,1.18482225726,0.345244420282,4.34314222963,NaN,NaN,NaN,0.506862518849,0.593595620937,14459,0.0502083478019,0.131012066722,NaN,NaN,NaN,NaN,NaN,0.0578512396694,0.900826446281,0.0413223140496,-29,-0.00199724517906,0.0101338363098,-0.479338842975,-0.116628527841,-0.116931918656,-0.390540927775,-0.00154139916194,0.000138215654544,-0.405130236939,-0.00887446114986,-0.00196680732206,0.0400538473038,0.0145045986598,0.00804919228849,0.00554639251497,0.000598457121135,0.0258739272957,NaN,NaN,NaN,-0.0107391742717,-0.00995019579567,-690,-0.0023959997222,-0.00155233082757,0.00826446280992,-0.0165289256198,0.00826446280992,1762,15,44,12699,0.975636766334,0.998820198207,0.0011798017933,0.0243632336656,0.991558806978,0.975636766334,0.98353335194,0.981257716433,0.974456964541,0.96760021966,152,181,0,10,1,10
7,WLNM_dir_neg_kfold,0.882650102256,0.628239756888,00:00:40,10,90,7,13352,fixed,0.5,0.885350318471,0.767955801105,0.822485207101,139,18,42,344,0.767955801105,0.950276243094,0.0497237569061,0.232044198895,0.885350318471,0.767955801105,0.822485207101,0.889502762431,0.570288520565,0.742857142857,0.746818162877,0.718232044199,1841,1660,181,0,1841,0,1660,0,181,121,1806,0.124380165289,3.42170224172,29.8512396694,15.7043478261,15.4358974359,21.5018065741,0.72029861447,0.402313683498,17.1134281045,1.14658073125,0.582246506137,10.7712311965,0.721660561889,0.40886667948,1.17927586475,0.344645963161,4.31726830233,NaN,NaN,NaN,0.517601693121,0.603545816733,15149,0.0526043475241,0.132564397549,NaN,NaN,NaN,NaN,NaN,0.0495867768595,0.917355371901,0.0330578512397,121,1782,0.122727272727,3.3833329596,29.4545454545,15.6315789474,15.3620689655,21.0590439796,0.714967542516,0.400422962406,16.6468215184,1.13033973273,0.577677602471,10.7803834193,0.732001343284,0.414753596572,1.16577195782,0.344563178303,4.21663386047,NaN,NaN,NaN,0.50716343327,0.592281535499,14457,0.0502014028752,0.130584435954,NaN,NaN,NaN,NaN,NaN,0.0578512396694,0.900826446281,0.0413223140496,-24,-0.00165289256198,-0.0383692821209,-0.396694214876,-0.0727688787185,-0.0738284703802,-0.442762594542,-0.00533107195428,-0.00189072109118,-0.466606586056,-0.01624099852,-0.00456890366558,0.00915222281858,0.0103407813953,0.00588691709199,-0.0135039069295,-8.27848575692e-05,-0.100634441865,NaN,NaN,NaN,-0.0104382598508,-0.0112642812339,-692,-0.00240294464893,-0.00197996159592,0.00826446280992,-0.0165289256198,0.00826446280992,1764,18,42,12696,0.976744186047,0.998584237848,0.00141576215196,0.0232558139535,0.989898989899,0.976744186047,0.983277591973,0.980948902011,0.975328423895,0.967105263158,157,181,0,10,1,10
8,WLNM_dir_neg_kfold,0.901033240744,0.783991278448,00:00:38,10,90,8,13353,fixed,0.5,0.932432432432,0.762430939227,0.838905775076,138,10,43,352,0.762430939227,0.972375690608,0.0276243093923,0.237569060773,0.932432432432,0.762430939227,0.838905775076,0.902394106814,0.575813382443,0.76989869754,0.777924112892,0.734806629834,1841,1660,181,0,1841,0,1660,0,181,121,1806,0.124380165289,3.42170224172,29.8512396694,15.7043478261,15.4358974359,21.5018065741,0.72029861447,0.402313683498,17.1134281045,1.14658073125,0.582246506137,10.7712311965,0.721660561889,0.40886667948,1.17927586475,0.344645963161,4.31726830233,NaN,NaN,NaN,0.517601693121,0.603545816733,15149,0.0526043475241,0.132564397549,NaN,NaN,NaN,NaN,NaN,0.0495867768595,0.917355371901,0.0330578512397,121,1773,0.122107438017,3.39829512072,29.305785124,15.5526315789,15.2844827586,21.0296786214,0.717594786574,0.401639840957,16.6291464723,1.13487124825,0.578736138496,10.828750885,0.739017967901,0.41827597619,1.17638537556,0.346169280115,4.22941775202,NaN,NaN,NaN,0.504182228814,0.591340597656,14327,0.0497499826377,0.13167028753,NaN,NaN,NaN,NaN,NaN,0.0578512396694,0.900826446281,0.0413223140496,-33,-0.00227272727273,-0.0234071210006,-0.545454545455,-0.15171624714,-0.151414677277,-0.472127952692,-0.0027038278964,-0.000673842540747,-0.484281632207,-0.0117094830038,-0.00351036764039,0.057519688569,0.017357406012,0.00940929671036,-0.00289048918881,0.00152331695434,-0.0878505503168,NaN,NaN,NaN,-0.0134194643072,-0.0122052190775,-822,-0.00285436488645,-0.000894110019325,0.00826446280992,-0.0165289256198,0.00826446280992,1763,10,43,12704,0.97619047619,0.999213465471,0.000786534528866,0.0238095238095,0.994359842076,0.97619047619,0.985191394244,0.983164349221,0.975403941662,0.970814977974,148,181,0,10,1,10
9,WLNM_dir_neg_kfold,0.8435105766,0.77277869168,00:00:38,10,90,9,13354,fixed,0.5,0.85625,0.756906077348,0.803519061584,137,23,44,339,0.756906077348,0.936464088398,0.0635359116022,0.243093922652,0.85625,0.756906077348,0.803519061584,0.876611418048,0.568446899939,0.714082503556,0.71696729481,0.693370165746,1841,1660,181,0,1841,0,1660,0,181,121,1806,0.124380165289,3.42170224172,29.8512396694,15.7043478261,15.4358974359,21.5018065741,0.72029861447,0.402313683498,17.1134281045,1.14658073125,0.582246506137,10.7712311965,0.721660561889,0.40886667948,1.17927586475,0.344645963161,4.31726830233,NaN,NaN,NaN,0.517601693121,0.603545816733,15149,0.0526043475241,0.132564397549,NaN,NaN,NaN,NaN,NaN,0.0495867768595,0.917355371901,0.0330578512397,121,1785,0.122933884298,3.48635444845,29.5041322314,15.6578947368,15.3879310345,20.9511829288,0.710110121676,0.397689654374,16.590298868,1.12460849469,0.574715836748,10.8476425947,0.735330394374,0.415751093826,1.18771639584,0.340675744078,4.31182675145,NaN,NaN,NaN,0.52892203691,0.590830945559,14434,0.0501215362178,0.132965949101,NaN,NaN,NaN,NaN,NaN,0.0578512396694,0.900826446281,0.0413223140496,-21,-0.00144628099174,0.0646522067344,-0.347107438017,-0.0464530892449,-0.0479664014147,-0.550623645317,-0.0101884927943,-0.00462402912347,-0.523129236511,-0.0219722365611,-0.00753066938865,0.0764113982353,0.0136698324852,0.00688441434617,0.00844053109897,-0.00397021908303,-0.00544155088298,NaN,NaN,NaN,0.0113203437892,-0.0127148711743,-715,-0.00248281130634,0.000401551551038,0.00826446280992,-0.0165289256198,0.00826446280992,1762,23,44,12691,0.975636766334,0.998190970584,0.00180902941639,0.0243632336656,0.987114845938,0.975636766334,0.9813422445,0.978731422658,0.973827736918,0.963367960634,160,181,0,10,1,10
10,WLNM_dir_neg_kfold,0.906756509264,0.844713589842,00:00:43,10,90,10,13355,fixed,0.5,0.92,0.762430939227,0.833836858006,138,12,43,350,0.762430939227,0.966850828729,0.0331491712707,0.237569060773,0.92,0.762430939227,0.833836858006,0.898710865562,0.574585635359,0.761904761905,0.768859569862,0.729281767956,1841,1660,181,0,1841,0,1660,0,181,121,1806,0.124380165289,3.42170224172,29.8512396694,15.7043478261,15.4358974359,21.5018065741,0.72029861447,0.402313683498,17.1134281045,1.14658073125,0.582246506137,10.7712311965,0.721660561889,0.40886667948,1.17927586475,0.344645963161,4.31726830233,NaN,NaN,NaN,0.517601693121,0.603545816733,15149,0.0526043475241,0.132564397549,NaN,NaN,NaN,NaN,NaN,0.0495867768595,0.917355371901,0.0330578512397,121,1775,0.122245179063,3.43296298903,29.3388429752,15.4347826087,15.3017241379,21.0029972936,0.715876809164,0.400698405308,16.6024036562,1.13176948867,0.577627749971,10.7938164626,0.735803826467,0.4170131533,1.17553875751,0.342426866023,4.34358328812,NaN,NaN,NaN,0.507258152715,0.590281400137,14334,0.0497742898812,0.129162743581,NaN,NaN,NaN,NaN,NaN,0.0495867768595,0.909090909091,0.0413223140496,-31,-0.0021349862259,0.0112607473167,-0.512396694215,-0.269565217391,-0.134173297966,-0.498809280466,-0.00442180530681,-0.00161527818974,-0.511024448318,-0.0148112425789,-0.00461875616567,0.0225852661815,0.0141432645783,0.00814647382018,-0.00373710723708,-0.00221909713745,0.0263149857889,NaN,NaN,NaN,-0.0103435404062,-0.0132644165958,-815,-0.00283005764289,-0.00340165396802,0,-0.00826446280992,0.00826446280992,1763,12,43,12702,0.97619047619,0.999056158565,0.000943841434639,0.0238095238095,0.99323943662,0.97619047619,0.984641161687,0.982528910848,0.975246634756,0.969746974697,150,181,0,10,1,10
11,WLNM_dir_neg_kfold,0.877125240377,0.723732481224,00:00:38,10,90,11,13356,fixed,0.5,0.866242038217,0.75138121547,0.804733727811,136,21,45,341,0.75138121547,0.941988950276,0.0580110497238,0.24861878453,0.866242038217,0.75138121547,0.804733727811,0.878453038674,0.570288520565,0.717142857143,0.720966764932,0.693370165746,1841,1660,181,0,1841,0,1660,0,181,121,1806,0.124380165289,3.42170224172,29.8512396694,15.7043478261,15.4358974359,21.5018065741,0.72029861447,0.402313683498,17.1134281045,1.14658073125,0.582246506137,10.7712311965,0.721660561889,0.40886667948,1.17927586475,0.344645963161,4.31726830233,NaN,NaN,NaN,0.517601693121,0.603545816733,15149,0.0526043475241,0.132564397549,NaN,NaN,NaN,NaN,NaN,0.0495867768595,0.917355371901,0.0330578512397,121,1782,0.122727272727,3.41761207125,29.4545454545,15.4956521739,15.3620689655,21.0202283527,0.713649728024,0.398846128874,16.6818264388,1.13271661004,0.57665729842,10.8035487997,0.733574301212,0.415458533916,1.17110619441,0.342667971085,4.3027567594,NaN,NaN,NaN,0.502680413335,0.59093961111,14375,0.0499166608792,0.129026363364,NaN,NaN,NaN,NaN,NaN,0.0495867768595,0.909090909091,0.0413223140496,-24,-0.00165289256198,-0.00409017047132,-0.396694214876,-0.208695652174,-0.0738284703802,-0.481578221401,-0.0066488864464,-0.00346755462394,-0.431601665719,-0.0138641212132,-0.00558920771619,0.032317603201,0.0119137393225,0.00659185443605,-0.00816967033716,-0.00197799207595,-0.0145115429343,NaN,NaN,NaN,-0.0149212797857,-0.0126062056227,-774,-0.00268768664491,-0.00353803418528,0,-0.00826446280992,0.00826446280992,1761,21,45,12693,0.975083056478,0.998348277489,0.00165172251062,0.0249169435216,0.988215488215,0.975083056478,0.981605351171,0.979040879815,0.973431333968,0.963875205255,157,181,0,10,1,10
12,WLNM_dir_neg_kfold,0.885343853973,0.620364464226,00:00:39,10,90,12,13357,fixed,0.5,0.900662251656,0.75138121547,0.819277108434,136,15,45,347,0.75138121547,0.958563535912,0.0414364640884,0.24861878453,0.900662251656,0.75138121547,0.819277108434,0.889502762431,0.573971761817,0.740634005764,0.746941549658,0.709944751381,1841,1660,181,0,1841,0,1660,0,181,121,1806,0.124380165289,3.42170224172,29.8512396694,15.7043478261,15.4358974359,21.5018065741,0.72029861447,0.402313683498,17.1134281045,1.14658073125,0.582246506137,10.7712311965,0.721660561889,0.40886667948,1.17927586475,0.344645963161,4.31726830233,NaN,NaN,NaN,0.517601693121,0.603545816733,15149,0.0526043475241,0.132564397549,NaN,NaN,NaN,NaN,NaN,0.0495867768595,0.917355371901,0.0330578512397,121,1776,0.122314049587,3.38677464738,29.3553719008,15.5789473684,15.3103448276,21.0918070603,0.718499058079,0.402352765989,16.6859296395,1.136822909,0.580206239297,10.8775111093,0.741091691571,0.419058521331,1.17314072466,0.346388775989,4.22977943201,NaN,NaN,NaN,0.505087034594,0.591113603107,14408,0.0500312521703,0.132615260096,NaN,NaN,NaN,NaN,NaN,0.0578512396694,0.900826446281,0.0413223140496,-30,-0.00206611570248,-0.0349275943331,-0.495867768595,-0.125400457666,-0.125552608311,-0.409999513811,-0.00179955639157,3.90824915137e-05,-0.427498465005,-0.00975782225679,-0.00204026683942,0.106279912883,0.0194311296821,0.0101918418515,-0.00613514008825,0.00174281282817,-0.0874888703293,NaN,NaN,NaN,-0.0125146585267,-0.012432213626,-741,-0.00257309535384,5.08625468993e-05,0.00826446280992,-0.0165289256198,0.00826446280992,1761,15,45,12699,0.975083056478,0.998820198207,0.0011798017933,0.0249169435216,0.991554054054,0.975083056478,0.98324958124,0.980937712863,0.973903254685,0.96705107084,151,181,0,10,1,10
13,WLNM_dir_neg_kfold,0.930985012668,0.777598950001,00:00:41,10,90,13,13358,fixed,0.5,0.878205128205,0.756906077348,0.813056379822,137,19,44,343,0.756906077348,0.947513812155,0.0524861878453,0.243093922652,0.878205128205,0.756906077348,0.813056379822,0.883977900552,0.570902394107,0.729613733906,0.733850172942,0.704419889503,1841,1660,181,0,1841,0,1660,0,181,121,1806,0.124380165289,3.42170224172,29.8512396694,15.7043478261,15.4358974359,21.5018065741,0.72029861447,0.402313683498,17.1134281045,1.14658073125,0.582246506137,10.7712311965,0.721660561889,0.40886667948,1.17927586475,0.344645963161,4.31726830233,NaN,NaN,NaN,0.517601693121,0.603545816733,15149,0.0526043475241,0.132564397549,NaN,NaN,NaN,NaN,NaN,0.0495867768595,0.917355371901,0.0330578512397,121,1781,0.122658402204,3.4357267497,29.4380165289,15.6228070175,15.3534482759,21.0368298317,0.714614376651,0.399557310639,16.6404242436,1.13053977175,0.576257186742,10.7844201981,0.732686605258,0.415404104853,1.19521727806,0.347879026806,4.34287897138,NaN,NaN,NaN,0.504627387325,0.590893468428,14327,0.0497499826377,0.130708136948,NaN,NaN,NaN,NaN,NaN,0.0578512396694,0.900826446281,0.0413223140496,-25,-0.0017217630854,0.014024507981,-0.413223140496,-0.0815408085431,-0.0824491600354,-0.464976742445,-0.0056842378193,-0.00275637285869,-0.473003860853,-0.016040959507,-0.00598931939498,0.0131890015967,0.0110260433691,0.00653742537355,0.0159414133098,0.00323306364507,0.0256106690483,NaN,NaN,NaN,-0.0129743057962,-0.0126523483049,-822,-0.00285436488645,-0.00185626060182,0.00826446280992,-0.0165289256198,0.00826446280992,1762,19,44,12695,0.975636766334,0.998505584395,0.00149441560485,0.0243632336656,0.989331836047,0.975636766334,0.982436576526,0.979992546621,0.97414235073,0.965479452055,156,181,0,10,1,10
14,WLNM_dir_neg_kfold,0.852080217332,0.641055194997,00:00:38,10,90,14,13359,fixed,0.5,0.886075949367,0.773480662983,0.825958702065,140,18,41,344,0.773480662983,0.950276243094,0.0497237569061,0.226519337017,0.886075949367,0.773480662983,0.825958702065,0.891344383057,0.569674647023,0.747503566334,0.751151234364,0.723756906077,1841,1660,181,0,1841,0,1660,0,181,121,1806,0.124380165289,3.42170224172,29.8512396694,15.7043478261,15.4358974359,21.5018065741,0.72029861447,0.402313683498,17.1134281045,1.14658073125,0.582246506137,10.7712311965,0.721660561889,0.40886667948,1.17927586475,0.344645963161,4.31726830233,NaN,NaN,NaN,0.517601693121,0.603545816733,15149,0.0526043475241,0.132564397549,NaN,NaN,NaN,NaN,NaN,0.0495867768595,0.917355371901,0.0330578512397,121,1783,0.122796143251,3.40169473101,29.4710743802,15.6403508772,15.3706896552,21.1802086786,0.718677860379,0.402358361569,16.7485166483,1.13660713093,0.580023453832,10.9557964833,0.743494881931,0.419823586397,1.17241709988,0.344656764521,4.24138483969,NaN,NaN,NaN,0.508914626879,0.589987644096,14484,0.0502951593861,0.132841493217,NaN,NaN,NaN,NaN,NaN,0.0578512396694,0.900826446281,0.0413223140496,-23,-0.00158402203857,-0.020007510704,-0.380165289256,-0.063996948894,-0.065207780725,-0.3215978955,-0.00162075409139,4.46780714731e-05,-0.364911456222,-0.00997360032758,-0.00222305230493,0.184565286864,0.0218343200415,0.010956906917,-0.00685876486498,1.08013607786e-05,-0.0758834626438,NaN,NaN,NaN,-0.00868706624202,-0.0135581726374,-665,-0.00230918813807,0.000277095667285,0.00826446280992,-0.0165289256198,0.00826446280992,1765,18,41,12696,0.977297895903,0.998584237848,0.00141576215196,0.0227021040975,0.989904655076,0.977297895903,0.983560880468,0.981269042258,0.975882133751,0.967653508772,158,181,0,10,1,10
15,WLNM_dir_neg_kfold,0.923842373554,0.820944732915,00:00:38,10,90,15,13360,fixed,0.5,0.87898089172,0.762430939227,0.816568047337,138,19,43,343,0.762430939227,0.947513812155,0.0524861878453,0.237569060773,0.87898089172,0.762430939227,0.816568047337,0.885819521179,0.570288520565,0.734285714286,0.738201030229,0.709944751381,1841,1660,181,0,1841,0,1660,0,181,121,1806,0.124380165289,3.42170224172,29.8512396694,15.7043478261,15.4358974359,21.5018065741,0.72029861447,0.402313683498,17.1134281045,1.14658073125,0.582246506137,10.7712311965,0.721660561889,0.40886667948,1.17927586475,0.344645963161,4.31726830233,NaN,NaN,NaN,0.517601693121,0.603545816733,15149,0.0526043475241,0.132564397549,NaN,NaN,NaN,NaN,NaN,0.0495867768595,0.917355371901,0.0330578512397,121,1782,0.122727272727,3.41012634747,29.4545454545,15.6315789474,15.3620689655,21.0558780392,0.714860056885,0.399449035813,16.6588314916,1.13115522474,0.576239901309,10.7919723251,0.7327882443,0.415143167209,1.16037539518,0.340273431816,4.21722448263,NaN,NaN,NaN,0.509426447035,0.589318726464,14345,0.0498124869783,0.131645929018,NaN,NaN,NaN,NaN,NaN,0.0578512396694,0.900826446281,0.0413223140496,-24,-0.00165289256198,-0.011575894246,-0.396694214876,-0.0727688787185,-0.0738284703802,-0.445928534949,-0.00543855758536,-0.00286464768494,-0.454596612857,-0.0154255065127,-0.0060066048278,0.0207411286832,0.0111276824108,0.0062764877295,-0.0189004695644,-0.00437253134435,-0.100043819702,NaN,NaN,NaN,-0.00817524608645,-0.0142270902695,-804,-0.00279186054587,-0.000918468531398,0.00826446280992,-0.0165289256198,0.00826446280992,1763,19,43,12695,0.97619047619,0.998505584395,0.00149441560485,0.0238095238095,0.989337822671,0.97619047619,0.982720178372,0.980312894612,0.974696060586,0.96602739726,157,181,0,10,1,10
16,WLNM_dir_neg_kfold,0.870516772992,0.69494369629,00:00:40,10,90,16,13361,fixed,0.5,0.925675675676,0.756906077348,0.83282674772,137,11,44,351,0.756906077348,0.969613259669,0.0303867403315,0.243093922652,0.925675675676,0.756906077348,0.83282674772,0.898710865562,0.575813382443,0.761215629522,0.769150532672,0.726519337017,1841,1660,181,0,1841,0,1660,0,181,121,1806,0.124380165289,3.42170224172,29.8512396694,15.7043478261,15.4358974359,21.5018065741,0.72029861447,0.402313683498,17.1134281045,1.14658073125,0.582246506137,10.7712311965,0.721660561889,0.40886667948,1.17927586475,0.344645963161,4.31726830233,NaN,NaN,NaN,0.517601693121,0.603545816733,15149,0.0526043475241,0.132564397549,NaN,NaN,NaN,NaN,NaN,0.0495867768595,0.917355371901,0.0330578512397,121,1773,0.122107438017,3.377904275,29.305785124,15.5526315789,15.2844827586,21.0550243312,0.718459657099,0.402166566449,16.6626882304,1.13716033608,0.579603137979,10.7917489653,0.736492738185,0.417325073532,1.16108637683,0.343729804726,4.21621145298,NaN,NaN,NaN,0.505463454767,0.592580392803,14392,0.0499756927564,0.130961955714,NaN,NaN,NaN,NaN,NaN,0.0578512396694,0.900826446281,0.0413223140496,-33,-0.00227272727273,-0.0437979667168,-0.545454545455,-0.15171624714,-0.151414677277,-0.446782242925,-0.00183895737136,-0.000147117048631,-0.450739874096,-0.00942039516879,-0.0026433681578,0.0205177688383,0.0148321762954,0.00845839405202,-0.0181894879152,-0.000916158434252,-0.101056849353,NaN,NaN,NaN,-0.0121382383543,-0.0109654239303,-757,-0.00262865476769,-0.00160244183581,0.00826446280992,-0.0165289256198,0.00826446280992,1762,11,44,12703,0.975636766334,0.999134812018,0.000865187981752,0.0243632336656,0.993795826283,0.975636766334,0.984632578933,0.982526954768,0.974771578353,0.969730324711,148,181,0,10,1,10
17,WLNM_dir_neg_kfold,0.92544488874,0.821372317913,00:00:38,10,90,17,13362,fixed,0.5,0.946308724832,0.779005524862,0.854545454545,141,8,40,354,0.779005524862,0.977900552486,0.0220994475138,0.220994475138,0.946308724832,0.779005524862,0.854545454545,0.911602209945,0.575199508901,0.791907514451,0.799639649023,0.756906077348,1841,1660,181,0,1841,0,1660,0,181,121,1806,0.124380165289,3.42170224172,29.8512396694,15.7043478261,15.4358974359,21.5018065741,0.72029861447,0.402313683498,17.1134281045,1.14658073125,0.582246506137,10.7712311965,0.721660561889,0.40886667948,1.17927586475,0.344645963161,4.31726830233,NaN,NaN,NaN,0.517601693121,0.603545816733,15149,0.0526043475241,0.132564397549,NaN,NaN,NaN,NaN,NaN,0.0495867768595,0.917355371901,0.0330578512397,121,1774,0.12217630854,3.39714114424,29.3223140496,15.5614035088,15.2931034483,21.0804865836,0.718923020466,0.401860668797,16.6925900322,1.13855884662,0.580068389129,10.7815843911,0.735384279216,0.416642596923,1.17429658619,0.345672003702,4.24684438259,NaN,NaN,NaN,0.505849799244,0.591645224762,14333,0.0497708174179,0.131738697203,NaN,NaN,NaN,NaN,NaN,0.0578512396694,0.900826446281,0.0413223140496,-32,-0.00220385674931,-0.0245610974731,-0.528925619835,-0.142944317315,-0.142793987622,-0.421319990528,-0.00137559400445,-0.000453014700389,-0.420838072281,-0.00802188463689,-0.00217811700802,0.0103531946887,0.0137237173268,0.00777591744363,-0.00497927855686,0.00102604054116,-0.0704239197427,NaN,NaN,NaN,-0.0117518938768,-0.0119005919715,-816,-0.00283353010626,-0.000825700346495,0.00826446280992,-0.0165289256198,0.00826446280992,1766,8,40,12706,0.977851605759,0.999370772377,0.000629227623093,0.0221483942414,0.995490417136,0.977851605759,0.986592178771,0.98475822161,0.977222378135,0.973539140022,149,181,0,10,1,10
18,WLNM_dir_neg_kfold,0.896317267483,0.753749415253,00:00:41,10,90,18,13363,fixed,0.5,0.863354037267,0.767955801105,0.812865497076,139,22,42,340,0.767955801105,0.939226519337,0.060773480663,0.232044198895,0.863354037267,0.767955801105,0.812865497076,0.882136279926,0.567833026397,0.727272727273,0.729928545435,0.707182320442,1841,1660,181,0,1841,0,1660,0,181,121,1806,0.124380165289,3.42170224172,29.8512396694,15.7043478261,15.4358974359,21.5018065741,0.72029861447,0.402313683498,17.1134281045,1.14658073125,0.582246506137,10.7712311965,0.721660561889,0.40886667948,1.17927586475,0.344645963161,4.31726830233,NaN,NaN,NaN,0.517601693121,0.603545816733,15149,0.0526043475241,0.132564397549,NaN,NaN,NaN,NaN,NaN,0.0495867768595,0.917355371901,0.0330578512397,121,1786,0.123002754821,3.42919396766,29.520661157,15.5304347826,15.3965517241,21.137288999,0.716016788599,0.400002776415,16.759586706,1.13544792353,0.578077424967,10.8266836977,0.733498727559,0.41539799913,1.16574729645,0.339947902465,4.29536586931,NaN,NaN,NaN,0.504005574584,0.592172595898,14465,0.0502291825821,0.129576697983,NaN,NaN,NaN,NaN,NaN,0.0495867768595,0.909090909091,0.0413223140496,-20,-0.00137741046832,0.00749172594448,-0.330578512397,-0.173913043478,-0.0393457117595,-0.364517575141,-0.00428182587158,-0.00231090708234,-0.353841398475,-0.0111328077214,-0.00416908116919,0.0554525012286,0.0118381656699,0.00653131965027,-0.0135285682928,-0.00469806069549,-0.0219024330278,NaN,NaN,NaN,-0.0135961185374,-0.0113732208351,-684,-0.00237516494201,-0.0029876995661,0,-0.00826446280992,0.00826446280992,1764,22,42,12692,0.976744186047,0.998269624036,0.0017303759635,0.0232558139535,0.987681970885,0.976744186047,0.982182628062,0.979687560304,0.975013810083,0.964989059081,161,181,0,10,1,10
19,WLNM_dir_neg_kfold,0.857368517445,0.751685079742,00:00:38,10,90,19,13364,fixed,0.5,0.877419354839,0.75138121547,0.809523809524,136,19,45,343,0.75138121547,0.947513812155,0.0524861878453,0.24861878453,0.877419354839,0.75138121547,0.809523809524,0.882136279926,0.571516267649,0.724928366762,0.729497505986,0.698895027624,1841,1660,181,0,1841,0,1660,0,181,121,1806,0.124380165289,3.42170224172,29.8512396694,15.7043478261,15.4358974359,21.5018065741,0.72029861447,0.402313683498,17.1134281045,1.14658073125,0.582246506137,10.7712311965,0.721660561889,0.40886667948,1.17927586475,0.344645963161,4.31726830233,NaN,NaN,NaN,0.517601693121,0.603545816733,15149,0.0526043475241,0.132564397549,NaN,NaN,NaN,NaN,NaN,0.0495867768595,0.917355371901,0.0330578512397,121,1780,0.12258953168,3.41199754881,29.4214876033,15.6140350877,15.3448275862,21.0308313618,0.714811964825,0.400608227319,16.6770491077,1.13366457418,0.578679543133,10.8108263765,0.734893253681,0.416566069273,1.17759541521,0.345133722509,4.23572339617,NaN,NaN,NaN,0.512627622114,0.592354861177,14458,0.0502048753386,0.130553187633,NaN,NaN,NaN,NaN,NaN,0.0578512396694,0.900826446281,0.0413223140496,-26,-0.00179063360882,-0.00970469290581,-0.429752066116,-0.0903127383677,-0.0910698496905,-0.470975212306,-0.00548664964512,-0.00170545617846,-0.436378996746,-0.0129161570751,-0.0035669630035,0.0395951800081,0.0132326917922,0.00769938979313,-0.00168044953113,0.000487759348816,-0.0815449061645,NaN,NaN,NaN,-0.00497407100729,-0.0111909555556,-691,-0.00239947218557,-0.00201120991609,0.00826446280992,-0.0165289256198,0.00826446280992,1761,19,45,12695,0.975083056478,0.998505584395,0.00149441560485,0.0249169435216,0.989325842697,0.975083056478,0.982152816509,0.979672144239,0.973588640874,0.964931506849,155,181,0,10,1,10
20,WLNM_dir_neg_kfold,0.892204145173,0.575059691789,00:00:39,10,90,20,13365,fixed,0.5,0.884615384615,0.762430939227,0.818991097923,138,18,43,344,0.762430939227,0.950276243094,0.0497237569061,0.237569060773,0.884615384615,0.762430939227,0.818991097923,0.887661141805,0.570902394107,0.738197424893,0.742483704388,0.71270718232,1841,1660,181,0,1841,0,1660,0,181,121,1806,0.124380165289,3.42170224172,29.8512396694,15.7043478261,15.4358974359,21.5018065741,0.72029861447,0.402313683498,17.1134281045,1.14658073125,0.582246506137,10.7712311965,0.721660561889,0.40886667948,1.17927586475,0.344645963161,4.31726830233,NaN,NaN,NaN,0.517601693121,0.603545816733,15149,0.0526043475241,0.132564397549,NaN,NaN,NaN,NaN,NaN,0.0495867768595,0.917355371901,0.0330578512397,121,1781,0.122658402204,3.41297621284,29.4380165289,15.6228070175,15.3534482759,21.0340567343,0.71452017542,0.400239442044,16.6033245368,1.12801924141,0.576702660312,10.8168257362,0.73488821678,0.415840297725,1.17238730405,0.343508782638,4.29801460981,NaN,NaN,NaN,0.506860662523,0.590853208753,14418,0.0500659768039,0.132625161338,NaN,NaN,NaN,NaN,NaN,0.0578512396694,0.900826446281,0.0413223140496,-25,-0.0017217630854,-0.00872602887724,-0.413223140496,-0.0815408085431,-0.0824491600354,-0.467749839858,-0.00577843905088,-0.00207424145326,-0.510103567673,-0.0185614898411,-0.00554384582409,0.0455945397832,0.0132276548911,0.00697361824505,-0.00688856069984,-0.00113718052246,-0.0192536925289,NaN,NaN,NaN,-0.0107410305978,-0.0126926079797,-731,-0.00253837072019,6.07637887575e-05,0.00826446280992,-0.0165289256198,0.00826446280992,1763,18,43,12696,0.97619047619,0.998584237848,0.00141576215196,0.0238095238095,0.98989331836,0.97619047619,0.982994145526,0.980628707577,0.974774714039,0.966557017544,156,181,0,10,1,10
21,WLNM_dir_neg_kfold,0.84375476939,0.69402212107,00:00:38,10,90,1,14346,fixed,0.5,0.848684210526,0.71270718232,0.774774774775,129,23,52,339,0.71270718232,0.936464088398,0.0635359116022,0.28729281768,0.848684210526,0.71270718232,0.774774774775,0.861878453039,0.573357888275,0.676258992806,0.681620575712,0.649171270718,1841,1660,181,0,1841,0,1660,0,181,121,1806,0.124380165289,3.42170224172,29.8512396694,15.7043478261,15.4358974359,21.5018065741,0.72029861447,0.402313683498,17.1134281045,1.14658073125,0.582246506137,10.7712311965,0.721660561889,0.40886667948,1.17927586475,0.344645963161,4.31726830233,NaN,NaN,NaN,0.517601693121,0.603545816733,15149,0.0526043475241,0.132564397549,NaN,NaN,NaN,NaN,NaN,0.0495867768595,0.917355371901,0.0330578512397,121,1777,0.12238292011,3.43748443144,29.3719008264,15.5877192982,15.452173913,20.74854703,0.706408044635,0.397336024593,16.4889018524,1.12276709293,0.575424268779,10.6786649118,0.72713475201,0.412209267174,1.18884660315,0.345847850909,4.27621936871,NaN,NaN,NaN,0.49701985739,0.584182219937,14012,0.0486561566775,0.132196927805,NaN,NaN,NaN,NaN,NaN,0.0578512396694,0.892561983471,0.0495867768595,-29,-0.00199724517906,0.0157821897197,-0.479338842975,-0.116628527841,0.016276477146,-0.753259544094,-0.0138905698357,-0.00497765890421,-0.624526252109,-0.0238136383223,-0.00682223735782,-0.0925662847067,0.00547419012114,0.00334258769444,0.00957073840152,0.00120188774879,-0.0410489336209,NaN,NaN,NaN,-0.0205818357306,-0.0193635967962,-1137,-0.00394819084659,-0.000367469744161,0.00826446280992,-0.0247933884298,0.0165289256198,1754,23,52,12691,0.971207087486,0.998190970584,0.00180902941639,0.0287929125138,0.987056837366,0.971207087486,0.979067820262,0.976163503767,0.96939805807,0.958993985785,152,181,0,10,2,10
22,WLNM_dir_neg_kfold,0.868441134276,0.84423359946,00:00:36,10,90,2,14347,fixed,0.5,0.902777777778,0.718232044199,0.8,130,14,51,348,0.718232044199,0.961325966851,0.0386740331492,0.281767955801,0.902777777778,0.718232044199,0.8,0.8802946593,0.578268876611,0.71615720524,0.72569213354,0.67955801105,1841,1660,181,0,1841,0,1660,0,181,121,1806,0.124380165289,3.42170224172,29.8512396694,15.7043478261,15.4358974359,21.5018065741,0.72029861447,0.402313683498,17.1134281045,1.14658073125,0.582246506137,10.7712311965,0.721660561889,0.40886667948,1.17927586475,0.344645963161,4.31726830233,NaN,NaN,NaN,0.517601693121,0.603545816733,15149,0.0526043475241,0.132564397549,NaN,NaN,NaN,NaN,NaN,0.0495867768595,0.917355371901,0.0330578512397,121,1769,0.121831955923,3.41517751514,29.2396694215,15.5175438596,15.3826086957,20.9141199486,0.715265266754,0.401417432457,16.6349312183,1.13783305677,0.580726842919,10.6835201739,0.730755195613,0.413933258273,1.17508874114,0.344078378337,4.24793687839,NaN,NaN,NaN,0.497237045101,0.584783274408,14004,0.0486283769706,0.131909006502,NaN,NaN,NaN,NaN,NaN,0.0578512396694,0.892561983471,0.0495867768595,-37,-0.00254820936639,-0.00652472657578,-0.611570247934,-0.186803966438,-0.0532887402453,-0.58768662554,-0.0050333477161,-0.000896251040562,-0.478496886145,-0.00874767448682,-0.00151966321742,-0.0877110225765,0.00909463372421,0.00506657879285,-0.00418712360249,-0.000567584823578,-0.069331423948,NaN,NaN,NaN,-0.0203646480201,-0.0187625423253,-1145,-0.00397597055351,-0.000655391047181,0.00826446280992,-0.0247933884298,0.0165289256198,1755,14,51,12700,0.971760797342,0.99889885166,0.00110114834041,0.0282392026578,0.992085924251,0.971760797342,0.981818181818,0.979334182449,0.970659649002,0.964285714286,144,181,0,10,2,10
23,WLNM_dir_neg_kfold,0.860176734532,0.813590483965,00:00:38,10,90,3,14348,fixed,0.5,0.913669064748,0.701657458564,0.79375,127,12,54,350,0.701657458564,0.966850828729,0.0331491712707,0.298342541436,0.913669064748,0.701657458564,0.79375,0.878453038674,0.581338244322,0.709677419355,0.722108214552,0.668508287293,1841,1660,181,0,1841,0,1660,0,181,121,1806,0.124380165289,3.42170224172,29.8512396694,15.7043478261,15.4358974359,21.5018065741,0.72029861447,0.402313683498,17.1134281045,1.14658073125,0.582246506137,10.7712311965,0.721660561889,0.40886667948,1.17927586475,0.344645963161,4.31726830233,NaN,NaN,NaN,0.517601693121,0.603545816733,15149,0.0526043475241,0.132564397549,NaN,NaN,NaN,NaN,NaN,0.0495867768595,0.917355371901,0.0330578512397,121,1764,0.121487603306,3.41787810909,29.1570247934,15.3391304348,15.3391304348,20.7404629748,0.711336740348,0.39985663687,16.4912866216,1.1312050347,0.578165701542,10.6299514471,0.729151998358,0.413504244673,1.17238711608,0.343016069812,4.29767773389,NaN,NaN,NaN,0.494468581921,0.585533144444,13915,0.0483193277311,0.130752959235,NaN,NaN,NaN,NaN,NaN,0.0495867768595,0.900826446281,0.0495867768595,-42,-0.00289256198347,-0.00382413262924,-0.694214876033,-0.365217391304,-0.0967670011148,-0.761343599342,-0.00896187412268,-0.00245704662799,-0.622141482907,-0.0153756965528,-0.00408080459424,-0.141279749319,0.00749143646927,0.00463756519329,-0.00688874866943,-0.00162989334856,-0.0195905684486,NaN,NaN,NaN,-0.0231331112003,-0.0180126722889,-1234,-0.00428501979304,-0.0018114383143,0,-0.0165289256198,0.0165289256198,1752,12,54,12702,0.970099667774,0.999056158565,0.000943841434639,0.0299003322259,0.993197278912,0.970099667774,0.981512605042,0.979009806022,0.969155826339,0.963696369637,139,181,0,10,2,10
24,WLNM_dir_neg_kfold,0.893623515766,0.691246060427,00:00:37,10,90,4,14349,fixed,0.5,0.9,0.696132596685,0.785046728972,126,14,55,348,0.696132596685,0.961325966851,0.0386740331492,0.303867403315,0.9,0.696132596685,0.785046728972,0.872928176796,0.58072437078,0.696925329429,0.708509076627,0.657458563536,1841,1660,181,0,1841,0,1660,0,181,121,1806,0.124380165289,3.42170224172,29.8512396694,15.7043478261,15.4358974359,21.5018065741,0.72029861447,0.402313683498,17.1134281045,1.14658073125,0.582246506137,10.7712311965,0.721660561889,0.40886667948,1.17927586475,0.344645963161,4.31726830233,NaN,NaN,NaN,0.517601693121,0.603545816733,15149,0.0526043475241,0.132564397549,NaN,NaN,NaN,NaN,NaN,0.0495867768595,0.917355371901,0.0330578512397,121,1765,0.121556473829,3.40108523574,29.173553719,15.4824561404,15.347826087,20.8685080468,0.715322797071,0.40235525484,16.5718986146,1.13609049992,0.580694402173,10.7165521675,0.734675814314,0.416210521387,1.18525665269,0.348493663208,4.25486129517,NaN,NaN,NaN,0.498303281024,0.586028838659,14035,0.048736023335,0.134187883737,NaN,NaN,NaN,NaN,NaN,0.0578512396694,0.892561983471,0.0495867768595,-41,-0.00282369146006,-0.020617005977,-0.677685950413,-0.221891685736,-0.0880713489409,-0.633298527314,-0.00497581739898,4.15713428308e-05,-0.541529489925,-0.0104902313312,-0.00155210396393,-0.0546790289895,0.0130152524248,0.00734384190714,0.00598078794166,0.00384770004779,-0.0624070071673,NaN,NaN,NaN,-0.0192984120973,-0.0175169780737,-1114,-0.00386832418918,0.00162348618766,0.00826446280992,-0.0247933884298,0.0165289256198,1751,14,55,12700,0.969545957918,0.99889885166,0.00110114834041,0.0304540420819,0.992067988669,0.969545957918,0.980677681322,0.978052721967,0.968444809578,0.962087912088,140,181,0,10,2,10
25,WLNM_dir_neg_kfold,0.83491041177,0.698095265942,00:00:36,10,90,5,14350,fixed,0.5,0.858108108108,0.701657458564,0.772036474164,127,21,54,341,0.701657458564,0.941988950276,0.0580110497238,0.298342541436,0.858108108108,0.701657458564,0.772036474164,0.861878453039,0.575813382443,0.674384949349,0.681414730466,0.64364640884,1841,1660,181,0,1841,0,1660,0,181,121,1806,0.124380165289,3.42170224172,29.8512396694,15.7043478261,15.4358974359,21.5018065741,0.72029861447,0.402313683498,17.1134281045,1.14658073125,0.582246506137,10.7712311965,0.721660561889,0.40886667948,1.17927586475,0.344645963161,4.31726830233,NaN,NaN,NaN,0.517601693121,0.603545816733,15149,0.0526043475241,0.132564397549,NaN,NaN,NaN,NaN,NaN,0.0495867768595,0.917355371901,0.0330578512397,121,1773,0.122107438017,3.40790509837,29.305785124,15.5526315789,15.4173913043,20.7198950187,0.707024054502,0.398064633413,16.4457242385,1.12235343083,0.57632159155,10.6596675556,0.727478722071,0.412160366937,1.15209172007,0.338064496168,4.24207814924,NaN,NaN,NaN,0.495905487458,0.583031212235,13991,0.0485832349469,0.131557532404,NaN,NaN,NaN,NaN,NaN,0.0578512396694,0.892561983471,0.0495867768595,-33,-0.00227272727273,-0.0137971433431,-0.545454545455,-0.15171624714,-0.0185061315496,-0.781911555389,-0.0132745599682,-0.00424905008457,-0.667703865954,-0.0242273004225,-0.00592491458655,-0.111563640824,0.00581816018199,0.00329368745677,-0.0271841446766,-0.00658146699301,-0.0751901530963,NaN,NaN,NaN,-0.021696205663,-0.0205146044982,-1158,-0.00402111257726,-0.00100686514533,0.00826446280992,-0.0247933884298,0.0165289256198,1752,21,54,12693,0.970099667774,0.998348277489,0.00165172251062,0.0299003322259,0.988155668359,0.970099667774,0.979044425817,0.976153010246,0.968447945263,0.95894909688,148,181,0,10,2,10
26,WLNM_dir_neg_kfold,0.843274014835,0.740791528783,00:00:36,10,90,6,14351,fixed,0.5,0.902097902098,0.71270718232,0.796296296296,129,14,52,348,0.71270718232,0.961325966851,0.0386740331492,0.28729281768,0.902097902098,0.71270718232,0.796296296296,0.878453038674,0.578882750153,0.711370262391,0.721401123107,0.674033149171,1841,1660,181,0,1841,0,1660,0,181,121,1806,0.124380165289,3.42170224172,29.8512396694,15.7043478261,15.4358974359,21.5018065741,0.72029861447,0.402313683498,17.1134281045,1.14658073125,0.582246506137,10.7712311965,0.721660561889,0.40886667948,1.17927586475,0.344645963161,4.31726830233,NaN,NaN,NaN,0.517601693121,0.603545816733,15149,0.0526043475241,0.132564397549,NaN,NaN,NaN,NaN,NaN,0.0495867768595,0.917355371901,0.0330578512397,121,1768,0.121763085399,3.48254923935,29.2231404959,15.5087719298,15.3739130435,20.7044631273,0.708495485973,0.398713585879,16.3942936723,1.12200765517,0.575128080476,10.6171024773,0.726622963662,0.412353689092,1.18627511023,0.34063412423,4.38373034219,NaN,NaN,NaN,0.496800758764,0.585077876403,13974,0.0485242030697,0.130978903293,NaN,NaN,NaN,NaN,NaN,0.0578512396694,0.892561983471,0.0495867768595,-38,-0.00261707988981,0.0608469976292,-0.628099173554,-0.195575896262,-0.0619843924192,-0.797343446841,-0.0118031284977,-0.00360009761825,-0.719134432187,-0.0245730760786,-0.0071184256609,-0.154128719147,0.00496240177318,0.00348700961187,0.00699924548561,-0.00401183893106,0.0664620398558,NaN,NaN,NaN,-0.0208009343571,-0.0184679403305,-1175,-0.00408014445448,-0.00158549425639,0.00826446280992,-0.0247933884298,0.0165289256198,1754,14,52,12700,0.971207087486,0.99889885166,0.00110114834041,0.0287929125138,0.992081447964,0.971207087486,0.981533296027,0.979013899197,0.970105939146,0.963736263736,143,181,0,10,2,10
27,WLNM_dir_neg_kfold,0.897591648607,0.723601765778,00:00:38,10,90,7,14352,fixed,0.5,0.863945578231,0.701657458564,0.774390243902,127,20,54,342,0.701657458564,0.944751381215,0.0552486187845,0.298342541436,0.863945578231,0.701657458564,0.774390243902,0.863720073665,0.576427255985,0.678260869565,0.685795449742,0.646408839779,1841,1660,181,0,1841,0,1660,0,181,121,1806,0.124380165289,3.42170224172,29.8512396694,15.7043478261,15.4358974359,21.5018065741,0.72029861447,0.402313683498,17.1134281045,1.14658073125,0.582246506137,10.7712311965,0.721660561889,0.40886667948,1.17927586475,0.344645963161,4.31726830233,NaN,NaN,NaN,0.517601693121,0.603545816733,15149,0.0526043475241,0.132564397549,NaN,NaN,NaN,NaN,NaN,0.0495867768595,0.917355371901,0.0330578512397,121,1772,0.122038567493,3.40975101447,29.2892561983,15.5438596491,15.4086956522,20.8216385909,0.710896802905,0.399492565715,16.579032694,1.13208970427,0.578484413186,10.68711023,0.729763170335,0.413661548794,1.17031192321,0.343225038498,4.24377970831,NaN,NaN,NaN,0.495697519418,0.583986655546,14004,0.0486283769706,0.13322513964,NaN,NaN,NaN,NaN,NaN,0.0578512396694,0.892561983471,0.0495867768595,-34,-0.00234159779614,-0.0119512272518,-0.561983471074,-0.160488176964,-0.0272017837235,-0.680167983239,-0.00940181156545,-0.00282111778301,-0.534395410487,-0.0144910269787,-0.00376209295074,-0.0841209664277,0.00810260844609,0.00479486931412,-0.00896394153789,-0.00142092466288,-0.073488594025,NaN,NaN,NaN,-0.0219041737035,-0.0195591611868,-1145,-0.00397597055351,0.000660742090788,0.00826446280992,-0.0247933884298,0.0165289256198,1752,20,54,12694,0.970099667774,0.998426930942,0.00157306905773,0.0299003322259,0.988713318284,0.970099667774,0.979318054779,0.976469410021,0.968526598716,0.959474260679,147,181,0,10,2,10
28,WLNM_dir_neg_kfold,0.824997710693,0.701039908357,00:00:36,10,90,8,14353,fixed,0.5,0.891156462585,0.723756906077,0.798780487805,131,16,50,346,0.723756906077,0.955801104972,0.0441988950276,0.276243093923,0.891156462585,0.723756906077,0.798780487805,0.878453038674,0.576427255985,0.713043478261,0.720964447165,0.67955801105,1841,1660,181,0,1841,0,1660,0,181,121,1806,0.124380165289,3.42170224172,29.8512396694,15.7043478261,15.4358974359,21.5018065741,0.72029861447,0.402313683498,17.1134281045,1.14658073125,0.582246506137,10.7712311965,0.721660561889,0.40886667948,1.17927586475,0.344645963161,4.31726830233,NaN,NaN,NaN,0.517601693121,0.603545816733,15149,0.0526043475241,0.132564397549,NaN,NaN,NaN,NaN,NaN,0.0495867768595,0.917355371901,0.0330578512397,121,1772,0.122038567493,3.53036460509,29.2892561983,15.5438596491,15.4086956522,20.7362155084,0.707980269896,0.398527134675,16.4645373982,1.1242714589,0.57587261907,10.6652547275,0.728270779924,0.412887338395,1.17167853043,0.331885983885,4.33558319232,NaN,NaN,NaN,0.495361222644,0.583254572747,13988,0.0485728175568,0.131943636353,NaN,NaN,NaN,NaN,NaN,0.0578512396694,0.892561983471,0.0495867768595,-34,-0.00234159779614,0.10866236337,-0.561983471074,-0.160488176964,-0.0272017837235,-0.765591065757,-0.0123183445747,-0.00378654882232,-0.648890706328,-0.0223092723493,-0.00637388706674,-0.105976468973,0.0066102180353,0.00402065891545,-0.00759733431201,-0.0127599792752,0.0183148899856,NaN,NaN,NaN,-0.0222404704768,-0.0202912439861,-1161,-0.00403152996736,-0.000620761196351,0.00826446280992,-0.0247933884298,0.0165289256198,1756,16,50,12698,0.972314507198,0.998741544754,0.00125845524619,0.0276854928018,0.990970654628,0.972314507198,0.981553940749,0.979019607106,0.971056051952,0.963776070252,147,181,0,10,2,10
29,WLNM_dir_neg_kfold,0.911976130155,0.686627129656,00:00:37,10,90,9,14354,fixed,0.5,0.863945578231,0.701657458564,0.774390243902,127,20,54,342,0.701657458564,0.944751381215,0.0552486187845,0.298342541436,0.863945578231,0.701657458564,0.774390243902,0.863720073665,0.576427255985,0.678260869565,0.685795449742,0.646408839779,1841,1660,181,0,1841,0,1660,0,181,121,1806,0.124380165289,3.42170224172,29.8512396694,15.7043478261,15.4358974359,21.5018065741,0.72029861447,0.402313683498,17.1134281045,1.14658073125,0.582246506137,10.7712311965,0.721660561889,0.40886667948,1.17927586475,0.344645963161,4.31726830233,NaN,NaN,NaN,0.517601693121,0.603545816733,15149,0.0526043475241,0.132564397549,NaN,NaN,NaN,NaN,NaN,0.0495867768595,0.917355371901,0.0330578512397,121,1772,0.122038567493,3.40879907065,29.2892561983,15.5438596491,15.4086956522,20.7883934029,0.709761738644,0.399697778109,16.5332289164,1.12896201969,0.578829543123,10.6941257272,0.73024221952,0.413372385874,1.17415541217,0.344448407735,4.27546535984,NaN,NaN,NaN,0.502790235805,0.584978153825,14058,0.0488158899924,0.133260862523,NaN,NaN,NaN,NaN,NaN,0.0578512396694,0.892561983471,0.0495867768595,-34,-0.00234159779614,-0.012903171065,-0.561983471074,-0.160488176964,-0.0272017837235,-0.713413171167,-0.010536875826,-0.00261590538818,-0.580199188088,-0.0176187115666,-0.00341696301398,-0.0771054692741,0.00858165763096,0.00450570639414,-0.00512045257082,-0.000197555425636,-0.0418029424942,NaN,NaN,NaN,-0.0148114573164,-0.0185676629083,-1091,-0.00378845753177,0.000696464973514,0.00826446280992,-0.0247933884298,0.0165289256198,1752,20,54,12694,0.970099667774,0.998426930942,0.00157306905773,0.0299003322259,0.988713318284,0.970099667774,0.979318054779,0.976469410021,0.968526598716,0.959474260679,147,181,0,10,2,10
30,WLNM_dir_neg_kfold,0.88104758707,0.746599881776,00:00:36,10,90,10,14355,fixed,0.5,0.872483221477,0.718232044199,0.787878787879,130,19,51,343,0.718232044199,0.947513812155,0.0524861878453,0.281767955801,0.872483221477,0.718232044199,0.787878787879,0.871086556169,0.575199508901,0.696531791908,0.703332683995,0.665745856354,1841,1660,181,0,1841,0,1660,0,181,121,1806,0.124380165289,3.42170224172,29.8512396694,15.7043478261,15.4358974359,21.5018065741,0.72029861447,0.402313683498,17.1134281045,1.14658073125,0.582246506137,10.7712311965,0.721660561889,0.40886667948,1.17927586475,0.344645963161,4.31726830233,NaN,NaN,NaN,0.517601693121,0.603545816733,15149,0.0526043475241,0.132564397549,NaN,NaN,NaN,NaN,NaN,0.0495867768595,0.917355371901,0.0330578512397,121,1774,0.12217630854,3.44558285748,29.3223140496,15.4260869565,15.4260869565,20.7995251853,0.709341191494,0.399070131467,16.5007846879,1.12547629495,0.575912864424,10.7413172059,0.732637757558,0.414574151891,1.18951320009,0.345228441541,4.9528415519,NaN,NaN,NaN,0.499125269523,0.586166715219,14085,0.0489096465032,0.132505719421,NaN,NaN,NaN,NaN,NaN,0.0495867768595,0.900826446281,0.0495867768595,-32,-0.00220385674931,0.0238806157634,-0.528925619835,-0.278260869565,-0.0098104793757,-0.70228138881,-0.0109574229763,-0.00324355203023,-0.61264341658,-0.0211044363056,-0.00633364171289,-0.0299139906051,0.0109771956692,0.00570747241116,0.0102373353418,0.000582478380045,0.635573249561,NaN,NaN,NaN,-0.0184764235984,-0.017379101514,-1064,-0.0036947010209,-5.86781283945e-05,0,-0.0165289256198,0.0165289256198,1755,19,51,12695,0.971760797342,0.998505584395,0.00149441560485,0.0282392026578,0.989289740699,0.971760797342,0.980446927374,0.977748584095,0.970266381737,0.961643835616,149,181,0,10,2,10
31,WLNM_dir_neg_kfold,0.861512163853,0.829387516064,00:00:36,10,90,11,14356,fixed,0.5,0.903448275862,0.723756906077,0.803680981595,131,14,50,348,0.723756906077,0.961325966851,0.0386740331492,0.276243093923,0.903448275862,0.723756906077,0.803680981595,0.882136279926,0.577655003069,0.720930232558,0.729980309882,0.685082872928,1841,1660,181,0,1841,0,1660,0,181,121,1806,0.124380165289,3.42170224172,29.8512396694,15.7043478261,15.4358974359,21.5018065741,0.72029861447,0.402313683498,17.1134281045,1.14658073125,0.582246506137,10.7712311965,0.721660561889,0.40886667948,1.17927586475,0.344645963161,4.31726830233,NaN,NaN,NaN,0.517601693121,0.603545816733,15149,0.0526043475241,0.132564397549,NaN,NaN,NaN,NaN,NaN,0.0495867768595,0.917355371901,0.0330578512397,121,1770,0.121900826446,3.38065431115,29.2561983471,15.5263157895,15.3913043478,20.9557187603,0.716283042371,0.402096465425,16.6158218933,1.13588386954,0.579903814727,10.6639050316,0.729001417416,0.41330718588,1.17563035268,0.347752311973,4.23797099117,NaN,NaN,NaN,0.497838684523,0.585722441137,14022,0.0486908813112,0.132849589996,NaN,NaN,NaN,NaN,NaN,0.0578512396694,0.892561983471,0.0495867768595,-36,-0.00247933884298,-0.0410479305711,-0.595041322314,-0.178032036613,-0.0445930880713,-0.54608781382,-0.00401557209898,-0.000217218072953,-0.497606211185,-0.0106968617109,-0.00234269140995,-0.10732616484,0.00734085552675,0.00444050640059,-0.00364551206282,0.00310634881241,-0.0792973111613,NaN,NaN,NaN,-0.0197630085975,-0.0178233755963,-1127,-0.00391346621293,0.000285192446999,0.00826446280992,-0.0247933884298,0.0165289256198,1756,14,50,12700,0.972314507198,0.99889885166,0.00110114834041,0.0276854928018,0.99209039548,0.972314507198,0.982102908277,0.979654411232,0.971213358858,0.964835164835,145,181,0,10,2,10
32,WLNM_dir_neg_kfold,0.88478678917,0.831643767261,00:00:38,10,90,12,14357,fixed,0.5,0.9,0.696132596685,0.785046728972,126,14,55,348,0.696132596685,0.961325966851,0.0386740331492,0.303867403315,0.9,0.696132596685,0.785046728972,0.872928176796,0.58072437078,0.696925329429,0.708509076627,0.657458563536,1841,1660,181,0,1841,0,1660,0,181,121,1806,0.124380165289,3.42170224172,29.8512396694,15.7043478261,15.4358974359,21.5018065741,0.72029861447,0.402313683498,17.1134281045,1.14658073125,0.582246506137,10.7712311965,0.721660561889,0.40886667948,1.17927586475,0.344645963161,4.31726830233,NaN,NaN,NaN,0.517601693121,0.603545816733,15149,0.0526043475241,0.132564397549,NaN,NaN,NaN,NaN,NaN,0.0495867768595,0.917355371901,0.0330578512397,121,1765,0.121556473829,3.41277605622,29.173553719,15.4824561404,15.347826087,20.780470674,0.712305085426,0.400702362278,16.4998330403,1.13115002713,0.578971273383,10.6900806214,0.732861051097,0.415114836233,1.17709251103,0.34490763286,4.25738633808,NaN,NaN,NaN,0.492723710178,0.583967550389,13965,0.0484929508994,0.131814043095,NaN,NaN,NaN,NaN,NaN,0.0578512396694,0.892561983471,0.0495867768595,-41,-0.00282369146006,-0.00892618549799,-0.677685950413,-0.221891685736,-0.0880713489409,-0.721335900121,-0.00799352904476,-0.00161132121915,-0.613595064181,-0.0154307041272,-0.00327523275376,-0.0811505750872,0.0112004892079,0.00624815675274,-0.00218335371462,0.000261669699087,-0.0598819642557,NaN,NaN,NaN,-0.0248779829427,-0.0195782663442,-1184,-0.00411139662477,-0.000750354454816,0.00826446280992,-0.0247933884298,0.0165289256198,1751,14,55,12700,0.969545957918,0.99889885166,0.00110114834041,0.0304540420819,0.992067988669,0.969545957918,0.980677681322,0.978052721967,0.968444809578,0.962087912088,140,181,0,10,2,10
33,WLNM_dir_neg_kfold,0.84251854339,0.628165678877,00:00:39,10,90,13,14358,fixed,0.5,0.869863013699,0.701657458564,0.776758409786,127,19,54,343,0.701657458564,0.947513812155,0.0524861878453,0.298342541436,0.869863013699,0.701657458564,0.776758409786,0.865561694291,0.577041129527,0.682148040639,0.690209898219,0.649171270718,1841,1660,181,0,1841,0,1660,0,181,121,1806,0.124380165289,3.42170224172,29.8512396694,15.7043478261,15.4358974359,21.5018065741,0.72029861447,0.402313683498,17.1134281045,1.14658073125,0.582246506137,10.7712311965,0.721660561889,0.40886667948,1.17927586475,0.344645963161,4.31726830233,NaN,NaN,NaN,0.517601693121,0.603545816733,15149,0.0526043475241,0.132564397549,NaN,NaN,NaN,NaN,NaN,0.0495867768595,0.917355371901,0.0330578512397,121,1771,0.12196969697,3.40403474682,29.2727272727,15.5350877193,15.4,20.8070500873,0.710799847701,0.400012133034,16.5640172261,1.13170304029,0.579156380809,10.6848802832,0.730022876493,0.413792459786,1.17520269448,0.345238160562,4.25263140046,NaN,NaN,NaN,0.50127150093,0.583502206923,14013,0.0486596291409,0.132430901681,NaN,NaN,NaN,NaN,NaN,0.0578512396694,0.892561983471,0.0495867768595,-35,-0.00241046831956,-0.017667494894,-0.578512396694,-0.169260106789,-0.0358974358974,-0.694756486859,-0.00949876676935,-0.00230155046356,-0.549410878388,-0.0148776909605,-0.0030901253273,-0.0863509132441,0.00836231460394,0.0049257803062,-0.00407317026406,0.000592197401093,-0.0646369018725,NaN,NaN,NaN,-0.0163301921907,-0.0200436098097,-1136,-0.00394471838322,-0.000133495868913,0.00826446280992,-0.0247933884298,0.0165289256198,1752,19,54,12695,0.970099667774,0.998505584395,0.00149441560485,0.0299003322259,0.989271597967,0.970099667774,0.979591836735,0.976786064453,0.968605252169,0.96,146,181,0,10,2,10
34,WLNM_dir_neg_kfold,0.889808003419,0.797607102909,00:00:40,10,90,14,14359,fixed,0.5,0.89928057554,0.690607734807,0.78125,125,14,56,348,0.690607734807,0.961325966851,0.0386740331492,0.309392265193,0.89928057554,0.690607734807,0.78125,0.871086556169,0.581338244322,0.692082111437,0.7042047051,0.651933701657,1841,1660,181,0,1841,0,1660,0,181,121,1806,0.124380165289,3.42170224172,29.8512396694,15.7043478261,15.4358974359,21.5018065741,0.72029861447,0.402313683498,17.1134281045,1.14658073125,0.582246506137,10.7712311965,0.721660561889,0.40886667948,1.17927586475,0.344645963161,4.31726830233,NaN,NaN,NaN,0.517601693121,0.603545816733,15149,0.0526043475241,0.132564397549,NaN,NaN,NaN,NaN,NaN,0.0495867768595,0.917355371901,0.0330578512397,121,1764,0.121487603306,3.4060645921,29.1570247934,15.4736842105,15.3391304348,20.9344247053,0.717989055935,0.403735874515,16.5749570468,1.13694433257,0.581426509998,10.6963795013,0.733708571232,0.415556305167,1.18224151904,0.347098972164,4.2630088722,NaN,NaN,NaN,0.499143349675,0.58750296254,14047,0.0487776928953,0.133113574119,NaN,NaN,NaN,NaN,NaN,0.0578512396694,0.892561983471,0.0495867768595,-42,-0.00289256198347,-0.0156376496124,-0.694214876033,-0.230663615561,-0.0967670011148,-0.567381868829,-0.00230955853538,0.00142219101748,-0.538471057732,-0.0096363986808,-0.000819996138631,-0.0748516951871,0.0120480093434,0.00668962568691,0.00296565429814,0.00245300900334,-0.0542594301305,NaN,NaN,NaN,-0.0184583434462,-0.0160428541935,-1102,-0.00382665462879,0.000549176569035,0.00826446280992,-0.0247933884298,0.0165289256198,1750,14,56,12700,0.968992248062,0.99889885166,0.00110114834041,0.031007751938,0.992063492063,0.968992248062,0.980392156863,0.977732220182,0.967891099722,0.961538461538,139,181,0,10,2,10
35,WLNM_dir_neg_kfold,0.859749397149,0.764036507291,00:00:36,10,90,15,14360,fixed,0.5,0.907142857143,0.701657458564,0.791277258567,127,13,54,349,0.701657458564,0.96408839779,0.0359116022099,0.298342541436,0.907142857143,0.701657458564,0.791277258567,0.876611418048,0.58072437078,0.705710102489,0.717439863307,0.665745856354,1841,1660,181,0,1841,0,1660,0,181,121,1806,0.124380165289,3.42170224172,29.8512396694,15.7043478261,15.4358974359,21.5018065741,0.72029861447,0.402313683498,17.1134281045,1.14658073125,0.582246506137,10.7712311965,0.721660561889,0.40886667948,1.17927586475,0.344645963161,4.31726830233,NaN,NaN,NaN,0.517601693121,0.603545816733,15149,0.0526043475241,0.132564397549,NaN,NaN,NaN,NaN,NaN,0.0495867768595,0.917355371901,0.0330578512397,121,1765,0.121556473829,3.39903677693,29.173553719,15.4824561404,15.347826087,20.7604101139,0.711617457164,0.400580619484,16.4775956081,1.12962553461,0.578765247114,10.616551089,0.727820216298,0.412867276941,1.17572141145,0.345898408463,4.24325097584,NaN,NaN,NaN,0.496974948205,0.585034773622,13964,0.048489478436,0.131838235874,NaN,NaN,NaN,NaN,NaN,0.0578512396694,0.892561983471,0.0495867768595,-41,-0.00282369146006,-0.0226654647915,-0.677685950413,-0.221891685736,-0.0880713489409,-0.741396460165,-0.0086811573069,-0.00173306401409,-0.63583249637,-0.0169551966455,-0.00348125902211,-0.154680107487,0.00615965440883,0.00400059746166,-0.0035544532997,0.00125244530237,-0.0740173264921,NaN,NaN,NaN,-0.0206267449161,-0.0185110431107,-1185,-0.00411486908813,-0.0007261616759,0.00826446280992,-0.0247933884298,0.0165289256198,1752,13,54,12701,0.970099667774,0.998977505112,0.00102249488753,0.0299003322259,0.992634560907,0.970099667774,0.98123774853,0.978691358934,0.969077172887,0.963166575041,140,181,0,10,2,10
36,WLNM_dir_neg_kfold,0.86072616831,0.810084780244,00:00:38,10,90,16,14361,fixed,0.5,0.941176470588,0.707182320442,0.807570977918,128,8,53,354,0.707182320442,0.977900552486,0.0220994475138,0.292817679558,0.941176470588,0.707182320442,0.807570977918,0.887661141805,0.583179864948,0.730486008837,0.745366765019,0.685082872928,1841,1660,181,0,1841,0,1660,0,181,121,1806,0.124380165289,3.42170224172,29.8512396694,15.7043478261,15.4358974359,21.5018065741,0.72029861447,0.402313683498,17.1134281045,1.14658073125,0.582246506137,10.7712311965,0.721660561889,0.40886667948,1.17927586475,0.344645963161,4.31726830233,NaN,NaN,NaN,0.517601693121,0.603545816733,15149,0.0526043475241,0.132564397549,NaN,NaN,NaN,NaN,NaN,0.0495867768595,0.917355371901,0.0330578512397,121,1761,0.121280991736,3.40095580749,29.1074380165,15.4473684211,15.3130434783,20.8745465631,0.717155063638,0.402776408971,16.5805862448,1.13926799297,0.581149891356,10.6653257594,0.732824768248,0.415410102262,1.18443694007,0.348265901444,4.25214916642,NaN,NaN,NaN,0.495686685508,0.586083816243,13957,0.0484651711924,0.13219292885,NaN,NaN,NaN,NaN,NaN,0.0578512396694,0.892561983471,0.0495867768595,-45,-0.00309917355372,-0.0207464342276,-0.743801652893,-0.256979405034,-0.122853957637,-0.627260011013,-0.00314355083198,0.00046272547362,-0.532841859718,-0.00731273828475,-0.0010966147807,-0.105905437079,0.0111642063591,0.00654342278179,0.00516107532207,0.00361993828366,-0.0651191359152,NaN,NaN,NaN,-0.0219150076131,-0.0174620004905,-1192,-0.00413917633169,-0.00037146869937,0.00826446280992,-0.0247933884298,0.0165289256198,1753,8,53,12706,0.97065337763,0.999370772377,0.000629227623093,0.0293466223699,0.995457126633,0.97065337763,0.982898794505,0.980605955606,0.970024150007,0.966372657111,136,181,0,10,2,10
37,WLNM_dir_neg_kfold,0.849813802997,0.798008157031,00:00:37,10,90,17,14362,fixed,0.5,0.913043478261,0.696132596685,0.789968652038,126,12,55,350,0.696132596685,0.966850828729,0.0331491712707,0.303867403315,0.913043478261,0.696132596685,0.789968652038,0.876611418048,0.581952117864,0.704845814978,0.717842536078,0.662983425414,1841,1660,181,0,1841,0,1660,0,181,121,1806,0.124380165289,3.42170224172,29.8512396694,15.7043478261,15.4358974359,21.5018065741,0.72029861447,0.402313683498,17.1134281045,1.14658073125,0.582246506137,10.7712311965,0.721660561889,0.40886667948,1.17927586475,0.344645963161,4.31726830233,NaN,NaN,NaN,0.517601693121,0.603545816733,15149,0.0526043475241,0.132564397549,NaN,NaN,NaN,NaN,NaN,0.0495867768595,0.917355371901,0.0330578512397,121,1763,0.121418732782,3.38583629782,29.1404958678,15.4649122807,15.3304347826,20.7429931082,0.711827046537,0.400683470606,16.4584458796,1.1295927121,0.578840537589,10.6589762222,0.73155764202,0.414648209523,1.16904186236,0.345274183252,4.22735747927,NaN,NaN,NaN,0.496502540406,0.583142298015,13906,0.0482880755608,0.133334124425,NaN,NaN,NaN,NaN,NaN,0.0578512396694,0.892561983471,0.0495867768595,-43,-0.00296143250689,-0.0358659438963,-0.710743801653,-0.239435545385,-0.105462653289,-0.758813465944,-0.00847156793385,-0.00163021289201,-0.654982224903,-0.0169880191545,-0.00340596854803,-0.112254974295,0.00989708013131,0.00578153004286,-0.0102340023905,0.000628220091344,-0.0899108230695,NaN,NaN,NaN,-0.021099152715,-0.020403518718,-1243,-0.00431627196333,0.000769726875214,0.00826446280992,-0.0247933884298,0.0165289256198,1751,12,55,12702,0.969545957918,0.999056158565,0.000943841434639,0.0304540420819,0.993193420306,0.969545957918,0.981227234519,0.978689561632,0.968602116483,0.963146314631,138,181,0,10,2,10
38,WLNM_dir_neg_kfold,0.853018833369,0.773301148738,00:00:39,10,90,18,14363,fixed,0.5,0.90780141844,0.707182320442,0.795031055901,128,13,53,349,0.707182320442,0.96408839779,0.0359116022099,0.292817679558,0.90780141844,0.707182320442,0.795031055901,0.878453038674,0.580110497238,0.710526315789,0.721719920975,0.671270718232,1841,1660,181,0,1841,0,1660,0,181,121,1806,0.124380165289,3.42170224172,29.8512396694,15.7043478261,15.4358974359,21.5018065741,0.72029861447,0.402313683498,17.1134281045,1.14658073125,0.582246506137,10.7712311965,0.721660561889,0.40886667948,1.17927586475,0.344645963161,4.31726830233,NaN,NaN,NaN,0.517601693121,0.603545816733,15149,0.0526043475241,0.132564397549,NaN,NaN,NaN,NaN,NaN,0.0495867768595,0.917355371901,0.0330578512397,121,1766,0.121625344353,3.4150334006,29.1900826446,15.4912280702,15.3565217391,20.8011674551,0.712610776348,0.400456744944,16.5280461199,1.13244257107,0.579139485039,10.6985813019,0.733028503697,0.415750212929,1.18016763042,0.345580113568,4.24715271002,NaN,NaN,NaN,0.495517382689,0.586354330599,14034,0.0487325508716,0.131220224276,NaN,NaN,NaN,NaN,NaN,0.0578512396694,0.892561983471,0.0495867768595,-40,-0.00275482093664,-0.00666884112057,-0.661157024793,-0.213119755912,-0.079375696767,-0.700639119057,-0.0076878381224,-0.0018569385541,-0.58538198464,-0.0141381601876,-0.00310702109777,-0.0726498945645,0.0113679418082,0.00688353344946,0.000891765671349,0.000934150407418,-0.0701155923131,NaN,NaN,NaN,-0.0220843104319,-0.0171914861341,-1115,-0.00387179665255,-0.00134417327327,0.00826446280992,-0.0247933884298,0.0165289256198,1753,13,53,12701,0.97065337763,0.998977505112,0.00102249488753,0.0293466223699,0.992638731597,0.97065337763,0.981522956327,0.979011650177,0.969630882743,0.963716327653,141,181,0,10,2,10
39,WLNM_dir_neg_kfold,0.847745795305,0.713305135867,00:00:36,10,90,19,14364,fixed,0.5,0.861111111111,0.685082872928,0.763076923077,124,20,57,342,0.685082872928,0.944751381215,0.0552486187845,0.314917127072,0.861111111111,0.685082872928,0.763076923077,0.858195211786,0.578268876611,0.663755458515,0.672592709135,0.629834254144,1841,1660,181,0,1841,0,1660,0,181,121,1806,0.124380165289,3.42170224172,29.8512396694,15.7043478261,15.4358974359,21.5018065741,0.72029861447,0.402313683498,17.1134281045,1.14658073125,0.582246506137,10.7712311965,0.721660561889,0.40886667948,1.17927586475,0.344645963161,4.31726830233,NaN,NaN,NaN,0.517601693121,0.603545816733,15149,0.0526043475241,0.132564397549,NaN,NaN,NaN,NaN,NaN,0.0495867768595,0.917355371901,0.0330578512397,121,1769,0.121831955923,3.42927822033,29.2396694215,15.3826086957,15.3826086957,20.7143367395,0.708432658416,0.398805880896,16.4247050701,1.12345354069,0.575541114418,10.6874195501,0.731021913826,0.413811790758,1.14203344187,0.333024435025,4.34418005139,NaN,NaN,NaN,0.500678211512,0.583596170486,13939,0.0484026668519,0.131986785706,NaN,NaN,NaN,NaN,NaN,0.0495867768595,0.900826446281,0.0495867768595,-37,-0.00254820936639,0.00757597861461,-0.611570247934,-0.321739130435,-0.0532887402453,-0.787469834632,-0.0118659560542,-0.00350780260119,-0.688723034411,-0.0231271905638,-0.00670539171884,-0.0838116463951,0.00936135193673,0.0049451112784,-0.0372424228767,-0.0116215281358,0.0269117490534,NaN,NaN,NaN,-0.0169234816093,-0.0199496462471,-1210,-0.00420168067227,-0.000577611843543,0,-0.0165289256198,0.0165289256198,1749,20,57,12694,0.968438538206,0.998426930942,0.00157306905773,0.031561461794,0.988694177501,0.968438538206,0.978461538462,0.975506094995,0.966865469148,0.957831325301,144,181,0,10,2,10
40,WLNM_dir_neg_kfold,0.847562650713,0.697460034117,00:00:37,10,90,20,14365,fixed,0.5,0.913043478261,0.696132596685,0.789968652038,126,12,55,350,0.696132596685,0.966850828729,0.0331491712707,0.303867403315,0.913043478261,0.696132596685,0.789968652038,0.876611418048,0.581952117864,0.704845814978,0.717842536078,0.662983425414,1841,1660,181,0,1841,0,1660,0,181,121,1806,0.124380165289,3.42170224172,29.8512396694,15.7043478261,15.4358974359,21.5018065741,0.72029861447,0.402313683498,17.1134281045,1.14658073125,0.582246506137,10.7712311965,0.721660561889,0.40886667948,1.17927586475,0.344645963161,4.31726830233,NaN,NaN,NaN,0.517601693121,0.603545816733,15149,0.0526043475241,0.132564397549,NaN,NaN,NaN,NaN,NaN,0.0495867768595,0.917355371901,0.0330578512397,121,1763,0.121418732782,3.44441164451,29.1404958678,15.4649122807,15.3304347826,20.7241026284,0.711178791275,0.400266262897,16.4189049809,1.12687890113,0.577415468562,10.644894274,0.730591155504,0.413879422285,1.2025022342,0.349116876351,4.37789365876,NaN,NaN,NaN,0.494912439907,0.583896845731,13902,0.0482741857073,0.132816182887,NaN,NaN,NaN,NaN,NaN,0.0578512396694,0.892561983471,0.0495867768595,-43,-0.00296143250689,0.0227094027939,-0.710743801653,-0.239435545385,-0.105462653289,-0.777703945719,-0.00911982319555,-0.00204742060051,-0.694523123606,-0.0197018301262,-0.00483103757481,-0.126336922458,0.0089305936153,0.00501274280473,0.0232263694537,0.00447091319051,0.0606253564257,NaN,NaN,NaN,-0.0226892532138,-0.0196489710025,-1247,-0.00433016181679,0.00025178533724,0.00826446280992,-0.0247933884298,0.0165289256198,1751,12,55,12702,0.969545957918,0.999056158565,0.000943841434639,0.0304540420819,0.993193420306,0.969545957918,0.981227234519,0.978689561632,0.968602116483,0.963146314631,138,181,0,10,2,10
41,WLNM_dir_neg_kfold,0.871989560758,0.638571557613,00:00:38,10,90,1,15346,fixed,0.5,0.8984375,0.635359116022,0.744336569579,115,13,66,349,0.635359116022,0.96408839779,0.0359116022099,0.364640883978,0.8984375,0.635359116022,0.744336569579,0.854511970534,0.588090853284,0.646795827124,0.665756940795,0.599447513812,1841,1660,181,0,1841,0,1660,0,181,121,1806,0.124380165289,3.42170224172,29.8512396694,15.7043478261,15.4358974359,21.5018065741,0.72029861447,0.402313683498,17.1134281045,1.14658073125,0.582246506137,10.7712311965,0.721660561889,0.40886667948,1.17927586475,0.344645963161,4.31726830233,NaN,NaN,NaN,0.517601693121,0.603545816733,15149,0.0526043475241,0.132564397549,NaN,NaN,NaN,NaN,NaN,0.0495867768595,0.917355371901,0.0330578512397,121,1753,0.120730027548,3.40572230275,28.9752066116,15.3771929825,15.2434782609,20.8448486082,0.71940293257,0.403148321885,16.4884382232,1.13810668854,0.580445328669,10.6888693684,0.737794177739,0.418333624059,1.1804729738,0.346614570674,4.25929904247,NaN,NaN,NaN,0.502893030088,0.593604821496,14183,0.049249947913,0.130363690524,NaN,NaN,NaN,NaN,NaN,0.0578512396694,0.892561983471,0.0495867768595,-53,-0.00365013774105,-0.0159799389628,-0.876033057851,-0.327154843631,-0.192419175028,-0.656957965913,-0.000895681900062,0.000834638387417,-0.62498988126,-0.00847404271309,-0.00180117746742,-0.0823618280635,0.0161336158497,0.00946694457909,0.00119710905749,0.00196860751306,-0.0579692598628,NaN,NaN,NaN,-0.0147086630334,-0.00994099523723,-966,-0.00335439961108,-0.00220070702538,0.00826446280992,-0.0247933884298,0.0165289256198,1740,13,66,12701,0.963455149502,0.998977505112,0.00102249488753,0.0365448504983,0.992584141472,0.963455149502,0.977802753582,0.974843587301,0.962432654614,0.956569543705,128,181,0,10,3,10
42,WLNM_dir_neg_kfold,0.845464118922,0.765105561488,00:00:36,10,90,2,15347,fixed,0.5,0.868055555556,0.690607734807,0.769230769231,125,19,56,343,0.690607734807,0.947513812155,0.0524861878453,0.309392265193,0.868055555556,0.690607734807,0.769230769231,0.861878453039,0.578268876611,0.672489082969,0.681442613202,0.638121546961,1841,1660,181,0,1841,0,1660,0,181,121,1806,0.124380165289,3.42170224172,29.8512396694,15.7043478261,15.4358974359,21.5018065741,0.72029861447,0.402313683498,17.1134281045,1.14658073125,0.582246506137,10.7712311965,0.721660561889,0.40886667948,1.17927586475,0.344645963161,4.31726830233,NaN,NaN,NaN,0.517601693121,0.603545816733,15149,0.0526043475241,0.132564397549,NaN,NaN,NaN,NaN,NaN,0.0495867768595,0.917355371901,0.0330578512397,121,1769,0.121831955923,3.43700639104,29.2396694215,15.3826086957,15.3826086957,20.8854114928,0.714283434321,0.400202757313,16.5716908202,1.13350739923,0.577736873333,10.7496172012,0.735276247228,0.416315890287,1.16674601625,0.339465768609,4.36983605007,NaN,NaN,NaN,0.511634773254,0.59128125387,14323,0.0497360927842,0.129784365701,NaN,NaN,NaN,NaN,NaN,0.0495867768595,0.900826446281,0.0495867768595,-37,-0.00254820936639,0.0153041493215,-0.611570247934,-0.321739130435,-0.0532887402453,-0.61639508132,-0.00601518014949,-0.00211092618504,-0.541737284327,-0.0130733320222,-0.00450963280383,-0.021613995255,0.0136156853386,0.00744921080702,-0.0125298484974,-0.00518019455161,0.0525677477353,NaN,NaN,NaN,-0.00596691986728,-0.0122645628629,-826,-0.00286825473991,-0.00278003184891,0,-0.0165289256198,0.0165289256198,1750,19,56,12695,0.968992248062,0.998505584395,0.00149441560485,0.031007751938,0.989259468626,0.968992248062,0.979020979021,0.976144109571,0.967497832457,0.958904109589,144,181,0,10,3,10
43,WLNM_dir_neg_kfold,0.870303104301,0.614578573856,00:00:38,10,90,3,15348,fixed,0.5,0.931297709924,0.674033149171,0.782051282051,122,9,59,353,0.674033149171,0.975138121547,0.024861878453,0.325966850829,0.931297709924,0.674033149171,0.782051282051,0.874769797422,0.586249232658,0.697329376855,0.715267691671,0.649171270718,1841,1660,181,0,1841,0,1660,0,181,121,1806,0.124380165289,3.42170224172,29.8512396694,15.7043478261,15.4358974359,21.5018065741,0.72029861447,0.402313683498,17.1134281045,1.14658073125,0.582246506137,10.7712311965,0.721660561889,0.40886667948,1.17927586475,0.344645963161,4.31726830233,NaN,NaN,NaN,0.517601693121,0.603545816733,15149,0.0526043475241,0.132564397549,NaN,NaN,NaN,NaN,NaN,0.0495867768595,0.917355371901,0.0330578512397,121,1756,0.120936639118,3.41871398673,29.0247933884,15.4035087719,15.2695652174,20.7876015972,0.716201535668,0.401184133737,16.4682096287,1.13476843113,0.578898322634,10.7285566771,0.73926842707,0.41872964476,1.18264260654,0.345932011606,4.2688297768,NaN,NaN,NaN,0.510712647427,0.593800842685,14234,0.0494270435447,0.131589253985,NaN,NaN,NaN,NaN,NaN,0.0578512396694,0.892561983471,0.0495867768595,-50,-0.0034435261708,-0.00298825498953,-0.826446280992,-0.300839054157,-0.166332218506,-0.714204976876,-0.00409707880267,-0.00112954976016,-0.645218475796,-0.0118123001188,-0.00334818350248,-0.0426745193181,0.0176078651805,0.00986296528009,0.00336674179018,0.00128604844579,-0.0484385255394,NaN,NaN,NaN,-0.00688904569435,-0.00974497404816,-915,-0.00317730397944,-0.000975143564941,0.00826446280992,-0.0247933884298,0.0165289256198,1747,9,59,12705,0.967331118494,0.999292118924,0.000707881075979,0.0326688815061,0.994874715262,0.967331118494,0.980909601348,0.978366456185,0.966623237418,0.962534435262,131,181,0,10,3,10
44,WLNM_dir_neg_kfold,0.835360642227,0.639451477591,00:00:37,10,90,4,15349,fixed,0.5,0.883211678832,0.668508287293,0.761006289308,121,16,60,346,0.668508287293,0.955801104972,0.0441988950276,0.331491712707,0.883211678832,0.668508287293,0.761006289308,0.860036832413,0.582565991406,0.664705882353,0.677594919321,0.624309392265,1841,1660,181,0,1841,0,1660,0,181,121,1806,0.124380165289,3.42170224172,29.8512396694,15.7043478261,15.4358974359,21.5018065741,0.72029861447,0.402313683498,17.1134281045,1.14658073125,0.582246506137,10.7712311965,0.721660561889,0.40886667948,1.17927586475,0.344645963161,4.31726830233,NaN,NaN,NaN,0.517601693121,0.603545816733,15149,0.0526043475241,0.132564397549,NaN,NaN,NaN,NaN,NaN,0.0495867768595,0.917355371901,0.0330578512397,121,1762,0.121349862259,3.44543427845,29.1239669421,15.4561403509,15.3217391304,20.9139388319,0.718100623911,0.402102231686,16.5014608252,1.13318771842,0.57744298834,10.7710201946,0.739667107577,0.418654609244,1.16531597092,0.338220345169,4.27075824218,NaN,NaN,NaN,0.505161695896,0.592382350091,14262,0.0495242725189,0.132681989412,NaN,NaN,NaN,NaN,NaN,0.0578512396694,0.892561983471,0.0495867768595,-44,-0.0030303030303,0.0237320367374,-0.727272727273,-0.24820747521,-0.114158305463,-0.587867742183,-0.00219799055923,-0.000211451811234,-0.611967279268,-0.0133930128356,-0.00480351779687,-0.000211001833696,0.0180065456874,0.00978792976403,-0.013959893829,-0.00642561799149,-0.0465100601518,NaN,NaN,NaN,-0.012439997225,-0.0111634666424,-887,-0.00308007500521,0.000117591862613,0.00826446280992,-0.0247933884298,0.0165289256198,1746,16,60,12698,0.966777408638,0.998741544754,0.00125845524619,0.0332225913621,0.990919409762,0.966777408638,0.97869955157,0.975812841643,0.965518953392,0.958287596048,137,181,0,10,3,10
45,WLNM_dir_neg_kfold,0.851889441714,0.698973760599,00:00:36,10,90,5,15350,fixed,0.5,0.864285714286,0.668508287293,0.753894080997,121,19,60,343,0.668508287293,0.947513812155,0.0524861878453,0.331491712707,0.864285714286,0.668508287293,0.753894080997,0.854511970534,0.58072437078,0.653001464129,0.663855143226,0.616022099448,1841,1660,181,0,1841,0,1660,0,181,121,1806,0.124380165289,3.42170224172,29.8512396694,15.7043478261,15.4358974359,21.5018065741,0.72029861447,0.402313683498,17.1134281045,1.14658073125,0.582246506137,10.7712311965,0.721660561889,0.40886667948,1.17927586475,0.344645963161,4.31726830233,NaN,NaN,NaN,0.517601693121,0.603545816733,15149,0.0526043475241,0.132564397549,NaN,NaN,NaN,NaN,NaN,0.0495867768595,0.917355371901,0.0330578512397,121,1765,0.121556473829,3.50669577154,29.173553719,15.4824561404,15.347826087,20.8689073688,0.715336484878,0.401151874137,16.5427070646,1.13408926618,0.578184627631,10.6978731698,0.733395271134,0.415835928172,1.22409655202,0.349074066234,4.39467727267,NaN,NaN,NaN,0.506374202881,0.594575224654,14380,0.0499340231961,0.130418252887,NaN,NaN,NaN,NaN,NaN,0.0578512396694,0.892561983471,0.0495867768595,-41,-0.00282369146006,0.0849935298224,-0.677685950413,-0.221891685736,-0.0880713489409,-0.63289920535,-0.0049621295923,-0.00116180936094,-0.570721039903,-0.012491465069,-0.00406187850564,-0.0733580266137,0.0117347092449,0.00696924869196,0.0448206872726,0.00442810307371,0.0774089703391,NaN,NaN,NaN,-0.01122749024,-0.00897059207901,-769,-0.00267032432808,-0.00214614466288,0.00826446280992,-0.0247933884298,0.0165289256198,1746,19,60,12695,0.966777408638,0.998505584395,0.00149441560485,0.0332225913621,0.989235127479,0.966777408638,0.977877345281,0.974859537134,0.965282993033,0.956712328767,140,181,0,10,3,10
46,WLNM_dir_neg_kfold,0.844441561613,0.721838061884,00:00:35,10,90,6,15351,fixed,0.5,0.826666666667,0.685082872928,0.749244712991,124,26,57,336,0.685082872928,0.92817679558,0.0718232044199,0.314917127072,0.826666666667,0.685082872928,0.749244712991,0.847145488029,0.574585635359,0.640692640693,0.646541001929,0.613259668508,1841,1660,181,0,1841,0,1660,0,181,121,1806,0.124380165289,3.42170224172,29.8512396694,15.7043478261,15.4358974359,21.5018065741,0.72029861447,0.402313683498,17.1134281045,1.14658073125,0.582246506137,10.7712311965,0.721660561889,0.40886667948,1.17927586475,0.344645963161,4.31726830233,NaN,NaN,NaN,0.517601693121,0.603545816733,15149,0.0526043475241,0.132564397549,NaN,NaN,NaN,NaN,NaN,0.0495867768595,0.917355371901,0.0330578512397,121,1775,0.122245179063,3.39552987132,29.3388429752,15.5701754386,15.4347826087,20.9310589472,0.713424826087,0.400144337097,16.6515206662,1.13511774682,0.579937143522,10.8200342188,0.737591065056,0.418000232802,1.16041939412,0.341749134332,4.24135625283,NaN,NaN,NaN,0.504086505971,0.593987320199,14522,0.050427112994,0.132725407907,NaN,NaN,NaN,NaN,NaN,0.0578512396694,0.892561983471,0.0495867768595,-31,-0.0021349862259,-0.026172370395,-0.512396694215,-0.13417238749,-0.00111482720178,-0.570747626934,-0.00687378838361,-0.00216934640065,-0.461907438322,-0.0114629844327,-0.00230936261428,0.0488030223333,0.0159305031667,0.00913355332198,-0.0188564706216,-0.00289682882829,-0.0759120495001,NaN,NaN,NaN,-0.0135151871503,-0.00955849653401,-627,-0.00217723453018,0.000161010357124,0.00826446280992,-0.0247933884298,0.0165289256198,1749,26,57,12688,0.968438538206,0.997955010225,0.00204498977505,0.031561461794,0.985352112676,0.968438538206,0.976822116727,0.973609717534,0.966393548431,0.954694323144,150,181,0,10,3,10
47,WLNM_dir_neg_kfold,0.878208845884,0.668148937728,00:00:37,10,90,7,15352,fixed,0.5,0.884892086331,0.67955801105,0.76875,123,16,58,346,0.67955801105,0.955801104972,0.0441988950276,0.32044198895,0.884892086331,0.67955801105,0.76875,0.863720073665,0.581338244322,0.674486803519,0.686301195649,0.635359116022,1841,1660,181,0,1841,0,1660,0,181,121,1806,0.124380165289,3.42170224172,29.8512396694,15.7043478261,15.4358974359,21.5018065741,0.72029861447,0.402313683498,17.1134281045,1.14658073125,0.582246506137,10.7712311965,0.721660561889,0.40886667948,1.17927586475,0.344645963161,4.31726830233,NaN,NaN,NaN,0.517601693121,0.603545816733,15149,0.0526043475241,0.132564397549,NaN,NaN,NaN,NaN,NaN,0.0495867768595,0.917355371901,0.0330578512397,121,1764,0.121487603306,3.39527081337,29.1570247934,15.4736842105,15.3391304348,20.8566569167,0.715321850034,0.400924832743,16.5230909468,1.1333866239,0.578465545998,10.7863741715,0.739881675032,0.419004516407,1.16350105444,0.342682842813,4.2467278243,NaN,NaN,NaN,0.504473215043,0.590871438038,14266,0.0495381623724,0.133059787783,NaN,NaN,NaN,NaN,NaN,0.0578512396694,0.892561983471,0.0495867768595,-42,-0.00289256198347,-0.0264314283499,-0.694214876033,-0.230663615561,-0.0967670011148,-0.645149657407,-0.00497676443613,-0.0013888507546,-0.590337157721,-0.0131941073535,-0.00378096013856,0.0151429750855,0.0182211131433,0.0101378369273,-0.0157748103012,-0.00196312034775,-0.0705404780359,NaN,NaN,NaN,-0.013128478078,-0.0126743786946,-883,-0.00306618515175,0.00049539023377,0.00826446280992,-0.0247933884298,0.0165289256198,1748,16,58,12698,0.96788482835,0.998741544754,0.00125845524619,0.0321151716501,0.990929705215,0.96788482835,0.979271708683,0.976454634341,0.966626373104,0.959385290889,139,181,0,10,3,10
48,WLNM_dir_neg_kfold,0.782614999542,0.489906303264,00:00:36,10,90,8,15353,fixed,0.5,0.885714285714,0.685082872928,0.772585669782,124,16,57,346,0.685082872928,0.955801104972,0.0441988950276,0.314917127072,0.885714285714,0.685082872928,0.772585669782,0.865561694291,0.58072437078,0.679355783309,0.690647503266,0.640883977901,1841,1660,181,0,1841,0,1660,0,181,121,1806,0.124380165289,3.42170224172,29.8512396694,15.7043478261,15.4358974359,21.5018065741,0.72029861447,0.402313683498,17.1134281045,1.14658073125,0.582246506137,10.7712311965,0.721660561889,0.40886667948,1.17927586475,0.344645963161,4.31726830233,NaN,NaN,NaN,0.517601693121,0.603545816733,15149,0.0526043475241,0.132564397549,NaN,NaN,NaN,NaN,NaN,0.0495867768595,0.917355371901,0.0330578512397,121,1765,0.121556473829,3.39591683678,29.173553719,15.4824561404,15.347826087,20.8860709908,0.715924812999,0.401156556552,16.5552959409,1.13495229963,0.579121110669,10.7708475537,0.73839804759,0.418214595088,1.16310741129,0.342501735817,4.24059925684,NaN,NaN,NaN,0.503374387584,0.594444520991,14381,0.0499374956594,0.13243300841,NaN,NaN,NaN,NaN,NaN,0.0578512396694,0.892561983471,0.0495867768595,-41,-0.00282369146006,-0.025785404935,-0.677685950413,-0.221891685736,-0.0880713489409,-0.615735583315,-0.00437380147154,-0.00115712694575,-0.558132163571,-0.0116284316208,-0.00312539546769,-0.000383642772167,0.0167374857009,0.00934791560836,-0.0161684534563,-0.00214422734328,-0.0766690454969,NaN,NaN,NaN,-0.0142273055374,-0.00910129574157,-768,-0.00266685186471,-0.000131389139117,0.00826446280992,-0.0247933884298,0.0165289256198,1749,16,57,12698,0.968438538206,0.998741544754,0.00125845524619,0.031561461794,0.990934844193,0.968438538206,0.979557546906,0.976775448034,0.96718008296,0.95993413831,140,181,0,10,3,10
49,WLNM_dir_neg_kfold,0.898156344434,0.773537589672,00:00:36,10,90,9,15354,fixed,0.5,0.900763358779,0.651933701657,0.75641025641,118,13,63,349,0.651933701657,0.96408839779,0.0359116022099,0.348066298343,0.900763358779,0.651933701657,0.75641025641,0.860036832413,0.586249232658,0.661721068249,0.678743384011,0.616022099448,1841,1660,181,0,1841,0,1660,0,181,121,1806,0.124380165289,3.42170224172,29.8512396694,15.7043478261,15.4358974359,21.5018065741,0.72029861447,0.402313683498,17.1134281045,1.14658073125,0.582246506137,10.7712311965,0.721660561889,0.40886667948,1.17927586475,0.344645963161,4.31726830233,NaN,NaN,NaN,0.517601693121,0.603545816733,15149,0.0526043475241,0.132564397549,NaN,NaN,NaN,NaN,NaN,0.0495867768595,0.917355371901,0.0330578512397,121,1756,0.120936639118,3.44557642786,29.0247933884,15.4035087719,15.2695652174,20.8408504345,0.718036133989,0.402403094938,16.4732691061,1.13511706255,0.578484158211,10.6966627993,0.737070728196,0.417590692596,1.18327327323,0.343418089253,4.41010196421,NaN,NaN,NaN,0.509891881237,0.592307799269,14199,0.0493055073269,0.131486390417,NaN,NaN,NaN,NaN,NaN,0.0578512396694,0.892561983471,0.0495867768595,-50,-0.0034435261708,0.02387418614,-0.826446280992,-0.300839054157,-0.166332218506,-0.660956139639,-0.00226248048101,8.94114401653e-05,-0.640158998412,-0.0114636687045,-0.00376234792576,-0.0745683971888,0.0154101663067,0.00872401311608,0.00399740848423,-0.00122787390767,0.0928336618711,NaN,NaN,NaN,-0.00770981188424,-0.0112380174645,-950,-0.00329884019724,-0.00107800713264,0.00826446280992,-0.0247933884298,0.0165289256198,1743,13,63,12701,0.96511627907,0.998977505112,0.00102249488753,0.0348837209302,0.992596810934,0.96511627907,0.978663672094,0.975806273373,0.964093784182,0.958218801539,131,181,0,10,3,10
50,WLNM_dir_neg_kfold,0.821571380605,0.554303277169,00:00:36,10,90,10,15355,fixed,0.5,0.9375,0.662983425414,0.776699029126,120,8,61,354,0.662983425414,0.977900552486,0.0220994475138,0.337016574586,0.9375,0.662983425414,0.776699029126,0.872928176796,0.588090853284,0.691505216095,0.711777005827,0.640883977901,1841,1660,181,0,1841,0,1660,0,181,121,1806,0.124380165289,3.42170224172,29.8512396694,15.7043478261,15.4358974359,21.5018065741,0.72029861447,0.402313683498,17.1134281045,1.14658073125,0.582246506137,10.7712311965,0.721660561889,0.40886667948,1.17927586475,0.344645963161,4.31726830233,NaN,NaN,NaN,0.517601693121,0.603545816733,15149,0.0526043475241,0.132564397549,NaN,NaN,NaN,NaN,NaN,0.0495867768595,0.917355371901,0.0330578512397,121,1753,0.120730027548,3.52802589951,28.9752066116,15.3771929825,15.2434782609,20.8024288686,0.717938931288,0.402313861008,16.4515023136,1.13555720476,0.579087561818,10.7533837329,0.74224725139,0.419955401131,1.23545855082,0.350184093319,4.37865894237,NaN,NaN,NaN,0.510158273106,0.593145723043,14192,0.0492812000833,0.132575147266,NaN,NaN,NaN,NaN,NaN,0.0578512396694,0.892561983471,0.0495867768595,-53,-0.00365013774105,0.10632365779,-0.876033057851,-0.327154843631,-0.192419175028,-0.699377705538,-0.00235968318205,1.77510431687e-07,-0.661925790883,-0.011023526492,-0.0031589443181,-0.0178474635144,0.0205866895008,0.0110887216507,0.0561826860788,0.00553813015824,0.0613906400345,NaN,NaN,NaN,-0.00744342001496,-0.0104000936904,-957,-0.00332314744079,1.07497160848e-05,0.00826446280992,-0.0247933884298,0.0165289256198,1745,8,61,12706,0.966223698782,0.999370772377,0.000629227623093,0.0337763012182,0.995436394752,0.966223698782,0.98061253161,0.978046176665,0.965594471159,0.961962513782,128,181,0,10,3,10
51,WLNM_dir_neg_kfold,0.817969536949,0.590275150661,00:00:36,10,90,11,15356,fixed,0.5,0.833333333333,0.662983425414,0.738461538462,120,24,61,338,0.662983425414,0.933701657459,0.0662983425414,0.337016574586,0.833333333333,0.662983425414,0.738461538462,0.843462246777,0.578268876611,0.628820960699,0.637193092864,0.596685082873,1841,1660,181,0,1841,0,1660,0,181,121,1806,0.124380165289,3.42170224172,29.8512396694,15.7043478261,15.4358974359,21.5018065741,0.72029861447,0.402313683498,17.1134281045,1.14658073125,0.582246506137,10.7712311965,0.721660561889,0.40886667948,1.17927586475,0.344645963161,4.31726830233,NaN,NaN,NaN,0.517601693121,0.603545816733,15149,0.0526043475241,0.132564397549,NaN,NaN,NaN,NaN,NaN,0.0495867768595,0.917355371901,0.0330578512397,121,1769,0.121831955923,3.43092178156,29.2396694215,15.5175438596,15.3826086957,20.8674486515,0.713669103118,0.400291522035,16.5646492056,1.13302575121,0.578708613448,10.7527176397,0.735488317922,0.41675504207,1.19097668349,0.347130234764,4.28107643651,NaN,NaN,NaN,0.509508038994,0.594885100074,14445,0.0501597333148,0.13107255061,NaN,NaN,NaN,NaN,NaN,0.0578512396694,0.892561983471,0.0495867768595,-37,-0.00254820936639,0.00921953984287,-0.611570247934,-0.186803966438,-0.0532887402453,-0.634357922606,-0.00662951135231,-0.00202216146294,-0.548778898855,-0.0135549800481,-0.00353789268825,-0.0185135567603,0.0138277560327,0.00788836259002,0.0117008187444,0.00248427160339,-0.0361918658268,NaN,NaN,NaN,-0.0080936541269,-0.00866071665894,-704,-0.00244461420932,-0.00149184693954,0.00826446280992,-0.0247933884298,0.0165289256198,1745,24,61,12690,0.966223698782,0.998112317131,0.00188768286928,0.0337763012182,0.986433013002,0.966223698782,0.976223776224,0.972954036692,0.964336015913,0.953551912568,144,181,0,10,3,10
52,WLNM_dir_neg_kfold,0.866396019658,0.740801759334,00:00:38,10,90,12,15357,fixed,0.5,0.880597014925,0.651933701657,0.749206349206,118,16,63,346,0.651933701657,0.955801104972,0.0441988950276,0.348066298343,0.880597014925,0.651933701657,0.749206349206,0.854511970534,0.584407612032,0.649926144756,0.664497926035,0.60773480663,1841,1660,181,0,1841,0,1660,0,181,121,1806,0.124380165289,3.42170224172,29.8512396694,15.7043478261,15.4358974359,21.5018065741,0.72029861447,0.402313683498,17.1134281045,1.14658073125,0.582246506137,10.7712311965,0.721660561889,0.40886667948,1.17927586475,0.344645963161,4.31726830233,NaN,NaN,NaN,0.517601693121,0.603545816733,15149,0.0526043475241,0.132564397549,NaN,NaN,NaN,NaN,NaN,0.0495867768595,0.917355371901,0.0330578512397,121,1759,0.121143250689,3.45828899298,29.0743801653,15.4298245614,15.2956521739,20.8742925187,0.717961738134,0.402379263199,16.5287836426,1.1369998981,0.579715183777,10.6981628659,0.735916831594,0.417010040453,1.18579035058,0.342883533733,4.43420304026,NaN,NaN,NaN,0.506240696228,0.594854459053,14312,0.0496978956872,0.130409478496,NaN,NaN,NaN,NaN,NaN,0.0578512396694,0.892561983471,0.0495867768595,-47,-0.00323691460055,0.0365867512661,-0.776859504132,-0.274523264683,-0.140245261984,-0.627514055457,-0.002336876336,6.55797013278e-05,-0.584644461851,-0.00958083315238,-0.00253132235916,-0.0730683305646,0.0142562697046,0.00814336097333,0.00651448583855,-0.00176242942763,0.116934737928,NaN,NaN,NaN,-0.0113609968931,-0.00869135767988,-837,-0.00290645183693,-0.00215491905398,0.00826446280992,-0.0247933884298,0.0165289256198,1743,16,63,12698,0.96511627907,0.998741544754,0.00125845524619,0.0348837209302,0.990903922683,0.96511627907,0.977840112202,0.974849738317,0.963857823824,0.956641053787,134,181,0,10,3,10
53,WLNM_dir_neg_kfold,0.819427062666,0.620558806026,00:00:38,10,90,13,15358,fixed,0.5,0.915384615385,0.657458563536,0.765273311897,119,11,62,351,0.657458563536,0.969613259669,0.0303867403315,0.342541436464,0.915384615385,0.657458563536,0.765273311897,0.865561694291,0.5868631062,0.674591381872,0.692730257414,0.627071823204,1841,1660,181,0,1841,0,1660,0,181,121,1806,0.124380165289,3.42170224172,29.8512396694,15.7043478261,15.4358974359,21.5018065741,0.72029861447,0.402313683498,17.1134281045,1.14658073125,0.582246506137,10.7712311965,0.721660561889,0.40886667948,1.17927586475,0.344645963161,4.31726830233,NaN,NaN,NaN,0.517601693121,0.603545816733,15149,0.0526043475241,0.132564397549,NaN,NaN,NaN,NaN,NaN,0.0495867768595,0.917355371901,0.0330578512397,121,1755,0.120867768595,3.38977806258,29.0082644628,15.3947368421,15.2608695652,20.7523074491,0.715392934856,0.400974782793,16.4444134217,1.13377437266,0.578757269666,10.7277863257,0.739636550088,0.418600927692,1.17378143269,0.346270879986,4.2516503569,NaN,NaN,NaN,0.501774743048,0.592216912123,14168,0.0491978609626,0.133070901805,NaN,NaN,NaN,NaN,NaN,0.0578512396694,0.892561983471,0.0495867768595,-51,-0.00351239669421,-0.0319241791395,-0.842975206612,-0.309610983982,-0.17502787068,-0.749499124989,-0.00490567961473,-0.00133890070465,-0.669014682835,-0.0128063585921,-0.00348923647021,-0.0434448707996,0.0179759881992,0.00973424821205,-0.00549443205825,0.00162491682573,-0.0656179454316,NaN,NaN,NaN,-0.015826950073,-0.0113289046098,-981,-0.00340648656157,0.000506504255942,0.00826446280992,-0.0247933884298,0.0165289256198,1744,11,62,12703,0.965669988926,0.999134812018,0.000865187981752,0.0343300110742,0.993732193732,0.965669988926,0.97950014041,0.976765839182,0.964804800944,0.959823885526,130,181,0,10,3,10
54,WLNM_dir_neg_kfold,0.870516772992,0.708734896317,00:00:41,10,90,14,15359,fixed,0.5,0.877697841727,0.674033149171,0.7625,122,17,59,345,0.674033149171,0.953038674033,0.0469613259669,0.325966850829,0.877697841727,0.674033149171,0.7625,0.860036832413,0.581338244322,0.66568914956,0.677349440923,0.627071823204,1841,1660,181,0,1841,0,1660,0,181,121,1806,0.124380165289,3.42170224172,29.8512396694,15.7043478261,15.4358974359,21.5018065741,0.72029861447,0.402313683498,17.1134281045,1.14658073125,0.582246506137,10.7712311965,0.721660561889,0.40886667948,1.17927586475,0.344645963161,4.31726830233,NaN,NaN,NaN,0.517601693121,0.603545816733,15149,0.0526043475241,0.132564397549,NaN,NaN,NaN,NaN,NaN,0.0495867768595,0.917355371901,0.0330578512397,121,1764,0.121487603306,3.42265204769,29.1570247934,15.4736842105,15.3391304348,20.8338699655,0.714540324782,0.400564082382,16.4735910202,1.12999122078,0.576722700099,10.7585253529,0.73797141026,0.418067502483,1.16655328163,0.340833150837,4.32813145325,NaN,NaN,NaN,0.509419041747,0.592907860316,14279,0.0495833043961,0.131240034734,NaN,NaN,NaN,NaN,NaN,0.0578512396694,0.892561983471,0.0495867768595,-42,-0.00289256198347,0.000949805968301,-0.694214876033,-0.230663615561,-0.0967670011148,-0.667936608569,-0.00575828968858,-0.00174960111535,-0.639837084258,-0.0165895104776,-0.00552380603725,-0.0127058435789,0.0163108483709,0.0092008230033,-0.0127225831146,-0.00381281232378,0.0108631509155,NaN,NaN,NaN,-0.00818265137384,-0.0106379564167,-870,-0.00302104312799,-0.00132436281575,0.00826446280992,-0.0247933884298,0.0165289256198,1747,17,59,12697,0.967331118494,0.998662891301,0.00133710869907,0.0326688815061,0.990362811791,0.967331118494,0.978711484594,0.975815841421,0.965994009795,0.958310477235,139,181,0,10,3,10
55,WLNM_dir_neg_kfold,0.824013308507,0.57832876179,00:00:36,10,90,15,15360,fixed,0.5,0.882352941176,0.662983425414,0.757097791798,120,16,61,346,0.662983425414,0.955801104972,0.0441988950276,0.337016574586,0.882352941176,0.662983425414,0.757097791798,0.858195211786,0.583179864948,0.659793814433,0.673234497437,0.618784530387,1841,1660,181,0,1841,0,1660,0,181,121,1806,0.124380165289,3.42170224172,29.8512396694,15.7043478261,15.4358974359,21.5018065741,0.72029861447,0.402313683498,17.1134281045,1.14658073125,0.582246506137,10.7712311965,0.721660561889,0.40886667948,1.17927586475,0.344645963161,4.31726830233,NaN,NaN,NaN,0.517601693121,0.603545816733,15149,0.0526043475241,0.132564397549,NaN,NaN,NaN,NaN,NaN,0.0495867768595,0.917355371901,0.0330578512397,121,1761,0.121280991736,3.43941504984,29.1074380165,15.4473684211,15.3130434783,20.7126377094,0.71159260728,0.399040740376,16.3940794258,1.12645293045,0.575537002361,10.7136598269,0.736145848414,0.417146531131,1.18975363022,0.3459174345,4.29974601139,NaN,NaN,NaN,0.503089535442,0.589993746091,14151,0.0491388290854,0.131733531095,NaN,NaN,NaN,NaN,NaN,0.0578512396694,0.892561983471,0.0495867768595,-45,-0.00309917355372,0.01771280812,-0.743801652893,-0.256979405034,-0.122853957637,-0.789168864693,-0.00870600719066,-0.00327294312189,-0.719348678663,-0.0201278008017,-0.00670950377596,-0.0575713695361,0.0144852865253,0.00827985165157,0.0104777654748,0.00127147133934,-0.0175222909422,NaN,NaN,NaN,-0.0145121576792,-0.0135520706418,-998,-0.00346551843878,-0.000830866454824,0.00826446280992,-0.0247933884298,0.0165289256198,1745,16,61,12698,0.966223698782,0.998741544754,0.00125845524619,0.0337763012182,0.990914253265,0.966223698782,0.978413232408,0.975491862504,0.964965243536,0.957738748628,136,181,0,10,3,10
56,WLNM_dir_neg_kfold,0.791818015323,0.554800657336,00:00:37,10,90,16,15361,fixed,0.5,0.852112676056,0.668508287293,0.749226006192,121,21,60,341,0.668508287293,0.941988950276,0.0580110497238,0.331491712707,0.852112676056,0.668508287293,0.749226006192,0.850828729282,0.579496623696,0.645255474453,0.654878778664,0.610497237569,1841,1660,181,0,1841,0,1660,0,181,121,1806,0.124380165289,3.42170224172,29.8512396694,15.7043478261,15.4358974359,21.5018065741,0.72029861447,0.402313683498,17.1134281045,1.14658073125,0.582246506137,10.7712311965,0.721660561889,0.40886667948,1.17927586475,0.344645963161,4.31726830233,NaN,NaN,NaN,0.517601693121,0.603545816733,15149,0.0526043475241,0.132564397549,NaN,NaN,NaN,NaN,NaN,0.0495867768595,0.917355371901,0.0330578512397,121,1767,0.121694214876,3.39872808501,29.2066115702,15.5,15.3652173913,20.8178278387,0.712777919775,0.399720308503,16.5174046281,1.13107298245,0.577782766701,10.7985179067,0.739457083592,0.41861117737,1.16801703518,0.343662983907,4.25280767184,NaN,NaN,NaN,0.505807891878,0.594546131671,14368,0.0498923536357,0.131464044894,NaN,NaN,NaN,NaN,NaN,0.0578512396694,0.892561983471,0.0495867768595,-39,-0.00268595041322,-0.0229741567027,-0.644628099174,-0.204347826087,-0.0706800445931,-0.683978735383,-0.00752069469514,-0.00259337499509,-0.596023476422,-0.0155077487992,-0.00446373943576,0.0272867102115,0.017796521703,0.00974449789046,-0.0112588295627,-0.000982979254139,-0.0644606304917,NaN,NaN,NaN,-0.0117938012426,-0.00899968506229,-781,-0.00271199388846,-0.00110035265568,0.00826446280992,-0.0247933884298,0.0165289256198,1746,21,60,12693,0.966777408638,0.998348277489,0.00165172251062,0.0332225913621,0.988115449915,0.966777408638,0.977329974811,0.974225283001,0.965125686127,0.955665024631,142,181,0,10,3,10
57,WLNM_dir_neg_kfold,0.824188822075,0.600434760797,00:00:36,10,90,17,15362,fixed,0.5,0.884057971014,0.674033149171,0.764890282132,122,16,59,346,0.674033149171,0.955801104972,0.0441988950276,0.325966850829,0.884057971014,0.674033149171,0.764890282132,0.861878453039,0.581952117864,0.669603524229,0.681950409274,0.629834254144,1841,1660,181,0,1841,0,1660,0,181,121,1806,0.124380165289,3.42170224172,29.8512396694,15.7043478261,15.4358974359,21.5018065741,0.72029861447,0.402313683498,17.1134281045,1.14658073125,0.582246506137,10.7712311965,0.721660561889,0.40886667948,1.17927586475,0.344645963161,4.31726830233,NaN,NaN,NaN,0.517601693121,0.603545816733,15149,0.0526043475241,0.132564397549,NaN,NaN,NaN,NaN,NaN,0.0495867768595,0.917355371901,0.0330578512397,121,1763,0.121418732782,3.44739573653,29.1404958678,15.4649122807,15.3304347826,20.8615698455,0.71589618585,0.401438194663,16.5342202952,1.13479333847,0.579224931208,10.7523845776,0.737968538792,0.418454643897,1.20252055733,0.348819993187,4.30027754562,NaN,NaN,NaN,0.51112865931,0.595108358279,14380,0.0499340231961,0.131934640131,NaN,NaN,NaN,NaN,NaN,0.0578512396694,0.892561983471,0.0495867768595,-43,-0.00296143250689,0.0256934948126,-0.710743801653,-0.239435545385,-0.105462653289,-0.640236728608,-0.00440242862085,-0.000875488835062,-0.579207809257,-0.0117873927829,-0.00302157492896,-0.0188466188571,0.0163079769027,0.00958796441703,0.0232446925836,0.00417403002635,-0.0169907567122,NaN,NaN,NaN,-0.00647303381092,-0.00843745845411,-769,-0.00267032432808,-0.000629757418243,0.00826446280992,-0.0247933884298,0.0165289256198,1747,16,59,12698,0.967331118494,0.998741544754,0.00125845524619,0.0326688815061,0.990924560408,0.967331118494,0.978985710283,0.976133765566,0.966072663248,0.958836443469,138,181,0,10,3,10
58,WLNM_dir_neg_kfold,0.839214309698,0.566922413511,00:00:39,10,90,18,15363,fixed,0.5,0.887218045113,0.651933701657,0.751592356688,118,15,63,347,0.651933701657,0.958563535912,0.0414364640884,0.348066298343,0.887218045113,0.651933701657,0.751592356688,0.85635359116,0.585021485574,0.653846153846,0.66920553909,0.610497237569,1841,1660,181,0,1841,0,1660,0,181,121,1806,0.124380165289,3.42170224172,29.8512396694,15.7043478261,15.4358974359,21.5018065741,0.72029861447,0.402313683498,17.1134281045,1.14658073125,0.582246506137,10.7712311965,0.721660561889,0.40886667948,1.17927586475,0.344645963161,4.31726830233,NaN,NaN,NaN,0.517601693121,0.603545816733,15149,0.0526043475241,0.132564397549,NaN,NaN,NaN,NaN,NaN,0.0495867768595,0.917355371901,0.0330578512397,121,1758,0.121074380165,3.39596577788,29.0578512397,15.4210526316,15.2869565217,20.8958917496,0.719113453271,0.402805592381,16.5479476976,1.1389656834,0.580552656569,10.7059752632,0.736873155203,0.417961808592,1.16636558188,0.343456223699,4.28624462977,NaN,NaN,NaN,0.507304286442,0.593287306605,14265,0.049534689909,0.130135713228,NaN,NaN,NaN,NaN,NaN,0.0578512396694,0.892561983471,0.0495867768595,-48,-0.00330578512397,-0.0257364638355,-0.793388429752,-0.283295194508,-0.148940914158,-0.605914824509,-0.00118516119921,0.000491908882907,-0.565480406884,-0.00761504785712,-0.00169384956778,-0.065255933268,0.0152125933136,0.00909512911187,-0.0129102828638,-0.00118973946182,-0.0310236725672,NaN,NaN,NaN,-0.0102974066793,-0.0102585101285,-884,-0.00306965761511,-0.00242868432108,0.00826446280992,-0.0247933884298,0.0165289256198,1743,15,63,12699,0.96511627907,0.998820198207,0.0011798017933,0.0348837209302,0.991467576792,0.96511627907,0.978114478114,0.975168324781,0.963936477276,0.957166392092,133,181,0,10,3,10
59,WLNM_dir_neg_kfold,0.883260584231,0.704337990625,00:00:36,10,90,19,15364,fixed,0.5,0.897058823529,0.674033149171,0.769716088328,122,14,59,348,0.674033149171,0.961325966851,0.0386740331492,0.325966850829,0.897058823529,0.674033149171,0.769716088328,0.865561694291,0.583179864948,0.677466863034,0.691267564332,0.635359116022,1841,1660,181,0,1841,0,1660,0,181,121,1806,0.124380165289,3.42170224172,29.8512396694,15.7043478261,15.4358974359,21.5018065741,0.72029861447,0.402313683498,17.1134281045,1.14658073125,0.582246506137,10.7712311965,0.721660561889,0.40886667948,1.17927586475,0.344645963161,4.31726830233,NaN,NaN,NaN,0.517601693121,0.603545816733,15149,0.0526043475241,0.132564397549,NaN,NaN,NaN,NaN,NaN,0.0495867768595,0.917355371901,0.0330578512397,121,1761,0.121280991736,3.41093192946,29.1074380165,15.4473684211,15.3130434783,20.7741031306,0.713704281319,0.399969964474,16.4908815275,1.13310429576,0.578803365856,10.7089918707,0.735825108664,0.417155917233,1.18567172037,0.347609317595,4.27308393621,NaN,NaN,NaN,0.509352399644,0.593481514328,14276,0.049572887006,0.129782492282,NaN,NaN,NaN,NaN,NaN,0.0578512396694,0.892561983471,0.0495867768595,-45,-0.00309917355372,-0.0107703122523,-0.743801652893,-0.256979405034,-0.122853957637,-0.727703443492,-0.00659433315166,-0.00234371902401,-0.622546577001,-0.0134764354973,-0.00344314028039,-0.0622393257449,0.0141645467745,0.00828923775357,0.00639585562004,0.00296335443474,-0.0441843661268,NaN,NaN,NaN,-0.00824929347678,-0.0100643024046,-873,-0.00303146051809,-0.00278190526769,0.00826446280992,-0.0247933884298,0.0165289256198,1747,14,59,12700,0.967331118494,0.99889885166,0.00110114834041,0.0326688815061,0.992049971607,0.967331118494,0.979534622932,0.97677038578,0.966229970153,0.95989010989,136,181,0,10,3,10
60,WLNM_dir_neg_kfold,0.904787704893,0.737773556161,00:00:38,10,90,20,15365,fixed,0.5,0.916666666667,0.668508287293,0.773162939297,121,11,60,351,0.668508287293,0.969613259669,0.0303867403315,0.331491712707,0.916666666667,0.668508287293,0.773162939297,0.869244935543,0.585635359116,0.684444444444,0.701276208899,0.638121546961,1841,1660,181,0,1841,0,1660,0,181,121,1806,0.124380165289,3.42170224172,29.8512396694,15.7043478261,15.4358974359,21.5018065741,0.72029861447,0.402313683498,17.1134281045,1.14658073125,0.582246506137,10.7712311965,0.721660561889,0.40886667948,1.17927586475,0.344645963161,4.31726830233,NaN,NaN,NaN,0.517601693121,0.603545816733,15149,0.0526043475241,0.132564397549,NaN,NaN,NaN,NaN,NaN,0.0495867768595,0.917355371901,0.0330578512397,121,1757,0.121005509642,3.40216521249,29.041322314,15.4122807018,15.2782608696,20.842823183,0.717695391332,0.401830693754,16.5081288933,1.13687171092,0.579330846625,10.7471695293,0.7401294895,0.419178069305,1.16561925472,0.342611008555,4.25163967882,NaN,NaN,NaN,0.504188709922,0.594286905755,14251,0.0494860754219,0.131260093569,NaN,NaN,NaN,NaN,NaN,0.0578512396694,0.892561983471,0.0495867768595,-49,-0.00337465564738,-0.0195370292267,-0.809917355372,-0.292067124333,-0.157636566332,-0.658983391131,-0.00260322313851,-0.000482989743706,-0.605299211149,-0.00970902032872,-0.00291565951126,-0.0240616671117,0.0184689276107,0.010311389825,-0.0136566100226,-0.00203495460539,-0.0656286235179,NaN,NaN,NaN,-0.0134129831993,-0.00925891097827,-898,-0.00311827210223,-0.00130430398054,0.00826446280992,-0.0247933884298,0.0165289256198,1746,11,60,12703,0.966777408638,0.999134812018,0.000865187981752,0.0332225913621,0.993739328401,0.966777408638,0.980072972214,0.977406835484,0.965912220656,0.960924600991,132,181,0,10,3,10
61,WLNM_dir_neg_kfold,0.86246604194,0.780306142098,00:00:38,10,90,1,16346,fixed,0.5,0.853333333333,0.707182320442,0.773413897281,128,22,53,340,0.707182320442,0.939226519337,0.060773480663,0.292817679558,0.853333333333,0.707182320442,0.773413897281,0.861878453039,0.574585635359,0.675324675325,0.681489164196,0.646408839779,1841,1660,181,0,1841,0,1660,0,181,121,1806,0.124380165289,3.42170224172,29.8512396694,15.7043478261,15.4358974359,21.5018065741,0.72029861447,0.402313683498,17.1134281045,1.14658073125,0.582246506137,10.7712311965,0.721660561889,0.40886667948,1.17927586475,0.344645963161,4.31726830233,NaN,NaN,NaN,0.517601693121,0.603545816733,15149,0.0526043475241,0.132564397549,NaN,NaN,NaN,NaN,NaN,0.0495867768595,0.917355371901,0.0330578512397,121,1775,0.122245179063,3.43429045988,29.3388429752,15.5701754386,15.1709401709,20.9652703771,0.71459090581,0.400125712955,16.6244741419,1.13327401193,0.579275986497,10.7404131126,0.732163372746,0.414163659644,1.19494700826,0.347945819441,4.3701458553,NaN,NaN,NaN,0.505512270734,0.587068645385,14228,0.0494062087645,0.132006256967,NaN,NaN,NaN,NaN,NaN,0.0578512396694,0.909090909091,0.0330578512397,-31,-0.0021349862259,0.0125882181678,-0.512396694215,-0.13417238749,-0.264957264957,-0.536536197044,-0.00570770866059,-0.0021879705422,-0.488953962557,-0.0133067193242,-0.00297051963907,-0.0308180838655,0.0105028108568,0.00529698016403,0.015671143518,0.00329985628049,0.0528775529683,NaN,NaN,NaN,-0.012089422387,-0.0164771713482,-921,-0.00319813875964,-0.000558140582476,0.00826446280992,-0.00826446280992,0,1753,22,53,12692,0.97065337763,0.998269624036,0.0017303759635,0.0293466223699,0.987605633803,0.97065337763,0.979056129573,0.976158058481,0.968923001667,0.958971553611,150,181,0,10,4,10
62,WLNM_dir_neg_kfold,0.847074265132,0.794582188577,00:00:36,10,90,2,16347,fixed,0.5,0.888111888112,0.701657458564,0.783950617284,127,16,54,346,0.701657458564,0.955801104972,0.0441988950276,0.298342541436,0.888111888112,0.701657458564,0.783950617284,0.871086556169,0.578882750153,0.69387755102,0.703661751227,0.657458563536,1841,1660,181,0,1841,0,1660,0,181,121,1806,0.124380165289,3.42170224172,29.8512396694,15.7043478261,15.4358974359,21.5018065741,0.72029861447,0.402313683498,17.1134281045,1.14658073125,0.582246506137,10.7712311965,0.721660561889,0.40886667948,1.17927586475,0.344645963161,4.31726830233,NaN,NaN,NaN,0.517601693121,0.603545816733,15149,0.0526043475241,0.132564397549,NaN,NaN,NaN,NaN,NaN,0.0495867768595,0.917355371901,0.0330578512397,121,1768,0.121763085399,3.41052999698,29.2231404959,15.5087719298,15.1111111111,21.0627980111,0.720757511125,0.403247821697,16.7189373171,1.14422591367,0.58315881979,10.7303090207,0.734370696555,0.415653864852,1.18953054879,0.348781728894,4.36227643409,NaN,NaN,NaN,0.507255396999,0.590911592329,14317,0.049715258004,0.132026201122,NaN,NaN,NaN,NaN,NaN,0.0578512396694,0.909090909091,0.0330578512397,-38,-0.00261707988981,-0.0111722447386,-0.628099173554,-0.195575896262,-0.324786324786,-0.43900856304,0.000458896654944,0.000934138199404,-0.394490787372,-0.00235481758167,0.000912313653266,-0.0409221757267,0.0127101346656,0.00678718537194,0.0102546840461,0.00413576573354,0.0450081317546,NaN,NaN,NaN,-0.0103462961215,-0.0126342244044,-832,-0.00288908952011,-0.000538196427096,0.00826446280992,-0.00826446280992,0,1752,16,54,12698,0.970099667774,0.998741544754,0.00125845524619,0.0299003322259,0.990950226244,0.970099667774,0.980414101847,0.977737559276,0.968841212528,0.961580680571,143,181,0,10,4,10
63,WLNM_dir_neg_kfold,0.838039131895,0.682220265239,00:00:38,10,90,3,16348,fixed,0.5,0.88275862069,0.707182320442,0.78527607362,128,17,53,345,0.707182320442,0.953038674033,0.0469613259669,0.292817679558,0.88275862069,0.707182320442,0.78527607362,0.871086556169,0.577655003069,0.69476744186,0.703489088959,0.660220994475,1841,1660,181,0,1841,0,1660,0,181,121,1806,0.124380165289,3.42170224172,29.8512396694,15.7043478261,15.4358974359,21.5018065741,0.72029861447,0.402313683498,17.1134281045,1.14658073125,0.582246506137,10.7712311965,0.721660561889,0.40886667948,1.17927586475,0.344645963161,4.31726830233,NaN,NaN,NaN,0.517601693121,0.603545816733,15149,0.0526043475241,0.132564397549,NaN,NaN,NaN,NaN,NaN,0.0495867768595,0.917355371901,0.0330578512397,121,1770,0.121900826446,3.42398704424,29.2561983471,15.5263157895,15.1282051282,20.988301871,0.717396758867,0.401354064528,16.6108058361,1.13554096393,0.579670355325,10.7363341287,0.73395278507,0.414567866648,1.19342037098,0.34854698793,4.39928710787,NaN,NaN,NaN,0.505355702825,0.589076453781,14226,0.0493992638378,0.132269845111,NaN,NaN,NaN,NaN,NaN,0.0578512396694,0.909090909091,0.0330578512397,-36,-0.00247933884298,0.002284802527,-0.595041322314,-0.178032036613,-0.307692307692,-0.513504703139,-0.00290185560392,-0.000959618969437,-0.502622268428,-0.011039767319,-0.00257615081136,-0.0348970677452,0.0122922231813,0.0057011871682,0.0141445062373,0.00390102476941,0.0820188055344,NaN,NaN,NaN,-0.0122459902962,-0.0144693629518,-923,-0.00320508368637,-0.000294552438619,0.00826446280992,-0.00826446280992,0,1753,17,53,12697,0.97065337763,0.998662891301,0.00133710869907,0.0293466223699,0.990395480226,0.97065337763,0.980425055928,0.977740833234,0.969316268931,0.961601755348,145,181,0,10,4,10
64,WLNM_dir_neg_kfold,0.891074753518,0.69103945904,00:00:38,10,90,4,16349,fixed,0.5,0.913043478261,0.696132596685,0.789968652038,126,12,55,350,0.696132596685,0.966850828729,0.0331491712707,0.303867403315,0.913043478261,0.696132596685,0.789968652038,0.876611418048,0.581952117864,0.704845814978,0.717842536078,0.662983425414,1841,1660,181,0,1841,0,1660,0,181,121,1806,0.124380165289,3.42170224172,29.8512396694,15.7043478261,15.4358974359,21.5018065741,0.72029861447,0.402313683498,17.1134281045,1.14658073125,0.582246506137,10.7712311965,0.721660561889,0.40886667948,1.17927586475,0.344645963161,4.31726830233,NaN,NaN,NaN,0.517601693121,0.603545816733,15149,0.0526043475241,0.132564397549,NaN,NaN,NaN,NaN,NaN,0.0495867768595,0.917355371901,0.0330578512397,121,1763,0.121418732782,3.40813479526,29.1404958678,15.4649122807,15.0683760684,20.9206061835,0.717922106694,0.401878841006,16.6302066765,1.14138117292,0.581521917468,10.7275552094,0.73626442447,0.416317040357,1.18943098033,0.348997634126,4.34602007832,NaN,NaN,NaN,0.505642023537,0.590084777511,14176,0.0492256406695,0.131550087963,NaN,NaN,NaN,NaN,NaN,0.0578512396694,0.909090909091,0.0330578512397,-43,-0.00296143250689,-0.0135674464597,-0.710743801653,-0.239435545385,-0.367521367521,-0.581200390602,-0.00237650777607,-0.000434842491255,-0.483221427944,-0.00519955833089,-0.000724588668692,-0.0436759870314,0.0146038625811,0.00745036087686,0.0101551155817,0.00435167096532,0.0287517759841,NaN,NaN,NaN,-0.0119596695843,-0.013461039222,-973,-0.00337870685464,-0.00101430958641,0.00826446280992,-0.00826446280992,0,1751,12,55,12702,0.969545957918,0.999056158565,0.000943841434639,0.0304540420819,0.993193420306,0.969545957918,0.981227234519,0.978689561632,0.968602116483,0.963146314631,138,181,0,10,4,10
65,WLNM_dir_neg_kfold,0.866037361497,0.714792341987,00:00:36,10,90,5,16350,fixed,0.5,0.947368421053,0.696132596685,0.802547770701,126,7,55,355,0.696132596685,0.980662983425,0.0193370165746,0.303867403315,0.947368421053,0.696132596685,0.802547770701,0.885819521179,0.585021485574,0.724852071006,0.741879443787,0.67679558011,1841,1660,181,0,1841,0,1660,0,181,121,1806,0.124380165289,3.42170224172,29.8512396694,15.7043478261,15.4358974359,21.5018065741,0.72029861447,0.402313683498,17.1134281045,1.14658073125,0.582246506137,10.7712311965,0.721660561889,0.40886667948,1.17927586475,0.344645963161,4.31726830233,NaN,NaN,NaN,0.517601693121,0.603545816733,15149,0.0526043475241,0.132564397549,NaN,NaN,NaN,NaN,NaN,0.0495867768595,0.917355371901,0.0330578512397,121,1758,0.121074380165,3.44590508922,29.0578512397,15.4210526316,15.0256410256,20.8711513501,0.718262034516,0.401545708403,16.5222447931,1.13719659839,0.579415000141,10.6505667926,0.733059489135,0.414783892289,1.20115915193,0.348575808338,4.38365742223,NaN,NaN,NaN,0.505901011911,0.587808417997,14040,0.0487533856518,0.130841985447,NaN,NaN,NaN,NaN,NaN,0.0578512396694,0.909090909091,0.0330578512397,-48,-0.00330578512397,0.0242028475054,-0.793388429752,-0.283295194508,-0.410256410256,-0.630655224036,-0.00203657995425,-0.000767975094942,-0.591183311403,-0.00938413286665,-0.00283150599554,-0.120664403902,0.0113989272461,0.00591721280953,0.0218832871874,0.00392984517768,0.0663891198943,NaN,NaN,NaN,-0.0117006812095,-0.015737398736,-1109,-0.00385096187235,-0.0017224121023,0.00826446280992,-0.00826446280992,0,1751,7,55,12707,0.969545957918,0.99944942583,0.000550574170206,0.0304540420819,0.996018202503,0.969545957918,0.982603815937,0.980286177943,0.968995383748,0.965802537231,133,181,0,10,4,10
66,WLNM_dir_neg_kfold,0.920187112725,0.693515647186,00:00:36,10,90,6,16351,fixed,0.5,0.881944444444,0.701657458564,0.781538461538,127,17,54,345,0.701657458564,0.953038674033,0.0469613259669,0.298342541436,0.881944444444,0.701657458564,0.781538461538,0.869244935543,0.578268876611,0.689956331878,0.699142421337,0.654696132597,1841,1660,181,0,1841,0,1660,0,181,121,1806,0.124380165289,3.42170224172,29.8512396694,15.7043478261,15.4358974359,21.5018065741,0.72029861447,0.402313683498,17.1134281045,1.14658073125,0.582246506137,10.7712311965,0.721660561889,0.40886667948,1.17927586475,0.344645963161,4.31726830233,NaN,NaN,NaN,0.517601693121,0.603545816733,15149,0.0526043475241,0.132564397549,NaN,NaN,NaN,NaN,NaN,0.0495867768595,0.917355371901,0.0330578512397,121,1769,0.121831955923,3.40088432703,29.2396694215,15.5175438596,15.1196581197,20.9539275528,0.716626691321,0.400945577882,16.6239065798,1.13707896899,0.580493251545,10.6632204316,0.72936668865,0.412952174502,1.1838757312,0.348108202856,4.34148832215,NaN,NaN,NaN,0.50657675245,0.588617549669,14221,0.0493819015209,0.130497713952,NaN,NaN,NaN,NaN,NaN,0.0578512396694,0.909090909091,0.0330578512397,-37,-0.00254820936639,-0.0208179146863,-0.611570247934,-0.186803966438,-0.316239316239,-0.547879021266,-0.00367192314934,-0.00136810561592,-0.489521524736,-0.00950176225927,-0.00175325459136,-0.108010764881,0.00770612676048,0.00408549502231,0.00459986645762,0.00346223969515,0.0242200198193,NaN,NaN,NaN,-0.0110249406712,-0.0149282670642,-928,-0.00322244600319,-0.0020666835976,0.00826446280992,-0.00826446280992,0,1752,17,54,12697,0.970099667774,0.998662891301,0.00133710869907,0.0299003322259,0.990390050876,0.970099667774,0.98013986014,0.977420138722,0.968762559075,0.961053208996,144,181,0,10,4,10
67,WLNM_dir_neg_kfold,0.833559720399,0.692504119147,00:00:38,10,90,7,16352,fixed,0.5,0.941176470588,0.707182320442,0.807570977918,128,8,53,354,0.707182320442,0.977900552486,0.0220994475138,0.292817679558,0.941176470588,0.707182320442,0.807570977918,0.887661141805,0.583179864948,0.730486008837,0.745366765019,0.685082872928,1841,1660,181,0,1841,0,1660,0,181,121,1806,0.124380165289,3.42170224172,29.8512396694,15.7043478261,15.4358974359,21.5018065741,0.72029861447,0.402313683498,17.1134281045,1.14658073125,0.582246506137,10.7712311965,0.721660561889,0.40886667948,1.17927586475,0.344645963161,4.31726830233,NaN,NaN,NaN,0.517601693121,0.603545816733,15149,0.0526043475241,0.132564397549,NaN,NaN,NaN,NaN,NaN,0.0495867768595,0.917355371901,0.0330578512397,121,1761,0.121280991736,3.41554581655,29.1074380165,15.4473684211,15.0512820513,20.9856306604,0.720971411104,0.403264486275,16.5886258288,1.1398204005,0.581525335436,10.7416249649,0.738067359884,0.417747241659,1.18648340196,0.347377393156,4.37278713876,NaN,NaN,NaN,0.50797986046,0.589458065232,14169,0.0492013334259,0.132467305687,NaN,NaN,NaN,NaN,NaN,0.0578512396694,0.909090909091,0.0330578512397,-45,-0.00309917355372,-0.0061564251637,-0.743801652893,-0.256979405034,-0.384615384615,-0.516175913706,0.000672796633718,0.000950802777556,-0.524802275718,-0.00676033075269,-0.000721170700749,-0.0296062315377,0.0164067979949,0.00888056217949,0.00720753721404,0.00273142999546,0.0555188364283,NaN,NaN,NaN,-0.00962183266074,-0.0140877515012,-980,-0.0034030140982,-9.70918625083e-05,0.00826446280992,-0.00826446280992,0,1753,8,53,12706,0.97065337763,0.999370772377,0.000629227623093,0.0293466223699,0.995457126633,0.97065337763,0.982898794505,0.980605955606,0.970024150007,0.966372657111,136,181,0,10,4,10
68,WLNM_dir_neg_kfold,0.778501877232,0.599977406732,00:00:37,10,90,8,16353,fixed,0.5,0.847682119205,0.707182320442,0.771084337349,128,23,53,339,0.707182320442,0.936464088398,0.0635359116022,0.292817679558,0.847682119205,0.707182320442,0.771084337349,0.860036832413,0.573971761817,0.671469740634,0.677188253192,0.64364640884,1841,1660,181,0,1841,0,1660,0,181,121,1806,0.124380165289,3.42170224172,29.8512396694,15.7043478261,15.4358974359,21.5018065741,0.72029861447,0.402313683498,17.1134281045,1.14658073125,0.582246506137,10.7712311965,0.721660561889,0.40886667948,1.17927586475,0.344645963161,4.31726830233,NaN,NaN,NaN,0.517601693121,0.603545816733,15149,0.0526043475241,0.132564397549,NaN,NaN,NaN,NaN,NaN,0.0495867768595,0.917355371901,0.0330578512397,121,1776,0.122314049587,3.48197572521,29.3553719008,15.5789473684,15.1794871795,20.941927444,0.71339336169,0.399700320155,16.6619401011,1.13518848662,0.579945648127,10.7658525564,0.733484323947,0.414907676271,1.20848661165,0.347069223631,4.4021721616,NaN,NaN,NaN,0.513631447196,0.587747708185,14276,0.049572887006,0.130918838803,NaN,NaN,NaN,NaN,NaN,0.0578512396694,0.909090909091,0.0330578512397,-30,-0.00206611570248,0.0602734834894,-0.495867768595,-0.125400457666,-0.25641025641,-0.559879130131,-0.00690525278085,-0.00261336334275,-0.451488003354,-0.011392244633,-0.0023008580091,-0.00537864001063,0.0118237620582,0.00604099679153,0.0292107469047,0.00242326047058,0.0849038592668,NaN,NaN,NaN,-0.00397024592513,-0.0157981085484,-873,-0.00303146051809,-0.00164555874603,0.00826446280992,-0.00826446280992,0,1753,23,53,12691,0.97065337763,0.998190970584,0.00180902941639,0.0293466223699,0.98704954955,0.97065337763,0.978782802903,0.975842266144,0.968844348214,0.958447238928,151,181,0,10,4,10
69,WLNM_dir_neg_kfold,0.902177894448,0.757494840918,00:00:37,10,90,9,16354,fixed,0.5,0.852348993289,0.701657458564,0.769696969697,127,22,54,340,0.701657458564,0.939226519337,0.060773480663,0.298342541436,0.852348993289,0.701657458564,0.769696969697,0.860036832413,0.575199508901,0.670520231214,0.677067148078,0.640883977901,1841,1660,181,0,1841,0,1660,0,181,121,1806,0.124380165289,3.42170224172,29.8512396694,15.7043478261,15.4358974359,21.5018065741,0.72029861447,0.402313683498,17.1134281045,1.14658073125,0.582246506137,10.7712311965,0.721660561889,0.40886667948,1.17927586475,0.344645963161,4.31726830233,NaN,NaN,NaN,0.517601693121,0.603545816733,15149,0.0526043475241,0.132564397549,NaN,NaN,NaN,NaN,NaN,0.0495867768595,0.917355371901,0.0330578512397,121,1774,0.12217630854,3.43418582094,29.3223140496,15.5614035088,15.1623931624,20.9325165218,0.713876690849,0.399559290766,16.6034904558,1.13248159253,0.578242194415,10.7428687347,0.732743583367,0.414639373131,1.19422850779,0.347747201245,4.36341808031,NaN,NaN,NaN,0.501957314326,0.585275212311,14174,0.0492186957428,0.130655236542,NaN,NaN,NaN,NaN,NaN,0.0578512396694,0.909090909091,0.0330578512397,-32,-0.00220385674931,0.0124835792218,-0.528925619835,-0.142944317315,-0.273504273504,-0.569290052346,-0.00642192362114,-0.00275439273201,-0.509937648663,-0.0140991387193,-0.00400431172137,-0.0283624618004,0.0110830214784,0.00577269365093,0.0149526430419,0.00310123808455,0.0461497779757,NaN,NaN,NaN,-0.0156443787954,-0.0182706044225,-975,-0.00338565178137,-0.00190916100722,0.00826446280992,-0.00826446280992,0,1752,22,54,12692,0.970099667774,0.998269624036,0.0017303759635,0.0299003322259,0.987598647125,0.970099667774,0.978770949721,0.975836864773,0.968369291811,0.958424507659,149,181,0,10,4,10
70,WLNM_dir_neg_kfold,0.802051219438,0.581098676891,00:00:36,10,90,10,16355,fixed,0.5,0.887323943662,0.696132596685,0.780185758514,126,16,55,346,0.696132596685,0.955801104972,0.0441988950276,0.303867403315,0.887323943662,0.696132596685,0.780185758514,0.869244935543,0.579496623696,0.689051094891,0.699327564546,0.651933701657,1841,1660,181,0,1841,0,1660,0,181,121,1806,0.124380165289,3.42170224172,29.8512396694,15.7043478261,15.4358974359,21.5018065741,0.72029861447,0.402313683498,17.1134281045,1.14658073125,0.582246506137,10.7712311965,0.721660561889,0.40886667948,1.17927586475,0.344645963161,4.31726830233,NaN,NaN,NaN,0.517601693121,0.603545816733,15149,0.0526043475241,0.132564397549,NaN,NaN,NaN,NaN,NaN,0.0495867768595,0.917355371901,0.0330578512397,121,1767,0.121694214876,3.43874253665,29.2066115702,15.5,15.1025641026,20.9781304201,0.718266491464,0.401825010407,16.6375475651,1.13930008793,0.58104739321,10.7086252921,0.73330144898,0.415253008554,1.20483470273,0.350370721243,4.37759579257,NaN,NaN,NaN,0.512341262432,0.590282763572,14251,0.0494860754219,0.131779207951,NaN,NaN,NaN,NaN,NaN,0.0578512396694,0.909090909091,0.0330578512397,-39,-0.00268595041322,0.0170402949299,-0.644628099174,-0.204347826087,-0.333333333333,-0.523676154006,-0.0020321230068,-0.000488673091034,-0.475880539399,-0.00728064332111,-0.00119911292681,-0.0626059043241,0.0116408870914,0.00638632907466,0.0255588379871,0.00572475808197,0.0603274902324,NaN,NaN,NaN,-0.00526043068915,-0.013263053161,-898,-0.00311827210223,-0.00078518959856,0.00826446280992,-0.00826446280992,0,1751,16,55,12698,0.969545957918,0.998741544754,0.00125845524619,0.0304540420819,0.990945104697,0.969545957918,0.980128743353,0.977416910435,0.968287502672,0.96103183315,142,181,0,10,4,10
71,WLNM_dir_neg_kfold,0.856048350172,0.597769503383,00:00:36,10,90,11,16356,fixed,0.5,0.894366197183,0.701657458564,0.786377708978,127,15,54,347,0.701657458564,0.958563535912,0.0414364640884,0.298342541436,0.894366197183,0.701657458564,0.786377708978,0.872928176796,0.579496623696,0.697810218978,0.708217321723,0.660220994475,1841,1660,181,0,1841,0,1660,0,181,121,1806,0.124380165289,3.42170224172,29.8512396694,15.7043478261,15.4358974359,21.5018065741,0.72029861447,0.402313683498,17.1134281045,1.14658073125,0.582246506137,10.7712311965,0.721660561889,0.40886667948,1.17927586475,0.344645963161,4.31726830233,NaN,NaN,NaN,0.517601693121,0.603545816733,15149,0.0526043475241,0.132564397549,NaN,NaN,NaN,NaN,NaN,0.0495867768595,0.917355371901,0.0330578512397,121,1767,0.121694214876,3.41305995225,29.2066115702,15.5,15.1025641026,20.9399607431,0.716959606654,0.401455518295,16.5868820351,1.13583063172,0.579747155145,10.6938294816,0.732288266706,0.414588858176,1.17482264492,0.344213890573,4.27734332049,NaN,NaN,NaN,0.518862353546,0.588271964093,14155,0.0491527189388,0.132335063768,NaN,NaN,NaN,NaN,NaN,0.0578512396694,0.909090909091,0.0330578512397,-39,-0.00268595041322,-0.00864228946559,-0.644628099174,-0.204347826087,-0.333333333333,-0.561845831002,-0.00333900781624,-0.000858165203079,-0.52654606936,-0.0107500995323,-0.00249935099198,-0.0774017148989,0.0106277048166,0.00572217869604,-0.0044532198229,-0.000432072587869,-0.0399249818402,NaN,NaN,NaN,0.00126066042499,-0.0152738526403,-994,-0.00345162858532,-0.000229333781008,0.00826446280992,-0.00826446280992,0,1752,15,54,12699,0.970099667774,0.998820198207,0.0011798017933,0.0299003322259,0.991511035654,0.970099667774,0.980688497061,0.978055235922,0.968919865981,0.962108731466,142,181,0,10,4,10
72,WLNM_dir_neg_kfold,0.850515857269,0.761830005417,00:00:38,10,90,12,16357,fixed,0.5,0.920863309353,0.707182320442,0.8,128,11,53,351,0.707182320442,0.969613259669,0.0303867403315,0.292817679558,0.920863309353,0.707182320442,0.8,0.882136279926,0.581338244322,0.718475073314,0.731059969278,0.67679558011,1841,1660,181,0,1841,0,1660,0,181,121,1806,0.124380165289,3.42170224172,29.8512396694,15.7043478261,15.4358974359,21.5018065741,0.72029861447,0.402313683498,17.1134281045,1.14658073125,0.582246506137,10.7712311965,0.721660561889,0.40886667948,1.17927586475,0.344645963161,4.31726830233,NaN,NaN,NaN,0.517601693121,0.603545816733,15149,0.0526043475241,0.132564397549,NaN,NaN,NaN,NaN,NaN,0.0495867768595,0.917355371901,0.0330578512397,121,1764,0.121487603306,3.44728697457,29.1570247934,15.4736842105,15.0769230769,20.8418682242,0.714814641476,0.399767620547,16.5155240436,1.13286757896,0.577809636251,10.6940420064,0.733548232867,0.414928505838,1.20201892187,0.348685482449,4.38611918674,NaN,NaN,NaN,0.504260621585,0.587278415016,14080,0.0488922841864,0.132016716443,NaN,NaN,NaN,NaN,NaN,0.0578512396694,0.909090909091,0.0330578512397,-42,-0.00289256198347,0.0255847328504,-0.694214876033,-0.230663615561,-0.358974358974,-0.659938349922,-0.00548397299464,-0.00254606295077,-0.597904060876,-0.0137131522978,-0.00443686988537,-0.0771891900318,0.0118876709782,0.00606182635781,0.0227430571229,0.00403951928869,0.0688508844077,NaN,NaN,NaN,-0.0133410715364,-0.0162674017174,-1069,-0.00371206333773,-0.000547681106038,0.00826446280992,-0.00826446280992,0,1753,11,53,12703,0.97065337763,0.999134812018,0.000865187981752,0.0293466223699,0.993764172336,0.97065337763,0.982072829132,0.979648598942,0.969788189648,0.964777105118,139,181,0,10,4,10
73,WLNM_dir_neg_kfold,0.869768932572,0.840777304808,00:00:39,10,90,13,16358,fixed,0.5,0.920289855072,0.701657458564,0.796238244514,127,11,54,351,0.701657458564,0.969613259669,0.0303867403315,0.298342541436,0.920289855072,0.701657458564,0.796238244514,0.8802946593,0.581952117864,0.713656387665,0.726815567779,0.671270718232,1841,1660,181,0,1841,0,1660,0,181,121,1806,0.124380165289,3.42170224172,29.8512396694,15.7043478261,15.4358974359,21.5018065741,0.72029861447,0.402313683498,17.1134281045,1.14658073125,0.582246506137,10.7712311965,0.721660561889,0.40886667948,1.17927586475,0.344645963161,4.31726830233,NaN,NaN,NaN,0.517601693121,0.603545816733,15149,0.0526043475241,0.132564397549,NaN,NaN,NaN,NaN,NaN,0.0495867768595,0.917355371901,0.0330578512397,121,1763,0.121418732782,3.40015909942,29.1404958678,15.4649122807,15.0683760684,20.9158256611,0.717758055869,0.401452257844,16.6056348098,1.1396947317,0.581953188358,10.643328463,0.730483689179,0.413991927734,1.18809523764,0.349423424876,4.34635081861,NaN,NaN,NaN,0.509874059982,0.591139363489,14197,0.0492985624002,0.128711353705,NaN,NaN,NaN,NaN,NaN,0.0578512396694,0.909090909091,0.0330578512397,-43,-0.00296143250689,-0.0215431422989,-0.710743801653,-0.239435545385,-0.367521367521,-0.585980913012,-0.00254055860183,-0.000861425653877,-0.507793294644,-0.0068859995508,-0.000293317779009,-0.127902733458,0.00882312729028,0.00512524825421,0.00881937289703,0.00477746171552,0.0290825162737,NaN,NaN,NaN,-0.0077276331389,-0.0124064532443,-952,-0.00330578512397,-0.0038530438449,0.00826446280992,-0.00826446280992,0,1752,11,54,12703,0.970099667774,0.999134812018,0.000865187981752,0.0299003322259,0.993760635281,0.970099667774,0.981787615579,0.979328510648,0.969234479792,0.964226747386,138,181,0,10,4,10
74,WLNM_dir_neg_kfold,0.847463447392,0.70862713399,00:00:41,10,90,14,16359,fixed,0.5,0.907142857143,0.701657458564,0.791277258567,127,13,54,349,0.701657458564,0.96408839779,0.0359116022099,0.298342541436,0.907142857143,0.701657458564,0.791277258567,0.876611418048,0.58072437078,0.705710102489,0.717439863307,0.665745856354,1841,1660,181,0,1841,0,1660,0,181,121,1806,0.124380165289,3.42170224172,29.8512396694,15.7043478261,15.4358974359,21.5018065741,0.72029861447,0.402313683498,17.1134281045,1.14658073125,0.582246506137,10.7712311965,0.721660561889,0.40886667948,1.17927586475,0.344645963161,4.31726830233,NaN,NaN,NaN,0.517601693121,0.603545816733,15149,0.0526043475241,0.132564397549,NaN,NaN,NaN,NaN,NaN,0.0495867768595,0.917355371901,0.0330578512397,121,1765,0.121556473829,3.4992405577,29.173553719,15.4824561404,15.0854700855,20.9386714343,0.717727831033,0.4014796432,16.5688811841,1.13588363925,0.58014187718,10.7196621693,0.734889021241,0.415957670967,1.19677093345,0.342008762678,4.42659911681,NaN,NaN,NaN,0.510904520387,0.590503752527,14215,0.0493610667407,0.131809296086,NaN,NaN,NaN,NaN,NaN,0.0578512396694,0.909090909091,0.0330578512397,-41,-0.00282369146006,0.0775383159847,-0.677685950413,-0.221891685736,-0.350427350427,-0.563135139835,-0.00257078343723,-0.000834040297653,-0.544546920433,-0.0106970920062,-0.00210462895632,-0.0515690271198,0.0132284593518,0.0070909914869,0.0174950687066,-0.00263720048269,0.109330814472,NaN,NaN,NaN,-0.0066971727344,-0.013042064206,-934,-0.00324328078339,-0.000755101463525,0.00826446280992,-0.00826446280992,0,1752,13,54,12701,0.970099667774,0.998977505112,0.00102249488753,0.0299003322259,0.992634560907,0.970099667774,0.98123774853,0.978691358934,0.969077172887,0.963166575041,140,181,0,10,4,10
75,WLNM_dir_neg_kfold,0.870387045572,0.733845369655,00:00:36,10,90,15,16360,fixed,0.5,0.895104895105,0.707182320442,0.79012345679,128,15,53,347,0.707182320442,0.958563535912,0.0414364640884,0.292817679558,0.895104895105,0.707182320442,0.79012345679,0.874769797422,0.578882750153,0.702623906706,0.712531437167,0.665745856354,1841,1660,181,0,1841,0,1660,0,181,121,1806,0.124380165289,3.42170224172,29.8512396694,15.7043478261,15.4358974359,21.5018065741,0.72029861447,0.402313683498,17.1134281045,1.14658073125,0.582246506137,10.7712311965,0.721660561889,0.40886667948,1.17927586475,0.344645963161,4.31726830233,NaN,NaN,NaN,0.517601693121,0.603545816733,15149,0.0526043475241,0.132564397549,NaN,NaN,NaN,NaN,NaN,0.0495867768595,0.917355371901,0.0330578512397,121,1768,0.121763085399,3.41526331825,29.2231404959,15.5087719298,15.1111111111,21.0105083245,0.718968186445,0.402163344677,16.6915007817,1.14234818699,0.582541789761,10.682830384,0.731121310219,0.414242174937,1.18507750231,0.34699447506,4.35593001145,NaN,NaN,NaN,0.509177672804,0.589623096534,14262,0.0495242725189,0.131743098761,NaN,NaN,NaN,NaN,NaN,0.0578512396694,0.909090909091,0.0330578512397,-38,-0.00261707988981,-0.0064389234688,-0.628099173554,-0.195575896262,-0.324786324786,-0.491298249581,-0.00133042802587,-0.000150338820902,-0.421927322743,-0.00423254426714,0.000295283624472,-0.0884008124389,0.00946074832957,0.00537549545757,0.00580163756179,0.00234851189938,0.0386617091191,NaN,NaN,NaN,-0.00842402031692,-0.0139227201989,-887,-0.00308007500521,-0.000821298788008,0.00826446280992,-0.00826446280992,0,1753,15,53,12699,0.97065337763,0.998820198207,0.0011798017933,0.0293466223699,0.991515837104,0.97065337763,0.980973698937,0.978375729237,0.969473575837,0.962657880286,143,181,0,10,4,10
76,WLNM_dir_neg_kfold,0.888815970208,0.671977392988,00:00:38,10,90,16,16361,fixed,0.5,0.914285714286,0.707182320442,0.797507788162,128,12,53,350,0.707182320442,0.966850828729,0.0331491712707,0.292817679558,0.914285714286,0.707182320442,0.797507788162,0.8802946593,0.58072437078,0.714494875549,0.726370649987,0.674033149171,1841,1660,181,0,1841,0,1660,0,181,121,1806,0.124380165289,3.42170224172,29.8512396694,15.7043478261,15.4358974359,21.5018065741,0.72029861447,0.402313683498,17.1134281045,1.14658073125,0.582246506137,10.7712311965,0.721660561889,0.40886667948,1.17927586475,0.344645963161,4.31726830233,NaN,NaN,NaN,0.517601693121,0.603545816733,15149,0.0526043475241,0.132564397549,NaN,NaN,NaN,NaN,NaN,0.0495867768595,0.917355371901,0.0330578512397,121,1765,0.121556473829,3.41100742307,29.173553719,15.4824561404,15.0854700855,20.9696914959,0.71879112493,0.402139863742,16.6155897786,1.13908575819,0.581218832674,10.7196621693,0.734889021241,0.415611172243,1.18790615301,0.348256689498,4.37723095871,NaN,NaN,NaN,0.505643984316,0.588652580533,14162,0.0491770261824,0.133221970636,NaN,NaN,NaN,NaN,NaN,0.0578512396694,0.909090909091,0.0330578512397,-41,-0.00282369146006,-0.0106948186498,-0.677685950413,-0.221891685736,-0.350427350427,-0.532115078226,-0.00150748954074,-0.000173819755898,-0.497838325869,-0.00749497305881,-0.00102767346268,-0.0515690271198,0.0132284593518,0.00674449276286,0.00863028826593,0.00361072633763,0.0599626563723,NaN,NaN,NaN,-0.011957708805,-0.0148932361996,-987,-0.00342732134176,0.000657573086241,0.00826446280992,-0.00826446280992,0,1753,12,53,12702,0.97065337763,0.999056158565,0.000943841434639,0.0293466223699,0.993201133144,0.97065337763,0.981797815738,0.979329995901,0.969709536195,0.964246424642,140,181,0,10,4,10
77,WLNM_dir_neg_kfold,0.78852904368,0.654699083828,00:00:37,10,90,17,16362,fixed,0.5,0.926470588235,0.696132596685,0.794952681388,126,10,55,352,0.696132596685,0.972375690608,0.0276243093923,0.303867403315,0.926470588235,0.696132596685,0.794952681388,0.8802946593,0.583179864948,0.712812960236,0.727333698124,0.668508287293,1841,1660,181,0,1841,0,1660,0,181,121,1806,0.124380165289,3.42170224172,29.8512396694,15.7043478261,15.4358974359,21.5018065741,0.72029861447,0.402313683498,17.1134281045,1.14658073125,0.582246506137,10.7712311965,0.721660561889,0.40886667948,1.17927586475,0.344645963161,4.31726830233,NaN,NaN,NaN,0.517601693121,0.603545816733,15149,0.0526043475241,0.132564397549,NaN,NaN,NaN,NaN,NaN,0.0495867768595,0.917355371901,0.0330578512397,121,1761,0.121280991736,3.41401389254,29.1074380165,15.4473684211,15.0512820513,21.0157883716,0.722007493745,0.403846424599,16.6743067888,1.14570762149,0.584322393831,10.6348095213,0.730727968242,0.41446210596,1.18979914204,0.348504481672,4.35014657209,NaN,NaN,NaN,0.509101822089,0.591785158854,14206,0.0493298145705,0.127551193841,NaN,NaN,NaN,NaN,NaN,0.0578512396694,0.909090909091,0.0330578512397,-45,-0.00309917355372,-0.00768834917704,-0.743801652893,-0.256979405034,-0.384615384615,-0.48601820247,0.00170887927413,0.00153274110148,-0.439121315691,-0.000873109762734,0.00207588769488,-0.136421675189,0.0090674063527,0.00559542647992,0.0105232772966,0.00385851851179,0.0328782697549,NaN,NaN,NaN,-0.00849987103219,-0.0117606578795,-943,-0.00327453295368,-0.00501320370849,0.00826446280992,-0.00826446280992,0,1751,10,55,12704,0.969545957918,0.999213465471,0.000786534528866,0.0304540420819,0.994321408291,0.969545957918,0.981777403981,0.979327432331,0.968759423389,0.964207048458,136,181,0,10,4,10
78,WLNM_dir_neg_kfold,0.788307743964,0.536463455369,00:00:39,10,90,18,16363,fixed,0.5,0.868055555556,0.690607734807,0.769230769231,125,19,56,343,0.690607734807,0.947513812155,0.0524861878453,0.309392265193,0.868055555556,0.690607734807,0.769230769231,0.861878453039,0.578268876611,0.672489082969,0.681442613202,0.638121546961,1841,1660,181,0,1841,0,1660,0,181,121,1806,0.124380165289,3.42170224172,29.8512396694,15.7043478261,15.4358974359,21.5018065741,0.72029861447,0.402313683498,17.1134281045,1.14658073125,0.582246506137,10.7712311965,0.721660561889,0.40886667948,1.17927586475,0.344645963161,4.31726830233,NaN,NaN,NaN,0.517601693121,0.603545816733,15149,0.0526043475241,0.132564397549,NaN,NaN,NaN,NaN,NaN,0.0495867768595,0.917355371901,0.0330578512397,121,1769,0.121831955923,3.48561332788,29.2396694215,15.5175438596,15.1196581197,21.0075481646,0.718460522307,0.402062144649,16.677457939,1.14074189407,0.582483450051,10.7286658058,0.733843167044,0.415484304996,1.21457276352,0.348453098284,4.4180570344,NaN,NaN,NaN,0.513351664657,0.590117121218,14259,0.0495138551288,0.130205036838,NaN,NaN,NaN,NaN,NaN,0.0578512396694,0.909090909091,0.0330578512397,-37,-0.00254820936639,0.0639110861651,-0.611570247934,-0.186803966438,-0.316239316239,-0.494258409466,-0.00183809216353,-0.000251538848494,-0.435970165531,-0.00583883718086,0.000236943914587,-0.0425653906647,0.0121826051552,0.0066176255158,0.0352968987744,0.00380713512317,0.100788732069,NaN,NaN,NaN,-0.00425002846447,-0.0134286955147,-890,-0.00309049239531,-0.00235936071181,0.00826446280992,-0.00826446280992,0,1750,19,56,12695,0.968992248062,0.998505584395,0.00149441560485,0.031007751938,0.989259468626,0.968992248062,0.979020979021,0.976144109571,0.967497832457,0.958904109589,144,181,0,10,4,10
79,WLNM_dir_neg_kfold,0.873561551845,0.590324331065,00:00:36,10,90,19,16364,fixed,0.5,0.853333333333,0.707182320442,0.773413897281,128,22,53,340,0.707182320442,0.939226519337,0.060773480663,0.292817679558,0.853333333333,0.707182320442,0.773413897281,0.861878453039,0.574585635359,0.675324675325,0.681489164196,0.646408839779,1841,1660,181,0,1841,0,1660,0,181,121,1806,0.124380165289,3.42170224172,29.8512396694,15.7043478261,15.4358974359,21.5018065741,0.72029861447,0.402313683498,17.1134281045,1.14658073125,0.582246506137,10.7712311965,0.721660561889,0.40886667948,1.17927586475,0.344645963161,4.31726830233,NaN,NaN,NaN,0.517601693121,0.603545816733,15149,0.0526043475241,0.132564397549,NaN,NaN,NaN,NaN,NaN,0.0495867768595,0.917355371901,0.0330578512397,121,1775,0.122245179063,3.51577244677,29.3388429752,15.5701754386,15.1709401709,21.042636764,0.717227900972,0.401522523571,16.6334945365,1.13388892333,0.579564660691,10.7566943728,0.7332732502,0.415094866721,1.20214615743,0.341929455227,4.44169673584,NaN,NaN,NaN,0.5132314591,0.587179381613,14262,0.0495242725189,0.131961767098,NaN,NaN,NaN,NaN,NaN,0.0578512396694,0.909090909091,0.0330578512397,-31,-0.0021349862259,0.0940702050507,-0.512396694215,-0.13417238749,-0.264957264957,-0.459169810066,-0.00307071349882,-0.000791159926437,-0.479933567989,-0.0126918079199,-0.00268184544515,-0.0145368236896,0.0116126883111,0.0062281872412,0.0228702926807,-0.00271650793342,0.124428433505,NaN,NaN,NaN,-0.00437023402091,-0.01636643512,-887,-0.00308007500521,-0.000602630451543,0.00826446280992,-0.00826446280992,0,1753,22,53,12692,0.97065337763,0.998269624036,0.0017303759635,0.0293466223699,0.987605633803,0.97065337763,0.979056129573,0.976158058481,0.968923001667,0.958971553611,150,181,0,10,4,10
80,WLNM_dir_neg_kfold,0.888007081591,0.771059267174,00:00:38,10,90,20,16365,fixed,0.5,0.919117647059,0.690607734807,0.788643533123,125,11,56,351,0.690607734807,0.969613259669,0.0303867403315,0.309392265193,0.919117647059,0.690607734807,0.788643533123,0.876611418048,0.583179864948,0.703976435935,0.718317164676,0.660220994475,1841,1660,181,0,1841,0,1660,0,181,121,1806,0.124380165289,3.42170224172,29.8512396694,15.7043478261,15.4358974359,21.5018065741,0.72029861447,0.402313683498,17.1134281045,1.14658073125,0.582246506137,10.7712311965,0.721660561889,0.40886667948,1.17927586475,0.344645963161,4.31726830233,NaN,NaN,NaN,0.517601693121,0.603545816733,15149,0.0526043475241,0.132564397549,NaN,NaN,NaN,NaN,NaN,0.0495867768595,0.917355371901,0.0330578512397,121,1761,0.121280991736,3.40873983522,29.1074380165,15.4473684211,15.0512820513,20.9415064934,0.719455504176,0.402316489973,16.5886258288,1.1398204005,0.5813563856,10.6676695465,0.732985812112,0.41474368902,1.1898996343,0.349073174198,4.36769548265,NaN,NaN,NaN,0.508289467351,0.590215851321,14164,0.0491839711091,0.130188592748,NaN,NaN,NaN,NaN,NaN,0.0578512396694,0.909090909091,0.0330578512397,-45,-0.00309917355372,-0.0129624064963,-0.743801652893,-0.256979405034,-0.384615384615,-0.560300080667,-0.000843110294834,2.80647568052e-06,-0.524802275718,-0.00676033075269,-0.000890120536727,-0.103561649942,0.0113252502226,0.00587700953988,0.0106237695512,0.00442721103765,0.0504271803118,NaN,NaN,NaN,-0.00931222576952,-0.0133299654121,-985,-0.00342037641503,-0.00237580480197,0.00826446280992,-0.00826446280992,0,1750,11,56,12703,0.968992248062,0.999134812018,0.000865187981752,0.031007751938,0.99375354912,0.968992248062,0.981216708719,0.978688170693,0.96812706008,0.963126031921,136,181,0,10,4,10
81,WLNM_dir_neg_kfold,0.841160220994,0.742063906192,00:00:38,10,90,1,17346,fixed,0.5,0.880597014925,0.651933701657,0.749206349206,118,16,63,346,0.651933701657,0.955801104972,0.0441988950276,0.348066298343,0.880597014925,0.651933701657,0.749206349206,0.854511970534,0.584407612032,0.649926144756,0.664497926035,0.60773480663,1841,1660,181,0,1841,0,1660,0,181,121,1806,0.124380165289,3.42170224172,29.8512396694,15.7043478261,15.4358974359,21.5018065741,0.72029861447,0.402313683498,17.1134281045,1.14658073125,0.582246506137,10.7712311965,0.721660561889,0.40886667948,1.17927586475,0.344645963161,4.31726830233,NaN,NaN,NaN,0.517601693121,0.603545816733,15149,0.0526043475241,0.132564397549,NaN,NaN,NaN,NaN,NaN,0.0495867768595,0.917355371901,0.0330578512397,121,1759,0.121143250689,3.39128984911,29.0743801653,15.4298245614,15.4298245614,20.7882840759,0.715003517108,0.400791208378,16.5166791064,1.13616723814,0.579931309581,10.5995607789,0.729134084278,0.413636598556,1.17438869808,0.346295583786,4.27553315827,NaN,NaN,NaN,0.500009098223,0.581058487995,13786,0.0478713799569,0.130777782522,NaN,NaN,NaN,NaN,NaN,0.0578512396694,0.884297520661,0.0578512396694,-47,-0.00323691460055,-0.0304123926115,-0.776859504132,-0.274523264683,-0.00607287449393,-0.713522498194,-0.00529509736251,-0.00152247511945,-0.596748998048,-0.0104134931182,-0.00231519655515,-0.171670417578,0.00747352238881,0.00476991907593,-0.00488716666091,0.00164962062566,-0.0417351440639,NaN,NaN,NaN,-0.0175925948977,-0.0224873287384,-1363,-0.00473296756719,-0.00178661502789,0.00826446280992,-0.0330578512397,0.0247933884298,1743,16,63,12698,0.96511627907,0.998741544754,0.00125845524619,0.0348837209302,0.990903922683,0.96511627907,0.977840112202,0.974849738317,0.963857823824,0.956641053787,134,181,0,10,5,10
82,WLNM_dir_neg_kfold,0.87256188761,0.807983877115,00:00:36,10,90,2,17347,fixed,0.5,0.854166666667,0.67955801105,0.756923076923,123,21,58,341,0.67955801105,0.941988950276,0.0580110497238,0.32044198895,0.854166666667,0.67955801105,0.756923076923,0.854511970534,0.578268876611,0.655021834061,0.663742805067,0.621546961326,1841,1660,181,0,1841,0,1660,0,181,121,1806,0.124380165289,3.42170224172,29.8512396694,15.7043478261,15.4358974359,21.5018065741,0.72029861447,0.402313683498,17.1134281045,1.14658073125,0.582246506137,10.7712311965,0.721660561889,0.40886667948,1.17927586475,0.344645963161,4.31726830233,NaN,NaN,NaN,0.517601693121,0.603545816733,15149,0.0526043475241,0.132564397549,NaN,NaN,NaN,NaN,NaN,0.0495867768595,0.917355371901,0.0330578512397,121,1769,0.121831955923,3.38629828341,29.2396694215,15.5175438596,15.5175438596,20.9944535506,0.718012685027,0.401552915454,16.678956901,1.14084442342,0.580240972861,10.6624389004,0.729313231743,0.412886768917,1.17198246052,0.346095459536,4.27751780372,NaN,NaN,NaN,0.504396977008,0.583016985785,14027,0.048708243628,0.130596604194,NaN,NaN,NaN,NaN,NaN,0.0578512396694,0.884297520661,0.0578512396694,-37,-0.00254820936639,-0.035403958305,-0.611570247934,-0.186803966438,0.0816464237517,-0.507353023474,-0.00228592944304,-0.000760768043678,-0.434471203481,-0.00573630783763,-0.00200553327522,-0.108792296013,0.00765266985437,0.00402008943761,-0.00729340422355,0.00144949637491,-0.0397504986102,NaN,NaN,NaN,-0.0132047161129,-0.0205288309479,-1122,-0.0038961038961,-0.00196779335585,0.00826446280992,-0.0330578512397,0.0247933884298,1748,21,58,12693,0.96788482835,0.998348277489,0.00165172251062,0.0321151716501,0.988128886376,0.96788482835,0.977902097902,0.974868080419,0.966233105839,0.95675971538,144,181,0,10,5,10
83,WLNM_dir_neg_kfold,0.819106559629,0.732766744291,00:00:38,10,90,3,17348,fixed,0.5,0.908396946565,0.657458563536,0.762820512821,119,12,62,350,0.657458563536,0.966850828729,0.0331491712707,0.342541436464,0.908396946565,0.657458563536,0.762820512821,0.863720073665,0.586249232658,0.670623145401,0.687874460926,0.624309392265,1841,1660,181,0,1841,0,1660,0,181,121,1806,0.124380165289,3.42170224172,29.8512396694,15.7043478261,15.4358974359,21.5018065741,0.72029861447,0.402313683498,17.1134281045,1.14658073125,0.582246506137,10.7712311965,0.721660561889,0.40886667948,1.17927586475,0.344645963161,4.31726830233,NaN,NaN,NaN,0.517601693121,0.603545816733,15149,0.0526043475241,0.132564397549,NaN,NaN,NaN,NaN,NaN,0.0495867768595,0.917355371901,0.0330578512397,121,1756,0.120936639118,3.41476884395,29.0247933884,15.4035087719,15.4035087719,20.8504447634,0.718366690311,0.402468984732,16.5499827303,1.14040313802,0.580752649711,10.5586581396,0.727561295493,0.412677196483,1.18153645941,0.346007742663,4.30981645007,NaN,NaN,NaN,0.498607389736,0.581079181194,13777,0.0478401277867,0.12993753395,NaN,NaN,NaN,NaN,NaN,0.0578512396694,0.884297520661,0.0578512396694,-50,-0.0034435261708,-0.00693339776691,-0.826446280992,-0.300839054157,-0.0323886639676,-0.651361810701,-0.00193192415938,0.000155301234777,-0.563445374148,-0.00617759322853,-0.00149385642554,-0.212573056906,0.00590073360415,0.00381051700358,0.00226059466715,0.0013617795028,-0.00745185226318,NaN,NaN,NaN,-0.0189943033846,-0.0224666355386,-1372,-0.00476421973748,-0.00262686359933,0.00826446280992,-0.0330578512397,0.0247933884298,1744,12,62,12702,0.965669988926,0.999056158565,0.000943841434639,0.0343300110742,0.993166287016,0.965669988926,0.979225154408,0.976446319076,0.964726147491,0.959295929593,131,181,0,10,5,10
84,WLNM_dir_neg_kfold,0.851729190196,0.83324991527,00:00:37,10,90,4,17349,fixed,0.5,0.952380952381,0.662983425414,0.781758957655,120,6,61,356,0.662983425414,0.983425414365,0.0165745856354,0.337016574586,0.952380952381,0.662983425414,0.781758957655,0.876611418048,0.589318600368,0.699551569507,0.72185099515,0.646408839779,1841,1660,181,0,1841,0,1660,0,181,121,1806,0.124380165289,3.42170224172,29.8512396694,15.7043478261,15.4358974359,21.5018065741,0.72029861447,0.402313683498,17.1134281045,1.14658073125,0.582246506137,10.7712311965,0.721660561889,0.40886667948,1.17927586475,0.344645963161,4.31726830233,NaN,NaN,NaN,0.517601693121,0.603545816733,15149,0.0526043475241,0.132564397549,NaN,NaN,NaN,NaN,NaN,0.0495867768595,0.917355371901,0.0330578512397,121,1751,0.120592286501,3.39816630578,28.9421487603,15.3596491228,15.3596491228,20.7763076286,0.717856431485,0.402230602584,16.4631276798,1.13765759524,0.580202104111,10.5751866651,0.730781031687,0.414063274351,1.17696091205,0.346351769201,4.28678934431,NaN,NaN,NaN,0.499329361742,0.58079139129,13709,0.0476040002778,0.130801714164,NaN,NaN,NaN,NaN,NaN,0.0578512396694,0.884297520661,0.0578512396694,-55,-0.00378787878788,-0.0235359359393,-0.909090909091,-0.34469870328,-0.0762483130904,-0.725498945522,-0.00244218298585,-8.30809139682e-05,-0.65030042465,-0.00892313601586,-0.00204440202605,-0.196044531311,0.00912046979741,0.00519659487112,-0.0023149526987,0.00170580604079,-0.0304789580268,NaN,NaN,NaN,-0.018272331379,-0.0227544254435,-1440,-0.00500034724634,-0.00176268338564,0.00826446280992,-0.0330578512397,0.0247933884298,1745,6,61,12708,0.966223698782,0.999528079283,0.000471920717319,0.0337763012182,0.996573386636,0.966223698782,0.981163902165,0.978687353435,0.965751778065,0.963024282561,126,181,0,10,5,10
85,WLNM_dir_neg_kfold,0.886061170294,0.854738742377,00:00:36,10,90,5,17350,fixed,0.5,0.973913043478,0.618784530387,0.756756756757,112,3,69,359,0.618784530387,0.991712707182,0.00828729281768,0.381215469613,0.973913043478,0.618784530387,0.756756756757,0.867403314917,0.596071209331,0.671732522796,0.704379115994,0.610497237569,1841,1660,181,0,1841,0,1660,0,181,121,1806,0.124380165289,3.42170224172,29.8512396694,15.7043478261,15.4358974359,21.5018065741,0.72029861447,0.402313683498,17.1134281045,1.14658073125,0.582246506137,10.7712311965,0.721660561889,0.40886667948,1.17927586475,0.344645963161,4.31726830233,NaN,NaN,NaN,0.517601693121,0.603545816733,15149,0.0526043475241,0.132564397549,NaN,NaN,NaN,NaN,NaN,0.0495867768595,0.917355371901,0.0330578512397,121,1740,0.119834710744,3.39722220574,28.7603305785,15.2631578947,15.2631578947,20.7320302887,0.720855076129,0.403733257338,16.4221680452,1.14200134108,0.581770684905,10.5469238788,0.733435511114,0.415673981191,1.17521238625,0.345933328785,4.28456505912,NaN,NaN,NaN,0.498771429222,0.580335868278,13558,0.0470796583096,0.130348773299,NaN,NaN,NaN,NaN,NaN,0.0578512396694,0.884297520661,0.0578512396694,-66,-0.00454545454545,-0.024480035981,-1.09090909091,-0.44118993135,-0.172739541161,-0.769776285452,0.000556461658163,0.00141957384066,-0.691260059261,-0.00457939017695,-0.000475821231088,-0.224307317633,0.0117749492248,0.00680730171144,-0.00406347849316,0.00128736562429,-0.0327032432129,NaN,NaN,NaN,-0.018830263899,-0.0232099484551,-1591,-0.00552468921453,-0.00221562425067,0.00826446280992,-0.0330578512397,0.0247933884298,1737,3,69,12711,0.961794019934,0.999764039641,0.00023596035866,0.0382059800664,0.998275862069,0.961794019934,0.979695431472,0.977091955857,0.961558059575,0.960199004975,115,181,0,10,5,10
86,WLNM_dir_neg_kfold,0.89662250847,0.780028955012,00:00:41,10,90,6,17351,fixed,0.5,0.851063829787,0.662983425414,0.745341614907,120,21,61,341,0.662983425414,0.941988950276,0.0580110497238,0.337016574586,0.851063829787,0.662983425414,0.745341614907,0.848987108656,0.580110497238,0.640350877193,0.650438941125,0.604972375691,1841,1660,181,0,1841,0,1660,0,181,121,1806,0.124380165289,3.42170224172,29.8512396694,15.7043478261,15.4358974359,21.5018065741,0.72029861447,0.402313683498,17.1134281045,1.14658073125,0.582246506137,10.7712311965,0.721660561889,0.40886667948,1.17927586475,0.344645963161,4.31726830233,NaN,NaN,NaN,0.517601693121,0.603545816733,15149,0.0526043475241,0.132564397549,NaN,NaN,NaN,NaN,NaN,0.0495867768595,0.917355371901,0.0330578512397,121,1766,0.121625344353,3.34368160906,29.1900826446,15.4912280702,15.4912280702,20.6987576316,0.709102399045,0.39764420692,16.4289269848,1.12565128265,0.574637552296,10.584248133,0.725194804127,0.411557144595,1.14514316835,0.342479728108,4.23108036838,NaN,NaN,NaN,0.50090363416,0.580747041732,13791,0.0478887422738,0.129838497371,NaN,NaN,NaN,NaN,NaN,0.0578512396694,0.884297520661,0.0578512396694,-40,-0.00275482093664,-0.0780206326606,-0.661157024793,-0.213119755912,0.055330634278,-0.803048942476,-0.0111962154252,-0.00466947657718,-0.684501119649,-0.0209294485999,-0.00760895384021,-0.186983063506,0.00353424223743,0.00269046511555,-0.0341326963974,-0.00216623505302,-0.0861879339577,NaN,NaN,NaN,-0.016698058961,-0.0227987750015,-1358,-0.00471560525036,-0.00272590017895,0.00826446280992,-0.0330578512397,0.0247933884298,1745,21,61,12693,0.966223698782,0.998348277489,0.00165172251062,0.0337763012182,0.988108720272,0.966223698782,0.977043673012,0.973903800932,0.964571976271,0.955117679256,141,181,0,10,5,10
87,WLNM_dir_neg_kfold,0.786506822136,0.669981077979,00:00:38,10,90,7,17352,fixed,0.5,0.880597014925,0.651933701657,0.749206349206,118,16,63,346,0.651933701657,0.955801104972,0.0441988950276,0.348066298343,0.880597014925,0.651933701657,0.749206349206,0.854511970534,0.584407612032,0.649926144756,0.664497926035,0.60773480663,1841,1660,181,0,1841,0,1660,0,181,121,1806,0.124380165289,3.42170224172,29.8512396694,15.7043478261,15.4358974359,21.5018065741,0.72029861447,0.402313683498,17.1134281045,1.14658073125,0.582246506137,10.7712311965,0.721660561889,0.40886667948,1.17927586475,0.344645963161,4.31726830233,NaN,NaN,NaN,0.517601693121,0.603545816733,15149,0.0526043475241,0.132564397549,NaN,NaN,NaN,NaN,NaN,0.0495867768595,0.917355371901,0.0330578512397,121,1759,0.121143250689,3.39644016759,29.0743801653,15.4298245614,15.4298245614,20.8631115006,0.717577172136,0.402275898684,16.5610191526,1.13921734932,0.580936764409,10.6019191048,0.729296311361,0.413786946941,1.17879773031,0.347068598929,4.28937318591,NaN,NaN,NaN,0.501340888268,0.582146715113,13832,0.0480311132718,0.13085447278,NaN,NaN,NaN,NaN,NaN,0.0578512396694,0.884297520661,0.0578512396694,-47,-0.00323691460055,-0.025262074132,-0.776859504132,-0.274523264683,-0.00607287449393,-0.638695073482,-0.00272144233403,-3.77848136341e-05,-0.552408951918,-0.00736338192905,-0.00130974172779,-0.169312091636,0.00763574947174,0.00492026746133,-0.000478134435188,0.00242263576847,-0.0278951164252,NaN,NaN,NaN,-0.0162608048528,-0.0213991016196,-1317,-0.00457323425238,-0.00170992476979,0.00826446280992,-0.0330578512397,0.0247933884298,1743,16,63,12698,0.96511627907,0.998741544754,0.00125845524619,0.0348837209302,0.990903922683,0.96511627907,0.977840112202,0.974849738317,0.963857823824,0.956641053787,134,181,0,10,5,10
88,WLNM_dir_neg_kfold,0.844708647477,0.704448884477,00:00:36,10,90,8,17353,fixed,0.5,0.891472868217,0.635359116022,0.741935483871,115,14,66,348,0.635359116022,0.961325966851,0.0386740331492,0.364640883978,0.891472868217,0.635359116022,0.741935483871,0.852670349908,0.587476979742,0.642857142857,0.660912137419,0.596685082873,1841,1660,181,0,1841,0,1660,0,181,121,1806,0.124380165289,3.42170224172,29.8512396694,15.7043478261,15.4358974359,21.5018065741,0.72029861447,0.402313683498,17.1134281045,1.14658073125,0.582246506137,10.7712311965,0.721660561889,0.40886667948,1.17927586475,0.344645963161,4.31726830233,NaN,NaN,NaN,0.517601693121,0.603545816733,15149,0.0526043475241,0.132564397549,NaN,NaN,NaN,NaN,NaN,0.0495867768595,0.917355371901,0.0330578512397,121,1754,0.120798898072,3.40295555102,28.9917355372,15.3859649123,15.3859649123,20.8496586174,0.719158692334,0.402979729921,16.5046074208,1.13857325993,0.580104978467,10.5783772912,0.729751227046,0.413703742096,1.17743027972,0.346002250711,4.28275906627,NaN,NaN,NaN,0.503728728878,0.584360169551,13832,0.0480311132718,0.130656350332,NaN,NaN,NaN,NaN,NaN,0.0578512396694,0.884297520661,0.0578512396694,-52,-0.00358126721763,-0.0187466907,-0.859504132231,-0.318382913806,-0.0499325236167,-0.652147956693,-0.00113992213652,0.000666046423132,-0.608820683662,-0.00800747132151,-0.00214152766941,-0.192853905226,0.00809066515728,0.0048370626162,-0.00184558502264,0.00135628755079,-0.0345092360622,NaN,NaN,NaN,-0.0138729642428,-0.0191856471819,-1317,-0.00457323425238,-0.00190804721702,0.00826446280992,-0.0330578512397,0.0247933884298,1740,14,66,12700,0.963455149502,0.99889885166,0.00110114834041,0.0365448504983,0.992018244014,0.963455149502,0.977528089888,0.974524177612,0.962354001161,0.956043956044,129,181,0,10,5,10
89,WLNM_dir_neg_kfold,0.829309239645,0.698520852127,00:00:37,10,90,9,17354,fixed,0.5,0.875912408759,0.662983425414,0.754716981132,120,17,61,345,0.662983425414,0.953038674033,0.0469613259669,0.337016574586,0.875912408759,0.662983425414,0.754716981132,0.85635359116,0.582565991406,0.655882352941,0.668600296498,0.616022099448,1841,1660,181,0,1841,0,1660,0,181,121,1806,0.124380165289,3.42170224172,29.8512396694,15.7043478261,15.4358974359,21.5018065741,0.72029861447,0.402313683498,17.1134281045,1.14658073125,0.582246506137,10.7712311965,0.721660561889,0.40886667948,1.17927586475,0.344645963161,4.31726830233,NaN,NaN,NaN,0.517601693121,0.603545816733,15149,0.0526043475241,0.132564397549,NaN,NaN,NaN,NaN,NaN,0.0495867768595,0.917355371901,0.0330578512397,121,1762,0.121349862259,3.4111447667,29.1239669421,15.4561403509,15.4561403509,20.8200905569,0.714878251245,0.400765471243,16.5297169576,1.13512812252,0.578897008471,10.6112303418,0.728694024606,0.41293233647,1.17698683323,0.345041595631,4.31141861033,NaN,NaN,NaN,0.499492978418,0.581192512845,13838,0.0480519480519,0.13100519706,NaN,NaN,NaN,NaN,NaN,0.0578512396694,0.884297520661,0.0578512396694,-44,-0.0030303030303,-0.0105574750179,-0.727272727273,-0.24820747521,0.0202429149798,-0.681716017176,-0.00542036322501,-0.00154821225438,-0.583711146851,-0.0114526087365,-0.00334949766573,-0.160000854677,0.00703346271693,0.00406565698985,-0.00228903151501,0.000395632470437,-0.00584969200891,NaN,NaN,NaN,-0.0181087147025,-0.0223533038881,-1311,-0.00455239947219,-0.00155920048901,0.00826446280992,-0.0330578512397,0.0247933884298,1745,17,61,12697,0.966223698782,0.998662891301,0.00133710869907,0.0337763012182,0.990351872872,0.966223698782,0.978139013453,0.975173736387,0.964886590083,0.957213384531,137,181,0,10,5,10
90,WLNM_dir_neg_kfold,0.87355392082,0.700490302873,00:00:36,10,90,10,17355,fixed,0.5,0.928571428571,0.646408839779,0.762214983713,117,9,64,353,0.646408839779,0.975138121547,0.024861878453,0.353591160221,0.928571428571,0.646408839779,0.762214983713,0.865561694291,0.589318600368,0.67264573991,0.694087495336,0.621546961326,1841,1660,181,0,1841,0,1660,0,181,121,1806,0.124380165289,3.42170224172,29.8512396694,15.7043478261,15.4358974359,21.5018065741,0.72029861447,0.402313683498,17.1134281045,1.14658073125,0.582246506137,10.7712311965,0.721660561889,0.40886667948,1.17927586475,0.344645963161,4.31726830233,NaN,NaN,NaN,0.517601693121,0.603545816733,15149,0.0526043475241,0.132564397549,NaN,NaN,NaN,NaN,NaN,0.0495867768595,0.917355371901,0.0330578512397,121,1751,0.120592286501,3.38732635782,28.9421487603,15.3596491228,15.3596491228,20.6814318978,0.714578315145,0.40040873928,16.4301929286,1.13538169295,0.578616233463,10.5135423622,0.726521202645,0.411911021329,1.17725515157,0.347547011184,4.28193457514,NaN,NaN,NaN,0.497901432732,0.579257580051,13628,0.0473227307452,0.129171976477,NaN,NaN,NaN,NaN,NaN,0.0578512396694,0.884297520661,0.0578512396694,-55,-0.00378787878788,-0.0343758838981,-0.909090909091,-0.34469870328,-0.0762483130904,-0.820374676285,-0.00572029932573,-0.00190494421758,-0.68323517594,-0.0111990383037,-0.00363027267375,-0.257688834214,0.00486064075616,0.00304434184923,-0.00202071317987,0.00290104802361,-0.0353337271922,NaN,NaN,NaN,-0.0197002603893,-0.0242882366821,-1521,-0.00528161677894,-0.0033924210721,0.00826446280992,-0.0330578512397,0.0247933884298,1742,9,64,12705,0.964562569214,0.999292118924,0.000707881075979,0.0354374307863,0.994860079954,0.964562569214,0.979477087433,0.976764853304,0.963854688138,0.959779614325,126,181,0,10,5,10
91,WLNM_dir_neg_kfold,0.808751259119,0.638921924874,00:00:36,10,90,11,17356,fixed,0.5,0.937007874016,0.657458563536,0.772727272727,119,8,62,354,0.657458563536,0.977900552486,0.0220994475138,0.342541436464,0.937007874016,0.657458563536,0.772727272727,0.871086556169,0.588704726826,0.686567164179,0.707561692974,0.635359116022,1841,1660,181,0,1841,0,1660,0,181,121,1806,0.124380165289,3.42170224172,29.8512396694,15.7043478261,15.4358974359,21.5018065741,0.72029861447,0.402313683498,17.1134281045,1.14658073125,0.582246506137,10.7712311965,0.721660561889,0.40886667948,1.17927586475,0.344645963161,4.31726830233,NaN,NaN,NaN,0.517601693121,0.603545816733,15149,0.0526043475241,0.132564397549,NaN,NaN,NaN,NaN,NaN,0.0495867768595,0.917355371901,0.0330578512397,121,1752,0.120661157025,3.42033534156,28.958677686,15.2347826087,15.3684210526,20.8476204454,0.719909267665,0.403472772557,16.5015651649,1.13966289096,0.58077663308,10.6003924248,0.732104727967,0.414798671648,1.17343186199,0.343075092003,4.30382783725,NaN,NaN,NaN,0.499845006108,0.582963432678,13790,0.0478852698104,0.13003870538,NaN,NaN,NaN,NaN,NaN,0.0495867768595,0.892561983471,0.0578512396694,-54,-0.00371900826446,-0.0013669001566,-0.892561983471,-0.469565217391,-0.0674763832659,-0.654186128674,-0.000389346805595,0.00115908905984,-0.611862939558,-0.00691784029612,-0.00146987305608,-0.170838771685,0.0104441660777,0.0059319921682,-0.00584400275745,-0.00157087115732,-0.0134404650893,NaN,NaN,NaN,-0.0177566870126,-0.020582384055,-1359,-0.00471907771373,-0.00252569216986,0,-0.0247933884298,0.0247933884298,1744,8,62,12706,0.965669988926,0.999370772377,0.000629227623093,0.0343300110742,0.995433789954,0.965669988926,0.980326025857,0.977725959033,0.965040761303,0.961411245865,127,181,0,10,5,10
92,WLNM_dir_neg_kfold,0.848837031837,0.679399340512,00:00:38,10,90,12,17357,fixed,0.5,0.914728682171,0.651933701657,0.761290322581,118,11,63,351,0.651933701657,0.969613259669,0.0303867403315,0.348066298343,0.914728682171,0.651933701657,0.761290322581,0.863720073665,0.587476979742,0.669642857143,0.688450143144,0.621546961326,1841,1660,181,0,1841,0,1660,0,181,121,1806,0.124380165289,3.42170224172,29.8512396694,15.7043478261,15.4358974359,21.5018065741,0.72029861447,0.402313683498,17.1134281045,1.14658073125,0.582246506137,10.7712311965,0.721660561889,0.40886667948,1.17927586475,0.344645963161,4.31726830233,NaN,NaN,NaN,0.517601693121,0.603545816733,15149,0.0526043475241,0.132564397549,NaN,NaN,NaN,NaN,NaN,0.0495867768595,0.917355371901,0.0330578512397,121,1754,0.120798898072,3.39613083325,28.9917355372,15.3859649123,15.3859649123,20.8492589268,0.71914490597,0.403130506893,16.5131886518,1.13916523767,0.581066181667,10.6176927554,0.732463411294,0.414994769924,1.17163466265,0.344991026607,4.27503722032,NaN,NaN,NaN,0.499628442688,0.582140595313,13788,0.0478783248837,0.130795067715,NaN,NaN,NaN,NaN,NaN,0.0578512396694,0.884297520661,0.0578512396694,-52,-0.00358126721763,-0.0255714084707,-0.859504132231,-0.318382913806,-0.0499325236167,-0.652547647324,-0.00115370850093,0.000816823395719,-0.600239452719,-0.00741549358826,-0.00118032446916,-0.153538441015,0.0108028494044,0.00612809044398,-0.0076412020933,0.000345063446018,-0.0422310820108,NaN,NaN,NaN,-0.0179732504333,-0.0214052214196,-1361,-0.00472602264046,-0.00176932983413,0.00826446280992,-0.0330578512397,0.0247933884298,1743,11,63,12703,0.96511627907,0.999134812018,0.000865187981752,0.0348837209302,0.993728620296,0.96511627907,0.979213483146,0.976445258626,0.964251091088,0.959273527793,129,181,0,10,5,10
93,WLNM_dir_neg_kfold,0.880681297885,0.82699073064,00:00:39,10,90,13,17358,fixed,0.5,0.934959349593,0.635359116022,0.756578947368,115,8,66,354,0.635359116022,0.977900552486,0.0220994475138,0.364640883978,0.934959349593,0.635359116022,0.756578947368,0.863720073665,0.591160220994,0.666666666667,0.690654388476,0.613259668508,1841,1660,181,0,1841,0,1660,0,181,121,1806,0.124380165289,3.42170224172,29.8512396694,15.7043478261,15.4358974359,21.5018065741,0.72029861447,0.402313683498,17.1134281045,1.14658073125,0.582246506137,10.7712311965,0.721660561889,0.40886667948,1.17927586475,0.344645963161,4.31726830233,NaN,NaN,NaN,0.517601693121,0.603545816733,15149,0.0526043475241,0.132564397549,NaN,NaN,NaN,NaN,NaN,0.0495867768595,0.917355371901,0.0330578512397,121,1748,0.120385674931,3.3960436673,28.8925619835,15.3333333333,15.3333333333,20.7190740032,0.717107538439,0.401814588573,16.4428051202,1.13820332926,0.580242827694,10.4959916263,0.726553196103,0.411927681222,1.17927006676,0.347248204763,4.28299938171,NaN,NaN,NaN,0.501153965729,0.581557969987,13667,0.0474581568164,0.128525324064,NaN,NaN,NaN,NaN,NaN,0.0578512396694,0.884297520661,0.0578512396694,-58,-0.00399449035813,-0.0256585744186,-0.95867768595,-0.371014492754,-0.102564102564,-0.782732570954,-0.00319107603173,-0.000499094924134,-0.670622984307,-0.00837740199565,-0.00200367844211,-0.275239570112,0.004892634214,0.00306100174267,-5.7979808703e-06,0.00260224160192,-0.0342689206249,NaN,NaN,NaN,-0.0164477273919,-0.0219878467464,-1482,-0.00514619070769,-0.0040390734851,0.00826446280992,-0.0330578512397,0.0247933884298,1740,8,66,12706,0.963455149502,0.999370772377,0.000629227623093,0.0365448504983,0.995423340961,0.963455149502,0.979178390546,0.976444540644,0.962825921879,0.959206174201,123,181,0,10,5,10
94,WLNM_dir_neg_kfold,0.798029669424,0.520748424559,00:00:37,10,90,14,17359,fixed,0.5,0.886363636364,0.646408839779,0.747603833866,117,15,64,347,0.646408839779,0.958563535912,0.0414364640884,0.353591160221,0.886363636364,0.646408839779,0.747603833866,0.854511970534,0.585635359116,0.648888888889,0.664846275969,0.604972375691,1841,1660,181,0,1841,0,1660,0,181,121,1806,0.124380165289,3.42170224172,29.8512396694,15.7043478261,15.4358974359,21.5018065741,0.72029861447,0.402313683498,17.1134281045,1.14658073125,0.582246506137,10.7712311965,0.721660561889,0.40886667948,1.17927586475,0.344645963161,4.31726830233,NaN,NaN,NaN,0.517601693121,0.603545816733,15149,0.0526043475241,0.132564397549,NaN,NaN,NaN,NaN,NaN,0.0495867768595,0.917355371901,0.0330578512397,121,1757,0.121005509642,3.40180730808,29.041322314,15.4122807018,15.4122807018,20.8883526932,0.719263140547,0.403232406854,16.6087824025,1.14380345515,0.581635676891,10.5404768816,0.725895106818,0.411774390043,1.17724330838,0.346064077641,4.28658232134,NaN,NaN,NaN,0.500258641136,0.582808167381,13872,0.0481700118064,0.130103092277,NaN,NaN,NaN,NaN,NaN,0.0578512396694,0.884297520661,0.0578512396694,-49,-0.00337465564738,-0.0198949336404,-0.809917355372,-0.292067124333,-0.0236167341431,-0.613453880876,-0.0010354739237,0.000918723356667,-0.504645702023,-0.0027772761032,-0.00061082924555,-0.230754314812,0.00423454492902,0.00290771056335,-0.00203255636428,0.00141811448014,-0.0306859809931,NaN,NaN,NaN,-0.0173430519848,-0.0207376493522,-1277,-0.00443433571776,-0.00246130527253,0.00826446280992,-0.0330578512397,0.0247933884298,1742,15,64,12699,0.964562569214,0.998820198207,0.0011798017933,0.0354374307863,0.991462720546,0.964562569214,0.977827673309,0.974847281075,0.96338276742,0.956617243273,132,181,0,10,5,10
95,WLNM_dir_neg_kfold,0.829927352645,0.651162286908,00:00:36,10,90,15,17360,fixed,0.5,0.936,0.646408839779,0.764705882353,117,8,64,354,0.646408839779,0.977900552486,0.0220994475138,0.353591160221,0.936,0.646408839779,0.764705882353,0.867403314917,0.58993247391,0.676646706587,0.699117694125,0.624309392265,1841,1660,181,0,1841,0,1660,0,181,121,1806,0.124380165289,3.42170224172,29.8512396694,15.7043478261,15.4358974359,21.5018065741,0.72029861447,0.402313683498,17.1134281045,1.14658073125,0.582246506137,10.7712311965,0.721660561889,0.40886667948,1.17927586475,0.344645963161,4.31726830233,NaN,NaN,NaN,0.517601693121,0.603545816733,15149,0.0526043475241,0.132564397549,NaN,NaN,NaN,NaN,NaN,0.0495867768595,0.917355371901,0.0330578512397,121,1750,0.120523415978,3.39485748279,28.9256198347,15.350877193,15.350877193,20.7934946916,0.718860816479,0.402857142857,16.5080996899,1.14141717856,0.581978748524,10.5712198305,0.730924342568,0.41439433294,1.1722756414,0.345309235318,4.27973480452,NaN,NaN,NaN,0.499033870871,0.580887130951,13707,0.0475970553511,0.130641352203,NaN,NaN,NaN,NaN,NaN,0.0578512396694,0.884297520661,0.0578512396694,-56,-0.00385674931129,-0.0268447589316,-0.925619834711,-0.353470633105,-0.085020242915,-0.708311882557,-0.00143779799107,0.000543459359527,-0.605328414585,-0.00516355269404,-0.000267757612366,-0.200011365938,0.00926378067846,0.00552765346,-0.00700022335053,0.000663272157576,-0.037533497813,NaN,NaN,NaN,-0.0185678222503,-0.0226586857824,-1442,-0.00500729217307,-0.00192304534683,0.00826446280992,-0.0330578512397,0.0247933884298,1742,8,64,12706,0.964562569214,0.999370772377,0.000629227623093,0.0354374307863,0.995428571429,0.964562569214,0.979752530934,0.977085359543,0.963933341591,0.960308710033,125,181,0,10,5,10
96,WLNM_dir_neg_kfold,0.893699826013,0.806798248892,00:00:38,10,90,16,17361,fixed,0.5,0.922480620155,0.657458563536,0.767741935484,119,10,62,352,0.657458563536,0.972375690608,0.0276243093923,0.342541436464,0.922480620155,0.657458563536,0.767741935484,0.867403314917,0.587476979742,0.678571428571,0.697629478386,0.629834254144,1841,1660,181,0,1841,0,1660,0,181,121,1806,0.124380165289,3.42170224172,29.8512396694,15.7043478261,15.4358974359,21.5018065741,0.72029861447,0.402313683498,17.1134281045,1.14658073125,0.582246506137,10.7712311965,0.721660561889,0.40886667948,1.17927586475,0.344645963161,4.31726830233,NaN,NaN,NaN,0.517601693121,0.603545816733,15149,0.0526043475241,0.132564397549,NaN,NaN,NaN,NaN,NaN,0.0495867768595,0.917355371901,0.0330578512397,121,1754,0.120798898072,3.39369967891,28.9917355372,15.3859649123,15.3859649123,20.8240629512,0.718275831556,0.40225411574,16.5136932912,1.1392000503,0.580010742859,10.5712849794,0.729261962661,0.413289105421,1.1759243128,0.346502172867,4.27665871318,NaN,NaN,NaN,0.500345072403,0.582468135393,13801,0.0479234669074,0.130549274048,NaN,NaN,NaN,NaN,NaN,0.0578512396694,0.884297520661,0.0578512396694,-52,-0.00358126721763,-0.0280025628079,-0.859504132231,-0.318382913806,-0.0499325236167,-0.677743622895,-0.00202278291487,-5.95677574424e-05,-0.599734813295,-0.00738068094844,-0.00223576327727,-0.19994621706,0.00760140077195,0.00442242594159,-0.00335155194671,0.00185620970598,-0.0406095891584,NaN,NaN,NaN,-0.0172566207179,-0.0210776813401,-1348,-0.00468088061671,-0.00201512350124,0.00826446280992,-0.0330578512397,0.0247933884298,1744,10,62,12704,0.965669988926,0.999213465471,0.000786534528866,0.0343300110742,0.994298745724,0.965669988926,0.979775280899,0.977085618964,0.964883454397,0.960352422907,129,181,0,10,5,10
97,WLNM_dir_neg_kfold,0.897461921187,0.7121833126,00:00:36,10,90,17,17362,fixed,0.5,0.90977443609,0.668508287293,0.770700636943,121,12,60,350,0.668508287293,0.966850828729,0.0331491712707,0.331491712707,0.90977443609,0.668508287293,0.770700636943,0.867403314917,0.585021485574,0.680473372781,0.696458253351,0.635359116022,1841,1660,181,0,1841,0,1660,0,181,121,1806,0.124380165289,3.42170224172,29.8512396694,15.7043478261,15.4358974359,21.5018065741,0.72029861447,0.402313683498,17.1134281045,1.14658073125,0.582246506137,10.7712311965,0.721660561889,0.40886667948,1.17927586475,0.344645963161,4.31726830233,NaN,NaN,NaN,0.517601693121,0.603545816733,15149,0.0526043475241,0.132564397549,NaN,NaN,NaN,NaN,NaN,0.0495867768595,0.917355371901,0.0330578512397,121,1758,0.121074380165,3.40688908483,29.0578512397,15.4210526316,15.4210526316,20.8159784463,0.716363308306,0.40132945966,16.5444222122,1.13872303053,0.580712492596,10.5751866651,0.727871209604,0.412894066323,1.18043065753,0.346483442265,4.29820348052,NaN,NaN,NaN,0.500238235846,0.583555867885,13840,0.0480588929787,0.130413390321,NaN,NaN,NaN,NaN,NaN,0.0578512396694,0.884297520661,0.0578512396694,-48,-0.00330578512397,-0.0148131568885,-0.793388429752,-0.283295194508,-0.0148448043185,-0.685828127789,-0.00393530616418,-0.000984223837408,-0.569005892275,-0.00785770071963,-0.00153401354074,-0.196044531311,0.00621064771447,0.00402738684276,0.00115479278167,0.00183747910456,-0.019064821812,NaN,NaN,NaN,-0.0173634572747,-0.0199899488483,-1309,-0.00454545454545,-0.00215100722857,0.00826446280992,-0.0330578512397,0.0247933884298,1746,12,60,12702,0.966777408638,0.999056158565,0.000943841434639,0.0332225913621,0.993174061433,0.966777408638,0.979797979798,0.977087519717,0.965833567203,0.960396039604,133,181,0,10,5,10
98,WLNM_dir_neg_kfold,0.835246176857,0.542038141997,00:00:39,10,90,18,17363,fixed,0.5,0.876811594203,0.668508287293,0.758620689655,121,17,60,345,0.668508287293,0.953038674033,0.0469613259669,0.331491712707,0.876811594203,0.668508287293,0.758620689655,0.858195211786,0.581952117864,0.660792951542,0.672977377573,0.621546961326,1841,1660,181,0,1841,0,1660,0,181,121,1806,0.124380165289,3.42170224172,29.8512396694,15.7043478261,15.4358974359,21.5018065741,0.72029861447,0.402313683498,17.1134281045,1.14658073125,0.582246506137,10.7712311965,0.721660561889,0.40886667948,1.17927586475,0.344645963161,4.31726830233,NaN,NaN,NaN,0.517601693121,0.603545816733,15149,0.0526043475241,0.132564397549,NaN,NaN,NaN,NaN,NaN,0.0495867768595,0.917355371901,0.0330578512397,121,1763,0.121418732782,3.4085439103,29.1404958678,15.4649122807,15.4649122807,20.8331889802,0.714922253717,0.40066003197,16.5296836259,1.13448197319,0.579056173033,10.6597580072,0.73161129828,0.414395072261,1.18240699172,0.346895044583,4.31103203967,NaN,NaN,NaN,0.496519573998,0.581218487395,13833,0.0480345857351,0.131210941095,NaN,NaN,NaN,NaN,NaN,0.0578512396694,0.884297520661,0.0578512396694,-43,-0.00296143250689,-0.0131583314218,-0.710743801653,-0.239435545385,0.0290148448043,-0.668617593893,-0.00537636075344,-0.00165365152732,-0.583744478622,-0.0120987580654,-0.00319033310319,-0.111473189294,0.00995073639062,0.00552839278153,0.00313112697917,0.00224908142226,-0.00623626266008,NaN,NaN,NaN,-0.021082119123,-0.0223273293381,-1316,-0.00456976178901,-0.0013534564546,0.00826446280992,-0.0330578512397,0.0247933884298,1746,17,60,12697,0.966777408638,0.998662891301,0.00133710869907,0.0332225913621,0.990357345434,0.966777408638,0.978425329224,0.97549481655,0.965440299939,0.957761930883,138,181,0,10,5,10
99,WLNM_dir_neg_kfold,0.880108971033,0.709263488258,00:00:36,10,90,19,17364,fixed,0.5,0.893939393939,0.651933701657,0.753993610224,118,14,63,348,0.651933701657,0.961325966851,0.0386740331492,0.348066298343,0.893939393939,0.651933701657,0.753993610224,0.858195211786,0.585635359116,0.657777777778,0.673953759202,0.613259668508,1841,1660,181,0,1841,0,1660,0,181,121,1806,0.124380165289,3.42170224172,29.8512396694,15.7043478261,15.4358974359,21.5018065741,0.72029861447,0.402313683498,17.1134281045,1.14658073125,0.582246506137,10.7712311965,0.721660561889,0.40886667948,1.17927586475,0.344645963161,4.31726830233,NaN,NaN,NaN,0.517601693121,0.603545816733,15149,0.0526043475241,0.132564397549,NaN,NaN,NaN,NaN,NaN,0.0495867768595,0.917355371901,0.0330578512397,121,1757,0.121005509642,3.40211321107,29.041322314,15.4122807018,15.4122807018,20.8947348608,0.719482902151,0.402983108887,16.5912121184,1.14259343559,0.581861456182,10.6113925991,0.730778887019,0.414436704187,1.17481056043,0.345317891424,4.27505827983,NaN,NaN,NaN,0.500901863198,0.582078863113,13817,0.0479790263213,0.130515561269,NaN,NaN,NaN,NaN,NaN,0.0578512396694,0.884297520661,0.0578512396694,-49,-0.00337465564738,-0.0195890306494,-0.809917355372,-0.292067124333,-0.0236167341431,-0.607071713299,-0.000815712319586,0.000669425389151,-0.522215986047,-0.00398729566321,-0.000385049954215,-0.159838597345,0.00911832513023,0.00557002470701,-0.00446530431296,0.000671928263633,-0.0422100225044,NaN,NaN,NaN,-0.0166998299227,-0.0214669536201,-1332,-0.00462532120286,-0.00204883628056,0.00826446280992,-0.0330578512397,0.0247933884298,1743,14,63,12700,0.96511627907,0.99889885166,0.00110114834041,0.0348837209302,0.99203187251,0.96511627907,0.978388998035,0.975487169678,0.964015130729,0.957692307692,132,181,0,10,5,10
100,WLNM_dir_neg_kfold,0.847295564848,0.685750572364,00:00:37,10,90,20,17365,fixed,0.5,0.896296296296,0.668508287293,0.76582278481,121,14,60,348,0.668508287293,0.961325966851,0.0386740331492,0.331491712707,0.896296296296,0.668508287293,0.76582278481,0.863720073665,0.58379373849,0.672566371681,0.686946449759,0.629834254144,1841,1660,181,0,1841,0,1660,0,181,121,1806,0.124380165289,3.42170224172,29.8512396694,15.7043478261,15.4358974359,21.5018065741,0.72029861447,0.402313683498,17.1134281045,1.14658073125,0.582246506137,10.7712311965,0.721660561889,0.40886667948,1.17927586475,0.344645963161,4.31726830233,NaN,NaN,NaN,0.517601693121,0.603545816733,15149,0.0526043475241,0.132564397549,NaN,NaN,NaN,NaN,NaN,0.0495867768595,0.917355371901,0.0330578512397,121,1760,0.121212121212,3.3948306193,29.0909090909,15.4385964912,15.4385964912,20.7090962301,0.711875182909,0.399267468069,16.4585337541,1.13152419559,0.578493613824,10.5924501415,0.728230947228,0.413025920361,1.16936679124,0.344455120852,4.27631871701,NaN,NaN,NaN,0.50194544763,0.579955588037,13755,0.0477637335926,0.130285133844,NaN,NaN,NaN,NaN,NaN,0.0578512396694,0.884297520661,0.0578512396694,-46,-0.00316804407713,-0.0268716224204,-0.760330578512,-0.265751334859,0.00269905533063,-0.792710344031,-0.00842343156148,-0.00304621542849,-0.654894350438,-0.0150565356621,-0.00375289231238,-0.178781054968,0.00657038533849,0.00415924088084,-0.00990907350271,-0.000190842308377,-0.0409495853263,NaN,NaN,NaN,-0.0156562454911,-0.0235902286962,-1394,-0.00484061393152,-0.00227926370515,0.00826446280992,-0.0330578512397,0.0247933884298,1746,14,60,12700,0.966777408638,0.99889885166,0.00110114834041,0.0332225913621,0.992045454545,0.966777408638,0.979248457656,0.976449664411,0.965676260297,0.959340659341,135,181,0,10,5,10
101,WLNM_dir_neg_kfold,0.861420591557,0.747029419451,00:00:40,10,90,1,18346,fixed,0.5,0.881944444444,0.701657458564,0.781538461538,127,17,54,345,0.701657458564,0.953038674033,0.0469613259669,0.298342541436,0.881944444444,0.701657458564,0.781538461538,0.869244935543,0.578268876611,0.689956331878,0.699142421337,0.654696132597,1841,1660,181,0,1841,0,1660,0,181,121,1806,0.124380165289,3.42170224172,29.8512396694,15.7043478261,15.4358974359,21.5018065741,0.72029861447,0.402313683498,17.1134281045,1.14658073125,0.582246506137,10.7712311965,0.721660561889,0.40886667948,1.17927586475,0.344645963161,4.31726830233,NaN,NaN,NaN,0.517601693121,0.603545816733,15149,0.0526043475241,0.132564397549,NaN,NaN,NaN,NaN,NaN,0.0495867768595,0.917355371901,0.0330578512397,121,1769,0.121831955923,3.37609659216,29.2396694215,15.5175438596,15.1196581197,20.8218734321,0.712110425462,0.399824339287,16.4834544308,1.12747201025,0.578035870291,10.7612392396,0.736071197284,0.41660554359,1.15554137714,0.342271420735,4.26561475027,NaN,NaN,NaN,0.494753686623,0.590140124217,14221,0.0493819015209,0.131855466026,NaN,NaN,NaN,NaN,NaN,0.0578512396694,0.909090909091,0.0330578512397,-37,-0.00254820936639,-0.0456056495528,-0.611570247934,-0.186803966438,-0.316239316239,-0.679933141991,-0.00818818900796,-0.00248934421082,-0.629973673686,-0.019108721006,-0.00421063584519,-0.00999195683515,0.0144106353945,0.0077388641107,-0.0237344876083,-0.00237454242606,-0.0516535520609,NaN,NaN,NaN,-0.0228480064976,-0.0134056925163,-928,-0.00322244600319,-0.000708931523126,0.00826446280992,-0.00826446280992,0,1752,17,54,12697,0.970099667774,0.998662891301,0.00133710869907,0.0299003322259,0.990390050876,0.970099667774,0.98013986014,0.977420138722,0.968762559075,0.961053208996,144,181,0,10,6,10
102,WLNM_dir_neg_kfold,0.900819572052,0.764029339968,00:00:39,10,90,2,18347,fixed,0.5,0.935251798561,0.718232044199,0.8125,130,9,51,353,0.718232044199,0.975138121547,0.024861878453,0.281767955801,0.935251798561,0.718232044199,0.8125,0.889502762431,0.581338244322,0.736070381232,0.74896347873,0.693370165746,1841,1660,181,0,1841,0,1660,0,181,121,1806,0.124380165289,3.42170224172,29.8512396694,15.7043478261,15.4358974359,21.5018065741,0.72029861447,0.402313683498,17.1134281045,1.14658073125,0.582246506137,10.7712311965,0.721660561889,0.40886667948,1.17927586475,0.344645963161,4.31726830233,NaN,NaN,NaN,0.517601693121,0.603545816733,15149,0.0526043475241,0.132564397549,NaN,NaN,NaN,NaN,NaN,0.0495867768595,0.917355371901,0.0330578512397,121,1764,0.121487603306,3.40416568596,29.1570247934,15.4736842105,15.0769230769,20.8486643315,0.715047727923,0.401412079984,16.4751085308,1.13009531305,0.578887202264,10.7592999045,0.738024539935,0.417833249002,1.17849457993,0.346191898002,4.28892592405,NaN,NaN,NaN,0.497786023178,0.592649119643,14238,0.0494409333982,0.132388819952,NaN,NaN,NaN,NaN,NaN,0.0578512396694,0.909090909091,0.0330578512397,-42,-0.00289256198347,-0.0175365557607,-0.694214876033,-0.230663615561,-0.358974358974,-0.653142242606,-0.00525088654755,-0.000901603514107,-0.638319573683,-0.016485418199,-0.00335930387274,-0.0119312919471,0.0163639780463,0.00896656952229,-0.000781284812702,0.00154593484086,-0.028342378288,NaN,NaN,NaN,-0.019815669943,-0.0108966970905,-911,-0.00316341412598,-0.000175577597286,0.00826446280992,-0.00826446280992,0,1755,9,51,12705,0.971760797342,0.999292118924,0.000707881075979,0.0282392026578,0.994897959184,0.971760797342,0.983193277311,0.980926184783,0.971052916266,0.96694214876,139,181,0,10,6,10
103,WLNM_dir_neg_kfold,0.890830560728,0.757532426735,00:00:40,10,90,3,18348,fixed,0.5,0.881944444444,0.701657458564,0.781538461538,127,17,54,345,0.701657458564,0.953038674033,0.0469613259669,0.298342541436,0.881944444444,0.701657458564,0.781538461538,0.869244935543,0.578268876611,0.689956331878,0.699142421337,0.654696132597,1841,1660,181,0,1841,0,1660,0,181,121,1806,0.124380165289,3.42170224172,29.8512396694,15.7043478261,15.4358974359,21.5018065741,0.72029861447,0.402313683498,17.1134281045,1.14658073125,0.582246506137,10.7712311965,0.721660561889,0.40886667948,1.17927586475,0.344645963161,4.31726830233,NaN,NaN,NaN,0.517601693121,0.603545816733,15149,0.0526043475241,0.132564397549,NaN,NaN,NaN,NaN,NaN,0.0495867768595,0.917355371901,0.0330578512397,121,1769,0.121831955923,3.41474690351,29.2396694215,15.5175438596,15.1196581197,20.9507457279,0.716517872549,0.402342454298,16.5953086736,1.13512286575,0.579904601283,10.8022036319,0.73887317098,0.418175277623,1.1820624629,0.346164004625,4.30241107904,NaN,NaN,NaN,0.499785887819,0.592586981075,14341,0.0497985971248,0.132347189482,NaN,NaN,NaN,NaN,NaN,0.0578512396694,0.909090909091,0.0330578512397,-37,-0.00254820936639,-0.00695533820374,-0.611570247934,-0.186803966438,-0.316239316239,-0.551060846177,-0.00378074192103,2.87708002318e-05,-0.51811943088,-0.011457865506,-0.00234190485369,0.0309724354743,0.0172126090912,0.00930859814356,0.00278659815426,0.001518041464,-0.0148572232977,NaN,NaN,NaN,-0.017815805302,-0.0109588356582,-808,-0.00280575039933,-0.000217208067034,0.00826446280992,-0.00826446280992,0,1752,17,54,12697,0.970099667774,0.998662891301,0.00133710869907,0.0299003322259,0.990390050876,0.970099667774,0.98013986014,0.977420138722,0.968762559075,0.961053208996,144,181,0,10,6,10
104,WLNM_dir_neg_kfold,0.921896462257,0.766288163708,00:00:39,10,90,4,18349,fixed,0.5,0.902097902098,0.71270718232,0.796296296296,129,14,52,348,0.71270718232,0.961325966851,0.0386740331492,0.28729281768,0.902097902098,0.71270718232,0.796296296296,0.878453038674,0.578882750153,0.711370262391,0.721401123107,0.674033149171,1841,1660,181,0,1841,0,1660,0,181,121,1806,0.124380165289,3.42170224172,29.8512396694,15.7043478261,15.4358974359,21.5018065741,0.72029861447,0.402313683498,17.1134281045,1.14658073125,0.582246506137,10.7712311965,0.721660561889,0.40886667948,1.17927586475,0.344645963161,4.31726830233,NaN,NaN,NaN,0.517601693121,0.603545816733,15149,0.0526043475241,0.132564397549,NaN,NaN,NaN,NaN,NaN,0.0495867768595,0.917355371901,0.0330578512397,121,1768,0.121763085399,3.49334097109,29.2231404959,15.5087719298,15.1111111111,20.843659149,0.713258698257,0.400251486481,16.4663150608,1.12693672079,0.57764294529,10.7752586209,0.737446998376,0.416785086571,1.18226099552,0.33843275114,4.36158523016,NaN,NaN,NaN,0.502671427465,0.591676118288,14259,0.0495138551288,0.133371187172,NaN,NaN,NaN,NaN,NaN,0.0578512396694,0.909090909091,0.0330578512397,-38,-0.00261707988981,0.0716387293707,-0.628099173554,-0.195575896262,-0.324786324786,-0.65814742506,-0.00703991621393,-0.00206219701618,-0.647113043725,-0.0196440104655,-0.00460356084657,0.00402742443153,0.0157864364864,0.0079184070914,0.00298513077051,-0.00621321202045,0.0443169278273,NaN,NaN,NaN,-0.014930265656,-0.0118696984449,-890,-0.00309049239531,0.000806789622763,0.00826446280992,-0.00826446280992,0,1754,14,52,12700,0.971207087486,0.99889885166,0.00110114834041,0.0287929125138,0.992081447964,0.971207087486,0.981533296027,0.979013899197,0.970105939146,0.963736263736,143,181,0,10,6,10
105,WLNM_dir_neg_kfold,0.863755685113,0.680637808178,00:00:38,10,90,5,18350,fixed,0.5,0.908450704225,0.71270718232,0.798761609907,129,13,52,349,0.71270718232,0.96408839779,0.0359116022099,0.28729281768,0.908450704225,0.71270718232,0.798761609907,0.8802946593,0.579496623696,0.715328467153,0.725996836076,0.67679558011,1841,1660,181,0,1841,0,1660,0,181,121,1806,0.124380165289,3.42170224172,29.8512396694,15.7043478261,15.4358974359,21.5018065741,0.72029861447,0.402313683498,17.1134281045,1.14658073125,0.582246506137,10.7712311965,0.721660561889,0.40886667948,1.17927586475,0.344645963161,4.31726830233,NaN,NaN,NaN,0.517601693121,0.603545816733,15149,0.0526043475241,0.132564397549,NaN,NaN,NaN,NaN,NaN,0.0495867768595,0.917355371901,0.0330578512397,121,1767,0.121694214876,3.44944847316,29.2066115702,15.5,15.1025641026,20.9168661433,0.716168874742,0.402152408481,16.522449041,1.13141841198,0.579560070531,10.8116290315,0.740354902551,0.418714073908,1.20226785538,0.348539154805,4.42580453264,NaN,NaN,NaN,0.496671768729,0.592594128379,14291,0.0496249739565,0.133332038269,NaN,NaN,NaN,NaN,NaN,0.0578512396694,0.909090909091,0.0330578512397,-39,-0.00268595041322,0.0277462314384,-0.644628099174,-0.204347826087,-0.333333333333,-0.584940430822,-0.00412973972857,-0.00016127501707,-0.590979063443,-0.0151623192743,-0.00268643560567,0.040397835006,0.0186943406618,0.00984739442799,0.0229919906313,0.00389319164428,0.10853623031,NaN,NaN,NaN,-0.0209299243921,-0.0109516883536,-858,-0.00297937356761,0.000767640719466,0.00826446280992,-0.00826446280992,0,1754,13,52,12701,0.971207087486,0.998977505112,0.00102249488753,0.0287929125138,0.992642897566,0.971207087486,0.981808004478,0.979331886896,0.970184592599,0.964266080264,142,181,0,10,6,10
106,WLNM_dir_neg_kfold,0.882146454626,0.770322783434,00:00:37,10,90,6,18351,fixed,0.5,0.909090909091,0.718232044199,0.802469135802,130,13,51,349,0.718232044199,0.96408839779,0.0359116022099,0.281767955801,0.909090909091,0.718232044199,0.802469135802,0.882136279926,0.578882750153,0.720116618076,0.730270809047,0.682320441989,1841,1660,181,0,1841,0,1660,0,181,121,1806,0.124380165289,3.42170224172,29.8512396694,15.7043478261,15.4358974359,21.5018065741,0.72029861447,0.402313683498,17.1134281045,1.14658073125,0.582246506137,10.7712311965,0.721660561889,0.40886667948,1.17927586475,0.344645963161,4.31726830233,NaN,NaN,NaN,0.517601693121,0.603545816733,15149,0.0526043475241,0.132564397549,NaN,NaN,NaN,NaN,NaN,0.0495867768595,0.917355371901,0.0330578512397,121,1768,0.121763085399,3.41116784933,29.2231404959,15.5087719298,15.1111111111,20.9330231943,0.716316687363,0.401691223215,16.5435646606,1.13222359951,0.580111065405,10.7520322892,0.735857413455,0.416644852474,1.18289156913,0.346770262085,4.30519110328,NaN,NaN,NaN,0.497617930053,0.593087978732,14278,0.0495798319328,0.132058404111,NaN,NaN,NaN,NaN,NaN,0.0578512396694,0.909090909091,0.0330578512397,-38,-0.00261707988981,-0.0105343923903,-0.628099173554,-0.195575896262,-0.324786324786,-0.568783379762,-0.0039819271073,-0.000622460282329,-0.569863443862,-0.0143571317419,-0.00213544073139,-0.019198907302,0.0141968515658,0.00777817299394,0.0036157043802,0.00212429892399,-0.0120771990514,NaN,NaN,NaN,-0.0199837630676,-0.0104578380008,-871,-0.00302451559136,-0.000505993438765,0.00826446280992,-0.00826446280992,0,1755,13,51,12701,0.971760797342,0.998977505112,0.00102249488753,0.0282392026578,0.992647058824,0.971760797342,0.982092893117,0.979652069157,0.970738302455,0.964815832875,143,181,0,10,6,10
107,WLNM_dir_neg_kfold,0.897423766063,0.801302067652,00:00:39,10,90,7,18352,fixed,0.5,0.895104895105,0.707182320442,0.79012345679,128,15,53,347,0.707182320442,0.958563535912,0.0414364640884,0.292817679558,0.895104895105,0.707182320442,0.79012345679,0.874769797422,0.578882750153,0.702623906706,0.712531437167,0.665745856354,1841,1660,181,0,1841,0,1660,0,181,121,1806,0.124380165289,3.42170224172,29.8512396694,15.7043478261,15.4358974359,21.5018065741,0.72029861447,0.402313683498,17.1134281045,1.14658073125,0.582246506137,10.7712311965,0.721660561889,0.40886667948,1.17927586475,0.344645963161,4.31726830233,NaN,NaN,NaN,0.517601693121,0.603545816733,15149,0.0526043475241,0.132564397549,NaN,NaN,NaN,NaN,NaN,0.0495867768595,0.917355371901,0.0330578512397,121,1768,0.121763085399,3.42553148874,29.2231404959,15.5087719298,15.1111111111,20.9914615988,0.718316417833,0.403266519577,16.5380228065,1.13184432103,0.579522082196,10.833106588,0.741406050424,0.418729666056,1.18827880199,0.346888885972,4.33542641898,NaN,NaN,NaN,0.498474731505,0.589076453781,14226,0.0493992638378,0.134979202822,NaN,NaN,NaN,NaN,NaN,0.0578512396694,0.909090909091,0.0330578512397,-38,-0.00261707988981,0.00382924701932,-0.628099173554,-0.195575896262,-0.324786324786,-0.510344975281,-0.00198219663722,0.000952836079064,-0.575405298028,-0.0147364102227,-0.00272442394069,0.0618753915459,0.0197454885344,0.00986298657608,0.00900293724526,0.00224292281165,0.0181581166482,NaN,NaN,NaN,-0.0191269616159,-0.0144693629518,-923,-0.00320508368637,0.00241480527266,0.00826446280992,-0.00826446280992,0,1753,15,53,12699,0.97065337763,0.998820198207,0.0011798017933,0.0293466223699,0.991515837104,0.97065337763,0.980973698937,0.978375729237,0.969473575837,0.962657880286,143,181,0,10,6,10
108,WLNM_dir_neg_kfold,0.885122554257,0.770411592448,00:00:38,10,90,8,18353,fixed,0.5,0.885714285714,0.685082872928,0.772585669782,124,16,57,346,0.685082872928,0.955801104972,0.0441988950276,0.314917127072,0.885714285714,0.685082872928,0.772585669782,0.865561694291,0.58072437078,0.679355783309,0.690647503266,0.640883977901,1841,1660,181,0,1841,0,1660,0,181,121,1806,0.124380165289,3.42170224172,29.8512396694,15.7043478261,15.4358974359,21.5018065741,0.72029861447,0.402313683498,17.1134281045,1.14658073125,0.582246506137,10.7712311965,0.721660561889,0.40886667948,1.17927586475,0.344645963161,4.31726830233,NaN,NaN,NaN,0.517601693121,0.603545816733,15149,0.0526043475241,0.132564397549,NaN,NaN,NaN,NaN,NaN,0.0495867768595,0.917355371901,0.0330578512397,121,1765,0.121556473829,3.42406924121,29.173553719,15.4824561404,15.0854700855,20.9625370944,0.71854588907,0.4033291972,16.5391804621,1.1338474991,0.580441551752,10.7886278255,0.739616978408,0.418682836607,1.19591940498,0.349268464138,4.33374645288,NaN,NaN,NaN,0.496740620148,0.593645438708,14312,0.0496978956872,0.132650682743,NaN,NaN,NaN,NaN,NaN,0.0578512396694,0.909090909091,0.0330578512397,-41,-0.00282369146006,0.00236699949493,-0.677685950413,-0.221891685736,-0.350427350427,-0.539269479747,-0.00175272540024,0.0010155137023,-0.574247642385,-0.0127332321514,-0.00180495438418,0.0173966290847,0.0179564165194,0.00981615712733,0.016643540235,0.00462250097741,0.0164781505402,NaN,NaN,NaN,-0.0208610729733,-0.009900378025,-837,-0.00290645183693,8.62851936953e-05,0.00826446280992,-0.00826446280992,0,1749,16,57,12698,0.968438538206,0.998741544754,0.00125845524619,0.031561461794,0.990934844193,0.968438538206,0.979557546906,0.976775448034,0.96718008296,0.95993413831,140,181,0,10,6,10
109,WLNM_dir_neg_kfold,0.906077348066,0.745534933857,00:00:39,10,90,9,18354,fixed,0.5,0.928057553957,0.71270718232,0.80625,129,10,52,352,0.71270718232,0.972375690608,0.0276243093923,0.28729281768,0.928057553957,0.71270718232,0.80625,0.885819521179,0.581338244322,0.727272727273,0.740011724004,0.685082872928,1841,1660,181,0,1841,0,1660,0,181,121,1806,0.124380165289,3.42170224172,29.8512396694,15.7043478261,15.4358974359,21.5018065741,0.72029861447,0.402313683498,17.1134281045,1.14658073125,0.582246506137,10.7712311965,0.721660561889,0.40886667948,1.17927586475,0.344645963161,4.31726830233,NaN,NaN,NaN,0.517601693121,0.603545816733,15149,0.0526043475241,0.132564397549,NaN,NaN,NaN,NaN,NaN,0.0495867768595,0.917355371901,0.0330578512397,121,1764,0.121487603306,3.39059587671,29.1570247934,15.4736842105,15.0769230769,21.0273664005,0.721176682103,0.404522966211,16.5850093288,1.13763385985,0.581445250276,10.8287826848,0.742790649016,0.419913419913,1.17240329409,0.345780900091,4.28025048729,NaN,NaN,NaN,0.500223637132,0.594463753724,14367,0.0498888811723,0.133750883085,NaN,NaN,NaN,NaN,NaN,0.0578512396694,0.909090909091,0.0330578512397,-42,-0.00289256198347,-0.0311063650084,-0.694214876033,-0.230663615561,-0.358974358974,-0.474440173605,0.000878067633014,0.00220928271366,-0.528418775725,-0.0089468714003,-0.00080125586015,0.057551488369,0.021130087127,0.0110467404336,-0.00687257065179,0.00113493693053,-0.0370178150417,NaN,NaN,NaN,-0.0173780559888,-0.00908206300914,-782,-0.00271546635183,0.00118648553551,0.00826446280992,-0.00826446280992,0,1754,10,52,12704,0.971207087486,0.999213465471,0.000786534528866,0.0287929125138,0.99433106576,0.971207087486,0.982633053221,0.980287391862,0.970420552957,0.965859030837,139,181,0,10,6,10
110,WLNM_dir_neg_kfold,0.827012301212,0.771927116954,00:00:38,10,90,10,18355,fixed,0.5,0.902777777778,0.718232044199,0.8,130,14,51,348,0.718232044199,0.961325966851,0.0386740331492,0.281767955801,0.902777777778,0.718232044199,0.8,0.8802946593,0.578268876611,0.71615720524,0.72569213354,0.67955801105,1841,1660,181,0,1841,0,1660,0,181,121,1806,0.124380165289,3.42170224172,29.8512396694,15.7043478261,15.4358974359,21.5018065741,0.72029861447,0.402313683498,17.1134281045,1.14658073125,0.582246506137,10.7712311965,0.721660561889,0.40886667948,1.17927586475,0.344645963161,4.31726830233,NaN,NaN,NaN,0.517601693121,0.603545816733,15149,0.0526043475241,0.132564397549,NaN,NaN,NaN,NaN,NaN,0.0495867768595,0.917355371901,0.0330578512397,121,1769,0.121831955923,3.4162605615,29.2396694215,15.5175438596,15.1196581197,20.923282404,0.715578623765,0.401851912413,16.5147692477,1.12961395081,0.578091932221,10.7898534114,0.738028413102,0.417427785227,1.1868265093,0.347405148974,4.32321488587,NaN,NaN,NaN,0.497786494287,0.591558047056,14281,0.0495902493229,0.132428417362,NaN,NaN,NaN,NaN,NaN,0.0578512396694,0.909090909091,0.0330578512397,-37,-0.00254820936639,-0.00544168021438,-0.611570247934,-0.186803966438,-0.316239316239,-0.578524170135,-0.00471999070534,-0.000461771085037,-0.598658856761,-0.0169667804476,-0.00415457391544,0.0186222149218,0.0163678512128,0.00856110574696,0.00755064455826,0.00275918581363,0.00594658353908,NaN,NaN,NaN,-0.0198151988339,-0.0119877696768,-868,-0.00301409820126,-0.000135980187019,0.00826446280992,-0.00826446280992,0,1755,14,51,12700,0.971760797342,0.99889885166,0.00110114834041,0.0282392026578,0.992085924251,0.971760797342,0.981818181818,0.979334182449,0.970659649002,0.964285714286,144,181,0,10,6,10
111,WLNM_dir_neg_kfold,0.885931442874,0.764522407718,00:00:38,10,90,11,18356,fixed,0.5,0.933823529412,0.701657458564,0.801261829653,127,9,54,353,0.701657458564,0.975138121547,0.024861878453,0.298342541436,0.933823529412,0.701657458564,0.801261829653,0.883977900552,0.583179864948,0.721649484536,0.736350231571,0.67679558011,1841,1660,181,0,1841,0,1660,0,181,121,1806,0.124380165289,3.42170224172,29.8512396694,15.7043478261,15.4358974359,21.5018065741,0.72029861447,0.402313683498,17.1134281045,1.14658073125,0.582246506137,10.7712311965,0.721660561889,0.40886667948,1.17927586475,0.344645963161,4.31726830233,NaN,NaN,NaN,0.517601693121,0.603545816733,15149,0.0526043475241,0.132564397549,NaN,NaN,NaN,NaN,NaN,0.0495867768595,0.917355371901,0.0330578512397,121,1761,0.121280991736,3.41251456132,29.1074380165,15.4473684211,15.0512820513,20.951054728,0.719783538355,0.403996602231,16.5347867707,1.13612106715,0.581853849006,10.8004246932,0.742107545644,0.419821570201,1.1856078464,0.347429388239,4.30394962587,NaN,NaN,NaN,0.498740178243,0.594013303769,14288,0.0496145565664,0.132877414084,NaN,NaN,NaN,NaN,NaN,0.0578512396694,0.909090909091,0.0330578512397,-45,-0.00309917355372,-0.0091876803958,-0.743801652893,-0.256979405034,-0.384615384615,-0.550751846128,-0.000515076115597,0.00168291873346,-0.578641333755,-0.0104596640988,-0.000392657130792,0.0291934967504,0.0204469837546,0.0109548907212,0.00633198164956,0.00278342507793,-0.0133186764676,NaN,NaN,NaN,-0.0188615148781,-0.00953251296367,-861,-0.00298979095771,0.000313016534757,0.00826446280992,-0.00826446280992,0,1752,9,54,12705,0.970099667774,0.999292118924,0.000707881075979,0.0299003322259,0.994889267462,0.970099667774,0.982338099243,0.979966693969,0.969391786698,0.965289256198,136,181,0,10,6,10
112,WLNM_dir_neg_kfold,0.891631818321,0.676223307567,00:00:39,10,90,12,18357,fixed,0.5,0.921428571429,0.71270718232,0.803738317757,129,11,52,351,0.71270718232,0.969613259669,0.0303867403315,0.28729281768,0.921428571429,0.71270718232,0.803738317757,0.883977900552,0.58072437078,0.723279648609,0.735301436667,0.682320441989,1841,1660,181,0,1841,0,1660,0,181,121,1806,0.124380165289,3.42170224172,29.8512396694,15.7043478261,15.4358974359,21.5018065741,0.72029861447,0.402313683498,17.1134281045,1.14658073125,0.582246506137,10.7712311965,0.721660561889,0.40886667948,1.17927586475,0.344645963161,4.31726830233,NaN,NaN,NaN,0.517601693121,0.603545816733,15149,0.0526043475241,0.132564397549,NaN,NaN,NaN,NaN,NaN,0.0495867768595,0.917355371901,0.0330578512397,121,1765,0.121556473829,3.41755509899,29.173553719,15.4824561404,15.0854700855,20.9127862347,0.716840547989,0.402476997635,16.4947817109,1.13080373202,0.579505068714,10.7824467086,0.739193230451,0.418448715848,1.18668539653,0.347232264634,4.31005230344,NaN,NaN,NaN,0.499092650191,0.593368696592,14281,0.0495902493229,0.132707726179,NaN,NaN,NaN,NaN,NaN,0.0578512396694,0.909090909091,0.0330578512397,-41,-0.00282369146006,-0.00414714273096,-0.677685950413,-0.221891685736,-0.350427350427,-0.589020339387,-0.00345806648139,0.000163314137764,-0.618646393555,-0.0157769992287,-0.00274143742213,0.0112155121856,0.017532668562,0.00958203636785,0.00740953178659,0.00258630147326,-0.00721599889598,NaN,NaN,NaN,-0.0185090429295,-0.0101771201415,-868,-0.00301409820126,0.000143328629199,0.00826446280992,-0.00826446280992,0,1754,11,52,12703,0.971207087486,0.999134812018,0.000865187981752,0.0287929125138,0.993767705382,0.971207087486,0.982357882946,0.979968632867,0.970341899504,0.965327462851,140,181,0,10,6,10
113,WLNM_dir_neg_kfold,0.911960868105,0.872146480902,00:00:41,10,90,13,18358,fixed,0.5,0.910344827586,0.729281767956,0.80981595092,132,13,49,349,0.729281767956,0.96408839779,0.0359116022099,0.270718232044,0.910344827586,0.729281767956,0.80981595092,0.885819521179,0.577655003069,0.729651162791,0.738810716857,0.693370165746,1841,1660,181,0,1841,0,1660,0,181,121,1806,0.124380165289,3.42170224172,29.8512396694,15.7043478261,15.4358974359,21.5018065741,0.72029861447,0.402313683498,17.1134281045,1.14658073125,0.582246506137,10.7712311965,0.721660561889,0.40886667948,1.17927586475,0.344645963161,4.31726830233,NaN,NaN,NaN,0.517601693121,0.603545816733,15149,0.0526043475241,0.132564397549,NaN,NaN,NaN,NaN,NaN,0.0495867768595,0.917355371901,0.0330578512397,121,1770,0.121900826446,3.41232908142,29.2561983471,15.5263157895,15.1282051282,20.9783733583,0.71705739445,0.402362609142,16.592233239,1.13427131182,0.580277349769,10.8136736214,0.739239835135,0.418060419293,1.18341949931,0.346806967051,4.30427100411,NaN,NaN,NaN,0.501416239285,0.595469923261,14433,0.0501180637544,0.133863519374,NaN,NaN,NaN,NaN,NaN,0.0578512396694,0.909090909091,0.0330578512397,-36,-0.00247933884298,-0.00937316029239,-0.595041322314,-0.178032036613,-0.307692307692,-0.523433215807,-0.00324122001999,4.89256446543e-05,-0.521194865511,-0.012309419436,-0.00196915636769,0.0424424249358,0.0175792732459,0.0091937398133,0.00414363456431,0.00216100389065,-0.0129972982237,NaN,NaN,NaN,-0.0161854538364,-0.00807589347207,-716,-0.00248628376971,0.00129912182415,0.00826446280992,-0.00826446280992,0,1757,13,49,12701,0.972868217054,0.998977505112,0.00102249488753,0.0271317829457,0.992655367232,0.972868217054,0.982662192394,0.980292270565,0.971845722167,0.965915338098,145,181,0,10,6,10
114,WLNM_dir_neg_kfold,0.893348798877,0.683663667025,00:00:39,10,90,14,18359,fixed,0.5,0.92700729927,0.701657458564,0.798742138365,127,10,54,352,0.701657458564,0.972375690608,0.0276243093923,0.298342541436,0.92700729927,0.701657458564,0.798742138365,0.882136279926,0.582565991406,0.717647058824,0.731562656258,0.674033149171,1841,1660,181,0,1841,0,1660,0,181,121,1806,0.124380165289,3.42170224172,29.8512396694,15.7043478261,15.4358974359,21.5018065741,0.72029861447,0.402313683498,17.1134281045,1.14658073125,0.582246506137,10.7712311965,0.721660561889,0.40886667948,1.17927586475,0.344645963161,4.31726830233,NaN,NaN,NaN,0.517601693121,0.603545816733,15149,0.0526043475241,0.132564397549,NaN,NaN,NaN,NaN,NaN,0.0495867768595,0.917355371901,0.0330578512397,121,1762,0.121349862259,3.42908804273,29.1239669421,15.4561403509,15.0598290598,20.8872250622,0.717183380399,0.402561889663,16.4883254466,1.13228568617,0.579422331873,10.774887905,0.739932710846,0.418739036219,1.1979606147,0.34935253915,4.31550568076,NaN,NaN,NaN,0.505535157567,0.593646784535,14259,0.0495138551288,0.131871331953,NaN,NaN,NaN,NaN,NaN,0.0578512396694,0.909090909091,0.0330578512397,-44,-0.0030303030303,0.0073858010153,-0.727272727273,-0.24820747521,-0.376068376068,-0.614581511912,-0.00311523407149,0.000248206165708,-0.62510265789,-0.0142950450792,-0.00282417426351,0.00365670858945,0.0182721489571,0.00987235673939,0.0186847499525,0.00470657598952,-0.00176262157894,NaN,NaN,NaN,-0.0120665355544,-0.00989903219839,-890,-0.00309049239531,-0.000693065596119,0.00826446280992,-0.00826446280992,0,1752,10,54,12704,0.970099667774,0.999213465471,0.000786534528866,0.0299003322259,0.994324631101,0.970099667774,0.982062780269,0.979647473176,0.969313133245,0.964757709251,137,181,0,10,6,10
115,WLNM_dir_neg_kfold,0.862191325051,0.684874860376,00:00:38,10,90,15,18360,fixed,0.5,0.881944444444,0.701657458564,0.781538461538,127,17,54,345,0.701657458564,0.953038674033,0.0469613259669,0.298342541436,0.881944444444,0.701657458564,0.781538461538,0.869244935543,0.578268876611,0.689956331878,0.699142421337,0.654696132597,1841,1660,181,0,1841,0,1660,0,181,121,1806,0.124380165289,3.42170224172,29.8512396694,15.7043478261,15.4358974359,21.5018065741,0.72029861447,0.402313683498,17.1134281045,1.14658073125,0.582246506137,10.7712311965,0.721660561889,0.40886667948,1.17927586475,0.344645963161,4.31726830233,NaN,NaN,NaN,0.517601693121,0.603545816733,15149,0.0526043475241,0.132564397549,NaN,NaN,NaN,NaN,NaN,0.0495867768595,0.917355371901,0.0330578512397,121,1769,0.121831955923,3.42022920689,29.2396694215,15.5175438596,15.1196581197,20.8394756785,0.71271242428,0.400025227868,16.4713165828,1.1266417787,0.577157566725,10.8291706349,0.740717720079,0.418464930927,1.18431041781,0.34626638923,4.32938643049,NaN,NaN,NaN,0.500321343868,0.590537140961,14241,0.0494513507882,0.135080377679,NaN,NaN,NaN,NaN,NaN,0.0578512396694,0.909090909091,0.0330578512397,-37,-0.00254820936639,-0.001473034827,-0.611570247934,-0.186803966438,-0.316239316239,-0.662330895569,-0.00758619019023,-0.00228845562923,-0.642111521642,-0.0199389525508,-0.00508893941119,0.057939438409,0.0190571581896,0.00959825144724,0.00503455306411,0.00162042606959,0.0121181281518,NaN,NaN,NaN,-0.0172803492534,-0.0130086757716,-908,-0.00315299673588,0.00251598012931,0.00826446280992,-0.00826446280992,0,1752,17,54,12697,0.970099667774,0.998662891301,0.00133710869907,0.0299003322259,0.990390050876,0.970099667774,0.98013986014,0.977420138722,0.968762559075,0.961053208996,144,181,0,10,6,10
116,WLNM_dir_neg_kfold,0.888960959678,0.639583008478,00:00:39,10,90,16,18361,fixed,0.5,0.894366197183,0.701657458564,0.786377708978,127,15,54,347,0.701657458564,0.958563535912,0.0414364640884,0.298342541436,0.894366197183,0.701657458564,0.786377708978,0.872928176796,0.579496623696,0.697810218978,0.708217321723,0.660220994475,1841,1660,181,0,1841,0,1660,0,181,121,1806,0.124380165289,3.42170224172,29.8512396694,15.7043478261,15.4358974359,21.5018065741,0.72029861447,0.402313683498,17.1134281045,1.14658073125,0.582246506137,10.7712311965,0.721660561889,0.40886667948,1.17927586475,0.344645963161,4.31726830233,NaN,NaN,NaN,0.517601693121,0.603545816733,15149,0.0526043475241,0.132564397549,NaN,NaN,NaN,NaN,NaN,0.0495867768595,0.917355371901,0.0330578512397,121,1767,0.121694214876,3.41487702357,29.2066115702,15.5,15.1025641026,20.8450303251,0.713709300889,0.400735242532,16.4608015899,1.12719693966,0.578025976699,10.8162526928,0.740671519992,0.418648594293,1.17776298218,0.344891770349,4.30152957542,NaN,NaN,NaN,0.497542172388,0.591702542948,14248,0.0494756580318,0.132146074984,NaN,NaN,NaN,NaN,NaN,0.0578512396694,0.909090909091,0.0330578512397,-39,-0.00268595041322,-0.00682521814529,-0.644628099174,-0.204347826087,-0.333333333333,-0.656776248965,-0.00658931358122,-0.0015784409658,-0.652626514632,-0.0193837915968,-0.00422052943796,0.0450214963186,0.0190109581031,0.0097819148132,-0.00151288256216,0.000245807188227,-0.0157387269172,NaN,NaN,NaN,-0.0200595207325,-0.0118432737854,-901,-0.00312868949233,-0.000418322565687,0.00826446280992,-0.00826446280992,0,1752,15,54,12699,0.970099667774,0.998820198207,0.0011798017933,0.0299003322259,0.991511035654,0.970099667774,0.980688497061,0.978055235922,0.968919865981,0.962108731466,142,181,0,10,6,10
117,WLNM_dir_neg_kfold,0.936815115534,0.827879858081,00:00:38,10,90,17,18362,fixed,0.5,0.909090909091,0.718232044199,0.802469135802,130,13,51,349,0.718232044199,0.96408839779,0.0359116022099,0.281767955801,0.909090909091,0.718232044199,0.802469135802,0.882136279926,0.578882750153,0.720116618076,0.730270809047,0.682320441989,1841,1660,181,0,1841,0,1660,0,181,121,1806,0.124380165289,3.42170224172,29.8512396694,15.7043478261,15.4358974359,21.5018065741,0.72029861447,0.402313683498,17.1134281045,1.14658073125,0.582246506137,10.7712311965,0.721660561889,0.40886667948,1.17927586475,0.344645963161,4.31726830233,NaN,NaN,NaN,0.517601693121,0.603545816733,15149,0.0526043475241,0.132564397549,NaN,NaN,NaN,NaN,NaN,0.0495867768595,0.917355371901,0.0330578512397,121,1768,0.121763085399,3.38390167862,29.2231404959,15.5087719298,15.1111111111,20.8704286824,0.714174737153,0.401074193186,16.4814905782,1.12797531672,0.578372162597,10.7922594953,0.738610519757,0.417832167832,1.16950931792,0.34560972185,4.27313881874,NaN,NaN,NaN,0.496670186895,0.59139339165,14265,0.049534689909,0.13349755413,NaN,NaN,NaN,NaN,NaN,0.0578512396694,0.909090909091,0.0330578512397,-38,-0.00261707988981,-0.0378005630942,-0.628099173554,-0.195575896262,-0.324786324786,-0.631377891679,-0.00612387731713,-0.00123949031112,-0.631937526257,-0.0186054145302,-0.00387434353981,0.021028298834,0.016949957868,0.00896548835238,-0.00976654682971,0.000963758689126,-0.044129483593,NaN,NaN,NaN,-0.0209315062256,-0.0121524250826,-884,-0.00306965761511,0.000933156580888,0.00826446280992,-0.00826446280992,0,1755,13,51,12701,0.971760797342,0.998977505112,0.00102249488753,0.0282392026578,0.992647058824,0.971760797342,0.982092893117,0.979652069157,0.970738302455,0.964815832875,143,181,0,10,6,10
118,WLNM_dir_neg_kfold,0.890273495925,0.776225219693,00:00:41,10,90,18,18363,fixed,0.5,0.891156462585,0.723756906077,0.798780487805,131,16,50,346,0.723756906077,0.955801104972,0.0441988950276,0.276243093923,0.891156462585,0.723756906077,0.798780487805,0.878453038674,0.576427255985,0.713043478261,0.720964447165,0.67955801105,1841,1660,181,0,1841,0,1660,0,181,121,1806,0.124380165289,3.42170224172,29.8512396694,15.7043478261,15.4358974359,21.5018065741,0.72029861447,0.402313683498,17.1134281045,1.14658073125,0.582246506137,10.7712311965,0.721660561889,0.40886667948,1.17927586475,0.344645963161,4.31726830233,NaN,NaN,NaN,0.517601693121,0.603545816733,15149,0.0526043475241,0.132564397549,NaN,NaN,NaN,NaN,NaN,0.0495867768595,0.917355371901,0.0330578512397,121,1772,0.122038567493,3.38962695905,29.2892561983,15.5438596491,15.1452991453,21.0695032438,0.719359450481,0.403685428054,16.679757944,1.13896766999,0.582383448688,10.8703415341,0.742275014464,0.419976493853,1.1709295184,0.34544495089,4.27816519552,NaN,NaN,NaN,0.499195932683,0.594209256416,14448,0.0501701507049,0.133748510313,NaN,NaN,NaN,NaN,NaN,0.0578512396694,0.909090909091,0.0330578512397,-34,-0.00234159779614,-0.0320752826673,-0.561983471074,-0.160488176964,-0.290598290598,-0.43230333027,-0.000939163989477,0.00137174455678,-0.433670160538,-0.00761306126554,0.000136942551004,0.0991103376805,0.0206144525754,0.0111098143732,-0.00834634634144,0.000798987729269,-0.0391031068117,NaN,NaN,NaN,-0.0184057604375,-0.00933656031719,-701,-0.00243419681922,0.00118411276344,0.00826446280992,-0.00826446280992,0,1756,16,50,12698,0.972314507198,0.998741544754,0.00125845524619,0.0276854928018,0.990970654628,0.972314507198,0.981553940749,0.979019607106,0.971056051952,0.963776070252,147,181,0,10,6,10
119,WLNM_dir_neg_kfold,0.876972619883,0.773351997116,00:00:42,10,90,19,18364,fixed,0.5,0.902097902098,0.71270718232,0.796296296296,129,14,52,348,0.71270718232,0.961325966851,0.0386740331492,0.28729281768,0.902097902098,0.71270718232,0.796296296296,0.878453038674,0.578882750153,0.711370262391,0.721401123107,0.674033149171,1841,1660,181,0,1841,0,1660,0,181,121,1806,0.124380165289,3.42170224172,29.8512396694,15.7043478261,15.4358974359,21.5018065741,0.72029861447,0.402313683498,17.1134281045,1.14658073125,0.582246506137,10.7712311965,0.721660561889,0.40886667948,1.17927586475,0.344645963161,4.31726830233,NaN,NaN,NaN,0.517601693121,0.603545816733,15149,0.0526043475241,0.132564397549,NaN,NaN,NaN,NaN,NaN,0.0495867768595,0.917355371901,0.0330578512397,121,1768,0.121763085399,3.40063175219,29.2231404959,15.5087719298,15.1111111111,20.8592455933,0.713792057916,0.400831120751,16.4739045669,1.12745613835,0.578297371078,10.8223317734,0.740668633814,0.418916644852,1.17431321046,0.345322074261,4.30454608855,NaN,NaN,NaN,0.496554564404,0.593123565681,14301,0.0496596985902,0.13412012332,NaN,NaN,NaN,NaN,NaN,0.0578512396694,0.909090909091,0.0330578512397,-38,-0.00261707988981,-0.0210704895279,-0.628099173554,-0.195575896262,-0.324786324786,-0.642560980806,-0.00650655655479,-0.00148256274671,-0.639523537558,-0.0191245929055,-0.00394913505845,0.0511005769502,0.0190080719246,0.0100499653727,-0.00496265428186,0.000676111100319,-0.012722213784,NaN,NaN,NaN,-0.0210471287172,-0.0104222510516,-848,-0.00294464893395,0.00155572577037,0.00826446280992,-0.00826446280992,0,1754,14,52,12700,0.971207087486,0.99889885166,0.00110114834041,0.0287929125138,0.992081447964,0.971207087486,0.981533296027,0.979013899197,0.970105939146,0.963736263736,143,181,0,10,6,10
120,WLNM_dir_neg_kfold,0.868754006288,0.620049534959,00:00:39,10,90,20,18365,fixed,0.5,0.928057553957,0.71270718232,0.80625,129,10,52,352,0.71270718232,0.972375690608,0.0276243093923,0.28729281768,0.928057553957,0.71270718232,0.80625,0.885819521179,0.581338244322,0.727272727273,0.740011724004,0.685082872928,1841,1660,181,0,1841,0,1660,0,181,121,1806,0.124380165289,3.42170224172,29.8512396694,15.7043478261,15.4358974359,21.5018065741,0.72029861447,0.402313683498,17.1134281045,1.14658073125,0.582246506137,10.7712311965,0.721660561889,0.40886667948,1.17927586475,0.344645963161,4.31726830233,NaN,NaN,NaN,0.517601693121,0.603545816733,15149,0.0526043475241,0.132564397549,NaN,NaN,NaN,NaN,NaN,0.0495867768595,0.917355371901,0.0330578512397,121,1764,0.121487603306,3.415197744,29.1570247934,15.4736842105,15.0769230769,20.8762258181,0.715993005666,0.401871216806,16.4811771759,1.13051158633,0.579365079365,10.7321573368,0.736162719815,0.41674631285,1.18402084589,0.34669173929,4.34829359757,NaN,NaN,NaN,0.497559383889,0.591683991684,14230,0.0494131536912,0.132080785417,NaN,NaN,NaN,NaN,NaN,0.0578512396694,0.909090909091,0.0330578512397,-42,-0.00289256198347,-0.00650449772153,-0.694214876033,-0.230663615561,-0.358974358974,-0.625580756024,-0.0043056088048,-0.000442466691334,-0.632250928636,-0.0160691449276,-0.00288142677149,-0.0390738596559,0.0145021579257,0.00787963337042,0.00474498114105,0.00204577612979,0.0310252952359,NaN,NaN,NaN,-0.0200423092317,-0.0118618250491,-919,-0.00319119383291,-0.000483612132183,0.00826446280992,-0.00826446280992,0,1754,10,52,12704,0.971207087486,0.999213465471,0.000786534528866,0.0287929125138,0.99433106576,0.971207087486,0.982633053221,0.980287391862,0.970420552957,0.965859030837,139,181,0,10,6,10
121,WLNM_dir_neg_kfold,0.861612654321,0.65994654986,00:00:38,10,90,1,19346,fixed,0.5,0.935251798561,0.722222222222,0.815047021944,130,9,50,351,0.722222222222,0.975,0.025,0.277777777778,0.935251798561,0.722222222222,0.815047021944,0.890740740741,0.580864197531,0.739322533137,0.751759867345,0.697222222222,1841,1661,180,0,1841,0,1661,0,180,121,1806,0.124380165289,3.42170224172,29.8512396694,15.7043478261,15.4358974359,21.5018065741,0.72029861447,0.402313683498,17.1134281045,1.14658073125,0.582246506137,10.7712311965,0.721660561889,0.40886667948,1.17927586475,0.344645963161,4.31726830233,NaN,NaN,NaN,0.517601693121,0.603545816733,15149,0.0526043475241,0.132564397549,NaN,NaN,NaN,NaN,NaN,0.0495867768595,0.917355371901,0.0330578512397,121,1765,0.121556473829,3.40256815153,29.173553719,15.4824561404,15.0854700855,21.0181182499,0.72045107882,0.404331234051,16.6531625733,1.14166157018,0.582267693676,10.640856342,0.729486468773,0.413869313792,1.18392220228,0.347949592646,4.26567283096,NaN,NaN,NaN,0.504801434671,0.597228369108,14394,0.0499826376832,0.130957796469,NaN,NaN,NaN,NaN,NaN,0.0578512396694,0.909090909091,0.0330578512397,-41,-0.00282369146006,-0.0191340901831,-0.677685950413,-0.221891685736,-0.350427350427,-0.483688324232,0.000152464349728,0.00201755055291,-0.460265531231,-0.00491916107508,2.11875398288e-05,-0.130374854443,0.00782590688379,0.00500263431227,0.00464633753168,0.00330362948556,-0.0515954713752,NaN,NaN,NaN,-0.0128002584497,-0.00631744762486,-755,-0.00262170984096,-0.00160660108032,0.00826446280992,-0.00826446280992,0,1756,9,50,12705,0.972314507198,0.999292118924,0.000707881075979,0.0276854928018,0.994900849858,0.972314507198,0.983478017362,0.981245906801,0.971606626122,0.967493112948,139,180,0,10,7,10
122,WLNM_dir_neg_kfold,0.808703703704,0.617037388948,00:00:36,10,90,2,19347,fixed,0.5,0.869863013699,0.705555555556,0.779141104294,127,19,53,341,0.705555555556,0.947222222222,0.0527777777778,0.294444444444,0.869863013699,0.705555555556,0.779141104294,0.866666666667,0.576543209877,0.685131195335,0.692832617858,0.652777777778,1841,1661,180,0,1841,0,1661,0,180,121,1806,0.124380165289,3.42170224172,29.8512396694,15.7043478261,15.4358974359,21.5018065741,0.72029861447,0.402313683498,17.1134281045,1.14658073125,0.582246506137,10.7712311965,0.721660561889,0.40886667948,1.17927586475,0.344645963161,4.31726830233,NaN,NaN,NaN,0.517601693121,0.603545816733,15149,0.0526043475241,0.132564397549,NaN,NaN,NaN,NaN,NaN,0.0495867768595,0.917355371901,0.0330578512397,121,1772,0.122038567493,3.29125265978,29.2892561983,15.6814159292,15.1452991453,21.1744492319,0.722942538675,0.405513683936,16.7719306701,1.14526163154,0.583297576628,10.6119896847,0.72463360714,0.411674719699,1.14892490196,0.349084382368,4.18061652306,NaN,NaN,NaN,0.502652889736,0.597227570273,14476,0.0502673796791,0.131167188931,NaN,NaN,NaN,NaN,NaN,0.0661157024793,0.900826446281,0.0330578512397,-34,-0.00234159779614,-0.130449581942,-0.561983471074,-0.0229318968834,-0.290598290598,-0.327357342182,0.00264392420429,0.00320000043798,-0.341497434405,-0.00131909971803,0.0010510704916,-0.159241511728,0.00297304525122,0.00280804021874,-0.0303509627897,0.00443841920769,-0.136651779272,NaN,NaN,NaN,-0.0149488033848,-0.00631824645968,-673,-0.00233696784499,-0.0013972086188,0.0165289256198,-0.0165289256198,0,1753,19,53,12695,0.97065337763,0.998505584395,0.00149441560485,0.0293466223699,0.98927765237,0.97065337763,0.979877026272,0.977106959292,0.969158962025,0.960547945205,146,180,0,10,7,10
123,WLNM_dir_neg_kfold,0.837793209877,0.632065799861,00:00:38,10,90,3,19348,fixed,0.5,0.877551020408,0.716666666667,0.788990825688,129,18,51,342,0.716666666667,0.95,0.05,0.283333333333,0.877551020408,0.716666666667,0.788990825688,0.872222222222,0.575925925926,0.698689956332,0.706059500817,0.666666666667,1841,1661,180,0,1841,0,1661,0,180,121,1806,0.124380165289,3.42170224172,29.8512396694,15.7043478261,15.4358974359,21.5018065741,0.72029861447,0.402313683498,17.1134281045,1.14658073125,0.582246506137,10.7712311965,0.721660561889,0.40886667948,1.17927586475,0.344645963161,4.31726830233,NaN,NaN,NaN,0.517601693121,0.603545816733,15149,0.0526043475241,0.132564397549,NaN,NaN,NaN,NaN,NaN,0.0495867768595,0.917355371901,0.0330578512397,121,1773,0.122107438017,3.3935470081,29.305785124,15.5526315789,15.1538461538,21.06610349,0.718837710743,0.403117469107,16.6876754641,1.13886561261,0.58147697557,10.7111396404,0.730991481383,0.414770687959,1.17620803803,0.346601368781,4.25874641893,NaN,NaN,NaN,0.506261329294,0.594578611508,14411,0.0500416695604,0.130405070198,NaN,NaN,NaN,NaN,NaN,0.0578512396694,0.909090909091,0.0330578512397,-33,-0.00227272727273,-0.0281552336182,-0.545454545455,-0.15171624714,-0.282051282051,-0.435703084061,-0.0014609037271,0.000803785609701,-0.425752640345,-0.00771511864091,-0.000769530566378,-0.060091556035,0.00933091949357,0.00590400847964,-0.00306782671657,0.00195540562013,-0.0585218834066,NaN,NaN,NaN,-0.0113403638266,-0.00896720522465,-738,-0.00256267796375,-0.00215932735182,0.00826446280992,-0.00826446280992,0,1755,18,51,12696,0.971760797342,0.998584237848,0.00141576215196,0.0282392026578,0.989847715736,0.971760797342,0.980720871752,0.978065193603,0.97034503519,0.962171052632,147,180,0,10,7,10
124,WLNM_dir_neg_kfold,0.835424382716,0.681543061463,00:00:38,10,90,4,19349,fixed,0.5,0.891891891892,0.733333333333,0.80487804878,132,16,48,344,0.733333333333,0.955555555556,0.0444444444444,0.266666666667,0.891891891892,0.733333333333,0.80487804878,0.881481481481,0.575308641975,0.720930232558,0.728052658067,0.688888888889,1841,1661,180,0,1841,0,1661,0,180,121,1806,0.124380165289,3.42170224172,29.8512396694,15.7043478261,15.4358974359,21.5018065741,0.72029861447,0.402313683498,17.1134281045,1.14658073125,0.582246506137,10.7712311965,0.721660561889,0.40886667948,1.17927586475,0.344645963161,4.31726830233,NaN,NaN,NaN,0.517601693121,0.603545816733,15149,0.0526043475241,0.132564397549,NaN,NaN,NaN,NaN,NaN,0.0495867768595,0.917355371901,0.0330578512397,121,1774,0.12217630854,3.39307394964,29.3223140496,15.5614035088,15.1623931624,20.9969104378,0.716072762958,0.401739543638,16.6470987057,1.13545599965,0.579826138809,10.6407657298,0.725779398708,0.41200257158,1.17704842108,0.346897367563,4.24977944599,NaN,NaN,NaN,0.506712562297,0.595967108797,14423,0.0500833391208,0.129659850689,NaN,NaN,NaN,NaN,NaN,0.0578512396694,0.909090909091,0.0330578512397,-32,-0.00220385674931,-0.0286282920765,-0.528925619835,-0.142944317315,-0.273504273504,-0.504896136288,-0.00422585151205,-0.000574139859948,-0.466329398807,-0.0111247315984,-0.00242036732714,-0.130465466646,0.00411883681868,0.00313589210052,-0.00222744367034,0.00225140440184,-0.0674888563461,NaN,NaN,NaN,-0.0108891308244,-0.00757870793591,-726,-0.00252100840336,-0.00290454686002,0.00826446280992,-0.00826446280992,0,1758,16,48,12698,0.97342192691,0.998741544754,0.00125845524619,0.0265780730897,0.990980834273,0.97342192691,0.982122905028,0.979660303417,0.972163471664,0.964873765093,148,180,0,10,7,10
125,WLNM_dir_neg_kfold,0.86037037037,0.72513882191,00:00:36,10,90,5,19350,fixed,0.5,0.906474820144,0.7,0.789968652038,126,13,54,347,0.7,0.963888888889,0.0361111111111,0.3,0.906474820144,0.7,0.789968652038,0.875925925926,0.580864197531,0.703976435935,0.715819156555,0.663888888889,1841,1661,180,0,1841,0,1661,0,180,121,1806,0.124380165289,3.42170224172,29.8512396694,15.7043478261,15.4358974359,21.5018065741,0.72029861447,0.402313683498,17.1134281045,1.14658073125,0.582246506137,10.7712311965,0.721660561889,0.40886667948,1.17927586475,0.344645963161,4.31726830233,NaN,NaN,NaN,0.517601693121,0.603545816733,15149,0.0526043475241,0.132564397549,NaN,NaN,NaN,NaN,NaN,0.0495867768595,0.917355371901,0.0330578512397,121,1765,0.121556473829,3.42160644761,29.173553719,15.4824561404,15.0854700855,20.9907430732,0.719512722906,0.403633554187,16.5909962638,1.13739974386,0.581022171236,10.6212596722,0.728143014356,0.413457261255,1.19047551508,0.347928826213,4.28885734637,NaN,NaN,NaN,0.503457361473,0.59540778126,14314,0.0497048406139,0.1293463192,NaN,NaN,NaN,NaN,NaN,0.0578512396694,0.909090909091,0.0330578512397,-41,-0.00282369146006,-9.57941098254e-05,-0.677685950413,-0.221891685736,-0.350427350427,-0.511063500892,-0.00078589156411,0.00131987068963,-0.522431840711,-0.00918098739071,-0.00122433490065,-0.149971524237,0.00648245246727,0.00459058177557,0.0111996503333,0.00328286305235,-0.0284109559693,NaN,NaN,NaN,-0.0141443316476,-0.00813803547354,-835,-0.0028995069102,-0.00321807834918,0.00826446280992,-0.00826446280992,0,1752,13,54,12701,0.970099667774,0.998977505112,0.00102249488753,0.0299003322259,0.992634560907,0.970099667774,0.98123774853,0.978691358934,0.969077172887,0.963166575041,139,180,0,10,7,10
126,WLNM_dir_neg_kfold,0.858425925926,0.735609278999,00:00:36,10,90,6,19351,fixed,0.5,0.9,0.7,0.7875,126,14,54,346,0.7,0.961111111111,0.0388888888889,0.3,0.9,0.7,0.7875,0.874074074074,0.58024691358,0.7,0.711161022554,0.661111111111,1841,1661,180,0,1841,0,1661,0,180,121,1806,0.124380165289,3.42170224172,29.8512396694,15.7043478261,15.4358974359,21.5018065741,0.72029861447,0.402313683498,17.1134281045,1.14658073125,0.582246506137,10.7712311965,0.721660561889,0.40886667948,1.17927586475,0.344645963161,4.31726830233,NaN,NaN,NaN,0.517601693121,0.603545816733,15149,0.0526043475241,0.132564397549,NaN,NaN,NaN,NaN,NaN,0.0495867768595,0.917355371901,0.0330578512397,121,1766,0.121625344353,3.41118527576,29.1900826446,15.4912280702,15.094017094,21.0029022001,0.719521847738,0.403638984304,16.6255719262,1.1391246903,0.581376412119,10.6548725257,0.730033734777,0.413653678762,1.19332899885,0.34982825686,4.28029696418,NaN,NaN,NaN,0.505932402308,0.597188821627,14403,0.0500138898535,0.12964445421,NaN,NaN,NaN,NaN,NaN,0.0578512396694,0.909090909091,0.0330578512397,-40,-0.00275482093664,-0.0105169659535,-0.661157024793,-0.213119755912,-0.34188034188,-0.498904374022,-0.000776766732445,0.00132530080646,-0.487856178291,-0.00745604095303,-0.000870094017853,-0.116358670712,0.00837317288753,0.00478699928251,0.0140531341007,0.00518229369917,-0.0369713381596,NaN,NaN,NaN,-0.0116692908128,-0.00635699510607,-746,-0.00259045767067,-0.00291994333952,0.00826446280992,-0.00826446280992,0,1752,14,54,12700,0.970099667774,0.99889885166,0.00110114834041,0.0299003322259,0.992072480181,0.970099667774,0.980963045913,0.978373169021,0.968998519434,0.962637362637,140,180,0,10,7,10
127,WLNM_dir_neg_kfold,0.891666666667,0.64322565542,00:00:38,10,90,7,19352,fixed,0.5,0.907142857143,0.705555555556,0.79375,127,13,53,347,0.705555555556,0.963888888889,0.0361111111111,0.294444444444,0.907142857143,0.705555555556,0.79375,0.877777777778,0.58024691358,0.708823529412,0.720125237124,0.669444444444,1841,1661,180,0,1841,0,1661,0,180,121,1806,0.124380165289,3.42170224172,29.8512396694,15.7043478261,15.4358974359,21.5018065741,0.72029861447,0.402313683498,17.1134281045,1.14658073125,0.582246506137,10.7712311965,0.721660561889,0.40886667948,1.17927586475,0.344645963161,4.31726830233,NaN,NaN,NaN,0.517601693121,0.603545816733,15149,0.0526043475241,0.132564397549,NaN,NaN,NaN,NaN,NaN,0.0495867768595,0.917355371901,0.0330578512397,121,1766,0.121625344353,3.40662802335,29.1900826446,15.4912280702,15.094017094,21.0809210937,0.72219463543,0.405005475324,16.685611822,1.14323840909,0.582948812744,10.6619092352,0.730515864927,0.414982731672,1.1883638873,0.348838757608,4.25204670151,NaN,NaN,NaN,0.504429030993,0.598357823148,14429,0.050104173901,0.130056395298,NaN,NaN,NaN,NaN,NaN,0.0578512396694,0.909090909091,0.0330578512397,-40,-0.00275482093664,-0.0150742183636,-0.661157024793,-0.213119755912,-0.34188034188,-0.420885480386,0.00189602096005,0.00269179182599,-0.427816282527,-0.00334232216062,0.000702306607363,-0.109321961246,0.0088553030378,0.00611605219192,0.00908802255493,0.00419279444771,-0.0652216008282,NaN,NaN,NaN,-0.0131726621278,-0.00518799358501,-720,-0.00250017362317,-0.00250800225118,0.00826446280992,-0.00826446280992,0,1753,13,53,12701,0.97065337763,0.998977505112,0.00102249488753,0.0293466223699,0.992638731597,0.97065337763,0.981522956327,0.979011650177,0.969630882743,0.963716327653,140,180,0,10,7,10
128,WLNM_dir_neg_kfold,0.84287037037,0.695594240838,00:00:36,10,90,8,19353,fixed,0.5,0.921985815603,0.722222222222,0.809968847352,130,11,50,349,0.722222222222,0.969444444444,0.0305555555556,0.277777777778,0.921985815603,0.722222222222,0.809968847352,0.887037037037,0.57962962963,0.73127753304,0.74231518569,0.691666666667,1841,1661,180,0,1841,0,1661,0,180,121,1806,0.124380165289,3.42170224172,29.8512396694,15.7043478261,15.4358974359,21.5018065741,0.72029861447,0.402313683498,17.1134281045,1.14658073125,0.582246506137,10.7712311965,0.721660561889,0.40886667948,1.17927586475,0.344645963161,4.31726830233,NaN,NaN,NaN,0.517601693121,0.603545816733,15149,0.0526043475241,0.132564397549,NaN,NaN,NaN,NaN,NaN,0.0495867768595,0.917355371901,0.0330578512397,121,1767,0.121694214876,3.40992049347,29.2066115702,15.5,15.1025641026,21.015041183,0.719530272536,0.403457323661,16.635543944,1.13916288468,0.58104739321,10.683694226,0.731594228264,0.415093986633,1.18989697055,0.348951529172,4.27948733118,NaN,NaN,NaN,0.505727423417,0.596952122579,14376,0.0499201333426,0.131489694695,NaN,NaN,NaN,NaN,NaN,0.0578512396694,0.909090909091,0.0330578512397,-39,-0.00268595041322,-0.01178174825,-0.644628099174,-0.204347826087,-0.333333333333,-0.486765391117,-0.000768341934483,0.00114364016344,-0.477884160453,-0.0074178465738,-0.00119911292681,-0.0875369704893,0.00993366637491,0.00622730715302,0.0106211058054,0.00430556601155,-0.0377809711588,NaN,NaN,NaN,-0.0118742697043,-0.00659369415358,-773,-0.00268421418154,-0.00107470285471,0.00826446280992,-0.00826446280992,0,1756,11,50,12703,0.972314507198,0.999134812018,0.000865187981752,0.0276854928018,0.993774759479,0.972314507198,0.982927511895,0.98060853787,0.971449319216,0.966428178316,141,180,0,10,7,10
129,WLNM_dir_neg_kfold,0.848950617284,0.672960272143,00:00:37,10,90,9,19354,fixed,0.5,0.877551020408,0.716666666667,0.788990825688,129,18,51,342,0.716666666667,0.95,0.05,0.283333333333,0.877551020408,0.716666666667,0.788990825688,0.872222222222,0.575925925926,0.698689956332,0.706059500817,0.666666666667,1841,1661,180,0,1841,0,1661,0,180,121,1806,0.124380165289,3.42170224172,29.8512396694,15.7043478261,15.4358974359,21.5018065741,0.72029861447,0.402313683498,17.1134281045,1.14658073125,0.582246506137,10.7712311965,0.721660561889,0.40886667948,1.17927586475,0.344645963161,4.31726830233,NaN,NaN,NaN,0.517601693121,0.603545816733,15149,0.0526043475241,0.132564397549,NaN,NaN,NaN,NaN,NaN,0.0495867768595,0.917355371901,0.0330578512397,121,1773,0.122107438017,3.43965566968,29.305785124,15.5526315789,15.1538461538,21.0858732232,0.719512312468,0.403728097775,16.6791840047,1.13828610523,0.580190460209,10.6955681973,0.729928794064,0.414174043154,1.19103149982,0.346264746879,4.31518586492,NaN,NaN,NaN,0.51066696903,0.595465475782,14445,0.0501597333148,0.131550118266,NaN,NaN,NaN,NaN,NaN,0.0578512396694,0.909090909091,0.0330578512397,-33,-0.00227272727273,0.0179534279677,-0.545454545455,-0.15171624714,-0.282051282051,-0.415933350864,-0.000786302002113,0.00141441427755,-0.43424409977,-0.00829462602415,-0.00205604592765,-0.0756629991481,0.00826823217452,0.00530736367441,0.0117556350697,0.00161878371862,-0.00208243741842,NaN,NaN,NaN,-0.00693472409126,-0.00808034095155,-704,-0.00244461420932,-0.00101427928327,0.00826446280992,-0.00826446280992,0,1755,18,51,12696,0.971760797342,0.998584237848,0.00141576215196,0.0282392026578,0.989847715736,0.971760797342,0.980720871752,0.978065193603,0.97034503519,0.962171052632,147,180,0,10,7,10
130,WLNM_dir_neg_kfold,0.914992283951,0.693401055673,00:00:36,10,90,10,19355,fixed,0.5,0.897260273973,0.727777777778,0.803680981595,131,15,49,345,0.727777777778,0.958333333333,0.0416666666667,0.272222222222,0.897260273973,0.727777777778,0.803680981595,0.881481481481,0.576543209877,0.720116618076,0.728211304727,0.686111111111,1841,1661,180,0,1841,0,1661,0,180,121,1806,0.124380165289,3.42170224172,29.8512396694,15.7043478261,15.4358974359,21.5018065741,0.72029861447,0.402313683498,17.1134281045,1.14658073125,0.582246506137,10.7712311965,0.721660561889,0.40886667948,1.17927586475,0.344645963161,4.31726830233,NaN,NaN,NaN,0.517601693121,0.603545816733,15149,0.0526043475241,0.132564397549,NaN,NaN,NaN,NaN,NaN,0.0495867768595,0.917355371901,0.0330578512397,121,1772,0.122038567493,3.40232708549,29.2892561983,15.5438596491,15.1452991453,21.0702942617,0.719386457581,0.40350353525,16.6462505809,1.13667963899,0.580163423689,10.6886696273,0.729869652882,0.413726843647,1.17127353131,0.344256593173,4.25693278333,NaN,NaN,NaN,0.50308166272,0.595832931417,14413,0.0500486144871,0.13160918355,NaN,NaN,NaN,NaN,NaN,0.0578512396694,0.909090909091,0.0330578512397,-34,-0.00234159779614,-0.0193751562291,-0.561983471074,-0.160488176964,-0.290598290598,-0.431512312389,-0.000912156889134,0.00118985175228,-0.467177523589,-0.00990109226391,-0.0020830824476,-0.0825615691306,0.0082090909929,0.00486016416702,-0.00800233343413,-0.000389369987328,-0.0603355190037,NaN,NaN,NaN,-0.014520030401,-0.00771288531607,-736,-0.00255573303702,-0.00095521399989,0.00826446280992,-0.00826446280992,0,1757,15,49,12699,0.972868217054,0.998820198207,0.0011798017933,0.0271317829457,0.991534988713,0.972868217054,0.982112912241,0.979657156377,0.971688415261,0.964854475563,146,180,0,10,7,10
131,WLNM_dir_neg_kfold,0.864151234568,0.731822399109,00:00:36,10,90,11,19356,fixed,0.5,0.92700729927,0.705555555556,0.801261829653,127,10,53,350,0.705555555556,0.972222222222,0.0277777777778,0.294444444444,0.92700729927,0.705555555556,0.801261829653,0.883333333333,0.582098765432,0.72082717873,0.734280545457,0.677777777778,1841,1661,180,0,1841,0,1661,0,180,121,1806,0.124380165289,3.42170224172,29.8512396694,15.7043478261,15.4358974359,21.5018065741,0.72029861447,0.402313683498,17.1134281045,1.14658073125,0.582246506137,10.7712311965,0.721660561889,0.40886667948,1.17927586475,0.344645963161,4.31726830233,NaN,NaN,NaN,0.517601693121,0.603545816733,15149,0.0526043475241,0.132564397549,NaN,NaN,NaN,NaN,NaN,0.0495867768595,0.917355371901,0.0330578512397,121,1763,0.121418732782,3.40636001278,29.1404958678,15.4649122807,15.0683760684,20.9898014065,0.720296644977,0.40409144818,16.5976034647,1.1391435163,0.581128148395,10.6480252052,0.730806040745,0.414348194991,1.17875228101,0.346044539211,4.26811529715,NaN,NaN,NaN,0.507124875773,0.595882434493,14327,0.0497499826377,0.131537062056,NaN,NaN,NaN,NaN,NaN,0.0578512396694,0.909090909091,0.0330578512397,-43,-0.00296143250689,-0.0153422289393,-0.710743801653,-0.239435545385,-0.367521367521,-0.512005167583,-1.9694932315e-06,0.00177776468191,-0.515824639794,-0.00743721495811,-0.00111835774188,-0.123205991224,0.009145478856,0.00548151551091,-0.000523583735897,0.00139857605069,-0.0491530051812,NaN,NaN,NaN,-0.0104768173475,-0.00766338223979,-822,-0.00285436488645,-0.00102733549393,0.00826446280992,-0.00826446280992,0,1753,10,53,12704,0.97065337763,0.999213465471,0.000786534528866,0.0293466223699,0.994327850255,0.97065337763,0.982347996638,0.979967459665,0.969866843101,0.965308370044,137,180,0,10,7,10
132,WLNM_dir_neg_kfold,0.847175925926,0.735910320539,00:00:37,10,90,12,19357,fixed,0.5,0.916083916084,0.727777777778,0.811145510836,131,12,49,348,0.727777777778,0.966666666667,0.0333333333333,0.272222222222,0.916083916084,0.727777777778,0.811145510836,0.887037037037,0.578395061728,0.732064421669,0.741927961176,0.694444444444,1841,1661,180,0,1841,0,1661,0,180,121,1806,0.124380165289,3.42170224172,29.8512396694,15.7043478261,15.4358974359,21.5018065741,0.72029861447,0.402313683498,17.1134281045,1.14658073125,0.582246506137,10.7712311965,0.721660561889,0.40886667948,1.17927586475,0.344645963161,4.31726830233,NaN,NaN,NaN,0.517601693121,0.603545816733,15149,0.0526043475241,0.132564397549,NaN,NaN,NaN,NaN,NaN,0.0495867768595,0.917355371901,0.0330578512397,121,1769,0.121831955923,3.44246636,29.2396694215,15.5175438596,15.1196581197,21.025787656,0.719084314974,0.403491723858,16.6304220223,1.13752462674,0.580932403328,10.6366161586,0.727546950363,0.413279202426,1.20332375053,0.349552798688,4.32216246046,NaN,NaN,NaN,0.513580416884,0.597356134486,14415,0.0500555594138,0.130133009907,NaN,NaN,NaN,NaN,NaN,0.0578512396694,0.909090909091,0.0330578512397,-37,-0.00254820936639,0.0207641182855,-0.611570247934,-0.186803966438,-0.316239316239,-0.476018918079,-0.00121429949598,0.00117804036001,-0.483006082212,-0.00905610451741,-0.00131410280836,-0.134615037842,0.00588638847429,0.00441252294583,0.0240478857842,0.00490683552781,0.00489415812031,NaN,NaN,NaN,-0.00402127623734,-0.00618968224678,-734,-0.00254878811029,-0.00243138764211,0.00826446280992,-0.00826446280992,0,1757,12,49,12702,0.972868217054,0.999056158565,0.000943841434639,0.0271317829457,0.993216506501,0.972868217054,0.982937062937,0.980610211601,0.97192437562,0.966446644664,143,180,0,10,7,10
133,WLNM_dir_neg_kfold,0.826226851852,0.636216883721,00:00:39,10,90,13,19358,fixed,0.5,0.890410958904,0.722222222222,0.79754601227,130,16,50,344,0.722222222222,0.955555555556,0.0444444444444,0.277777777778,0.890410958904,0.722222222222,0.79754601227,0.877777777778,0.576543209877,0.711370262391,0.71936663301,0.677777777778,1841,1661,180,0,1841,0,1661,0,180,121,1806,0.124380165289,3.42170224172,29.8512396694,15.7043478261,15.4358974359,21.5018065741,0.72029861447,0.402313683498,17.1134281045,1.14658073125,0.582246506137,10.7712311965,0.721660561889,0.40886667948,1.17927586475,0.344645963161,4.31726830233,NaN,NaN,NaN,0.517601693121,0.603545816733,15149,0.0526043475241,0.132564397549,NaN,NaN,NaN,NaN,NaN,0.0495867768595,0.917355371901,0.0330578512397,121,1772,0.122038567493,3.42171741788,29.2892561983,15.5438596491,15.1452991453,20.9449429125,0.715106685219,0.401199559726,16.6186940442,1.13479795674,0.580182079361,10.6449201532,0.726882245227,0.412644814656,1.19821786751,0.350180251953,4.25396064719,NaN,NaN,NaN,0.505584538781,0.596741203461,14393,0.0499791652198,0.129988998412,NaN,NaN,NaN,NaN,NaN,0.0578512396694,0.909090909091,0.0330578512397,-34,-0.00234159779614,1.51761678073e-05,-0.561983471074,-0.160488176964,-0.290598290598,-0.556863661587,-0.00519192925171,-0.00111412377148,-0.494734060267,-0.0117827745089,-0.00206442677534,-0.12631104322,0.00522168333783,0.00377813517611,0.018942002763,0.00553428879282,-0.0633076551492,NaN,NaN,NaN,-0.0120171543403,-0.0068046132725,-756,-0.00262518230433,-0.00257539913702,0.00826446280992,-0.00826446280992,0,1756,16,50,12698,0.972314507198,0.998741544754,0.00125845524619,0.0276854928018,0.990970654628,0.972314507198,0.981553940749,0.979019607106,0.971056051952,0.963776070252,146,180,0,10,7,10
134,WLNM_dir_neg_kfold,0.893695987654,0.70714765914,00:00:36,10,90,14,19359,fixed,0.5,0.920289855072,0.705555555556,0.798742138365,127,11,53,349,0.705555555556,0.969444444444,0.0305555555556,0.294444444444,0.920289855072,0.705555555556,0.798742138365,0.881481481481,0.581481481481,0.716814159292,0.729522525259,0.675,1841,1661,180,0,1841,0,1661,0,180,121,1806,0.124380165289,3.42170224172,29.8512396694,15.7043478261,15.4358974359,21.5018065741,0.72029861447,0.402313683498,17.1134281045,1.14658073125,0.582246506137,10.7712311965,0.721660561889,0.40886667948,1.17927586475,0.344645963161,4.31726830233,NaN,NaN,NaN,0.517601693121,0.603545816733,15149,0.0526043475241,0.132564397549,NaN,NaN,NaN,NaN,NaN,0.0495867768595,0.917355371901,0.0330578512397,121,1764,0.121487603306,3.40419505828,29.1570247934,15.4736842105,15.0769230769,20.941588711,0.718234760213,0.402911302262,16.5633893805,1.13615085886,0.580836191226,10.5922550842,0.726566250106,0.412604711306,1.17789858846,0.346013835371,4.26422564913,NaN,NaN,NaN,0.50372827922,0.595852976762,14282,0.0495937217862,0.127486077359,NaN,NaN,NaN,NaN,NaN,0.0578512396694,0.909090909091,0.0330578512397,-42,-0.00289256198347,-0.0175071834419,-0.694214876033,-0.230663615561,-0.358974358974,-0.560217863101,-0.00206385425727,0.000597618764336,-0.550038724036,-0.0104298723899,-0.00141031491077,-0.178976112268,0.00490568821705,0.00373803182622,-0.00137727628189,0.00136787221001,-0.0530426532073,NaN,NaN,NaN,-0.0138734139013,-0.00769283997142,-867,-0.0030106257379,-0.00507832019071,0.00826446280992,-0.00826446280992,0,1753,11,53,12703,0.97065337763,0.999134812018,0.000865187981752,0.0293466223699,0.993764172336,0.97065337763,0.982072829132,0.979648598942,0.969788189648,0.964777105118,138,180,0,10,7,10
135,WLNM_dir_neg_kfold,0.912962962963,0.862900318968,00:00:41,10,90,15,19360,fixed,0.5,0.933823529412,0.705555555556,0.803797468354,127,9,53,351,0.705555555556,0.975,0.025,0.294444444444,0.933823529412,0.705555555556,0.803797468354,0.885185185185,0.582716049383,0.724852071006,0.739079148515,0.680555555556,1841,1661,180,0,1841,0,1661,0,180,121,1806,0.124380165289,3.42170224172,29.8512396694,15.7043478261,15.4358974359,21.5018065741,0.72029861447,0.402313683498,17.1134281045,1.14658073125,0.582246506137,10.7712311965,0.721660561889,0.40886667948,1.17927586475,0.344645963161,4.31726830233,NaN,NaN,NaN,0.517601693121,0.603545816733,15149,0.0526043475241,0.132564397549,NaN,NaN,NaN,NaN,NaN,0.0495867768595,0.917355371901,0.0330578512397,121,1762,0.121349862259,3.42925611914,29.1239669421,15.4561403509,15.0598290598,21.028777999,0.722043739467,0.404808585285,16.5775413145,1.13841231501,0.580257220852,10.6816763369,0.733531689424,0.415765330532,1.18669080299,0.346049044387,4.31029832337,NaN,NaN,NaN,0.503346105748,0.598050108327,14354,0.0498437391486,0.131626113738,NaN,NaN,NaN,NaN,NaN,0.0578512396694,0.909090909091,0.0330578512397,-44,-0.0030303030303,0.00755387741917,-0.727272727273,-0.24820747521,-0.376068376068,-0.473028575085,0.00174512499661,0.0024949017877,-0.535886790019,-0.00816841624127,-0.00198928528498,-0.0895548595557,0.0118711275351,0.00689865105182,0.00741493824099,0.00140308122669,-0.00696997896722,NaN,NaN,NaN,-0.0142555873731,-0.00549570840575,-795,-0.00276060837558,-0.000938283811411,0.00826446280992,-0.00826446280992,0,1753,9,53,12705,0.97065337763,0.999292118924,0.000707881075979,0.0293466223699,0.994892167991,0.97065337763,0.982623318386,0.980286578431,0.969945496554,0.965840220386,136,180,0,10,7,10
136,WLNM_dir_neg_kfold,0.90650462963,0.865929073812,00:00:38,10,90,16,19361,fixed,0.5,0.888111888112,0.705555555556,0.786377708978,127,16,53,344,0.705555555556,0.955555555556,0.0444444444444,0.294444444444,0.888111888112,0.705555555556,0.786377708978,0.872222222222,0.578395061728,0.696925329429,0.70631541904,0.661111111111,1841,1661,180,0,1841,0,1661,0,180,121,1806,0.124380165289,3.42170224172,29.8512396694,15.7043478261,15.4358974359,21.5018065741,0.72029861447,0.402313683498,17.1134281045,1.14658073125,0.582246506137,10.7712311965,0.721660561889,0.40886667948,1.17927586475,0.344645963161,4.31726830233,NaN,NaN,NaN,0.517601693121,0.603545816733,15149,0.0526043475241,0.132564397549,NaN,NaN,NaN,NaN,NaN,0.0495867768595,0.917355371901,0.0330578512397,121,1769,0.121831955923,3.31950912815,29.2396694215,15.6548672566,15.1196581197,21.045595261,0.719761737304,0.403351569033,16.6364340121,1.1379358482,0.580652093679,10.6264263343,0.726849964079,0.412372867895,1.15908829753,0.349174607685,4.20140905735,NaN,NaN,NaN,0.507729144087,0.595376840012,14372,0.0499062434891,0.130244843317,NaN,NaN,NaN,NaN,NaN,0.0661157024793,0.900826446281,0.0330578512397,-37,-0.00254820936639,-0.10219311357,-0.611570247934,-0.0494805694498,-0.316239316239,-0.45621131311,-0.000536877166612,0.00103788553564,-0.476994092387,-0.00864488305394,-0.00159441245709,-0.144804862122,0.00518940218944,0.00350618841495,-0.0201875672194,0.00452864452392,-0.115859244984,NaN,NaN,NaN,-0.00987254903395,-0.00816897672092,-777,-0.002698104035,-0.00231955423238,0.0165289256198,-0.0165289256198,0,1753,16,53,12698,0.97065337763,0.998741544754,0.00125845524619,0.0293466223699,0.990955342001,0.97065337763,0.980699300699,0.978058153298,0.969394922384,0.962129527991,143,180,0,10,7,10
137,WLNM_dir_neg_kfold,0.89638117284,0.832956791144,00:00:36,10,90,17,19362,fixed,0.5,0.867549668874,0.727777777778,0.791540785498,131,20,49,340,0.727777777778,0.944444444444,0.0555555555556,0.272222222222,0.867549668874,0.727777777778,0.791540785498,0.872222222222,0.573456790123,0.700434153401,0.706052660491,0.672222222222,1841,1661,180,0,1841,0,1661,0,180,121,1806,0.124380165289,3.42170224172,29.8512396694,15.7043478261,15.4358974359,21.5018065741,0.72029861447,0.402313683498,17.1134281045,1.14658073125,0.582246506137,10.7712311965,0.721660561889,0.40886667948,1.17927586475,0.344645963161,4.31726830233,NaN,NaN,NaN,0.517601693121,0.603545816733,15149,0.0526043475241,0.132564397549,NaN,NaN,NaN,NaN,NaN,0.0495867768595,0.917355371901,0.0330578512397,121,1777,0.12238292011,3.42253802233,29.3719008264,15.452173913,15.188034188,20.9813934362,0.714335567185,0.400884581219,16.6468380671,1.13352133152,0.579191412772,10.6411411182,0.724579670964,0.411334917704,1.17276841135,0.342660447803,4.31476723148,NaN,NaN,NaN,0.506571773805,0.595190959333,14431,0.0501111188277,0.127774299977,NaN,NaN,NaN,NaN,NaN,0.0495867768595,0.917355371901,0.0330578512397,-29,-0.00199724517906,0.000835780615121,-0.479338842975,-0.252173913043,-0.247863247863,-0.520413137938,-0.00596304728509,-0.00142910227846,-0.466590037434,-0.0130593997316,-0.00305509336456,-0.130090078257,0.00291910907467,0.00246823822439,-0.00650745339161,-0.00198551535801,-0.00250107085994,NaN,NaN,NaN,-0.0110299193164,-0.00835485739957,-718,-0.00249322869644,-0.00479009757298,0,0,0,1757,20,49,12694,0.972868217054,0.998426930942,0.00157306905773,0.0271317829457,0.988745075971,0.972868217054,0.980742394641,0.978073833516,0.971295147997,0.962212486309,151,180,0,10,7,10
138,WLNM_dir_neg_kfold,0.885385802469,0.756824128211,00:00:39,10,90,18,19363,fixed,0.5,0.934782608696,0.716666666667,0.811320754717,129,9,51,351,0.716666666667,0.975,0.025,0.283333333333,0.934782608696,0.716666666667,0.811320754717,0.888888888889,0.581481481481,0.734513274336,0.747535427117,0.691666666667,1841,1661,180,0,1841,0,1661,0,180,121,1806,0.124380165289,3.42170224172,29.8512396694,15.7043478261,15.4358974359,21.5018065741,0.72029861447,0.402313683498,17.1134281045,1.14658073125,0.582246506137,10.7712311965,0.721660561889,0.40886667948,1.17927586475,0.344645963161,4.31726830233,NaN,NaN,NaN,0.517601693121,0.603545816733,15149,0.0526043475241,0.132564397549,NaN,NaN,NaN,NaN,NaN,0.0495867768595,0.917355371901,0.0330578512397,121,1764,0.121487603306,3.41316803184,29.1570247934,15.4736842105,15.0769230769,21.047568452,0.721869552917,0.404710368996,16.6326747028,1.14090342349,0.582110530162,10.6823468599,0.732746014767,0.41550945447,1.1822904596,0.346390933165,4.27306901931,NaN,NaN,NaN,0.509105267189,0.597031678723,14361,0.0498680463921,0.131553686495,NaN,NaN,NaN,NaN,NaN,0.0578512396694,0.909090909091,0.0330578512397,-42,-0.00289256198347,-0.0085342098722,-0.694214876033,-0.230663615561,-0.358974358974,-0.454238122123,0.00157093844632,0.00239668549847,-0.480753401709,-0.0056773077631,-0.000135975974091,-0.0888843365583,0.0110854528774,0.00664277499071,0.00301459485255,0.00174497000388,-0.044199283021,NaN,NaN,NaN,-0.00849642593204,-0.00651413801019,-788,-0.00273630113202,-0.00101071105499,0.00826446280992,-0.00826446280992,0,1755,9,51,12705,0.971760797342,0.999292118924,0.000707881075979,0.0282392026578,0.994897959184,0.971760797342,0.983193277311,0.980926184783,0.971052916266,0.96694214876,138,180,0,10,7,10
139,WLNM_dir_neg_kfold,0.889930555556,0.813512602258,00:00:36,10,90,19,19364,fixed,0.5,0.872483221477,0.722222222222,0.790273556231,130,19,50,341,0.722222222222,0.947222222222,0.0527777777778,0.277777777778,0.872483221477,0.722222222222,0.790273556231,0.872222222222,0.574691358025,0.699564586357,0.706025735393,0.669444444444,1841,1661,180,0,1841,0,1661,0,180,121,1806,0.124380165289,3.42170224172,29.8512396694,15.7043478261,15.4358974359,21.5018065741,0.72029861447,0.402313683498,17.1134281045,1.14658073125,0.582246506137,10.7712311965,0.721660561889,0.40886667948,1.17927586475,0.344645963161,4.31726830233,NaN,NaN,NaN,0.517601693121,0.603545816733,15149,0.0526043475241,0.132564397549,NaN,NaN,NaN,NaN,NaN,0.0495867768595,0.917355371901,0.0330578512397,121,1775,0.122245179063,3.40784793653,29.3388429752,15.5701754386,15.1709401709,21.0041875662,0.715917379018,0.401545803748,16.6450134824,1.13467415852,0.578987312304,10.6664492919,0.727121332009,0.412701664533,1.17959397408,0.34614043703,4.27593292673,NaN,NaN,NaN,0.504246376576,0.594807303348,14410,0.050038197097,0.129688851901,NaN,NaN,NaN,NaN,NaN,0.0578512396694,0.909090909091,0.0330578512397,-31,-0.0021349862259,-0.0138543051914,-0.512396694215,-0.13417238749,-0.264957264957,-0.497619007893,-0.00438123545292,-0.000767879749507,-0.468414622094,-0.0119065727349,-0.003259193833,-0.104781904598,0.00546077011953,0.00383498505286,0.000318109335738,0.0014944738695,-0.0413353756015,NaN,NaN,NaN,-0.0133553165449,-0.00873851338547,-739,-0.00256615042711,-0.00287554564874,0.00826446280992,-0.00826446280992,0,1756,19,50,12695,0.972314507198,0.998505584395,0.00149441560485,0.0276854928018,0.989295774648,0.972314507198,0.980731639207,0.978069314191,0.970820091593,0.962191780822,149,180,0,10,7,10
140,WLNM_dir_neg_kfold,0.876280864198,0.520519740518,00:00:37,10,90,20,19365,fixed,0.5,0.871621621622,0.716666666667,0.786585365854,129,19,51,341,0.716666666667,0.947222222222,0.0527777777778,0.283333333333,0.871621621622,0.716666666667,0.786585365854,0.87037037037,0.575308641975,0.69476744186,0.70163139225,0.663888888889,1841,1661,180,0,1841,0,1661,0,180,121,1806,0.124380165289,3.42170224172,29.8512396694,15.7043478261,15.4358974359,21.5018065741,0.72029861447,0.402313683498,17.1134281045,1.14658073125,0.582246506137,10.7712311965,0.721660561889,0.40886667948,1.17927586475,0.344645963161,4.31726830233,NaN,NaN,NaN,0.517601693121,0.603545816733,15149,0.0526043475241,0.132564397549,NaN,NaN,NaN,NaN,NaN,0.0495867768595,0.917355371901,0.0330578512397,121,1774,0.12217630854,3.37460497964,29.3223140496,15.5614035088,15.1623931624,20.9559915362,0.71467727618,0.400849739581,16.5884265473,1.13145412189,0.577832232337,10.6579811401,0.726953617788,0.413046111417,1.15955107736,0.343610906865,4.23767293469,NaN,NaN,NaN,0.501084572422,0.59414953039,14360,0.0498645739287,0.130233866293,NaN,NaN,NaN,NaN,NaN,0.0578512396694,0.909090909091,0.0330578512397,-32,-0.00220385674931,-0.0470972620774,-0.528925619835,-0.142944317315,-0.273504273504,-0.545815037863,-0.00562133829068,-0.00146394391671,-0.525001557142,-0.0151266093653,-0.00441427379988,-0.113250056326,0.00529305589913,0.00417943193672,-0.0197247873807,-0.00103505629573,-0.0795953676415,NaN,NaN,NaN,-0.0165171206994,-0.0093962863429,-789,-0.00273977359539,-0.00233053125642,0.00826446280992,-0.00826446280992,0,1755,19,51,12695,0.971760797342,0.998505584395,0.00149441560485,0.0282392026578,0.989289740699,0.971760797342,0.980446927374,0.977748584095,0.970266381737,0.961643835616,148,180,0,10,7,10
141,WLNM_dir_neg_kfold,0.852322530864,0.673957690072,00:00:38,10,90,1,20346,fixed,0.5,0.91724137931,0.738888888889,0.818461538462,133,12,47,348,0.738888888889,0.966666666667,0.0333333333333,0.261111111111,0.91724137931,0.738888888889,0.818461538462,0.890740740741,0.577160493827,0.741605839416,0.750474896935,0.705555555556,1841,1661,180,0,1841,0,1661,0,180,121,1806,0.124380165289,3.42170224172,29.8512396694,15.7043478261,15.4358974359,21.5018065741,0.72029861447,0.402313683498,17.1134281045,1.14658073125,0.582246506137,10.7712311965,0.721660561889,0.40886667948,1.17927586475,0.344645963161,4.31726830233,NaN,NaN,NaN,0.517601693121,0.603545816733,15149,0.0526043475241,0.132564397549,NaN,NaN,NaN,NaN,NaN,0.0495867768595,0.917355371901,0.0330578512397,121,1771,0.12196969697,3.4409438186,29.2727272727,15.4,15.2672413793,21.0019840333,0.717459081882,0.402765398454,16.5896554113,1.13345471754,0.578475064282,10.7571681528,0.734961799257,0.416443061071,1.18307511349,0.343822850897,4.32748454719,NaN,NaN,NaN,0.501767216845,0.59844025088,14503,0.05036113619,0.13108875862,NaN,NaN,NaN,NaN,NaN,0.0495867768595,0.909090909091,0.0413223140496,-35,-0.00241046831956,0.0192415768812,-0.578512396694,-0.304347826087,-0.168656056587,-0.499822540849,-0.00283953258887,0.000451714955889,-0.523772693162,-0.013126013709,-0.00377144185482,-0.0140630437045,0.0133012373675,0.00757638159137,0.00379924874283,-0.000823112263214,0.0102162448535,NaN,NaN,NaN,-0.0158344762755,-0.00510556585279,-646,-0.00224321133412,-0.00147563892999,0,-0.00826446280992,0.00826446280992,1759,12,47,12702,0.973975636766,0.999056158565,0.000943841434639,0.0260243632337,0.993224167137,0.973975636766,0.98350573106,0.981249994073,0.973031795332,0.967546754675,145,180,0,10,8,10
142,WLNM_dir_neg_kfold,0.884760802469,0.75553045329,00:00:36,10,90,2,20347,fixed,0.5,0.892617449664,0.738888888889,0.808510638298,133,16,47,344,0.738888888889,0.955555555556,0.0444444444444,0.261111111111,0.892617449664,0.738888888889,0.808510638298,0.883333333333,0.574691358025,0.725689404935,0.732391841694,0.694444444444,1841,1661,180,0,1841,0,1661,0,180,121,1806,0.124380165289,3.42170224172,29.8512396694,15.7043478261,15.4358974359,21.5018065741,0.72029861447,0.402313683498,17.1134281045,1.14658073125,0.582246506137,10.7712311965,0.721660561889,0.40886667948,1.17927586475,0.344645963161,4.31726830233,NaN,NaN,NaN,0.517601693121,0.603545816733,15149,0.0526043475241,0.132564397549,NaN,NaN,NaN,NaN,NaN,0.0495867768595,0.917355371901,0.0330578512397,121,1775,0.122245179063,3.68127917938,29.3388429752,15.4347826087,15.3017241379,21.0430327817,0.717241399037,0.402556163427,16.6460147532,1.13474241416,0.579201489931,10.7396371988,0.73211047947,0.415336980561,1.29812672788,0.35262925321,4.55519772842,NaN,NaN,NaN,0.497118025887,0.599785967127,14572,0.0506007361622,0.131006217964,NaN,NaN,NaN,NaN,NaN,0.0495867768595,0.909090909091,0.0413223140496,-31,-0.0021349862259,0.259576937662,-0.512396694215,-0.269565217391,-0.134173297966,-0.458773792447,-0.00305721543348,0.000242479929226,-0.467413351328,-0.011838317094,-0.00304501620525,-0.0315939976285,0.0104499175806,0.00647030108127,0.118850863137,0.00798329004938,0.237929426081,NaN,NaN,NaN,-0.020483667234,-0.00375984960632,-577,-0.0020036113619,-0.00155817958526,0,-0.00826446280992,0.00826446280992,1759,16,47,12698,0.973975636766,0.998741544754,0.00125845524619,0.0260243632337,0.990985915493,0.973975636766,0.982407148841,0.979980569901,0.97271718152,0.965422612514,149,180,0,10,8,10
143,WLNM_dir_neg_kfold,0.839027777778,0.774062491009,00:00:38,10,90,3,20348,fixed,0.5,0.916666666667,0.733333333333,0.814814814815,132,12,48,348,0.733333333333,0.966666666667,0.0333333333333,0.266666666667,0.916666666667,0.733333333333,0.814814814815,0.888888888889,0.577777777778,0.736842105263,0.746202507245,0.7,1841,1661,180,0,1841,0,1661,0,180,121,1806,0.124380165289,3.42170224172,29.8512396694,15.7043478261,15.4358974359,21.5018065741,0.72029861447,0.402313683498,17.1134281045,1.14658073125,0.582246506137,10.7712311965,0.721660561889,0.40886667948,1.17927586475,0.344645963161,4.31726830233,NaN,NaN,NaN,0.517601693121,0.603545816733,15149,0.0526043475241,0.132564397549,NaN,NaN,NaN,NaN,NaN,0.0495867768595,0.917355371901,0.0330578512397,121,1770,0.121900826446,3.3896835015,29.2561983471,15.3913043478,15.2586206897,21.0085414874,0.718088564964,0.403016295466,16.6002671823,1.13482052489,0.578792547976,10.7145790331,0.73246557232,0.415436335621,1.16242555794,0.342930411474,4.28963719628,NaN,NaN,NaN,0.498917735191,0.597522708505,14472,0.0502534898257,0.130496285491,NaN,NaN,NaN,NaN,NaN,0.0495867768595,0.909090909091,0.0413223140496,-36,-0.00247933884298,-0.0320187402215,-0.595041322314,-0.313043478261,-0.177276746242,-0.493265086729,-0.0022100495063,0.000702611968602,-0.513160922202,-0.0117602063623,-0.00345395816066,-0.056652163351,0.0108050104308,0.00656965614145,-0.0168503068095,-0.00171555168619,-0.0276311060554,NaN,NaN,NaN,-0.01868395793,-0.0060231082277,-677,-0.00235085769845,-0.00206811205841,0,-0.00826446280992,0.00826446280992,1758,12,48,12702,0.97342192691,0.999056158565,0.000943841434639,0.0265780730897,0.993220338983,0.97342192691,0.98322147651,0.980930129898,0.972478085476,0.96699669967,144,180,0,10,8,10
144,WLNM_dir_neg_kfold,0.818688271605,0.782621163775,00:00:37,10,90,4,20349,fixed,0.5,0.909090909091,0.722222222222,0.804953560372,130,13,50,347,0.722222222222,0.963888888889,0.0361111111111,0.277777777778,0.909090909091,0.722222222222,0.804953560372,0.883333333333,0.578395061728,0.723279648609,0.733024825642,0.686111111111,1841,1661,180,0,1841,0,1661,0,180,121,1806,0.124380165289,3.42170224172,29.8512396694,15.7043478261,15.4358974359,21.5018065741,0.72029861447,0.402313683498,17.1134281045,1.14658073125,0.582246506137,10.7712311965,0.721660561889,0.40886667948,1.17927586475,0.344645963161,4.31726830233,NaN,NaN,NaN,0.517601693121,0.603545816733,15149,0.0526043475241,0.132564397549,NaN,NaN,NaN,NaN,NaN,0.0495867768595,0.917355371901,0.0330578512397,121,1769,0.121831955923,3.43707471585,29.2396694215,15.3826086957,15.25,20.9121275792,0.715197127498,0.40128194946,16.5258666935,1.13037301861,0.577690155058,10.7208956392,0.733311685889,0.415493648651,1.18513391751,0.344808889967,4.33373324745,NaN,NaN,NaN,0.494168077088,0.594138212169,14332,0.0497673449545,0.130327349824,NaN,NaN,NaN,NaN,NaN,0.0495867768595,0.909090909091,0.0413223140496,-37,-0.00254820936639,0.0153724741304,-0.611570247934,-0.321739130435,-0.185897435897,-0.589678994884,-0.0051014869729,-0.00103173403745,-0.587561410958,-0.0162077126453,-0.00455635107862,-0.0503355572993,0.0116511240004,0.00662696917076,0.00585805276106,0.000162926806813,0.0164649451112,NaN,NaN,NaN,-0.0234336160329,-0.00940760456454,-817,-0.00283700256962,-0.00223704772595,0,-0.00826446280992,0.00826446280992,1756,13,50,12701,0.972314507198,0.998977505112,0.00102249488753,0.0276854928018,0.992651215376,0.972314507198,0.982377622378,0.979972197025,0.971292012311,0.965365585487,143,180,0,10,8,10
145,WLNM_dir_neg_kfold,0.898842592593,0.821995855268,00:00:36,10,90,5,20350,fixed,0.5,0.858974358974,0.744444444444,0.797619047619,134,22,46,338,0.744444444444,0.938888888889,0.0611111111111,0.255555555556,0.858974358974,0.744444444444,0.797619047619,0.874074074074,0.57037037037,0.706896551724,0.710709626414,0.683333333333,1841,1661,180,0,1841,0,1661,0,180,121,1806,0.124380165289,3.42170224172,29.8512396694,15.7043478261,15.4358974359,21.5018065741,0.72029861447,0.402313683498,17.1134281045,1.14658073125,0.582246506137,10.7712311965,0.721660561889,0.40886667948,1.17927586475,0.344645963161,4.31726830233,NaN,NaN,NaN,0.517601693121,0.603545816733,15149,0.0526043475241,0.132564397549,NaN,NaN,NaN,NaN,NaN,0.0495867768595,0.917355371901,0.0330578512397,121,1782,0.122727272727,3.43732779878,29.4545454545,15.4956521739,15.3620689655,20.9598823152,0.7116009428,0.399718025062,16.5725676948,1.12529780644,0.575729749283,10.7741975726,0.731581316658,0.414837075994,1.18413179327,0.344491960787,4.33471466216,NaN,NaN,NaN,0.496082833146,0.595928009613,14547,0.0505139245781,0.13024601154,NaN,NaN,NaN,NaN,NaN,0.0495867768595,0.909090909091,0.0413223140496,-24,-0.00165289256198,0.0156255570581,-0.396694214876,-0.208695652174,-0.0738284703802,-0.541924258918,-0.00869767167074,-0.00259565843524,-0.540860409653,-0.0212829248137,-0.0065167568531,0.00296637613552,0.00992075476865,0.00597039651431,0.00485592852326,-0.000154002373336,0.0174463598285,NaN,NaN,NaN,-0.0215188599746,-0.00761780711978,-602,-0.00209042294604,-0.00231838600916,0,-0.00826446280992,0.00826446280992,1760,22,46,12692,0.974529346622,0.998269624036,0.0017303759635,0.0254706533776,0.987654320988,0.974529346622,0.98104793757,0.978404872417,0.972798970659,0.962800875274,156,180,0,10,8,10
146,WLNM_dir_neg_kfold,0.843140432099,0.577611309462,00:00:36,10,90,6,20351,fixed,0.5,0.885906040268,0.733333333333,0.802431610942,132,17,48,343,0.733333333333,0.952777777778,0.0472222222222,0.266666666667,0.885906040268,0.733333333333,0.802431610942,0.87962962963,0.574691358025,0.716981132075,0.723603139594,0.686111111111,1841,1661,180,0,1841,0,1661,0,180,121,1806,0.124380165289,3.42170224172,29.8512396694,15.7043478261,15.4358974359,21.5018065741,0.72029861447,0.402313683498,17.1134281045,1.14658073125,0.582246506137,10.7712311965,0.721660561889,0.40886667948,1.17927586475,0.344645963161,4.31726830233,NaN,NaN,NaN,0.517601693121,0.603545816733,15149,0.0526043475241,0.132564397549,NaN,NaN,NaN,NaN,NaN,0.0495867768595,0.917355371901,0.0330578512397,121,1775,0.122245179063,3.42469273659,29.3388429752,15.4347826087,15.3017241379,20.9270772442,0.713289111703,0.400479571645,16.5440766992,1.12779339752,0.577031777442,10.7907278328,0.735593277619,0.416249563497,1.17524441227,0.343167840931,4.34607326953,NaN,NaN,NaN,0.494378849876,0.592486701214,14368,0.0498923536357,0.130387001713,NaN,NaN,NaN,NaN,NaN,0.0495867768595,0.909090909091,0.0413223140496,-31,-0.0021349862259,0.00299049487184,-0.512396694215,-0.269565217391,-0.134173297966,-0.574729329939,-0.00700950276773,-0.00183411185287,-0.569351405286,-0.01878733373,-0.00521472869506,0.0194966363845,0.0139327157302,0.0073828840169,-0.00403145247906,-0.00147812222989,0.0288049671989,NaN,NaN,NaN,-0.0232228432446,-0.0110591155193,-781,-0.00271199388846,-0.0021773958368,0,-0.00826446280992,0.00826446280992,1758,17,48,12697,0.97342192691,0.998662891301,0.00133710869907,0.0265780730897,0.990422535211,0.97342192691,0.98184864563,0.979343484664,0.972084818211,0.964344487109,149,180,0,10,8,10
147,WLNM_dir_neg_kfold,0.809714506173,0.664875403539,00:00:39,10,90,7,20352,fixed,0.5,0.891891891892,0.733333333333,0.80487804878,132,16,48,344,0.733333333333,0.955555555556,0.0444444444444,0.266666666667,0.891891891892,0.733333333333,0.80487804878,0.881481481481,0.575308641975,0.720930232558,0.728052658067,0.688888888889,1841,1661,180,0,1841,0,1661,0,180,121,1806,0.124380165289,3.42170224172,29.8512396694,15.7043478261,15.4358974359,21.5018065741,0.72029861447,0.402313683498,17.1134281045,1.14658073125,0.582246506137,10.7712311965,0.721660561889,0.40886667948,1.17927586475,0.344645963161,4.31726830233,NaN,NaN,NaN,0.517601693121,0.603545816733,15149,0.0526043475241,0.132564397549,NaN,NaN,NaN,NaN,NaN,0.0495867768595,0.917355371901,0.0330578512397,121,1774,0.12217630854,3.42055431045,29.3223140496,15.4260869565,15.2931034483,21.0365613778,0.717425007528,0.402806376774,16.5673140647,1.13001409347,0.578037213376,10.7707580351,0.734645841175,0.416055605766,1.17526828483,0.343590008568,4.3265797187,NaN,NaN,NaN,0.498060544045,0.596246906791,14457,0.0502014028752,0.130697767457,NaN,NaN,NaN,NaN,NaN,0.0495867768595,0.909090909091,0.0413223140496,-32,-0.00220385674931,-0.00114793126775,-0.528925619835,-0.278260869565,-0.142793987622,-0.465245196343,-0.00287360694232,0.000492693276169,-0.54611403984,-0.0165666377793,-0.00420929276062,-0.000473161385237,0.0129852792857,0.00718892628577,-0.00400757991254,-0.00105595459312,0.00931141636674,NaN,NaN,NaN,-0.0195411490763,-0.00729890994176,-692,-0.00240294464893,-0.00186663009223,0,-0.00826446280992,0.00826446280992,1758,16,48,12698,0.97342192691,0.998741544754,0.00125845524619,0.0265780730897,0.990980834273,0.97342192691,0.982122905028,0.979660303417,0.972163471664,0.964873765093,148,180,0,10,8,10
148,WLNM_dir_neg_kfold,0.865817901235,0.589694108156,00:00:36,10,90,8,20353,fixed,0.5,0.885906040268,0.733333333333,0.802431610942,132,17,48,343,0.733333333333,0.952777777778,0.0472222222222,0.266666666667,0.885906040268,0.733333333333,0.802431610942,0.87962962963,0.574691358025,0.716981132075,0.723603139594,0.686111111111,1841,1661,180,0,1841,0,1661,0,180,121,1806,0.124380165289,3.42170224172,29.8512396694,15.7043478261,15.4358974359,21.5018065741,0.72029861447,0.402313683498,17.1134281045,1.14658073125,0.582246506137,10.7712311965,0.721660561889,0.40886667948,1.17927586475,0.344645963161,4.31726830233,NaN,NaN,NaN,0.517601693121,0.603545816733,15149,0.0526043475241,0.132564397549,NaN,NaN,NaN,NaN,NaN,0.0495867768595,0.917355371901,0.0330578512397,121,1775,0.122245179063,3.42960261212,29.3388429752,15.4347826087,15.3017241379,20.9720264952,0.714821184767,0.401103480386,16.575276986,1.12992029031,0.577516005122,10.759792772,0.733484465019,0.41543941334,1.17763007618,0.343372165631,4.32375126093,NaN,NaN,NaN,0.501602095824,0.595981499527,14475,0.0502639072158,0.130477623045,NaN,NaN,NaN,NaN,NaN,0.0495867768595,0.909090909091,0.0413223140496,-31,-0.0021349862259,0.0079003704019,-0.512396694215,-0.269565217391,-0.134173297966,-0.529780078875,-0.0054774297033,-0.00121020311116,-0.538151118494,-0.0166604409403,-0.00473050101493,-0.0114384244844,0.0118239031301,0.00657273385975,-0.00164578856769,-0.00127379752941,0.00648295859433,NaN,NaN,NaN,-0.0159995972971,-0.00756431720656,-674,-0.00234044030835,-0.00208677450468,0,-0.00826446280992,0.00826446280992,1758,17,48,12697,0.97342192691,0.998662891301,0.00133710869907,0.0265780730897,0.990422535211,0.97342192691,0.98184864563,0.979343484664,0.972084818211,0.964344487109,149,180,0,10,8,10
149,WLNM_dir_neg_kfold,0.869405864198,0.811971890293,00:00:37,10,90,9,20354,fixed,0.5,0.878378378378,0.722222222222,0.792682926829,130,18,50,342,0.722222222222,0.95,0.05,0.277777777778,0.878378378378,0.722222222222,0.792682926829,0.874074074074,0.575308641975,0.703488372093,0.710438480855,0.672222222222,1841,1661,180,0,1841,0,1661,0,180,121,1806,0.124380165289,3.42170224172,29.8512396694,15.7043478261,15.4358974359,21.5018065741,0.72029861447,0.402313683498,17.1134281045,1.14658073125,0.582246506137,10.7712311965,0.721660561889,0.40886667948,1.17927586475,0.344645963161,4.31726830233,NaN,NaN,NaN,0.517601693121,0.603545816733,15149,0.0526043475241,0.132564397549,NaN,NaN,NaN,NaN,NaN,0.0495867768595,0.917355371901,0.0330578512397,121,1774,0.12217630854,3.52433280991,29.3223140496,15.4260869565,15.2931034483,20.8659271206,0.711605744529,0.399601218705,16.4921970029,1.12489055093,0.575120892227,10.6650157986,0.727433433836,0.41207711014,1.22457487838,0.347462894236,4.41303649101,NaN,NaN,NaN,0.502756514555,0.591811414392,14310,0.0496909507605,0.130752545636,NaN,NaN,NaN,NaN,NaN,0.0495867768595,0.909090909091,0.0413223140496,-32,-0.00220385674931,0.102630568197,-0.528925619835,-0.278260869565,-0.142793987622,-0.635879453549,-0.00869286994174,-0.00271246479216,-0.621231101561,-0.0216901803206,-0.00712561391001,-0.106215397903,0.00577287194709,0.00321043066025,0.0452990136377,0.00281693107529,0.0957681886711,NaN,NaN,NaN,-0.0148451785661,-0.011734402341,-839,-0.00291339676366,-0.00181185191334,0,-0.00826446280992,0.00826446280992,1756,18,50,12696,0.972314507198,0.998584237848,0.00141576215196,0.0276854928018,0.989853438557,0.972314507198,0.981005586592,0.978385823869,0.970898745046,0.962719298246,148,180,0,10,8,10
150,WLNM_dir_neg_kfold,0.836774691358,0.64803005942,00:00:37,10,90,10,20355,fixed,0.5,0.935714285714,0.727777777778,0.81875,131,9,49,351,0.727777777778,0.975,0.025,0.272222222222,0.935714285714,0.727777777778,0.81875,0.892592592593,0.58024691358,0.744117647059,0.755982095404,0.702777777778,1841,1661,180,0,1841,0,1661,0,180,121,1806,0.124380165289,3.42170224172,29.8512396694,15.7043478261,15.4358974359,21.5018065741,0.72029861447,0.402313683498,17.1134281045,1.14658073125,0.582246506137,10.7712311965,0.721660561889,0.40886667948,1.17927586475,0.344645963161,4.31726830233,NaN,NaN,NaN,0.517601693121,0.603545816733,15149,0.0526043475241,0.132564397549,NaN,NaN,NaN,NaN,NaN,0.0495867768595,0.917355371901,0.0330578512397,121,1766,0.121625344353,3.42065925906,29.1900826446,15.3565217391,15.224137931,20.9711365332,0.71843361283,0.403091451944,16.5527331642,1.134134039,0.578690227717,10.661127608,0.730462310625,0.414655148208,1.18012470157,0.344999198164,4.36208086613,NaN,NaN,NaN,0.498877611153,0.59867293337,14436,0.0501284811445,0.129048041944,NaN,NaN,NaN,NaN,NaN,0.0495867768595,0.909090909091,0.0413223140496,-40,-0.00275482093664,-0.00104298265336,-0.661157024793,-0.347826086957,-0.211759504863,-0.530670040933,-0.0018650016408,0.00077776844589,-0.560694940249,-0.0124466922537,-0.00355627841926,-0.110103588497,0.00880174873579,0.00578846872833,0.000848836823705,0.000353235003349,0.0448125637909,NaN,NaN,NaN,-0.018724081968,-0.00487288336287,-713,-0.00247586637961,-0.00351635560565,0,-0.00826446280992,0.00826446280992,1757,9,49,12705,0.972868217054,0.999292118924,0.000707881075979,0.0271317829457,0.994903737259,0.972868217054,0.983762597984,0.9815655748,0.972160335978,0.968044077135,140,180,0,10,8,10
151,WLNM_dir_neg_kfold,0.894452160494,0.81907533922,00:00:41,10,90,11,20356,fixed,0.5,0.93006993007,0.738888888889,0.823529411765,133,10,47,350,0.738888888889,0.972222222222,0.0277777777778,0.261111111111,0.93006993007,0.738888888889,0.823529411765,0.894444444444,0.578395061728,0.749633967789,0.759734232245,0.711111111111,1841,1661,180,0,1841,0,1661,0,180,121,1806,0.124380165289,3.42170224172,29.8512396694,15.7043478261,15.4358974359,21.5018065741,0.72029861447,0.402313683498,17.1134281045,1.14658073125,0.582246506137,10.7712311965,0.721660561889,0.40886667948,1.17927586475,0.344645963161,4.31726830233,NaN,NaN,NaN,0.517601693121,0.603545816733,15149,0.0526043475241,0.132564397549,NaN,NaN,NaN,NaN,NaN,0.0495867768595,0.917355371901,0.0330578512397,121,1769,0.121831955923,3.42281718371,29.2396694215,15.3826086957,15.25,20.9467677671,0.71638182584,0.402127550234,16.5525708972,1.13219959217,0.578923517512,10.7356541474,0.73432117119,0.416100986223,1.17743832966,0.343996850098,4.28096433834,NaN,NaN,NaN,0.496164586985,0.595851275257,14391,0.0499722202931,0.130313096824,NaN,NaN,NaN,NaN,NaN,0.0495867768595,0.909090909091,0.0413223140496,-37,-0.00254820936639,0.00111494198845,-0.611570247934,-0.321739130435,-0.185897435897,-0.555038806986,-0.00391678863043,-0.000186133263791,-0.560857207323,-0.0143811390784,-0.00332298862422,-0.0355770490668,0.0126606093006,0.00723430674299,-0.00183753508945,-0.000649113062626,-0.0363039639933,NaN,NaN,NaN,-0.0214371061357,-0.00769454147636,-758,-0.00263212723106,-0.00225130072573,0,-0.00826446280992,0.00826446280992,1759,10,47,12704,0.973975636766,0.999213465471,0.000786534528866,0.0260243632337,0.994347088751,0.973975636766,0.984055944056,0.981886240752,0.973189102237,0.968612334802,143,180,0,10,8,10
152,WLNM_dir_neg_kfold,0.850208333333,0.771011174403,00:00:38,10,90,12,20357,fixed,0.5,0.891891891892,0.733333333333,0.80487804878,132,16,48,344,0.733333333333,0.955555555556,0.0444444444444,0.266666666667,0.891891891892,0.733333333333,0.80487804878,0.881481481481,0.575308641975,0.720930232558,0.728052658067,0.688888888889,1841,1661,180,0,1841,0,1661,0,180,121,1806,0.124380165289,3.42170224172,29.8512396694,15.7043478261,15.4358974359,21.5018065741,0.72029861447,0.402313683498,17.1134281045,1.14658073125,0.582246506137,10.7712311965,0.721660561889,0.40886667948,1.17927586475,0.344645963161,4.31726830233,NaN,NaN,NaN,0.517601693121,0.603545816733,15149,0.0526043475241,0.132564397549,NaN,NaN,NaN,NaN,NaN,0.0495867768595,0.917355371901,0.0330578512397,121,1774,0.12217630854,3.43056623652,29.3223140496,15.4260869565,15.2931034483,21.0068301893,0.716411063388,0.402121553756,16.588928898,1.13148838594,0.578270146375,10.7893108515,0.735911281302,0.417155049522,1.18386182403,0.345092250786,4.33039235375,NaN,NaN,NaN,0.495252826554,0.597716311472,14500,0.0503507187999,0.130862041627,NaN,NaN,NaN,NaN,NaN,0.0495867768595,0.909090909091,0.0413223140496,-32,-0.00220385674931,0.00886399480738,-0.528925619835,-0.278260869565,-0.142793987622,-0.494976384846,-0.00388755108237,-0.000192129741338,-0.524499206474,-0.0150923453119,-0.00397635976147,0.0180796550322,0.0142507194134,0.00828837004177,0.00458595928843,0.000446287625725,0.0131240514121,NaN,NaN,NaN,-0.0223488665674,-0.00582950526104,-649,-0.00225362872422,-0.00170235592282,0,-0.00826446280992,0.00826446280992,1758,16,48,12698,0.97342192691,0.998741544754,0.00125845524619,0.0265780730897,0.990980834273,0.97342192691,0.982122905028,0.979660303417,0.972163471664,0.964873765093,148,180,0,10,8,10
153,WLNM_dir_neg_kfold,0.834236111111,0.619908437132,00:00:40,10,90,13,20358,fixed,0.5,0.88,0.733333333333,0.8,132,18,48,342,0.733333333333,0.95,0.05,0.266666666667,0.88,0.733333333333,0.8,0.877777777778,0.574074074074,0.713043478261,0.719187575832,0.683333333333,1841,1661,180,0,1841,0,1661,0,180,121,1806,0.124380165289,3.42170224172,29.8512396694,15.7043478261,15.4358974359,21.5018065741,0.72029861447,0.402313683498,17.1134281045,1.14658073125,0.582246506137,10.7712311965,0.721660561889,0.40886667948,1.17927586475,0.344645963161,4.31726830233,NaN,NaN,NaN,0.517601693121,0.603545816733,15149,0.0526043475241,0.132564397549,NaN,NaN,NaN,NaN,NaN,0.0495867768595,0.917355371901,0.0330578512397,121,1776,0.122314049587,3.44176803299,29.3553719008,15.4434782609,15.3103448276,20.9040903111,0.712104427828,0.399677053086,16.5071776691,1.12464442453,0.574668676941,10.7193088055,0.730313268842,0.414274812002,1.19037873996,0.345862570791,4.35228804931,NaN,NaN,NaN,0.496506176795,0.596539763812,14447,0.0501666782415,0.130054413264,NaN,NaN,NaN,NaN,NaN,0.0495867768595,0.909090909091,0.0413223140496,-30,-0.00206611570248,0.0200657912697,-0.495867768595,-0.260869565217,-0.125552608311,-0.597716262988,-0.00819418664225,-0.00263663041147,-0.606250435352,-0.0219363067229,-0.00757782919517,-0.0519223909816,0.00865270695265,0.0054081325223,0.0111028752103,0.00121660763057,0.0350197469703,NaN,NaN,NaN,-0.0210955163261,-0.00700605292103,-702,-0.00243766928259,-0.00250998428584,0,-0.00826446280992,0.00826446280992,1758,18,48,12696,0.97342192691,0.998584237848,0.00141576215196,0.0265780730897,0.989864864865,0.97342192691,0.981574539363,0.979026920344,0.972006164758,0.963815789474,150,180,0,10,8,10
154,WLNM_dir_neg_kfold,0.840524691358,0.468916800053,00:00:36,10,90,14,20359,fixed,0.5,0.904109589041,0.733333333333,0.80981595092,132,14,48,346,0.733333333333,0.961111111111,0.0388888888889,0.266666666667,0.904109589041,0.733333333333,0.80981595092,0.885185185185,0.576543209877,0.728862973761,0.737055976444,0.694444444444,1841,1661,180,0,1841,0,1661,0,180,121,1806,0.124380165289,3.42170224172,29.8512396694,15.7043478261,15.4358974359,21.5018065741,0.72029861447,0.402313683498,17.1134281045,1.14658073125,0.582246506137,10.7712311965,0.721660561889,0.40886667948,1.17927586475,0.344645963161,4.31726830233,NaN,NaN,NaN,0.517601693121,0.603545816733,15149,0.0526043475241,0.132564397549,NaN,NaN,NaN,NaN,NaN,0.0495867768595,0.917355371901,0.0330578512397,121,1772,0.122038567493,3.43545992273,29.2892561983,15.4086956522,15.275862069,21.0168337357,0.717561196959,0.402771300114,16.5780273777,1.13202105683,0.578941477156,10.7524101981,0.734222141069,0.416236031565,1.1782131345,0.342956448628,4.34180601662,NaN,NaN,NaN,0.495441565095,0.598326877112,14519,0.0504166956039,0.130704380391,NaN,NaN,NaN,NaN,NaN,0.0495867768595,0.909090909091,0.0413223140496,-34,-0.00234159779614,0.0137576810139,-0.561983471074,-0.295652173913,-0.160035366932,-0.484972838375,-0.00273741751113,0.000457616616184,-0.535400726799,-0.0145596744244,-0.00330502898044,-0.0188209983295,0.0125615791797,0.00736935208561,-0.00106273024288,-0.00168951453294,0.024537714281,NaN,NaN,NaN,-0.0221601280255,-0.00521893962106,-630,-0.00218765192027,-0.00186001715841,0,-0.00826446280992,0.00826446280992,1758,14,48,12700,0.97342192691,0.99889885166,0.00110114834041,0.0265780730897,0.992099322799,0.97342192691,0.982671883734,0.980294705648,0.97232077857,0.965934065934,146,180,0,10,8,10
155,WLNM_dir_neg_kfold,0.846041666667,0.627038609333,00:00:37,10,90,15,20360,fixed,0.5,0.905405405405,0.744444444444,0.817073170732,134,14,46,346,0.744444444444,0.961111111111,0.0388888888889,0.255555555556,0.905405405405,0.744444444444,0.817073170732,0.888888888889,0.575308641975,0.738372093023,0.745666835278,0.705555555556,1841,1661,180,0,1841,0,1661,0,180,121,1806,0.124380165289,3.42170224172,29.8512396694,15.7043478261,15.4358974359,21.5018065741,0.72029861447,0.402313683498,17.1134281045,1.14658073125,0.582246506137,10.7712311965,0.721660561889,0.40886667948,1.17927586475,0.344645963161,4.31726830233,NaN,NaN,NaN,0.517601693121,0.603545816733,15149,0.0526043475241,0.132564397549,NaN,NaN,NaN,NaN,NaN,0.0495867768595,0.917355371901,0.0330578512397,121,1774,0.12217630854,3.42616337092,29.3223140496,15.4260869565,15.2931034483,20.9921472921,0.715910321969,0.401958500657,16.5864169925,1.1313170553,0.578344684935,10.7869934945,0.735753220312,0.416782356723,1.17685350024,0.343490187954,4.32105833909,NaN,NaN,NaN,0.496298308885,0.596335186329,14482,0.0502882144593,0.130727015836,NaN,NaN,NaN,NaN,NaN,0.0495867768595,0.909090909091,0.0413223140496,-32,-0.00220385674931,0.00446112920326,-0.528925619835,-0.278260869565,-0.142793987622,-0.509659281994,-0.00438829250144,-0.000355182840745,-0.52701111196,-0.0152636759566,-0.00390182120174,0.0157622980281,0.0140926584227,0.00791567724313,-0.00242236450583,-0.00115577520631,0.00379003675817,NaN,NaN,NaN,-0.0213033842355,-0.00721063040406,-667,-0.0023161330648,-0.00183738171336,0,-0.00826446280992,0.00826446280992,1760,14,46,12700,0.974529346622,0.99889885166,0.00110114834041,0.0254706533776,0.992108229989,0.974529346622,0.983240223464,0.980934782966,0.973428198282,0.967032967033,148,180,0,10,8,10
156,WLNM_dir_neg_kfold,0.89725308642,0.807028036753,00:00:38,10,90,16,20361,fixed,0.5,0.881578947368,0.744444444444,0.807228915663,134,18,46,342,0.744444444444,0.95,0.05,0.255555555556,0.881578947368,0.744444444444,0.807228915663,0.881481481481,0.572839506173,0.722543352601,0.727926205021,0.694444444444,1841,1661,180,0,1841,0,1661,0,180,121,1806,0.124380165289,3.42170224172,29.8512396694,15.7043478261,15.4358974359,21.5018065741,0.72029861447,0.402313683498,17.1134281045,1.14658073125,0.582246506137,10.7712311965,0.721660561889,0.40886667948,1.17927586475,0.344645963161,4.31726830233,NaN,NaN,NaN,0.517601693121,0.603545816733,15149,0.0526043475241,0.132564397549,NaN,NaN,NaN,NaN,NaN,0.0495867768595,0.917355371901,0.0330578512397,121,1778,0.122451790634,3.4244399826,29.3884297521,15.4608695652,15.3275862069,21.1456740654,0.719523780066,0.403443371231,16.7111953369,1.13726357467,0.580250815755,10.8250042149,0.736684763784,0.41675575677,1.17837077183,0.344106124744,4.36377215939,NaN,NaN,NaN,0.500466538429,0.594440103631,14455,0.0501944579485,0.131262453243,NaN,NaN,NaN,NaN,NaN,0.0495867768595,0.909090909091,0.0413223140496,-28,-0.00192837465565,0.00273774088709,-0.462809917355,-0.24347826087,-0.108311229001,-0.356132508702,-0.000774834404556,0.00112968773387,-0.402232767629,-0.00931715658494,-0.0019956903811,0.0537730184784,0.0150242018947,0.00788907729029,-0.000905092914375,-0.000539838416991,0.0465038570519,NaN,NaN,NaN,-0.0171351546924,-0.00910571310186,-694,-0.00240988957566,-0.00130194430699,0,-0.00826446280992,0.00826446280992,1760,18,46,12696,0.974529346622,0.998584237848,0.00141576215196,0.0254706533776,0.989876265467,0.974529346622,0.982142857143,0.979667798511,0.97311358447,0.964912280702,152,180,0,10,8,10
157,WLNM_dir_neg_kfold,0.830223765432,0.604561169102,00:00:36,10,90,17,20362,fixed,0.5,0.893333333333,0.744444444444,0.812121212121,134,16,46,344,0.744444444444,0.955555555556,0.0444444444444,0.255555555556,0.893333333333,0.744444444444,0.812121212121,0.885185185185,0.574074074074,0.730434782609,0.736728736218,0.7,1841,1661,180,0,1841,0,1661,0,180,121,1806,0.124380165289,3.42170224172,29.8512396694,15.7043478261,15.4358974359,21.5018065741,0.72029861447,0.402313683498,17.1134281045,1.14658073125,0.582246506137,10.7712311965,0.721660561889,0.40886667948,1.17927586475,0.344645963161,4.31726830233,NaN,NaN,NaN,0.517601693121,0.603545816733,15149,0.0526043475241,0.132564397549,NaN,NaN,NaN,NaN,NaN,0.0495867768595,0.917355371901,0.0330578512397,121,1776,0.122314049587,3.71209938777,29.3553719008,15.4434782609,15.3103448276,20.9959756081,0.715234529442,0.401287134242,16.5706642776,1.1289698072,0.576958156504,10.7200861906,0.73036623258,0.414032834487,1.30296254494,0.351004218593,4.66935228543,NaN,NaN,NaN,0.499703523739,0.597400811387,14480,0.0502812695326,0.130661731614,NaN,NaN,NaN,NaN,NaN,0.0495867768595,0.909090909091,0.0413223140496,-30,-0.00206611570248,0.290397146055,-0.495867768595,-0.260869565217,-0.125552608311,-0.505830966019,-0.00506408502816,-0.00102654925594,-0.542763826903,-0.0176109240527,-0.00528834963296,-0.0511450058609,0.00870567069116,0.00516615500759,0.123686680197,0.00635825543184,0.352083983092,NaN,NaN,NaN,-0.017898169382,-0.00614500534615,-669,-0.00232307799153,-0.00190266593544,0,-0.00826446280992,0.00826446280992,1760,16,46,12698,0.974529346622,0.998741544754,0.00125845524619,0.0254706533776,0.990990990991,0.974529346622,0.982691233948,0.980300782023,0.973270891376,0.965971459934,150,180,0,10,8,10
158,WLNM_dir_neg_kfold,0.835841049383,0.69922139827,00:00:40,10,90,18,20363,fixed,0.5,0.868421052632,0.733333333333,0.795180722892,132,20,48,340,0.733333333333,0.944444444444,0.0555555555556,0.266666666667,0.868421052632,0.733333333333,0.795180722892,0.874074074074,0.572839506173,0.705202312139,0.710455976101,0.677777777778,1841,1661,180,0,1841,0,1661,0,180,121,1806,0.124380165289,3.42170224172,29.8512396694,15.7043478261,15.4358974359,21.5018065741,0.72029861447,0.402313683498,17.1134281045,1.14658073125,0.582246506137,10.7712311965,0.721660561889,0.40886667948,1.17927586475,0.344645963161,4.31726830233,NaN,NaN,NaN,0.517601693121,0.603545816733,15149,0.0526043475241,0.132564397549,NaN,NaN,NaN,NaN,NaN,0.0495867768595,0.917355371901,0.0330578512397,121,1778,0.122451790634,3.42739633324,29.3884297521,15.4608695652,15.3275862069,21.0128420658,0.715003906062,0.401472543205,16.6176828385,1.13089967573,0.57766642806,10.7345571056,0.730529476815,0.414310814454,1.18063678627,0.34447045847,4.32723255969,NaN,NaN,NaN,0.495899664152,0.598186691464,14581,0.0506319883325,0.13024049268,NaN,NaN,NaN,NaN,NaN,0.0495867768595,0.909090909091,0.0413223140496,-28,-0.00192837465565,0.00569409152424,-0.462809917355,-0.24347826087,-0.108311229001,-0.488964508353,-0.00529470840841,-0.000841140292789,-0.495745266018,-0.0156810555192,-0.00458007807644,-0.0366740908579,0.00886891492637,0.00544413497419,0.00136092152402,-0.000175504690789,0.00996425735552,NaN,NaN,NaN,-0.0217020289689,-0.00535912526902,-568,-0.00197235919161,-0.00232390486969,0,-0.00826446280992,0.00826446280992,1758,20,48,12694,0.97342192691,0.998426930942,0.00157306905773,0.0265780730897,0.988751406074,0.97342192691,0.981026785714,0.978394553577,0.971848857853,0.962760131435,152,180,0,10,8,10
159,WLNM_dir_neg_kfold,0.849444444444,0.626379792945,00:00:36,10,90,19,20364,fixed,0.5,0.898648648649,0.738888888889,0.810975609756,133,15,47,345,0.738888888889,0.958333333333,0.0416666666667,0.261111111111,0.898648648649,0.738888888889,0.810975609756,0.885185185185,0.575308641975,0.729651162791,0.736859746672,0.697222222222,1841,1661,180,0,1841,0,1661,0,180,121,1806,0.124380165289,3.42170224172,29.8512396694,15.7043478261,15.4358974359,21.5018065741,0.72029861447,0.402313683498,17.1134281045,1.14658073125,0.582246506137,10.7712311965,0.721660561889,0.40886667948,1.17927586475,0.344645963161,4.31726830233,NaN,NaN,NaN,0.517601693121,0.603545816733,15149,0.0526043475241,0.132564397549,NaN,NaN,NaN,NaN,NaN,0.0495867768595,0.917355371901,0.0330578512397,121,1774,0.12217630854,3.45086301507,29.3223140496,15.4260869565,15.2931034483,21.074556095,0.718720768741,0.403379391952,16.6345793049,1.13460208337,0.579434811371,10.7839029105,0.735542419489,0.416689183523,1.18947876793,0.344690230455,4.34461455825,NaN,NaN,NaN,0.496235220204,0.599047110527,14585,0.050645878186,0.130997682052,NaN,NaN,NaN,NaN,NaN,0.0495867768595,0.909090909091,0.0413223140496,-32,-0.00220385674931,0.0291607733577,-0.528925619835,-0.278260869565,-0.142793987622,-0.427250479127,-0.0015778457295,0.00106570845408,-0.478848799618,-0.0119786478882,-0.00281169476571,0.0126717140572,0.0138818575994,0.00782250404346,0.0102029031888,4.42672942252e-05,0.0273462559181,NaN,NaN,NaN,-0.0213664729168,-0.0044987062061,-564,-0.00195846933815,-0.00156671549705,0,-0.00826446280992,0.00826446280992,1759,15,47,12699,0.973975636766,0.998820198207,0.0011798017933,0.0260243632337,0.991544532131,0.973975636766,0.982681564246,0.980297543191,0.972795834973,0.965952773202,148,180,0,10,8,10
160,WLNM_dir_neg_kfold,0.876442901235,0.634676968869,00:00:37,10,90,20,20365,fixed,0.5,0.897260273973,0.727777777778,0.803680981595,131,15,49,345,0.727777777778,0.958333333333,0.0416666666667,0.272222222222,0.897260273973,0.727777777778,0.803680981595,0.881481481481,0.576543209877,0.720116618076,0.728211304727,0.686111111111,1841,1661,180,0,1841,0,1661,0,180,121,1806,0.124380165289,3.42170224172,29.8512396694,15.7043478261,15.4358974359,21.5018065741,0.72029861447,0.402313683498,17.1134281045,1.14658073125,0.582246506137,10.7712311965,0.721660561889,0.40886667948,1.17927586475,0.344645963161,4.31726830233,NaN,NaN,NaN,0.517601693121,0.603545816733,15149,0.0526043475241,0.132564397549,NaN,NaN,NaN,NaN,NaN,0.0495867768595,0.917355371901,0.0330578512397,121,1772,0.122038567493,3.39336778838,29.2892561983,15.4086956522,15.275862069,21.0291218776,0.717980741306,0.402929873328,16.6292210201,1.13551678523,0.579239967912,10.7019153302,0.73077412808,0.415107363394,1.1671469091,0.34394942779,4.291365752,NaN,NaN,NaN,0.495313384097,0.597879596271,14493,0.0503264115564,0.128223645606,NaN,NaN,NaN,NaN,NaN,0.0495867768595,0.909090909091,0.0413223140496,-34,-0.00234159779614,-0.0283344533341,-0.561983471074,-0.295652173913,-0.160035366932,-0.472684696529,-0.00231787316478,0.000616189830369,-0.484207084386,-0.0110639460203,-0.00300653822433,-0.0693158662246,0.00911356619134,0.00624068391405,-0.0121289556503,-0.000696535370673,-0.0259025503323,NaN,NaN,NaN,-0.0222883090236,-0.00566622046234,-656,-0.00227793596778,-0.00434075194306,0,-0.00826446280992,0.00826446280992,1757,15,49,12699,0.972868217054,0.998820198207,0.0011798017933,0.0271317829457,0.991534988713,0.972868217054,0.982112912241,0.979657156377,0.971688415261,0.964854475563,146,180,0,10,8,10
161,WLNM_dir_neg_kfold,0.861651234568,0.803881755151,00:00:38,10,90,1,21346,fixed,0.5,0.88,0.733333333333,0.8,132,18,48,342,0.733333333333,0.95,0.05,0.266666666667,0.88,0.733333333333,0.8,0.877777777778,0.574074074074,0.713043478261,0.719187575832,0.683333333333,1841,1661,180,0,1841,0,1661,0,180,121,1806,0.124380165289,3.42170224172,29.8512396694,15.7043478261,15.4358974359,21.5018065741,0.72029861447,0.402313683498,17.1134281045,1.14658073125,0.582246506137,10.7712311965,0.721660561889,0.40886667948,1.17927586475,0.344645963161,4.31726830233,NaN,NaN,NaN,0.517601693121,0.603545816733,15149,0.0526043475241,0.132564397549,NaN,NaN,NaN,NaN,NaN,0.0495867768595,0.917355371901,0.0330578512397,121,1776,0.122314049587,3.42931935226,29.3553719008,15.4434782609,15.1794871795,21.1316742925,0.719857147913,0.403097312188,16.6929200941,1.13729917308,0.581183456183,10.8452868996,0.738896235838,0.419207430571,1.18384666177,0.345213303332,4.37177457218,NaN,NaN,NaN,0.504651039721,0.595763714938,14429,0.050104173901,0.128127996794,NaN,NaN,NaN,NaN,NaN,0.0495867768595,0.917355371901,0.0330578512397,-30,-0.00206611570248,0.00761711054499,-0.495867768595,-0.260869565217,-0.25641025641,-0.370132281659,-0.00044146655758,0.000783628690605,-0.420508010415,-0.00928155817717,-0.00106304995311,0.0740557031049,0.0172356739484,0.0103407510913,0.0045707970277,0.000567340170911,0.0545062698445,NaN,NaN,NaN,-0.0129506534,-0.00778210179459,-720,-0.00250017362317,-0.00443640075556,0,0,0,1758,18,48,12696,0.97342192691,0.998584237848,0.00141576215196,0.0265780730897,0.989864864865,0.97342192691,0.981574539363,0.979026920344,0.972006164758,0.963815789474,150,180,0,10,9,10
162,WLNM_dir_neg_kfold,0.883942901235,0.781839577006,00:00:41,10,90,2,21347,fixed,0.5,0.920863309353,0.711111111111,0.802507836991,128,11,52,349,0.711111111111,0.969444444444,0.0305555555556,0.288888888889,0.920863309353,0.711111111111,0.802507836991,0.883333333333,0.580864197531,0.721649484536,0.73378951195,0.680555555556,1841,1661,180,0,1841,0,1661,0,180,121,1806,0.124380165289,3.42170224172,29.8512396694,15.7043478261,15.4358974359,21.5018065741,0.72029861447,0.402313683498,17.1134281045,1.14658073125,0.582246506137,10.7712311965,0.721660561889,0.40886667948,1.17927586475,0.344645963161,4.31726830233,NaN,NaN,NaN,0.517601693121,0.603545816733,15149,0.0526043475241,0.132564397549,NaN,NaN,NaN,NaN,NaN,0.0495867768595,0.917355371901,0.0330578512397,121,1765,0.121556473829,3.41648692246,29.173553719,15.347826087,15.0854700855,21.03317922,0.720967333036,0.404040924309,16.5608320149,1.13533182652,0.58013251235,10.7095513612,0.734195872354,0.417240652729,1.16862531376,0.342054672032,4.3441408787,NaN,NaN,NaN,0.497935809969,0.593606159511,14186,0.0492603653031,0.12785640661,NaN,NaN,NaN,NaN,NaN,0.0495867768595,0.917355371901,0.0330578512397,-41,-0.00282369146006,-0.00521531926175,-0.677685950413,-0.35652173913,-0.350427350427,-0.468627354144,0.000668718565191,0.00172724081114,-0.55259608962,-0.011248904738,-0.0021139937867,-0.061679835263,0.0125353104649,0.00837397324889,-0.0106505509829,-0.00259129112848,0.0268725763602,NaN,NaN,NaN,-0.0196658831516,-0.00993965722181,-963,-0.00334398222099,-0.00470799093982,0,0,0,1754,11,52,12703,0.971207087486,0.999134812018,0.000865187981752,0.0287929125138,0.993767705382,0.971207087486,0.982357882946,0.979968632867,0.970341899504,0.965327462851,139,180,0,10,9,10
163,WLNM_dir_neg_kfold,0.858942901235,0.734361960399,00:00:38,10,90,3,21348,fixed,0.5,0.885135135135,0.727777777778,0.798780487805,131,17,49,343,0.727777777778,0.952777777778,0.0472222222222,0.272222222222,0.885135135135,0.727777777778,0.798780487805,0.877777777778,0.575308641975,0.712209302326,0.719245569461,0.680555555556,1841,1661,180,0,1841,0,1661,0,180,121,1806,0.124380165289,3.42170224172,29.8512396694,15.7043478261,15.4358974359,21.5018065741,0.72029861447,0.402313683498,17.1134281045,1.14658073125,0.582246506137,10.7712311965,0.721660561889,0.40886667948,1.17927586475,0.344645963161,4.31726830233,NaN,NaN,NaN,0.517601693121,0.603545816733,15149,0.0526043475241,0.132564397549,NaN,NaN,NaN,NaN,NaN,0.0495867768595,0.917355371901,0.0330578512397,121,1774,0.12217630854,3.71445674928,29.3223140496,15.4260869565,15.1623931624,21.1168238126,0.720162255166,0.40376606073,16.6445955788,1.13528526778,0.579481397971,10.7560476934,0.733642486418,0.416521471764,1.30268260424,0.35070609033,4.63826117523,NaN,NaN,NaN,0.497902842741,0.592952394113,14303,0.0496666435169,0.128955062453,NaN,NaN,NaN,NaN,NaN,0.0495867768595,0.917355371901,0.0330578512397,-32,-0.00220385674931,0.292754507566,-0.528925619835,-0.278260869565,-0.273504273504,-0.384982761474,-0.000136359304466,0.00145237723268,-0.468832525642,-0.0112954634738,-0.00276510816588,-0.0151835030244,0.011981924529,0.00765479228407,0.123406739495,0.00606012716921,0.320992872891,NaN,NaN,NaN,-0.0196988503803,-0.0105934226199,-846,-0.00293770400722,-0.00360933509601,0,0,0,1757,17,49,12697,0.972868217054,0.998662891301,0.00133710869907,0.0271317829457,0.990417136415,0.972868217054,0.98156424581,0.979023063643,0.971531108355,0.963795940757,148,180,0,10,9,10
164,WLNM_dir_neg_kfold,0.863479938272,0.716007801993,00:00:37,10,90,4,21349,fixed,0.5,0.955882352941,0.722222222222,0.822784810127,130,6,50,354,0.722222222222,0.983333333333,0.0166666666667,0.277777777778,0.955882352941,0.722222222222,0.822784810127,0.896296296296,0.582716049383,0.751479289941,0.766228994787,0.705555555556,1841,1661,180,0,1841,0,1661,0,180,121,1806,0.124380165289,3.42170224172,29.8512396694,15.7043478261,15.4358974359,21.5018065741,0.72029861447,0.402313683498,17.1134281045,1.14658073125,0.582246506137,10.7712311965,0.721660561889,0.40886667948,1.17927586475,0.344645963161,4.31726830233,NaN,NaN,NaN,0.517601693121,0.603545816733,15149,0.0526043475241,0.132564397549,NaN,NaN,NaN,NaN,NaN,0.0495867768595,0.917355371901,0.0330578512397,121,1762,0.121349862259,3.42741002325,29.1239669421,15.3217391304,15.0598290598,21.009747836,0.721390320135,0.404161311808,16.5875920304,1.13910251741,0.580951398205,10.7671510949,0.739401408898,0.419752159923,1.18323593291,0.345227423882,4.37169977879,NaN,NaN,NaN,0.497623726164,0.592057962937,14164,0.0491839711091,0.128842405422,NaN,NaN,NaN,NaN,NaN,0.0495867768595,0.917355371901,0.0330578512397,-44,-0.0030303030303,0.00570778152826,-0.727272727273,-0.382608695652,-0.376068376068,-0.492058738111,0.00109170566457,0.00184762830997,-0.52583607411,-0.00747821384343,-0.00129510793205,-0.00408010159213,0.0177408470093,0.0108854804437,0.00396006816521,0.000581460720886,0.0544314764534,NaN,NaN,NaN,-0.0199779669568,-0.0114878537959,-985,-0.00342037641503,-0.00372199212793,0,0,0,1756,6,50,12708,0.972314507198,0.999528079283,0.000471920717319,0.0276854928018,0.996594778661,0.972314507198,0.984304932735,0.982203894198,0.971842586481,0.969094922737,136,180,0,10,9,10
165,WLNM_dir_neg_kfold,0.892052469136,0.676190108897,00:00:36,10,90,5,21350,fixed,0.5,0.943262411348,0.738888888889,0.828660436137,133,8,47,352,0.738888888889,0.977777777778,0.0222222222222,0.261111111111,0.943262411348,0.738888888889,0.828660436137,0.898148148148,0.57962962963,0.757709251101,0.769145855053,0.716666666667,1841,1661,180,0,1841,0,1661,0,180,121,1806,0.124380165289,3.42170224172,29.8512396694,15.7043478261,15.4358974359,21.5018065741,0.72029861447,0.402313683498,17.1134281045,1.14658073125,0.582246506137,10.7712311965,0.721660561889,0.40886667948,1.17927586475,0.344645963161,4.31726830233,NaN,NaN,NaN,0.517601693121,0.603545816733,15149,0.0526043475241,0.132564397549,NaN,NaN,NaN,NaN,NaN,0.0495867768595,0.917355371901,0.0330578512397,121,1767,0.121694214876,3.42777429216,29.2066115702,15.3652173913,15.1025641026,21.0586155589,0.721022207873,0.403751981928,16.599939427,1.13672477118,0.580074553219,10.7784347494,0.738081836264,0.418648594293,1.17784062197,0.343616738319,4.37923224618,NaN,NaN,NaN,0.499903017364,0.593182290584,14269,0.0495485797625,0.130226788458,NaN,NaN,NaN,NaN,NaN,0.0495867768595,0.917355371901,0.0330578512397,-39,-0.00268595041322,0.00607205044248,-0.644628099174,-0.339130434783,-0.333333333333,-0.443191015241,0.000723593402516,0.00143829843001,-0.513488677472,-0.00985596007654,-0.00217195291801,0.00720355295388,0.0164212743753,0.0097819148132,-0.00143524278049,-0.00102922484181,0.0619639438469,NaN,NaN,NaN,-0.0176986757572,-0.010363526149,-880,-0.00305576776165,-0.0023376090913,0,0,0,1759,8,47,12706,0.973975636766,0.999370772377,0.000629227623093,0.0260243632337,0.995472552349,0.973975636766,0.98460677302,0.982523514331,0.973346409143,0.969680264609,141,180,0,10,9,10
166,WLNM_dir_neg_kfold,0.928487654321,0.888162916484,00:00:35,10,90,6,21351,fixed,0.5,0.916083916084,0.727777777778,0.811145510836,131,12,49,348,0.727777777778,0.966666666667,0.0333333333333,0.272222222222,0.916083916084,0.727777777778,0.811145510836,0.887037037037,0.578395061728,0.732064421669,0.741927961176,0.694444444444,1841,1661,180,0,1841,0,1661,0,180,121,1806,0.124380165289,3.42170224172,29.8512396694,15.7043478261,15.4358974359,21.5018065741,0.72029861447,0.402313683498,17.1134281045,1.14658073125,0.582246506137,10.7712311965,0.721660561889,0.40886667948,1.17927586475,0.344645963161,4.31726830233,NaN,NaN,NaN,0.517601693121,0.603545816733,15149,0.0526043475241,0.132564397549,NaN,NaN,NaN,NaN,NaN,0.0495867768595,0.917355371901,0.0330578512397,121,1769,0.121831955923,3.53984260157,29.2396694215,15.3826086957,15.1196581197,21.0404470775,0.719585668848,0.403281491621,16.5993253871,1.13539760986,0.57937201295,10.7635621414,0.736230084292,0.41775481315,1.1793618324,0.333167873589,4.4443793533,NaN,NaN,NaN,0.499239492943,0.590606442325,14222,0.0493853739843,0.129858585193,NaN,NaN,NaN,NaN,NaN,0.0495867768595,0.917355371901,0.0330578512397,-37,-0.00254820936639,0.118140359849,-0.611570247934,-0.321739130435,-0.316239316239,-0.46135949656,-0.000712945622666,0.000967808123461,-0.514102717423,-0.0111831213973,-0.00287449318626,-0.00766905502924,0.0145695224033,0.00888813367047,8.59676572478e-05,-0.0114780895719,0.127111050962,NaN,NaN,NaN,-0.018362200178,-0.0129393744081,-927,-0.00321897353983,-0.00270581235673,0,0,0,1757,12,49,12702,0.972868217054,0.999056158565,0.000943841434639,0.0271317829457,0.993216506501,0.972868217054,0.982937062937,0.980610211601,0.97192437562,0.966446644664,143,180,0,10,9,10
167,WLNM_dir_neg_kfold,0.870293209877,0.667886541959,00:00:38,10,90,7,21352,fixed,0.5,0.897959183673,0.733333333333,0.807339449541,132,15,48,345,0.733333333333,0.958333333333,0.0416666666667,0.266666666667,0.897959183673,0.733333333333,0.807339449541,0.883333333333,0.575925925926,0.724890829694,0.732536732098,0.691666666667,1841,1661,180,0,1841,0,1661,0,180,121,1806,0.124380165289,3.42170224172,29.8512396694,15.7043478261,15.4358974359,21.5018065741,0.72029861447,0.402313683498,17.1134281045,1.14658073125,0.582246506137,10.7712311965,0.721660561889,0.40886667948,1.17927586475,0.344645963161,4.31726830233,NaN,NaN,NaN,0.517601693121,0.603545816733,15149,0.0526043475241,0.132564397549,NaN,NaN,NaN,NaN,NaN,0.0495867768595,0.917355371901,0.0330578512397,121,1773,0.122107438017,3.60359528763,29.305785124,15.4173913043,15.1538461538,21.0573989274,0.718540685339,0.40280982413,16.6126010124,1.13374208827,0.5792209124,10.7453173862,0.733323972775,0.4165512998,1.20560292266,0.334555583085,4.54687755587,NaN,NaN,NaN,0.500616886925,0.594605809129,14330,0.0497604000278,0.128166462094,NaN,NaN,NaN,NaN,NaN,0.0495867768595,0.917355371901,0.0330578512397,-33,-0.00227272727273,0.181893045912,-0.545454545455,-0.286956521739,-0.282051282051,-0.444407646731,-0.00175792913123,0.000496140632005,-0.500827092107,-0.0128386429856,-0.00302559373615,-0.0259138102672,0.0116634108855,0.00768462032024,0.0263270579109,-0.0100903800753,0.229609253536,NaN,NaN,NaN,-0.0169848061963,-0.00894000760444,-819,-0.00284394749635,-0.00439793545578,0,0,0,1758,15,48,12699,0.97342192691,0.998820198207,0.0011798017933,0.0265780730897,0.991539763113,0.97342192691,0.982397317687,0.979977376959,0.972242125117,0.965403624382,147,180,0,10,9,10
168,WLNM_dir_neg_kfold,0.851589506173,0.631284123507,00:00:36,10,90,8,21353,fixed,0.5,0.910344827586,0.733333333333,0.812307692308,132,13,48,347,0.733333333333,0.963888888889,0.0361111111111,0.266666666667,0.910344827586,0.733333333333,0.812307692308,0.887037037037,0.577160493827,0.732846715328,0.7416110202,0.697222222222,1841,1661,180,0,1841,0,1661,0,180,121,1806,0.124380165289,3.42170224172,29.8512396694,15.7043478261,15.4358974359,21.5018065741,0.72029861447,0.402313683498,17.1134281045,1.14658073125,0.582246506137,10.7712311965,0.721660561889,0.40886667948,1.17927586475,0.344645963161,4.31726830233,NaN,NaN,NaN,0.517601693121,0.603545816733,15149,0.0526043475241,0.132564397549,NaN,NaN,NaN,NaN,NaN,0.0495867768595,0.917355371901,0.0330578512397,121,1771,0.12196969697,3.4303668036,29.2727272727,15.4,15.1367521368,21.1001579773,0.720812850156,0.403726708075,16.6247807003,1.13585458201,0.579949694574,10.8435848931,0.740866048595,0.42009230439,1.17956531103,0.343859819828,4.36212267913,NaN,NaN,NaN,0.496764991997,0.591905425351,14303,0.0496666435169,0.130956799172,NaN,NaN,NaN,NaN,NaN,0.0495867768595,0.917355371901,0.0330578512397,-35,-0.00241046831956,0.00866456188632,-0.578512396694,-0.304347826087,-0.299145299145,-0.401648596818,0.000514235685486,0.00141302457692,-0.488647404184,-0.0107261492447,-0.00229681156237,0.0723536966149,0.0192054867061,0.01122562491,0.000289446284505,-0.000786143332934,0.0448543767916,NaN,NaN,NaN,-0.0208367011237,-0.0116403913817,-846,-0.00293770400722,-0.00160759837796,0,0,0,1758,13,48,12701,0.97342192691,0.998977505112,0.00102249488753,0.0265780730897,0.992659514399,0.97342192691,0.982946603299,0.980612289841,0.972399432023,0.966465090709,145,180,0,10,9,10
169,WLNM_dir_neg_kfold,0.913186728395,0.838233039577,00:00:37,10,90,9,21354,fixed,0.5,0.931034482759,0.75,0.830769230769,135,10,45,350,0.75,0.972222222222,0.0277777777778,0.25,0.931034482759,0.75,0.830769230769,0.898148148148,0.577160493827,0.759124087591,0.768202650406,0.722222222222,1841,1661,180,0,1841,0,1661,0,180,121,1806,0.124380165289,3.42170224172,29.8512396694,15.7043478261,15.4358974359,21.5018065741,0.72029861447,0.402313683498,17.1134281045,1.14658073125,0.582246506137,10.7712311965,0.721660561889,0.40886667948,1.17927586475,0.344645963161,4.31726830233,NaN,NaN,NaN,0.517601693121,0.603545816733,15149,0.0526043475241,0.132564397549,NaN,NaN,NaN,NaN,NaN,0.0495867768595,0.917355371901,0.0330578512397,121,1771,0.12196969697,3.38918875172,29.2727272727,15.4,15.1367521368,21.1683726347,0.723143164538,0.404440690463,16.6993013826,1.1409460572,0.58083633937,10.8274342913,0.739762591334,0.41967231475,1.15569098229,0.340993396045,4.32304690583,NaN,NaN,NaN,0.498735582793,0.594199100764,14361,0.0498680463921,0.13065265938,NaN,NaN,NaN,NaN,NaN,0.0495867768595,0.917355371901,0.0330578512397,-35,-0.00241046831956,-0.0325134899923,-0.578512396694,-0.304347826087,-0.299145299145,-0.333433939445,0.00284455006778,0.00212700696535,-0.414126721899,-0.00563467405753,-0.00141016676627,0.0562030948817,0.0181020294448,0.0108056352698,-0.0235848824571,-0.00365256711556,0.00577860349838,NaN,NaN,NaN,-0.0188661103279,-0.00934671596899,-788,-0.00273630113202,-0.00191173816945,0,0,0,1761,10,45,12704,0.975083056478,0.999213465471,0.000786534528866,0.0249169435216,0.994353472614,0.975083056478,0.984623986581,0.982525402535,0.97429652195,0.969713656388,145,180,0,10,9,10
170,WLNM_dir_neg_kfold,0.919197530864,0.859931035906,00:00:37,10,90,10,21355,fixed,0.5,0.934782608696,0.716666666667,0.811320754717,129,9,51,351,0.716666666667,0.975,0.025,0.283333333333,0.934782608696,0.716666666667,0.811320754717,0.888888888889,0.581481481481,0.734513274336,0.747535427117,0.691666666667,1841,1661,180,0,1841,0,1661,0,180,121,1806,0.124380165289,3.42170224172,29.8512396694,15.7043478261,15.4358974359,21.5018065741,0.72029861447,0.402313683498,17.1134281045,1.14658073125,0.582246506137,10.7712311965,0.721660561889,0.40886667948,1.17927586475,0.344645963161,4.31726830233,NaN,NaN,NaN,0.517601693121,0.603545816733,15149,0.0526043475241,0.132564397549,NaN,NaN,NaN,NaN,NaN,0.0495867768595,0.917355371901,0.0330578512397,121,1764,0.121487603306,3.42145086223,29.1570247934,15.3391304348,15.0769230769,21.0119046671,0.720646390228,0.403384494294,16.5865166456,1.1377372529,0.580517606492,10.747675769,0.737227192771,0.418517269167,1.17877050752,0.344523582241,4.31966028102,NaN,NaN,NaN,0.499337007523,0.593171288245,14211,0.0493471768873,0.128265592174,NaN,NaN,NaN,NaN,NaN,0.0495867768595,0.917355371901,0.0330578512397,-42,-0.00289256198347,-0.000251379491851,-0.694214876033,-0.365217391304,-0.358974358974,-0.489901906968,0.000347775757488,0.00107081079597,-0.526911458877,-0.00884347835116,-0.00172889964494,-0.0235554274739,0.0155666308815,0.00965058968683,-0.000505357229922,-0.000122380919585,0.00239197868272,NaN,NaN,NaN,-0.0182646855976,-0.0103745284885,-938,-0.00325717063685,-0.0042988053757,0,0,0,1755,9,51,12705,0.971760797342,0.999292118924,0.000707881075979,0.0282392026578,0.994897959184,0.971760797342,0.983193277311,0.980926184783,0.971052916266,0.96694214876,138,180,0,10,9,10
171,WLNM_dir_neg_kfold,0.855794753086,0.803475935376,00:00:36,10,90,11,21356,fixed,0.5,0.940740740741,0.705555555556,0.806349206349,127,8,53,352,0.705555555556,0.977777777778,0.0222222222222,0.294444444444,0.940740740741,0.705555555556,0.806349206349,0.887037037037,0.583333333333,0.728888888889,0.743919107067,0.683333333333,1841,1661,180,0,1841,0,1661,0,180,121,1806,0.124380165289,3.42170224172,29.8512396694,15.7043478261,15.4358974359,21.5018065741,0.72029861447,0.402313683498,17.1134281045,1.14658073125,0.582246506137,10.7712311965,0.721660561889,0.40886667948,1.17927586475,0.344645963161,4.31726830233,NaN,NaN,NaN,0.517601693121,0.603545816733,15149,0.0526043475241,0.132564397549,NaN,NaN,NaN,NaN,NaN,0.0495867768595,0.917355371901,0.0330578512397,121,1761,0.121280991736,3.42070436988,29.1074380165,15.3130434783,15.0512820513,20.9768927048,0.720671214446,0.403860503752,16.5690225085,1.13847343755,0.581759987986,10.7245438234,0.736893698259,0.418366724391,1.17892046397,0.344642604707,4.35468316502,NaN,NaN,NaN,0.497940964461,0.592553815227,14149,0.0491318841586,0.127592554923,NaN,NaN,NaN,NaN,NaN,0.0495867768595,0.917355371901,0.0330578512397,-45,-0.00309917355372,-0.000997871835783,-0.743801652893,-0.391304347826,-0.384615384615,-0.524913869321,0.000372599975728,0.00154682025448,-0.544405595995,-0.0081072937019,-0.00048651815078,-0.0466873730438,0.0152331363695,0.00950004491141,-0.000355400775941,-3.35845333149e-06,0.0374148626819,NaN,NaN,NaN,-0.0196607286598,-0.0109920015057,-1000,-0.00347246336551,-0.00497184262645,0,0,0,1753,8,53,12706,0.97065337763,0.999370772377,0.000629227623093,0.0293466223699,0.995457126633,0.97065337763,0.982898794505,0.980605955606,0.970024150007,0.966372657111,135,180,0,10,9,10
172,WLNM_dir_neg_kfold,0.902291666667,0.703090548978,00:00:38,10,90,12,21357,fixed,0.5,0.928057553957,0.716666666667,0.808777429467,129,10,51,350,0.716666666667,0.972222222222,0.0277777777778,0.283333333333,0.928057553957,0.716666666667,0.808777429467,0.887037037037,0.580864197531,0.730486008837,0.742774689647,0.688888888889,1841,1661,180,0,1841,0,1661,0,180,121,1806,0.124380165289,3.42170224172,29.8512396694,15.7043478261,15.4358974359,21.5018065741,0.72029861447,0.402313683498,17.1134281045,1.14658073125,0.582246506137,10.7712311965,0.721660561889,0.40886667948,1.17927586475,0.344645963161,4.31726830233,NaN,NaN,NaN,0.517601693121,0.603545816733,15149,0.0526043475241,0.132564397549,NaN,NaN,NaN,NaN,NaN,0.0495867768595,0.917355371901,0.0330578512397,121,1765,0.121556473829,3.41434912684,29.173553719,15.347826087,15.0854700855,21.0006657378,0.719852848238,0.40331983237,16.5935074761,1.13757190063,0.580965982254,10.7320931645,0.735741231107,0.417559056962,1.1774407935,0.344850731357,4.35025692659,NaN,NaN,NaN,0.499056440419,0.5934502012,14207,0.0493332870338,0.12857147319,NaN,NaN,NaN,NaN,NaN,0.0495867768595,0.917355371901,0.0330578512397,-41,-0.00282369146006,-0.00735311487775,-0.677685950413,-0.35652173913,-0.350427350427,-0.501140836269,-0.00044576623285,0.00100614887192,-0.51992062843,-0.0090088306281,-0.00128052388292,-0.0391380319627,0.0140806692181,0.00869237748179,-0.00183507124818,0.000204768195964,0.0329886242556,NaN,NaN,NaN,-0.0185452527017,-0.0100956155328,-942,-0.00327106049031,-0.00399292435997,0,0,0,1755,10,51,12704,0.971760797342,0.999213465471,0.000786534528866,0.0282392026578,0.99433427762,0.971760797342,0.982917950154,0.980607269834,0.970974262813,0.96640969163,139,180,0,10,9,10
173,WLNM_dir_neg_kfold,0.875208333333,0.704119650496,00:00:40,10,90,13,21358,fixed,0.5,0.935714285714,0.727777777778,0.81875,131,9,49,351,0.727777777778,0.975,0.025,0.272222222222,0.935714285714,0.727777777778,0.81875,0.892592592593,0.58024691358,0.744117647059,0.755982095404,0.702777777778,1841,1661,180,0,1841,0,1661,0,180,121,1806,0.124380165289,3.42170224172,29.8512396694,15.7043478261,15.4358974359,21.5018065741,0.72029861447,0.402313683498,17.1134281045,1.14658073125,0.582246506137,10.7712311965,0.721660561889,0.40886667948,1.17927586475,0.344645963161,4.31726830233,NaN,NaN,NaN,0.517601693121,0.603545816733,15149,0.0526043475241,0.132564397549,NaN,NaN,NaN,NaN,NaN,0.0495867768595,0.917355371901,0.0330578512397,121,1766,0.121625344353,3.42357451787,29.1900826446,15.3565217391,15.094017094,21.0504608222,0.721151121032,0.404116320208,16.5904483124,1.13671814598,0.580496616531,10.7939632144,0.739563730996,0.419540821579,1.18516882645,0.346178773168,4.36195383163,NaN,NaN,NaN,0.49828481091,0.592926981485,14251,0.0494860754219,0.129701713642,NaN,NaN,NaN,NaN,NaN,0.0495867768595,0.917355371901,0.0330578512397,-40,-0.00275482093664,0.00187227615642,-0.661157024793,-0.347826086957,-0.34188034188,-0.451345751922,0.00085250656146,0.00180263671054,-0.522979792086,-0.00986258527307,-0.00174988960577,0.0227320179144,0.0179031691071,0.0106741420995,0.00589296170018,0.00153281000707,0.0446855292981,NaN,NaN,NaN,-0.0193168822109,-0.0106188352477,-898,-0.00311827210223,-0.00286268390739,0,0,0,1757,9,49,12705,0.972868217054,0.999292118924,0.000707881075979,0.0271317829457,0.994903737259,0.972868217054,0.983762597984,0.9815655748,0.972160335978,0.968044077135,140,180,0,10,9,10
174,WLNM_dir_neg_kfold,0.876242283951,0.85422138421,00:00:36,10,90,14,21359,fixed,0.5,0.902777777778,0.722222222222,0.802469135802,130,14,50,346,0.722222222222,0.961111111111,0.0388888888889,0.277777777778,0.902777777778,0.722222222222,0.802469135802,0.881481481481,0.577777777778,0.719298245614,0.728435780882,0.683333333333,1841,1661,180,0,1841,0,1661,0,180,121,1806,0.124380165289,3.42170224172,29.8512396694,15.7043478261,15.4358974359,21.5018065741,0.72029861447,0.402313683498,17.1134281045,1.14658073125,0.582246506137,10.7712311965,0.721660561889,0.40886667948,1.17927586475,0.344645963161,4.31726830233,NaN,NaN,NaN,0.517601693121,0.603545816733,15149,0.0526043475241,0.132564397549,NaN,NaN,NaN,NaN,NaN,0.0495867768595,0.917355371901,0.0330578512397,121,1770,0.121900826446,3.41246127731,29.2561983471,15.3913043478,15.1282051282,21.0121111606,0.71821057922,0.402600737732,16.5786671315,1.13334391125,0.578932623617,10.7696581742,0.736230869539,0.418237848438,1.17287979236,0.343704938179,4.33760655181,NaN,NaN,NaN,0.499967813589,0.593471851165,14291,0.0496249739565,0.128853701418,NaN,NaN,NaN,NaN,NaN,0.0495867768595,0.917355371901,0.0330578512397,-36,-0.00247933884298,-0.00924096440363,-0.595041322314,-0.313043478261,-0.307692307692,-0.489695413472,-0.0020880352509,0.000287054234092,-0.534760973002,-0.0132368200046,-0.00331388251982,-0.00157302221545,0.0145703076497,0.00937116895837,-0.00639607238779,-0.000941024981503,0.0203382494729,NaN,NaN,NaN,-0.0176338795317,-0.0100739655682,-858,-0.00297937356761,-0.00371069613131,0,0,0,1756,14,50,12700,0.972314507198,0.99889885166,0.00110114834041,0.0276854928018,0.99209039548,0.972314507198,0.982102908277,0.979654411232,0.971213358858,0.964835164835,144,180,0,10,9,10
175,WLNM_dir_neg_kfold,0.855617283951,0.768865925016,00:00:38,10,90,15,21360,fixed,0.5,0.875862068966,0.705555555556,0.781538461538,127,18,53,342,0.705555555556,0.95,0.05,0.294444444444,0.875862068966,0.705555555556,0.781538461538,0.868518518519,0.577160493827,0.689051094891,0.697291636522,0.655555555556,1841,1661,180,0,1841,0,1661,0,180,121,1806,0.124380165289,3.42170224172,29.8512396694,15.7043478261,15.4358974359,21.5018065741,0.72029861447,0.402313683498,17.1134281045,1.14658073125,0.582246506137,10.7712311965,0.721660561889,0.40886667948,1.17927586475,0.344645963161,4.31726830233,NaN,NaN,NaN,0.517601693121,0.603545816733,15149,0.0526043475241,0.132564397549,NaN,NaN,NaN,NaN,NaN,0.0495867768595,0.917355371901,0.0330578512397,121,1771,0.12196969697,3.53923310578,29.2727272727,15.4,15.1367521368,21.0740757014,0.71992184073,0.403432715326,16.6393108832,1.13684732742,0.579800364924,10.8235853579,0.739499620727,0.41937365545,1.17351724384,0.331573877382,4.45016061007,NaN,NaN,NaN,0.498596918268,0.589274622127,14230,0.0494131536912,0.12895634481,NaN,NaN,NaN,NaN,NaN,0.0495867768595,0.917355371901,0.0330578512397,-35,-0.00241046831956,0.117530864062,-0.578512396694,-0.304347826087,-0.299145299145,-0.427730872749,-0.00037677374074,0.00111903182874,-0.474117221325,-0.00973340383199,-0.00244614121224,0.0523541614512,0.0178390588378,0.01050697597,-0.00575862090504,-0.013072085779,0.132892307735,NaN,NaN,NaN,-0.0190047748533,-0.0142711946059,-919,-0.00319119383291,-0.0036080527394,0,0,0,1753,18,53,12696,0.97065337763,0.998584237848,0.00141576215196,0.0293466223699,0.989836250706,0.97065337763,0.980150964495,0.977423768684,0.969237615478,0.961074561404,145,180,0,10,9,10
176,WLNM_dir_neg_kfold,0.887322530864,0.666748673783,00:00:38,10,90,16,21361,fixed,0.5,0.895104895105,0.711111111111,0.792569659443,128,15,52,345,0.711111111111,0.958333333333,0.0416666666667,0.288888888889,0.895104895105,0.711111111111,0.792569659443,0.875925925926,0.578395061728,0.705710102489,0.715218554574,0.669444444444,1841,1661,180,0,1841,0,1661,0,180,121,1806,0.124380165289,3.42170224172,29.8512396694,15.7043478261,15.4358974359,21.5018065741,0.72029861447,0.402313683498,17.1134281045,1.14658073125,0.582246506137,10.7712311965,0.721660561889,0.40886667948,1.17927586475,0.344645963161,4.31726830233,NaN,NaN,NaN,0.517601693121,0.603545816733,15149,0.0526043475241,0.132564397549,NaN,NaN,NaN,NaN,NaN,0.0495867768595,0.917355371901,0.0330578512397,121,1769,0.121831955923,3.42812225533,29.2396694215,15.5175438596,15.1196581197,21.0946378627,0.721438999825,0.404187826152,16.5973171519,1.13526024611,0.579549542394,10.7859910674,0.737764227899,0.418399525342,1.1948795111,0.348552187495,4.37808692278,NaN,NaN,NaN,0.502360023227,0.591614906832,14224,0.049392318911,0.131272964938,NaN,NaN,NaN,NaN,NaN,0.0578512396694,0.909090909091,0.0330578512397,-37,-0.00254820936639,0.00642001361125,-0.611570247934,-0.186803966438,-0.316239316239,-0.407168711456,0.0011403853546,0.00187414265434,-0.516110952641,-0.0113204851403,-0.00269696374207,0.0147598709281,0.0161036660103,0.00953284586254,0.0156036463496,0.0039062243344,0.0608186204455,NaN,NaN,NaN,-0.0152416698941,-0.0119309099008,-925,-0.0032120286131,-0.00129143261187,0.00826446280992,-0.00826446280992,0,1754,15,52,12699,0.971207087486,0.998820198207,0.0011798017933,0.0287929125138,0.991520633126,0.971207087486,0.981258741259,0.978696167874,0.970027285693,0.963207029105,143,180,0,10,9,10
177,WLNM_dir_neg_kfold,0.879930555556,0.708916467115,00:00:36,10,90,17,21362,fixed,0.5,0.915492957746,0.722222222222,0.807453416149,130,12,50,348,0.722222222222,0.966666666667,0.0333333333333,0.277777777778,0.915492957746,0.722222222222,0.807453416149,0.885185185185,0.579012345679,0.727272727273,0.737651066687,0.688888888889,1841,1661,180,0,1841,0,1661,0,180,121,1806,0.124380165289,3.42170224172,29.8512396694,15.7043478261,15.4358974359,21.5018065741,0.72029861447,0.402313683498,17.1134281045,1.14658073125,0.582246506137,10.7712311965,0.721660561889,0.40886667948,1.17927586475,0.344645963161,4.31726830233,NaN,NaN,NaN,0.517601693121,0.603545816733,15149,0.0526043475241,0.132564397549,NaN,NaN,NaN,NaN,NaN,0.0495867768595,0.917355371901,0.0330578512397,121,1768,0.121763085399,3.56325255182,29.2231404959,15.3739130435,15.1111111111,20.9954310916,0.71845225172,0.40253730227,16.5460830716,1.13239595683,0.579063984144,10.7435033864,0.735273704613,0.417617142216,1.19195572005,0.334513398283,4.47381628525,NaN,NaN,NaN,0.498673172105,0.592893288105,14216,0.0493645392041,0.128503353954,NaN,NaN,NaN,NaN,NaN,0.0495867768595,0.917355371901,0.0330578512397,-38,-0.00261707988981,0.141550310102,-0.628099173554,-0.330434782609,-0.324786324786,-0.506375482518,-0.00184636275026,0.000223618772307,-0.567345032847,-0.0141847744269,-0.00318252199237,-0.0277278100518,0.0136131427237,0.00875046273629,0.0126798553055,-0.0101325648772,0.156547982917,NaN,NaN,NaN,-0.0189285210161,-0.0106525286276,-933,-0.00323980832002,-0.004061043595,0,0,0,1756,12,50,12702,0.972314507198,0.999056158565,0.000943841434639,0.0276854928018,0.993212669683,0.972314507198,0.982652490207,0.980290239118,0.971370665764,0.965896589659,142,180,0,10,9,10
178,WLNM_dir_neg_kfold,0.910354938272,0.782693445333,00:00:39,10,90,18,21363,fixed,0.5,0.894366197183,0.705555555556,0.788819875776,127,15,53,345,0.705555555556,0.958333333333,0.0416666666667,0.294444444444,0.894366197183,0.705555555556,0.788819875776,0.874074074074,0.579012345679,0.700879765396,0.710881471525,0.663888888889,1841,1661,180,0,1841,0,1661,0,180,121,1806,0.124380165289,3.42170224172,29.8512396694,15.7043478261,15.4358974359,21.5018065741,0.72029861447,0.402313683498,17.1134281045,1.14658073125,0.582246506137,10.7712311965,0.721660561889,0.40886667948,1.17927586475,0.344645963161,4.31726830233,NaN,NaN,NaN,0.517601693121,0.603545816733,15149,0.0526043475241,0.132564397549,NaN,NaN,NaN,NaN,NaN,0.0495867768595,0.917355371901,0.0330578512397,121,1768,0.121763085399,3.45831860379,29.2231404959,15.3739130435,15.1111111111,21.000987121,0.718642376029,0.40255600015,16.5707432447,1.13408367229,0.579437941737,10.7186534453,0.73357300163,0.416710295053,1.19507114856,0.345564213561,4.42923212231,NaN,NaN,NaN,0.49825356293,0.592831112471,14207,0.0493332870338,0.127726865885,NaN,NaN,NaN,NaN,NaN,0.0495867768595,0.917355371901,0.0330578512397,-38,-0.00261707988981,0.0366163620705,-0.628099173554,-0.330434782609,-0.324786324786,-0.500819453141,-0.00165623844182,0.000242316651967,-0.542684859832,-0.0124970589661,-0.00280856439916,-0.0525777511605,0.0119124397406,0.00784361557275,0.0157952838141,0.00091825039989,0.111963819976,NaN,NaN,NaN,-0.0193481301915,-0.0107147042619,-942,-0.00327106049031,-0.0048375316643,0,0,0,1753,15,53,12699,0.97065337763,0.998820198207,0.0011798017933,0.0293466223699,0.991515837104,0.97065337763,0.980973698937,0.978375729237,0.969473575837,0.962657880286,142,180,0,10,9,10
179,WLNM_dir_neg_kfold,0.848356481481,0.702742518726,00:00:36,10,90,19,21364,fixed,0.5,0.9,0.7,0.7875,126,14,54,346,0.7,0.961111111111,0.0388888888889,0.3,0.9,0.7,0.7875,0.874074074074,0.58024691358,0.7,0.711161022554,0.661111111111,1841,1661,180,0,1841,0,1661,0,180,121,1806,0.124380165289,3.42170224172,29.8512396694,15.7043478261,15.4358974359,21.5018065741,0.72029861447,0.402313683498,17.1134281045,1.14658073125,0.582246506137,10.7712311965,0.721660561889,0.40886667948,1.17927586475,0.344645963161,4.31726830233,NaN,NaN,NaN,0.517601693121,0.603545816733,15149,0.0526043475241,0.132564397549,NaN,NaN,NaN,NaN,NaN,0.0495867768595,0.917355371901,0.0330578512397,121,1766,0.121625344353,3.43002068923,29.1900826446,15.3565217391,15.094017094,21.0167845818,0.719997433297,0.403423715171,16.582409612,1.136167363,0.580337504563,10.7560669023,0.736967211312,0.418333442528,1.17675913776,0.343076396436,4.38233868118,NaN,NaN,NaN,0.501323627827,0.591738339053,14196,0.0492950899368,0.128081699858,NaN,NaN,NaN,NaN,NaN,0.0495867768595,0.917355371901,0.0330578512397,-40,-0.00275482093664,0.00831844751144,-0.661157024793,-0.347826086957,-0.34188034188,-0.485021992262,-0.000301181173856,0.00111003167324,-0.531018492498,-0.0104133682571,-0.0019090015738,-0.0151642941671,0.0153066494232,0.00946676304803,-0.0025167269854,-0.00156956672503,0.0650703788478,NaN,NaN,NaN,-0.0162780652936,-0.0118074776798,-953,-0.00330925758733,-0.0044826976911,0,0,0,1752,14,54,12700,0.970099667774,0.99889885166,0.00110114834041,0.0299003322259,0.992072480181,0.970099667774,0.980963045913,0.978373169021,0.968998519434,0.962637362637,140,180,0,10,9,10
180,WLNM_dir_neg_kfold,0.860725308642,0.722879026043,00:00:37,10,90,20,21365,fixed,0.5,0.926470588235,0.7,0.79746835443,126,10,54,350,0.7,0.972222222222,0.0277777777778,0.3,0.926470588235,0.7,0.79746835443,0.881481481481,0.582716049383,0.715976331361,0.730029199757,0.672222222222,1841,1661,180,0,1841,0,1661,0,180,121,1806,0.124380165289,3.42170224172,29.8512396694,15.7043478261,15.4358974359,21.5018065741,0.72029861447,0.402313683498,17.1134281045,1.14658073125,0.582246506137,10.7712311965,0.721660561889,0.40886667948,1.17927586475,0.344645963161,4.31726830233,NaN,NaN,NaN,0.517601693121,0.603545816733,15149,0.0526043475241,0.132564397549,NaN,NaN,NaN,NaN,NaN,0.0495867768595,0.917355371901,0.0330578512397,121,1762,0.121349862259,3.46523507672,29.1239669421,15.3217391304,15.0598290598,21.072719429,0.723552511608,0.405362051013,16.5815623319,1.13868844617,0.581007682855,10.7686989016,0.739507699825,0.419508259772,1.19381121855,0.344510889482,4.35787405858,NaN,NaN,NaN,0.497556598892,0.593476265955,14228,0.0494062087645,0.129497544977,NaN,NaN,NaN,NaN,NaN,0.0495867768595,0.917355371901,0.0330578512397,-44,-0.0030303030303,0.0435328350046,-0.727272727273,-0.382608695652,-0.376068376068,-0.429087145136,0.00325389713733,0.00304836751504,-0.5318657726,-0.00789228507918,-0.00123882328181,-0.00253229487269,0.0178471379362,0.0106415802926,0.0145353537999,-0.000135073678708,0.0406057562459,NaN,NaN,NaN,-0.020045094229,-0.0100695507783,-921,-0.00319813875964,-0.00306685257299,0,0,0,1752,10,54,12704,0.970099667774,0.999213465471,0.000786534528866,0.0299003322259,0.994324631101,0.970099667774,0.982062780269,0.979647473176,0.969313133245,0.964757709251,136,180,0,10,9,10
181,WLNM_dir_neg_kfold,0.856527777778,0.76056988704,00:00:37,10,90,1,22346,fixed,0.5,0.866197183099,0.683333333333,0.76397515528,123,19,57,341,0.683333333333,0.947222222222,0.0527777777778,0.316666666667,0.866197183099,0.683333333333,0.76397515528,0.859259259259,0.579012345679,0.66568914956,0.675188677976,0.630555555556,1841,1661,180,0,1841,0,1661,0,180,121,1806,0.124380165289,3.42170224172,29.8512396694,15.7043478261,15.4358974359,21.5018065741,0.72029861447,0.402313683498,17.1134281045,1.14658073125,0.582246506137,10.7712311965,0.721660561889,0.40886667948,1.17927586475,0.344645963161,4.31726830233,NaN,NaN,NaN,0.517601693121,0.603545816733,15149,0.0526043475241,0.132564397549,NaN,NaN,NaN,NaN,NaN,0.0495867768595,0.917355371901,0.0330578512397,121,1768,0.121763085399,3.02535215469,29.2231404959,16.0727272727,15.2413793103,20.9986061455,0.718560900342,0.403187053588,16.6264708125,1.13789760651,0.583551475263,10.5888084794,0.724686553173,0.411540331326,1.0975349364,0.362779233717,3.96151123656,NaN,NaN,NaN,0.49312655476,0.595793515002,14277,0.0495763594694,0.132424778707,NaN,NaN,NaN,NaN,NaN,0.0909090909091,0.867768595041,0.0413223140496,-38,-0.00261707988981,-0.396350087024,-0.628099173554,0.36837944664,-0.194518125553,-0.503200428579,-0.00173771412849,0.000873370090507,-0.486957291946,-0.00868312473858,0.00130496912614,-0.182422717043,0.00302599128367,0.00267365184664,-0.0817409283407,0.0181332705567,-0.355757065774,NaN,NaN,NaN,-0.0244751383606,-0.00775230173077,-872,-0.00302798805473,-0.000139618842525,0.0413223140496,-0.0495867768595,0.00826446280992,1749,19,57,12695,0.968438538206,0.998505584395,0.00149441560485,0.031561461794,0.989253393665,0.968438538206,0.978735310576,0.975823049395,0.966944122601,0.958356164384,142,180,0,10,10,10
182,WLNM_dir_neg_kfold,0.864776234568,0.64427279379,00:00:36,10,90,2,22347,fixed,0.5,0.912408759124,0.694444444444,0.788643533123,125,12,55,348,0.694444444444,0.966666666667,0.0333333333333,0.305555555556,0.912408759124,0.694444444444,0.788643533123,0.875925925926,0.582098765432,0.703101920236,0.71622446647,0.661111111111,1841,1661,180,0,1841,0,1661,0,180,121,1806,0.124380165289,3.42170224172,29.8512396694,15.7043478261,15.4358974359,21.5018065741,0.72029861447,0.402313683498,17.1134281045,1.14658073125,0.582246506137,10.7712311965,0.721660561889,0.40886667948,1.17927586475,0.344645963161,4.31726830233,NaN,NaN,NaN,0.517601693121,0.603545816733,15149,0.0526043475241,0.132564397549,NaN,NaN,NaN,NaN,NaN,0.0495867768595,0.917355371901,0.0330578512397,121,1763,0.121418732782,3.03937453018,29.1404958678,16.0272727273,15.1982758621,20.9233943172,0.7180177857,0.402544498249,16.5412748633,1.13527751473,0.582234451981,10.6761622679,0.732737172105,0.414470075894,1.10812248997,0.364588989929,4.00420665606,NaN,NaN,NaN,0.483966921723,0.59201606829,14148,0.0491284116953,0.13730026184,NaN,NaN,NaN,NaN,NaN,0.0909090909091,0.867768595041,0.0413223140496,-43,-0.00296143250689,-0.382327711536,-0.710743801653,0.322924901186,-0.237621573828,-0.578412256933,-0.00228082877039,0.000230814751518,-0.572153241148,-0.0113032165258,-1.20541553017e-05,-0.0950689285222,0.0110766102156,0.00560339641451,-0.0711533747724,0.0199430267678,-0.313061646275,NaN,NaN,NaN,-0.0336347713983,-0.0115297484428,-1001,-0.00347593582888,0.00473586429061,0.0413223140496,-0.0495867768595,0.00826446280992,1751,12,55,12702,0.969545957918,0.999056158565,0.000943841434639,0.0304540420819,0.993193420306,0.969545957918,0.981227234519,0.978689561632,0.968602116483,0.963146314631,137,180,0,10,10,10
183,WLNM_dir_neg_kfold,0.847222222222,0.742201047698,00:00:38,10,90,3,22348,fixed,0.5,0.904411764706,0.683333333333,0.778481012658,123,13,57,347,0.683333333333,0.963888888889,0.0361111111111,0.316666666667,0.904411764706,0.683333333333,0.778481012658,0.87037037037,0.582716049383,0.689349112426,0.702879353486,0.647222222222,1841,1661,180,0,1841,0,1661,0,180,121,1806,0.124380165289,3.42170224172,29.8512396694,15.7043478261,15.4358974359,21.5018065741,0.72029861447,0.402313683498,17.1134281045,1.14658073125,0.582246506137,10.7712311965,0.721660561889,0.40886667948,1.17927586475,0.344645963161,4.31726830233,NaN,NaN,NaN,0.517601693121,0.603545816733,15149,0.0526043475241,0.132564397549,NaN,NaN,NaN,NaN,NaN,0.0495867768595,0.917355371901,0.0330578512397,121,1762,0.121349862259,3.0036772482,29.1239669421,16.0181818182,15.1896551724,20.9282784162,0.718592987616,0.402918359115,16.5528912691,1.13671954799,0.582058329659,10.6793356238,0.733370948061,0.415455764955,1.09034003193,0.363001728161,3.95526985577,NaN,NaN,NaN,0.486910923926,0.592462837602,14149,0.0491318841586,0.136275267193,NaN,NaN,NaN,NaN,NaN,0.0909090909091,0.867768595041,0.0413223140496,-44,-0.0030303030303,-0.418024993519,-0.727272727273,0.313833992095,-0.246242263484,-0.573528157919,-0.00170562685438,0.000604675617214,-0.560536835399,-0.0098611832623,-0.000188176477373,-0.0918955726311,0.0117103861718,0.00658908547551,-0.0889358328122,0.0183557650002,-0.361998446569,NaN,NaN,NaN,-0.0306907691946,-0.011082979131,-1000,-0.00347246336551,0.00371086964343,0.0413223140496,-0.0495867768595,0.00826446280992,1749,13,57,12701,0.968438538206,0.998977505112,0.00102249488753,0.031561461794,0.992622020431,0.968438538206,0.980381165919,0.977730157409,0.967416043318,0.961517317207,136,180,0,10,10,10
184,WLNM_dir_neg_kfold,0.887986111111,0.69930696415,00:00:37,10,90,4,22349,fixed,0.5,0.92700729927,0.705555555556,0.801261829653,127,10,53,350,0.705555555556,0.972222222222,0.0277777777778,0.294444444444,0.92700729927,0.705555555556,0.801261829653,0.883333333333,0.582098765432,0.72082717873,0.734280545457,0.677777777778,1841,1661,180,0,1841,0,1661,0,180,121,1806,0.124380165289,3.42170224172,29.8512396694,15.7043478261,15.4358974359,21.5018065741,0.72029861447,0.402313683498,17.1134281045,1.14658073125,0.582246506137,10.7712311965,0.721660561889,0.40886667948,1.17927586475,0.344645963161,4.31726830233,NaN,NaN,NaN,0.517601693121,0.603545816733,15149,0.0526043475241,0.132564397549,NaN,NaN,NaN,NaN,NaN,0.0495867768595,0.917355371901,0.0330578512397,121,1763,0.121418732782,3.01611289803,29.1404958678,16.0272727273,15.1982758621,21.0025021466,0.72073249,0.403730493196,16.5780107604,1.13779880999,0.582590719238,10.6855248243,0.733379752549,0.415182610408,1.09417370461,0.362776110047,3.9694697215,NaN,NaN,NaN,0.488581394396,0.595625373944,14269,0.0495485797625,0.137578868682,NaN,NaN,NaN,NaN,NaN,0.0909090909091,0.867768595041,0.0413223140496,-43,-0.00296143250689,-0.405589343684,-0.710743801653,0.322924901186,-0.237621573828,-0.49930442749,0.000433875529811,0.00141680969815,-0.535417344109,-0.00878192126678,0.000344213101394,-0.0857063721315,0.0117191906598,0.0063159309279,-0.0851021601336,0.0181301468867,-0.347798580835,NaN,NaN,NaN,-0.0290202987251,-0.00792044278881,-880,-0.00305576776165,0.00501447113201,0.0413223140496,-0.0495867768595,0.00826446280992,1753,10,53,12704,0.97065337763,0.999213465471,0.000786534528866,0.0293466223699,0.994327850255,0.97065337763,0.982347996638,0.979967459665,0.969866843101,0.965308370044,137,180,0,10,10,10
185,WLNM_dir_neg_kfold,0.837353395062,0.674811675026,00:00:37,10,90,5,22350,fixed,0.5,0.895104895105,0.711111111111,0.792569659443,128,15,52,345,0.711111111111,0.958333333333,0.0416666666667,0.288888888889,0.895104895105,0.711111111111,0.792569659443,0.875925925926,0.578395061728,0.705710102489,0.715218554574,0.669444444444,1841,1661,180,0,1841,0,1661,0,180,121,1806,0.124380165289,3.42170224172,29.8512396694,15.7043478261,15.4358974359,21.5018065741,0.72029861447,0.402313683498,17.1134281045,1.14658073125,0.582246506137,10.7712311965,0.721660561889,0.40886667948,1.17927586475,0.344645963161,4.31726830233,NaN,NaN,NaN,0.517601693121,0.603545816733,15149,0.0526043475241,0.132564397549,NaN,NaN,NaN,NaN,NaN,0.0495867768595,0.917355371901,0.0330578512397,121,1769,0.121831955923,3.08735514381,29.2396694215,16.0818181818,15.25,20.9177057352,0.715387901061,0.40130063677,16.5339328848,1.13092474791,0.580764217539,10.6803996479,0.730541750931,0.41330723339,1.13316139801,0.367033057496,4.15641898541,NaN,NaN,NaN,0.491037100547,0.593514370774,14221,0.0493819015209,0.136248344281,NaN,NaN,NaN,NaN,NaN,0.0909090909091,0.867768595041,0.0413223140496,-37,-0.00254820936639,-0.334347097911,-0.611570247934,0.377470355731,-0.185897435897,-0.58410083894,-0.00491071340897,-0.00101304672753,-0.57949521969,-0.0156559833387,-0.00148228859759,-0.0908315485485,0.00888118904213,0.0044405539107,-0.0461144667376,0.0223870943356,-0.160849316925,NaN,NaN,NaN,-0.0265645925742,-0.0100314459587,-928,-0.00322244600319,0.00368394673155,0.0413223140496,-0.0495867768595,0.00826446280992,1754,15,52,12699,0.971207087486,0.998820198207,0.0011798017933,0.0287929125138,0.991520633126,0.971207087486,0.981258741259,0.978696167874,0.970027285693,0.963207029105,143,180,0,10,10,10
186,WLNM_dir_neg_kfold,0.809969135802,0.686524157894,00:00:36,10,90,6,22351,fixed,0.5,0.892857142857,0.694444444444,0.78125,125,15,55,345,0.694444444444,0.958333333333,0.0416666666667,0.305555555556,0.892857142857,0.694444444444,0.78125,0.87037037037,0.58024691358,0.691176470588,0.702196807984,0.652777777778,1841,1661,180,0,1841,0,1661,0,180,121,1806,0.124380165289,3.42170224172,29.8512396694,15.7043478261,15.4358974359,21.5018065741,0.72029861447,0.402313683498,17.1134281045,1.14658073125,0.582246506137,10.7712311965,0.721660561889,0.40886667948,1.17927586475,0.344645963161,4.31726830233,NaN,NaN,NaN,0.517601693121,0.603545816733,15149,0.0526043475241,0.132564397549,NaN,NaN,NaN,NaN,NaN,0.0495867768595,0.917355371901,0.0330578512397,121,1766,0.121625344353,3.02036076623,29.1900826446,16.0545454545,15.224137931,20.9890106364,0.719045947622,0.403171007928,16.5834146626,1.13623622547,0.582293645817,10.7125926775,0.733988513009,0.415563022379,1.10180495397,0.364792499721,3.97643976391,NaN,NaN,NaN,0.488739236481,0.594169250233,14246,0.0494687131051,0.137176149907,NaN,NaN,NaN,NaN,NaN,0.0909090909091,0.867768595041,0.0413223140496,-40,-0.00275482093664,-0.401341475485,-0.661157024793,0.350197628458,-0.211759504863,-0.512795937752,-0.00125266684892,0.000857324429904,-0.530013441845,-0.0103445057832,4.71396801895e-05,-0.0586385189954,0.0123279511195,0.00669634289884,-0.0774709107719,0.0201465365605,-0.340828538426,NaN,NaN,NaN,-0.0288624566397,-0.0093765665002,-903,-0.00313563441906,0.00461175235747,0.0413223140496,-0.0495867768595,0.00826446280992,1751,15,55,12699,0.969545957918,0.998820198207,0.0011798017933,0.0304540420819,0.991506228766,0.969545957918,0.980403135498,0.977734687866,0.968366156125,0.961559582647,140,180,0,10,10,10
187,WLNM_dir_neg_kfold,0.864691358025,0.728115980568,00:00:37,10,90,7,22352,fixed,0.5,0.89928057554,0.694444444444,0.783699059561,125,14,55,346,0.694444444444,0.961111111111,0.0388888888889,0.305555555556,0.89928057554,0.694444444444,0.783699059561,0.872222222222,0.580864197531,0.695139911635,0.706833978858,0.655555555556,1841,1661,180,0,1841,0,1661,0,180,121,1806,0.124380165289,3.42170224172,29.8512396694,15.7043478261,15.4358974359,21.5018065741,0.72029861447,0.402313683498,17.1134281045,1.14658073125,0.582246506137,10.7712311965,0.721660561889,0.40886667948,1.17927586475,0.344645963161,4.31726830233,NaN,NaN,NaN,0.517601693121,0.603545816733,15149,0.0526043475241,0.132564397549,NaN,NaN,NaN,NaN,NaN,0.0495867768595,0.917355371901,0.0330578512397,121,1765,0.121556473829,3.02290366941,29.173553719,16.0454545455,15.2155172414,21.1055591752,0.723448345667,0.405258352258,16.6656680142,1.14251888369,0.584974129656,10.7142190736,0.734515868505,0.415171025215,1.10380568321,0.365147488616,3.95927129238,NaN,NaN,NaN,0.487856503901,0.593427216994,14229,0.0494096812279,0.136215700987,NaN,NaN,NaN,NaN,NaN,0.0909090909091,0.867768595041,0.0413223140496,-41,-0.00282369146006,-0.398798572306,-0.677685950413,0.341106719368,-0.220380194518,-0.396247398878,0.00314973119611,0.00294466876048,-0.447760090334,-0.00406184756317,0.00272762351951,-0.0570121228123,0.012855306616,0.00630434573502,-0.075470181532,0.0205015254553,-0.357997009956,NaN,NaN,NaN,-0.02974518922,-0.0101185997395,-920,-0.00319466629627,0.00365130343799,0.0413223140496,-0.0495867768595,0.00826446280992,1751,14,55,12700,0.969545957918,0.99889885166,0.00110114834041,0.0304540420819,0.992067988669,0.969545957918,0.980677681322,0.978052721967,0.968444809578,0.962087912088,139,180,0,10,10,10
188,WLNM_dir_neg_kfold,0.827067901235,0.71776233986,00:00:36,10,90,8,22353,fixed,0.5,0.898550724638,0.688888888889,0.779874213836,124,14,56,346,0.688888888889,0.961111111111,0.0388888888889,0.311111111111,0.898550724638,0.688888888889,0.779874213836,0.87037037037,0.581481481481,0.690265486726,0.702503172472,0.65,1841,1661,180,0,1841,0,1661,0,180,121,1806,0.124380165289,3.42170224172,29.8512396694,15.7043478261,15.4358974359,21.5018065741,0.72029861447,0.402313683498,17.1134281045,1.14658073125,0.582246506137,10.7712311965,0.721660561889,0.40886667948,1.17927586475,0.344645963161,4.31726830233,NaN,NaN,NaN,0.517601693121,0.603545816733,15149,0.0526043475241,0.132564397549,NaN,NaN,NaN,NaN,NaN,0.0495867768595,0.917355371901,0.0330578512397,121,1764,0.121487603306,3.02822893746,29.1570247934,16.0363636364,15.2068965517,20.8798181124,0.716116210772,0.401627593186,16.532670719,1.13404373979,0.581623282922,10.652661691,0.730709787191,0.413607316205,1.10282909295,0.364182865867,3.97849500684,NaN,NaN,NaN,0.486417350701,0.591474319566,14111,0.0489999305507,0.135997848345,NaN,NaN,NaN,NaN,NaN,0.0909090909091,0.867768595041,0.0413223140496,-42,-0.00289256198347,-0.393473304253,-0.694214876033,0.332015810277,-0.229000884173,-0.62198846169,-0.00418240369869,-0.000686090311581,-0.58075738552,-0.0125369914599,-0.000623223214585,-0.118569505506,0.00904922530222,0.00474063672493,-0.0764467717991,0.0195369027061,-0.338773295494,NaN,NaN,NaN,-0.0311843424201,-0.0120714971668,-1038,-0.0036044169734,0.00343345079524,0.0413223140496,-0.0495867768595,0.00826446280992,1750,14,56,12700,0.968992248062,0.99889885166,0.00110114834041,0.031007751938,0.992063492063,0.968992248062,0.980392156863,0.977732220182,0.967891099722,0.961538461538,138,180,0,10,10,10
189,WLNM_dir_neg_kfold,0.838325617284,0.627855210346,00:00:37,10,90,9,22354,fixed,0.5,0.874125874126,0.694444444444,0.77399380805,125,18,55,342,0.694444444444,0.95,0.05,0.305555555556,0.874125874126,0.694444444444,0.77399380805,0.864814814815,0.578395061728,0.679355783309,0.688509147972,0.644444444444,1841,1661,180,0,1841,0,1661,0,180,121,1806,0.124380165289,3.42170224172,29.8512396694,15.7043478261,15.4358974359,21.5018065741,0.72029861447,0.402313683498,17.1134281045,1.14658073125,0.582246506137,10.7712311965,0.721660561889,0.40886667948,1.17927586475,0.344645963161,4.31726830233,NaN,NaN,NaN,0.517601693121,0.603545816733,15149,0.0526043475241,0.132564397549,NaN,NaN,NaN,NaN,NaN,0.0495867768595,0.917355371901,0.0330578512397,121,1769,0.121831955923,3.23461836166,29.2396694215,15.9369369369,15.25,20.9539275528,0.716626691321,0.401917317997,16.5288919765,1.13057994865,0.579671009909,10.6177965372,0.726259684004,0.411662750118,1.12756043584,0.348591490485,4.19193374552,NaN,NaN,NaN,0.496213070401,0.593565258516,14224,0.049392318911,0.133229738089,NaN,NaN,NaN,NaN,NaN,0.0826446280992,0.876033057851,0.0413223140496,-37,-0.00254820936639,-0.187083880062,-0.611570247934,0.23258911085,-0.185897435897,-0.547879021266,-0.00367192314934,-0.000396365500335,-0.584536127942,-0.0160007826029,-0.00257549622762,-0.153434659241,0.00459912211515,0.00279607063818,-0.0517154289069,0.00394552732408,-0.125334556814,NaN,NaN,NaN,-0.0213886227197,-0.0099805582167,-925,-0.0032120286131,0.000665340539372,0.0330578512397,-0.0413223140496,0.00826446280992,1751,18,55,12696,0.969545957918,0.998584237848,0.00141576215196,0.0304540420819,0.989824759751,0.969545957918,0.97958041958,0.976782124146,0.968130195766,0.959978070175,143,180,0,10,10,10
190,WLNM_dir_neg_kfold,0.86387345679,0.803921662693,00:00:36,10,90,10,22355,fixed,0.5,0.932835820896,0.694444444444,0.796178343949,125,9,55,351,0.694444444444,0.975,0.025,0.305555555556,0.932835820896,0.694444444444,0.796178343949,0.881481481481,0.583950617284,0.715133531157,0.730611710191,0.669444444444,1841,1661,180,0,1841,0,1661,0,180,121,1806,0.124380165289,3.42170224172,29.8512396694,15.7043478261,15.4358974359,21.5018065741,0.72029861447,0.402313683498,17.1134281045,1.14658073125,0.582246506137,10.7712311965,0.721660561889,0.40886667948,1.17927586475,0.344645963161,4.31726830233,NaN,NaN,NaN,0.517601693121,0.603545816733,15149,0.0526043475241,0.132564397549,NaN,NaN,NaN,NaN,NaN,0.0495867768595,0.917355371901,0.0330578512397,121,1760,0.121212121212,3.20619555959,29.0909090909,15.8558558559,15.1724137931,20.9992063342,0.721847717738,0.404799023291,16.5745789288,1.13950230135,0.583611945905,10.6277937504,0.730660820337,0.414321938392,1.13612570428,0.354353214945,4.12421921131,NaN,NaN,NaN,0.500858080123,0.593028608093,14172,0.049211750816,0.133641423428,NaN,NaN,NaN,NaN,NaN,0.0826446280992,0.876033057851,0.0413223140496,-46,-0.00316804407713,-0.215506682128,-0.760330578512,0.151508029769,-0.263483642794,-0.502600239901,0.00154910326798,0.00248533979314,-0.538849175702,-0.00707842989905,0.00136543976876,-0.143437446109,0.00900025844753,0.0054552589124,-0.0431501604627,0.00970725178436,-0.193049091023,NaN,NaN,NaN,-0.0167436129976,-0.0105172086402,-977,-0.0033925967081,0.00107702587881,0.0330578512397,-0.0413223140496,0.00826446280992,1751,9,55,12705,0.969545957918,0.999292118924,0.000707881075979,0.0304540420819,0.994886363636,0.969545957918,0.982052720135,0.979646755228,0.968838076842,0.964738292011,134,180,0,10,10,10
191,WLNM_dir_neg_kfold,0.846427469136,0.716127803224,00:00:41,10,90,11,22356,fixed,0.5,0.897810218978,0.683333333333,0.776025236593,123,14,57,346,0.683333333333,0.961111111111,0.0388888888889,0.316666666667,0.897810218978,0.683333333333,0.776025236593,0.868518518519,0.582098765432,0.685376661743,0.698168387484,0.644444444444,1841,1661,180,0,1841,0,1661,0,180,121,1806,0.124380165289,3.42170224172,29.8512396694,15.7043478261,15.4358974359,21.5018065741,0.72029861447,0.402313683498,17.1134281045,1.14658073125,0.582246506137,10.7712311965,0.721660561889,0.40886667948,1.17927586475,0.344645963161,4.31726830233,NaN,NaN,NaN,0.517601693121,0.603545816733,15149,0.0526043475241,0.132564397549,NaN,NaN,NaN,NaN,NaN,0.0495867768595,0.917355371901,0.0330578512397,121,1763,0.121418732782,3.0387416357,29.1404958678,16.0272727273,15.1982758621,20.9810651879,0.719996848479,0.403678928198,16.5880611919,1.13848860137,0.583809528274,10.6056796468,0.727899737531,0.412848122331,1.11078231368,0.365540229098,3.98270347565,NaN,NaN,NaN,0.491644008614,0.596878138601,14263,0.0495277449823,0.132560323184,NaN,NaN,NaN,NaN,NaN,0.0909090909091,0.867768595041,0.0413223140496,-43,-0.00296143250689,-0.382960606018,-0.710743801653,0.322924901186,-0.237621573828,-0.520741386214,-0.000301765991885,0.00136524470047,-0.525366912638,-0.00809212988389,0.00156302213746,-0.165551549623,0.00623917564202,0.00398144285114,-0.0684935510611,0.0208942659378,-0.334564826686,NaN,NaN,NaN,-0.025957684507,-0.00666767813247,-886,-0.00307660254184,-4.07436581773e-06,0.0413223140496,-0.0495867768595,0.00826446280992,1749,14,57,12700,0.968438538206,0.99889885166,0.00110114834041,0.031561461794,0.992058990357,0.968438538206,0.980106472401,0.977411663599,0.967337389866,0.960989010989,137,180,0,10,10,10
192,WLNM_dir_neg_kfold,0.851095679012,0.596040210726,00:00:38,10,90,12,22357,fixed,0.5,0.919708029197,0.7,0.794952681388,126,11,54,349,0.7,0.969444444444,0.0305555555556,0.3,0.919708029197,0.7,0.794952681388,0.87962962963,0.582098765432,0.711964549483,0.725252505963,0.669444444444,1841,1661,180,0,1841,0,1661,0,180,121,1806,0.124380165289,3.42170224172,29.8512396694,15.7043478261,15.4358974359,21.5018065741,0.72029861447,0.402313683498,17.1134281045,1.14658073125,0.582246506137,10.7712311965,0.721660561889,0.40886667948,1.17927586475,0.344645963161,4.31726830233,NaN,NaN,NaN,0.517601693121,0.603545816733,15149,0.0526043475241,0.132564397549,NaN,NaN,NaN,NaN,NaN,0.0495867768595,0.917355371901,0.0330578512397,121,1763,0.121418732782,3.20353809327,29.1404958678,15.8828828829,15.1982758621,21.013212425,0.721100029333,0.40429770817,16.5714747112,1.13735022125,0.582740726504,10.6558485086,0.731342977617,0.414057555913,1.13387018647,0.353943094622,4.19601278794,NaN,NaN,NaN,0.491209019024,0.594529890737,14238,0.0494409333982,0.134481234427,NaN,NaN,NaN,NaN,NaN,0.0826446280992,0.876033057851,0.0413223140496,-43,-0.00296143250689,-0.218164148447,-0.710743801653,0.178535056796,-0.237621573828,-0.488594149096,0.000801414862119,0.00198402467262,-0.541953393269,-0.00923051000663,0.000494220367371,-0.115382687871,0.00968241572824,0.00519087643308,-0.0454056782736,0.00929713146155,-0.121255514396,NaN,NaN,NaN,-0.0263926740967,-0.00901592599606,-911,-0.00316341412598,0.00191683687769,0.0330578512397,-0.0413223140496,0.00826446280992,1752,11,54,12703,0.970099667774,0.999134812018,0.000865187981752,0.0299003322259,0.993760635281,0.970099667774,0.981787615579,0.979328510648,0.969234479792,0.964226747386,137,180,0,10,10,10
193,WLNM_dir_neg_kfold,0.811358024691,0.68156225914,00:00:39,10,90,13,22358,fixed,0.5,0.912408759124,0.694444444444,0.788643533123,125,12,55,348,0.694444444444,0.966666666667,0.0333333333333,0.305555555556,0.912408759124,0.694444444444,0.788643533123,0.875925925926,0.582098765432,0.703101920236,0.71622446647,0.661111111111,1841,1661,180,0,1841,0,1661,0,180,121,1806,0.124380165289,3.42170224172,29.8512396694,15.7043478261,15.4358974359,21.5018065741,0.72029861447,0.402313683498,17.1134281045,1.14658073125,0.582246506137,10.7712311965,0.721660561889,0.40886667948,1.17927586475,0.344645963161,4.31726830233,NaN,NaN,NaN,0.517601693121,0.603545816733,15149,0.0526043475241,0.132564397549,NaN,NaN,NaN,NaN,NaN,0.0495867768595,0.917355371901,0.0330578512397,121,1763,0.121418732782,3.04540891507,29.1404958678,16.0272727273,15.1982758621,20.9345431385,0.718400374294,0.402867951416,16.5211109626,1.13389360549,0.582065693807,10.6495903257,0.730913459675,0.413963801372,1.11623193955,0.366529412198,3.98353767552,NaN,NaN,NaN,0.483742360625,0.593911609314,14164,0.0491839711091,0.134790624322,NaN,NaN,NaN,NaN,NaN,0.0909090909091,0.867768595041,0.0413223140496,-43,-0.00296143250689,-0.376293326645,-0.710743801653,0.322924901186,-0.237621573828,-0.567263435585,-0.00189824017622,0.000554267918781,-0.592317141908,-0.0126871257668,-0.000180812329526,-0.121640870787,0.00925289778561,0.00509712189184,-0.0630439252002,0.0218834490378,-0.33373062682,NaN,NaN,NaN,-0.0338593324964,-0.00963420741878,-985,-0.00342037641503,0.00222622677268,0.0413223140496,-0.0495867768595,0.00826446280992,1751,12,55,12702,0.969545957918,0.999056158565,0.000943841434639,0.0304540420819,0.993193420306,0.969545957918,0.981227234519,0.978689561632,0.968602116483,0.963146314631,137,180,0,10,10,10
194,WLNM_dir_neg_kfold,0.804490740741,0.718227245636,00:00:36,10,90,14,22359,fixed,0.5,0.85,0.661111111111,0.74375,119,21,61,339,0.661111111111,0.941666666667,0.0583333333333,0.338888888889,0.85,0.661111111111,0.74375,0.848148148148,0.58024691358,0.638235294118,0.648411520564,0.602777777778,1841,1661,180,0,1841,0,1661,0,180,121,1806,0.124380165289,3.42170224172,29.8512396694,15.7043478261,15.4358974359,21.5018065741,0.72029861447,0.402313683498,17.1134281045,1.14658073125,0.582246506137,10.7712311965,0.721660561889,0.40886667948,1.17927586475,0.344645963161,4.31726830233,NaN,NaN,NaN,0.517601693121,0.603545816733,15149,0.0526043475241,0.132564397549,NaN,NaN,NaN,NaN,NaN,0.0495867768595,0.917355371901,0.0330578512397,121,1766,0.121625344353,3.11350268054,29.1900826446,15.9099099099,15.224137931,20.9683547477,0.718338313838,0.402735789897,16.5612894589,1.13472028569,0.581170502513,10.6227574201,0.727833322669,0.412596052151,1.12722979405,0.362045551173,4.0628322479,NaN,NaN,NaN,0.489344020172,0.59184327942,14149,0.0491318841586,0.133255666008,NaN,NaN,NaN,NaN,NaN,0.0826446280992,0.876033057851,0.0413223140496,-40,-0.00275482093664,-0.308199561179,-0.661157024793,0.205562083823,-0.211759504863,-0.533451826384,-0.00196030063275,0.00042210639971,-0.552138645638,-0.0118604455674,-0.00107600362354,-0.148473776345,0.00617276078017,0.0037293726715,-0.0520460706909,0.0173995880125,-0.254436054434,NaN,NaN,NaN,-0.0282576729485,-0.0117025373131,-1000,-0.00347246336551,0.000691268458296,0.0330578512397,-0.0413223140496,0.00826446280992,1745,21,61,12693,0.966223698782,0.998348277489,0.00165172251062,0.0337763012182,0.988108720272,0.966223698782,0.977043673012,0.973903800932,0.964571976271,0.955117679256,140,180,0,10,10,10
195,WLNM_dir_neg_kfold,0.865617283951,0.677131826189,00:00:36,10,90,15,22360,fixed,0.5,0.925925925926,0.694444444444,0.793650793651,125,10,55,350,0.694444444444,0.972222222222,0.0277777777778,0.305555555556,0.925925925926,0.694444444444,0.793650793651,0.87962962963,0.583333333333,0.711111111111,0.725774738602,0.666666666667,1841,1661,180,0,1841,0,1661,0,180,121,1806,0.124380165289,3.42170224172,29.8512396694,15.7043478261,15.4358974359,21.5018065741,0.72029861447,0.402313683498,17.1134281045,1.14658073125,0.582246506137,10.7712311965,0.721660561889,0.40886667948,1.17927586475,0.344645963161,4.31726830233,NaN,NaN,NaN,0.517601693121,0.603545816733,15149,0.0526043475241,0.132564397549,NaN,NaN,NaN,NaN,NaN,0.0495867768595,0.917355371901,0.0330578512397,121,1761,0.121280991736,3.05355154182,29.1074380165,16.0090909091,15.1810344828,21.0209425942,0.722184569533,0.40488358887,16.5604702093,1.13788580087,0.582754914798,10.6739171295,0.733415089533,0.414987727672,1.12721016838,0.369147254581,4.06412364688,NaN,NaN,NaN,0.489206445504,0.593851944793,14199,0.0493055073269,0.136606179956,NaN,NaN,NaN,NaN,NaN,0.0909090909091,0.867768595041,0.0413223140496,-45,-0.00309917355372,-0.368150699896,-0.743801652893,0.304743083004,-0.254862953139,-0.48086397992,0.00188595506304,0.00256990537234,-0.552957895173,-0.0086949303859,0.00050840866109,-0.0973140669783,0.0117545276437,0.00612104819185,-0.0520656963609,0.0245012914202,-0.253144655451,NaN,NaN,NaN,-0.0283952476168,-0.00969387194009,-950,-0.00329884019724,0.00404178240686,0.0413223140496,-0.0495867768595,0.00826446280992,1751,10,55,12704,0.969545957918,0.999213465471,0.000786534528866,0.0304540420819,0.994321408291,0.969545957918,0.981777403981,0.979327432331,0.968759423389,0.964207048458,135,180,0,10,10,10
196,WLNM_dir_neg_kfold,0.822268518519,0.677569184299,00:00:38,10,90,16,22361,fixed,0.5,0.886524822695,0.694444444444,0.778816199377,125,16,55,344,0.694444444444,0.955555555556,0.0444444444444,0.305555555556,0.886524822695,0.694444444444,0.778816199377,0.868518518519,0.57962962963,0.687224669604,0.69759740342,0.65,1841,1661,180,0,1841,0,1661,0,180,121,1806,0.124380165289,3.42170224172,29.8512396694,15.7043478261,15.4358974359,21.5018065741,0.72029861447,0.402313683498,17.1134281045,1.14658073125,0.582246506137,10.7712311965,0.721660561889,0.40886667948,1.17927586475,0.344645963161,4.31726830233,NaN,NaN,NaN,0.517601693121,0.603545816733,15149,0.0526043475241,0.132564397549,NaN,NaN,NaN,NaN,NaN,0.0495867768595,0.917355371901,0.0330578512397,121,1767,0.121694214876,3.03496381068,29.2066115702,16.0636363636,15.2327586207,21.0791829994,0.721726412827,0.404406778076,16.6490637068,1.14008868621,0.58405010126,10.7094034528,0.733354735588,0.415430738937,1.10861992246,0.365282748532,3.98546789961,NaN,NaN,NaN,0.486748797021,0.59291924949,14252,0.0494895478853,0.136731587526,NaN,NaN,NaN,NaN,NaN,0.0909090909091,0.867768595041,0.0413223140496,-39,-0.00268595041322,-0.386738431037,-0.644628099174,0.359288537549,-0.203138815208,-0.422623574693,0.00142779835619,0.00209309457794,-0.464364397663,-0.00649204504714,0.00180359512298,-0.0618277436976,0.0116941736991,0.00656405945767,-0.070655942284,0.0206367853718,-0.331800402729,NaN,NaN,NaN,-0.0308528960997,-0.0106265672427,-897,-0.00311479963886,0.00416718997628,0.0413223140496,-0.0495867768595,0.00826446280992,1751,16,55,12698,0.969545957918,0.998741544754,0.00125845524619,0.0304540420819,0.990945104697,0.969545957918,0.980128743353,0.977416910435,0.968287502672,0.96103183315,141,180,0,10,10,10
197,WLNM_dir_neg_kfold,0.897839506173,0.796271325881,00:00:36,10,90,17,22362,fixed,0.5,0.932330827068,0.688888888889,0.792332268371,124,9,56,351,0.688888888889,0.975,0.025,0.311111111111,0.932330827068,0.688888888889,0.792332268371,0.87962962963,0.584567901235,0.710252600297,0.726373310022,0.663888888889,1841,1661,180,0,1841,0,1661,0,180,121,1806,0.124380165289,3.42170224172,29.8512396694,15.7043478261,15.4358974359,21.5018065741,0.72029861447,0.402313683498,17.1134281045,1.14658073125,0.582246506137,10.7712311965,0.721660561889,0.40886667948,1.17927586475,0.344645963161,4.31726830233,NaN,NaN,NaN,0.517601693121,0.603545816733,15149,0.0526043475241,0.132564397549,NaN,NaN,NaN,NaN,NaN,0.0495867768595,0.917355371901,0.0330578512397,121,1759,0.121143250689,3.02164715355,29.0743801653,15.9909090909,15.1637931034,20.9129805341,0.719292394721,0.403154497061,16.5297919539,1.13706925891,0.583295354705,10.616843004,0.730322912726,0.413880914682,1.11122146462,0.367753549024,3.97681543161,NaN,NaN,NaN,0.487198311002,0.594658903228,14162,0.0491770261824,0.133864601658,NaN,NaN,NaN,NaN,NaN,0.0909090909091,0.867768595041,0.0413223140496,-47,-0.00323691460055,-0.400055088168,-0.776859504132,0.286561264822,-0.272104332449,-0.588826039979,-0.00100621974906,0.000840813563543,-0.583636150611,-0.00951147234512,0.00104884856816,-0.154388192446,0.00866235083734,0.0050142352022,-0.0680544001299,0.0231075858633,-0.340452870722,NaN,NaN,NaN,-0.030403382119,-0.00888691350546,-987,-0.00342732134176,0.00130020410815,0.0413223140496,-0.0495867768595,0.00826446280992,1750,9,56,12705,0.968992248062,0.999292118924,0.000707881075979,0.031007751938,0.994883456509,0.968992248062,0.981767180926,0.979326762144,0.968284366986,0.964187327824,133,180,0,10,10,10
198,WLNM_dir_neg_kfold,0.858155864198,0.662600490144,00:00:39,10,90,18,22363,fixed,0.5,0.917910447761,0.683333333333,0.783439490446,123,11,57,349,0.683333333333,0.969444444444,0.0305555555556,0.316666666667,0.917910447761,0.683333333333,0.783439490446,0.874074074074,0.583950617284,0.697329376855,0.712422207033,0.652777777778,1841,1661,180,0,1841,0,1661,0,180,121,1806,0.124380165289,3.42170224172,29.8512396694,15.7043478261,15.4358974359,21.5018065741,0.72029861447,0.402313683498,17.1134281045,1.14658073125,0.582246506137,10.7712311965,0.721660561889,0.40886667948,1.17927586475,0.344645963161,4.31726830233,NaN,NaN,NaN,0.517601693121,0.603545816733,15149,0.0526043475241,0.132564397549,NaN,NaN,NaN,NaN,NaN,0.0495867768595,0.917355371901,0.0330578512397,121,1760,0.121212121212,3.09793117324,29.0909090909,15.8558558559,15.1724137931,20.8850025936,0.717921964154,0.402577948911,16.5282586298,1.1363177808,0.582654019534,10.5459312849,0.72503277584,0.411635987979,1.13451816876,0.366218003344,4.04955452381,NaN,NaN,NaN,0.494260640076,0.594531785919,14156,0.0491561914022,0.129487332813,NaN,NaN,NaN,NaN,NaN,0.0826446280992,0.876033057851,0.0413223140496,-46,-0.00316804407713,-0.323771068476,-0.760330578512,0.151508029769,-0.263483642794,-0.616803980542,-0.00237665031655,0.000264265412978,-0.585169474698,-0.010262950455,0.000407513397615,-0.225299911521,0.00337221395049,0.00276930849918,-0.0447576959827,0.0215720401837,-0.267713778529,NaN,NaN,NaN,-0.0233410530452,-0.00901403081379,-993,-0.00344815612195,-0.00307706473622,0.0330578512397,-0.0413223140496,0.00826446280992,1749,11,57,12703,0.968438538206,0.999134812018,0.000865187981752,0.031561461794,0.99375,0.968438538206,0.980931015143,0.978367918901,0.967573350224,0.962575674188,134,180,0,10,10,10
199,WLNM_dir_neg_kfold,0.900030864198,0.744094777058,00:00:36,10,90,19,22364,fixed,0.5,0.904411764706,0.683333333333,0.778481012658,123,13,57,347,0.683333333333,0.963888888889,0.0361111111111,0.316666666667,0.904411764706,0.683333333333,0.778481012658,0.87037037037,0.582716049383,0.689349112426,0.702879353486,0.647222222222,1841,1661,180,0,1841,0,1661,0,180,121,1806,0.124380165289,3.42170224172,29.8512396694,15.7043478261,15.4358974359,21.5018065741,0.72029861447,0.402313683498,17.1134281045,1.14658073125,0.582246506137,10.7712311965,0.721660561889,0.40886667948,1.17927586475,0.344645963161,4.31726830233,NaN,NaN,NaN,0.517601693121,0.603545816733,15149,0.0526043475241,0.132564397549,NaN,NaN,NaN,NaN,NaN,0.0495867768595,0.917355371901,0.0330578512397,121,1762,0.121349862259,3.36685353147,29.1239669421,15.8738738739,15.1896551724,20.868465144,0.716539240188,0.401544075572,16.5110531473,1.13384644201,0.580576167203,10.586069905,0.726966208004,0.412031782066,1.25778147206,0.373577721842,4.28628873584,NaN,NaN,NaN,0.486167463952,0.591742926412,14075,0.0488749218696,0.132464633843,NaN,NaN,NaN,NaN,NaN,0.0826446280992,0.876033057851,0.0413223140496,-44,-0.0030303030303,-0.0548487102493,-0.727272727273,0.169526047787,-0.246242263484,-0.633341430128,-0.00375937428266,-0.000769607926092,-0.602374957189,-0.0127342892422,-0.00167033893364,-0.185161291484,0.00530564611442,0.00316510258605,0.0785056073169,0.0289317586816,-0.0309795664982,NaN,NaN,NaN,-0.031434229169,-0.0118028903208,-1074,-0.00372942565456,-9.97637061313e-05,0.0330578512397,-0.0413223140496,0.00826446280992,1749,13,57,12701,0.968438538206,0.998977505112,0.00102249488753,0.031561461794,0.992622020431,0.968438538206,0.980381165919,0.977730157409,0.967416043318,0.961517317207,136,180,0,10,10,10
200,WLNM_dir_neg_kfold,0.887345679012,0.813784924419,00:00:37,10,90,20,22365,fixed,0.5,0.895104895105,0.711111111111,0.792569659443,128,15,52,345,0.711111111111,0.958333333333,0.0416666666667,0.288888888889,0.895104895105,0.711111111111,0.792569659443,0.875925925926,0.578395061728,0.705710102489,0.715218554574,0.669444444444,1841,1661,180,0,1841,0,1661,0,180,121,1806,0.124380165289,3.42170224172,29.8512396694,15.7043478261,15.4358974359,21.5018065741,0.72029861447,0.402313683498,17.1134281045,1.14658073125,0.582246506137,10.7712311965,0.721660561889,0.40886667948,1.17927586475,0.344645963161,4.31726830233,NaN,NaN,NaN,0.517601693121,0.603545816733,15149,0.0526043475241,0.132564397549,NaN,NaN,NaN,NaN,NaN,0.0495867768595,0.917355371901,0.0330578512397,121,1769,0.121831955923,3.28230729576,29.2396694215,15.9369369369,15.25,20.9980256188,0.718134850164,0.402814308873,16.5716908202,1.13350739923,0.581053870843,10.7115639991,0.732673399596,0.415260057277,1.13378638605,0.345423595017,4.18329162145,NaN,NaN,NaN,0.500838258538,0.594784923132,14302,0.0496631710535,0.135082257796,NaN,NaN,NaN,NaN,NaN,0.0826446280992,0.876033057851,0.0413223140496,-37,-0.00254820936639,-0.139394945961,-0.611570247934,0.23258911085,-0.185897435897,-0.503780955261,-0.00216376430633,0.000500625375586,-0.541737284327,-0.0130733320222,-0.00119263529391,-0.0596671974086,0.0110128377069,0.00639337779682,-0.0454894786959,0.00077763185608,-0.133976680889,NaN,NaN,NaN,-0.0167634345829,-0.00876089360069,-847,-0.00294117647059,0.00251786024611,0.0330578512397,-0.0413223140496,0.00826446280992,1754,15,52,12699,0.971207087486,0.998820198207,0.0011798017933,0.0287929125138,0.991520633126,0.971207087486,0.981258741259,0.978696167874,0.970027285693,0.963207029105,143,180,0,10,10,10
