Iteration,Version,ROC_AUC,PR_AUC,TimeElapsed,K,TrainRatio,ExperimentID,Seed,ThresholdMode,Threshold,Precision,Recall,F1Score,TestTP,TestFP,TestFN,TestTN,TestTPR,TestTNR,TestFPR,TestFNR,TestPrecision,TestRecall,TestF1Score,TestAccuracy,TestExpectedAccuracy,TestKappa,TestMCC,TestTSS,TotalLinks,TrainLinks,TestLinks,BackboneTotal,NonBackboneTotal,BackboneTrainLinks,NonBackboneTrainLinks,BackboneTestLinks,NonBackboneTestLinks,EmpiricalNumSpecies,EmpiricalLinks,EmpiricalConnectance,EmpiricalMeanTrophicLevel,EmpiricalMeanDegree,EmpiricalMeanGenerality,EmpiricalMeanVulnerability,EmpiricalDegreeStd,EmpiricalDegreeCV,EmpiricalDegreeGini,EmpiricalGeneralityStd,EmpiricalGeneralityCV,EmpiricalGeneralityGini,EmpiricalVulnerabilityStd,EmpiricalVulnerabilityCV,EmpiricalVulnerabilityGini,EmpiricalTrophicLevelStd,EmpiricalTrophicLevelCV,EmpiricalTrophicLevelRange,EmpiricalNetworkXMeanTrophicLevel,EmpiricalNetworkXTrophicLevelStd,EmpiricalNetworkXTrophicLevelRange,EmpiricalMeanLocalClustering,EmpiricalTransitivity,EmpiricalNumTriangles,EmpiricalTriangleDensity,EmpiricalMeanDietOverlap,EmpiricalNetworkXTrophicLevelNumSpeciesFull,EmpiricalNetworkXTrophicLevelNumSpeciesLargest,EmpiricalNetworkXTrophicLevelNumSpeciesWithLevel,EmpiricalNetworkXTrophicLevelLargestFraction,EmpiricalNetworkXTrophicLevelStatusCode,EmpiricalPropBasal,EmpiricalPropIntermediate,EmpiricalPropTop,PseudoNumSpecies,PseudoLinks,PseudoConnectance,PseudoMeanTrophicLevel,PseudoMeanDegree,PseudoMeanGenerality,PseudoMeanVulnerability,PseudoDegreeStd,PseudoDegreeCV,PseudoDegreeGini,PseudoGeneralityStd,PseudoGeneralityCV,PseudoGeneralityGini,PseudoVulnerabilityStd,PseudoVulnerabilityCV,PseudoVulnerabilityGini,PseudoTrophicLevelStd,PseudoTrophicLevelCV,PseudoTrophicLevelRange,PseudoNetworkXMeanTrophicLevel,PseudoNetworkXTrophicLevelStd,PseudoNetworkXTrophicLevelRange,PseudoMeanLocalClustering,PseudoTransitivity,PseudoNumTriangles,PseudoTriangleDensity,PseudoMeanDietOverlap,PseudoNetworkXTrophicLevelNumSpeciesFull,PseudoNetworkXTrophicLevelNumSpeciesLargest,PseudoNetworkXTrophicLevelNumSpeciesWithLevel,PseudoNetworkXTrophicLevelLargestFraction,PseudoNetworkXTrophicLevelStatusCode,PseudoPropBasal,PseudoPropIntermediate,PseudoPropTop,DeltaLinks,DeltaConnectance,DeltaMeanTrophicLevel,DeltaMeanDegree,DeltaMeanGenerality,DeltaMeanVulnerability,DeltaDegreeStd,DeltaDegreeCV,DeltaDegreeGini,DeltaGeneralityStd,DeltaGeneralityCV,DeltaGeneralityGini,DeltaVulnerabilityStd,DeltaVulnerabilityCV,DeltaVulnerabilityGini,DeltaTrophicLevelStd,DeltaTrophicLevelCV,DeltaTrophicLevelRange,DeltaNetworkXMeanTrophicLevel,DeltaNetworkXTrophicLevelStd,DeltaNetworkXTrophicLevelRange,DeltaMeanLocalClustering,DeltaTransitivity,DeltaNumTriangles,DeltaTriangleDensity,DeltaMeanDietOverlap,DeltaPropBasal,DeltaPropIntermediate,DeltaPropTop,PseudoTP,PseudoFP,PseudoFN,PseudoTN,PseudoTPR,PseudoTNR,PseudoFPR,PseudoFNR,PseudoPrecision,PseudoRecall,PseudoF1Score,PseudoMCC,PseudoTSS,PseudoJaccardLinks,NumPredictedNovelLinks,NumTrueNovelLinks,EvaluateOnAllUnseen,CvK,FoldID,NumFolds
1,WLNM_dir_neg_kfold,0.70328,0.312244730855,00:00:22,10,66.6666666667,1,13346,fixed,0.5,0.982142857143,0.44,0.60773480663,55,1,70,249,0.44,0.996,0.004,0.56,0.982142857143,0.44,0.60773480663,0.810666666667,0.616888888889,0.505800464037,0.576663077128,0.436,375,250,125,0,375,0,250,0,125,87,375,0.0501202886929,1.48388363511,8.62068965517,10.1351351351,5.28169014085,7.22437955703,0.838028028615,0.438651340996,6.74676553828,1.56524960488,0.730544061303,5.75934093619,1.3361670972,0.607019157088,0.600158382182,0.404451109227,2.01923076923,NaN,NaN,NaN,0.0588617029747,0.0417483339867,71,0.000669842917119,0.176500470271,NaN,NaN,NaN,NaN,NaN,0.574712643678,0.241379310345,0.183908045977,87,306,0.0408981555734,1.48729270879,7.03448275862,8.27027027027,4.93548387097,5.81987028518,0.827334501325,0.43651866877,5.05748827486,1.43791333305,0.703177822853,5.15540373301,1.46575204174,0.643903538427,0.604054201832,0.406143456671,2.05882352941,NaN,NaN,NaN,0.0343199222076,0.0354223433243,39,0.000367941884051,0.163899246649,NaN,NaN,NaN,NaN,NaN,0.51724137931,0.195402298851,0.229885057471,-69,-0.00922213311949,0.0034090736882,-1.58620689655,-1.86486486486,-0.346206269877,-1.40450927184,-0.0106935272902,-0.00213267222598,-1.68927726342,-0.127336271833,-0.0273662384494,-0.603937203175,0.129584944543,0.0368843813387,0.00389581965011,0.00169234744486,0.039592760181,NaN,NaN,NaN,-0.0245417807671,-0.00632599066242,-32,-0.000301901033068,-0.0126012236218,-0.0574712643678,-0.0459770114943,0.0459770114943,305,1,70,7106,0.813333333333,0.999859293654,0.000140706345856,0.186666666667,0.996732026144,0.813333333333,0.895741556535,0.89588093724,0.813192626987,0.811170212766,56,125,0,3,1,3
2,WLNM_dir_neg_kfold,0.880064,0.552080606349,00:00:21,10,66.6666666667,2,13347,fixed,0.5,0.947368421053,0.432,0.593406593407,54,3,71,247,0.432,0.988,0.012,0.568,0.947368421053,0.432,0.593406593407,0.802666666667,0.616,0.486111111111,0.551471805205,0.42,375,250,125,0,375,0,250,0,125,87,375,0.0501202886929,1.48388363511,8.62068965517,10.1351351351,5.28169014085,7.22437955703,0.838028028615,0.438651340996,6.74676553828,1.56524960488,0.730544061303,5.75934093619,1.3361670972,0.607019157088,0.600158382182,0.404451109227,2.01923076923,NaN,NaN,NaN,0.0588617029747,0.0417483339867,71,0.000669842917119,0.176500470271,NaN,NaN,NaN,NaN,NaN,0.574712643678,0.241379310345,0.183908045977,87,307,0.0410318096766,1.55853581941,7.05747126437,7.87179487179,4.95161290323,5.86347845376,0.830818608268,0.439140364671,5.05743542064,1.43321459803,0.701860795986,5.15760689156,1.46160195298,0.643153993036,0.665774042322,0.427179172932,2.18181818182,NaN,NaN,NaN,0.0387868961675,0.0407731803081,45,0.000424548327751,0.149441795465,NaN,NaN,NaN,NaN,NaN,0.494252873563,0.218390804598,0.229885057471,-68,-0.00908847901631,0.0746521843076,-1.5632183908,-2.26334026334,-0.330077237619,-1.36090110327,-0.00720942034664,0.000489023674916,-1.68933011764,-0.13203500685,-0.0286832653163,-0.601734044624,0.125434855788,0.0361348359479,0.0656156601404,0.0227280637056,0.162587412587,NaN,NaN,NaN,-0.0200748068072,-0.000975153678608,-26,-0.000245294589367,-0.0270586748058,-0.0804597701149,-0.0229885057471,0.0459770114943,304,3,71,7104,0.810666666667,0.999577880962,0.000422119037569,0.189333333333,0.990228013029,0.810666666667,0.891495601173,0.891240201933,0.810244547629,0.804232804233,57,125,0,3,1,3
3,WLNM_dir_neg_kfold,0.68384,0.314097452422,00:00:22,10,66.6666666667,3,13348,fixed,0.5,0.981481481481,0.424,0.59217877095,53,1,72,249,0.424,0.996,0.004,0.576,0.981481481481,0.424,0.59217877095,0.805333333333,0.618666666667,0.48951048951,0.56392961861,0.42,375,250,125,0,375,0,250,0,125,87,375,0.0501202886929,1.48388363511,8.62068965517,10.1351351351,5.28169014085,7.22437955703,0.838028028615,0.438651340996,6.74676553828,1.56524960488,0.730544061303,5.75934093619,1.3361670972,0.607019157088,0.600158382182,0.404451109227,2.01923076923,NaN,NaN,NaN,0.0588617029747,0.0417483339867,71,0.000669842917119,0.176500470271,NaN,NaN,NaN,NaN,NaN,0.574712643678,0.241379310345,0.183908045977,87,304,0.040630847367,1.51335805656,6.98850574713,8,4.98360655738,5.77181252591,0.825900805517,0.43621445856,5.0413950709,1.44276766832,0.704779189353,5.0735831181,1.45197937919,0.642997580157,0.630881909344,0.416875508482,2.18431372549,NaN,NaN,NaN,0.0326789648442,0.0343228200371,37,0.000349073069484,0.150320744963,NaN,NaN,NaN,NaN,NaN,0.505747126437,0.195402298851,0.241379310345,-71,-0.00948944132585,0.0294744214574,-1.63218390805,-2.13513513514,-0.298083583468,-1.45256703111,-0.012127223098,-0.00243688243598,-1.70537046738,-0.122481936565,-0.02576487195,-0.68575781809,0.115812281997,0.0359784230692,0.0307235271628,0.012424399255,0.165082956259,NaN,NaN,NaN,-0.0261827381305,-0.00742551394957,-34,-0.000320769847634,-0.0261797253077,-0.0689655172414,-0.0459770114943,0.0574712643678,303,1,72,7106,0.808,0.999859293654,0.000140706345856,0.192,0.996710526316,0.808,0.892488954345,0.892803734639,0.807859293654,0.80585106383,54,125,0,3,1,3
4,WLNM_dir_neg_kfold,0.687616,0.321048444039,00:00:22,10,66.6666666667,4,13349,fixed,0.5,1,0.44,0.611111111111,55,0,70,250,0.44,1,0,0.56,1,0.44,0.611111111111,0.813333333333,0.617777777778,0.511627906977,0.586301969978,0.44,375,250,125,0,375,0,250,0,125,87,375,0.0501202886929,1.48388363511,8.62068965517,10.1351351351,5.28169014085,7.22437955703,0.838028028615,0.438651340996,6.74676553828,1.56524960488,0.730544061303,5.75934093619,1.3361670972,0.607019157088,0.600158382182,0.404451109227,2.01923076923,NaN,NaN,NaN,0.0588617029747,0.0417483339867,71,0.000669842917119,0.176500470271,NaN,NaN,NaN,NaN,NaN,0.574712643678,0.241379310345,0.183908045977,87,305,0.0407645014702,1.48414913161,7.01149425287,8.24324324324,5,5.81196490985,0.828919585503,0.436781609195,5.05061258826,1.44066654157,0.703825136612,5.16219162764,1.47249400526,0.647371396269,0.600617009374,0.404687774685,2.05882352941,NaN,NaN,NaN,0.0337645212821,0.034692635423,38,0.000358507476768,0.164682155509,NaN,NaN,NaN,NaN,NaN,0.51724137931,0.183908045977,0.241379310345,-70,-0.00935578722267,0.00026549650811,-1.6091954023,-1.89189189189,-0.281690140845,-1.41241464717,-0.00910844311157,-0.00186973180077,-1.69615295002,-0.124583063312,-0.0267189246907,-0.597149308552,0.136326908064,0.040352239181,0.000458627192178,0.000236665458676,0.039592760181,NaN,NaN,NaN,-0.0250971816926,-0.00705569856367,-33,-0.000311335440351,-0.0118183147613,-0.0574712643678,-0.0574712643678,0.0574712643678,305,0,70,7107,0.813333333333,1,0,0.186666666667,1,0.813333333333,0.897058823529,0.897441131887,0.813333333333,0.813333333333,55,125,0,3,1,3
5,WLNM_dir_neg_kfold,0.931664,0.529916171143,00:00:21,10,66.6666666667,5,13350,fixed,0.5,0.946428571429,0.424,0.585635359116,53,3,72,247,0.424,0.988,0.012,0.576,0.946428571429,0.424,0.585635359116,0.8,0.616888888889,0.477958236659,0.544920155451,0.412,375,250,125,0,375,0,250,0,125,87,375,0.0501202886929,1.48388363511,8.62068965517,10.1351351351,5.28169014085,7.22437955703,0.838028028615,0.438651340996,6.74676553828,1.56524960488,0.730544061303,5.75934093619,1.3361670972,0.607019157088,0.600158382182,0.404451109227,2.01923076923,NaN,NaN,NaN,0.0588617029747,0.0417483339867,71,0.000669842917119,0.176500470271,NaN,NaN,NaN,NaN,NaN,0.574712643678,0.241379310345,0.183908045977,87,306,0.0408981555734,1.50474986891,7.03448275862,8.05263157895,4.85714285714,5.76365572754,0.81934321617,0.433551198257,5.08957454467,1.44703589995,0.706558485463,5.0597868991,1.43856686347,0.63601532567,0.616634538185,0.409792053102,2.0637254902,NaN,NaN,NaN,0.0366463040302,0.0357251908397,39,0.000367941884051,0.149468385203,NaN,NaN,NaN,NaN,NaN,0.51724137931,0.206896551724,0.229885057471,-69,-0.00922213311949,0.0208662338037,-1.58620689655,-2.08250355619,-0.424547283702,-1.46072382948,-0.0186848124447,-0.00510014273909,-1.65719099362,-0.118213704927,-0.0239855758395,-0.699554037087,0.102399766274,0.0289961685824,0.016476156004,0.00534094387561,0.0444947209653,NaN,NaN,NaN,-0.0222153989445,-0.00602314314698,-32,-0.000301901033068,-0.0270320850675,-0.0574712643678,-0.0344827586207,0.0459770114943,303,3,72,7104,0.808,0.999577880962,0.000422119037569,0.192,0.990196078431,0.808,0.88986784141,0.889695263927,0.807577880962,0.801587301587,56,125,0,3,1,3
6,WLNM_dir_neg_kfold,0.624688,0.298006012599,00:00:21,10,66.6666666667,6,13351,fixed,0.5,0.981818181818,0.432,0.6,54,1,71,249,0.432,0.996,0.004,0.568,0.981818181818,0.432,0.6,0.808,0.617777777778,0.497674418605,0.570311916251,0.428,375,250,125,0,375,0,250,0,125,87,375,0.0501202886929,1.48388363511,8.62068965517,10.1351351351,5.28169014085,7.22437955703,0.838028028615,0.438651340996,6.74676553828,1.56524960488,0.730544061303,5.75934093619,1.3361670972,0.607019157088,0.600158382182,0.404451109227,2.01923076923,NaN,NaN,NaN,0.0588617029747,0.0417483339867,71,0.000669842917119,0.176500470271,NaN,NaN,NaN,NaN,NaN,0.574712643678,0.241379310345,0.183908045977,87,305,0.0407645014702,1.51526525111,7.01149425287,8.02631578947,5,5.8339309275,0.832052443758,0.438138307895,5.04600593428,1.4393525124,0.703523648012,5.14865880756,1.4686338238,0.644808743169,0.632847028852,0.417647688012,2.18431372549,NaN,NaN,NaN,0.0337645212821,0.0347879157766,38,0.000358507476768,0.156018631175,NaN,NaN,NaN,NaN,NaN,0.505747126437,0.195402298851,0.241379310345,-70,-0.00935578722267,0.0313816160083,-1.6091954023,-2.10881934566,-0.281690140845,-1.39044862953,-0.00597558485688,-0.000513033100936,-1.700759604,-0.12589709248,-0.0270204132906,-0.610682128624,0.132466726601,0.0377895860813,0.0326886466704,0.013196578785,0.165082956259,NaN,NaN,NaN,-0.0250971816926,-0.00696041821005,-33,-0.000311335440351,-0.0204818390961,-0.0689655172414,-0.0459770114943,0.0574712643678,304,1,71,7106,0.810666666667,0.999859293654,0.000140706345856,0.189333333333,0.996721311475,0.810666666667,0.894117647059,0.894343444985,0.810525960321,0.808510638298,55,125,0,3,1,3
7,WLNM_dir_neg_kfold,0.909248,0.494504599016,00:00:22,10,66.6666666667,7,13352,fixed,0.5,0.931034482759,0.432,0.590163934426,54,4,71,246,0.432,0.984,0.016,0.568,0.931034482759,0.432,0.590163934426,0.8,0.615111111111,0.480369515012,0.542343842272,0.416,375,250,125,0,375,0,250,0,125,87,375,0.0501202886929,1.48388363511,8.62068965517,10.1351351351,5.28169014085,7.22437955703,0.838028028615,0.438651340996,6.74676553828,1.56524960488,0.730544061303,5.75934093619,1.3361670972,0.607019157088,0.600158382182,0.404451109227,2.01923076923,NaN,NaN,NaN,0.0588617029747,0.0417483339867,71,0.000669842917119,0.176500470271,NaN,NaN,NaN,NaN,NaN,0.574712643678,0.241379310345,0.183908045977,87,308,0.0411654637797,1.54457273444,7.08045977011,7.7,4.96774193548,5.89485071078,0.83255196727,0.435773996119,5.03892891374,1.42333381654,0.698984923123,5.23806416776,1.47958306037,0.643454246903,0.635137883353,0.411206199095,2.11764705882,NaN,NaN,NaN,0.0476634455737,0.0358851674641,40,0.000377376291334,0.149006434194,NaN,NaN,NaN,NaN,NaN,0.494252873563,0.218390804598,0.241379310345,-67,-0.00895482491312,0.0606890993297,-1.54022988506,-2.43513513514,-0.313948205361,-1.32952884624,-0.00547606134507,-0.00287734487734,-1.70783662454,-0.141915788339,-0.0315591381798,-0.521276768424,0.143415963179,0.0364350898144,0.0349795011719,0.00675508986885,0.0984162895928,NaN,NaN,NaN,-0.011198257401,-0.00586316652256,-31,-0.000292466625784,-0.0274940360769,-0.0804597701149,-0.0229885057471,0.0574712643678,304,4,71,7103,0.810666666667,0.999437174617,0.000562825383425,0.189333333333,0.987012987013,0.810666666667,0.89019033675,0.889699688765,0.810103841283,0.802110817942,58,125,0,3,1,3
8,WLNM_dir_neg_kfold,0.947808,0.592000645837,00:00:21,10,66.6666666667,8,13353,fixed,0.5,0.981818181818,0.432,0.6,54,1,71,249,0.432,0.996,0.004,0.568,0.981818181818,0.432,0.6,0.808,0.617777777778,0.497674418605,0.570311916251,0.428,375,250,125,0,375,0,250,0,125,87,375,0.0501202886929,1.48388363511,8.62068965517,10.1351351351,5.28169014085,7.22437955703,0.838028028615,0.438651340996,6.74676553828,1.56524960488,0.730544061303,5.75934093619,1.3361670972,0.607019157088,0.600158382182,0.404451109227,2.01923076923,NaN,NaN,NaN,0.0588617029747,0.0417483339867,71,0.000669842917119,0.176500470271,NaN,NaN,NaN,NaN,NaN,0.574712643678,0.241379310345,0.183908045977,87,305,0.0407645014702,1.48461965659,7.01149425287,8.24324324324,4.91935483871,5.85382850845,0.834890295468,0.439947239495,5.08731565169,1.45113593999,0.706312417562,5.14639987785,1.46798947335,0.64367816092,0.601217675361,0.404964108278,2.05882352941,NaN,NaN,NaN,0.0357918941194,0.0390081644995,43,0.000405679513185,0.164193316246,NaN,NaN,NaN,NaN,NaN,0.51724137931,0.195402298851,0.229885057471,-70,-0.00935578722267,0.000736021479543,-1.6091954023,-1.89189189189,-0.362335302135,-1.37055104857,-0.0031377331472,0.00129589849884,-1.65944988659,-0.11411366489,-0.024231643741,-0.612941058336,0.131822376159,0.0366590038314,0.00105929317931,0.000512999051387,0.039592760181,NaN,NaN,NaN,-0.0230698088553,-0.00274016948713,-28,-0.000264163403934,-0.0123071540242,-0.0574712643678,-0.0459770114943,0.0459770114943,304,1,71,7106,0.810666666667,0.999859293654,0.000140706345856,0.189333333333,0.996721311475,0.810666666667,0.894117647059,0.894343444985,0.810525960321,0.808510638298,55,125,0,3,1,3
9,WLNM_dir_neg_kfold,0.727184,0.434738134095,00:00:21,10,66.6666666667,9,13354,fixed,0.5,0.963636363636,0.424,0.588888888889,53,2,72,248,0.424,0.992,0.008,0.576,0.963636363636,0.424,0.588888888889,0.802666666667,0.617777777778,0.483720930233,0.554321862525,0.416,375,250,125,0,375,0,250,0,125,87,375,0.0501202886929,1.48388363511,8.62068965517,10.1351351351,5.28169014085,7.22437955703,0.838028028615,0.438651340996,6.74676553828,1.56524960488,0.730544061303,5.75934093619,1.3361670972,0.607019157088,0.600158382182,0.404451109227,2.01923076923,NaN,NaN,NaN,0.0588617029747,0.0417483339867,71,0.000669842917119,0.176500470271,NaN,NaN,NaN,NaN,NaN,0.574712643678,0.241379310345,0.183908045977,87,305,0.0407645014702,1.49839401452,7.01149425287,8.02631578947,4.91935483871,5.86573465902,0.836588385795,0.43832673827,5.0413950709,1.43803728252,0.703071415112,5.21151132661,1.48656224726,0.645562464669,0.603689374894,0.402890941264,2.05882352941,NaN,NaN,NaN,0.0344072483444,0.0353154240869,39,0.000367941884051,0.162810117952,NaN,NaN,NaN,NaN,NaN,0.51724137931,0.195402298851,0.241379310345,-70,-0.00935578722267,0.0145103794143,-1.6091954023,-2.10881934566,-0.362335302135,-1.358644898,-0.00143964281959,-0.00032460272596,-1.70537046738,-0.127212322362,-0.0274726461906,-0.547829609576,0.150395150068,0.0385433075812,0.00353099271206,-0.00156016796295,0.039592760181,NaN,NaN,NaN,-0.0244544546303,-0.00643290989974,-32,-0.000301901033068,-0.0136903523187,-0.0574712643678,-0.0459770114943,0.0574712643678,303,2,72,7105,0.808,0.999718587308,0.000281412691712,0.192,0.993442622951,0.808,0.891176470588,0.891245758082,0.807718587308,0.803713527851,55,125,0,3,1,3
10,WLNM_dir_neg_kfold,0.679488,0.33327309804,00:00:21,10,66.6666666667,10,13355,fixed,0.5,0.964285714286,0.432,0.596685082873,54,2,71,248,0.432,0.992,0.008,0.568,0.964285714286,0.432,0.596685082873,0.805333333333,0.616888888889,0.491879350348,0.56079161629,0.424,375,250,125,0,375,0,250,0,125,87,375,0.0501202886929,1.48388363511,8.62068965517,10.1351351351,5.28169014085,7.22437955703,0.838028028615,0.438651340996,6.74676553828,1.56524960488,0.730544061303,5.75934093619,1.3361670972,0.607019157088,0.600158382182,0.404451109227,2.01923076923,NaN,NaN,NaN,0.0588617029747,0.0417483339867,71,0.000669842917119,0.176500470271,NaN,NaN,NaN,NaN,NaN,0.574712643678,0.241379310345,0.183908045977,87,306,0.0408981555734,1.51942235062,7.03448275862,8.05263157895,4.93548387097,5.83981577414,0.830169889461,0.437683119225,5.05058612524,1.43595095718,0.702576816167,5.14185304794,1.46189939598,0.641349260011,0.636963915079,0.419214522426,2.13333333333,NaN,NaN,NaN,0.0358321086513,0.0373519587003,41,0.000386810698618,0.155372888812,NaN,NaN,NaN,NaN,NaN,0.505747126437,0.206896551724,0.229885057471,-69,-0.00922213311949,0.0355387155136,-1.58620689655,-2.08250355619,-0.346206269877,-1.38456378289,-0.00785813915422,-0.000968221771467,-1.69617941304,-0.129298647704,-0.0279672451356,-0.617487888245,0.125732298788,0.0343301029224,0.0368055328973,0.0147634131999,0.114102564103,NaN,NaN,NaN,-0.0230295943234,-0.0043963752864,-30,-0.000283032218501,-0.0211275814582,-0.0689655172414,-0.0344827586207,0.0459770114943,304,2,71,7105,0.810666666667,0.999718587308,0.000281412691712,0.189333333333,0.993464052288,0.810666666667,0.892804698972,0.892788100583,0.810385253975,0.806366047745,56,125,0,3,1,3
11,WLNM_dir_neg_kfold,0.724096,0.324627250882,00:00:22,10,66.6666666667,11,13356,fixed,0.5,0.981818181818,0.432,0.6,54,1,71,249,0.432,0.996,0.004,0.568,0.981818181818,0.432,0.6,0.808,0.617777777778,0.497674418605,0.570311916251,0.428,375,250,125,0,375,0,250,0,125,87,375,0.0501202886929,1.48388363511,8.62068965517,10.1351351351,5.28169014085,7.22437955703,0.838028028615,0.438651340996,6.74676553828,1.56524960488,0.730544061303,5.75934093619,1.3361670972,0.607019157088,0.600158382182,0.404451109227,2.01923076923,NaN,NaN,NaN,0.0588617029747,0.0417483339867,71,0.000669842917119,0.176500470271,NaN,NaN,NaN,NaN,NaN,0.574712643678,0.241379310345,0.183908045977,87,305,0.0407645014702,1.53131100208,7.01149425287,8.02631578947,5,5.84587760311,0.833756313886,0.439193517995,5.04600593428,1.4393525124,0.703523648012,5.14865880756,1.4686338238,0.644808743169,0.654497023126,0.427409600164,2.26470588235,NaN,NaN,NaN,0.0337645212821,0.0347879157766,38,0.000358507476768,0.156018631175,NaN,NaN,NaN,NaN,NaN,0.505747126437,0.195402298851,0.241379310345,-70,-0.00935578722267,0.0474273669727,-1.6091954023,-2.10881934566,-0.281690140845,-1.37850195391,-0.00427171472867,0.000542176998932,-1.700759604,-0.12589709248,-0.0270204132906,-0.610682128624,0.132466726601,0.0377895860813,0.0543386409442,0.0229584909379,0.245475113122,NaN,NaN,NaN,-0.0250971816926,-0.00696041821005,-33,-0.000311335440351,-0.0204818390961,-0.0689655172414,-0.0459770114943,0.0574712643678,304,1,71,7106,0.810666666667,0.999859293654,0.000140706345856,0.189333333333,0.996721311475,0.810666666667,0.894117647059,0.894343444985,0.810525960321,0.808510638298,55,125,0,3,1,3
12,WLNM_dir_neg_kfold,0.914096,0.501147337764,00:00:21,10,66.6666666667,12,13357,fixed,0.5,0.964912280702,0.44,0.604395604396,55,2,70,248,0.44,0.992,0.008,0.56,0.964912280702,0.44,0.604395604396,0.808,0.616,0.5,0.567228142497,0.432,375,250,125,0,375,0,250,0,125,87,375,0.0501202886929,1.48388363511,8.62068965517,10.1351351351,5.28169014085,7.22437955703,0.838028028615,0.438651340996,6.74676553828,1.56524960488,0.730544061303,5.75934093619,1.3361670972,0.607019157088,0.600158382182,0.404451109227,2.01923076923,NaN,NaN,NaN,0.0588617029747,0.0417483339867,71,0.000669842917119,0.176500470271,NaN,NaN,NaN,NaN,NaN,0.574712643678,0.241379310345,0.183908045977,87,307,0.0410318096766,1.48718735054,7.05747126437,8.2972972973,4.796875,5.84759207418,0.828567606602,0.4370811337,5.10776672734,1.44747786736,0.706278782433,5.13274730475,1.45455705379,0.636564453929,0.604091064426,0.406197016271,2.07201646091,NaN,NaN,NaN,0.0361177400929,0.0369369369369,41,0.000386810698618,0.163225863089,NaN,NaN,NaN,NaN,NaN,0.528735632184,0.206896551724,0.218390804598,-68,-0.00908847901631,0.00330371543503,-1.5632183908,-1.83783783784,-0.484815140845,-1.37678748284,-0.0094604220127,-0.00157020729592,-1.63899881094,-0.117771737524,-0.0242652788698,-0.626593631438,0.118389956593,0.0295452968413,0.00393268224469,0.00174590704492,0.0527856916746,NaN,NaN,NaN,-0.0227439628818,-0.00481139704973,-30,-0.000283032218501,-0.0132746071818,-0.0459770114943,-0.0344827586207,0.0344827586207,305,2,70,7105,0.813333333333,0.999718587308,0.000281412691712,0.186666666667,0.99348534202,0.813333333333,0.894428152493,0.894328212458,0.813051920642,0.809018567639,57,125,0,3,1,3
13,WLNM_dir_neg_kfold,0.85792,0.476162911412,00:00:21,10,66.6666666667,13,13358,fixed,0.5,0.859375,0.44,0.582010582011,55,9,70,241,0.44,0.964,0.036,0.56,0.859375,0.44,0.582010582011,0.789333333333,0.609777777778,0.46013667426,0.506216380726,0.404,375,250,125,0,375,0,250,0,125,87,375,0.0501202886929,1.48388363511,8.62068965517,10.1351351351,5.28169014085,7.22437955703,0.838028028615,0.438651340996,6.74676553828,1.56524960488,0.730544061303,5.75934093619,1.3361670972,0.607019157088,0.600158382182,0.404451109227,2.01923076923,NaN,NaN,NaN,0.0588617029747,0.0417483339867,71,0.000669842917119,0.176500470271,NaN,NaN,NaN,NaN,NaN,0.574712643678,0.241379310345,0.183908045977,87,314,0.0419673883988,1.56543342647,7.2183908046,7.47619047619,4.83076923077,5.82182199435,0.806526295395,0.427886375284,5.06321968032,1.40286659932,0.693388974303,5.19471180533,1.43929913078,0.635039168314,0.625397754641,0.399504535975,2.17647058824,NaN,NaN,NaN,0.0411870816851,0.041348973607,47,0.000443417142318,0.134995396294,NaN,NaN,NaN,NaN,NaN,0.459770114943,0.287356321839,0.195402298851,-61,-0.00815290029404,0.0815497913603,-1.40229885057,-2.65894465894,-0.450920910076,-1.40255756268,-0.0315017332196,-0.0107649657125,-1.68354585797,-0.162383005558,-0.037155087,-0.564629130857,0.103132033581,0.0280200112258,0.0252393724592,-0.00494657325107,0.157239819005,NaN,NaN,NaN,-0.0176746212896,-0.000399360379634,-24,-0.000226425774801,-0.0415050739762,-0.114942528736,0.0459770114943,0.0114942528736,305,9,70,7098,0.813333333333,0.998733642887,0.00126635711271,0.186666666667,0.971337579618,0.813333333333,0.88534107402,0.88366330104,0.812066976221,0.794270833333,64,125,0,3,1,3
14,WLNM_dir_neg_kfold,0.682,0.300002367503,00:00:29,10,66.6666666667,14,13359,fixed,0.5,0.981818181818,0.432,0.6,54,1,71,249,0.432,0.996,0.004,0.568,0.981818181818,0.432,0.6,0.808,0.617777777778,0.497674418605,0.570311916251,0.428,375,250,125,0,375,0,250,0,125,87,375,0.0501202886929,1.48388363511,8.62068965517,10.1351351351,5.28169014085,7.22437955703,0.838028028615,0.438651340996,6.74676553828,1.56524960488,0.730544061303,5.75934093619,1.3361670972,0.607019157088,0.600158382182,0.404451109227,2.01923076923,NaN,NaN,NaN,0.0588617029747,0.0417483339867,71,0.000669842917119,0.176500470271,NaN,NaN,NaN,NaN,NaN,0.574712643678,0.241379310345,0.183908045977,87,305,0.0407645014702,1.50932412958,7.01149425287,8.02631578947,5,5.81396524992,0.829204879907,0.43681929527,5.04600593428,1.4393525124,0.703523648012,5.14865880756,1.4686338238,0.644808743169,0.614827167336,0.407352639031,2.06470588235,NaN,NaN,NaN,0.0484734091327,0.035594767265,39,0.000367941884051,0.156173810277,NaN,NaN,NaN,NaN,NaN,0.505747126437,0.195402298851,0.241379310345,-70,-0.00935578722267,0.0254404944703,-1.6091954023,-2.10881934566,-0.281690140845,-1.4104143071,-0.0088231487081,-0.00183204572577,-1.700759604,-0.12589709248,-0.0270204132906,-0.610682128624,0.132466726601,0.0377895860813,0.0146687851546,0.00290152980466,0.0454751131222,NaN,NaN,NaN,-0.010388293842,-0.00615356672169,-32,-0.000301901033068,-0.0203266599935,-0.0689655172414,-0.0459770114943,0.0574712643678,304,1,71,7106,0.810666666667,0.999859293654,0.000140706345856,0.189333333333,0.996721311475,0.810666666667,0.894117647059,0.894343444985,0.810525960321,0.808510638298,55,125,0,3,1,3
15,WLNM_dir_neg_kfold,0.909088,0.490451280943,00:00:21,10,66.6666666667,15,13360,fixed,0.5,1,0.432,0.603351955307,54,0,71,250,0.432,1,0,0.568,1,0.432,0.603351955307,0.810666666667,0.618666666667,0.503496503497,0.580041893427,0.432,375,250,125,0,375,0,250,0,125,87,375,0.0501202886929,1.48388363511,8.62068965517,10.1351351351,5.28169014085,7.22437955703,0.838028028615,0.438651340996,6.74676553828,1.56524960488,0.730544061303,5.75934093619,1.3361670972,0.607019157088,0.600158382182,0.404451109227,2.01923076923,NaN,NaN,NaN,0.0588617029747,0.0417483339867,71,0.000669842917119,0.176500470271,NaN,NaN,NaN,NaN,NaN,0.574712643678,0.241379310345,0.183908045977,87,304,0.040630847367,1.48414913161,6.98850574713,8.21621621622,4.98360655738,5.81996214499,0.832790635879,0.438709921355,5.05291434032,1.44606430134,0.70538415003,5.15317369634,1.47475694599,0.647156684815,0.600617009374,0.404687774685,2.05882352941,NaN,NaN,NaN,0.0337645212821,0.0347879157766,38,0.000358507476768,0.16454983277,NaN,NaN,NaN,NaN,NaN,0.51724137931,0.183908045977,0.241379310345,-71,-0.00948944132585,0.00026549650811,-1.63218390805,-1.91891891892,-0.298083583468,-1.40441741203,-0.00523739273596,5.85803589432e-05,-1.69385119796,-0.119185303538,-0.0251599112724,-0.606167239851,0.138589848795,0.0401375277274,0.000458627192178,0.000236665458676,0.039592760181,NaN,NaN,NaN,-0.0250971816926,-0.00696041821005,-33,-0.000311335440351,-0.0119506375007,-0.0574712643678,-0.0574712643678,0.0574712643678,304,0,71,7107,0.810666666667,1,0,0.189333333333,1,0.810666666667,0.895434462445,0.895906296099,0.810666666667,0.810666666667,54,125,0,3,1,3
16,WLNM_dir_neg_kfold,0.925648,0.494192658497,00:00:21,10,66.6666666667,16,13361,fixed,0.5,0.982142857143,0.44,0.60773480663,55,1,70,249,0.44,0.996,0.004,0.56,0.982142857143,0.44,0.60773480663,0.810666666667,0.616888888889,0.505800464037,0.576663077128,0.436,375,250,125,0,375,0,250,0,125,87,375,0.0501202886929,1.48388363511,8.62068965517,10.1351351351,5.28169014085,7.22437955703,0.838028028615,0.438651340996,6.74676553828,1.56524960488,0.730544061303,5.75934093619,1.3361670972,0.607019157088,0.600158382182,0.404451109227,2.01923076923,NaN,NaN,NaN,0.0588617029747,0.0417483339867,71,0.000669842917119,0.176500470271,NaN,NaN,NaN,NaN,NaN,0.574712643678,0.241379310345,0.183908045977,87,306,0.0408981555734,1.48729270879,7.03448275862,8.27027027027,4.93548387097,5.81987028518,0.827334501325,0.43651866877,5.05748827486,1.43791333305,0.703177822853,5.15540373301,1.46575204174,0.643903538427,0.604054201832,0.406143456671,2.05882352941,NaN,NaN,NaN,0.0343199222076,0.0354223433243,39,0.000367941884051,0.163899246649,NaN,NaN,NaN,NaN,NaN,0.51724137931,0.195402298851,0.229885057471,-69,-0.00922213311949,0.0034090736882,-1.58620689655,-1.86486486486,-0.346206269877,-1.40450927184,-0.0106935272902,-0.00213267222598,-1.68927726342,-0.127336271833,-0.0273662384494,-0.603937203175,0.129584944543,0.0368843813387,0.00389581965011,0.00169234744486,0.039592760181,NaN,NaN,NaN,-0.0245417807671,-0.00632599066242,-32,-0.000301901033068,-0.0126012236218,-0.0574712643678,-0.0459770114943,0.0459770114943,305,1,70,7106,0.813333333333,0.999859293654,0.000140706345856,0.186666666667,0.996732026144,0.813333333333,0.895741556535,0.89588093724,0.813192626987,0.811170212766,56,125,0,3,1,3
17,WLNM_dir_neg_kfold,0.720864,0.340700684749,00:00:21,10,66.6666666667,17,13362,fixed,0.5,0.932203389831,0.44,0.597826086957,55,4,70,246,0.44,0.984,0.016,0.56,0.932203389831,0.44,0.597826086957,0.802666666667,0.614222222222,0.488479262673,0.548935503183,0.424,375,250,125,0,375,0,250,0,125,87,375,0.0501202886929,1.48388363511,8.62068965517,10.1351351351,5.28169014085,7.22437955703,0.838028028615,0.438651340996,6.74676553828,1.56524960488,0.730544061303,5.75934093619,1.3361670972,0.607019157088,0.600158382182,0.404451109227,2.01923076923,NaN,NaN,NaN,0.0588617029747,0.0417483339867,71,0.000669842917119,0.176500470271,NaN,NaN,NaN,NaN,NaN,0.574712643678,0.241379310345,0.183908045977,87,309,0.0412991178829,1.49142955407,7.10344827586,8.35135135135,4.68181818182,5.85490151002,0.824233707722,0.434847301268,5.14161910227,1.44764032976,0.706691961463,5.1189538827,1.44125886018,0.629245247926,0.60965167356,0.408770009885,2.08407947472,NaN,NaN,NaN,0.048793900628,0.0392857142857,44,0.000415113920468,0.162127379752,NaN,NaN,NaN,NaN,NaN,0.528735632184,0.229885057471,0.195402298851,-66,-0.00882117080994,0.00754591896521,-1.51724137931,-1.78378378378,-0.599871959027,-1.369478047,-0.0137943208933,-0.00380403972771,-1.60514643602,-0.117609275117,-0.02385209984,-0.640387053484,0.105091762983,0.0222260908381,0.00949329137862,0.00431890065839,0.0648487054857,NaN,NaN,NaN,-0.0100678023467,-0.00246261970096,-27,-0.000254728996651,-0.0143730905183,-0.0459770114943,-0.0114942528736,0.0114942528736,305,4,70,7103,0.813333333333,0.999437174617,0.000562825383425,0.186666666667,0.987055016181,0.813333333333,0.891812865497,0.891244931309,0.81277050795,0.804749340369,59,125,0,3,1,3
18,WLNM_dir_neg_kfold,0.9056,0.50856395502,00:00:21,10,66.6666666667,18,13363,fixed,0.5,0.981818181818,0.432,0.6,54,1,71,249,0.432,0.996,0.004,0.568,0.981818181818,0.432,0.6,0.808,0.617777777778,0.497674418605,0.570311916251,0.428,375,250,125,0,375,0,250,0,125,87,375,0.0501202886929,1.48388363511,8.62068965517,10.1351351351,5.28169014085,7.22437955703,0.838028028615,0.438651340996,6.74676553828,1.56524960488,0.730544061303,5.75934093619,1.3361670972,0.607019157088,0.600158382182,0.404451109227,2.01923076923,NaN,NaN,NaN,0.0588617029747,0.0417483339867,71,0.000669842917119,0.176500470271,NaN,NaN,NaN,NaN,NaN,0.574712643678,0.241379310345,0.183908045977,87,305,0.0407645014702,1.48519406369,7.01149425287,8.24324324324,4.91935483871,5.8379158691,0.832620787889,0.439344262295,5.07129074717,1.44656490165,0.705634068212,5.14639987785,1.46798947335,0.64367816092,0.60172485741,0.405148978251,2.05882352941,NaN,NaN,NaN,0.0397001381767,0.040921491361,45,0.000424548327751,0.163914303296,NaN,NaN,NaN,NaN,NaN,0.51724137931,0.195402298851,0.229885057471,-70,-0.00935578722267,0.00131042858753,-1.6091954023,-1.89189189189,-0.362335302135,-1.38646368792,-0.00540724072633,0.000692921298913,-1.67547479112,-0.118684703231,-0.0249099930909,-0.612941058336,0.131822376159,0.0366590038314,0.00156647522835,0.000697869024596,0.039592760181,NaN,NaN,NaN,-0.0191615647981,-0.000826842625653,-26,-0.000245294589367,-0.0125861669748,-0.0574712643678,-0.0459770114943,0.0459770114943,304,1,71,7106,0.810666666667,0.999859293654,0.000140706345856,0.189333333333,0.996721311475,0.810666666667,0.894117647059,0.894343444985,0.810525960321,0.808510638298,55,125,0,3,1,3
19,WLNM_dir_neg_kfold,0.758288,0.34487008404,00:00:21,10,66.6666666667,19,13364,fixed,0.5,1,0.432,0.603351955307,54,0,71,250,0.432,1,0,0.568,1,0.432,0.603351955307,0.810666666667,0.618666666667,0.503496503497,0.580041893427,0.432,375,250,125,0,375,0,250,0,125,87,375,0.0501202886929,1.48388363511,8.62068965517,10.1351351351,5.28169014085,7.22437955703,0.838028028615,0.438651340996,6.74676553828,1.56524960488,0.730544061303,5.75934093619,1.3361670972,0.607019157088,0.600158382182,0.404451109227,2.01923076923,NaN,NaN,NaN,0.0588617029747,0.0417483339867,71,0.000669842917119,0.176500470271,NaN,NaN,NaN,NaN,NaN,0.574712643678,0.241379310345,0.183908045977,87,304,0.040630847367,1.48414913161,6.98850574713,8.21621621622,4.98360655738,5.81996214499,0.832790635879,0.438709921355,5.05291434032,1.44606430134,0.70538415003,5.15317369634,1.47475694599,0.647156684815,0.600617009374,0.404687774685,2.05882352941,NaN,NaN,NaN,0.0337645212821,0.0347879157766,38,0.000358507476768,0.16454983277,NaN,NaN,NaN,NaN,NaN,0.51724137931,0.183908045977,0.241379310345,-71,-0.00948944132585,0.00026549650811,-1.63218390805,-1.91891891892,-0.298083583468,-1.40441741203,-0.00523739273596,5.85803589432e-05,-1.69385119796,-0.119185303538,-0.0251599112724,-0.606167239851,0.138589848795,0.0401375277274,0.000458627192178,0.000236665458676,0.039592760181,NaN,NaN,NaN,-0.0250971816926,-0.00696041821005,-33,-0.000311335440351,-0.0119506375007,-0.0574712643678,-0.0574712643678,0.0574712643678,304,0,71,7107,0.810666666667,1,0,0.189333333333,1,0.810666666667,0.895434462445,0.895906296099,0.810666666667,0.810666666667,54,125,0,3,1,3
20,WLNM_dir_neg_kfold,0.879456,0.462667440995,00:00:21,10,66.6666666667,20,13365,fixed,0.5,0.964285714286,0.432,0.596685082873,54,2,71,248,0.432,0.992,0.008,0.568,0.964285714286,0.432,0.596685082873,0.805333333333,0.616888888889,0.491879350348,0.56079161629,0.424,375,250,125,0,375,0,250,0,125,87,375,0.0501202886929,1.48388363511,8.62068965517,10.1351351351,5.28169014085,7.22437955703,0.838028028615,0.438651340996,6.74676553828,1.56524960488,0.730544061303,5.75934093619,1.3361670972,0.607019157088,0.600158382182,0.404451109227,2.01923076923,NaN,NaN,NaN,0.0588617029747,0.0417483339867,71,0.000669842917119,0.176500470271,NaN,NaN,NaN,NaN,NaN,0.574712643678,0.241379310345,0.183908045977,87,306,0.0408981555734,1.51672944606,7.03448275862,8.05263157895,4.93548387097,5.8378242918,0.829886786579,0.437532867553,5.05748827486,1.43791333305,0.703403200361,5.14185304794,1.46189939598,0.641349260011,0.634292213008,0.418197335493,2.18431372549,NaN,NaN,NaN,0.0372553429513,0.0373633049818,41,0.000386810698618,0.15529997826,NaN,NaN,NaN,NaN,NaN,0.505747126437,0.206896551724,0.229885057471,-69,-0.00922213311949,0.0328458109591,-1.58620689655,-2.08250355619,-0.346206269877,-1.38655526523,-0.00814124203576,-0.00111847344302,-1.68927726342,-0.127336271833,-0.0271408609421,-0.617487888245,0.125732298788,0.0343301029224,0.0341338308266,0.0137462262665,0.165082956259,NaN,NaN,NaN,-0.0216063600234,-0.0043850290049,-30,-0.000283032218501,-0.0212004920108,-0.0689655172414,-0.0344827586207,0.0459770114943,304,2,71,7105,0.810666666667,0.999718587308,0.000281412691712,0.189333333333,0.993464052288,0.810666666667,0.892804698972,0.892788100583,0.810385253975,0.806366047745,56,125,0,3,1,3
21,WLNM_dir_neg_kfold,0.905264,0.56763248499,00:00:12,10,66.6666666667,1,14346,fixed,0.5,0.979166666667,0.376,0.543352601156,47,1,78,249,0.376,0.996,0.004,0.624,0.979166666667,0.376,0.543352601156,0.789333333333,0.624,0.439716312057,0.524896232646,0.372,375,250,125,0,375,0,250,0,125,87,375,0.0501202886929,1.48388363511,8.62068965517,10.1351351351,5.28169014085,7.22437955703,0.838028028615,0.438651340996,6.74676553828,1.56524960488,0.730544061303,5.75934093619,1.3361670972,0.607019157088,0.600158382182,0.404451109227,2.01923076923,NaN,NaN,NaN,0.0588617029747,0.0417483339867,71,0.000669842917119,0.176500470271,NaN,NaN,NaN,NaN,NaN,0.574712643678,0.241379310345,0.183908045977,87,298,0.0398289227479,1.44861843588,6.85057471264,8.51428571429,4.65625,5.73753195387,0.837525637562,0.44021445653,4.94535766315,1.44377891508,0.706472267222,5.06844360292,1.47971340085,0.640283884903,0.576041567916,0.397648927867,2,NaN,NaN,NaN,0.0429473260711,0.045584045584,48,0.000452851549601,0.175593313092,NaN,NaN,NaN,NaN,NaN,0.540229885057,0.195402298851,0.206896551724,-77,-0.0102913659449,-0.0352651992254,-1.77011494253,-1.62084942085,-0.625440140845,-1.48684760316,-0.000502391053353,0.00156311553396,-1.80140787513,-0.121470689801,-0.0240717940806,-0.690897333266,0.143546303658,0.0332647278151,-0.0241168142654,-0.00680218135953,-0.0192307692308,NaN,NaN,NaN,-0.0159143769036,0.00383571159737,-23,-0.000216991367517,-0.00090715717849,-0.0344827586207,-0.0459770114943,0.0229885057471,297,1,78,7106,0.792,0.999859293654,0.000140706345856,0.208,0.996644295302,0.792,0.882615156018,0.883518232005,0.791859293654,0.789893617021,48,125,0,3,2,3
22,WLNM_dir_neg_kfold,0.9224,0.563643512326,00:00:13,10,66.6666666667,2,14347,fixed,0.5,0.942307692308,0.392,0.553672316384,49,3,76,247,0.392,0.988,0.012,0.608,0.942307692308,0.392,0.553672316384,0.789333333333,0.620444444444,0.444964871194,0.518329198841,0.38,375,250,125,0,375,0,250,0,125,87,375,0.0501202886929,1.48388363511,8.62068965517,10.1351351351,5.28169014085,7.22437955703,0.838028028615,0.438651340996,6.74676553828,1.56524960488,0.730544061303,5.75934093619,1.3361670972,0.607019157088,0.600158382182,0.404451109227,2.01923076923,NaN,NaN,NaN,0.0588617029747,0.0417483339867,71,0.000669842917119,0.176500470271,NaN,NaN,NaN,NaN,NaN,0.574712643678,0.241379310345,0.183908045977,87,302,0.0403635391607,1.44956186613,6.94252873563,8.62857142857,4.57575757576,5.71077382823,0.82257834943,0.431300905838,4.93878593607,1.42276283589,0.699550886808,5.05283498702,1.45561802606,0.630052523407,0.574692120982,0.396459188402,1.9322875817,NaN,NaN,NaN,0.0422181997135,0.0441038473569,47,0.000443417142318,0.174429001389,NaN,NaN,NaN,NaN,NaN,0.551724137931,0.206896551724,0.195402298851,-73,-0.00975674953221,-0.0343217689798,-1.67816091954,-1.50656370656,-0.705932565087,-1.5136057288,-0.0154496791845,-0.0073504351577,-1.80797960221,-0.142486768994,-0.0309931744944,-0.706505949169,0.119450928866,0.023033366319,-0.0254662611993,-0.00799192082486,-0.0869431875314,NaN,NaN,NaN,-0.0166435032613,0.00235551337023,-24,-0.000226425774801,-0.00207146888131,-0.0229885057471,-0.0344827586207,0.0114942528736,299,3,76,7104,0.797333333333,0.999577880962,0.000422119037569,0.202666666667,0.990066225166,0.797333333333,0.883308714919,0.88349284424,0.796911214296,0.791005291005,52,125,0,3,2,3
23,WLNM_dir_neg_kfold,0.945008,0.634436196349,00:00:13,10,66.6666666667,3,14348,fixed,0.5,0.979166666667,0.376,0.543352601156,47,1,78,249,0.376,0.996,0.004,0.624,0.979166666667,0.376,0.543352601156,0.789333333333,0.624,0.439716312057,0.524896232646,0.372,375,250,125,0,375,0,250,0,125,87,375,0.0501202886929,1.48388363511,8.62068965517,10.1351351351,5.28169014085,7.22437955703,0.838028028615,0.438651340996,6.74676553828,1.56524960488,0.730544061303,5.75934093619,1.3361670972,0.607019157088,0.600158382182,0.404451109227,2.01923076923,NaN,NaN,NaN,0.0588617029747,0.0417483339867,71,0.000669842917119,0.176500470271,NaN,NaN,NaN,NaN,NaN,0.574712643678,0.241379310345,0.183908045977,87,298,0.0398289227479,1.45135387488,6.85057471264,8.51428571429,4.65625,5.71519544444,0.834265106823,0.437823034791,4.94065287068,1.44240536829,0.705932268765,5.06844360292,1.47971340085,0.640283884903,0.580025191829,0.39964422314,2,NaN,NaN,NaN,0.0403694785336,0.0419313850064,44,0.000415113920468,0.175140113261,NaN,NaN,NaN,NaN,NaN,0.540229885057,0.195402298851,0.206896551724,-77,-0.0102913659449,-0.0325297602222,-1.77011494253,-1.62084942085,-0.625440140845,-1.50918411258,-0.00376292179174,-0.00082830620484,-1.8061126676,-0.122844236596,-0.0246117925377,-0.690897333266,0.143546303658,0.0332647278151,-0.0201331903527,-0.00480688608662,-0.0192307692308,NaN,NaN,NaN,-0.0184922244411,0.000183051019681,-27,-0.000254728996651,-0.00136035701011,-0.0344827586207,-0.0459770114943,0.0229885057471,297,1,78,7106,0.792,0.999859293654,0.000140706345856,0.208,0.996644295302,0.792,0.882615156018,0.883518232005,0.791859293654,0.789893617021,48,125,0,3,2,3
24,WLNM_dir_neg_kfold,0.907472,0.542139716576,00:00:13,10,66.6666666667,4,14349,fixed,0.5,0.979166666667,0.376,0.543352601156,47,1,78,249,0.376,0.996,0.004,0.624,0.979166666667,0.376,0.543352601156,0.789333333333,0.624,0.439716312057,0.524896232646,0.372,375,250,125,0,375,0,250,0,125,87,375,0.0501202886929,1.48388363511,8.62068965517,10.1351351351,5.28169014085,7.22437955703,0.838028028615,0.438651340996,6.74676553828,1.56524960488,0.730544061303,5.75934093619,1.3361670972,0.607019157088,0.600158382182,0.404451109227,2.01923076923,NaN,NaN,NaN,0.0588617029747,0.0417483339867,71,0.000669842917119,0.176500470271,NaN,NaN,NaN,NaN,NaN,0.574712643678,0.241379310345,0.183908045977,87,298,0.0398289227479,1.44861843588,6.85057471264,8.51428571429,4.65625,5.72535920602,0.835748743161,0.439095888297,4.94535766315,1.44377891508,0.706472267222,5.06844360292,1.47971340085,0.640283884903,0.576041567916,0.397648927867,2,NaN,NaN,NaN,0.0443750274988,0.0447193149382,47,0.000443417142318,0.175593313092,NaN,NaN,NaN,NaN,NaN,0.540229885057,0.195402298851,0.206896551724,-77,-0.0102913659449,-0.0352651992254,-1.77011494253,-1.62084942085,-0.625440140845,-1.49902035101,-0.00227928545427,0.000444547301293,-1.80140787513,-0.121470689801,-0.0240717940806,-0.690897333266,0.143546303658,0.0332647278151,-0.0241168142654,-0.00680218135953,-0.0192307692308,NaN,NaN,NaN,-0.0144866754759,0.00297098095148,-24,-0.000226425774801,-0.00090715717849,-0.0344827586207,-0.0459770114943,0.0229885057471,297,1,78,7106,0.792,0.999859293654,0.000140706345856,0.208,0.996644295302,0.792,0.882615156018,0.883518232005,0.791859293654,0.789893617021,48,125,0,3,2,3
25,WLNM_dir_neg_kfold,0.877232,0.518812514946,00:00:13,10,66.6666666667,5,14350,fixed,0.5,0.979166666667,0.376,0.543352601156,47,1,78,249,0.376,0.996,0.004,0.624,0.979166666667,0.376,0.543352601156,0.789333333333,0.624,0.439716312057,0.524896232646,0.372,375,250,125,0,375,0,250,0,125,87,375,0.0501202886929,1.48388363511,8.62068965517,10.1351351351,5.28169014085,7.22437955703,0.838028028615,0.438651340996,6.74676553828,1.56524960488,0.730544061303,5.75934093619,1.3361670972,0.607019157088,0.600158382182,0.404451109227,2.01923076923,NaN,NaN,NaN,0.0588617029747,0.0417483339867,71,0.000669842917119,0.176500470271,NaN,NaN,NaN,NaN,NaN,0.574712643678,0.241379310345,0.183908045977,87,298,0.0398289227479,1.44909172865,6.85057471264,8.51428571429,4.65625,5.71926311653,0.834858877748,0.438517318522,4.93829879357,1.44171810416,0.705700840855,5.06844360292,1.47971340085,0.640283884903,0.576491779357,0.397829735662,2,NaN,NaN,NaN,0.047334155458,0.0457142857143,48,0.000452851549601,0.175239238992,NaN,NaN,NaN,NaN,NaN,0.540229885057,0.195402298851,0.206896551724,-77,-0.0102913659449,-0.03479190646,-1.77011494253,-1.62084942085,-0.625440140845,-1.5051164405,-0.00316915086644,-0.000134022474221,-1.80846674471,-0.123531500717,-0.0248432204479,-0.690897333266,0.143546303658,0.0332647278151,-0.0236666028243,-0.00662137356436,-0.0192307692308,NaN,NaN,NaN,-0.0115275475167,0.00396595172761,-23,-0.000216991367517,-0.00126123127872,-0.0344827586207,-0.0459770114943,0.0229885057471,297,1,78,7106,0.792,0.999859293654,0.000140706345856,0.208,0.996644295302,0.792,0.882615156018,0.883518232005,0.791859293654,0.789893617021,48,125,0,3,2,3
26,WLNM_dir_neg_kfold,0.923216,0.603371283401,00:00:12,10,66.6666666667,6,14351,fixed,0.5,0.978723404255,0.368,0.53488372093,46,1,79,249,0.368,0.996,0.004,0.632,0.978723404255,0.368,0.53488372093,0.786666666667,0.624888888889,0.431279620853,0.518251471239,0.364,375,250,125,0,375,0,250,0,125,87,375,0.0501202886929,1.48388363511,8.62068965517,10.1351351351,5.28169014085,7.22437955703,0.838028028615,0.438651340996,6.74676553828,1.56524960488,0.730544061303,5.75934093619,1.3361670972,0.607019157088,0.600158382182,0.404451109227,2.01923076923,NaN,NaN,NaN,0.0588617029747,0.0417483339867,71,0.000669842917119,0.176500470271,NaN,NaN,NaN,NaN,NaN,0.574712643678,0.241379310345,0.183908045977,87,297,0.0396952686447,1.44926494736,6.8275862069,8.48571428571,4.640625,5.7409319731,0.840843571818,0.441619257711,4.93575404606,1.44582694279,0.706761097566,5.07055275217,1.48531343245,0.641588296761,0.576985047781,0.398122544006,2,NaN,NaN,NaN,0.0418065749304,0.0438373570521,46,0.000433982735035,0.175788611512,NaN,NaN,NaN,NaN,NaN,0.540229885057,0.195402298851,0.206896551724,-78,-0.0104250200481,-0.0346186877473,-1.79310344828,-1.64942084942,-0.641065140845,-1.48344758392,0.00281554320335,0.00296791671504,-1.81101149222,-0.119422662096,-0.023782963737,-0.68878818402,0.149146335257,0.0345691396726,-0.0231733344001,-0.00632856522025,-0.0192307692308,NaN,NaN,NaN,-0.0170551280443,0.00208902306542,-25,-0.000235860182084,-0.00071185875885,-0.0344827586207,-0.0459770114943,0.0229885057471,296,1,79,7106,0.789333333333,0.999859293654,0.000140706345856,0.210666666667,0.996632996633,0.789333333333,0.880952380952,0.8819626626,0.789192626987,0.787234042553,47,125,0,3,2,3
27,WLNM_dir_neg_kfold,0.943984,0.637193339042,00:00:13,10,66.6666666667,7,14352,fixed,0.5,0.979591836735,0.384,0.551724137931,48,1,77,249,0.384,0.996,0.004,0.616,0.979591836735,0.384,0.551724137931,0.792,0.623111111111,0.448113207547,0.531498162492,0.38,375,250,125,0,375,0,250,0,125,87,375,0.0501202886929,1.48388363511,8.62068965517,10.1351351351,5.28169014085,7.22437955703,0.838028028615,0.438651340996,6.74676553828,1.56524960488,0.730544061303,5.75934093619,1.3361670972,0.607019157088,0.600158382182,0.404451109227,2.01923076923,NaN,NaN,NaN,0.0588617029747,0.0417483339867,71,0.000669842917119,0.176500470271,NaN,NaN,NaN,NaN,NaN,0.574712643678,0.241379310345,0.183908045977,87,299,0.0399625768511,1.44799338893,6.87356321839,8.54285714286,4.671875,5.73200845051,0.833920961864,0.43785799408,4.9361060574,1.43625828426,0.704032599085,5.06401153013,1.47347492683,0.637988697959,0.576083636464,0.397849631683,2,NaN,NaN,NaN,0.0410970036326,0.0435468602083,46,0.000433982735035,0.175958955184,NaN,NaN,NaN,NaN,NaN,0.540229885057,0.195402298851,0.206896551724,-76,-0.0101577118418,-0.0358902461791,-1.74712643678,-1.59227799228,-0.609815140845,-1.49237110651,-0.00410706675074,-0.000793346916286,-1.81065948088,-0.128991320622,-0.0265114622176,-0.695329406053,0.137307829633,0.0309695408706,-0.0240747457178,-0.00660147754361,-0.0192307692308,NaN,NaN,NaN,-0.0177646993421,0.0017985262216,-25,-0.000235860182084,-0.000541515086803,-0.0344827586207,-0.0459770114943,0.0229885057471,298,1,77,7106,0.794666666667,0.999859293654,0.000140706345856,0.205333333333,0.996655518395,0.794666666667,0.884272997033,0.88507149951,0.794525960321,0.792553191489,49,125,0,3,2,3
28,WLNM_dir_neg_kfold,0.884496,0.53867143996,00:00:13,10,66.6666666667,8,14353,fixed,0.5,0.959183673469,0.376,0.540229885057,47,2,78,248,0.376,0.992,0.008,0.624,0.959183673469,0.376,0.540229885057,0.786666666667,0.623111111111,0.433962264151,0.514714009992,0.368,375,250,125,0,375,0,250,0,125,87,375,0.0501202886929,1.48388363511,8.62068965517,10.1351351351,5.28169014085,7.22437955703,0.838028028615,0.438651340996,6.74676553828,1.56524960488,0.730544061303,5.75934093619,1.3361670972,0.607019157088,0.600158382182,0.404451109227,2.01923076923,NaN,NaN,NaN,0.0588617029747,0.0417483339867,71,0.000669842917119,0.176500470271,NaN,NaN,NaN,NaN,NaN,0.574712643678,0.241379310345,0.183908045977,87,299,0.0399625768511,1.45070736341,6.87356321839,8.54285714286,4.671875,5.72794982946,0.833330493584,0.438396186522,4.95256839504,1.44104832899,0.705800945681,5.06401153013,1.47347492683,0.637988697959,0.578661495367,0.398882303877,2,NaN,NaN,NaN,0.0465670746506,0.0473634354278,50,0.000471720364168,0.174508023823,NaN,NaN,NaN,NaN,NaN,0.540229885057,0.195402298851,0.206896551724,-76,-0.0101577118418,-0.0331762717004,-1.74712643678,-1.59227799228,-0.609815140845,-1.49642972756,-0.00469753503059,-0.000255154474045,-1.79419714324,-0.124201275889,-0.0247431156217,-0.695329406053,0.137307829633,0.0309695408706,-0.021496886815,-0.00556880534942,-0.0192307692308,NaN,NaN,NaN,-0.0122946283241,0.00561510144118,-21,-0.000198122552951,-0.0019924464473,-0.0344827586207,-0.0459770114943,0.0229885057471,297,2,78,7105,0.792,0.999718587308,0.000281412691712,0.208,0.993311036789,0.792,0.881305637982,0.88194419346,0.791718587308,0.787798408488,49,125,0,3,2,3
29,WLNM_dir_neg_kfold,0.949184,0.656595030717,00:00:12,10,66.6666666667,9,14354,fixed,0.5,1,0.376,0.546511627907,47,0,78,250,0.376,1,0,0.624,1,0.376,0.546511627907,0.792,0.624888888889,0.445497630332,0.535336684577,0.376,375,250,125,0,375,0,250,0,125,87,375,0.0501202886929,1.48388363511,8.62068965517,10.1351351351,5.28169014085,7.22437955703,0.838028028615,0.438651340996,6.74676553828,1.56524960488,0.730544061303,5.75934093619,1.3361670972,0.607019157088,0.600158382182,0.404451109227,2.01923076923,NaN,NaN,NaN,0.0588617029747,0.0417483339867,71,0.000669842917119,0.176500470271,NaN,NaN,NaN,NaN,NaN,0.574712643678,0.241379310345,0.183908045977,87,297,0.0396952686447,1.44717601983,6.8275862069,8.48571428571,4.71428571429,5.72064172801,0.837871768244,0.439568094741,4.93339763137,1.4451366799,0.706606292813,5.07513712528,1.48665632963,0.643987770425,0.574352468663,0.396878099686,2,NaN,NaN,NaN,0.0410129791771,0.0420650095602,44,0.000415113920468,0.176403655649,NaN,NaN,NaN,NaN,NaN,0.540229885057,0.183908045977,0.218390804598,-78,-0.0104250200481,-0.0367076152723,-1.79310344828,-1.64942084942,-0.567404426559,-1.50373782901,-0.000156260370717,0.00091675374434,-1.81336790691,-0.120112924984,-0.0239377684895,-0.684203810905,0.150489232433,0.0369686133364,-0.0258059135186,-0.00757300954029,-0.0192307692308,NaN,NaN,NaN,-0.0178487237976,0.000316675573558,-27,-0.000254728996651,-9.68146218741e-05,-0.0344827586207,-0.0574712643678,0.0344827586207,297,0,78,7107,0.792,1,0,0.208,1,0.792,0.883928571429,0.885100043884,0.792,0.792,47,125,0,3,2,3
30,WLNM_dir_neg_kfold,0.889728,0.550402834368,00:00:13,10,66.6666666667,10,14355,fixed,0.5,0.978723404255,0.368,0.53488372093,46,1,79,249,0.368,0.996,0.004,0.632,0.978723404255,0.368,0.53488372093,0.786666666667,0.624888888889,0.431279620853,0.518251471239,0.364,375,250,125,0,375,0,250,0,125,87,375,0.0501202886929,1.48388363511,8.62068965517,10.1351351351,5.28169014085,7.22437955703,0.838028028615,0.438651340996,6.74676553828,1.56524960488,0.730544061303,5.75934093619,1.3361670972,0.607019157088,0.600158382182,0.404451109227,2.01923076923,NaN,NaN,NaN,0.0588617029747,0.0417483339867,71,0.000669842917119,0.176500470271,NaN,NaN,NaN,NaN,NaN,0.574712643678,0.241379310345,0.183908045977,87,297,0.0396952686447,1.49650350864,6.8275862069,8.25,4.71428571429,5.76115075826,0.843804909037,0.442780293355,4.92159863454,1.4416804081,0.705677464298,5.07971736107,1.48799801486,0.644839196563,0.62954977468,0.420680453502,2.16666666667,NaN,NaN,NaN,0.0410129791771,0.0421590546151,44,0.000415113920468,0.168280537526,NaN,NaN,NaN,NaN,NaN,0.528735632184,0.195402298851,0.218390804598,-78,-0.0104250200481,0.0126198735312,-1.79310344828,-1.88513513514,-0.567404426559,-1.46322879877,0.00577688042245,0.00412895235884,-1.82516690374,-0.123569196784,-0.0248665970045,-0.679623575121,0.151830917662,0.0378200394752,0.0293913924988,0.0162293442752,0.147435897436,NaN,NaN,NaN,-0.0178487237976,0.000410720628467,-27,-0.000254728996651,-0.00821993274489,-0.0459770114943,-0.0459770114943,0.0344827586207,296,1,79,7106,0.789333333333,0.999859293654,0.000140706345856,0.210666666667,0.996632996633,0.789333333333,0.880952380952,0.8819626626,0.789192626987,0.787234042553,47,125,0,3,2,3
31,WLNM_dir_neg_kfold,0.932096,0.604456326025,00:00:12,10,66.6666666667,11,14356,fixed,0.5,1,0.368,0.538011695906,46,0,79,250,0.368,1,0,0.632,1,0.368,0.538011695906,0.789333333333,0.625777777778,0.437054631829,0.528805501445,0.368,375,250,125,0,375,0,250,0,125,87,375,0.0501202886929,1.48388363511,8.62068965517,10.1351351351,5.28169014085,7.22437955703,0.838028028615,0.438651340996,6.74676553828,1.56524960488,0.730544061303,5.75934093619,1.3361670972,0.607019157088,0.600158382182,0.404451109227,2.01923076923,NaN,NaN,NaN,0.0588617029747,0.0417483339867,71,0.000669842917119,0.176500470271,NaN,NaN,NaN,NaN,NaN,0.574712643678,0.241379310345,0.183908045977,87,296,0.0395616145416,1.44717601983,6.80459770115,8.45714285714,4.69841269841,5.67909074048,0.834596105442,0.440159987574,4.93553741122,1.45064782019,0.708216837527,5.01036082374,1.47263983671,0.642823858341,0.574352468663,0.396878099686,2,NaN,NaN,NaN,0.0410493058263,0.0425120772947,44,0.000415113920468,0.170431103732,NaN,NaN,NaN,NaN,NaN,0.540229885057,0.183908045977,0.218390804598,-79,-0.0105586741513,-0.0367076152723,-1.81609195402,-1.67799227799,-0.583277442432,-1.54528881655,-0.00343192317283,0.00150864657761,-1.81122812706,-0.114601784692,-0.0223272237755,-0.748980112448,0.136472739512,0.035804701253,-0.0258059135186,-0.00757300954029,-0.0192307692308,NaN,NaN,NaN,-0.0178123971484,0.000763743308014,-27,-0.000254728996651,-0.00606936653857,-0.0344827586207,-0.0574712643678,0.0344827586207,296,0,79,7107,0.789333333333,1,0,0.210666666667,1,0.789333333333,0.882265275708,0.883547236685,0.789333333333,0.789333333333,46,125,0,3,2,3
32,WLNM_dir_neg_kfold,0.897632,0.515289384063,00:00:12,10,66.6666666667,12,14357,fixed,0.5,1,0.376,0.546511627907,47,0,78,250,0.376,1,0,0.624,1,0.376,0.546511627907,0.792,0.624888888889,0.445497630332,0.535336684577,0.376,375,250,125,0,375,0,250,0,125,87,375,0.0501202886929,1.48388363511,8.62068965517,10.1351351351,5.28169014085,7.22437955703,0.838028028615,0.438651340996,6.74676553828,1.56524960488,0.730544061303,5.75934093619,1.3361670972,0.607019157088,0.600158382182,0.404451109227,2.01923076923,NaN,NaN,NaN,0.0588617029747,0.0417483339867,71,0.000669842917119,0.176500470271,NaN,NaN,NaN,NaN,NaN,0.574712643678,0.241379310345,0.183908045977,87,297,0.0396952686447,1.44717601983,6.8275862069,8.48571428571,4.71428571429,5.72064172801,0.837871768244,0.439568094741,4.93339763137,1.4451366799,0.706606292813,5.07513712528,1.48665632963,0.643987770425,0.574352468663,0.396878099686,2,NaN,NaN,NaN,0.0410129791771,0.0420650095602,44,0.000415113920468,0.176403655649,NaN,NaN,NaN,NaN,NaN,0.540229885057,0.183908045977,0.218390804598,-78,-0.0104250200481,-0.0367076152723,-1.79310344828,-1.64942084942,-0.567404426559,-1.50373782901,-0.000156260370717,0.00091675374434,-1.81336790691,-0.120112924984,-0.0239377684895,-0.684203810905,0.150489232433,0.0369686133364,-0.0258059135186,-0.00757300954029,-0.0192307692308,NaN,NaN,NaN,-0.0178487237976,0.000316675573558,-27,-0.000254728996651,-9.68146218741e-05,-0.0344827586207,-0.0574712643678,0.0344827586207,297,0,78,7107,0.792,1,0,0.208,1,0.792,0.883928571429,0.885100043884,0.792,0.792,47,125,0,3,2,3
33,WLNM_dir_neg_kfold,0.899104,0.613615617391,00:00:12,10,66.6666666667,13,14358,fixed,0.5,1,0.376,0.546511627907,47,0,78,250,0.376,1,0,0.624,1,0.376,0.546511627907,0.792,0.624888888889,0.445497630332,0.535336684577,0.376,375,250,125,0,375,0,250,0,125,87,375,0.0501202886929,1.48388363511,8.62068965517,10.1351351351,5.28169014085,7.22437955703,0.838028028615,0.438651340996,6.74676553828,1.56524960488,0.730544061303,5.75934093619,1.3361670972,0.607019157088,0.600158382182,0.404451109227,2.01923076923,NaN,NaN,NaN,0.0588617029747,0.0417483339867,71,0.000669842917119,0.176500470271,NaN,NaN,NaN,NaN,NaN,0.574712643678,0.241379310345,0.183908045977,87,297,0.0396952686447,1.44717601983,6.8275862069,8.48571428571,4.71428571429,5.72064172801,0.837871768244,0.439568094741,4.93339763137,1.4451366799,0.706606292813,5.07513712528,1.48665632963,0.643987770425,0.574352468663,0.396878099686,2,NaN,NaN,NaN,0.0410129791771,0.0420650095602,44,0.000415113920468,0.176403655649,NaN,NaN,NaN,NaN,NaN,0.540229885057,0.183908045977,0.218390804598,-78,-0.0104250200481,-0.0367076152723,-1.79310344828,-1.64942084942,-0.567404426559,-1.50373782901,-0.000156260370717,0.00091675374434,-1.81336790691,-0.120112924984,-0.0239377684895,-0.684203810905,0.150489232433,0.0369686133364,-0.0258059135186,-0.00757300954029,-0.0192307692308,NaN,NaN,NaN,-0.0178487237976,0.000316675573558,-27,-0.000254728996651,-9.68146218741e-05,-0.0344827586207,-0.0574712643678,0.0344827586207,297,0,78,7107,0.792,1,0,0.208,1,0.792,0.883928571429,0.885100043884,0.792,0.792,47,125,0,3,2,3
34,WLNM_dir_neg_kfold,0.933456,0.58473219185,00:00:18,10,66.6666666667,14,14359,fixed,0.5,0.959183673469,0.376,0.540229885057,47,2,78,248,0.376,0.992,0.008,0.624,0.959183673469,0.376,0.540229885057,0.786666666667,0.623111111111,0.433962264151,0.514714009992,0.368,375,250,125,0,375,0,250,0,125,87,375,0.0501202886929,1.48388363511,8.62068965517,10.1351351351,5.28169014085,7.22437955703,0.838028028615,0.438651340996,6.74676553828,1.56524960488,0.730544061303,5.75934093619,1.3361670972,0.607019157088,0.600158382182,0.404451109227,2.01923076923,NaN,NaN,NaN,0.0588617029747,0.0417483339867,71,0.000669842917119,0.176500470271,NaN,NaN,NaN,NaN,NaN,0.574712643678,0.241379310345,0.183908045977,87,299,0.0399625768511,1.450831643,6.87356321839,8.54285714286,4.6,5.73606419984,0.834511012351,0.439126590551,4.95021998437,1.44036501217,0.705493407143,5.06171482438,1.47280665459,0.636527889901,0.579227282857,0.399238109846,2,NaN,NaN,NaN,0.0428575709411,0.0454115421003,48,0.000452851549601,0.174108234005,NaN,NaN,NaN,NaN,NaN,0.540229885057,0.206896551724,0.195402298851,-76,-0.0101577118418,-0.0330519921035,-1.74712643678,-1.59227799228,-0.681690140845,-1.48831535719,-0.00351701626371,0.00047524955471,-1.79654555392,-0.124884592708,-0.0250506541601,-0.697626111805,0.136639557391,0.0295087328131,-0.0209310993246,-0.00521299938051,-0.0192307692308,NaN,NaN,NaN,-0.0160041320336,0.00366320811361,-23,-0.000216991367517,-0.00239223626538,-0.0344827586207,-0.0344827586207,0.0114942528736,297,2,78,7105,0.792,0.999718587308,0.000281412691712,0.208,0.993311036789,0.792,0.881305637982,0.88194419346,0.791718587308,0.787798408488,49,125,0,3,2,3
35,WLNM_dir_neg_kfold,0.896192,0.53787739019,00:00:12,10,66.6666666667,15,14360,fixed,0.5,0.958333333333,0.368,0.531791907514,46,2,79,248,0.368,0.992,0.008,0.632,0.958333333333,0.368,0.531791907514,0.784,0.624,0.425531914894,0.507964096109,0.36,375,250,125,0,375,0,250,0,125,87,375,0.0501202886929,1.48388363511,8.62068965517,10.1351351351,5.28169014085,7.22437955703,0.838028028615,0.438651340996,6.74676553828,1.56524960488,0.730544061303,5.75934093619,1.3361670972,0.607019157088,0.600158382182,0.404451109227,2.01923076923,NaN,NaN,NaN,0.0588617029747,0.0417483339867,71,0.000669842917119,0.176500470271,NaN,NaN,NaN,NaN,NaN,0.574712643678,0.241379310345,0.183908045977,87,298,0.0398289227479,1.45155821716,6.85057471264,8.51428571429,4.65625,5.74360865341,0.838412672562,0.440175885212,4.95005798394,1.44515115639,0.707166550953,5.06385317008,1.47837324093,0.638818174805,0.57857251209,0.398587190821,2,NaN,NaN,NaN,0.0418310359843,0.0417457305503,44,0.000415113920468,0.174790166426,NaN,NaN,NaN,NaN,NaN,0.540229885057,0.195402298851,0.206896551724,-77,-0.0102913659449,-0.0323254179489,-1.77011494253,-1.62084942085,-0.625440140845,-1.48077090361,0.000384643946785,0.00152454421559,-1.79670755434,-0.120098448496,-0.02337751035,-0.695487766111,0.142206143733,0.0317990177171,-0.0215858700914,-0.00586391840516,-0.0192307692308,NaN,NaN,NaN,-0.0170306669904,-2.60343638726e-06,-27,-0.000254728996651,-0.00171030384511,-0.0344827586207,-0.0459770114943,0.0229885057471,296,2,79,7105,0.789333333333,0.999718587308,0.000281412691712,0.210666666667,0.993288590604,0.789333333333,0.879643387816,0.880385901223,0.789051920642,0.785145888594,48,125,0,3,2,3
36,WLNM_dir_neg_kfold,0.728048,0.400745119814,00:00:12,10,66.6666666667,16,14361,fixed,0.5,0.957446808511,0.36,0.523255813953,45,2,80,248,0.36,0.992,0.008,0.64,0.957446808511,0.36,0.523255813953,0.781333333333,0.624888888889,0.417061611374,0.501166257902,0.352,375,250,125,0,375,0,250,0,125,87,375,0.0501202886929,1.48388363511,8.62068965517,10.1351351351,5.28169014085,7.22437955703,0.838028028615,0.438651340996,6.74676553828,1.56524960488,0.730544061303,5.75934093619,1.3361670972,0.607019157088,0.600158382182,0.404451109227,2.01923076923,NaN,NaN,NaN,0.0588617029747,0.0417483339867,71,0.000669842917119,0.176500470271,NaN,NaN,NaN,NaN,NaN,0.574712643678,0.241379310345,0.183908045977,87,297,0.0396952686447,1.45137847468,6.8275862069,8.48571428571,4.56923076923,5.72470553026,0.838466971604,0.44308990286,4.94751928475,1.44927332584,0.708076937962,4.99895738929,1.46434105343,0.636634544681,0.582198289253,0.401134713937,2,NaN,NaN,NaN,0.0429854690528,0.0461686437961,48,0.000452851549601,0.169516201588,NaN,NaN,NaN,NaN,NaN,0.540229885057,0.206896551724,0.195402298851,-78,-0.0104250200481,-0.0325051604301,-1.79310344828,-1.64942084942,-0.712459371614,-1.49967402677,0.000438942988706,0.00443856186385,-1.79924625353,-0.115976279045,-0.0224671233407,-0.760383546896,0.128173956233,0.0296153875924,-0.0179600929283,-0.00331639528956,-0.0192307692308,NaN,NaN,NaN,-0.0158762339219,0.00442030980942,-23,-0.000216991367517,-0.00698426868299,-0.0344827586207,-0.0344827586207,0.0114942528736,295,2,80,7105,0.786666666667,0.999718587308,0.000281412691712,0.213333333333,0.993265993266,0.786666666667,0.877976190476,0.878825281316,0.786385253975,0.7824933687,47,125,0,3,2,3
37,WLNM_dir_neg_kfold,0.901968,0.549377815186,00:00:13,10,66.6666666667,17,14362,fixed,0.5,0.979166666667,0.376,0.543352601156,47,1,78,249,0.376,0.996,0.004,0.624,0.979166666667,0.376,0.543352601156,0.789333333333,0.624,0.439716312057,0.524896232646,0.372,375,250,125,0,375,0,250,0,125,87,375,0.0501202886929,1.48388363511,8.62068965517,10.1351351351,5.28169014085,7.22437955703,0.838028028615,0.438651340996,6.74676553828,1.56524960488,0.730544061303,5.75934093619,1.3361670972,0.607019157088,0.600158382182,0.404451109227,2.01923076923,NaN,NaN,NaN,0.0588617029747,0.0417483339867,71,0.000669842917119,0.176500470271,NaN,NaN,NaN,NaN,NaN,0.574712643678,0.241379310345,0.183908045977,87,298,0.0398289227479,1.45122554051,6.85057471264,8.51428571429,4.65625,5.74158380149,0.83811709854,0.440021599938,4.94065287068,1.44240536829,0.705932268765,5.06844360292,1.47971340085,0.640283884903,0.579858934777,0.39956500116,2,NaN,NaN,NaN,0.0424959866492,0.0446061372983,47,0.000443417142318,0.175140113261,NaN,NaN,NaN,NaN,NaN,0.540229885057,0.195402298851,0.206896551724,-77,-0.0102913659449,-0.0326580945963,-1.77011494253,-1.62084942085,-0.625440140845,-1.48279575553,8.90699254193e-05,0.00137025894212,-1.8061126676,-0.122844236596,-0.0246117925377,-0.690897333266,0.143546303658,0.0332647278151,-0.0202994474046,-0.0048861080666,-0.0192307692308,NaN,NaN,NaN,-0.0163657163255,0.00285780331165,-24,-0.000226425774801,-0.00136035701011,-0.0344827586207,-0.0459770114943,0.0229885057471,297,1,78,7106,0.792,0.999859293654,0.000140706345856,0.208,0.996644295302,0.792,0.882615156018,0.883518232005,0.791859293654,0.789893617021,48,125,0,3,2,3
38,WLNM_dir_neg_kfold,0.914848,0.721935690086,00:00:13,10,66.6666666667,18,14363,fixed,0.5,1,0.376,0.546511627907,47,0,78,250,0.376,1,0,0.624,1,0.376,0.546511627907,0.792,0.624888888889,0.445497630332,0.535336684577,0.376,375,250,125,0,375,0,250,0,125,87,375,0.0501202886929,1.48388363511,8.62068965517,10.1351351351,5.28169014085,7.22437955703,0.838028028615,0.438651340996,6.74676553828,1.56524960488,0.730544061303,5.75934093619,1.3361670972,0.607019157088,0.600158382182,0.404451109227,2.01923076923,NaN,NaN,NaN,0.0588617029747,0.0417483339867,71,0.000669842917119,0.176500470271,NaN,NaN,NaN,NaN,NaN,0.574712643678,0.241379310345,0.183908045977,87,297,0.0396952686447,1.44717601983,6.8275862069,8.48571428571,4.71428571429,5.72064172801,0.837871768244,0.439568094741,4.93339763137,1.4451366799,0.706606292813,5.07513712528,1.48665632963,0.643987770425,0.574352468663,0.396878099686,2,NaN,NaN,NaN,0.0410129791771,0.0420650095602,44,0.000415113920468,0.176403655649,NaN,NaN,NaN,NaN,NaN,0.540229885057,0.183908045977,0.218390804598,-78,-0.0104250200481,-0.0367076152723,-1.79310344828,-1.64942084942,-0.567404426559,-1.50373782901,-0.000156260370717,0.00091675374434,-1.81336790691,-0.120112924984,-0.0239377684895,-0.684203810905,0.150489232433,0.0369686133364,-0.0258059135186,-0.00757300954029,-0.0192307692308,NaN,NaN,NaN,-0.0178487237976,0.000316675573558,-27,-0.000254728996651,-9.68146218741e-05,-0.0344827586207,-0.0574712643678,0.0344827586207,297,0,78,7107,0.792,1,0,0.208,1,0.792,0.883928571429,0.885100043884,0.792,0.792,47,125,0,3,2,3
39,WLNM_dir_neg_kfold,0.528656,0.347142805351,00:00:11,10,66.6666666667,19,14364,fixed,0.5,1,0.352,0.520710059172,44,0,81,250,0.352,1,0,0.648,1,0.352,0.520710059172,0.784,0.627555555556,0.420047732697,0.515617132367,0.352,375,250,125,0,375,0,250,0,125,87,375,0.0501202886929,1.48388363511,8.62068965517,10.1351351351,5.28169014085,7.22437955703,0.838028028615,0.438651340996,6.74676553828,1.56524960488,0.730544061303,5.75934093619,1.3361670972,0.607019157088,0.600158382182,0.404451109227,2.01923076923,NaN,NaN,NaN,0.0588617029747,0.0417483339867,71,0.000669842917119,0.176500470271,NaN,NaN,NaN,NaN,NaN,0.574712643678,0.241379310345,0.183908045977,87,294,0.0392943063352,1.44717601983,6.75862068966,8.4,4.66666666667,5.7606635544,0.852343076927,0.447298459614,4.92558904354,1.45757226799,0.710297912268,5.08129579544,1.50364875579,0.648447884901,0.574352468663,0.396878099686,2,NaN,NaN,NaN,0.0415748008097,0.0423076923077,44,0.000415113920468,0.178896081769,NaN,NaN,NaN,NaN,NaN,0.540229885057,0.183908045977,0.218390804598,-81,-0.0108259823577,-0.0367076152723,-1.86206896552,-1.73513513514,-0.615023474178,-1.46371600262,0.0143150483118,0.00864711861756,-1.82117649474,-0.107677336896,-0.0202461490343,-0.678045140753,0.167481658596,0.041428727813,-0.0258059135186,-0.00757300954029,-0.0192307692308,NaN,NaN,NaN,-0.017286902165,0.00055935832102,-27,-0.000254728996651,0.00239561149837,-0.0344827586207,-0.0574712643678,0.0344827586207,294,0,81,7107,0.784,1,0,0.216,1,0.784,0.878923766816,0.880434708232,0.784,0.784,44,125,0,3,2,3
40,WLNM_dir_neg_kfold,0.856352,0.588797369647,00:00:12,10,66.6666666667,20,14365,fixed,0.5,1,0.376,0.546511627907,47,0,78,250,0.376,1,0,0.624,1,0.376,0.546511627907,0.792,0.624888888889,0.445497630332,0.535336684577,0.376,375,250,125,0,375,0,250,0,125,87,375,0.0501202886929,1.48388363511,8.62068965517,10.1351351351,5.28169014085,7.22437955703,0.838028028615,0.438651340996,6.74676553828,1.56524960488,0.730544061303,5.75934093619,1.3361670972,0.607019157088,0.600158382182,0.404451109227,2.01923076923,NaN,NaN,NaN,0.0588617029747,0.0417483339867,71,0.000669842917119,0.176500470271,NaN,NaN,NaN,NaN,NaN,0.574712643678,0.241379310345,0.183908045977,87,297,0.0396952686447,1.44717601983,6.8275862069,8.48571428571,4.71428571429,5.72064172801,0.837871768244,0.439568094741,4.93339763137,1.4451366799,0.706606292813,5.07513712528,1.48665632963,0.643987770425,0.574352468663,0.396878099686,2,NaN,NaN,NaN,0.0410129791771,0.0420650095602,44,0.000415113920468,0.176403655649,NaN,NaN,NaN,NaN,NaN,0.540229885057,0.183908045977,0.218390804598,-78,-0.0104250200481,-0.0367076152723,-1.79310344828,-1.64942084942,-0.567404426559,-1.50373782901,-0.000156260370717,0.00091675374434,-1.81336790691,-0.120112924984,-0.0239377684895,-0.684203810905,0.150489232433,0.0369686133364,-0.0258059135186,-0.00757300954029,-0.0192307692308,NaN,NaN,NaN,-0.0178487237976,0.000316675573558,-27,-0.000254728996651,-9.68146218741e-05,-0.0344827586207,-0.0574712643678,0.0344827586207,297,0,78,7107,0.792,1,0,0.208,1,0.792,0.883928571429,0.885100043884,0.792,0.792,47,125,0,3,2,3
41,WLNM_dir_neg_kfold,0.739088,0.325083302543,00:00:06,10,66.6666666667,1,15346,fixed,0.5,1,0.4,0.571428571429,50,0,75,250,0.4,1,0,0.6,1,0.4,0.571428571429,0.8,0.622222222222,0.470588235294,0.554700196225,0.4,375,250,125,0,375,0,250,0,125,87,375,0.0501202886929,1.48388363511,8.62068965517,10.1351351351,5.28169014085,7.22437955703,0.838028028615,0.438651340996,6.74676553828,1.56524960488,0.730544061303,5.75934093619,1.3361670972,0.607019157088,0.600158382182,0.404451109227,2.01923076923,NaN,NaN,NaN,0.0588617029747,0.0417483339867,71,0.000669842917119,0.176500470271,NaN,NaN,NaN,NaN,NaN,0.574712643678,0.241379310345,0.183908045977,87,300,0.0400962309543,1.48080520586,6.89655172414,8.10810810811,4.83870967742,5.67744309211,0.823229248356,0.437586206897,5.09618786091,1.47789447966,0.712567049808,4.95505056105,1.4369646627,0.649501915709,0.594301213962,0.401336523946,2,NaN,NaN,NaN,0.0410116902615,0.0332805071315,35,0.000330204254918,0.155773400056,NaN,NaN,NaN,NaN,NaN,0.51724137931,0.195402298851,0.229885057471,-75,-0.0100240577386,-0.00307842924285,-1.72413793103,-2.02702702703,-0.442980463426,-1.54693646491,-0.0147987802589,-0.00106513409962,-1.65057767737,-0.0873551252168,-0.0179770114943,-0.804290375139,0.100797565509,0.0424827586207,-0.00585716821913,-0.00311458528031,-0.0192307692308,NaN,NaN,NaN,-0.0178500127132,-0.00846782685513,-36,-0.000339638662201,-0.0207270702149,-0.0574712643678,-0.0459770114943,0.0459770114943,300,0,75,7107,0.8,1,0,0.2,1,0.8,0.888888888889,0.889744784261,0.8,0.8,50,125,0,3,3,3
42,WLNM_dir_neg_kfold,0.90496,0.479225490274,00:00:06,10,66.6666666667,2,15347,fixed,0.5,0.962264150943,0.408,0.573033707865,51,2,74,248,0.408,0.992,0.008,0.592,0.962264150943,0.408,0.573033707865,0.797333333333,0.619555555556,0.467289719626,0.541276449274,0.4,375,250,125,0,375,0,250,0,125,87,375,0.0501202886929,1.48388363511,8.62068965517,10.1351351351,5.28169014085,7.22437955703,0.838028028615,0.438651340996,6.74676553828,1.56524960488,0.730544061303,5.75934093619,1.3361670972,0.607019157088,0.600158382182,0.404451109227,2.01923076923,NaN,NaN,NaN,0.0588617029747,0.0417483339867,71,0.000669842917119,0.176500470271,NaN,NaN,NaN,NaN,NaN,0.574712643678,0.241379310345,0.183908045977,87,303,0.0404971932638,1.48420239616,6.96551724138,8.18918918919,4.66153846154,5.69873155177,0.818134727729,0.436781609195,5.11691692459,1.46921377043,0.710367588483,4.93412905292,1.4167301241,0.638519024316,0.599712400418,0.404063759748,2,NaN,NaN,NaN,0.0423830116873,0.0383895131086,41,0.000386810698618,0.153993845749,NaN,NaN,NaN,NaN,NaN,0.51724137931,0.229885057471,0.195402298851,-72,-0.00962309542903,0.000318761050895,-1.65517241379,-1.94594594595,-0.620151679307,-1.52564800526,-0.0198933008858,-0.00186973180077,-1.62984861369,-0.0960358344547,-0.0201764728197,-0.825211883272,0.080563026909,0.0314998672281,-0.000445981763552,-0.000387349478517,-0.0192307692308,NaN,NaN,NaN,-0.0164786912874,-0.00335882087806,-30,-0.000283032218501,-0.0225066245214,-0.0574712643678,-0.0114942528736,0.0114942528736,301,2,74,7105,0.802666666667,0.999718587308,0.000281412691712,0.197333333333,0.993399339934,0.802666666667,0.88790560472,0.888154333996,0.802385253975,0.798408488064,53,125,0,3,3,3
43,WLNM_dir_neg_kfold,0.764992,0.338834793852,00:00:07,10,66.6666666667,3,15348,fixed,0.5,1,0.4,0.571428571429,50,0,75,250,0.4,1,0,0.6,1,0.4,0.571428571429,0.8,0.622222222222,0.470588235294,0.554700196225,0.4,375,250,125,0,375,0,250,0,125,87,375,0.0501202886929,1.48388363511,8.62068965517,10.1351351351,5.28169014085,7.22437955703,0.838028028615,0.438651340996,6.74676553828,1.56524960488,0.730544061303,5.75934093619,1.3361670972,0.607019157088,0.600158382182,0.404451109227,2.01923076923,NaN,NaN,NaN,0.0588617029747,0.0417483339867,71,0.000669842917119,0.176500470271,NaN,NaN,NaN,NaN,NaN,0.574712643678,0.241379310345,0.183908045977,87,300,0.0400962309543,1.48080520586,6.89655172414,8.10810810811,4.83870967742,5.67744309211,0.823229248356,0.437586206897,5.09618786091,1.47789447966,0.712567049808,4.95505056105,1.4369646627,0.649501915709,0.594301213962,0.401336523946,2,NaN,NaN,NaN,0.0410116902615,0.0332805071315,35,0.000330204254918,0.155773400056,NaN,NaN,NaN,NaN,NaN,0.51724137931,0.195402298851,0.229885057471,-75,-0.0100240577386,-0.00307842924285,-1.72413793103,-2.02702702703,-0.442980463426,-1.54693646491,-0.0147987802589,-0.00106513409962,-1.65057767737,-0.0873551252168,-0.0179770114943,-0.804290375139,0.100797565509,0.0424827586207,-0.00585716821913,-0.00311458528031,-0.0192307692308,NaN,NaN,NaN,-0.0178500127132,-0.00846782685513,-36,-0.000339638662201,-0.0207270702149,-0.0574712643678,-0.0459770114943,0.0459770114943,300,0,75,7107,0.8,1,0,0.2,1,0.8,0.888888888889,0.889744784261,0.8,0.8,50,125,0,3,3,3
44,WLNM_dir_neg_kfold,0.928496,0.503062336913,00:00:06,10,66.6666666667,4,15349,fixed,0.5,1,0.4,0.571428571429,50,0,75,250,0.4,1,0,0.6,1,0.4,0.571428571429,0.8,0.622222222222,0.470588235294,0.554700196225,0.4,375,250,125,0,375,0,250,0,125,87,375,0.0501202886929,1.48388363511,8.62068965517,10.1351351351,5.28169014085,7.22437955703,0.838028028615,0.438651340996,6.74676553828,1.56524960488,0.730544061303,5.75934093619,1.3361670972,0.607019157088,0.600158382182,0.404451109227,2.01923076923,NaN,NaN,NaN,0.0588617029747,0.0417483339867,71,0.000669842917119,0.176500470271,NaN,NaN,NaN,NaN,NaN,0.574712643678,0.241379310345,0.183908045977,87,300,0.0400962309543,1.48080520586,6.89655172414,8.10810810811,4.83870967742,5.67744309211,0.823229248356,0.437586206897,5.09618786091,1.47789447966,0.712567049808,4.95505056105,1.4369646627,0.649501915709,0.594301213962,0.401336523946,2,NaN,NaN,NaN,0.0410116902615,0.0332805071315,35,0.000330204254918,0.155773400056,NaN,NaN,NaN,NaN,NaN,0.51724137931,0.195402298851,0.229885057471,-75,-0.0100240577386,-0.00307842924285,-1.72413793103,-2.02702702703,-0.442980463426,-1.54693646491,-0.0147987802589,-0.00106513409962,-1.65057767737,-0.0873551252168,-0.0179770114943,-0.804290375139,0.100797565509,0.0424827586207,-0.00585716821913,-0.00311458528031,-0.0192307692308,NaN,NaN,NaN,-0.0178500127132,-0.00846782685513,-36,-0.000339638662201,-0.0207270702149,-0.0574712643678,-0.0459770114943,0.0459770114943,300,0,75,7107,0.8,1,0,0.2,1,0.8,0.888888888889,0.889744784261,0.8,0.8,50,125,0,3,3,3
45,WLNM_dir_neg_kfold,0.883872,0.450044179003,00:00:06,10,66.6666666667,5,15350,fixed,0.5,0.980392156863,0.4,0.568181818182,50,1,75,249,0.4,0.996,0.004,0.6,0.980392156863,0.4,0.568181818182,0.797333333333,0.621333333333,0.464788732394,0.544581148637,0.396,375,250,125,0,375,0,250,0,125,87,375,0.0501202886929,1.48388363511,8.62068965517,10.1351351351,5.28169014085,7.22437955703,0.838028028615,0.438651340996,6.74676553828,1.56524960488,0.730544061303,5.75934093619,1.3361670972,0.607019157088,0.600158382182,0.404451109227,2.01923076923,NaN,NaN,NaN,0.0588617029747,0.0417483339867,71,0.000669842917119,0.176500470271,NaN,NaN,NaN,NaN,NaN,0.574712643678,0.241379310345,0.183908045977,87,301,0.0402298850575,1.49056445608,6.91954022989,8.13513513514,4.703125,5.65113363973,0.816692070858,0.436590674762,5.09857389478,1.47367418221,0.711268950242,4.87948862575,1.41035053303,0.641081452629,0.614578956514,0.412312902006,2,NaN,NaN,NaN,0.0362475048939,0.0325358851675,34,0.000320769847634,0.149121951035,NaN,NaN,NaN,NaN,NaN,0.51724137931,0.218390804598,0.206896551724,-74,-0.00989040363539,0.00668082097617,-1.70114942529,-2,-0.578565140845,-1.5732459173,-0.0213359577573,-0.00206066623388,-1.64819164351,-0.0915754226704,-0.0192751110602,-0.879852310433,0.0741834358298,0.034062295541,0.0144205743329,0.00786179277976,-0.0192307692308,NaN,NaN,NaN,-0.0226141980808,-0.00921244881921,-37,-0.000349073069484,-0.0273785192361,-0.0574712643678,-0.0229885057471,0.0229885057471,300,1,75,7106,0.8,0.999859293654,0.000140706345856,0.2,0.996677740864,0.8,0.887573964497,0.888171177825,0.799859293654,0.797872340426,51,125,0,3,3,3
46,WLNM_dir_neg_kfold,0.625296,0.28029243049,00:00:06,10,66.6666666667,6,15351,fixed,0.5,1,0.4,0.571428571429,50,0,75,250,0.4,1,0,0.6,1,0.4,0.571428571429,0.8,0.622222222222,0.470588235294,0.554700196225,0.4,375,250,125,0,375,0,250,0,125,87,375,0.0501202886929,1.48388363511,8.62068965517,10.1351351351,5.28169014085,7.22437955703,0.838028028615,0.438651340996,6.74676553828,1.56524960488,0.730544061303,5.75934093619,1.3361670972,0.607019157088,0.600158382182,0.404451109227,2.01923076923,NaN,NaN,NaN,0.0588617029747,0.0417483339867,71,0.000669842917119,0.176500470271,NaN,NaN,NaN,NaN,NaN,0.574712643678,0.241379310345,0.183908045977,87,300,0.0400962309543,1.47876178313,6.89655172414,8.10810810811,4.83870967742,5.67539463387,0.822932221912,0.437318007663,5.09390566263,1.47723264216,0.712413793103,4.95270332734,1.43628396493,0.649272030651,0.59092310162,0.399606690112,2,NaN,NaN,NaN,0.0374402616901,0.0342422320862,36,0.000339638662201,0.155643662159,NaN,NaN,NaN,NaN,NaN,0.51724137931,0.195402298851,0.229885057471,-75,-0.0100240577386,-0.00512185197592,-1.72413793103,-2.02702702703,-0.442980463426,-1.54898492315,-0.0150958067032,-0.00133333333333,-1.65285987565,-0.0880169627191,-0.0181302681992,-0.806637608852,0.100116867732,0.0422528735632,-0.00923528056132,-0.00484441911476,-0.0192307692308,NaN,NaN,NaN,-0.0214214412846,-0.00750610190043,-35,-0.000330204254918,-0.0208568081113,-0.0574712643678,-0.0459770114943,0.0459770114943,300,0,75,7107,0.8,1,0,0.2,1,0.8,0.888888888889,0.889744784261,0.8,0.8,50,125,0,3,3,3
47,WLNM_dir_neg_kfold,0.745824,0.331176489738,00:00:07,10,66.6666666667,7,15352,fixed,0.5,1,0.392,0.563218390805,49,0,76,250,0.392,1,0,0.608,1,0.392,0.563218390805,0.797333333333,0.623111111111,0.462264150943,0.548282314992,0.392,375,250,125,0,375,0,250,0,125,87,375,0.0501202886929,1.48388363511,8.62068965517,10.1351351351,5.28169014085,7.22437955703,0.838028028615,0.438651340996,6.74676553828,1.56524960488,0.730544061303,5.75934093619,1.3361670972,0.607019157088,0.600158382182,0.404451109227,2.01923076923,NaN,NaN,NaN,0.0588617029747,0.0417483339867,71,0.000669842917119,0.176500470271,NaN,NaN,NaN,NaN,NaN,0.574712643678,0.241379310345,0.183908045977,87,299,0.0399625768511,1.48080520586,6.87356321839,8.08108108108,4.82258064516,5.68720431933,0.827402635086,0.439626340676,5.09605672777,1.48279911477,0.714027601584,4.95021998437,1.44036501217,0.649752047053,0.594301213962,0.401336523946,2,NaN,NaN,NaN,0.0410116902615,0.0333651096282,35,0.000330204254918,0.155562446727,NaN,NaN,NaN,NaN,NaN,0.51724137931,0.195402298851,0.229885057471,-76,-0.0101577118418,-0.00307842924285,-1.74712643678,-2.05405405405,-0.459109495684,-1.5371752377,-0.0106253935286,0.000974999679647,-1.65070881051,-0.0824504901113,-0.0165164597189,-0.809120951822,0.104197914978,0.0427328899653,-0.00585716821913,-0.00311458528031,-0.0192307692308,NaN,NaN,NaN,-0.0178500127132,-0.00838322435845,-36,-0.000339638662201,-0.0209380235434,-0.0574712643678,-0.0459770114943,0.0459770114943,299,0,76,7107,0.797333333333,1,0,0.202666666667,1,0.797333333333,0.887240356083,0.888198805559,0.797333333333,0.797333333333,49,125,0,3,3,3
48,WLNM_dir_neg_kfold,0.719328,0.319336141887,00:00:06,10,66.6666666667,8,15353,fixed,0.5,0.980392156863,0.4,0.568181818182,50,1,75,249,0.4,0.996,0.004,0.6,0.980392156863,0.4,0.568181818182,0.797333333333,0.621333333333,0.464788732394,0.544581148637,0.396,375,250,125,0,375,0,250,0,125,87,375,0.0501202886929,1.48388363511,8.62068965517,10.1351351351,5.28169014085,7.22437955703,0.838028028615,0.438651340996,6.74676553828,1.56524960488,0.730544061303,5.75934093619,1.3361670972,0.607019157088,0.600158382182,0.404451109227,2.01923076923,NaN,NaN,NaN,0.0588617029747,0.0417483339867,71,0.000669842917119,0.176500470271,NaN,NaN,NaN,NaN,NaN,0.574712643678,0.241379310345,0.183908045977,87,301,0.0402298850575,1.4820312595,6.91954022989,8.13513513514,4.77777777778,5.6696220103,0.819363978232,0.435750563257,5.09857389478,1.47367418221,0.711268950242,4.94811356514,1.4301856484,0.645893000344,0.596576588484,0.402539814636,2,NaN,NaN,NaN,0.0415065817047,0.0341340075853,36,0.000339638662201,0.155112804175,NaN,NaN,NaN,NaN,NaN,0.51724137931,0.206896551724,0.218390804598,-74,-0.00989040363539,-0.001852375603,-1.70114942529,-2,-0.503912363067,-1.55475754673,-0.0186640503826,-0.00290077773959,-1.64819164351,-0.0915754226704,-0.0192751110602,-0.811227371048,0.0940185512002,0.0388738432556,-0.00358179369719,-0.00191129459092,-0.0192307692308,NaN,NaN,NaN,-0.01735512127,-0.00761432640134,-35,-0.000330204254918,-0.0213876660961,-0.0574712643678,-0.0344827586207,0.0344827586207,300,1,75,7106,0.8,0.999859293654,0.000140706345856,0.2,0.996677740864,0.8,0.887573964497,0.888171177825,0.799859293654,0.797872340426,51,125,0,3,3,3
49,WLNM_dir_neg_kfold,0.797936,0.36405237012,00:00:06,10,66.6666666667,9,15354,fixed,0.5,0.944444444444,0.408,0.569832402235,51,3,74,247,0.408,0.988,0.012,0.592,0.944444444444,0.408,0.569832402235,0.794666666667,0.618666666667,0.461538461538,0.531705068975,0.396,375,250,125,0,375,0,250,0,125,87,375,0.0501202886929,1.48388363511,8.62068965517,10.1351351351,5.28169014085,7.22437955703,0.838028028615,0.438651340996,6.74676553828,1.56524960488,0.730544061303,5.75934093619,1.3361670972,0.607019157088,0.600158382182,0.404451109227,2.01923076923,NaN,NaN,NaN,0.0588617029747,0.0417483339867,71,0.000669842917119,0.176500470271,NaN,NaN,NaN,NaN,NaN,0.574712643678,0.241379310345,0.183908045977,87,304,0.040630847367,1.65302110365,6.98850574713,8,4.75,5.80796216288,0.831073533175,0.437386569873,5.07816475551,1.45329057148,0.7055353902,4.92235896185,1.40870141342,0.636343012704,0.796235810884,0.48168520603,2.46428571429,NaN,NaN,NaN,0.0507110920857,0.0347962382445,37,0.000349073069484,0.146346827287,NaN,NaN,NaN,NaN,NaN,0.505747126437,0.229885057471,0.206896551724,-71,-0.00948944132585,0.169137468545,-1.63218390805,-2.13513513514,-0.531690140845,-1.41641739415,-0.00695449543982,-0.00126477112321,-1.66860078277,-0.111959033402,-0.025008671103,-0.836981974342,0.0725343162275,0.0293238556161,0.196077428703,0.0772340968037,0.445054945055,NaN,NaN,NaN,-0.00815061088898,-0.00695209574216,-34,-0.000320769847634,-0.0301536429833,-0.0689655172414,-0.0114942528736,0.0229885057471,301,3,74,7104,0.802666666667,0.999577880962,0.000422119037569,0.197333333333,0.990131578947,0.802666666667,0.886597938144,0.886598611717,0.802244547629,0.796296296296,54,125,0,3,3,3
50,WLNM_dir_neg_kfold,0.82024,0.406300532034,00:00:06,10,66.6666666667,10,15355,fixed,0.5,0.98,0.392,0.56,49,1,76,249,0.392,0.996,0.004,0.608,0.98,0.392,0.56,0.794666666667,0.622222222222,0.456470588235,0.538059190338,0.388,375,250,125,0,375,0,250,0,125,87,375,0.0501202886929,1.48388363511,8.62068965517,10.1351351351,5.28169014085,7.22437955703,0.838028028615,0.438651340996,6.74676553828,1.56524960488,0.730544061303,5.75934093619,1.3361670972,0.607019157088,0.600158382182,0.404451109227,2.01923076923,NaN,NaN,NaN,0.0588617029747,0.0417483339867,71,0.000669842917119,0.176500470271,NaN,NaN,NaN,NaN,NaN,0.574712643678,0.241379310345,0.183908045977,87,300,0.0400962309543,1.63242011146,6.89655172414,7.89473684211,4.83870967742,5.74260795377,0.832678153296,0.439846743295,5.08933819586,1.4759080768,0.712107279693,4.95270332734,1.43628396493,0.648812260536,0.769997440545,0.471690733983,2.5,NaN,NaN,NaN,0.0431324283935,0.0338876686539,36,0.000339638662201,0.147764311659,NaN,NaN,NaN,NaN,NaN,0.505747126437,0.206896551724,0.229885057471,-75,-0.0100240577386,0.148536476357,-1.72413793103,-2.24039829303,-0.442980463426,-1.48177160326,-0.00534987531872,0.00119540229885,-1.65742734242,-0.0893415280816,-0.0184367816092,-0.806637608852,0.100116867732,0.0417931034483,0.169839058363,0.0672396247567,0.480769230769,NaN,NaN,NaN,-0.0157292745812,-0.00786066533277,-35,-0.000330204254918,-0.0287361586119,-0.0689655172414,-0.0344827586207,0.0459770114943,299,1,76,7106,0.797333333333,0.999859293654,0.000140706345856,0.202666666667,0.996666666667,0.797333333333,0.885925925926,0.886622477392,0.797192626987,0.795212765957,50,125,0,3,3,3
51,WLNM_dir_neg_kfold,0.919792,0.537754155642,00:00:06,10,66.6666666667,11,15356,fixed,0.5,0.980392156863,0.4,0.568181818182,50,1,75,249,0.4,0.996,0.004,0.6,0.980392156863,0.4,0.568181818182,0.797333333333,0.621333333333,0.464788732394,0.544581148637,0.396,375,250,125,0,375,0,250,0,125,87,375,0.0501202886929,1.48388363511,8.62068965517,10.1351351351,5.28169014085,7.22437955703,0.838028028615,0.438651340996,6.74676553828,1.56524960488,0.730544061303,5.75934093619,1.3361670972,0.607019157088,0.600158382182,0.404451109227,2.01923076923,NaN,NaN,NaN,0.0588617029747,0.0417483339867,71,0.000669842917119,0.176500470271,NaN,NaN,NaN,NaN,NaN,0.574712643678,0.241379310345,0.183908045977,87,301,0.0402298850575,1.63224982623,6.91954022989,7.92105263158,4.85483870968,5.74905126815,0.830842957357,0.439263756826,5.08944324113,1.47103508963,0.710657960057,4.95281127052,1.43154345693,0.647955092221,0.7696774444,0.471543897281,2.5,NaN,NaN,NaN,0.0419891272502,0.0346550109273,37,0.000349073069484,0.147906710911,NaN,NaN,NaN,NaN,NaN,0.505747126437,0.206896551724,0.229885057471,-74,-0.00989040363539,0.148366191129,-1.70114942529,-2.21408250356,-0.426851431168,-1.47532828887,-0.00718507125755,0.000612415829737,-1.65732229715,-0.0942145152526,-0.0198861012462,-0.806529665664,0.0953763597331,0.0409359351332,0.169519062218,0.0670927880549,0.480769230769,NaN,NaN,NaN,-0.0168725757245,-0.00709332305942,-34,-0.000320769847634,-0.0285937593596,-0.0689655172414,-0.0344827586207,0.0459770114943,300,1,75,7106,0.8,0.999859293654,0.000140706345856,0.2,0.996677740864,0.8,0.887573964497,0.888171177825,0.799859293654,0.797872340426,51,125,0,3,3,3
52,WLNM_dir_neg_kfold,0.696736,0.300292081848,00:00:06,10,66.6666666667,12,15357,fixed,0.5,1,0.4,0.571428571429,50,0,75,250,0.4,1,0,0.6,1,0.4,0.571428571429,0.8,0.622222222222,0.470588235294,0.554700196225,0.4,375,250,125,0,375,0,250,0,125,87,375,0.0501202886929,1.48388363511,8.62068965517,10.1351351351,5.28169014085,7.22437955703,0.838028028615,0.438651340996,6.74676553828,1.56524960488,0.730544061303,5.75934093619,1.3361670972,0.607019157088,0.600158382182,0.404451109227,2.01923076923,NaN,NaN,NaN,0.0588617029747,0.0417483339867,71,0.000669842917119,0.176500470271,NaN,NaN,NaN,NaN,NaN,0.574712643678,0.241379310345,0.183908045977,87,300,0.0400962309543,1.48080520586,6.89655172414,8.10810810811,4.83870967742,5.67744309211,0.823229248356,0.437586206897,5.09618786091,1.47789447966,0.712567049808,4.95505056105,1.4369646627,0.649501915709,0.594301213962,0.401336523946,2,NaN,NaN,NaN,0.0410116902615,0.0332805071315,35,0.000330204254918,0.155773400056,NaN,NaN,NaN,NaN,NaN,0.51724137931,0.195402298851,0.229885057471,-75,-0.0100240577386,-0.00307842924285,-1.72413793103,-2.02702702703,-0.442980463426,-1.54693646491,-0.0147987802589,-0.00106513409962,-1.65057767737,-0.0873551252168,-0.0179770114943,-0.804290375139,0.100797565509,0.0424827586207,-0.00585716821913,-0.00311458528031,-0.0192307692308,NaN,NaN,NaN,-0.0178500127132,-0.00846782685513,-36,-0.000339638662201,-0.0207270702149,-0.0574712643678,-0.0459770114943,0.0459770114943,300,0,75,7107,0.8,1,0,0.2,1,0.8,0.888888888889,0.889744784261,0.8,0.8,50,125,0,3,3,3
53,WLNM_dir_neg_kfold,0.751024,0.334556841794,00:00:06,10,66.6666666667,13,15358,fixed,0.5,0.961538461538,0.4,0.564971751412,50,2,75,248,0.4,0.992,0.008,0.6,0.961538461538,0.4,0.564971751412,0.794666666667,0.620444444444,0.459016393443,0.534697489331,0.392,375,250,125,0,375,0,250,0,125,87,375,0.0501202886929,1.48388363511,8.62068965517,10.1351351351,5.28169014085,7.22437955703,0.838028028615,0.438651340996,6.74676553828,1.56524960488,0.730544061303,5.75934093619,1.3361670972,0.607019157088,0.600158382182,0.404451109227,2.01923076923,NaN,NaN,NaN,0.0588617029747,0.0417483339867,71,0.000669842917119,0.176500470271,NaN,NaN,NaN,NaN,NaN,0.574712643678,0.241379310345,0.183908045977,87,302,0.0403635391607,1.54677146608,6.94252873563,7.94736842105,4.79365079365,5.70058406196,0.821110618196,0.437276394915,5.087236835,1.4655284922,0.709065996803,4.94819459784,1.42547327819,0.644972215879,0.673442075691,0.43538563418,2.4,NaN,NaN,NaN,0.0410116902615,0.0332805071315,35,0.000330204254918,0.147082883763,NaN,NaN,NaN,NaN,NaN,0.505747126437,0.218390804598,0.218390804598,-73,-0.00975674953221,0.0628878309763,-1.67816091954,-2.18776671408,-0.488039347194,-1.52379549507,-0.0169174104193,-0.00137494608104,-1.65952870329,-0.0997211126805,-0.0214780644998,-0.811146338343,0.0893061809914,0.0379530587907,0.0732836935099,0.0309345249534,0.380769230769,NaN,NaN,NaN,-0.0178500127132,-0.00846782685513,-36,-0.000339638662201,-0.0294175865074,-0.0689655172414,-0.0229885057471,0.0344827586207,300,2,75,7105,0.8,0.999718587308,0.000281412691712,0.2,0.993377483444,0.8,0.886262924668,0.88660522856,0.799718587308,0.79575596817,52,125,0,3,3,3
54,WLNM_dir_neg_kfold,0.916736,0.510797691202,00:00:08,10,66.6666666667,14,15359,fixed,0.5,0.980392156863,0.4,0.568181818182,50,1,75,249,0.4,0.996,0.004,0.6,0.980392156863,0.4,0.568181818182,0.797333333333,0.621333333333,0.464788732394,0.544581148637,0.396,375,250,125,0,375,0,250,0,125,87,375,0.0501202886929,1.48388363511,8.62068965517,10.1351351351,5.28169014085,7.22437955703,0.838028028615,0.438651340996,6.74676553828,1.56524960488,0.730544061303,5.75934093619,1.3361670972,0.607019157088,0.600158382182,0.404451109227,2.01923076923,NaN,NaN,NaN,0.0588617029747,0.0417483339867,71,0.000669842917119,0.176500470271,NaN,NaN,NaN,NaN,NaN,0.574712643678,0.241379310345,0.183908045977,87,301,0.0402298850575,1.48162257496,6.91954022989,8.13513513514,4.77777777778,5.70030270678,0.823797899485,0.43830908466,5.12132930986,1.48025132876,0.7131019208,4.94811356514,1.4301856484,0.645893000344,0.595146691513,0.401685760985,2,NaN,NaN,NaN,0.0466665593975,0.0386914123938,41,0.000386810698618,0.155073642647,NaN,NaN,NaN,NaN,NaN,0.51724137931,0.206896551724,0.218390804598,-74,-0.00989040363539,-0.00226106014962,-1.70114942529,-2,-0.503912363067,-1.52407685024,-0.0142301291298,-0.000342256335841,-1.62543622842,-0.084998276118,-0.0174421405023,-0.811227371048,0.0940185512002,0.0388738432556,-0.00501169066821,-0.0027653482418,-0.0192307692308,NaN,NaN,NaN,-0.0121951435772,-0.00305692159284,-30,-0.000283032218501,-0.0214268276237,-0.0574712643678,-0.0344827586207,0.0344827586207,300,1,75,7106,0.8,0.999859293654,0.000140706345856,0.2,0.996677740864,0.8,0.887573964497,0.888171177825,0.799859293654,0.797872340426,51,125,0,3,3,3
55,WLNM_dir_neg_kfold,0.832912,0.386501405989,00:00:06,10,66.6666666667,15,15360,fixed,0.5,0.909090909091,0.4,0.555555555556,50,5,75,245,0.4,0.98,0.02,0.6,0.909090909091,0.4,0.555555555556,0.786666666667,0.617777777778,0.441860465116,0.506351701345,0.38,375,250,125,0,375,0,250,0,125,87,375,0.0501202886929,1.48388363511,8.62068965517,10.1351351351,5.28169014085,7.22437955703,0.838028028615,0.438651340996,6.74676553828,1.56524960488,0.730544061303,5.75934093619,1.3361670972,0.607019157088,0.600158382182,0.404451109227,2.01923076923,NaN,NaN,NaN,0.0588617029747,0.0417483339867,71,0.000669842917119,0.176500470271,NaN,NaN,NaN,NaN,NaN,0.574712643678,0.241379310345,0.183908045977,87,305,0.0407645014702,1.6229867119,7.01149425287,7.625,4.765625,5.71715950954,0.815398159557,0.434369700396,5.10329023647,1.45569262483,0.705935556812,4.93415614052,1.40744781713,0.63787450537,0.764327123546,0.470938620718,3.34117647059,NaN,NaN,NaN,0.0553751235152,0.0403377110694,43,0.000405679513185,0.132452620839,NaN,NaN,NaN,NaN,NaN,0.48275862069,0.252873563218,0.206896551724,-70,-0.00935578722267,0.139103076794,-1.6091954023,-2.51013513514,-0.516065140845,-1.50722004748,-0.0226298690575,-0.00428164060046,-1.64347530181,-0.109556980053,-0.0246085044909,-0.825184795667,0.0712807199364,0.0308553482821,0.164168741364,0.0664875114914,1.32194570136,NaN,NaN,NaN,-0.00348657945955,-0.00141062291725,-28,-0.000264163403934,-0.0440478494318,-0.0919540229885,0.0114942528736,0.0229885057471,300,5,75,7102,0.8,0.999296468271,0.000703531729281,0.2,0.983606557377,0.8,0.882352941176,0.881952697375,0.799296468271,0.789473684211,55,125,0,3,3,3
56,WLNM_dir_neg_kfold,0.53312,0.246058827112,00:00:06,10,66.6666666667,16,15361,fixed,0.5,0.961538461538,0.4,0.564971751412,50,2,75,248,0.4,0.992,0.008,0.6,0.961538461538,0.4,0.564971751412,0.794666666667,0.620444444444,0.459016393443,0.534697489331,0.392,375,250,125,0,375,0,250,0,125,87,375,0.0501202886929,1.48388363511,8.62068965517,10.1351351351,5.28169014085,7.22437955703,0.838028028615,0.438651340996,6.74676553828,1.56524960488,0.730544061303,5.75934093619,1.3361670972,0.607019157088,0.600158382182,0.404451109227,2.01923076923,NaN,NaN,NaN,0.0588617029747,0.0417483339867,71,0.000669842917119,0.176500470271,NaN,NaN,NaN,NaN,NaN,0.574712643678,0.241379310345,0.183908045977,87,302,0.0403635391607,1.57444366595,6.94252873563,7.74358974359,4.87096774194,5.71687897012,0.823457732452,0.437656999315,5.08266337538,1.46421097238,0.708685392403,4.94584411038,1.424796151,0.645428941159,0.691193843043,0.43900830369,2.4652014652,NaN,NaN,NaN,0.0410116902615,0.0332805071315,35,0.000330204254918,0.140186798611,NaN,NaN,NaN,NaN,NaN,0.494252873563,0.218390804598,0.229885057471,-73,-0.00975674953221,0.0905600308442,-1.67816091954,-2.39154539155,-0.41072239891,-1.5075005869,-0.0145702961632,-0.000994341681257,-1.6641021629,-0.101038632504,-0.0218586688995,-0.813496825808,0.088629053808,0.0384097840704,0.0910354608618,0.034557194463,0.445970695971,NaN,NaN,NaN,-0.0178500127132,-0.00846782685513,-36,-0.000339638662201,-0.03631367166,-0.0804597701149,-0.0229885057471,0.0459770114943,300,2,75,7105,0.8,0.999718587308,0.000281412691712,0.2,0.993377483444,0.8,0.886262924668,0.88660522856,0.799718587308,0.79575596817,52,125,0,3,3,3
57,WLNM_dir_neg_kfold,0.7588,0.355413420628,00:00:06,10,66.6666666667,17,15362,fixed,0.5,1,0.4,0.571428571429,50,0,75,250,0.4,1,0,0.6,1,0.4,0.571428571429,0.8,0.622222222222,0.470588235294,0.554700196225,0.4,375,250,125,0,375,0,250,0,125,87,375,0.0501202886929,1.48388363511,8.62068965517,10.1351351351,5.28169014085,7.22437955703,0.838028028615,0.438651340996,6.74676553828,1.56524960488,0.730544061303,5.75934093619,1.3361670972,0.607019157088,0.600158382182,0.404451109227,2.01923076923,NaN,NaN,NaN,0.0588617029747,0.0417483339867,71,0.000669842917119,0.176500470271,NaN,NaN,NaN,NaN,NaN,0.574712643678,0.241379310345,0.183908045977,87,300,0.0400962309543,1.48080520586,6.89655172414,8.10810810811,4.83870967742,5.67744309211,0.823229248356,0.437586206897,5.09618786091,1.47789447966,0.712567049808,4.95505056105,1.4369646627,0.649501915709,0.594301213962,0.401336523946,2,NaN,NaN,NaN,0.0410116902615,0.0332805071315,35,0.000330204254918,0.155773400056,NaN,NaN,NaN,NaN,NaN,0.51724137931,0.195402298851,0.229885057471,-75,-0.0100240577386,-0.00307842924285,-1.72413793103,-2.02702702703,-0.442980463426,-1.54693646491,-0.0147987802589,-0.00106513409962,-1.65057767737,-0.0873551252168,-0.0179770114943,-0.804290375139,0.100797565509,0.0424827586207,-0.00585716821913,-0.00311458528031,-0.0192307692308,NaN,NaN,NaN,-0.0178500127132,-0.00846782685513,-36,-0.000339638662201,-0.0207270702149,-0.0574712643678,-0.0459770114943,0.0459770114943,300,0,75,7107,0.8,1,0,0.2,1,0.8,0.888888888889,0.889744784261,0.8,0.8,50,125,0,3,3,3
58,WLNM_dir_neg_kfold,0.935984,0.52843949415,00:00:06,10,66.6666666667,18,15363,fixed,0.5,1,0.4,0.571428571429,50,0,75,250,0.4,1,0,0.6,1,0.4,0.571428571429,0.8,0.622222222222,0.470588235294,0.554700196225,0.4,375,250,125,0,375,0,250,0,125,87,375,0.0501202886929,1.48388363511,8.62068965517,10.1351351351,5.28169014085,7.22437955703,0.838028028615,0.438651340996,6.74676553828,1.56524960488,0.730544061303,5.75934093619,1.3361670972,0.607019157088,0.600158382182,0.404451109227,2.01923076923,NaN,NaN,NaN,0.0588617029747,0.0417483339867,71,0.000669842917119,0.176500470271,NaN,NaN,NaN,NaN,NaN,0.574712643678,0.241379310345,0.183908045977,87,300,0.0400962309543,1.47876178313,6.89655172414,8.10810810811,4.83870967742,5.67539463387,0.822932221912,0.437356321839,5.0847666263,1.47458232163,0.711264367816,4.96208560027,1.43900482408,0.650957854406,0.59092310162,0.399606690112,2,NaN,NaN,NaN,0.0379675893195,0.0342422320862,36,0.000339638662201,0.156495505504,NaN,NaN,NaN,NaN,NaN,0.51724137931,0.195402298851,0.229885057471,-75,-0.0100240577386,-0.00512185197592,-1.72413793103,-2.02702702703,-0.442980463426,-1.54898492315,-0.0150958067032,-0.00129501915709,-1.66199891198,-0.0906672832541,-0.0192796934866,-0.797255335917,0.102837726883,0.043938697318,-0.00923528056132,-0.00484441911476,-0.0192307692308,NaN,NaN,NaN,-0.0208941136552,-0.00750610190043,-35,-0.000330204254918,-0.0200049647666,-0.0574712643678,-0.0459770114943,0.0459770114943,300,0,75,7107,0.8,1,0,0.2,1,0.8,0.888888888889,0.889744784261,0.8,0.8,50,125,0,3,3,3
59,WLNM_dir_neg_kfold,0.860096,0.422813133934,00:00:07,10,66.6666666667,19,15364,fixed,0.5,1,0.392,0.563218390805,49,0,76,250,0.392,1,0,0.608,1,0.392,0.563218390805,0.797333333333,0.623111111111,0.462264150943,0.548282314992,0.392,375,250,125,0,375,0,250,0,125,87,375,0.0501202886929,1.48388363511,8.62068965517,10.1351351351,5.28169014085,7.22437955703,0.838028028615,0.438651340996,6.74676553828,1.56524960488,0.730544061303,5.75934093619,1.3361670972,0.607019157088,0.600158382182,0.404451109227,2.01923076923,NaN,NaN,NaN,0.0588617029747,0.0417483339867,71,0.000669842917119,0.176500470271,NaN,NaN,NaN,NaN,NaN,0.574712643678,0.241379310345,0.183908045977,87,299,0.0399625768511,1.47794441404,6.87356321839,8.08108108108,4.82258064516,5.67287425139,0.825317825872,0.438050205666,5.08920688623,1.48080601706,0.713335639872,4.95491569268,1.44173132195,0.650751547303,0.589280158119,0.398716049482,2,NaN,NaN,NaN,0.0387861991711,0.0334394904459,35,0.000330204254918,0.156097769263,NaN,NaN,NaN,NaN,NaN,0.51724137931,0.195402298851,0.229885057471,-76,-0.0101577118418,-0.00593922106916,-1.74712643678,-2.05405405405,-0.459109495684,-1.55150530563,-0.0127102027433,-0.000601135329771,-1.65755865205,-0.0844435878187,-0.0172084214303,-0.804425243512,0.105564224753,0.0437323902151,-0.0108782240629,-0.00573505974447,-0.0192307692308,NaN,NaN,NaN,-0.0200755038036,-0.00830884354081,-36,-0.000339638662201,-0.0204027010073,-0.0574712643678,-0.0459770114943,0.0459770114943,299,0,76,7107,0.797333333333,1,0,0.202666666667,1,0.797333333333,0.887240356083,0.888198805559,0.797333333333,0.797333333333,49,125,0,3,3,3
60,WLNM_dir_neg_kfold,0.937808,0.533658253979,00:00:06,10,66.6666666667,20,15365,fixed,0.5,1,0.4,0.571428571429,50,0,75,250,0.4,1,0,0.6,1,0.4,0.571428571429,0.8,0.622222222222,0.470588235294,0.554700196225,0.4,375,250,125,0,375,0,250,0,125,87,375,0.0501202886929,1.48388363511,8.62068965517,10.1351351351,5.28169014085,7.22437955703,0.838028028615,0.438651340996,6.74676553828,1.56524960488,0.730544061303,5.75934093619,1.3361670972,0.607019157088,0.600158382182,0.404451109227,2.01923076923,NaN,NaN,NaN,0.0588617029747,0.0417483339867,71,0.000669842917119,0.176500470271,NaN,NaN,NaN,NaN,NaN,0.574712643678,0.241379310345,0.183908045977,87,300,0.0400962309543,1.48080520586,6.89655172414,8.10810810811,4.83870967742,5.67744309211,0.823229248356,0.437586206897,5.09618786091,1.47789447966,0.712567049808,4.95505056105,1.4369646627,0.649501915709,0.594301213962,0.401336523946,2,NaN,NaN,NaN,0.0410116902615,0.0332805071315,35,0.000330204254918,0.155773400056,NaN,NaN,NaN,NaN,NaN,0.51724137931,0.195402298851,0.229885057471,-75,-0.0100240577386,-0.00307842924285,-1.72413793103,-2.02702702703,-0.442980463426,-1.54693646491,-0.0147987802589,-0.00106513409962,-1.65057767737,-0.0873551252168,-0.0179770114943,-0.804290375139,0.100797565509,0.0424827586207,-0.00585716821913,-0.00311458528031,-0.0192307692308,NaN,NaN,NaN,-0.0178500127132,-0.00846782685513,-36,-0.000339638662201,-0.0207270702149,-0.0574712643678,-0.0459770114943,0.0459770114943,300,0,75,7107,0.8,1,0,0.2,1,0.8,0.888888888889,0.889744784261,0.8,0.8,50,125,0,3,3,3
