Iteration,Version,ROC_AUC,PR_AUC,TimeElapsed,K,TrainRatio,ExperimentID,Seed,ThresholdMode,Threshold,Precision,Recall,F1Score,TestTP,TestFP,TestFN,TestTN,TestTPR,TestTNR,TestFPR,TestFNR,TestPrecision,TestRecall,TestF1Score,TestAccuracy,TestExpectedAccuracy,TestKappa,TestMCC,TestTSS,TotalLinks,TrainLinks,TestLinks,BackboneTotal,NonBackboneTotal,BackboneTrainLinks,NonBackboneTrainLinks,BackboneTestLinks,NonBackboneTestLinks,EmpiricalNumSpecies,EmpiricalLinks,EmpiricalConnectance,EmpiricalMeanTrophicLevel,EmpiricalMeanDegree,EmpiricalMeanGenerality,EmpiricalMeanVulnerability,EmpiricalDegreeStd,EmpiricalDegreeCV,EmpiricalDegreeGini,EmpiricalGeneralityStd,EmpiricalGeneralityCV,EmpiricalGeneralityGini,EmpiricalVulnerabilityStd,EmpiricalVulnerabilityCV,EmpiricalVulnerabilityGini,EmpiricalTrophicLevelStd,EmpiricalTrophicLevelCV,EmpiricalTrophicLevelRange,EmpiricalNetworkXMeanTrophicLevel,EmpiricalNetworkXTrophicLevelStd,EmpiricalNetworkXTrophicLevelRange,EmpiricalMeanLocalClustering,EmpiricalTransitivity,EmpiricalNumTriangles,EmpiricalTriangleDensity,EmpiricalMeanDietOverlap,EmpiricalNetworkXTrophicLevelNumSpeciesFull,EmpiricalNetworkXTrophicLevelNumSpeciesLargest,EmpiricalNetworkXTrophicLevelNumSpeciesWithLevel,EmpiricalNetworkXTrophicLevelLargestFraction,EmpiricalNetworkXTrophicLevelStatusCode,EmpiricalPropBasal,EmpiricalPropIntermediate,EmpiricalPropTop,PseudoNumSpecies,PseudoLinks,PseudoConnectance,PseudoMeanTrophicLevel,PseudoMeanDegree,PseudoMeanGenerality,PseudoMeanVulnerability,PseudoDegreeStd,PseudoDegreeCV,PseudoDegreeGini,PseudoGeneralityStd,PseudoGeneralityCV,PseudoGeneralityGini,PseudoVulnerabilityStd,PseudoVulnerabilityCV,PseudoVulnerabilityGini,PseudoTrophicLevelStd,PseudoTrophicLevelCV,PseudoTrophicLevelRange,PseudoNetworkXMeanTrophicLevel,PseudoNetworkXTrophicLevelStd,PseudoNetworkXTrophicLevelRange,PseudoMeanLocalClustering,PseudoTransitivity,PseudoNumTriangles,PseudoTriangleDensity,PseudoMeanDietOverlap,PseudoNetworkXTrophicLevelNumSpeciesFull,PseudoNetworkXTrophicLevelNumSpeciesLargest,PseudoNetworkXTrophicLevelNumSpeciesWithLevel,PseudoNetworkXTrophicLevelLargestFraction,PseudoNetworkXTrophicLevelStatusCode,PseudoPropBasal,PseudoPropIntermediate,PseudoPropTop,DeltaLinks,DeltaConnectance,DeltaMeanTrophicLevel,DeltaMeanDegree,DeltaMeanGenerality,DeltaMeanVulnerability,DeltaDegreeStd,DeltaDegreeCV,DeltaDegreeGini,DeltaGeneralityStd,DeltaGeneralityCV,DeltaGeneralityGini,DeltaVulnerabilityStd,DeltaVulnerabilityCV,DeltaVulnerabilityGini,DeltaTrophicLevelStd,DeltaTrophicLevelCV,DeltaTrophicLevelRange,DeltaNetworkXMeanTrophicLevel,DeltaNetworkXTrophicLevelStd,DeltaNetworkXTrophicLevelRange,DeltaMeanLocalClustering,DeltaTransitivity,DeltaNumTriangles,DeltaTriangleDensity,DeltaMeanDietOverlap,DeltaPropBasal,DeltaPropIntermediate,DeltaPropTop,PseudoTP,PseudoFP,PseudoFN,PseudoTN,PseudoTPR,PseudoTNR,PseudoFPR,PseudoFNR,PseudoPrecision,PseudoRecall,PseudoF1Score,PseudoMCC,PseudoTSS,PseudoJaccardLinks,NumPredictedNovelLinks,NumTrueNovelLinks,EvaluateOnAllUnseen,CvK,FoldID,NumFolds
1,WLNM_dir_neg_kfold,0.927032013513,0.660492739959,00:00:42,10,66.6666666667,1,13346,fixed,0.5,1,0.17264573991,0.294455066922,77,0,369,892,0.17264573991,1,0,0.82735426009,1,0.17264573991,0.294455066922,0.724215246637,0.647483806677,0.217667844523,0.349464300585,0.17264573991,1340,894,446,0,1340,0,894,0,446,104,1338,0.124906646751,1.70785699186,25.7307692308,24.3272727273,13.9375,15.0056499193,0.583179219583,0.324666551684,17.3709151473,1.35020566167,0.679616534437,9.91327215904,0.7705383442,0.430018972059,0.752020457918,0.440329876274,2.23728977192,NaN,NaN,NaN,0.113403226677,0.113509515164,1688,0.00926942845846,0.255203823095,NaN,NaN,NaN,NaN,NaN,0.471153846154,0.451923076923,0.0769230769231,104,969,0.0904592979836,1.63421034483,18.6346153846,19,10.3085106383,11.1738752978,0.599630046941,0.335198856871,12.497972203,1.34137162963,0.677175121061,7.07280368061,0.759103800602,0.423721917917,0.711620018501,0.435451911531,2.13086135353,NaN,NaN,NaN,0.100392815789,0.128154843111,1002,0.00550235030532,0.177406286618,NaN,NaN,NaN,NaN,NaN,0.509615384615,0.394230769231,0.0961538461538,-369,-0.0344473487677,-0.0736466470248,-7.09615384615,-5.32727272727,-3.6289893617,-3.83177462146,0.0164508273584,0.0105323051862,-4.87294294433,-0.00883403204689,-0.00244141337659,-2.84046847843,-0.0114345435986,-0.00629705414237,-0.0404004394171,-0.00487796474297,-0.106428418386,NaN,NaN,NaN,-0.0130104108884,0.0146453279468,-686,-0.00376707815314,-0.0777975364774,0.0384615384615,-0.0576923076923,0.0192307692308,969,0,369,9374,0.724215246637,1,0,0.275784753363,1,0.724215246637,0.840052015605,0.834737559219,0.724215246637,0.724215246637,77,446,0,3,1,3
2,WLNM_dir_neg_kfold,0.933999778801,0.783798952882,00:00:37,10,66.6666666667,2,13347,fixed,0.5,0.987179487179,0.17264573991,0.293893129771,77,1,369,891,0.17264573991,0.998878923767,0.00112107623318,0.82735426009,0.987179487179,0.17264573991,0.293893129771,0.723467862481,0.647234678625,0.216101694915,0.34509912575,0.171524663677,1340,894,446,0,1340,0,894,0,446,104,1338,0.124906646751,1.70785699186,25.7307692308,24.3272727273,13.9375,15.0056499193,0.583179219583,0.324666551684,17.3709151473,1.35020566167,0.679616534437,9.91327215904,0.7705383442,0.430018972059,0.752020457918,0.440329876274,2.23728977192,NaN,NaN,NaN,0.113403226677,0.113509515164,1688,0.00926942845846,0.255203823095,NaN,NaN,NaN,NaN,NaN,0.471153846154,0.451923076923,0.0769230769231,104,970,0.0905526512323,1,18.6538461538,18.6538461538,10.3191489362,11.1614534589,0.598345958623,0.334506344171,12.4911170827,1.33925379031,0.676486915147,7.0771645736,0.758788779025,0.423770816812,0,0,0,NaN,NaN,NaN,0.100392815789,0.128154843111,1002,0.00550235030532,0.171045830246,NaN,NaN,NaN,NaN,NaN,0.5,0.403846153846,0.0961538461538,-368,-0.034353995519,-0.707856991856,-7.07692307692,-5.67342657343,-3.61835106383,-3.84419646034,0.0151667390403,0.0098397924868,-4.87979806456,-0.0109518713592,-0.00312961929045,-2.83610758544,-0.0117495651754,-0.00624815524728,-0.752020457918,-0.440329876274,-2.23728977192,NaN,NaN,NaN,-0.0130104108884,0.0146453279468,-686,-0.00376707815314,-0.0841579928495,0.0288461538462,-0.0480769230769,0.0192307692308,969,1,369,9373,0.724215246637,0.999893321954,0.000106678045658,0.275784753363,0.998969072165,0.724215246637,0.839688041594,0.834227089126,0.724108568591,0.723674383869,78,446,0,3,1,3
3,WLNM_dir_neg_kfold,0.916347855376,0.739282445299,00:00:38,10,66.6666666667,3,13348,fixed,0.5,1,0.17264573991,0.294455066922,77,0,369,892,0.17264573991,1,0,0.82735426009,1,0.17264573991,0.294455066922,0.724215246637,0.647483806677,0.217667844523,0.349464300585,0.17264573991,1340,894,446,0,1340,0,894,0,446,104,1338,0.124906646751,1.70785699186,25.7307692308,24.3272727273,13.9375,15.0056499193,0.583179219583,0.324666551684,17.3709151473,1.35020566167,0.679616534437,9.91327215904,0.7705383442,0.430018972059,0.752020457918,0.440329876274,2.23728977192,NaN,NaN,NaN,0.113403226677,0.113509515164,1688,0.00926942845846,0.255203823095,NaN,NaN,NaN,NaN,NaN,0.471153846154,0.451923076923,0.0769230769231,104,969,0.0904592979836,1.63421034483,18.6346153846,19,10.3085106383,11.1738752978,0.599630046941,0.335198856871,12.497972203,1.34137162963,0.677175121061,7.07280368061,0.759103800602,0.423721917917,0.711620018501,0.435451911531,2.13086135353,NaN,NaN,NaN,0.100392815789,0.128154843111,1002,0.00550235030532,0.177406286618,NaN,NaN,NaN,NaN,NaN,0.509615384615,0.394230769231,0.0961538461538,-369,-0.0344473487677,-0.0736466470248,-7.09615384615,-5.32727272727,-3.6289893617,-3.83177462146,0.0164508273584,0.0105323051862,-4.87294294433,-0.00883403204689,-0.00244141337659,-2.84046847843,-0.0114345435986,-0.00629705414237,-0.0404004394171,-0.00487796474297,-0.106428418386,NaN,NaN,NaN,-0.0130104108884,0.0146453279468,-686,-0.00376707815314,-0.0777975364774,0.0384615384615,-0.0576923076923,0.0192307692308,969,0,369,9374,0.724215246637,1,0,0.275784753363,1,0.724215246637,0.840052015605,0.834737559219,0.724215246637,0.724215246637,77,446,0,3,1,3
4,WLNM_dir_neg_kfold,0.905041575338,0.726546348178,00:00:38,10,66.6666666667,4,13349,fixed,0.5,1,0.17264573991,0.294455066922,77,0,369,892,0.17264573991,1,0,0.82735426009,1,0.17264573991,0.294455066922,0.724215246637,0.647483806677,0.217667844523,0.349464300585,0.17264573991,1340,894,446,0,1340,0,894,0,446,104,1338,0.124906646751,1.70785699186,25.7307692308,24.3272727273,13.9375,15.0056499193,0.583179219583,0.324666551684,17.3709151473,1.35020566167,0.679616534437,9.91327215904,0.7705383442,0.430018972059,0.752020457918,0.440329876274,2.23728977192,NaN,NaN,NaN,0.113403226677,0.113509515164,1688,0.00926942845846,0.255203823095,NaN,NaN,NaN,NaN,NaN,0.471153846154,0.451923076923,0.0769230769231,104,969,0.0904592979836,1.63421034483,18.6346153846,19,10.3085106383,11.1738752978,0.599630046941,0.335198856871,12.497972203,1.34137162963,0.677175121061,7.07280368061,0.759103800602,0.423721917917,0.711620018501,0.435451911531,2.13086135353,NaN,NaN,NaN,0.100392815789,0.128154843111,1002,0.00550235030532,0.177406286618,NaN,NaN,NaN,NaN,NaN,0.509615384615,0.394230769231,0.0961538461538,-369,-0.0344473487677,-0.0736466470248,-7.09615384615,-5.32727272727,-3.6289893617,-3.83177462146,0.0164508273584,0.0105323051862,-4.87294294433,-0.00883403204689,-0.00244141337659,-2.84046847843,-0.0114345435986,-0.00629705414237,-0.0404004394171,-0.00487796474297,-0.106428418386,NaN,NaN,NaN,-0.0130104108884,0.0146453279468,-686,-0.00376707815314,-0.0777975364774,0.0384615384615,-0.0576923076923,0.0192307692308,969,0,369,9374,0.724215246637,1,0,0.275784753363,1,0.724215246637,0.840052015605,0.834737559219,0.724215246637,0.724215246637,77,446,0,3,1,3
5,WLNM_dir_neg_kfold,0.952743871785,0.832137171779,00:00:37,10,66.6666666667,5,13350,fixed,0.5,1,0.17264573991,0.294455066922,77,0,369,892,0.17264573991,1,0,0.82735426009,1,0.17264573991,0.294455066922,0.724215246637,0.647483806677,0.217667844523,0.349464300585,0.17264573991,1340,894,446,0,1340,0,894,0,446,104,1338,0.124906646751,1.70785699186,25.7307692308,24.3272727273,13.9375,15.0056499193,0.583179219583,0.324666551684,17.3709151473,1.35020566167,0.679616534437,9.91327215904,0.7705383442,0.430018972059,0.752020457918,0.440329876274,2.23728977192,NaN,NaN,NaN,0.113403226677,0.113509515164,1688,0.00926942845846,0.255203823095,NaN,NaN,NaN,NaN,NaN,0.471153846154,0.451923076923,0.0769230769231,104,969,0.0904592979836,1.63421034483,18.6346153846,19,10.3085106383,11.1738752978,0.599630046941,0.335198856871,12.497972203,1.34137162963,0.677175121061,7.07280368061,0.759103800602,0.423721917917,0.711620018501,0.435451911531,2.13086135353,NaN,NaN,NaN,0.100392815789,0.128154843111,1002,0.00550235030532,0.177406286618,NaN,NaN,NaN,NaN,NaN,0.509615384615,0.394230769231,0.0961538461538,-369,-0.0344473487677,-0.0736466470248,-7.09615384615,-5.32727272727,-3.6289893617,-3.83177462146,0.0164508273584,0.0105323051862,-4.87294294433,-0.00883403204689,-0.00244141337659,-2.84046847843,-0.0114345435986,-0.00629705414237,-0.0404004394171,-0.00487796474297,-0.106428418386,NaN,NaN,NaN,-0.0130104108884,0.0146453279468,-686,-0.00376707815314,-0.0777975364774,0.0384615384615,-0.0576923076923,0.0192307692308,969,0,369,9374,0.724215246637,1,0,0.275784753363,1,0.724215246637,0.840052015605,0.834737559219,0.724215246637,0.724215246637,77,446,0,3,1,3
6,WLNM_dir_neg_kfold,0.938012779264,0.804685377024,00:00:42,10,66.6666666667,6,13351,fixed,0.5,1,0.17264573991,0.294455066922,77,0,369,892,0.17264573991,1,0,0.82735426009,1,0.17264573991,0.294455066922,0.724215246637,0.647483806677,0.217667844523,0.349464300585,0.17264573991,1340,894,446,0,1340,0,894,0,446,104,1338,0.124906646751,1.70785699186,25.7307692308,24.3272727273,13.9375,15.0056499193,0.583179219583,0.324666551684,17.3709151473,1.35020566167,0.679616534437,9.91327215904,0.7705383442,0.430018972059,0.752020457918,0.440329876274,2.23728977192,NaN,NaN,NaN,0.113403226677,0.113509515164,1688,0.00926942845846,0.255203823095,NaN,NaN,NaN,NaN,NaN,0.471153846154,0.451923076923,0.0769230769231,104,969,0.0904592979836,1.63421034483,18.6346153846,19,10.3085106383,11.1738752978,0.599630046941,0.335198856871,12.497972203,1.34137162963,0.677175121061,7.07280368061,0.759103800602,0.423721917917,0.711620018501,0.435451911531,2.13086135353,NaN,NaN,NaN,0.100392815789,0.128154843111,1002,0.00550235030532,0.177406286618,NaN,NaN,NaN,NaN,NaN,0.509615384615,0.394230769231,0.0961538461538,-369,-0.0344473487677,-0.0736466470248,-7.09615384615,-5.32727272727,-3.6289893617,-3.83177462146,0.0164508273584,0.0105323051862,-4.87294294433,-0.00883403204689,-0.00244141337659,-2.84046847843,-0.0114345435986,-0.00629705414237,-0.0404004394171,-0.00487796474297,-0.106428418386,NaN,NaN,NaN,-0.0130104108884,0.0146453279468,-686,-0.00376707815314,-0.0777975364774,0.0384615384615,-0.0576923076923,0.0192307692308,969,0,369,9374,0.724215246637,1,0,0.275784753363,1,0.724215246637,0.840052015605,0.834737559219,0.724215246637,0.724215246637,77,446,0,3,1,3
7,WLNM_dir_neg_kfold,0.929888747009,0.777171202393,00:00:37,10,66.6666666667,7,13352,fixed,0.5,1,0.17264573991,0.294455066922,77,0,369,892,0.17264573991,1,0,0.82735426009,1,0.17264573991,0.294455066922,0.724215246637,0.647483806677,0.217667844523,0.349464300585,0.17264573991,1340,894,446,0,1340,0,894,0,446,104,1338,0.124906646751,1.70785699186,25.7307692308,24.3272727273,13.9375,15.0056499193,0.583179219583,0.324666551684,17.3709151473,1.35020566167,0.679616534437,9.91327215904,0.7705383442,0.430018972059,0.752020457918,0.440329876274,2.23728977192,NaN,NaN,NaN,0.113403226677,0.113509515164,1688,0.00926942845846,0.255203823095,NaN,NaN,NaN,NaN,NaN,0.471153846154,0.451923076923,0.0769230769231,104,969,0.0904592979836,1.63421034483,18.6346153846,19,10.3085106383,11.1738752978,0.599630046941,0.335198856871,12.497972203,1.34137162963,0.677175121061,7.07280368061,0.759103800602,0.423721917917,0.711620018501,0.435451911531,2.13086135353,NaN,NaN,NaN,0.100392815789,0.128154843111,1002,0.00550235030532,0.177406286618,NaN,NaN,NaN,NaN,NaN,0.509615384615,0.394230769231,0.0961538461538,-369,-0.0344473487677,-0.0736466470248,-7.09615384615,-5.32727272727,-3.6289893617,-3.83177462146,0.0164508273584,0.0105323051862,-4.87294294433,-0.00883403204689,-0.00244141337659,-2.84046847843,-0.0114345435986,-0.00629705414237,-0.0404004394171,-0.00487796474297,-0.106428418386,NaN,NaN,NaN,-0.0130104108884,0.0146453279468,-686,-0.00376707815314,-0.0777975364774,0.0384615384615,-0.0576923076923,0.0192307692308,969,0,369,9374,0.724215246637,1,0,0.275784753363,1,0.724215246637,0.840052015605,0.834737559219,0.724215246637,0.724215246637,77,446,0,3,1,3
8,WLNM_dir_neg_kfold,0.953661344487,0.831500554971,00:00:40,10,66.6666666667,8,13353,fixed,0.5,1,0.17264573991,0.294455066922,77,0,369,892,0.17264573991,1,0,0.82735426009,1,0.17264573991,0.294455066922,0.724215246637,0.647483806677,0.217667844523,0.349464300585,0.17264573991,1340,894,446,0,1340,0,894,0,446,104,1338,0.124906646751,1.70785699186,25.7307692308,24.3272727273,13.9375,15.0056499193,0.583179219583,0.324666551684,17.3709151473,1.35020566167,0.679616534437,9.91327215904,0.7705383442,0.430018972059,0.752020457918,0.440329876274,2.23728977192,NaN,NaN,NaN,0.113403226677,0.113509515164,1688,0.00926942845846,0.255203823095,NaN,NaN,NaN,NaN,NaN,0.471153846154,0.451923076923,0.0769230769231,104,969,0.0904592979836,1.63421034483,18.6346153846,19,10.3085106383,11.1738752978,0.599630046941,0.335198856871,12.497972203,1.34137162963,0.677175121061,7.07280368061,0.759103800602,0.423721917917,0.711620018501,0.435451911531,2.13086135353,NaN,NaN,NaN,0.100392815789,0.128154843111,1002,0.00550235030532,0.177406286618,NaN,NaN,NaN,NaN,NaN,0.509615384615,0.394230769231,0.0961538461538,-369,-0.0344473487677,-0.0736466470248,-7.09615384615,-5.32727272727,-3.6289893617,-3.83177462146,0.0164508273584,0.0105323051862,-4.87294294433,-0.00883403204689,-0.00244141337659,-2.84046847843,-0.0114345435986,-0.00629705414237,-0.0404004394171,-0.00487796474297,-0.106428418386,NaN,NaN,NaN,-0.0130104108884,0.0146453279468,-686,-0.00376707815314,-0.0777975364774,0.0384615384615,-0.0576923076923,0.0192307692308,969,0,369,9374,0.724215246637,1,0,0.275784753363,1,0.724215246637,0.840052015605,0.834737559219,0.724215246637,0.724215246637,77,446,0,3,1,3
9,WLNM_dir_neg_kfold,0.933984697058,0.794071814474,00:00:39,10,66.6666666667,9,13354,fixed,0.5,1,0.17264573991,0.294455066922,77,0,369,892,0.17264573991,1,0,0.82735426009,1,0.17264573991,0.294455066922,0.724215246637,0.647483806677,0.217667844523,0.349464300585,0.17264573991,1340,894,446,0,1340,0,894,0,446,104,1338,0.124906646751,1.70785699186,25.7307692308,24.3272727273,13.9375,15.0056499193,0.583179219583,0.324666551684,17.3709151473,1.35020566167,0.679616534437,9.91327215904,0.7705383442,0.430018972059,0.752020457918,0.440329876274,2.23728977192,NaN,NaN,NaN,0.113403226677,0.113509515164,1688,0.00926942845846,0.255203823095,NaN,NaN,NaN,NaN,NaN,0.471153846154,0.451923076923,0.0769230769231,104,969,0.0904592979836,1.63421034483,18.6346153846,19,10.3085106383,11.1738752978,0.599630046941,0.335198856871,12.497972203,1.34137162963,0.677175121061,7.07280368061,0.759103800602,0.423721917917,0.711620018501,0.435451911531,2.13086135353,NaN,NaN,NaN,0.100392815789,0.128154843111,1002,0.00550235030532,0.177406286618,NaN,NaN,NaN,NaN,NaN,0.509615384615,0.394230769231,0.0961538461538,-369,-0.0344473487677,-0.0736466470248,-7.09615384615,-5.32727272727,-3.6289893617,-3.83177462146,0.0164508273584,0.0105323051862,-4.87294294433,-0.00883403204689,-0.00244141337659,-2.84046847843,-0.0114345435986,-0.00629705414237,-0.0404004394171,-0.00487796474297,-0.106428418386,NaN,NaN,NaN,-0.0130104108884,0.0146453279468,-686,-0.00376707815314,-0.0777975364774,0.0384615384615,-0.0576923076923,0.0192307692308,969,0,369,9374,0.724215246637,1,0,0.275784753363,1,0.724215246637,0.840052015605,0.834737559219,0.724215246637,0.724215246637,77,446,0,3,1,3
10,WLNM_dir_neg_kfold,0.935793249412,0.745989847789,00:00:40,10,66.6666666667,10,13355,fixed,0.5,1,0.17264573991,0.294455066922,77,0,369,892,0.17264573991,1,0,0.82735426009,1,0.17264573991,0.294455066922,0.724215246637,0.647483806677,0.217667844523,0.349464300585,0.17264573991,1340,894,446,0,1340,0,894,0,446,104,1338,0.124906646751,1.70785699186,25.7307692308,24.3272727273,13.9375,15.0056499193,0.583179219583,0.324666551684,17.3709151473,1.35020566167,0.679616534437,9.91327215904,0.7705383442,0.430018972059,0.752020457918,0.440329876274,2.23728977192,NaN,NaN,NaN,0.113403226677,0.113509515164,1688,0.00926942845846,0.255203823095,NaN,NaN,NaN,NaN,NaN,0.471153846154,0.451923076923,0.0769230769231,104,969,0.0904592979836,1.63421034483,18.6346153846,19,10.3085106383,11.1738752978,0.599630046941,0.335198856871,12.497972203,1.34137162963,0.677175121061,7.07280368061,0.759103800602,0.423721917917,0.711620018501,0.435451911531,2.13086135353,NaN,NaN,NaN,0.100392815789,0.128154843111,1002,0.00550235030532,0.177406286618,NaN,NaN,NaN,NaN,NaN,0.509615384615,0.394230769231,0.0961538461538,-369,-0.0344473487677,-0.0736466470248,-7.09615384615,-5.32727272727,-3.6289893617,-3.83177462146,0.0164508273584,0.0105323051862,-4.87294294433,-0.00883403204689,-0.00244141337659,-2.84046847843,-0.0114345435986,-0.00629705414237,-0.0404004394171,-0.00487796474297,-0.106428418386,NaN,NaN,NaN,-0.0130104108884,0.0146453279468,-686,-0.00376707815314,-0.0777975364774,0.0384615384615,-0.0576923076923,0.0192307692308,969,0,369,9374,0.724215246637,1,0,0.275784753363,1,0.724215246637,0.840052015605,0.834737559219,0.724215246637,0.724215246637,77,446,0,3,1,3
11,WLNM_dir_neg_kfold,0.937780269058,0.824357151573,00:00:38,10,66.6666666667,11,13356,fixed,0.5,1,0.17264573991,0.294455066922,77,0,369,892,0.17264573991,1,0,0.82735426009,1,0.17264573991,0.294455066922,0.724215246637,0.647483806677,0.217667844523,0.349464300585,0.17264573991,1340,894,446,0,1340,0,894,0,446,104,1338,0.124906646751,1.70785699186,25.7307692308,24.3272727273,13.9375,15.0056499193,0.583179219583,0.324666551684,17.3709151473,1.35020566167,0.679616534437,9.91327215904,0.7705383442,0.430018972059,0.752020457918,0.440329876274,2.23728977192,NaN,NaN,NaN,0.113403226677,0.113509515164,1688,0.00926942845846,0.255203823095,NaN,NaN,NaN,NaN,NaN,0.471153846154,0.451923076923,0.0769230769231,104,969,0.0904592979836,1.63421034483,18.6346153846,19,10.3085106383,11.1738752978,0.599630046941,0.335198856871,12.497972203,1.34137162963,0.677175121061,7.07280368061,0.759103800602,0.423721917917,0.711620018501,0.435451911531,2.13086135353,NaN,NaN,NaN,0.100392815789,0.128154843111,1002,0.00550235030532,0.177406286618,NaN,NaN,NaN,NaN,NaN,0.509615384615,0.394230769231,0.0961538461538,-369,-0.0344473487677,-0.0736466470248,-7.09615384615,-5.32727272727,-3.6289893617,-3.83177462146,0.0164508273584,0.0105323051862,-4.87294294433,-0.00883403204689,-0.00244141337659,-2.84046847843,-0.0114345435986,-0.00629705414237,-0.0404004394171,-0.00487796474297,-0.106428418386,NaN,NaN,NaN,-0.0130104108884,0.0146453279468,-686,-0.00376707815314,-0.0777975364774,0.0384615384615,-0.0576923076923,0.0192307692308,969,0,369,9374,0.724215246637,1,0,0.275784753363,1,0.724215246637,0.840052015605,0.834737559219,0.724215246637,0.724215246637,77,446,0,3,1,3
12,WLNM_dir_neg_kfold,0.950808381427,0.844671886148,00:00:37,10,66.6666666667,12,13357,fixed,0.5,1,0.17264573991,0.294455066922,77,0,369,892,0.17264573991,1,0,0.82735426009,1,0.17264573991,0.294455066922,0.724215246637,0.647483806677,0.217667844523,0.349464300585,0.17264573991,1340,894,446,0,1340,0,894,0,446,104,1338,0.124906646751,1.70785699186,25.7307692308,24.3272727273,13.9375,15.0056499193,0.583179219583,0.324666551684,17.3709151473,1.35020566167,0.679616534437,9.91327215904,0.7705383442,0.430018972059,0.752020457918,0.440329876274,2.23728977192,NaN,NaN,NaN,0.113403226677,0.113509515164,1688,0.00926942845846,0.255203823095,NaN,NaN,NaN,NaN,NaN,0.471153846154,0.451923076923,0.0769230769231,104,969,0.0904592979836,1.63421034483,18.6346153846,19,10.3085106383,11.1738752978,0.599630046941,0.335198856871,12.497972203,1.34137162963,0.677175121061,7.07280368061,0.759103800602,0.423721917917,0.711620018501,0.435451911531,2.13086135353,NaN,NaN,NaN,0.100392815789,0.128154843111,1002,0.00550235030532,0.177406286618,NaN,NaN,NaN,NaN,NaN,0.509615384615,0.394230769231,0.0961538461538,-369,-0.0344473487677,-0.0736466470248,-7.09615384615,-5.32727272727,-3.6289893617,-3.83177462146,0.0164508273584,0.0105323051862,-4.87294294433,-0.00883403204689,-0.00244141337659,-2.84046847843,-0.0114345435986,-0.00629705414237,-0.0404004394171,-0.00487796474297,-0.106428418386,NaN,NaN,NaN,-0.0130104108884,0.0146453279468,-686,-0.00376707815314,-0.0777975364774,0.0384615384615,-0.0576923076923,0.0192307692308,969,0,369,9374,0.724215246637,1,0,0.275784753363,1,0.724215246637,0.840052015605,0.834737559219,0.724215246637,0.724215246637,77,446,0,3,1,3
13,WLNM_dir_neg_kfold,0.933826338756,0.793263300662,00:00:37,10,66.6666666667,13,13358,fixed,0.5,1,0.17264573991,0.294455066922,77,0,369,892,0.17264573991,1,0,0.82735426009,1,0.17264573991,0.294455066922,0.724215246637,0.647483806677,0.217667844523,0.349464300585,0.17264573991,1340,894,446,0,1340,0,894,0,446,104,1338,0.124906646751,1.70785699186,25.7307692308,24.3272727273,13.9375,15.0056499193,0.583179219583,0.324666551684,17.3709151473,1.35020566167,0.679616534437,9.91327215904,0.7705383442,0.430018972059,0.752020457918,0.440329876274,2.23728977192,NaN,NaN,NaN,0.113403226677,0.113509515164,1688,0.00926942845846,0.255203823095,NaN,NaN,NaN,NaN,NaN,0.471153846154,0.451923076923,0.0769230769231,104,969,0.0904592979836,1.63421034483,18.6346153846,19,10.3085106383,11.1738752978,0.599630046941,0.335198856871,12.497972203,1.34137162963,0.677175121061,7.07280368061,0.759103800602,0.423721917917,0.711620018501,0.435451911531,2.13086135353,NaN,NaN,NaN,0.100392815789,0.128154843111,1002,0.00550235030532,0.177406286618,NaN,NaN,NaN,NaN,NaN,0.509615384615,0.394230769231,0.0961538461538,-369,-0.0344473487677,-0.0736466470248,-7.09615384615,-5.32727272727,-3.6289893617,-3.83177462146,0.0164508273584,0.0105323051862,-4.87294294433,-0.00883403204689,-0.00244141337659,-2.84046847843,-0.0114345435986,-0.00629705414237,-0.0404004394171,-0.00487796474297,-0.106428418386,NaN,NaN,NaN,-0.0130104108884,0.0146453279468,-686,-0.00376707815314,-0.0777975364774,0.0384615384615,-0.0576923076923,0.0192307692308,969,0,369,9374,0.724215246637,1,0,0.275784753363,1,0.724215246637,0.840052015605,0.834737559219,0.724215246637,0.724215246637,77,446,0,3,1,3
14,WLNM_dir_neg_kfold,0.95361107201,0.83101139684,00:00:38,10,66.6666666667,14,13359,fixed,0.5,1,0.17264573991,0.294455066922,77,0,369,892,0.17264573991,1,0,0.82735426009,1,0.17264573991,0.294455066922,0.724215246637,0.647483806677,0.217667844523,0.349464300585,0.17264573991,1340,894,446,0,1340,0,894,0,446,104,1338,0.124906646751,1.70785699186,25.7307692308,24.3272727273,13.9375,15.0056499193,0.583179219583,0.324666551684,17.3709151473,1.35020566167,0.679616534437,9.91327215904,0.7705383442,0.430018972059,0.752020457918,0.440329876274,2.23728977192,NaN,NaN,NaN,0.113403226677,0.113509515164,1688,0.00926942845846,0.255203823095,NaN,NaN,NaN,NaN,NaN,0.471153846154,0.451923076923,0.0769230769231,104,969,0.0904592979836,1.63421034483,18.6346153846,19,10.3085106383,11.1738752978,0.599630046941,0.335198856871,12.497972203,1.34137162963,0.677175121061,7.07280368061,0.759103800602,0.423721917917,0.711620018501,0.435451911531,2.13086135353,NaN,NaN,NaN,0.100392815789,0.128154843111,1002,0.00550235030532,0.177406286618,NaN,NaN,NaN,NaN,NaN,0.509615384615,0.394230769231,0.0961538461538,-369,-0.0344473487677,-0.0736466470248,-7.09615384615,-5.32727272727,-3.6289893617,-3.83177462146,0.0164508273584,0.0105323051862,-4.87294294433,-0.00883403204689,-0.00244141337659,-2.84046847843,-0.0114345435986,-0.00629705414237,-0.0404004394171,-0.00487796474297,-0.106428418386,NaN,NaN,NaN,-0.0130104108884,0.0146453279468,-686,-0.00376707815314,-0.0777975364774,0.0384615384615,-0.0576923076923,0.0192307692308,969,0,369,9374,0.724215246637,1,0,0.275784753363,1,0.724215246637,0.840052015605,0.834737559219,0.724215246637,0.724215246637,77,446,0,3,1,3
15,WLNM_dir_neg_kfold,0.951886726055,0.811941844493,00:00:40,10,66.6666666667,15,13360,fixed,0.5,1,0.17264573991,0.294455066922,77,0,369,892,0.17264573991,1,0,0.82735426009,1,0.17264573991,0.294455066922,0.724215246637,0.647483806677,0.217667844523,0.349464300585,0.17264573991,1340,894,446,0,1340,0,894,0,446,104,1338,0.124906646751,1.70785699186,25.7307692308,24.3272727273,13.9375,15.0056499193,0.583179219583,0.324666551684,17.3709151473,1.35020566167,0.679616534437,9.91327215904,0.7705383442,0.430018972059,0.752020457918,0.440329876274,2.23728977192,NaN,NaN,NaN,0.113403226677,0.113509515164,1688,0.00926942845846,0.255203823095,NaN,NaN,NaN,NaN,NaN,0.471153846154,0.451923076923,0.0769230769231,104,969,0.0904592979836,1.63421034483,18.6346153846,19,10.3085106383,11.1738752978,0.599630046941,0.335198856871,12.497972203,1.34137162963,0.677175121061,7.07280368061,0.759103800602,0.423721917917,0.711620018501,0.435451911531,2.13086135353,NaN,NaN,NaN,0.100392815789,0.128154843111,1002,0.00550235030532,0.177406286618,NaN,NaN,NaN,NaN,NaN,0.509615384615,0.394230769231,0.0961538461538,-369,-0.0344473487677,-0.0736466470248,-7.09615384615,-5.32727272727,-3.6289893617,-3.83177462146,0.0164508273584,0.0105323051862,-4.87294294433,-0.00883403204689,-0.00244141337659,-2.84046847843,-0.0114345435986,-0.00629705414237,-0.0404004394171,-0.00487796474297,-0.106428418386,NaN,NaN,NaN,-0.0130104108884,0.0146453279468,-686,-0.00376707815314,-0.0777975364774,0.0384615384615,-0.0576923076923,0.0192307692308,969,0,369,9374,0.724215246637,1,0,0.275784753363,1,0.724215246637,0.840052015605,0.834737559219,0.724215246637,0.724215246637,77,446,0,3,1,3
16,WLNM_dir_neg_kfold,0.942133865551,0.816562488479,00:00:42,10,66.6666666667,16,13361,fixed,0.5,1,0.17264573991,0.294455066922,77,0,369,892,0.17264573991,1,0,0.82735426009,1,0.17264573991,0.294455066922,0.724215246637,0.647483806677,0.217667844523,0.349464300585,0.17264573991,1340,894,446,0,1340,0,894,0,446,104,1338,0.124906646751,1.70785699186,25.7307692308,24.3272727273,13.9375,15.0056499193,0.583179219583,0.324666551684,17.3709151473,1.35020566167,0.679616534437,9.91327215904,0.7705383442,0.430018972059,0.752020457918,0.440329876274,2.23728977192,NaN,NaN,NaN,0.113403226677,0.113509515164,1688,0.00926942845846,0.255203823095,NaN,NaN,NaN,NaN,NaN,0.471153846154,0.451923076923,0.0769230769231,104,969,0.0904592979836,1.63421034483,18.6346153846,19,10.3085106383,11.1738752978,0.599630046941,0.335198856871,12.497972203,1.34137162963,0.677175121061,7.07280368061,0.759103800602,0.423721917917,0.711620018501,0.435451911531,2.13086135353,NaN,NaN,NaN,0.100392815789,0.128154843111,1002,0.00550235030532,0.177406286618,NaN,NaN,NaN,NaN,NaN,0.509615384615,0.394230769231,0.0961538461538,-369,-0.0344473487677,-0.0736466470248,-7.09615384615,-5.32727272727,-3.6289893617,-3.83177462146,0.0164508273584,0.0105323051862,-4.87294294433,-0.00883403204689,-0.00244141337659,-2.84046847843,-0.0114345435986,-0.00629705414237,-0.0404004394171,-0.00487796474297,-0.106428418386,NaN,NaN,NaN,-0.0130104108884,0.0146453279468,-686,-0.00376707815314,-0.0777975364774,0.0384615384615,-0.0576923076923,0.0192307692308,969,0,369,9374,0.724215246637,1,0,0.275784753363,1,0.724215246637,0.840052015605,0.834737559219,0.724215246637,0.724215246637,77,446,0,3,1,3
17,WLNM_dir_neg_kfold,0.9321861992,0.768643521307,00:00:41,10,66.6666666667,17,13362,fixed,0.5,1,0.17264573991,0.294455066922,77,0,369,892,0.17264573991,1,0,0.82735426009,1,0.17264573991,0.294455066922,0.724215246637,0.647483806677,0.217667844523,0.349464300585,0.17264573991,1340,894,446,0,1340,0,894,0,446,104,1338,0.124906646751,1.70785699186,25.7307692308,24.3272727273,13.9375,15.0056499193,0.583179219583,0.324666551684,17.3709151473,1.35020566167,0.679616534437,9.91327215904,0.7705383442,0.430018972059,0.752020457918,0.440329876274,2.23728977192,NaN,NaN,NaN,0.113403226677,0.113509515164,1688,0.00926942845846,0.255203823095,NaN,NaN,NaN,NaN,NaN,0.471153846154,0.451923076923,0.0769230769231,104,969,0.0904592979836,1.63421034483,18.6346153846,19,10.3085106383,11.1738752978,0.599630046941,0.335198856871,12.497972203,1.34137162963,0.677175121061,7.07280368061,0.759103800602,0.423721917917,0.711620018501,0.435451911531,2.13086135353,NaN,NaN,NaN,0.100392815789,0.128154843111,1002,0.00550235030532,0.177406286618,NaN,NaN,NaN,NaN,NaN,0.509615384615,0.394230769231,0.0961538461538,-369,-0.0344473487677,-0.0736466470248,-7.09615384615,-5.32727272727,-3.6289893617,-3.83177462146,0.0164508273584,0.0105323051862,-4.87294294433,-0.00883403204689,-0.00244141337659,-2.84046847843,-0.0114345435986,-0.00629705414237,-0.0404004394171,-0.00487796474297,-0.106428418386,NaN,NaN,NaN,-0.0130104108884,0.0146453279468,-686,-0.00376707815314,-0.0777975364774,0.0384615384615,-0.0576923076923,0.0192307692308,969,0,369,9374,0.724215246637,1,0,0.275784753363,1,0.724215246637,0.840052015605,0.834737559219,0.724215246637,0.724215246637,77,446,0,3,1,3
18,WLNM_dir_neg_kfold,0.899566902612,0.635652892685,00:00:37,10,66.6666666667,18,13363,fixed,0.5,1,0.17264573991,0.294455066922,77,0,369,892,0.17264573991,1,0,0.82735426009,1,0.17264573991,0.294455066922,0.724215246637,0.647483806677,0.217667844523,0.349464300585,0.17264573991,1340,894,446,0,1340,0,894,0,446,104,1338,0.124906646751,1.70785699186,25.7307692308,24.3272727273,13.9375,15.0056499193,0.583179219583,0.324666551684,17.3709151473,1.35020566167,0.679616534437,9.91327215904,0.7705383442,0.430018972059,0.752020457918,0.440329876274,2.23728977192,NaN,NaN,NaN,0.113403226677,0.113509515164,1688,0.00926942845846,0.255203823095,NaN,NaN,NaN,NaN,NaN,0.471153846154,0.451923076923,0.0769230769231,104,969,0.0904592979836,1.63421034483,18.6346153846,19,10.3085106383,11.1738752978,0.599630046941,0.335198856871,12.497972203,1.34137162963,0.677175121061,7.07280368061,0.759103800602,0.423721917917,0.711620018501,0.435451911531,2.13086135353,NaN,NaN,NaN,0.100392815789,0.128154843111,1002,0.00550235030532,0.177406286618,NaN,NaN,NaN,NaN,NaN,0.509615384615,0.394230769231,0.0961538461538,-369,-0.0344473487677,-0.0736466470248,-7.09615384615,-5.32727272727,-3.6289893617,-3.83177462146,0.0164508273584,0.0105323051862,-4.87294294433,-0.00883403204689,-0.00244141337659,-2.84046847843,-0.0114345435986,-0.00629705414237,-0.0404004394171,-0.00487796474297,-0.106428418386,NaN,NaN,NaN,-0.0130104108884,0.0146453279468,-686,-0.00376707815314,-0.0777975364774,0.0384615384615,-0.0576923076923,0.0192307692308,969,0,369,9374,0.724215246637,1,0,0.275784753363,1,0.724215246637,0.840052015605,0.834737559219,0.724215246637,0.724215246637,77,446,0,3,1,3
19,WLNM_dir_neg_kfold,0.896953990629,0.742554227858,00:00:39,10,66.6666666667,19,13364,fixed,0.5,1,0.17264573991,0.294455066922,77,0,369,892,0.17264573991,1,0,0.82735426009,1,0.17264573991,0.294455066922,0.724215246637,0.647483806677,0.217667844523,0.349464300585,0.17264573991,1340,894,446,0,1340,0,894,0,446,104,1338,0.124906646751,1.70785699186,25.7307692308,24.3272727273,13.9375,15.0056499193,0.583179219583,0.324666551684,17.3709151473,1.35020566167,0.679616534437,9.91327215904,0.7705383442,0.430018972059,0.752020457918,0.440329876274,2.23728977192,NaN,NaN,NaN,0.113403226677,0.113509515164,1688,0.00926942845846,0.255203823095,NaN,NaN,NaN,NaN,NaN,0.471153846154,0.451923076923,0.0769230769231,104,969,0.0904592979836,1.63421034483,18.6346153846,19,10.3085106383,11.1738752978,0.599630046941,0.335198856871,12.497972203,1.34137162963,0.677175121061,7.07280368061,0.759103800602,0.423721917917,0.711620018501,0.435451911531,2.13086135353,NaN,NaN,NaN,0.100392815789,0.128154843111,1002,0.00550235030532,0.177406286618,NaN,NaN,NaN,NaN,NaN,0.509615384615,0.394230769231,0.0961538461538,-369,-0.0344473487677,-0.0736466470248,-7.09615384615,-5.32727272727,-3.6289893617,-3.83177462146,0.0164508273584,0.0105323051862,-4.87294294433,-0.00883403204689,-0.00244141337659,-2.84046847843,-0.0114345435986,-0.00629705414237,-0.0404004394171,-0.00487796474297,-0.106428418386,NaN,NaN,NaN,-0.0130104108884,0.0146453279468,-686,-0.00376707815314,-0.0777975364774,0.0384615384615,-0.0576923076923,0.0192307692308,969,0,369,9374,0.724215246637,1,0,0.275784753363,1,0.724215246637,0.840052015605,0.834737559219,0.724215246637,0.724215246637,77,446,0,3,1,3
20,WLNM_dir_neg_kfold,0.93179407388,0.776716615957,00:00:37,10,66.6666666667,20,13365,fixed,0.5,1,0.17264573991,0.294455066922,77,0,369,892,0.17264573991,1,0,0.82735426009,1,0.17264573991,0.294455066922,0.724215246637,0.647483806677,0.217667844523,0.349464300585,0.17264573991,1340,894,446,0,1340,0,894,0,446,104,1338,0.124906646751,1.70785699186,25.7307692308,24.3272727273,13.9375,15.0056499193,0.583179219583,0.324666551684,17.3709151473,1.35020566167,0.679616534437,9.91327215904,0.7705383442,0.430018972059,0.752020457918,0.440329876274,2.23728977192,NaN,NaN,NaN,0.113403226677,0.113509515164,1688,0.00926942845846,0.255203823095,NaN,NaN,NaN,NaN,NaN,0.471153846154,0.451923076923,0.0769230769231,104,969,0.0904592979836,1.63421034483,18.6346153846,19,10.3085106383,11.1738752978,0.599630046941,0.335198856871,12.497972203,1.34137162963,0.677175121061,7.07280368061,0.759103800602,0.423721917917,0.711620018501,0.435451911531,2.13086135353,NaN,NaN,NaN,0.100392815789,0.128154843111,1002,0.00550235030532,0.177406286618,NaN,NaN,NaN,NaN,NaN,0.509615384615,0.394230769231,0.0961538461538,-369,-0.0344473487677,-0.0736466470248,-7.09615384615,-5.32727272727,-3.6289893617,-3.83177462146,0.0164508273584,0.0105323051862,-4.87294294433,-0.00883403204689,-0.00244141337659,-2.84046847843,-0.0114345435986,-0.00629705414237,-0.0404004394171,-0.00487796474297,-0.106428418386,NaN,NaN,NaN,-0.0130104108884,0.0146453279468,-686,-0.00376707815314,-0.0777975364774,0.0384615384615,-0.0576923076923,0.0192307692308,969,0,369,9374,0.724215246637,1,0,0.275784753363,1,0.724215246637,0.840052015605,0.834737559219,0.724215246637,0.724215246637,77,446,0,3,1,3
21,WLNM_dir_neg_kfold,0.949183323614,0.825001683826,00:00:21,10,66.6666666667,1,14346,fixed,0.5,1,0.152466367713,0.264591439689,68,0,378,892,0.152466367713,1,0,0.847533632287,1,0.152466367713,0.264591439689,0.717488789238,0.649725959143,0.193456614509,0.327240911521,0.152466367713,1340,894,446,0,1340,0,894,0,446,104,1338,0.124906646751,1.70785699186,25.7307692308,24.3272727273,13.9375,15.0056499193,0.583179219583,0.324666551684,17.3709151473,1.35020566167,0.679616534437,9.91327215904,0.7705383442,0.430018972059,0.752020457918,0.440329876274,2.23728977192,NaN,NaN,NaN,0.113403226677,0.113509515164,1688,0.00926942845846,0.255203823095,NaN,NaN,NaN,NaN,NaN,0.471153846154,0.451923076923,0.0769230769231,104,960,0.0896191187453,1.65067879299,18.4615384615,18.4615384615,10.2127659574,10.7431830514,0.581922415285,0.328145032051,12.2134978405,1.32312893272,0.671233974359,7.05901718898,0.76472686214,0.427944711538,0.717776235015,0.434837012544,2.16946372688,NaN,NaN,NaN,0.0952527096052,0.105826397146,801,0.00439858542371,0.176316703057,NaN,NaN,NaN,NaN,NaN,0.5,0.403846153846,0.0961538461538,-378,-0.035287528006,-0.0571781988631,-7.26923076923,-5.86573426573,-3.72473404255,-4.26246686785,-0.00125680429802,0.00347848036679,-5.15741730681,-0.0270767289535,-0.00838256007819,-2.85425497005,-0.00581148206032,-0.00207426052087,-0.0342442229025,-0.00549286372976,-0.0678260450384,NaN,NaN,NaN,-0.0181505170722,-0.00768311801749,-887,-0.00487084303475,-0.0788871200381,0.0288461538462,-0.0480769230769,0.0192307692308,960,0,378,9374,0.717488789238,1,0,0.282511210762,1,0.717488789238,0.835509138381,0.830468545804,0.717488789238,0.717488789238,68,446,0,3,2,3
22,WLNM_dir_neg_kfold,0.922991363188,0.767365591093,00:00:22,10,66.6666666667,2,14347,fixed,0.5,1,0.152466367713,0.264591439689,68,0,378,892,0.152466367713,1,0,0.847533632287,1,0.152466367713,0.264591439689,0.717488789238,0.649725959143,0.193456614509,0.327240911521,0.152466367713,1340,894,446,0,1340,0,894,0,446,104,1338,0.124906646751,1.70785699186,25.7307692308,24.3272727273,13.9375,15.0056499193,0.583179219583,0.324666551684,17.3709151473,1.35020566167,0.679616534437,9.91327215904,0.7705383442,0.430018972059,0.752020457918,0.440329876274,2.23728977192,NaN,NaN,NaN,0.113403226677,0.113509515164,1688,0.00926942845846,0.255203823095,NaN,NaN,NaN,NaN,NaN,0.471153846154,0.451923076923,0.0769230769231,104,960,0.0896191187453,1.65067879299,18.4615384615,18.4615384615,10.2127659574,10.7431830514,0.581922415285,0.328145032051,12.2134978405,1.32312893272,0.671233974359,7.05901718898,0.76472686214,0.427944711538,0.717776235015,0.434837012544,2.16946372688,NaN,NaN,NaN,0.0952527096052,0.105826397146,801,0.00439858542371,0.176316703057,NaN,NaN,NaN,NaN,NaN,0.5,0.403846153846,0.0961538461538,-378,-0.035287528006,-0.0571781988631,-7.26923076923,-5.86573426573,-3.72473404255,-4.26246686785,-0.00125680429802,0.00347848036679,-5.15741730681,-0.0270767289535,-0.00838256007819,-2.85425497005,-0.00581148206032,-0.00207426052087,-0.0342442229025,-0.00549286372976,-0.0678260450384,NaN,NaN,NaN,-0.0181505170722,-0.00768311801749,-887,-0.00487084303475,-0.0788871200381,0.0288461538462,-0.0480769230769,0.0192307692308,960,0,378,9374,0.717488789238,1,0,0.282511210762,1,0.717488789238,0.835509138381,0.830468545804,0.717488789238,0.717488789238,68,446,0,3,2,3
23,WLNM_dir_neg_kfold,0.954621548794,0.842083466794,00:00:22,10,66.6666666667,3,14348,fixed,0.5,1,0.152466367713,0.264591439689,68,0,378,892,0.152466367713,1,0,0.847533632287,1,0.152466367713,0.264591439689,0.717488789238,0.649725959143,0.193456614509,0.327240911521,0.152466367713,1340,894,446,0,1340,0,894,0,446,104,1338,0.124906646751,1.70785699186,25.7307692308,24.3272727273,13.9375,15.0056499193,0.583179219583,0.324666551684,17.3709151473,1.35020566167,0.679616534437,9.91327215904,0.7705383442,0.430018972059,0.752020457918,0.440329876274,2.23728977192,NaN,NaN,NaN,0.113403226677,0.113509515164,1688,0.00926942845846,0.255203823095,NaN,NaN,NaN,NaN,NaN,0.471153846154,0.451923076923,0.0769230769231,104,960,0.0896191187453,1.65067879299,18.4615384615,18.4615384615,10.2127659574,10.7431830514,0.581922415285,0.328145032051,12.2134978405,1.32312893272,0.671233974359,7.05901718898,0.76472686214,0.427944711538,0.717776235015,0.434837012544,2.16946372688,NaN,NaN,NaN,0.0952527096052,0.105826397146,801,0.00439858542371,0.176316703057,NaN,NaN,NaN,NaN,NaN,0.5,0.403846153846,0.0961538461538,-378,-0.035287528006,-0.0571781988631,-7.26923076923,-5.86573426573,-3.72473404255,-4.26246686785,-0.00125680429802,0.00347848036679,-5.15741730681,-0.0270767289535,-0.00838256007819,-2.85425497005,-0.00581148206032,-0.00207426052087,-0.0342442229025,-0.00549286372976,-0.0678260450384,NaN,NaN,NaN,-0.0181505170722,-0.00768311801749,-887,-0.00487084303475,-0.0788871200381,0.0288461538462,-0.0480769230769,0.0192307692308,960,0,378,9374,0.717488789238,1,0,0.282511210762,1,0.717488789238,0.835509138381,0.830468545804,0.717488789238,0.717488789238,68,446,0,3,2,3
24,WLNM_dir_neg_kfold,0.952633272336,0.829357437976,00:00:22,10,66.6666666667,4,14349,fixed,0.5,1,0.152466367713,0.264591439689,68,0,378,892,0.152466367713,1,0,0.847533632287,1,0.152466367713,0.264591439689,0.717488789238,0.649725959143,0.193456614509,0.327240911521,0.152466367713,1340,894,446,0,1340,0,894,0,446,104,1338,0.124906646751,1.70785699186,25.7307692308,24.3272727273,13.9375,15.0056499193,0.583179219583,0.324666551684,17.3709151473,1.35020566167,0.679616534437,9.91327215904,0.7705383442,0.430018972059,0.752020457918,0.440329876274,2.23728977192,NaN,NaN,NaN,0.113403226677,0.113509515164,1688,0.00926942845846,0.255203823095,NaN,NaN,NaN,NaN,NaN,0.471153846154,0.451923076923,0.0769230769231,104,960,0.0896191187453,1.65067879299,18.4615384615,18.4615384615,10.2127659574,10.7431830514,0.581922415285,0.328145032051,12.2134978405,1.32312893272,0.671233974359,7.05901718898,0.76472686214,0.427944711538,0.717776235015,0.434837012544,2.16946372688,NaN,NaN,NaN,0.0952527096052,0.105826397146,801,0.00439858542371,0.176316703057,NaN,NaN,NaN,NaN,NaN,0.5,0.403846153846,0.0961538461538,-378,-0.035287528006,-0.0571781988631,-7.26923076923,-5.86573426573,-3.72473404255,-4.26246686785,-0.00125680429802,0.00347848036679,-5.15741730681,-0.0270767289535,-0.00838256007819,-2.85425497005,-0.00581148206032,-0.00207426052087,-0.0342442229025,-0.00549286372976,-0.0678260450384,NaN,NaN,NaN,-0.0181505170722,-0.00768311801749,-887,-0.00487084303475,-0.0788871200381,0.0288461538462,-0.0480769230769,0.0192307692308,960,0,378,9374,0.717488789238,1,0,0.282511210762,1,0.717488789238,0.835509138381,0.830468545804,0.717488789238,0.717488789238,68,446,0,3,2,3
25,WLNM_dir_neg_kfold,0.939225602767,0.781739915367,00:00:22,10,66.6666666667,5,14350,fixed,0.5,1,0.152466367713,0.264591439689,68,0,378,892,0.152466367713,1,0,0.847533632287,1,0.152466367713,0.264591439689,0.717488789238,0.649725959143,0.193456614509,0.327240911521,0.152466367713,1340,894,446,0,1340,0,894,0,446,104,1338,0.124906646751,1.70785699186,25.7307692308,24.3272727273,13.9375,15.0056499193,0.583179219583,0.324666551684,17.3709151473,1.35020566167,0.679616534437,9.91327215904,0.7705383442,0.430018972059,0.752020457918,0.440329876274,2.23728977192,NaN,NaN,NaN,0.113403226677,0.113509515164,1688,0.00926942845846,0.255203823095,NaN,NaN,NaN,NaN,NaN,0.471153846154,0.451923076923,0.0769230769231,104,960,0.0896191187453,1.65067879299,18.4615384615,18.4615384615,10.2127659574,10.7431830514,0.581922415285,0.328145032051,12.2134978405,1.32312893272,0.671233974359,7.05901718898,0.76472686214,0.427944711538,0.717776235015,0.434837012544,2.16946372688,NaN,NaN,NaN,0.0952527096052,0.105826397146,801,0.00439858542371,0.176316703057,NaN,NaN,NaN,NaN,NaN,0.5,0.403846153846,0.0961538461538,-378,-0.035287528006,-0.0571781988631,-7.26923076923,-5.86573426573,-3.72473404255,-4.26246686785,-0.00125680429802,0.00347848036679,-5.15741730681,-0.0270767289535,-0.00838256007819,-2.85425497005,-0.00581148206032,-0.00207426052087,-0.0342442229025,-0.00549286372976,-0.0678260450384,NaN,NaN,NaN,-0.0181505170722,-0.00768311801749,-887,-0.00487084303475,-0.0788871200381,0.0288461538462,-0.0480769230769,0.0192307692308,960,0,378,9374,0.717488789238,1,0,0.282511210762,1,0.717488789238,0.835509138381,0.830468545804,0.717488789238,0.717488789238,68,446,0,3,2,3
26,WLNM_dir_neg_kfold,0.949177039554,0.810245175555,00:00:19,10,66.6666666667,6,14351,fixed,0.5,1,0.152466367713,0.264591439689,68,0,378,892,0.152466367713,1,0,0.847533632287,1,0.152466367713,0.264591439689,0.717488789238,0.649725959143,0.193456614509,0.327240911521,0.152466367713,1340,894,446,0,1340,0,894,0,446,104,1338,0.124906646751,1.70785699186,25.7307692308,24.3272727273,13.9375,15.0056499193,0.583179219583,0.324666551684,17.3709151473,1.35020566167,0.679616534437,9.91327215904,0.7705383442,0.430018972059,0.752020457918,0.440329876274,2.23728977192,NaN,NaN,NaN,0.113403226677,0.113509515164,1688,0.00926942845846,0.255203823095,NaN,NaN,NaN,NaN,NaN,0.471153846154,0.451923076923,0.0769230769231,104,960,0.0896191187453,1.65067879299,18.4615384615,18.4615384615,10.2127659574,10.7431830514,0.581922415285,0.328145032051,12.2134978405,1.32312893272,0.671233974359,7.05901718898,0.76472686214,0.427944711538,0.717776235015,0.434837012544,2.16946372688,NaN,NaN,NaN,0.0952527096052,0.105826397146,801,0.00439858542371,0.176316703057,NaN,NaN,NaN,NaN,NaN,0.5,0.403846153846,0.0961538461538,-378,-0.035287528006,-0.0571781988631,-7.26923076923,-5.86573426573,-3.72473404255,-4.26246686785,-0.00125680429802,0.00347848036679,-5.15741730681,-0.0270767289535,-0.00838256007819,-2.85425497005,-0.00581148206032,-0.00207426052087,-0.0342442229025,-0.00549286372976,-0.0678260450384,NaN,NaN,NaN,-0.0181505170722,-0.00768311801749,-887,-0.00487084303475,-0.0788871200381,0.0288461538462,-0.0480769230769,0.0192307692308,960,0,378,9374,0.717488789238,1,0,0.282511210762,1,0.717488789238,0.835509138381,0.830468545804,0.717488789238,0.717488789238,68,446,0,3,2,3
27,WLNM_dir_neg_kfold,0.935579591385,0.788905851107,00:00:22,10,66.6666666667,7,14352,fixed,0.5,0.985507246377,0.152466367713,0.264077669903,68,1,378,891,0.152466367713,0.998878923767,0.00112107623318,0.847533632287,0.985507246377,0.152466367713,0.264077669903,0.716741405082,0.649476831091,0.191897654584,0.322599295215,0.15134529148,1340,894,446,0,1340,0,894,0,446,104,1338,0.124906646751,1.70785699186,25.7307692308,24.3272727273,13.9375,15.0056499193,0.583179219583,0.324666551684,17.3709151473,1.35020566167,0.679616534437,9.91327215904,0.7705383442,0.430018972059,0.752020457918,0.440329876274,2.23728977192,NaN,NaN,NaN,0.113403226677,0.113509515164,1688,0.00926942845846,0.255203823095,NaN,NaN,NaN,NaN,NaN,0.471153846154,0.451923076923,0.0769230769231,104,961,0.089712471994,1,18.4807692308,18.1320754717,10.2234042553,10.7369073753,0.580977298141,0.32761346354,12.2065517918,1.32100040203,0.670525494277,7.07174768955,0.765308803031,0.428249819899,0,0,0,NaN,NaN,NaN,0.0952527096052,0.105826397146,801,0.00439858542371,0.170278234095,NaN,NaN,NaN,NaN,NaN,0.490384615385,0.413461538462,0.0961538461538,-377,-0.0351941747573,-0.707856991856,-7.25,-6.19519725557,-3.71409574468,-4.268742544,-0.00220192144151,0.00294691185509,-5.16436335546,-0.0292052596431,-0.00909104016037,-2.84152446949,-0.00522954116923,-0.00176915216019,-0.752020457918,-0.440329876274,-2.23728977192,NaN,NaN,NaN,-0.0181505170722,-0.00768311801749,-887,-0.00487084303475,-0.0849255890006,0.0192307692308,-0.0384615384615,0.0192307692308,960,1,378,9373,0.717488789238,0.999893321954,0.000106678045658,0.282511210762,0.998959417274,0.717488789238,0.835145715528,0.829955490009,0.717382111192,0.716952949963,69,446,0,3,2,3
28,WLNM_dir_neg_kfold,0.960456926542,0.844069632729,00:00:21,10,66.6666666667,8,14353,fixed,0.5,1,0.152466367713,0.264591439689,68,0,378,892,0.152466367713,1,0,0.847533632287,1,0.152466367713,0.264591439689,0.717488789238,0.649725959143,0.193456614509,0.327240911521,0.152466367713,1340,894,446,0,1340,0,894,0,446,104,1338,0.124906646751,1.70785699186,25.7307692308,24.3272727273,13.9375,15.0056499193,0.583179219583,0.324666551684,17.3709151473,1.35020566167,0.679616534437,9.91327215904,0.7705383442,0.430018972059,0.752020457918,0.440329876274,2.23728977192,NaN,NaN,NaN,0.113403226677,0.113509515164,1688,0.00926942845846,0.255203823095,NaN,NaN,NaN,NaN,NaN,0.471153846154,0.451923076923,0.0769230769231,104,960,0.0896191187453,1.65067879299,18.4615384615,18.4615384615,10.2127659574,10.7431830514,0.581922415285,0.328145032051,12.2134978405,1.32312893272,0.671233974359,7.05901718898,0.76472686214,0.427944711538,0.717776235015,0.434837012544,2.16946372688,NaN,NaN,NaN,0.0952527096052,0.105826397146,801,0.00439858542371,0.176316703057,NaN,NaN,NaN,NaN,NaN,0.5,0.403846153846,0.0961538461538,-378,-0.035287528006,-0.0571781988631,-7.26923076923,-5.86573426573,-3.72473404255,-4.26246686785,-0.00125680429802,0.00347848036679,-5.15741730681,-0.0270767289535,-0.00838256007819,-2.85425497005,-0.00581148206032,-0.00207426052087,-0.0342442229025,-0.00549286372976,-0.0678260450384,NaN,NaN,NaN,-0.0181505170722,-0.00768311801749,-887,-0.00487084303475,-0.0788871200381,0.0288461538462,-0.0480769230769,0.0192307692308,960,0,378,9374,0.717488789238,1,0,0.282511210762,1,0.717488789238,0.835509138381,0.830468545804,0.717488789238,0.717488789238,68,446,0,3,2,3
29,WLNM_dir_neg_kfold,0.926930211748,0.772926551691,00:00:21,10,66.6666666667,9,14354,fixed,0.5,1,0.152466367713,0.264591439689,68,0,378,892,0.152466367713,1,0,0.847533632287,1,0.152466367713,0.264591439689,0.717488789238,0.649725959143,0.193456614509,0.327240911521,0.152466367713,1340,894,446,0,1340,0,894,0,446,104,1338,0.124906646751,1.70785699186,25.7307692308,24.3272727273,13.9375,15.0056499193,0.583179219583,0.324666551684,17.3709151473,1.35020566167,0.679616534437,9.91327215904,0.7705383442,0.430018972059,0.752020457918,0.440329876274,2.23728977192,NaN,NaN,NaN,0.113403226677,0.113509515164,1688,0.00926942845846,0.255203823095,NaN,NaN,NaN,NaN,NaN,0.471153846154,0.451923076923,0.0769230769231,104,960,0.0896191187453,1.65067879299,18.4615384615,18.4615384615,10.2127659574,10.7431830514,0.581922415285,0.328145032051,12.2134978405,1.32312893272,0.671233974359,7.05901718898,0.76472686214,0.427944711538,0.717776235015,0.434837012544,2.16946372688,NaN,NaN,NaN,0.0952527096052,0.105826397146,801,0.00439858542371,0.176316703057,NaN,NaN,NaN,NaN,NaN,0.5,0.403846153846,0.0961538461538,-378,-0.035287528006,-0.0571781988631,-7.26923076923,-5.86573426573,-3.72473404255,-4.26246686785,-0.00125680429802,0.00347848036679,-5.15741730681,-0.0270767289535,-0.00838256007819,-2.85425497005,-0.00581148206032,-0.00207426052087,-0.0342442229025,-0.00549286372976,-0.0678260450384,NaN,NaN,NaN,-0.0181505170722,-0.00768311801749,-887,-0.00487084303475,-0.0788871200381,0.0288461538462,-0.0480769230769,0.0192307692308,960,0,378,9374,0.717488789238,1,0,0.282511210762,1,0.717488789238,0.835509138381,0.830468545804,0.717488789238,0.717488789238,68,446,0,3,2,3
30,WLNM_dir_neg_kfold,0.835670584568,0.512152046586,00:00:21,10,66.6666666667,10,14355,fixed,0.5,1,0.152466367713,0.264591439689,68,0,378,892,0.152466367713,1,0,0.847533632287,1,0.152466367713,0.264591439689,0.717488789238,0.649725959143,0.193456614509,0.327240911521,0.152466367713,1340,894,446,0,1340,0,894,0,446,104,1338,0.124906646751,1.70785699186,25.7307692308,24.3272727273,13.9375,15.0056499193,0.583179219583,0.324666551684,17.3709151473,1.35020566167,0.679616534437,9.91327215904,0.7705383442,0.430018972059,0.752020457918,0.440329876274,2.23728977192,NaN,NaN,NaN,0.113403226677,0.113509515164,1688,0.00926942845846,0.255203823095,NaN,NaN,NaN,NaN,NaN,0.471153846154,0.451923076923,0.0769230769231,104,960,0.0896191187453,1.65067879299,18.4615384615,18.4615384615,10.2127659574,10.7431830514,0.581922415285,0.328145032051,12.2134978405,1.32312893272,0.671233974359,7.05901718898,0.76472686214,0.427944711538,0.717776235015,0.434837012544,2.16946372688,NaN,NaN,NaN,0.0952527096052,0.105826397146,801,0.00439858542371,0.176316703057,NaN,NaN,NaN,NaN,NaN,0.5,0.403846153846,0.0961538461538,-378,-0.035287528006,-0.0571781988631,-7.26923076923,-5.86573426573,-3.72473404255,-4.26246686785,-0.00125680429802,0.00347848036679,-5.15741730681,-0.0270767289535,-0.00838256007819,-2.85425497005,-0.00581148206032,-0.00207426052087,-0.0342442229025,-0.00549286372976,-0.0678260450384,NaN,NaN,NaN,-0.0181505170722,-0.00768311801749,-887,-0.00487084303475,-0.0788871200381,0.0288461538462,-0.0480769230769,0.0192307692308,960,0,378,9374,0.717488789238,1,0,0.282511210762,1,0.717488789238,0.835509138381,0.830468545804,0.717488789238,0.717488789238,68,446,0,3,2,3
31,WLNM_dir_neg_kfold,0.933915572402,0.779447527086,00:00:22,10,66.6666666667,11,14356,fixed,0.5,1,0.152466367713,0.264591439689,68,0,378,892,0.152466367713,1,0,0.847533632287,1,0.152466367713,0.264591439689,0.717488789238,0.649725959143,0.193456614509,0.327240911521,0.152466367713,1340,894,446,0,1340,0,894,0,446,104,1338,0.124906646751,1.70785699186,25.7307692308,24.3272727273,13.9375,15.0056499193,0.583179219583,0.324666551684,17.3709151473,1.35020566167,0.679616534437,9.91327215904,0.7705383442,0.430018972059,0.752020457918,0.440329876274,2.23728977192,NaN,NaN,NaN,0.113403226677,0.113509515164,1688,0.00926942845846,0.255203823095,NaN,NaN,NaN,NaN,NaN,0.471153846154,0.451923076923,0.0769230769231,104,960,0.0896191187453,1.65067879299,18.4615384615,18.4615384615,10.2127659574,10.7431830514,0.581922415285,0.328145032051,12.2134978405,1.32312893272,0.671233974359,7.05901718898,0.76472686214,0.427944711538,0.717776235015,0.434837012544,2.16946372688,NaN,NaN,NaN,0.0952527096052,0.105826397146,801,0.00439858542371,0.176316703057,NaN,NaN,NaN,NaN,NaN,0.5,0.403846153846,0.0961538461538,-378,-0.035287528006,-0.0571781988631,-7.26923076923,-5.86573426573,-3.72473404255,-4.26246686785,-0.00125680429802,0.00347848036679,-5.15741730681,-0.0270767289535,-0.00838256007819,-2.85425497005,-0.00581148206032,-0.00207426052087,-0.0342442229025,-0.00549286372976,-0.0678260450384,NaN,NaN,NaN,-0.0181505170722,-0.00768311801749,-887,-0.00487084303475,-0.0788871200381,0.0288461538462,-0.0480769230769,0.0192307692308,960,0,378,9374,0.717488789238,1,0,0.282511210762,1,0.717488789238,0.835509138381,0.830468545804,0.717488789238,0.717488789238,68,446,0,3,2,3
32,WLNM_dir_neg_kfold,0.960005731062,0.849054828333,00:00:22,10,66.6666666667,12,14357,fixed,0.5,1,0.152466367713,0.264591439689,68,0,378,892,0.152466367713,1,0,0.847533632287,1,0.152466367713,0.264591439689,0.717488789238,0.649725959143,0.193456614509,0.327240911521,0.152466367713,1340,894,446,0,1340,0,894,0,446,104,1338,0.124906646751,1.70785699186,25.7307692308,24.3272727273,13.9375,15.0056499193,0.583179219583,0.324666551684,17.3709151473,1.35020566167,0.679616534437,9.91327215904,0.7705383442,0.430018972059,0.752020457918,0.440329876274,2.23728977192,NaN,NaN,NaN,0.113403226677,0.113509515164,1688,0.00926942845846,0.255203823095,NaN,NaN,NaN,NaN,NaN,0.471153846154,0.451923076923,0.0769230769231,104,960,0.0896191187453,1.65067879299,18.4615384615,18.4615384615,10.2127659574,10.7431830514,0.581922415285,0.328145032051,12.2134978405,1.32312893272,0.671233974359,7.05901718898,0.76472686214,0.427944711538,0.717776235015,0.434837012544,2.16946372688,NaN,NaN,NaN,0.0952527096052,0.105826397146,801,0.00439858542371,0.176316703057,NaN,NaN,NaN,NaN,NaN,0.5,0.403846153846,0.0961538461538,-378,-0.035287528006,-0.0571781988631,-7.26923076923,-5.86573426573,-3.72473404255,-4.26246686785,-0.00125680429802,0.00347848036679,-5.15741730681,-0.0270767289535,-0.00838256007819,-2.85425497005,-0.00581148206032,-0.00207426052087,-0.0342442229025,-0.00549286372976,-0.0678260450384,NaN,NaN,NaN,-0.0181505170722,-0.00768311801749,-887,-0.00487084303475,-0.0788871200381,0.0288461538462,-0.0480769230769,0.0192307692308,960,0,378,9374,0.717488789238,1,0,0.282511210762,1,0.717488789238,0.835509138381,0.830468545804,0.717488789238,0.717488789238,68,446,0,3,2,3
33,WLNM_dir_neg_kfold,0.942739648897,0.831074267435,00:00:22,10,66.6666666667,13,14358,fixed,0.5,0.985507246377,0.152466367713,0.264077669903,68,1,378,891,0.152466367713,0.998878923767,0.00112107623318,0.847533632287,0.985507246377,0.152466367713,0.264077669903,0.716741405082,0.649476831091,0.191897654584,0.322599295215,0.15134529148,1340,894,446,0,1340,0,894,0,446,104,1338,0.124906646751,1.70785699186,25.7307692308,24.3272727273,13.9375,15.0056499193,0.583179219583,0.324666551684,17.3709151473,1.35020566167,0.679616534437,9.91327215904,0.7705383442,0.430018972059,0.752020457918,0.440329876274,2.23728977192,NaN,NaN,NaN,0.113403226677,0.113509515164,1688,0.00926942845846,0.255203823095,NaN,NaN,NaN,NaN,NaN,0.471153846154,0.451923076923,0.0769230769231,104,961,0.089712471994,1,18.4807692308,18.1320754717,10.2234042553,10.7369073753,0.580977298141,0.32761346354,12.2065517918,1.32100040203,0.670525494277,7.07174768955,0.765308803031,0.428249819899,0,0,0,NaN,NaN,NaN,0.0952527096052,0.105826397146,801,0.00439858542371,0.170278234095,NaN,NaN,NaN,NaN,NaN,0.490384615385,0.413461538462,0.0961538461538,-377,-0.0351941747573,-0.707856991856,-7.25,-6.19519725557,-3.71409574468,-4.268742544,-0.00220192144151,0.00294691185509,-5.16436335546,-0.0292052596431,-0.00909104016037,-2.84152446949,-0.00522954116923,-0.00176915216019,-0.752020457918,-0.440329876274,-2.23728977192,NaN,NaN,NaN,-0.0181505170722,-0.00768311801749,-887,-0.00487084303475,-0.0849255890006,0.0192307692308,-0.0384615384615,0.0192307692308,960,1,378,9373,0.717488789238,0.999893321954,0.000106678045658,0.282511210762,0.998959417274,0.717488789238,0.835145715528,0.829955490009,0.717382111192,0.716952949963,69,446,0,3,2,3
34,WLNM_dir_neg_kfold,0.925932303083,0.744435664186,00:00:22,10,66.6666666667,14,14359,fixed,0.5,1,0.152466367713,0.264591439689,68,0,378,892,0.152466367713,1,0,0.847533632287,1,0.152466367713,0.264591439689,0.717488789238,0.649725959143,0.193456614509,0.327240911521,0.152466367713,1340,894,446,0,1340,0,894,0,446,104,1338,0.124906646751,1.70785699186,25.7307692308,24.3272727273,13.9375,15.0056499193,0.583179219583,0.324666551684,17.3709151473,1.35020566167,0.679616534437,9.91327215904,0.7705383442,0.430018972059,0.752020457918,0.440329876274,2.23728977192,NaN,NaN,NaN,0.113403226677,0.113509515164,1688,0.00926942845846,0.255203823095,NaN,NaN,NaN,NaN,NaN,0.471153846154,0.451923076923,0.0769230769231,104,960,0.0896191187453,1.65067879299,18.4615384615,18.4615384615,10.2127659574,10.7431830514,0.581922415285,0.328145032051,12.2134978405,1.32312893272,0.671233974359,7.05901718898,0.76472686214,0.427944711538,0.717776235015,0.434837012544,2.16946372688,NaN,NaN,NaN,0.0952527096052,0.105826397146,801,0.00439858542371,0.176316703057,NaN,NaN,NaN,NaN,NaN,0.5,0.403846153846,0.0961538461538,-378,-0.035287528006,-0.0571781988631,-7.26923076923,-5.86573426573,-3.72473404255,-4.26246686785,-0.00125680429802,0.00347848036679,-5.15741730681,-0.0270767289535,-0.00838256007819,-2.85425497005,-0.00581148206032,-0.00207426052087,-0.0342442229025,-0.00549286372976,-0.0678260450384,NaN,NaN,NaN,-0.0181505170722,-0.00768311801749,-887,-0.00487084303475,-0.0788871200381,0.0288461538462,-0.0480769230769,0.0192307692308,960,0,378,9374,0.717488789238,1,0,0.282511210762,1,0.717488789238,0.835509138381,0.830468545804,0.717488789238,0.717488789238,68,446,0,3,2,3
35,WLNM_dir_neg_kfold,0.828142281164,0.596260376688,00:00:19,10,66.6666666667,15,14360,fixed,0.5,1,0.152466367713,0.264591439689,68,0,378,892,0.152466367713,1,0,0.847533632287,1,0.152466367713,0.264591439689,0.717488789238,0.649725959143,0.193456614509,0.327240911521,0.152466367713,1340,894,446,0,1340,0,894,0,446,104,1338,0.124906646751,1.70785699186,25.7307692308,24.3272727273,13.9375,15.0056499193,0.583179219583,0.324666551684,17.3709151473,1.35020566167,0.679616534437,9.91327215904,0.7705383442,0.430018972059,0.752020457918,0.440329876274,2.23728977192,NaN,NaN,NaN,0.113403226677,0.113509515164,1688,0.00926942845846,0.255203823095,NaN,NaN,NaN,NaN,NaN,0.471153846154,0.451923076923,0.0769230769231,104,960,0.0896191187453,1.65067879299,18.4615384615,18.4615384615,10.2127659574,10.7431830514,0.581922415285,0.328145032051,12.2134978405,1.32312893272,0.671233974359,7.05901718898,0.76472686214,0.427944711538,0.717776235015,0.434837012544,2.16946372688,NaN,NaN,NaN,0.0952527096052,0.105826397146,801,0.00439858542371,0.176316703057,NaN,NaN,NaN,NaN,NaN,0.5,0.403846153846,0.0961538461538,-378,-0.035287528006,-0.0571781988631,-7.26923076923,-5.86573426573,-3.72473404255,-4.26246686785,-0.00125680429802,0.00347848036679,-5.15741730681,-0.0270767289535,-0.00838256007819,-2.85425497005,-0.00581148206032,-0.00207426052087,-0.0342442229025,-0.00549286372976,-0.0678260450384,NaN,NaN,NaN,-0.0181505170722,-0.00768311801749,-887,-0.00487084303475,-0.0788871200381,0.0288461538462,-0.0480769230769,0.0192307692308,960,0,378,9374,0.717488789238,1,0,0.282511210762,1,0.717488789238,0.835509138381,0.830468545804,0.717488789238,0.717488789238,68,446,0,3,2,3
36,WLNM_dir_neg_kfold,0.935936525971,0.794449578695,00:00:21,10,66.6666666667,16,14361,fixed,0.5,1,0.152466367713,0.264591439689,68,0,378,892,0.152466367713,1,0,0.847533632287,1,0.152466367713,0.264591439689,0.717488789238,0.649725959143,0.193456614509,0.327240911521,0.152466367713,1340,894,446,0,1340,0,894,0,446,104,1338,0.124906646751,1.70785699186,25.7307692308,24.3272727273,13.9375,15.0056499193,0.583179219583,0.324666551684,17.3709151473,1.35020566167,0.679616534437,9.91327215904,0.7705383442,0.430018972059,0.752020457918,0.440329876274,2.23728977192,NaN,NaN,NaN,0.113403226677,0.113509515164,1688,0.00926942845846,0.255203823095,NaN,NaN,NaN,NaN,NaN,0.471153846154,0.451923076923,0.0769230769231,104,960,0.0896191187453,1.65067879299,18.4615384615,18.4615384615,10.2127659574,10.7431830514,0.581922415285,0.328145032051,12.2134978405,1.32312893272,0.671233974359,7.05901718898,0.76472686214,0.427944711538,0.717776235015,0.434837012544,2.16946372688,NaN,NaN,NaN,0.0952527096052,0.105826397146,801,0.00439858542371,0.176316703057,NaN,NaN,NaN,NaN,NaN,0.5,0.403846153846,0.0961538461538,-378,-0.035287528006,-0.0571781988631,-7.26923076923,-5.86573426573,-3.72473404255,-4.26246686785,-0.00125680429802,0.00347848036679,-5.15741730681,-0.0270767289535,-0.00838256007819,-2.85425497005,-0.00581148206032,-0.00207426052087,-0.0342442229025,-0.00549286372976,-0.0678260450384,NaN,NaN,NaN,-0.0181505170722,-0.00768311801749,-887,-0.00487084303475,-0.0788871200381,0.0288461538462,-0.0480769230769,0.0192307692308,960,0,378,9374,0.717488789238,1,0,0.282511210762,1,0.717488789238,0.835509138381,0.830468545804,0.717488789238,0.717488789238,68,446,0,3,2,3
37,WLNM_dir_neg_kfold,0.932881216192,0.779892268627,00:00:22,10,66.6666666667,17,14362,fixed,0.5,1,0.152466367713,0.264591439689,68,0,378,892,0.152466367713,1,0,0.847533632287,1,0.152466367713,0.264591439689,0.717488789238,0.649725959143,0.193456614509,0.327240911521,0.152466367713,1340,894,446,0,1340,0,894,0,446,104,1338,0.124906646751,1.70785699186,25.7307692308,24.3272727273,13.9375,15.0056499193,0.583179219583,0.324666551684,17.3709151473,1.35020566167,0.679616534437,9.91327215904,0.7705383442,0.430018972059,0.752020457918,0.440329876274,2.23728977192,NaN,NaN,NaN,0.113403226677,0.113509515164,1688,0.00926942845846,0.255203823095,NaN,NaN,NaN,NaN,NaN,0.471153846154,0.451923076923,0.0769230769231,104,960,0.0896191187453,1.65067879299,18.4615384615,18.4615384615,10.2127659574,10.7431830514,0.581922415285,0.328145032051,12.2134978405,1.32312893272,0.671233974359,7.05901718898,0.76472686214,0.427944711538,0.717776235015,0.434837012544,2.16946372688,NaN,NaN,NaN,0.0952527096052,0.105826397146,801,0.00439858542371,0.176316703057,NaN,NaN,NaN,NaN,NaN,0.5,0.403846153846,0.0961538461538,-378,-0.035287528006,-0.0571781988631,-7.26923076923,-5.86573426573,-3.72473404255,-4.26246686785,-0.00125680429802,0.00347848036679,-5.15741730681,-0.0270767289535,-0.00838256007819,-2.85425497005,-0.00581148206032,-0.00207426052087,-0.0342442229025,-0.00549286372976,-0.0678260450384,NaN,NaN,NaN,-0.0181505170722,-0.00768311801749,-887,-0.00487084303475,-0.0788871200381,0.0288461538462,-0.0480769230769,0.0192307692308,960,0,378,9374,0.717488789238,1,0,0.282511210762,1,0.717488789238,0.835509138381,0.830468545804,0.717488789238,0.717488789238,68,446,0,3,2,3
38,WLNM_dir_neg_kfold,0.906667889964,0.743772714174,00:00:23,10,66.6666666667,18,14363,fixed,0.5,1,0.152466367713,0.264591439689,68,0,378,892,0.152466367713,1,0,0.847533632287,1,0.152466367713,0.264591439689,0.717488789238,0.649725959143,0.193456614509,0.327240911521,0.152466367713,1340,894,446,0,1340,0,894,0,446,104,1338,0.124906646751,1.70785699186,25.7307692308,24.3272727273,13.9375,15.0056499193,0.583179219583,0.324666551684,17.3709151473,1.35020566167,0.679616534437,9.91327215904,0.7705383442,0.430018972059,0.752020457918,0.440329876274,2.23728977192,NaN,NaN,NaN,0.113403226677,0.113509515164,1688,0.00926942845846,0.255203823095,NaN,NaN,NaN,NaN,NaN,0.471153846154,0.451923076923,0.0769230769231,104,960,0.0896191187453,1.65067879299,18.4615384615,18.4615384615,10.2127659574,10.7431830514,0.581922415285,0.328145032051,12.2134978405,1.32312893272,0.671233974359,7.05901718898,0.76472686214,0.427944711538,0.717776235015,0.434837012544,2.16946372688,NaN,NaN,NaN,0.0952527096052,0.105826397146,801,0.00439858542371,0.176316703057,NaN,NaN,NaN,NaN,NaN,0.5,0.403846153846,0.0961538461538,-378,-0.035287528006,-0.0571781988631,-7.26923076923,-5.86573426573,-3.72473404255,-4.26246686785,-0.00125680429802,0.00347848036679,-5.15741730681,-0.0270767289535,-0.00838256007819,-2.85425497005,-0.00581148206032,-0.00207426052087,-0.0342442229025,-0.00549286372976,-0.0678260450384,NaN,NaN,NaN,-0.0181505170722,-0.00768311801749,-887,-0.00487084303475,-0.0788871200381,0.0288461538462,-0.0480769230769,0.0192307692308,960,0,378,9374,0.717488789238,1,0,0.282511210762,1,0.717488789238,0.835509138381,0.830468545804,0.717488789238,0.717488789238,68,446,0,3,2,3
39,WLNM_dir_neg_kfold,0.948559944901,0.813081387597,00:00:22,10,66.6666666667,19,14364,fixed,0.5,1,0.152466367713,0.264591439689,68,0,378,892,0.152466367713,1,0,0.847533632287,1,0.152466367713,0.264591439689,0.717488789238,0.649725959143,0.193456614509,0.327240911521,0.152466367713,1340,894,446,0,1340,0,894,0,446,104,1338,0.124906646751,1.70785699186,25.7307692308,24.3272727273,13.9375,15.0056499193,0.583179219583,0.324666551684,17.3709151473,1.35020566167,0.679616534437,9.91327215904,0.7705383442,0.430018972059,0.752020457918,0.440329876274,2.23728977192,NaN,NaN,NaN,0.113403226677,0.113509515164,1688,0.00926942845846,0.255203823095,NaN,NaN,NaN,NaN,NaN,0.471153846154,0.451923076923,0.0769230769231,104,960,0.0896191187453,1.65067879299,18.4615384615,18.4615384615,10.2127659574,10.7431830514,0.581922415285,0.328145032051,12.2134978405,1.32312893272,0.671233974359,7.05901718898,0.76472686214,0.427944711538,0.717776235015,0.434837012544,2.16946372688,NaN,NaN,NaN,0.0952527096052,0.105826397146,801,0.00439858542371,0.176316703057,NaN,NaN,NaN,NaN,NaN,0.5,0.403846153846,0.0961538461538,-378,-0.035287528006,-0.0571781988631,-7.26923076923,-5.86573426573,-3.72473404255,-4.26246686785,-0.00125680429802,0.00347848036679,-5.15741730681,-0.0270767289535,-0.00838256007819,-2.85425497005,-0.00581148206032,-0.00207426052087,-0.0342442229025,-0.00549286372976,-0.0678260450384,NaN,NaN,NaN,-0.0181505170722,-0.00768311801749,-887,-0.00487084303475,-0.0788871200381,0.0288461538462,-0.0480769230769,0.0192307692308,960,0,378,9374,0.717488789238,1,0,0.282511210762,1,0.717488789238,0.835509138381,0.830468545804,0.717488789238,0.717488789238,68,446,0,3,2,3
40,WLNM_dir_neg_kfold,0.949981399184,0.826772788487,00:00:22,10,66.6666666667,20,14365,fixed,0.5,1,0.152466367713,0.264591439689,68,0,378,892,0.152466367713,1,0,0.847533632287,1,0.152466367713,0.264591439689,0.717488789238,0.649725959143,0.193456614509,0.327240911521,0.152466367713,1340,894,446,0,1340,0,894,0,446,104,1338,0.124906646751,1.70785699186,25.7307692308,24.3272727273,13.9375,15.0056499193,0.583179219583,0.324666551684,17.3709151473,1.35020566167,0.679616534437,9.91327215904,0.7705383442,0.430018972059,0.752020457918,0.440329876274,2.23728977192,NaN,NaN,NaN,0.113403226677,0.113509515164,1688,0.00926942845846,0.255203823095,NaN,NaN,NaN,NaN,NaN,0.471153846154,0.451923076923,0.0769230769231,104,960,0.0896191187453,1.65067879299,18.4615384615,18.4615384615,10.2127659574,10.7431830514,0.581922415285,0.328145032051,12.2134978405,1.32312893272,0.671233974359,7.05901718898,0.76472686214,0.427944711538,0.717776235015,0.434837012544,2.16946372688,NaN,NaN,NaN,0.0952527096052,0.105826397146,801,0.00439858542371,0.176316703057,NaN,NaN,NaN,NaN,NaN,0.5,0.403846153846,0.0961538461538,-378,-0.035287528006,-0.0571781988631,-7.26923076923,-5.86573426573,-3.72473404255,-4.26246686785,-0.00125680429802,0.00347848036679,-5.15741730681,-0.0270767289535,-0.00838256007819,-2.85425497005,-0.00581148206032,-0.00207426052087,-0.0342442229025,-0.00549286372976,-0.0678260450384,NaN,NaN,NaN,-0.0181505170722,-0.00768311801749,-887,-0.00487084303475,-0.0788871200381,0.0288461538462,-0.0480769230769,0.0192307692308,960,0,378,9374,0.717488789238,1,0,0.282511210762,1,0.717488789238,0.835509138381,0.830468545804,0.717488789238,0.717488789238,68,446,0,3,2,3
41,WLNM_dir_neg_kfold,0.956582175391,0.849973009117,00:00:17,10,66.6666666667,1,15346,fixed,0.5,1,0.141255605381,0.247544204322,63,0,383,892,0.141255605381,1,0,0.858744394619,1,0.141255605381,0.247544204322,0.71375186846,0.650971599402,0.179871520343,0.314362099197,0.141255605381,1340,894,446,0,1340,0,894,0,446,104,1338,0.124906646751,1.70785699186,25.7307692308,24.3272727273,13.9375,15.0056499193,0.583179219583,0.324666551684,17.3709151473,1.35020566167,0.679616534437,9.91327215904,0.7705383442,0.430018972059,0.752020457918,0.440329876274,2.23728977192,NaN,NaN,NaN,0.113403226677,0.113509515164,1688,0.00926942845846,0.255203823095,NaN,NaN,NaN,NaN,NaN,0.471153846154,0.451923076923,0.0769230769231,104,955,0.0891523525019,1.61957947895,18.3653846154,19.4897959184,10.1595744681,11.1146345339,0.605194759959,0.340414820781,12.3310047489,1.34285287318,0.67908779702,7.28046251475,0.792846179617,0.442821184052,0.718513789175,0.443642191391,2.17635082618,NaN,NaN,NaN,0.0956423261001,0.123158720474,942,0.00517286825111,0.179447056584,NaN,NaN,NaN,NaN,NaN,0.519230769231,0.384615384615,0.0865384615385,-383,-0.0357542942494,-0.0882775129039,-7.36538461538,-4.83747680891,-3.77792553191,-3.8910153854,0.0220155403765,0.0157482690968,-5.03991039837,-0.00735278849184,-0.000528737417428,-2.63280964429,0.0223078354164,0.0128022119922,-0.033506668743,0.00331231511729,-0.0609389457352,NaN,NaN,NaN,-0.0177609005773,0.00964920531042,-746,-0.00409656020735,-0.0757567665113,0.0480769230769,-0.0673076923077,0.00961538461538,955,0,383,9374,0.71375186846,1,0,0.28624813154,1,0.71375186846,0.832969908417,0.828090783734,0.71375186846,0.71375186846,63,446,0,3,3,3
42,WLNM_dir_neg_kfold,0.970761527479,0.852915523121,00:00:19,10,66.6666666667,2,15347,fixed,0.5,1,0.141255605381,0.247544204322,63,0,383,892,0.141255605381,1,0,0.858744394619,1,0.141255605381,0.247544204322,0.71375186846,0.650971599402,0.179871520343,0.314362099197,0.141255605381,1340,894,446,0,1340,0,894,0,446,104,1338,0.124906646751,1.70785699186,25.7307692308,24.3272727273,13.9375,15.0056499193,0.583179219583,0.324666551684,17.3709151473,1.35020566167,0.679616534437,9.91327215904,0.7705383442,0.430018972059,0.752020457918,0.440329876274,2.23728977192,NaN,NaN,NaN,0.113403226677,0.113509515164,1688,0.00926942845846,0.255203823095,NaN,NaN,NaN,NaN,NaN,0.471153846154,0.451923076923,0.0769230769231,104,955,0.0891523525019,1.61957947895,18.3653846154,19.4897959184,10.1595744681,11.1146345339,0.605194759959,0.340414820781,12.3310047489,1.34285287318,0.67908779702,7.28046251475,0.792846179617,0.442821184052,0.718513789175,0.443642191391,2.17635082618,NaN,NaN,NaN,0.0956423261001,0.123158720474,942,0.00517286825111,0.179447056584,NaN,NaN,NaN,NaN,NaN,0.519230769231,0.384615384615,0.0865384615385,-383,-0.0357542942494,-0.0882775129039,-7.36538461538,-4.83747680891,-3.77792553191,-3.8910153854,0.0220155403765,0.0157482690968,-5.03991039837,-0.00735278849184,-0.000528737417428,-2.63280964429,0.0223078354164,0.0128022119922,-0.033506668743,0.00331231511729,-0.0609389457352,NaN,NaN,NaN,-0.0177609005773,0.00964920531042,-746,-0.00409656020735,-0.0757567665113,0.0480769230769,-0.0673076923077,0.00961538461538,955,0,383,9374,0.71375186846,1,0,0.28624813154,1,0.71375186846,0.832969908417,0.828090783734,0.71375186846,0.71375186846,63,446,0,3,3,3
43,WLNM_dir_neg_kfold,0.972390355728,0.908688407508,00:00:19,10,66.6666666667,3,15348,fixed,0.5,1,0.141255605381,0.247544204322,63,0,383,892,0.141255605381,1,0,0.858744394619,1,0.141255605381,0.247544204322,0.71375186846,0.650971599402,0.179871520343,0.314362099197,0.141255605381,1340,894,446,0,1340,0,894,0,446,104,1338,0.124906646751,1.70785699186,25.7307692308,24.3272727273,13.9375,15.0056499193,0.583179219583,0.324666551684,17.3709151473,1.35020566167,0.679616534437,9.91327215904,0.7705383442,0.430018972059,0.752020457918,0.440329876274,2.23728977192,NaN,NaN,NaN,0.113403226677,0.113509515164,1688,0.00926942845846,0.255203823095,NaN,NaN,NaN,NaN,NaN,0.471153846154,0.451923076923,0.0769230769231,104,955,0.0891523525019,1.61957947895,18.3653846154,19.4897959184,10.1595744681,11.1146345339,0.605194759959,0.340414820781,12.3310047489,1.34285287318,0.67908779702,7.28046251475,0.792846179617,0.442821184052,0.718513789175,0.443642191391,2.17635082618,NaN,NaN,NaN,0.0956423261001,0.123158720474,942,0.00517286825111,0.179447056584,NaN,NaN,NaN,NaN,NaN,0.519230769231,0.384615384615,0.0865384615385,-383,-0.0357542942494,-0.0882775129039,-7.36538461538,-4.83747680891,-3.77792553191,-3.8910153854,0.0220155403765,0.0157482690968,-5.03991039837,-0.00735278849184,-0.000528737417428,-2.63280964429,0.0223078354164,0.0128022119922,-0.033506668743,0.00331231511729,-0.0609389457352,NaN,NaN,NaN,-0.0177609005773,0.00964920531042,-746,-0.00409656020735,-0.0757567665113,0.0480769230769,-0.0673076923077,0.00961538461538,955,0,383,9374,0.71375186846,1,0,0.28624813154,1,0.71375186846,0.832969908417,0.828090783734,0.71375186846,0.71375186846,63,446,0,3,3,3
44,WLNM_dir_neg_kfold,0.952800428322,0.719705941457,00:00:19,10,66.6666666667,4,15349,fixed,0.5,1,0.141255605381,0.247544204322,63,0,383,892,0.141255605381,1,0,0.858744394619,1,0.141255605381,0.247544204322,0.71375186846,0.650971599402,0.179871520343,0.314362099197,0.141255605381,1340,894,446,0,1340,0,894,0,446,104,1338,0.124906646751,1.70785699186,25.7307692308,24.3272727273,13.9375,15.0056499193,0.583179219583,0.324666551684,17.3709151473,1.35020566167,0.679616534437,9.91327215904,0.7705383442,0.430018972059,0.752020457918,0.440329876274,2.23728977192,NaN,NaN,NaN,0.113403226677,0.113509515164,1688,0.00926942845846,0.255203823095,NaN,NaN,NaN,NaN,NaN,0.471153846154,0.451923076923,0.0769230769231,104,955,0.0891523525019,1.61957947895,18.3653846154,19.4897959184,10.1595744681,11.1146345339,0.605194759959,0.340414820781,12.3310047489,1.34285287318,0.67908779702,7.28046251475,0.792846179617,0.442821184052,0.718513789175,0.443642191391,2.17635082618,NaN,NaN,NaN,0.0956423261001,0.123158720474,942,0.00517286825111,0.179447056584,NaN,NaN,NaN,NaN,NaN,0.519230769231,0.384615384615,0.0865384615385,-383,-0.0357542942494,-0.0882775129039,-7.36538461538,-4.83747680891,-3.77792553191,-3.8910153854,0.0220155403765,0.0157482690968,-5.03991039837,-0.00735278849184,-0.000528737417428,-2.63280964429,0.0223078354164,0.0128022119922,-0.033506668743,0.00331231511729,-0.0609389457352,NaN,NaN,NaN,-0.0177609005773,0.00964920531042,-746,-0.00409656020735,-0.0757567665113,0.0480769230769,-0.0673076923077,0.00961538461538,955,0,383,9374,0.71375186846,1,0,0.28624813154,1,0.71375186846,0.832969908417,0.828090783734,0.71375186846,0.71375186846,63,446,0,3,3,3
45,WLNM_dir_neg_kfold,0.971687797864,0.893707003328,00:00:20,10,66.6666666667,5,15350,fixed,0.5,1,0.141255605381,0.247544204322,63,0,383,892,0.141255605381,1,0,0.858744394619,1,0.141255605381,0.247544204322,0.71375186846,0.650971599402,0.179871520343,0.314362099197,0.141255605381,1340,894,446,0,1340,0,894,0,446,104,1338,0.124906646751,1.70785699186,25.7307692308,24.3272727273,13.9375,15.0056499193,0.583179219583,0.324666551684,17.3709151473,1.35020566167,0.679616534437,9.91327215904,0.7705383442,0.430018972059,0.752020457918,0.440329876274,2.23728977192,NaN,NaN,NaN,0.113403226677,0.113509515164,1688,0.00926942845846,0.255203823095,NaN,NaN,NaN,NaN,NaN,0.471153846154,0.451923076923,0.0769230769231,104,955,0.0891523525019,1.61957947895,18.3653846154,19.4897959184,10.1595744681,11.1146345339,0.605194759959,0.340414820781,12.3310047489,1.34285287318,0.67908779702,7.28046251475,0.792846179617,0.442821184052,0.718513789175,0.443642191391,2.17635082618,NaN,NaN,NaN,0.0956423261001,0.123158720474,942,0.00517286825111,0.179447056584,NaN,NaN,NaN,NaN,NaN,0.519230769231,0.384615384615,0.0865384615385,-383,-0.0357542942494,-0.0882775129039,-7.36538461538,-4.83747680891,-3.77792553191,-3.8910153854,0.0220155403765,0.0157482690968,-5.03991039837,-0.00735278849184,-0.000528737417428,-2.63280964429,0.0223078354164,0.0128022119922,-0.033506668743,0.00331231511729,-0.0609389457352,NaN,NaN,NaN,-0.0177609005773,0.00964920531042,-746,-0.00409656020735,-0.0757567665113,0.0480769230769,-0.0673076923077,0.00961538461538,955,0,383,9374,0.71375186846,1,0,0.28624813154,1,0.71375186846,0.832969908417,0.828090783734,0.71375186846,0.71375186846,63,446,0,3,3,3
46,WLNM_dir_neg_kfold,0.978369010034,0.938291886292,00:00:16,10,66.6666666667,6,15351,fixed,0.5,1,0.141255605381,0.247544204322,63,0,383,892,0.141255605381,1,0,0.858744394619,1,0.141255605381,0.247544204322,0.71375186846,0.650971599402,0.179871520343,0.314362099197,0.141255605381,1340,894,446,0,1340,0,894,0,446,104,1338,0.124906646751,1.70785699186,25.7307692308,24.3272727273,13.9375,15.0056499193,0.583179219583,0.324666551684,17.3709151473,1.35020566167,0.679616534437,9.91327215904,0.7705383442,0.430018972059,0.752020457918,0.440329876274,2.23728977192,NaN,NaN,NaN,0.113403226677,0.113509515164,1688,0.00926942845846,0.255203823095,NaN,NaN,NaN,NaN,NaN,0.471153846154,0.451923076923,0.0769230769231,104,955,0.0891523525019,1.61957947895,18.3653846154,19.4897959184,10.1595744681,11.1146345339,0.605194759959,0.340414820781,12.3310047489,1.34285287318,0.67908779702,7.28046251475,0.792846179617,0.442821184052,0.718513789175,0.443642191391,2.17635082618,NaN,NaN,NaN,0.0956423261001,0.123158720474,942,0.00517286825111,0.179447056584,NaN,NaN,NaN,NaN,NaN,0.519230769231,0.384615384615,0.0865384615385,-383,-0.0357542942494,-0.0882775129039,-7.36538461538,-4.83747680891,-3.77792553191,-3.8910153854,0.0220155403765,0.0157482690968,-5.03991039837,-0.00735278849184,-0.000528737417428,-2.63280964429,0.0223078354164,0.0128022119922,-0.033506668743,0.00331231511729,-0.0609389457352,NaN,NaN,NaN,-0.0177609005773,0.00964920531042,-746,-0.00409656020735,-0.0757567665113,0.0480769230769,-0.0673076923077,0.00961538461538,955,0,383,9374,0.71375186846,1,0,0.28624813154,1,0.71375186846,0.832969908417,0.828090783734,0.71375186846,0.71375186846,63,446,0,3,3,3
47,WLNM_dir_neg_kfold,0.978751080858,0.807042161189,00:00:19,10,66.6666666667,7,15352,fixed,0.5,1,0.141255605381,0.247544204322,63,0,383,892,0.141255605381,1,0,0.858744394619,1,0.141255605381,0.247544204322,0.71375186846,0.650971599402,0.179871520343,0.314362099197,0.141255605381,1340,894,446,0,1340,0,894,0,446,104,1338,0.124906646751,1.70785699186,25.7307692308,24.3272727273,13.9375,15.0056499193,0.583179219583,0.324666551684,17.3709151473,1.35020566167,0.679616534437,9.91327215904,0.7705383442,0.430018972059,0.752020457918,0.440329876274,2.23728977192,NaN,NaN,NaN,0.113403226677,0.113509515164,1688,0.00926942845846,0.255203823095,NaN,NaN,NaN,NaN,NaN,0.471153846154,0.451923076923,0.0769230769231,104,955,0.0891523525019,1.61957947895,18.3653846154,19.4897959184,10.1595744681,11.1146345339,0.605194759959,0.340414820781,12.3310047489,1.34285287318,0.67908779702,7.28046251475,0.792846179617,0.442821184052,0.718513789175,0.443642191391,2.17635082618,NaN,NaN,NaN,0.0956423261001,0.123158720474,942,0.00517286825111,0.179447056584,NaN,NaN,NaN,NaN,NaN,0.519230769231,0.384615384615,0.0865384615385,-383,-0.0357542942494,-0.0882775129039,-7.36538461538,-4.83747680891,-3.77792553191,-3.8910153854,0.0220155403765,0.0157482690968,-5.03991039837,-0.00735278849184,-0.000528737417428,-2.63280964429,0.0223078354164,0.0128022119922,-0.033506668743,0.00331231511729,-0.0609389457352,NaN,NaN,NaN,-0.0177609005773,0.00964920531042,-746,-0.00409656020735,-0.0757567665113,0.0480769230769,-0.0673076923077,0.00961538461538,955,0,383,9374,0.71375186846,1,0,0.28624813154,1,0.71375186846,0.832969908417,0.828090783734,0.71375186846,0.71375186846,63,446,0,3,3,3
48,WLNM_dir_neg_kfold,0.97146911259,0.897990537894,00:00:18,10,66.6666666667,8,15353,fixed,0.5,1,0.141255605381,0.247544204322,63,0,383,892,0.141255605381,1,0,0.858744394619,1,0.141255605381,0.247544204322,0.71375186846,0.650971599402,0.179871520343,0.314362099197,0.141255605381,1340,894,446,0,1340,0,894,0,446,104,1338,0.124906646751,1.70785699186,25.7307692308,24.3272727273,13.9375,15.0056499193,0.583179219583,0.324666551684,17.3709151473,1.35020566167,0.679616534437,9.91327215904,0.7705383442,0.430018972059,0.752020457918,0.440329876274,2.23728977192,NaN,NaN,NaN,0.113403226677,0.113509515164,1688,0.00926942845846,0.255203823095,NaN,NaN,NaN,NaN,NaN,0.471153846154,0.451923076923,0.0769230769231,104,955,0.0891523525019,1.61957947895,18.3653846154,19.4897959184,10.1595744681,11.1146345339,0.605194759959,0.340414820781,12.3310047489,1.34285287318,0.67908779702,7.28046251475,0.792846179617,0.442821184052,0.718513789175,0.443642191391,2.17635082618,NaN,NaN,NaN,0.0956423261001,0.123158720474,942,0.00517286825111,0.179447056584,NaN,NaN,NaN,NaN,NaN,0.519230769231,0.384615384615,0.0865384615385,-383,-0.0357542942494,-0.0882775129039,-7.36538461538,-4.83747680891,-3.77792553191,-3.8910153854,0.0220155403765,0.0157482690968,-5.03991039837,-0.00735278849184,-0.000528737417428,-2.63280964429,0.0223078354164,0.0128022119922,-0.033506668743,0.00331231511729,-0.0609389457352,NaN,NaN,NaN,-0.0177609005773,0.00964920531042,-746,-0.00409656020735,-0.0757567665113,0.0480769230769,-0.0673076923077,0.00961538461538,955,0,383,9374,0.71375186846,1,0,0.28624813154,1,0.71375186846,0.832969908417,0.828090783734,0.71375186846,0.71375186846,63,446,0,3,3,3
49,WLNM_dir_neg_kfold,0.937874529952,0.789825766718,00:00:19,10,66.6666666667,9,15354,fixed,0.5,1,0.141255605381,0.247544204322,63,0,383,892,0.141255605381,1,0,0.858744394619,1,0.141255605381,0.247544204322,0.71375186846,0.650971599402,0.179871520343,0.314362099197,0.141255605381,1340,894,446,0,1340,0,894,0,446,104,1338,0.124906646751,1.70785699186,25.7307692308,24.3272727273,13.9375,15.0056499193,0.583179219583,0.324666551684,17.3709151473,1.35020566167,0.679616534437,9.91327215904,0.7705383442,0.430018972059,0.752020457918,0.440329876274,2.23728977192,NaN,NaN,NaN,0.113403226677,0.113509515164,1688,0.00926942845846,0.255203823095,NaN,NaN,NaN,NaN,NaN,0.471153846154,0.451923076923,0.0769230769231,104,955,0.0891523525019,1.61957947895,18.3653846154,19.4897959184,10.1595744681,11.1146345339,0.605194759959,0.340414820781,12.3310047489,1.34285287318,0.67908779702,7.28046251475,0.792846179617,0.442821184052,0.718513789175,0.443642191391,2.17635082618,NaN,NaN,NaN,0.0956423261001,0.123158720474,942,0.00517286825111,0.179447056584,NaN,NaN,NaN,NaN,NaN,0.519230769231,0.384615384615,0.0865384615385,-383,-0.0357542942494,-0.0882775129039,-7.36538461538,-4.83747680891,-3.77792553191,-3.8910153854,0.0220155403765,0.0157482690968,-5.03991039837,-0.00735278849184,-0.000528737417428,-2.63280964429,0.0223078354164,0.0128022119922,-0.033506668743,0.00331231511729,-0.0609389457352,NaN,NaN,NaN,-0.0177609005773,0.00964920531042,-746,-0.00409656020735,-0.0757567665113,0.0480769230769,-0.0673076923077,0.00961538461538,955,0,383,9374,0.71375186846,1,0,0.28624813154,1,0.71375186846,0.832969908417,0.828090783734,0.71375186846,0.71375186846,63,446,0,3,3,3
50,WLNM_dir_neg_kfold,0.964616973999,0.885081863466,00:00:19,10,66.6666666667,10,15355,fixed,0.5,0.984375,0.141255605381,0.247058823529,63,1,383,891,0.141255605381,0.998878923767,0.00112107623318,0.858744394619,0.984375,0.141255605381,0.247058823529,0.713004484305,0.65072247135,0.178316690442,0.309542520215,0.140134529148,1340,894,446,0,1340,0,894,0,446,104,1338,0.124906646751,1.70785699186,25.7307692308,24.3272727273,13.9375,15.0056499193,0.583179219583,0.324666551684,17.3709151473,1.35020566167,0.679616534437,9.91327215904,0.7705383442,0.430018972059,0.752020457918,0.440329876274,2.23728977192,NaN,NaN,NaN,0.113403226677,0.113509515164,1688,0.00926942845846,0.255203823095,NaN,NaN,NaN,NaN,NaN,0.471153846154,0.451923076923,0.0769230769231,104,956,0.0892457057506,1.62000521019,18.3846153846,19.5102040816,10.0631578947,11.1192195126,0.604811103195,0.340290070808,12.3414818099,1.34258797932,0.679011103959,7.26886821371,0.790755537893,0.441503057612,0.719387995647,0.444065235791,2.17635082618,NaN,NaN,NaN,0.0971851942719,0.125288206378,960,0.00527171286737,0.179199745941,NaN,NaN,NaN,NaN,NaN,0.519230769231,0.394230769231,0.0769230769231,-382,-0.0356609410007,-0.087851781661,-7.34615384615,-4.81706864564,-3.87434210526,-3.88643040668,0.0216318836122,0.0156235191234,-5.02943333741,-0.00761768235552,-0.00060543047836,-2.64440394533,0.0202171936928,0.0114840855525,-0.0326324622705,0.00373535951655,-0.0609389457352,NaN,NaN,NaN,-0.0162180324055,0.0117786912138,-728,-0.00399771559109,-0.0760040771542,0.0480769230769,-0.0576923076923,0,955,1,383,9373,0.71375186846,0.999893321954,0.000106678045658,0.28624813154,0.998953974895,0.71375186846,0.832606800349,0.827576276488,0.713645190415,0.713218820015,64,446,0,3,3,3
51,WLNM_dir_neg_kfold,0.944241539142,0.691815993196,00:00:19,10,66.6666666667,11,15356,fixed,0.5,1,0.141255605381,0.247544204322,63,0,383,892,0.141255605381,1,0,0.858744394619,1,0.141255605381,0.247544204322,0.71375186846,0.650971599402,0.179871520343,0.314362099197,0.141255605381,1340,894,446,0,1340,0,894,0,446,104,1338,0.124906646751,1.70785699186,25.7307692308,24.3272727273,13.9375,15.0056499193,0.583179219583,0.324666551684,17.3709151473,1.35020566167,0.679616534437,9.91327215904,0.7705383442,0.430018972059,0.752020457918,0.440329876274,2.23728977192,NaN,NaN,NaN,0.113403226677,0.113509515164,1688,0.00926942845846,0.255203823095,NaN,NaN,NaN,NaN,NaN,0.471153846154,0.451923076923,0.0769230769231,104,955,0.0891523525019,1.61957947895,18.3653846154,19.4897959184,10.1595744681,11.1146345339,0.605194759959,0.340414820781,12.3310047489,1.34285287318,0.67908779702,7.28046251475,0.792846179617,0.442821184052,0.718513789175,0.443642191391,2.17635082618,NaN,NaN,NaN,0.0956423261001,0.123158720474,942,0.00517286825111,0.179447056584,NaN,NaN,NaN,NaN,NaN,0.519230769231,0.384615384615,0.0865384615385,-383,-0.0357542942494,-0.0882775129039,-7.36538461538,-4.83747680891,-3.77792553191,-3.8910153854,0.0220155403765,0.0157482690968,-5.03991039837,-0.00735278849184,-0.000528737417428,-2.63280964429,0.0223078354164,0.0128022119922,-0.033506668743,0.00331231511729,-0.0609389457352,NaN,NaN,NaN,-0.0177609005773,0.00964920531042,-746,-0.00409656020735,-0.0757567665113,0.0480769230769,-0.0673076923077,0.00961538461538,955,0,383,9374,0.71375186846,1,0,0.28624813154,1,0.71375186846,0.832969908417,0.828090783734,0.71375186846,0.71375186846,63,446,0,3,3,3
52,WLNM_dir_neg_kfold,0.95184399445,0.712647320521,00:00:20,10,66.6666666667,12,15357,fixed,0.5,1,0.141255605381,0.247544204322,63,0,383,892,0.141255605381,1,0,0.858744394619,1,0.141255605381,0.247544204322,0.71375186846,0.650971599402,0.179871520343,0.314362099197,0.141255605381,1340,894,446,0,1340,0,894,0,446,104,1338,0.124906646751,1.70785699186,25.7307692308,24.3272727273,13.9375,15.0056499193,0.583179219583,0.324666551684,17.3709151473,1.35020566167,0.679616534437,9.91327215904,0.7705383442,0.430018972059,0.752020457918,0.440329876274,2.23728977192,NaN,NaN,NaN,0.113403226677,0.113509515164,1688,0.00926942845846,0.255203823095,NaN,NaN,NaN,NaN,NaN,0.471153846154,0.451923076923,0.0769230769231,104,955,0.0891523525019,1.61957947895,18.3653846154,19.4897959184,10.1595744681,11.1146345339,0.605194759959,0.340414820781,12.3310047489,1.34285287318,0.67908779702,7.28046251475,0.792846179617,0.442821184052,0.718513789175,0.443642191391,2.17635082618,NaN,NaN,NaN,0.0956423261001,0.123158720474,942,0.00517286825111,0.179447056584,NaN,NaN,NaN,NaN,NaN,0.519230769231,0.384615384615,0.0865384615385,-383,-0.0357542942494,-0.0882775129039,-7.36538461538,-4.83747680891,-3.77792553191,-3.8910153854,0.0220155403765,0.0157482690968,-5.03991039837,-0.00735278849184,-0.000528737417428,-2.63280964429,0.0223078354164,0.0128022119922,-0.033506668743,0.00331231511729,-0.0609389457352,NaN,NaN,NaN,-0.0177609005773,0.00964920531042,-746,-0.00409656020735,-0.0757567665113,0.0480769230769,-0.0673076923077,0.00961538461538,955,0,383,9374,0.71375186846,1,0,0.28624813154,1,0.71375186846,0.832969908417,0.828090783734,0.71375186846,0.71375186846,63,446,0,3,3,3
53,WLNM_dir_neg_kfold,0.967546602586,0.890881660884,00:00:20,10,66.6666666667,13,15358,fixed,0.5,1,0.141255605381,0.247544204322,63,0,383,892,0.141255605381,1,0,0.858744394619,1,0.141255605381,0.247544204322,0.71375186846,0.650971599402,0.179871520343,0.314362099197,0.141255605381,1340,894,446,0,1340,0,894,0,446,104,1338,0.124906646751,1.70785699186,25.7307692308,24.3272727273,13.9375,15.0056499193,0.583179219583,0.324666551684,17.3709151473,1.35020566167,0.679616534437,9.91327215904,0.7705383442,0.430018972059,0.752020457918,0.440329876274,2.23728977192,NaN,NaN,NaN,0.113403226677,0.113509515164,1688,0.00926942845846,0.255203823095,NaN,NaN,NaN,NaN,NaN,0.471153846154,0.451923076923,0.0769230769231,104,955,0.0891523525019,1.61957947895,18.3653846154,19.4897959184,10.1595744681,11.1146345339,0.605194759959,0.340414820781,12.3310047489,1.34285287318,0.67908779702,7.28046251475,0.792846179617,0.442821184052,0.718513789175,0.443642191391,2.17635082618,NaN,NaN,NaN,0.0956423261001,0.123158720474,942,0.00517286825111,0.179447056584,NaN,NaN,NaN,NaN,NaN,0.519230769231,0.384615384615,0.0865384615385,-383,-0.0357542942494,-0.0882775129039,-7.36538461538,-4.83747680891,-3.77792553191,-3.8910153854,0.0220155403765,0.0157482690968,-5.03991039837,-0.00735278849184,-0.000528737417428,-2.63280964429,0.0223078354164,0.0128022119922,-0.033506668743,0.00331231511729,-0.0609389457352,NaN,NaN,NaN,-0.0177609005773,0.00964920531042,-746,-0.00409656020735,-0.0757567665113,0.0480769230769,-0.0673076923077,0.00961538461538,955,0,383,9374,0.71375186846,1,0,0.28624813154,1,0.71375186846,0.832969908417,0.828090783734,0.71375186846,0.71375186846,63,446,0,3,3,3
54,WLNM_dir_neg_kfold,0.961956303163,0.853477158165,00:00:19,10,66.6666666667,14,15359,fixed,0.5,1,0.141255605381,0.247544204322,63,0,383,892,0.141255605381,1,0,0.858744394619,1,0.141255605381,0.247544204322,0.71375186846,0.650971599402,0.179871520343,0.314362099197,0.141255605381,1340,894,446,0,1340,0,894,0,446,104,1338,0.124906646751,1.70785699186,25.7307692308,24.3272727273,13.9375,15.0056499193,0.583179219583,0.324666551684,17.3709151473,1.35020566167,0.679616534437,9.91327215904,0.7705383442,0.430018972059,0.752020457918,0.440329876274,2.23728977192,NaN,NaN,NaN,0.113403226677,0.113509515164,1688,0.00926942845846,0.255203823095,NaN,NaN,NaN,NaN,NaN,0.471153846154,0.451923076923,0.0769230769231,104,955,0.0891523525019,1.61957947895,18.3653846154,19.4897959184,10.1595744681,11.1146345339,0.605194759959,0.340414820781,12.3310047489,1.34285287318,0.67908779702,7.28046251475,0.792846179617,0.442821184052,0.718513789175,0.443642191391,2.17635082618,NaN,NaN,NaN,0.0956423261001,0.123158720474,942,0.00517286825111,0.179447056584,NaN,NaN,NaN,NaN,NaN,0.519230769231,0.384615384615,0.0865384615385,-383,-0.0357542942494,-0.0882775129039,-7.36538461538,-4.83747680891,-3.77792553191,-3.8910153854,0.0220155403765,0.0157482690968,-5.03991039837,-0.00735278849184,-0.000528737417428,-2.63280964429,0.0223078354164,0.0128022119922,-0.033506668743,0.00331231511729,-0.0609389457352,NaN,NaN,NaN,-0.0177609005773,0.00964920531042,-746,-0.00409656020735,-0.0757567665113,0.0480769230769,-0.0673076923077,0.00961538461538,955,0,383,9374,0.71375186846,1,0,0.28624813154,1,0.71375186846,0.832969908417,0.828090783734,0.71375186846,0.71375186846,63,446,0,3,3,3
55,WLNM_dir_neg_kfold,0.968623690402,0.847580333442,00:00:20,10,66.6666666667,15,15360,fixed,0.5,1,0.141255605381,0.247544204322,63,0,383,892,0.141255605381,1,0,0.858744394619,1,0.141255605381,0.247544204322,0.71375186846,0.650971599402,0.179871520343,0.314362099197,0.141255605381,1340,894,446,0,1340,0,894,0,446,104,1338,0.124906646751,1.70785699186,25.7307692308,24.3272727273,13.9375,15.0056499193,0.583179219583,0.324666551684,17.3709151473,1.35020566167,0.679616534437,9.91327215904,0.7705383442,0.430018972059,0.752020457918,0.440329876274,2.23728977192,NaN,NaN,NaN,0.113403226677,0.113509515164,1688,0.00926942845846,0.255203823095,NaN,NaN,NaN,NaN,NaN,0.471153846154,0.451923076923,0.0769230769231,104,955,0.0891523525019,1.61957947895,18.3653846154,19.4897959184,10.1595744681,11.1146345339,0.605194759959,0.340414820781,12.3310047489,1.34285287318,0.67908779702,7.28046251475,0.792846179617,0.442821184052,0.718513789175,0.443642191391,2.17635082618,NaN,NaN,NaN,0.0956423261001,0.123158720474,942,0.00517286825111,0.179447056584,NaN,NaN,NaN,NaN,NaN,0.519230769231,0.384615384615,0.0865384615385,-383,-0.0357542942494,-0.0882775129039,-7.36538461538,-4.83747680891,-3.77792553191,-3.8910153854,0.0220155403765,0.0157482690968,-5.03991039837,-0.00735278849184,-0.000528737417428,-2.63280964429,0.0223078354164,0.0128022119922,-0.033506668743,0.00331231511729,-0.0609389457352,NaN,NaN,NaN,-0.0177609005773,0.00964920531042,-746,-0.00409656020735,-0.0757567665113,0.0480769230769,-0.0673076923077,0.00961538461538,955,0,383,9374,0.71375186846,1,0,0.28624813154,1,0.71375186846,0.832969908417,0.828090783734,0.71375186846,0.71375186846,63,446,0,3,3,3
56,WLNM_dir_neg_kfold,0.969475808884,0.882687575444,00:00:19,10,66.6666666667,16,15361,fixed,0.5,1,0.141255605381,0.247544204322,63,0,383,892,0.141255605381,1,0,0.858744394619,1,0.141255605381,0.247544204322,0.71375186846,0.650971599402,0.179871520343,0.314362099197,0.141255605381,1340,894,446,0,1340,0,894,0,446,104,1338,0.124906646751,1.70785699186,25.7307692308,24.3272727273,13.9375,15.0056499193,0.583179219583,0.324666551684,17.3709151473,1.35020566167,0.679616534437,9.91327215904,0.7705383442,0.430018972059,0.752020457918,0.440329876274,2.23728977192,NaN,NaN,NaN,0.113403226677,0.113509515164,1688,0.00926942845846,0.255203823095,NaN,NaN,NaN,NaN,NaN,0.471153846154,0.451923076923,0.0769230769231,104,955,0.0891523525019,1.61957947895,18.3653846154,19.4897959184,10.1595744681,11.1146345339,0.605194759959,0.340414820781,12.3310047489,1.34285287318,0.67908779702,7.28046251475,0.792846179617,0.442821184052,0.718513789175,0.443642191391,2.17635082618,NaN,NaN,NaN,0.0956423261001,0.123158720474,942,0.00517286825111,0.179447056584,NaN,NaN,NaN,NaN,NaN,0.519230769231,0.384615384615,0.0865384615385,-383,-0.0357542942494,-0.0882775129039,-7.36538461538,-4.83747680891,-3.77792553191,-3.8910153854,0.0220155403765,0.0157482690968,-5.03991039837,-0.00735278849184,-0.000528737417428,-2.63280964429,0.0223078354164,0.0128022119922,-0.033506668743,0.00331231511729,-0.0609389457352,NaN,NaN,NaN,-0.0177609005773,0.00964920531042,-746,-0.00409656020735,-0.0757567665113,0.0480769230769,-0.0673076923077,0.00961538461538,955,0,383,9374,0.71375186846,1,0,0.28624813154,1,0.71375186846,0.832969908417,0.828090783734,0.71375186846,0.71375186846,63,446,0,3,3,3
57,WLNM_dir_neg_kfold,0.973228649279,0.800529633737,00:00:19,10,66.6666666667,17,15362,fixed,0.5,1,0.141255605381,0.247544204322,63,0,383,892,0.141255605381,1,0,0.858744394619,1,0.141255605381,0.247544204322,0.71375186846,0.650971599402,0.179871520343,0.314362099197,0.141255605381,1340,894,446,0,1340,0,894,0,446,104,1338,0.124906646751,1.70785699186,25.7307692308,24.3272727273,13.9375,15.0056499193,0.583179219583,0.324666551684,17.3709151473,1.35020566167,0.679616534437,9.91327215904,0.7705383442,0.430018972059,0.752020457918,0.440329876274,2.23728977192,NaN,NaN,NaN,0.113403226677,0.113509515164,1688,0.00926942845846,0.255203823095,NaN,NaN,NaN,NaN,NaN,0.471153846154,0.451923076923,0.0769230769231,104,955,0.0891523525019,1.61957947895,18.3653846154,19.4897959184,10.1595744681,11.1146345339,0.605194759959,0.340414820781,12.3310047489,1.34285287318,0.67908779702,7.28046251475,0.792846179617,0.442821184052,0.718513789175,0.443642191391,2.17635082618,NaN,NaN,NaN,0.0956423261001,0.123158720474,942,0.00517286825111,0.179447056584,NaN,NaN,NaN,NaN,NaN,0.519230769231,0.384615384615,0.0865384615385,-383,-0.0357542942494,-0.0882775129039,-7.36538461538,-4.83747680891,-3.77792553191,-3.8910153854,0.0220155403765,0.0157482690968,-5.03991039837,-0.00735278849184,-0.000528737417428,-2.63280964429,0.0223078354164,0.0128022119922,-0.033506668743,0.00331231511729,-0.0609389457352,NaN,NaN,NaN,-0.0177609005773,0.00964920531042,-746,-0.00409656020735,-0.0757567665113,0.0480769230769,-0.0673076923077,0.00961538461538,955,0,383,9374,0.71375186846,1,0,0.28624813154,1,0.71375186846,0.832969908417,0.828090783734,0.71375186846,0.71375186846,63,446,0,3,3,3
58,WLNM_dir_neg_kfold,0.971076987271,0.879670433317,00:00:17,10,66.6666666667,18,15363,fixed,0.5,1,0.141255605381,0.247544204322,63,0,383,892,0.141255605381,1,0,0.858744394619,1,0.141255605381,0.247544204322,0.71375186846,0.650971599402,0.179871520343,0.314362099197,0.141255605381,1340,894,446,0,1340,0,894,0,446,104,1338,0.124906646751,1.70785699186,25.7307692308,24.3272727273,13.9375,15.0056499193,0.583179219583,0.324666551684,17.3709151473,1.35020566167,0.679616534437,9.91327215904,0.7705383442,0.430018972059,0.752020457918,0.440329876274,2.23728977192,NaN,NaN,NaN,0.113403226677,0.113509515164,1688,0.00926942845846,0.255203823095,NaN,NaN,NaN,NaN,NaN,0.471153846154,0.451923076923,0.0769230769231,104,955,0.0891523525019,1.61957947895,18.3653846154,19.4897959184,10.1595744681,11.1146345339,0.605194759959,0.340414820781,12.3310047489,1.34285287318,0.67908779702,7.28046251475,0.792846179617,0.442821184052,0.718513789175,0.443642191391,2.17635082618,NaN,NaN,NaN,0.0956423261001,0.123158720474,942,0.00517286825111,0.179447056584,NaN,NaN,NaN,NaN,NaN,0.519230769231,0.384615384615,0.0865384615385,-383,-0.0357542942494,-0.0882775129039,-7.36538461538,-4.83747680891,-3.77792553191,-3.8910153854,0.0220155403765,0.0157482690968,-5.03991039837,-0.00735278849184,-0.000528737417428,-2.63280964429,0.0223078354164,0.0128022119922,-0.033506668743,0.00331231511729,-0.0609389457352,NaN,NaN,NaN,-0.0177609005773,0.00964920531042,-746,-0.00409656020735,-0.0757567665113,0.0480769230769,-0.0673076923077,0.00961538461538,955,0,383,9374,0.71375186846,1,0,0.28624813154,1,0.71375186846,0.832969908417,0.828090783734,0.71375186846,0.71375186846,63,446,0,3,3,3
59,WLNM_dir_neg_kfold,0.973433509622,0.909713522368,00:00:20,10,66.6666666667,19,15364,fixed,0.5,1,0.141255605381,0.247544204322,63,0,383,892,0.141255605381,1,0,0.858744394619,1,0.141255605381,0.247544204322,0.71375186846,0.650971599402,0.179871520343,0.314362099197,0.141255605381,1340,894,446,0,1340,0,894,0,446,104,1338,0.124906646751,1.70785699186,25.7307692308,24.3272727273,13.9375,15.0056499193,0.583179219583,0.324666551684,17.3709151473,1.35020566167,0.679616534437,9.91327215904,0.7705383442,0.430018972059,0.752020457918,0.440329876274,2.23728977192,NaN,NaN,NaN,0.113403226677,0.113509515164,1688,0.00926942845846,0.255203823095,NaN,NaN,NaN,NaN,NaN,0.471153846154,0.451923076923,0.0769230769231,104,955,0.0891523525019,1.61957947895,18.3653846154,19.4897959184,10.1595744681,11.1146345339,0.605194759959,0.340414820781,12.3310047489,1.34285287318,0.67908779702,7.28046251475,0.792846179617,0.442821184052,0.718513789175,0.443642191391,2.17635082618,NaN,NaN,NaN,0.0956423261001,0.123158720474,942,0.00517286825111,0.179447056584,NaN,NaN,NaN,NaN,NaN,0.519230769231,0.384615384615,0.0865384615385,-383,-0.0357542942494,-0.0882775129039,-7.36538461538,-4.83747680891,-3.77792553191,-3.8910153854,0.0220155403765,0.0157482690968,-5.03991039837,-0.00735278849184,-0.000528737417428,-2.63280964429,0.0223078354164,0.0128022119922,-0.033506668743,0.00331231511729,-0.0609389457352,NaN,NaN,NaN,-0.0177609005773,0.00964920531042,-746,-0.00409656020735,-0.0757567665113,0.0480769230769,-0.0673076923077,0.00961538461538,955,0,383,9374,0.71375186846,1,0,0.28624813154,1,0.71375186846,0.832969908417,0.828090783734,0.71375186846,0.71375186846,63,446,0,3,3,3
60,WLNM_dir_neg_kfold,0.963480816023,0.757395201458,00:00:19,10,66.6666666667,20,15365,fixed,0.5,1,0.141255605381,0.247544204322,63,0,383,892,0.141255605381,1,0,0.858744394619,1,0.141255605381,0.247544204322,0.71375186846,0.650971599402,0.179871520343,0.314362099197,0.141255605381,1340,894,446,0,1340,0,894,0,446,104,1338,0.124906646751,1.70785699186,25.7307692308,24.3272727273,13.9375,15.0056499193,0.583179219583,0.324666551684,17.3709151473,1.35020566167,0.679616534437,9.91327215904,0.7705383442,0.430018972059,0.752020457918,0.440329876274,2.23728977192,NaN,NaN,NaN,0.113403226677,0.113509515164,1688,0.00926942845846,0.255203823095,NaN,NaN,NaN,NaN,NaN,0.471153846154,0.451923076923,0.0769230769231,104,955,0.0891523525019,1.61957947895,18.3653846154,19.4897959184,10.1595744681,11.1146345339,0.605194759959,0.340414820781,12.3310047489,1.34285287318,0.67908779702,7.28046251475,0.792846179617,0.442821184052,0.718513789175,0.443642191391,2.17635082618,NaN,NaN,NaN,0.0956423261001,0.123158720474,942,0.00517286825111,0.179447056584,NaN,NaN,NaN,NaN,NaN,0.519230769231,0.384615384615,0.0865384615385,-383,-0.0357542942494,-0.0882775129039,-7.36538461538,-4.83747680891,-3.77792553191,-3.8910153854,0.0220155403765,0.0157482690968,-5.03991039837,-0.00735278849184,-0.000528737417428,-2.63280964429,0.0223078354164,0.0128022119922,-0.033506668743,0.00331231511729,-0.0609389457352,NaN,NaN,NaN,-0.0177609005773,0.00964920531042,-746,-0.00409656020735,-0.0757567665113,0.0480769230769,-0.0673076923077,0.00961538461538,955,0,383,9374,0.71375186846,1,0,0.28624813154,1,0.71375186846,0.832969908417,0.828090783734,0.71375186846,0.71375186846,63,446,0,3,3,3
