Iteration,Version,ROC_AUC,PR_AUC,TimeElapsed,K,TrainRatio,ExperimentID,Seed,ThresholdMode,Threshold,Precision,Recall,F1Score,TestTP,TestFP,TestFN,TestTN,TestTPR,TestTNR,TestFPR,TestFNR,TestPrecision,TestRecall,TestF1Score,TestAccuracy,TestExpectedAccuracy,TestKappa,TestMCC,TestTSS,TotalLinks,TrainLinks,TestLinks,BackboneTotal,NonBackboneTotal,BackboneTrainLinks,NonBackboneTrainLinks,BackboneTestLinks,NonBackboneTestLinks,EmpiricalNumSpecies,EmpiricalLinks,EmpiricalConnectance,EmpiricalMeanTrophicLevel,EmpiricalMeanDegree,EmpiricalMeanGenerality,EmpiricalMeanVulnerability,EmpiricalDegreeStd,EmpiricalDegreeCV,EmpiricalDegreeGini,EmpiricalGeneralityStd,EmpiricalGeneralityCV,EmpiricalGeneralityGini,EmpiricalVulnerabilityStd,EmpiricalVulnerabilityCV,EmpiricalVulnerabilityGini,EmpiricalTrophicLevelStd,EmpiricalTrophicLevelCV,EmpiricalTrophicLevelRange,EmpiricalNetworkXMeanTrophicLevel,EmpiricalNetworkXTrophicLevelStd,EmpiricalNetworkXTrophicLevelRange,EmpiricalMeanLocalClustering,EmpiricalTransitivity,EmpiricalNumTriangles,EmpiricalTriangleDensity,EmpiricalMeanDietOverlap,EmpiricalNetworkXTrophicLevelNumSpeciesFull,EmpiricalNetworkXTrophicLevelNumSpeciesLargest,EmpiricalNetworkXTrophicLevelNumSpeciesWithLevel,EmpiricalNetworkXTrophicLevelLargestFraction,EmpiricalNetworkXTrophicLevelStatusCode,EmpiricalPropBasal,EmpiricalPropIntermediate,EmpiricalPropTop,PseudoNumSpecies,PseudoLinks,PseudoConnectance,PseudoMeanTrophicLevel,PseudoMeanDegree,PseudoMeanGenerality,PseudoMeanVulnerability,PseudoDegreeStd,PseudoDegreeCV,PseudoDegreeGini,PseudoGeneralityStd,PseudoGeneralityCV,PseudoGeneralityGini,PseudoVulnerabilityStd,PseudoVulnerabilityCV,PseudoVulnerabilityGini,PseudoTrophicLevelStd,PseudoTrophicLevelCV,PseudoTrophicLevelRange,PseudoNetworkXMeanTrophicLevel,PseudoNetworkXTrophicLevelStd,PseudoNetworkXTrophicLevelRange,PseudoMeanLocalClustering,PseudoTransitivity,PseudoNumTriangles,PseudoTriangleDensity,PseudoMeanDietOverlap,PseudoNetworkXTrophicLevelNumSpeciesFull,PseudoNetworkXTrophicLevelNumSpeciesLargest,PseudoNetworkXTrophicLevelNumSpeciesWithLevel,PseudoNetworkXTrophicLevelLargestFraction,PseudoNetworkXTrophicLevelStatusCode,PseudoPropBasal,PseudoPropIntermediate,PseudoPropTop,DeltaLinks,DeltaConnectance,DeltaMeanTrophicLevel,DeltaMeanDegree,DeltaMeanGenerality,DeltaMeanVulnerability,DeltaDegreeStd,DeltaDegreeCV,DeltaDegreeGini,DeltaGeneralityStd,DeltaGeneralityCV,DeltaGeneralityGini,DeltaVulnerabilityStd,DeltaVulnerabilityCV,DeltaVulnerabilityGini,DeltaTrophicLevelStd,DeltaTrophicLevelCV,DeltaTrophicLevelRange,DeltaNetworkXMeanTrophicLevel,DeltaNetworkXTrophicLevelStd,DeltaNetworkXTrophicLevelRange,DeltaMeanLocalClustering,DeltaTransitivity,DeltaNumTriangles,DeltaTriangleDensity,DeltaMeanDietOverlap,DeltaPropBasal,DeltaPropIntermediate,DeltaPropTop,PseudoTP,PseudoFP,PseudoFN,PseudoTN,PseudoTPR,PseudoTNR,PseudoFPR,PseudoFNR,PseudoPrecision,PseudoRecall,PseudoF1Score,PseudoMCC,PseudoTSS,PseudoJaccardLinks,NumPredictedNovelLinks,NumTrueNovelLinks,EvaluateOnAllUnseen,CvK,FoldID,NumFolds
1,WLNM_dir_neg_kfold,0.929846938776,0.702100840336,00:00:03,10,80,1,13346,fixed,0.5,0.823529411765,1,0.903225806452,14,3,0,25,1,0.892857142857,0.107142857143,0,0.823529411765,1,0.903225806452,0.928571428571,0.531746031746,0.847457627119,0.857492925713,0.892857142857,71,57,14,0,71,0,57,0,14,30,70,0.0804597701149,1.42666666667,4.66666666667,5.83333333333,2.69230769231,4.30183067152,0.921820858183,0.392857142857,4.70020787019,2.01437480151,0.791428571429,2.38288919582,1.02123822678,0.450476190476,0.550193278474,0.385649494258,1.8,NaN,NaN,NaN,0,0,0,0,0.406060606061,NaN,NaN,NaN,NaN,NaN,0.6,0.266666666667,0.133333333333,30,73,0.083908045977,1.44708333333,4.86666666667,6.08333333333,2.60714285714,4.41575028446,0.907345948862,0.385844748858,4.80433233607,1.97438315181,0.791324200913,2.31462119241,0.951214188663,0.409589041096,0.581463701291,0.401817703167,1.85,NaN,NaN,NaN,0.009670781893,0.0106194690265,2,0.000492610837438,0.358132798574,NaN,NaN,NaN,NaN,NaN,0.6,0.333333333333,0.0666666666667,3,0.00344827586207,0.0204166666667,0.2,0.25,-0.0851648351648,0.11391961294,-0.0144749093213,-0.0070123939987,0.10412446588,-0.0399916497003,-0.000104370515329,-0.0682680034037,-0.0700240381157,-0.0408871493803,0.0312704228173,0.0161682089095,0.05,NaN,NaN,NaN,0.009670781893,0.0106194690265,2,0.000492610837438,-0.0479278074866,0,0.0666666666667,-0.0666666666667,70,3,0,797,1,0.99625,0.00375,0,0.958904109589,1,0.979020979021,0.977398700213,0.99625,0.958904109589,17,14,0,5,1,5
2,WLNM_dir_neg_kfold,0.985969387755,0.902380952381,00:00:03,10,80,2,13347,fixed,0.5,0.933333333333,1,0.965517241379,14,1,0,27,1,0.964285714286,0.0357142857143,0,0.933333333333,1,0.965517241379,0.97619047619,0.547619047619,0.947368421053,0.948683298051,0.964285714286,71,57,14,0,71,0,57,0,14,30,70,0.0804597701149,1.42666666667,4.66666666667,5.83333333333,2.69230769231,4.30183067152,0.921820858183,0.392857142857,4.70020787019,2.01437480151,0.791428571429,2.38288919582,1.02123822678,0.450476190476,0.550193278474,0.385649494258,1.8,NaN,NaN,NaN,0,0,0,0,0.406060606061,NaN,NaN,NaN,NaN,NaN,0.6,0.266666666667,0.133333333333,30,71,0.0816091954023,1.42727272727,4.73333333333,5.91666666667,2.62962962963,4.32262159705,0.913229914869,0.387323943662,4.75962424867,2.01110883747,0.791079812207,2.35596577069,0.995478494656,0.433333333333,0.551765992998,0.386587638406,1.81818181818,NaN,NaN,NaN,0,0,0,0,0.406060606061,NaN,NaN,NaN,NaN,NaN,0.6,0.3,0.1,1,0.00114942528736,0.00060606060606,0.0666666666667,0.0833333333333,-0.0626780626781,0.0207909255271,-0.00859094331376,-0.00553319919517,0.0594163784785,-0.00326596404443,-0.000348759221999,-0.0269234251308,-0.0257597321226,-0.0171428571429,0.00157271452357,0.000938144148461,0.0181818181818,NaN,NaN,NaN,0,0,0,0,0,0,0.0333333333333,-0.0333333333333,70,1,0,799,1,0.99875,0.00125,0,0.985915492958,1,0.992907801418,0.992311996598,0.99875,0.985915492958,15,14,0,5,1,5
3,WLNM_dir_neg_kfold,0.97193877551,0.804166666667,00:00:03,10,80,3,13348,fixed,0.5,1,0.214285714286,0.352941176471,3,0,11,28,0.214285714286,1,0,0.785714285714,1,0.214285714286,0.352941176471,0.738095238095,0.642857142857,0.266666666667,0.392232270276,0.214285714286,71,57,14,0,71,0,57,0,14,30,70,0.0804597701149,1.42666666667,4.66666666667,5.83333333333,2.69230769231,4.30183067152,0.921820858183,0.392857142857,4.70020787019,2.01437480151,0.791428571429,2.38288919582,1.02123822678,0.450476190476,0.550193278474,0.385649494258,1.8,NaN,NaN,NaN,0,0,0,0,0.406060606061,NaN,NaN,NaN,NaN,NaN,0.6,0.266666666667,0.133333333333,30,59,0.067816091954,1.425,3.93333333333,4.91666666667,2.45833333333,3.61923342363,0.920144090753,0.424858757062,3.78274971447,1.9234320582,0.779096045198,2.31163971261,1.17541002336,0.519209039548,0.545949031346,0.38312212726,1.75,NaN,NaN,NaN,0,0,0,0,0.39214699442,NaN,NaN,NaN,NaN,NaN,0.6,0.2,0.2,-11,-0.0126436781609,-0.00166666666667,-0.733333333333,-0.916666666667,-0.233974358974,-0.682597247892,-0.00167676742991,0.032001614205,-0.917458155722,-0.0909427433062,-0.0123325262308,-0.0712494832059,0.154171796583,0.0687328490718,-0.00424424712822,-0.00252736699728,-0.05,NaN,NaN,NaN,0,0,0,0,-0.0139136116409,0,-0.0666666666667,0.0666666666667,59,0,11,800,0.842857142857,1,0,0.157142857143,1,0.842857142857,0.914728682171,0.91182511944,0.842857142857,0.842857142857,3,14,0,5,1,5
4,WLNM_dir_neg_kfold,0.97193877551,0.804166666667,00:00:03,10,80,4,13349,fixed,0.5,0.75,0.214285714286,0.333333333333,3,1,11,27,0.214285714286,0.964285714286,0.0357142857143,0.785714285714,0.75,0.214285714286,0.333333333333,0.714285714286,0.634920634921,0.217391304348,0.286769667338,0.178571428571,71,57,14,0,71,0,57,0,14,30,70,0.0804597701149,1.42666666667,4.66666666667,5.83333333333,2.69230769231,4.30183067152,0.921820858183,0.392857142857,4.70020787019,2.01437480151,0.791428571429,2.38288919582,1.02123822678,0.450476190476,0.550193278474,0.385649494258,1.8,NaN,NaN,NaN,0,0,0,0,0.406060606061,NaN,NaN,NaN,NaN,NaN,0.6,0.266666666667,0.133333333333,30,60,0.0689655172414,1.4625,4,4.61538461538,2.5,3.65777396032,0.914443490081,0.418888888889,3.7692037026,1.8846018513,0.768888888889,2.43537152869,1.21768576435,0.526666666667,0.560124293472,0.382990969896,1.875,NaN,NaN,NaN,0,0,0,0,0.379935235704,NaN,NaN,NaN,NaN,NaN,0.566666666667,0.233333333333,0.2,-10,-0.0114942528736,0.0358333333333,-0.666666666667,-1.21794871795,-0.192307692308,-0.644056711196,-0.00737736810191,0.0260317460317,-0.931004167585,-0.129772950208,-0.0225396825397,0.0524823328742,0.196447537567,0.0761904761905,0.0099310149982,-0.00265852436196,0.075,NaN,NaN,NaN,0,0,0,0,-0.0261253703561,-0.0333333333333,-0.0333333333333,0.0666666666667,59,1,11,799,0.842857142857,0.99875,0.00125,0.157142857143,0.983333333333,0.842857142857,0.907692307692,0.903410828106,0.841607142857,0.830985915493,4,14,0,5,1,5
5,WLNM_dir_neg_kfold,0.985969387755,0.902380952381,00:00:03,10,80,5,13350,fixed,0.5,1,0.0714285714286,0.133333333333,1,0,13,28,0.0714285714286,1,0,0.928571428571,1,0.0714285714286,0.133333333333,0.690476190476,0.65873015873,0.093023255814,0.22086305215,0.0714285714286,71,57,14,0,71,0,57,0,14,30,70,0.0804597701149,1.42666666667,4.66666666667,5.83333333333,2.69230769231,4.30183067152,0.921820858183,0.392857142857,4.70020787019,2.01437480151,0.791428571429,2.38288919582,1.02123822678,0.450476190476,0.550193278474,0.385649494258,1.8,NaN,NaN,NaN,0,0,0,0,0.406060606061,NaN,NaN,NaN,NaN,NaN,0.6,0.266666666667,0.133333333333,30,57,0.0655172413793,1.425,3.8,4.75,2.375,3.56612413964,0.938453720957,0.430409356725,3.79064183447,1.99507464972,0.794736842105,2.12294525406,1.1173396074,0.505847953216,0.545949031346,0.38312212726,1.75,NaN,NaN,NaN,0,0,0,0,0.311699663972,NaN,NaN,NaN,NaN,NaN,0.6,0.2,0.2,-13,-0.0149425287356,-0.00166666666667,-0.866666666667,-1.08333333333,-0.317307692308,-0.735706531883,0.0166328627744,0.037552213868,-0.909566035718,-0.0193001517881,0.00330827067669,-0.25994394176,0.0961013806199,0.0553717627402,-0.00424424712822,-0.00252736699728,-0.05,NaN,NaN,NaN,0,0,0,0,-0.0943609420882,0,-0.0666666666667,0.0666666666667,57,0,13,800,0.814285714286,1,0,0.185714285714,1,0.814285714286,0.897637795276,0.895134155034,0.814285714286,0.814285714286,1,14,0,5,1,5
6,WLNM_dir_neg_kfold,0.94387755102,0.722321428571,00:00:03,10,80,6,13351,fixed,0.5,0.875,1,0.933333333333,14,2,0,26,1,0.928571428571,0.0714285714286,0,0.875,1,0.933333333333,0.952380952381,0.539682539683,0.896551724138,0.901387818866,0.928571428571,71,57,14,0,71,0,57,0,14,30,70,0.0804597701149,1.42666666667,4.66666666667,5.83333333333,2.69230769231,4.30183067152,0.921820858183,0.392857142857,4.70020787019,2.01437480151,0.791428571429,2.38288919582,1.02123822678,0.450476190476,0.550193278474,0.385649494258,1.8,NaN,NaN,NaN,0,0,0,0,0.406060606061,NaN,NaN,NaN,NaN,NaN,0.6,0.266666666667,0.133333333333,30,72,0.0827586206897,1.53,4.8,5.14285714286,2.76923076923,4.35018826386,0.906289221638,0.381481481481,4.6727382506,1.94697427108,0.773148148148,2.62087113709,1.09202964045,0.464814814815,0.62098364685,0.405871664608,2,NaN,NaN,NaN,0,0,0,0,0.386813186813,NaN,NaN,NaN,NaN,NaN,0.533333333333,0.333333333333,0.133333333333,2,0.00229885057471,0.103333333333,0.133333333333,-0.690476190476,0.0769230769231,0.0483575923403,-0.0155316365453,-0.0113756613757,-0.0274696195892,-0.0674005304263,-0.0182804232804,0.237981941275,0.0707914136763,0.0143386243386,0.0707903683759,0.0202221703503,0.2,NaN,NaN,NaN,0,0,0,0,-0.0192474192474,-0.0666666666667,0.0666666666667,0,70,2,0,798,1,0.9975,0.0025,0,0.972222222222,1,0.985915492958,0.984780009274,0.9975,0.972222222222,16,14,0,5,1,5
7,WLNM_dir_neg_kfold,0.94387755102,0.650892857143,00:00:04,10,80,7,13352,fixed,0.5,0.6,0.214285714286,0.315789473684,3,2,11,26,0.214285714286,0.928571428571,0.0714285714286,0.785714285714,0.6,0.214285714286,0.315789473684,0.690476190476,0.626984126984,0.170212765957,0.207950097964,0.142857142857,71,57,14,0,71,0,57,0,14,30,70,0.0804597701149,1.42666666667,4.66666666667,5.83333333333,2.69230769231,4.30183067152,0.921820858183,0.392857142857,4.70020787019,2.01437480151,0.791428571429,2.38288919582,1.02123822678,0.450476190476,0.550193278474,0.385649494258,1.8,NaN,NaN,NaN,0,0,0,0,0.406060606061,NaN,NaN,NaN,NaN,NaN,0.6,0.266666666667,0.133333333333,30,61,0.0701149425287,1.52916666667,4.06666666667,4.35714285714,2.54166666667,3.68532348586,0.906227086686,0.412021857923,3.75530276417,1.84687021189,0.757923497268,2.53911922461,1.24874715964,0.532786885246,0.619095674369,0.404858206672,2,NaN,NaN,NaN,0,0,0,0,0.375894252268,NaN,NaN,NaN,NaN,NaN,0.533333333333,0.266666666667,0.2,-9,-0.0103448275862,0.1025,-0.6,-1.47619047619,-0.150641025641,-0.616507185665,-0.0155937714971,0.0191647150664,-0.94490510602,-0.167504589623,-0.0335050741608,0.156230028793,0.227508932865,0.0823106947697,0.0689023958953,0.0192087124145,0.2,NaN,NaN,NaN,0,0,0,0,-0.0301663537927,-0.0666666666667,0,0.0666666666667,59,2,11,798,0.842857142857,0.9975,0.0025,0.157142857143,0.967213114754,0.842857142857,0.900763358779,0.895197232754,0.840357142857,0.819444444444,5,14,0,5,1,5
8,WLNM_dir_neg_kfold,1,0.928571428571,00:00:03,10,80,8,13353,fixed,0.5,1,0.214285714286,0.352941176471,3,0,11,28,0.214285714286,1,0,0.785714285714,1,0.214285714286,0.352941176471,0.738095238095,0.642857142857,0.266666666667,0.392232270276,0.214285714286,71,57,14,0,71,0,57,0,14,30,70,0.0804597701149,1.42666666667,4.66666666667,5.83333333333,2.69230769231,4.30183067152,0.921820858183,0.392857142857,4.70020787019,2.01437480151,0.791428571429,2.38288919582,1.02123822678,0.450476190476,0.550193278474,0.385649494258,1.8,NaN,NaN,NaN,0,0,0,0,0.406060606061,NaN,NaN,NaN,NaN,NaN,0.6,0.266666666667,0.133333333333,30,59,0.067816091954,1.425,3.93333333333,4.91666666667,2.45833333333,3.61923342363,0.920144090753,0.424858757062,3.78274971447,1.9234320582,0.779096045198,2.31163971261,1.17541002336,0.519209039548,0.545949031346,0.38312212726,1.75,NaN,NaN,NaN,0,0,0,0,0.39214699442,NaN,NaN,NaN,NaN,NaN,0.6,0.2,0.2,-11,-0.0126436781609,-0.00166666666667,-0.733333333333,-0.916666666667,-0.233974358974,-0.682597247892,-0.00167676742991,0.032001614205,-0.917458155722,-0.0909427433062,-0.0123325262308,-0.0712494832059,0.154171796583,0.0687328490718,-0.00424424712822,-0.00252736699728,-0.05,NaN,NaN,NaN,0,0,0,0,-0.0139136116409,0,-0.0666666666667,0.0666666666667,59,0,11,800,0.842857142857,1,0,0.157142857143,1,0.842857142857,0.914728682171,0.91182511944,0.842857142857,0.842857142857,3,14,0,5,1,5
9,WLNM_dir_neg_kfold,0.97193877551,0.804166666667,00:00:03,10,80,9,13354,fixed,0.5,0.933333333333,1,0.965517241379,14,1,0,27,1,0.964285714286,0.0357142857143,0,0.933333333333,1,0.965517241379,0.97619047619,0.547619047619,0.947368421053,0.948683298051,0.964285714286,71,57,14,0,71,0,57,0,14,30,70,0.0804597701149,1.42666666667,4.66666666667,5.83333333333,2.69230769231,4.30183067152,0.921820858183,0.392857142857,4.70020787019,2.01437480151,0.791428571429,2.38288919582,1.02123822678,0.450476190476,0.550193278474,0.385649494258,1.8,NaN,NaN,NaN,0,0,0,0,0.406060606061,NaN,NaN,NaN,NaN,NaN,0.6,0.266666666667,0.133333333333,30,71,0.0816091954023,1.42895833333,4.73333333333,5.91666666667,2.62962962963,4.4793267146,0.946336629844,0.400469483568,4.79571168595,2.0263570504,0.793896713615,2.35596577069,0.995478494656,0.433333333333,0.553088125435,0.387056859905,1.80625,NaN,NaN,NaN,0.177425842132,0.0809352517986,15,0.00369458128079,0.403282828283,NaN,NaN,NaN,NaN,NaN,0.6,0.3,0.1,1,0.00114942528736,0.00229166666667,0.0666666666667,0.0833333333333,-0.0626780626781,0.177496043075,0.0245157716612,0.00761234071093,0.0955038157561,0.0119822488898,0.00246814218645,-0.0269234251308,-0.0257597321226,-0.0171428571429,0.00289484696076,0.0014073656473,0.00625,NaN,NaN,NaN,0.177425842132,0.0809352517986,15,0.00369458128079,-0.00277777777778,0,0.0333333333333,-0.0333333333333,70,1,0,799,1,0.99875,0.00125,0,0.985915492958,1,0.992907801418,0.992311996598,0.99875,0.985915492958,15,14,0,5,1,5
10,WLNM_dir_neg_kfold,0.915816326531,0.66281512605,00:00:04,10,80,10,13355,fixed,0.5,0.75,0.214285714286,0.333333333333,3,1,11,27,0.214285714286,0.964285714286,0.0357142857143,0.785714285714,0.75,0.214285714286,0.333333333333,0.714285714286,0.634920634921,0.217391304348,0.286769667338,0.178571428571,71,57,14,0,71,0,57,0,14,30,70,0.0804597701149,1.42666666667,4.66666666667,5.83333333333,2.69230769231,4.30183067152,0.921820858183,0.392857142857,4.70020787019,2.01437480151,0.791428571429,2.38288919582,1.02123822678,0.450476190476,0.550193278474,0.385649494258,1.8,NaN,NaN,NaN,0,0,0,0,0.406060606061,NaN,NaN,NaN,NaN,NaN,0.6,0.266666666667,0.133333333333,30,60,0.0689655172414,1.46412337662,4,4.61538461538,2.5,3.66718909549,0.916797273872,0.422222222222,3.7692037026,1.8846018513,0.768888888889,2.43537152869,1.21768576435,0.526666666667,0.556408694556,0.38002855732,1.76136363636,NaN,NaN,NaN,0.0303821178821,0.016,2,0.000492610837438,0.379935235704,NaN,NaN,NaN,NaN,NaN,0.566666666667,0.233333333333,0.2,-10,-0.0114942528736,0.0374567099567,-0.666666666667,-1.21794871795,-0.192307692308,-0.634641576032,-0.00502358431092,0.0293650793651,-0.931004167585,-0.129772950208,-0.0225396825397,0.0524823328742,0.196447537567,0.0761904761905,0.00621541608211,-0.00562093693786,-0.0386363636364,NaN,NaN,NaN,0.0303821178821,0.016,2,0.000492610837438,-0.0261253703561,-0.0333333333333,-0.0333333333333,0.0666666666667,59,1,11,799,0.842857142857,0.99875,0.00125,0.157142857143,0.983333333333,0.842857142857,0.907692307692,0.903410828106,0.841607142857,0.830985915493,4,14,0,5,1,5
11,WLNM_dir_neg_kfold,0.825255102041,0.495238095238,00:00:04,10,80,11,13356,fixed,0.5,0.6,0.214285714286,0.315789473684,3,2,11,26,0.214285714286,0.928571428571,0.0714285714286,0.785714285714,0.6,0.214285714286,0.315789473684,0.690476190476,0.626984126984,0.170212765957,0.207950097964,0.142857142857,71,57,14,0,71,0,57,0,14,30,70,0.0804597701149,1.42666666667,4.66666666667,5.83333333333,2.69230769231,4.30183067152,0.921820858183,0.392857142857,4.70020787019,2.01437480151,0.791428571429,2.38288919582,1.02123822678,0.450476190476,0.550193278474,0.385649494258,1.8,NaN,NaN,NaN,0,0,0,0,0.406060606061,NaN,NaN,NaN,NaN,NaN,0.6,0.266666666667,0.133333333333,30,61,0.0701149425287,1.5,4.06666666667,4.69230769231,2.44,3.68532348586,0.906227086686,0.415300546448,3.76447398288,1.85138064732,0.760109289617,2.41380131361,1.18711540014,0.507650273224,0.629723529922,0.419815686615,2,NaN,NaN,NaN,0,0,0,0,0.364722670492,NaN,NaN,NaN,NaN,NaN,0.566666666667,0.266666666667,0.166666666667,-9,-0.0103448275862,0.0733333333333,-0.6,-1.14102564103,-0.252307692308,-0.616507185665,-0.0155937714971,0.0224434035909,-0.935733887304,-0.162994154189,-0.0313192818111,0.0309121177982,0.16587717336,0.0571740827479,0.0795302514482,0.0341661923573,0.2,NaN,NaN,NaN,0,0,0,0,-0.0413379355687,-0.0333333333333,0,0.0333333333333,59,2,11,798,0.842857142857,0.9975,0.0025,0.157142857143,0.967213114754,0.842857142857,0.900763358779,0.895197232754,0.840357142857,0.819444444444,5,14,0,5,1,5
12,WLNM_dir_neg_kfold,0.97193877551,0.804166666667,00:00:04,10,80,12,13357,fixed,0.5,0.75,0.214285714286,0.333333333333,3,1,11,27,0.214285714286,0.964285714286,0.0357142857143,0.785714285714,0.75,0.214285714286,0.333333333333,0.714285714286,0.634920634921,0.217391304348,0.286769667338,0.178571428571,71,57,14,0,71,0,57,0,14,30,70,0.0804597701149,1.42666666667,4.66666666667,5.83333333333,2.69230769231,4.30183067152,0.921820858183,0.392857142857,4.70020787019,2.01437480151,0.791428571429,2.38288919582,1.02123822678,0.450476190476,0.550193278474,0.385649494258,1.8,NaN,NaN,NaN,0,0,0,0,0.406060606061,NaN,NaN,NaN,NaN,NaN,0.6,0.266666666667,0.133333333333,30,60,0.0689655172414,1.4625,4,4.61538461538,2.5,3.65777396032,0.914443490081,0.418888888889,3.7692037026,1.8846018513,0.768888888889,2.43537152869,1.21768576435,0.526666666667,0.560124293472,0.382990969896,1.875,NaN,NaN,NaN,0,0,0,0,0.379935235704,NaN,NaN,NaN,NaN,NaN,0.566666666667,0.233333333333,0.2,-10,-0.0114942528736,0.0358333333333,-0.666666666667,-1.21794871795,-0.192307692308,-0.644056711196,-0.00737736810191,0.0260317460317,-0.931004167585,-0.129772950208,-0.0225396825397,0.0524823328742,0.196447537567,0.0761904761905,0.0099310149982,-0.00265852436196,0.075,NaN,NaN,NaN,0,0,0,0,-0.0261253703561,-0.0333333333333,-0.0333333333333,0.0666666666667,59,1,11,799,0.842857142857,0.99875,0.00125,0.157142857143,0.983333333333,0.842857142857,0.907692307692,0.903410828106,0.841607142857,0.830985915493,4,14,0,5,1,5
13,WLNM_dir_neg_kfold,1,0.857142857143,00:00:04,10,80,13,13358,fixed,0.5,0.933333333333,1,0.965517241379,14,1,0,27,1,0.964285714286,0.0357142857143,0,0.933333333333,1,0.965517241379,0.97619047619,0.547619047619,0.947368421053,0.948683298051,0.964285714286,71,57,14,0,71,0,57,0,14,30,70,0.0804597701149,1.42666666667,4.66666666667,5.83333333333,2.69230769231,4.30183067152,0.921820858183,0.392857142857,4.70020787019,2.01437480151,0.791428571429,2.38288919582,1.02123822678,0.450476190476,0.550193278474,0.385649494258,1.8,NaN,NaN,NaN,0,0,0,0,0.406060606061,NaN,NaN,NaN,NaN,NaN,0.6,0.266666666667,0.133333333333,30,71,0.0816091954023,1.46333333333,4.73333333333,5.46153846154,2.73076923077,4.32262159705,0.913229914869,0.387323943662,4.68661581699,1.98026020436,0.782629107981,2.49804521277,1.05551206174,0.457746478873,0.562312548587,0.384268256438,1.9,NaN,NaN,NaN,0,0,0,0,0.391025641026,NaN,NaN,NaN,NaN,NaN,0.566666666667,0.3,0.133333333333,1,0.00114942528736,0.0366666666667,0.0666666666667,-0.371794871795,0.0384615384615,0.0207909255271,-0.00859094331376,-0.00553319919517,-0.0135920531959,-0.0341145971463,-0.00879946344735,0.115156016956,0.0342738349564,0.00727028839705,0.0121192701132,-0.00138123781974,0.1,NaN,NaN,NaN,0,0,0,0,-0.015034965035,-0.0333333333333,0.0333333333333,0,70,1,0,799,1,0.99875,0.00125,0,0.985915492958,1,0.992907801418,0.992311996598,0.99875,0.985915492958,15,14,0,5,1,5
14,WLNM_dir_neg_kfold,0.97193877551,0.804166666667,00:00:03,10,80,14,13359,fixed,0.5,0.933333333333,1,0.965517241379,14,1,0,27,1,0.964285714286,0.0357142857143,0,0.933333333333,1,0.965517241379,0.97619047619,0.547619047619,0.947368421053,0.948683298051,0.964285714286,71,57,14,0,71,0,57,0,14,30,70,0.0804597701149,1.42666666667,4.66666666667,5.83333333333,2.69230769231,4.30183067152,0.921820858183,0.392857142857,4.70020787019,2.01437480151,0.791428571429,2.38288919582,1.02123822678,0.450476190476,0.550193278474,0.385649494258,1.8,NaN,NaN,NaN,0,0,0,0,0.406060606061,NaN,NaN,NaN,NaN,NaN,0.6,0.266666666667,0.133333333333,30,71,0.0816091954023,1.46333333333,4.73333333333,5.46153846154,2.73076923077,4.32262159705,0.913229914869,0.387323943662,4.68661581699,1.98026020436,0.782629107981,2.49804521277,1.05551206174,0.457746478873,0.562312548587,0.384268256438,1.9,NaN,NaN,NaN,0,0,0,0,0.391025641026,NaN,NaN,NaN,NaN,NaN,0.566666666667,0.3,0.133333333333,1,0.00114942528736,0.0366666666667,0.0666666666667,-0.371794871795,0.0384615384615,0.0207909255271,-0.00859094331376,-0.00553319919517,-0.0135920531959,-0.0341145971463,-0.00879946344735,0.115156016956,0.0342738349564,0.00727028839705,0.0121192701132,-0.00138123781974,0.1,NaN,NaN,NaN,0,0,0,0,-0.015034965035,-0.0333333333333,0.0333333333333,0,70,1,0,799,1,0.99875,0.00125,0,0.985915492958,1,0.992907801418,0.992311996598,0.99875,0.985915492958,15,14,0,5,1,5
15,WLNM_dir_neg_kfold,0.97193877551,0.732738095238,00:00:04,10,80,15,13360,fixed,0.5,0.75,0.214285714286,0.333333333333,3,1,11,27,0.214285714286,0.964285714286,0.0357142857143,0.785714285714,0.75,0.214285714286,0.333333333333,0.714285714286,0.634920634921,0.217391304348,0.286769667338,0.178571428571,71,57,14,0,71,0,57,0,14,30,70,0.0804597701149,1.42666666667,4.66666666667,5.83333333333,2.69230769231,4.30183067152,0.921820858183,0.392857142857,4.70020787019,2.01437480151,0.791428571429,2.38288919582,1.02123822678,0.450476190476,0.550193278474,0.385649494258,1.8,NaN,NaN,NaN,0,0,0,0,0.406060606061,NaN,NaN,NaN,NaN,NaN,0.6,0.266666666667,0.133333333333,30,60,0.0689655172414,1.59423701299,4,4.61538461538,2.5,3.65777396032,0.914443490081,0.418888888889,3.7692037026,1.8846018513,0.768888888889,2.30441854436,1.15220927218,0.512222222222,0.718847401845,0.450903721335,2.07386363636,NaN,NaN,NaN,0,0,0,0,0.333419251688,NaN,NaN,NaN,NaN,NaN,0.566666666667,0.233333333333,0.2,-10,-0.0114942528736,0.16757034632,-0.666666666667,-1.21794871795,-0.192307692308,-0.644056711196,-0.00737736810191,0.0260317460317,-0.931004167585,-0.129772950208,-0.0225396825397,-0.0784706514576,0.130971045401,0.061746031746,0.168654123371,0.065254227077,0.273863636364,NaN,NaN,NaN,0,0,0,0,-0.0726413543721,-0.0333333333333,-0.0333333333333,0.0666666666667,59,1,11,799,0.842857142857,0.99875,0.00125,0.157142857143,0.983333333333,0.842857142857,0.907692307692,0.903410828106,0.841607142857,0.830985915493,4,14,0,5,1,5
16,WLNM_dir_neg_kfold,1,0.928571428571,00:00:04,10,80,16,13361,fixed,0.5,1,0.214285714286,0.352941176471,3,0,11,28,0.214285714286,1,0,0.785714285714,1,0.214285714286,0.352941176471,0.738095238095,0.642857142857,0.266666666667,0.392232270276,0.214285714286,71,57,14,0,71,0,57,0,14,30,70,0.0804597701149,1.42666666667,4.66666666667,5.83333333333,2.69230769231,4.30183067152,0.921820858183,0.392857142857,4.70020787019,2.01437480151,0.791428571429,2.38288919582,1.02123822678,0.450476190476,0.550193278474,0.385649494258,1.8,NaN,NaN,NaN,0,0,0,0,0.406060606061,NaN,NaN,NaN,NaN,NaN,0.6,0.266666666667,0.133333333333,30,59,0.067816091954,1.425,3.93333333333,4.91666666667,2.45833333333,3.61923342363,0.920144090753,0.424858757062,3.78274971447,1.9234320582,0.779096045198,2.31163971261,1.17541002336,0.519209039548,0.545949031346,0.38312212726,1.75,NaN,NaN,NaN,0,0,0,0,0.39214699442,NaN,NaN,NaN,NaN,NaN,0.6,0.2,0.2,-11,-0.0126436781609,-0.00166666666667,-0.733333333333,-0.916666666667,-0.233974358974,-0.682597247892,-0.00167676742991,0.032001614205,-0.917458155722,-0.0909427433062,-0.0123325262308,-0.0712494832059,0.154171796583,0.0687328490718,-0.00424424712822,-0.00252736699728,-0.05,NaN,NaN,NaN,0,0,0,0,-0.0139136116409,0,-0.0666666666667,0.0666666666667,59,0,11,800,0.842857142857,1,0,0.157142857143,1,0.842857142857,0.914728682171,0.91182511944,0.842857142857,0.842857142857,3,14,0,5,1,5
17,WLNM_dir_neg_kfold,0.934948979592,0.172587785114,00:00:03,10,80,17,13362,fixed,0.5,0.823529411765,1,0.903225806452,14,3,0,25,1,0.892857142857,0.107142857143,0,0.823529411765,1,0.903225806452,0.928571428571,0.531746031746,0.847457627119,0.857492925713,0.892857142857,71,57,14,0,71,0,57,0,14,30,70,0.0804597701149,1.42666666667,4.66666666667,5.83333333333,2.69230769231,4.30183067152,0.921820858183,0.392857142857,4.70020787019,2.01437480151,0.791428571429,2.38288919582,1.02123822678,0.450476190476,0.550193278474,0.385649494258,1.8,NaN,NaN,NaN,0,0,0,0,0.406060606061,NaN,NaN,NaN,NaN,NaN,0.6,0.266666666667,0.133333333333,30,73,0.083908045977,1.54456368979,4.86666666667,5.61538461538,2.51724137931,4.53897552875,0.932666204537,0.398630136986,4.84008644361,1.98907662066,0.784931506849,2.29967513948,0.945071975127,0.397716894977,0.721425619504,0.467074050926,2.85741663473,NaN,NaN,NaN,0.014048986598,0.0103270223752,2,0.000492610837438,0.341239316239,NaN,NaN,NaN,NaN,NaN,0.566666666667,0.4,0.0333333333333,3,0.00344827586207,0.117897023125,0.2,-0.217948717949,-0.175066312997,0.237144857227,0.0108453463543,0.00577299412916,0.13987857342,-0.0252981808484,-0.00649706457926,-0.0832140563402,-0.0761662516513,-0.052759295499,0.17123234103,0.0814245566685,1.05741663473,NaN,NaN,NaN,0.014048986598,0.0103270223752,2,0.000492610837438,-0.0648212898213,-0.0333333333333,0.133333333333,-0.1,70,3,0,797,1,0.99625,0.00375,0,0.958904109589,1,0.979020979021,0.977398700213,0.99625,0.958904109589,17,14,0,5,1,5
18,WLNM_dir_neg_kfold,0.97193877551,0.804166666667,00:00:03,10,80,18,13363,fixed,0.5,0.75,0.214285714286,0.333333333333,3,1,11,27,0.214285714286,0.964285714286,0.0357142857143,0.785714285714,0.75,0.214285714286,0.333333333333,0.714285714286,0.634920634921,0.217391304348,0.286769667338,0.178571428571,71,57,14,0,71,0,57,0,14,30,70,0.0804597701149,1.42666666667,4.66666666667,5.83333333333,2.69230769231,4.30183067152,0.921820858183,0.392857142857,4.70020787019,2.01437480151,0.791428571429,2.38288919582,1.02123822678,0.450476190476,0.550193278474,0.385649494258,1.8,NaN,NaN,NaN,0,0,0,0,0.406060606061,NaN,NaN,NaN,NaN,NaN,0.6,0.266666666667,0.133333333333,30,60,0.0689655172414,2.10194805195,4,4.61538461538,2.5,3.67658012007,0.919145030018,0.428888888889,3.7692037026,1.8846018513,0.768888888889,2.30441854436,1.15220927218,0.512222222222,1.41687097704,0.67407516362,4,NaN,NaN,NaN,0,0,0,0,0.333419251688,NaN,NaN,NaN,NaN,NaN,0.566666666667,0.233333333333,0.2,-10,-0.0114942528736,0.675281385281,-0.666666666667,-1.21794871795,-0.192307692308,-0.625250551449,-0.00267582816496,0.0360317460317,-0.931004167585,-0.129772950208,-0.0225396825397,-0.0784706514576,0.130971045401,0.061746031746,0.866677698564,0.288425669363,2.2,NaN,NaN,NaN,0,0,0,0,-0.0726413543721,-0.0333333333333,-0.0333333333333,0.0666666666667,59,1,11,799,0.842857142857,0.99875,0.00125,0.157142857143,0.983333333333,0.842857142857,0.907692307692,0.903410828106,0.841607142857,0.830985915493,4,14,0,5,1,5
19,WLNM_dir_neg_kfold,1,0.857142857143,00:00:03,10,80,19,13364,fixed,0.5,1,0.214285714286,0.352941176471,3,0,11,28,0.214285714286,1,0,0.785714285714,1,0.214285714286,0.352941176471,0.738095238095,0.642857142857,0.266666666667,0.392232270276,0.214285714286,71,57,14,0,71,0,57,0,14,30,70,0.0804597701149,1.42666666667,4.66666666667,5.83333333333,2.69230769231,4.30183067152,0.921820858183,0.392857142857,4.70020787019,2.01437480151,0.791428571429,2.38288919582,1.02123822678,0.450476190476,0.550193278474,0.385649494258,1.8,NaN,NaN,NaN,0,0,0,0,0.406060606061,NaN,NaN,NaN,NaN,NaN,0.6,0.266666666667,0.133333333333,30,59,0.067816091954,1.425,3.93333333333,4.91666666667,2.45833333333,3.61923342363,0.920144090753,0.424858757062,3.78274971447,1.9234320582,0.779096045198,2.31163971261,1.17541002336,0.519209039548,0.545949031346,0.38312212726,1.75,NaN,NaN,NaN,0,0,0,0,0.39214699442,NaN,NaN,NaN,NaN,NaN,0.6,0.2,0.2,-11,-0.0126436781609,-0.00166666666667,-0.733333333333,-0.916666666667,-0.233974358974,-0.682597247892,-0.00167676742991,0.032001614205,-0.917458155722,-0.0909427433062,-0.0123325262308,-0.0712494832059,0.154171796583,0.0687328490718,-0.00424424712822,-0.00252736699728,-0.05,NaN,NaN,NaN,0,0,0,0,-0.0139136116409,0,-0.0666666666667,0.0666666666667,59,0,11,800,0.842857142857,1,0,0.157142857143,1,0.842857142857,0.914728682171,0.91182511944,0.842857142857,0.842857142857,3,14,0,5,1,5
20,WLNM_dir_neg_kfold,0.97193877551,0.804166666667,00:00:03,10,80,20,13365,fixed,0.5,0.75,0.214285714286,0.333333333333,3,1,11,27,0.214285714286,0.964285714286,0.0357142857143,0.785714285714,0.75,0.214285714286,0.333333333333,0.714285714286,0.634920634921,0.217391304348,0.286769667338,0.178571428571,71,57,14,0,71,0,57,0,14,30,70,0.0804597701149,1.42666666667,4.66666666667,5.83333333333,2.69230769231,4.30183067152,0.921820858183,0.392857142857,4.70020787019,2.01437480151,0.791428571429,2.38288919582,1.02123822678,0.450476190476,0.550193278474,0.385649494258,1.8,NaN,NaN,NaN,0,0,0,0,0.406060606061,NaN,NaN,NaN,NaN,NaN,0.6,0.266666666667,0.133333333333,30,60,0.0689655172414,2.10194805195,4,4.61538461538,2.5,3.67658012007,0.919145030018,0.428888888889,3.7692037026,1.8846018513,0.768888888889,2.30441854436,1.15220927218,0.512222222222,1.41687097704,0.67407516362,4,NaN,NaN,NaN,0,0,0,0,0.333419251688,NaN,NaN,NaN,NaN,NaN,0.566666666667,0.233333333333,0.2,-10,-0.0114942528736,0.675281385281,-0.666666666667,-1.21794871795,-0.192307692308,-0.625250551449,-0.00267582816496,0.0360317460317,-0.931004167585,-0.129772950208,-0.0225396825397,-0.0784706514576,0.130971045401,0.061746031746,0.866677698564,0.288425669363,2.2,NaN,NaN,NaN,0,0,0,0,-0.0726413543721,-0.0333333333333,-0.0333333333333,0.0666666666667,59,1,11,799,0.842857142857,0.99875,0.00125,0.157142857143,0.983333333333,0.842857142857,0.907692307692,0.903410828106,0.841607142857,0.830985915493,4,14,0,5,1,5
21,WLNM_dir_neg_kfold,0.960459183673,0.437793299138,00:00:03,10,80,1,14346,fixed,0.5,0.875,0.5,0.636363636364,7,1,7,27,0.5,0.964285714286,0.0357142857143,0.5,0.875,0.5,0.636363636364,0.809523809524,0.603174603175,0.52,0.557370401713,0.464285714286,71,57,14,0,71,0,57,0,14,30,70,0.0804597701149,1.42666666667,4.66666666667,5.83333333333,2.69230769231,4.30183067152,0.921820858183,0.392857142857,4.70020787019,2.01437480151,0.791428571429,2.38288919582,1.02123822678,0.450476190476,0.550193278474,0.385649494258,1.8,NaN,NaN,NaN,0,0,0,0,0.406060606061,NaN,NaN,NaN,NaN,NaN,0.6,0.266666666667,0.133333333333,30,64,0.0735632183908,1.36111111111,4.26666666667,6.4,2.90909090909,4.37022317219,1.02427105598,0.447395833333,4.65894270478,2.18387939287,0.819791666667,2.27024734082,1.06417844101,0.501041666667,0.539766043638,0.396562807571,1.83333333333,NaN,NaN,NaN,0,0,0,0,0.449444444444,NaN,NaN,NaN,NaN,NaN,0.566666666667,0.166666666667,0.166666666667,-6,-0.00689655172414,-0.0655555555556,-0.4,0.566666666667,0.216783216783,0.0683925006654,0.102450197798,0.0545386904762,-0.0412651654077,0.169504591357,0.0283630952381,-0.112641854996,0.0429402142313,0.0505654761905,-0.0104272348362,0.0109133133132,0.0333333333333,NaN,NaN,NaN,0,0,0,0,0.0433838383838,-0.0333333333333,-0.1,0.0333333333333,63,1,7,799,0.9,0.99875,0.00125,0.1,0.984375,0.9,0.940298507463,0.936430195027,0.89875,0.887323943662,8,14,0,5,2,5
22,WLNM_dir_neg_kfold,0.987244897959,0.697759538598,00:00:03,10,80,2,14347,fixed,0.5,1,0.285714285714,0.444444444444,4,0,10,28,0.285714285714,1,0,0.714285714286,1,0.285714285714,0.444444444444,0.761904761905,0.634920634921,0.347826086957,0.458831467741,0.285714285714,71,57,14,0,71,0,57,0,14,30,70,0.0804597701149,1.42666666667,4.66666666667,5.83333333333,2.69230769231,4.30183067152,0.921820858183,0.392857142857,4.70020787019,2.01437480151,0.791428571429,2.38288919582,1.02123822678,0.450476190476,0.550193278474,0.385649494258,1.8,NaN,NaN,NaN,0,0,0,0,0.406060606061,NaN,NaN,NaN,NaN,NaN,0.6,0.266666666667,0.133333333333,30,60,0.0689655172414,1.35666666667,4,6,2.4,3.80562197554,0.951405493884,0.443333333333,4.09372943533,2.04686471766,0.805555555556,2.06781577249,1.03390788625,0.476666666667,0.527638416769,0.388922665923,1.7,NaN,NaN,NaN,0,0,0,0,0.434269434269,NaN,NaN,NaN,NaN,NaN,0.6,0.233333333333,0.1,-10,-0.0114942528736,-0.07,-0.666666666667,0.166666666667,-0.292307692308,-0.496208695984,0.0295846357012,0.0504761904762,-0.606478434863,0.0324899161534,0.014126984127,-0.315073423325,0.0126696594672,0.0261904761905,-0.0225548617051,0.00327317166555,-0.1,NaN,NaN,NaN,0,0,0,0,0.0282088282088,0,-0.0333333333333,-0.0333333333333,60,0,10,800,0.857142857143,1,0,0.142857142857,1,0.857142857143,0.923076923077,0.920087412456,0.857142857143,0.857142857143,4,14,0,5,2,5
23,WLNM_dir_neg_kfold,0.918367346939,0.54569633995,00:00:03,10,80,3,14348,fixed,0.5,0.666666666667,0.285714285714,0.4,4,2,10,26,0.285714285714,0.928571428571,0.0714285714286,0.714285714286,0.666666666667,0.285714285714,0.4,0.714285714286,0.619047619048,0.25,0.288675134595,0.214285714286,71,57,14,0,71,0,57,0,14,30,70,0.0804597701149,1.42666666667,4.66666666667,5.83333333333,2.69230769231,4.30183067152,0.921820858183,0.392857142857,4.70020787019,2.01437480151,0.791428571429,2.38288919582,1.02123822678,0.450476190476,0.550193278474,0.385649494258,1.8,NaN,NaN,NaN,0,0,0,0,0.406060606061,NaN,NaN,NaN,NaN,NaN,0.6,0.266666666667,0.133333333333,30,62,0.0712643678161,1.56666666667,4.13333333333,5.16666666667,2.38461538462,3.87506025166,0.937514577015,0.429032258065,4.06781592956,1.96829803043,0.788172043011,2.03306009093,0.983738753676,0.450537634409,0.858359836663,0.547889257444,3,NaN,NaN,NaN,0,0,0,0,0.311244311244,NaN,NaN,NaN,NaN,NaN,0.566666666667,0.3,0.1,-8,-0.00919540229885,0.14,-0.533333333333,-0.666666666667,-0.307692307692,-0.426770419857,0.0156937188324,0.0361751152074,-0.632391940629,-0.0460767710774,-0.00325652841782,-0.349829104887,-0.0374994731027,6.14439324116e-05,0.308166558188,0.162239763187,1.2,NaN,NaN,NaN,0,0,0,0,-0.0948162948163,-0.0333333333333,0.0333333333333,-0.0333333333333,60,2,10,798,0.857142857143,0.9975,0.0025,0.142857142857,0.967741935484,0.857142857143,0.909090909091,0.903601942027,0.854642857143,0.833333333333,6,14,0,5,2,5
24,WLNM_dir_neg_kfold,0.992346938776,0.489285714286,00:00:03,10,80,4,14349,fixed,0.5,0,0,0,0,0,14,28,0,1,0,1,0,0,0,0.666666666667,0.666666666667,0,0,0,71,57,14,0,71,0,57,0,14,30,70,0.0804597701149,1.42666666667,4.66666666667,5.83333333333,2.69230769231,4.30183067152,0.921820858183,0.392857142857,4.70020787019,2.01437480151,0.791428571429,2.38288919582,1.02123822678,0.450476190476,0.550193278474,0.385649494258,1.8,NaN,NaN,NaN,0,0,0,0,0.406060606061,NaN,NaN,NaN,NaN,NaN,0.6,0.266666666667,0.133333333333,30,56,0.064367816092,1.36111111111,3.73333333333,5.6,2.66666666667,3.74104294266,1.00206507393,0.469642857143,3.88394869576,2.0806868013,0.808333333333,2.16131079852,1.15784507064,0.54880952381,0.539766043638,0.396562807571,1.83333333333,NaN,NaN,NaN,0,0,0,0,0.434269434269,NaN,NaN,NaN,NaN,NaN,0.533333333333,0.166666666667,0.166666666667,-14,-0.016091954023,-0.0655555555556,-0.933333333333,-0.233333333333,-0.025641025641,-0.560787728858,0.0802442157446,0.0767857142857,-0.816259174433,0.0663119997882,0.0169047619048,-0.221578397293,0.136606843859,0.0983333333333,-0.0104272348362,0.0109133133132,0.0333333333333,NaN,NaN,NaN,0,0,0,0,0.0282088282088,-0.0666666666667,-0.1,0.0333333333333,56,0,14,800,0.8,1,0,0.2,1,0.8,0.888888888889,0.886702197043,0.8,0.8,0,14,0,5,2,5
25,WLNM_dir_neg_kfold,0.959183673469,0.432622279681,00:00:03,10,80,5,14350,fixed,0.5,0,0,0,0,0,14,28,0,1,0,1,0,0,0,0.666666666667,0.666666666667,0,0,0,71,57,14,0,71,0,57,0,14,30,70,0.0804597701149,1.42666666667,4.66666666667,5.83333333333,2.69230769231,4.30183067152,0.921820858183,0.392857142857,4.70020787019,2.01437480151,0.791428571429,2.38288919582,1.02123822678,0.450476190476,0.550193278474,0.385649494258,1.8,NaN,NaN,NaN,0,0,0,0,0.406060606061,NaN,NaN,NaN,NaN,NaN,0.6,0.266666666667,0.133333333333,30,56,0.064367816092,1.36111111111,3.73333333333,5.6,2.66666666667,3.74104294266,1.00206507393,0.469642857143,3.88394869576,2.0806868013,0.808333333333,2.16131079852,1.15784507064,0.54880952381,0.539766043638,0.396562807571,1.83333333333,NaN,NaN,NaN,0,0,0,0,0.434269434269,NaN,NaN,NaN,NaN,NaN,0.533333333333,0.166666666667,0.166666666667,-14,-0.016091954023,-0.0655555555556,-0.933333333333,-0.233333333333,-0.025641025641,-0.560787728858,0.0802442157446,0.0767857142857,-0.816259174433,0.0663119997882,0.0169047619048,-0.221578397293,0.136606843859,0.0983333333333,-0.0104272348362,0.0109133133132,0.0333333333333,NaN,NaN,NaN,0,0,0,0,0.0282088282088,-0.0666666666667,-0.1,0.0333333333333,56,0,14,800,0.8,1,0,0.2,1,0.8,0.888888888889,0.886702197043,0.8,0.8,0,14,0,5,2,5
26,WLNM_dir_neg_kfold,0.961734693878,0.445168067227,00:00:04,10,80,6,14351,fixed,0.5,1,0.5,0.666666666667,7,0,7,28,0.5,1,0,0.5,1,0.5,0.666666666667,0.833333333333,0.611111111111,0.571428571429,0.632455532034,0.5,71,57,14,0,71,0,57,0,14,30,70,0.0804597701149,1.42666666667,4.66666666667,5.83333333333,2.69230769231,4.30183067152,0.921820858183,0.392857142857,4.70020787019,2.01437480151,0.791428571429,2.38288919582,1.02123822678,0.450476190476,0.550193278474,0.385649494258,1.8,NaN,NaN,NaN,0,0,0,0,0.406060606061,NaN,NaN,NaN,NaN,NaN,0.6,0.266666666667,0.133333333333,30,63,0.0724137931034,1.36111111111,4.2,6.3,3,4.30236502724,1.02437262553,0.45291005291,4.55881109728,2.17086242728,0.81746031746,2.29467148877,1.09270070894,0.515873015873,0.539766043638,0.396562807571,1.83333333333,NaN,NaN,NaN,0,0,0,0,0.453333333333,NaN,NaN,NaN,NaN,NaN,0.533333333333,0.166666666667,0.166666666667,-7,-0.00804597701149,-0.0655555555556,-0.466666666667,0.466666666667,0.307692307692,0.000534355715559,0.102551767349,0.0600529100529,-0.141396772909,0.156487625767,0.0260317460317,-0.0882177070456,0.07146248216,0.0653968253968,-0.0104272348362,0.0109133133132,0.0333333333333,NaN,NaN,NaN,0,0,0,0,0.0472727272727,-0.0666666666667,-0.1,0.0333333333333,63,0,7,800,0.9,1,0,0.1,1,0.9,0.947368421053,0.94455984911,0.9,0.9,7,14,0,5,2,5
27,WLNM_dir_neg_kfold,0.980867346939,0.473320578231,00:00:02,10,80,7,14352,fixed,0.5,1,0.5,0.666666666667,7,0,7,28,0.5,1,0,0.5,1,0.5,0.666666666667,0.833333333333,0.611111111111,0.571428571429,0.632455532034,0.5,71,57,14,0,71,0,57,0,14,30,70,0.0804597701149,1.42666666667,4.66666666667,5.83333333333,2.69230769231,4.30183067152,0.921820858183,0.392857142857,4.70020787019,2.01437480151,0.791428571429,2.38288919582,1.02123822678,0.450476190476,0.550193278474,0.385649494258,1.8,NaN,NaN,NaN,0,0,0,0,0.406060606061,NaN,NaN,NaN,NaN,NaN,0.6,0.266666666667,0.133333333333,30,63,0.0724137931034,1.36111111111,4.2,6.3,3,4.30236502724,1.02437262553,0.45291005291,4.55881109728,2.17086242728,0.81746031746,2.29467148877,1.09270070894,0.515873015873,0.539766043638,0.396562807571,1.83333333333,NaN,NaN,NaN,0,0,0,0,0.453333333333,NaN,NaN,NaN,NaN,NaN,0.533333333333,0.166666666667,0.166666666667,-7,-0.00804597701149,-0.0655555555556,-0.466666666667,0.466666666667,0.307692307692,0.000534355715559,0.102551767349,0.0600529100529,-0.141396772909,0.156487625767,0.0260317460317,-0.0882177070456,0.07146248216,0.0653968253968,-0.0104272348362,0.0109133133132,0.0333333333333,NaN,NaN,NaN,0,0,0,0,0.0472727272727,-0.0666666666667,-0.1,0.0333333333333,63,0,7,800,0.9,1,0,0.1,1,0.9,0.947368421053,0.94455984911,0.9,0.9,7,14,0,5,2,5
28,WLNM_dir_neg_kfold,0.983418367347,0.475214517625,00:00:02,10,80,8,14353,fixed,0.5,0,0,0,0,0,14,28,0,1,0,1,0,0,0,0.666666666667,0.666666666667,0,0,0,71,57,14,0,71,0,57,0,14,30,70,0.0804597701149,1.42666666667,4.66666666667,5.83333333333,2.69230769231,4.30183067152,0.921820858183,0.392857142857,4.70020787019,2.01437480151,0.791428571429,2.38288919582,1.02123822678,0.450476190476,0.550193278474,0.385649494258,1.8,NaN,NaN,NaN,0,0,0,0,0.406060606061,NaN,NaN,NaN,NaN,NaN,0.6,0.266666666667,0.133333333333,30,56,0.064367816092,1.36111111111,3.73333333333,5.6,2.66666666667,3.74104294266,1.00206507393,0.469642857143,3.88394869576,2.0806868013,0.808333333333,2.16131079852,1.15784507064,0.54880952381,0.539766043638,0.396562807571,1.83333333333,NaN,NaN,NaN,0,0,0,0,0.434269434269,NaN,NaN,NaN,NaN,NaN,0.533333333333,0.166666666667,0.166666666667,-14,-0.016091954023,-0.0655555555556,-0.933333333333,-0.233333333333,-0.025641025641,-0.560787728858,0.0802442157446,0.0767857142857,-0.816259174433,0.0663119997882,0.0169047619048,-0.221578397293,0.136606843859,0.0983333333333,-0.0104272348362,0.0109133133132,0.0333333333333,NaN,NaN,NaN,0,0,0,0,0.0282088282088,-0.0666666666667,-0.1,0.0333333333333,56,0,14,800,0.8,1,0,0.2,1,0.8,0.888888888889,0.886702197043,0.8,0.8,0,14,0,5,2,5
29,WLNM_dir_neg_kfold,0.980867346939,0.473320578231,00:00:02,10,80,9,14354,fixed,0.5,1,0.5,0.666666666667,7,0,7,28,0.5,1,0,0.5,1,0.5,0.666666666667,0.833333333333,0.611111111111,0.571428571429,0.632455532034,0.5,71,57,14,0,71,0,57,0,14,30,70,0.0804597701149,1.42666666667,4.66666666667,5.83333333333,2.69230769231,4.30183067152,0.921820858183,0.392857142857,4.70020787019,2.01437480151,0.791428571429,2.38288919582,1.02123822678,0.450476190476,0.550193278474,0.385649494258,1.8,NaN,NaN,NaN,0,0,0,0,0.406060606061,NaN,NaN,NaN,NaN,NaN,0.6,0.266666666667,0.133333333333,30,63,0.0724137931034,1.36111111111,4.2,6.3,3,4.30236502724,1.02437262553,0.45291005291,4.55881109728,2.17086242728,0.81746031746,2.29467148877,1.09270070894,0.515873015873,0.539766043638,0.396562807571,1.83333333333,NaN,NaN,NaN,0,0,0,0,0.453333333333,NaN,NaN,NaN,NaN,NaN,0.533333333333,0.166666666667,0.166666666667,-7,-0.00804597701149,-0.0655555555556,-0.466666666667,0.466666666667,0.307692307692,0.000534355715559,0.102551767349,0.0600529100529,-0.141396772909,0.156487625767,0.0260317460317,-0.0882177070456,0.07146248216,0.0653968253968,-0.0104272348362,0.0109133133132,0.0333333333333,NaN,NaN,NaN,0,0,0,0,0.0472727272727,-0.0666666666667,-0.1,0.0333333333333,63,0,7,800,0.9,1,0,0.1,1,0.9,0.947368421053,0.94455984911,0.9,0.9,7,14,0,5,2,5
30,WLNM_dir_neg_kfold,0.966836734694,0.445918367347,00:00:02,10,80,10,14355,fixed,0.5,0.875,0.5,0.636363636364,7,1,7,27,0.5,0.964285714286,0.0357142857143,0.5,0.875,0.5,0.636363636364,0.809523809524,0.603174603175,0.52,0.557370401713,0.464285714286,71,57,14,0,71,0,57,0,14,30,70,0.0804597701149,1.42666666667,4.66666666667,5.83333333333,2.69230769231,4.30183067152,0.921820858183,0.392857142857,4.70020787019,2.01437480151,0.791428571429,2.38288919582,1.02123822678,0.450476190476,0.550193278474,0.385649494258,1.8,NaN,NaN,NaN,0,0,0,0,0.406060606061,NaN,NaN,NaN,NaN,NaN,0.6,0.266666666667,0.133333333333,30,64,0.0735632183908,1.36111111111,4.26666666667,6.4,2.90909090909,4.3623256478,1.0224200737,0.446875,4.65894270478,2.18387939287,0.819791666667,2.27024734082,1.06417844101,0.501041666667,0.539766043638,0.396562807571,1.83333333333,NaN,NaN,NaN,0,0,0,0,0.449444444444,NaN,NaN,NaN,NaN,NaN,0.566666666667,0.166666666667,0.166666666667,-6,-0.00689655172414,-0.0655555555556,-0.4,0.566666666667,0.216783216783,0.0604949762812,0.100599215521,0.0540178571429,-0.0412651654077,0.169504591357,0.0283630952381,-0.112641854996,0.0429402142313,0.0505654761905,-0.0104272348362,0.0109133133132,0.0333333333333,NaN,NaN,NaN,0,0,0,0,0.0433838383838,-0.0333333333333,-0.1,0.0333333333333,63,1,7,799,0.9,0.99875,0.00125,0.1,0.984375,0.9,0.940298507463,0.936430195027,0.89875,0.887323943662,8,14,0,5,2,5
31,WLNM_dir_neg_kfold,0.982142857143,0.476715686275,00:00:03,10,80,11,14356,fixed,0.5,1,0.5,0.666666666667,7,0,7,28,0.5,1,0,0.5,1,0.5,0.666666666667,0.833333333333,0.611111111111,0.571428571429,0.632455532034,0.5,71,57,14,0,71,0,57,0,14,30,70,0.0804597701149,1.42666666667,4.66666666667,5.83333333333,2.69230769231,4.30183067152,0.921820858183,0.392857142857,4.70020787019,2.01437480151,0.791428571429,2.38288919582,1.02123822678,0.450476190476,0.550193278474,0.385649494258,1.8,NaN,NaN,NaN,0,0,0,0,0.406060606061,NaN,NaN,NaN,NaN,NaN,0.6,0.266666666667,0.133333333333,30,63,0.0724137931034,1.36111111111,4.2,6.3,3,4.30236502724,1.02437262553,0.45291005291,4.55881109728,2.17086242728,0.81746031746,2.29467148877,1.09270070894,0.515873015873,0.539766043638,0.396562807571,1.83333333333,NaN,NaN,NaN,0,0,0,0,0.453333333333,NaN,NaN,NaN,NaN,NaN,0.533333333333,0.166666666667,0.166666666667,-7,-0.00804597701149,-0.0655555555556,-0.466666666667,0.466666666667,0.307692307692,0.000534355715559,0.102551767349,0.0600529100529,-0.141396772909,0.156487625767,0.0260317460317,-0.0882177070456,0.07146248216,0.0653968253968,-0.0104272348362,0.0109133133132,0.0333333333333,NaN,NaN,NaN,0,0,0,0,0.0472727272727,-0.0666666666667,-0.1,0.0333333333333,63,0,7,800,0.9,1,0,0.1,1,0.9,0.947368421053,0.94455984911,0.9,0.9,7,14,0,5,2,5
32,WLNM_dir_neg_kfold,0.90943877551,0.606150793651,00:00:03,10,80,12,14357,fixed,0.5,0,0,0,0,0,14,28,0,1,0,1,0,0,0,0.666666666667,0.666666666667,0,0,0,71,57,14,0,71,0,57,0,14,30,70,0.0804597701149,1.42666666667,4.66666666667,5.83333333333,2.69230769231,4.30183067152,0.921820858183,0.392857142857,4.70020787019,2.01437480151,0.791428571429,2.38288919582,1.02123822678,0.450476190476,0.550193278474,0.385649494258,1.8,NaN,NaN,NaN,0,0,0,0,0.406060606061,NaN,NaN,NaN,NaN,NaN,0.6,0.266666666667,0.133333333333,30,56,0.064367816092,1.36111111111,3.73333333333,5.6,2.66666666667,3.74104294266,1.00206507393,0.469642857143,3.88394869576,2.0806868013,0.808333333333,2.16131079852,1.15784507064,0.54880952381,0.539766043638,0.396562807571,1.83333333333,NaN,NaN,NaN,0,0,0,0,0.434269434269,NaN,NaN,NaN,NaN,NaN,0.533333333333,0.166666666667,0.166666666667,-14,-0.016091954023,-0.0655555555556,-0.933333333333,-0.233333333333,-0.025641025641,-0.560787728858,0.0802442157446,0.0767857142857,-0.816259174433,0.0663119997882,0.0169047619048,-0.221578397293,0.136606843859,0.0983333333333,-0.0104272348362,0.0109133133132,0.0333333333333,NaN,NaN,NaN,0,0,0,0,0.0282088282088,-0.0666666666667,-0.1,0.0333333333333,56,0,14,800,0.8,1,0,0.2,1,0.8,0.888888888889,0.886702197043,0.8,0.8,0,14,0,5,2,5
33,WLNM_dir_neg_kfold,0.968112244898,0.445203900958,00:00:03,10,80,13,14358,fixed,0.5,0,0,0,0,0,14,28,0,1,0,1,0,0,0,0.666666666667,0.666666666667,0,0,0,71,57,14,0,71,0,57,0,14,30,70,0.0804597701149,1.42666666667,4.66666666667,5.83333333333,2.69230769231,4.30183067152,0.921820858183,0.392857142857,4.70020787019,2.01437480151,0.791428571429,2.38288919582,1.02123822678,0.450476190476,0.550193278474,0.385649494258,1.8,NaN,NaN,NaN,0,0,0,0,0.406060606061,NaN,NaN,NaN,NaN,NaN,0.6,0.266666666667,0.133333333333,30,56,0.064367816092,1.36111111111,3.73333333333,5.6,2.66666666667,3.74104294266,1.00206507393,0.469642857143,3.88394869576,2.0806868013,0.808333333333,2.16131079852,1.15784507064,0.54880952381,0.539766043638,0.396562807571,1.83333333333,NaN,NaN,NaN,0,0,0,0,0.434269434269,NaN,NaN,NaN,NaN,NaN,0.533333333333,0.166666666667,0.166666666667,-14,-0.016091954023,-0.0655555555556,-0.933333333333,-0.233333333333,-0.025641025641,-0.560787728858,0.0802442157446,0.0767857142857,-0.816259174433,0.0663119997882,0.0169047619048,-0.221578397293,0.136606843859,0.0983333333333,-0.0104272348362,0.0109133133132,0.0333333333333,NaN,NaN,NaN,0,0,0,0,0.0282088282088,-0.0666666666667,-0.1,0.0333333333333,56,0,14,800,0.8,1,0,0.2,1,0.8,0.888888888889,0.886702197043,0.8,0.8,0,14,0,5,2,5
34,WLNM_dir_neg_kfold,0.992346938776,0.489285714286,00:00:03,10,80,14,14359,fixed,0.5,1,0.5,0.666666666667,7,0,7,28,0.5,1,0,0.5,1,0.5,0.666666666667,0.833333333333,0.611111111111,0.571428571429,0.632455532034,0.5,71,57,14,0,71,0,57,0,14,30,70,0.0804597701149,1.42666666667,4.66666666667,5.83333333333,2.69230769231,4.30183067152,0.921820858183,0.392857142857,4.70020787019,2.01437480151,0.791428571429,2.38288919582,1.02123822678,0.450476190476,0.550193278474,0.385649494258,1.8,NaN,NaN,NaN,0,0,0,0,0.406060606061,NaN,NaN,NaN,NaN,NaN,0.6,0.266666666667,0.133333333333,30,63,0.0724137931034,1.36111111111,4.2,6.3,3,4.30236502724,1.02437262553,0.45291005291,4.55881109728,2.17086242728,0.81746031746,2.29467148877,1.09270070894,0.515873015873,0.539766043638,0.396562807571,1.83333333333,NaN,NaN,NaN,0,0,0,0,0.453333333333,NaN,NaN,NaN,NaN,NaN,0.533333333333,0.166666666667,0.166666666667,-7,-0.00804597701149,-0.0655555555556,-0.466666666667,0.466666666667,0.307692307692,0.000534355715559,0.102551767349,0.0600529100529,-0.141396772909,0.156487625767,0.0260317460317,-0.0882177070456,0.07146248216,0.0653968253968,-0.0104272348362,0.0109133133132,0.0333333333333,NaN,NaN,NaN,0,0,0,0,0.0472727272727,-0.0666666666667,-0.1,0.0333333333333,63,0,7,800,0.9,1,0,0.1,1,0.9,0.947368421053,0.94455984911,0.9,0.9,7,14,0,5,2,5
35,WLNM_dir_neg_kfold,0.982142857143,0.477589285714,00:00:04,10,80,15,14360,fixed,0.5,1,0.5,0.666666666667,7,0,7,28,0.5,1,0,0.5,1,0.5,0.666666666667,0.833333333333,0.611111111111,0.571428571429,0.632455532034,0.5,71,57,14,0,71,0,57,0,14,30,70,0.0804597701149,1.42666666667,4.66666666667,5.83333333333,2.69230769231,4.30183067152,0.921820858183,0.392857142857,4.70020787019,2.01437480151,0.791428571429,2.38288919582,1.02123822678,0.450476190476,0.550193278474,0.385649494258,1.8,NaN,NaN,NaN,0,0,0,0,0.406060606061,NaN,NaN,NaN,NaN,NaN,0.6,0.266666666667,0.133333333333,30,63,0.0724137931034,1.36111111111,4.2,6.3,3,4.30236502724,1.02437262553,0.45291005291,4.55881109728,2.17086242728,0.81746031746,2.29467148877,1.09270070894,0.515873015873,0.539766043638,0.396562807571,1.83333333333,NaN,NaN,NaN,0,0,0,0,0.453333333333,NaN,NaN,NaN,NaN,NaN,0.533333333333,0.166666666667,0.166666666667,-7,-0.00804597701149,-0.0655555555556,-0.466666666667,0.466666666667,0.307692307692,0.000534355715559,0.102551767349,0.0600529100529,-0.141396772909,0.156487625767,0.0260317460317,-0.0882177070456,0.07146248216,0.0653968253968,-0.0104272348362,0.0109133133132,0.0333333333333,NaN,NaN,NaN,0,0,0,0,0.0472727272727,-0.0666666666667,-0.1,0.0333333333333,63,0,7,800,0.9,1,0,0.1,1,0.9,0.947368421053,0.94455984911,0.9,0.9,7,14,0,5,2,5
36,WLNM_dir_neg_kfold,0.989795918367,0.487012987013,00:00:03,10,80,16,14361,fixed,0.5,1,0.5,0.666666666667,7,0,7,28,0.5,1,0,0.5,1,0.5,0.666666666667,0.833333333333,0.611111111111,0.571428571429,0.632455532034,0.5,71,57,14,0,71,0,57,0,14,30,70,0.0804597701149,1.42666666667,4.66666666667,5.83333333333,2.69230769231,4.30183067152,0.921820858183,0.392857142857,4.70020787019,2.01437480151,0.791428571429,2.38288919582,1.02123822678,0.450476190476,0.550193278474,0.385649494258,1.8,NaN,NaN,NaN,0,0,0,0,0.406060606061,NaN,NaN,NaN,NaN,NaN,0.6,0.266666666667,0.133333333333,30,63,0.0724137931034,1.36111111111,4.2,6.3,3,4.30236502724,1.02437262553,0.45291005291,4.55881109728,2.17086242728,0.81746031746,2.29467148877,1.09270070894,0.515873015873,0.539766043638,0.396562807571,1.83333333333,NaN,NaN,NaN,0,0,0,0,0.453333333333,NaN,NaN,NaN,NaN,NaN,0.533333333333,0.166666666667,0.166666666667,-7,-0.00804597701149,-0.0655555555556,-0.466666666667,0.466666666667,0.307692307692,0.000534355715559,0.102551767349,0.0600529100529,-0.141396772909,0.156487625767,0.0260317460317,-0.0882177070456,0.07146248216,0.0653968253968,-0.0104272348362,0.0109133133132,0.0333333333333,NaN,NaN,NaN,0,0,0,0,0.0472727272727,-0.0666666666667,-0.1,0.0333333333333,63,0,7,800,0.9,1,0,0.1,1,0.9,0.947368421053,0.94455984911,0.9,0.9,7,14,0,5,2,5
37,WLNM_dir_neg_kfold,0.980867346939,0.47251944256,00:00:03,10,80,17,14362,fixed,0.5,0,0,0,0,0,14,28,0,1,0,1,0,0,0,0.666666666667,0.666666666667,0,0,0,71,57,14,0,71,0,57,0,14,30,70,0.0804597701149,1.42666666667,4.66666666667,5.83333333333,2.69230769231,4.30183067152,0.921820858183,0.392857142857,4.70020787019,2.01437480151,0.791428571429,2.38288919582,1.02123822678,0.450476190476,0.550193278474,0.385649494258,1.8,NaN,NaN,NaN,0,0,0,0,0.406060606061,NaN,NaN,NaN,NaN,NaN,0.6,0.266666666667,0.133333333333,30,56,0.064367816092,1.36111111111,3.73333333333,5.6,2.66666666667,3.74104294266,1.00206507393,0.469642857143,3.88394869576,2.0806868013,0.808333333333,2.16131079852,1.15784507064,0.54880952381,0.539766043638,0.396562807571,1.83333333333,NaN,NaN,NaN,0,0,0,0,0.434269434269,NaN,NaN,NaN,NaN,NaN,0.533333333333,0.166666666667,0.166666666667,-14,-0.016091954023,-0.0655555555556,-0.933333333333,-0.233333333333,-0.025641025641,-0.560787728858,0.0802442157446,0.0767857142857,-0.816259174433,0.0663119997882,0.0169047619048,-0.221578397293,0.136606843859,0.0983333333333,-0.0104272348362,0.0109133133132,0.0333333333333,NaN,NaN,NaN,0,0,0,0,0.0282088282088,-0.0666666666667,-0.1,0.0333333333333,56,0,14,800,0.8,1,0,0.2,1,0.8,0.888888888889,0.886702197043,0.8,0.8,0,14,0,5,2,5
38,WLNM_dir_neg_kfold,0.991071428571,0.488095238095,00:00:02,10,80,18,14363,fixed,0.5,1,0.5,0.666666666667,7,0,7,28,0.5,1,0,0.5,1,0.5,0.666666666667,0.833333333333,0.611111111111,0.571428571429,0.632455532034,0.5,71,57,14,0,71,0,57,0,14,30,70,0.0804597701149,1.42666666667,4.66666666667,5.83333333333,2.69230769231,4.30183067152,0.921820858183,0.392857142857,4.70020787019,2.01437480151,0.791428571429,2.38288919582,1.02123822678,0.450476190476,0.550193278474,0.385649494258,1.8,NaN,NaN,NaN,0,0,0,0,0.406060606061,NaN,NaN,NaN,NaN,NaN,0.6,0.266666666667,0.133333333333,30,63,0.0724137931034,1.36111111111,4.2,6.3,3,4.30236502724,1.02437262553,0.45291005291,4.55881109728,2.17086242728,0.81746031746,2.29467148877,1.09270070894,0.515873015873,0.539766043638,0.396562807571,1.83333333333,NaN,NaN,NaN,0,0,0,0,0.453333333333,NaN,NaN,NaN,NaN,NaN,0.533333333333,0.166666666667,0.166666666667,-7,-0.00804597701149,-0.0655555555556,-0.466666666667,0.466666666667,0.307692307692,0.000534355715559,0.102551767349,0.0600529100529,-0.141396772909,0.156487625767,0.0260317460317,-0.0882177070456,0.07146248216,0.0653968253968,-0.0104272348362,0.0109133133132,0.0333333333333,NaN,NaN,NaN,0,0,0,0,0.0472727272727,-0.0666666666667,-0.1,0.0333333333333,63,0,7,800,0.9,1,0,0.1,1,0.9,0.947368421053,0.94455984911,0.9,0.9,7,14,0,5,2,5
39,WLNM_dir_neg_kfold,0.983418367347,0.695251177394,00:00:02,10,80,19,14364,fixed,0.5,1,0.285714285714,0.444444444444,4,0,10,28,0.285714285714,1,0,0.714285714286,1,0.285714285714,0.444444444444,0.761904761905,0.634920634921,0.347826086957,0.458831467741,0.285714285714,71,57,14,0,71,0,57,0,14,30,70,0.0804597701149,1.42666666667,4.66666666667,5.83333333333,2.69230769231,4.30183067152,0.921820858183,0.392857142857,4.70020787019,2.01437480151,0.791428571429,2.38288919582,1.02123822678,0.450476190476,0.550193278474,0.385649494258,1.8,NaN,NaN,NaN,0,0,0,0,0.406060606061,NaN,NaN,NaN,NaN,NaN,0.6,0.266666666667,0.133333333333,30,60,0.0689655172414,1.35666666667,4,6,2.4,3.80562197554,0.951405493884,0.443333333333,4.09372943533,2.04686471766,0.805555555556,2.06781577249,1.03390788625,0.476666666667,0.527638416769,0.388922665923,1.7,NaN,NaN,NaN,0,0,0,0,0.434269434269,NaN,NaN,NaN,NaN,NaN,0.6,0.233333333333,0.1,-10,-0.0114942528736,-0.07,-0.666666666667,0.166666666667,-0.292307692308,-0.496208695984,0.0295846357012,0.0504761904762,-0.606478434863,0.0324899161534,0.014126984127,-0.315073423325,0.0126696594672,0.0261904761905,-0.0225548617051,0.00327317166555,-0.1,NaN,NaN,NaN,0,0,0,0,0.0282088282088,0,-0.0333333333333,-0.0333333333333,60,0,10,800,0.857142857143,1,0,0.142857142857,1,0.857142857143,0.923076923077,0.920087412456,0.857142857143,0.857142857143,4,14,0,5,2,5
40,WLNM_dir_neg_kfold,0.957908163265,0.430516676306,00:00:03,10,80,20,14365,fixed,0.5,1,0.5,0.666666666667,7,0,7,28,0.5,1,0,0.5,1,0.5,0.666666666667,0.833333333333,0.611111111111,0.571428571429,0.632455532034,0.5,71,57,14,0,71,0,57,0,14,30,70,0.0804597701149,1.42666666667,4.66666666667,5.83333333333,2.69230769231,4.30183067152,0.921820858183,0.392857142857,4.70020787019,2.01437480151,0.791428571429,2.38288919582,1.02123822678,0.450476190476,0.550193278474,0.385649494258,1.8,NaN,NaN,NaN,0,0,0,0,0.406060606061,NaN,NaN,NaN,NaN,NaN,0.6,0.266666666667,0.133333333333,30,63,0.0724137931034,1.36111111111,4.2,6.3,3,4.30236502724,1.02437262553,0.45291005291,4.55881109728,2.17086242728,0.81746031746,2.29467148877,1.09270070894,0.515873015873,0.539766043638,0.396562807571,1.83333333333,NaN,NaN,NaN,0,0,0,0,0.453333333333,NaN,NaN,NaN,NaN,NaN,0.533333333333,0.166666666667,0.166666666667,-7,-0.00804597701149,-0.0655555555556,-0.466666666667,0.466666666667,0.307692307692,0.000534355715559,0.102551767349,0.0600529100529,-0.141396772909,0.156487625767,0.0260317460317,-0.0882177070456,0.07146248216,0.0653968253968,-0.0104272348362,0.0109133133132,0.0333333333333,NaN,NaN,NaN,0,0,0,0,0.0472727272727,-0.0666666666667,-0.1,0.0333333333333,63,0,7,800,0.9,1,0,0.1,1,0.9,0.947368421053,0.94455984911,0.9,0.9,7,14,0,5,2,5
41,WLNM_dir_neg_kfold,1,0.857142857143,00:00:03,10,80,1,15346,fixed,0.5,1,1,1,14,0,0,28,1,1,0,0,1,1,1,1,0.555555555556,1,1,1,71,57,14,0,71,0,57,0,14,30,70,0.0804597701149,1.42666666667,4.66666666667,5.83333333333,2.69230769231,4.30183067152,0.921820858183,0.392857142857,4.70020787019,2.01437480151,0.791428571429,2.38288919582,1.02123822678,0.450476190476,0.550193278474,0.385649494258,1.8,NaN,NaN,NaN,0,0,0,0,0.406060606061,NaN,NaN,NaN,NaN,NaN,0.6,0.266666666667,0.133333333333,30,70,0.0804597701149,1.42666666667,4.66666666667,5.83333333333,2.69230769231,4.30183067152,0.921820858183,0.392857142857,4.70020787019,2.01437480151,0.791428571429,2.38288919582,1.02123822678,0.450476190476,0.550193278474,0.385649494258,1.8,NaN,NaN,NaN,0,0,0,0,0.406060606061,NaN,NaN,NaN,NaN,NaN,0.6,0.266666666667,0.133333333333,0,0,0,0,0,0,0,0,0,0,0,0,0,0,0,0,0,0,NaN,NaN,NaN,0,0,0,0,0,0,0,0,70,0,0,800,1,1,0,0,1,1,1,1,1,1,14,14,0,5,3,5
42,WLNM_dir_neg_kfold,1,0.857142857143,00:00:03,10,80,2,15347,fixed,0.5,1,0.214285714286,0.352941176471,3,0,11,28,0.214285714286,1,0,0.785714285714,1,0.214285714286,0.352941176471,0.738095238095,0.642857142857,0.266666666667,0.392232270276,0.214285714286,71,57,14,0,71,0,57,0,14,30,70,0.0804597701149,1.42666666667,4.66666666667,5.83333333333,2.69230769231,4.30183067152,0.921820858183,0.392857142857,4.70020787019,2.01437480151,0.791428571429,2.38288919582,1.02123822678,0.450476190476,0.550193278474,0.385649494258,1.8,NaN,NaN,NaN,0,0,0,0,0.406060606061,NaN,NaN,NaN,NaN,NaN,0.6,0.266666666667,0.133333333333,30,59,0.067816091954,1.425,3.93333333333,4.91666666667,2.5652173913,3.59053673188,0.912848321665,0.425423728814,3.76447398288,1.91413931333,0.777966101695,2.42804495404,1.23459912917,0.538418079096,0.545949031346,0.38312212726,1.75,NaN,NaN,NaN,0,0,0,0,0.4039268812,NaN,NaN,NaN,NaN,NaN,0.566666666667,0.2,0.2,-11,-0.0126436781609,-0.00166666666667,-0.733333333333,-0.916666666667,-0.127090301003,-0.71129393964,-0.0089725365183,0.0325665859564,-0.935733887304,-0.100235488178,-0.0134624697337,0.0451557582256,0.213360902395,0.0879418886199,-0.00424424712822,-0.00252736699728,-0.05,NaN,NaN,NaN,0,0,0,0,-0.002133724861,-0.0333333333333,-0.0666666666667,0.0666666666667,59,0,11,800,0.842857142857,1,0,0.157142857143,1,0.842857142857,0.914728682171,0.91182511944,0.842857142857,0.842857142857,3,14,0,5,3,5
43,WLNM_dir_neg_kfold,0.97193877551,0.808035714286,00:00:02,10,80,3,15348,fixed,0.5,1,0.214285714286,0.352941176471,3,0,11,28,0.214285714286,1,0,0.785714285714,1,0.214285714286,0.352941176471,0.738095238095,0.642857142857,0.266666666667,0.392232270276,0.214285714286,71,57,14,0,71,0,57,0,14,30,70,0.0804597701149,1.42666666667,4.66666666667,5.83333333333,2.69230769231,4.30183067152,0.921820858183,0.392857142857,4.70020787019,2.01437480151,0.791428571429,2.38288919582,1.02123822678,0.450476190476,0.550193278474,0.385649494258,1.8,NaN,NaN,NaN,0,0,0,0,0.406060606061,NaN,NaN,NaN,NaN,NaN,0.6,0.266666666667,0.133333333333,30,59,0.067816091954,1.425,3.93333333333,4.91666666667,2.5652173913,3.59053673188,0.912848321665,0.425423728814,3.76447398288,1.91413931333,0.777966101695,2.42804495404,1.23459912917,0.538418079096,0.545949031346,0.38312212726,1.75,NaN,NaN,NaN,0,0,0,0,0.4039268812,NaN,NaN,NaN,NaN,NaN,0.566666666667,0.2,0.2,-11,-0.0126436781609,-0.00166666666667,-0.733333333333,-0.916666666667,-0.127090301003,-0.71129393964,-0.0089725365183,0.0325665859564,-0.935733887304,-0.100235488178,-0.0134624697337,0.0451557582256,0.213360902395,0.0879418886199,-0.00424424712822,-0.00252736699728,-0.05,NaN,NaN,NaN,0,0,0,0,-0.002133724861,-0.0333333333333,-0.0666666666667,0.0666666666667,59,0,11,800,0.842857142857,1,0,0.157142857143,1,0.842857142857,0.914728682171,0.91182511944,0.842857142857,0.842857142857,3,14,0,5,3,5
44,WLNM_dir_neg_kfold,0.97193877551,0.732738095238,00:00:02,10,80,4,15349,fixed,0.5,1,0.214285714286,0.352941176471,3,0,11,28,0.214285714286,1,0,0.785714285714,1,0.214285714286,0.352941176471,0.738095238095,0.642857142857,0.266666666667,0.392232270276,0.214285714286,71,57,14,0,71,0,57,0,14,30,70,0.0804597701149,1.42666666667,4.66666666667,5.83333333333,2.69230769231,4.30183067152,0.921820858183,0.392857142857,4.70020787019,2.01437480151,0.791428571429,2.38288919582,1.02123822678,0.450476190476,0.550193278474,0.385649494258,1.8,NaN,NaN,NaN,0,0,0,0,0.406060606061,NaN,NaN,NaN,NaN,NaN,0.6,0.266666666667,0.133333333333,30,59,0.067816091954,1.425,3.93333333333,4.91666666667,2.5652173913,3.59053673188,0.912848321665,0.425423728814,3.76447398288,1.91413931333,0.777966101695,2.42804495404,1.23459912917,0.538418079096,0.545949031346,0.38312212726,1.75,NaN,NaN,NaN,0,0,0,0,0.4039268812,NaN,NaN,NaN,NaN,NaN,0.566666666667,0.2,0.2,-11,-0.0126436781609,-0.00166666666667,-0.733333333333,-0.916666666667,-0.127090301003,-0.71129393964,-0.0089725365183,0.0325665859564,-0.935733887304,-0.100235488178,-0.0134624697337,0.0451557582256,0.213360902395,0.0879418886199,-0.00424424712822,-0.00252736699728,-0.05,NaN,NaN,NaN,0,0,0,0,-0.002133724861,-0.0333333333333,-0.0666666666667,0.0666666666667,59,0,11,800,0.842857142857,1,0,0.157142857143,1,0.842857142857,0.914728682171,0.91182511944,0.842857142857,0.842857142857,3,14,0,5,3,5
45,WLNM_dir_neg_kfold,0.94387755102,0.650892857143,00:00:03,10,80,5,15350,fixed,0.5,1,0.214285714286,0.352941176471,3,0,11,28,0.214285714286,1,0,0.785714285714,1,0.214285714286,0.352941176471,0.738095238095,0.642857142857,0.266666666667,0.392232270276,0.214285714286,71,57,14,0,71,0,57,0,14,30,70,0.0804597701149,1.42666666667,4.66666666667,5.83333333333,2.69230769231,4.30183067152,0.921820858183,0.392857142857,4.70020787019,2.01437480151,0.791428571429,2.38288919582,1.02123822678,0.450476190476,0.550193278474,0.385649494258,1.8,NaN,NaN,NaN,0,0,0,0,0.406060606061,NaN,NaN,NaN,NaN,NaN,0.6,0.266666666667,0.133333333333,30,59,0.067816091954,1.425,3.93333333333,4.91666666667,2.5652173913,3.59053673188,0.912848321665,0.425423728814,3.76447398288,1.91413931333,0.777966101695,2.42804495404,1.23459912917,0.538418079096,0.545949031346,0.38312212726,1.75,NaN,NaN,NaN,0,0,0,0,0.4039268812,NaN,NaN,NaN,NaN,NaN,0.566666666667,0.2,0.2,-11,-0.0126436781609,-0.00166666666667,-0.733333333333,-0.916666666667,-0.127090301003,-0.71129393964,-0.0089725365183,0.0325665859564,-0.935733887304,-0.100235488178,-0.0134624697337,0.0451557582256,0.213360902395,0.0879418886199,-0.00424424712822,-0.00252736699728,-0.05,NaN,NaN,NaN,0,0,0,0,-0.002133724861,-0.0333333333333,-0.0666666666667,0.0666666666667,59,0,11,800,0.842857142857,1,0,0.157142857143,1,0.842857142857,0.914728682171,0.91182511944,0.842857142857,0.842857142857,3,14,0,5,3,5
46,WLNM_dir_neg_kfold,1,0.928571428571,00:00:03,10,80,6,15351,fixed,0.5,1,0.214285714286,0.352941176471,3,0,11,28,0.214285714286,1,0,0.785714285714,1,0.214285714286,0.352941176471,0.738095238095,0.642857142857,0.266666666667,0.392232270276,0.214285714286,71,57,14,0,71,0,57,0,14,30,70,0.0804597701149,1.42666666667,4.66666666667,5.83333333333,2.69230769231,4.30183067152,0.921820858183,0.392857142857,4.70020787019,2.01437480151,0.791428571429,2.38288919582,1.02123822678,0.450476190476,0.550193278474,0.385649494258,1.8,NaN,NaN,NaN,0,0,0,0,0.406060606061,NaN,NaN,NaN,NaN,NaN,0.6,0.266666666667,0.133333333333,30,59,0.067816091954,1.425,3.93333333333,4.91666666667,2.5652173913,3.59053673188,0.912848321665,0.425423728814,3.76447398288,1.91413931333,0.777966101695,2.42804495404,1.23459912917,0.538418079096,0.545949031346,0.38312212726,1.75,NaN,NaN,NaN,0,0,0,0,0.4039268812,NaN,NaN,NaN,NaN,NaN,0.566666666667,0.2,0.2,-11,-0.0126436781609,-0.00166666666667,-0.733333333333,-0.916666666667,-0.127090301003,-0.71129393964,-0.0089725365183,0.0325665859564,-0.935733887304,-0.100235488178,-0.0134624697337,0.0451557582256,0.213360902395,0.0879418886199,-0.00424424712822,-0.00252736699728,-0.05,NaN,NaN,NaN,0,0,0,0,-0.002133724861,-0.0333333333333,-0.0666666666667,0.0666666666667,59,0,11,800,0.842857142857,1,0,0.157142857143,1,0.842857142857,0.914728682171,0.91182511944,0.842857142857,0.842857142857,3,14,0,5,3,5
47,WLNM_dir_neg_kfold,0.957908163265,0.78125,00:00:02,10,80,7,15352,fixed,0.5,1,0.214285714286,0.352941176471,3,0,11,28,0.214285714286,1,0,0.785714285714,1,0.214285714286,0.352941176471,0.738095238095,0.642857142857,0.266666666667,0.392232270276,0.214285714286,71,57,14,0,71,0,57,0,14,30,70,0.0804597701149,1.42666666667,4.66666666667,5.83333333333,2.69230769231,4.30183067152,0.921820858183,0.392857142857,4.70020787019,2.01437480151,0.791428571429,2.38288919582,1.02123822678,0.450476190476,0.550193278474,0.385649494258,1.8,NaN,NaN,NaN,0,0,0,0,0.406060606061,NaN,NaN,NaN,NaN,NaN,0.6,0.266666666667,0.133333333333,30,59,0.067816091954,1.425,3.93333333333,4.91666666667,2.5652173913,3.59053673188,0.912848321665,0.425423728814,3.76447398288,1.91413931333,0.777966101695,2.42804495404,1.23459912917,0.538418079096,0.545949031346,0.38312212726,1.75,NaN,NaN,NaN,0,0,0,0,0.4039268812,NaN,NaN,NaN,NaN,NaN,0.566666666667,0.2,0.2,-11,-0.0126436781609,-0.00166666666667,-0.733333333333,-0.916666666667,-0.127090301003,-0.71129393964,-0.0089725365183,0.0325665859564,-0.935733887304,-0.100235488178,-0.0134624697337,0.0451557582256,0.213360902395,0.0879418886199,-0.00424424712822,-0.00252736699728,-0.05,NaN,NaN,NaN,0,0,0,0,-0.002133724861,-0.0333333333333,-0.0666666666667,0.0666666666667,59,0,11,800,0.842857142857,1,0,0.157142857143,1,0.842857142857,0.914728682171,0.91182511944,0.842857142857,0.842857142857,3,14,0,5,3,5
48,WLNM_dir_neg_kfold,0.915816326531,0.684126984127,00:00:03,10,80,8,15353,fixed,0.5,1,0.214285714286,0.352941176471,3,0,11,28,0.214285714286,1,0,0.785714285714,1,0.214285714286,0.352941176471,0.738095238095,0.642857142857,0.266666666667,0.392232270276,0.214285714286,71,57,14,0,71,0,57,0,14,30,70,0.0804597701149,1.42666666667,4.66666666667,5.83333333333,2.69230769231,4.30183067152,0.921820858183,0.392857142857,4.70020787019,2.01437480151,0.791428571429,2.38288919582,1.02123822678,0.450476190476,0.550193278474,0.385649494258,1.8,NaN,NaN,NaN,0,0,0,0,0.406060606061,NaN,NaN,NaN,NaN,NaN,0.6,0.266666666667,0.133333333333,30,59,0.067816091954,1.425,3.93333333333,4.91666666667,2.5652173913,3.59053673188,0.912848321665,0.425423728814,3.76447398288,1.91413931333,0.777966101695,2.42804495404,1.23459912917,0.538418079096,0.545949031346,0.38312212726,1.75,NaN,NaN,NaN,0,0,0,0,0.4039268812,NaN,NaN,NaN,NaN,NaN,0.566666666667,0.2,0.2,-11,-0.0126436781609,-0.00166666666667,-0.733333333333,-0.916666666667,-0.127090301003,-0.71129393964,-0.0089725365183,0.0325665859564,-0.935733887304,-0.100235488178,-0.0134624697337,0.0451557582256,0.213360902395,0.0879418886199,-0.00424424712822,-0.00252736699728,-0.05,NaN,NaN,NaN,0,0,0,0,-0.002133724861,-0.0333333333333,-0.0666666666667,0.0666666666667,59,0,11,800,0.842857142857,1,0,0.157142857143,1,0.842857142857,0.914728682171,0.91182511944,0.842857142857,0.842857142857,3,14,0,5,3,5
49,WLNM_dir_neg_kfold,0.97193877551,0.732738095238,00:00:02,10,80,9,15354,fixed,0.5,0.933333333333,1,0.965517241379,14,1,0,27,1,0.964285714286,0.0357142857143,0,0.933333333333,1,0.965517241379,0.97619047619,0.547619047619,0.947368421053,0.948683298051,0.964285714286,71,57,14,0,71,0,57,0,14,30,70,0.0804597701149,1.42666666667,4.66666666667,5.83333333333,2.69230769231,4.30183067152,0.921820858183,0.392857142857,4.70020787019,2.01437480151,0.791428571429,2.38288919582,1.02123822678,0.450476190476,0.550193278474,0.385649494258,1.8,NaN,NaN,NaN,0,0,0,0,0.406060606061,NaN,NaN,NaN,NaN,NaN,0.6,0.266666666667,0.133333333333,30,71,0.0816091954023,1.54074074074,4.73333333333,5.46153846154,2.62962962963,4.32262159705,0.913229914869,0.387323943662,4.68661581699,1.98026020436,0.782629107981,2.35596577069,0.995478494656,0.433333333333,0.751178063473,0.487543454658,3.11111111111,NaN,NaN,NaN,0,0,0,0,0.34358974359,NaN,NaN,NaN,NaN,NaN,0.566666666667,0.333333333333,0.1,1,0.00114942528736,0.114074074074,0.0666666666667,-0.371794871795,-0.0626780626781,0.0207909255271,-0.00859094331376,-0.00553319919517,-0.0135920531959,-0.0341145971463,-0.00879946344735,-0.0269234251308,-0.0257597321226,-0.0171428571429,0.200984784998,0.1018939604,1.31111111111,NaN,NaN,NaN,0,0,0,0,-0.0624708624709,-0.0333333333333,0.0666666666667,-0.0333333333333,70,1,0,799,1,0.99875,0.00125,0,0.985915492958,1,0.992907801418,0.992311996598,0.99875,0.985915492958,15,14,0,5,3,5
50,WLNM_dir_neg_kfold,1,0.214285714286,00:00:03,10,80,10,15355,fixed,0.5,1,1,1,14,0,0,28,1,1,0,0,1,1,1,1,0.555555555556,1,1,1,71,57,14,0,71,0,57,0,14,30,70,0.0804597701149,1.42666666667,4.66666666667,5.83333333333,2.69230769231,4.30183067152,0.921820858183,0.392857142857,4.70020787019,2.01437480151,0.791428571429,2.38288919582,1.02123822678,0.450476190476,0.550193278474,0.385649494258,1.8,NaN,NaN,NaN,0,0,0,0,0.406060606061,NaN,NaN,NaN,NaN,NaN,0.6,0.266666666667,0.133333333333,30,70,0.0804597701149,1.42666666667,4.66666666667,5.83333333333,2.69230769231,4.30183067152,0.921820858183,0.392857142857,4.70020787019,2.01437480151,0.791428571429,2.38288919582,1.02123822678,0.450476190476,0.550193278474,0.385649494258,1.8,NaN,NaN,NaN,0,0,0,0,0.406060606061,NaN,NaN,NaN,NaN,NaN,0.6,0.266666666667,0.133333333333,0,0,0,0,0,0,0,0,0,0,0,0,0,0,0,0,0,0,NaN,NaN,NaN,0,0,0,0,0,0,0,0,70,0,0,800,1,1,0,0,1,1,1,1,1,1,14,14,0,5,3,5
51,WLNM_dir_neg_kfold,0.956632653061,0.184546703297,00:00:03,10,80,11,15356,fixed,0.5,0.823529411765,1,0.903225806452,14,3,0,25,1,0.892857142857,0.107142857143,0,0.823529411765,1,0.903225806452,0.928571428571,0.531746031746,0.847457627119,0.857492925713,0.892857142857,71,57,14,0,71,0,57,0,14,30,70,0.0804597701149,1.42666666667,4.66666666667,5.83333333333,2.69230769231,4.30183067152,0.921820858183,0.392857142857,4.70020787019,2.01437480151,0.791428571429,2.38288919582,1.02123822678,0.450476190476,0.550193278474,0.385649494258,1.8,NaN,NaN,NaN,0,0,0,0,0.406060606061,NaN,NaN,NaN,NaN,NaN,0.6,0.266666666667,0.133333333333,30,73,0.083908045977,1.58,4.86666666667,5.21428571429,2.60714285714,4.36864480946,0.897666741671,0.374885844749,4.73201373867,1.94466318028,0.773059360731,2.44502779525,1.00480594325,0.423287671233,0.765371219375,0.484412164162,3.2,NaN,NaN,NaN,0,0,0,0,0.335164835165,NaN,NaN,NaN,NaN,NaN,0.533333333333,0.4,0.0666666666667,3,0.00344827586207,0.153333333333,0.2,-0.619047619048,-0.0851648351648,0.0668141379441,-0.0241541165122,-0.0179712981083,0.0318058684836,-0.0697116212331,-0.018369210698,0.0621385994323,-0.0164322835256,-0.0271885192433,0.215177940901,0.0987626699041,1.4,NaN,NaN,NaN,0,0,0,0,-0.0708957708958,-0.0666666666667,0.133333333333,-0.0666666666667,70,3,0,797,1,0.99625,0.00375,0,0.958904109589,1,0.979020979021,0.977398700213,0.99625,0.958904109589,17,14,0,5,3,5
52,WLNM_dir_neg_kfold,0.915816326531,0.591386554622,00:00:01,10,80,12,15357,fixed,0.5,0.75,0.214285714286,0.333333333333,3,1,11,27,0.214285714286,0.964285714286,0.0357142857143,0.785714285714,0.75,0.214285714286,0.333333333333,0.714285714286,0.634920634921,0.217391304348,0.286769667338,0.178571428571,71,57,14,0,71,0,57,0,14,30,70,0.0804597701149,1.42666666667,4.66666666667,5.83333333333,2.69230769231,4.30183067152,0.921820858183,0.392857142857,4.70020787019,2.01437480151,0.791428571429,2.38288919582,1.02123822678,0.450476190476,0.550193278474,0.385649494258,1.8,NaN,NaN,NaN,0,0,0,0,0.406060606061,NaN,NaN,NaN,NaN,NaN,0.6,0.266666666667,0.133333333333,30,60,0.0689655172414,1.54285714286,4,4.61538461538,2.5,3.61033000689,0.902582501721,0.417777777778,3.7508619699,1.87543098495,0.767777777778,2.40688667126,1.20344333563,0.52,0.757231150164,0.490797967699,3.14285714286,NaN,NaN,NaN,0,0,0,0,0.341784284092,NaN,NaN,NaN,NaN,NaN,0.533333333333,0.266666666667,0.166666666667,-10,-0.0114942528736,0.11619047619,-0.666666666667,-1.21794871795,-0.192307692308,-0.691500664635,-0.0192383564615,0.0249206349206,-0.949345900289,-0.13894381656,-0.0236507936508,0.0239974754405,0.18220510885,0.0695238095238,0.20703787169,0.105148473441,1.34285714286,NaN,NaN,NaN,0,0,0,0,-0.0642763219686,-0.0666666666667,0,0.0333333333333,59,1,11,799,0.842857142857,0.99875,0.00125,0.157142857143,0.983333333333,0.842857142857,0.907692307692,0.903410828106,0.841607142857,0.830985915493,4,14,0,5,3,5
53,WLNM_dir_neg_kfold,0.97193877551,0.732738095238,00:00:03,10,80,13,15358,fixed,0.5,0.75,0.214285714286,0.333333333333,3,1,11,27,0.214285714286,0.964285714286,0.0357142857143,0.785714285714,0.75,0.214285714286,0.333333333333,0.714285714286,0.634920634921,0.217391304348,0.286769667338,0.178571428571,71,57,14,0,71,0,57,0,14,30,70,0.0804597701149,1.42666666667,4.66666666667,5.83333333333,2.69230769231,4.30183067152,0.921820858183,0.392857142857,4.70020787019,2.01437480151,0.791428571429,2.38288919582,1.02123822678,0.450476190476,0.550193278474,0.385649494258,1.8,NaN,NaN,NaN,0,0,0,0,0.406060606061,NaN,NaN,NaN,NaN,NaN,0.6,0.266666666667,0.133333333333,30,60,0.0689655172414,1.54285714286,4,4.61538461538,2.5,3.61033000689,0.902582501721,0.417777777778,3.7508619699,1.87543098495,0.767777777778,2.40688667126,1.20344333563,0.52,0.757231150164,0.490797967699,3.14285714286,NaN,NaN,NaN,0,0,0,0,0.341784284092,NaN,NaN,NaN,NaN,NaN,0.533333333333,0.266666666667,0.166666666667,-10,-0.0114942528736,0.11619047619,-0.666666666667,-1.21794871795,-0.192307692308,-0.691500664635,-0.0192383564615,0.0249206349206,-0.949345900289,-0.13894381656,-0.0236507936508,0.0239974754405,0.18220510885,0.0695238095238,0.20703787169,0.105148473441,1.34285714286,NaN,NaN,NaN,0,0,0,0,-0.0642763219686,-0.0666666666667,0,0.0333333333333,59,1,11,799,0.842857142857,0.99875,0.00125,0.157142857143,0.983333333333,0.842857142857,0.907692307692,0.903410828106,0.841607142857,0.830985915493,4,14,0,5,3,5
54,WLNM_dir_neg_kfold,1,0.857142857143,00:00:03,10,80,14,15359,fixed,0.5,1,1,1,14,0,0,28,1,1,0,0,1,1,1,1,0.555555555556,1,1,1,71,57,14,0,71,0,57,0,14,30,70,0.0804597701149,1.42666666667,4.66666666667,5.83333333333,2.69230769231,4.30183067152,0.921820858183,0.392857142857,4.70020787019,2.01437480151,0.791428571429,2.38288919582,1.02123822678,0.450476190476,0.550193278474,0.385649494258,1.8,NaN,NaN,NaN,0,0,0,0,0.406060606061,NaN,NaN,NaN,NaN,NaN,0.6,0.266666666667,0.133333333333,30,70,0.0804597701149,1.42666666667,4.66666666667,5.83333333333,2.69230769231,4.30183067152,0.921820858183,0.392857142857,4.70020787019,2.01437480151,0.791428571429,2.38288919582,1.02123822678,0.450476190476,0.550193278474,0.385649494258,1.8,NaN,NaN,NaN,0,0,0,0,0.406060606061,NaN,NaN,NaN,NaN,NaN,0.6,0.266666666667,0.133333333333,0,0,0,0,0,0,0,0,0,0,0,0,0,0,0,0,0,0,NaN,NaN,NaN,0,0,0,0,0,0,0,0,70,0,0,800,1,1,0,0,1,1,1,1,1,1,14,14,0,5,3,5
55,WLNM_dir_neg_kfold,1,0.857142857143,00:00:02,10,80,15,15360,fixed,0.5,1,1,1,14,0,0,28,1,1,0,0,1,1,1,1,0.555555555556,1,1,1,71,57,14,0,71,0,57,0,14,30,70,0.0804597701149,1.42666666667,4.66666666667,5.83333333333,2.69230769231,4.30183067152,0.921820858183,0.392857142857,4.70020787019,2.01437480151,0.791428571429,2.38288919582,1.02123822678,0.450476190476,0.550193278474,0.385649494258,1.8,NaN,NaN,NaN,0,0,0,0,0.406060606061,NaN,NaN,NaN,NaN,NaN,0.6,0.266666666667,0.133333333333,30,70,0.0804597701149,1.42666666667,4.66666666667,5.83333333333,2.69230769231,4.30183067152,0.921820858183,0.392857142857,4.70020787019,2.01437480151,0.791428571429,2.38288919582,1.02123822678,0.450476190476,0.550193278474,0.385649494258,1.8,NaN,NaN,NaN,0,0,0,0,0.406060606061,NaN,NaN,NaN,NaN,NaN,0.6,0.266666666667,0.133333333333,0,0,0,0,0,0,0,0,0,0,0,0,0,0,0,0,0,0,NaN,NaN,NaN,0,0,0,0,0,0,0,0,70,0,0,800,1,1,0,0,1,1,1,1,1,1,14,14,0,5,3,5
56,WLNM_dir_neg_kfold,0.929846938776,0.630672268908,00:00:03,10,80,16,15361,fixed,0.5,0.6,0.214285714286,0.315789473684,3,2,11,26,0.214285714286,0.928571428571,0.0714285714286,0.785714285714,0.6,0.214285714286,0.315789473684,0.690476190476,0.626984126984,0.170212765957,0.207950097964,0.142857142857,71,57,14,0,71,0,57,0,14,30,70,0.0804597701149,1.42666666667,4.66666666667,5.83333333333,2.69230769231,4.30183067152,0.921820858183,0.392857142857,4.70020787019,2.01437480151,0.791428571429,2.38288919582,1.02123822678,0.450476190476,0.550193278474,0.385649494258,1.8,NaN,NaN,NaN,0,0,0,0,0.406060606061,NaN,NaN,NaN,NaN,NaN,0.6,0.266666666667,0.133333333333,30,61,0.0701149425287,1.5,4.06666666667,4.35714285714,2.65217391304,3.67595479817,0.903923311024,0.412568306011,3.73689280233,1.83781613229,0.756830601093,2.67147554905,1.31384043396,0.552459016393,0.572351471472,0.381567647648,2,NaN,NaN,NaN,0,0,0,0,0.38639016661,NaN,NaN,NaN,NaN,NaN,0.5,0.266666666667,0.2,-9,-0.0103448275862,0.0733333333333,-0.6,-1.47619047619,-0.0401337792642,-0.625875873355,-0.0178975471586,0.0197111631538,-0.963315067861,-0.176558669217,-0.0345979703357,0.288586353238,0.292602207183,0.101982825917,0.0221581929982,-0.00408184660937,0.2,NaN,NaN,NaN,0,0,0,0,-0.0196704394507,-0.1,0,0.0666666666667,59,2,11,798,0.842857142857,0.9975,0.0025,0.157142857143,0.967213114754,0.842857142857,0.900763358779,0.895197232754,0.840357142857,0.819444444444,5,14,0,5,3,5
57,WLNM_dir_neg_kfold,1,0.928571428571,00:00:02,10,80,17,15362,fixed,0.5,1,0.214285714286,0.352941176471,3,0,11,28,0.214285714286,1,0,0.785714285714,1,0.214285714286,0.352941176471,0.738095238095,0.642857142857,0.266666666667,0.392232270276,0.214285714286,71,57,14,0,71,0,57,0,14,30,70,0.0804597701149,1.42666666667,4.66666666667,5.83333333333,2.69230769231,4.30183067152,0.921820858183,0.392857142857,4.70020787019,2.01437480151,0.791428571429,2.38288919582,1.02123822678,0.450476190476,0.550193278474,0.385649494258,1.8,NaN,NaN,NaN,0,0,0,0,0.406060606061,NaN,NaN,NaN,NaN,NaN,0.6,0.266666666667,0.133333333333,30,59,0.067816091954,1.425,3.93333333333,4.91666666667,2.5652173913,3.59053673188,0.912848321665,0.425423728814,3.76447398288,1.91413931333,0.777966101695,2.42804495404,1.23459912917,0.538418079096,0.545949031346,0.38312212726,1.75,NaN,NaN,NaN,0,0,0,0,0.4039268812,NaN,NaN,NaN,NaN,NaN,0.566666666667,0.2,0.2,-11,-0.0126436781609,-0.00166666666667,-0.733333333333,-0.916666666667,-0.127090301003,-0.71129393964,-0.0089725365183,0.0325665859564,-0.935733887304,-0.100235488178,-0.0134624697337,0.0451557582256,0.213360902395,0.0879418886199,-0.00424424712822,-0.00252736699728,-0.05,NaN,NaN,NaN,0,0,0,0,-0.002133724861,-0.0333333333333,-0.0666666666667,0.0666666666667,59,0,11,800,0.842857142857,1,0,0.157142857143,1,0.842857142857,0.914728682171,0.91182511944,0.842857142857,0.842857142857,3,14,0,5,3,5
58,WLNM_dir_neg_kfold,1,0.785714285714,00:00:03,10,80,18,15363,fixed,0.5,1,1,1,14,0,0,28,1,1,0,0,1,1,1,1,0.555555555556,1,1,1,71,57,14,0,71,0,57,0,14,30,70,0.0804597701149,1.42666666667,4.66666666667,5.83333333333,2.69230769231,4.30183067152,0.921820858183,0.392857142857,4.70020787019,2.01437480151,0.791428571429,2.38288919582,1.02123822678,0.450476190476,0.550193278474,0.385649494258,1.8,NaN,NaN,NaN,0,0,0,0,0.406060606061,NaN,NaN,NaN,NaN,NaN,0.6,0.266666666667,0.133333333333,30,70,0.0804597701149,1.42666666667,4.66666666667,5.83333333333,2.69230769231,4.30183067152,0.921820858183,0.392857142857,4.70020787019,2.01437480151,0.791428571429,2.38288919582,1.02123822678,0.450476190476,0.550193278474,0.385649494258,1.8,NaN,NaN,NaN,0,0,0,0,0.406060606061,NaN,NaN,NaN,NaN,NaN,0.6,0.266666666667,0.133333333333,0,0,0,0,0,0,0,0,0,0,0,0,0,0,0,0,0,0,NaN,NaN,NaN,0,0,0,0,0,0,0,0,70,0,0,800,1,1,0,0,1,1,1,1,1,1,14,14,0,5,3,5
59,WLNM_dir_neg_kfold,0.985969387755,0.830952380952,00:00:03,10,80,19,15364,fixed,0.5,0.933333333333,1,0.965517241379,14,1,0,27,1,0.964285714286,0.0357142857143,0,0.933333333333,1,0.965517241379,0.97619047619,0.547619047619,0.947368421053,0.948683298051,0.964285714286,71,57,14,0,71,0,57,0,14,30,70,0.0804597701149,1.42666666667,4.66666666667,5.83333333333,2.69230769231,4.30183067152,0.921820858183,0.392857142857,4.70020787019,2.01437480151,0.791428571429,2.38288919582,1.02123822678,0.450476190476,0.550193278474,0.385649494258,1.8,NaN,NaN,NaN,0,0,0,0,0.406060606061,NaN,NaN,NaN,NaN,NaN,0.6,0.266666666667,0.133333333333,30,71,0.0816091954023,1.42727272727,4.73333333333,5.91666666667,2.62962962963,4.43289687593,0.936527509,0.399061032864,4.75962424867,2.01110883747,0.791079812207,2.35596577069,0.995478494656,0.433333333333,0.551765992998,0.386587638406,1.81818181818,NaN,NaN,NaN,0,0,0,0,0.406060606061,NaN,NaN,NaN,NaN,NaN,0.6,0.3,0.1,1,0.00114942528736,0.00060606060606,0.0666666666667,0.0833333333333,-0.0626780626781,0.131066204411,0.0147066508166,0.00620389000671,0.0594163784785,-0.00326596404443,-0.000348759221999,-0.0269234251308,-0.0257597321226,-0.0171428571429,0.00157271452357,0.000938144148461,0.0181818181818,NaN,NaN,NaN,0,0,0,0,0,0,0.0333333333333,-0.0333333333333,70,1,0,799,1,0.99875,0.00125,0,0.985915492958,1,0.992907801418,0.992311996598,0.99875,0.985915492958,15,14,0,5,3,5
60,WLNM_dir_neg_kfold,0.97193877551,0.732738095238,00:00:04,10,80,20,15365,fixed,0.5,0.75,0.214285714286,0.333333333333,3,1,11,27,0.214285714286,0.964285714286,0.0357142857143,0.785714285714,0.75,0.214285714286,0.333333333333,0.714285714286,0.634920634921,0.217391304348,0.286769667338,0.178571428571,71,57,14,0,71,0,57,0,14,30,70,0.0804597701149,1.42666666667,4.66666666667,5.83333333333,2.69230769231,4.30183067152,0.921820858183,0.392857142857,4.70020787019,2.01437480151,0.791428571429,2.38288919582,1.02123822678,0.450476190476,0.550193278474,0.385649494258,1.8,NaN,NaN,NaN,0,0,0,0,0.406060606061,NaN,NaN,NaN,NaN,NaN,0.6,0.266666666667,0.133333333333,30,60,0.0689655172414,1.49166666667,4,4.61538461538,2.60869565217,3.62938201256,0.90734550314,0.418888888889,3.7508619699,1.87543098495,0.767777777778,2.54612619889,1.27306309945,0.545555555556,0.610551380725,0.409308188196,2,NaN,NaN,NaN,0,0,0,0,0.389876149492,NaN,NaN,NaN,NaN,NaN,0.533333333333,0.233333333333,0.2,-10,-0.0114942528736,0.065,-0.666666666667,-1.21794871795,-0.0836120401338,-0.672448658959,-0.0144753550427,0.0260317460317,-0.949345900289,-0.13894381656,-0.0236507936508,0.163237003076,0.251824872668,0.0950793650794,0.0603581022513,0.0236586939382,0.2,NaN,NaN,NaN,0,0,0,0,-0.0161844565691,-0.0666666666667,-0.0333333333333,0.0666666666667,59,1,11,799,0.842857142857,0.99875,0.00125,0.157142857143,0.983333333333,0.842857142857,0.907692307692,0.903410828106,0.841607142857,0.830985915493,4,14,0,5,3,5
61,WLNM_dir_neg_kfold,1,0.285714285714,00:00:01,10,80,1,16346,fixed,0.5,1,0.785714285714,0.88,11,0,3,28,0.785714285714,1,0,0.214285714286,1,0.785714285714,0.88,0.928571428571,0.579365079365,0.830188679245,0.842423539174,0.785714285714,71,57,14,0,71,0,57,0,14,30,70,0.0804597701149,1.42666666667,4.66666666667,5.83333333333,2.69230769231,4.30183067152,0.921820858183,0.392857142857,4.70020787019,2.01437480151,0.791428571429,2.38288919582,1.02123822678,0.450476190476,0.550193278474,0.385649494258,1.8,NaN,NaN,NaN,0,0,0,0,0.406060606061,NaN,NaN,NaN,NaN,NaN,0.6,0.266666666667,0.133333333333,30,67,0.0770114942529,1.42666666667,4.46666666667,5.58333333333,2.57692307692,4.2567053257,0.952993729635,0.410447761194,4.71741698268,2.1122762609,0.810447761194,2.09569893424,0.938372657124,0.430348258706,0.550193278474,0.385649494258,1.8,NaN,NaN,NaN,0,0,0,0,0.306060606061,NaN,NaN,NaN,NaN,NaN,0.6,0.266666666667,0.133333333333,-3,-0.00344827586207,0,-0.2,-0.25,-0.115384615385,-0.0451253458158,0.0311728714524,0.0175906183369,0.0172091124938,0.0979014593932,0.0190191897655,-0.287190261573,-0.0828655696547,-0.0201279317697,0,0,0,NaN,NaN,NaN,0,0,0,0,-0.1,0,0,0,67,0,3,800,0.957142857143,1,0,0.0428571428571,1,0.957142857143,0.978102189781,0.976507542707,0.957142857143,0.957142857143,11,14,0,5,4,5
62,WLNM_dir_neg_kfold,0.936224489796,0.658560463659,00:00:02,10,80,2,16347,fixed,0.5,1,0.0714285714286,0.133333333333,1,0,13,28,0.0714285714286,1,0,0.928571428571,1,0.0714285714286,0.133333333333,0.690476190476,0.65873015873,0.093023255814,0.22086305215,0.0714285714286,71,57,14,0,71,0,57,0,14,30,70,0.0804597701149,1.42666666667,4.66666666667,5.83333333333,2.69230769231,4.30183067152,0.921820858183,0.392857142857,4.70020787019,2.01437480151,0.791428571429,2.38288919582,1.02123822678,0.450476190476,0.550193278474,0.385649494258,1.8,NaN,NaN,NaN,0,0,0,0,0.406060606061,NaN,NaN,NaN,NaN,NaN,0.6,0.266666666667,0.133333333333,30,57,0.0655172413793,1.42666666667,3.8,4.75,2.19230769231,3.56612413964,0.938453720957,0.420467836257,3.8537934737,2.02831235458,0.800584795322,1.9181528471,1.00955413005,0.445029239766,0.550193278474,0.385649494258,1.8,NaN,NaN,NaN,0,0,0,0,0.287456987457,NaN,NaN,NaN,NaN,NaN,0.6,0.266666666667,0.133333333333,-13,-0.0149425287356,0,-0.866666666667,-1.08333333333,-0.5,-0.735706531883,0.0166328627744,0.0276106934002,-0.846414396489,0.0139375530692,0.00915622389307,-0.464736348719,-0.0116840967274,-0.00544695071011,0,0,0,NaN,NaN,NaN,0,0,0,0,-0.118603618604,0,0,0,57,0,13,800,0.814285714286,1,0,0.185714285714,1,0.814285714286,0.897637795276,0.895134155034,0.814285714286,0.814285714286,1,14,0,5,4,5
63,WLNM_dir_neg_kfold,0.938775510204,0.844497607656,00:00:02,10,80,3,16348,fixed,0.5,1,0.0714285714286,0.133333333333,1,0,13,28,0.0714285714286,1,0,0.928571428571,1,0.0714285714286,0.133333333333,0.690476190476,0.65873015873,0.093023255814,0.22086305215,0.0714285714286,71,57,14,0,71,0,57,0,14,30,70,0.0804597701149,1.42666666667,4.66666666667,5.83333333333,2.69230769231,4.30183067152,0.921820858183,0.392857142857,4.70020787019,2.01437480151,0.791428571429,2.38288919582,1.02123822678,0.450476190476,0.550193278474,0.385649494258,1.8,NaN,NaN,NaN,0,0,0,0,0.406060606061,NaN,NaN,NaN,NaN,NaN,0.6,0.266666666667,0.133333333333,30,57,0.0655172413793,1.42666666667,3.8,4.75,2.19230769231,3.56612413964,0.938453720957,0.420467836257,3.8537934737,2.02831235458,0.800584795322,1.9181528471,1.00955413005,0.445029239766,0.550193278474,0.385649494258,1.8,NaN,NaN,NaN,0,0,0,0,0.287456987457,NaN,NaN,NaN,NaN,NaN,0.6,0.266666666667,0.133333333333,-13,-0.0149425287356,0,-0.866666666667,-1.08333333333,-0.5,-0.735706531883,0.0166328627744,0.0276106934002,-0.846414396489,0.0139375530692,0.00915622389307,-0.464736348719,-0.0116840967274,-0.00544695071011,0,0,0,NaN,NaN,NaN,0,0,0,0,-0.118603618604,0,0,0,57,0,13,800,0.814285714286,1,0,0.185714285714,1,0.814285714286,0.897637795276,0.895134155034,0.814285714286,0.814285714286,1,14,0,5,4,5
64,WLNM_dir_neg_kfold,0.93112244898,0.838431677019,00:00:02,10,80,4,16349,fixed,0.5,1,0.0714285714286,0.133333333333,1,0,13,28,0.0714285714286,1,0,0.928571428571,1,0.0714285714286,0.133333333333,0.690476190476,0.65873015873,0.093023255814,0.22086305215,0.0714285714286,71,57,14,0,71,0,57,0,14,30,70,0.0804597701149,1.42666666667,4.66666666667,5.83333333333,2.69230769231,4.30183067152,0.921820858183,0.392857142857,4.70020787019,2.01437480151,0.791428571429,2.38288919582,1.02123822678,0.450476190476,0.550193278474,0.385649494258,1.8,NaN,NaN,NaN,0,0,0,0,0.406060606061,NaN,NaN,NaN,NaN,NaN,0.6,0.266666666667,0.133333333333,30,57,0.0655172413793,1.42666666667,3.8,4.75,2.19230769231,3.56612413964,0.938453720957,0.420467836257,3.8537934737,2.02831235458,0.800584795322,1.9181528471,1.00955413005,0.445029239766,0.550193278474,0.385649494258,1.8,NaN,NaN,NaN,0,0,0,0,0.287456987457,NaN,NaN,NaN,NaN,NaN,0.6,0.266666666667,0.133333333333,-13,-0.0149425287356,0,-0.866666666667,-1.08333333333,-0.5,-0.735706531883,0.0166328627744,0.0276106934002,-0.846414396489,0.0139375530692,0.00915622389307,-0.464736348719,-0.0116840967274,-0.00544695071011,0,0,0,NaN,NaN,NaN,0,0,0,0,-0.118603618604,0,0,0,57,0,13,800,0.814285714286,1,0,0.185714285714,1,0.814285714286,0.897637795276,0.895134155034,0.814285714286,0.814285714286,1,14,0,5,4,5
65,WLNM_dir_neg_kfold,0.961734693878,0.866893796992,00:00:01,10,80,5,16350,fixed,0.5,1,0.0714285714286,0.133333333333,1,0,13,28,0.0714285714286,1,0,0.928571428571,1,0.0714285714286,0.133333333333,0.690476190476,0.65873015873,0.093023255814,0.22086305215,0.0714285714286,71,57,14,0,71,0,57,0,14,30,70,0.0804597701149,1.42666666667,4.66666666667,5.83333333333,2.69230769231,4.30183067152,0.921820858183,0.392857142857,4.70020787019,2.01437480151,0.791428571429,2.38288919582,1.02123822678,0.450476190476,0.550193278474,0.385649494258,1.8,NaN,NaN,NaN,0,0,0,0,0.406060606061,NaN,NaN,NaN,NaN,NaN,0.6,0.266666666667,0.133333333333,30,57,0.0655172413793,1.42666666667,3.8,4.75,2.19230769231,3.56612413964,0.938453720957,0.420467836257,3.8537934737,2.02831235458,0.800584795322,1.9181528471,1.00955413005,0.445029239766,0.550193278474,0.385649494258,1.8,NaN,NaN,NaN,0,0,0,0,0.287456987457,NaN,NaN,NaN,NaN,NaN,0.6,0.266666666667,0.133333333333,-13,-0.0149425287356,0,-0.866666666667,-1.08333333333,-0.5,-0.735706531883,0.0166328627744,0.0276106934002,-0.846414396489,0.0139375530692,0.00915622389307,-0.464736348719,-0.0116840967274,-0.00544695071011,0,0,0,NaN,NaN,NaN,0,0,0,0,-0.118603618604,0,0,0,57,0,13,800,0.814285714286,1,0,0.185714285714,1,0.814285714286,0.897637795276,0.895134155034,0.814285714286,0.814285714286,1,14,0,5,4,5
66,WLNM_dir_neg_kfold,0.969387755102,0.87619047619,00:00:01,10,80,6,16351,fixed,0.5,1,0.785714285714,0.88,11,0,3,28,0.785714285714,1,0,0.214285714286,1,0.785714285714,0.88,0.928571428571,0.579365079365,0.830188679245,0.842423539174,0.785714285714,71,57,14,0,71,0,57,0,14,30,70,0.0804597701149,1.42666666667,4.66666666667,5.83333333333,2.69230769231,4.30183067152,0.921820858183,0.392857142857,4.70020787019,2.01437480151,0.791428571429,2.38288919582,1.02123822678,0.450476190476,0.550193278474,0.385649494258,1.8,NaN,NaN,NaN,0,0,0,0,0.406060606061,NaN,NaN,NaN,NaN,NaN,0.6,0.266666666667,0.133333333333,30,67,0.0770114942529,1.42666666667,4.46666666667,5.58333333333,2.57692307692,4.2567053257,0.952993729635,0.410447761194,4.71741698268,2.1122762609,0.810447761194,2.09569893424,0.938372657124,0.430348258706,0.550193278474,0.385649494258,1.8,NaN,NaN,NaN,0,0,0,0,0.306060606061,NaN,NaN,NaN,NaN,NaN,0.6,0.266666666667,0.133333333333,-3,-0.00344827586207,0,-0.2,-0.25,-0.115384615385,-0.0451253458158,0.0311728714524,0.0175906183369,0.0172091124938,0.0979014593932,0.0190191897655,-0.287190261573,-0.0828655696547,-0.0201279317697,0,0,0,NaN,NaN,NaN,0,0,0,0,-0.1,0,0,0,67,0,3,800,0.957142857143,1,0,0.0428571428571,1,0.957142857143,0.978102189781,0.976507542707,0.957142857143,0.957142857143,11,14,0,5,4,5
67,WLNM_dir_neg_kfold,0.81887755102,0.458315826331,00:00:01,10,80,7,16352,fixed,0.5,0.25,0.0714285714286,0.111111111111,1,3,13,25,0.0714285714286,0.892857142857,0.107142857143,0.928571428571,0.25,0.0714285714286,0.111111111111,0.619047619048,0.634920634921,-0.0434782608696,-0.0573539334676,-0.0357142857143,71,57,14,0,71,0,57,0,14,30,70,0.0804597701149,1.42666666667,4.66666666667,5.83333333333,2.69230769231,4.30183067152,0.921820858183,0.392857142857,4.70020787019,2.01437480151,0.791428571429,2.38288919582,1.02123822678,0.450476190476,0.550193278474,0.385649494258,1.8,NaN,NaN,NaN,0,0,0,0,0.406060606061,NaN,NaN,NaN,NaN,NaN,0.6,0.266666666667,0.133333333333,30,60,0.0689655172414,1.54817663818,4,4,2.30769230769,3.7508619699,0.937715492475,0.423333333333,3.81467221894,1.90733610947,0.765555555556,2.37806064132,1.18903032066,0.471111111111,0.581624315278,0.375683433618,1.91538461538,NaN,NaN,NaN,0.0453883723114,0.046875,6,0.00147783251232,0.359686028257,NaN,NaN,NaN,NaN,NaN,0.5,0.366666666667,0.133333333333,-10,-0.0114942528736,0.12150997151,-0.666666666667,-1.83333333333,-0.384615384615,-0.550968701621,0.015894634292,0.0304761904762,-0.885535651252,-0.107038692041,-0.025873015873,-0.00482855449722,0.167792093881,0.0206349206349,0.0314310368039,-0.00996606063915,0.115384615385,NaN,NaN,NaN,0.0453883723114,0.046875,6,0.00147783251232,-0.0463745778031,-0.1,0.1,0,57,3,13,797,0.814285714286,0.99625,0.00375,0.185714285714,0.95,0.814285714286,0.876923076923,0.870057659404,0.810535714286,0.780821917808,4,14,0,5,4,5
68,WLNM_dir_neg_kfold,0.979591836735,0.882738095238,00:00:01,10,80,8,16353,fixed,0.5,1,0.0714285714286,0.133333333333,1,0,13,28,0.0714285714286,1,0,0.928571428571,1,0.0714285714286,0.133333333333,0.690476190476,0.65873015873,0.093023255814,0.22086305215,0.0714285714286,71,57,14,0,71,0,57,0,14,30,70,0.0804597701149,1.42666666667,4.66666666667,5.83333333333,2.69230769231,4.30183067152,0.921820858183,0.392857142857,4.70020787019,2.01437480151,0.791428571429,2.38288919582,1.02123822678,0.450476190476,0.550193278474,0.385649494258,1.8,NaN,NaN,NaN,0,0,0,0,0.406060606061,NaN,NaN,NaN,NaN,NaN,0.6,0.266666666667,0.133333333333,30,57,0.0655172413793,1.42666666667,3.8,4.75,2.19230769231,3.56612413964,0.938453720957,0.420467836257,3.8537934737,2.02831235458,0.800584795322,1.9181528471,1.00955413005,0.445029239766,0.550193278474,0.385649494258,1.8,NaN,NaN,NaN,0,0,0,0,0.287456987457,NaN,NaN,NaN,NaN,NaN,0.6,0.266666666667,0.133333333333,-13,-0.0149425287356,0,-0.866666666667,-1.08333333333,-0.5,-0.735706531883,0.0166328627744,0.0276106934002,-0.846414396489,0.0139375530692,0.00915622389307,-0.464736348719,-0.0116840967274,-0.00544695071011,0,0,0,NaN,NaN,NaN,0,0,0,0,-0.118603618604,0,0,0,57,0,13,800,0.814285714286,1,0,0.185714285714,1,0.814285714286,0.897637795276,0.895134155034,0.814285714286,0.814285714286,1,14,0,5,4,5
69,WLNM_dir_neg_kfold,0.933673469388,0.657738095238,00:00:01,10,80,9,16354,fixed,0.5,0.333333333333,0.0714285714286,0.117647058824,1,2,13,26,0.0714285714286,0.928571428571,0.0714285714286,0.928571428571,0.333333333333,0.0714285714286,0.117647058824,0.642857142857,0.642857142857,0,0,0,71,57,14,0,71,0,57,0,14,30,70,0.0804597701149,1.42666666667,4.66666666667,5.83333333333,2.69230769231,4.30183067152,0.921820858183,0.392857142857,4.70020787019,2.01437480151,0.791428571429,2.38288919582,1.02123822678,0.450476190476,0.550193278474,0.385649494258,1.8,NaN,NaN,NaN,0,0,0,0,0.406060606061,NaN,NaN,NaN,NaN,NaN,0.6,0.266666666667,0.133333333333,30,59,0.067816091954,1.50575498575,3.93333333333,4.21428571429,2.26923076923,3.67595479817,0.934564779195,0.419209039548,3.82805733872,1.94646983325,0.777966101695,2.22033444721,1.12898361723,0.462711864407,0.572945845091,0.3805040332,1.90769230769,NaN,NaN,NaN,0.0229631479631,0.0243902439024,3,0.000738916256158,0.335187645078,NaN,NaN,NaN,NaN,NaN,0.533333333333,0.333333333333,0.133333333333,-11,-0.0126436781609,0.0790883190883,-0.733333333333,-1.61904761905,-0.423076923077,-0.625875873355,0.0127439210118,0.0263518966909,-0.872150531472,-0.0679049682637,-0.0134624697337,-0.162554748606,0.107745390447,0.0122356739306,0.0227525666167,-0.00514546105751,0.107692307692,NaN,NaN,NaN,0.0229631479631,0.0243902439024,3,0.000738916256158,-0.0708729609829,-0.0666666666667,0.0666666666667,0,57,2,13,798,0.814285714286,0.9975,0.0025,0.185714285714,0.966101694915,0.814285714286,0.883720930233,0.878211227325,0.811785714286,0.791666666667,3,14,0,5,4,5
70,WLNM_dir_neg_kfold,0.933673469388,0.605654761905,00:00:01,10,80,10,16355,fixed,0.5,0.5,0.0714285714286,0.125,1,1,13,27,0.0714285714286,0.964285714286,0.0357142857143,0.928571428571,0.5,0.0714285714286,0.125,0.666666666667,0.650793650794,0.0454545454545,0.0790569415042,0.0357142857143,71,57,14,0,71,0,57,0,14,30,70,0.0804597701149,1.42666666667,4.66666666667,5.83333333333,2.69230769231,4.30183067152,0.921820858183,0.392857142857,4.70020787019,2.01437480151,0.791428571429,2.38288919582,1.02123822678,0.450476190476,0.550193278474,0.385649494258,1.8,NaN,NaN,NaN,0,0,0,0,0.406060606061,NaN,NaN,NaN,NaN,NaN,0.6,0.266666666667,0.133333333333,30,58,0.0666666666667,1.5358974359,3.86666666667,4.46153846154,2.23076923077,3.55967194666,0.920604813791,0.412643678161,3.84109658672,1.98677409658,0.789655172414,1.91064772071,0.988266062435,0.437931034483,0.657691402836,0.428213100344,2,NaN,NaN,NaN,0,0,0,0,0.244514886823,NaN,NaN,NaN,NaN,NaN,0.566666666667,0.3,0.133333333333,-12,-0.0137931034483,0.109230769231,-0.8,-1.37179487179,-0.461538461538,-0.742158724864,-0.00121604439244,0.0197865353038,-0.85911128347,-0.0276007049308,-0.00177339901478,-0.47224147511,-0.0329721643438,-0.0125451559934,0.107498124362,0.0425636060864,0.2,NaN,NaN,NaN,0,0,0,0,-0.161545719238,-0.0333333333333,0.0333333333333,0,57,1,13,799,0.814285714286,0.99875,0.00125,0.185714285714,0.98275862069,0.814285714286,0.890625,0.886567129726,0.813035714286,0.802816901408,2,14,0,5,4,5
71,WLNM_dir_neg_kfold,0.97193877551,0.868933150183,00:00:01,10,80,11,16356,fixed,0.5,1,0.0714285714286,0.133333333333,1,0,13,28,0.0714285714286,1,0,0.928571428571,1,0.0714285714286,0.133333333333,0.690476190476,0.65873015873,0.093023255814,0.22086305215,0.0714285714286,71,57,14,0,71,0,57,0,14,30,70,0.0804597701149,1.42666666667,4.66666666667,5.83333333333,2.69230769231,4.30183067152,0.921820858183,0.392857142857,4.70020787019,2.01437480151,0.791428571429,2.38288919582,1.02123822678,0.450476190476,0.550193278474,0.385649494258,1.8,NaN,NaN,NaN,0,0,0,0,0.406060606061,NaN,NaN,NaN,NaN,NaN,0.6,0.266666666667,0.133333333333,30,57,0.0655172413793,1.42666666667,3.8,4.75,2.19230769231,3.56612413964,0.938453720957,0.420467836257,3.8537934737,2.02831235458,0.800584795322,1.9181528471,1.00955413005,0.445029239766,0.550193278474,0.385649494258,1.8,NaN,NaN,NaN,0,0,0,0,0.287456987457,NaN,NaN,NaN,NaN,NaN,0.6,0.266666666667,0.133333333333,-13,-0.0149425287356,0,-0.866666666667,-1.08333333333,-0.5,-0.735706531883,0.0166328627744,0.0276106934002,-0.846414396489,0.0139375530692,0.00915622389307,-0.464736348719,-0.0116840967274,-0.00544695071011,0,0,0,NaN,NaN,NaN,0,0,0,0,-0.118603618604,0,0,0,57,0,13,800,0.814285714286,1,0,0.185714285714,1,0.814285714286,0.897637795276,0.895134155034,0.814285714286,0.814285714286,1,14,0,5,4,5
72,WLNM_dir_neg_kfold,0.923469387755,0.649459783914,00:00:02,10,80,12,16357,fixed,0.5,0.785714285714,0.785714285714,0.785714285714,11,3,3,25,0.785714285714,0.892857142857,0.107142857143,0.214285714286,0.785714285714,0.785714285714,0.785714285714,0.857142857143,0.555555555556,0.678571428571,0.678571428571,0.678571428571,71,57,14,0,71,0,57,0,14,30,70,0.0804597701149,1.42666666667,4.66666666667,5.83333333333,2.69230769231,4.30183067152,0.921820858183,0.392857142857,4.70020787019,2.01437480151,0.791428571429,2.38288919582,1.02123822678,0.450476190476,0.550193278474,0.385649494258,1.8,NaN,NaN,NaN,0,0,0,0,0.406060606061,NaN,NaN,NaN,NaN,NaN,0.6,0.266666666667,0.133333333333,30,70,0.0804597701149,1.46941919192,4.66666666667,5.38461538462,2.59259259259,4.38911925289,0.940525554191,0.404285714286,4.85892945023,2.08239833581,0.802857142857,2.18668909436,0.937152469012,0.414285714286,0.565026994952,0.384524033754,1.82424242424,NaN,NaN,NaN,0.0215087381754,0.0167910447761,3,0.000738916256158,0.323890532544,NaN,NaN,NaN,NaN,NaN,0.566666666667,0.333333333333,0.1,0,0,0.0427525252525,0,-0.448717948718,-0.0997150997151,0.0872885813695,0.0187046960077,0.0114285714286,0.158721580039,0.0680235343026,0.0114285714286,-0.196200101455,-0.0840857577663,-0.0361904761905,0.0148337164775,-0.00112546050403,0.0242424242424,NaN,NaN,NaN,0.0215087381754,0.0167910447761,3,0.000738916256158,-0.0821700735162,-0.0333333333333,0.0666666666667,-0.0333333333333,67,3,3,797,0.957142857143,0.99625,0.00375,0.0428571428571,0.957142857143,0.957142857143,0.957142857143,0.953392857143,0.953392857143,0.917808219178,14,14,0,5,4,5
73,WLNM_dir_neg_kfold,0.926020408163,0.593664388832,00:00:02,10,80,13,16358,fixed,0.5,0.5,0.0714285714286,0.125,1,1,13,27,0.0714285714286,0.964285714286,0.0357142857143,0.928571428571,0.5,0.0714285714286,0.125,0.666666666667,0.650793650794,0.0454545454545,0.0790569415042,0.0357142857143,71,57,14,0,71,0,57,0,14,30,70,0.0804597701149,1.42666666667,4.66666666667,5.83333333333,2.69230769231,4.30183067152,0.921820858183,0.392857142857,4.70020787019,2.01437480151,0.791428571429,2.38288919582,1.02123822678,0.450476190476,0.550193278474,0.385649494258,1.8,NaN,NaN,NaN,0,0,0,0,0.406060606061,NaN,NaN,NaN,NaN,NaN,0.6,0.266666666667,0.133333333333,30,58,0.0666666666667,1.46333333333,3.86666666667,4.46153846154,2.23076923077,3.60778213783,0.93304710461,0.414367816092,3.84109658672,1.98677409658,0.789655172414,2.06670374457,1.06898469547,0.454022988506,0.562312548587,0.384268256438,1.9,NaN,NaN,NaN,0,0,0,0,0.310732287655,NaN,NaN,NaN,NaN,NaN,0.566666666667,0.3,0.133333333333,-12,-0.0137931034483,0.0366666666667,-0.8,-1.37179487179,-0.461538461538,-0.694048533694,0.0112262464274,0.0215106732348,-0.85911128347,-0.0276007049308,-0.00177339901478,-0.316185451248,0.0477464686882,0.00354679802956,0.0121192701132,-0.00138123781974,0.1,NaN,NaN,NaN,0,0,0,0,-0.0953283184052,-0.0333333333333,0.0333333333333,0,57,1,13,799,0.814285714286,0.99875,0.00125,0.185714285714,0.98275862069,0.814285714286,0.890625,0.886567129726,0.813035714286,0.802816901408,2,14,0,5,4,5
74,WLNM_dir_neg_kfold,0.93112244898,0.20211038961,00:00:01,10,80,14,16359,fixed,0.5,0.916666666667,0.785714285714,0.846153846154,11,1,3,27,0.785714285714,0.964285714286,0.0357142857143,0.214285714286,0.916666666667,0.785714285714,0.846153846154,0.904761904762,0.571428571429,0.777777777778,0.782623792125,0.75,71,57,14,0,71,0,57,0,14,30,70,0.0804597701149,1.42666666667,4.66666666667,5.83333333333,2.69230769231,4.30183067152,0.921820858183,0.392857142857,4.70020787019,2.01437480151,0.791428571429,2.38288919582,1.02123822678,0.450476190476,0.550193278474,0.385649494258,1.8,NaN,NaN,NaN,0,0,0,0,0.406060606061,NaN,NaN,NaN,NaN,NaN,0.6,0.266666666667,0.133333333333,30,68,0.0781609195402,1.42727272727,4.53333333333,5.66666666667,2.51851851852,4.39226069616,0.968881035917,0.416666666667,4.77734115442,2.1076505093,0.809803921569,2.06670374457,0.911781063781,0.412745098039,0.551765992998,0.386587638406,1.81818181818,NaN,NaN,NaN,0,0,0,0,0.306060606061,NaN,NaN,NaN,NaN,NaN,0.6,0.3,0.1,-2,-0.00229885057471,0.00060606060606,-0.133333333333,-0.166666666667,-0.173789173789,0.0904300246343,0.0470601777335,0.0238095238095,0.0771332842342,0.0932757077948,0.0183753501401,-0.316185451248,-0.109457162998,-0.037731092437,0.00157271452357,0.000938144148461,0.0181818181818,NaN,NaN,NaN,0,0,0,0,-0.1,0,0.0333333333333,-0.0333333333333,67,1,3,799,0.957142857143,0.99875,0.00125,0.0428571428571,0.985294117647,0.957142857143,0.971014492754,0.968638193639,0.955892857143,0.943661971831,12,14,0,5,4,5
75,WLNM_dir_neg_kfold,0.933673469388,0.605654761905,00:00:01,10,80,15,16360,fixed,0.5,0.5,0.0714285714286,0.125,1,1,13,27,0.0714285714286,0.964285714286,0.0357142857143,0.928571428571,0.5,0.0714285714286,0.125,0.666666666667,0.650793650794,0.0454545454545,0.0790569415042,0.0357142857143,71,57,14,0,71,0,57,0,14,30,70,0.0804597701149,1.42666666667,4.66666666667,5.83333333333,2.69230769231,4.30183067152,0.921820858183,0.392857142857,4.70020787019,2.01437480151,0.791428571429,2.38288919582,1.02123822678,0.450476190476,0.550193278474,0.385649494258,1.8,NaN,NaN,NaN,0,0,0,0,0.406060606061,NaN,NaN,NaN,NaN,NaN,0.6,0.266666666667,0.133333333333,30,58,0.0666666666667,1.46333333333,3.86666666667,4.46153846154,2.23076923077,3.60778213783,0.93304710461,0.414367816092,3.84109658672,1.98677409658,0.789655172414,2.06670374457,1.06898469547,0.454022988506,0.562312548587,0.384268256438,1.9,NaN,NaN,NaN,0,0,0,0,0.310732287655,NaN,NaN,NaN,NaN,NaN,0.566666666667,0.3,0.133333333333,-12,-0.0137931034483,0.0366666666667,-0.8,-1.37179487179,-0.461538461538,-0.694048533694,0.0112262464274,0.0215106732348,-0.85911128347,-0.0276007049308,-0.00177339901478,-0.316185451248,0.0477464686882,0.00354679802956,0.0121192701132,-0.00138123781974,0.1,NaN,NaN,NaN,0,0,0,0,-0.0953283184052,-0.0333333333333,0.0333333333333,0,57,1,13,799,0.814285714286,0.99875,0.00125,0.185714285714,0.98275862069,0.814285714286,0.890625,0.886567129726,0.813035714286,0.802816901408,2,14,0,5,4,5
76,WLNM_dir_neg_kfold,0.938775510204,0.844497607656,00:00:01,10,80,16,16361,fixed,0.5,1,0.785714285714,0.88,11,0,3,28,0.785714285714,1,0,0.214285714286,1,0.785714285714,0.88,0.928571428571,0.579365079365,0.830188679245,0.842423539174,0.785714285714,71,57,14,0,71,0,57,0,14,30,70,0.0804597701149,1.42666666667,4.66666666667,5.83333333333,2.69230769231,4.30183067152,0.921820858183,0.392857142857,4.70020787019,2.01437480151,0.791428571429,2.38288919582,1.02123822678,0.450476190476,0.550193278474,0.385649494258,1.8,NaN,NaN,NaN,0,0,0,0,0.406060606061,NaN,NaN,NaN,NaN,NaN,0.6,0.266666666667,0.133333333333,30,67,0.0770114942529,1.42666666667,4.46666666667,5.58333333333,2.57692307692,4.2567053257,0.952993729635,0.410447761194,4.71741698268,2.1122762609,0.810447761194,2.09569893424,0.938372657124,0.430348258706,0.550193278474,0.385649494258,1.8,NaN,NaN,NaN,0,0,0,0,0.306060606061,NaN,NaN,NaN,NaN,NaN,0.6,0.266666666667,0.133333333333,-3,-0.00344827586207,0,-0.2,-0.25,-0.115384615385,-0.0451253458158,0.0311728714524,0.0175906183369,0.0172091124938,0.0979014593932,0.0190191897655,-0.287190261573,-0.0828655696547,-0.0201279317697,0,0,0,NaN,NaN,NaN,0,0,0,0,-0.1,0,0,0,67,0,3,800,0.957142857143,1,0,0.0428571428571,1,0.957142857143,0.978102189781,0.976507542707,0.957142857143,0.957142857143,11,14,0,5,4,5
77,WLNM_dir_neg_kfold,0.992346938776,0.9125,00:00:01,10,80,17,16362,fixed,0.5,1,0.0714285714286,0.133333333333,1,0,13,28,0.0714285714286,1,0,0.928571428571,1,0.0714285714286,0.133333333333,0.690476190476,0.65873015873,0.093023255814,0.22086305215,0.0714285714286,71,57,14,0,71,0,57,0,14,30,70,0.0804597701149,1.42666666667,4.66666666667,5.83333333333,2.69230769231,4.30183067152,0.921820858183,0.392857142857,4.70020787019,2.01437480151,0.791428571429,2.38288919582,1.02123822678,0.450476190476,0.550193278474,0.385649494258,1.8,NaN,NaN,NaN,0,0,0,0,0.406060606061,NaN,NaN,NaN,NaN,NaN,0.6,0.266666666667,0.133333333333,30,57,0.0655172413793,1.42666666667,3.8,4.75,2.19230769231,3.56612413964,0.938453720957,0.420467836257,3.8537934737,2.02831235458,0.800584795322,1.9181528471,1.00955413005,0.445029239766,0.550193278474,0.385649494258,1.8,NaN,NaN,NaN,0,0,0,0,0.287456987457,NaN,NaN,NaN,NaN,NaN,0.6,0.266666666667,0.133333333333,-13,-0.0149425287356,0,-0.866666666667,-1.08333333333,-0.5,-0.735706531883,0.0166328627744,0.0276106934002,-0.846414396489,0.0139375530692,0.00915622389307,-0.464736348719,-0.0116840967274,-0.00544695071011,0,0,0,NaN,NaN,NaN,0,0,0,0,-0.118603618604,0,0,0,57,0,13,800,0.814285714286,1,0,0.185714285714,1,0.814285714286,0.897637795276,0.895134155034,0.814285714286,0.814285714286,1,14,0,5,4,5
78,WLNM_dir_neg_kfold,0.959183673469,0.690361721612,00:00:01,10,80,18,16363,fixed,0.5,0.5,0.0714285714286,0.125,1,1,13,27,0.0714285714286,0.964285714286,0.0357142857143,0.928571428571,0.5,0.0714285714286,0.125,0.666666666667,0.650793650794,0.0454545454545,0.0790569415042,0.0357142857143,71,57,14,0,71,0,57,0,14,30,70,0.0804597701149,1.42666666667,4.66666666667,5.83333333333,2.69230769231,4.30183067152,0.921820858183,0.392857142857,4.70020787019,2.01437480151,0.791428571429,2.38288919582,1.02123822678,0.450476190476,0.550193278474,0.385649494258,1.8,NaN,NaN,NaN,0,0,0,0,0.406060606061,NaN,NaN,NaN,NaN,NaN,0.6,0.266666666667,0.133333333333,30,58,0.0666666666667,1.49333333333,3.86666666667,4.46153846154,2.23076923077,3.60778213783,0.93304710461,0.414367816092,3.84109658672,1.98677409658,0.789655172414,2.06670374457,1.06898469547,0.454022988506,0.614162358256,0.411269436332,2,NaN,NaN,NaN,0,0,0,0,0.310732287655,NaN,NaN,NaN,NaN,NaN,0.566666666667,0.3,0.133333333333,-12,-0.0137931034483,0.0666666666667,-0.8,-1.37179487179,-0.461538461538,-0.694048533694,0.0112262464274,0.0215106732348,-0.85911128347,-0.0276007049308,-0.00177339901478,-0.316185451248,0.0477464686882,0.00354679802956,0.0639690797821,0.0256199420747,0.2,NaN,NaN,NaN,0,0,0,0,-0.0953283184052,-0.0333333333333,0.0333333333333,0,57,1,13,799,0.814285714286,0.99875,0.00125,0.185714285714,0.98275862069,0.814285714286,0.890625,0.886567129726,0.813035714286,0.802816901408,2,14,0,5,4,5
79,WLNM_dir_neg_kfold,0.923469387755,0.204309416074,00:00:01,10,80,19,16364,fixed,0.5,0.846153846154,0.785714285714,0.814814814815,11,2,3,26,0.785714285714,0.928571428571,0.0714285714286,0.214285714286,0.846153846154,0.785714285714,0.814814814815,0.880952380952,0.563492063492,0.727272727273,0.728357040729,0.714285714286,71,57,14,0,71,0,57,0,14,30,70,0.0804597701149,1.42666666667,4.66666666667,5.83333333333,2.69230769231,4.30183067152,0.921820858183,0.392857142857,4.70020787019,2.01437480151,0.791428571429,2.38288919582,1.02123822678,0.450476190476,0.550193278474,0.385649494258,1.8,NaN,NaN,NaN,0,0,0,0,0.406060606061,NaN,NaN,NaN,NaN,NaN,0.6,0.266666666667,0.133333333333,30,69,0.0793103448276,1.5421104123,4.6,5.30769230769,2.46428571429,4.36759225077,0.949476576254,0.409661835749,4.80050284722,2.08717515097,0.803381642512,2.03673166177,0.885535505119,0.394685990338,0.715434145288,0.46393185571,2.82389937107,NaN,NaN,NaN,0.00711857133426,0.00571428571429,1,0.000246305418719,0.256784188034,NaN,NaN,NaN,NaN,NaN,0.566666666667,0.366666666667,0.0666666666667,-1,-0.00114942528736,0.115443745632,-0.0666666666667,-0.525641025641,-0.228021978022,0.0657615792469,0.0276557180708,0.0168046928916,0.100294977035,0.0728003494574,0.0119530710835,-0.346157534044,-0.13570272166,-0.055790200138,0.165240866814,0.0782823614525,1.02389937107,NaN,NaN,NaN,0.00711857133426,0.00571428571429,1,0.000246305418719,-0.149276418026,-0.0333333333333,0.1,-0.0666666666667,67,2,3,798,0.957142857143,0.9975,0.0025,0.0428571428571,0.971014492754,0.957142857143,0.964028776978,0.960935277881,0.954642857143,0.930555555556,13,14,0,5,4,5
80,WLNM_dir_neg_kfold,0.966836734694,0.704166666667,00:00:01,10,80,20,16365,fixed,0.5,0.916666666667,0.785714285714,0.846153846154,11,1,3,27,0.785714285714,0.964285714286,0.0357142857143,0.214285714286,0.916666666667,0.785714285714,0.846153846154,0.904761904762,0.571428571429,0.777777777778,0.782623792125,0.75,71,57,14,0,71,0,57,0,14,30,70,0.0804597701149,1.42666666667,4.66666666667,5.83333333333,2.69230769231,4.30183067152,0.921820858183,0.392857142857,4.70020787019,2.01437480151,0.791428571429,2.38288919582,1.02123822678,0.450476190476,0.550193278474,0.385649494258,1.8,NaN,NaN,NaN,0,0,0,0,0.406060606061,NaN,NaN,NaN,NaN,NaN,0.6,0.266666666667,0.133333333333,30,68,0.0781609195402,1.42875,4.53333333333,5.66666666667,2.51851851852,4.4313408365,0.977501655109,0.417156862745,4.81329576194,2.12351283615,0.812745098039,2.06670374457,0.911781063781,0.412745098039,0.552552365283,0.386738313409,1.8,NaN,NaN,NaN,0.178968253968,0.0857142857143,15,0.00369458128079,0.303472222222,NaN,NaN,NaN,NaN,NaN,0.6,0.3,0.1,-2,-0.00229885057471,0.00208333333333,-0.133333333333,-0.166666666667,-0.173789173789,0.129510164975,0.0556807969263,0.024299719888,0.113087891755,0.109138034642,0.0213165266106,-0.316185451248,-0.109457162998,-0.037731092437,0.00235908680835,0.00108881915099,0,NaN,NaN,NaN,0.178968253968,0.0857142857143,15,0.00369458128079,-0.102588383838,0,0.0333333333333,-0.0333333333333,67,1,3,799,0.957142857143,0.99875,0.00125,0.0428571428571,0.985294117647,0.957142857143,0.971014492754,0.968638193639,0.955892857143,0.943661971831,12,14,0,5,4,5
81,WLNM_dir_neg_kfold,1,0.928571428571,00:00:01,10,80,1,17346,fixed,0.5,1,0.142857142857,0.25,2,0,12,28,0.142857142857,1,0,0.857142857143,1,0.142857142857,0.25,0.714285714286,0.650793650794,0.181818181818,0.316227766017,0.142857142857,71,57,14,0,71,0,57,0,14,30,70,0.0804597701149,1.42666666667,4.66666666667,5.83333333333,2.69230769231,4.30183067152,0.921820858183,0.392857142857,4.70020787019,2.01437480151,0.791428571429,2.38288919582,1.02123822678,0.450476190476,0.550193278474,0.385649494258,1.8,NaN,NaN,NaN,0,0,0,0,0.406060606061,NaN,NaN,NaN,NaN,NaN,0.6,0.266666666667,0.133333333333,30,58,0.0666666666667,1.425,3.86666666667,4.83333333333,2.41666666667,3.46144611332,0.89520158103,0.412643678161,3.66656217197,1.89649767516,0.774712643678,2.19613034808,1.13592949038,0.506896551724,0.545949031346,0.38312212726,1.75,NaN,NaN,NaN,0,0,0,0,0.381499056499,NaN,NaN,NaN,NaN,NaN,0.6,0.2,0.2,-12,-0.0137931034483,-0.00166666666667,-0.8,-1,-0.275641025641,-0.840384558203,-0.0266192771526,0.0197865353038,-1.03364569822,-0.117877126353,-0.0167159277504,-0.186758847739,0.114691263606,0.0564203612479,-0.00424424712822,-0.00252736699728,-0.05,NaN,NaN,NaN,0,0,0,0,-0.0245615495615,0,-0.0666666666667,0.0666666666667,58,0,12,800,0.828571428571,1,0,0.171428571429,1,0.828571428571,0.90625,0.903507902905,0.828571428571,0.828571428571,2,14,0,5,5,5
82,WLNM_dir_neg_kfold,0.908163265306,0.595798319328,00:00:00,10,80,2,17347,fixed,0.5,1,0.142857142857,0.25,2,0,12,28,0.142857142857,1,0,0.857142857143,1,0.142857142857,0.25,0.714285714286,0.650793650794,0.181818181818,0.316227766017,0.142857142857,71,57,14,0,71,0,57,0,14,30,70,0.0804597701149,1.42666666667,4.66666666667,5.83333333333,2.69230769231,4.30183067152,0.921820858183,0.392857142857,4.70020787019,2.01437480151,0.791428571429,2.38288919582,1.02123822678,0.450476190476,0.550193278474,0.385649494258,1.8,NaN,NaN,NaN,0,0,0,0,0.406060606061,NaN,NaN,NaN,NaN,NaN,0.6,0.266666666667,0.133333333333,30,58,0.0666666666667,1.425,3.86666666667,4.83333333333,2.41666666667,3.46144611332,0.89520158103,0.412643678161,3.66656217197,1.89649767516,0.774712643678,2.19613034808,1.13592949038,0.506896551724,0.545949031346,0.38312212726,1.75,NaN,NaN,NaN,0,0,0,0,0.381499056499,NaN,NaN,NaN,NaN,NaN,0.6,0.2,0.2,-12,-0.0137931034483,-0.00166666666667,-0.8,-1,-0.275641025641,-0.840384558203,-0.0266192771526,0.0197865353038,-1.03364569822,-0.117877126353,-0.0167159277504,-0.186758847739,0.114691263606,0.0564203612479,-0.00424424712822,-0.00252736699728,-0.05,NaN,NaN,NaN,0,0,0,0,-0.0245615495615,0,-0.0666666666667,0.0666666666667,58,0,12,800,0.828571428571,1,0,0.171428571429,1,0.828571428571,0.90625,0.903507902905,0.828571428571,0.828571428571,2,14,0,5,5,5
83,WLNM_dir_neg_kfold,0.938775510204,0.660714285714,00:00:01,10,80,3,17348,fixed,0.5,0.666666666667,0.142857142857,0.235294117647,2,1,12,27,0.142857142857,0.964285714286,0.0357142857143,0.857142857143,0.666666666667,0.142857142857,0.235294117647,0.690476190476,0.642857142857,0.133333333333,0.196116135138,0.107142857143,71,57,14,0,71,0,57,0,14,30,70,0.0804597701149,1.42666666667,4.66666666667,5.83333333333,2.69230769231,4.30183067152,0.921820858183,0.392857142857,4.70020787019,2.01437480151,0.791428571429,2.38288919582,1.02123822678,0.450476190476,0.550193278474,0.385649494258,1.8,NaN,NaN,NaN,0,0,0,0,0.406060606061,NaN,NaN,NaN,NaN,NaN,0.6,0.266666666667,0.133333333333,30,59,0.067816091954,1.4625,3.93333333333,4.53846153846,2.45833333333,3.50303644968,0.890602487208,0.406214689266,3.65289996591,1.85740676233,0.764406779661,2.32650890352,1.18297062891,0.514689265537,0.560124293472,0.382990969896,1.875,NaN,NaN,NaN,0,0,0,0,0.370980942135,NaN,NaN,NaN,NaN,NaN,0.566666666667,0.233333333333,0.2,-11,-0.0126436781609,0.0358333333333,-0.733333333333,-1.29487179487,-0.233974358974,-0.798794221837,-0.0312183709752,0.0133575464084,-1.04730790428,-0.156968039184,-0.0270217917676,-0.0563802922961,0.16173240213,0.0642130750605,0.0099310149982,-0.00265852436196,0.075,NaN,NaN,NaN,0,0,0,0,-0.0350796639258,-0.0333333333333,-0.0333333333333,0.0666666666667,58,1,12,799,0.828571428571,0.99875,0.00125,0.171428571429,0.983050847458,0.828571428571,0.899224806202,0.895018173382,0.827321428571,0.816901408451,3,14,0,5,5,5
84,WLNM_dir_neg_kfold,1,0.928571428571,00:00:01,10,80,4,17349,fixed,0.5,1,0.142857142857,0.25,2,0,12,28,0.142857142857,1,0,0.857142857143,1,0.142857142857,0.25,0.714285714286,0.650793650794,0.181818181818,0.316227766017,0.142857142857,71,57,14,0,71,0,57,0,14,30,70,0.0804597701149,1.42666666667,4.66666666667,5.83333333333,2.69230769231,4.30183067152,0.921820858183,0.392857142857,4.70020787019,2.01437480151,0.791428571429,2.38288919582,1.02123822678,0.450476190476,0.550193278474,0.385649494258,1.8,NaN,NaN,NaN,0,0,0,0,0.406060606061,NaN,NaN,NaN,NaN,NaN,0.6,0.266666666667,0.133333333333,30,58,0.0666666666667,1.425,3.86666666667,4.83333333333,2.41666666667,3.46144611332,0.89520158103,0.412643678161,3.66656217197,1.89649767516,0.774712643678,2.19613034808,1.13592949038,0.506896551724,0.545949031346,0.38312212726,1.75,NaN,NaN,NaN,0,0,0,0,0.381499056499,NaN,NaN,NaN,NaN,NaN,0.6,0.2,0.2,-12,-0.0137931034483,-0.00166666666667,-0.8,-1,-0.275641025641,-0.840384558203,-0.0266192771526,0.0197865353038,-1.03364569822,-0.117877126353,-0.0167159277504,-0.186758847739,0.114691263606,0.0564203612479,-0.00424424712822,-0.00252736699728,-0.05,NaN,NaN,NaN,0,0,0,0,-0.0245615495615,0,-0.0666666666667,0.0666666666667,58,0,12,800,0.828571428571,1,0,0.171428571429,1,0.828571428571,0.90625,0.903507902905,0.828571428571,0.828571428571,2,14,0,5,5,5
85,WLNM_dir_neg_kfold,1,0.928571428571,00:00:00,10,80,5,17350,fixed,0.5,1,0.142857142857,0.25,2,0,12,28,0.142857142857,1,0,0.857142857143,1,0.142857142857,0.25,0.714285714286,0.650793650794,0.181818181818,0.316227766017,0.142857142857,71,57,14,0,71,0,57,0,14,30,70,0.0804597701149,1.42666666667,4.66666666667,5.83333333333,2.69230769231,4.30183067152,0.921820858183,0.392857142857,4.70020787019,2.01437480151,0.791428571429,2.38288919582,1.02123822678,0.450476190476,0.550193278474,0.385649494258,1.8,NaN,NaN,NaN,0,0,0,0,0.406060606061,NaN,NaN,NaN,NaN,NaN,0.6,0.266666666667,0.133333333333,30,58,0.0666666666667,1.425,3.86666666667,4.83333333333,2.41666666667,3.46144611332,0.89520158103,0.412643678161,3.66656217197,1.89649767516,0.774712643678,2.19613034808,1.13592949038,0.506896551724,0.545949031346,0.38312212726,1.75,NaN,NaN,NaN,0,0,0,0,0.381499056499,NaN,NaN,NaN,NaN,NaN,0.6,0.2,0.2,-12,-0.0137931034483,-0.00166666666667,-0.8,-1,-0.275641025641,-0.840384558203,-0.0266192771526,0.0197865353038,-1.03364569822,-0.117877126353,-0.0167159277504,-0.186758847739,0.114691263606,0.0564203612479,-0.00424424712822,-0.00252736699728,-0.05,NaN,NaN,NaN,0,0,0,0,-0.0245615495615,0,-0.0666666666667,0.0666666666667,58,0,12,800,0.828571428571,1,0,0.171428571429,1,0.828571428571,0.90625,0.903507902905,0.828571428571,0.828571428571,2,14,0,5,5,5
86,WLNM_dir_neg_kfold,0.969387755102,0.757142857143,00:00:01,10,80,6,17351,fixed,0.5,0.666666666667,0.142857142857,0.235294117647,2,1,12,27,0.142857142857,0.964285714286,0.0357142857143,0.857142857143,0.666666666667,0.142857142857,0.235294117647,0.690476190476,0.642857142857,0.133333333333,0.196116135138,0.107142857143,71,57,14,0,71,0,57,0,14,30,70,0.0804597701149,1.42666666667,4.66666666667,5.83333333333,2.69230769231,4.30183067152,0.921820858183,0.392857142857,4.70020787019,2.01437480151,0.791428571429,2.38288919582,1.02123822678,0.450476190476,0.550193278474,0.385649494258,1.8,NaN,NaN,NaN,0,0,0,0,0.406060606061,NaN,NaN,NaN,NaN,NaN,0.6,0.266666666667,0.133333333333,30,59,0.067816091954,1.4625,3.93333333333,4.53846153846,2.45833333333,3.50303644968,0.890602487208,0.406214689266,3.65289996591,1.85740676233,0.764406779661,2.32650890352,1.18297062891,0.514689265537,0.560124293472,0.382990969896,1.875,NaN,NaN,NaN,0,0,0,0,0.370980942135,NaN,NaN,NaN,NaN,NaN,0.566666666667,0.233333333333,0.2,-11,-0.0126436781609,0.0358333333333,-0.733333333333,-1.29487179487,-0.233974358974,-0.798794221837,-0.0312183709752,0.0133575464084,-1.04730790428,-0.156968039184,-0.0270217917676,-0.0563802922961,0.16173240213,0.0642130750605,0.0099310149982,-0.00265852436196,0.075,NaN,NaN,NaN,0,0,0,0,-0.0350796639258,-0.0333333333333,-0.0333333333333,0.0666666666667,58,1,12,799,0.828571428571,0.99875,0.00125,0.171428571429,0.983050847458,0.828571428571,0.899224806202,0.895018173382,0.827321428571,0.816901408451,3,14,0,5,5,5
87,WLNM_dir_neg_kfold,1,0.928571428571,00:00:01,10,80,7,17352,fixed,0.5,1,1,1,14,0,0,28,1,1,0,0,1,1,1,1,0.555555555556,1,1,1,71,57,14,0,71,0,57,0,14,30,70,0.0804597701149,1.42666666667,4.66666666667,5.83333333333,2.69230769231,4.30183067152,0.921820858183,0.392857142857,4.70020787019,2.01437480151,0.791428571429,2.38288919582,1.02123822678,0.450476190476,0.550193278474,0.385649494258,1.8,NaN,NaN,NaN,0,0,0,0,0.406060606061,NaN,NaN,NaN,NaN,NaN,0.6,0.266666666667,0.133333333333,30,70,0.0804597701149,1.42666666667,4.66666666667,5.83333333333,2.69230769231,4.30183067152,0.921820858183,0.392857142857,4.70020787019,2.01437480151,0.791428571429,2.38288919582,1.02123822678,0.450476190476,0.550193278474,0.385649494258,1.8,NaN,NaN,NaN,0,0,0,0,0.406060606061,NaN,NaN,NaN,NaN,NaN,0.6,0.266666666667,0.133333333333,0,0,0,0,0,0,0,0,0,0,0,0,0,0,0,0,0,0,NaN,NaN,NaN,0,0,0,0,0,0,0,0,70,0,0,800,1,1,0,0,1,1,1,1,1,1,14,14,0,5,5,5
88,WLNM_dir_neg_kfold,0.984693877551,0.9,00:00:01,10,80,8,17353,fixed,0.5,1,0.142857142857,0.25,2,0,12,28,0.142857142857,1,0,0.857142857143,1,0.142857142857,0.25,0.714285714286,0.650793650794,0.181818181818,0.316227766017,0.142857142857,71,57,14,0,71,0,57,0,14,30,70,0.0804597701149,1.42666666667,4.66666666667,5.83333333333,2.69230769231,4.30183067152,0.921820858183,0.392857142857,4.70020787019,2.01437480151,0.791428571429,2.38288919582,1.02123822678,0.450476190476,0.550193278474,0.385649494258,1.8,NaN,NaN,NaN,0,0,0,0,0.406060606061,NaN,NaN,NaN,NaN,NaN,0.6,0.266666666667,0.133333333333,30,58,0.0666666666667,1.425,3.86666666667,4.83333333333,2.41666666667,3.46144611332,0.89520158103,0.412643678161,3.66656217197,1.89649767516,0.774712643678,2.19613034808,1.13592949038,0.506896551724,0.545949031346,0.38312212726,1.75,NaN,NaN,NaN,0,0,0,0,0.381499056499,NaN,NaN,NaN,NaN,NaN,0.6,0.2,0.2,-12,-0.0137931034483,-0.00166666666667,-0.8,-1,-0.275641025641,-0.840384558203,-0.0266192771526,0.0197865353038,-1.03364569822,-0.117877126353,-0.0167159277504,-0.186758847739,0.114691263606,0.0564203612479,-0.00424424712822,-0.00252736699728,-0.05,NaN,NaN,NaN,0,0,0,0,-0.0245615495615,0,-0.0666666666667,0.0666666666667,58,0,12,800,0.828571428571,1,0,0.171428571429,1,0.828571428571,0.90625,0.903507902905,0.828571428571,0.828571428571,2,14,0,5,5,5
89,WLNM_dir_neg_kfold,1,0.928571428571,00:00:01,10,80,9,17354,fixed,0.5,1,0.142857142857,0.25,2,0,12,28,0.142857142857,1,0,0.857142857143,1,0.142857142857,0.25,0.714285714286,0.650793650794,0.181818181818,0.316227766017,0.142857142857,71,57,14,0,71,0,57,0,14,30,70,0.0804597701149,1.42666666667,4.66666666667,5.83333333333,2.69230769231,4.30183067152,0.921820858183,0.392857142857,4.70020787019,2.01437480151,0.791428571429,2.38288919582,1.02123822678,0.450476190476,0.550193278474,0.385649494258,1.8,NaN,NaN,NaN,0,0,0,0,0.406060606061,NaN,NaN,NaN,NaN,NaN,0.6,0.266666666667,0.133333333333,30,58,0.0666666666667,1.425,3.86666666667,4.83333333333,2.41666666667,3.46144611332,0.89520158103,0.412643678161,3.66656217197,1.89649767516,0.774712643678,2.19613034808,1.13592949038,0.506896551724,0.545949031346,0.38312212726,1.75,NaN,NaN,NaN,0,0,0,0,0.381499056499,NaN,NaN,NaN,NaN,NaN,0.6,0.2,0.2,-12,-0.0137931034483,-0.00166666666667,-0.8,-1,-0.275641025641,-0.840384558203,-0.0266192771526,0.0197865353038,-1.03364569822,-0.117877126353,-0.0167159277504,-0.186758847739,0.114691263606,0.0564203612479,-0.00424424712822,-0.00252736699728,-0.05,NaN,NaN,NaN,0,0,0,0,-0.0245615495615,0,-0.0666666666667,0.0666666666667,58,0,12,800,0.828571428571,1,0,0.171428571429,1,0.828571428571,0.90625,0.903507902905,0.828571428571,0.828571428571,2,14,0,5,5,5
90,WLNM_dir_neg_kfold,0.938775510204,0.660714285714,00:00:01,10,80,10,17355,fixed,0.5,0.5,0.142857142857,0.222222222222,2,2,12,26,0.142857142857,0.928571428571,0.0714285714286,0.857142857143,0.5,0.142857142857,0.222222222222,0.666666666667,0.634920634921,0.0869565217391,0.114707866935,0.0714285714286,71,57,14,0,71,0,57,0,14,30,70,0.0804597701149,1.42666666667,4.66666666667,5.83333333333,2.69230769231,4.30183067152,0.921820858183,0.392857142857,4.70020787019,2.01437480151,0.791428571429,2.38288919582,1.02123822678,0.450476190476,0.550193278474,0.385649494258,1.8,NaN,NaN,NaN,0,0,0,0,0.406060606061,NaN,NaN,NaN,NaN,NaN,0.6,0.266666666667,0.133333333333,30,60,0.0689655172414,1.5095959596,4,4.28571428571,2.5,3.59117692743,0.897794231859,0.420555555556,3.63887060918,1.81943530459,0.753333333333,2.46352704821,1.2317635241,0.522222222222,0.571472301784,0.378559771673,1.77272727273,NaN,NaN,NaN,0.0472727272727,0.0490463215259,6,0.00147783251232,0.370264716968,NaN,NaN,NaN,NaN,NaN,0.533333333333,0.266666666667,0.2,-10,-0.0114942528736,0.0829292929293,-0.666666666667,-1.54761904762,-0.192307692308,-0.710653744086,-0.0240266263244,0.0276984126984,-1.06133726101,-0.19493949692,-0.0380952380952,0.080637852389,0.210525297324,0.071746031746,0.0212790233095,-0.00708972258421,-0.0272727272727,NaN,NaN,NaN,0.0472727272727,0.0490463215259,6,0.00147783251232,-0.0357958890926,-0.0666666666667,0,0.0666666666667,58,2,12,798,0.828571428571,0.9975,0.0025,0.171428571429,0.966666666667,0.828571428571,0.892307692308,0.886734243755,0.826071428571,0.805555555556,4,14,0,5,5,5
91,WLNM_dir_neg_kfold,0.984693877551,0.9,00:00:01,10,80,11,17356,fixed,0.5,0.875,1,0.933333333333,14,2,0,26,1,0.928571428571,0.0714285714286,0,0.875,1,0.933333333333,0.952380952381,0.539682539683,0.896551724138,0.901387818866,0.928571428571,71,57,14,0,71,0,57,0,14,30,70,0.0804597701149,1.42666666667,4.66666666667,5.83333333333,2.69230769231,4.30183067152,0.921820858183,0.392857142857,4.70020787019,2.01437480151,0.791428571429,2.38288919582,1.02123822678,0.450476190476,0.550193278474,0.385649494258,1.8,NaN,NaN,NaN,0,0,0,0,0.406060606061,NaN,NaN,NaN,NaN,NaN,0.6,0.266666666667,0.133333333333,30,72,0.0827586206897,1.465625,4.8,5.53846153846,2.66666666667,4.38964298289,0.914508954769,0.38287037037,4.78215072088,1.99256280037,0.785185185185,2.47191116903,1.0299629871,0.440740740741,0.565029632844,0.385521284669,1.90625,NaN,NaN,NaN,0,0,0,0,0.388621794872,NaN,NaN,NaN,NaN,NaN,0.566666666667,0.333333333333,0.1,2,0.00229885057471,0.0389583333333,0.133333333333,-0.294871794872,-0.025641025641,0.0878123113699,-0.00731190341413,-0.00998677248677,0.0819428506938,-0.0218120011418,-0.00624338624339,0.0890219732155,0.00872476031815,-0.00973544973545,0.0148363543694,-0.000128209588188,0.10625,NaN,NaN,NaN,0,0,0,0,-0.0174388111888,-0.0333333333333,0.0666666666667,-0.0333333333333,70,2,0,798,1,0.9975,0.0025,0,0.972222222222,1,0.985915492958,0.984780009274,0.9975,0.972222222222,16,14,0,5,5,5
92,WLNM_dir_neg_kfold,0.997448979592,0.137925170068,00:00:01,10,80,12,17357,fixed,0.5,0.933333333333,1,0.965517241379,14,1,0,27,1,0.964285714286,0.0357142857143,0,0.933333333333,1,0.965517241379,0.97619047619,0.547619047619,0.947368421053,0.948683298051,0.964285714286,71,57,14,0,71,0,57,0,14,30,70,0.0804597701149,1.42666666667,4.66666666667,5.83333333333,2.69230769231,4.30183067152,0.921820858183,0.392857142857,4.70020787019,2.01437480151,0.791428571429,2.38288919582,1.02123822678,0.450476190476,0.550193278474,0.385649494258,1.8,NaN,NaN,NaN,0,0,0,0,0.406060606061,NaN,NaN,NaN,NaN,NaN,0.6,0.266666666667,0.133333333333,30,71,0.0816091954023,1.46688888889,4.73333333333,5.46153846154,2.73076923077,4.33854681959,0.916594398504,0.396713615023,4.68661581699,1.98026020436,0.782629107981,2.49804521277,1.05551206174,0.457746478873,0.561335253589,0.382670601598,1.80666666667,NaN,NaN,NaN,0.0223817848818,0.0167286245353,3,0.000738916256158,0.391025641026,NaN,NaN,NaN,NaN,NaN,0.566666666667,0.3,0.133333333333,1,0.00114942528736,0.0402222222222,0.0666666666667,-0.371794871795,0.0384615384615,0.0367161480661,-0.00522645967876,0.00385647216633,-0.0135920531959,-0.0341145971463,-0.00879946344735,0.115156016956,0.0342738349564,0.00727028839705,0.0111419751151,-0.00297889265912,0.00666666666667,NaN,NaN,NaN,0.0223817848818,0.0167286245353,3,0.000738916256158,-0.015034965035,-0.0333333333333,0.0333333333333,0,70,1,0,799,1,0.99875,0.00125,0,0.985915492958,1,0.992907801418,0.992311996598,0.99875,0.985915492958,15,14,0,5,5,5
93,WLNM_dir_neg_kfold,1,0.928571428571,00:00:00,10,80,13,17358,fixed,0.5,1,0.142857142857,0.25,2,0,12,28,0.142857142857,1,0,0.857142857143,1,0.142857142857,0.25,0.714285714286,0.650793650794,0.181818181818,0.316227766017,0.142857142857,71,57,14,0,71,0,57,0,14,30,70,0.0804597701149,1.42666666667,4.66666666667,5.83333333333,2.69230769231,4.30183067152,0.921820858183,0.392857142857,4.70020787019,2.01437480151,0.791428571429,2.38288919582,1.02123822678,0.450476190476,0.550193278474,0.385649494258,1.8,NaN,NaN,NaN,0,0,0,0,0.406060606061,NaN,NaN,NaN,NaN,NaN,0.6,0.266666666667,0.133333333333,30,58,0.0666666666667,1.425,3.86666666667,4.83333333333,2.41666666667,3.46144611332,0.89520158103,0.412643678161,3.66656217197,1.89649767516,0.774712643678,2.19613034808,1.13592949038,0.506896551724,0.545949031346,0.38312212726,1.75,NaN,NaN,NaN,0,0,0,0,0.381499056499,NaN,NaN,NaN,NaN,NaN,0.6,0.2,0.2,-12,-0.0137931034483,-0.00166666666667,-0.8,-1,-0.275641025641,-0.840384558203,-0.0266192771526,0.0197865353038,-1.03364569822,-0.117877126353,-0.0167159277504,-0.186758847739,0.114691263606,0.0564203612479,-0.00424424712822,-0.00252736699728,-0.05,NaN,NaN,NaN,0,0,0,0,-0.0245615495615,0,-0.0666666666667,0.0666666666667,58,0,12,800,0.828571428571,1,0,0.171428571429,1,0.828571428571,0.90625,0.903507902905,0.828571428571,0.828571428571,2,14,0,5,5,5
94,WLNM_dir_neg_kfold,1,0.928571428571,00:00:01,10,80,14,17359,fixed,0.5,1,1,1,14,0,0,28,1,1,0,0,1,1,1,1,0.555555555556,1,1,1,71,57,14,0,71,0,57,0,14,30,70,0.0804597701149,1.42666666667,4.66666666667,5.83333333333,2.69230769231,4.30183067152,0.921820858183,0.392857142857,4.70020787019,2.01437480151,0.791428571429,2.38288919582,1.02123822678,0.450476190476,0.550193278474,0.385649494258,1.8,NaN,NaN,NaN,0,0,0,0,0.406060606061,NaN,NaN,NaN,NaN,NaN,0.6,0.266666666667,0.133333333333,30,70,0.0804597701149,1.42666666667,4.66666666667,5.83333333333,2.69230769231,4.30183067152,0.921820858183,0.392857142857,4.70020787019,2.01437480151,0.791428571429,2.38288919582,1.02123822678,0.450476190476,0.550193278474,0.385649494258,1.8,NaN,NaN,NaN,0,0,0,0,0.406060606061,NaN,NaN,NaN,NaN,NaN,0.6,0.266666666667,0.133333333333,0,0,0,0,0,0,0,0,0,0,0,0,0,0,0,0,0,0,NaN,NaN,NaN,0,0,0,0,0,0,0,0,70,0,0,800,1,1,0,0,1,1,1,1,1,1,14,14,0,5,5,5
95,WLNM_dir_neg_kfold,0.979591836735,0.132626896913,00:00:01,10,80,15,17360,fixed,0.5,0.933333333333,1,0.965517241379,14,1,0,27,1,0.964285714286,0.0357142857143,0,0.933333333333,1,0.965517241379,0.97619047619,0.547619047619,0.947368421053,0.948683298051,0.964285714286,71,57,14,0,71,0,57,0,14,30,70,0.0804597701149,1.42666666667,4.66666666667,5.83333333333,2.69230769231,4.30183067152,0.921820858183,0.392857142857,4.70020787019,2.01437480151,0.791428571429,2.38288919582,1.02123822678,0.450476190476,0.550193278474,0.385649494258,1.8,NaN,NaN,NaN,0,0,0,0,0.406060606061,NaN,NaN,NaN,NaN,NaN,0.6,0.266666666667,0.133333333333,30,71,0.0816091954023,1.42727272727,4.73333333333,5.91666666667,2.62962962963,4.43289687593,0.936527509,0.399061032864,4.75962424867,2.01110883747,0.791079812207,2.35596577069,0.995478494656,0.433333333333,0.551765992998,0.386587638406,1.81818181818,NaN,NaN,NaN,0,0,0,0,0.406060606061,NaN,NaN,NaN,NaN,NaN,0.6,0.3,0.1,1,0.00114942528736,0.00060606060606,0.0666666666667,0.0833333333333,-0.0626780626781,0.131066204411,0.0147066508166,0.00620389000671,0.0594163784785,-0.00326596404443,-0.000348759221999,-0.0269234251308,-0.0257597321226,-0.0171428571429,0.00157271452357,0.000938144148461,0.0181818181818,NaN,NaN,NaN,0,0,0,0,0,0,0.0333333333333,-0.0333333333333,70,1,0,799,1,0.99875,0.00125,0,0.985915492958,1,0.992907801418,0.992311996598,0.99875,0.985915492958,15,14,0,5,5,5
96,WLNM_dir_neg_kfold,1,0.142857142857,00:00:01,10,80,16,17361,fixed,0.5,1,0.928571428571,0.962962962963,13,0,1,28,0.928571428571,1,0,0.0714285714286,1,0.928571428571,0.962962962963,0.97619047619,0.563492063492,0.945454545455,0.946864152948,0.928571428571,71,57,14,0,71,0,57,0,14,30,70,0.0804597701149,1.42666666667,4.66666666667,5.83333333333,2.69230769231,4.30183067152,0.921820858183,0.392857142857,4.70020787019,2.01437480151,0.791428571429,2.38288919582,1.02123822678,0.450476190476,0.550193278474,0.385649494258,1.8,NaN,NaN,NaN,0,0,0,0,0.406060606061,NaN,NaN,NaN,NaN,NaN,0.6,0.266666666667,0.133333333333,30,69,0.0793103448276,1.42666666667,4.6,5.75,2.65384615385,4.27986464498,0.930405357603,0.399033816425,4.7061954764,2.04617194626,0.798550724638,2.27656728886,0.98981186472,0.443961352657,0.550193278474,0.385649494258,1.8,NaN,NaN,NaN,0,0,0,0,0.357575757576,NaN,NaN,NaN,NaN,NaN,0.6,0.266666666667,0.133333333333,-1,-0.00114942528736,0,-0.0666666666667,-0.0833333333333,-0.0384615384615,-0.0219660265454,0.00858449942033,0.00617667356798,0.0059876062088,0.0317971447503,0.00712215320911,-0.106321906961,-0.0314263620586,-0.00651483781919,0,0,0,NaN,NaN,NaN,0,0,0,0,-0.0484848484848,0,0,0,69,0,1,800,0.985714285714,1,0,0.0142857142857,1,0.985714285714,0.992805755396,0.99221151027,0.985714285714,0.985714285714,13,14,0,5,5,5
97,WLNM_dir_neg_kfold,0.877551020408,0.547619047619,00:00:01,10,80,17,17362,fixed,0.5,1,0.142857142857,0.25,2,0,12,28,0.142857142857,1,0,0.857142857143,1,0.142857142857,0.25,0.714285714286,0.650793650794,0.181818181818,0.316227766017,0.142857142857,71,57,14,0,71,0,57,0,14,30,70,0.0804597701149,1.42666666667,4.66666666667,5.83333333333,2.69230769231,4.30183067152,0.921820858183,0.392857142857,4.70020787019,2.01437480151,0.791428571429,2.38288919582,1.02123822678,0.450476190476,0.550193278474,0.385649494258,1.8,NaN,NaN,NaN,0,0,0,0,0.406060606061,NaN,NaN,NaN,NaN,NaN,0.6,0.266666666667,0.133333333333,30,58,0.0666666666667,1.425,3.86666666667,4.83333333333,2.41666666667,3.46144611332,0.89520158103,0.412643678161,3.66656217197,1.89649767516,0.774712643678,2.19613034808,1.13592949038,0.506896551724,0.545949031346,0.38312212726,1.75,NaN,NaN,NaN,0,0,0,0,0.381499056499,NaN,NaN,NaN,NaN,NaN,0.6,0.2,0.2,-12,-0.0137931034483,-0.00166666666667,-0.8,-1,-0.275641025641,-0.840384558203,-0.0266192771526,0.0197865353038,-1.03364569822,-0.117877126353,-0.0167159277504,-0.186758847739,0.114691263606,0.0564203612479,-0.00424424712822,-0.00252736699728,-0.05,NaN,NaN,NaN,0,0,0,0,-0.0245615495615,0,-0.0666666666667,0.0666666666667,58,0,12,800,0.828571428571,1,0,0.171428571429,1,0.828571428571,0.90625,0.903507902905,0.828571428571,0.828571428571,2,14,0,5,5,5
98,WLNM_dir_neg_kfold,0.969387755102,0.757142857143,00:00:01,10,80,18,17363,fixed,0.5,0.933333333333,1,0.965517241379,14,1,0,27,1,0.964285714286,0.0357142857143,0,0.933333333333,1,0.965517241379,0.97619047619,0.547619047619,0.947368421053,0.948683298051,0.964285714286,71,57,14,0,71,0,57,0,14,30,70,0.0804597701149,1.42666666667,4.66666666667,5.83333333333,2.69230769231,4.30183067152,0.921820858183,0.392857142857,4.70020787019,2.01437480151,0.791428571429,2.38288919582,1.02123822678,0.450476190476,0.550193278474,0.385649494258,1.8,NaN,NaN,NaN,0,0,0,0,0.406060606061,NaN,NaN,NaN,NaN,NaN,0.6,0.266666666667,0.133333333333,30,71,0.0816091954023,1.42895833333,4.73333333333,5.91666666667,2.62962962963,4.4793267146,0.946336629844,0.400469483568,4.79571168595,2.0263570504,0.793896713615,2.35596577069,0.995478494656,0.433333333333,0.553088125435,0.387056859905,1.80625,NaN,NaN,NaN,0.177425842132,0.0809352517986,15,0.00369458128079,0.403282828283,NaN,NaN,NaN,NaN,NaN,0.6,0.3,0.1,1,0.00114942528736,0.00229166666667,0.0666666666667,0.0833333333333,-0.0626780626781,0.177496043075,0.0245157716612,0.00761234071093,0.0955038157561,0.0119822488898,0.00246814218645,-0.0269234251308,-0.0257597321226,-0.0171428571429,0.00289484696076,0.0014073656473,0.00625,NaN,NaN,NaN,0.177425842132,0.0809352517986,15,0.00369458128079,-0.00277777777778,0,0.0333333333333,-0.0333333333333,70,1,0,799,1,0.99875,0.00125,0,0.985915492958,1,0.992907801418,0.992311996598,0.99875,0.985915492958,15,14,0,5,5,5
99,WLNM_dir_neg_kfold,1,0.928571428571,00:00:01,10,80,19,17364,fixed,0.5,1,1,1,14,0,0,28,1,1,0,0,1,1,1,1,0.555555555556,1,1,1,71,57,14,0,71,0,57,0,14,30,70,0.0804597701149,1.42666666667,4.66666666667,5.83333333333,2.69230769231,4.30183067152,0.921820858183,0.392857142857,4.70020787019,2.01437480151,0.791428571429,2.38288919582,1.02123822678,0.450476190476,0.550193278474,0.385649494258,1.8,NaN,NaN,NaN,0,0,0,0,0.406060606061,NaN,NaN,NaN,NaN,NaN,0.6,0.266666666667,0.133333333333,30,70,0.0804597701149,1.42666666667,4.66666666667,5.83333333333,2.69230769231,4.30183067152,0.921820858183,0.392857142857,4.70020787019,2.01437480151,0.791428571429,2.38288919582,1.02123822678,0.450476190476,0.550193278474,0.385649494258,1.8,NaN,NaN,NaN,0,0,0,0,0.406060606061,NaN,NaN,NaN,NaN,NaN,0.6,0.266666666667,0.133333333333,0,0,0,0,0,0,0,0,0,0,0,0,0,0,0,0,0,0,NaN,NaN,NaN,0,0,0,0,0,0,0,0,70,0,0,800,1,1,0,0,1,1,1,1,1,1,14,14,0,5,5,5
100,WLNM_dir_neg_kfold,0.933673469388,0.619047619048,00:00:01,10,80,20,17365,fixed,0.5,0.5,0.142857142857,0.222222222222,2,2,12,26,0.142857142857,0.928571428571,0.0714285714286,0.857142857143,0.5,0.142857142857,0.222222222222,0.666666666667,0.634920634921,0.0869565217391,0.114707866935,0.0714285714286,71,57,14,0,71,0,57,0,14,30,70,0.0804597701149,1.42666666667,4.66666666667,5.83333333333,2.69230769231,4.30183067152,0.921820858183,0.392857142857,4.70020787019,2.01437480151,0.791428571429,2.38288919582,1.02123822678,0.450476190476,0.550193278474,0.385649494258,1.8,NaN,NaN,NaN,0,0,0,0,0.406060606061,NaN,NaN,NaN,NaN,NaN,0.6,0.266666666667,0.133333333333,30,60,0.0689655172414,1.52916666667,4,4.28571428571,2.5,3.5525609995,0.888140249875,0.399444444444,3.63887060918,1.81943530459,0.753333333333,2.46352704821,1.2317635241,0.522222222222,0.619095674369,0.404858206672,2,NaN,NaN,NaN,0,0,0,0,0.370264716968,NaN,NaN,NaN,NaN,NaN,0.533333333333,0.266666666667,0.2,-10,-0.0114942528736,0.1025,-0.666666666667,-1.54761904762,-0.192307692308,-0.74926967202,-0.0336806083079,0.0065873015873,-1.06133726101,-0.19493949692,-0.0380952380952,0.080637852389,0.210525297324,0.071746031746,0.0689023958953,0.0192087124145,0.2,NaN,NaN,NaN,0,0,0,0,-0.0357958890926,-0.0666666666667,0,0.0666666666667,58,2,12,798,0.828571428571,0.9975,0.0025,0.171428571429,0.966666666667,0.828571428571,0.892307692308,0.886734243755,0.826071428571,0.805555555556,4,14,0,5,5,5
